location_name,abbreviation,horizon,target,target_data_type,forecast_date,target_end_date,model,quantile_0.025,quantile_0.10,quantile_0.25,quantile_0.5,quantile_0.75,quantile_0.90,quantile_0.975,quantile_0.025_rounded,quantile_0.10_rounded,quantile_0.25_rounded,quantile_0.5_rounded,quantile_0.75_rounded,quantile_0.90_rounded,quantile_0.975_rounded,designated_model,ensemble_of_hub_models,forecast_team,forecast_due_date,model_full_name
United States,US,0,wk inc rsv hosp,hosp,2026-09-26,2026-09-26,CEPH-Rtrend_rsv,190,259,326,421,527,644,775,190,260,330,420,530,640,780,TRUE,FALSE,CEPH Lab at Indiana University,2026-09-23,Rtrend RSV
United States,US,1,wk inc rsv hosp,hosp,2026-09-26,2026-10-03,CEPH-Rtrend_rsv,170,233,315,442,593,762,983,170,230,320,440,590,760,980,TRUE,FALSE,CEPH Lab at Indiana University,2026-09-23,Rtrend RSV
United States,US,2,wk inc rsv hosp,hosp,2026-09-26,2026-10-10,CEPH-Rtrend_rsv,139,212,307,457,660,911,1257,140,210,310,460,660,910,1300,TRUE,FALSE,CEPH Lab at Indiana University,2026-09-23,Rtrend RSV
United States,US,0,wk inc rsv prop ed visits,prop_ed,2026-09-26,2026-09-26,CFA-PyRenew_E,2.971163064366689e-4,3.1920696254116965e-4,3.3925196911880164e-4,3.6515234817082994e-4,3.925664053341195e-4,4.177472338331362e-4,4.504694909752044e-4,3e-4,3.2e-4,3.4e-4,3.7e-4,3.9e-4,4.2e-4,4.5e-4,TRUE,FALSE,Center for Forecasting and Outbreak Analytics (CDC/CFA),2026-09-23,PyRenew-E
United States,US,1,wk inc rsv prop ed visits,prop_ed,2026-09-26,2026-10-03,CFA-PyRenew_E,2.755895419882855e-4,3.115371015817905e-4,3.469422105444595e-4,3.903310750397495e-4,4.38922337549504e-4,4.901205571298246e-4,5.525543763966139e-4,2.8e-4,3.1e-4,3.5e-4,3.9e-4,4.4e-4,4.9e-4,5.5e-4,TRUE,FALSE,Center for Forecasting and Outbreak Analytics (CDC/CFA),2026-09-23,PyRenew-E
United States,US,2,wk inc rsv prop ed visits,prop_ed,2026-09-26,2026-10-10,CFA-PyRenew_E,2.4711681309146164e-4,2.981490362688448e-4,3.511413974370818e-4,4.180630177030427e-4,5.024466306388453e-4,5.847239096945787e-4,7.053891221320695e-4,2.5e-4,3e-4,3.5e-4,4.2e-4,5e-4,5.8e-4,7.1e-4,TRUE,FALSE,Center for Forecasting and Outbreak Analytics (CDC/CFA),2026-09-23,PyRenew-E
United States,US,0,wk inc rsv prop ed visits,prop_ed,2026-09-26,2026-09-26,CFA-NowcastAutoGP,2.8913223281449587e-4,3.2315202853909025e-4,3.5546853704550237e-4,3.9456500852115366e-4,4.377435903572673e-4,0.00048093109203252503,5.30099118260341e-4,2.9e-4,3.2e-4,3.6e-4,3.9e-4,4.4e-4,4.8e-4,5.3e-4,TRUE,FALSE,Center for Forecasting and Outbreak Analytics (CDC/CFA),2026-09-23,NowcastAutoGP
United States,US,1,wk inc rsv prop ed visits,prop_ed,2026-09-26,2026-10-03,CFA-NowcastAutoGP,2.9042072922854403e-4,3.32242294080859e-4,3.789982504210196e-4,4.387034201287512e-4,5.077506097443915e-4,5.840068809070285e-4,6.702722900175822e-4,2.9e-4,3.3e-4,3.8e-4,4.4e-4,5.1e-4,5.8e-4,6.7e-4,TRUE,FALSE,Center for Forecasting and Outbreak Analytics (CDC/CFA),2026-09-23,NowcastAutoGP
United States,US,2,wk inc rsv prop ed visits,prop_ed,2026-09-26,2026-10-10,CFA-NowcastAutoGP,2.8587523904239465e-4,3.476919783739969e-4,4.1170136527949e-4,4.935482177787127e-4,5.943438372224871e-4,7.093281268653661e-4,8.478519013014769e-4,2.9e-4,3.5e-4,4.1e-4,4.9e-4,5.9e-4,7.1e-4,8.5e-4,TRUE,FALSE,Center for Forecasting and Outbreak Analytics (CDC/CFA),2026-09-23,NowcastAutoGP
United States,US,0,wk inc rsv hosp,hosp,2026-09-26,2026-09-26,CFA-PyRenew_H,315,346.90000000000003,379,417,459,504.10000000000014,562,320,350,380,420,460,500,560,FALSE,FALSE,Center for Forecasting and Outbreak Analytics (CDC/CFA),2026-09-23,PyRenew-H
United States,US,1,wk inc rsv hosp,hosp,2026-09-26,2026-10-03,CFA-PyRenew_H,291.97499999999997,342,393,468,552,660,824,290,340,390,470,550,660,820,FALSE,FALSE,Center for Forecasting and Outbreak Analytics (CDC/CFA),2026-09-23,PyRenew-H
United States,US,2,wk inc rsv hosp,hosp,2026-09-26,2026-10-10,CFA-PyRenew_H,248.975,327.9,410,523.5,690,881,1282.0249999999999,250,330,410,520,690,880,1300,FALSE,FALSE,Center for Forecasting and Outbreak Analytics (CDC/CFA),2026-09-23,PyRenew-H
United States,US,0,wk inc rsv hosp,hosp,2026-09-26,2026-09-26,CFA-PyRenew_HE,343.975,382.9,416,459,507.25,565,632,340,380,420,460,510,570,630,TRUE,FALSE,Center for Forecasting and Outbreak Analytics (CDC/CFA),2026-09-23,PyRenew-HE
United States,US,1,wk inc rsv hosp,hosp,2026-09-26,2026-10-03,CFA-PyRenew_HE,335.975,384,431,491,565,637,752.0249999999999,340,380,430,490,570,640,750,TRUE,FALSE,Center for Forecasting and Outbreak Analytics (CDC/CFA),2026-09-23,PyRenew-HE
United States,US,2,wk inc rsv hosp,hosp,2026-09-26,2026-10-10,CFA-PyRenew_HE,306,370.9,438.75,528,631.25,760,982.025,310,370,440,530,630,760,980,TRUE,FALSE,Center for Forecasting and Outbreak Analytics (CDC/CFA),2026-09-23,PyRenew-HE
United States,US,0,wk inc rsv prop ed visits,prop_ed,2026-09-26,2026-09-26,CFA-PyRenew_HE,2.926438003330099e-4,3.1430575835156283e-4,3.3355398775118184e-4,3.573821975225457e-4,3.815268477917462e-4,4.0705364823167943e-4,4.3830763821991423e-4,2.9e-4,3.1e-4,3.3e-4,3.6e-4,3.8e-4,4.1e-4,4.4e-4,FALSE,FALSE,Center for Forecasting and Outbreak Analytics (CDC/CFA),2026-09-23,PyRenew-HE
United States,US,1,wk inc rsv prop ed visits,prop_ed,2026-09-26,2026-10-03,CFA-PyRenew_HE,2.6861807974792667e-4,3.075899158037693e-4,3.4137106991100866e-4,3.803928942678875e-4,4.254749382959642e-4,4.7909364487797696e-4,5.42304690328099e-4,2.7e-4,3.1e-4,3.4e-4,3.8e-4,4.3e-4,4.8e-4,5.4e-4,FALSE,FALSE,Center for Forecasting and Outbreak Analytics (CDC/CFA),2026-09-23,PyRenew-HE
United States,US,2,wk inc rsv prop ed visits,prop_ed,2026-09-26,2026-10-10,CFA-PyRenew_HE,2.419951689902615e-4,2.986714403562856e-4,3.4684671970042625e-4,4.0764299524310424e-4,4.832491507897253e-4,5.706121213595824e-4,6.969709840753818e-4,2.4e-4,3e-4,3.5e-4,4.1e-4,4.8e-4,5.7e-4,7e-4,FALSE,FALSE,Center for Forecasting and Outbreak Analytics (CDC/CFA),2026-09-23,PyRenew-HE
United States,US,0,wk inc rsv hosp,hosp,2026-09-26,2026-09-26,NAU-epymorph,388,425,461,499,544,596,672,390,430,460,500,540,600,670,TRUE,FALSE,Northern Arizona University,2026-09-23,epymorph RSV compartmental model
United States,US,1,wk inc rsv hosp,hosp,2026-09-26,2026-10-03,NAU-epymorph,455,509,565,649,744,887,1194,460,510,570,650,740,890,1200,TRUE,FALSE,Northern Arizona University,2026-09-23,epymorph RSV compartmental model
United States,US,2,wk inc rsv hosp,hosp,2026-09-26,2026-10-10,NAU-epymorph,553,639,746,916,1152,1528,2138,550,640,750,920,1200,1500,2100,TRUE,FALSE,Northern Arizona University,2026-09-23,epymorph RSV compartmental model
United States,US,0,wk inc rsv hosp,hosp,2026-09-26,2026-09-26,RSVHub-baseline,0,0,319.75,386,452.25,915.5000000000009,1761.2749999999944,0,0,320,390,450,920,1800,FALSE,FALSE,RSVHub-hub-models,2026-09-23,RSVHub baseline model
United States,US,1,wk inc rsv hosp,hosp,2026-09-26,2026-10-03,RSVHub-baseline,0,0,153.07433824338247,386,678.6112886128857,1305.935926359268,2336.856102061023,0,0,150,390,680,1300,2300,FALSE,FALSE,RSVHub-hub-models,2026-09-23,RSVHub baseline model
United States,US,2,wk inc rsv hosp,hosp,2026-09-26,2026-10-10,RSVHub-baseline,0,0,17.681959319593272,386,854.5311353113536,1584.4650806508066,2864.966127411268,0,0,20,390,850,1600,2900,FALSE,FALSE,RSVHub-hub-models,2026-09-23,RSVHub baseline model
United States,US,0,wk inc rsv prop ed visits,prop_ed,2026-09-26,2026-09-26,RSVHub-baseline,0,0,1.000000000000001e-4,3e-4,4.999999999999998e-4,8.999999999999998e-4,0.0017674999999999941,0,0,1e-4,3e-4,5e-4,9e-4,0.0018,FALSE,FALSE,RSVHub-hub-models,2026-09-23,RSVHub baseline model
United States,US,1,wk inc rsv prop ed visits,prop_ed,2026-09-26,2026-10-03,RSVHub-baseline,0,0,0,3e-4,7e-4,0.0013,0.0021000000000000003,0,0,0,3e-4,7e-4,0.0013,0.0021,FALSE,FALSE,RSVHub-hub-models,2026-09-23,RSVHub baseline model
United States,US,2,wk inc rsv prop ed visits,prop_ed,2026-09-26,2026-10-10,RSVHub-baseline,0,0,0,3e-4,8.999999999999995e-4,0.0015999999999999992,0.002497321248212479,0,0,0,3e-4,9e-4,0.0016,0.0025,FALSE,FALSE,RSVHub-hub-models,2026-09-23,RSVHub baseline model
United States,US,0,wk inc rsv hosp,hosp,2026-09-26,2026-09-26,RSVHub-ensemble,343.975,382.9,416,459,527,596,672,340,380,420,460,530,600,670,FALSE,TRUE,RSVHub,2026-09-23,Ensemble using RSVHub forecast submissions
United States,US,1,wk inc rsv hosp,hosp,2026-09-26,2026-10-03,RSVHub-ensemble,335.975,384,431,491,593,762,983,340,380,430,490,590,760,980,FALSE,TRUE,RSVHub,2026-09-23,Ensemble using RSVHub forecast submissions
United States,US,2,wk inc rsv hosp,hosp,2026-09-26,2026-10-10,RSVHub-ensemble,306,370.9,438.75,528,660,911,1257,310,370,440,530,660,910,1300,FALSE,TRUE,RSVHub,2026-09-23,Ensemble using RSVHub forecast submissions
United States,US,0,wk inc rsv prop ed visits,prop_ed,2026-09-26,2026-09-26,RSVHub-ensemble,2.9312426962558235e-4,3.2117949554013e-4,3.4736025308215203e-4,3.798586783459918e-4,4.151549978456934e-4,4.4933916293283063e-4,4.902843046177727e-4,2.9e-4,3.2e-4,3.5e-4,3.8e-4,4.2e-4,4.5e-4,4.9e-4,FALSE,TRUE,RSVHub,2026-09-23,Ensemble using RSVHub forecast submissions
United States,US,1,wk inc rsv prop ed visits,prop_ed,2026-09-26,2026-10-03,RSVHub-ensemble,2.8300513560841476e-4,3.2188969783132474e-4,3.6297023048273956e-4,4.1451724758425034e-4,4.7333647364694776e-4,5.370637190184266e-4,6.114133332070981e-4,2.8e-4,3.2e-4,3.6e-4,4.1e-4,4.7e-4,5.4e-4,6.1e-4,FALSE,TRUE,RSVHub,2026-09-23,Ensemble using RSVHub forecast submissions
United States,US,2,wk inc rsv prop ed visits,prop_ed,2026-09-26,2026-10-10,RSVHub-ensemble,2.6649602606692815e-4,3.2292050732142085e-4,3.8142138135828594e-4,4.558056177408777e-4,5.483952339306662e-4,6.470260182799724e-4,7.766205117167731e-4,2.7e-4,3.2e-4,3.8e-4,4.6e-4,5.5e-4,6.5e-4,7.8e-4,FALSE,TRUE,RSVHub,2026-09-23,Ensemble using RSVHub forecast submissions
Alabama,AL,0,wk inc rsv hosp,hosp,2026-09-26,2026-09-26,CEPH-Rtrend_rsv,5,7,8,10,13,16,19,5,7,8,10,10,20,20,TRUE,FALSE,CEPH Lab at Indiana University,2026-09-23,Rtrend RSV
Alabama,AL,1,wk inc rsv hosp,hosp,2026-09-26,2026-10-03,CEPH-Rtrend_rsv,4,6,8,10,14,19,25,4,6,8,10,10,20,30,TRUE,FALSE,CEPH Lab at Indiana University,2026-09-23,Rtrend RSV
Alabama,AL,2,wk inc rsv hosp,hosp,2026-09-26,2026-10-10,CEPH-Rtrend_rsv,3,4,7,10,15,22,32,3,4,7,10,20,20,30,TRUE,FALSE,CEPH Lab at Indiana University,2026-09-23,Rtrend RSV
Alabama,AL,0,wk inc rsv prop ed visits,prop_ed,2026-09-26,2026-09-26,CFA-PyRenew_E,3.454056593400771e-4,4.592777344205021e-4,5.889105244618936e-4,7.4687556145553e-4,9.239725472851016e-4,0.00109813592849066,0.00132174117244882,3.5e-4,4.6e-4,5.9e-4,7.5e-4,9.2e-4,0.0011,0.0013,TRUE,FALSE,Center for Forecasting and Outbreak Analytics (CDC/CFA),2026-09-23,PyRenew-E
Alabama,AL,1,wk inc rsv prop ed visits,prop_ed,2026-09-26,2026-10-03,CFA-PyRenew_E,2.34635562320826e-4,3.6455455544024415e-4,5.18057487484947e-4,7.191425069487258e-4,9.709374275809888e-4,0.00125669670269399,0.00165029712722345,2.3e-4,3.6e-4,5.2e-4,7.2e-4,9.7e-4,0.0013,0.0017,TRUE,FALSE,Center for Forecasting and Outbreak Analytics (CDC/CFA),2026-09-23,PyRenew-E
Alabama,AL,2,wk inc rsv prop ed visits,prop_ed,2026-09-26,2026-10-10,CFA-PyRenew_E,1.370353057339793e-4,2.7625218250497814e-4,4.368995555104167e-4,6.981678923185812e-4,0.00104453682422142,0.00146730667295834,0.00221422814968181,1.4e-4,2.8e-4,4.4e-4,7e-4,0.001,0.0015,0.0022,TRUE,FALSE,Center for Forecasting and Outbreak Analytics (CDC/CFA),2026-09-23,PyRenew-E
Alabama,AL,0,wk inc rsv prop ed visits,prop_ed,2026-09-26,2026-09-26,CFA-NowcastAutoGP,6.047732754381105e-4,7.674084948087277e-4,9.434976158599037e-4,0.0012058463625218153,0.0015218546340398705,0.001864233614425224,0.0023572240651143395,6e-4,7.7e-4,9.4e-4,0.0012,0.0015,0.0019,0.0024,TRUE,FALSE,Center for Forecasting and Outbreak Analytics (CDC/CFA),2026-09-23,NowcastAutoGP
Alabama,AL,1,wk inc rsv prop ed visits,prop_ed,2026-09-26,2026-10-03,CFA-NowcastAutoGP,6.388034999308663e-4,8.258874393807868e-4,0.0010415058244641327,0.0013504500701489541,0.0017179141879163976,0.0021830309114594564,0.0028931316923342734,6.4e-4,8.3e-4,0.001,0.0014,0.0017,0.0022,0.0029,TRUE,FALSE,Center for Forecasting and Outbreak Analytics (CDC/CFA),2026-09-23,NowcastAutoGP
Alabama,AL,2,wk inc rsv prop ed visits,prop_ed,2026-09-26,2026-10-10,CFA-NowcastAutoGP,6.730550325388403e-4,9.230421893858055e-4,0.0011855354257324674,0.0015373295823035266,0.0020182440903315653,0.0025458144763932837,0.003364635072782019,6.7e-4,9.2e-4,0.0012,0.0015,0.002,0.0025,0.0034,TRUE,FALSE,Center for Forecasting and Outbreak Analytics (CDC/CFA),2026-09-23,NowcastAutoGP
Alabama,AL,0,wk inc rsv hosp,hosp,2026-09-26,2026-09-26,CFA-PyRenew_H,4,7,9,12,16,21,27,4,7,9,10,20,20,30,FALSE,FALSE,Center for Forecasting and Outbreak Analytics (CDC/CFA),2026-09-23,PyRenew-H
Alabama,AL,1,wk inc rsv hosp,hosp,2026-09-26,2026-10-03,CFA-PyRenew_H,4,7,9,13,19,26,37,4,7,9,10,20,30,40,FALSE,FALSE,Center for Forecasting and Outbreak Analytics (CDC/CFA),2026-09-23,PyRenew-H
Alabama,AL,2,wk inc rsv hosp,hosp,2026-09-26,2026-10-10,CFA-PyRenew_H,3,6,9,14,23,35,61,3,6,9,10,20,40,60,FALSE,FALSE,Center for Forecasting and Outbreak Analytics (CDC/CFA),2026-09-23,PyRenew-H
Alabama,AL,0,wk inc rsv hosp,hosp,2026-09-26,2026-09-26,CFA-PyRenew_HE,3.9750000000000014,6,8,11,14,18,22,4,6,8,10,10,20,20,TRUE,FALSE,Center for Forecasting and Outbreak Analytics (CDC/CFA),2026-09-23,PyRenew-HE
Alabama,AL,1,wk inc rsv hosp,hosp,2026-09-26,2026-10-03,CFA-PyRenew_HE,3,5,7,11,15,19,26,3,5,7,10,20,20,30,TRUE,FALSE,Center for Forecasting and Outbreak Analytics (CDC/CFA),2026-09-23,PyRenew-HE
Alabama,AL,2,wk inc rsv hosp,hosp,2026-09-26,2026-10-10,CFA-PyRenew_HE,2,5,7,11,16,23,35,2,5,7,10,20,20,40,TRUE,FALSE,Center for Forecasting and Outbreak Analytics (CDC/CFA),2026-09-23,PyRenew-HE
Alabama,AL,0,wk inc rsv prop ed visits,prop_ed,2026-09-26,2026-09-26,CFA-PyRenew_HE,3.794192187379028e-4,4.899547125769532e-4,6.130366339874508e-4,7.698419744406847e-4,9.30518247699319e-4,0.00109901944754554,0.00131117946754546,3.8e-4,4.9e-4,6.1e-4,7.7e-4,0.00093000000000000005,0.0011,0.0013,FALSE,FALSE,Center for Forecasting and Outbreak Analytics (CDC/CFA),2026-09-23,PyRenew-HE
Alabama,AL,1,wk inc rsv prop ed visits,prop_ed,2026-09-26,2026-10-03,CFA-PyRenew_HE,2.646141939702537e-4,4.072833863883235e-4,5.557394025566117e-4,7.624823390652681e-4,9.901787657433394e-4,0.00125074412193053,0.00167341788450097,2.6e-4,4.1e-4,5.6e-4,7.6e-4,9.9e-4,0.0013,0.0017,FALSE,FALSE,Center for Forecasting and Outbreak Analytics (CDC/CFA),2026-09-23,PyRenew-HE
Alabama,AL,2,wk inc rsv prop ed visits,prop_ed,2026-09-26,2026-10-10,CFA-PyRenew_HE,1.7433985978043058e-4,3.0809585766663003e-4,4.947113430419931e-4,7.484879508845507e-4,0.00108764164473345,0.00150652381372889,0.00221765467024929,1.7e-4,3.1e-4,4.9e-4,7.5e-4,0.0011,0.0015,0.0022,FALSE,FALSE,Center for Forecasting and Outbreak Analytics (CDC/CFA),2026-09-23,PyRenew-HE
Alabama,AL,0,wk inc rsv hosp,hosp,2026-09-26,2026-09-26,NAU-epymorph,2,6,10,14,20,28,40,2,6,10,10,20,30,40,TRUE,FALSE,Northern Arizona University,2026-09-23,epymorph RSV compartmental model
Alabama,AL,1,wk inc rsv hosp,hosp,2026-09-26,2026-10-03,NAU-epymorph,2,6,10,16,26,40,65,2,6,10,20,30,40,70,TRUE,FALSE,Northern Arizona University,2026-09-23,epymorph RSV compartmental model
Alabama,AL,2,wk inc rsv hosp,hosp,2026-09-26,2026-10-10,NAU-epymorph,1,6,11,18,33,56,112,1,6,10,20,30,60,110,TRUE,FALSE,Northern Arizona University,2026-09-23,epymorph RSV compartmental model
Alabama,AL,0,wk inc rsv hosp,hosp,2026-09-26,2026-09-26,RSVHub-baseline,0,3,8.749999999999993,12,15.250000000000007,21,33.64999999999999,0,3,9,10,20,20,30,FALSE,FALSE,RSVHub-hub-models,2026-09-23,RSVHub baseline model
Alabama,AL,1,wk inc rsv hosp,hosp,2026-09-26,2026-10-03,RSVHub-baseline,0,0,6,12,18,28.11486814868151,47.092588425884315,0,0,6,10,20,30,50,FALSE,FALSE,RSVHub-hub-models,2026-09-23,RSVHub baseline model
Alabama,AL,2,wk inc rsv hosp,hosp,2026-09-26,2026-10-10,RSVHub-baseline,0,0,4,12,21,32.69460294602948,55.86739267392672,0,0,4,10,20,30,60,FALSE,FALSE,RSVHub-hub-models,2026-09-23,RSVHub baseline model
Alabama,AL,0,wk inc rsv prop ed visits,prop_ed,2026-09-26,2026-09-26,RSVHub-baseline,0,0,3.9999999999999996e-4,6e-4,7.999999999999999e-4,0.0013,0.0026000000000000025,0,0,4e-4,6e-4,8e-4,0.0013,0.0026,FALSE,FALSE,RSVHub-hub-models,2026-09-23,RSVHub baseline model
Alabama,AL,1,wk inc rsv prop ed visits,prop_ed,2026-09-26,2026-10-03,RSVHub-baseline,0,0,2.0000000000000004e-4,6e-4,0.0010000000000000005,0.00199851768517685,0.003351970794707942,0,0,2e-4,6e-4,0.001,0.002,0.0034,FALSE,FALSE,RSVHub-hub-models,2026-09-23,RSVHub baseline model
Alabama,AL,2,wk inc rsv prop ed visits,prop_ed,2026-09-26,2026-10-10,RSVHub-baseline,0,0,9.999999999999912e-5,6e-4,0.0012999999999999995,0.0023829346293462927,0.0037953709537095312,0,0,1e-4,6e-4,0.0013,0.0024,0.0038,FALSE,FALSE,RSVHub-hub-models,2026-09-23,RSVHub baseline model
Alabama,AL,0,wk inc rsv hosp,hosp,2026-09-26,2026-09-26,RSVHub-ensemble,3.9750000000000014,6,8,11,14,18,22,4,6,8,10,10,20,20,FALSE,TRUE,RSVHub,2026-09-23,Ensemble using RSVHub forecast submissions
Alabama,AL,1,wk inc rsv hosp,hosp,2026-09-26,2026-10-03,RSVHub-ensemble,3,6,8,11,15,19,26,3,6,8,10,20,20,30,FALSE,TRUE,RSVHub,2026-09-23,Ensemble using RSVHub forecast submissions
Alabama,AL,2,wk inc rsv hosp,hosp,2026-09-26,2026-10-10,RSVHub-ensemble,2,5,7,11,16,23,35,2,5,7,10,20,20,40,FALSE,TRUE,RSVHub,2026-09-23,Ensemble using RSVHub forecast submissions
Alabama,AL,0,wk inc rsv prop ed visits,prop_ed,2026-09-26,2026-09-26,RSVHub-ensemble,4.7508946738909384e-4,6.133431146146148e-4,7.662040701608987e-4,9.763609619886727e-4,0.001222913590662486,0.0014811847714579422,0.0018394826187815797,4.8e-4,6.1e-4,7.7e-4,9.8e-4,0.0012,0.0015,0.0018,FALSE,TRUE,RSVHub,2026-09-23,Ensemble using RSVHub forecast submissions
Alabama,AL,1,wk inc rsv prop ed visits,prop_ed,2026-09-26,2026-10-03,RSVHub-ensemble,4.367195311258461e-4,5.952209974105155e-4,7.797816559745399e-4,0.00103479628854884,0.0013444258077486932,0.0017198638070767232,0.0022717144097788616,4.4e-4,6e-4,7.8e-4,0.001,0.0013,0.0017,0.0023,FALSE,TRUE,RSVHub,2026-09-23,Ensemble using RSVHub forecast submissions
Alabama,AL,2,wk inc rsv prop ed visits,prop_ed,2026-09-26,2026-10-10,RSVHub-ensemble,4.050451691364098e-4,5.996471859453918e-4,8.112174906214421e-4,0.0011177487373110538,0.0015313904572764928,0.002006560574675812,0.0027894316112319142,4.1e-4,6e-4,8.1e-4,0.0011,0.0015,0.002,0.0028,FALSE,TRUE,RSVHub,2026-09-23,Ensemble using RSVHub forecast submissions
Alaska,AK,0,wk inc rsv hosp,hosp,2026-09-26,2026-09-26,CEPH-Rtrend_rsv,2,2,3,4,5,6,6,2,2,3,4,5,6,6,TRUE,FALSE,CEPH Lab at Indiana University,2026-09-23,Rtrend RSV
Alaska,AK,1,wk inc rsv hosp,hosp,2026-09-26,2026-10-03,CEPH-Rtrend_rsv,1,2,3,4,5,6,9,1,2,3,4,5,6,9,TRUE,FALSE,CEPH Lab at Indiana University,2026-09-23,Rtrend RSV
Alaska,AK,2,wk inc rsv hosp,hosp,2026-09-26,2026-10-10,CEPH-Rtrend_rsv,1,2,3,4,5,8,10,1,2,3,4,5,8,10,TRUE,FALSE,CEPH Lab at Indiana University,2026-09-23,Rtrend RSV
Alaska,AK,0,wk inc rsv prop ed visits,prop_ed,2026-09-26,2026-09-26,CFA-PyRenew_E,0,0,0,0,1.2936249194919107e-4,2.581672332957405e-4,5.044904053854299e-4,0,0,0,0,1.3e-4,2.6e-4,5e-4,TRUE,FALSE,Center for Forecasting and Outbreak Analytics (CDC/CFA),2026-09-23,PyRenew-E
Alaska,AK,1,wk inc rsv prop ed visits,prop_ed,2026-09-26,2026-10-03,CFA-PyRenew_E,0,0,0,0,1.3054177636920677e-4,2.62619103890834e-4,6.335771143736909e-4,0,0,0,0,1.3e-4,2.6e-4,6.3e-4,TRUE,FALSE,Center for Forecasting and Outbreak Analytics (CDC/CFA),2026-09-23,PyRenew-E
Alaska,AK,2,wk inc rsv prop ed visits,prop_ed,2026-09-26,2026-10-10,CFA-PyRenew_E,0,0,0,0,1.3006702343799876e-4,3.8256062867092825e-4,8.921079685951412e-4,0,0,0,0,1.3e-4,3.8e-4,8.9e-4,TRUE,FALSE,Center for Forecasting and Outbreak Analytics (CDC/CFA),2026-09-23,PyRenew-E
Alaska,AK,0,wk inc rsv prop ed visits,prop_ed,2026-09-26,2026-09-26,CFA-NowcastAutoGP,0,8.321330546256035e-6,4.0513670314822966e-5,9.073831912743865e-5,1.6502202673681612e-4,2.611874575370316e-4,4.3986001788665264e-4,0,8.3e-6,4.1e-5,9.1e-5,1.7e-4,2.6e-4,4.4e-4,TRUE,FALSE,Center for Forecasting and Outbreak Analytics (CDC/CFA),2026-09-23,NowcastAutoGP
Alaska,AK,1,wk inc rsv prop ed visits,prop_ed,2026-09-26,2026-10-03,CFA-NowcastAutoGP,0,1.5345238886806424e-5,4.9489535774502793e-5,1.0647905698995603e-4,1.8682584825784046e-4,3.038263946824446e-4,4.704442648522511e-4,0,1.5e-5,4.9e-5,1.1e-4,1.9e-4,3e-4,4.7e-4,TRUE,FALSE,Center for Forecasting and Outbreak Analytics (CDC/CFA),2026-09-23,NowcastAutoGP
Alaska,AK,2,wk inc rsv prop ed visits,prop_ed,2026-09-26,2026-10-10,CFA-NowcastAutoGP,0,2.453241774195101e-5,6.7594338395366e-5,1.3337410251989428e-4,2.3458142719400671e-4,3.6734200014059635e-4,6.050508764218014e-4,0,2.5e-5,6.8e-5,1.3e-4,2.3e-4,3.7e-4,6.1e-4,TRUE,FALSE,Center for Forecasting and Outbreak Analytics (CDC/CFA),2026-09-23,NowcastAutoGP
Alaska,AK,0,wk inc rsv hosp,hosp,2026-09-26,2026-09-26,CFA-PyRenew_H,1,2,4,6,9,13,19,1,2,4,6,9,10,20,FALSE,FALSE,Center for Forecasting and Outbreak Analytics (CDC/CFA),2026-09-23,PyRenew-H
Alaska,AK,1,wk inc rsv hosp,hosp,2026-09-26,2026-10-03,CFA-PyRenew_H,1,3,5,9,15,24,39,1,3,5,9,20,20,40,FALSE,FALSE,Center for Forecasting and Outbreak Analytics (CDC/CFA),2026-09-23,PyRenew-H
Alaska,AK,2,wk inc rsv hosp,hosp,2026-09-26,2026-10-10,CFA-PyRenew_H,1,3,6,12,25,47,92.02499999999986,1,3,6,10,30,50,90,FALSE,FALSE,Center for Forecasting and Outbreak Analytics (CDC/CFA),2026-09-23,PyRenew-H
Alaska,AK,0,wk inc rsv hosp,hosp,2026-09-26,2026-09-26,CFA-PyRenew_HE,0,0,1,2,4,6,9,0,0,1,2,4,6,9,TRUE,FALSE,Center for Forecasting and Outbreak Analytics (CDC/CFA),2026-09-23,PyRenew-HE
Alaska,AK,1,wk inc rsv hosp,hosp,2026-09-26,2026-10-03,CFA-PyRenew_HE,0,0,1,3,6,11,20,0,0,1,3,6,10,20,TRUE,FALSE,Center for Forecasting and Outbreak Analytics (CDC/CFA),2026-09-23,PyRenew-HE
Alaska,AK,2,wk inc rsv hosp,hosp,2026-09-26,2026-10-10,CFA-PyRenew_HE,0,1,2,5,10,21,46.04999999999973,0,1,2,5,10,20,50,TRUE,FALSE,Center for Forecasting and Outbreak Analytics (CDC/CFA),2026-09-23,PyRenew-HE
Alaska,AK,0,wk inc rsv prop ed visits,prop_ed,2026-09-26,2026-09-26,CFA-PyRenew_HE,0,1.2956353669317625e-4,2.6162038288468517e-4,5.235116591109968e-4,8.906323805059403e-4,0.00126749169004067,0.00185037125654423,0,1.3e-4,2.6e-4,5.2e-4,8.9e-4,0.0013,0.0019,FALSE,FALSE,Center for Forecasting and Outbreak Analytics (CDC/CFA),2026-09-23,PyRenew-HE
Alaska,AK,1,wk inc rsv prop ed visits,prop_ed,2026-09-26,2026-10-03,CFA-PyRenew_HE,0,2.3267657024606588e-4,3.9237510662551905e-4,8.004656609179443e-4,0.00142144997779631,0.00223164466308667,0.00358100050732396,0,2.3e-4,3.9e-4,8e-4,0.0014,0.0022,0.0036,FALSE,FALSE,Center for Forecasting and Outbreak Analytics (CDC/CFA),2026-09-23,PyRenew-HE
Alaska,AK,2,wk inc rsv prop ed visits,prop_ed,2026-09-26,2026-10-10,CFA-PyRenew_HE,0,2.5300125654708776e-4,5.218107439207099e-4,0.00115126931209718,0.00229302575878174,0.00439802455133282,0.00866954937620129,0,2.5e-4,5.2e-4,0.0012,0.0023,0.0044,0.0087,FALSE,FALSE,Center for Forecasting and Outbreak Analytics (CDC/CFA),2026-09-23,PyRenew-HE
Alaska,AK,0,wk inc rsv hosp,hosp,2026-09-26,2026-09-26,NAU-epymorph,0,2,4,7,10,15,27,0,2,4,7,10,20,30,TRUE,FALSE,Northern Arizona University,2026-09-23,epymorph RSV compartmental model
Alaska,AK,1,wk inc rsv hosp,hosp,2026-09-26,2026-10-03,NAU-epymorph,0,2,5,9,15,25,46,0,2,5,9,20,30,50,TRUE,FALSE,Northern Arizona University,2026-09-23,epymorph RSV compartmental model
Alaska,AK,2,wk inc rsv hosp,hosp,2026-09-26,2026-10-10,NAU-epymorph,0,2,5,10,20,37,70,0,2,5,10,20,40,70,TRUE,FALSE,Northern Arizona University,2026-09-23,epymorph RSV compartmental model
Alaska,AK,0,wk inc rsv hosp,hosp,2026-09-26,2026-09-26,RSVHub-baseline,0,1,5,6,7,11,18.324999999999985,0,1,5,6,7,10,20,FALSE,FALSE,RSVHub-hub-models,2026-09-23,RSVHub baseline model
Alaska,AK,1,wk inc rsv hosp,hosp,2026-09-26,2026-10-03,RSVHub-baseline,0,0,3,6,9,15,21.715515905159027,0,0,3,6,9,20,20,FALSE,FALSE,RSVHub-hub-models,2026-09-23,RSVHub baseline model
Alaska,AK,2,wk inc rsv hosp,hosp,2026-09-26,2026-10-10,RSVHub-baseline,0,0,2,6,11,17,23.885210102100995,0,0,2,6,10,20,20,FALSE,FALSE,RSVHub-hub-models,2026-09-23,RSVHub baseline model
Alaska,AK,0,wk inc rsv prop ed visits,prop_ed,2026-09-26,2026-09-26,RSVHub-baseline,0,0,0,0,5.000000000000004e-4,0.0021000000000000003,0.0042000000000000015,0,0,0,0,5e-4,0.0021,0.0042,FALSE,FALSE,RSVHub-hub-models,2026-09-23,RSVHub baseline model
Alaska,AK,1,wk inc rsv prop ed visits,prop_ed,2026-09-26,2026-10-03,RSVHub-baseline,0,0,0,0,0.0010000000000000018,0.003056187461874621,0.005307246047460472,0,0,0,0,0.001,0.0031,0.0053,FALSE,FALSE,RSVHub-hub-models,2026-09-23,RSVHub baseline model
Alaska,AK,2,wk inc rsv prop ed visits,prop_ed,2026-09-26,2026-10-10,RSVHub-baseline,0,0,0,2.2500225002581404e-8,0.0016292070420704185,0.003710076100761007,0.006114394018940156,0,0,0,2.3e-8,0.0016,0.0037,0.0061,FALSE,FALSE,RSVHub-hub-models,2026-09-23,RSVHub baseline model
Alaska,AK,0,wk inc rsv hosp,hosp,2026-09-26,2026-09-26,RSVHub-ensemble,0,2,3,4,5,6,9,0,2,3,4,5,6,9,FALSE,TRUE,RSVHub,2026-09-23,Ensemble using RSVHub forecast submissions
Alaska,AK,1,wk inc rsv hosp,hosp,2026-09-26,2026-10-03,RSVHub-ensemble,0,2,3,4,6,11,20,0,2,3,4,6,10,20,FALSE,TRUE,RSVHub,2026-09-23,Ensemble using RSVHub forecast submissions
Alaska,AK,2,wk inc rsv hosp,hosp,2026-09-26,2026-10-10,RSVHub-ensemble,0,2,3,5,10,21,46.04999999999973,0,2,3,5,10,20,50,FALSE,TRUE,RSVHub,2026-09-23,Ensemble using RSVHub forecast submissions
Alaska,AK,0,wk inc rsv prop ed visits,prop_ed,2026-09-26,2026-09-26,RSVHub-ensemble,0,4.1606652731280175e-6,2.0256835157411483e-5,4.5369159563719326e-5,1.471922593430036e-4,2.596773454163861e-4,4.721752116360413e-4,0,4.2e-6,2e-5,4.5e-5,1.5e-4,2.6e-4,4.7e-4,FALSE,TRUE,RSVHub,2026-09-23,Ensemble using RSVHub forecast submissions
Alaska,AK,1,wk inc rsv prop ed visits,prop_ed,2026-09-26,2026-10-03,RSVHub-ensemble,0,7.672619443403212e-6,2.4744767887251397e-5,5.3239528494978015e-5,1.5868381231352361e-4,2.832227492866393e-4,5.52010689612971e-4,0,7.7e-6,2.5e-5,5.3e-5,1.6e-4,2.8e-4,5.5e-4,FALSE,TRUE,RSVHub,2026-09-23,Ensemble using RSVHub forecast submissions
Alaska,AK,2,wk inc rsv prop ed visits,prop_ed,2026-09-26,2026-10-10,RSVHub-ensemble,0,1.2266208870975506e-5,3.3797169197683e-5,6.668705125994714e-5,1.8232422531600274e-4,3.7495131440576227e-4,7.485794225084713e-4,0,1.2e-5,3.4e-5,6.7e-5,1.8e-4,3.7e-4,7.5e-4,FALSE,TRUE,RSVHub,2026-09-23,Ensemble using RSVHub forecast submissions
Arizona,AZ,0,wk inc rsv hosp,hosp,2026-09-26,2026-09-26,CEPH-Rtrend_rsv,1,2,4,6,8,10,13,1,2,4,6,8,10,10,TRUE,FALSE,CEPH Lab at Indiana University,2026-09-23,Rtrend RSV
Arizona,AZ,1,wk inc rsv hosp,hosp,2026-09-26,2026-10-03,CEPH-Rtrend_rsv,1,2,3,6,9,12,16,1,2,3,6,9,10,20,TRUE,FALSE,CEPH Lab at Indiana University,2026-09-23,Rtrend RSV
Arizona,AZ,2,wk inc rsv hosp,hosp,2026-09-26,2026-10-10,CEPH-Rtrend_rsv,0,1,3,6,9,14,20,0,1,3,6,9,10,20,TRUE,FALSE,CEPH Lab at Indiana University,2026-09-23,Rtrend RSV
Arizona,AZ,0,wk inc rsv prop ed visits,prop_ed,2026-09-26,2026-09-26,CFA-PyRenew_E,1.6398962283480832e-5,3.295080516741271e-5,5.084963400683776e-5,8.435523797359568e-5,1.3346986384738072e-4,1.847399156045988e-4,2.674300665905659e-4,1.6e-5,3.3e-5,5.1e-5,8.4e-5,1.3e-4,1.8e-4,2.7e-4,TRUE,FALSE,Center for Forecasting and Outbreak Analytics (CDC/CFA),2026-09-23,PyRenew-E
Arizona,AZ,1,wk inc rsv prop ed visits,prop_ed,2026-09-26,2026-10-03,CFA-PyRenew_E,0,1.727654375210357e-5,5.0410235286230664e-5,8.505236370371207e-5,1.40094053690941e-4,2.138737719389351e-4,3.376454735577861e-4,0,1.7e-5,5e-5,8.5e-5,1.4e-4,2.1e-4,3.4e-4,TRUE,FALSE,Center for Forecasting and Outbreak Analytics (CDC/CFA),2026-09-23,PyRenew-E
Arizona,AZ,2,wk inc rsv prop ed visits,prop_ed,2026-09-26,2026-10-10,CFA-PyRenew_E,0,1.6962236485625568e-5,4.933134800497169e-5,8.474066200984061e-5,1.5729294184116705e-4,2.8683539191974957e-4,5.121263808433604e-4,0,1.7e-5,4.9e-5,8.5e-5,1.6e-4,2.9e-4,5.1e-4,TRUE,FALSE,Center for Forecasting and Outbreak Analytics (CDC/CFA),2026-09-23,PyRenew-E
Arizona,AZ,0,wk inc rsv prop ed visits,prop_ed,2026-09-26,2026-09-26,CFA-NowcastAutoGP,3.186610594312978e-5,4.883602857506017e-5,6.5806772846201e-5,9.333343123369587e-5,1.2992282327832256e-4,1.731516932593945e-4,2.403477826502897e-4,3.2e-5,4.9e-5,6.6e-5,9.3e-5,1.3e-4,1.7e-4,2.4e-4,TRUE,FALSE,Center for Forecasting and Outbreak Analytics (CDC/CFA),2026-09-23,NowcastAutoGP
Arizona,AZ,1,wk inc rsv prop ed visits,prop_ed,2026-09-26,2026-10-03,CFA-NowcastAutoGP,3.3306202230499466e-5,4.911634930419472e-5,7.071634774663917e-5,1.0089136714188316e-4,1.4751626955443746e-4,1.9655203080387108e-4,2.680153588568037e-4,3.3e-5,4.9e-5,7.1e-5,1e-4,1.5e-4,2e-4,2.7e-4,TRUE,FALSE,Center for Forecasting and Outbreak Analytics (CDC/CFA),2026-09-23,NowcastAutoGP
Arizona,AZ,2,wk inc rsv prop ed visits,prop_ed,2026-09-26,2026-10-10,CFA-NowcastAutoGP,3.415401463236109e-5,5.06450988588644e-5,7.514881400624187e-5,1.1239457593560407e-4,1.6437687583280416e-4,2.292397809367018e-4,3.30669921215067e-4,3.4e-5,5.1e-5,7.5e-5,1.1e-4,1.6e-4,2.3e-4,3.3e-4,TRUE,FALSE,Center for Forecasting and Outbreak Analytics (CDC/CFA),2026-09-23,NowcastAutoGP
Arizona,AZ,0,wk inc rsv hosp,hosp,2026-09-26,2026-09-26,CFA-PyRenew_H,0,0,0,1,2,3,5,0,0,0,1,2,3,5,FALSE,FALSE,Center for Forecasting and Outbreak Analytics (CDC/CFA),2026-09-23,PyRenew-H
Arizona,AZ,1,wk inc rsv hosp,hosp,2026-09-26,2026-10-03,CFA-PyRenew_H,0,0,0,1,2,3,6,0,0,0,1,2,3,6,FALSE,FALSE,Center for Forecasting and Outbreak Analytics (CDC/CFA),2026-09-23,PyRenew-H
Arizona,AZ,2,wk inc rsv hosp,hosp,2026-09-26,2026-10-10,CFA-PyRenew_H,0,0,0,1,2,4,8,0,0,0,1,2,4,8,FALSE,FALSE,Center for Forecasting and Outbreak Analytics (CDC/CFA),2026-09-23,PyRenew-H
Arizona,AZ,0,wk inc rsv hosp,hosp,2026-09-26,2026-09-26,CFA-PyRenew_HE,0,0,1,2,4,5,8,0,0,1,2,4,5,8,TRUE,FALSE,Center for Forecasting and Outbreak Analytics (CDC/CFA),2026-09-23,PyRenew-HE
Arizona,AZ,1,wk inc rsv hosp,hosp,2026-09-26,2026-10-03,CFA-PyRenew_HE,0,0,1,2,4,6,10,0,0,1,2,4,6,10,TRUE,FALSE,Center for Forecasting and Outbreak Analytics (CDC/CFA),2026-09-23,PyRenew-HE
Arizona,AZ,2,wk inc rsv hosp,hosp,2026-09-26,2026-10-10,CFA-PyRenew_HE,0,0,1,2,4,7,15,0,0,1,2,4,7,20,TRUE,FALSE,Center for Forecasting and Outbreak Analytics (CDC/CFA),2026-09-23,PyRenew-HE
Arizona,AZ,0,wk inc rsv prop ed visits,prop_ed,2026-09-26,2026-09-26,CFA-PyRenew_HE,1.6597630987839636e-5,3.3352605785724706e-5,5.112738858635641e-5,8.500035739159537e-5,1.3370200926776546e-4,1.8556533443845976e-4,2.6248629501607806e-4,1.7e-5,3.3e-5,5.1e-5,8.5e-5,1.3e-4,1.9e-4,2.6e-4,FALSE,FALSE,Center for Forecasting and Outbreak Analytics (CDC/CFA),2026-09-23,PyRenew-HE
Arizona,AZ,1,wk inc rsv prop ed visits,prop_ed,2026-09-26,2026-10-03,CFA-PyRenew_HE,0,3.276244910273225e-5,5.06235710884564e-5,8.564506494019775e-5,1.4931563212486104e-4,2.2133479239005535e-4,3.670972711539017e-4,0,3.3e-5,5.1e-5,8.6e-5,1.5e-4,2.2e-4,3.7e-4,FALSE,FALSE,Center for Forecasting and Outbreak Analytics (CDC/CFA),2026-09-23,PyRenew-HE
Arizona,AZ,2,wk inc rsv prop ed visits,prop_ed,2026-09-26,2026-10-10,CFA-PyRenew_HE,0,1.7098353626977332e-5,4.99939859818632e-5,8.795413850239947e-5,1.6713982931187917e-4,2.8676193226921583e-4,5.446668250557287e-4,0,1.7e-5,5e-5,8.8e-5,1.7e-4,2.9e-4,5.4e-4,FALSE,FALSE,Center for Forecasting and Outbreak Analytics (CDC/CFA),2026-09-23,PyRenew-HE
Arizona,AZ,0,wk inc rsv hosp,hosp,2026-09-26,2026-09-26,NAU-epymorph,0,0,0,1,3,6,12,0,0,0,1,3,6,10,TRUE,FALSE,Northern Arizona University,2026-09-23,epymorph RSV compartmental model
Arizona,AZ,1,wk inc rsv hosp,hosp,2026-09-26,2026-10-03,NAU-epymorph,0,0,0,1,3,7,17,0,0,0,1,3,7,20,TRUE,FALSE,Northern Arizona University,2026-09-23,epymorph RSV compartmental model
Arizona,AZ,2,wk inc rsv hosp,hosp,2026-09-26,2026-10-10,NAU-epymorph,0,0,0,1,4,10,24,0,0,0,1,4,10,20,TRUE,FALSE,Northern Arizona University,2026-09-23,epymorph RSV compartmental model
Arizona,AZ,0,wk inc rsv hosp,hosp,2026-09-26,2026-09-26,RSVHub-baseline,0,0,0,0,3.75,11,58.474999999999106,0,0,0,0,4,10,60,FALSE,FALSE,RSVHub-hub-models,2026-09-23,RSVHub baseline model
Arizona,AZ,1,wk inc rsv hosp,hosp,2026-09-26,2026-10-03,RSVHub-baseline,0,0,0,0,8,27.292742927429348,83.35142876428733,0,0,0,0,8,30,80,FALSE,FALSE,RSVHub-hub-models,2026-09-23,RSVHub baseline model
Arizona,AZ,2,wk inc rsv hosp,hosp,2026-09-26,2026-10-10,RSVHub-baseline,0,0,0,0,11,41.15724357243578,92.33154106541062,0,0,0,0,10,40,90,FALSE,FALSE,RSVHub-hub-models,2026-09-23,RSVHub baseline model
Arizona,AZ,0,wk inc rsv prop ed visits,prop_ed,2026-09-26,2026-09-26,RSVHub-baseline,0,0,0,1e-4,2e-4,6.000000000000001e-4,0.0015999999999999992,0,0,0,1e-4,2e-4,6e-4,0.0016,FALSE,FALSE,RSVHub-hub-models,2026-09-23,RSVHub baseline model
Arizona,AZ,1,wk inc rsv prop ed visits,prop_ed,2026-09-26,2026-10-03,RSVHub-baseline,0,0,0,1e-4,4.117228672286715e-4,0.0011434869348693564,0.0022897388973889747,0,0,0,1e-4,4.1e-4,0.0011,0.0023,FALSE,FALSE,RSVHub-hub-models,2026-09-23,RSVHub baseline model
Arizona,AZ,2,wk inc rsv prop ed visits,prop_ed,2026-09-26,2026-10-10,RSVHub-baseline,0,0,0,1e-4,6.000000000000001e-4,0.0014999999999999979,0.0027783615836158367,0,0,0,1e-4,6e-4,0.0015,0.0028,FALSE,FALSE,RSVHub-hub-models,2026-09-23,RSVHub baseline model
Arizona,AZ,0,wk inc rsv hosp,hosp,2026-09-26,2026-09-26,RSVHub-ensemble,0,0,1,2,4,6,12,0,0,1,2,4,6,10,FALSE,TRUE,RSVHub,2026-09-23,Ensemble using RSVHub forecast submissions
Arizona,AZ,1,wk inc rsv hosp,hosp,2026-09-26,2026-10-03,RSVHub-ensemble,0,0,1,2,4,7,16,0,0,1,2,4,7,20,FALSE,TRUE,RSVHub,2026-09-23,Ensemble using RSVHub forecast submissions
Arizona,AZ,2,wk inc rsv hosp,hosp,2026-09-26,2026-10-10,RSVHub-ensemble,0,0,1,2,4,10,20,0,0,1,2,4,10,20,FALSE,TRUE,RSVHub,2026-09-23,Ensemble using RSVHub forecast submissions
Arizona,AZ,0,wk inc rsv prop ed visits,prop_ed,2026-09-26,2026-09-26,RSVHub-ensemble,2.4132534113305306e-5,4.089341687123644e-5,5.832820342651938e-5,8.884433460364577e-5,1.3169634356285164e-4,1.7894580443199664e-4,2.538889246204278e-4,2.4e-5,4.1e-5,5.8e-5,8.9e-5,1.3e-4,1.8e-4,2.5e-4,FALSE,TRUE,RSVHub,2026-09-23,Ensemble using RSVHub forecast submissions
Arizona,AZ,1,wk inc rsv prop ed visits,prop_ed,2026-09-26,2026-10-03,RSVHub-ensemble,1.6653101115249733e-5,3.3196446528149144e-5,6.0563291516434916e-5,9.297186542279762e-5,1.4380516162268924e-4,2.052129013714031e-4,3.028304162072949e-4,1.7e-5,3.3e-5,6.1e-5,9.3e-5,1.4e-4,2.1e-4,3e-4,FALSE,TRUE,RSVHub,2026-09-23,Ensemble using RSVHub forecast submissions
Arizona,AZ,2,wk inc rsv prop ed visits,prop_ed,2026-09-26,2026-10-10,RSVHub-ensemble,1.7077007316180545e-5,3.380366767224498e-5,6.224008100560678e-5,9.856761897272234e-5,1.608349088369856e-4,2.5803758642822566e-4,4.2139815102921373e-4,1.7e-5,3.4e-5,6.2e-5,9.9e-5,1.6e-4,2.6e-4,4.2e-4,FALSE,TRUE,RSVHub,2026-09-23,Ensemble using RSVHub forecast submissions
Arkansas,AR,0,wk inc rsv hosp,hosp,2026-09-26,2026-09-26,CEPH-Rtrend_rsv,0,1,1,1,2,2,3,0,1,1,1,2,2,3,TRUE,FALSE,CEPH Lab at Indiana University,2026-09-23,Rtrend RSV
Arkansas,AR,1,wk inc rsv hosp,hosp,2026-09-26,2026-10-03,CEPH-Rtrend_rsv,0,0,1,1,2,3,5,0,0,1,1,2,3,5,TRUE,FALSE,CEPH Lab at Indiana University,2026-09-23,Rtrend RSV
Arkansas,AR,2,wk inc rsv hosp,hosp,2026-09-26,2026-10-10,CEPH-Rtrend_rsv,0,0,1,1,2,4,7,0,0,1,1,2,4,7,TRUE,FALSE,CEPH Lab at Indiana University,2026-09-23,Rtrend RSV
Arkansas,AR,0,wk inc rsv prop ed visits,prop_ed,2026-09-26,2026-09-26,CFA-PyRenew_E,0,5.3806817089821496e-5,1.1048062985327767e-4,2.142364707348058e-4,3.209157992137147e-4,4.592105795638925e-4,6.697740954859708e-4,0,5.4e-5,1.1e-4,2.1e-4,3.2e-4,4.6e-4,6.7e-4,TRUE,FALSE,Center for Forecasting and Outbreak Analytics (CDC/CFA),2026-09-23,PyRenew-E
Arkansas,AR,1,wk inc rsv prop ed visits,prop_ed,2026-09-26,2026-10-03,CFA-PyRenew_E,0,5.389398015948366e-5,1.1192723503871042e-4,2.219517178232972e-4,3.8245018524937395e-4,5.963951539856533e-4,9.288656630001944e-4,0,5.4e-5,1.1e-4,2.2e-4,3.8e-4,6e-4,0.00093000000000000005,TRUE,FALSE,Center for Forecasting and Outbreak Analytics (CDC/CFA),2026-09-23,PyRenew-E
Arkansas,AR,2,wk inc rsv prop ed visits,prop_ed,2026-09-26,2026-10-10,CFA-PyRenew_E,0,5.208707224432929e-5,1.1363324860779388e-4,2.383771914328921e-4,4.494493088214744e-4,7.702641747650699e-4,0.00141366417016691,0,5.2e-5,1.1e-4,2.4e-4,4.5e-4,7.7e-4,0.0014,TRUE,FALSE,Center for Forecasting and Outbreak Analytics (CDC/CFA),2026-09-23,PyRenew-E
Arkansas,AR,0,wk inc rsv prop ed visits,prop_ed,2026-09-26,2026-09-26,CFA-NowcastAutoGP,1.7359872943971582e-5,4.984277745699825e-5,9.139758839438797e-5,1.5365929172102893e-4,2.4362667877260387e-4,3.8204613793437647e-4,6.500720023793389e-4,1.7e-5,5e-5,9.1e-5,1.5e-4,2.4e-4,3.8e-4,6.5e-4,TRUE,FALSE,Center for Forecasting and Outbreak Analytics (CDC/CFA),2026-09-23,NowcastAutoGP
Arkansas,AR,1,wk inc rsv prop ed visits,prop_ed,2026-09-26,2026-10-03,CFA-NowcastAutoGP,1.9255355638657047e-5,5.9182541955542045e-5,1.0504821819163533e-4,1.8187776943387942e-4,3.096137001321631e-4,4.86421627590712e-4,8.558100855084521e-4,1.9e-5,5.9e-5,1.1e-4,1.8e-4,3.1e-4,4.9e-4,8.6e-4,TRUE,FALSE,Center for Forecasting and Outbreak Analytics (CDC/CFA),2026-09-23,NowcastAutoGP
Arkansas,AR,2,wk inc rsv prop ed visits,prop_ed,2026-09-26,2026-10-10,CFA-NowcastAutoGP,1.7598593614086393e-5,5.906628647998875e-5,1.1339689167359849e-4,2.0019710231231134e-4,3.4066624688328085e-4,5.552691446657395e-4,9.912597953528753e-4,1.8e-5,5.9e-5,1.1e-4,2e-4,3.4e-4,5.6e-4,9.9e-4,TRUE,FALSE,Center for Forecasting and Outbreak Analytics (CDC/CFA),2026-09-23,NowcastAutoGP
Arkansas,AR,0,wk inc rsv hosp,hosp,2026-09-26,2026-09-26,CFA-PyRenew_H,0,0,0,1,2,3,5,0,0,0,1,2,3,5,FALSE,FALSE,Center for Forecasting and Outbreak Analytics (CDC/CFA),2026-09-23,PyRenew-H
Arkansas,AR,1,wk inc rsv hosp,hosp,2026-09-26,2026-10-03,CFA-PyRenew_H,0,0,0,1,2,3,5,0,0,0,1,2,3,5,FALSE,FALSE,Center for Forecasting and Outbreak Analytics (CDC/CFA),2026-09-23,PyRenew-H
Arkansas,AR,2,wk inc rsv hosp,hosp,2026-09-26,2026-10-10,CFA-PyRenew_H,0,0,0,1,2,3,6,0,0,0,1,2,3,6,FALSE,FALSE,Center for Forecasting and Outbreak Analytics (CDC/CFA),2026-09-23,PyRenew-H
Arkansas,AR,0,wk inc rsv hosp,hosp,2026-09-26,2026-09-26,CFA-PyRenew_HE,0,0,1,2,4,5,7,0,0,1,2,4,5,7,TRUE,FALSE,Center for Forecasting and Outbreak Analytics (CDC/CFA),2026-09-23,PyRenew-HE
Arkansas,AR,1,wk inc rsv hosp,hosp,2026-09-26,2026-10-03,CFA-PyRenew_HE,0,0,1,2,4,6,8,0,0,1,2,4,6,8,TRUE,FALSE,Center for Forecasting and Outbreak Analytics (CDC/CFA),2026-09-23,PyRenew-HE
Arkansas,AR,2,wk inc rsv hosp,hosp,2026-09-26,2026-10-10,CFA-PyRenew_HE,0,0,1,2,4,6,10,0,0,1,2,4,6,10,TRUE,FALSE,Center for Forecasting and Outbreak Analytics (CDC/CFA),2026-09-23,PyRenew-HE
Arkansas,AR,0,wk inc rsv prop ed visits,prop_ed,2026-09-26,2026-09-26,CFA-PyRenew_HE,0,0,5.5502076605099995e-5,1.1757697804589932e-4,2.14399739579263e-4,2.898804519649686e-4,4.160675456190547e-4,0,0,5.6e-5,1.2e-4,2.1e-4,2.9e-4,4.2e-4,FALSE,FALSE,Center for Forecasting and Outbreak Analytics (CDC/CFA),2026-09-23,PyRenew-HE
Arkansas,AR,1,wk inc rsv prop ed visits,prop_ed,2026-09-26,2026-10-03,CFA-PyRenew_HE,0,0,5.5688038049210456e-5,1.1985737298344708e-4,2.2105643773600832e-4,3.2930053928851855e-4,5.08003012482189e-4,0,0,5.6e-5,1.2e-4,2.2e-4,3.3e-4,5.1e-4,FALSE,FALSE,Center for Forecasting and Outbreak Analytics (CDC/CFA),2026-09-23,PyRenew-HE
Arkansas,AR,2,wk inc rsv prop ed visits,prop_ed,2026-09-26,2026-10-10,CFA-PyRenew_HE,0,0,5.499017488796437e-5,1.2733928457576933e-4,2.3565104796112945e-4,3.765224691372177e-4,6.247667784296669e-4,0,0,5.5e-5,1.3e-4,2.4e-4,3.8e-4,6.2e-4,FALSE,FALSE,Center for Forecasting and Outbreak Analytics (CDC/CFA),2026-09-23,PyRenew-HE
Arkansas,AR,0,wk inc rsv hosp,hosp,2026-09-26,2026-09-26,NAU-epymorph,0,0,0,1,3,5,9,0,0,0,1,3,5,9,TRUE,FALSE,Northern Arizona University,2026-09-23,epymorph RSV compartmental model
Arkansas,AR,1,wk inc rsv hosp,hosp,2026-09-26,2026-10-03,NAU-epymorph,0,0,0,1,4,7,14,0,0,0,1,4,7,10,TRUE,FALSE,Northern Arizona University,2026-09-23,epymorph RSV compartmental model
Arkansas,AR,2,wk inc rsv hosp,hosp,2026-09-26,2026-10-10,NAU-epymorph,0,0,0,2,4,9,23,0,0,0,2,4,9,20,TRUE,FALSE,Northern Arizona University,2026-09-23,epymorph RSV compartmental model
Arkansas,AR,0,wk inc rsv hosp,hosp,2026-09-26,2026-09-26,RSVHub-baseline,0,0,0,1,2,7.900000000000034,19.724999999999962,0,0,0,1,2,8,20,FALSE,FALSE,RSVHub-hub-models,2026-09-23,RSVHub baseline model
Arkansas,AR,1,wk inc rsv hosp,hosp,2026-09-26,2026-10-03,RSVHub-baseline,0,0,0,1,5,13.16283562835629,25.295605706057067,0,0,0,1,5,10,30,FALSE,FALSE,RSVHub-hub-models,2026-09-23,RSVHub baseline model
Arkansas,AR,2,wk inc rsv hosp,hosp,2026-09-26,2026-10-10,RSVHub-baseline,0,0,0,1,6.095355953559533,15.875039750397518,26.69538295382953,0,0,0,1,6,20,30,FALSE,FALSE,RSVHub-hub-models,2026-09-23,RSVHub baseline model
Arkansas,AR,0,wk inc rsv prop ed visits,prop_ed,2026-09-26,2026-09-26,RSVHub-baseline,0,0,1.9999999999999993e-4,4e-4,6.000000000000001e-4,0.0015999999999999996,0.0037349999999999888,0,0,2e-4,4e-4,6e-4,0.0016,0.0037,FALSE,FALSE,RSVHub-hub-models,2026-09-23,RSVHub baseline model
Arkansas,AR,1,wk inc rsv prop ed visits,prop_ed,2026-09-26,2026-10-03,RSVHub-baseline,0,0,0,4e-4,0.0011000000000000007,0.0028033900339003368,0.005292662251622526,0,0,0,4e-4,0.0011,0.0028,0.0053,FALSE,FALSE,RSVHub-hub-models,2026-09-23,RSVHub baseline model
Arkansas,AR,2,wk inc rsv prop ed visits,prop_ed,2026-09-26,2026-10-10,RSVHub-baseline,0,0,0,4e-4,0.001493029930299301,0.003350643206432065,0.00592748477484775,0,0,0,4e-4,0.0015,0.0034,0.0059,FALSE,FALSE,RSVHub-hub-models,2026-09-23,RSVHub baseline model
Arkansas,AR,0,wk inc rsv hosp,hosp,2026-09-26,2026-09-26,RSVHub-ensemble,0,0,1,1,3,5,7,0,0,1,1,3,5,7,FALSE,TRUE,RSVHub,2026-09-23,Ensemble using RSVHub forecast submissions
Arkansas,AR,1,wk inc rsv hosp,hosp,2026-09-26,2026-10-03,RSVHub-ensemble,0,0,1,1,4,6,8,0,0,1,1,4,6,8,FALSE,TRUE,RSVHub,2026-09-23,Ensemble using RSVHub forecast submissions
Arkansas,AR,2,wk inc rsv hosp,hosp,2026-09-26,2026-10-10,RSVHub-ensemble,0,0,1,2,4,6,10,0,0,1,2,4,6,10,FALSE,TRUE,RSVHub,2026-09-23,Ensemble using RSVHub forecast submissions
Arkansas,AR,0,wk inc rsv prop ed visits,prop_ed,2026-09-26,2026-09-26,RSVHub-ensemble,8.679936471985791e-6,5.182479727340987e-5,1.0093910912383283e-4,1.8394788122791736e-4,2.822712389931593e-4,4.206283587491345e-4,6.599230489326549e-4,8.7e-6,5.2e-5,1e-4,1.8e-4,2.8e-4,4.2e-4,6.6e-4,FALSE,TRUE,RSVHub,2026-09-23,Ensemble using RSVHub forecast submissions
Arkansas,AR,1,wk inc rsv prop ed visits,prop_ed,2026-09-26,2026-10-03,RSVHub-ensemble,9.627677819328524e-6,5.653826105751285e-5,1.0848772661517288e-4,2.0191474362858832e-4,3.4603194269076855e-4,5.414083907881827e-4,8.923378742543232e-4,9.6e-6,5.7e-5,1.1e-4,2e-4,3.5e-4,5.4e-4,8.9e-4,FALSE,TRUE,RSVHub,2026-09-23,Ensemble using RSVHub forecast submissions
Arkansas,AR,2,wk inc rsv prop ed visits,prop_ed,2026-09-26,2026-10-10,RSVHub-ensemble,8.799296807043197e-6,5.557667936215902e-5,1.1351507014069619e-4,2.1928714687260173e-4,3.9505777785237765e-4,6.627666597154047e-4,0.0012024619827598927,8.8e-6,5.6e-5,1.1e-4,2.2e-4,4e-4,6.6e-4,0.0012,FALSE,TRUE,RSVHub,2026-09-23,Ensemble using RSVHub forecast submissions
California,CA,0,wk inc rsv hosp,hosp,2026-09-26,2026-09-26,CEPH-Rtrend_rsv,9,12,14,18,22,27,31,9,10,10,20,20,30,30,TRUE,FALSE,CEPH Lab at Indiana University,2026-09-23,Rtrend RSV
California,CA,1,wk inc rsv hosp,hosp,2026-09-26,2026-10-03,CEPH-Rtrend_rsv,8,10,13,18,25,32,42,8,10,10,20,30,30,40,TRUE,FALSE,CEPH Lab at Indiana University,2026-09-23,Rtrend RSV
California,CA,2,wk inc rsv hosp,hosp,2026-09-26,2026-10-10,CEPH-Rtrend_rsv,6,8,12,18,28,40,58,6,8,10,20,30,40,60,TRUE,FALSE,CEPH Lab at Indiana University,2026-09-23,Rtrend RSV
California,CA,0,wk inc rsv prop ed visits,prop_ed,2026-09-26,2026-09-26,CFA-PyRenew_E,1.1055961247148731e-4,1.506114309768776e-4,2.0071011654973977e-4,2.620714845858371e-4,3.3491887456827915e-4,4.231204700005474e-4,5.346215815533661e-4,1.1e-4,1.5e-4,2e-4,2.6e-4,3.3e-4,4.2e-4,5.3e-4,TRUE,FALSE,Center for Forecasting and Outbreak Analytics (CDC/CFA),2026-09-23,PyRenew-E
California,CA,1,wk inc rsv prop ed visits,prop_ed,2026-09-26,2026-10-03,CFA-PyRenew_E,9.186908334928412e-5,1.4628997166254035e-4,2.079270037629855e-4,2.9365901109227395e-4,4.0411842520774295e-4,5.480727790076151e-4,7.926961752234839e-4,9.2e-5,1.5e-4,2.1e-4,2.9e-4,4e-4,5.5e-4,7.9e-4,TRUE,FALSE,Center for Forecasting and Outbreak Analytics (CDC/CFA),2026-09-23,PyRenew-E
California,CA,2,wk inc rsv prop ed visits,prop_ed,2026-09-26,2026-10-10,CFA-PyRenew_E,7.725971869934643e-5,1.289025496210921e-4,1.9594385967829095e-4,3.178251302374148e-4,5.037002537927235e-4,7.709115323519792e-4,0.00123546873701418,7.7e-5,1.3e-4,2e-4,3.2e-4,5e-4,7.7e-4,0.0012,TRUE,FALSE,Center for Forecasting and Outbreak Analytics (CDC/CFA),2026-09-23,PyRenew-E
California,CA,0,wk inc rsv prop ed visits,prop_ed,2026-09-26,2026-09-26,CFA-NowcastAutoGP,1.3931137386442944e-4,1.7075711078615418e-4,2.0922886858590066e-4,2.5946384886750806e-4,3.167886727864294e-4,3.832798681125505e-4,4.6709567217044246e-4,1.4e-4,1.7e-4,2.1e-4,2.6e-4,3.2e-4,3.8e-4,4.7e-4,TRUE,FALSE,Center for Forecasting and Outbreak Analytics (CDC/CFA),2026-09-23,NowcastAutoGP
California,CA,1,wk inc rsv prop ed visits,prop_ed,2026-09-26,2026-10-03,CFA-NowcastAutoGP,1.5421085030032828e-4,1.8805359799918807e-4,2.2844189084900867e-4,2.8409233095646547e-4,3.594514960765283e-4,4.4500086322889573e-4,5.630429754303229e-4,1.5e-4,1.9e-4,2.3e-4,2.8e-4,3.6e-4,4.5e-4,5.6e-4,TRUE,FALSE,Center for Forecasting and Outbreak Analytics (CDC/CFA),2026-09-23,NowcastAutoGP
California,CA,2,wk inc rsv prop ed visits,prop_ed,2026-09-26,2026-10-10,CFA-NowcastAutoGP,1.521003000272342e-4,1.9738499621373926e-4,2.470303189114037e-4,3.1838371989367906e-4,4.096777213010736e-4,5.096849818079262e-4,6.541513722438012e-4,1.5e-4,2e-4,2.5e-4,3.2e-4,4.1e-4,5.1e-4,6.5e-4,TRUE,FALSE,Center for Forecasting and Outbreak Analytics (CDC/CFA),2026-09-23,NowcastAutoGP
California,CA,0,wk inc rsv hosp,hosp,2026-09-26,2026-09-26,CFA-PyRenew_H,7,10,13,17,22,28,36,7,10,10,20,20,30,40,FALSE,FALSE,Center for Forecasting and Outbreak Analytics (CDC/CFA),2026-09-23,PyRenew-H
California,CA,1,wk inc rsv hosp,hosp,2026-09-26,2026-10-03,CFA-PyRenew_H,6,9,13,18,25,33,48,6,9,10,20,30,30,50,FALSE,FALSE,Center for Forecasting and Outbreak Analytics (CDC/CFA),2026-09-23,PyRenew-H
California,CA,2,wk inc rsv hosp,hosp,2026-09-26,2026-10-10,CFA-PyRenew_H,4,7,12,18,27,40.100000000000136,67,4,7,10,20,30,40,70,FALSE,FALSE,Center for Forecasting and Outbreak Analytics (CDC/CFA),2026-09-23,PyRenew-H
California,CA,0,wk inc rsv hosp,hosp,2026-09-26,2026-09-26,CFA-PyRenew_HE,11,15,19,24,31,38,50,10,20,20,20,30,40,50,TRUE,FALSE,Center for Forecasting and Outbreak Analytics (CDC/CFA),2026-09-23,PyRenew-HE
California,CA,1,wk inc rsv hosp,hosp,2026-09-26,2026-10-03,CFA-PyRenew_HE,10,14,20,27,36.25,50,77.02499999999986,10,10,20,30,40,50,80,TRUE,FALSE,Center for Forecasting and Outbreak Analytics (CDC/CFA),2026-09-23,PyRenew-HE
California,CA,2,wk inc rsv hosp,hosp,2026-09-26,2026-10-10,CFA-PyRenew_HE,8,13,20,30,45.25,72,130.02499999999986,8,10,20,30,50,70,130,TRUE,FALSE,Center for Forecasting and Outbreak Analytics (CDC/CFA),2026-09-23,PyRenew-HE
California,CA,0,wk inc rsv prop ed visits,prop_ed,2026-09-26,2026-09-26,CFA-PyRenew_HE,1.1783264053108612e-4,1.6729067934050505e-4,2.1512914407534613e-4,2.7556076221239785e-4,3.435824225005244e-4,4.184627122646064e-4,5.274072057036126e-4,1.2e-4,1.7e-4,2.2e-4,2.8e-4,3.4e-4,4.2e-4,5.3e-4,FALSE,FALSE,Center for Forecasting and Outbreak Analytics (CDC/CFA),2026-09-23,PyRenew-HE
California,CA,1,wk inc rsv prop ed visits,prop_ed,2026-09-26,2026-10-03,CFA-PyRenew_HE,1.1125159925102316e-4,1.611529941896744e-4,2.290355773233644e-4,3.10299741722377e-4,4.198027923258545e-4,5.60557071761757e-4,7.802976634722039e-4,1.1e-4,1.6e-4,2.3e-4,3.1e-4,4.2e-4,5.6e-4,7.8e-4,FALSE,FALSE,Center for Forecasting and Outbreak Analytics (CDC/CFA),2026-09-23,PyRenew-HE
California,CA,2,wk inc rsv prop ed visits,prop_ed,2026-09-26,2026-10-10,CFA-PyRenew_HE,9.21465360076546e-5,1.5250538401903146e-4,2.28457668589831e-4,3.5086468160212803e-4,5.205680128788305e-4,7.946367749942579e-4,0.00130544515164877,9.2e-5,1.5e-4,2.3e-4,3.5e-4,5.2e-4,7.9e-4,0.0013,FALSE,FALSE,Center for Forecasting and Outbreak Analytics (CDC/CFA),2026-09-23,PyRenew-HE
California,CA,0,wk inc rsv hosp,hosp,2026-09-26,2026-09-26,NAU-epymorph,0,6,12,18,26,36,51,0,6,10,20,30,40,50,TRUE,FALSE,Northern Arizona University,2026-09-23,epymorph RSV compartmental model
California,CA,1,wk inc rsv hosp,hosp,2026-09-26,2026-10-03,NAU-epymorph,0,6,11,19,32,47,76,0,6,10,20,30,50,80,TRUE,FALSE,Northern Arizona University,2026-09-23,epymorph RSV compartmental model
California,CA,2,wk inc rsv hosp,hosp,2026-09-26,2026-10-10,NAU-epymorph,0,5,11,21,38,66,120,0,5,10,20,40,70,120,TRUE,FALSE,Northern Arizona University,2026-09-23,epymorph RSV compartmental model
California,CA,0,wk inc rsv hosp,hosp,2026-09-26,2026-09-26,RSVHub-baseline,0,0,7,15,23,56,109.02499999999985,0,0,7,20,20,60,110,FALSE,FALSE,RSVHub-hub-models,2026-09-23,RSVHub baseline model
California,CA,1,wk inc rsv hosp,hosp,2026-09-26,2026-10-03,RSVHub-baseline,0,0,1,15,39.03525535255349,81.64263042630438,143.46352988529875,0,0,1,20,40,80,140,FALSE,FALSE,RSVHub-hub-models,2026-09-23,RSVHub baseline model
California,CA,2,wk inc rsv hosp,hosp,2026-09-26,2026-10-10,RSVHub-baseline,0,0,0,15,51.467532175321715,101.3579055790558,158.92928429284268,0,0,0,20,50,100,160,FALSE,FALSE,RSVHub-hub-models,2026-09-23,RSVHub baseline model
California,CA,0,wk inc rsv prop ed visits,prop_ed,2026-09-26,2026-09-26,RSVHub-baseline,0,0,1e-4,2e-4,3.0000000000000003e-4,7.999999999999998e-4,0.0017000000000000001,0,0,1e-4,2e-4,3e-4,8e-4,0.0017,FALSE,FALSE,RSVHub-hub-models,2026-09-23,RSVHub baseline model
California,CA,1,wk inc rsv prop ed visits,prop_ed,2026-09-26,2026-10-03,RSVHub-baseline,0,0,0,2e-4,5.999999999999995e-4,0.0011714982149821523,0.0021536090610906108,0,0,0,2e-4,6e-4,0.0012,0.0022,FALSE,FALSE,RSVHub-hub-models,2026-09-23,RSVHub baseline model
California,CA,2,wk inc rsv prop ed visits,prop_ed,2026-09-26,2026-10-10,RSVHub-baseline,0,0,0,2e-4,7.458962089620876e-4,0.0014999999999999998,0.0024999999999999988,0,0,0,2e-4,7.5e-4,0.0015,0.0025,FALSE,FALSE,RSVHub-hub-models,2026-09-23,RSVHub baseline model
California,CA,0,wk inc rsv hosp,hosp,2026-09-26,2026-09-26,RSVHub-ensemble,9,12,14,18,26,36,50,9,10,10,20,30,40,50,FALSE,TRUE,RSVHub,2026-09-23,Ensemble using RSVHub forecast submissions
California,CA,1,wk inc rsv hosp,hosp,2026-09-26,2026-10-03,RSVHub-ensemble,8,10,13,19,32,47,76,8,10,10,20,30,50,80,FALSE,TRUE,RSVHub,2026-09-23,Ensemble using RSVHub forecast submissions
California,CA,2,wk inc rsv hosp,hosp,2026-09-26,2026-10-10,RSVHub-ensemble,6,8,12,21,38,66,120,6,8,10,20,40,70,120,FALSE,TRUE,RSVHub,2026-09-23,Ensemble using RSVHub forecast submissions
California,CA,0,wk inc rsv prop ed visits,prop_ed,2026-09-26,2026-09-26,RSVHub-ensemble,1.2493549316795838e-4,1.606842708815159e-4,2.049694925678202e-4,2.607676667266726e-4,3.2585377367735425e-4,4.0320016905654897e-4,5.008586268619043e-4,1.2e-4,1.6e-4,2e-4,2.6e-4,3.3e-4,4e-4,5e-4,FALSE,TRUE,RSVHub,2026-09-23,Ensemble using RSVHub forecast submissions
California,CA,1,wk inc rsv prop ed visits,prop_ed,2026-09-26,2026-10-03,RSVHub-ensemble,1.230399668248062e-4,1.6717178483086423e-4,2.181844473059971e-4,2.888756710243697e-4,3.8178496064213564e-4,4.965368211182554e-4,6.778695753269034e-4,1.2e-4,1.7e-4,2.2e-4,2.9e-4,3.8e-4,5e-4,6.8e-4,FALSE,TRUE,RSVHub,2026-09-23,Ensemble using RSVHub forecast submissions
California,CA,2,wk inc rsv prop ed visits,prop_ed,2026-09-26,2026-10-10,RSVHub-ensemble,1.1468000936329031e-4,1.6314377291741568e-4,2.2148708929484732e-4,3.1810442506554693e-4,4.5668898754689855e-4,6.402982570799527e-4,9.448100546289905e-4,1.1e-4,1.6e-4,2.2e-4,3.2e-4,4.6e-4,6.4e-4,9.4e-4,FALSE,TRUE,RSVHub,2026-09-23,Ensemble using RSVHub forecast submissions
Colorado,CO,0,wk inc rsv hosp,hosp,2026-09-26,2026-09-26,CEPH-Rtrend_rsv,0,1,2,2,4,5,7,0,1,2,2,4,5,7,TRUE,FALSE,CEPH Lab at Indiana University,2026-09-23,Rtrend RSV
Colorado,CO,1,wk inc rsv hosp,hosp,2026-09-26,2026-10-03,CEPH-Rtrend_rsv,0,1,2,2,4,6,8,0,1,2,2,4,6,8,TRUE,FALSE,CEPH Lab at Indiana University,2026-09-23,Rtrend RSV
Colorado,CO,2,wk inc rsv hosp,hosp,2026-09-26,2026-10-10,CEPH-Rtrend_rsv,0,0,1,2,5,7,11,0,0,1,2,5,7,10,TRUE,FALSE,CEPH Lab at Indiana University,2026-09-23,Rtrend RSV
Colorado,CO,0,wk inc rsv prop ed visits,prop_ed,2026-09-26,2026-09-26,CFA-PyRenew_E,0,0,2.292472407278739e-5,4.634893367619625e-5,7.315695116877707e-5,1.3641321357464278e-4,1.8596779848803656e-4,0,0,2.3e-5,4.6e-5,7.3e-5,1.4e-4,1.9e-4,TRUE,FALSE,Center for Forecasting and Outbreak Analytics (CDC/CFA),2026-09-23,PyRenew-E
Colorado,CO,1,wk inc rsv prop ed visits,prop_ed,2026-09-26,2026-10-03,CFA-PyRenew_E,0,0,2.288630911271806e-5,4.660125527426034e-5,9.39159330717006e-5,1.6735623639638957e-4,2.9762346015591734e-4,0,0,2.3e-5,4.7e-5,9.4e-5,1.7e-4,3e-4,TRUE,FALSE,Center for Forecasting and Outbreak Analytics (CDC/CFA),2026-09-23,PyRenew-E
Colorado,CO,2,wk inc rsv prop ed visits,prop_ed,2026-09-26,2026-10-10,CFA-PyRenew_E,0,0,2.2514857685252588e-5,4.680982298595459e-5,1.143067749645933e-4,2.265052046661192e-4,5.095550937316512e-4,0,0,2.3e-5,4.7e-5,1.1e-4,2.3e-4,5.1e-4,TRUE,FALSE,Center for Forecasting and Outbreak Analytics (CDC/CFA),2026-09-23,PyRenew-E
Colorado,CO,0,wk inc rsv prop ed visits,prop_ed,2026-09-26,2026-09-26,CFA-NowcastAutoGP,2.8866938684296787e-5,4.920191920739702e-5,7.305080351764592e-5,1.1049217314645816e-4,1.6235051920638255e-4,2.3341626483701475e-4,3.388763179356215e-4,2.9e-5,4.9e-5,7.3e-5,1.1e-4,1.6e-4,2.3e-4,3.4e-4,TRUE,FALSE,Center for Forecasting and Outbreak Analytics (CDC/CFA),2026-09-23,NowcastAutoGP
Colorado,CO,1,wk inc rsv prop ed visits,prop_ed,2026-09-26,2026-10-03,CFA-NowcastAutoGP,3.278285273492109e-5,5.629233423014755e-5,8.570395829126192e-5,1.3355672593555695e-4,1.9684806154886676e-4,2.814278136860116e-4,4.037625713127381e-4,3.3e-5,5.6e-5,8.6e-5,1.3e-4,2e-4,2.8e-4,4e-4,TRUE,FALSE,Center for Forecasting and Outbreak Analytics (CDC/CFA),2026-09-23,NowcastAutoGP
Colorado,CO,2,wk inc rsv prop ed visits,prop_ed,2026-09-26,2026-10-10,CFA-NowcastAutoGP,3.3769532514606644e-5,5.976094960473057e-5,9.089701447352337e-5,1.411954671205072e-4,2.143827504040708e-4,3.18620261602971e-4,5.040902403897188e-4,3.4e-5,6e-5,9.1e-5,1.4e-4,2.1e-4,3.2e-4,5e-4,TRUE,FALSE,Center for Forecasting and Outbreak Analytics (CDC/CFA),2026-09-23,NowcastAutoGP
Colorado,CO,0,wk inc rsv hosp,hosp,2026-09-26,2026-09-26,CFA-PyRenew_H,0,0,0,1,2,3,4,0,0,0,1,2,3,4,FALSE,FALSE,Center for Forecasting and Outbreak Analytics (CDC/CFA),2026-09-23,PyRenew-H
Colorado,CO,1,wk inc rsv hosp,hosp,2026-09-26,2026-10-03,CFA-PyRenew_H,0,0,0,1,2,3,5,0,0,0,1,2,3,5,FALSE,FALSE,Center for Forecasting and Outbreak Analytics (CDC/CFA),2026-09-23,PyRenew-H
Colorado,CO,2,wk inc rsv hosp,hosp,2026-09-26,2026-10-10,CFA-PyRenew_H,0,0,0,1,2,4,7,0,0,0,1,2,4,7,FALSE,FALSE,Center for Forecasting and Outbreak Analytics (CDC/CFA),2026-09-23,PyRenew-H
Colorado,CO,0,wk inc rsv hosp,hosp,2026-09-26,2026-09-26,CFA-PyRenew_HE,0,0,0,1,2,3,5,0,0,0,1,2,3,5,TRUE,FALSE,Center for Forecasting and Outbreak Analytics (CDC/CFA),2026-09-23,PyRenew-HE
Colorado,CO,1,wk inc rsv hosp,hosp,2026-09-26,2026-10-03,CFA-PyRenew_HE,0,0,0,1,2,4,7,0,0,0,1,2,4,7,TRUE,FALSE,Center for Forecasting and Outbreak Analytics (CDC/CFA),2026-09-23,PyRenew-HE
Colorado,CO,2,wk inc rsv hosp,hosp,2026-09-26,2026-10-10,CFA-PyRenew_HE,0,0,0,1,2,4,9,0,0,0,1,2,4,9,TRUE,FALSE,Center for Forecasting and Outbreak Analytics (CDC/CFA),2026-09-23,PyRenew-HE
Colorado,CO,0,wk inc rsv prop ed visits,prop_ed,2026-09-26,2026-09-26,CFA-PyRenew_HE,0,0,2.296061046940308e-5,4.641276378641519e-5,7.208523304644115e-5,1.1748028429537888e-4,1.788047858161318e-4,0,0,2.3e-5,4.6e-5,7.2e-5,1.2e-4,1.8e-4,FALSE,FALSE,Center for Forecasting and Outbreak Analytics (CDC/CFA),2026-09-23,PyRenew-HE
Colorado,CO,1,wk inc rsv prop ed visits,prop_ed,2026-09-26,2026-10-03,CFA-PyRenew_HE,0,0,2.2836910694622157e-5,4.6194255487039685e-5,9.152391446965424e-5,1.3999118096366442e-4,2.511777483908301e-4,0,0,2.3e-5,4.6e-5,9.2e-5,1.4e-4,2.5e-4,FALSE,FALSE,Center for Forecasting and Outbreak Analytics (CDC/CFA),2026-09-23,PyRenew-HE
Colorado,CO,2,wk inc rsv prop ed visits,prop_ed,2026-09-26,2026-10-10,CFA-PyRenew_HE,0,0,2.260131429281087e-5,4.617477312523192e-5,9.540683076053271e-5,1.8596879466568705e-4,3.510704311052458e-4,0,0,2.3e-5,4.6e-5,9.5e-5,1.9e-4,3.5e-4,FALSE,FALSE,Center for Forecasting and Outbreak Analytics (CDC/CFA),2026-09-23,PyRenew-HE
Colorado,CO,0,wk inc rsv hosp,hosp,2026-09-26,2026-09-26,NAU-epymorph,0,0,0,1,3,5,9,0,0,0,1,3,5,9,TRUE,FALSE,Northern Arizona University,2026-09-23,epymorph RSV compartmental model
Colorado,CO,1,wk inc rsv hosp,hosp,2026-09-26,2026-10-03,NAU-epymorph,0,0,0,1,3,6,15,0,0,0,1,3,6,20,TRUE,FALSE,Northern Arizona University,2026-09-23,epymorph RSV compartmental model
Colorado,CO,2,wk inc rsv hosp,hosp,2026-09-26,2026-10-10,NAU-epymorph,0,0,0,1,3,7,27,0,0,0,1,3,7,30,TRUE,FALSE,Northern Arizona University,2026-09-23,epymorph RSV compartmental model
Colorado,CO,0,wk inc rsv hosp,hosp,2026-09-26,2026-09-26,RSVHub-baseline,0,0,0,1,2,17,43.72499999999996,0,0,0,1,2,20,40,FALSE,FALSE,RSVHub-hub-models,2026-09-23,RSVHub baseline model
Colorado,CO,1,wk inc rsv hosp,hosp,2026-09-26,2026-10-03,RSVHub-baseline,0,0,0,1,9,31.175987759877657,61.48456709567076,0,0,0,1,9,30,60,FALSE,FALSE,RSVHub-hub-models,2026-09-23,RSVHub baseline model
Colorado,CO,2,wk inc rsv hosp,hosp,2026-09-26,2026-10-10,RSVHub-baseline,0,0,0,1,15.37957879578795,38.272927729277235,69.73364383643799,0,0,0,1,20,40,70,FALSE,FALSE,RSVHub-hub-models,2026-09-23,RSVHub baseline model
Colorado,CO,0,wk inc rsv prop ed visits,prop_ed,2026-09-26,2026-09-26,RSVHub-baseline,0,0,0,1e-4,3.0000000000000003e-4,8.999999999999993e-4,0.002367499999999993,0,0,0,1e-4,3e-4,9e-4,0.0024,FALSE,FALSE,RSVHub-hub-models,2026-09-23,RSVHub baseline model
Colorado,CO,1,wk inc rsv prop ed visits,prop_ed,2026-09-26,2026-10-03,RSVHub-baseline,0,0,0,1e-4,5.999999999999998e-4,0.0018551699516995148,0.004194265792657931,0,0,0,1e-4,6e-4,0.0019,0.0042,FALSE,FALSE,RSVHub-hub-models,2026-09-23,RSVHub baseline model
Colorado,CO,2,wk inc rsv prop ed visits,prop_ed,2026-09-26,2026-10-10,RSVHub-baseline,0,0,0,1e-4,8.000000000000003e-4,0.0021999999999999997,0.0047450090750907415,0,0,0,1e-4,8e-4,0.0022,0.0047,FALSE,FALSE,RSVHub-hub-models,2026-09-23,RSVHub baseline model
Colorado,CO,0,wk inc rsv hosp,hosp,2026-09-26,2026-09-26,RSVHub-ensemble,0,0,0,1,3,5,7,0,0,0,1,3,5,7,FALSE,TRUE,RSVHub,2026-09-23,Ensemble using RSVHub forecast submissions
Colorado,CO,1,wk inc rsv hosp,hosp,2026-09-26,2026-10-03,RSVHub-ensemble,0,0,0,1,3,6,8,0,0,0,1,3,6,8,FALSE,TRUE,RSVHub,2026-09-23,Ensemble using RSVHub forecast submissions
Colorado,CO,2,wk inc rsv hosp,hosp,2026-09-26,2026-10-10,RSVHub-ensemble,0,0,0,1,3,7,11,0,0,0,1,3,7,10,FALSE,TRUE,RSVHub,2026-09-23,Ensemble using RSVHub forecast submissions
Colorado,CO,0,wk inc rsv prop ed visits,prop_ed,2026-09-26,2026-09-26,RSVHub-ensemble,1.4433469342148393e-5,2.460095960369851e-5,4.7987763795216656e-5,7.84205534113272e-5,1.1775373518757981e-4,1.8491473920582876e-4,2.62422058211829e-4,1.4e-5,2.5e-5,4.8e-5,7.8e-5,1.2e-4,1.8e-4,2.6e-4,FALSE,TRUE,RSVHub,2026-09-23,Ensemble using RSVHub forecast submissions
Colorado,CO,1,wk inc rsv prop ed visits,prop_ed,2026-09-26,2026-10-03,RSVHub-ensemble,1.6391426367460546e-5,2.8146167115073774e-5,5.429513370198999e-5,9.007899060490865e-5,1.4538199731028368e-4,2.2439202504120057e-4,3.506930157343277e-4,1.6e-5,2.8e-5,5.4e-5,9e-5,1.5e-4,2.2e-4,3.5e-4,FALSE,TRUE,RSVHub,2026-09-23,Ensemble using RSVHub forecast submissions
Colorado,CO,2,wk inc rsv prop ed visits,prop_ed,2026-09-26,2026-10-10,RSVHub-ensemble,1.6884766257303322e-5,2.9880474802365287e-5,5.6705936079387974e-5,9.40026450532309e-5,1.6434476268433206e-4,2.725627331345451e-4,5.06822667060685e-4,1.7e-5,3e-5,5.7e-5,9.4e-5,1.6e-4,2.7e-4,5.1e-4,FALSE,TRUE,RSVHub,2026-09-23,Ensemble using RSVHub forecast submissions
Connecticut,CT,0,wk inc rsv hosp,hosp,2026-09-26,2026-09-26,CEPH-Rtrend_rsv,0,1,1,2,3,4,6,0,1,1,2,3,4,6,TRUE,FALSE,CEPH Lab at Indiana University,2026-09-23,Rtrend RSV
Connecticut,CT,1,wk inc rsv hosp,hosp,2026-09-26,2026-10-03,CEPH-Rtrend_rsv,0,1,1,2,3,5,8,0,1,1,2,3,5,8,TRUE,FALSE,CEPH Lab at Indiana University,2026-09-23,Rtrend RSV
Connecticut,CT,2,wk inc rsv hosp,hosp,2026-09-26,2026-10-10,CEPH-Rtrend_rsv,0,0,1,2,3,6,9,0,0,1,2,3,6,9,TRUE,FALSE,CEPH Lab at Indiana University,2026-09-23,Rtrend RSV
Connecticut,CT,0,wk inc rsv hosp,hosp,2026-09-26,2026-09-26,CFA-PyRenew_H,0,0,0,0,1,1,3,0,0,0,0,1,1,3,FALSE,FALSE,Center for Forecasting and Outbreak Analytics (CDC/CFA),2026-09-23,PyRenew-H
Connecticut,CT,1,wk inc rsv hosp,hosp,2026-09-26,2026-10-03,CFA-PyRenew_H,0,0,0,0,1,1,3,0,0,0,0,1,1,3,FALSE,FALSE,Center for Forecasting and Outbreak Analytics (CDC/CFA),2026-09-23,PyRenew-H
Connecticut,CT,2,wk inc rsv hosp,hosp,2026-09-26,2026-10-10,CFA-PyRenew_H,0,0,0,0,0,1,3,0,0,0,0,0,1,3,FALSE,FALSE,Center for Forecasting and Outbreak Analytics (CDC/CFA),2026-09-23,PyRenew-H
Connecticut,CT,0,wk inc rsv hosp,hosp,2026-09-26,2026-09-26,CFA-PyRenew_HE,0,0,0,1,2,3,4,0,0,0,1,2,3,4,TRUE,FALSE,Center for Forecasting and Outbreak Analytics (CDC/CFA),2026-09-23,PyRenew-HE
Connecticut,CT,1,wk inc rsv hosp,hosp,2026-09-26,2026-10-03,CFA-PyRenew_HE,0,0,0,1,2,3,5,0,0,0,1,2,3,5,TRUE,FALSE,Center for Forecasting and Outbreak Analytics (CDC/CFA),2026-09-23,PyRenew-HE
Connecticut,CT,2,wk inc rsv hosp,hosp,2026-09-26,2026-10-10,CFA-PyRenew_HE,0,0,0,1,2,3,7,0,0,0,1,2,3,7,TRUE,FALSE,Center for Forecasting and Outbreak Analytics (CDC/CFA),2026-09-23,PyRenew-HE
Connecticut,CT,0,wk inc rsv hosp,hosp,2026-09-26,2026-09-26,NAU-epymorph,0,0,0,0,1,2,5,0,0,0,0,1,2,5,TRUE,FALSE,Northern Arizona University,2026-09-23,epymorph RSV compartmental model
Connecticut,CT,1,wk inc rsv hosp,hosp,2026-09-26,2026-10-03,NAU-epymorph,0,0,0,0,1,3,8,0,0,0,0,1,3,8,TRUE,FALSE,Northern Arizona University,2026-09-23,epymorph RSV compartmental model
Connecticut,CT,2,wk inc rsv hosp,hosp,2026-09-26,2026-10-10,NAU-epymorph,0,0,0,0,1,3,10,0,0,0,0,1,3,10,TRUE,FALSE,Northern Arizona University,2026-09-23,epymorph RSV compartmental model
Connecticut,CT,0,wk inc rsv hosp,hosp,2026-09-26,2026-09-26,RSVHub-baseline,0,0,0,0,2,8,28.599999999999866,0,0,0,0,2,8,30,FALSE,FALSE,RSVHub-hub-models,2026-09-23,RSVHub baseline model
Connecticut,CT,1,wk inc rsv hosp,hosp,2026-09-26,2026-10-03,RSVHub-baseline,0,0,0,0,5,14.11008610086103,42.143798687986745,0,0,0,0,5,10,40,FALSE,FALSE,RSVHub-hub-models,2026-09-23,RSVHub baseline model
Connecticut,CT,2,wk inc rsv hosp,hosp,2026-09-26,2026-10-10,RSVHub-baseline,0,0,0,0,7.165744157441594,19.368470684706853,46.45694956949567,0,0,0,0,7,20,50,FALSE,FALSE,RSVHub-hub-models,2026-09-23,RSVHub baseline model
Connecticut,CT,0,wk inc rsv prop ed visits,prop_ed,2026-09-26,2026-09-26,RSVHub-baseline,0,0,0,0,1.7499999999999978e-4,6.000000000000001e-4,0.0016000000000000003,0,0,0,0,1.8e-4,6e-4,0.0016,FALSE,FALSE,RSVHub-hub-models,2026-09-23,RSVHub baseline model
Connecticut,CT,1,wk inc rsv prop ed visits,prop_ed,2026-09-26,2026-10-03,RSVHub-baseline,0,0,0,0,3.000000000000001e-4,0.0010000000000000007,0.002110293352933523,0,0,0,0,3e-4,0.001,0.0021,FALSE,FALSE,RSVHub-hub-models,2026-09-23,RSVHub baseline model
Connecticut,CT,2,wk inc rsv prop ed visits,prop_ed,2026-09-26,2026-10-10,RSVHub-baseline,0,0,0,0,5.000000000000003e-4,0.0013873732737327373,0.002445749782497821,0,0,0,0,5e-4,0.0014,0.0024,FALSE,FALSE,RSVHub-hub-models,2026-09-23,RSVHub baseline model
Connecticut,CT,0,wk inc rsv hosp,hosp,2026-09-26,2026-09-26,RSVHub-ensemble,0,0,0,1,2,3,5,0,0,0,1,2,3,5,FALSE,TRUE,RSVHub,2026-09-23,Ensemble using RSVHub forecast submissions
Connecticut,CT,1,wk inc rsv hosp,hosp,2026-09-26,2026-10-03,RSVHub-ensemble,0,0,0,1,2,3,8,0,0,0,1,2,3,8,FALSE,TRUE,RSVHub,2026-09-23,Ensemble using RSVHub forecast submissions
Connecticut,CT,2,wk inc rsv hosp,hosp,2026-09-26,2026-10-10,RSVHub-ensemble,0,0,0,1,2,3,9,0,0,0,1,2,3,9,FALSE,TRUE,RSVHub,2026-09-23,Ensemble using RSVHub forecast submissions
Delaware,DE,0,wk inc rsv hosp,hosp,2026-09-26,2026-09-26,CEPH-Rtrend_rsv,1,1,2,3,4,4,6,1,1,2,3,4,4,6,TRUE,FALSE,CEPH Lab at Indiana University,2026-09-23,Rtrend RSV
Delaware,DE,1,wk inc rsv hosp,hosp,2026-09-26,2026-10-03,CEPH-Rtrend_rsv,1,1,2,3,4,5,7,1,1,2,3,4,5,7,TRUE,FALSE,CEPH Lab at Indiana University,2026-09-23,Rtrend RSV
Delaware,DE,2,wk inc rsv hosp,hosp,2026-09-26,2026-10-10,CEPH-Rtrend_rsv,0,1,2,3,4,6,9,0,1,2,3,4,6,9,TRUE,FALSE,CEPH Lab at Indiana University,2026-09-23,Rtrend RSV
Delaware,DE,0,wk inc rsv prop ed visits,prop_ed,2026-09-26,2026-09-26,CFA-PyRenew_E,8.39187167846622e-5,1.6868462460206045e-4,2.5815001541897053e-4,4.3140360823373206e-4,6.85919267163534e-4,9.460081753355516e-4,0.00134658431335096,8.4e-5,1.7e-4,2.6e-4,4.3e-4,6.9e-4,9.5e-4,0.0013,TRUE,FALSE,Center for Forecasting and Outbreak Analytics (CDC/CFA),2026-09-23,PyRenew-E
Delaware,DE,1,wk inc rsv prop ed visits,prop_ed,2026-09-26,2026-10-03,CFA-PyRenew_E,8.41066264081638e-5,1.710595813583129e-4,3.3932643745402877e-4,5.301181104950934e-4,9.513508539826696e-4,0.00145859325594238,0.00229451171709853,8.4e-5,1.7e-4,3.4e-4,5.3e-4,9.5e-4,0.0015,0.0023,TRUE,FALSE,Center for Forecasting and Outbreak Analytics (CDC/CFA),2026-09-23,PyRenew-E
Delaware,DE,2,wk inc rsv prop ed visits,prop_ed,2026-09-26,2026-10-10,CFA-PyRenew_E,0,1.7174153597666154e-4,3.5562847884849263e-4,6.954975796624245e-4,0.00131362798117881,0.00243342282415173,0.00439371638557297,0,1.7e-4,3.6e-4,7e-4,0.0013,0.0024,0.0044,TRUE,FALSE,Center for Forecasting and Outbreak Analytics (CDC/CFA),2026-09-23,PyRenew-E
Delaware,DE,0,wk inc rsv prop ed visits,prop_ed,2026-09-26,2026-09-26,CFA-NowcastAutoGP,1.8673852784233575e-5,4.758187889923165e-5,8.084070814618697e-5,1.3456306952100894e-4,2.172838344019057e-4,3.2728947922925256e-4,5.058633441380215e-4,1.9e-5,4.8e-5,8.1e-5,1.3e-4,2.2e-4,3.3e-4,5.1e-4,TRUE,FALSE,Center for Forecasting and Outbreak Analytics (CDC/CFA),2026-09-23,NowcastAutoGP
Delaware,DE,1,wk inc rsv prop ed visits,prop_ed,2026-09-26,2026-10-03,CFA-NowcastAutoGP,2.5648911919892e-5,5.751019651110316e-5,9.936301961581642e-5,1.6059310924561115e-4,2.5900167489506894e-4,3.7326371713272834e-4,5.66418877975604e-4,2.6e-5,5.8e-5,9.9e-5,1.6e-4,2.6e-4,3.7e-4,5.7e-4,TRUE,FALSE,Center for Forecasting and Outbreak Analytics (CDC/CFA),2026-09-23,NowcastAutoGP
Delaware,DE,2,wk inc rsv prop ed visits,prop_ed,2026-09-26,2026-10-10,CFA-NowcastAutoGP,3.752103637090604e-5,7.610669472824952e-5,1.2048737232807832e-4,1.916238288965242e-4,3.0188509644556063e-4,4.364750897156935e-4,6.565322220552421e-4,3.8e-5,7.6e-5,1.2e-4,1.9e-4,3e-4,4.4e-4,6.6e-4,TRUE,FALSE,Center for Forecasting and Outbreak Analytics (CDC/CFA),2026-09-23,NowcastAutoGP
Delaware,DE,0,wk inc rsv hosp,hosp,2026-09-26,2026-09-26,CFA-PyRenew_H,0,0,0,0,1,3,5,0,0,0,0,1,3,5,FALSE,FALSE,Center for Forecasting and Outbreak Analytics (CDC/CFA),2026-09-23,PyRenew-H
Delaware,DE,1,wk inc rsv hosp,hosp,2026-09-26,2026-10-03,CFA-PyRenew_H,0,0,0,1,2,4,10,0,0,0,1,2,4,10,FALSE,FALSE,Center for Forecasting and Outbreak Analytics (CDC/CFA),2026-09-23,PyRenew-H
Delaware,DE,2,wk inc rsv hosp,hosp,2026-09-26,2026-10-10,CFA-PyRenew_H,0,0,0,1,2,6,18,0,0,0,1,2,6,20,FALSE,FALSE,Center for Forecasting and Outbreak Analytics (CDC/CFA),2026-09-23,PyRenew-H
Delaware,DE,0,wk inc rsv hosp,hosp,2026-09-26,2026-09-26,CFA-PyRenew_HE,0,0,1,2,3,5,8,0,0,1,2,3,5,8,TRUE,FALSE,Center for Forecasting and Outbreak Analytics (CDC/CFA),2026-09-23,PyRenew-HE
Delaware,DE,1,wk inc rsv hosp,hosp,2026-09-26,2026-10-03,CFA-PyRenew_HE,0,0,1,3,5,8,13,0,0,1,3,5,8,10,TRUE,FALSE,Center for Forecasting and Outbreak Analytics (CDC/CFA),2026-09-23,PyRenew-HE
Delaware,DE,2,wk inc rsv hosp,hosp,2026-09-26,2026-10-10,CFA-PyRenew_HE,0,0,1,3,7,13,30,0,0,1,3,7,10,30,TRUE,FALSE,Center for Forecasting and Outbreak Analytics (CDC/CFA),2026-09-23,PyRenew-HE
Delaware,DE,0,wk inc rsv prop ed visits,prop_ed,2026-09-26,2026-09-26,CFA-PyRenew_HE,0,8.714121651228008e-5,2.5357866926976636e-4,3.514541375894792e-4,5.988742794549315e-4,7.942003057189804e-4,0.00112278078602804,0,8.7e-5,2.5e-4,3.5e-4,6e-4,7.9e-4,0.0011,FALSE,FALSE,Center for Forecasting and Outbreak Analytics (CDC/CFA),2026-09-23,PyRenew-HE
Delaware,DE,1,wk inc rsv prop ed visits,prop_ed,2026-09-26,2026-10-03,CFA-PyRenew_HE,0,1.6827395349024228e-4,2.6281441707215697e-4,5.17916235587069e-4,8.565087740651121e-4,0.00127611046761354,0.0022084250030181,0,1.7e-4,2.6e-4,5.2e-4,8.6e-4,0.0013,0.0022,FALSE,FALSE,Center for Forecasting and Outbreak Analytics (CDC/CFA),2026-09-23,PyRenew-HE
Delaware,DE,2,wk inc rsv prop ed visits,prop_ed,2026-09-26,2026-10-10,CFA-PyRenew_HE,8.259191731794605e-5,1.6984231626600082e-4,3.4496503745368493e-4,6.771502188171107e-4,0.00125742684932627,0.00230670601084907,0.0041732419962655,8.3e-5,1.7e-4,3.4e-4,6.8e-4,0.0013,0.0023,0.0042,FALSE,FALSE,Center for Forecasting and Outbreak Analytics (CDC/CFA),2026-09-23,PyRenew-HE
Delaware,DE,0,wk inc rsv hosp,hosp,2026-09-26,2026-09-26,NAU-epymorph,0,0,1,2,3,4,7,0,0,1,2,3,4,7,TRUE,FALSE,Northern Arizona University,2026-09-23,epymorph RSV compartmental model
Delaware,DE,1,wk inc rsv hosp,hosp,2026-09-26,2026-10-03,NAU-epymorph,0,0,1,2,4,7,11,0,0,1,2,4,7,10,TRUE,FALSE,Northern Arizona University,2026-09-23,epymorph RSV compartmental model
Delaware,DE,2,wk inc rsv hosp,hosp,2026-09-26,2026-10-10,NAU-epymorph,0,0,1,3,6,10,19,0,0,1,3,6,10,20,TRUE,FALSE,Northern Arizona University,2026-09-23,epymorph RSV compartmental model
Delaware,DE,0,wk inc rsv hosp,hosp,2026-09-26,2026-09-26,RSVHub-baseline,0,0,1,2,3,7.900000000000034,19.724999999999962,0,0,1,2,3,8,20,FALSE,FALSE,RSVHub-hub-models,2026-09-23,RSVHub baseline model
Delaware,DE,1,wk inc rsv hosp,hosp,2026-09-26,2026-10-03,RSVHub-baseline,0,0,0,2,5,12.019170191701903,26.82971454714547,0,0,0,2,5,10,30,FALSE,FALSE,RSVHub-hub-models,2026-09-23,RSVHub baseline model
Delaware,DE,2,wk inc rsv hosp,hosp,2026-09-26,2026-10-10,RSVHub-baseline,0,0,0,2,7,15.909615096151004,34.30733057330599,0,0,0,2,7,20,30,FALSE,FALSE,RSVHub-hub-models,2026-09-23,RSVHub baseline model
Delaware,DE,0,wk inc rsv prop ed visits,prop_ed,2026-09-26,2026-09-26,RSVHub-baseline,0,0,2.999999999999999e-4,6e-4,9e-4,0.0019999999999999996,0.004767499999999995,0,0,3e-4,6e-4,9e-4,0.002,0.0048,FALSE,FALSE,RSVHub-hub-models,2026-09-23,RSVHub baseline model
Delaware,DE,1,wk inc rsv prop ed visits,prop_ed,2026-09-26,2026-10-03,RSVHub-baseline,0,0,9.99999999999994e-5,6e-4,0.0014999999999999996,0.0033999999999999994,0.00672807260572607,0,0,1e-4,6e-4,0.0015,0.0034,0.0067,FALSE,FALSE,RSVHub-hub-models,2026-09-23,RSVHub baseline model
Delaware,DE,2,wk inc rsv prop ed visits,prop_ed,2026-09-26,2026-10-10,RSVHub-baseline,0,0,0,6e-4,0.0018999999999999998,0.004285283852838525,0.007411474439744399,0,0,0,6e-4,0.0019,0.0043,0.0074,FALSE,FALSE,RSVHub-hub-models,2026-09-23,RSVHub baseline model
Delaware,DE,0,wk inc rsv hosp,hosp,2026-09-26,2026-09-26,RSVHub-ensemble,0,0,1,2,3,4,7,0,0,1,2,3,4,7,FALSE,TRUE,RSVHub,2026-09-23,Ensemble using RSVHub forecast submissions
Delaware,DE,1,wk inc rsv hosp,hosp,2026-09-26,2026-10-03,RSVHub-ensemble,0,0,1,3,4,7,11,0,0,1,3,4,7,10,FALSE,TRUE,RSVHub,2026-09-23,Ensemble using RSVHub forecast submissions
Delaware,DE,2,wk inc rsv hosp,hosp,2026-09-26,2026-10-10,RSVHub-ensemble,0,0,1,3,6,10,19,0,0,1,3,6,10,20,FALSE,TRUE,RSVHub,2026-09-23,Ensemble using RSVHub forecast submissions
Delaware,DE,0,wk inc rsv prop ed visits,prop_ed,2026-09-26,2026-09-26,RSVHub-ensemble,5.129628478444789e-5,1.0813325175064605e-4,1.6949536178257875e-4,2.829833388773705e-4,4.516015507827199e-4,6.366488272824021e-4,9.262238287444908e-4,5.1e-5,1.1e-4,1.7e-4,2.8e-4,4.5e-4,6.4e-4,0.00093000000000000005,FALSE,TRUE,RSVHub,2026-09-23,Ensemble using RSVHub forecast submissions
Delaware,DE,1,wk inc rsv prop ed visits,prop_ed,2026-09-26,2026-10-03,RSVHub-ensemble,5.4877769164027897e-5,1.1428488893470803e-4,2.193447285349226e-4,3.453556098703523e-4,6.051762644388693e-4,9.159284865375542e-4,0.001430465297537067,5.5e-5,1.1e-4,2.2e-4,3.5e-4,6.1e-4,9.2e-4,0.0014,FALSE,TRUE,RSVHub,2026-09-23,Ensemble using RSVHub forecast submissions
Delaware,DE,2,wk inc rsv prop ed visits,prop_ed,2026-09-26,2026-10-10,RSVHub-ensemble,1.876051818545302e-5,1.2392411535245553e-4,2.3805792558828547e-4,4.4356070427947433e-4,8.077565388121854e-4,0.0014349489569337119,0.002525124303814106,1.9e-5,1.2e-4,2.4e-4,4.4e-4,8.1e-4,0.0014,0.0025,FALSE,TRUE,RSVHub,2026-09-23,Ensemble using RSVHub forecast submissions
District of Columbia,DC,0,wk inc rsv hosp,hosp,2026-09-26,2026-09-26,CEPH-Rtrend_rsv,0,0,1,1,1,1,2,0,0,1,1,1,1,2,TRUE,FALSE,CEPH Lab at Indiana University,2026-09-23,Rtrend RSV
District of Columbia,DC,1,wk inc rsv hosp,hosp,2026-09-26,2026-10-03,CEPH-Rtrend_rsv,0,0,1,1,1,1,2,0,0,1,1,1,1,2,TRUE,FALSE,CEPH Lab at Indiana University,2026-09-23,Rtrend RSV
District of Columbia,DC,2,wk inc rsv hosp,hosp,2026-09-26,2026-10-10,CEPH-Rtrend_rsv,0,0,0,1,1,2,3,0,0,0,1,1,2,3,TRUE,FALSE,CEPH Lab at Indiana University,2026-09-23,Rtrend RSV
District of Columbia,DC,0,wk inc rsv prop ed visits,prop_ed,2026-09-26,2026-09-26,CFA-PyRenew_E,0,0,0,1.5723784558915654e-4,3.128599558211541e-4,4.7641962708828e-4,7.907739797071363e-4,0,0,0,1.6e-4,3.1e-4,4.8e-4,7.9e-4,TRUE,FALSE,Center for Forecasting and Outbreak Analytics (CDC/CFA),2026-09-23,PyRenew-E
District of Columbia,DC,1,wk inc rsv prop ed visits,prop_ed,2026-09-26,2026-10-03,CFA-PyRenew_E,0,0,0,1.5721533812551667e-4,3.1833730915602795e-4,4.96687515831552e-4,0.00112217481798608,0,0,0,1.6e-4,3.2e-4,5e-4,0.0011,TRUE,FALSE,Center for Forecasting and Outbreak Analytics (CDC/CFA),2026-09-23,PyRenew-E
District of Columbia,DC,2,wk inc rsv prop ed visits,prop_ed,2026-09-26,2026-10-10,CFA-PyRenew_E,0,0,0,1.5801003450899043e-4,3.2494496398938416e-4,6.647109384591372e-4,0.00160400452640471,0,0,0,1.6e-4,3.2e-4,6.6e-4,0.0016,TRUE,FALSE,Center for Forecasting and Outbreak Analytics (CDC/CFA),2026-09-23,PyRenew-E
District of Columbia,DC,0,wk inc rsv prop ed visits,prop_ed,2026-09-26,2026-09-26,CFA-NowcastAutoGP,0,0,2.382101960895059e-5,8.485920825223654e-5,1.9647587564700723e-4,3.532998847176797e-4,6.860700302129671e-4,0,0,2.4e-5,8.5e-5,2e-4,3.5e-4,6.9e-4,TRUE,FALSE,Center for Forecasting and Outbreak Analytics (CDC/CFA),2026-09-23,NowcastAutoGP
District of Columbia,DC,1,wk inc rsv prop ed visits,prop_ed,2026-09-26,2026-10-03,CFA-NowcastAutoGP,0,0,2.3079507504911855e-5,9.384652581487701e-5,2.2136868385099558e-4,4.4772149944753974e-4,8.796968365826996e-4,0,0,2.3e-5,9.4e-5,2.2e-4,4.5e-4,8.8e-4,TRUE,FALSE,Center for Forecasting and Outbreak Analytics (CDC/CFA),2026-09-23,NowcastAutoGP
District of Columbia,DC,2,wk inc rsv prop ed visits,prop_ed,2026-09-26,2026-10-10,CFA-NowcastAutoGP,0,0,2.7362295216917613e-5,1.1232825472243211e-4,2.50669929117877e-4,5.005200395754461e-4,0.0010222242985121488,0,0,2.7e-5,1.1e-4,2.5e-4,5e-4,0.001,TRUE,FALSE,Center for Forecasting and Outbreak Analytics (CDC/CFA),2026-09-23,NowcastAutoGP
District of Columbia,DC,0,wk inc rsv hosp,hosp,2026-09-26,2026-09-26,CFA-PyRenew_H,0,0,0,0,0,0,1,0,0,0,0,0,0,1,FALSE,FALSE,Center for Forecasting and Outbreak Analytics (CDC/CFA),2026-09-23,PyRenew-H
District of Columbia,DC,1,wk inc rsv hosp,hosp,2026-09-26,2026-10-03,CFA-PyRenew_H,0,0,0,0,0,0,1,0,0,0,0,0,0,1,FALSE,FALSE,Center for Forecasting and Outbreak Analytics (CDC/CFA),2026-09-23,PyRenew-H
District of Columbia,DC,2,wk inc rsv hosp,hosp,2026-09-26,2026-10-10,CFA-PyRenew_H,0,0,0,0,0,0,1,0,0,0,0,0,0,1,FALSE,FALSE,Center for Forecasting and Outbreak Analytics (CDC/CFA),2026-09-23,PyRenew-H
District of Columbia,DC,0,wk inc rsv hosp,hosp,2026-09-26,2026-09-26,CFA-PyRenew_HE,0,0,0,0,1,1,2,0,0,0,0,1,1,2,TRUE,FALSE,Center for Forecasting and Outbreak Analytics (CDC/CFA),2026-09-23,PyRenew-HE
District of Columbia,DC,1,wk inc rsv hosp,hosp,2026-09-26,2026-10-03,CFA-PyRenew_HE,0,0,0,0,1,1,2,0,0,0,0,1,1,2,TRUE,FALSE,Center for Forecasting and Outbreak Analytics (CDC/CFA),2026-09-23,PyRenew-HE
District of Columbia,DC,2,wk inc rsv hosp,hosp,2026-09-26,2026-10-10,CFA-PyRenew_HE,0,0,0,0,1,1,3,0,0,0,0,1,1,3,TRUE,FALSE,Center for Forecasting and Outbreak Analytics (CDC/CFA),2026-09-23,PyRenew-HE
District of Columbia,DC,0,wk inc rsv prop ed visits,prop_ed,2026-09-26,2026-09-26,CFA-PyRenew_HE,0,0,0,0,1.6180014465536413e-4,3.2159832735248966e-4,4.967247695983976e-4,0,0,0,0,1.6e-4,3.2e-4,5e-4,FALSE,FALSE,Center for Forecasting and Outbreak Analytics (CDC/CFA),2026-09-23,PyRenew-HE
District of Columbia,DC,1,wk inc rsv prop ed visits,prop_ed,2026-09-26,2026-10-03,CFA-PyRenew_HE,0,0,0,0,1.63387275231008e-4,3.304293794010783e-4,6.466217508624196e-4,0,0,0,0,1.6e-4,3.3e-4,6.5e-4,FALSE,FALSE,Center for Forecasting and Outbreak Analytics (CDC/CFA),2026-09-23,PyRenew-HE
District of Columbia,DC,2,wk inc rsv prop ed visits,prop_ed,2026-09-26,2026-10-10,CFA-PyRenew_HE,0,0,0,0,1.658718380122704e-4,4.459489215713278e-4,8.127370860021607e-4,0,0,0,0,1.7e-4,4.5e-4,8.1e-4,FALSE,FALSE,Center for Forecasting and Outbreak Analytics (CDC/CFA),2026-09-23,PyRenew-HE
District of Columbia,DC,0,wk inc rsv hosp,hosp,2026-09-26,2026-09-26,NAU-epymorph,0,0,0,0,0,0,2,0,0,0,0,0,0,2,TRUE,FALSE,Northern Arizona University,2026-09-23,epymorph RSV compartmental model
District of Columbia,DC,1,wk inc rsv hosp,hosp,2026-09-26,2026-10-03,NAU-epymorph,0,0,0,0,0,0,2,0,0,0,0,0,0,2,TRUE,FALSE,Northern Arizona University,2026-09-23,epymorph RSV compartmental model
District of Columbia,DC,2,wk inc rsv hosp,hosp,2026-09-26,2026-10-10,NAU-epymorph,0,0,0,0,0,0,2,0,0,0,0,0,0,2,TRUE,FALSE,Northern Arizona University,2026-09-23,epymorph RSV compartmental model
District of Columbia,DC,0,wk inc rsv hosp,hosp,2026-09-26,2026-09-26,RSVHub-baseline,0,0,0,0,1,3,8.24999999999995,0,0,0,0,1,3,8,FALSE,FALSE,RSVHub-hub-models,2026-09-23,RSVHub baseline model
District of Columbia,DC,1,wk inc rsv hosp,hosp,2026-09-26,2026-10-03,RSVHub-baseline,0,0,0,0,2,5,13.285488854888555,0,0,0,0,2,5,10,FALSE,FALSE,RSVHub-hub-models,2026-09-23,RSVHub baseline model
District of Columbia,DC,2,wk inc rsv hosp,hosp,2026-09-26,2026-10-10,RSVHub-baseline,0,0,0,0,3,7,15.61586615866156,0,0,0,0,3,7,20,FALSE,FALSE,RSVHub-hub-models,2026-09-23,RSVHub baseline model
District of Columbia,DC,0,wk inc rsv prop ed visits,prop_ed,2026-09-26,2026-09-26,RSVHub-baseline,0,0,0,0,4e-4,0.0010999999999999998,0.0029674999999999953,0,0,0,0,4e-4,0.0011,0.003,FALSE,FALSE,RSVHub-hub-models,2026-09-23,RSVHub baseline model
District of Columbia,DC,1,wk inc rsv prop ed visits,prop_ed,2026-09-26,2026-10-03,RSVHub-baseline,0,0,0,0,6.32677326773266e-4,0.0018,0.0037326576515765153,0,0,0,0,6.3e-4,0.0018,0.0037,FALSE,FALSE,RSVHub-hub-models,2026-09-23,RSVHub baseline model
District of Columbia,DC,2,wk inc rsv prop ed visits,prop_ed,2026-09-26,2026-10-10,RSVHub-baseline,0,0,0,0,9.000000000000011e-4,0.002400000000000001,0.004400000000000002,0,0,0,0,9e-4,0.0024,0.0044,FALSE,FALSE,RSVHub-hub-models,2026-09-23,RSVHub baseline model
District of Columbia,DC,0,wk inc rsv hosp,hosp,2026-09-26,2026-09-26,RSVHub-ensemble,0,0,0,0,1,1,2,0,0,0,0,1,1,2,FALSE,TRUE,RSVHub,2026-09-23,Ensemble using RSVHub forecast submissions
District of Columbia,DC,1,wk inc rsv hosp,hosp,2026-09-26,2026-10-03,RSVHub-ensemble,0,0,0,0,1,1,2,0,0,0,0,1,1,2,FALSE,TRUE,RSVHub,2026-09-23,Ensemble using RSVHub forecast submissions
District of Columbia,DC,2,wk inc rsv hosp,hosp,2026-09-26,2026-10-10,RSVHub-ensemble,0,0,0,0,1,1,3,0,0,0,0,1,1,3,FALSE,TRUE,RSVHub,2026-09-23,Ensemble using RSVHub forecast submissions
District of Columbia,DC,0,wk inc rsv prop ed visits,prop_ed,2026-09-26,2026-09-26,RSVHub-ensemble,0,0,1.1910509804475295e-5,1.2104852692069654e-4,2.5466791573408067e-4,4.1485975590297987e-4,7.384220049600518e-4,0,0,1.2e-5,1.2e-4,2.5e-4,4.1e-4,7.4e-4,FALSE,TRUE,RSVHub,2026-09-23,Ensemble using RSVHub forecast submissions
District of Columbia,DC,1,wk inc rsv prop ed visits,prop_ed,2026-09-26,2026-10-03,RSVHub-ensemble,0,0,1.1539753752455927e-5,1.2553093197019684e-4,2.6985299650351176e-4,4.7220450763954584e-4,0.0010009358272843898,0,0,1.2e-5,1.3e-4,2.7e-4,4.7e-4,0.001,FALSE,TRUE,RSVHub,2026-09-23,Ensemble using RSVHub forecast submissions
District of Columbia,DC,2,wk inc rsv prop ed visits,prop_ed,2026-09-26,2026-10-10,RSVHub-ensemble,0,0,1.3681147608458806e-5,1.3516914461571126e-4,2.878074465536306e-4,5.826154890172916e-4,0.0013131144124584294,0,0,1.4e-5,1.4e-4,2.9e-4,5.8e-4,0.0013,FALSE,TRUE,RSVHub,2026-09-23,Ensemble using RSVHub forecast submissions
Florida,FL,0,wk inc rsv hosp,hosp,2026-09-26,2026-09-26,CEPH-Rtrend_rsv,88,98,109,121,135,149,163,90,100,110,120,140,150,160,TRUE,FALSE,CEPH Lab at Indiana University,2026-09-23,Rtrend RSV
Florida,FL,1,wk inc rsv hosp,hosp,2026-09-26,2026-10-03,CEPH-Rtrend_rsv,86,99,115,136,159,183,212,90,100,120,140,160,180,210,TRUE,FALSE,CEPH Lab at Indiana University,2026-09-23,Rtrend RSV
Florida,FL,2,wk inc rsv hosp,hosp,2026-09-26,2026-10-10,CEPH-Rtrend_rsv,82,100,121,151,188,228,276,80,100,120,150,190,230,280,TRUE,FALSE,CEPH Lab at Indiana University,2026-09-23,Rtrend RSV
Florida,FL,0,wk inc rsv prop ed visits,prop_ed,2026-09-26,2026-09-26,CFA-PyRenew_E,0.00118473692801994,0.00129290792066181,0.00139890026978336,0.00152504198989598,0.00165727448238201,0.00177616412859779,0.00195213097409851,0.0012,0.0013,0.0014,0.0015,0.0017,0.0018,0.002,TRUE,FALSE,Center for Forecasting and Outbreak Analytics (CDC/CFA),2026-09-23,PyRenew-E
Florida,FL,1,wk inc rsv prop ed visits,prop_ed,2026-09-26,2026-10-03,CFA-PyRenew_E,0.00107347934335754,0.00125695248289221,0.00144533284459273,0.0016574516971152,0.00189073686196122,0.00213998702467544,0.0024987770691528,0.0011,0.0013,0.0014,0.0017,0.0019,0.0021,0.0025,TRUE,FALSE,Center for Forecasting and Outbreak Analytics (CDC/CFA),2026-09-23,PyRenew-E
Florida,FL,2,wk inc rsv prop ed visits,prop_ed,2026-09-26,2026-10-10,CFA-PyRenew_E,9.24230941052452e-4,0.00119001237392124,0.0014940498722332,0.00183247575908432,0.00218987240997262,0.00264426350559658,0.00343344050055227,9.2e-4,0.0012,0.0015,0.0018,0.0022,0.0026,0.0034,TRUE,FALSE,Center for Forecasting and Outbreak Analytics (CDC/CFA),2026-09-23,PyRenew-E
Florida,FL,0,wk inc rsv prop ed visits,prop_ed,2026-09-26,2026-09-26,CFA-NowcastAutoGP,0.0011313247904552982,0.001242440713973115,0.001366445544694199,0.0015200165536879075,0.001672051245822436,0.0018177828135321633,0.0020212644985591385,0.0011,0.0012,0.0014,0.0015,0.0017,0.0018,0.002,TRUE,FALSE,Center for Forecasting and Outbreak Analytics (CDC/CFA),2026-09-23,NowcastAutoGP
Florida,FL,1,wk inc rsv prop ed visits,prop_ed,2026-09-26,2026-10-03,CFA-NowcastAutoGP,0.0010920365241851551,0.0012626988996383437,0.0014518635795972585,0.0016649270219507933,0.0019096215116553943,0.002153157178840778,0.0024212760982139014,0.0011,0.0013,0.0015,0.0017,0.0019,0.0022,0.0024,TRUE,FALSE,Center for Forecasting and Outbreak Analytics (CDC/CFA),2026-09-23,NowcastAutoGP
Florida,FL,2,wk inc rsv prop ed visits,prop_ed,2026-09-26,2026-10-10,CFA-NowcastAutoGP,0.0010540515268349223,0.0012867257460950946,0.0015244664322464135,0.0018288480798494002,0.002175638963338271,0.002545078881073449,0.003018463136580285,0.0011,0.0013,0.0015,0.0018,0.0022,0.0025,0.003,TRUE,FALSE,Center for Forecasting and Outbreak Analytics (CDC/CFA),2026-09-23,NowcastAutoGP
Florida,FL,0,wk inc rsv hosp,hosp,2026-09-26,2026-09-26,CFA-PyRenew_H,81,96,110,127.5,148,171,203,80,100,110,130,150,170,200,FALSE,FALSE,Center for Forecasting and Outbreak Analytics (CDC/CFA),2026-09-23,PyRenew-H
Florida,FL,1,wk inc rsv hosp,hosp,2026-09-26,2026-10-03,CFA-PyRenew_H,81,99,118,143,182.25,235,307,80,100,120,140,180,240,310,FALSE,FALSE,Center for Forecasting and Outbreak Analytics (CDC/CFA),2026-09-23,PyRenew-H
Florida,FL,2,wk inc rsv hosp,hosp,2026-09-26,2026-10-10,CFA-PyRenew_H,75.975,96,125,162,231,330,504,80,100,130,160,230,330,500,FALSE,FALSE,Center for Forecasting and Outbreak Analytics (CDC/CFA),2026-09-23,PyRenew-H
Florida,FL,0,wk inc rsv hosp,hosp,2026-09-26,2026-09-26,CFA-PyRenew_HE,94,109,122,138,156,175,195,90,110,120,140,160,180,200,TRUE,FALSE,Center for Forecasting and Outbreak Analytics (CDC/CFA),2026-09-23,PyRenew-HE
Florida,FL,1,wk inc rsv hosp,hosp,2026-09-26,2026-10-03,CFA-PyRenew_HE,92,109,129,151,179,209.10000000000016,255,90,110,130,150,180,210,260,TRUE,FALSE,Center for Forecasting and Outbreak Analytics (CDC/CFA),2026-09-23,PyRenew-HE
Florida,FL,2,wk inc rsv hosp,hosp,2026-09-26,2026-10-10,CFA-PyRenew_HE,82.97500000000001,106.9,132.75,166,210,256,349.0499999999997,80,110,130,170,210,260,350,TRUE,FALSE,Center for Forecasting and Outbreak Analytics (CDC/CFA),2026-09-23,PyRenew-HE
Florida,FL,0,wk inc rsv prop ed visits,prop_ed,2026-09-26,2026-09-26,CFA-PyRenew_HE,0.00115488559666545,0.00126198186040522,0.0013623100176278,0.00147527427375065,0.001594184071646,0.00171152197462946,0.0018468370305554,0.0012,0.0013,0.0014,0.0015,0.0016,0.0017,0.0018,FALSE,FALSE,Center for Forecasting and Outbreak Analytics (CDC/CFA),2026-09-23,PyRenew-HE
Florida,FL,1,wk inc rsv prop ed visits,prop_ed,2026-09-26,2026-10-03,CFA-PyRenew_HE,0.00104543300243415,0.00123042150408834,0.00141179321581088,0.00160244730436889,0.00182679781308951,0.0020707965273814,0.00242568381313564,0.001,0.0012,0.0014,0.0016,0.0018,0.0021,0.0024,FALSE,FALSE,Center for Forecasting and Outbreak Analytics (CDC/CFA),2026-09-23,PyRenew-HE
Florida,FL,2,wk inc rsv prop ed visits,prop_ed,2026-09-26,2026-10-10,CFA-PyRenew_HE,9.101618588260092e-4,0.00117276385418903,0.00144186680405738,0.00177163821580998,0.00215313654732858,0.00260792241905598,0.00335863412811264,9.1e-4,0.0012,0.0014,0.0018,0.0022,0.0026,0.0034,FALSE,FALSE,Center for Forecasting and Outbreak Analytics (CDC/CFA),2026-09-23,PyRenew-HE
Florida,FL,0,wk inc rsv hosp,hosp,2026-09-26,2026-09-26,NAU-epymorph,75,94,112,136,161,190,231,80,90,110,140,160,190,230,TRUE,FALSE,Northern Arizona University,2026-09-23,epymorph RSV compartmental model
Florida,FL,1,wk inc rsv hosp,hosp,2026-09-26,2026-10-03,NAU-epymorph,64,91,118,158,216,280,403,60,90,120,160,220,280,400,TRUE,FALSE,Northern Arizona University,2026-09-23,epymorph RSV compartmental model
Florida,FL,2,wk inc rsv hosp,hosp,2026-09-26,2026-10-10,NAU-epymorph,60,91,123,184,280,444,657,60,90,120,180,280,440,660,TRUE,FALSE,Northern Arizona University,2026-09-23,epymorph RSV compartmental model
Florida,FL,0,wk inc rsv hosp,hosp,2026-09-26,2026-09-26,RSVHub-baseline,40.82500000000001,86.10000000000001,113,124,135,161.90000000000003,207.17499999999987,40,90,110,120,140,160,210,FALSE,FALSE,RSVHub-hub-models,2026-09-23,RSVHub baseline model
Florida,FL,1,wk inc rsv hosp,hosp,2026-09-26,2026-10-03,RSVHub-baseline,12.16231062310625,58.495286952869535,101.98557735577356,124,146,189.39566495664957,237.91820043200414,10,60,100,120,150,190,240,FALSE,FALSE,RSVHub-hub-models,2026-09-23,RSVHub baseline model
Florida,FL,2,wk inc rsv hosp,hosp,2026-09-26,2026-10-10,RSVHub-baseline,0,44.90181201812019,90.47765727657278,124,157.5910359103591,203.34257042570428,270.2723217232166,0,40,90,120,160,200,270,FALSE,FALSE,RSVHub-hub-models,2026-09-23,RSVHub baseline model
Florida,FL,0,wk inc rsv prop ed visits,prop_ed,2026-09-26,2026-09-26,RSVHub-baseline,3.9999999999999953e-4,8.99999999999999e-4,0.0011000000000000003,0.0013,0.0014999999999999996,0.001700000000000001,0.0022000000000000006,4e-4,9e-4,0.0011,0.0013,0.0015,0.0017,0.0022,FALSE,FALSE,RSVHub-hub-models,2026-09-23,RSVHub baseline model
Florida,FL,1,wk inc rsv prop ed visits,prop_ed,2026-09-26,2026-10-03,RSVHub-baseline,2.0743557435574243e-5,5.999999999999998e-4,0.001,0.0013,0.0015999999999999999,0.002,0.0025999999999999994,2.1e-5,6e-4,0.001,0.0013,0.0016,0.002,0.0026,FALSE,FALSE,RSVHub-hub-models,2026-09-23,RSVHub baseline model
Florida,FL,2,wk inc rsv prop ed visits,prop_ed,2026-09-26,2026-10-10,RSVHub-baseline,0,4.000000000000003e-4,8.999999999999998e-4,0.0013,0.0017000000000000001,0.0021999999999999997,0.002818959889598895,0,4e-4,9e-4,0.0013,0.0017,0.0022,0.0028,FALSE,FALSE,RSVHub-hub-models,2026-09-23,RSVHub baseline model
Florida,FL,0,wk inc rsv hosp,hosp,2026-09-26,2026-09-26,RSVHub-ensemble,88,98,112,136,156,175,195,90,100,110,140,160,180,200,FALSE,TRUE,RSVHub,2026-09-23,Ensemble using RSVHub forecast submissions
Florida,FL,1,wk inc rsv hosp,hosp,2026-09-26,2026-10-03,RSVHub-ensemble,86,99,118,151,179,209.10000000000016,255,90,100,120,150,180,210,260,FALSE,TRUE,RSVHub,2026-09-23,Ensemble using RSVHub forecast submissions
Florida,FL,2,wk inc rsv hosp,hosp,2026-09-26,2026-10-10,RSVHub-ensemble,82,100,123,166,210,256,349.0499999999997,80,100,120,170,210,260,350,FALSE,TRUE,RSVHub,2026-09-23,Ensemble using RSVHub forecast submissions
Florida,FL,0,wk inc rsv prop ed visits,prop_ed,2026-09-26,2026-09-26,RSVHub-ensemble,0.001158030859237619,0.0012676743173174626,0.0013826729072387795,0.0015225292717919439,0.0016646628641022228,0.0017969734710649766,0.0019866977363288242,0.0012,0.0013,0.0014,0.0015,0.0017,0.0018,0.002,FALSE,TRUE,RSVHub,2026-09-23,Ensemble using RSVHub forecast submissions
Florida,FL,1,wk inc rsv prop ed visits,prop_ed,2026-09-26,2026-10-03,RSVHub-ensemble,0.0010827579337713475,0.0012598256912652768,0.0014485982120949943,0.0016611893595329967,0.0019001791868083072,0.002146572101758109,0.0024600265836833505,0.0011,0.0013,0.0014,0.0017,0.0019,0.0021,0.0025,FALSE,TRUE,RSVHub,2026-09-23,Ensemble using RSVHub forecast submissions
Florida,FL,2,wk inc rsv prop ed visits,prop_ed,2026-09-26,2026-10-10,RSVHub-ensemble,9.891412339436871e-4,0.0012383690600081673,0.0015092581522398068,0.0018306619194668602,0.0021827556866554454,0.0025946711933350144,0.0032259518185662776,9.9e-4,0.0012,0.0015,0.0018,0.0022,0.0026,0.0032,FALSE,TRUE,RSVHub,2026-09-23,Ensemble using RSVHub forecast submissions
Georgia,GA,0,wk inc rsv hosp,hosp,2026-09-26,2026-09-26,CEPH-Rtrend_rsv,6,8,11,14,17,22,26,6,8,10,10,20,20,30,TRUE,FALSE,CEPH Lab at Indiana University,2026-09-23,Rtrend RSV
Georgia,GA,1,wk inc rsv hosp,hosp,2026-09-26,2026-10-03,CEPH-Rtrend_rsv,5,7,10,14,19,24,32,5,7,10,10,20,20,30,TRUE,FALSE,CEPH Lab at Indiana University,2026-09-23,Rtrend RSV
Georgia,GA,2,wk inc rsv hosp,hosp,2026-09-26,2026-10-10,CEPH-Rtrend_rsv,3,6,8,14,20,28,40,3,6,8,10,20,30,40,TRUE,FALSE,CEPH Lab at Indiana University,2026-09-23,Rtrend RSV
Georgia,GA,0,wk inc rsv prop ed visits,prop_ed,2026-09-26,2026-09-26,CFA-PyRenew_E,2.564961187751708e-4,3.2491463800626136e-4,3.9906444405067744e-4,4.9728399121254e-4,6.102635861643756e-4,7.337700671348884e-4,8.959762434011081e-4,2.6e-4,3.2e-4,4e-4,5e-4,6.1e-4,7.3e-4,9e-4,TRUE,FALSE,Center for Forecasting and Outbreak Analytics (CDC/CFA),2026-09-23,PyRenew-E
Georgia,GA,1,wk inc rsv prop ed visits,prop_ed,2026-09-26,2026-10-03,CFA-PyRenew_E,2.4344743177129343e-4,3.2854472476044437e-4,4.3577773740809513e-4,5.844670719566418e-4,7.861369790614559e-4,0.00105224108980667,0.00145773693067796,2.4e-4,3.3e-4,4.4e-4,5.8e-4,7.9e-4,0.0011,0.0015,TRUE,FALSE,Center for Forecasting and Outbreak Analytics (CDC/CFA),2026-09-23,PyRenew-E
Georgia,GA,2,wk inc rsv prop ed visits,prop_ed,2026-09-26,2026-10-10,CFA-PyRenew_E,2.1766281754080383e-4,3.26053027822124e-4,4.5188327607951015e-4,6.868014797859513e-4,0.00107167918183725,0.00158327027643238,0.00269448289823609,2.2e-4,3.3e-4,4.5e-4,6.9e-4,0.0011,0.0016,0.0027,TRUE,FALSE,Center for Forecasting and Outbreak Analytics (CDC/CFA),2026-09-23,PyRenew-E
Georgia,GA,0,wk inc rsv prop ed visits,prop_ed,2026-09-26,2026-09-26,CFA-NowcastAutoGP,2.3404683598084148e-4,3.000084190667896e-4,3.62304755435609e-4,4.461847281659353e-4,5.557111236189793e-4,6.724469501682114e-4,8.588030865288196e-4,2.3e-4,3e-4,3.6e-4,4.5e-4,5.6e-4,6.7e-4,8.6e-4,TRUE,FALSE,Center for Forecasting and Outbreak Analytics (CDC/CFA),2026-09-23,NowcastAutoGP
Georgia,GA,1,wk inc rsv prop ed visits,prop_ed,2026-09-26,2026-10-03,CFA-NowcastAutoGP,2.4940481609495426e-4,3.2381224234800054e-4,3.9883421523970847e-4,5.014565168119356e-4,6.287887533019008e-4,7.70603908735059e-4,0.0010411382797291813,2.5e-4,3.2e-4,4e-4,5e-4,6.3e-4,7.7e-4,0.001,TRUE,FALSE,Center for Forecasting and Outbreak Analytics (CDC/CFA),2026-09-23,NowcastAutoGP
Georgia,GA,2,wk inc rsv prop ed visits,prop_ed,2026-09-26,2026-10-10,CFA-NowcastAutoGP,2.6295642690679475e-4,3.390796159846637e-4,4.265370492804911e-4,5.649602638499269e-4,7.292853362507517e-4,9.397458448339182e-4,0.0012213178788302876,2.6e-4,3.4e-4,4.3e-4,5.6e-4,7.3e-4,9.4e-4,0.0012,TRUE,FALSE,Center for Forecasting and Outbreak Analytics (CDC/CFA),2026-09-23,NowcastAutoGP
Georgia,GA,0,wk inc rsv hosp,hosp,2026-09-26,2026-09-26,CFA-PyRenew_H,4,7,9,12,16,20,25,4,7,9,10,20,20,30,FALSE,FALSE,Center for Forecasting and Outbreak Analytics (CDC/CFA),2026-09-23,PyRenew-H
Georgia,GA,1,wk inc rsv hosp,hosp,2026-09-26,2026-10-03,CFA-PyRenew_H,4,6,9,12,17,23,32,4,6,9,10,20,20,30,FALSE,FALSE,Center for Forecasting and Outbreak Analytics (CDC/CFA),2026-09-23,PyRenew-H
Georgia,GA,2,wk inc rsv hosp,hosp,2026-09-26,2026-10-10,CFA-PyRenew_H,3,5,8,13,19,27,46,3,5,8,10,20,30,50,FALSE,FALSE,Center for Forecasting and Outbreak Analytics (CDC/CFA),2026-09-23,PyRenew-H
Georgia,GA,0,wk inc rsv hosp,hosp,2026-09-26,2026-09-26,CFA-PyRenew_HE,9,12,15,19,23,28,34,9,10,20,20,20,30,30,TRUE,FALSE,Center for Forecasting and Outbreak Analytics (CDC/CFA),2026-09-23,PyRenew-HE
Georgia,GA,1,wk inc rsv hosp,hosp,2026-09-26,2026-10-03,CFA-PyRenew_HE,9,12,15,20,26,34,46,9,10,20,20,30,30,50,TRUE,FALSE,Center for Forecasting and Outbreak Analytics (CDC/CFA),2026-09-23,PyRenew-HE
Georgia,GA,2,wk inc rsv hosp,hosp,2026-09-26,2026-10-10,CFA-PyRenew_HE,7,11,16,22,32,46,73,7,10,20,20,30,50,70,TRUE,FALSE,Center for Forecasting and Outbreak Analytics (CDC/CFA),2026-09-23,PyRenew-HE
Georgia,GA,0,wk inc rsv prop ed visits,prop_ed,2026-09-26,2026-09-26,CFA-PyRenew_HE,2.0594114350998868e-4,2.658352298936848e-4,3.2083011373968014e-4,3.9004650590436534e-4,4.678208767089212e-4,5.493684934237397e-4,6.4467966534651e-4,2.1e-4,2.7e-4,3.2e-4,3.9e-4,4.7e-4,5.5e-4,6.4e-4,FALSE,FALSE,Center for Forecasting and Outbreak Analytics (CDC/CFA),2026-09-23,PyRenew-HE
Georgia,GA,1,wk inc rsv prop ed visits,prop_ed,2026-09-26,2026-10-03,CFA-PyRenew_HE,2.015125777664621e-4,2.6096383481187156e-4,3.347950998575431e-4,4.275698594146056e-4,5.507639551176422e-4,6.966041244765214e-4,8.997731499737841e-4,2e-4,2.6e-4,3.3e-4,4.3e-4,5.5e-4,7e-4,9e-4,FALSE,FALSE,Center for Forecasting and Outbreak Analytics (CDC/CFA),2026-09-23,PyRenew-HE
Georgia,GA,2,wk inc rsv prop ed visits,prop_ed,2026-09-26,2026-10-10,CFA-PyRenew_HE,1.686482077724985e-4,2.4701981381449313e-4,3.3356861272855487e-4,4.749434794320897e-4,6.66109892544114e-4,9.405850793217248e-4,0.00140711913147523,1.7e-4,2.5e-4,3.3e-4,4.7e-4,6.7e-4,9.4e-4,0.0014,FALSE,FALSE,Center for Forecasting and Outbreak Analytics (CDC/CFA),2026-09-23,PyRenew-HE
Georgia,GA,0,wk inc rsv hosp,hosp,2026-09-26,2026-09-26,NAU-epymorph,1,6,10,14,20,27,37,1,6,10,10,20,30,40,TRUE,FALSE,Northern Arizona University,2026-09-23,epymorph RSV compartmental model
Georgia,GA,1,wk inc rsv hosp,hosp,2026-09-26,2026-10-03,NAU-epymorph,1,5,9,15,23,33,55,1,5,9,20,20,30,60,TRUE,FALSE,Northern Arizona University,2026-09-23,epymorph RSV compartmental model
Georgia,GA,2,wk inc rsv hosp,hosp,2026-09-26,2026-10-10,NAU-epymorph,1,5,9,15,27,44,88,1,5,9,20,30,40,90,TRUE,FALSE,Northern Arizona University,2026-09-23,epymorph RSV compartmental model
Georgia,GA,0,wk inc rsv hosp,hosp,2026-09-26,2026-09-26,RSVHub-baseline,0,0.10000000000000495,10,13,16,25.900000000000034,67.72499999999995,0,0,10,10,20,30,70,FALSE,FALSE,RSVHub-hub-models,2026-09-23,RSVHub baseline model
Georgia,GA,1,wk inc rsv hosp,hosp,2026-09-26,2026-10-03,RSVHub-baseline,0,0,5,13,21.70316953169533,46,99.76335763357622,0,0,5,10,20,50,100,FALSE,FALSE,RSVHub-hub-models,2026-09-23,RSVHub baseline model
Georgia,GA,2,wk inc rsv hosp,hosp,2026-09-26,2026-10-10,RSVHub-baseline,0,0,2,13,27,59,125.8150774007741,0,0,2,10,30,60,130,FALSE,FALSE,RSVHub-hub-models,2026-09-23,RSVHub baseline model
Georgia,GA,0,wk inc rsv prop ed visits,prop_ed,2026-09-26,2026-09-26,RSVHub-baseline,0,0,3.9999999999999996e-4,5e-4,6.000000000000001e-4,0.0010700000000000006,0.0017674999999999941,0,0,4e-4,5e-4,6e-4,0.0011,0.0018,FALSE,FALSE,RSVHub-hub-models,2026-09-23,RSVHub baseline model
Georgia,GA,1,wk inc rsv prop ed visits,prop_ed,2026-09-26,2026-10-03,RSVHub-baseline,0,0,2.000000000000001e-4,5e-4,8.000000000000001e-4,0.0014000000000000002,0.002015520830208297,0,0,2e-4,5e-4,8e-4,0.0014,0.002,FALSE,FALSE,RSVHub-hub-models,2026-09-23,RSVHub baseline model
Georgia,GA,2,wk inc rsv prop ed visits,prop_ed,2026-09-26,2026-10-10,RSVHub-baseline,0,0,9.999999999999999e-5,5e-4,0.001,0.0016,0.0023469848698486973,0,0,1e-4,5e-4,0.001,0.0016,0.0023,FALSE,FALSE,RSVHub-hub-models,2026-09-23,RSVHub baseline model
Georgia,GA,0,wk inc rsv hosp,hosp,2026-09-26,2026-09-26,RSVHub-ensemble,6,8,11,14,20,27,34,6,8,10,10,20,30,30,FALSE,TRUE,RSVHub,2026-09-23,Ensemble using RSVHub forecast submissions
Georgia,GA,1,wk inc rsv hosp,hosp,2026-09-26,2026-10-03,RSVHub-ensemble,5,7,10,15,23,33,46,5,7,10,20,20,30,50,FALSE,TRUE,RSVHub,2026-09-23,Ensemble using RSVHub forecast submissions
Georgia,GA,2,wk inc rsv hosp,hosp,2026-09-26,2026-10-10,RSVHub-ensemble,3,6,9,15,27,44,73,3,6,9,20,30,40,70,FALSE,TRUE,RSVHub,2026-09-23,Ensemble using RSVHub forecast submissions
Georgia,GA,0,wk inc rsv prop ed visits,prop_ed,2026-09-26,2026-09-26,RSVHub-ensemble,2.4527147737800613e-4,3.124615285365255e-4,3.806845997431432e-4,4.717343596892376e-4,5.829873548916774e-4,7.0310850865155e-4,8.773896649649639e-4,2.5e-4,3.1e-4,3.8e-4,4.7e-4,5.8e-4,7e-4,8.8e-4,FALSE,TRUE,RSVHub,2026-09-23,Ensemble using RSVHub forecast submissions
Georgia,GA,1,wk inc rsv prop ed visits,prop_ed,2026-09-26,2026-10-03,RSVHub-ensemble,2.4642612393312386e-4,3.261784835542225e-4,4.173059763239018e-4,5.429617943842887e-4,7.074628661816783e-4,9.114224992708645e-4,0.0012494376052035708,2.5e-4,3.3e-4,4.2e-4,5.4e-4,7.1e-4,9.1e-4,0.0012,FALSE,TRUE,RSVHub,2026-09-23,Ensemble using RSVHub forecast submissions
Georgia,GA,2,wk inc rsv prop ed visits,prop_ed,2026-09-26,2026-10-10,RSVHub-ensemble,2.403096222237993e-4,3.325663219033939e-4,4.3921016268000065e-4,6.258808718179391e-4,9.004822590440009e-4,0.001261508060633149,0.0019579003885331885,2.4e-4,3.3e-4,4.4e-4,6.3e-4,9e-4,0.0013,0.002,FALSE,TRUE,RSVHub,2026-09-23,Ensemble using RSVHub forecast submissions
Hawaii,HI,0,wk inc rsv hosp,hosp,2026-09-26,2026-09-26,CEPH-Rtrend_rsv,3,4,4,5,6,8,9,3,4,4,5,6,8,9,TRUE,FALSE,CEPH Lab at Indiana University,2026-09-23,Rtrend RSV
Hawaii,HI,1,wk inc rsv hosp,hosp,2026-09-26,2026-10-03,CEPH-Rtrend_rsv,2,3,4,5,7,9,12,2,3,4,5,7,9,10,TRUE,FALSE,CEPH Lab at Indiana University,2026-09-23,Rtrend RSV
Hawaii,HI,2,wk inc rsv hosp,hosp,2026-09-26,2026-10-10,CEPH-Rtrend_rsv,2,3,4,6,8,12,16,2,3,4,6,8,10,20,TRUE,FALSE,CEPH Lab at Indiana University,2026-09-23,Rtrend RSV
Hawaii,HI,0,wk inc rsv prop ed visits,prop_ed,2026-09-26,2026-09-26,CFA-PyRenew_E,9.270964413306266e-4,0.00132994281967754,0.00173538464282164,0.00227643768722796,0.00295819023200395,0.00363251634407948,0.00477538421732125,0.00093000000000000005,0.0013,0.0017,0.0023,0.003,0.0036,0.0048,TRUE,FALSE,Center for Forecasting and Outbreak Analytics (CDC/CFA),2026-09-23,PyRenew-E
Hawaii,HI,1,wk inc rsv prop ed visits,prop_ed,2026-09-26,2026-10-03,CFA-PyRenew_E,8.244770102846119e-4,0.0013133539683872,0.00181724645786188,0.00256847371724601,0.00362375226332479,0.00482763297438823,0.00693459508842135,8.2e-4,0.0013,0.0018,0.0026,0.0036,0.0048,0.0069,TRUE,FALSE,Center for Forecasting and Outbreak Analytics (CDC/CFA),2026-09-23,PyRenew-E
Hawaii,HI,2,wk inc rsv prop ed visits,prop_ed,2026-09-26,2026-10-10,CFA-PyRenew_E,6.245875514168624e-4,0.00122816999826292,0.00188558030088552,0.00285186152082727,0.00442782784853973,0.00644405890977483,0.01059355692044545,6.2e-4,0.0012,0.0019,0.0029,0.0044,0.0064,0.011,TRUE,FALSE,Center for Forecasting and Outbreak Analytics (CDC/CFA),2026-09-23,PyRenew-E
Hawaii,HI,0,wk inc rsv prop ed visits,prop_ed,2026-09-26,2026-09-26,CFA-NowcastAutoGP,8.823386996005588e-4,0.0012056235751374653,0.0015365374425229642,0.00201216696731936,0.002656980754343491,0.003355468569937636,0.0046090034142116055,8.8e-4,0.0012,0.0015,0.002,0.0027,0.0034,0.0046,TRUE,FALSE,Center for Forecasting and Outbreak Analytics (CDC/CFA),2026-09-23,NowcastAutoGP
Hawaii,HI,1,wk inc rsv prop ed visits,prop_ed,2026-09-26,2026-10-03,CFA-NowcastAutoGP,8.886766243735813e-4,0.001183038404978975,0.001611846580264292,0.0021563001146551516,0.002929903208164099,0.0038416206721741475,0.005364634693629047,8.9e-4,0.0012,0.0016,0.0022,0.0029,0.0038,0.0054,TRUE,FALSE,Center for Forecasting and Outbreak Analytics (CDC/CFA),2026-09-23,NowcastAutoGP
Hawaii,HI,2,wk inc rsv prop ed visits,prop_ed,2026-09-26,2026-10-10,CFA-NowcastAutoGP,8.030211611938935e-4,0.0011854133874611142,0.0015742347985655298,0.00223232827106326,0.0031314284447542073,0.004308256245675344,0.006359369004581613,8e-4,0.0012,0.0016,0.0022,0.0031,0.0043,0.0064,TRUE,FALSE,Center for Forecasting and Outbreak Analytics (CDC/CFA),2026-09-23,NowcastAutoGP
Hawaii,HI,0,wk inc rsv hosp,hosp,2026-09-26,2026-09-26,CFA-PyRenew_H,1,2,4,6,9,12,16,1,2,4,6,9,10,20,FALSE,FALSE,Center for Forecasting and Outbreak Analytics (CDC/CFA),2026-09-23,PyRenew-H
Hawaii,HI,1,wk inc rsv hosp,hosp,2026-09-26,2026-10-03,CFA-PyRenew_H,1,2,4,6,10,15,25,1,2,4,6,10,20,30,FALSE,FALSE,Center for Forecasting and Outbreak Analytics (CDC/CFA),2026-09-23,PyRenew-H
Hawaii,HI,2,wk inc rsv hosp,hosp,2026-09-26,2026-10-10,CFA-PyRenew_H,0,2,4,7,13,20,41,0,2,4,7,10,20,40,FALSE,FALSE,Center for Forecasting and Outbreak Analytics (CDC/CFA),2026-09-23,PyRenew-H
Hawaii,HI,0,wk inc rsv hosp,hosp,2026-09-26,2026-09-26,CFA-PyRenew_HE,2,3,5,7,10,13,17,2,3,5,7,10,10,20,TRUE,FALSE,Center for Forecasting and Outbreak Analytics (CDC/CFA),2026-09-23,PyRenew-HE
Hawaii,HI,1,wk inc rsv hosp,hosp,2026-09-26,2026-10-03,CFA-PyRenew_HE,2,3,5,8,11,16,23,2,3,5,8,10,20,20,TRUE,FALSE,Center for Forecasting and Outbreak Analytics (CDC/CFA),2026-09-23,PyRenew-HE
Hawaii,HI,2,wk inc rsv hosp,hosp,2026-09-26,2026-10-10,CFA-PyRenew_HE,1,3,5,9,14,22,34,1,3,5,9,10,20,30,TRUE,FALSE,Center for Forecasting and Outbreak Analytics (CDC/CFA),2026-09-23,PyRenew-HE
Hawaii,HI,0,wk inc rsv prop ed visits,prop_ed,2026-09-26,2026-09-26,CFA-PyRenew_HE,8.414702196576817e-4,0.00117643117396059,0.00159281104707661,0.00207623931892746,0.00269212180555652,0.00333389924977523,0.00413764636647796,8.4e-4,0.0012,0.0016,0.0021,0.0027,0.0033,0.0041,FALSE,FALSE,Center for Forecasting and Outbreak Analytics (CDC/CFA),2026-09-23,PyRenew-HE
Hawaii,HI,1,wk inc rsv prop ed visits,prop_ed,2026-09-26,2026-10-03,CFA-PyRenew_HE,7.124994141634901e-4,0.00112166762864538,0.00163603295252683,0.00228387530498012,0.00319024865581716,0.00426515828184535,0.00600359963960849,7.1e-4,0.0011,0.0016,0.0023,0.0032,0.0043,0.006,FALSE,FALSE,Center for Forecasting and Outbreak Analytics (CDC/CFA),2026-09-23,PyRenew-HE
Hawaii,HI,2,wk inc rsv prop ed visits,prop_ed,2026-09-26,2026-10-10,CFA-PyRenew_HE,5.228649447378065e-4,0.00102530820952544,0.00162470226292408,0.00251219971272513,0.00383051076261572,0.00593451501791087,0.00907114600114329,5.2e-4,0.001,0.0016,0.0025,0.0038,0.0059,0.0091,FALSE,FALSE,Center for Forecasting and Outbreak Analytics (CDC/CFA),2026-09-23,PyRenew-HE
Hawaii,HI,0,wk inc rsv hosp,hosp,2026-09-26,2026-09-26,NAU-epymorph,1,3,5,7,11,14,23,1,3,5,7,10,10,20,TRUE,FALSE,Northern Arizona University,2026-09-23,epymorph RSV compartmental model
Hawaii,HI,1,wk inc rsv hosp,hosp,2026-09-26,2026-10-03,NAU-epymorph,1,3,5,8,13,20,34,1,3,5,8,10,20,30,TRUE,FALSE,Northern Arizona University,2026-09-23,epymorph RSV compartmental model
Hawaii,HI,2,wk inc rsv hosp,hosp,2026-09-26,2026-10-10,NAU-epymorph,1,3,5,9,17,28,59,1,3,5,9,20,30,60,TRUE,FALSE,Northern Arizona University,2026-09-23,epymorph RSV compartmental model
Hawaii,HI,0,wk inc rsv hosp,hosp,2026-09-26,2026-09-26,RSVHub-baseline,0,1,5,7,9,13,17.42499999999996,0,1,5,7,9,10,20,FALSE,FALSE,RSVHub-hub-models,2026-09-23,RSVHub baseline model
Hawaii,HI,1,wk inc rsv hosp,hosp,2026-09-26,2026-10-03,RSVHub-baseline,0,0,3.2896003960039595,7,11,15,22,0,0,3,7,10,20,20,FALSE,FALSE,RSVHub-hub-models,2026-09-23,RSVHub baseline model
Hawaii,HI,2,wk inc rsv hosp,hosp,2026-09-26,2026-10-10,RSVHub-baseline,0,0,2,7,12,17,25.585707357073588,0,0,2,7,10,20,30,FALSE,FALSE,RSVHub-hub-models,2026-09-23,RSVHub baseline model
Hawaii,HI,0,wk inc rsv prop ed visits,prop_ed,2026-09-26,2026-09-26,RSVHub-baseline,0,0.0011000000000000003,0.0017,0.002,0.0023,0.0029,0.004067499999999995,0,0.0011,0.0017,0.002,0.0023,0.0029,0.0041,FALSE,FALSE,RSVHub-hub-models,2026-09-23,RSVHub baseline model
Hawaii,HI,1,wk inc rsv prop ed visits,prop_ed,2026-09-26,2026-10-03,RSVHub-baseline,0,5.000000000000007e-4,0.001399999999999999,0.002,0.0026302885528855287,0.0035,0.0048743174181741815,0,5e-4,0.0014,0.002,0.0026,0.0035,0.0049,FALSE,FALSE,RSVHub-hub-models,2026-09-23,RSVHub baseline model
Hawaii,HI,2,wk inc rsv prop ed visits,prop_ed,2026-09-26,2026-10-10,RSVHub-baseline,0,1.2405514055140605e-4,0.0011097410974109738,0.002,0.0029,0.0039000000000000007,0.005556006660066595,0,1.2e-4,0.0011,0.002,0.0029,0.0039,0.0056,FALSE,FALSE,RSVHub-hub-models,2026-09-23,RSVHub baseline model
Hawaii,HI,0,wk inc rsv hosp,hosp,2026-09-26,2026-09-26,RSVHub-ensemble,2,3,5,7,10,13,17,2,3,5,7,10,10,20,FALSE,TRUE,RSVHub,2026-09-23,Ensemble using RSVHub forecast submissions
Hawaii,HI,1,wk inc rsv hosp,hosp,2026-09-26,2026-10-03,RSVHub-ensemble,2,3,5,8,11,16,23,2,3,5,8,10,20,20,FALSE,TRUE,RSVHub,2026-09-23,Ensemble using RSVHub forecast submissions
Hawaii,HI,2,wk inc rsv hosp,hosp,2026-09-26,2026-10-10,RSVHub-ensemble,1,3,5,9,14,22,34,1,3,5,9,10,20,30,FALSE,TRUE,RSVHub,2026-09-23,Ensemble using RSVHub forecast submissions
Hawaii,HI,0,wk inc rsv prop ed visits,prop_ed,2026-09-26,2026-09-26,RSVHub-ensemble,9.047175704655927e-4,0.0012677831974075026,0.0016359610426723021,0.0021443023272736603,0.0028075854931737206,0.003493992457008558,0.004692193815766427,9e-4,0.0013,0.0016,0.0021,0.0028,0.0035,0.0047,FALSE,TRUE,RSVHub,2026-09-23,Ensemble using RSVHub forecast submissions
Hawaii,HI,1,wk inc rsv prop ed visits,prop_ed,2026-09-26,2026-10-03,RSVHub-ensemble,8.565768173290966e-4,0.0012481961866830874,0.0017145465190630859,0.0023623869159505807,0.0032768277357444445,0.004334626823281189,0.006149614891025198,8.6e-4,0.0012,0.0017,0.0024,0.0033,0.0043,0.0061,FALSE,TRUE,RSVHub,2026-09-23,Ensemble using RSVHub forecast submissions
Hawaii,HI,2,wk inc rsv prop ed visits,prop_ed,2026-09-26,2026-10-10,RSVHub-ensemble,7.13804356305378e-4,0.001206791692862017,0.0017299075497255248,0.002542094895945265,0.003779628146646969,0.005376157577725087,0.008476462962513531,7.1e-4,0.0012,0.0017,0.0025,0.0038,0.0054,0.0085,FALSE,TRUE,RSVHub,2026-09-23,Ensemble using RSVHub forecast submissions
Idaho,ID,0,wk inc rsv hosp,hosp,2026-09-26,2026-09-26,CEPH-Rtrend_rsv,1,1,1,2,2,3,3,1,1,1,2,2,3,3,TRUE,FALSE,CEPH Lab at Indiana University,2026-09-23,Rtrend RSV
Idaho,ID,1,wk inc rsv hosp,hosp,2026-09-26,2026-10-03,CEPH-Rtrend_rsv,1,1,1,2,2,3,4,1,1,1,2,2,3,4,TRUE,FALSE,CEPH Lab at Indiana University,2026-09-23,Rtrend RSV
Idaho,ID,2,wk inc rsv hosp,hosp,2026-09-26,2026-10-10,CEPH-Rtrend_rsv,0,1,1,2,3,3,5,0,1,1,2,3,3,5,TRUE,FALSE,CEPH Lab at Indiana University,2026-09-23,Rtrend RSV
Idaho,ID,0,wk inc rsv prop ed visits,prop_ed,2026-09-26,2026-09-26,CFA-PyRenew_E,0,0,0,6.939375211291401e-5,7.443157971642115e-5,1.4841959698951384e-4,2.903666998846387e-4,0,0,0,6.9e-5,7.4e-5,1.5e-4,2.9e-4,TRUE,FALSE,Center for Forecasting and Outbreak Analytics (CDC/CFA),2026-09-23,PyRenew-E
Idaho,ID,1,wk inc rsv prop ed visits,prop_ed,2026-09-26,2026-10-03,CFA-PyRenew_E,0,0,0,0,7.424618590472908e-5,1.492852066412524e-4,2.9793288549380403e-4,0,0,0,0,7.4e-5,1.5e-4,3e-4,TRUE,FALSE,Center for Forecasting and Outbreak Analytics (CDC/CFA),2026-09-23,PyRenew-E
Idaho,ID,2,wk inc rsv prop ed visits,prop_ed,2026-09-26,2026-10-10,CFA-PyRenew_E,0,0,0,0,7.484770412114776e-5,2.1343004710844e-4,4.298450808691342e-4,0,0,0,0,7.5e-5,2.1e-4,4.3e-4,TRUE,FALSE,Center for Forecasting and Outbreak Analytics (CDC/CFA),2026-09-23,PyRenew-E
Idaho,ID,0,wk inc rsv prop ed visits,prop_ed,2026-09-26,2026-09-26,CFA-NowcastAutoGP,0,2.335251017188047e-6,2.151418663589807e-5,5.635219936035606e-5,1.070565411524418e-4,1.795878213285547e-4,3.1250356224334585e-4,0,2.3e-6,2.2e-5,5.6e-5,1.1e-4,1.8e-4,3.1e-4,TRUE,FALSE,Center for Forecasting and Outbreak Analytics (CDC/CFA),2026-09-23,NowcastAutoGP
Idaho,ID,1,wk inc rsv prop ed visits,prop_ed,2026-09-26,2026-10-03,CFA-NowcastAutoGP,0,4.103649390011453e-6,2.6431234836756942e-5,6.247191722952622e-5,1.2595040609470598e-4,2.0775249287880462e-4,3.734110273651027e-4,0,4.1e-6,2.6e-5,6.2e-5,1.3e-4,2.1e-4,3.7e-4,TRUE,FALSE,Center for Forecasting and Outbreak Analytics (CDC/CFA),2026-09-23,NowcastAutoGP
Idaho,ID,2,wk inc rsv prop ed visits,prop_ed,2026-09-26,2026-10-10,CFA-NowcastAutoGP,0,2.9506391749498824e-6,2.8014264301875643e-5,7.089188174052425e-5,1.4027481315043064e-4,2.609279118961717e-4,4.57211205619533e-4,0,3e-6,2.8e-5,7.1e-5,1.4e-4,2.6e-4,4.6e-4,TRUE,FALSE,Center for Forecasting and Outbreak Analytics (CDC/CFA),2026-09-23,NowcastAutoGP
Idaho,ID,0,wk inc rsv hosp,hosp,2026-09-26,2026-09-26,CFA-PyRenew_H,0,0,0,0,0,0,0,0,0,0,0,0,0,0,FALSE,FALSE,Center for Forecasting and Outbreak Analytics (CDC/CFA),2026-09-23,PyRenew-H
Idaho,ID,1,wk inc rsv hosp,hosp,2026-09-26,2026-10-03,CFA-PyRenew_H,0,0,0,0,0,0,0,0,0,0,0,0,0,0,FALSE,FALSE,Center for Forecasting and Outbreak Analytics (CDC/CFA),2026-09-23,PyRenew-H
Idaho,ID,2,wk inc rsv hosp,hosp,2026-09-26,2026-10-10,CFA-PyRenew_H,0,0,0,0,0,0,0,0,0,0,0,0,0,0,FALSE,FALSE,Center for Forecasting and Outbreak Analytics (CDC/CFA),2026-09-23,PyRenew-H
Idaho,ID,0,wk inc rsv hosp,hosp,2026-09-26,2026-09-26,CFA-PyRenew_HE,0,0,0,0,0,1,2,0,0,0,0,0,1,2,TRUE,FALSE,Center for Forecasting and Outbreak Analytics (CDC/CFA),2026-09-23,PyRenew-HE
Idaho,ID,1,wk inc rsv hosp,hosp,2026-09-26,2026-10-03,CFA-PyRenew_HE,0,0,0,0,0,1,2,0,0,0,0,0,1,2,TRUE,FALSE,Center for Forecasting and Outbreak Analytics (CDC/CFA),2026-09-23,PyRenew-HE
Idaho,ID,2,wk inc rsv hosp,hosp,2026-09-26,2026-10-10,CFA-PyRenew_HE,0,0,0,0,0,1,2,0,0,0,0,0,1,2,TRUE,FALSE,Center for Forecasting and Outbreak Analytics (CDC/CFA),2026-09-23,PyRenew-HE
Idaho,ID,0,wk inc rsv prop ed visits,prop_ed,2026-09-26,2026-09-26,CFA-PyRenew_HE,0,0,0,0,7.352237981663636e-5,1.4657735405032031e-4,2.2211199184326015e-4,0,0,0,0,7.4e-5,1.5e-4,2.2e-4,FALSE,FALSE,Center for Forecasting and Outbreak Analytics (CDC/CFA),2026-09-23,PyRenew-HE
Idaho,ID,1,wk inc rsv prop ed visits,prop_ed,2026-09-26,2026-10-03,CFA-PyRenew_HE,0,0,0,0,7.328119737955121e-5,1.4594534310377334e-4,2.2625330829533305e-4,0,0,0,0,7.3e-5,1.5e-4,2.3e-4,FALSE,FALSE,Center for Forecasting and Outbreak Analytics (CDC/CFA),2026-09-23,PyRenew-HE
Idaho,ID,2,wk inc rsv prop ed visits,prop_ed,2026-09-26,2026-10-10,CFA-PyRenew_HE,0,0,0,0,7.351463513012476e-5,1.478936694475515e-4,2.992013905572056e-4,0,0,0,0,7.4e-5,1.5e-4,3e-4,FALSE,FALSE,Center for Forecasting and Outbreak Analytics (CDC/CFA),2026-09-23,PyRenew-HE
Idaho,ID,0,wk inc rsv hosp,hosp,2026-09-26,2026-09-26,NAU-epymorph,0,0,0,0,0,0,0,0,0,0,0,0,0,0,TRUE,FALSE,Northern Arizona University,2026-09-23,epymorph RSV compartmental model
Idaho,ID,1,wk inc rsv hosp,hosp,2026-09-26,2026-10-03,NAU-epymorph,0,0,0,0,0,0,0,0,0,0,0,0,0,0,TRUE,FALSE,Northern Arizona University,2026-09-23,epymorph RSV compartmental model
Idaho,ID,2,wk inc rsv hosp,hosp,2026-09-26,2026-10-10,NAU-epymorph,0,0,0,0,0,0,1,0,0,0,0,0,0,1,TRUE,FALSE,Northern Arizona University,2026-09-23,epymorph RSV compartmental model
Idaho,ID,0,wk inc rsv hosp,hosp,2026-09-26,2026-09-26,RSVHub-baseline,0,0,0,0,1,6,16,0,0,0,0,1,6,20,FALSE,FALSE,RSVHub-hub-models,2026-09-23,RSVHub baseline model
Idaho,ID,1,wk inc rsv hosp,hosp,2026-09-26,2026-10-03,RSVHub-baseline,0,0,0,0,4,11.425594255942551,20.97196821968218,0,0,0,0,4,10,20,FALSE,FALSE,RSVHub-hub-models,2026-09-23,RSVHub baseline model
Idaho,ID,2,wk inc rsv hosp,hosp,2026-09-26,2026-10-10,RSVHub-baseline,0,0,0,0,5,13.852435524355244,23.79730922309219,0,0,0,0,5,10,20,FALSE,FALSE,RSVHub-hub-models,2026-09-23,RSVHub baseline model
Idaho,ID,0,wk inc rsv prop ed visits,prop_ed,2026-09-26,2026-09-26,RSVHub-baseline,0,0,0,1e-4,4e-4,0.0013700000000000008,0.0030674999999999956,0,0,0,1e-4,4e-4,0.0014,0.0031,FALSE,FALSE,RSVHub-hub-models,2026-09-23,RSVHub baseline model
Idaho,ID,1,wk inc rsv prop ed visits,prop_ed,2026-09-26,2026-10-03,RSVHub-baseline,0,0,0,1e-4,8.000000000000004e-4,0.002339472694726948,0.005028438734387339,0,0,0,1e-4,8e-4,0.0023,0.005,FALSE,FALSE,RSVHub-hub-models,2026-09-23,RSVHub baseline model
Idaho,ID,2,wk inc rsv prop ed visits,prop_ed,2026-09-26,2026-10-10,RSVHub-baseline,0,0,0,9.999999999999999e-5,0.0011831808318083176,0.0028000000000000004,0.005804795997959965,0,0,0,1e-4,0.0012,0.0028,0.0058,FALSE,FALSE,RSVHub-hub-models,2026-09-23,RSVHub baseline model
Idaho,ID,0,wk inc rsv hosp,hosp,2026-09-26,2026-09-26,RSVHub-ensemble,0,0,0,0,0,1,2,0,0,0,0,0,1,2,FALSE,TRUE,RSVHub,2026-09-23,Ensemble using RSVHub forecast submissions
Idaho,ID,1,wk inc rsv hosp,hosp,2026-09-26,2026-10-03,RSVHub-ensemble,0,0,0,0,0,1,2,0,0,0,0,0,1,2,FALSE,TRUE,RSVHub,2026-09-23,Ensemble using RSVHub forecast submissions
Idaho,ID,2,wk inc rsv hosp,hosp,2026-09-26,2026-10-10,RSVHub-ensemble,0,0,0,0,0,1,2,0,0,0,0,0,1,2,FALSE,TRUE,RSVHub,2026-09-23,Ensemble using RSVHub forecast submissions
Idaho,ID,0,wk inc rsv prop ed visits,prop_ed,2026-09-26,2026-09-26,RSVHub-ensemble,0,1.1676255085940234e-6,1.0757093317949034e-5,6.287297573663503e-5,9.074406043443148e-5,1.6400370915903425e-4,3.014351310639923e-4,0,1.2e-6,1.1e-5,6.3e-5,9.1e-5,1.6e-4,3e-4,FALSE,TRUE,RSVHub,2026-09-23,Ensemble using RSVHub forecast submissions
Idaho,ID,1,wk inc rsv prop ed visits,prop_ed,2026-09-26,2026-10-03,RSVHub-ensemble,0,2.0518246950057267e-6,1.3215617418378471e-5,3.123595861476311e-5,1.0009829599971754e-4,1.7851884976002852e-4,3.356719564294534e-4,0,2.1e-6,1.3e-5,3.1e-5,1e-4,1.8e-4,3.4e-4,FALSE,TRUE,RSVHub,2026-09-23,Ensemble using RSVHub forecast submissions
Idaho,ID,2,wk inc rsv prop ed visits,prop_ed,2026-09-26,2026-10-10,RSVHub-ensemble,0,1.4753195874749412e-6,1.4007132150937821e-5,3.544594087026212e-5,1.075612586357892e-4,2.3717897950230584e-4,4.435281432443336e-4,0,1.5e-6,1.4e-5,3.5e-5,1.1e-4,2.4e-4,4.4e-4,FALSE,TRUE,RSVHub,2026-09-23,Ensemble using RSVHub forecast submissions
Illinois,IL,0,wk inc rsv hosp,hosp,2026-09-26,2026-09-26,CEPH-Rtrend_rsv,1,4,6,10,13,17,21,1,4,6,10,10,20,20,TRUE,FALSE,CEPH Lab at Indiana University,2026-09-23,Rtrend RSV
Illinois,IL,1,wk inc rsv hosp,hosp,2026-09-26,2026-10-03,CEPH-Rtrend_rsv,1,3,6,9,14,19,25,1,3,6,9,10,20,30,TRUE,FALSE,CEPH Lab at Indiana University,2026-09-23,Rtrend RSV
Illinois,IL,2,wk inc rsv hosp,hosp,2026-09-26,2026-10-10,CEPH-Rtrend_rsv,0,3,4,9,14,21,33,0,3,4,9,10,20,30,TRUE,FALSE,CEPH Lab at Indiana University,2026-09-23,Rtrend RSV
Illinois,IL,0,wk inc rsv prop ed visits,prop_ed,2026-09-26,2026-09-26,CFA-PyRenew_E,6.728479635363584e-5,9.985564550881968e-5,1.3149188324756275e-4,1.714498353105464e-4,2.2181456015605948e-4,2.7512050223739144e-4,3.364685551394185e-4,6.7e-5,1e-4,1.3e-4,1.7e-4,2.2e-4,2.8e-4,3.4e-4,TRUE,FALSE,Center for Forecasting and Outbreak Analytics (CDC/CFA),2026-09-23,PyRenew-E
Illinois,IL,1,wk inc rsv prop ed visits,prop_ed,2026-09-26,2026-10-03,CFA-PyRenew_E,5.497425799195787e-5,8.479207083025235e-5,1.2145311766915466e-4,1.7288681211660682e-4,2.395597776033509e-4,3.158452251462774e-4,4.325479345505379e-4,5.5e-5,8.5e-5,1.2e-4,1.7e-4,2.4e-4,3.2e-4,4.3e-4,TRUE,FALSE,Center for Forecasting and Outbreak Analytics (CDC/CFA),2026-09-23,PyRenew-E
Illinois,IL,2,wk inc rsv prop ed visits,prop_ed,2026-09-26,2026-10-10,CFA-PyRenew_E,3.738866248210861e-5,6.625627532638842e-5,1.0548152500228206e-4,1.7009979226307863e-4,2.5900009330032516e-4,3.7939958663145727e-4,6.029114641208432e-4,3.7e-5,6.6e-5,1.1e-4,1.7e-4,2.6e-4,3.8e-4,6e-4,TRUE,FALSE,Center for Forecasting and Outbreak Analytics (CDC/CFA),2026-09-23,PyRenew-E
Illinois,IL,0,wk inc rsv prop ed visits,prop_ed,2026-09-26,2026-09-26,CFA-NowcastAutoGP,1.0206919278427486e-4,1.24560430900498e-4,1.528929495866018e-4,1.8865247312500937e-4,2.3309922410309625e-4,2.797634209675339e-4,3.583025572228094e-4,1e-4,1.2e-4,1.5e-4,1.9e-4,2.3e-4,2.8e-4,3.6e-4,TRUE,FALSE,Center for Forecasting and Outbreak Analytics (CDC/CFA),2026-09-23,NowcastAutoGP
Illinois,IL,1,wk inc rsv prop ed visits,prop_ed,2026-09-26,2026-10-03,CFA-NowcastAutoGP,9.182291395500676e-5,1.1974556526862646e-4,1.5151891623217784e-4,1.983310011228292e-4,2.604785673620721e-4,3.2666315999988935e-4,4.2731501956049195e-4,9.2e-5,1.2e-4,1.5e-4,2e-4,2.6e-4,3.3e-4,4.3e-4,TRUE,FALSE,Center for Forecasting and Outbreak Analytics (CDC/CFA),2026-09-23,NowcastAutoGP
Illinois,IL,2,wk inc rsv prop ed visits,prop_ed,2026-09-26,2026-10-10,CFA-NowcastAutoGP,8.347400181257566e-5,1.1641507168975976e-4,1.5646753754702927e-4,2.1105923813583485e-4,2.860250221870793e-4,3.8858652549603916e-4,5.139274927960005e-4,8.3e-5,1.2e-4,1.6e-4,2.1e-4,2.9e-4,3.9e-4,5.1e-4,TRUE,FALSE,Center for Forecasting and Outbreak Analytics (CDC/CFA),2026-09-23,NowcastAutoGP
Illinois,IL,0,wk inc rsv hosp,hosp,2026-09-26,2026-09-26,CFA-PyRenew_H,2,4,7,10,14,19,27,2,4,7,10,10,20,30,FALSE,FALSE,Center for Forecasting and Outbreak Analytics (CDC/CFA),2026-09-23,PyRenew-H
Illinois,IL,1,wk inc rsv hosp,hosp,2026-09-26,2026-10-03,CFA-PyRenew_H,3,5,8.75,14,22,33.100000000000136,57,3,5,9,10,20,30,60,FALSE,FALSE,Center for Forecasting and Outbreak Analytics (CDC/CFA),2026-09-23,PyRenew-H
Illinois,IL,2,wk inc rsv hosp,hosp,2026-09-26,2026-10-10,CFA-PyRenew_H,3,6,10,18,35,62.100000000000136,130.02499999999986,3,6,10,20,40,60,130,FALSE,FALSE,Center for Forecasting and Outbreak Analytics (CDC/CFA),2026-09-23,PyRenew-H
Illinois,IL,0,wk inc rsv hosp,hosp,2026-09-26,2026-09-26,CFA-PyRenew_HE,2,3,5,7,9,12,15,2,3,5,7,9,10,20,TRUE,FALSE,Center for Forecasting and Outbreak Analytics (CDC/CFA),2026-09-23,PyRenew-HE
Illinois,IL,1,wk inc rsv hosp,hosp,2026-09-26,2026-10-03,CFA-PyRenew_HE,2,3,5,7,11,15,20,2,3,5,7,10,20,20,TRUE,FALSE,Center for Forecasting and Outbreak Analytics (CDC/CFA),2026-09-23,PyRenew-HE
Illinois,IL,2,wk inc rsv hosp,hosp,2026-09-26,2026-10-10,CFA-PyRenew_HE,1,3,5,8,12,19,34.024999999999864,1,3,5,8,10,20,30,TRUE,FALSE,Center for Forecasting and Outbreak Analytics (CDC/CFA),2026-09-23,PyRenew-HE
Illinois,IL,0,wk inc rsv prop ed visits,prop_ed,2026-09-26,2026-09-26,CFA-PyRenew_HE,8.468953890933357e-5,1.2201053204181685e-4,1.521458970551654e-4,1.972318186495676e-4,2.471021563908815e-4,3.036281739383545e-4,3.6821460844793934e-4,8.5e-5,1.2e-4,1.5e-4,2e-4,2.5e-4,3e-4,3.7e-4,FALSE,FALSE,Center for Forecasting and Outbreak Analytics (CDC/CFA),2026-09-23,PyRenew-HE
Illinois,IL,1,wk inc rsv prop ed visits,prop_ed,2026-09-26,2026-10-03,CFA-PyRenew_HE,7.532029123558268e-5,1.1155410213587952e-4,1.538347734428161e-4,2.142693905239798e-4,2.913038257667239e-4,3.753316490907116e-4,5.057051993757902e-4,7.5e-5,1.1e-4,1.5e-4,2.1e-4,2.9e-4,3.8e-4,5.1e-4,FALSE,FALSE,Center for Forecasting and Outbreak Analytics (CDC/CFA),2026-09-23,PyRenew-HE
Illinois,IL,2,wk inc rsv prop ed visits,prop_ed,2026-09-26,2026-10-10,CFA-PyRenew_HE,5.433190585064547e-5,9.628025721184567e-5,1.5135517625800316e-4,2.2845287831018392e-4,3.5413998273427585e-4,5.24647937166428e-4,8.669035537159106e-4,5.4e-5,9.6e-5,1.5e-4,2.3e-4,3.5e-4,5.2e-4,8.7e-4,FALSE,FALSE,Center for Forecasting and Outbreak Analytics (CDC/CFA),2026-09-23,PyRenew-HE
Illinois,IL,0,wk inc rsv hosp,hosp,2026-09-26,2026-09-26,NAU-epymorph,2,5,8,12,15,21,31,2,5,8,10,20,20,30,TRUE,FALSE,Northern Arizona University,2026-09-23,epymorph RSV compartmental model
Illinois,IL,1,wk inc rsv hosp,hosp,2026-09-26,2026-10-03,NAU-epymorph,2,6,9,15,23,36,65,2,6,9,20,20,40,70,TRUE,FALSE,Northern Arizona University,2026-09-23,epymorph RSV compartmental model
Illinois,IL,2,wk inc rsv hosp,hosp,2026-09-26,2026-10-10,NAU-epymorph,2,6,11,19,37,69,156,2,6,10,20,40,70,160,TRUE,FALSE,Northern Arizona University,2026-09-23,epymorph RSV compartmental model
Illinois,IL,0,wk inc rsv hosp,hosp,2026-09-26,2026-09-26,RSVHub-baseline,0,0,6,10,14,39.7000000000001,90.07499999999972,0,0,6,10,10,40,90,FALSE,FALSE,RSVHub-hub-models,2026-09-23,RSVHub baseline model
Illinois,IL,1,wk inc rsv hosp,hosp,2026-09-26,2026-10-03,RSVHub-baseline,0,0,1,10,26.99162991629919,64.49165691656917,124.25751057510595,0,0,1,10,30,60,120,FALSE,FALSE,RSVHub-hub-models,2026-09-23,RSVHub baseline model
Illinois,IL,2,wk inc rsv hosp,hosp,2026-09-26,2026-10-10,RSVHub-baseline,0,0,0,10,36.54665046650468,80.41428314283145,148.70910134101362,0,0,0,10,40,80,150,FALSE,FALSE,RSVHub-hub-models,2026-09-23,RSVHub baseline model
Illinois,IL,0,wk inc rsv prop ed visits,prop_ed,2026-09-26,2026-09-26,RSVHub-baseline,0,0,4.0657581468206416e-19,2e-4,3.9999999999999964e-4,0.0011000000000000014,0.0027349999999999883,0,0,4.1e-19,2e-4,4e-4,0.0011,0.0027,FALSE,FALSE,RSVHub-hub-models,2026-09-23,RSVHub baseline model
Illinois,IL,1,wk inc rsv prop ed visits,prop_ed,2026-09-26,2026-10-03,RSVHub-baseline,0,0,0,2e-4,7.999999999999986e-4,0.0020414328143281454,0.003434443294432934,0,0,0,2e-4,8e-4,0.002,0.0034,FALSE,FALSE,RSVHub-hub-models,2026-09-23,RSVHub baseline model
Illinois,IL,2,wk inc rsv prop ed visits,prop_ed,2026-09-26,2026-10-10,RSVHub-baseline,0,0,0,2e-4,0.0010000000000000007,0.002339786597865976,0.004071536490364892,0,0,0,2e-4,0.001,0.0023,0.0041,FALSE,FALSE,RSVHub-hub-models,2026-09-23,RSVHub baseline model
Illinois,IL,0,wk inc rsv hosp,hosp,2026-09-26,2026-09-26,RSVHub-ensemble,2,4,6,10,13,17,21,2,4,6,10,10,20,20,FALSE,TRUE,RSVHub,2026-09-23,Ensemble using RSVHub forecast submissions
Illinois,IL,1,wk inc rsv hosp,hosp,2026-09-26,2026-10-03,RSVHub-ensemble,2,3,6,9,14,19,25,2,3,6,9,10,20,30,FALSE,TRUE,RSVHub,2026-09-23,Ensemble using RSVHub forecast submissions
Illinois,IL,2,wk inc rsv hosp,hosp,2026-09-26,2026-10-10,RSVHub-ensemble,1,3,5,9,14,21,34.024999999999864,1,3,5,9,10,20,30,FALSE,TRUE,RSVHub,2026-09-23,Ensemble using RSVHub forecast submissions
Illinois,IL,0,wk inc rsv prop ed visits,prop_ed,2026-09-26,2026-09-26,RSVHub-ensemble,8.467699456895535e-5,1.1220803820465884e-4,1.4219241641708226e-4,1.800511542177779e-4,2.2745689212957785e-4,2.7744196160246266e-4,3.4738555618111394e-4,8.5e-5,1.1e-4,1.4e-4,1.8e-4,2.3e-4,2.8e-4,3.5e-4,FALSE,TRUE,RSVHub,2026-09-23,Ensemble using RSVHub forecast submissions
Illinois,IL,1,wk inc rsv prop ed visits,prop_ed,2026-09-26,2026-10-03,RSVHub-ensemble,7.339858597348232e-5,1.022688180494394e-4,1.3648601695066625e-4,1.8560890661971802e-4,2.500191724827115e-4,3.212541925730834e-4,4.299314770555149e-4,7.3e-5,1e-4,1.4e-4,1.9e-4,2.5e-4,3.2e-4,4.3e-4,FALSE,TRUE,RSVHub,2026-09-23,Ensemble using RSVHub forecast submissions
Illinois,IL,2,wk inc rsv prop ed visits,prop_ed,2026-09-26,2026-10-10,RSVHub-ensemble,6.043133214734213e-5,9.133567350807409e-5,1.3097453127465568e-4,1.9057951519945674e-4,2.725125577437022e-4,3.839930560637482e-4,5.584194784584219e-4,6e-5,9.1e-5,1.3e-4,1.9e-4,2.7e-4,3.8e-4,5.6e-4,FALSE,TRUE,RSVHub,2026-09-23,Ensemble using RSVHub forecast submissions
Indiana,IN,0,wk inc rsv hosp,hosp,2026-09-26,2026-09-26,CEPH-Rtrend_rsv,1,2,2,3,4,5,7,1,2,2,3,4,5,7,TRUE,FALSE,CEPH Lab at Indiana University,2026-09-23,Rtrend RSV
Indiana,IN,1,wk inc rsv hosp,hosp,2026-09-26,2026-10-03,CEPH-Rtrend_rsv,1,2,2,4,5,8,11,1,2,2,4,5,8,10,TRUE,FALSE,CEPH Lab at Indiana University,2026-09-23,Rtrend RSV
Indiana,IN,2,wk inc rsv hosp,hosp,2026-09-26,2026-10-10,CEPH-Rtrend_rsv,1,1,2,4,7,12,19,1,1,2,4,7,10,20,TRUE,FALSE,CEPH Lab at Indiana University,2026-09-23,Rtrend RSV
Indiana,IN,0,wk inc rsv prop ed visits,prop_ed,2026-09-26,2026-09-26,CFA-PyRenew_E,5.862889473960882e-5,9.875585213727232e-5,1.3959229581669573e-4,2.0052005892755789e-4,2.827287335453822e-4,3.718848086360765e-4,4.80147896234925e-4,5.9e-5,9.9e-5,1.4e-4,2e-4,2.8e-4,3.7e-4,4.8e-4,TRUE,FALSE,Center for Forecasting and Outbreak Analytics (CDC/CFA),2026-09-23,PyRenew-E
Indiana,IN,1,wk inc rsv prop ed visits,prop_ed,2026-09-26,2026-10-03,CFA-PyRenew_E,5.762155415810754e-5,9.66441000515873e-5,1.566534014289329e-4,2.384516911980305e-4,3.5300439077554617e-4,5.021260122428056e-4,7.334076593178942e-4,5.8e-5,9.7e-5,1.6e-4,2.4e-4,3.5e-4,5e-4,7.3e-4,TRUE,FALSE,Center for Forecasting and Outbreak Analytics (CDC/CFA),2026-09-23,PyRenew-E
Indiana,IN,2,wk inc rsv prop ed visits,prop_ed,2026-09-26,2026-10-10,CFA-PyRenew_E,3.9062837273320215e-5,8.016044697761836e-5,1.5626714504642574e-4,2.6513534166328425e-4,4.4075622582368104e-4,7.600527571232672e-4,0.00134333353841863,3.9e-5,8e-5,1.6e-4,2.7e-4,4.4e-4,7.6e-4,0.0013,TRUE,FALSE,Center for Forecasting and Outbreak Analytics (CDC/CFA),2026-09-23,PyRenew-E
Indiana,IN,0,wk inc rsv prop ed visits,prop_ed,2026-09-26,2026-09-26,CFA-NowcastAutoGP,9.014360682032442e-5,1.2415413705506938e-4,1.6254202167549278e-4,2.1841181306087113e-4,2.8838337400883347e-4,3.655568394638144e-4,4.758331006602488e-4,9e-5,1.2e-4,1.6e-4,2.2e-4,2.9e-4,3.7e-4,4.8e-4,TRUE,FALSE,Center for Forecasting and Outbreak Analytics (CDC/CFA),2026-09-23,NowcastAutoGP
Indiana,IN,1,wk inc rsv prop ed visits,prop_ed,2026-09-26,2026-10-03,CFA-NowcastAutoGP,9.291782188303128e-5,1.3539783713535723e-4,1.7900704823957142e-4,2.4374924829981712e-4,3.329880241246737e-4,4.362111265791619e-4,5.778639724853742e-4,9.3e-5,1.4e-4,1.8e-4,2.4e-4,3.3e-4,4.4e-4,5.8e-4,TRUE,FALSE,Center for Forecasting and Outbreak Analytics (CDC/CFA),2026-09-23,NowcastAutoGP
Indiana,IN,2,wk inc rsv prop ed visits,prop_ed,2026-09-26,2026-10-10,CFA-NowcastAutoGP,9.928068458202812e-5,1.3856062699157788e-4,1.8668282655927082e-4,2.679754549442453e-4,3.811435031752274e-4,5.085843887823172e-4,7.358133447856826e-4,9.9e-5,1.4e-4,1.9e-4,2.7e-4,3.8e-4,5.1e-4,7.4e-4,TRUE,FALSE,Center for Forecasting and Outbreak Analytics (CDC/CFA),2026-09-23,NowcastAutoGP
Indiana,IN,0,wk inc rsv hosp,hosp,2026-09-26,2026-09-26,CFA-PyRenew_H,0,0,1,2,4,6,8,0,0,1,2,4,6,8,FALSE,FALSE,Center for Forecasting and Outbreak Analytics (CDC/CFA),2026-09-23,PyRenew-H
Indiana,IN,1,wk inc rsv hosp,hosp,2026-09-26,2026-10-03,CFA-PyRenew_H,0,0,1,2,4,7,12,0,0,1,2,4,7,10,FALSE,FALSE,Center for Forecasting and Outbreak Analytics (CDC/CFA),2026-09-23,PyRenew-H
Indiana,IN,2,wk inc rsv hosp,hosp,2026-09-26,2026-10-10,CFA-PyRenew_H,0,0,1,2,4,8,18,0,0,1,2,4,8,20,FALSE,FALSE,Center for Forecasting and Outbreak Analytics (CDC/CFA),2026-09-23,PyRenew-H
Indiana,IN,0,wk inc rsv hosp,hosp,2026-09-26,2026-09-26,CFA-PyRenew_HE,1,2,3,4,6,8,11,1,2,3,4,6,8,10,TRUE,FALSE,Center for Forecasting and Outbreak Analytics (CDC/CFA),2026-09-23,PyRenew-HE
Indiana,IN,1,wk inc rsv hosp,hosp,2026-09-26,2026-10-03,CFA-PyRenew_HE,0,2,3,5,7,10.100000000000136,15,0,2,3,5,7,10,20,TRUE,FALSE,Center for Forecasting and Outbreak Analytics (CDC/CFA),2026-09-23,PyRenew-HE
Indiana,IN,2,wk inc rsv hosp,hosp,2026-09-26,2026-10-10,CFA-PyRenew_HE,0,1,3,5,8,13,23,0,1,3,5,8,10,20,TRUE,FALSE,Center for Forecasting and Outbreak Analytics (CDC/CFA),2026-09-23,PyRenew-HE
Indiana,IN,0,wk inc rsv prop ed visits,prop_ed,2026-09-26,2026-09-26,CFA-PyRenew_HE,3.93911790439701e-5,7.732059791824134e-5,1.1556364695487408e-4,1.5794020820569687e-4,2.1597209044694197e-4,2.769893181685192e-4,3.5985156767196874e-4,3.9e-5,7.7e-5,1.2e-4,1.6e-4,2.2e-4,2.8e-4,3.6e-4,FALSE,FALSE,Center for Forecasting and Outbreak Analytics (CDC/CFA),2026-09-23,PyRenew-HE
Indiana,IN,1,wk inc rsv prop ed visits,prop_ed,2026-09-26,2026-10-03,CFA-PyRenew_HE,3.908735040159138e-5,6.138932860160345e-5,1.1604459188318504e-4,1.7502880857001745e-4,2.499764160335504e-4,3.471533294597715e-4,4.915703929481114e-4,3.9e-5,6.1e-5,1.2e-4,1.8e-4,2.5e-4,3.5e-4,4.9e-4,FALSE,FALSE,Center for Forecasting and Outbreak Analytics (CDC/CFA),2026-09-23,PyRenew-HE
Indiana,IN,2,wk inc rsv prop ed visits,prop_ed,2026-09-26,2026-10-10,CFA-PyRenew_HE,2.0158577109644503e-5,6.0077415828975976e-5,1.1342058841949044e-4,1.8017138927955552e-4,2.9283755020260494e-4,4.7334463557431903e-4,7.660937743844641e-4,2e-5,6e-5,1.1e-4,1.8e-4,2.9e-4,4.7e-4,7.7e-4,FALSE,FALSE,Center for Forecasting and Outbreak Analytics (CDC/CFA),2026-09-23,PyRenew-HE
Indiana,IN,0,wk inc rsv hosp,hosp,2026-09-26,2026-09-26,NAU-epymorph,0,0,1,3,5,9,16,0,0,1,3,5,9,20,TRUE,FALSE,Northern Arizona University,2026-09-23,epymorph RSV compartmental model
Indiana,IN,1,wk inc rsv hosp,hosp,2026-09-26,2026-10-03,NAU-epymorph,0,0,1,3,7,12,22,0,0,1,3,7,10,20,TRUE,FALSE,Northern Arizona University,2026-09-23,epymorph RSV compartmental model
Indiana,IN,2,wk inc rsv hosp,hosp,2026-09-26,2026-10-10,NAU-epymorph,0,0,1,4,8,17,41,0,0,1,4,8,20,40,TRUE,FALSE,Northern Arizona University,2026-09-23,epymorph RSV compartmental model
Indiana,IN,0,wk inc rsv hosp,hosp,2026-09-26,2026-09-26,RSVHub-baseline,0,0,0,2,4.250000000000007,15,50.6249999999998,0,0,0,2,4,20,50,FALSE,FALSE,RSVHub-hub-models,2026-09-23,RSVHub baseline model
Indiana,IN,1,wk inc rsv hosp,hosp,2026-09-26,2026-10-03,RSVHub-baseline,0,0,0,2,10.482742327423274,31.4630186301865,69.80219077190758,0,0,0,2,10,30,70,FALSE,FALSE,RSVHub-hub-models,2026-09-23,RSVHub baseline model
Indiana,IN,2,wk inc rsv hosp,hosp,2026-09-26,2026-10-10,RSVHub-baseline,0,0,0,2,14,40.69906999069995,87.67901779017753,0,0,0,2,10,40,90,FALSE,FALSE,RSVHub-hub-models,2026-09-23,RSVHub baseline model
Indiana,IN,0,wk inc rsv prop ed visits,prop_ed,2026-09-26,2026-09-26,RSVHub-baseline,0,0,2.5000000000000845e-5,2e-4,3.749999999999992e-4,8.999999999999999e-4,0.0021000000000000007,0,0,2.5e-5,2e-4,3.8e-4,9e-4,0.0021,FALSE,FALSE,RSVHub-hub-models,2026-09-23,RSVHub baseline model
Indiana,IN,1,wk inc rsv prop ed visits,prop_ed,2026-09-26,2026-10-03,RSVHub-baseline,0,0,0,2e-4,6.000000000000007e-4,0.0014916203162031647,0.002937065670656695,0,0,0,2e-4,6e-4,0.0015,0.0029,FALSE,FALSE,RSVHub-hub-models,2026-09-23,RSVHub baseline model
Indiana,IN,2,wk inc rsv prop ed visits,prop_ed,2026-09-26,2026-10-10,RSVHub-baseline,0,0,0,2e-4,8.426774267742663e-4,0.001834209842098419,0.0032273566485664855,0,0,0,2e-4,8.4e-4,0.0018,0.0032,FALSE,FALSE,RSVHub-hub-models,2026-09-23,RSVHub baseline model
Indiana,IN,0,wk inc rsv hosp,hosp,2026-09-26,2026-09-26,RSVHub-ensemble,1,2,2,3,5,8,11,1,2,2,3,5,8,10,FALSE,TRUE,RSVHub,2026-09-23,Ensemble using RSVHub forecast submissions
Indiana,IN,1,wk inc rsv hosp,hosp,2026-09-26,2026-10-03,RSVHub-ensemble,0,2,2,4,7,10.100000000000136,15,0,2,2,4,7,10,20,FALSE,TRUE,RSVHub,2026-09-23,Ensemble using RSVHub forecast submissions
Indiana,IN,2,wk inc rsv hosp,hosp,2026-09-26,2026-10-10,RSVHub-ensemble,0,1,2,4,8,13,23,0,1,2,4,8,10,20,FALSE,TRUE,RSVHub,2026-09-23,Ensemble using RSVHub forecast submissions
Indiana,IN,0,wk inc rsv prop ed visits,prop_ed,2026-09-26,2026-09-26,RSVHub-ensemble,7.438625077996662e-5,1.1145499459617085e-4,1.5106715874609424e-4,2.0946593599421452e-4,2.8555605377710784e-4,3.687208240499455e-4,4.779904984475869e-4,7.4e-5,1.1e-4,1.5e-4,2.1e-4,2.9e-4,3.7e-4,4.8e-4,FALSE,TRUE,RSVHub,2026-09-23,Ensemble using RSVHub forecast submissions
Indiana,IN,1,wk inc rsv prop ed visits,prop_ed,2026-09-26,2026-10-03,RSVHub-ensemble,7.52696880205694e-5,1.1602096859347226e-4,1.6783022483425218e-4,2.411004697489238e-4,3.4299620745010997e-4,0.00046916856941098375,6.556358159016341e-4,7.5e-5,1.2e-4,1.7e-4,2.4e-4,3.4e-4,4.7e-4,6.6e-4,FALSE,TRUE,RSVHub,2026-09-23,Ensemble using RSVHub forecast submissions
Indiana,IN,2,wk inc rsv prop ed visits,prop_ed,2026-09-26,2026-10-10,RSVHub-ensemble,6.917176092767417e-5,1.0936053698459811e-4,1.7147498580284828e-4,2.665553983037648e-4,4.109498644994542e-4,6.343185729527922e-4,0.0010395734416021563,6.9e-5,1.1e-4,1.7e-4,2.7e-4,4.1e-4,6.3e-4,0.001,FALSE,TRUE,RSVHub,2026-09-23,Ensemble using RSVHub forecast submissions
Iowa,IA,0,wk inc rsv hosp,hosp,2026-09-26,2026-09-26,CEPH-Rtrend_rsv,0,1,1,2,4,6,7,0,1,1,2,4,6,7,TRUE,FALSE,CEPH Lab at Indiana University,2026-09-23,Rtrend RSV
Iowa,IA,1,wk inc rsv hosp,hosp,2026-09-26,2026-10-03,CEPH-Rtrend_rsv,0,0,1,2,4,6,8,0,0,1,2,4,6,8,TRUE,FALSE,CEPH Lab at Indiana University,2026-09-23,Rtrend RSV
Iowa,IA,2,wk inc rsv hosp,hosp,2026-09-26,2026-10-10,CEPH-Rtrend_rsv,0,0,1,2,4,6,10,0,0,1,2,4,6,10,TRUE,FALSE,CEPH Lab at Indiana University,2026-09-23,Rtrend RSV
Iowa,IA,0,wk inc rsv hosp,hosp,2026-09-26,2026-09-26,CFA-PyRenew_H,0,0,0,1,2,4,6,0,0,0,1,2,4,6,FALSE,FALSE,Center for Forecasting and Outbreak Analytics (CDC/CFA),2026-09-23,PyRenew-H
Iowa,IA,1,wk inc rsv hosp,hosp,2026-09-26,2026-10-03,CFA-PyRenew_H,0,0,0,1,3,5,10.024999999999864,0,0,0,1,3,5,10,FALSE,FALSE,Center for Forecasting and Outbreak Analytics (CDC/CFA),2026-09-23,PyRenew-H
Iowa,IA,2,wk inc rsv hosp,hosp,2026-09-26,2026-10-10,CFA-PyRenew_H,0,0,0,1,3,7,17,0,0,0,1,3,7,20,FALSE,FALSE,Center for Forecasting and Outbreak Analytics (CDC/CFA),2026-09-23,PyRenew-H
Iowa,IA,0,wk inc rsv hosp,hosp,2026-09-26,2026-09-26,NAU-epymorph,0,0,1,2,4,6,12,0,0,1,2,4,6,10,TRUE,FALSE,Northern Arizona University,2026-09-23,epymorph RSV compartmental model
Iowa,IA,1,wk inc rsv hosp,hosp,2026-09-26,2026-10-03,NAU-epymorph,0,0,1,3,5,9,24,0,0,1,3,5,9,20,TRUE,FALSE,Northern Arizona University,2026-09-23,epymorph RSV compartmental model
Iowa,IA,2,wk inc rsv hosp,hosp,2026-09-26,2026-10-10,NAU-epymorph,0,0,1,3,7,15,45,0,0,1,3,7,20,50,TRUE,FALSE,Northern Arizona University,2026-09-23,epymorph RSV compartmental model
Iowa,IA,0,wk inc rsv hosp,hosp,2026-09-26,2026-09-26,RSVHub-baseline,0,0,0,1,2,11.800000000000068,29.724999999999962,0,0,0,1,2,10,30,FALSE,FALSE,RSVHub-hub-models,2026-09-23,RSVHub baseline model
Iowa,IA,1,wk inc rsv hosp,hosp,2026-09-26,2026-10-03,RSVHub-baseline,0,0,0,1,6,20.19096690966909,58.84893873938675,0,0,0,1,6,20,60,FALSE,FALSE,RSVHub-hub-models,2026-09-23,RSVHub baseline model
Iowa,IA,2,wk inc rsv hosp,hosp,2026-09-26,2026-10-10,RSVHub-baseline,0,0,0,1,9.554210542105409,26.251612516125164,83.70398703987041,0,0,0,1,10,30,80,FALSE,FALSE,RSVHub-hub-models,2026-09-23,RSVHub baseline model
Iowa,IA,0,wk inc rsv prop ed visits,prop_ed,2026-09-26,2026-09-26,RSVHub-baseline,0,0,0,0,3.000000000000001e-4,0.0014,0.003609999999999992,0,0,0,0,3e-4,0.0014,0.0036,FALSE,FALSE,RSVHub-hub-models,2026-09-23,RSVHub baseline model
Iowa,IA,1,wk inc rsv prop ed visits,prop_ed,2026-09-26,2026-10-03,RSVHub-baseline,0,0,0,0,8.000000000000027e-4,0.0022704253042530468,0.00459284650346502,0,0,0,0,8e-4,0.0023,0.0046,FALSE,FALSE,RSVHub-hub-models,2026-09-23,RSVHub baseline model
Iowa,IA,2,wk inc rsv prop ed visits,prop_ed,2026-09-26,2026-10-10,RSVHub-baseline,0,0,0,0,0.0012878411284112851,0.0030017771177711923,0.0058000000000000005,0,0,0,0,0.0013,0.003,0.0058,FALSE,FALSE,RSVHub-hub-models,2026-09-23,RSVHub baseline model
Iowa,IA,0,wk inc rsv hosp,hosp,2026-09-26,2026-09-26,RSVHub-ensemble,0,0.5,1,2,4,6,9.5,0,1,1,2,4,6,10,FALSE,TRUE,RSVHub,2026-09-23,Ensemble using RSVHub forecast submissions
Iowa,IA,1,wk inc rsv hosp,hosp,2026-09-26,2026-10-03,RSVHub-ensemble,0,0,1,2.5,4.5,7.5,16,0,0,1,3,5,8,20,FALSE,TRUE,RSVHub,2026-09-23,Ensemble using RSVHub forecast submissions
Iowa,IA,2,wk inc rsv hosp,hosp,2026-09-26,2026-10-10,RSVHub-ensemble,0,0,1,2.5,5.5,10.5,27.5,0,0,1,3,6,10,30,FALSE,TRUE,RSVHub,2026-09-23,Ensemble using RSVHub forecast submissions
Kansas,KS,0,wk inc rsv hosp,hosp,2026-09-26,2026-09-26,CEPH-Rtrend_rsv,0,0,1,1,2,2,3,0,0,1,1,2,2,3,TRUE,FALSE,CEPH Lab at Indiana University,2026-09-23,Rtrend RSV
Kansas,KS,1,wk inc rsv hosp,hosp,2026-09-26,2026-10-03,CEPH-Rtrend_rsv,0,0,1,1,2,3,5,0,0,1,1,2,3,5,TRUE,FALSE,CEPH Lab at Indiana University,2026-09-23,Rtrend RSV
Kansas,KS,2,wk inc rsv hosp,hosp,2026-09-26,2026-10-10,CEPH-Rtrend_rsv,0,0,0,1,2,4,8,0,0,0,1,2,4,8,TRUE,FALSE,CEPH Lab at Indiana University,2026-09-23,Rtrend RSV
Kansas,KS,0,wk inc rsv prop ed visits,prop_ed,2026-09-26,2026-09-26,CFA-PyRenew_E,0,3.8467356517717905e-5,7.74171521231146e-5,1.5344989146194138e-4,2.3135484810860116e-4,3.43362235278827e-4,5.025462912495397e-4,0,3.8e-5,7.7e-5,1.5e-4,2.3e-4,3.4e-4,5e-4,TRUE,FALSE,Center for Forecasting and Outbreak Analytics (CDC/CFA),2026-09-23,PyRenew-E
Kansas,KS,1,wk inc rsv prop ed visits,prop_ed,2026-09-26,2026-10-03,CFA-PyRenew_E,0,3.874243895313867e-5,1.1057390515552233e-4,1.8959622823670877e-4,3.073586180822938e-4,4.76815547967748e-4,7.633374430898905e-4,0,3.9e-5,1.1e-4,1.9e-4,3.1e-4,4.8e-4,7.6e-4,TRUE,FALSE,Center for Forecasting and Outbreak Analytics (CDC/CFA),2026-09-23,PyRenew-E
Kansas,KS,2,wk inc rsv prop ed visits,prop_ed,2026-09-26,2026-10-10,CFA-PyRenew_E,0,3.8673323396909106e-5,1.1303290429284098e-4,1.982497848007736e-4,4.226838076564363e-4,7.39564392142182e-4,0.00147509443463916,0,3.9e-5,1.1e-4,2e-4,4.2e-4,7.4e-4,0.0015,TRUE,FALSE,Center for Forecasting and Outbreak Analytics (CDC/CFA),2026-09-23,PyRenew-E
Kansas,KS,0,wk inc rsv prop ed visits,prop_ed,2026-09-26,2026-09-26,CFA-NowcastAutoGP,4.001347223591882e-5,6.674622994998086e-5,1.0312965890458935e-4,1.5778122463335246e-4,2.3698160246407894e-4,3.392678938893986e-4,5.490775721319299e-4,4e-5,6.7e-5,1e-4,1.6e-4,2.4e-4,3.4e-4,5.5e-4,TRUE,FALSE,Center for Forecasting and Outbreak Analytics (CDC/CFA),2026-09-23,NowcastAutoGP
Kansas,KS,1,wk inc rsv prop ed visits,prop_ed,2026-09-26,2026-10-03,CFA-NowcastAutoGP,3.843051315358403e-5,7.000382273715946e-5,1.1266243418799383e-4,1.8148971898897107e-4,2.7879175990451553e-4,4.1120769252358115e-4,6.12039629205964e-4,3.8e-5,7e-5,1.1e-4,1.8e-4,2.8e-4,4.1e-4,6.1e-4,TRUE,FALSE,Center for Forecasting and Outbreak Analytics (CDC/CFA),2026-09-23,NowcastAutoGP
Kansas,KS,2,wk inc rsv prop ed visits,prop_ed,2026-09-26,2026-10-10,CFA-NowcastAutoGP,4.000317788909572e-5,7.285192733776915e-5,1.1750189672869892e-4,1.8804222847991866e-4,2.9868648904296947e-4,4.490826301735372e-4,7.084080074795924e-4,4e-5,7.3e-5,1.2e-4,1.9e-4,3e-4,4.5e-4,7.1e-4,TRUE,FALSE,Center for Forecasting and Outbreak Analytics (CDC/CFA),2026-09-23,NowcastAutoGP
Kansas,KS,0,wk inc rsv hosp,hosp,2026-09-26,2026-09-26,CFA-PyRenew_H,0,0,0,1,2,3,5,0,0,0,1,2,3,5,FALSE,FALSE,Center for Forecasting and Outbreak Analytics (CDC/CFA),2026-09-23,PyRenew-H
Kansas,KS,1,wk inc rsv hosp,hosp,2026-09-26,2026-10-03,CFA-PyRenew_H,0,0,0,1,2,3,7,0,0,0,1,2,3,7,FALSE,FALSE,Center for Forecasting and Outbreak Analytics (CDC/CFA),2026-09-23,PyRenew-H
Kansas,KS,2,wk inc rsv hosp,hosp,2026-09-26,2026-10-10,CFA-PyRenew_H,0,0,0,1,2,5,11,0,0,0,1,2,5,10,FALSE,FALSE,Center for Forecasting and Outbreak Analytics (CDC/CFA),2026-09-23,PyRenew-H
Kansas,KS,0,wk inc rsv hosp,hosp,2026-09-26,2026-09-26,CFA-PyRenew_HE,0,0,1,2,3,5,7,0,0,1,2,3,5,7,TRUE,FALSE,Center for Forecasting and Outbreak Analytics (CDC/CFA),2026-09-23,PyRenew-HE
Kansas,KS,1,wk inc rsv hosp,hosp,2026-09-26,2026-10-03,CFA-PyRenew_HE,0,0,1,2,4,6,10,0,0,1,2,4,6,10,TRUE,FALSE,Center for Forecasting and Outbreak Analytics (CDC/CFA),2026-09-23,PyRenew-HE
Kansas,KS,2,wk inc rsv hosp,hosp,2026-09-26,2026-10-10,CFA-PyRenew_HE,0,0,1,3,5,9,17,0,0,1,3,5,9,20,TRUE,FALSE,Center for Forecasting and Outbreak Analytics (CDC/CFA),2026-09-23,PyRenew-HE
Kansas,KS,0,wk inc rsv prop ed visits,prop_ed,2026-09-26,2026-09-26,CFA-PyRenew_HE,0,3.820019885906574e-5,7.637305945366983e-5,1.1710504283097807e-4,1.9342410215438823e-4,2.708973082126761e-4,3.881828251150867e-4,0,3.8e-5,7.6e-5,1.2e-4,1.9e-4,2.7e-4,3.9e-4,FALSE,FALSE,Center for Forecasting and Outbreak Analytics (CDC/CFA),2026-09-23,PyRenew-HE
Kansas,KS,1,wk inc rsv prop ed visits,prop_ed,2026-09-26,2026-10-03,CFA-PyRenew_HE,0,3.8448821812533655e-5,7.721169097770594e-5,1.538606501184716e-4,2.403345738014326e-4,3.578997629864102e-4,5.744870214820628e-4,0,3.8e-5,7.7e-5,1.5e-4,2.4e-4,3.6e-4,5.7e-4,FALSE,FALSE,Center for Forecasting and Outbreak Analytics (CDC/CFA),2026-09-23,PyRenew-HE
Kansas,KS,2,wk inc rsv prop ed visits,prop_ed,2026-09-26,2026-10-10,CFA-PyRenew_HE,0,3.821780474712327e-5,7.82933282536257e-5,1.885389047188075e-4,3.377329155948603e-4,5.447209011100243e-4,9.762837444265532e-4,0,3.8e-5,7.8e-5,1.9e-4,3.4e-4,5.4e-4,9.8e-4,FALSE,FALSE,Center for Forecasting and Outbreak Analytics (CDC/CFA),2026-09-23,PyRenew-HE
Kansas,KS,0,wk inc rsv hosp,hosp,2026-09-26,2026-09-26,NAU-epymorph,0,0,0,1,3,5,10,0,0,0,1,3,5,10,TRUE,FALSE,Northern Arizona University,2026-09-23,epymorph RSV compartmental model
Kansas,KS,1,wk inc rsv hosp,hosp,2026-09-26,2026-10-03,NAU-epymorph,0,0,0,1,4,8,17,0,0,0,1,4,8,20,TRUE,FALSE,Northern Arizona University,2026-09-23,epymorph RSV compartmental model
Kansas,KS,2,wk inc rsv hosp,hosp,2026-09-26,2026-10-10,NAU-epymorph,0,0,0,2,5,12,32,0,0,0,2,5,10,30,TRUE,FALSE,Northern Arizona University,2026-09-23,epymorph RSV compartmental model
Kansas,KS,0,wk inc rsv hosp,hosp,2026-09-26,2026-09-26,RSVHub-baseline,0,0,0,1,3,8,27.724999999999962,0,0,0,1,3,8,30,FALSE,FALSE,RSVHub-hub-models,2026-09-23,RSVHub baseline model
Kansas,KS,1,wk inc rsv hosp,hosp,2026-09-26,2026-10-03,RSVHub-baseline,0,0,0,1,6,15,35.85750457504591,0,0,0,1,6,20,40,FALSE,FALSE,RSVHub-hub-models,2026-09-23,RSVHub baseline model
Kansas,KS,2,wk inc rsv hosp,hosp,2026-09-26,2026-10-10,RSVHub-baseline,0,0,0,1,7.277202772027692,20.98485284852853,40.52181246812438,0,0,0,1,7,20,40,FALSE,FALSE,RSVHub-hub-models,2026-09-23,RSVHub baseline model
Kansas,KS,0,wk inc rsv prop ed visits,prop_ed,2026-09-26,2026-09-26,RSVHub-baseline,0,0,0,2e-4,4e-4,0.0010999999999999998,0.002300000000000001,0,0,0,2e-4,4e-4,0.0011,0.0023,FALSE,FALSE,RSVHub-hub-models,2026-09-23,RSVHub baseline model
Kansas,KS,1,wk inc rsv prop ed visits,prop_ed,2026-09-26,2026-10-03,RSVHub-baseline,0,0,0,2e-4,7.505515055150563e-4,0.0016999999999999993,0.0034788128881288755,0,0,0,2e-4,7.5e-4,0.0017,0.0035,FALSE,FALSE,RSVHub-hub-models,2026-09-23,RSVHub baseline model
Kansas,KS,2,wk inc rsv prop ed visits,prop_ed,2026-09-26,2026-10-10,RSVHub-baseline,0,0,0,2e-4,9.963677136771393e-4,0.002000000000000001,0.003862114921149214,0,0,0,2e-4,0.001,0.002,0.0039,FALSE,FALSE,RSVHub-hub-models,2026-09-23,RSVHub baseline model
Kansas,KS,0,wk inc rsv hosp,hosp,2026-09-26,2026-09-26,RSVHub-ensemble,0,0,1,1,3,5,7,0,0,1,1,3,5,7,FALSE,TRUE,RSVHub,2026-09-23,Ensemble using RSVHub forecast submissions
Kansas,KS,1,wk inc rsv hosp,hosp,2026-09-26,2026-10-03,RSVHub-ensemble,0,0,1,1,4,6,10,0,0,1,1,4,6,10,FALSE,TRUE,RSVHub,2026-09-23,Ensemble using RSVHub forecast submissions
Kansas,KS,2,wk inc rsv hosp,hosp,2026-09-26,2026-10-10,RSVHub-ensemble,0,0,0,2,5,9,17,0,0,0,2,5,9,20,FALSE,TRUE,RSVHub,2026-09-23,Ensemble using RSVHub forecast submissions
Kansas,KS,0,wk inc rsv prop ed visits,prop_ed,2026-09-26,2026-09-26,RSVHub-ensemble,2.000673611795941e-5,5.2606793233849385e-5,9.027340551385197e-5,1.5561555804764692e-4,2.3416822528634005e-4,3.413150645841128e-4,5.258119316907347e-4,2e-5,5.3e-5,9e-5,1.6e-4,2.3e-4,3.4e-4,5.3e-4,FALSE,TRUE,RSVHub,2026-09-23,Ensemble using RSVHub forecast submissions
Kansas,KS,1,wk inc rsv prop ed visits,prop_ed,2026-09-26,2026-10-03,RSVHub-ensemble,1.9215256576792014e-5,5.437313084514906e-5,1.1161816967175808e-4,1.8554297361283992e-4,2.9307518899340465e-4,4.440116202456646e-4,6.876885361479273e-4,1.9e-5,5.4e-5,1.1e-4,1.9e-4,2.9e-4,4.4e-4,6.9e-4,FALSE,TRUE,RSVHub,2026-09-23,Ensemble using RSVHub forecast submissions
Kansas,KS,2,wk inc rsv prop ed visits,prop_ed,2026-09-26,2026-10-10,RSVHub-ensemble,2.000158894454786e-5,5.576262536733913e-5,1.1526740051076995e-4,1.9314600664034615e-4,3.606851483497029e-4,5.943235111578596e-4,0.0010917512210593763,2e-5,5.6e-5,1.2e-4,1.9e-4,3.6e-4,5.9e-4,0.0011,FALSE,TRUE,RSVHub,2026-09-23,Ensemble using RSVHub forecast submissions
Kentucky,KY,0,wk inc rsv hosp,hosp,2026-09-26,2026-09-26,CEPH-Rtrend_rsv,1,2,3,6,8,11,14,1,2,3,6,8,10,10,TRUE,FALSE,CEPH Lab at Indiana University,2026-09-23,Rtrend RSV
Kentucky,KY,1,wk inc rsv hosp,hosp,2026-09-26,2026-10-03,CEPH-Rtrend_rsv,1,2,3,6,9,12,16,1,2,3,6,9,10,20,TRUE,FALSE,CEPH Lab at Indiana University,2026-09-23,Rtrend RSV
Kentucky,KY,2,wk inc rsv hosp,hosp,2026-09-26,2026-10-10,CEPH-Rtrend_rsv,0,1,3,6,9,14,20,0,1,3,6,9,10,20,TRUE,FALSE,CEPH Lab at Indiana University,2026-09-23,Rtrend RSV
Kentucky,KY,0,wk inc rsv prop ed visits,prop_ed,2026-09-26,2026-09-26,CFA-PyRenew_E,6.674355414502408e-5,1.1141757313514922e-4,1.5929512181083827e-4,2.2483796906938e-4,3.048529150741258e-4,3.8283342322390217e-4,4.7948237699932617e-4,6.7e-5,1.1e-4,1.6e-4,2.2e-4,3e-4,3.8e-4,4.8e-4,TRUE,FALSE,Center for Forecasting and Outbreak Analytics (CDC/CFA),2026-09-23,PyRenew-E
Kentucky,KY,1,wk inc rsv prop ed visits,prop_ed,2026-09-26,2026-10-03,CFA-PyRenew_E,4.453269006653407e-5,8.827660661706286e-5,1.3391276411475175e-4,2.0421055461620433e-4,2.9951158679247515e-4,4.13616716780507e-4,5.725605446232177e-4,4.5e-5,8.8e-5,1.3e-4,2e-4,3e-4,4.1e-4,5.7e-4,TRUE,FALSE,Center for Forecasting and Outbreak Analytics (CDC/CFA),2026-09-23,PyRenew-E
Kentucky,KY,2,wk inc rsv prop ed visits,prop_ed,2026-09-26,2026-10-10,CFA-PyRenew_E,2.201944517122008e-5,6.329480381878525e-5,1.1068927806617397e-4,1.8536841667864248e-4,2.9519201218935516e-4,4.36220553540812e-4,7.098601508823215e-4,2.2e-5,6.3e-5,1.1e-4,1.9e-4,3e-4,4.4e-4,7.1e-4,TRUE,FALSE,Center for Forecasting and Outbreak Analytics (CDC/CFA),2026-09-23,PyRenew-E
Kentucky,KY,0,wk inc rsv prop ed visits,prop_ed,2026-09-26,2026-09-26,CFA-NowcastAutoGP,1.1449665093201343e-4,1.5214288291201156e-4,1.9441825551740115e-4,2.5751207038172887e-4,3.49358564084239e-4,4.4402333016346096e-4,5.922232946890065e-4,1.1e-4,1.5e-4,1.9e-4,2.6e-4,3.5e-4,4.4e-4,5.9e-4,TRUE,FALSE,Center for Forecasting and Outbreak Analytics (CDC/CFA),2026-09-23,NowcastAutoGP
Kentucky,KY,1,wk inc rsv prop ed visits,prop_ed,2026-09-26,2026-10-03,CFA-NowcastAutoGP,1.0966206987064078e-4,1.4980632187170932e-4,1.9876329275013888e-4,2.7629962965787047e-4,3.8023963193440486e-4,4.938068766742662e-4,6.883170438246808e-4,1.1e-4,1.5e-4,2e-4,2.8e-4,3.8e-4,4.9e-4,6.9e-4,TRUE,FALSE,Center for Forecasting and Outbreak Analytics (CDC/CFA),2026-09-23,NowcastAutoGP
Kentucky,KY,2,wk inc rsv prop ed visits,prop_ed,2026-09-26,2026-10-10,CFA-NowcastAutoGP,9.851464389271265e-5,1.4368673197467333e-4,2.0245358404358317e-4,2.9322666204071706e-4,4.1670612563722586e-4,5.712035954301017e-4,7.986282150265246e-4,9.9e-5,1.4e-4,2e-4,2.9e-4,4.2e-4,5.7e-4,8e-4,TRUE,FALSE,Center for Forecasting and Outbreak Analytics (CDC/CFA),2026-09-23,NowcastAutoGP
Kentucky,KY,0,wk inc rsv hosp,hosp,2026-09-26,2026-09-26,CFA-PyRenew_H,0,0,1,2,3,5,7,0,0,1,2,3,5,7,FALSE,FALSE,Center for Forecasting and Outbreak Analytics (CDC/CFA),2026-09-23,PyRenew-H
Kentucky,KY,1,wk inc rsv hosp,hosp,2026-09-26,2026-10-03,CFA-PyRenew_H,0,0,1,2,3,5,8,0,0,1,2,3,5,8,FALSE,FALSE,Center for Forecasting and Outbreak Analytics (CDC/CFA),2026-09-23,PyRenew-H
Kentucky,KY,2,wk inc rsv hosp,hosp,2026-09-26,2026-10-10,CFA-PyRenew_H,0,0,0,1,3,6,11,0,0,0,1,3,6,10,FALSE,FALSE,Center for Forecasting and Outbreak Analytics (CDC/CFA),2026-09-23,PyRenew-H
Kentucky,KY,0,wk inc rsv hosp,hosp,2026-09-26,2026-09-26,CFA-PyRenew_HE,0,1,2,3,4,6,8,0,1,2,3,4,6,8,TRUE,FALSE,Center for Forecasting and Outbreak Analytics (CDC/CFA),2026-09-23,PyRenew-HE
Kentucky,KY,1,wk inc rsv hosp,hosp,2026-09-26,2026-10-03,CFA-PyRenew_HE,0,1,1,3,4,6,8,0,1,1,3,4,6,8,TRUE,FALSE,Center for Forecasting and Outbreak Analytics (CDC/CFA),2026-09-23,PyRenew-HE
Kentucky,KY,2,wk inc rsv hosp,hosp,2026-09-26,2026-10-10,CFA-PyRenew_HE,0,0,1,2,4,6,10,0,0,1,2,4,6,10,TRUE,FALSE,Center for Forecasting and Outbreak Analytics (CDC/CFA),2026-09-23,PyRenew-HE
Kentucky,KY,0,wk inc rsv prop ed visits,prop_ed,2026-09-26,2026-09-26,CFA-PyRenew_HE,4.727479901458194e-5,9.13625717091615e-5,1.3435052815508684e-4,1.9602532805023211e-4,2.5726860206608986e-4,3.2995805003288993e-4,4.185900456202516e-4,4.7e-5,9.1e-5,1.3e-4,2e-4,2.6e-4,3.3e-4,4.2e-4,FALSE,FALSE,Center for Forecasting and Outbreak Analytics (CDC/CFA),2026-09-23,PyRenew-HE
Kentucky,KY,1,wk inc rsv prop ed visits,prop_ed,2026-09-26,2026-10-03,CFA-PyRenew_HE,2.332764120068259e-5,6.718276073085614e-5,1.0949386663854984e-4,1.7268425487196234e-4,2.5050386013256403e-4,3.4132600180342485e-4,4.78665479880992e-4,2.3e-5,6.7e-5,1.1e-4,1.7e-4,2.5e-4,3.4e-4,4.8e-4,FALSE,FALSE,Center for Forecasting and Outbreak Analytics (CDC/CFA),2026-09-23,PyRenew-HE
Kentucky,KY,2,wk inc rsv prop ed visits,prop_ed,2026-09-26,2026-10-10,CFA-PyRenew_HE,2.0915920421446527e-5,4.442012638234708e-5,8.786381676979777e-5,1.5582295346513157e-4,2.4101557027629176e-4,3.6283711795168826e-4,5.923911756035929e-4,2.1e-5,4.4e-5,8.8e-5,1.6e-4,2.4e-4,3.6e-4,5.9e-4,FALSE,FALSE,Center for Forecasting and Outbreak Analytics (CDC/CFA),2026-09-23,PyRenew-HE
Kentucky,KY,0,wk inc rsv hosp,hosp,2026-09-26,2026-09-26,NAU-epymorph,0,0,0,1,4,7,11,0,0,0,1,4,7,10,TRUE,FALSE,Northern Arizona University,2026-09-23,epymorph RSV compartmental model
Kentucky,KY,1,wk inc rsv hosp,hosp,2026-09-26,2026-10-03,NAU-epymorph,0,0,0,1,4,8,18,0,0,0,1,4,8,20,TRUE,FALSE,Northern Arizona University,2026-09-23,epymorph RSV compartmental model
Kentucky,KY,2,wk inc rsv hosp,hosp,2026-09-26,2026-10-10,NAU-epymorph,0,0,0,2,5,11,26,0,0,0,2,5,10,30,TRUE,FALSE,Northern Arizona University,2026-09-23,epymorph RSV compartmental model
Kentucky,KY,0,wk inc rsv hosp,hosp,2026-09-26,2026-09-26,RSVHub-baseline,0,0,0,1,3,14,35.89999999999984,0,0,0,1,3,10,40,FALSE,FALSE,RSVHub-hub-models,2026-09-23,RSVHub baseline model
Kentucky,KY,1,wk inc rsv hosp,hosp,2026-09-26,2026-10-03,RSVHub-baseline,0,0,0,1,8,21.81276812768132,47,0,0,0,1,8,20,50,FALSE,FALSE,RSVHub-hub-models,2026-09-23,RSVHub baseline model
Kentucky,KY,2,wk inc rsv hosp,hosp,2026-09-26,2026-10-10,RSVHub-baseline,0,0,0,1,12.411919119191175,29,61.3606268562684,0,0,0,1,10,30,60,FALSE,FALSE,RSVHub-hub-models,2026-09-23,RSVHub baseline model
Kentucky,KY,0,wk inc rsv prop ed visits,prop_ed,2026-09-26,2026-09-26,RSVHub-baseline,0,0,0,2e-4,4.000000000000001e-4,0.0012000000000000001,0.0028674999999999955,0,0,0,2e-4,4e-4,0.0012,0.0029,FALSE,FALSE,RSVHub-hub-models,2026-09-23,RSVHub baseline model
Kentucky,KY,1,wk inc rsv prop ed visits,prop_ed,2026-09-26,2026-10-03,RSVHub-baseline,0,0,0,2e-4,7.999999999999998e-4,0.0019999999999999987,0.0037906889068890655,0,0,0,2e-4,8e-4,0.002,0.0038,FALSE,FALSE,RSVHub-hub-models,2026-09-23,RSVHub baseline model
Kentucky,KY,2,wk inc rsv prop ed visits,prop_ed,2026-09-26,2026-10-10,RSVHub-baseline,0,0,0,2e-4,0.0010161544115441141,0.0024279288792887982,0.004199999999999999,0,0,0,2e-4,0.001,0.0024,0.0042,FALSE,FALSE,RSVHub-hub-models,2026-09-23,RSVHub baseline model
Kentucky,KY,0,wk inc rsv hosp,hosp,2026-09-26,2026-09-26,RSVHub-ensemble,0,1,2,3,4,7,11,0,1,2,3,4,7,10,FALSE,TRUE,RSVHub,2026-09-23,Ensemble using RSVHub forecast submissions
Kentucky,KY,1,wk inc rsv hosp,hosp,2026-09-26,2026-10-03,RSVHub-ensemble,0,1,1,3,4,8,16,0,1,1,3,4,8,20,FALSE,TRUE,RSVHub,2026-09-23,Ensemble using RSVHub forecast submissions
Kentucky,KY,2,wk inc rsv hosp,hosp,2026-09-26,2026-10-10,RSVHub-ensemble,0,0,1,2,5,11,20,0,0,1,2,5,10,20,FALSE,TRUE,RSVHub,2026-09-23,Ensemble using RSVHub forecast submissions
Kentucky,KY,0,wk inc rsv prop ed visits,prop_ed,2026-09-26,2026-09-26,RSVHub-ensemble,9.062010253851876e-5,1.317802280235804e-4,1.768566886641197e-4,2.4117501972555444e-4,3.2710573957918235e-4,4.1342837669368154e-4,5.358528358441663e-4,9.1e-5,1.3e-4,1.8e-4,2.4e-4,3.3e-4,4.1e-4,5.4e-4,FALSE,TRUE,RSVHub,2026-09-23,Ensemble using RSVHub forecast submissions
Kentucky,KY,1,wk inc rsv prop ed visits,prop_ed,2026-09-26,2026-10-03,RSVHub-ensemble,7.709737996858742e-5,1.1904146424438608e-4,1.6633802843244531e-4,2.402550921370374e-4,3.3987560936344003e-4,4.5371179672738663e-4,6.304387942239493e-4,7.7e-5,1.2e-4,1.7e-4,2.4e-4,3.4e-4,4.5e-4,6.3e-4,FALSE,TRUE,RSVHub,2026-09-23,Ensemble using RSVHub forecast submissions
Kentucky,KY,2,wk inc rsv prop ed visits,prop_ed,2026-09-26,2026-10-10,RSVHub-ensemble,6.026704453196637e-5,1.0349076789672929e-4,1.5657143105487857e-4,2.3929753935967977e-4,3.559490689132905e-4,5.037120744854568e-4,7.54244182954423e-4,6e-5,1e-4,1.6e-4,2.4e-4,3.6e-4,5e-4,7.5e-4,FALSE,TRUE,RSVHub,2026-09-23,Ensemble using RSVHub forecast submissions
Louisiana,LA,0,wk inc rsv hosp,hosp,2026-09-26,2026-09-26,CEPH-Rtrend_rsv,3,4,5,6,8,9,11,3,4,5,6,8,9,10,TRUE,FALSE,CEPH Lab at Indiana University,2026-09-23,Rtrend RSV
Louisiana,LA,1,wk inc rsv hosp,hosp,2026-09-26,2026-10-03,CEPH-Rtrend_rsv,3,3,5,7,9,12,16,3,3,5,7,9,10,20,TRUE,FALSE,CEPH Lab at Indiana University,2026-09-23,Rtrend RSV
Louisiana,LA,2,wk inc rsv hosp,hosp,2026-09-26,2026-10-10,CEPH-Rtrend_rsv,2,3,4,7,11,16,24,2,3,4,7,10,20,20,TRUE,FALSE,CEPH Lab at Indiana University,2026-09-23,Rtrend RSV
Louisiana,LA,0,wk inc rsv prop ed visits,prop_ed,2026-09-26,2026-09-26,CFA-PyRenew_E,2.3323204853827327e-4,3.1612730625610617e-4,4.0058149901541775e-4,5.028665629965602e-4,6.121097312473413e-4,7.283270810930654e-4,9.04474654701557e-4,2.3e-4,3.2e-4,4e-4,5e-4,6.1e-4,7.3e-4,9e-4,TRUE,FALSE,Center for Forecasting and Outbreak Analytics (CDC/CFA),2026-09-23,PyRenew-E
Louisiana,LA,1,wk inc rsv prop ed visits,prop_ed,2026-09-26,2026-10-03,CFA-PyRenew_E,2.325813967128909e-4,3.317391615830233e-4,4.509342093253379e-4,5.91564067917688e-4,7.968645927440938e-4,0.00102798667813008,0.00136241539031867,2.3e-4,3.3e-4,4.5e-4,5.9e-4,8e-4,0.001,0.0014,TRUE,FALSE,Center for Forecasting and Outbreak Analytics (CDC/CFA),2026-09-23,PyRenew-E
Louisiana,LA,2,wk inc rsv prop ed visits,prop_ed,2026-09-26,2026-10-10,CFA-PyRenew_E,2.22939679786112e-4,3.3288718234864527e-4,4.653038903799086e-4,6.917494300280999e-4,0.00102721578278028,0.00154507742340572,0.00245169543286037,2.2e-4,3.3e-4,4.7e-4,6.9e-4,0.001,0.0015,0.0025,TRUE,FALSE,Center for Forecasting and Outbreak Analytics (CDC/CFA),2026-09-23,PyRenew-E
Louisiana,LA,0,wk inc rsv prop ed visits,prop_ed,2026-09-26,2026-09-26,CFA-NowcastAutoGP,1.9655902427512375e-4,2.4996295825890317e-4,3.1122830156598256e-4,3.9323481346659336e-4,4.938199603696944e-4,5.844613514917663e-4,7.434641053739586e-4,2e-4,2.5e-4,3.1e-4,3.9e-4,4.9e-4,5.8e-4,7.4e-4,TRUE,FALSE,Center for Forecasting and Outbreak Analytics (CDC/CFA),2026-09-23,NowcastAutoGP
Louisiana,LA,1,wk inc rsv prop ed visits,prop_ed,2026-09-26,2026-10-03,CFA-NowcastAutoGP,2.0812334067586092e-4,2.6852756048175217e-4,3.384950715615298e-4,4.378440425531618e-4,5.560101524911205e-4,6.909907795138954e-4,8.724465087353281e-4,2.1e-4,2.7e-4,3.4e-4,4.4e-4,5.6e-4,6.9e-4,8.7e-4,TRUE,FALSE,Center for Forecasting and Outbreak Analytics (CDC/CFA),2026-09-23,NowcastAutoGP
Louisiana,LA,2,wk inc rsv prop ed visits,prop_ed,2026-09-26,2026-10-10,CFA-NowcastAutoGP,2.2154815695695184e-4,2.982515628856749e-4,3.852832504481655e-4,5.124215993586819e-4,6.73900856448317e-4,8.696187250790276e-4,0.001149764427467223,2.2e-4,3e-4,3.9e-4,5.1e-4,6.7e-4,8.7e-4,0.0011,TRUE,FALSE,Center for Forecasting and Outbreak Analytics (CDC/CFA),2026-09-23,NowcastAutoGP
Louisiana,LA,0,wk inc rsv hosp,hosp,2026-09-26,2026-09-26,CFA-PyRenew_H,0,0,2,4,8,14,28,0,0,2,4,8,10,30,FALSE,FALSE,Center for Forecasting and Outbreak Analytics (CDC/CFA),2026-09-23,PyRenew-H
Louisiana,LA,1,wk inc rsv hosp,hosp,2026-09-26,2026-10-03,CFA-PyRenew_H,0,0,1,3,7,15,29,0,0,1,3,7,20,30,FALSE,FALSE,Center for Forecasting and Outbreak Analytics (CDC/CFA),2026-09-23,PyRenew-H
Louisiana,LA,2,wk inc rsv hosp,hosp,2026-09-26,2026-10-10,CFA-PyRenew_H,0,0,1,3,7,16,39,0,0,1,3,7,20,40,FALSE,FALSE,Center for Forecasting and Outbreak Analytics (CDC/CFA),2026-09-23,PyRenew-H
Louisiana,LA,0,wk inc rsv hosp,hosp,2026-09-26,2026-09-26,CFA-PyRenew_HE,1,3,7,14,24,39,67,1,3,7,10,20,40,70,TRUE,FALSE,Center for Forecasting and Outbreak Analytics (CDC/CFA),2026-09-23,PyRenew-HE
Louisiana,LA,1,wk inc rsv hosp,hosp,2026-09-26,2026-10-03,CFA-PyRenew_HE,1,3,8,16,29,48,85,1,3,8,20,30,50,90,TRUE,FALSE,Center for Forecasting and Outbreak Analytics (CDC/CFA),2026-09-23,PyRenew-HE
Louisiana,LA,2,wk inc rsv hosp,hosp,2026-09-26,2026-10-10,CFA-PyRenew_HE,1,4,9,18,36,61,129.04999999999973,1,4,9,20,40,60,130,TRUE,FALSE,Center for Forecasting and Outbreak Analytics (CDC/CFA),2026-09-23,PyRenew-HE
Louisiana,LA,0,wk inc rsv prop ed visits,prop_ed,2026-09-26,2026-09-26,CFA-PyRenew_HE,2.1847579992170332e-4,2.923276934575483e-4,3.683005086397928e-4,4.627342297864922e-4,5.666893555872117e-4,6.845793153379393e-4,8.485465826314252e-4,2.2e-4,2.9e-4,3.7e-4,4.6e-4,5.7e-4,6.8e-4,8.5e-4,FALSE,FALSE,Center for Forecasting and Outbreak Analytics (CDC/CFA),2026-09-23,PyRenew-HE
Louisiana,LA,1,wk inc rsv prop ed visits,prop_ed,2026-09-26,2026-10-03,CFA-PyRenew_HE,2.1554368466475255e-4,3.0079652566200463e-4,4.018759784346944e-4,5.435906936411993e-4,7.101225325532268e-4,9.195044956665146e-4,0.00127861934956186,2.2e-4,3e-4,4e-4,5.4e-4,7.1e-4,9.2e-4,0.0013,FALSE,FALSE,Center for Forecasting and Outbreak Analytics (CDC/CFA),2026-09-23,PyRenew-HE
Louisiana,LA,2,wk inc rsv prop ed visits,prop_ed,2026-09-26,2026-10-10,CFA-PyRenew_HE,1.8778324535915713e-4,2.968808625891987e-4,4.225729701693666e-4,6.293306832828662e-4,9.291040894026752e-4,0.00135052839367037,0.00218570729551532,1.9e-4,3e-4,4.2e-4,6.3e-4,0.00093000000000000005,0.0014,0.0022,FALSE,FALSE,Center for Forecasting and Outbreak Analytics (CDC/CFA),2026-09-23,PyRenew-HE
Louisiana,LA,0,wk inc rsv hosp,hosp,2026-09-26,2026-09-26,NAU-epymorph,1,2,4,6,9,12,18,1,2,4,6,9,10,20,TRUE,FALSE,Northern Arizona University,2026-09-23,epymorph RSV compartmental model
Louisiana,LA,1,wk inc rsv hosp,hosp,2026-09-26,2026-10-03,NAU-epymorph,0,2,4,7,10,15,23,0,2,4,7,10,20,20,TRUE,FALSE,Northern Arizona University,2026-09-23,epymorph RSV compartmental model
Louisiana,LA,2,wk inc rsv hosp,hosp,2026-09-26,2026-10-10,NAU-epymorph,0,2,4,7,12,20,36,0,2,4,7,10,20,40,TRUE,FALSE,Northern Arizona University,2026-09-23,epymorph RSV compartmental model
Louisiana,LA,0,wk inc rsv hosp,hosp,2026-09-26,2026-09-26,RSVHub-baseline,0,0,5.75,8,10.250000000000007,21,50.89999999999984,0,0,6,8,10,20,50,FALSE,FALSE,RSVHub-hub-models,2026-09-23,RSVHub baseline model
Louisiana,LA,1,wk inc rsv hosp,hosp,2026-09-26,2026-10-03,RSVHub-baseline,0,0,2,8,16,30.977340773407782,74,0,0,2,8,20,30,70,FALSE,FALSE,RSVHub-hub-models,2026-09-23,RSVHub baseline model
Louisiana,LA,2,wk inc rsv hosp,hosp,2026-09-26,2026-10-10,RSVHub-baseline,0,0,0,8,20.29367293672937,41.11825218252186,80.38461959619562,0,0,0,8,20,40,80,FALSE,FALSE,RSVHub-hub-models,2026-09-23,RSVHub baseline model
Louisiana,LA,0,wk inc rsv prop ed visits,prop_ed,2026-09-26,2026-09-26,RSVHub-baseline,0,0,2e-4,4e-4,6.000000000000001e-4,0.0011999999999999995,0.00263499999999999,0,0,2e-4,4e-4,6e-4,0.0012,0.0026,FALSE,FALSE,RSVHub-hub-models,2026-09-23,RSVHub baseline model
Louisiana,LA,1,wk inc rsv prop ed visits,prop_ed,2026-09-26,2026-10-03,RSVHub-baseline,0,0,9.999999999999999e-5,4e-4,8.000000000000001e-4,0.0017478407784077856,0.00312232764827648,0,0,1e-4,4e-4,8e-4,0.0017,0.0031,FALSE,FALSE,RSVHub-hub-models,2026-09-23,RSVHub baseline model
Louisiana,LA,2,wk inc rsv prop ed visits,prop_ed,2026-09-26,2026-10-10,RSVHub-baseline,0,0,0,4e-4,0.0010999999999999996,0.0021999999999999997,0.0036000000000000008,0,0,0,4e-4,0.0011,0.0022,0.0036,FALSE,FALSE,RSVHub-hub-models,2026-09-23,RSVHub baseline model
Louisiana,LA,0,wk inc rsv hosp,hosp,2026-09-26,2026-09-26,RSVHub-ensemble,1,3,5,6,9,12,18,1,3,5,6,9,10,20,FALSE,TRUE,RSVHub,2026-09-23,Ensemble using RSVHub forecast submissions
Louisiana,LA,1,wk inc rsv hosp,hosp,2026-09-26,2026-10-03,RSVHub-ensemble,1,3,5,7,10,15,23,1,3,5,7,10,20,20,FALSE,TRUE,RSVHub,2026-09-23,Ensemble using RSVHub forecast submissions
Louisiana,LA,2,wk inc rsv hosp,hosp,2026-09-26,2026-10-10,RSVHub-ensemble,1,3,4,7,12,20,36,1,3,4,7,10,20,40,FALSE,TRUE,RSVHub,2026-09-23,Ensemble using RSVHub forecast submissions
Louisiana,LA,0,wk inc rsv prop ed visits,prop_ed,2026-09-26,2026-09-26,RSVHub-ensemble,2.1489553640669851e-4,2.8304513225750464e-4,3.5590490029070016e-4,4.480506882315768e-4,5.529648458085178e-4,6.563942162924159e-4,8.239693800377578e-4,2.1e-4,2.8e-4,3.6e-4,4.5e-4,5.5e-4,6.6e-4,8.2e-4,FALSE,TRUE,RSVHub,2026-09-23,Ensemble using RSVHub forecast submissions
Louisiana,LA,1,wk inc rsv prop ed visits,prop_ed,2026-09-26,2026-10-03,RSVHub-ensemble,2.203523686943759e-4,3.0013336103238775e-4,3.9471464044343386e-4,5.147040552354249e-4,6.764373726176071e-4,8.594887288219876e-4,0.0011174309495269991,2.2e-4,3e-4,3.9e-4,5.1e-4,6.8e-4,8.6e-4,0.0011,FALSE,TRUE,RSVHub,2026-09-23,Ensemble using RSVHub forecast submissions
Louisiana,LA,2,wk inc rsv prop ed visits,prop_ed,2026-09-26,2026-10-10,RSVHub-ensemble,2.2224391837153193e-4,3.155693726171601e-4,4.2529357041403706e-4,6.020855146933909e-4,8.505583196142985e-4,0.0012073480742423738,0.0018007299301637967,2.2e-4,3.2e-4,4.3e-4,6e-4,8.5e-4,0.0012,0.0018,FALSE,TRUE,RSVHub,2026-09-23,Ensemble using RSVHub forecast submissions
Maine,ME,0,wk inc rsv hosp,hosp,2026-09-26,2026-09-26,CEPH-Rtrend_rsv,0,1,1,1,1,1,2,0,1,1,1,1,1,2,TRUE,FALSE,CEPH Lab at Indiana University,2026-09-23,Rtrend RSV
Maine,ME,1,wk inc rsv hosp,hosp,2026-09-26,2026-10-03,CEPH-Rtrend_rsv,0,1,1,1,1,2,2,0,1,1,1,1,2,2,TRUE,FALSE,CEPH Lab at Indiana University,2026-09-23,Rtrend RSV
Maine,ME,2,wk inc rsv hosp,hosp,2026-09-26,2026-10-10,CEPH-Rtrend_rsv,0,0,1,1,1,2,3,0,0,1,1,1,2,3,TRUE,FALSE,CEPH Lab at Indiana University,2026-09-23,Rtrend RSV
Maine,ME,0,wk inc rsv prop ed visits,prop_ed,2026-09-26,2026-09-26,CFA-PyRenew_E,0,0,0,0,0,6.546745383022618e-5,7.293803374336436e-5,0,0,0,0,0,6.5e-5,7.3e-5,TRUE,FALSE,Center for Forecasting and Outbreak Analytics (CDC/CFA),2026-09-23,PyRenew-E
Maine,ME,1,wk inc rsv prop ed visits,prop_ed,2026-09-26,2026-10-03,CFA-PyRenew_E,0,0,0,0,0,6.425138798161886e-5,7.63391370123043e-5,0,0,0,0,0,6.4e-5,7.6e-5,TRUE,FALSE,Center for Forecasting and Outbreak Analytics (CDC/CFA),2026-09-23,PyRenew-E
Maine,ME,2,wk inc rsv prop ed visits,prop_ed,2026-09-26,2026-10-10,CFA-PyRenew_E,0,0,0,0,0,6.363888269702584e-5,1.242692577229097e-4,0,0,0,0,0,6.4e-5,1.2e-4,TRUE,FALSE,Center for Forecasting and Outbreak Analytics (CDC/CFA),2026-09-23,PyRenew-E
Maine,ME,0,wk inc rsv prop ed visits,prop_ed,2026-09-26,2026-09-26,CFA-NowcastAutoGP,0,0,1.5159617373763435e-6,2.3474672472862923e-5,5.9839176969473913e-5,1.124975887804784e-4,2.105747776672225e-4,0,0,1.5e-6,2.3e-5,6e-5,1.1e-4,2.1e-4,TRUE,FALSE,Center for Forecasting and Outbreak Analytics (CDC/CFA),2026-09-23,NowcastAutoGP
Maine,ME,1,wk inc rsv prop ed visits,prop_ed,2026-09-26,2026-10-03,CFA-NowcastAutoGP,0,0,2.249382147702267e-6,2.650408431805791e-5,6.419425451159323e-5,1.276207045928855e-4,2.5913208791399805e-4,0,0,2.2e-6,2.7e-5,6.4e-5,1.3e-4,2.6e-4,TRUE,FALSE,Center for Forecasting and Outbreak Analytics (CDC/CFA),2026-09-23,NowcastAutoGP
Maine,ME,2,wk inc rsv prop ed visits,prop_ed,2026-09-26,2026-10-10,CFA-NowcastAutoGP,0,0,1.600191860561085e-6,2.5708799397915822e-5,6.694772757887627e-5,1.303868479326559e-4,2.3812486674865973e-4,0,0,1.6e-6,2.6e-5,6.7e-5,1.3e-4,2.4e-4,TRUE,FALSE,Center for Forecasting and Outbreak Analytics (CDC/CFA),2026-09-23,NowcastAutoGP
Maine,ME,0,wk inc rsv hosp,hosp,2026-09-26,2026-09-26,CFA-PyRenew_H,0,0,0,0,0,0,1,0,0,0,0,0,0,1,FALSE,FALSE,Center for Forecasting and Outbreak Analytics (CDC/CFA),2026-09-23,PyRenew-H
Maine,ME,1,wk inc rsv hosp,hosp,2026-09-26,2026-10-03,CFA-PyRenew_H,0,0,0,0,0,0,1,0,0,0,0,0,0,1,FALSE,FALSE,Center for Forecasting and Outbreak Analytics (CDC/CFA),2026-09-23,PyRenew-H
Maine,ME,2,wk inc rsv hosp,hosp,2026-09-26,2026-10-10,CFA-PyRenew_H,0,0,0,0,0,0,1,0,0,0,0,0,0,1,FALSE,FALSE,Center for Forecasting and Outbreak Analytics (CDC/CFA),2026-09-23,PyRenew-H
Maine,ME,0,wk inc rsv hosp,hosp,2026-09-26,2026-09-26,CFA-PyRenew_HE,0,0,0,0,0,0,1,0,0,0,0,0,0,1,TRUE,FALSE,Center for Forecasting and Outbreak Analytics (CDC/CFA),2026-09-23,PyRenew-HE
Maine,ME,1,wk inc rsv hosp,hosp,2026-09-26,2026-10-03,CFA-PyRenew_HE,0,0,0,0,0,0,1,0,0,0,0,0,0,1,TRUE,FALSE,Center for Forecasting and Outbreak Analytics (CDC/CFA),2026-09-23,PyRenew-HE
Maine,ME,2,wk inc rsv hosp,hosp,2026-09-26,2026-10-10,CFA-PyRenew_HE,0,0,0,0,0,0,1,0,0,0,0,0,0,1,TRUE,FALSE,Center for Forecasting and Outbreak Analytics (CDC/CFA),2026-09-23,PyRenew-HE
Maine,ME,0,wk inc rsv prop ed visits,prop_ed,2026-09-26,2026-09-26,CFA-PyRenew_HE,0,0,0,0,0,6.466298679383084e-5,7.045126550057802e-5,0,0,0,0,0,6.5e-5,7e-5,FALSE,FALSE,Center for Forecasting and Outbreak Analytics (CDC/CFA),2026-09-23,PyRenew-HE
Maine,ME,1,wk inc rsv prop ed visits,prop_ed,2026-09-26,2026-10-03,CFA-PyRenew_HE,0,0,0,0,0,6.289869835677109e-5,7.089652428049793e-5,0,0,0,0,0,6.3e-5,7.1e-5,FALSE,FALSE,Center for Forecasting and Outbreak Analytics (CDC/CFA),2026-09-23,PyRenew-HE
Maine,ME,2,wk inc rsv prop ed visits,prop_ed,2026-09-26,2026-10-10,CFA-PyRenew_HE,0,0,0,0,0,5.7398333616541654e-5,7.974154463349302e-5,0,0,0,0,0,5.7e-5,8e-5,FALSE,FALSE,Center for Forecasting and Outbreak Analytics (CDC/CFA),2026-09-23,PyRenew-HE
Maine,ME,0,wk inc rsv hosp,hosp,2026-09-26,2026-09-26,NAU-epymorph,0,0,0,0,0,0,1,0,0,0,0,0,0,1,TRUE,FALSE,Northern Arizona University,2026-09-23,epymorph RSV compartmental model
Maine,ME,1,wk inc rsv hosp,hosp,2026-09-26,2026-10-03,NAU-epymorph,0,0,0,0,0,0,1,0,0,0,0,0,0,1,TRUE,FALSE,Northern Arizona University,2026-09-23,epymorph RSV compartmental model
Maine,ME,2,wk inc rsv hosp,hosp,2026-09-26,2026-10-10,NAU-epymorph,0,0,0,0,0,0,2,0,0,0,0,0,0,2,TRUE,FALSE,Northern Arizona University,2026-09-23,epymorph RSV compartmental model
Maine,ME,0,wk inc rsv hosp,hosp,2026-09-26,2026-09-26,RSVHub-baseline,0,0,0,0,1,4,7,0,0,0,0,1,4,7,FALSE,FALSE,RSVHub-hub-models,2026-09-23,RSVHub baseline model
Maine,ME,1,wk inc rsv hosp,hosp,2026-09-26,2026-10-03,RSVHub-baseline,0,0,0,0,3,6,10,0,0,0,0,3,6,10,FALSE,FALSE,RSVHub-hub-models,2026-09-23,RSVHub baseline model
Maine,ME,2,wk inc rsv hosp,hosp,2026-09-26,2026-10-10,RSVHub-baseline,0,0,0,0,3,6,10.749716497165007,0,0,0,0,3,6,10,FALSE,FALSE,RSVHub-hub-models,2026-09-23,RSVHub baseline model
Maine,ME,0,wk inc rsv prop ed visits,prop_ed,2026-09-26,2026-09-26,RSVHub-baseline,0,0,0,0,1.9999999999999944e-4,7.000000000000001e-4,0.002,0,0,0,0,2e-4,7e-4,0.002,FALSE,FALSE,RSVHub-hub-models,2026-09-23,RSVHub baseline model
Maine,ME,1,wk inc rsv prop ed visits,prop_ed,2026-09-26,2026-10-03,RSVHub-baseline,0,0,0,0,3.786940369403686e-4,0.001410622706227063,0.0032999999999999995,0,0,0,0,3.8e-4,0.0014,0.0033,FALSE,FALSE,RSVHub-hub-models,2026-09-23,RSVHub baseline model
Maine,ME,2,wk inc rsv prop ed visits,prop_ed,2026-09-26,2026-10-10,RSVHub-baseline,0,0,0,0,6.000000000000002e-4,0.0017999999999999995,0.003847795202952031,0,0,0,0,6e-4,0.0018,0.0038,FALSE,FALSE,RSVHub-hub-models,2026-09-23,RSVHub baseline model
Maine,ME,0,wk inc rsv hosp,hosp,2026-09-26,2026-09-26,RSVHub-ensemble,0,0,0,0,0,0,1,0,0,0,0,0,0,1,FALSE,TRUE,RSVHub,2026-09-23,Ensemble using RSVHub forecast submissions
Maine,ME,1,wk inc rsv hosp,hosp,2026-09-26,2026-10-03,RSVHub-ensemble,0,0,0,0,0,0,1,0,0,0,0,0,0,1,FALSE,TRUE,RSVHub,2026-09-23,Ensemble using RSVHub forecast submissions
Maine,ME,2,wk inc rsv hosp,hosp,2026-09-26,2026-10-10,RSVHub-ensemble,0,0,0,0,0,0,2,0,0,0,0,0,0,2,FALSE,TRUE,RSVHub,2026-09-23,Ensemble using RSVHub forecast submissions
Maine,ME,0,wk inc rsv prop ed visits,prop_ed,2026-09-26,2026-09-26,RSVHub-ensemble,0,0,7.579808686881717e-7,1.1737336236431462e-5,2.9919588484736957e-5,8.898252130535229e-5,1.4175640570529343e-4,0,0,7.6e-7,1.2e-5,3e-5,8.9e-5,1.4e-4,FALSE,TRUE,RSVHub,2026-09-23,Ensemble using RSVHub forecast submissions
Maine,ME,1,wk inc rsv prop ed visits,prop_ed,2026-09-26,2026-10-03,RSVHub-ensemble,0,0,1.1246910738511336e-6,1.3252042159028955e-5,3.209712725579661e-5,9.593604628725219e-5,1.6773561246315118e-4,0,0,1.1e-6,1.3e-5,3.2e-5,9.6e-5,1.7e-4,FALSE,TRUE,RSVHub,2026-09-23,Ensemble using RSVHub forecast submissions
Maine,ME,2,wk inc rsv prop ed visits,prop_ed,2026-09-26,2026-10-10,RSVHub-ensemble,0,0,8.000959302805425e-7,1.2854399698957911e-5,3.347386378943813e-5,9.701286531484086e-5,1.8119706223578472e-4,0,0,8e-7,1.3e-5,3.3e-5,9.7e-5,1.8e-4,FALSE,TRUE,RSVHub,2026-09-23,Ensemble using RSVHub forecast submissions
Maryland,MD,0,wk inc rsv hosp,hosp,2026-09-26,2026-09-26,CEPH-Rtrend_rsv,1,2,3,5,7,9,11,1,2,3,5,7,9,10,TRUE,FALSE,CEPH Lab at Indiana University,2026-09-23,Rtrend RSV
Maryland,MD,1,wk inc rsv hosp,hosp,2026-09-26,2026-10-03,CEPH-Rtrend_rsv,1,2,3,5,7,10,14,1,2,3,5,7,10,10,TRUE,FALSE,CEPH Lab at Indiana University,2026-09-23,Rtrend RSV
Maryland,MD,2,wk inc rsv hosp,hosp,2026-09-26,2026-10-10,CEPH-Rtrend_rsv,0,1,3,5,7,11,17,0,1,3,5,7,10,20,TRUE,FALSE,CEPH Lab at Indiana University,2026-09-23,Rtrend RSV
Maryland,MD,0,wk inc rsv prop ed visits,prop_ed,2026-09-26,2026-09-26,CFA-PyRenew_E,0,2.1838839919752147e-5,4.401321188534563e-5,8.711708004693487e-5,1.311315237745832e-4,1.9492728115348863e-4,2.6106837167435995e-4,0,2.2e-5,4.4e-5,8.7e-5,1.3e-4,1.9e-4,2.6e-4,TRUE,FALSE,Center for Forecasting and Outbreak Analytics (CDC/CFA),2026-09-23,PyRenew-E
Maryland,MD,1,wk inc rsv prop ed visits,prop_ed,2026-09-26,2026-10-03,CFA-PyRenew_E,0,2.163813827279471e-5,4.336340006699602e-5,8.61440020368877e-5,1.309925129193043e-4,1.9676041393255347e-4,3.0309297542897796e-4,0,2.2e-5,4.3e-5,8.6e-5,1.3e-4,2e-4,3e-4,TRUE,FALSE,Center for Forecasting and Outbreak Analytics (CDC/CFA),2026-09-23,PyRenew-E
Maryland,MD,2,wk inc rsv prop ed visits,prop_ed,2026-09-26,2026-10-10,CFA-PyRenew_E,0,0,4.269495309960737e-5,6.583536309811536e-5,1.307529517885954e-4,2.183311083153407e-4,3.917163963251466e-4,0,0,4.3e-5,6.6e-5,1.3e-4,2.2e-4,3.9e-4,TRUE,FALSE,Center for Forecasting and Outbreak Analytics (CDC/CFA),2026-09-23,PyRenew-E
Maryland,MD,0,wk inc rsv prop ed visits,prop_ed,2026-09-26,2026-09-26,CFA-NowcastAutoGP,3.706545195877739e-5,5.265451489944672e-5,7.35479775635205e-5,1.052054326712463e-4,1.5047924564532225e-4,2.070241729190771e-4,3.147022332061156e-4,3.7e-5,5.3e-5,7.4e-5,1.1e-4,1.5e-4,2.1e-4,3.1e-4,TRUE,FALSE,Center for Forecasting and Outbreak Analytics (CDC/CFA),2026-09-23,NowcastAutoGP
Maryland,MD,1,wk inc rsv prop ed visits,prop_ed,2026-09-26,2026-10-03,CFA-NowcastAutoGP,4.1459949946304626e-5,6.2129774775605e-5,9.011185750840495e-5,1.3632151075198144e-4,1.9636632505112974e-4,2.7431819024877286e-4,4.2587228195233647e-4,4.1e-5,6.2e-5,9e-5,1.4e-4,2e-4,2.7e-4,4.3e-4,TRUE,FALSE,Center for Forecasting and Outbreak Analytics (CDC/CFA),2026-09-23,NowcastAutoGP
Maryland,MD,2,wk inc rsv prop ed visits,prop_ed,2026-09-26,2026-10-10,CFA-NowcastAutoGP,4.809666778698797e-5,7.535484063745778e-5,1.1010553403450168e-4,1.6506729290867878e-4,2.486711511669635e-4,3.532082991590303e-4,5.451297498109045e-4,4.8e-5,7.5e-5,1.1e-4,1.7e-4,2.5e-4,3.5e-4,5.5e-4,TRUE,FALSE,Center for Forecasting and Outbreak Analytics (CDC/CFA),2026-09-23,NowcastAutoGP
Maryland,MD,0,wk inc rsv hosp,hosp,2026-09-26,2026-09-26,CFA-PyRenew_H,0,1,2,4,6,9,14,0,1,2,4,6,9,10,FALSE,FALSE,Center for Forecasting and Outbreak Analytics (CDC/CFA),2026-09-23,PyRenew-H
Maryland,MD,1,wk inc rsv hosp,hosp,2026-09-26,2026-10-03,CFA-PyRenew_H,0,1,3,5,8,13,23,0,1,3,5,8,10,20,FALSE,FALSE,Center for Forecasting and Outbreak Analytics (CDC/CFA),2026-09-23,PyRenew-H
Maryland,MD,2,wk inc rsv hosp,hosp,2026-09-26,2026-10-10,CFA-PyRenew_H,0,1,3,6,11,21,42.04999999999973,0,1,3,6,10,20,40,FALSE,FALSE,Center for Forecasting and Outbreak Analytics (CDC/CFA),2026-09-23,PyRenew-H
Maryland,MD,0,wk inc rsv hosp,hosp,2026-09-26,2026-09-26,CFA-PyRenew_HE,0,0,1,2,4,5,7,0,0,1,2,4,5,7,TRUE,FALSE,Center for Forecasting and Outbreak Analytics (CDC/CFA),2026-09-23,PyRenew-HE
Maryland,MD,1,wk inc rsv hosp,hosp,2026-09-26,2026-10-03,CFA-PyRenew_HE,0,0,1,2,4,6,9,0,0,1,2,4,6,9,TRUE,FALSE,Center for Forecasting and Outbreak Analytics (CDC/CFA),2026-09-23,PyRenew-HE
Maryland,MD,2,wk inc rsv hosp,hosp,2026-09-26,2026-10-10,CFA-PyRenew_HE,0,0,1,2,4,7,12,0,0,1,2,4,7,10,TRUE,FALSE,Center for Forecasting and Outbreak Analytics (CDC/CFA),2026-09-23,PyRenew-HE
Maryland,MD,0,wk inc rsv prop ed visits,prop_ed,2026-09-26,2026-09-26,CFA-PyRenew_HE,2.1678912640419527e-5,4.376331078964185e-5,8.640599956055257e-5,1.3000262146933497e-4,1.7553095877009264e-4,2.399970334427656e-4,3.2373136050960205e-4,2.2e-5,4.4e-5,8.6e-5,1.3e-4,1.8e-4,2.4e-4,3.2e-4,FALSE,FALSE,Center for Forecasting and Outbreak Analytics (CDC/CFA),2026-09-23,PyRenew-HE
Maryland,MD,1,wk inc rsv prop ed visits,prop_ed,2026-09-26,2026-10-03,CFA-PyRenew_HE,2.1474815783086687e-5,4.319441200541153e-5,6.577042316928434e-5,1.2999232584736577e-4,1.9601757395674432e-4,2.8422144075199575e-4,4.326352376628758e-4,2.1e-5,4.3e-5,6.6e-5,1.3e-4,2e-4,2.8e-4,4.3e-4,FALSE,FALSE,Center for Forecasting and Outbreak Analytics (CDC/CFA),2026-09-23,PyRenew-HE
Maryland,MD,2,wk inc rsv prop ed visits,prop_ed,2026-09-26,2026-10-10,CFA-PyRenew_HE,0,2.191948774259872e-5,6.536515629112534e-5,1.300508178376444e-4,2.191558875204064e-4,3.4899283920373315e-4,6.200757857500773e-4,0,2.2e-5,6.5e-5,1.3e-4,2.2e-4,3.5e-4,6.2e-4,FALSE,FALSE,Center for Forecasting and Outbreak Analytics (CDC/CFA),2026-09-23,PyRenew-HE
Maryland,MD,0,wk inc rsv hosp,hosp,2026-09-26,2026-09-26,NAU-epymorph,0,1,3,5,7,10,15,0,1,3,5,7,10,20,TRUE,FALSE,Northern Arizona University,2026-09-23,epymorph RSV compartmental model
Maryland,MD,1,wk inc rsv hosp,hosp,2026-09-26,2026-10-03,NAU-epymorph,0,1,3,6,9,15,27,0,1,3,6,9,20,30,TRUE,FALSE,Northern Arizona University,2026-09-23,epymorph RSV compartmental model
Maryland,MD,2,wk inc rsv hosp,hosp,2026-09-26,2026-10-10,NAU-epymorph,0,1,3,6,13,25,49,0,1,3,6,10,30,50,TRUE,FALSE,Northern Arizona University,2026-09-23,epymorph RSV compartmental model
Maryland,MD,0,wk inc rsv hosp,hosp,2026-09-26,2026-09-26,RSVHub-baseline,0,0,3,5,7,17,50.09999999999992,0,0,3,5,7,20,50,FALSE,FALSE,RSVHub-hub-models,2026-09-23,RSVHub baseline model
Maryland,MD,1,wk inc rsv hosp,hosp,2026-09-26,2026-10-03,RSVHub-baseline,0,0,0,5,12.03705037050372,30,62.69974424744244,0,0,0,5,10,30,60,FALSE,FALSE,RSVHub-hub-models,2026-09-23,RSVHub baseline model
Maryland,MD,2,wk inc rsv hosp,hosp,2026-09-26,2026-10-10,RSVHub-baseline,0,0,0,5,16,40.622445224452186,72.02154221542204,0,0,0,5,20,40,70,FALSE,FALSE,RSVHub-hub-models,2026-09-23,RSVHub baseline model
Maryland,MD,0,wk inc rsv prop ed visits,prop_ed,2026-09-26,2026-09-26,RSVHub-baseline,0,0,0,0,2e-4,9.700000000000004e-4,0.002834999999999989,0,0,0,0,2e-4,9.7e-4,0.0028,FALSE,FALSE,RSVHub-hub-models,2026-09-23,RSVHub baseline model
Maryland,MD,1,wk inc rsv prop ed visits,prop_ed,2026-09-26,2026-10-03,RSVHub-baseline,0,0,0,0,5.000000000000002e-4,0.001789071790717904,0.0033786008860088555,0,0,0,0,5e-4,0.0018,0.0034,FALSE,FALSE,RSVHub-hub-models,2026-09-23,RSVHub baseline model
Maryland,MD,2,wk inc rsv prop ed visits,prop_ed,2026-09-26,2026-10-10,RSVHub-baseline,0,0,0,7.55007550080585e-8,8.89275892758927e-4,0.0023892758927589277,0.003989275892758927,0,0,0,7.6e-8,8.9e-4,0.0024,0.004,FALSE,FALSE,RSVHub-hub-models,2026-09-23,RSVHub baseline model
Maryland,MD,0,wk inc rsv hosp,hosp,2026-09-26,2026-09-26,RSVHub-ensemble,0,1,3,5,7,9,11,0,1,3,5,7,9,10,FALSE,TRUE,RSVHub,2026-09-23,Ensemble using RSVHub forecast submissions
Maryland,MD,1,wk inc rsv hosp,hosp,2026-09-26,2026-10-03,RSVHub-ensemble,0,1,3,5,7,10,14,0,1,3,5,7,10,10,FALSE,TRUE,RSVHub,2026-09-23,Ensemble using RSVHub forecast submissions
Maryland,MD,2,wk inc rsv hosp,hosp,2026-09-26,2026-10-10,RSVHub-ensemble,0,1,3,5,7,11,17,0,1,3,5,7,10,20,FALSE,TRUE,RSVHub,2026-09-23,Ensemble using RSVHub forecast submissions
Maryland,MD,0,wk inc rsv prop ed visits,prop_ed,2026-09-26,2026-09-26,RSVHub-ensemble,1.8532725979388694e-5,3.724667740959943e-5,5.878059472443306e-5,9.616125635909059e-5,1.4080538470995273e-4,2.0097572703628287e-4,2.8788530244023777e-4,1.9e-5,3.7e-5,5.9e-5,9.6e-5,1.4e-4,2e-4,2.9e-4,FALSE,TRUE,RSVHub,2026-09-23,Ensemble using RSVHub forecast submissions
Maryland,MD,1,wk inc rsv prop ed visits,prop_ed,2026-09-26,2026-10-03,RSVHub-ensemble,2.0729974973152313e-5,4.188395652419986e-5,6.673762878770049e-5,1.1123275639443456e-4,1.6367941898521703e-4,2.3553930209066316e-4,3.644826286906572e-4,2.1e-5,4.2e-5,6.7e-5,1.1e-4,1.6e-4,2.4e-4,3.6e-4,FALSE,TRUE,RSVHub,2026-09-23,Ensemble using RSVHub forecast submissions
Maryland,MD,2,wk inc rsv prop ed visits,prop_ed,2026-09-26,2026-10-10,RSVHub-ensemble,2.4048333893493983e-5,3.767742031872889e-5,7.640024356705453e-5,1.1545132800339707e-4,1.8971205147777945e-4,2.857697037371855e-4,4.6842307306802557e-4,2.4e-5,3.8e-5,7.6e-5,1.2e-4,1.9e-4,2.9e-4,4.7e-4,FALSE,TRUE,RSVHub,2026-09-23,Ensemble using RSVHub forecast submissions
Massachusetts,MA,0,wk inc rsv hosp,hosp,2026-09-26,2026-09-26,CEPH-Rtrend_rsv,1,3,4,6,9,12,15,1,3,4,6,9,10,20,TRUE,FALSE,CEPH Lab at Indiana University,2026-09-23,Rtrend RSV
Massachusetts,MA,1,wk inc rsv hosp,hosp,2026-09-26,2026-10-03,CEPH-Rtrend_rsv,1,2,4,7,10,14,19,1,2,4,7,10,10,20,TRUE,FALSE,CEPH Lab at Indiana University,2026-09-23,Rtrend RSV
Massachusetts,MA,2,wk inc rsv hosp,hosp,2026-09-26,2026-10-10,CEPH-Rtrend_rsv,0,2,4,7,11,16,22,0,2,4,7,10,20,20,TRUE,FALSE,CEPH Lab at Indiana University,2026-09-23,Rtrend RSV
Massachusetts,MA,0,wk inc rsv prop ed visits,prop_ed,2026-09-26,2026-09-26,CFA-PyRenew_E,1.667563331945047e-5,4.790884307499941e-5,6.578614945545159e-5,1.0884791244931544e-4,1.468010025029967e-4,1.9674776660884551e-4,2.722892337894458e-4,1.7e-5,4.8e-5,6.6e-5,1.1e-4,1.5e-4,2e-4,2.7e-4,TRUE,FALSE,Center for Forecasting and Outbreak Analytics (CDC/CFA),2026-09-23,PyRenew-E
Massachusetts,MA,1,wk inc rsv prop ed visits,prop_ed,2026-09-26,2026-10-03,CFA-PyRenew_E,1.6139533610521142e-5,3.284235270913489e-5,6.478139886427948e-5,1.0034624336853074e-4,1.6046762172239787e-4,2.2556114181817267e-4,3.459521115960528e-4,1.6e-5,3.3e-5,6.5e-5,1e-4,1.6e-4,2.3e-4,3.5e-4,TRUE,FALSE,Center for Forecasting and Outbreak Analytics (CDC/CFA),2026-09-23,PyRenew-E
Massachusetts,MA,2,wk inc rsv prop ed visits,prop_ed,2026-09-26,2026-10-10,CFA-PyRenew_E,1.591641451730943e-5,3.229863195635905e-5,6.319096626785276e-5,9.978525337437544e-5,1.7357294451588403e-4,2.6398382542634964e-4,4.326825466330256e-4,1.6e-5,3.2e-5,6.3e-5,1e-4,1.7e-4,2.6e-4,4.3e-4,TRUE,FALSE,Center for Forecasting and Outbreak Analytics (CDC/CFA),2026-09-23,PyRenew-E
Massachusetts,MA,0,wk inc rsv prop ed visits,prop_ed,2026-09-26,2026-09-26,CFA-NowcastAutoGP,6.474914032282836e-5,8.195679345647599e-5,1.0148968353398491e-4,1.274279527964953e-4,1.5978908715210777e-4,1.9935748085159538e-4,2.51184949618677e-4,6.5e-5,8.2e-5,1e-4,1.3e-4,1.6e-4,2e-4,2.5e-4,TRUE,FALSE,Center for Forecasting and Outbreak Analytics (CDC/CFA),2026-09-23,NowcastAutoGP
Massachusetts,MA,1,wk inc rsv prop ed visits,prop_ed,2026-09-26,2026-10-03,CFA-NowcastAutoGP,6.690152037104832e-5,8.62205408682856e-5,1.103916560634899e-4,1.4252013760237859e-4,1.8162477849523e-4,2.2994887995043427e-4,3.120236383932298e-4,6.7e-5,8.6e-5,1.1e-4,1.4e-4,1.8e-4,2.3e-4,3.1e-4,TRUE,FALSE,Center for Forecasting and Outbreak Analytics (CDC/CFA),2026-09-23,NowcastAutoGP
Massachusetts,MA,2,wk inc rsv prop ed visits,prop_ed,2026-09-26,2026-10-10,CFA-NowcastAutoGP,7.021111460154486e-5,9.582511823806245e-5,1.2333382413663894e-4,1.6674617178232077e-4,2.1753295695952577e-4,2.8267031786235433e-4,3.8622549515640635e-4,7e-5,9.6e-5,1.2e-4,1.7e-4,2.2e-4,2.8e-4,3.9e-4,TRUE,FALSE,Center for Forecasting and Outbreak Analytics (CDC/CFA),2026-09-23,NowcastAutoGP
Massachusetts,MA,0,wk inc rsv hosp,hosp,2026-09-26,2026-09-26,CFA-PyRenew_H,0,2,3,5,7,10,14,0,2,3,5,7,10,10,FALSE,FALSE,Center for Forecasting and Outbreak Analytics (CDC/CFA),2026-09-23,PyRenew-H
Massachusetts,MA,1,wk inc rsv hosp,hosp,2026-09-26,2026-10-03,CFA-PyRenew_H,0,1,3,5,8,12,18.024999999999864,0,1,3,5,8,10,20,FALSE,FALSE,Center for Forecasting and Outbreak Analytics (CDC/CFA),2026-09-23,PyRenew-H
Massachusetts,MA,2,wk inc rsv hosp,hosp,2026-09-26,2026-10-10,CFA-PyRenew_H,0,1,2,5,9,15,26,0,1,2,5,9,20,30,FALSE,FALSE,Center for Forecasting and Outbreak Analytics (CDC/CFA),2026-09-23,PyRenew-H
Massachusetts,MA,0,wk inc rsv hosp,hosp,2026-09-26,2026-09-26,CFA-PyRenew_HE,0,1,2,4,5,7,10,0,1,2,4,5,7,10,TRUE,FALSE,Center for Forecasting and Outbreak Analytics (CDC/CFA),2026-09-23,PyRenew-HE
Massachusetts,MA,1,wk inc rsv hosp,hosp,2026-09-26,2026-10-03,CFA-PyRenew_HE,0,1,2,4,6,8,12,0,1,2,4,6,8,10,TRUE,FALSE,Center for Forecasting and Outbreak Analytics (CDC/CFA),2026-09-23,PyRenew-HE
Massachusetts,MA,2,wk inc rsv hosp,hosp,2026-09-26,2026-10-10,CFA-PyRenew_HE,0,1,2,4,6,10,17,0,1,2,4,6,10,20,TRUE,FALSE,Center for Forecasting and Outbreak Analytics (CDC/CFA),2026-09-23,PyRenew-HE
Massachusetts,MA,0,wk inc rsv prop ed visits,prop_ed,2026-09-26,2026-09-26,CFA-PyRenew_HE,3.224890647977319e-5,6.367719246543067e-5,9.522882693449608e-5,1.3099091974217846e-4,1.8024651389196957e-4,2.3788350247280703e-4,3.085072300295826e-4,3.2e-5,6.4e-5,9.5e-5,1.3e-4,1.8e-4,2.4e-4,3.1e-4,FALSE,FALSE,Center for Forecasting and Outbreak Analytics (CDC/CFA),2026-09-23,PyRenew-HE
Massachusetts,MA,1,wk inc rsv prop ed visits,prop_ed,2026-09-26,2026-10-03,CFA-PyRenew_HE,3.2101582508087166e-5,6.274750309749952e-5,8.25993970016593e-5,1.3158014364106374e-4,1.9642556307992423e-4,2.68145496026868e-4,3.936835822404952e-4,3.2e-5,6.3e-5,8.3e-5,1.3e-4,2e-4,2.7e-4,3.9e-4,FALSE,FALSE,Center for Forecasting and Outbreak Analytics (CDC/CFA),2026-09-23,PyRenew-HE
Massachusetts,MA,2,wk inc rsv prop ed visits,prop_ed,2026-09-26,2026-10-10,CFA-PyRenew_HE,1.63204440744355e-5,4.8388384758279936e-5,8.180058664364052e-5,1.4386361435287997e-4,2.2570027852786417e-4,3.348696156536814e-4,5.730651110829488e-4,1.6e-5,4.8e-5,8.2e-5,1.4e-4,2.3e-4,3.3e-4,5.7e-4,FALSE,FALSE,Center for Forecasting and Outbreak Analytics (CDC/CFA),2026-09-23,PyRenew-HE
Massachusetts,MA,0,wk inc rsv hosp,hosp,2026-09-26,2026-09-26,NAU-epymorph,0,1,3,6,9,13,19,0,1,3,6,9,10,20,TRUE,FALSE,Northern Arizona University,2026-09-23,epymorph RSV compartmental model
Massachusetts,MA,1,wk inc rsv hosp,hosp,2026-09-26,2026-10-03,NAU-epymorph,0,1,3,6,11,18,33,0,1,3,6,10,20,30,TRUE,FALSE,Northern Arizona University,2026-09-23,epymorph RSV compartmental model
Massachusetts,MA,2,wk inc rsv hosp,hosp,2026-09-26,2026-10-10,NAU-epymorph,0,1,3,7,14,26,58,0,1,3,7,10,30,60,TRUE,FALSE,Northern Arizona University,2026-09-23,epymorph RSV compartmental model
Massachusetts,MA,0,wk inc rsv hosp,hosp,2026-09-26,2026-09-26,RSVHub-baseline,0,0,0,5,12.749999999999993,32.80000000000005,88.87499999999987,0,0,0,5,10,30,90,FALSE,FALSE,RSVHub-hub-models,2026-09-23,RSVHub baseline model
Massachusetts,MA,1,wk inc rsv hosp,hosp,2026-09-26,2026-10-03,RSVHub-baseline,0,0,0,5,22,56.25763357633578,110.0724094740946,0,0,0,5,20,60,110,FALSE,FALSE,RSVHub-hub-models,2026-09-23,RSVHub baseline model
Massachusetts,MA,2,wk inc rsv hosp,hosp,2026-09-26,2026-10-10,RSVHub-baseline,0,0,0,5,29.696396963969626,71.84438844388444,137.7505655056552,0,0,0,5,30,70,140,FALSE,FALSE,RSVHub-hub-models,2026-09-23,RSVHub baseline model
Massachusetts,MA,0,wk inc rsv prop ed visits,prop_ed,2026-09-26,2026-09-26,RSVHub-baseline,0,0,0,1e-4,3e-4,0.0011700000000000007,0.003267499999999994,0,0,0,1e-4,3e-4,0.0012,0.0033,FALSE,FALSE,RSVHub-hub-models,2026-09-23,RSVHub baseline model
Massachusetts,MA,1,wk inc rsv prop ed visits,prop_ed,2026-09-26,2026-10-03,RSVHub-baseline,0,0,0,1e-4,7.999999999999997e-4,0.0023,0.0038000000000000004,0,0,0,1e-4,8e-4,0.0023,0.0038,FALSE,FALSE,RSVHub-hub-models,2026-09-23,RSVHub baseline model
Massachusetts,MA,2,wk inc rsv prop ed visits,prop_ed,2026-09-26,2026-10-10,RSVHub-baseline,0,0,0,1e-4,0.0010999999999999985,0.0026999999999999997,0.004467130071300708,0,0,0,1e-4,0.0011,0.0027,0.0045,FALSE,FALSE,RSVHub-hub-models,2026-09-23,RSVHub baseline model
Massachusetts,MA,0,wk inc rsv hosp,hosp,2026-09-26,2026-09-26,RSVHub-ensemble,0,1,3,6,9,12,15,0,1,3,6,9,10,20,FALSE,TRUE,RSVHub,2026-09-23,Ensemble using RSVHub forecast submissions
Massachusetts,MA,1,wk inc rsv hosp,hosp,2026-09-26,2026-10-03,RSVHub-ensemble,0,1,3,6,10,14,19,0,1,3,6,10,10,20,FALSE,TRUE,RSVHub,2026-09-23,Ensemble using RSVHub forecast submissions
Massachusetts,MA,2,wk inc rsv hosp,hosp,2026-09-26,2026-10-10,RSVHub-ensemble,0,1,3,7,11,16,22,0,1,3,7,10,20,20,FALSE,TRUE,RSVHub,2026-09-23,Ensemble using RSVHub forecast submissions
Massachusetts,MA,0,wk inc rsv prop ed visits,prop_ed,2026-09-26,2026-09-26,RSVHub-ensemble,4.0712386821139416e-5,6.49328182657377e-5,8.363791649471825e-5,1.1813793262290537e-4,1.5329504482755222e-4,1.9805262373022046e-4,2.617370917040614e-4,4.1e-5,6.5e-5,8.4e-5,1.2e-4,1.5e-4,2e-4,2.6e-4,FALSE,TRUE,RSVHub,2026-09-23,Ensemble using RSVHub forecast submissions
Massachusetts,MA,1,wk inc rsv prop ed visits,prop_ed,2026-09-26,2026-10-03,RSVHub-ensemble,4.152052699078473e-5,5.9531446788710246e-5,8.75865274638847e-5,1.2143319048545467e-4,1.7104620010881393e-4,2.2775501088430347e-4,3.289878749946413e-4,4.2e-5,6e-5,8.8e-5,1.2e-4,1.7e-4,2.3e-4,3.3e-4,FALSE,TRUE,RSVHub,2026-09-23,Ensemble using RSVHub forecast submissions
Massachusetts,MA,2,wk inc rsv prop ed visits,prop_ed,2026-09-26,2026-10-10,RSVHub-ensemble,4.306376455942714e-5,6.406187509721075e-5,9.326239520224585e-5,1.332657125783481e-4,1.955529507377049e-4,2.73327071644352e-4,4.09454020894716e-4,4.3e-5,6.4e-5,9.3e-5,1.3e-4,2e-4,2.7e-4,4.1e-4,FALSE,TRUE,RSVHub,2026-09-23,Ensemble using RSVHub forecast submissions
Michigan,MI,0,wk inc rsv hosp,hosp,2026-09-26,2026-09-26,CEPH-Rtrend_rsv,1,2,4,6,8,11,13,1,2,4,6,8,10,10,TRUE,FALSE,CEPH Lab at Indiana University,2026-09-23,Rtrend RSV
Michigan,MI,1,wk inc rsv hosp,hosp,2026-09-26,2026-10-03,CEPH-Rtrend_rsv,0,2,3,6,9,12,17,0,2,3,6,9,10,20,TRUE,FALSE,CEPH Lab at Indiana University,2026-09-23,Rtrend RSV
Michigan,MI,2,wk inc rsv hosp,hosp,2026-09-26,2026-10-10,CEPH-Rtrend_rsv,0,1,3,6,9,14,20,0,1,3,6,9,10,20,TRUE,FALSE,CEPH Lab at Indiana University,2026-09-23,Rtrend RSV
Michigan,MI,0,wk inc rsv prop ed visits,prop_ed,2026-09-26,2026-09-26,CFA-PyRenew_E,5.7959681327108086e-5,8.235962410592687e-5,1.1472404208153568e-4,1.5520550931274595e-4,2.078088485441785e-4,2.621630485763334e-4,3.342650997121625e-4,5.8e-5,8.2e-5,1.1e-4,1.6e-4,2.1e-4,2.6e-4,3.3e-4,TRUE,FALSE,Center for Forecasting and Outbreak Analytics (CDC/CFA),2026-09-23,PyRenew-E
Michigan,MI,1,wk inc rsv prop ed visits,prop_ed,2026-09-26,2026-10-03,CFA-PyRenew_E,4.7787019127691627e-05,8.225518684171139e-5,1.269944531575552e-4,1.8211318239683288e-4,2.6373102847983943e-4,3.6104322932088327e-4,4.895817723827766e-4,4.8e-5,8.2e-5,1.3e-4,1.8e-4,2.6e-4,3.6e-4,4.9e-4,TRUE,FALSE,Center for Forecasting and Outbreak Analytics (CDC/CFA),2026-09-23,PyRenew-E
Michigan,MI,2,wk inc rsv prop ed visits,prop_ed,2026-09-26,2026-10-10,CFA-PyRenew_E,3.661335182641048e-5,7.958133694895798e-5,1.2828674022281398e-4,2.083450859524617e-4,3.366660060894171e-4,5.308228626088183e-4,9.211863868298386e-4,3.7e-5,8e-5,1.3e-4,2.1e-4,3.4e-4,5.3e-4,9.2e-4,TRUE,FALSE,Center for Forecasting and Outbreak Analytics (CDC/CFA),2026-09-23,PyRenew-E
Michigan,MI,0,wk inc rsv prop ed visits,prop_ed,2026-09-26,2026-09-26,CFA-NowcastAutoGP,6.133881240741994e-5,8.198523247404721e-5,1.0197796815260068e-4,1.29900247975912e-4,1.6837469942630919e-4,2.1807413297963283e-4,2.824233599945769e-4,6.1e-5,8.2e-5,1e-4,1.3e-4,1.7e-4,2.2e-4,2.8e-4,TRUE,FALSE,Center for Forecasting and Outbreak Analytics (CDC/CFA),2026-09-23,NowcastAutoGP
Michigan,MI,1,wk inc rsv prop ed visits,prop_ed,2026-09-26,2026-10-03,CFA-NowcastAutoGP,6.137370637664065e-5,8.049420658014136e-5,1.0322978050466257e-4,1.399531815179857e-4,1.9265657252151404e-4,2.5490304747470815e-4,3.749904955430647e-4,6.1e-5,8e-5,1e-4,1.4e-4,1.9e-4,2.5e-4,3.7e-4,TRUE,FALSE,Center for Forecasting and Outbreak Analytics (CDC/CFA),2026-09-23,NowcastAutoGP
Michigan,MI,2,wk inc rsv prop ed visits,prop_ed,2026-09-26,2026-10-10,CFA-NowcastAutoGP,5.840551614133292e-5,7.92604089907091e-5,1.06423910463152e-4,1.4863355129115103e-4,2.1263655092498674e-4,2.9704343225106175e-4,4.6769984264693115e-4,5.8e-5,7.9e-5,1.1e-4,1.5e-4,2.1e-4,3e-4,4.7e-4,TRUE,FALSE,Center for Forecasting and Outbreak Analytics (CDC/CFA),2026-09-23,NowcastAutoGP
Michigan,MI,0,wk inc rsv hosp,hosp,2026-09-26,2026-09-26,CFA-PyRenew_H,0,0,2,4,9,17,36,0,0,2,4,9,20,40,FALSE,FALSE,Center for Forecasting and Outbreak Analytics (CDC/CFA),2026-09-23,PyRenew-H
Michigan,MI,1,wk inc rsv hosp,hosp,2026-09-26,2026-10-03,CFA-PyRenew_H,0,0,1,3,8,18,44.04999999999973,0,0,1,3,8,20,40,FALSE,FALSE,Center for Forecasting and Outbreak Analytics (CDC/CFA),2026-09-23,PyRenew-H
Michigan,MI,2,wk inc rsv hosp,hosp,2026-09-26,2026-10-10,CFA-PyRenew_H,0,0,1,3,8,20,66,0,0,1,3,8,20,70,FALSE,FALSE,Center for Forecasting and Outbreak Analytics (CDC/CFA),2026-09-23,PyRenew-H
Michigan,MI,0,wk inc rsv hosp,hosp,2026-09-26,2026-09-26,CFA-PyRenew_HE,0,1,3,7,14,23,43,0,1,3,7,10,20,40,TRUE,FALSE,Center for Forecasting and Outbreak Analytics (CDC/CFA),2026-09-23,PyRenew-HE
Michigan,MI,1,wk inc rsv hosp,hosp,2026-09-26,2026-10-03,CFA-PyRenew_HE,0,1,3,7,14,28,52,0,1,3,7,10,30,50,TRUE,FALSE,Center for Forecasting and Outbreak Analytics (CDC/CFA),2026-09-23,PyRenew-HE
Michigan,MI,2,wk inc rsv hosp,hosp,2026-09-26,2026-10-10,CFA-PyRenew_HE,0,1,3,8,17,34,74,0,1,3,8,20,30,70,TRUE,FALSE,Center for Forecasting and Outbreak Analytics (CDC/CFA),2026-09-23,PyRenew-HE
Michigan,MI,0,wk inc rsv prop ed visits,prop_ed,2026-09-26,2026-09-26,CFA-PyRenew_HE,4.683527400760154e-5,7.062628366212487e-5,9.656811270373624e-5,1.3897765375893136e-4,1.8261146757563888e-4,2.3309626988023027e-4,3.0425188799520364e-4,4.7e-5,7.1e-5,9.7e-5,1.4e-4,1.8e-4,2.3e-4,3e-4,FALSE,FALSE,Center for Forecasting and Outbreak Analytics (CDC/CFA),2026-09-23,PyRenew-HE
Michigan,MI,1,wk inc rsv prop ed visits,prop_ed,2026-09-26,2026-10-03,CFA-PyRenew_HE,3.5557842236352335e-5,6.975092288215007e-5,1.0400546485009124e-4,1.5081403742381132e-4,2.1199388207838576e-4,2.9193439242917616e-4,4.1090730795809144e-4,3.6e-5,7e-5,1e-4,1.5e-4,2.1e-4,2.9e-4,4.1e-4,FALSE,FALSE,Center for Forecasting and Outbreak Analytics (CDC/CFA),2026-09-23,PyRenew-HE
Michigan,MI,2,wk inc rsv prop ed visits,prop_ed,2026-09-26,2026-10-10,CFA-PyRenew_HE,3.456887986031679e-5,5.869458320599053e-5,9.545153561988268e-5,1.5914290691528612e-4,2.540728980101009e-4,3.906829856941026e-4,6.910127537490306e-4,3.5e-5,5.9e-5,9.5e-5,1.6e-4,2.5e-4,3.9e-4,6.9e-4,FALSE,FALSE,Center for Forecasting and Outbreak Analytics (CDC/CFA),2026-09-23,PyRenew-HE
Michigan,MI,0,wk inc rsv hosp,hosp,2026-09-26,2026-09-26,NAU-epymorph,0,0,5,11,18,40,145,0,0,5,10,20,40,150,TRUE,FALSE,Northern Arizona University,2026-09-23,epymorph RSV compartmental model
Michigan,MI,1,wk inc rsv hosp,hosp,2026-09-26,2026-10-03,NAU-epymorph,0,0,9,22,50,151,497,0,0,9,20,50,150,500,TRUE,FALSE,Northern Arizona University,2026-09-23,epymorph RSV compartmental model
Michigan,MI,2,wk inc rsv hosp,hosp,2026-09-26,2026-10-10,NAU-epymorph,0,0,14,49,148,541,1243,0,0,10,50,150,540,1200,TRUE,FALSE,Northern Arizona University,2026-09-23,epymorph RSV compartmental model
Michigan,MI,0,wk inc rsv hosp,hosp,2026-09-26,2026-09-26,RSVHub-baseline,0,0,1,4,7,35,79.07499999999972,0,0,1,4,7,40,80,FALSE,FALSE,RSVHub-hub-models,2026-09-23,RSVHub baseline model
Michigan,MI,1,wk inc rsv hosp,hosp,2026-09-26,2026-10-03,RSVHub-baseline,0,0,0,4,20.54372543725438,54.9461764617647,98.19507245072413,0,0,0,4,20,50,100,FALSE,FALSE,RSVHub-hub-models,2026-09-23,RSVHub baseline model
Michigan,MI,2,wk inc rsv hosp,hosp,2026-09-26,2026-10-10,RSVHub-baseline,0,0,0,4,31.05853058530603,68.25655656556567,123,0,0,0,4,30,70,120,FALSE,FALSE,RSVHub-hub-models,2026-09-23,RSVHub baseline model
Michigan,MI,0,wk inc rsv prop ed visits,prop_ed,2026-09-26,2026-09-26,RSVHub-baseline,0,0,9.999999999999996e-5,2e-4,3.0000000000000003e-4,0.0012,0.002867499999999995,0,0,1e-4,2e-4,3e-4,0.0012,0.0029,FALSE,FALSE,RSVHub-hub-models,2026-09-23,RSVHub baseline model
Michigan,MI,1,wk inc rsv prop ed visits,prop_ed,2026-09-26,2026-10-03,RSVHub-baseline,0,0,0,2e-4,7.428074280742806e-4,0.0018999999999999996,0.003698561360613604,0,0,0,2e-4,7.4e-4,0.0019,0.0037,FALSE,FALSE,RSVHub-hub-models,2026-09-23,RSVHub baseline model
Michigan,MI,2,wk inc rsv prop ed visits,prop_ed,2026-09-26,2026-10-10,RSVHub-baseline,0,0,0,2e-4,0.0010101066010660112,0.002410106601066011,0.004369657946579454,0,0,0,2e-4,0.001,0.0024,0.0044,FALSE,FALSE,RSVHub-hub-models,2026-09-23,RSVHub baseline model
Michigan,MI,0,wk inc rsv hosp,hosp,2026-09-26,2026-09-26,RSVHub-ensemble,0,1,4,7,14,23,43,0,1,4,7,10,20,40,FALSE,TRUE,RSVHub,2026-09-23,Ensemble using RSVHub forecast submissions
Michigan,MI,1,wk inc rsv hosp,hosp,2026-09-26,2026-10-03,RSVHub-ensemble,0,1,3,7,14,28,52,0,1,3,7,10,30,50,FALSE,TRUE,RSVHub,2026-09-23,Ensemble using RSVHub forecast submissions
Michigan,MI,2,wk inc rsv hosp,hosp,2026-09-26,2026-10-10,RSVHub-ensemble,0,1,3,8,17,34,74,0,1,3,8,20,30,70,FALSE,TRUE,RSVHub,2026-09-23,Ensemble using RSVHub forecast submissions
Michigan,MI,0,wk inc rsv prop ed visits,prop_ed,2026-09-26,2026-09-26,RSVHub-ensemble,5.9649246867264015e-5,8.217242828998704e-5,1.0835100511706818e-4,1.4255287864432898e-4,1.8809177398524383e-4,2.4011859077798311e-4,3.0834422985336974e-4,6e-5,8.2e-5,1.1e-4,1.4e-4,1.9e-4,2.4e-4,3.1e-4,FALSE,TRUE,RSVHub,2026-09-23,Ensemble using RSVHub forecast submissions
Michigan,MI,1,wk inc rsv prop ed visits,prop_ed,2026-09-26,2026-10-03,RSVHub-ensemble,5.458036275216614e-5,8.1374696710926375e-05,1.1511211683110888e-4,1.610331819574093e-4,2.2819380050067672e-4,3.0797313839779573e-4,4.3228613396292066e-4,5.5e-5,8.1e-5,1.2e-4,1.6e-4,2.3e-4,3.1e-4,4.3e-4,FALSE,TRUE,RSVHub,2026-09-23,Ensemble using RSVHub forecast submissions
Michigan,MI,2,wk inc rsv prop ed visits,prop_ed,2026-09-26,2026-10-10,RSVHub-ensemble,4.75094339838717e-5,7.942087296983354e-5,1.1735532534298299e-4,1.7848931862180637e-4,2.7465127850720194e-4,4.1393314742994e-4,6.944431147383849e-4,4.8e-5,7.9e-5,1.2e-4,1.8e-4,2.7e-4,4.1e-4,6.9e-4,FALSE,TRUE,RSVHub,2026-09-23,Ensemble using RSVHub forecast submissions
Minnesota,MN,0,wk inc rsv hosp,hosp,2026-09-26,2026-09-26,CEPH-Rtrend_rsv,1,2,3,3,4,5,6,1,2,3,3,4,5,6,TRUE,FALSE,CEPH Lab at Indiana University,2026-09-23,Rtrend RSV
Minnesota,MN,1,wk inc rsv hosp,hosp,2026-09-26,2026-10-03,CEPH-Rtrend_rsv,1,2,3,4,5,6,8,1,2,3,4,5,6,8,TRUE,FALSE,CEPH Lab at Indiana University,2026-09-23,Rtrend RSV
Minnesota,MN,2,wk inc rsv hosp,hosp,2026-09-26,2026-10-10,CEPH-Rtrend_rsv,1,2,2,4,5,7,10,1,2,2,4,5,7,10,TRUE,FALSE,CEPH Lab at Indiana University,2026-09-23,Rtrend RSV
Minnesota,MN,0,wk inc rsv prop ed visits,prop_ed,2026-09-26,2026-09-26,CFA-PyRenew_E,0,0,0,3.4752852692015793e-5,3.655240282664059e-5,7.278969565801005e-5,1.1459530055011116e-4,0,0,0,3.5e-5,3.7e-5,7.3e-5,1.1e-4,TRUE,FALSE,Center for Forecasting and Outbreak Analytics (CDC/CFA),2026-09-23,PyRenew-E
Minnesota,MN,1,wk inc rsv prop ed visits,prop_ed,2026-09-26,2026-10-03,CFA-PyRenew_E,0,0,0,0,3.6332865173015075e-5,7.249810207637534e-5,1.4186935129699129e-4,0,0,0,0,3.6e-5,7.2e-5,1.4e-4,TRUE,FALSE,Center for Forecasting and Outbreak Analytics (CDC/CFA),2026-09-23,PyRenew-E
Minnesota,MN,2,wk inc rsv prop ed visits,prop_ed,2026-09-26,2026-10-10,CFA-PyRenew_E,0,0,0,0,3.6114948685139005e-5,7.258010829421535e-5,1.4619264219669753e-4,0,0,0,0,3.6e-5,7.3e-5,1.5e-4,TRUE,FALSE,Center for Forecasting and Outbreak Analytics (CDC/CFA),2026-09-23,PyRenew-E
Minnesota,MN,0,wk inc rsv prop ed visits,prop_ed,2026-09-26,2026-09-26,CFA-NowcastAutoGP,6.275714849889395e-6,1.7935795833264035e-5,3.247954447631015e-5,6.097675017040543e-5,1.0166694670953403e-4,1.567483723780828e-4,2.480924304522021e-4,6.3e-6,1.8e-5,3.2e-5,6.1e-5,1e-4,1.6e-4,2.5e-4,TRUE,FALSE,Center for Forecasting and Outbreak Analytics (CDC/CFA),2026-09-23,NowcastAutoGP
Minnesota,MN,1,wk inc rsv prop ed visits,prop_ed,2026-09-26,2026-10-03,CFA-NowcastAutoGP,4.957199129176772e-6,1.6389461647387098e-5,3.5055761388306416e-5,6.593577960623398e-5,1.158147191007729e-4,1.841711852340345e-4,3.004085059808937e-4,5e-6,1.6e-5,3.5e-5,6.6e-5,1.2e-4,1.8e-4,3e-4,TRUE,FALSE,Center for Forecasting and Outbreak Analytics (CDC/CFA),2026-09-23,NowcastAutoGP
Minnesota,MN,2,wk inc rsv prop ed visits,prop_ed,2026-09-26,2026-10-10,CFA-NowcastAutoGP,2.6956938269158126e-6,1.6520541999873884e-5,3.791278027721026e-5,7.520764000004158e-5,1.360850443386414e-4,2.184860896440587e-4,0.00037911565189052996,2.7e-6,1.7e-5,3.8e-5,7.5e-5,1.4e-4,2.2e-4,3.8e-4,TRUE,FALSE,Center for Forecasting and Outbreak Analytics (CDC/CFA),2026-09-23,NowcastAutoGP
Minnesota,MN,0,wk inc rsv hosp,hosp,2026-09-26,2026-09-26,CFA-PyRenew_H,0,0,0,0,0,1,1,0,0,0,0,0,1,1,FALSE,FALSE,Center for Forecasting and Outbreak Analytics (CDC/CFA),2026-09-23,PyRenew-H
Minnesota,MN,1,wk inc rsv hosp,hosp,2026-09-26,2026-10-03,CFA-PyRenew_H,0,0,0,0,0,1,1,0,0,0,0,0,1,1,FALSE,FALSE,Center for Forecasting and Outbreak Analytics (CDC/CFA),2026-09-23,PyRenew-H
Minnesota,MN,2,wk inc rsv hosp,hosp,2026-09-26,2026-10-10,CFA-PyRenew_H,0,0,0,0,0,0,1,0,0,0,0,0,0,1,FALSE,FALSE,Center for Forecasting and Outbreak Analytics (CDC/CFA),2026-09-23,PyRenew-H
Minnesota,MN,0,wk inc rsv hosp,hosp,2026-09-26,2026-09-26,CFA-PyRenew_HE,0,0,0,0,1,1,2,0,0,0,0,1,1,2,TRUE,FALSE,Center for Forecasting and Outbreak Analytics (CDC/CFA),2026-09-23,PyRenew-HE
Minnesota,MN,1,wk inc rsv hosp,hosp,2026-09-26,2026-10-03,CFA-PyRenew_HE,0,0,0,0,1,1,2,0,0,0,0,1,1,2,TRUE,FALSE,Center for Forecasting and Outbreak Analytics (CDC/CFA),2026-09-23,PyRenew-HE
Minnesota,MN,2,wk inc rsv hosp,hosp,2026-09-26,2026-10-10,CFA-PyRenew_HE,0,0,0,0,0,1,2,0,0,0,0,0,1,2,TRUE,FALSE,Center for Forecasting and Outbreak Analytics (CDC/CFA),2026-09-23,PyRenew-HE
Minnesota,MN,0,wk inc rsv prop ed visits,prop_ed,2026-09-26,2026-09-26,CFA-PyRenew_HE,0,0,0,0,3.599343022069046e-5,7.120019441714286e-5,1.0691441402600432e-4,0,0,0,0,3.6e-5,7.1e-5,1.1e-4,FALSE,FALSE,Center for Forecasting and Outbreak Analytics (CDC/CFA),2026-09-23,PyRenew-HE
Minnesota,MN,1,wk inc rsv prop ed visits,prop_ed,2026-09-26,2026-10-03,CFA-PyRenew_HE,0,0,0,0,3.569922882873997e-5,6.981527606637478e-5,1.0687049739488518e-4,0,0,0,0,3.6e-5,7e-5,1.1e-4,FALSE,FALSE,Center for Forecasting and Outbreak Analytics (CDC/CFA),2026-09-23,PyRenew-HE
Minnesota,MN,2,wk inc rsv prop ed visits,prop_ed,2026-09-26,2026-10-10,CFA-PyRenew_HE,0,0,0,0,3.541557335314848e-5,3.742518862483744e-5,1.06051499385848e-4,0,0,0,0,3.5e-5,3.7e-5,1.1e-4,FALSE,FALSE,Center for Forecasting and Outbreak Analytics (CDC/CFA),2026-09-23,PyRenew-HE
Minnesota,MN,0,wk inc rsv hosp,hosp,2026-09-26,2026-09-26,NAU-epymorph,0,0,0,0,0,0,2,0,0,0,0,0,0,2,TRUE,FALSE,Northern Arizona University,2026-09-23,epymorph RSV compartmental model
Minnesota,MN,1,wk inc rsv hosp,hosp,2026-09-26,2026-10-03,NAU-epymorph,0,0,0,0,0,0,2,0,0,0,0,0,0,2,TRUE,FALSE,Northern Arizona University,2026-09-23,epymorph RSV compartmental model
Minnesota,MN,2,wk inc rsv hosp,hosp,2026-09-26,2026-10-10,NAU-epymorph,0,0,0,0,0,0,5,0,0,0,0,0,0,5,TRUE,FALSE,Northern Arizona University,2026-09-23,epymorph RSV compartmental model
Minnesota,MN,0,wk inc rsv hosp,hosp,2026-09-26,2026-09-26,RSVHub-baseline,0,0,0,0,5.250000000000007,19,37.624999999999964,0,0,0,0,5,20,40,FALSE,FALSE,RSVHub-hub-models,2026-09-23,RSVHub baseline model
Minnesota,MN,1,wk inc rsv hosp,hosp,2026-09-26,2026-10-03,RSVHub-baseline,0,0,0,0,12.765755157551595,26.85477554775548,50.313525135251304,0,0,0,0,10,30,50,FALSE,FALSE,RSVHub-hub-models,2026-09-23,RSVHub baseline model
Minnesota,MN,2,wk inc rsv hosp,hosp,2026-09-26,2026-10-10,RSVHub-baseline,0,0,0,1.7000170001324477e-4,15.473519735197364,33.61413114131141,61.49933574335758,0,0,0,0,20,30,60,FALSE,FALSE,RSVHub-hub-models,2026-09-23,RSVHub baseline model
Minnesota,MN,0,wk inc rsv prop ed visits,prop_ed,2026-09-26,2026-09-26,RSVHub-baseline,0,0,0,1e-4,3.7500000000000006e-4,0.0012000000000000003,0.002734999999999987,0,0,0,1e-4,3.8e-4,0.0012,0.0027,FALSE,FALSE,RSVHub-hub-models,2026-09-23,RSVHub baseline model
Minnesota,MN,1,wk inc rsv prop ed visits,prop_ed,2026-09-26,2026-10-03,RSVHub-baseline,0,0,0,1e-4,7.656491564915639e-4,0.0018000000000000004,0.0036568176681766847,0,0,0,1e-4,7.7e-4,0.0018,0.0037,FALSE,FALSE,RSVHub-hub-models,2026-09-23,RSVHub baseline model
Minnesota,MN,2,wk inc rsv prop ed visits,prop_ed,2026-09-26,2026-10-10,RSVHub-baseline,0,0,0,1e-4,0.0011,0.0024,0.0044314552395523996,0,0,0,1e-4,0.0011,0.0024,0.0044,FALSE,FALSE,RSVHub-hub-models,2026-09-23,RSVHub baseline model
Minnesota,MN,0,wk inc rsv hosp,hosp,2026-09-26,2026-09-26,RSVHub-ensemble,0,0,0,0,1,1,2,0,0,0,0,1,1,2,FALSE,TRUE,RSVHub,2026-09-23,Ensemble using RSVHub forecast submissions
Minnesota,MN,1,wk inc rsv hosp,hosp,2026-09-26,2026-10-03,RSVHub-ensemble,0,0,0,0,1,1,2,0,0,0,0,1,1,2,FALSE,TRUE,RSVHub,2026-09-23,Ensemble using RSVHub forecast submissions
Minnesota,MN,2,wk inc rsv hosp,hosp,2026-09-26,2026-10-10,RSVHub-ensemble,0,0,0,0,0,1,5,0,0,0,0,0,1,5,FALSE,TRUE,RSVHub,2026-09-23,Ensemble using RSVHub forecast submissions
Minnesota,MN,0,wk inc rsv prop ed visits,prop_ed,2026-09-26,2026-09-26,RSVHub-ensemble,3.1378574249446973e-6,8.967897916632018e-6,1.6239772238155073e-5,4.786480143121061e-5,6.910967476808732e-5,1.1476903401804643e-4,1.8134386550115663e-4,3.1e-6,9e-6,1.6e-5,4.8e-5,6.9e-5,1.1e-4,1.8e-4,FALSE,TRUE,RSVHub,2026-09-23,Ensemble using RSVHub forecast submissions
Minnesota,MN,1,wk inc rsv prop ed visits,prop_ed,2026-09-26,2026-10-03,RSVHub-ensemble,2.478599564588386e-6,8.194730823693549e-6,1.7527880694153208e-5,3.296788980311699e-5,7.607379213689399e-5,1.2833464365520492e-4,2.211389286389425e-4,2.5e-6,8.2e-6,1.8e-5,3.3e-5,7.6e-5,1.3e-4,2.2e-4,FALSE,TRUE,RSVHub,2026-09-23,Ensemble using RSVHub forecast submissions
Minnesota,MN,2,wk inc rsv prop ed visits,prop_ed,2026-09-26,2026-10-10,RSVHub-ensemble,1.3478469134579063e-6,8.260270999936942e-6,1.895639013860513e-5,3.760382000002079e-5,8.609999651189021e-5,1.4553309896913702e-4,2.6265414704361375e-4,1.3e-6,8.3e-6,1.9e-5,3.8e-5,8.6e-5,1.5e-4,2.6e-4,FALSE,TRUE,RSVHub,2026-09-23,Ensemble using RSVHub forecast submissions
Mississippi,MS,0,wk inc rsv hosp,hosp,2026-09-26,2026-09-26,CEPH-Rtrend_rsv,4,5,5,6,7,8,9,4,5,5,6,7,8,9,TRUE,FALSE,CEPH Lab at Indiana University,2026-09-23,Rtrend RSV
Mississippi,MS,1,wk inc rsv hosp,hosp,2026-09-26,2026-10-03,CEPH-Rtrend_rsv,5,6,7,8,10,12,14,5,6,7,8,10,10,10,TRUE,FALSE,CEPH Lab at Indiana University,2026-09-23,Rtrend RSV
Mississippi,MS,2,wk inc rsv hosp,hosp,2026-09-26,2026-10-10,CEPH-Rtrend_rsv,5,6,8,11,14,18,23,5,6,8,10,10,20,20,TRUE,FALSE,CEPH Lab at Indiana University,2026-09-23,Rtrend RSV
Mississippi,MS,0,wk inc rsv prop ed visits,prop_ed,2026-09-26,2026-09-26,CFA-PyRenew_E,1.7095955672659426e-4,2.5812300810266873e-4,3.371054727952143e-4,4.459948278333995e-4,5.677644237498972e-4,6.902569954950206e-4,8.446544060554283e-4,1.7e-4,2.6e-4,3.4e-4,4.5e-4,5.7e-4,6.9e-4,8.4e-4,TRUE,FALSE,Center for Forecasting and Outbreak Analytics (CDC/CFA),2026-09-23,PyRenew-E
Mississippi,MS,1,wk inc rsv prop ed visits,prop_ed,2026-09-26,2026-10-03,CFA-PyRenew_E,1.403334016300155e-4,2.239356988201561e-4,3.3402451965035745e-4,4.684708623705184e-4,6.315845979653358e-4,8.1063324390383e-4,0.00103522129787824,1.4e-4,2.2e-4,3.3e-4,4.7e-4,6.3e-4,8.1e-4,0.001,TRUE,FALSE,Center for Forecasting and Outbreak Analytics (CDC/CFA),2026-09-23,PyRenew-E
Mississippi,MS,2,wk inc rsv prop ed visits,prop_ed,2026-09-26,2026-10-10,CFA-PyRenew_E,1.081082616317339e-4,1.9438177527889708e-4,3.1114924506778826e-4,4.810200518384983e-4,6.99154952728533e-4,9.810785996178751e-4,0.00142912057327367,1.1e-4,1.9e-4,3.1e-4,4.8e-4,7e-4,9.8e-4,0.0014,TRUE,FALSE,Center for Forecasting and Outbreak Analytics (CDC/CFA),2026-09-23,PyRenew-E
Mississippi,MS,0,wk inc rsv prop ed visits,prop_ed,2026-09-26,2026-09-26,CFA-NowcastAutoGP,2.1198887915331658e-4,2.7105910857620394e-4,3.339079615154065e-4,4.2440344672751615e-4,5.435466396620473e-4,6.829364405791269e-4,8.49674349164047e-4,2.1e-4,2.7e-4,3.3e-4,4.2e-4,5.4e-4,6.8e-4,8.5e-4,TRUE,FALSE,Center for Forecasting and Outbreak Analytics (CDC/CFA),2026-09-23,NowcastAutoGP
Mississippi,MS,1,wk inc rsv prop ed visits,prop_ed,2026-09-26,2026-10-03,CFA-NowcastAutoGP,1.9006794112279524e-4,2.5452578121111383e-4,3.260189527514029e-4,4.2233805814657194e-4,5.48743396629853e-4,6.930534448383687e-4,9.075221953973089e-4,1.9e-4,2.5e-4,3.3e-4,4.2e-4,5.5e-4,6.9e-4,9.1e-4,TRUE,FALSE,Center for Forecasting and Outbreak Analytics (CDC/CFA),2026-09-23,NowcastAutoGP
Mississippi,MS,2,wk inc rsv prop ed visits,prop_ed,2026-09-26,2026-10-10,CFA-NowcastAutoGP,1.8141192367698638e-4,2.448152873953739e-4,3.1644774754848343e-4,4.172877718442331e-4,5.565381960934283e-4,7.38203972072233e-4,9.982316053303484e-4,1.8e-4,2.4e-4,3.2e-4,4.2e-4,5.6e-4,7.4e-4,0.001,TRUE,FALSE,Center for Forecasting and Outbreak Analytics (CDC/CFA),2026-09-23,NowcastAutoGP
Mississippi,MS,0,wk inc rsv hosp,hosp,2026-09-26,2026-09-26,CFA-PyRenew_H,0,1,2,4,6,9,13,0,1,2,4,6,9,10,FALSE,FALSE,Center for Forecasting and Outbreak Analytics (CDC/CFA),2026-09-23,PyRenew-H
Mississippi,MS,1,wk inc rsv hosp,hosp,2026-09-26,2026-10-03,CFA-PyRenew_H,0,1,2,4,7,11,19,0,1,2,4,7,10,20,FALSE,FALSE,Center for Forecasting and Outbreak Analytics (CDC/CFA),2026-09-23,PyRenew-H
Mississippi,MS,2,wk inc rsv hosp,hosp,2026-09-26,2026-10-10,CFA-PyRenew_H,0,1,2,4,8,16,33,0,1,2,4,8,20,30,FALSE,FALSE,Center for Forecasting and Outbreak Analytics (CDC/CFA),2026-09-23,PyRenew-H
Mississippi,MS,0,wk inc rsv hosp,hosp,2026-09-26,2026-09-26,CFA-PyRenew_HE,1,2,3,4,6,8,11,1,2,3,4,6,8,10,TRUE,FALSE,Center for Forecasting and Outbreak Analytics (CDC/CFA),2026-09-23,PyRenew-HE
Mississippi,MS,1,wk inc rsv hosp,hosp,2026-09-26,2026-10-03,CFA-PyRenew_HE,1,2,3,5,7,9,13,1,2,3,5,7,9,10,TRUE,FALSE,Center for Forecasting and Outbreak Analytics (CDC/CFA),2026-09-23,PyRenew-HE
Mississippi,MS,2,wk inc rsv hosp,hosp,2026-09-26,2026-10-10,CFA-PyRenew_HE,0,2,3,5,8,11,16,0,2,3,5,8,10,20,TRUE,FALSE,Center for Forecasting and Outbreak Analytics (CDC/CFA),2026-09-23,PyRenew-HE
Mississippi,MS,0,wk inc rsv prop ed visits,prop_ed,2026-09-26,2026-09-26,CFA-PyRenew_HE,1.9327891911275635e-4,2.7275084350742644e-4,3.440947829624263e-4,4.4070180008069017e-4,5.642594551086814e-4,6.807467503667183e-4,8.34508096264965e-4,1.9e-4,2.7e-4,3.4e-4,4.4e-4,5.6e-4,6.8e-4,8.3e-4,FALSE,FALSE,Center for Forecasting and Outbreak Analytics (CDC/CFA),2026-09-23,PyRenew-HE
Mississippi,MS,1,wk inc rsv prop ed visits,prop_ed,2026-09-26,2026-10-03,CFA-PyRenew_HE,1.707785188418526e-4,2.5362247120476656e-4,3.482648929445194e-4,4.767527505377963e-4,6.264743144322989e-4,8.023102109941322e-4,0.00104049484443786,1.7e-4,2.5e-4,3.5e-4,4.8e-4,6.3e-4,8e-4,0.001,FALSE,FALSE,Center for Forecasting and Outbreak Analytics (CDC/CFA),2026-09-23,PyRenew-HE
Mississippi,MS,2,wk inc rsv prop ed visits,prop_ed,2026-09-26,2026-10-10,CFA-PyRenew_HE,1.3658620813946178e-4,2.338597065852175e-4,3.436540997974223e-4,5.034349614699275e-4,7.141183649831775e-4,0.00101079362584424,0.0014287770062658,1.4e-4,2.3e-4,3.4e-4,5e-4,7.1e-4,0.001,0.0014,FALSE,FALSE,Center for Forecasting and Outbreak Analytics (CDC/CFA),2026-09-23,PyRenew-HE
Mississippi,MS,0,wk inc rsv hosp,hosp,2026-09-26,2026-09-26,NAU-epymorph,0,1,3,5,8,12,17,0,1,3,5,8,10,20,TRUE,FALSE,Northern Arizona University,2026-09-23,epymorph RSV compartmental model
Mississippi,MS,1,wk inc rsv hosp,hosp,2026-09-26,2026-10-03,NAU-epymorph,0,1,3,6,10,17,31,0,1,3,6,10,20,30,TRUE,FALSE,Northern Arizona University,2026-09-23,epymorph RSV compartmental model
Mississippi,MS,2,wk inc rsv hosp,hosp,2026-09-26,2026-10-10,NAU-epymorph,0,1,3,7,14,27,58,0,1,3,7,10,30,60,TRUE,FALSE,Northern Arizona University,2026-09-23,epymorph RSV compartmental model
Mississippi,MS,0,wk inc rsv hosp,hosp,2026-09-26,2026-09-26,RSVHub-baseline,0,0,3,5,7,12.900000000000034,23,0,0,3,5,7,10,20,FALSE,FALSE,RSVHub-hub-models,2026-09-23,RSVHub baseline model
Mississippi,MS,1,wk inc rsv hosp,hosp,2026-09-26,2026-10-03,RSVHub-baseline,0,0,1.06579065790657,5,9.22490474904749,18,28.884270842708446,0,0,1,5,9,20,30,FALSE,FALSE,RSVHub-hub-models,2026-09-23,RSVHub baseline model
Mississippi,MS,2,wk inc rsv hosp,hosp,2026-09-26,2026-10-10,RSVHub-baseline,0,0,0,5,12,21.50318903189029,33.725509255092426,0,0,0,5,10,20,30,FALSE,FALSE,RSVHub-hub-models,2026-09-23,RSVHub baseline model
Mississippi,MS,0,wk inc rsv prop ed visits,prop_ed,2026-09-26,2026-09-26,RSVHub-baseline,0,0,3e-4,5e-4,7.000000000000001e-4,0.0012700000000000007,0.0027,0,0,3e-4,5e-4,7e-4,0.0013,0.0027,FALSE,FALSE,RSVHub-hub-models,2026-09-23,RSVHub baseline model
Mississippi,MS,1,wk inc rsv prop ed visits,prop_ed,2026-09-26,2026-10-03,RSVHub-baseline,0,0,1.0000000000000007e-4,5e-4,0.001,0.0018999999999999998,0.003180361878618786,0,0,1e-4,5e-4,0.001,0.0019,0.0032,FALSE,FALSE,RSVHub-hub-models,2026-09-23,RSVHub baseline model
Mississippi,MS,2,wk inc rsv prop ed visits,prop_ed,2026-09-26,2026-10-10,RSVHub-baseline,0,0,0,5e-4,0.0012000000000000008,0.0023,0.0035609026840268372,0,0,0,5e-4,0.0012,0.0023,0.0036,FALSE,FALSE,RSVHub-hub-models,2026-09-23,RSVHub baseline model
Mississippi,MS,0,wk inc rsv hosp,hosp,2026-09-26,2026-09-26,RSVHub-ensemble,1,2,3,5,7,8,11,1,2,3,5,7,8,10,FALSE,TRUE,RSVHub,2026-09-23,Ensemble using RSVHub forecast submissions
Mississippi,MS,1,wk inc rsv hosp,hosp,2026-09-26,2026-10-03,RSVHub-ensemble,1,2,3,6,10,12,14,1,2,3,6,10,10,10,FALSE,TRUE,RSVHub,2026-09-23,Ensemble using RSVHub forecast submissions
Mississippi,MS,2,wk inc rsv hosp,hosp,2026-09-26,2026-10-10,RSVHub-ensemble,0,2,3,7,14,18,23,0,2,3,7,10,20,20,FALSE,TRUE,RSVHub,2026-09-23,Ensemble using RSVHub forecast submissions
Mississippi,MS,0,wk inc rsv prop ed visits,prop_ed,2026-09-26,2026-09-26,RSVHub-ensemble,1.9147421793995543e-4,2.6459105833943636e-4,3.355067171553104e-4,4.351991372804578e-4,5.556555317059722e-4,6.865967180370737e-4,8.471643776097376e-4,1.9e-4,2.6e-4,3.4e-4,4.4e-4,5.6e-4,6.9e-4,8.5e-4,FALSE,TRUE,RSVHub,2026-09-23,Ensemble using RSVHub forecast submissions
Mississippi,MS,1,wk inc rsv prop ed visits,prop_ed,2026-09-26,2026-10-03,RSVHub-ensemble,1.6520067137640537e-4,2.3923074001563498e-4,3.300217362008802e-4,4.454044602585452e-4,5.901639972975944e-4,7.518433443710994e-4,9.713717466377746e-4,1.7e-4,2.4e-4,3.3e-4,4.5e-4,5.9e-4,7.5e-4,9.7e-4,FALSE,TRUE,RSVHub,2026-09-23,Ensemble using RSVHub forecast submissions
Mississippi,MS,2,wk inc rsv prop ed visits,prop_ed,2026-09-26,2026-10-10,RSVHub-ensemble,1.4476009265436014e-4,2.1959853133713547e-4,3.1379849630813587e-4,4.491539118413657e-4,6.278465744109806e-4,8.596412858450541e-4,0.0012136760893020093,1.4e-4,2.2e-4,3.1e-4,4.5e-4,6.3e-4,8.6e-4,0.0012,FALSE,TRUE,RSVHub,2026-09-23,Ensemble using RSVHub forecast submissions
Missouri,MO,0,wk inc rsv hosp,hosp,2026-09-26,2026-09-26,CEPH-Rtrend_rsv,0,1,3,3,5,7,9,0,1,3,3,5,7,9,TRUE,FALSE,CEPH Lab at Indiana University,2026-09-23,Rtrend RSV
Missouri,MO,1,wk inc rsv hosp,hosp,2026-09-26,2026-10-03,CEPH-Rtrend_rsv,0,1,2,3,6,9,12,0,1,2,3,6,9,10,TRUE,FALSE,CEPH Lab at Indiana University,2026-09-23,Rtrend RSV
Missouri,MO,2,wk inc rsv hosp,hosp,2026-09-26,2026-10-10,CEPH-Rtrend_rsv,0,1,2,3,6,9,14,0,1,2,3,6,9,10,TRUE,FALSE,CEPH Lab at Indiana University,2026-09-23,Rtrend RSV
Missouri,MO,0,wk inc rsv prop ed visits,prop_ed,2026-09-26,2026-09-26,CFA-PyRenew_E,2.080489964934942e-5,4.201889467444113e-5,6.525113353208509e-5,1.0732893664792144e-4,1.6850431415456698e-4,2.2877207867801297e-4,3.123877567631717e-4,2.1e-5,4.2e-5,6.5e-5,1.1e-4,1.7e-4,2.3e-4,3.1e-4,TRUE,FALSE,Center for Forecasting and Outbreak Analytics (CDC/CFA),2026-09-23,PyRenew-E
Missouri,MO,1,wk inc rsv prop ed visits,prop_ed,2026-09-26,2026-10-03,CFA-PyRenew_E,0,2.1548567949932822e-5,6.222923669175194e-5,1.0411855846507932e-4,1.6720295359983807e-4,2.3282028483978236e-4,3.403983880003551e-4,0,2.2e-5,6.2e-5,1e-4,1.7e-4,2.3e-4,3.4e-4,TRUE,FALSE,Center for Forecasting and Outbreak Analytics (CDC/CFA),2026-09-23,PyRenew-E
Missouri,MO,2,wk inc rsv prop ed visits,prop_ed,2026-09-26,2026-10-10,CFA-PyRenew_E,0,2.07676063813492e-5,4.259651394015429e-5,8.651955135630113e-5,1.655791992153243e-4,2.5665597382646934e-4,4.2292886355264225e-4,0,2.1e-5,4.3e-5,8.7e-5,1.7e-4,2.6e-4,4.2e-4,TRUE,FALSE,Center for Forecasting and Outbreak Analytics (CDC/CFA),2026-09-23,PyRenew-E
Missouri,MO,0,wk inc rsv prop ed visits,prop_ed,2026-09-26,2026-09-26,CFA-NowcastAutoGP,1.0527453553255816e-5,1.9214689275605684e-5,3.2356634976100596e-5,5.362655567295358e-5,8.182623597179984e-5,1.273878339447283e-4,1.8748185549288866e-4,1.1e-5,1.9e-5,3.2e-5,5.4e-5,8.2e-5,1.3e-4,1.9e-4,TRUE,FALSE,Center for Forecasting and Outbreak Analytics (CDC/CFA),2026-09-23,NowcastAutoGP
Missouri,MO,1,wk inc rsv prop ed visits,prop_ed,2026-09-26,2026-10-03,CFA-NowcastAutoGP,3.7046705595395366e-6,1.2653446879979258e-5,2.4242335816933807e-5,4.5474058303715865e-5,7.63761562910446e-5,1.2321163148710284e-4,2.149513485062681e-4,3.7e-6,1.3e-5,2.4e-5,4.5e-5,7.6e-5,1.2e-4,2.1e-4,TRUE,FALSE,Center for Forecasting and Outbreak Analytics (CDC/CFA),2026-09-23,NowcastAutoGP
Missouri,MO,2,wk inc rsv prop ed visits,prop_ed,2026-09-26,2026-10-10,CFA-NowcastAutoGP,8.561754662147857e-7,8.530290470781269e-6,1.9989099922010436e-5,4.18119097107514e-5,7.797712016040454e-5,1.3585112079783014e-4,2.3196135714946916e-4,8.6e-7,8.5e-6,2e-5,4.2e-5,7.8e-5,1.4e-4,2.3e-4,TRUE,FALSE,Center for Forecasting and Outbreak Analytics (CDC/CFA),2026-09-23,NowcastAutoGP
Missouri,MO,0,wk inc rsv hosp,hosp,2026-09-26,2026-09-26,CFA-PyRenew_H,0,0,0,1,2,4,6,0,0,0,1,2,4,6,FALSE,FALSE,Center for Forecasting and Outbreak Analytics (CDC/CFA),2026-09-23,PyRenew-H
Missouri,MO,1,wk inc rsv hosp,hosp,2026-09-26,2026-10-03,CFA-PyRenew_H,0,0,0,1,3,5,9,0,0,0,1,3,5,9,FALSE,FALSE,Center for Forecasting and Outbreak Analytics (CDC/CFA),2026-09-23,PyRenew-H
Missouri,MO,2,wk inc rsv hosp,hosp,2026-09-26,2026-10-10,CFA-PyRenew_H,0,0,0,1,3,6,13,0,0,0,1,3,6,10,FALSE,FALSE,Center for Forecasting and Outbreak Analytics (CDC/CFA),2026-09-23,PyRenew-H
Missouri,MO,0,wk inc rsv hosp,hosp,2026-09-26,2026-09-26,CFA-PyRenew_HE,0,0,1,2,3,4,6,0,0,1,2,3,4,6,TRUE,FALSE,Center for Forecasting and Outbreak Analytics (CDC/CFA),2026-09-23,PyRenew-HE
Missouri,MO,1,wk inc rsv hosp,hosp,2026-09-26,2026-10-03,CFA-PyRenew_HE,0,0,1,2,3,4,6,0,0,1,2,3,4,6,TRUE,FALSE,Center for Forecasting and Outbreak Analytics (CDC/CFA),2026-09-23,PyRenew-HE
Missouri,MO,2,wk inc rsv hosp,hosp,2026-09-26,2026-10-10,CFA-PyRenew_HE,0,0,1,1,3,5,7,0,0,1,1,3,5,7,TRUE,FALSE,Center for Forecasting and Outbreak Analytics (CDC/CFA),2026-09-23,PyRenew-HE
Missouri,MO,0,wk inc rsv prop ed visits,prop_ed,2026-09-26,2026-09-26,CFA-PyRenew_HE,2.063701177334734e-5,4.153356461861074e-5,6.335440156856133e-5,1.0531155873910188e-4,1.495284986303403e-4,2.0607182811280416e-4,2.7468194543835335e-4,2.1e-5,4.2e-5,6.3e-5,1.1e-4,1.5e-4,2.1e-4,2.7e-4,FALSE,FALSE,Center for Forecasting and Outbreak Analytics (CDC/CFA),2026-09-23,PyRenew-HE
Missouri,MO,1,wk inc rsv prop ed visits,prop_ed,2026-09-26,2026-10-03,CFA-PyRenew_HE,0,2.1186942558938363e-5,4.33292747039807e-5,8.630794944680824e-5,1.4984317378562864e-4,2.134532429437572e-4,2.9955191534694674e-4,0,2.1e-5,4.3e-5,8.6e-5,1.5e-4,2.1e-4,3e-4,FALSE,FALSE,Center for Forecasting and Outbreak Analytics (CDC/CFA),2026-09-23,PyRenew-HE
Missouri,MO,2,wk inc rsv prop ed visits,prop_ed,2026-09-26,2026-10-10,CFA-PyRenew_HE,0,2.04971882421071e-5,4.1562215149673406e-5,8.315338418909529e-5,1.4627521804366582e-4,2.3259971819986105e-4,3.797711211542107e-4,0,2e-5,4.2e-5,8.3e-5,1.5e-4,2.3e-4,3.8e-4,FALSE,FALSE,Center for Forecasting and Outbreak Analytics (CDC/CFA),2026-09-23,PyRenew-HE
Missouri,MO,0,wk inc rsv hosp,hosp,2026-09-26,2026-09-26,NAU-epymorph,0,0,0,2,4,8,13,0,0,0,2,4,8,10,TRUE,FALSE,Northern Arizona University,2026-09-23,epymorph RSV compartmental model
Missouri,MO,1,wk inc rsv hosp,hosp,2026-09-26,2026-10-03,NAU-epymorph,0,0,0,2,5,10,22,0,0,0,2,5,10,20,TRUE,FALSE,Northern Arizona University,2026-09-23,epymorph RSV compartmental model
Missouri,MO,2,wk inc rsv hosp,hosp,2026-09-26,2026-10-10,NAU-epymorph,0,0,0,2,7,16,39,0,0,0,2,7,20,40,TRUE,FALSE,Northern Arizona University,2026-09-23,epymorph RSV compartmental model
Missouri,MO,0,wk inc rsv hosp,hosp,2026-09-26,2026-09-26,RSVHub-baseline,0,0,0,1,3,16,41,0,0,0,1,3,20,40,FALSE,FALSE,RSVHub-hub-models,2026-09-23,RSVHub baseline model
Missouri,MO,1,wk inc rsv hosp,hosp,2026-09-26,2026-10-03,RSVHub-baseline,0,0,0,1,9,29,61.82330423304178,0,0,0,1,9,30,60,FALSE,FALSE,RSVHub-hub-models,2026-09-23,RSVHub baseline model
Missouri,MO,2,wk inc rsv hosp,hosp,2026-09-26,2026-10-10,RSVHub-baseline,0,0,0,1,14.803580535805338,37.67661476614776,69.30350703507031,0,0,0,1,10,40,70,FALSE,FALSE,RSVHub-hub-models,2026-09-23,RSVHub baseline model
Missouri,MO,0,wk inc rsv prop ed visits,prop_ed,2026-09-26,2026-09-26,RSVHub-baseline,0,0,0,0,1e-4,4.7000000000000064e-4,0.0018999999999999996,0,0,0,0,1e-4,4.7e-4,0.0019,FALSE,FALSE,RSVHub-hub-models,2026-09-23,RSVHub baseline model
Missouri,MO,1,wk inc rsv prop ed visits,prop_ed,2026-09-26,2026-10-03,RSVHub-baseline,0,0,0,0,2.999999999999999e-4,0.0011000000000000003,0.0025000000000000005,0,0,0,0,3e-4,0.0011,0.0025,FALSE,FALSE,RSVHub-hub-models,2026-09-23,RSVHub baseline model
Missouri,MO,2,wk inc rsv prop ed visits,prop_ed,2026-09-26,2026-10-10,RSVHub-baseline,0,0,0,0,3.9999999999999996e-4,0.0014000000000000006,0.002898552410524104,0,0,0,0,4e-4,0.0014,0.0029,FALSE,FALSE,RSVHub-hub-models,2026-09-23,RSVHub baseline model
Missouri,MO,0,wk inc rsv hosp,hosp,2026-09-26,2026-09-26,RSVHub-ensemble,0,0,1,2,4,7,9,0,0,1,2,4,7,9,FALSE,TRUE,RSVHub,2026-09-23,Ensemble using RSVHub forecast submissions
Missouri,MO,1,wk inc rsv hosp,hosp,2026-09-26,2026-10-03,RSVHub-ensemble,0,0,1,2,5,9,12,0,0,1,2,5,9,10,FALSE,TRUE,RSVHub,2026-09-23,Ensemble using RSVHub forecast submissions
Missouri,MO,2,wk inc rsv hosp,hosp,2026-09-26,2026-10-10,RSVHub-ensemble,0,0,1,2,6,9,14,0,0,1,2,6,9,10,FALSE,TRUE,RSVHub,2026-09-23,Ensemble using RSVHub forecast submissions
Missouri,MO,0,wk inc rsv prop ed visits,prop_ed,2026-09-26,2026-09-26,RSVHub-ensemble,1.5666176601302618e-5,3.061679197502341e-5,4.880388425409284e-5,8.047774616043751e-5,1.251652750631834e-4,1.7807995631137063e-4,2.4993480612803016e-4,1.6e-5,3.1e-5,4.9e-5,8e-5,1.3e-4,1.8e-4,2.5e-4,FALSE,TRUE,RSVHub,2026-09-23,Ensemble using RSVHub forecast submissions
Missouri,MO,1,wk inc rsv prop ed visits,prop_ed,2026-09-26,2026-10-03,RSVHub-ensemble,1.8523352797697683e-6,1.710100741495604e-5,4.323578625434287e-5,7.47963083843976e-5,1.2178955494544133e-4,1.7801595816344259e-4,2.776748682533116e-4,1.9e-6,1.7e-5,4.3e-5,7.5e-5,1.2e-4,1.8e-4,2.8e-4,FALSE,TRUE,RSVHub,2026-09-23,Ensemble using RSVHub forecast submissions
Missouri,MO,2,wk inc rsv prop ed visits,prop_ed,2026-09-26,2026-10-10,RSVHub-ensemble,4.2808773310739287e-7,1.4648948426065234e-5,3.129280693108236e-5,6.416573053352626e-5,1.2177815968786442e-4,1.9625354731214972e-4,3.274451103510557e-4,4.3e-7,1.5e-5,3.1e-5,6.4e-5,1.2e-4,2e-4,3.3e-4,FALSE,TRUE,RSVHub,2026-09-23,Ensemble using RSVHub forecast submissions
Montana,MT,0,wk inc rsv hosp,hosp,2026-09-26,2026-09-26,CEPH-Rtrend_rsv,0,1,1,2,2,3,4,0,1,1,2,2,3,4,TRUE,FALSE,CEPH Lab at Indiana University,2026-09-23,Rtrend RSV
Montana,MT,1,wk inc rsv hosp,hosp,2026-09-26,2026-10-03,CEPH-Rtrend_rsv,0,1,1,2,3,4,5,0,1,1,2,3,4,5,TRUE,FALSE,CEPH Lab at Indiana University,2026-09-23,Rtrend RSV
Montana,MT,2,wk inc rsv hosp,hosp,2026-09-26,2026-10-10,CEPH-Rtrend_rsv,0,0,1,2,3,4,6,0,0,1,2,3,4,6,TRUE,FALSE,CEPH Lab at Indiana University,2026-09-23,Rtrend RSV
Montana,MT,0,wk inc rsv prop ed visits,prop_ed,2026-09-26,2026-09-26,CFA-PyRenew_E,0,0,0,0,0,1.1109794207502596e-4,2.2215863497009088e-4,0,0,0,0,0,1.1e-4,2.2e-4,TRUE,FALSE,Center for Forecasting and Outbreak Analytics (CDC/CFA),2026-09-23,PyRenew-E
Montana,MT,1,wk inc rsv prop ed visits,prop_ed,2026-09-26,2026-10-03,CFA-PyRenew_E,0,0,0,0,0,1.0938378899066958e-4,2.1895069272444064e-4,0,0,0,0,0,1.1e-4,2.2e-4,TRUE,FALSE,Center for Forecasting and Outbreak Analytics (CDC/CFA),2026-09-23,PyRenew-E
Montana,MT,2,wk inc rsv prop ed visits,prop_ed,2026-09-26,2026-10-10,CFA-PyRenew_E,0,0,0,0,0,1.0922136428844165e-4,2.204474011638204e-4,0,0,0,0,0,1.1e-4,2.2e-4,TRUE,FALSE,Center for Forecasting and Outbreak Analytics (CDC/CFA),2026-09-23,PyRenew-E
Montana,MT,0,wk inc rsv prop ed visits,prop_ed,2026-09-26,2026-09-26,CFA-NowcastAutoGP,0,0,0,2.1605267631279457e-5,6.299056949269121e-5,1.2263414689049303e-4,2.1645057982252943e-4,0,0,0,2.2e-5,6.3e-5,1.2e-4,2.2e-4,TRUE,FALSE,Center for Forecasting and Outbreak Analytics (CDC/CFA),2026-09-23,NowcastAutoGP
Montana,MT,1,wk inc rsv prop ed visits,prop_ed,2026-09-26,2026-10-03,CFA-NowcastAutoGP,0,0,0,2.3960296368267886e-5,6.536943086769363e-5,1.2693120320497248e-4,2.3502306216116055e-4,0,0,0,2.4e-5,6.5e-5,1.3e-4,2.4e-4,TRUE,FALSE,Center for Forecasting and Outbreak Analytics (CDC/CFA),2026-09-23,NowcastAutoGP
Montana,MT,2,wk inc rsv prop ed visits,prop_ed,2026-09-26,2026-10-10,CFA-NowcastAutoGP,0,0,0,2.4689601455251215e-5,7.39425412959786e-5,1.2888728580275343e-4,2.481594845100771e-4,0,0,0,2.5e-5,7.4e-5,1.3e-4,2.5e-4,TRUE,FALSE,Center for Forecasting and Outbreak Analytics (CDC/CFA),2026-09-23,NowcastAutoGP
Montana,MT,0,wk inc rsv hosp,hosp,2026-09-26,2026-09-26,CFA-PyRenew_H,0,0,0,0,0,1,2,0,0,0,0,0,1,2,FALSE,FALSE,Center for Forecasting and Outbreak Analytics (CDC/CFA),2026-09-23,PyRenew-H
Montana,MT,1,wk inc rsv hosp,hosp,2026-09-26,2026-10-03,CFA-PyRenew_H,0,0,0,0,0,1,3,0,0,0,0,0,1,3,FALSE,FALSE,Center for Forecasting and Outbreak Analytics (CDC/CFA),2026-09-23,PyRenew-H
Montana,MT,2,wk inc rsv hosp,hosp,2026-09-26,2026-10-10,CFA-PyRenew_H,0,0,0,0,0,1,5,0,0,0,0,0,1,5,FALSE,FALSE,Center for Forecasting and Outbreak Analytics (CDC/CFA),2026-09-23,PyRenew-H
Montana,MT,0,wk inc rsv hosp,hosp,2026-09-26,2026-09-26,CFA-PyRenew_HE,0,0,0,0,0,1,1,0,0,0,0,0,1,1,TRUE,FALSE,Center for Forecasting and Outbreak Analytics (CDC/CFA),2026-09-23,PyRenew-HE
Montana,MT,1,wk inc rsv hosp,hosp,2026-09-26,2026-10-03,CFA-PyRenew_HE,0,0,0,0,0,1,2,0,0,0,0,0,1,2,TRUE,FALSE,Center for Forecasting and Outbreak Analytics (CDC/CFA),2026-09-23,PyRenew-HE
Montana,MT,2,wk inc rsv hosp,hosp,2026-09-26,2026-10-10,CFA-PyRenew_HE,0,0,0,0,0,1,2,0,0,0,0,0,1,2,TRUE,FALSE,Center for Forecasting and Outbreak Analytics (CDC/CFA),2026-09-23,PyRenew-HE
Montana,MT,0,wk inc rsv prop ed visits,prop_ed,2026-09-26,2026-09-26,CFA-PyRenew_HE,0,0,0,0,0,1.114912974172012e-4,2.212354192615922e-4,0,0,0,0,0,1.1e-4,2.2e-4,FALSE,FALSE,Center for Forecasting and Outbreak Analytics (CDC/CFA),2026-09-23,PyRenew-HE
Montana,MT,1,wk inc rsv prop ed visits,prop_ed,2026-09-26,2026-10-03,CFA-PyRenew_HE,0,0,0,0,0,1.109949042691391e-4,2.182145080645188e-4,0,0,0,0,0,1.1e-4,2.2e-4,FALSE,FALSE,Center for Forecasting and Outbreak Analytics (CDC/CFA),2026-09-23,PyRenew-HE
Montana,MT,2,wk inc rsv prop ed visits,prop_ed,2026-09-26,2026-10-10,CFA-PyRenew_HE,0,0,0,0,0,1.0991303781051812e-4,2.238232977510235e-4,0,0,0,0,0,1.1e-4,2.2e-4,FALSE,FALSE,Center for Forecasting and Outbreak Analytics (CDC/CFA),2026-09-23,PyRenew-HE
Montana,MT,0,wk inc rsv hosp,hosp,2026-09-26,2026-09-26,NAU-epymorph,0,0,0,0,1,2,4,0,0,0,0,1,2,4,TRUE,FALSE,Northern Arizona University,2026-09-23,epymorph RSV compartmental model
Montana,MT,1,wk inc rsv hosp,hosp,2026-09-26,2026-10-03,NAU-epymorph,0,0,0,0,1,3,6,0,0,0,0,1,3,6,TRUE,FALSE,Northern Arizona University,2026-09-23,epymorph RSV compartmental model
Montana,MT,2,wk inc rsv hosp,hosp,2026-09-26,2026-10-10,NAU-epymorph,0,0,0,0,1,4,11,0,0,0,0,1,4,10,TRUE,FALSE,Northern Arizona University,2026-09-23,epymorph RSV compartmental model
Montana,MT,0,wk inc rsv hosp,hosp,2026-09-26,2026-09-26,RSVHub-baseline,0,0,0,0,0,4,14.324999999999974,0,0,0,0,0,4,10,FALSE,FALSE,RSVHub-hub-models,2026-09-23,RSVHub baseline model
Montana,MT,1,wk inc rsv hosp,hosp,2026-09-26,2026-10-03,RSVHub-baseline,0,0,0,0,2,10,19.257485574855938,0,0,0,0,2,10,20,FALSE,FALSE,RSVHub-hub-models,2026-09-23,RSVHub baseline model
Montana,MT,2,wk inc rsv hosp,hosp,2026-09-26,2026-10-10,RSVHub-baseline,0,0,0,0,4,12.658496584965865,23.458222332223265,0,0,0,0,4,10,20,FALSE,FALSE,RSVHub-hub-models,2026-09-23,RSVHub baseline model
Montana,MT,0,wk inc rsv prop ed visits,prop_ed,2026-09-26,2026-09-26,RSVHub-baseline,0,0,0,0,2.000000000000001e-4,0.0010700000000000002,0.0033,0,0,0,0,2e-4,0.0011,0.0033,FALSE,FALSE,RSVHub-hub-models,2026-09-23,RSVHub baseline model
Montana,MT,1,wk inc rsv prop ed visits,prop_ed,2026-09-26,2026-10-03,RSVHub-baseline,0,0,0,0,6.999999999999999e-4,0.0023275558755587555,0.004269473844738461,0,0,0,0,7e-4,0.0023,0.0043,FALSE,FALSE,RSVHub-hub-models,2026-09-23,RSVHub baseline model
Montana,MT,2,wk inc rsv prop ed visits,prop_ed,2026-09-26,2026-10-10,RSVHub-baseline,0,0,0,0,9.326823268232681e-4,0.0028495736957369565,0.005021024935249322,0,0,0,0,0.00093000000000000005,0.0028,0.005,FALSE,FALSE,RSVHub-hub-models,2026-09-23,RSVHub baseline model
Montana,MT,0,wk inc rsv hosp,hosp,2026-09-26,2026-09-26,RSVHub-ensemble,0,0,0,0,1,2,4,0,0,0,0,1,2,4,FALSE,TRUE,RSVHub,2026-09-23,Ensemble using RSVHub forecast submissions
Montana,MT,1,wk inc rsv hosp,hosp,2026-09-26,2026-10-03,RSVHub-ensemble,0,0,0,0,1,3,5,0,0,0,0,1,3,5,FALSE,TRUE,RSVHub,2026-09-23,Ensemble using RSVHub forecast submissions
Montana,MT,2,wk inc rsv hosp,hosp,2026-09-26,2026-10-10,RSVHub-ensemble,0,0,0,0,1,4,6,0,0,0,0,1,4,6,FALSE,TRUE,RSVHub,2026-09-23,Ensemble using RSVHub forecast submissions
Montana,MT,0,wk inc rsv prop ed visits,prop_ed,2026-09-26,2026-09-26,RSVHub-ensemble,0,0,0,1.0802633815639728e-5,3.1495284746345605e-5,1.1686604448275949e-4,2.1930460739631014e-4,0,0,0,1.1e-5,3.1e-5,1.2e-4,2.2e-4,FALSE,TRUE,RSVHub,2026-09-23,Ensemble using RSVHub forecast submissions
Montana,MT,1,wk inc rsv prop ed visits,prop_ed,2026-09-26,2026-10-03,RSVHub-ensemble,0,0,0,1.1980148184133943e-5,3.2684715433846816e-5,1.1815749609782103e-4,2.2698687744280059e-4,0,0,0,1.2e-5,3.3e-5,1.2e-4,2.3e-4,FALSE,TRUE,RSVHub,2026-09-23,Ensemble using RSVHub forecast submissions
Montana,MT,2,wk inc rsv prop ed visits,prop_ed,2026-09-26,2026-10-10,RSVHub-ensemble,0,0,0,1.2344800727625607e-5,3.69712706479893e-5,1.1905432504559754e-4,2.3430344283694875e-4,0,0,0,1.2e-5,3.7e-5,1.2e-4,2.3e-4,FALSE,TRUE,RSVHub,2026-09-23,Ensemble using RSVHub forecast submissions
Nebraska,NE,0,wk inc rsv hosp,hosp,2026-09-26,2026-09-26,CEPH-Rtrend_rsv,0,1,2,3,4,5,8,0,1,2,3,4,5,8,TRUE,FALSE,CEPH Lab at Indiana University,2026-09-23,Rtrend RSV
Nebraska,NE,1,wk inc rsv hosp,hosp,2026-09-26,2026-10-03,CEPH-Rtrend_rsv,0,1,2,3,5,6,9,0,1,2,3,5,6,9,TRUE,FALSE,CEPH Lab at Indiana University,2026-09-23,Rtrend RSV
Nebraska,NE,2,wk inc rsv hosp,hosp,2026-09-26,2026-10-10,CEPH-Rtrend_rsv,0,1,2,2,5,8,12,0,1,2,2,5,8,10,TRUE,FALSE,CEPH Lab at Indiana University,2026-09-23,Rtrend RSV
Nebraska,NE,0,wk inc rsv prop ed visits,prop_ed,2026-09-26,2026-09-26,CFA-PyRenew_E,0,0,0,0,7.630491287567424e-5,1.5438094685875934e-4,3.0462270389982395e-4,0,0,0,0,7.6e-5,1.5e-4,3e-4,TRUE,FALSE,Center for Forecasting and Outbreak Analytics (CDC/CFA),2026-09-23,PyRenew-E
Nebraska,NE,1,wk inc rsv prop ed visits,prop_ed,2026-09-26,2026-10-03,CFA-PyRenew_E,0,0,0,0,7.745832840561338e-5,2.214628325778658e-4,4.580175403805633e-4,0,0,0,0,7.7e-5,2.2e-4,4.6e-4,TRUE,FALSE,Center for Forecasting and Outbreak Analytics (CDC/CFA),2026-09-23,PyRenew-E
Nebraska,NE,2,wk inc rsv prop ed visits,prop_ed,2026-09-26,2026-10-10,CFA-PyRenew_E,0,0,0,0,1.4404149842092609e-4,2.999054405047e-4,7.525719674697628e-4,0,0,0,0,1.4e-4,3e-4,7.5e-4,TRUE,FALSE,Center for Forecasting and Outbreak Analytics (CDC/CFA),2026-09-23,PyRenew-E
Nebraska,NE,0,wk inc rsv prop ed visits,prop_ed,2026-09-26,2026-09-26,CFA-NowcastAutoGP,0,6.760065149734163e-6,2.6740144178360506e-5,5.6153922126211024e-5,1.0217751261941063e-4,1.6747974636477605e-4,2.697808703303945e-4,0,6.8e-6,2.7e-5,5.6e-5,1e-4,1.7e-4,2.7e-4,TRUE,FALSE,Center for Forecasting and Outbreak Analytics (CDC/CFA),2026-09-23,NowcastAutoGP
Nebraska,NE,1,wk inc rsv prop ed visits,prop_ed,2026-09-26,2026-10-03,CFA-NowcastAutoGP,0,4.686649754986195e-6,2.5109547897105543e-5,5.9450225650264514e-5,1.1504582396943299e-4,1.8803879137372628e-4,3.2349635667842903e-4,0,4.7e-6,2.5e-5,5.9e-5,1.2e-4,1.9e-4,3.2e-4,TRUE,FALSE,Center for Forecasting and Outbreak Analytics (CDC/CFA),2026-09-23,NowcastAutoGP
Nebraska,NE,2,wk inc rsv prop ed visits,prop_ed,2026-09-26,2026-10-10,CFA-NowcastAutoGP,0,1.2620200062326826e-6,2.283649560291761e-5,6.0644373958873956e-5,1.1630801017059679e-4,2.1101768289455712e-4,3.784292171316228e-4,0,1.3e-6,2.3e-5,6.1e-5,1.2e-4,2.1e-4,3.8e-4,TRUE,FALSE,Center for Forecasting and Outbreak Analytics (CDC/CFA),2026-09-23,NowcastAutoGP
Nebraska,NE,0,wk inc rsv hosp,hosp,2026-09-26,2026-09-26,CFA-PyRenew_H,0,0,0,1,2,3,5,0,0,0,1,2,3,5,FALSE,FALSE,Center for Forecasting and Outbreak Analytics (CDC/CFA),2026-09-23,PyRenew-H
Nebraska,NE,1,wk inc rsv hosp,hosp,2026-09-26,2026-10-03,CFA-PyRenew_H,0,0,0,1,2,4,8.024999999999864,0,0,0,1,2,4,8,FALSE,FALSE,Center for Forecasting and Outbreak Analytics (CDC/CFA),2026-09-23,PyRenew-H
Nebraska,NE,2,wk inc rsv hosp,hosp,2026-09-26,2026-10-10,CFA-PyRenew_H,0,0,0,1,2,6,15,0,0,0,1,2,6,20,FALSE,FALSE,Center for Forecasting and Outbreak Analytics (CDC/CFA),2026-09-23,PyRenew-H
Nebraska,NE,0,wk inc rsv hosp,hosp,2026-09-26,2026-09-26,CFA-PyRenew_HE,0,0,0,1,1,3,4,0,0,0,1,1,3,4,TRUE,FALSE,Center for Forecasting and Outbreak Analytics (CDC/CFA),2026-09-23,PyRenew-HE
Nebraska,NE,1,wk inc rsv hosp,hosp,2026-09-26,2026-10-03,CFA-PyRenew_HE,0,0,0,1,2,4,8,0,0,0,1,2,4,8,TRUE,FALSE,Center for Forecasting and Outbreak Analytics (CDC/CFA),2026-09-23,PyRenew-HE
Nebraska,NE,2,wk inc rsv hosp,hosp,2026-09-26,2026-10-10,CFA-PyRenew_HE,0,0,0,1,3,6,16,0,0,0,1,3,6,20,TRUE,FALSE,Center for Forecasting and Outbreak Analytics (CDC/CFA),2026-09-23,PyRenew-HE
Nebraska,NE,0,wk inc rsv prop ed visits,prop_ed,2026-09-26,2026-09-26,CFA-PyRenew_HE,0,0,0,7.476066170578277e-5,1.4986676994059147e-4,2.280619817672575e-4,3.7139539856804907e-4,0,0,0,7.5e-5,1.5e-4,2.3e-4,3.7e-4,FALSE,FALSE,Center for Forecasting and Outbreak Analytics (CDC/CFA),2026-09-23,PyRenew-HE
Nebraska,NE,1,wk inc rsv prop ed visits,prop_ed,2026-09-26,2026-10-03,CFA-PyRenew_HE,0,0,0,7.592417243272266e-5,1.5628403495453002e-4,3.1215017853063746e-4,6.091291706034318e-4,0,0,0,7.6e-5,1.6e-4,3.1e-4,6.1e-4,FALSE,FALSE,Center for Forecasting and Outbreak Analytics (CDC/CFA),2026-09-23,PyRenew-HE
Nebraska,NE,2,wk inc rsv prop ed visits,prop_ed,2026-09-26,2026-10-10,CFA-PyRenew_HE,0,0,0,7.710999008058973e-5,2.3061433210727676e-4,5.113182419319741e-4,0.00124845242832129,0,0,0,7.7e-5,2.3e-4,5.1e-4,0.0012,FALSE,FALSE,Center for Forecasting and Outbreak Analytics (CDC/CFA),2026-09-23,PyRenew-HE
Nebraska,NE,0,wk inc rsv hosp,hosp,2026-09-26,2026-09-26,NAU-epymorph,0,0,1,2,3,5,8,0,0,1,2,3,5,8,TRUE,FALSE,Northern Arizona University,2026-09-23,epymorph RSV compartmental model
Nebraska,NE,1,wk inc rsv hosp,hosp,2026-09-26,2026-10-03,NAU-epymorph,0,0,1,2,4,7,13,0,0,1,2,4,7,10,TRUE,FALSE,Northern Arizona University,2026-09-23,epymorph RSV compartmental model
Nebraska,NE,2,wk inc rsv hosp,hosp,2026-09-26,2026-10-10,NAU-epymorph,0,0,1,3,6,12,26,0,0,1,3,6,10,30,TRUE,FALSE,Northern Arizona University,2026-09-23,epymorph RSV compartmental model
Nebraska,NE,0,wk inc rsv hosp,hosp,2026-09-26,2026-09-26,RSVHub-baseline,0,0,1,2,3,7,18.724999999999962,0,0,1,2,3,7,20,FALSE,FALSE,RSVHub-hub-models,2026-09-23,RSVHub baseline model
Nebraska,NE,1,wk inc rsv hosp,hosp,2026-09-26,2026-10-03,RSVHub-baseline,0,0,0,2,5,13,26,0,0,0,2,5,10,30,FALSE,FALSE,RSVHub-hub-models,2026-09-23,RSVHub baseline model
Nebraska,NE,2,wk inc rsv hosp,hosp,2026-09-26,2026-10-10,RSVHub-baseline,0,0,0,2,7,16.584852848528502,31.038182881828796,0,0,0,2,7,20,30,FALSE,FALSE,RSVHub-hub-models,2026-09-23,RSVHub baseline model
Nebraska,NE,0,wk inc rsv prop ed visits,prop_ed,2026-09-26,2026-09-26,RSVHub-baseline,0,0,0,1e-4,3e-4,0.0010700000000000006,0.002334999999999988,0,0,0,1e-4,3e-4,0.0011,0.0023,FALSE,FALSE,RSVHub-hub-models,2026-09-23,RSVHub baseline model
Nebraska,NE,1,wk inc rsv prop ed visits,prop_ed,2026-09-26,2026-10-03,RSVHub-baseline,0,0,0,1e-4,6.256792567925701e-4,0.0016999999999999995,0.0029936585365853683,0,0,0,1e-4,6.3e-4,0.0017,0.003,FALSE,FALSE,RSVHub-hub-models,2026-09-23,RSVHub baseline model
Nebraska,NE,2,wk inc rsv prop ed visits,prop_ed,2026-09-26,2026-10-10,RSVHub-baseline,0,0,0,1e-4,8.999999999999999e-4,0.0019999999999999996,0.0034397730727307287,0,0,0,1e-4,9e-4,0.002,0.0034,FALSE,FALSE,RSVHub-hub-models,2026-09-23,RSVHub baseline model
Nebraska,NE,0,wk inc rsv hosp,hosp,2026-09-26,2026-09-26,RSVHub-ensemble,0,0,1,2,3,5,8,0,0,1,2,3,5,8,FALSE,TRUE,RSVHub,2026-09-23,Ensemble using RSVHub forecast submissions
Nebraska,NE,1,wk inc rsv hosp,hosp,2026-09-26,2026-10-03,RSVHub-ensemble,0,0,1,2,4,6,9,0,0,1,2,4,6,9,FALSE,TRUE,RSVHub,2026-09-23,Ensemble using RSVHub forecast submissions
Nebraska,NE,2,wk inc rsv hosp,hosp,2026-09-26,2026-10-10,RSVHub-ensemble,0,0,1,2,5,8,16,0,0,1,2,5,8,20,FALSE,TRUE,RSVHub,2026-09-23,Ensemble using RSVHub forecast submissions
Nebraska,NE,0,wk inc rsv prop ed visits,prop_ed,2026-09-26,2026-09-26,RSVHub-ensemble,0,3.3800325748670814e-6,1.3370072089180253e-5,2.8076961063105512e-5,8.924121274754244e-5,1.609303466117677e-4,2.8720178711510926e-4,0,3.4e-6,1.3e-5,2.8e-5,8.9e-5,1.6e-4,2.9e-4,FALSE,TRUE,RSVHub,2026-09-23,Ensemble using RSVHub forecast submissions
Nebraska,NE,1,wk inc rsv prop ed visits,prop_ed,2026-09-26,2026-10-03,RSVHub-ensemble,0,2.3433248774930977e-6,1.2554773948552772e-5,2.9725112825132257e-5,9.625207618752318e-5,2.0475081197579602e-4,3.907569485294962e-4,0,2.3e-6,1.3e-5,3e-5,9.6e-5,2e-4,3.9e-4,FALSE,TRUE,RSVHub,2026-09-23,Ensemble using RSVHub forecast submissions
Nebraska,NE,2,wk inc rsv prop ed visits,prop_ed,2026-09-26,2026-10-10,RSVHub-ensemble,0,6.310100031163413e-7,1.1418247801458804e-5,3.0322186979436978e-5,1.3017475429576142e-4,2.5546156169962855e-4,5.655005923006928e-4,0,6.3e-7,1.1e-5,3e-5,1.3e-4,2.6e-4,5.7e-4,FALSE,TRUE,RSVHub,2026-09-23,Ensemble using RSVHub forecast submissions
Nevada,NV,0,wk inc rsv hosp,hosp,2026-09-26,2026-09-26,CEPH-Rtrend_rsv,1,1,2,2,3,4,4,1,1,2,2,3,4,4,TRUE,FALSE,CEPH Lab at Indiana University,2026-09-23,Rtrend RSV
Nevada,NV,1,wk inc rsv hosp,hosp,2026-09-26,2026-10-03,CEPH-Rtrend_rsv,1,1,2,2,3,4,5,1,1,2,2,3,4,5,TRUE,FALSE,CEPH Lab at Indiana University,2026-09-23,Rtrend RSV
Nevada,NV,2,wk inc rsv hosp,hosp,2026-09-26,2026-10-10,CEPH-Rtrend_rsv,1,1,2,2,4,5,6,1,1,2,2,4,5,6,TRUE,FALSE,CEPH Lab at Indiana University,2026-09-23,Rtrend RSV
Nevada,NV,0,wk inc rsv prop ed visits,prop_ed,2026-09-26,2026-09-26,CFA-PyRenew_E,0,0,3.30244920881435e-5,9.67030013010912e-5,1.5894763941715813e-4,2.249658079886316e-4,3.2389241321843445e-4,0,0,3.3e-5,9.7e-5,1.6e-4,2.2e-4,3.2e-4,TRUE,FALSE,Center for Forecasting and Outbreak Analytics (CDC/CFA),2026-09-23,PyRenew-E
Nevada,NV,1,wk inc rsv prop ed visits,prop_ed,2026-09-26,2026-10-03,CFA-PyRenew_E,0,0,3.3809730359881034e-5,9.80637353676016e-5,1.941575024565981e-4,2.949254264782866e-4,4.930716126527997e-4,0,0,3.4e-5,9.8e-5,1.9e-4,2.9e-4,4.9e-4,TRUE,FALSE,Center for Forecasting and Outbreak Analytics (CDC/CFA),2026-09-23,PyRenew-E
Nevada,NV,2,wk inc rsv prop ed visits,prop_ed,2026-09-26,2026-10-10,CFA-PyRenew_E,0,0,3.33124509180734e-5,1.26559297210217e-4,2.3120835577518627e-4,4.3018741115429215e-4,8.373848818512067e-4,0,0,3.3e-5,1.3e-4,2.3e-4,4.3e-4,8.4e-4,TRUE,FALSE,Center for Forecasting and Outbreak Analytics (CDC/CFA),2026-09-23,PyRenew-E
Nevada,NV,0,wk inc rsv prop ed visits,prop_ed,2026-09-26,2026-09-26,CFA-NowcastAutoGP,1.2451037877459744e-5,2.289423572135639e-5,3.4230322410352074e-5,5.564788295813832e-5,8.44258254762372e-5,1.2032228722255827e-4,1.8562021351093417e-4,1.2e-5,2.3e-5,3.4e-5,5.6e-5,8.4e-5,1.2e-4,1.9e-4,TRUE,FALSE,Center for Forecasting and Outbreak Analytics (CDC/CFA),2026-09-23,NowcastAutoGP
Nevada,NV,1,wk inc rsv prop ed visits,prop_ed,2026-09-26,2026-10-03,CFA-NowcastAutoGP,1.3510846990509766e-5,2.5451601194286476e-5,4.2111304756008614e-5,6.448339053374849e-5,9.828526598985368e-5,1.38899444815199e-4,1.9883201693128883e-4,1.4e-5,2.5e-5,4.2e-5,6.4e-5,9.8e-5,1.4e-4,2e-4,TRUE,FALSE,Center for Forecasting and Outbreak Analytics (CDC/CFA),2026-09-23,NowcastAutoGP
Nevada,NV,2,wk inc rsv prop ed visits,prop_ed,2026-09-26,2026-10-10,CFA-NowcastAutoGP,1.690536151412269e-5,3.09765716361008e-5,4.933719955816271e-5,7.390859657349172e-5,1.128880016161879e-4,1.6717874825614932e-4,2.4894643866206565e-4,1.7e-5,3.1e-5,4.9e-5,7.4e-5,1.1e-4,1.7e-4,2.5e-4,TRUE,FALSE,Center for Forecasting and Outbreak Analytics (CDC/CFA),2026-09-23,NowcastAutoGP
Nevada,NV,0,wk inc rsv hosp,hosp,2026-09-26,2026-09-26,CFA-PyRenew_H,0,0,0,0,1,2,4,0,0,0,0,1,2,4,FALSE,FALSE,Center for Forecasting and Outbreak Analytics (CDC/CFA),2026-09-23,PyRenew-H
Nevada,NV,1,wk inc rsv hosp,hosp,2026-09-26,2026-10-03,CFA-PyRenew_H,0,0,0,0,1,2,4,0,0,0,0,1,2,4,FALSE,FALSE,Center for Forecasting and Outbreak Analytics (CDC/CFA),2026-09-23,PyRenew-H
Nevada,NV,2,wk inc rsv hosp,hosp,2026-09-26,2026-10-10,CFA-PyRenew_H,0,0,0,0,1,3,6,0,0,0,0,1,3,6,FALSE,FALSE,Center for Forecasting and Outbreak Analytics (CDC/CFA),2026-09-23,PyRenew-H
Nevada,NV,0,wk inc rsv hosp,hosp,2026-09-26,2026-09-26,CFA-PyRenew_HE,0,0,0,1,2,3,4,0,0,0,1,2,3,4,TRUE,FALSE,Center for Forecasting and Outbreak Analytics (CDC/CFA),2026-09-23,PyRenew-HE
Nevada,NV,1,wk inc rsv hosp,hosp,2026-09-26,2026-10-03,CFA-PyRenew_HE,0,0,0,1,2,4,6,0,0,0,1,2,4,6,TRUE,FALSE,Center for Forecasting and Outbreak Analytics (CDC/CFA),2026-09-23,PyRenew-HE
Nevada,NV,2,wk inc rsv hosp,hosp,2026-09-26,2026-10-10,CFA-PyRenew_HE,0,0,0,1,2,4,8,0,0,0,1,2,4,8,TRUE,FALSE,Center for Forecasting and Outbreak Analytics (CDC/CFA),2026-09-23,PyRenew-HE
Nevada,NV,0,wk inc rsv prop ed visits,prop_ed,2026-09-26,2026-09-26,CFA-PyRenew_HE,0,0,3.252990507739903e-5,6.580624973639385e-5,1.296598463591083e-4,1.9315984157519295e-4,2.5943106090802224e-4,0,0,3.3e-5,6.6e-5,1.3e-4,1.9e-4,2.6e-4,FALSE,FALSE,Center for Forecasting and Outbreak Analytics (CDC/CFA),2026-09-23,PyRenew-HE
Nevada,NV,1,wk inc rsv prop ed visits,prop_ed,2026-09-26,2026-10-03,CFA-PyRenew_HE,0,0,3.2657697615001074e-5,6.688730325189962e-5,1.3206486931836034e-4,2.265755919836503e-4,3.604132936269778e-4,0,0,3.3e-5,6.7e-5,1.3e-4,2.3e-4,3.6e-4,FALSE,FALSE,Center for Forecasting and Outbreak Analytics (CDC/CFA),2026-09-23,PyRenew-HE
Nevada,NV,2,wk inc rsv prop ed visits,prop_ed,2026-09-26,2026-10-10,CFA-PyRenew_HE,0,0,3.264640721200337e-5,9.639514035131236e-5,1.6399494576660654e-4,2.976588264742252e-4,5.52486948055645e-4,0,0,3.3e-5,9.6e-5,1.6e-4,3e-4,5.5e-4,FALSE,FALSE,Center for Forecasting and Outbreak Analytics (CDC/CFA),2026-09-23,PyRenew-HE
Nevada,NV,0,wk inc rsv hosp,hosp,2026-09-26,2026-09-26,NAU-epymorph,0,0,0,0,2,5,11,0,0,0,0,2,5,10,TRUE,FALSE,Northern Arizona University,2026-09-23,epymorph RSV compartmental model
Nevada,NV,1,wk inc rsv hosp,hosp,2026-09-26,2026-10-03,NAU-epymorph,0,0,0,0,2,5,14,0,0,0,0,2,5,10,TRUE,FALSE,Northern Arizona University,2026-09-23,epymorph RSV compartmental model
Nevada,NV,2,wk inc rsv hosp,hosp,2026-09-26,2026-10-10,NAU-epymorph,0,0,0,0,3,8,25,0,0,0,0,3,8,30,TRUE,FALSE,Northern Arizona University,2026-09-23,epymorph RSV compartmental model
Nevada,NV,0,wk inc rsv hosp,hosp,2026-09-26,2026-09-26,RSVHub-baseline,0,0,0,0,2,9,24.92499999999999,0,0,0,0,2,9,20,FALSE,FALSE,RSVHub-hub-models,2026-09-23,RSVHub baseline model
Nevada,NV,1,wk inc rsv hosp,hosp,2026-09-26,2026-10-03,RSVHub-baseline,0,0,0,0,6.6031985319853135,17,34.52867578675785,0,0,0,0,7,20,30,FALSE,FALSE,RSVHub-hub-models,2026-09-23,RSVHub baseline model
Nevada,NV,2,wk inc rsv hosp,hosp,2026-09-26,2026-10-10,RSVHub-baseline,0,0,0,7.500075000876905e-5,8.651626516265154,22.687999879998813,44.09982574825732,0,0,0,0,9,20,40,FALSE,FALSE,RSVHub-hub-models,2026-09-23,RSVHub baseline model
Nevada,NV,0,wk inc rsv prop ed visits,prop_ed,2026-09-26,2026-09-26,RSVHub-baseline,0,0,0,0,2e-4,7.999999999999999e-4,0.0023024999999999825,0,0,0,0,2e-4,8e-4,0.0023,FALSE,FALSE,RSVHub-hub-models,2026-09-23,RSVHub baseline model
Nevada,NV,1,wk inc rsv prop ed visits,prop_ed,2026-09-26,2026-10-03,RSVHub-baseline,0,0,0,0,4.999999999999998e-4,0.0014999999999999998,0.002771666516665166,0,0,0,0,5e-4,0.0015,0.0028,FALSE,FALSE,RSVHub-hub-models,2026-09-23,RSVHub baseline model
Nevada,NV,2,wk inc rsv prop ed visits,prop_ed,2026-09-26,2026-10-10,RSVHub-baseline,0,0,0,0,0.00077940729407293915,0.0019,0.0032000000000000006,0,0,0,0,7.8e-4,0.0019,0.0032,FALSE,FALSE,RSVHub-hub-models,2026-09-23,RSVHub baseline model
Nevada,NV,0,wk inc rsv hosp,hosp,2026-09-26,2026-09-26,RSVHub-ensemble,0,0,0,1,2,4,4,0,0,0,1,2,4,4,FALSE,TRUE,RSVHub,2026-09-23,Ensemble using RSVHub forecast submissions
Nevada,NV,1,wk inc rsv hosp,hosp,2026-09-26,2026-10-03,RSVHub-ensemble,0,0,0,1,2,4,6,0,0,0,1,2,4,6,FALSE,TRUE,RSVHub,2026-09-23,Ensemble using RSVHub forecast submissions
Nevada,NV,2,wk inc rsv hosp,hosp,2026-09-26,2026-10-10,RSVHub-ensemble,0,0,0,1,3,5,8,0,0,0,1,3,5,8,FALSE,TRUE,RSVHub,2026-09-23,Ensemble using RSVHub forecast submissions
Nevada,NV,0,wk inc rsv prop ed visits,prop_ed,2026-09-26,2026-09-26,RSVHub-ensemble,6.225518938729872e-6,1.1447117860678195e-5,3.362740724924779e-5,7.617544212961476e-5,1.2168673244669767e-4,1.7264404760559493e-4,2.547563133646843e-4,6.2e-6,1.1e-5,3.4e-5,7.6e-5,1.2e-4,1.7e-4,2.5e-4,FALSE,TRUE,RSVHub,2026-09-23,Ensemble using RSVHub forecast submissions
Nevada,NV,1,wk inc rsv prop ed visits,prop_ed,2026-09-26,2026-10-03,RSVHub-ensemble,6.755423495254883e-6,1.2725800597143238e-5,3.796051755794482e-5,8.127356295067504e-5,1.462213842232259e-4,2.169124356467428e-4,3.4595181479204427e-4,6.8e-6,1.3e-5,3.8e-5,8.1e-5,1.5e-4,2.2e-4,3.5e-4,FALSE,TRUE,RSVHub,2026-09-23,Ensemble using RSVHub forecast submissions
Nevada,NV,2,wk inc rsv prop ed visits,prop_ed,2026-09-26,2026-10-10,RSVHub-ensemble,8.452680757061345e-6,1.54882858180504e-5,4.1324825238118054e-5,1.0023394689185435e-4,1.720481786956871e-4,2.986830797052207e-4,5.431656602566362e-4,8.5e-6,1.5e-5,4.1e-5,1e-4,1.7e-4,3e-4,5.4e-4,FALSE,TRUE,RSVHub,2026-09-23,Ensemble using RSVHub forecast submissions
New Hampshire,NH,0,wk inc rsv hosp,hosp,2026-09-26,2026-09-26,CEPH-Rtrend_rsv,0,1,1,1,2,2,3,0,1,1,1,2,2,3,TRUE,FALSE,CEPH Lab at Indiana University,2026-09-23,Rtrend RSV
New Hampshire,NH,1,wk inc rsv hosp,hosp,2026-09-26,2026-10-03,CEPH-Rtrend_rsv,0,0,1,1,2,2,3,0,0,1,1,2,2,3,TRUE,FALSE,CEPH Lab at Indiana University,2026-09-23,Rtrend RSV
New Hampshire,NH,2,wk inc rsv hosp,hosp,2026-09-26,2026-10-10,CEPH-Rtrend_rsv,0,0,1,1,2,3,4,0,0,1,1,2,3,4,TRUE,FALSE,CEPH Lab at Indiana University,2026-09-23,Rtrend RSV
New Hampshire,NH,0,wk inc rsv prop ed visits,prop_ed,2026-09-26,2026-09-26,CFA-PyRenew_E,0,0,0,0,0,0,1.5124153777908728e-4,0,0,0,0,0,0,1.5e-4,TRUE,FALSE,Center for Forecasting and Outbreak Analytics (CDC/CFA),2026-09-23,PyRenew-E
New Hampshire,NH,1,wk inc rsv prop ed visits,prop_ed,2026-09-26,2026-10-03,CFA-PyRenew_E,0,0,0,0,0,0,1.5324827824672054e-4,0,0,0,0,0,0,1.5e-4,TRUE,FALSE,Center for Forecasting and Outbreak Analytics (CDC/CFA),2026-09-23,PyRenew-E
New Hampshire,NH,2,wk inc rsv prop ed visits,prop_ed,2026-09-26,2026-10-10,CFA-PyRenew_E,0,0,0,0,0,1.435164650041838e-4,3.0482837969735975e-4,0,0,0,0,0,1.4e-4,3e-4,TRUE,FALSE,Center for Forecasting and Outbreak Analytics (CDC/CFA),2026-09-23,PyRenew-E
New Hampshire,NH,0,wk inc rsv prop ed visits,prop_ed,2026-09-26,2026-09-26,CFA-NowcastAutoGP,0,0,0,2.5667990535649292e-5,7.109962568120114e-5,1.3394092266651397e-4,2.467397748250557e-4,0,0,0,2.6e-5,7.1e-5,1.3e-4,2.5e-4,TRUE,FALSE,Center for Forecasting and Outbreak Analytics (CDC/CFA),2026-09-23,NowcastAutoGP
New Hampshire,NH,1,wk inc rsv prop ed visits,prop_ed,2026-09-26,2026-10-03,CFA-NowcastAutoGP,0,0,2.6549344864934045e-6,3.735612638576768e-5,1.0064989038256856e-4,1.7882601865990767e-4,3.1920585919158873e-4,0,0,2.7e-6,3.7e-5,1e-4,1.8e-4,3.2e-4,TRUE,FALSE,Center for Forecasting and Outbreak Analytics (CDC/CFA),2026-09-23,NowcastAutoGP
New Hampshire,NH,2,wk inc rsv prop ed visits,prop_ed,2026-09-26,2026-10-10,CFA-NowcastAutoGP,0,0,1.0026024319294535e-5,5.581015189223056e-5,1.2737945963418095e-4,2.4237911331035354e-4,4.516090245011727e-4,0,0,1e-5,5.6e-5,1.3e-4,2.4e-4,4.5e-4,TRUE,FALSE,Center for Forecasting and Outbreak Analytics (CDC/CFA),2026-09-23,NowcastAutoGP
New Hampshire,NH,0,wk inc rsv hosp,hosp,2026-09-26,2026-09-26,CFA-PyRenew_H,0,0,0,0,0,1,2,0,0,0,0,0,1,2,FALSE,FALSE,Center for Forecasting and Outbreak Analytics (CDC/CFA),2026-09-23,PyRenew-H
New Hampshire,NH,1,wk inc rsv hosp,hosp,2026-09-26,2026-10-03,CFA-PyRenew_H,0,0,0,0,0,1,2,0,0,0,0,0,1,2,FALSE,FALSE,Center for Forecasting and Outbreak Analytics (CDC/CFA),2026-09-23,PyRenew-H
New Hampshire,NH,2,wk inc rsv hosp,hosp,2026-09-26,2026-10-10,CFA-PyRenew_H,0,0,0,0,0,1,3,0,0,0,0,0,1,3,FALSE,FALSE,Center for Forecasting and Outbreak Analytics (CDC/CFA),2026-09-23,PyRenew-H
New Hampshire,NH,0,wk inc rsv hosp,hosp,2026-09-26,2026-09-26,CFA-PyRenew_HE,0,0,0,0,0,1,2,0,0,0,0,0,1,2,TRUE,FALSE,Center for Forecasting and Outbreak Analytics (CDC/CFA),2026-09-23,PyRenew-HE
New Hampshire,NH,1,wk inc rsv hosp,hosp,2026-09-26,2026-10-03,CFA-PyRenew_HE,0,0,0,0,0,1,2,0,0,0,0,0,1,2,TRUE,FALSE,Center for Forecasting and Outbreak Analytics (CDC/CFA),2026-09-23,PyRenew-HE
New Hampshire,NH,2,wk inc rsv hosp,hosp,2026-09-26,2026-10-10,CFA-PyRenew_HE,0,0,0,0,0,1,3,0,0,0,0,0,1,3,TRUE,FALSE,Center for Forecasting and Outbreak Analytics (CDC/CFA),2026-09-23,PyRenew-HE
New Hampshire,NH,0,wk inc rsv prop ed visits,prop_ed,2026-09-26,2026-09-26,CFA-PyRenew_HE,0,0,0,0,0,1.4654421311033453e-4,2.9057367567087615e-4,0,0,0,0,0,1.5e-4,2.9e-4,FALSE,FALSE,Center for Forecasting and Outbreak Analytics (CDC/CFA),2026-09-23,PyRenew-HE
New Hampshire,NH,1,wk inc rsv prop ed visits,prop_ed,2026-09-26,2026-10-03,CFA-PyRenew_HE,0,0,0,0,0,1.4773829657462745e-4,2.9655025320586895e-4,0,0,0,0,0,1.5e-4,3e-4,FALSE,FALSE,Center for Forecasting and Outbreak Analytics (CDC/CFA),2026-09-23,PyRenew-HE
New Hampshire,NH,2,wk inc rsv prop ed visits,prop_ed,2026-09-26,2026-10-10,CFA-PyRenew_HE,0,0,0,0,0,1.498737188051064e-4,4.466960708080502e-4,0,0,0,0,0,1.5e-4,4.5e-4,FALSE,FALSE,Center for Forecasting and Outbreak Analytics (CDC/CFA),2026-09-23,PyRenew-HE
New Hampshire,NH,0,wk inc rsv hosp,hosp,2026-09-26,2026-09-26,NAU-epymorph,0,0,0,0,1,2,5,0,0,0,0,1,2,5,TRUE,FALSE,Northern Arizona University,2026-09-23,epymorph RSV compartmental model
New Hampshire,NH,1,wk inc rsv hosp,hosp,2026-09-26,2026-10-03,NAU-epymorph,0,0,0,0,2,4,9,0,0,0,0,2,4,9,TRUE,FALSE,Northern Arizona University,2026-09-23,epymorph RSV compartmental model
New Hampshire,NH,2,wk inc rsv hosp,hosp,2026-09-26,2026-10-10,NAU-epymorph,0,0,0,0,2,6,16,0,0,0,0,2,6,20,TRUE,FALSE,Northern Arizona University,2026-09-23,epymorph RSV compartmental model
New Hampshire,NH,0,wk inc rsv hosp,hosp,2026-09-26,2026-09-26,RSVHub-baseline,0,0,0,0,1,5.300000000000006,13.824999999999976,0,0,0,0,1,5,10,FALSE,FALSE,RSVHub-hub-models,2026-09-23,RSVHub baseline model
New Hampshire,NH,1,wk inc rsv hosp,hosp,2026-09-26,2026-10-03,RSVHub-baseline,0,0,0,0,2,9.025702257022562,15,0,0,0,0,2,9,20,FALSE,FALSE,RSVHub-hub-models,2026-09-23,RSVHub baseline model
New Hampshire,NH,2,wk inc rsv hosp,hosp,2026-09-26,2026-10-10,RSVHub-baseline,0,0,0,0,4.310185601856021,11.254101541015435,18.990966159661532,0,0,0,0,4,10,20,FALSE,FALSE,RSVHub-hub-models,2026-09-23,RSVHub baseline model
New Hampshire,NH,0,wk inc rsv prop ed visits,prop_ed,2026-09-26,2026-09-26,RSVHub-baseline,0,0,0,0,3e-4,0.0011700000000000007,0.0036674999999999945,0,0,0,0,3e-4,0.0012,0.0037,FALSE,FALSE,RSVHub-hub-models,2026-09-23,RSVHub baseline model
New Hampshire,NH,1,wk inc rsv prop ed visits,prop_ed,2026-09-26,2026-10-03,RSVHub-baseline,0,0,0,0,7.999999999999993e-4,0.0021635882358823563,0.004599999999999999,0,0,0,0,8e-4,0.0022,0.0046,FALSE,FALSE,RSVHub-hub-models,2026-09-23,RSVHub baseline model
New Hampshire,NH,2,wk inc rsv prop ed visits,prop_ed,2026-09-26,2026-10-10,RSVHub-baseline,0,0,0,0,0.0010995912459124608,0.002873059430594306,0.005056405114051128,0,0,0,0,0.0011,0.0029,0.0051,FALSE,FALSE,RSVHub-hub-models,2026-09-23,RSVHub baseline model
New Hampshire,NH,0,wk inc rsv hosp,hosp,2026-09-26,2026-09-26,RSVHub-ensemble,0,0,0,0,1,2,3,0,0,0,0,1,2,3,FALSE,TRUE,RSVHub,2026-09-23,Ensemble using RSVHub forecast submissions
New Hampshire,NH,1,wk inc rsv hosp,hosp,2026-09-26,2026-10-03,RSVHub-ensemble,0,0,0,0,2,2,3,0,0,0,0,2,2,3,FALSE,TRUE,RSVHub,2026-09-23,Ensemble using RSVHub forecast submissions
New Hampshire,NH,2,wk inc rsv hosp,hosp,2026-09-26,2026-10-10,RSVHub-ensemble,0,0,0,0,2,3,4,0,0,0,0,2,3,4,FALSE,TRUE,RSVHub,2026-09-23,Ensemble using RSVHub forecast submissions
New Hampshire,NH,0,wk inc rsv prop ed visits,prop_ed,2026-09-26,2026-09-26,RSVHub-ensemble,0,0,0,1.2833995267824646e-5,3.554981284060057e-5,6.697046133325699e-5,1.9899065630207146e-4,0,0,0,1.3e-5,3.6e-5,6.7e-5,2e-4,FALSE,TRUE,RSVHub,2026-09-23,Ensemble using RSVHub forecast submissions
New Hampshire,NH,1,wk inc rsv prop ed visits,prop_ed,2026-09-26,2026-10-03,RSVHub-ensemble,0,0,1.3274672432467022e-6,1.867806319288384e-5,5.032494519128428e-5,8.941300932995383e-5,2.3622706871915465e-4,0,0,1.3e-6,1.9e-5,5e-5,8.9e-5,2.4e-4,FALSE,TRUE,RSVHub,2026-09-23,Ensemble using RSVHub forecast submissions
New Hampshire,NH,2,wk inc rsv prop ed visits,prop_ed,2026-09-26,2026-10-10,RSVHub-ensemble,0,0,5.013012159647268e-6,2.790507594611528e-5,6.368972981709048e-5,1.9294778915726867e-4,3.7821870209926625e-4,0,0,5e-6,2.8e-5,6.4e-5,1.9e-4,3.8e-4,FALSE,TRUE,RSVHub,2026-09-23,Ensemble using RSVHub forecast submissions
New Jersey,NJ,0,wk inc rsv hosp,hosp,2026-09-26,2026-09-26,CEPH-Rtrend_rsv,1,4,5,7,11,14,18,1,4,5,7,10,10,20,TRUE,FALSE,CEPH Lab at Indiana University,2026-09-23,Rtrend RSV
New Jersey,NJ,1,wk inc rsv hosp,hosp,2026-09-26,2026-10-03,CEPH-Rtrend_rsv,1,2,5,8,12,17,23,1,2,5,8,10,20,20,TRUE,FALSE,CEPH Lab at Indiana University,2026-09-23,Rtrend RSV
New Jersey,NJ,2,wk inc rsv hosp,hosp,2026-09-26,2026-10-10,CEPH-Rtrend_rsv,1,2,5,8,13,19,26,1,2,5,8,10,20,30,TRUE,FALSE,CEPH Lab at Indiana University,2026-09-23,Rtrend RSV
New Jersey,NJ,0,wk inc rsv prop ed visits,prop_ed,2026-09-26,2026-09-26,CFA-PyRenew_E,1.7308845523058574e-4,2.275289584429839e-4,2.830826043797203e-4,3.5591106959854946e-4,4.380862437438313e-4,5.142137517048902e-4,6.300379270238814e-4,1.7e-4,2.3e-4,2.8e-4,3.6e-4,4.4e-4,5.1e-4,6.3e-4,TRUE,FALSE,Center for Forecasting and Outbreak Analytics (CDC/CFA),2026-09-23,PyRenew-E
New Jersey,NJ,1,wk inc rsv prop ed visits,prop_ed,2026-09-26,2026-10-03,CFA-PyRenew_E,1.473578349098788e-4,2.1407895805495672e-4,2.8028085835838984e-4,3.7954298418524184e-4,4.917576434245095e-4,6.281686202985337e-4,7.982718915912892e-4,1.5e-4,2.1e-4,2.8e-4,3.8e-4,4.9e-4,6.3e-4,8e-4,TRUE,FALSE,Center for Forecasting and Outbreak Analytics (CDC/CFA),2026-09-23,PyRenew-E
New Jersey,NJ,2,wk inc rsv prop ed visits,prop_ed,2026-09-26,2026-10-10,CFA-PyRenew_E,1.2079341630654492e-4,1.8660651654579097e-4,2.7312092281914875e-4,3.9886621722938e-4,5.775033162995254e-4,8.095167590449258e-4,0.00114366048560506,1.2e-4,1.9e-4,2.7e-4,4e-4,5.8e-4,8.1e-4,0.0011,TRUE,FALSE,Center for Forecasting and Outbreak Analytics (CDC/CFA),2026-09-23,PyRenew-E
New Jersey,NJ,0,wk inc rsv prop ed visits,prop_ed,2026-09-26,2026-09-26,CFA-NowcastAutoGP,2.2108983128726043e-4,2.748064563471327e-4,3.2386644446075267e-4,3.995664538224108e-4,4.854731897072011e-4,5.849787905002588e-4,6.985931767503569e-4,2.2e-4,2.7e-4,3.2e-4,4e-4,4.9e-4,5.8e-4,7e-4,TRUE,FALSE,Center for Forecasting and Outbreak Analytics (CDC/CFA),2026-09-23,NowcastAutoGP
New Jersey,NJ,1,wk inc rsv prop ed visits,prop_ed,2026-09-26,2026-10-03,CFA-NowcastAutoGP,2.2627471358679964e-4,2.871001179551175e-4,3.55650311620245e-4,4.451325012204862e-4,5.548561461960531e-4,6.823572796576952e-4,8.488958254115852e-4,2.3e-4,2.9e-4,3.6e-4,4.5e-4,5.5e-4,6.8e-4,8.5e-4,TRUE,FALSE,Center for Forecasting and Outbreak Analytics (CDC/CFA),2026-09-23,NowcastAutoGP
New Jersey,NJ,2,wk inc rsv prop ed visits,prop_ed,2026-09-26,2026-10-10,CFA-NowcastAutoGP,2.2858735868466702e-4,2.9858204007764295e-4,3.737117726221501e-4,4.923732893380032e-4,6.322618317689528e-4,7.772469844327702e-4,0.0010571809597259394,2.3e-4,3e-4,3.7e-4,4.9e-4,6.3e-4,7.8e-4,0.0011,TRUE,FALSE,Center for Forecasting and Outbreak Analytics (CDC/CFA),2026-09-23,NowcastAutoGP
New Jersey,NJ,0,wk inc rsv hosp,hosp,2026-09-26,2026-09-26,CFA-PyRenew_H,1,2,4,6,9,12,15,1,2,4,6,9,10,20,FALSE,FALSE,Center for Forecasting and Outbreak Analytics (CDC/CFA),2026-09-23,PyRenew-H
New Jersey,NJ,1,wk inc rsv hosp,hosp,2026-09-26,2026-10-03,CFA-PyRenew_H,1,2,3,6,8,12,18,1,2,3,6,8,10,20,FALSE,FALSE,Center for Forecasting and Outbreak Analytics (CDC/CFA),2026-09-23,PyRenew-H
New Jersey,NJ,2,wk inc rsv hosp,hosp,2026-09-26,2026-10-10,CFA-PyRenew_H,0,1,3,5,9,14,22.024999999999864,0,1,3,5,9,10,20,FALSE,FALSE,Center for Forecasting and Outbreak Analytics (CDC/CFA),2026-09-23,PyRenew-H
New Jersey,NJ,0,wk inc rsv hosp,hosp,2026-09-26,2026-09-26,CFA-PyRenew_HE,4,6,8,10,13,16,20.024999999999864,4,6,8,10,10,20,20,TRUE,FALSE,Center for Forecasting and Outbreak Analytics (CDC/CFA),2026-09-23,PyRenew-HE
New Jersey,NJ,1,wk inc rsv hosp,hosp,2026-09-26,2026-10-03,CFA-PyRenew_HE,3,5,8,10,14,18,23,3,5,8,10,10,20,20,TRUE,FALSE,Center for Forecasting and Outbreak Analytics (CDC/CFA),2026-09-23,PyRenew-HE
New Jersey,NJ,2,wk inc rsv hosp,hosp,2026-09-26,2026-10-10,CFA-PyRenew_HE,3,5,7,11,15,20,30,3,5,7,10,20,20,30,TRUE,FALSE,Center for Forecasting and Outbreak Analytics (CDC/CFA),2026-09-23,PyRenew-HE
New Jersey,NJ,0,wk inc rsv prop ed visits,prop_ed,2026-09-26,2026-09-26,CFA-PyRenew_HE,1.3100220462258712e-4,1.7290248077305148e-4,2.1309056886799623e-4,2.69140405959909e-4,3.288906896130609e-4,3.911922737845083e-4,4.629774630579832e-4,1.3e-4,1.7e-4,2.1e-4,2.7e-4,3.3e-4,3.9e-4,4.6e-4,FALSE,FALSE,Center for Forecasting and Outbreak Analytics (CDC/CFA),2026-09-23,PyRenew-HE
New Jersey,NJ,1,wk inc rsv prop ed visits,prop_ed,2026-09-26,2026-10-03,CFA-PyRenew_HE,1.07378189049865e-4,1.4791171956563394e-4,2.004274533322816e-4,2.6772431343906604e-4,3.4976422538682825e-4,4.328486591762565e-4,5.6523905508067e-4,1.1e-4,1.5e-4,2e-4,2.7e-4,3.5e-4,4.3e-4,5.7e-4,FALSE,FALSE,Center for Forecasting and Outbreak Analytics (CDC/CFA),2026-09-23,PyRenew-HE
New Jersey,NJ,2,wk inc rsv prop ed visits,prop_ed,2026-09-26,2026-10-10,CFA-PyRenew_HE,6.798351295223275e-5,1.2055472935647003e-4,1.7701747232067768e-4,2.634160315137731e-4,3.744102016010024e-4,5.066754372815887e-4,6.877102208251515e-4,6.8e-5,1.2e-4,1.8e-4,2.6e-4,3.7e-4,5.1e-4,6.9e-4,FALSE,FALSE,Center for Forecasting and Outbreak Analytics (CDC/CFA),2026-09-23,PyRenew-HE
New Jersey,NJ,0,wk inc rsv hosp,hosp,2026-09-26,2026-09-26,NAU-epymorph,0,2,5,8,12,15,23,0,2,5,8,10,20,20,TRUE,FALSE,Northern Arizona University,2026-09-23,epymorph RSV compartmental model
New Jersey,NJ,1,wk inc rsv hosp,hosp,2026-09-26,2026-10-03,NAU-epymorph,0,1,5,8,14,20,33,0,1,5,8,10,20,30,TRUE,FALSE,Northern Arizona University,2026-09-23,epymorph RSV compartmental model
New Jersey,NJ,2,wk inc rsv hosp,hosp,2026-09-26,2026-10-10,NAU-epymorph,0,1,5,9,16,28,49,0,1,5,9,20,30,50,TRUE,FALSE,Northern Arizona University,2026-09-23,epymorph RSV compartmental model
New Jersey,NJ,0,wk inc rsv hosp,hosp,2026-09-26,2026-09-26,RSVHub-baseline,0,0,0,7,14,43.800000000000054,95.07499999999989,0,0,0,7,10,40,100,FALSE,FALSE,RSVHub-hub-models,2026-09-23,RSVHub baseline model
New Jersey,NJ,1,wk inc rsv hosp,hosp,2026-09-26,2026-10-03,RSVHub-baseline,0,0,0,7,27.40609156091559,64.31354213542139,121.04171766717661,0,0,0,7,30,60,120,FALSE,FALSE,RSVHub-hub-models,2026-09-23,RSVHub baseline model
New Jersey,NJ,2,wk inc rsv hosp,hosp,2026-09-26,2026-10-10,RSVHub-baseline,0,0,0,7,37.777780277802805,82.68371883718837,132.7505685056851,0,0,0,7,40,80,130,FALSE,FALSE,RSVHub-hub-models,2026-09-23,RSVHub baseline model
New Jersey,NJ,0,wk inc rsv prop ed visits,prop_ed,2026-09-26,2026-09-26,RSVHub-baseline,0,0,2.9999999999999976e-4,4e-4,5.000000000000002e-4,0.0011,0.002167499999999994,0,0,3e-4,4e-4,5e-4,0.0011,0.0022,FALSE,FALSE,RSVHub-hub-models,2026-09-23,RSVHub baseline model
New Jersey,NJ,1,wk inc rsv prop ed visits,prop_ed,2026-09-26,2026-10-03,RSVHub-baseline,0,0,1e-4,4e-4,8e-4,0.0015999999999999996,0.002734966624666243,0,0,1e-4,4e-4,8e-4,0.0016,0.0027,FALSE,FALSE,RSVHub-hub-models,2026-09-23,RSVHub baseline model
New Jersey,NJ,2,wk inc rsv prop ed visits,prop_ed,2026-09-26,2026-10-10,RSVHub-baseline,0,0,0,4e-4,0.0010334298342983426,0.0019067994679946834,0.0030999999999999995,0,0,0,4e-4,0.001,0.0019,0.0031,FALSE,FALSE,RSVHub-hub-models,2026-09-23,RSVHub baseline model
New Jersey,NJ,0,wk inc rsv hosp,hosp,2026-09-26,2026-09-26,RSVHub-ensemble,1,4,5,8,12,15,20.024999999999864,1,4,5,8,10,20,20,FALSE,TRUE,RSVHub,2026-09-23,Ensemble using RSVHub forecast submissions
New Jersey,NJ,1,wk inc rsv hosp,hosp,2026-09-26,2026-10-03,RSVHub-ensemble,1,2,5,8,14,18,23,1,2,5,8,10,20,20,FALSE,TRUE,RSVHub,2026-09-23,Ensemble using RSVHub forecast submissions
New Jersey,NJ,2,wk inc rsv hosp,hosp,2026-09-26,2026-10-10,RSVHub-ensemble,1,2,5,9,15,20,30,1,2,5,9,20,20,30,FALSE,TRUE,RSVHub,2026-09-23,Ensemble using RSVHub forecast submissions
New Jersey,NJ,0,wk inc rsv prop ed visits,prop_ed,2026-09-26,2026-09-26,RSVHub-ensemble,1.9708914325892307e-4,2.511677073950583e-4,3.034745244202365e-4,3.7773876171048014e-4,4.6177971672551623e-4,5.495962711025745e-4,6.643155518871192e-4,2e-4,2.5e-4,3e-4,3.8e-4,4.6e-4,5.5e-4,6.6e-4,FALSE,TRUE,RSVHub,2026-09-23,Ensemble using RSVHub forecast submissions
New Jersey,NJ,1,wk inc rsv prop ed visits,prop_ed,2026-09-26,2026-10-03,RSVHub-ensemble,1.8681627424833923e-4,2.505895380050371e-4,3.179655849893174e-4,4.1233774270286403e-4,5.233068948102813e-4,6.552629499781144e-4,8.235838585014372e-4,1.9e-4,2.5e-4,3.2e-4,4.1e-4,5.2e-4,6.6e-4,8.2e-4,FALSE,TRUE,RSVHub,2026-09-23,Ensemble using RSVHub forecast submissions
New Jersey,NJ,2,wk inc rsv prop ed visits,prop_ed,2026-09-26,2026-10-10,RSVHub-ensemble,1.7469038749560597e-4,2.4259427831171696e-4,3.2341634772064946e-4,4.4561975328369157e-4,6.048825740342391e-4,7.93381871738848e-4,0.0011004207226654997,1.7e-4,2.4e-4,3.2e-4,4.5e-4,6e-4,7.9e-4,0.0011,FALSE,TRUE,RSVHub,2026-09-23,Ensemble using RSVHub forecast submissions
New Mexico,NM,0,wk inc rsv hosp,hosp,2026-09-26,2026-09-26,CEPH-Rtrend_rsv,0,1,1,2,3,4,5,0,1,1,2,3,4,5,TRUE,FALSE,CEPH Lab at Indiana University,2026-09-23,Rtrend RSV
New Mexico,NM,1,wk inc rsv hosp,hosp,2026-09-26,2026-10-03,CEPH-Rtrend_rsv,0,1,1,2,3,5,6,0,1,1,2,3,5,6,TRUE,FALSE,CEPH Lab at Indiana University,2026-09-23,Rtrend RSV
New Mexico,NM,2,wk inc rsv hosp,hosp,2026-09-26,2026-10-10,CEPH-Rtrend_rsv,0,1,1,2,3,5,8,0,1,1,2,3,5,8,TRUE,FALSE,CEPH Lab at Indiana University,2026-09-23,Rtrend RSV
New Mexico,NM,0,wk inc rsv prop ed visits,prop_ed,2026-09-26,2026-09-26,CFA-PyRenew_E,0,0,5.895682543247761e-5,6.375298710246599e-5,1.8309218877762953e-4,2.513379450516537e-4,4.2524239145839184e-4,0,0,5.9e-5,6.4e-5,1.8e-4,2.5e-4,4.3e-4,TRUE,FALSE,Center for Forecasting and Outbreak Analytics (CDC/CFA),2026-09-23,PyRenew-E
New Mexico,NM,1,wk inc rsv prop ed visits,prop_ed,2026-09-26,2026-10-03,CFA-PyRenew_E,0,0,0,1.17837155903197e-4,1.8810504237853223e-4,3.535252436009039e-4,5.909929019013768e-4,0,0,0,1.2e-4,1.9e-4,3.5e-4,5.9e-4,TRUE,FALSE,Center for Forecasting and Outbreak Analytics (CDC/CFA),2026-09-23,PyRenew-E
New Mexico,NM,2,wk inc rsv prop ed visits,prop_ed,2026-09-26,2026-10-10,CFA-PyRenew_E,0,0,0,1.1864933123220732e-4,2.4296221452482496e-4,4.450081288680907e-4,0.00100139729391665,0,0,0,1.2e-4,2.4e-4,4.5e-4,0.001,TRUE,FALSE,Center for Forecasting and Outbreak Analytics (CDC/CFA),2026-09-23,PyRenew-E
New Mexico,NM,0,wk inc rsv prop ed visits,prop_ed,2026-09-26,2026-09-26,CFA-NowcastAutoGP,4.93706947023989e-6,2.3259279194514474e-5,4.615347919752941e-5,8.489310518328447e-5,1.5101779088931653e-4,2.3731624142843722e-4,4.1407148454536847e-4,4.9e-6,2.3e-5,4.6e-5,8.5e-5,1.5e-4,2.4e-4,4.1e-4,TRUE,FALSE,Center for Forecasting and Outbreak Analytics (CDC/CFA),2026-09-23,NowcastAutoGP
New Mexico,NM,1,wk inc rsv prop ed visits,prop_ed,2026-09-26,2026-10-03,CFA-NowcastAutoGP,0,1.8350249371416277e-5,4.418087486438134e-5,9.078624599064887e-5,1.6026963286752807e-4,2.738029639311014e-4,4.6905093525523403e-4,0,1.8e-5,4.4e-5,9.1e-5,1.6e-4,2.7e-4,4.7e-4,TRUE,FALSE,Center for Forecasting and Outbreak Analytics (CDC/CFA),2026-09-23,NowcastAutoGP
New Mexico,NM,2,wk inc rsv prop ed visits,prop_ed,2026-09-26,2026-10-10,CFA-NowcastAutoGP,0,1.4131219971969905e-5,4.0821307343476394e-5,8.744105073377613e-5,1.6202356505623075e-4,2.7856690147915077e-4,4.943138902970058e-4,0,1.4e-5,4.1e-5,8.7e-5,1.6e-4,2.8e-4,4.9e-4,TRUE,FALSE,Center for Forecasting and Outbreak Analytics (CDC/CFA),2026-09-23,NowcastAutoGP
New Mexico,NM,0,wk inc rsv hosp,hosp,2026-09-26,2026-09-26,CFA-PyRenew_H,0,0,0,0,0,0,0,0,0,0,0,0,0,0,FALSE,FALSE,Center for Forecasting and Outbreak Analytics (CDC/CFA),2026-09-23,PyRenew-H
New Mexico,NM,1,wk inc rsv hosp,hosp,2026-09-26,2026-10-03,CFA-PyRenew_H,0,0,0,0,0,0,0,0,0,0,0,0,0,0,FALSE,FALSE,Center for Forecasting and Outbreak Analytics (CDC/CFA),2026-09-23,PyRenew-H
New Mexico,NM,2,wk inc rsv hosp,hosp,2026-09-26,2026-10-10,CFA-PyRenew_H,0,0,0,0,0,0,0,0,0,0,0,0,0,0,FALSE,FALSE,Center for Forecasting and Outbreak Analytics (CDC/CFA),2026-09-23,PyRenew-H
New Mexico,NM,0,wk inc rsv hosp,hosp,2026-09-26,2026-09-26,CFA-PyRenew_HE,0,0,0,0,1,2,3,0,0,0,0,1,2,3,TRUE,FALSE,Center for Forecasting and Outbreak Analytics (CDC/CFA),2026-09-23,PyRenew-HE
New Mexico,NM,1,wk inc rsv hosp,hosp,2026-09-26,2026-10-03,CFA-PyRenew_HE,0,0,0,0,1,2,3,0,0,0,0,1,2,3,TRUE,FALSE,Center for Forecasting and Outbreak Analytics (CDC/CFA),2026-09-23,PyRenew-HE
New Mexico,NM,2,wk inc rsv hosp,hosp,2026-09-26,2026-10-10,CFA-PyRenew_HE,0,0,0,0,1,2,5,0,0,0,0,1,2,5,TRUE,FALSE,Center for Forecasting and Outbreak Analytics (CDC/CFA),2026-09-23,PyRenew-HE
New Mexico,NM,0,wk inc rsv prop ed visits,prop_ed,2026-09-26,2026-09-26,CFA-PyRenew_HE,0,0,0,6.173863107679291e-5,1.2429152647079307e-4,1.8812795935565808e-4,3.106676559940286e-4,0,0,0,6.2e-5,1.2e-4,1.9e-4,3.1e-4,FALSE,FALSE,Center for Forecasting and Outbreak Analytics (CDC/CFA),2026-09-23,PyRenew-HE
New Mexico,NM,1,wk inc rsv prop ed visits,prop_ed,2026-09-26,2026-10-03,CFA-PyRenew_HE,0,0,0,6.18323936707958e-5,1.2609396774284127e-4,2.4579658602415976e-4,4.2545098946083246e-4,0,0,0,6.2e-5,1.3e-4,2.5e-4,4.3e-4,FALSE,FALSE,Center for Forecasting and Outbreak Analytics (CDC/CFA),2026-09-23,PyRenew-HE
New Mexico,NM,2,wk inc rsv prop ed visits,prop_ed,2026-09-26,2026-10-10,CFA-PyRenew_HE,0,0,0,6.22232168559339e-5,1.8064786056232063e-4,3.1557858030858396e-4,6.964285327007496e-4,0,0,0,6.2e-5,1.8e-4,3.2e-4,7e-4,FALSE,FALSE,Center for Forecasting and Outbreak Analytics (CDC/CFA),2026-09-23,PyRenew-HE
New Mexico,NM,0,wk inc rsv hosp,hosp,2026-09-26,2026-09-26,NAU-epymorph,0,0,0,0,0,0,0,0,0,0,0,0,0,0,TRUE,FALSE,Northern Arizona University,2026-09-23,epymorph RSV compartmental model
New Mexico,NM,1,wk inc rsv hosp,hosp,2026-09-26,2026-10-03,NAU-epymorph,0,0,0,0,0,0,0,0,0,0,0,0,0,0,TRUE,FALSE,Northern Arizona University,2026-09-23,epymorph RSV compartmental model
New Mexico,NM,2,wk inc rsv hosp,hosp,2026-09-26,2026-10-10,NAU-epymorph,0,0,0,0,0,0,1,0,0,0,0,0,0,1,TRUE,FALSE,Northern Arizona University,2026-09-23,epymorph RSV compartmental model
New Mexico,NM,0,wk inc rsv hosp,hosp,2026-09-26,2026-09-26,RSVHub-baseline,0,0,0,0,2,7.500000000000009,27.87499999999998,0,0,0,0,2,8,30,FALSE,FALSE,RSVHub-hub-models,2026-09-23,RSVHub baseline model
New Mexico,NM,1,wk inc rsv hosp,hosp,2026-09-26,2026-10-03,RSVHub-baseline,0,0,0,0,4.094710947109462,17.71090610906112,33.05432554325541,0,0,0,0,4,20,30,FALSE,FALSE,RSVHub-hub-models,2026-09-23,RSVHub baseline model
New Mexico,NM,2,wk inc rsv hosp,hosp,2026-09-26,2026-10-10,RSVHub-baseline,0,0,0,0,7.56560065600657,24.632267322673208,42.81920869208722,0,0,0,0,8,20,40,FALSE,FALSE,RSVHub-hub-models,2026-09-23,RSVHub baseline model
New Mexico,NM,0,wk inc rsv prop ed visits,prop_ed,2026-09-26,2026-09-26,RSVHub-baseline,0,0,0,1e-4,3.000000000000001e-4,0.0014700000000000002,0.004302499999999983,0,0,0,1e-4,3e-4,0.0015,0.0043,FALSE,FALSE,RSVHub-hub-models,2026-09-23,RSVHub baseline model
New Mexico,NM,1,wk inc rsv prop ed visits,prop_ed,2026-09-26,2026-10-03,RSVHub-baseline,0,0,0,1e-4,8.00000000000001e-4,0.0028999999999999994,0.006400000000000002,0,0,0,1e-4,8e-4,0.0029,0.0064,FALSE,FALSE,RSVHub-hub-models,2026-09-23,RSVHub baseline model
New Mexico,NM,2,wk inc rsv prop ed visits,prop_ed,2026-09-26,2026-10-10,RSVHub-baseline,0,0,0,1e-4,0.0014000000000000009,0.003800000000000001,0.007963141231412259,0,0,0,1e-4,0.0014,0.0038,0.008,FALSE,FALSE,RSVHub-hub-models,2026-09-23,RSVHub baseline model
New Mexico,NM,0,wk inc rsv hosp,hosp,2026-09-26,2026-09-26,RSVHub-ensemble,0,0,0,0,1,2,3,0,0,0,0,1,2,3,FALSE,TRUE,RSVHub,2026-09-23,Ensemble using RSVHub forecast submissions
New Mexico,NM,1,wk inc rsv hosp,hosp,2026-09-26,2026-10-03,RSVHub-ensemble,0,0,0,0,1,2,3,0,0,0,0,1,2,3,FALSE,TRUE,RSVHub,2026-09-23,Ensemble using RSVHub forecast submissions
New Mexico,NM,2,wk inc rsv hosp,hosp,2026-09-26,2026-10-10,RSVHub-ensemble,0,0,0,0,1,2,5,0,0,0,0,1,2,5,FALSE,TRUE,RSVHub,2026-09-23,Ensemble using RSVHub forecast submissions
New Mexico,NM,0,wk inc rsv prop ed visits,prop_ed,2026-09-26,2026-09-26,RSVHub-ensemble,2.468534735119945e-6,1.1629639597257237e-5,5.2555152315003506e-5,7.432304614287523e-5,1.6705498983347303e-4,2.443270932400455e-4,4.196569380018802e-4,2.5e-6,1.2e-5,5.3e-5,7.4e-5,1.7e-4,2.4e-4,4.2e-4,FALSE,TRUE,RSVHub,2026-09-23,Ensemble using RSVHub forecast submissions
New Mexico,NM,1,wk inc rsv prop ed visits,prop_ed,2026-09-26,2026-10-03,RSVHub-ensemble,0,9.175124685708138e-6,2.209043743219067e-5,1.0431170094692293e-4,1.7418733762303014e-4,3.136641037660027e-4,5.300219185783054e-4,0,9.2e-6,2.2e-5,1e-4,1.7e-4,3.1e-4,5.3e-4,FALSE,TRUE,RSVHub,2026-09-23,Ensemble using RSVHub forecast submissions
New Mexico,NM,2,wk inc rsv prop ed visits,prop_ed,2026-09-26,2026-10-10,RSVHub-ensemble,0,7.065609985984953e-6,2.0410653671738197e-5,1.0304519098299172e-4,2.0249288979052785e-4,3.6178751517362075e-4,7.478555921068279e-4,0,7.1e-6,2e-5,1e-4,2e-4,3.6e-4,7.5e-4,FALSE,TRUE,RSVHub,2026-09-23,Ensemble using RSVHub forecast submissions
New York,NY,0,wk inc rsv hosp,hosp,2026-09-26,2026-09-26,CEPH-Rtrend_rsv,3,8,11,17,25,33,42,3,8,10,20,30,30,40,TRUE,FALSE,CEPH Lab at Indiana University,2026-09-23,Rtrend RSV
New York,NY,1,wk inc rsv hosp,hosp,2026-09-26,2026-10-03,CEPH-Rtrend_rsv,3,6,11,20,28,39,53,3,6,10,20,30,40,50,TRUE,FALSE,CEPH Lab at Indiana University,2026-09-23,Rtrend RSV
New York,NY,2,wk inc rsv hosp,hosp,2026-09-26,2026-10-10,CEPH-Rtrend_rsv,1,6,11,20,31,45,61,1,6,10,20,30,50,60,TRUE,FALSE,CEPH Lab at Indiana University,2026-09-23,Rtrend RSV
New York,NY,0,wk inc rsv prop ed visits,prop_ed,2026-09-26,2026-09-26,CFA-PyRenew_E,6.416877886739812e-5,8.656463379287649e-5,1.1052651394798296e-4,1.3817288107872402e-4,1.7331290949589527e-4,2.1189749946352429e-4,2.592457105601842e-4,6.4e-5,8.7e-5,1.1e-4,1.4e-4,1.7e-4,2.1e-4,2.6e-4,TRUE,FALSE,Center for Forecasting and Outbreak Analytics (CDC/CFA),2026-09-23,PyRenew-E
New York,NY,1,wk inc rsv prop ed visits,prop_ed,2026-09-26,2026-10-03,CFA-PyRenew_E,5.23463004459236e-5,7.686542016870299e-5,1.0520199903980692e-4,1.4400741440287666e-4,1.9480905031394225e-4,2.558230266380957e-4,3.561704953193597e-4,5.2e-5,7.7e-5,1.1e-4,1.4e-4,1.9e-4,2.6e-4,3.6e-4,TRUE,FALSE,Center for Forecasting and Outbreak Analytics (CDC/CFA),2026-09-23,PyRenew-E
New York,NY,2,wk inc rsv prop ed visits,prop_ed,2026-09-26,2026-10-10,CFA-PyRenew_E,4.0745221775990574e-5,6.505995050967031e-5,9.5930522992594e-5,1.5113541998281274e-4,2.2222351993127828e-4,3.3561765074919316e-4,5.312313774127073e-4,4.1e-5,6.5e-5,9.6e-5,1.5e-4,2.2e-4,3.4e-4,5.3e-4,TRUE,FALSE,Center for Forecasting and Outbreak Analytics (CDC/CFA),2026-09-23,PyRenew-E
New York,NY,0,wk inc rsv prop ed visits,prop_ed,2026-09-26,2026-09-26,CFA-NowcastAutoGP,9.74524912841562e-5,1.1245616009824381e-4,1.2806462600225844e-4,1.4882696098317705e-4,1.7416984778593486e-4,2.000913367821722e-4,2.3289252543678426e-4,9.7e-5,1.1e-4,1.3e-4,1.5e-4,1.7e-4,2e-4,2.3e-4,TRUE,FALSE,Center for Forecasting and Outbreak Analytics (CDC/CFA),2026-09-23,NowcastAutoGP
New York,NY,1,wk inc rsv prop ed visits,prop_ed,2026-09-26,2026-10-03,CFA-NowcastAutoGP,9.655126435196849e-5,1.1763472727794957e-4,1.3759747687702405e-4,1.6270636349996178e-4,1.925438636002384e-4,2.2526303981396448e-4,2.724876359440339e-4,9.7e-5,1.2e-4,1.4e-4,1.6e-4,1.9e-4,2.3e-4,2.7e-4,TRUE,FALSE,Center for Forecasting and Outbreak Analytics (CDC/CFA),2026-09-23,NowcastAutoGP
New York,NY,2,wk inc rsv prop ed visits,prop_ed,2026-09-26,2026-10-10,CFA-NowcastAutoGP,1.00028729784854e-4,1.2590160907204528e-4,1.4944696321651912e-4,1.7988996609799373e-4,2.196109375221115e-4,2.663947184013872e-4,3.236399829241689e-4,1e-4,1.3e-4,1.5e-4,1.8e-4,2.2e-4,2.7e-4,3.2e-4,TRUE,FALSE,Center for Forecasting and Outbreak Analytics (CDC/CFA),2026-09-23,NowcastAutoGP
New York,NY,0,wk inc rsv hosp,hosp,2026-09-26,2026-09-26,CFA-PyRenew_H,16,20,25,32,39,47,58,20,20,30,30,40,50,60,FALSE,FALSE,Center for Forecasting and Outbreak Analytics (CDC/CFA),2026-09-23,PyRenew-H
New York,NY,1,wk inc rsv hosp,hosp,2026-09-26,2026-10-03,CFA-PyRenew_H,15,20,27,37,49,63,90,20,20,30,40,50,60,90,FALSE,FALSE,Center for Forecasting and Outbreak Analytics (CDC/CFA),2026-09-23,PyRenew-H
New York,NY,2,wk inc rsv hosp,hosp,2026-09-26,2026-10-10,CFA-PyRenew_H,12,20,29,43,62,90.10000000000014,147.0749999999996,10,20,30,40,60,90,150,FALSE,FALSE,Center for Forecasting and Outbreak Analytics (CDC/CFA),2026-09-23,PyRenew-H
New York,NY,0,wk inc rsv hosp,hosp,2026-09-26,2026-09-26,CFA-PyRenew_HE,14,17,21,26,32,39,48,10,20,20,30,30,40,50,TRUE,FALSE,Center for Forecasting and Outbreak Analytics (CDC/CFA),2026-09-23,PyRenew-HE
New York,NY,1,wk inc rsv hosp,hosp,2026-09-26,2026-10-03,CFA-PyRenew_HE,13,18,23,30,39,52,71,10,20,20,30,40,50,70,TRUE,FALSE,Center for Forecasting and Outbreak Analytics (CDC/CFA),2026-09-23,PyRenew-HE
New York,NY,2,wk inc rsv hosp,hosp,2026-09-26,2026-10-10,CFA-PyRenew_HE,12,17,24,34,50,74,117,10,20,20,30,50,70,120,TRUE,FALSE,Center for Forecasting and Outbreak Analytics (CDC/CFA),2026-09-23,PyRenew-HE
New York,NY,0,wk inc rsv prop ed visits,prop_ed,2026-09-26,2026-09-26,CFA-PyRenew_HE,1.014247004049352e-4,1.3116650927025143e-4,1.560858415648448e-4,1.887029423780487e-4,2.2652155883270928e-4,2.62769362348146e-4,3.138840994618661e-4,1e-4,1.3e-4,1.6e-4,1.9e-4,2.3e-4,2.6e-4,3.1e-4,FALSE,FALSE,Center for Forecasting and Outbreak Analytics (CDC/CFA),2026-09-23,PyRenew-HE
New York,NY,1,wk inc rsv prop ed visits,prop_ed,2026-09-26,2026-10-03,CFA-PyRenew_HE,9.892853010965082e-5,1.3485046774480006e-4,1.709947136831476e-4,2.1901176943425925e-4,2.7988813485223664e-4,3.57362589917425e-4,4.699587294807405e-4,9.9e-5,1.3e-4,1.7e-4,2.2e-4,2.8e-4,3.6e-4,4.7e-4,FALSE,FALSE,Center for Forecasting and Outbreak Analytics (CDC/CFA),2026-09-23,PyRenew-HE
New York,NY,2,wk inc rsv prop ed visits,prop_ed,2026-09-26,2026-10-10,CFA-PyRenew_HE,8.229136573743233e-5,1.2777220539479631e-4,1.7972339311298223e-4,2.5366774603244904e-4,3.614971420430943e-4,5.132054111683686e-4,7.729226174774793e-4,8.2e-5,1.3e-4,1.8e-4,2.5e-4,3.6e-4,5.1e-4,7.7e-4,FALSE,FALSE,Center for Forecasting and Outbreak Analytics (CDC/CFA),2026-09-23,PyRenew-HE
New York,NY,0,wk inc rsv hosp,hosp,2026-09-26,2026-09-26,NAU-epymorph,11,19,26,35,45,57,74,10,20,30,40,50,60,70,TRUE,FALSE,Northern Arizona University,2026-09-23,epymorph RSV compartmental model
New York,NY,1,wk inc rsv hosp,hosp,2026-09-26,2026-10-03,NAU-epymorph,11,19,28,40,58,84,131,10,20,30,40,60,80,130,TRUE,FALSE,Northern Arizona University,2026-09-23,epymorph RSV compartmental model
New York,NY,2,wk inc rsv hosp,hosp,2026-09-26,2026-10-10,NAU-epymorph,10,19,29,48,78,125,239,10,20,30,50,80,130,240,TRUE,FALSE,Northern Arizona University,2026-09-23,epymorph RSV compartmental model
New York,NY,0,wk inc rsv hosp,hosp,2026-09-26,2026-09-26,RSVHub-baseline,0,0,21,30,39,80.4000000000002,167.6249999999998,0,0,20,30,40,80,170,FALSE,FALSE,RSVHub-hub-models,2026-09-23,RSVHub baseline model
New York,NY,1,wk inc rsv hosp,hosp,2026-09-26,2026-10-03,RSVHub-baseline,0,0,9.4056790567906,30,57.537957879578784,121.36532265322656,204.56797542975443,0,0,9,30,60,120,200,FALSE,FALSE,RSVHub-hub-models,2026-09-23,RSVHub baseline model
New York,NY,2,wk inc rsv hosp,hosp,2026-09-26,2026-10-10,RSVHub-baseline,0,0,0,30,75.12745627456289,144.8091890918911,233.36151036510364,0,0,0,30,80,140,230,FALSE,FALSE,RSVHub-hub-models,2026-09-23,RSVHub baseline model
New York,NY,0,wk inc rsv prop ed visits,prop_ed,2026-09-26,2026-09-26,RSVHub-baseline,0,0,0,1e-4,2e-4,6.000000000000005e-4,0.0015349999999999893,0,0,0,1e-4,2e-4,6e-4,0.0015,FALSE,FALSE,RSVHub-hub-models,2026-09-23,RSVHub baseline model
New York,NY,1,wk inc rsv prop ed visits,prop_ed,2026-09-26,2026-10-03,RSVHub-baseline,0,0,0,1e-4,4.999999999999999e-4,0.0010961717617176162,0.0021000000000000003,0,0,0,1e-4,5e-4,0.0011,0.0021,FALSE,FALSE,RSVHub-hub-models,2026-09-23,RSVHub baseline model
New York,NY,2,wk inc rsv prop ed visits,prop_ed,2026-09-26,2026-10-10,RSVHub-baseline,0,0,0,1e-4,6.707317073170707e-4,0.0013858197581975876,0.002536505790057898,0,0,0,1e-4,6.7e-4,0.0014,0.0025,FALSE,FALSE,RSVHub-hub-models,2026-09-23,RSVHub baseline model
New York,NY,0,wk inc rsv hosp,hosp,2026-09-26,2026-09-26,RSVHub-ensemble,11,17,21,26,32,39,48,10,20,20,30,30,40,50,FALSE,TRUE,RSVHub,2026-09-23,Ensemble using RSVHub forecast submissions
New York,NY,1,wk inc rsv hosp,hosp,2026-09-26,2026-10-03,RSVHub-ensemble,11,18,23,30,39,52,71,10,20,20,30,40,50,70,FALSE,TRUE,RSVHub,2026-09-23,Ensemble using RSVHub forecast submissions
New York,NY,2,wk inc rsv hosp,hosp,2026-09-26,2026-10-10,RSVHub-ensemble,10,17,24,34,50,74,117,10,20,20,30,50,70,120,FALSE,TRUE,RSVHub,2026-09-23,Ensemble using RSVHub forecast submissions
New York,NY,0,wk inc rsv prop ed visits,prop_ed,2026-09-26,2026-09-26,RSVHub-ensemble,8.081063507577716e-5,9.951039694556015e-5,1.192955699751207e-4,1.4349992103095054e-4,1.7374137864091505e-4,2.0599441812284823e-4,2.4606911799848427e-4,8.1e-5,1e-4,1.2e-4,1.4e-4,1.7e-4,2.1e-4,2.5e-4,FALSE,TRUE,RSVHub,2026-09-23,Ensemble using RSVHub forecast submissions
New York,NY,1,wk inc rsv prop ed visits,prop_ed,2026-09-26,2026-10-03,RSVHub-ensemble,7.444878239894605e-5,9.725007372332628e-5,1.2139973795841549e-4,1.533568889514192e-4,1.9367645695709032e-4,2.405430332260301e-4,3.143290656316968e-4,7.4e-5,9.7e-5,1.2e-4,1.5e-4,1.9e-4,2.4e-4,3.1e-4,FALSE,TRUE,RSVHub,2026-09-23,Ensemble using RSVHub forecast submissions
New York,NY,2,wk inc rsv prop ed visits,prop_ed,2026-09-26,2026-10-10,RSVHub-ensemble,7.038697578042228e-5,9.54807797908578e-5,1.2268874310455657e-4,1.6551269304040323e-4,2.209172287266949e-4,3.010061845752902e-4,4.2743568016843805e-4,7e-5,9.5e-5,1.2e-4,1.7e-4,2.2e-4,3e-4,4.3e-4,FALSE,TRUE,RSVHub,2026-09-23,Ensemble using RSVHub forecast submissions
North Carolina,NC,0,wk inc rsv hosp,hosp,2026-09-26,2026-09-26,CEPH-Rtrend_rsv,3,4,7,10,13,16,21,3,4,7,10,10,20,20,TRUE,FALSE,CEPH Lab at Indiana University,2026-09-23,Rtrend RSV
North Carolina,NC,1,wk inc rsv hosp,hosp,2026-09-26,2026-10-03,CEPH-Rtrend_rsv,1,3,6,10,15,21,28,1,3,6,10,20,20,30,TRUE,FALSE,CEPH Lab at Indiana University,2026-09-23,Rtrend RSV
North Carolina,NC,2,wk inc rsv hosp,hosp,2026-09-26,2026-10-10,CEPH-Rtrend_rsv,0,3,4,9,16,22,30,0,3,4,9,20,20,30,TRUE,FALSE,CEPH Lab at Indiana University,2026-09-23,Rtrend RSV
North Carolina,NC,0,wk inc rsv prop ed visits,prop_ed,2026-09-26,2026-09-26,CFA-PyRenew_E,1.5339559674016509e-4,1.9874068379178208e-4,2.456686013063822e-4,3.0291325106387545e-4,3.693859835740836e-4,4.330351168363232e-4,5.20042977170765e-4,1.5e-4,2e-4,2.5e-4,3e-4,3.7e-4,4.3e-4,5.2e-4,TRUE,FALSE,Center for Forecasting and Outbreak Analytics (CDC/CFA),2026-09-23,PyRenew-E
North Carolina,NC,1,wk inc rsv prop ed visits,prop_ed,2026-09-26,2026-10-03,CFA-PyRenew_E,1.2221317731091956e-4,1.7227705972345316e-4,2.2976079084125004e-4,3.07150050559201e-4,4.004517396130413e-4,5.030058134891124e-4,6.727626895873408e-4,1.2e-4,1.7e-4,2.3e-4,3.1e-4,4e-4,5e-4,6.7e-4,TRUE,FALSE,Center for Forecasting and Outbreak Analytics (CDC/CFA),2026-09-23,PyRenew-E
North Carolina,NC,2,wk inc rsv prop ed visits,prop_ed,2026-09-26,2026-10-10,CFA-PyRenew_E,8.651607987608233e-5,1.413091952082598e-4,1.9845608272967344e-4,3.0755381352511784e-4,4.428817638051336e-4,6.147019942334499e-4,9.482516692549104e-4,8.7e-5,1.4e-4,2e-4,3.1e-4,4.4e-4,6.1e-4,9.5e-4,TRUE,FALSE,Center for Forecasting and Outbreak Analytics (CDC/CFA),2026-09-23,PyRenew-E
North Carolina,NC,0,wk inc rsv prop ed visits,prop_ed,2026-09-26,2026-09-26,CFA-NowcastAutoGP,1.928342688306283e-4,2.2516990813963576e-4,2.6616621894403144e-4,3.1622559232660855e-4,3.7537841871793326e-4,4.410706169868182e-4,5.207900042101362e-4,1.9e-4,2.3e-4,2.7e-4,3.2e-4,3.8e-4,4.4e-4,5.2e-4,TRUE,FALSE,Center for Forecasting and Outbreak Analytics (CDC/CFA),2026-09-23,NowcastAutoGP
North Carolina,NC,1,wk inc rsv prop ed visits,prop_ed,2026-09-26,2026-10-03,CFA-NowcastAutoGP,1.6650053411203472e-4,2.1775701535311733e-4,2.6469581267573114e-4,3.2932397253766885e-4,4.1397849949839036e-4,5.016090478695887e-4,6.107178717917335e-4,1.7e-4,2.2e-4,2.6e-4,3.3e-4,4.1e-4,5e-4,6.1e-4,TRUE,FALSE,Center for Forecasting and Outbreak Analytics (CDC/CFA),2026-09-23,NowcastAutoGP
North Carolina,NC,2,wk inc rsv prop ed visits,prop_ed,2026-09-26,2026-10-10,CFA-NowcastAutoGP,1.486257967765537e-4,1.9720491536506218e-4,2.612773064323567e-4,3.5064430080819427e-4,4.641145020611462e-4,6.083732978417274e-4,8.152173274920221e-4,1.5e-4,2e-4,2.6e-4,3.5e-4,4.6e-4,6.1e-4,8.2e-4,TRUE,FALSE,Center for Forecasting and Outbreak Analytics (CDC/CFA),2026-09-23,NowcastAutoGP
North Carolina,NC,0,wk inc rsv hosp,hosp,2026-09-26,2026-09-26,CFA-PyRenew_H,2,4,6,9,13,17,22,2,4,6,9,10,20,20,FALSE,FALSE,Center for Forecasting and Outbreak Analytics (CDC/CFA),2026-09-23,PyRenew-H
North Carolina,NC,1,wk inc rsv hosp,hosp,2026-09-26,2026-10-03,CFA-PyRenew_H,2,4,6,10,15,22,34,2,4,6,10,20,20,30,FALSE,FALSE,Center for Forecasting and Outbreak Analytics (CDC/CFA),2026-09-23,PyRenew-H
North Carolina,NC,2,wk inc rsv hosp,hosp,2026-09-26,2026-10-10,CFA-PyRenew_H,1,3,6,11,18,29,54,1,3,6,10,20,30,50,FALSE,FALSE,Center for Forecasting and Outbreak Analytics (CDC/CFA),2026-09-23,PyRenew-H
North Carolina,NC,0,wk inc rsv hosp,hosp,2026-09-26,2026-09-26,CFA-PyRenew_HE,3,5,7,10,12,15,20,3,5,7,10,10,20,20,TRUE,FALSE,Center for Forecasting and Outbreak Analytics (CDC/CFA),2026-09-23,PyRenew-HE
North Carolina,NC,1,wk inc rsv hosp,hosp,2026-09-26,2026-10-03,CFA-PyRenew_HE,3,5,7,10,13,17,22,3,5,7,10,10,20,20,TRUE,FALSE,Center for Forecasting and Outbreak Analytics (CDC/CFA),2026-09-23,PyRenew-HE
North Carolina,NC,2,wk inc rsv hosp,hosp,2026-09-26,2026-10-10,CFA-PyRenew_HE,2,4,6,10,14,20,30.024999999999864,2,4,6,10,10,20,30,TRUE,FALSE,Center for Forecasting and Outbreak Analytics (CDC/CFA),2026-09-23,PyRenew-HE
North Carolina,NC,0,wk inc rsv prop ed visits,prop_ed,2026-09-26,2026-09-26,CFA-PyRenew_HE,1.5335314524070226e-4,1.9109277063431376e-4,2.3381666164067245e-4,2.8524413393101226e-4,3.4093441511096745e-4,4.002227704581619e-4,4.713660285313719e-4,1.5e-4,1.9e-4,2.3e-4,2.9e-4,3.4e-4,4e-4,4.7e-4,FALSE,FALSE,Center for Forecasting and Outbreak Analytics (CDC/CFA),2026-09-23,PyRenew-HE
North Carolina,NC,1,wk inc rsv prop ed visits,prop_ed,2026-09-26,2026-10-03,CFA-PyRenew_HE,1.1722362134591288e-4,1.621002741523571e-4,2.1279774598863583e-4,2.8241531187689383e-4,3.644725765447434e-4,4.569504704704725e-4,5.75718373685068e-4,1.2e-4,1.6e-4,2.1e-4,2.8e-4,3.6e-4,4.6e-4,5.8e-4,FALSE,FALSE,Center for Forecasting and Outbreak Analytics (CDC/CFA),2026-09-23,PyRenew-HE
North Carolina,NC,2,wk inc rsv prop ed visits,prop_ed,2026-09-26,2026-10-10,CFA-PyRenew_HE,7.924948774057289e-5,1.2929613721245935e-4,1.8714583750341384e-4,2.7914748539811937e-4,4.045961059578562e-4,5.443371933367921e-4,7.843511228020452e-4,7.9e-5,1.3e-4,1.9e-4,2.8e-4,4e-4,5.4e-4,7.8e-4,FALSE,FALSE,Center for Forecasting and Outbreak Analytics (CDC/CFA),2026-09-23,PyRenew-HE
North Carolina,NC,0,wk inc rsv hosp,hosp,2026-09-26,2026-09-26,NAU-epymorph,0,1,4,8,14,22,36,0,1,4,8,10,20,40,TRUE,FALSE,Northern Arizona University,2026-09-23,epymorph RSV compartmental model
North Carolina,NC,1,wk inc rsv hosp,hosp,2026-09-26,2026-10-03,NAU-epymorph,0,1,4,9,18,30,57,0,1,4,9,20,30,60,TRUE,FALSE,Northern Arizona University,2026-09-23,epymorph RSV compartmental model
North Carolina,NC,2,wk inc rsv hosp,hosp,2026-09-26,2026-10-10,NAU-epymorph,0,1,4,10,21,43,86,0,1,4,10,20,40,90,TRUE,FALSE,Northern Arizona University,2026-09-23,epymorph RSV compartmental model
North Carolina,NC,0,wk inc rsv hosp,hosp,2026-09-26,2026-09-26,RSVHub-baseline,0,0,0,6,17.749999999999993,42.90000000000003,109.3499999999994,0,0,0,6,20,40,110,FALSE,FALSE,RSVHub-hub-models,2026-09-23,RSVHub baseline model
North Carolina,NC,1,wk inc rsv hosp,hosp,2026-09-26,2026-10-03,RSVHub-baseline,0,0,0,6,28.341073410734126,63.481078810788134,141.53139981399798,0,0,0,6,30,60,140,FALSE,FALSE,RSVHub-hub-models,2026-09-23,RSVHub baseline model
North Carolina,NC,2,wk inc rsv hosp,hosp,2026-09-26,2026-10-10,RSVHub-baseline,0,0,0,6,36.1342213422134,84.02095520955211,171.6484654846544,0,0,0,6,40,80,170,FALSE,FALSE,RSVHub-hub-models,2026-09-23,RSVHub baseline model
North Carolina,NC,0,wk inc rsv prop ed visits,prop_ed,2026-09-26,2026-09-26,RSVHub-baseline,0,0,1.0000000000000005e-4,3e-4,4.999999999999999e-4,0.0012000000000000001,0.0026674999999999937,0,0,1e-4,3e-4,5e-4,0.0012,0.0027,FALSE,FALSE,RSVHub-hub-models,2026-09-23,RSVHub baseline model
North Carolina,NC,1,wk inc rsv prop ed visits,prop_ed,2026-09-26,2026-10-03,RSVHub-baseline,0,0,0,3e-4,8.999999999999998e-4,0.001900000000000001,0.0034999804998050023,0,0,0,3e-4,9e-4,0.0019,0.0035,FALSE,FALSE,RSVHub-hub-models,2026-09-23,RSVHub baseline model
North Carolina,NC,2,wk inc rsv prop ed visits,prop_ed,2026-09-26,2026-10-10,RSVHub-baseline,0,0,0,3e-4,0.0011639841398413972,0.0023617261172611714,0.004363251807518074,0,0,0,3e-4,0.0012,0.0024,0.0044,FALSE,FALSE,RSVHub-hub-models,2026-09-23,RSVHub baseline model
North Carolina,NC,0,wk inc rsv hosp,hosp,2026-09-26,2026-09-26,RSVHub-ensemble,3,4,7,10,13,16,21,3,4,7,10,10,20,20,FALSE,TRUE,RSVHub,2026-09-23,Ensemble using RSVHub forecast submissions
North Carolina,NC,1,wk inc rsv hosp,hosp,2026-09-26,2026-10-03,RSVHub-ensemble,1,3,6,10,15,21,28,1,3,6,10,20,20,30,FALSE,TRUE,RSVHub,2026-09-23,Ensemble using RSVHub forecast submissions
North Carolina,NC,2,wk inc rsv hosp,hosp,2026-09-26,2026-10-10,RSVHub-ensemble,0,3,4,10,16,22,30.024999999999864,0,3,4,10,20,20,30,FALSE,TRUE,RSVHub,2026-09-23,Ensemble using RSVHub forecast submissions
North Carolina,NC,0,wk inc rsv prop ed visits,prop_ed,2026-09-26,2026-09-26,RSVHub-ensemble,1.731149327853967e-4,2.1195529596570892e-4,2.5591741012520684e-4,3.09569421695242e-4,3.723822011460084e-4,4.370528669115707e-4,5.204164906904506e-4,1.7e-4,2.1e-4,2.6e-4,3.1e-4,3.7e-4,4.4e-4,5.2e-4,FALSE,TRUE,RSVHub,2026-09-23,Ensemble using RSVHub forecast submissions
North Carolina,NC,1,wk inc rsv prop ed visits,prop_ed,2026-09-26,2026-10-03,RSVHub-ensemble,1.4435685571147715e-4,1.9501703753828524e-4,2.472283017584906e-4,3.182370115484349e-4,4.0721511955571586e-4,5.023074306793505e-4,6.417402806895372e-4,1.4e-4,2e-4,2.5e-4,3.2e-4,4.1e-4,5e-4,6.4e-4,FALSE,TRUE,RSVHub,2026-09-23,Ensemble using RSVHub forecast submissions
North Carolina,NC,2,wk inc rsv prop ed visits,prop_ed,2026-09-26,2026-10-10,RSVHub-ensemble,1.1757093832631801e-4,1.69257055286661e-4,2.2986669458101506e-4,3.290990571666561e-4,4.534981329331399e-4,6.115376460375885e-4,8.817344983734663e-4,1.2e-4,1.7e-4,2.3e-4,3.3e-4,4.5e-4,6.1e-4,8.8e-4,FALSE,TRUE,RSVHub,2026-09-23,Ensemble using RSVHub forecast submissions
North Dakota,ND,0,wk inc rsv hosp,hosp,2026-09-26,2026-09-26,CEPH-Rtrend_rsv,1,1,1,1,2,2,2,1,1,1,1,2,2,2,TRUE,FALSE,CEPH Lab at Indiana University,2026-09-23,Rtrend RSV
North Dakota,ND,1,wk inc rsv hosp,hosp,2026-09-26,2026-10-03,CEPH-Rtrend_rsv,1,1,1,1,2,2,3,1,1,1,1,2,2,3,TRUE,FALSE,CEPH Lab at Indiana University,2026-09-23,Rtrend RSV
North Dakota,ND,2,wk inc rsv hosp,hosp,2026-09-26,2026-10-10,CEPH-Rtrend_rsv,0,1,1,1,2,3,4,0,1,1,1,2,3,4,TRUE,FALSE,CEPH Lab at Indiana University,2026-09-23,Rtrend RSV
North Dakota,ND,0,wk inc rsv prop ed visits,prop_ed,2026-09-26,2026-09-26,CFA-PyRenew_E,0,0,0,0,1.4495989750948622e-4,1.6187456602495537e-4,4.391534108524236e-4,0,0,0,0,1.4e-4,1.6e-4,4.4e-4,TRUE,FALSE,Center for Forecasting and Outbreak Analytics (CDC/CFA),2026-09-23,PyRenew-E
North Dakota,ND,1,wk inc rsv prop ed visits,prop_ed,2026-09-26,2026-10-03,CFA-PyRenew_E,0,0,0,0,1.4495494673330366e-4,2.854662810103085e-4,5.992575136977502e-4,0,0,0,0,1.4e-4,2.9e-4,6e-4,TRUE,FALSE,Center for Forecasting and Outbreak Analytics (CDC/CFA),2026-09-23,PyRenew-E
North Dakota,ND,2,wk inc rsv prop ed visits,prop_ed,2026-09-26,2026-10-10,CFA-PyRenew_E,0,0,0,0,1.461063232510105e-4,3.122032014231859e-4,9.298778860343034e-4,0,0,0,0,1.5e-4,3.1e-4,0.00093000000000000005,TRUE,FALSE,Center for Forecasting and Outbreak Analytics (CDC/CFA),2026-09-23,PyRenew-E
North Dakota,ND,0,wk inc rsv prop ed visits,prop_ed,2026-09-26,2026-09-26,CFA-NowcastAutoGP,0,0,1.2250019263020952e-5,5.47280213980726e-5,1.2129416784723662e-4,2.1529258429485353e-4,3.777476147911041e-4,0,0,1.2e-5,5.5e-5,1.2e-4,2.2e-4,3.8e-4,TRUE,FALSE,Center for Forecasting and Outbreak Analytics (CDC/CFA),2026-09-23,NowcastAutoGP
North Dakota,ND,1,wk inc rsv prop ed visits,prop_ed,2026-09-26,2026-10-03,CFA-NowcastAutoGP,0,0,1.6555249475727935e-5,6.497975607195843e-5,1.4794806748804078e-4,2.5914551917189e-4,4.435845171020539e-4,0,0,1.7e-5,6.5e-5,1.5e-4,2.6e-4,4.4e-4,TRUE,FALSE,Center for Forecasting and Outbreak Analytics (CDC/CFA),2026-09-23,NowcastAutoGP
North Dakota,ND,2,wk inc rsv prop ed visits,prop_ed,2026-09-26,2026-10-10,CFA-NowcastAutoGP,0,0,1.408652199261296e-5,7.135603398709378e-5,1.6576365357608768e-4,3.2721205535547385e-4,6.412090887188082e-4,0,0,1.4e-5,7.1e-5,1.7e-4,3.3e-4,6.4e-4,TRUE,FALSE,Center for Forecasting and Outbreak Analytics (CDC/CFA),2026-09-23,NowcastAutoGP
North Dakota,ND,0,wk inc rsv hosp,hosp,2026-09-26,2026-09-26,CFA-PyRenew_H,0,0,0,0,0,1,2,0,0,0,0,0,1,2,FALSE,FALSE,Center for Forecasting and Outbreak Analytics (CDC/CFA),2026-09-23,PyRenew-H
North Dakota,ND,1,wk inc rsv hosp,hosp,2026-09-26,2026-10-03,CFA-PyRenew_H,0,0,0,0,0,1,2,0,0,0,0,0,1,2,FALSE,FALSE,Center for Forecasting and Outbreak Analytics (CDC/CFA),2026-09-23,PyRenew-H
North Dakota,ND,2,wk inc rsv hosp,hosp,2026-09-26,2026-10-10,CFA-PyRenew_H,0,0,0,0,0,1,3,0,0,0,0,0,1,3,FALSE,FALSE,Center for Forecasting and Outbreak Analytics (CDC/CFA),2026-09-23,PyRenew-H
North Dakota,ND,0,wk inc rsv hosp,hosp,2026-09-26,2026-09-26,CFA-PyRenew_HE,0,0,0,0,0,1,2,0,0,0,0,0,1,2,TRUE,FALSE,Center for Forecasting and Outbreak Analytics (CDC/CFA),2026-09-23,PyRenew-HE
North Dakota,ND,1,wk inc rsv hosp,hosp,2026-09-26,2026-10-03,CFA-PyRenew_HE,0,0,0,0,0,1,2,0,0,0,0,0,1,2,TRUE,FALSE,Center for Forecasting and Outbreak Analytics (CDC/CFA),2026-09-23,PyRenew-HE
North Dakota,ND,2,wk inc rsv hosp,hosp,2026-09-26,2026-10-10,CFA-PyRenew_HE,0,0,0,0,0,1,4,0,0,0,0,0,1,4,TRUE,FALSE,Center for Forecasting and Outbreak Analytics (CDC/CFA),2026-09-23,PyRenew-HE
North Dakota,ND,0,wk inc rsv prop ed visits,prop_ed,2026-09-26,2026-09-26,CFA-PyRenew_HE,0,0,0,0,1.4620201195178226e-4,1.6279075270513428e-4,4.3964616573157394e-4,0,0,0,0,1.5e-4,1.6e-4,4.4e-4,FALSE,FALSE,Center for Forecasting and Outbreak Analytics (CDC/CFA),2026-09-23,PyRenew-HE
North Dakota,ND,1,wk inc rsv prop ed visits,prop_ed,2026-09-26,2026-10-03,CFA-PyRenew_HE,0,0,0,0,1.470215423474141e-4,2.948345566427803e-4,5.823465687122006e-4,0,0,0,0,1.5e-4,2.9e-4,5.8e-4,FALSE,FALSE,Center for Forecasting and Outbreak Analytics (CDC/CFA),2026-09-23,PyRenew-HE
North Dakota,ND,2,wk inc rsv prop ed visits,prop_ed,2026-09-26,2026-10-10,CFA-PyRenew_HE,0,0,0,0,1.4816761536229554e-4,3.0979917768229973e-4,8.47157144583035e-4,0,0,0,0,1.5e-4,3.1e-4,8.5e-4,FALSE,FALSE,Center for Forecasting and Outbreak Analytics (CDC/CFA),2026-09-23,PyRenew-HE
North Dakota,ND,0,wk inc rsv hosp,hosp,2026-09-26,2026-09-26,NAU-epymorph,0,0,0,0,1,2,5,0,0,0,0,1,2,5,TRUE,FALSE,Northern Arizona University,2026-09-23,epymorph RSV compartmental model
North Dakota,ND,1,wk inc rsv hosp,hosp,2026-09-26,2026-10-03,NAU-epymorph,0,0,0,0,1,3,9,0,0,0,0,1,3,9,TRUE,FALSE,Northern Arizona University,2026-09-23,epymorph RSV compartmental model
North Dakota,ND,2,wk inc rsv hosp,hosp,2026-09-26,2026-10-10,NAU-epymorph,0,0,0,0,1,4,15,0,0,0,0,1,4,20,TRUE,FALSE,Northern Arizona University,2026-09-23,epymorph RSV compartmental model
North Dakota,ND,0,wk inc rsv hosp,hosp,2026-09-26,2026-09-26,RSVHub-baseline,0,0,0,0,1,3.6999999999999886,8,0,0,0,0,1,4,8,FALSE,FALSE,RSVHub-hub-models,2026-09-23,RSVHub baseline model
North Dakota,ND,1,wk inc rsv hosp,hosp,2026-09-26,2026-10-03,RSVHub-baseline,0,0,0,0,2,6,11.333746587465832,0,0,0,0,2,6,10,FALSE,FALSE,RSVHub-hub-models,2026-09-23,RSVHub baseline model
North Dakota,ND,2,wk inc rsv hosp,hosp,2026-09-26,2026-10-10,RSVHub-baseline,0,0,0,0,3,8,14,0,0,0,0,3,8,10,FALSE,FALSE,RSVHub-hub-models,2026-09-23,RSVHub baseline model
North Dakota,ND,0,wk inc rsv prop ed visits,prop_ed,2026-09-26,2026-09-26,RSVHub-baseline,0,0,0,1e-4,3.9999999999999996e-4,0.0013000000000000004,0.0039024999999999832,0,0,0,1e-4,4e-4,0.0013,0.0039,FALSE,FALSE,RSVHub-hub-models,2026-09-23,RSVHub baseline model
North Dakota,ND,1,wk inc rsv prop ed visits,prop_ed,2026-09-26,2026-10-03,RSVHub-baseline,0,0,0,1e-4,7.459387093870913e-4,0.0020853694536945265,0.0059907805328052776,0,0,0,1e-4,7.5e-4,0.0021,0.006,FALSE,FALSE,RSVHub-hub-models,2026-09-23,RSVHub baseline model
North Dakota,ND,2,wk inc rsv prop ed visits,prop_ed,2026-09-26,2026-10-10,RSVHub-baseline,0,0,0,1e-4,0.0011999999999999988,0.002999999999999997,0.006653443284432847,0,0,0,1e-4,0.0012,0.003,0.0067,FALSE,FALSE,RSVHub-hub-models,2026-09-23,RSVHub baseline model
North Dakota,ND,0,wk inc rsv hosp,hosp,2026-09-26,2026-09-26,RSVHub-ensemble,0,0,0,0,1,2,2,0,0,0,0,1,2,2,FALSE,TRUE,RSVHub,2026-09-23,Ensemble using RSVHub forecast submissions
North Dakota,ND,1,wk inc rsv hosp,hosp,2026-09-26,2026-10-03,RSVHub-ensemble,0,0,0,0,1,2,3,0,0,0,0,1,2,3,FALSE,TRUE,RSVHub,2026-09-23,Ensemble using RSVHub forecast submissions
North Dakota,ND,2,wk inc rsv hosp,hosp,2026-09-26,2026-10-10,RSVHub-ensemble,0,0,0,0,1,3,4,0,0,0,0,1,3,4,FALSE,TRUE,RSVHub,2026-09-23,Ensemble using RSVHub forecast submissions
North Dakota,ND,0,wk inc rsv prop ed visits,prop_ed,2026-09-26,2026-09-26,RSVHub-ensemble,0,0,6.125009631510476e-6,2.73640106990363e-5,1.3312703267836143e-4,1.8858357515990444e-4,4.084505128217639e-4,0,0,6.1e-6,2.7e-5,1.3e-4,1.9e-4,4.1e-4,FALSE,TRUE,RSVHub,2026-09-23,Ensemble using RSVHub forecast submissions
North Dakota,ND,1,wk inc rsv prop ed visits,prop_ed,2026-09-26,2026-10-03,RSVHub-ensemble,0,0,8.277624737863967e-6,3.248987803597922e-5,1.4645150711067222e-4,2.7230590009109923e-4,5.21421015399902e-4,0,0,8.3e-6,3.2e-5,1.5e-4,2.7e-4,5.2e-4,FALSE,TRUE,RSVHub,2026-09-23,Ensemble using RSVHub forecast submissions
North Dakota,ND,2,wk inc rsv prop ed visits,prop_ed,2026-09-26,2026-10-10,RSVHub-ensemble,0,0,7.04326099630648e-6,3.567801699354689e-5,1.5593498841354908e-4,3.1970762838932985e-4,7.855434873765559e-4,0,0,7e-6,3.6e-5,1.6e-4,3.2e-4,7.9e-4,FALSE,TRUE,RSVHub,2026-09-23,Ensemble using RSVHub forecast submissions
Ohio,OH,0,wk inc rsv hosp,hosp,2026-09-26,2026-09-26,CEPH-Rtrend_rsv,1,4,5,7,11,14,18,1,4,5,7,10,10,20,TRUE,FALSE,CEPH Lab at Indiana University,2026-09-23,Rtrend RSV
Ohio,OH,1,wk inc rsv hosp,hosp,2026-09-26,2026-10-03,CEPH-Rtrend_rsv,1,2,5,8,12,17,22,1,2,5,8,10,20,20,TRUE,FALSE,CEPH Lab at Indiana University,2026-09-23,Rtrend RSV
Ohio,OH,2,wk inc rsv hosp,hosp,2026-09-26,2026-10-10,CEPH-Rtrend_rsv,1,2,5,8,13,19,26,1,2,5,8,10,20,30,TRUE,FALSE,CEPH Lab at Indiana University,2026-09-23,Rtrend RSV
Ohio,OH,0,wk inc rsv prop ed visits,prop_ed,2026-09-26,2026-09-26,CFA-PyRenew_E,1.807582616354951e-5,2.7615685809010183e-5,4.571765901629584e-5,6.501422741728331e-5,9.179884358790476e-5,1.20870278091755e-4,1.5339930956697473e-4,1.8e-5,2.8e-5,4.6e-5,6.5e-5,9.2e-5,1.2e-4,1.5e-4,TRUE,FALSE,Center for Forecasting and Outbreak Analytics (CDC/CFA),2026-09-23,PyRenew-E
Ohio,OH,1,wk inc rsv prop ed visits,prop_ed,2026-09-26,2026-10-03,CFA-PyRenew_E,9.497712062467308e-6,2.7193017327523004e-5,4.530963754600118e-5,7.1577278741723e-5,1.017892992221237e-4,1.4598756389688113e-4,2.065406846077788e-4,9.5e-6,2.7e-5,4.5e-5,7.2e-5,1e-4,1.5e-4,2.1e-4,TRUE,FALSE,Center for Forecasting and Outbreak Analytics (CDC/CFA),2026-09-23,PyRenew-E
Ohio,OH,2,wk inc rsv prop ed visits,prop_ed,2026-09-26,2026-10-10,CFA-PyRenew_E,9.037562782404126e-6,1.887743275817169e-5,3.769377793199578e-5,7.207216272119322e-5,1.15820980513543e-4,1.7556239504191624e-4,2.9101311943861857e-4,9e-6,1.9e-5,3.8e-5,7.2e-5,1.2e-4,1.8e-4,2.9e-4,TRUE,FALSE,Center for Forecasting and Outbreak Analytics (CDC/CFA),2026-09-23,PyRenew-E
Ohio,OH,0,wk inc rsv prop ed visits,prop_ed,2026-09-26,2026-09-26,CFA-NowcastAutoGP,3.914847139424985e-5,4.903947139962276e-5,6.005963398758811e-5,7.522380446937505e-5,9.469796241857523e-5,1.1846739940565163e-4,1.510135491890055e-4,3.9e-5,4.9e-5,6e-5,7.5e-5,9.5e-5,1.2e-4,1.5e-4,TRUE,FALSE,Center for Forecasting and Outbreak Analytics (CDC/CFA),2026-09-23,NowcastAutoGP
Ohio,OH,1,wk inc rsv prop ed visits,prop_ed,2026-09-26,2026-10-03,CFA-NowcastAutoGP,3.775724784617872e-5,5.146457671845511e-5,6.557580243891207e-5,8.603589594134624e-5,1.1205450303770416e-4,1.4320907129549272e-4,1.8085396243435872e-4,3.8e-5,5.1e-5,6.6e-5,8.6e-5,1.1e-4,1.4e-4,1.8e-4,TRUE,FALSE,Center for Forecasting and Outbreak Analytics (CDC/CFA),2026-09-23,NowcastAutoGP
Ohio,OH,2,wk inc rsv prop ed visits,prop_ed,2026-09-26,2026-10-10,CFA-NowcastAutoGP,3.9859146204592126e-5,5.5098628362438674e-5,7.296028500913777e-5,9.98866987181547e-5,1.3270607179212976e-4,1.7344139077554165e-4,2.4588963072836727e-4,4e-5,5.5e-5,7.3e-5,1e-4,1.3e-4,1.7e-4,2.5e-4,TRUE,FALSE,Center for Forecasting and Outbreak Analytics (CDC/CFA),2026-09-23,NowcastAutoGP
Ohio,OH,0,wk inc rsv hosp,hosp,2026-09-26,2026-09-26,CFA-PyRenew_H,0,1,2,4,6,8,12,0,1,2,4,6,8,10,FALSE,FALSE,Center for Forecasting and Outbreak Analytics (CDC/CFA),2026-09-23,PyRenew-H
Ohio,OH,1,wk inc rsv hosp,hosp,2026-09-26,2026-10-03,CFA-PyRenew_H,0,1,2,4,6,9,13,0,1,2,4,6,9,10,FALSE,FALSE,Center for Forecasting and Outbreak Analytics (CDC/CFA),2026-09-23,PyRenew-H
Ohio,OH,2,wk inc rsv hosp,hosp,2026-09-26,2026-10-10,CFA-PyRenew_H,0,1,2,3,6,10,16,0,1,2,3,6,10,20,FALSE,FALSE,Center for Forecasting and Outbreak Analytics (CDC/CFA),2026-09-23,PyRenew-H
Ohio,OH,0,wk inc rsv hosp,hosp,2026-09-26,2026-09-26,CFA-PyRenew_HE,1,2,4,5,7,9,12,1,2,4,5,7,9,10,TRUE,FALSE,Center for Forecasting and Outbreak Analytics (CDC/CFA),2026-09-23,PyRenew-HE
Ohio,OH,1,wk inc rsv hosp,hosp,2026-09-26,2026-10-03,CFA-PyRenew_HE,1,2,3,5,8,10,14,1,2,3,5,8,10,10,TRUE,FALSE,Center for Forecasting and Outbreak Analytics (CDC/CFA),2026-09-23,PyRenew-HE
Ohio,OH,2,wk inc rsv hosp,hosp,2026-09-26,2026-10-10,CFA-PyRenew_HE,1,2,3,5,8,12,18,1,2,3,5,8,10,20,TRUE,FALSE,Center for Forecasting and Outbreak Analytics (CDC/CFA),2026-09-23,PyRenew-HE
Ohio,OH,0,wk inc rsv prop ed visits,prop_ed,2026-09-26,2026-09-26,CFA-PyRenew_HE,9.39307420349128e-6,2.7236680637945004e-5,3.698841856804797e-5,5.565194870240273e-5,8.031539383276647e-5,1.0065302015798604e-4,1.3021319457695343e-4,9.4e-6,2.7e-5,3.7e-5,5.6e-5,8e-5,1e-4,1.3e-4,FALSE,FALSE,Center for Forecasting and Outbreak Analytics (CDC/CFA),2026-09-23,PyRenew-HE
Ohio,OH,1,wk inc rsv prop ed visits,prop_ed,2026-09-26,2026-10-03,CFA-PyRenew_HE,9.152688818971452e-6,1.8902449490382523e-5,3.6686656889618344e-5,5.6088545764505944e-5,8.293824825541285e-5,1.0957909369912336e-4,1.5388244860534923e-4,9.2e-6,1.9e-5,3.7e-5,5.6e-5,8.3e-5,1.1e-4,1.5e-4,FALSE,FALSE,Center for Forecasting and Outbreak Analytics (CDC/CFA),2026-09-23,PyRenew-HE
Ohio,OH,2,wk inc rsv prop ed visits,prop_ed,2026-09-26,2026-10-10,CFA-PyRenew_HE,8.999168132642664e-6,1.8433066149948804e-5,3.615398335139816e-5,5.5878160762002386e-5,8.888168521400535e-5,1.2475280446333373e-4,1.887851819344657e-4,9e-6,1.8e-5,3.6e-5,5.6e-5,8.9e-5,1.2e-4,1.9e-4,FALSE,FALSE,Center for Forecasting and Outbreak Analytics (CDC/CFA),2026-09-23,PyRenew-HE
Ohio,OH,0,wk inc rsv hosp,hosp,2026-09-26,2026-09-26,NAU-epymorph,0,1,3,5,8,12,19,0,1,3,5,8,10,20,TRUE,FALSE,Northern Arizona University,2026-09-23,epymorph RSV compartmental model
Ohio,OH,1,wk inc rsv hosp,hosp,2026-09-26,2026-10-03,NAU-epymorph,0,1,3,5,9,15,26,0,1,3,5,9,20,30,TRUE,FALSE,Northern Arizona University,2026-09-23,epymorph RSV compartmental model
Ohio,OH,2,wk inc rsv hosp,hosp,2026-09-26,2026-10-10,NAU-epymorph,0,1,3,6,12,21,41,0,1,3,6,10,20,40,TRUE,FALSE,Northern Arizona University,2026-09-23,epymorph RSV compartmental model
Ohio,OH,0,wk inc rsv hosp,hosp,2026-09-26,2026-09-26,RSVHub-baseline,0,0,0,5,10,35.7000000000001,92.44999999999992,0,0,0,5,10,40,90,FALSE,FALSE,RSVHub-hub-models,2026-09-23,RSVHub baseline model
Ohio,OH,1,wk inc rsv hosp,hosp,2026-09-26,2026-10-03,RSVHub-baseline,0,0,0,5,20.175359253592546,60.49231992319925,147.59947499474978,0,0,0,5,20,60,150,FALSE,FALSE,RSVHub-hub-models,2026-09-23,RSVHub baseline model
Ohio,OH,2,wk inc rsv hosp,hosp,2026-09-26,2026-10-10,RSVHub-baseline,0,0,0,5,31,77.38621186211878,180.85233927339243,0,0,0,5,30,80,180,FALSE,FALSE,RSVHub-hub-models,2026-09-23,RSVHub baseline model
Ohio,OH,0,wk inc rsv prop ed visits,prop_ed,2026-09-26,2026-09-26,RSVHub-baseline,0,0,0,1e-4,2e-4,6.700000000000007e-4,0.0018674999999999955,0,0,0,1e-4,2e-4,6.7e-4,0.0019,FALSE,FALSE,RSVHub-hub-models,2026-09-23,RSVHub baseline model
Ohio,OH,1,wk inc rsv prop ed visits,prop_ed,2026-09-26,2026-10-03,RSVHub-baseline,0,0,0,1e-4,5e-4,0.0011999999999999997,0.0025000106001059996,0,0,0,1e-4,5e-4,0.0012,0.0025,FALSE,FALSE,RSVHub-hub-models,2026-09-23,RSVHub baseline model
Ohio,OH,2,wk inc rsv prop ed visits,prop_ed,2026-09-26,2026-10-10,RSVHub-baseline,0,0,0,1e-4,6.045675456754601e-4,0.0015813743137431397,0.0028107288322883157,0,0,0,1e-4,6e-4,0.0016,0.0028,FALSE,FALSE,RSVHub-hub-models,2026-09-23,RSVHub baseline model
Ohio,OH,0,wk inc rsv hosp,hosp,2026-09-26,2026-09-26,RSVHub-ensemble,1,2,4,5,8,12,18,1,2,4,5,8,10,20,FALSE,TRUE,RSVHub,2026-09-23,Ensemble using RSVHub forecast submissions
Ohio,OH,1,wk inc rsv hosp,hosp,2026-09-26,2026-10-03,RSVHub-ensemble,1,2,3,5,9,15,22,1,2,3,5,9,20,20,FALSE,TRUE,RSVHub,2026-09-23,Ensemble using RSVHub forecast submissions
Ohio,OH,2,wk inc rsv hosp,hosp,2026-09-26,2026-10-10,RSVHub-ensemble,1,2,3,6,12,19,26,1,2,3,6,10,20,30,FALSE,TRUE,RSVHub,2026-09-23,Ensemble using RSVHub forecast submissions
Ohio,OH,0,wk inc rsv prop ed visits,prop_ed,2026-09-26,2026-09-26,RSVHub-ensemble,2.8612148778899682e-5,3.832757860431647e-5,5.288864650194197e-5,7.011901594332917e-5,9.324840300324e-5,1.1966883874870332e-4,1.522064293779901e-4,2.9e-5,3.8e-5,5.3e-5,7e-5,9.3e-5,1.2e-4,1.5e-4,FALSE,TRUE,RSVHub,2026-09-23,Ensemble using RSVHub forecast submissions
Ohio,OH,1,wk inc rsv prop ed visits,prop_ed,2026-09-26,2026-10-03,RSVHub-ensemble,2.3627479954323012e-5,3.932879702298906e-5,5.544271999245662e-5,7.880658734153462e-5,1.0692190112991394e-4,1.4459831759618694e-4,1.9369732352106877e-4,2.4e-5,3.9e-5,5.5e-5,7.9e-5,1.1e-4,1.4e-4,1.9e-4,FALSE,TRUE,RSVHub,2026-09-23,Ensemble using RSVHub forecast submissions
Ohio,OH,2,wk inc rsv prop ed visits,prop_ed,2026-09-26,2026-10-10,RSVHub-ensemble,2.4448354493498128e-5,3.698803056030518e-5,5.5327031470566774e-5,8.597943071967396e-5,1.242635261528364e-4,1.7450189290872895e-4,2.684513750834929e-4,2.4e-5,3.7e-5,5.5e-5,8.6e-5,1.2e-4,1.7e-4,2.7e-4,FALSE,TRUE,RSVHub,2026-09-23,Ensemble using RSVHub forecast submissions
Oklahoma,OK,0,wk inc rsv hosp,hosp,2026-09-26,2026-09-26,CEPH-Rtrend_rsv,1,2,2,3,4,5,6,1,2,2,3,4,5,6,TRUE,FALSE,CEPH Lab at Indiana University,2026-09-23,Rtrend RSV
Oklahoma,OK,1,wk inc rsv hosp,hosp,2026-09-26,2026-10-03,CEPH-Rtrend_rsv,1,1,2,3,4,6,7,1,1,2,3,4,6,7,TRUE,FALSE,CEPH Lab at Indiana University,2026-09-23,Rtrend RSV
Oklahoma,OK,2,wk inc rsv hosp,hosp,2026-09-26,2026-10-10,CEPH-Rtrend_rsv,0,1,2,3,4,6,9,0,1,2,3,4,6,9,TRUE,FALSE,CEPH Lab at Indiana University,2026-09-23,Rtrend RSV
Oklahoma,OK,0,wk inc rsv prop ed visits,prop_ed,2026-09-26,2026-09-26,CFA-PyRenew_E,0,0,6.972373862753454e-5,1.3914089809112238e-4,2.1448054771471017e-4,3.534316475133804e-4,5.751540430276535e-4,0,0,7e-5,1.4e-4,2.1e-4,3.5e-4,5.8e-4,TRUE,FALSE,Center for Forecasting and Outbreak Analytics (CDC/CFA),2026-09-23,PyRenew-E
Oklahoma,OK,1,wk inc rsv prop ed visits,prop_ed,2026-09-26,2026-10-03,CFA-PyRenew_E,0,0,6.92035345635149e-5,1.3982935971943946e-4,2.2048832823600887e-4,4.356344717562748e-4,8.640727004310102e-4,0,0,6.9e-5,1.4e-4,2.2e-4,4.4e-4,8.6e-4,TRUE,FALSE,Center for Forecasting and Outbreak Analytics (CDC/CFA),2026-09-23,PyRenew-E
Oklahoma,OK,2,wk inc rsv prop ed visits,prop_ed,2026-09-26,2026-10-10,CFA-PyRenew_E,0,0,6.86344287898e-5,1.4001770423257523e-4,2.85251380620303e-4,5.739370625455967e-4,0.00142219804191667,0,0,6.9e-5,1.4e-4,2.9e-4,5.7e-4,0.0014,TRUE,FALSE,Center for Forecasting and Outbreak Analytics (CDC/CFA),2026-09-23,PyRenew-E
Oklahoma,OK,0,wk inc rsv prop ed visits,prop_ed,2026-09-26,2026-09-26,CFA-NowcastAutoGP,6.58539845540406e-6,2.9826393017802488e-05,6.0297805743021026e-5,1.1411049744159825e-4,1.8780598571514819e-4,3.0562352183848907e-4,4.8408853937129614e-4,6.6e-6,3e-5,6e-5,1.1e-4,1.9e-4,3.1e-4,4.8e-4,TRUE,FALSE,Center for Forecasting and Outbreak Analytics (CDC/CFA),2026-09-23,NowcastAutoGP
Oklahoma,OK,1,wk inc rsv prop ed visits,prop_ed,2026-09-26,2026-10-03,CFA-NowcastAutoGP,7.5235372985960745e-6,2.855119813468781e-5,6.288793078277274e-5,1.2177799054738328e-4,2.107511877874783e-4,3.316205133385336e-4,5.608209260557382e-4,7.5e-6,2.9e-5,6.3e-5,1.2e-4,2.1e-4,3.3e-4,5.6e-4,TRUE,FALSE,Center for Forecasting and Outbreak Analytics (CDC/CFA),2026-09-23,NowcastAutoGP
Oklahoma,OK,2,wk inc rsv prop ed visits,prop_ed,2026-09-26,2026-10-10,CFA-NowcastAutoGP,4.4073438273733975e-6,3.1479526704084774e-5,7.349264629730068e-5,1.362679111042782e-4,2.3297146412991655e-4,3.839155578262643e-4,6.595298897099533e-4,4.4e-6,3.1e-5,7.3e-5,1.4e-4,2.3e-4,3.8e-4,6.6e-4,TRUE,FALSE,Center for Forecasting and Outbreak Analytics (CDC/CFA),2026-09-23,NowcastAutoGP
Oklahoma,OK,0,wk inc rsv hosp,hosp,2026-09-26,2026-09-26,CFA-PyRenew_H,0,0,0,0,1,2,3,0,0,0,0,1,2,3,FALSE,FALSE,Center for Forecasting and Outbreak Analytics (CDC/CFA),2026-09-23,PyRenew-H
Oklahoma,OK,1,wk inc rsv hosp,hosp,2026-09-26,2026-10-03,CFA-PyRenew_H,0,0,0,0,1,2,4,0,0,0,0,1,2,4,FALSE,FALSE,Center for Forecasting and Outbreak Analytics (CDC/CFA),2026-09-23,PyRenew-H
Oklahoma,OK,2,wk inc rsv hosp,hosp,2026-09-26,2026-10-10,CFA-PyRenew_H,0,0,0,0,1,2,4,0,0,0,0,1,2,4,FALSE,FALSE,Center for Forecasting and Outbreak Analytics (CDC/CFA),2026-09-23,PyRenew-H
Oklahoma,OK,0,wk inc rsv hosp,hosp,2026-09-26,2026-09-26,CFA-PyRenew_HE,0,0,0,1,1,3,4,0,0,0,1,1,3,4,TRUE,FALSE,Center for Forecasting and Outbreak Analytics (CDC/CFA),2026-09-23,PyRenew-HE
Oklahoma,OK,1,wk inc rsv hosp,hosp,2026-09-26,2026-10-03,CFA-PyRenew_HE,0,0,0,1,1,3,6,0,0,0,1,1,3,6,TRUE,FALSE,Center for Forecasting and Outbreak Analytics (CDC/CFA),2026-09-23,PyRenew-HE
Oklahoma,OK,2,wk inc rsv hosp,hosp,2026-09-26,2026-10-10,CFA-PyRenew_HE,0,0,0,1,2,3,9,0,0,0,1,2,3,9,TRUE,FALSE,Center for Forecasting and Outbreak Analytics (CDC/CFA),2026-09-23,PyRenew-HE
Oklahoma,OK,0,wk inc rsv prop ed visits,prop_ed,2026-09-26,2026-09-26,CFA-PyRenew_HE,0,0,0,7.089196578192921e-5,1.4164207538688338e-4,2.164278162687733e-4,4.17583939769714e-4,0,0,0,7.1e-5,1.4e-4,2.2e-4,4.2e-4,FALSE,FALSE,Center for Forecasting and Outbreak Analytics (CDC/CFA),2026-09-23,PyRenew-HE
Oklahoma,OK,1,wk inc rsv prop ed visits,prop_ed,2026-09-26,2026-10-03,CFA-PyRenew_HE,0,0,0,7.068333279681434e-5,1.429683570195978e-4,2.8001081979918066e-4,5.540537871426169e-4,0,0,0,7.1e-5,1.4e-4,2.8e-4,5.5e-4,FALSE,FALSE,Center for Forecasting and Outbreak Analytics (CDC/CFA),2026-09-23,PyRenew-HE
Oklahoma,OK,2,wk inc rsv prop ed visits,prop_ed,2026-09-26,2026-10-10,CFA-PyRenew_HE,0,0,0,7.071623965101441e-5,1.4354426201455811e-4,3.027097741410503e-4,7.98251067546509e-4,0,0,0,7.1e-5,1.4e-4,3e-4,8e-4,FALSE,FALSE,Center for Forecasting and Outbreak Analytics (CDC/CFA),2026-09-23,PyRenew-HE
Oklahoma,OK,0,wk inc rsv hosp,hosp,2026-09-26,2026-09-26,NAU-epymorph,0,0,1,1,3,4,6,0,0,1,1,3,4,6,TRUE,FALSE,Northern Arizona University,2026-09-23,epymorph RSV compartmental model
Oklahoma,OK,1,wk inc rsv hosp,hosp,2026-09-26,2026-10-03,NAU-epymorph,0,0,1,2,3,6,10,0,0,1,2,3,6,10,TRUE,FALSE,Northern Arizona University,2026-09-23,epymorph RSV compartmental model
Oklahoma,OK,2,wk inc rsv hosp,hosp,2026-09-26,2026-10-10,NAU-epymorph,0,0,1,2,4,8,21,0,0,1,2,4,8,20,TRUE,FALSE,Northern Arizona University,2026-09-23,epymorph RSV compartmental model
Oklahoma,OK,0,wk inc rsv hosp,hosp,2026-09-26,2026-09-26,RSVHub-baseline,0,0,0,2,4,13,30,0,0,0,2,4,10,30,FALSE,FALSE,RSVHub-hub-models,2026-09-23,RSVHub baseline model
Oklahoma,OK,1,wk inc rsv hosp,hosp,2026-09-26,2026-10-03,RSVHub-baseline,0,0,0,2,9,21.009303093030965,39.07827153271536,0,0,0,2,9,20,40,FALSE,FALSE,RSVHub-hub-models,2026-09-23,RSVHub baseline model
Oklahoma,OK,2,wk inc rsv hosp,hosp,2026-09-26,2026-10-10,RSVHub-baseline,0,0,0,2,12.093053430534322,26,44.46996219962197,0,0,0,2,10,30,40,FALSE,FALSE,RSVHub-hub-models,2026-09-23,RSVHub baseline model
Oklahoma,OK,0,wk inc rsv prop ed visits,prop_ed,2026-09-26,2026-09-26,RSVHub-baseline,0,0,0,2e-4,5e-4,0.0014,0.0027674999999999935,0,0,0,2e-4,5e-4,0.0014,0.0028,FALSE,FALSE,RSVHub-hub-models,2026-09-23,RSVHub baseline model
Oklahoma,OK,1,wk inc rsv prop ed visits,prop_ed,2026-09-26,2026-10-03,RSVHub-baseline,0,0,0,2e-4,8.000000000000001e-4,0.002003380133801338,0.003804926374263754,0,0,0,2e-4,8e-4,0.002,0.0038,FALSE,FALSE,RSVHub-hub-models,2026-09-23,RSVHub baseline model
Oklahoma,OK,2,wk inc rsv prop ed visits,prop_ed,2026-09-26,2026-10-10,RSVHub-baseline,0,0,0,2e-4,0.0012000000000000001,0.002500000000000001,0.004369134666346664,0,0,0,2e-4,0.0012,0.0025,0.0044,FALSE,FALSE,RSVHub-hub-models,2026-09-23,RSVHub baseline model
Oklahoma,OK,0,wk inc rsv hosp,hosp,2026-09-26,2026-09-26,RSVHub-ensemble,0,0,1,1,3,4,6,0,0,1,1,3,4,6,FALSE,TRUE,RSVHub,2026-09-23,Ensemble using RSVHub forecast submissions
Oklahoma,OK,1,wk inc rsv hosp,hosp,2026-09-26,2026-10-03,RSVHub-ensemble,0,0,1,2,3,6,7,0,0,1,2,3,6,7,FALSE,TRUE,RSVHub,2026-09-23,Ensemble using RSVHub forecast submissions
Oklahoma,OK,2,wk inc rsv hosp,hosp,2026-09-26,2026-10-10,RSVHub-ensemble,0,0,1,2,4,6,9,0,0,1,2,4,6,9,FALSE,TRUE,RSVHub,2026-09-23,Ensemble using RSVHub forecast submissions
Oklahoma,OK,0,wk inc rsv prop ed visits,prop_ed,2026-09-26,2026-09-26,RSVHub-ensemble,3.29269922770203e-6,1.4913196508901244e-5,6.501077218527779e-5,1.2662569776636032e-4,2.0114326671492918e-4,3.2952758467593476e-4,5.296212911994748e-4,3.3e-6,1.5e-5,6.5e-5,1.3e-4,2e-4,3.3e-4,5.3e-4,FALSE,TRUE,RSVHub,2026-09-23,Ensemble using RSVHub forecast submissions
Oklahoma,OK,1,wk inc rsv prop ed visits,prop_ed,2026-09-26,2026-10-03,RSVHub-ensemble,3.7617686492980372e-6,1.4275599067343905e-5,6.604573267314382e-5,1.3080367513341136e-4,2.1561975801174358e-4,3.836274925474042e-4,7.124468132433742e-4,3.8e-6,1.4e-5,6.6e-5,1.3e-4,2.2e-4,3.8e-4,7.1e-4,FALSE,TRUE,RSVHub,2026-09-23,Ensemble using RSVHub forecast submissions
Oklahoma,OK,2,wk inc rsv prop ed visits,prop_ed,2026-09-26,2026-10-10,RSVHub-ensemble,2.2036719136866988e-6,1.5739763352042387e-5,7.106353754355034e-5,1.3814280766842672e-4,2.591114223751098e-4,4.789263101859305e-4,0.0010408639658133116,2.2e-6,1.6e-5,7.1e-5,1.4e-4,2.6e-4,4.8e-4,0.001,FALSE,TRUE,RSVHub,2026-09-23,Ensemble using RSVHub forecast submissions
Oregon,OR,0,wk inc rsv hosp,hosp,2026-09-26,2026-09-26,CEPH-Rtrend_rsv,1,2,2,3,4,5,6,1,2,2,3,4,5,6,TRUE,FALSE,CEPH Lab at Indiana University,2026-09-23,Rtrend RSV
Oregon,OR,1,wk inc rsv hosp,hosp,2026-09-26,2026-10-03,CEPH-Rtrend_rsv,1,1,2,3,4,6,8,1,1,2,3,4,6,8,TRUE,FALSE,CEPH Lab at Indiana University,2026-09-23,Rtrend RSV
Oregon,OR,2,wk inc rsv hosp,hosp,2026-09-26,2026-10-10,CEPH-Rtrend_rsv,1,1,2,3,5,6,11,1,1,2,3,5,6,10,TRUE,FALSE,CEPH Lab at Indiana University,2026-09-23,Rtrend RSV
Oregon,OR,0,wk inc rsv prop ed visits,prop_ed,2026-09-26,2026-09-26,CFA-PyRenew_E,0,2.789219639218368e-5,5.655179083680976e-5,1.1124757464931086e-4,1.68578728479603e-4,2.4592369812542243e-4,3.366829829131946e-4,0,2.8e-5,5.7e-5,1.1e-4,1.7e-4,2.5e-4,3.4e-4,TRUE,FALSE,Center for Forecasting and Outbreak Analytics (CDC/CFA),2026-09-23,PyRenew-E
Oregon,OR,1,wk inc rsv prop ed visits,prop_ed,2026-09-26,2026-10-03,CFA-PyRenew_E,0,2.798080020929968e-5,5.659204013606609e-5,1.140915730469367e-4,2.1866437386838529e-4,3.2916963340209296e-4,5.406473841444202e-4,0,2.8e-5,5.7e-5,1.1e-4,2.2e-4,3.3e-4,5.4e-4,TRUE,FALSE,Center for Forecasting and Outbreak Analytics (CDC/CFA),2026-09-23,PyRenew-E
Oregon,OR,2,wk inc rsv prop ed visits,prop_ed,2026-09-26,2026-10-10,CFA-PyRenew_E,0,2.7779504961291815e-5,5.656671979241113e-5,1.3836432323006438e-4,2.726995873809407e-4,4.7387187432546663e-4,9.357958483790684e-4,0,2.8e-5,5.7e-5,1.4e-4,2.7e-4,4.7e-4,9.4e-4,TRUE,FALSE,Center for Forecasting and Outbreak Analytics (CDC/CFA),2026-09-23,PyRenew-E
Oregon,OR,0,wk inc rsv prop ed visits,prop_ed,2026-09-26,2026-09-26,CFA-NowcastAutoGP,1.7272651752663022e-5,3.263356174338934e-5,5.279463847754748e-5,8.503092038302406e-5,1.318734464405428e-4,1.8950460779723605e-4,2.8534436110225144e-4,1.7e-5,3.3e-5,5.3e-5,8.5e-5,1.3e-4,1.9e-4,2.9e-4,TRUE,FALSE,Center for Forecasting and Outbreak Analytics (CDC/CFA),2026-09-23,NowcastAutoGP
Oregon,OR,1,wk inc rsv prop ed visits,prop_ed,2026-09-26,2026-10-03,CFA-NowcastAutoGP,2.1946078857836256e-5,3.7292839803308906e-5,5.7623215545012354e-5,9.28013211480204e-5,1.492715289694697e-4,2.2110375056080676e-4,3.4194030430962345e-4,2.2e-5,3.7e-5,5.8e-5,9.3e-5,1.5e-4,2.2e-4,3.4e-4,TRUE,FALSE,Center for Forecasting and Outbreak Analytics (CDC/CFA),2026-09-23,NowcastAutoGP
Oregon,OR,2,wk inc rsv prop ed visits,prop_ed,2026-09-26,2026-10-10,CFA-NowcastAutoGP,2.2819404322494027e-5,4.117333832230147e-5,6.584207726250864e-5,1.0432495994282895e-4,1.6278780050229592e-4,2.5509524192029494e-4,3.8968749189910803e-4,2.3e-5,4.1e-5,6.6e-5,1e-4,1.6e-4,2.6e-4,3.9e-4,TRUE,FALSE,Center for Forecasting and Outbreak Analytics (CDC/CFA),2026-09-23,NowcastAutoGP
Oregon,OR,0,wk inc rsv hosp,hosp,2026-09-26,2026-09-26,CFA-PyRenew_H,0,0,0,0,1,1,3,0,0,0,0,1,1,3,FALSE,FALSE,Center for Forecasting and Outbreak Analytics (CDC/CFA),2026-09-23,PyRenew-H
Oregon,OR,1,wk inc rsv hosp,hosp,2026-09-26,2026-10-03,CFA-PyRenew_H,0,0,0,0,1,2,4,0,0,0,0,1,2,4,FALSE,FALSE,Center for Forecasting and Outbreak Analytics (CDC/CFA),2026-09-23,PyRenew-H
Oregon,OR,2,wk inc rsv hosp,hosp,2026-09-26,2026-10-10,CFA-PyRenew_H,0,0,0,0,1,2,5,0,0,0,0,1,2,5,FALSE,FALSE,Center for Forecasting and Outbreak Analytics (CDC/CFA),2026-09-23,PyRenew-H
Oregon,OR,0,wk inc rsv hosp,hosp,2026-09-26,2026-09-26,CFA-PyRenew_HE,0,0,0,1,2,3,5,0,0,0,1,2,3,5,TRUE,FALSE,Center for Forecasting and Outbreak Analytics (CDC/CFA),2026-09-23,PyRenew-HE
Oregon,OR,1,wk inc rsv hosp,hosp,2026-09-26,2026-10-03,CFA-PyRenew_HE,0,0,0,1,2,4,7,0,0,0,1,2,4,7,TRUE,FALSE,Center for Forecasting and Outbreak Analytics (CDC/CFA),2026-09-23,PyRenew-HE
Oregon,OR,2,wk inc rsv hosp,hosp,2026-09-26,2026-10-10,CFA-PyRenew_HE,0,0,0,1,3,5,10,0,0,0,1,3,5,10,TRUE,FALSE,Center for Forecasting and Outbreak Analytics (CDC/CFA),2026-09-23,PyRenew-HE
Oregon,OR,0,wk inc rsv prop ed visits,prop_ed,2026-09-26,2026-09-26,CFA-PyRenew_HE,0,2.7710600329763596e-5,5.5751896677558744e-5,8.56434344817131e-5,1.4314143940044762e-4,2.201651251965063e-4,3.0525186059904557e-4,0,2.8e-5,5.6e-5,8.6e-5,1.4e-4,2.2e-4,3.1e-4,FALSE,FALSE,Center for Forecasting and Outbreak Analytics (CDC/CFA),2026-09-23,PyRenew-HE
Oregon,OR,1,wk inc rsv prop ed visits,prop_ed,2026-09-26,2026-10-03,CFA-PyRenew_HE,0,2.7831258087799855e-5,5.608702118457624e-5,1.1158401313421474e-4,1.9250989212177787e-4,2.8401647471621935e-4,4.4960367030753905e-4,0,2.8e-5,5.6e-5,1.1e-4,1.9e-4,2.8e-4,4.5e-4,FALSE,FALSE,Center for Forecasting and Outbreak Analytics (CDC/CFA),2026-09-23,PyRenew-HE
Oregon,OR,2,wk inc rsv prop ed visits,prop_ed,2026-09-26,2026-10-10,CFA-PyRenew_HE,0,2.7625902246166844e-5,5.6279092849615306e-5,1.362577867880108e-4,2.459917202253653e-4,3.9450783974879426e-4,7.390790228933927e-4,0,2.8e-5,5.6e-5,1.4e-4,2.5e-4,3.9e-4,7.4e-4,FALSE,FALSE,Center for Forecasting and Outbreak Analytics (CDC/CFA),2026-09-23,PyRenew-HE
Oregon,OR,0,wk inc rsv hosp,hosp,2026-09-26,2026-09-26,NAU-epymorph,0,0,0,1,2,4,6,0,0,0,1,2,4,6,TRUE,FALSE,Northern Arizona University,2026-09-23,epymorph RSV compartmental model
Oregon,OR,1,wk inc rsv hosp,hosp,2026-09-26,2026-10-03,NAU-epymorph,0,0,0,1,3,5,12,0,0,0,1,3,5,10,TRUE,FALSE,Northern Arizona University,2026-09-23,epymorph RSV compartmental model
Oregon,OR,2,wk inc rsv hosp,hosp,2026-09-26,2026-10-10,NAU-epymorph,0,0,0,1,4,9,24,0,0,0,1,4,9,20,TRUE,FALSE,Northern Arizona University,2026-09-23,epymorph RSV compartmental model
Oregon,OR,0,wk inc rsv hosp,hosp,2026-09-26,2026-09-26,RSVHub-baseline,0,0,0,1,3,10.100000000000025,36.52499999999999,0,0,0,1,3,10,40,FALSE,FALSE,RSVHub-hub-models,2026-09-23,RSVHub baseline model
Oregon,OR,1,wk inc rsv hosp,hosp,2026-09-26,2026-10-03,RSVHub-baseline,0,0,0,1,6.532310323103246,20.282737827378273,48,0,0,0,1,7,20,50,FALSE,FALSE,RSVHub-hub-models,2026-09-23,RSVHub baseline model
Oregon,OR,2,wk inc rsv hosp,hosp,2026-09-26,2026-10-10,RSVHub-baseline,0,0,0,1,9.111203612036135,28.288730887309065,52.59878098780964,0,0,0,1,9,30,50,FALSE,FALSE,RSVHub-hub-models,2026-09-23,RSVHub baseline model
Oregon,OR,0,wk inc rsv prop ed visits,prop_ed,2026-09-26,2026-09-26,RSVHub-baseline,0,0,2.710505431213761e-20,2e-4,3.9999999999999996e-4,0.0011,0.0026674999999999945,0,0,2.7e-20,2e-4,4e-4,0.0011,0.0027,FALSE,FALSE,RSVHub-hub-models,2026-09-23,RSVHub baseline model
Oregon,OR,1,wk inc rsv prop ed visits,prop_ed,2026-09-26,2026-10-03,RSVHub-baseline,0,0,0,2e-4,7.876663766637675e-4,0.0017000000000000012,0.0032274715997159943,0,0,0,2e-4,7.9e-4,0.0017,0.0032,FALSE,FALSE,RSVHub-hub-models,2026-09-23,RSVHub baseline model
Oregon,OR,2,wk inc rsv prop ed visits,prop_ed,2026-09-26,2026-10-10,RSVHub-baseline,0,0,0,2e-4,9.999999999999996e-4,0.0022214385143851404,0.0036824140991409946,0,0,0,2e-4,0.001,0.0022,0.0037,FALSE,FALSE,RSVHub-hub-models,2026-09-23,RSVHub baseline model
Oregon,OR,0,wk inc rsv hosp,hosp,2026-09-26,2026-09-26,RSVHub-ensemble,0,0,0,1,2,4,6,0,0,0,1,2,4,6,FALSE,TRUE,RSVHub,2026-09-23,Ensemble using RSVHub forecast submissions
Oregon,OR,1,wk inc rsv hosp,hosp,2026-09-26,2026-10-03,RSVHub-ensemble,0,0,0,1,3,5,8,0,0,0,1,3,5,8,FALSE,TRUE,RSVHub,2026-09-23,Ensemble using RSVHub forecast submissions
Oregon,OR,2,wk inc rsv hosp,hosp,2026-09-26,2026-10-10,RSVHub-ensemble,0,0,0,1,4,6,11,0,0,0,1,4,6,10,FALSE,TRUE,RSVHub,2026-09-23,Ensemble using RSVHub forecast submissions
Oregon,OR,0,wk inc rsv prop ed visits,prop_ed,2026-09-26,2026-09-26,RSVHub-ensemble,8.636325876331511e-6,3.026287906778651e-5,5.4673214657178625e-5,9.813924751616746e-5,1.5022608746007292e-4,2.1771415296132924e-4,3.11013672007723e-4,8.6e-6,3e-5,5.5e-5,9.8e-5,1.5e-4,2.2e-4,3.1e-4,FALSE,TRUE,RSVHub,2026-09-23,Ensemble using RSVHub forecast submissions
Oregon,OR,1,wk inc rsv prop ed visits,prop_ed,2026-09-26,2026-10-03,RSVHub-ensemble,1.0973039428918128e-5,3.263682000630429e-5,5.710762784053922e-5,1.0344644709747855e-4,1.839679514189275e-4,2.7513669198144983e-4,4.412938442270218e-4,1.1e-5,3.3e-5,5.7e-5,1e-4,1.8e-4,2.8e-4,4.4e-4,FALSE,TRUE,RSVHub,2026-09-23,Ensemble using RSVHub forecast submissions
Oregon,OR,2,wk inc rsv prop ed visits,prop_ed,2026-09-26,2026-10-10,RSVHub-ensemble,1.1409702161247013e-5,3.4476421641796645e-5,6.120439852745989e-5,1.2134464158644666e-4,2.177436939416183e-4,3.644835581228808e-4,6.627416701390882e-4,1.1e-5,3.4e-5,6.1e-5,1.2e-4,2.2e-4,3.6e-4,6.6e-4,FALSE,TRUE,RSVHub,2026-09-23,Ensemble using RSVHub forecast submissions
Pennsylvania,PA,0,wk inc rsv hosp,hosp,2026-09-26,2026-09-26,CEPH-Rtrend_rsv,22,27,32,40,48,57,67,20,30,30,40,50,60,70,TRUE,FALSE,CEPH Lab at Indiana University,2026-09-23,Rtrend RSV
Pennsylvania,PA,1,wk inc rsv hosp,hosp,2026-09-26,2026-10-03,CEPH-Rtrend_rsv,17,22,28,38,49,63,79,20,20,30,40,50,60,80,TRUE,FALSE,CEPH Lab at Indiana University,2026-09-23,Rtrend RSV
Pennsylvania,PA,2,wk inc rsv hosp,hosp,2026-09-26,2026-10-10,CEPH-Rtrend_rsv,13,18,24,36,51,71,97,10,20,20,40,50,70,100,TRUE,FALSE,CEPH Lab at Indiana University,2026-09-23,Rtrend RSV
Pennsylvania,PA,0,wk inc rsv prop ed visits,prop_ed,2026-09-26,2026-09-26,CFA-PyRenew_E,1.7507933334710025e-5,2.7389094981442936e-5,4.463914116215462e-5,7.030188078076808e-5,9.567965575915277e-5,1.225519503751447e-4,1.6172579529333766e-4,1.8e-5,2.7e-5,4.5e-5,7e-5,9.6e-5,1.2e-4,1.6e-4,TRUE,FALSE,Center for Forecasting and Outbreak Analytics (CDC/CFA),2026-09-23,PyRenew-E
Pennsylvania,PA,1,wk inc rsv prop ed visits,prop_ed,2026-09-26,2026-10-03,CFA-PyRenew_E,9.062667546041072e-6,2.6877073132932175e-5,4.515699621596314e-5,7.282250368460948e-5,1.1401696266357331e-4,1.5891722805599028e-4,2.2149651839474825e-4,9.1e-6,2.7e-5,4.5e-5,7.3e-5,1.1e-4,1.6e-4,2.2e-4,TRUE,FALSE,Center for Forecasting and Outbreak Analytics (CDC/CFA),2026-09-23,PyRenew-E
Pennsylvania,PA,2,wk inc rsv prop ed visits,prop_ed,2026-09-26,2026-10-10,CFA-PyRenew_E,8.937117101735502e-6,2.658177674117193e-5,4.513677006842262e-5,8.01924554811653e-5,1.3203170912911015e-4,2.014491362281616e-4,3.245834370483939e-4,8.9e-6,2.7e-5,4.5e-5,8e-5,1.3e-4,2e-4,3.2e-4,TRUE,FALSE,Center for Forecasting and Outbreak Analytics (CDC/CFA),2026-09-23,PyRenew-E
Pennsylvania,PA,0,wk inc rsv prop ed visits,prop_ed,2026-09-26,2026-09-26,CFA-NowcastAutoGP,4.663161394449871e-5,5.791530181480146e-5,7.128549518198762e-5,8.886515389639794e-5,1.1084453334603163e-4,1.3662323694854132e-4,1.6985720231635977e-4,4.7e-5,5.8e-5,7.1e-5,8.9e-5,1.1e-4,1.4e-4,1.7e-4,TRUE,FALSE,Center for Forecasting and Outbreak Analytics (CDC/CFA),2026-09-23,NowcastAutoGP
Pennsylvania,PA,1,wk inc rsv prop ed visits,prop_ed,2026-09-26,2026-10-03,CFA-NowcastAutoGP,5.09367003224467e-5,6.548428669612749e-5,8.204946135773508e-5,1.0447395687466327e-4,1.336511096527556e-4,1.6681286953420778e-4,2.1283884248268623e-4,5.1e-5,6.5e-5,8.2e-5,1e-4,1.3e-4,1.7e-4,2.1e-4,TRUE,FALSE,Center for Forecasting and Outbreak Analytics (CDC/CFA),2026-09-23,NowcastAutoGP
Pennsylvania,PA,2,wk inc rsv prop ed visits,prop_ed,2026-09-26,2026-10-10,CFA-NowcastAutoGP,5.375658871779532e-5,7.422382938480183e-5,9.286487042460759e-5,1.2137244066630045e-4,1.5826183932748312e-4,2.0333990653976657e-4,2.614539996205228e-4,5.4e-5,7.4e-5,9.3e-5,1.2e-4,1.6e-4,2e-4,2.6e-4,TRUE,FALSE,Center for Forecasting and Outbreak Analytics (CDC/CFA),2026-09-23,NowcastAutoGP
Pennsylvania,PA,0,wk inc rsv hosp,hosp,2026-09-26,2026-09-26,CFA-PyRenew_H,20,25,29,36,43,51,62,20,30,30,40,40,50,60,FALSE,FALSE,Center for Forecasting and Outbreak Analytics (CDC/CFA),2026-09-23,PyRenew-H
Pennsylvania,PA,1,wk inc rsv hosp,hosp,2026-09-26,2026-10-03,CFA-PyRenew_H,14,19,25,32,41,52,69,10,20,30,30,40,50,70,FALSE,FALSE,Center for Forecasting and Outbreak Analytics (CDC/CFA),2026-09-23,PyRenew-H
Pennsylvania,PA,2,wk inc rsv hosp,hosp,2026-09-26,2026-10-10,CFA-PyRenew_H,9,15,21,29,41,56.100000000000136,86,9,20,20,30,40,60,90,FALSE,FALSE,Center for Forecasting and Outbreak Analytics (CDC/CFA),2026-09-23,PyRenew-H
Pennsylvania,PA,0,wk inc rsv hosp,hosp,2026-09-26,2026-09-26,CFA-PyRenew_HE,7,14,21,32,47,68,97.02499999999986,7,10,20,30,50,70,100,TRUE,FALSE,Center for Forecasting and Outbreak Analytics (CDC/CFA),2026-09-23,PyRenew-HE
Pennsylvania,PA,1,wk inc rsv hosp,hosp,2026-09-26,2026-10-03,CFA-PyRenew_HE,7,13,20,32,50,74,114.02499999999986,7,10,20,30,50,70,110,TRUE,FALSE,Center for Forecasting and Outbreak Analytics (CDC/CFA),2026-09-23,PyRenew-HE
Pennsylvania,PA,2,wk inc rsv hosp,hosp,2026-09-26,2026-10-10,CFA-PyRenew_HE,6,12,20,33,53,84,148.02499999999986,6,10,20,30,50,80,150,TRUE,FALSE,Center for Forecasting and Outbreak Analytics (CDC/CFA),2026-09-23,PyRenew-HE
Pennsylvania,PA,0,wk inc rsv prop ed visits,prop_ed,2026-09-26,2026-09-26,CFA-PyRenew_HE,1.797562360367968e-5,3.54809810171702e-5,5.309033663933542e-5,7.14577369363513e-5,9.805712742659808e-5,1.2668293150092287e-4,1.5950830949283315e-4,1.8e-5,3.5e-5,5.3e-5,7.1e-5,9.8e-5,1.3e-4,1.6e-4,FALSE,FALSE,Center for Forecasting and Outbreak Analytics (CDC/CFA),2026-09-23,PyRenew-HE
Pennsylvania,PA,1,wk inc rsv prop ed visits,prop_ed,2026-09-26,2026-10-03,CFA-PyRenew_HE,1.7786587088867737e-5,3.503758268506114e-5,5.2640021983863823e-5,7.891565266529693e-5,1.0752052859098287e-4,1.432010279052347e-4,1.9660142204287027e-4,1.8e-5,3.5e-5,5.3e-5,7.9e-5,1.1e-4,1.4e-4,2e-4,FALSE,FALSE,Center for Forecasting and Outbreak Analytics (CDC/CFA),2026-09-23,PyRenew-HE
Pennsylvania,PA,2,wk inc rsv prop ed visits,prop_ed,2026-09-26,2026-10-10,CFA-PyRenew_HE,1.749594615164257e-5,2.7113194148941044e-5,4.520955605266559e-5,7.89508322511009e-5,1.2096485685707912e-4,1.7567996552467373e-4,2.6302041943806743e-4,1.7e-5,2.7e-5,4.5e-5,7.9e-5,1.2e-4,1.8e-4,2.6e-4,FALSE,FALSE,Center for Forecasting and Outbreak Analytics (CDC/CFA),2026-09-23,PyRenew-HE
Pennsylvania,PA,0,wk inc rsv hosp,hosp,2026-09-26,2026-09-26,NAU-epymorph,12,21,31,41,55,68,93,10,20,30,40,60,70,90,TRUE,FALSE,Northern Arizona University,2026-09-23,epymorph RSV compartmental model
Pennsylvania,PA,1,wk inc rsv hosp,hosp,2026-09-26,2026-10-03,NAU-epymorph,11,18,27,41,59,82,129,10,20,30,40,60,80,130,TRUE,FALSE,Northern Arizona University,2026-09-23,epymorph RSV compartmental model
Pennsylvania,PA,2,wk inc rsv hosp,hosp,2026-09-26,2026-10-10,NAU-epymorph,9,16,26,41,65,101,192,9,20,30,40,70,100,190,TRUE,FALSE,Northern Arizona University,2026-09-23,epymorph RSV compartmental model
Pennsylvania,PA,0,wk inc rsv hosp,hosp,2026-09-26,2026-09-26,RSVHub-baseline,0,0,26,38,50,99,148.34999999999974,0,0,30,40,50,100,150,FALSE,FALSE,RSVHub-hub-models,2026-09-23,RSVHub baseline model
Pennsylvania,PA,1,wk inc rsv hosp,hosp,2026-09-26,2026-10-03,RSVHub-baseline,0,0,10.207077070770694,38,71.29386043860434,125.1411934119341,236.7712297122968,0,0,10,40,70,130,240,FALSE,FALSE,RSVHub-hub-models,2026-09-23,RSVHub baseline model
Pennsylvania,PA,2,wk inc rsv hosp,hosp,2026-09-26,2026-10-10,RSVHub-baseline,0,0,0,38,88.29477544775446,147.86614766147673,282.48323583235816,0,0,0,40,90,150,280,FALSE,FALSE,RSVHub-hub-models,2026-09-23,RSVHub baseline model
Pennsylvania,PA,0,wk inc rsv prop ed visits,prop_ed,2026-09-26,2026-09-26,RSVHub-baseline,0,0,0,1e-4,2e-4,8e-4,0.002167499999999994,0,0,0,1e-4,2e-4,8e-4,0.0022,FALSE,FALSE,RSVHub-hub-models,2026-09-23,RSVHub baseline model
Pennsylvania,PA,1,wk inc rsv prop ed visits,prop_ed,2026-09-26,2026-10-03,RSVHub-baseline,0,0,0,1e-4,5.228059780597795e-4,0.0013,0.0028349586745867452,0,0,0,1e-4,5.2e-4,0.0013,0.0028,FALSE,FALSE,RSVHub-hub-models,2026-09-23,RSVHub baseline model
Pennsylvania,PA,2,wk inc rsv prop ed visits,prop_ed,2026-09-26,2026-10-10,RSVHub-baseline,0,0,0,1e-4,7.550020500205029e-4,0.001755002050020504,0.0031320871458714625,0,0,0,1e-4,7.6e-4,0.0018,0.0031,FALSE,FALSE,RSVHub-hub-models,2026-09-23,RSVHub baseline model
Pennsylvania,PA,0,wk inc rsv hosp,hosp,2026-09-26,2026-09-26,RSVHub-ensemble,12,21,31,40,48,68,93,10,20,30,40,50,70,90,FALSE,TRUE,RSVHub,2026-09-23,Ensemble using RSVHub forecast submissions
Pennsylvania,PA,1,wk inc rsv hosp,hosp,2026-09-26,2026-10-03,RSVHub-ensemble,11,18,27,38,50,74,114.02499999999986,10,20,30,40,50,70,110,FALSE,TRUE,RSVHub,2026-09-23,Ensemble using RSVHub forecast submissions
Pennsylvania,PA,2,wk inc rsv hosp,hosp,2026-09-26,2026-10-10,RSVHub-ensemble,9,16,24,36,53,84,148.02499999999986,9,20,20,40,50,80,150,FALSE,TRUE,RSVHub,2026-09-23,Ensemble using RSVHub forecast submissions
Pennsylvania,PA,0,wk inc rsv prop ed visits,prop_ed,2026-09-26,2026-09-26,RSVHub-ensemble,3.2069773639604365e-5,4.26521983981222e-5,5.7962318172071126e-5,7.958351733858301e-5,1.032620945525922e-4,1.29587593661843e-4,1.657914988048487e-4,3.2e-5,4.3e-5,5.8e-5,8e-5,1e-4,1.3e-4,1.7e-4,FALSE,TRUE,RSVHub,2026-09-23,Ensemble using RSVHub forecast submissions
Pennsylvania,PA,1,wk inc rsv prop ed visits,prop_ed,2026-09-26,2026-10-03,RSVHub-ensemble,2.9999683934243887e-5,4.618067991452983e-5,6.36032287868491e-5,8.864823027963638e-5,1.2383403615816446e-4,1.6286504879509903e-4,2.1716768043871724e-4,3e-5,4.6e-5,6.4e-5,8.9e-5,1.2e-4,1.6e-4,2.2e-4,FALSE,TRUE,RSVHub,2026-09-23,Ensemble using RSVHub forecast submissions
Pennsylvania,PA,2,wk inc rsv prop ed visits,prop_ed,2026-09-26,2026-10-10,RSVHub-ensemble,3.134685290976541e-5,5.040280306298688e-5,6.90008202465151e-5,1.0078244807373287e-4,1.4514677422829662e-4,2.0239452138396408e-4,2.9301871833445836e-4,3.1e-5,5e-5,6.9e-5,1e-4,1.5e-4,2e-4,2.9e-4,FALSE,TRUE,RSVHub,2026-09-23,Ensemble using RSVHub forecast submissions
Puerto Rico,PR,0,wk inc rsv hosp,hosp,2026-09-26,2026-09-26,CEPH-Rtrend_rsv,1,4,6,9,12,15,19,1,4,6,9,10,20,20,TRUE,FALSE,CEPH Lab at Indiana University,2026-09-23,Rtrend RSV
Puerto Rico,PR,1,wk inc rsv hosp,hosp,2026-09-26,2026-10-03,CEPH-Rtrend_rsv,1,3,5,9,13,17,22,1,3,5,9,10,20,20,TRUE,FALSE,CEPH Lab at Indiana University,2026-09-23,Rtrend RSV
Puerto Rico,PR,2,wk inc rsv hosp,hosp,2026-09-26,2026-10-10,CEPH-Rtrend_rsv,1,3,5,9,14,19,26,1,3,5,9,10,20,30,TRUE,FALSE,CEPH Lab at Indiana University,2026-09-23,Rtrend RSV
Puerto Rico,PR,0,wk inc rsv hosp,hosp,2026-09-26,2026-09-26,NAU-epymorph,0,1,3,6,11,17,26,0,1,3,6,10,20,30,TRUE,FALSE,Northern Arizona University,2026-09-23,epymorph RSV compartmental model
Puerto Rico,PR,1,wk inc rsv hosp,hosp,2026-09-26,2026-10-03,NAU-epymorph,0,1,3,7,13,22,38,0,1,3,7,10,20,40,TRUE,FALSE,Northern Arizona University,2026-09-23,epymorph RSV compartmental model
Puerto Rico,PR,2,wk inc rsv hosp,hosp,2026-09-26,2026-10-10,NAU-epymorph,0,1,3,8,16,31,63,0,1,3,8,20,30,60,TRUE,FALSE,Northern Arizona University,2026-09-23,epymorph RSV compartmental model
Puerto Rico,PR,0,wk inc rsv hosp,hosp,2026-09-26,2026-09-26,RSVHub-baseline,0,0,0,2,5,15.900000000000034,58.149999999999444,0,0,0,2,5,20,60,FALSE,FALSE,RSVHub-hub-models,2026-09-23,RSVHub baseline model
Puerto Rico,PR,1,wk inc rsv hosp,hosp,2026-09-26,2026-10-03,RSVHub-baseline,0,0,0,2,11.630298802988037,37,86.23107956079537,0,0,0,2,10,40,90,FALSE,FALSE,RSVHub-hub-models,2026-09-23,RSVHub baseline model
Puerto Rico,PR,2,wk inc rsv hosp,hosp,2026-09-26,2026-10-10,RSVHub-baseline,0,0,0,2,16,44.82301323013228,103.08420484205001,0,0,0,2,20,40,100,FALSE,FALSE,RSVHub-hub-models,2026-09-23,RSVHub baseline model
Puerto Rico,PR,0,wk inc rsv hosp,hosp,2026-09-26,2026-09-26,RSVHub-ensemble,0.5,2.5,4.5,7.5,11.5,16,22.5,1,3,5,8,10,20,20,FALSE,TRUE,RSVHub,2026-09-23,Ensemble using RSVHub forecast submissions
Puerto Rico,PR,1,wk inc rsv hosp,hosp,2026-09-26,2026-10-03,RSVHub-ensemble,0.5,2,4,8,13,19.5,30,1,2,4,8,10,20,30,FALSE,TRUE,RSVHub,2026-09-23,Ensemble using RSVHub forecast submissions
Puerto Rico,PR,2,wk inc rsv hosp,hosp,2026-09-26,2026-10-10,RSVHub-ensemble,0.5,2,4,8.5,15,25,44.5,1,2,4,9,20,30,40,FALSE,TRUE,RSVHub,2026-09-23,Ensemble using RSVHub forecast submissions
Rhode Island,RI,0,wk inc rsv hosp,hosp,2026-09-26,2026-09-26,CEPH-Rtrend_rsv,0,1,1,1,2,2,3,0,1,1,1,2,2,3,TRUE,FALSE,CEPH Lab at Indiana University,2026-09-23,Rtrend RSV
Rhode Island,RI,1,wk inc rsv hosp,hosp,2026-09-26,2026-10-03,CEPH-Rtrend_rsv,0,1,1,1,2,3,3,0,1,1,1,2,3,3,TRUE,FALSE,CEPH Lab at Indiana University,2026-09-23,Rtrend RSV
Rhode Island,RI,2,wk inc rsv hosp,hosp,2026-09-26,2026-10-10,CEPH-Rtrend_rsv,0,1,1,1,2,3,4,0,1,1,1,2,3,4,TRUE,FALSE,CEPH Lab at Indiana University,2026-09-23,Rtrend RSV
Rhode Island,RI,0,wk inc rsv prop ed visits,prop_ed,2026-09-26,2026-09-26,CFA-PyRenew_E,0,0,0,1.0299701507855412e-4,2.114424331042406e-4,4.076056319015348e-4,6.153448540885255e-4,0,0,0,1e-4,2.1e-4,4.1e-4,6.2e-4,TRUE,FALSE,Center for Forecasting and Outbreak Analytics (CDC/CFA),2026-09-23,PyRenew-E
Rhode Island,RI,1,wk inc rsv prop ed visits,prop_ed,2026-09-26,2026-10-03,CFA-PyRenew_E,0,0,0,1.038208533086207e-4,3.03787508527418e-4,5.157559928569213e-4,9.219866197951952e-4,0,0,0,1e-4,3e-4,5.2e-4,9.2e-4,TRUE,FALSE,Center for Forecasting and Outbreak Analytics (CDC/CFA),2026-09-23,PyRenew-E
Rhode Island,RI,2,wk inc rsv prop ed visits,prop_ed,2026-09-26,2026-10-10,CFA-PyRenew_E,0,0,0,1.0541240257179156e-4,3.1624480473193384e-4,7.155552402167573e-4,0.001562607129244,0,0,0,1.1e-4,3.2e-4,7.2e-4,0.0016,TRUE,FALSE,Center for Forecasting and Outbreak Analytics (CDC/CFA),2026-09-23,PyRenew-E
Rhode Island,RI,0,wk inc rsv prop ed visits,prop_ed,2026-09-26,2026-09-26,CFA-NowcastAutoGP,2.1251957412417013e-5,5.811462877431882e-5,1.1030920974042487e-4,2.0809638378125952e-4,3.441015784915687e-4,5.40475214854301e-4,9.101386432726141e-4,2.1e-5,5.8e-5,1.1e-4,2.1e-4,3.4e-4,5.4e-4,9.1e-4,TRUE,FALSE,Center for Forecasting and Outbreak Analytics (CDC/CFA),2026-09-23,NowcastAutoGP
Rhode Island,RI,1,wk inc rsv prop ed visits,prop_ed,2026-09-26,2026-10-03,CFA-NowcastAutoGP,2.4368483970522578e-5,6.734073657060956e-5,1.265509116528936e-4,2.456087746312188e-4,4.3654234540240546e-4,7.050827043823664e-4,0.0012341934096364797,2.4e-5,6.7e-5,1.3e-4,2.5e-4,4.4e-4,7.1e-4,0.0012,TRUE,FALSE,Center for Forecasting and Outbreak Analytics (CDC/CFA),2026-09-23,NowcastAutoGP
Rhode Island,RI,2,wk inc rsv prop ed visits,prop_ed,2026-09-26,2026-10-10,CFA-NowcastAutoGP,2.097097783269044e-5,7.308634538047771e-5,1.4935210719375997e-4,3.066967762023669e-4,5.613414887186827e-4,9.65820790266886e-4,0.0017575420790431643,2.1e-5,7.3e-5,1.5e-4,3.1e-4,5.6e-4,9.7e-4,0.0018,TRUE,FALSE,Center for Forecasting and Outbreak Analytics (CDC/CFA),2026-09-23,NowcastAutoGP
Rhode Island,RI,0,wk inc rsv hosp,hosp,2026-09-26,2026-09-26,CFA-PyRenew_H,0,0,0,1,2,4,6,0,0,0,1,2,4,6,FALSE,FALSE,Center for Forecasting and Outbreak Analytics (CDC/CFA),2026-09-23,PyRenew-H
Rhode Island,RI,1,wk inc rsv hosp,hosp,2026-09-26,2026-10-03,CFA-PyRenew_H,0,0,0,1,3,5,10,0,0,0,1,3,5,10,FALSE,FALSE,Center for Forecasting and Outbreak Analytics (CDC/CFA),2026-09-23,PyRenew-H
Rhode Island,RI,2,wk inc rsv hosp,hosp,2026-09-26,2026-10-10,CFA-PyRenew_H,0,0,0,1,3,7,18,0,0,0,1,3,7,20,FALSE,FALSE,Center for Forecasting and Outbreak Analytics (CDC/CFA),2026-09-23,PyRenew-H
Rhode Island,RI,0,wk inc rsv hosp,hosp,2026-09-26,2026-09-26,CFA-PyRenew_HE,0,0,0,1,2,4,6,0,0,0,1,2,4,6,TRUE,FALSE,Center for Forecasting and Outbreak Analytics (CDC/CFA),2026-09-23,PyRenew-HE
Rhode Island,RI,1,wk inc rsv hosp,hosp,2026-09-26,2026-10-03,CFA-PyRenew_HE,0,0,1,1,3,5,9,0,0,1,1,3,5,9,TRUE,FALSE,Center for Forecasting and Outbreak Analytics (CDC/CFA),2026-09-23,PyRenew-HE
Rhode Island,RI,2,wk inc rsv hosp,hosp,2026-09-26,2026-10-10,CFA-PyRenew_HE,0,0,1,2,4,7,15,0,0,1,2,4,7,20,TRUE,FALSE,Center for Forecasting and Outbreak Analytics (CDC/CFA),2026-09-23,PyRenew-HE
Rhode Island,RI,0,wk inc rsv prop ed visits,prop_ed,2026-09-26,2026-09-26,CFA-PyRenew_HE,0,0,0,1.0337352862846372e-4,2.9448522173886743e-4,4.056557122154552e-4,6.061201351734983e-4,0,0,0,1e-4,2.9e-4,4.1e-4,6.1e-4,FALSE,FALSE,Center for Forecasting and Outbreak Analytics (CDC/CFA),2026-09-23,PyRenew-HE
Rhode Island,RI,1,wk inc rsv prop ed visits,prop_ed,2026-09-26,2026-10-03,CFA-PyRenew_HE,0,0,9.849798029028782e-5,1.9640860562664665e-4,3.0450980605544365e-4,5.106049276241482e-4,8.348804688015891e-4,0,0,9.8e-5,2e-4,3e-4,5.1e-4,8.3e-4,FALSE,FALSE,Center for Forecasting and Outbreak Analytics (CDC/CFA),2026-09-23,PyRenew-HE
Rhode Island,RI,2,wk inc rsv prop ed visits,prop_ed,2026-09-26,2026-10-10,CFA-PyRenew_HE,0,0,9.929574418579052e-5,2.0186933204845777e-4,4.05029650176065e-4,7.112819889483277e-4,0.00134844719561237,0,0,9.9e-5,2e-4,4.1e-4,7.1e-4,0.0013,FALSE,FALSE,Center for Forecasting and Outbreak Analytics (CDC/CFA),2026-09-23,PyRenew-HE
Rhode Island,RI,0,wk inc rsv hosp,hosp,2026-09-26,2026-09-26,NAU-epymorph,0,0,1,2,4,5,8,0,0,1,2,4,5,8,TRUE,FALSE,Northern Arizona University,2026-09-23,epymorph RSV compartmental model
Rhode Island,RI,1,wk inc rsv hosp,hosp,2026-09-26,2026-10-03,NAU-epymorph,0,0,1,3,4,7,13,0,0,1,3,4,7,10,TRUE,FALSE,Northern Arizona University,2026-09-23,epymorph RSV compartmental model
Rhode Island,RI,2,wk inc rsv hosp,hosp,2026-09-26,2026-10-10,NAU-epymorph,0,0,1,3,6,11,24,0,0,1,3,6,10,20,TRUE,FALSE,Northern Arizona University,2026-09-23,epymorph RSV compartmental model
Rhode Island,RI,0,wk inc rsv hosp,hosp,2026-09-26,2026-09-26,RSVHub-baseline,0,0,1,3,5,8.300000000000006,17,0,0,1,3,5,8,20,FALSE,FALSE,RSVHub-hub-models,2026-09-23,RSVHub baseline model
Rhode Island,RI,1,wk inc rsv hosp,hosp,2026-09-26,2026-10-03,RSVHub-baseline,0,0,0,3,7,13,21.567955679556604,0,0,0,3,7,10,20,FALSE,FALSE,RSVHub-hub-models,2026-09-23,RSVHub baseline model
Rhode Island,RI,2,wk inc rsv hosp,hosp,2026-09-26,2026-10-10,RSVHub-baseline,0,0,0,3,8.107488574885748,16,26.317811928119234,0,0,0,3,8,20,30,FALSE,FALSE,RSVHub-hub-models,2026-09-23,RSVHub baseline model
Rhode Island,RI,0,wk inc rsv prop ed visits,prop_ed,2026-09-26,2026-09-26,RSVHub-baseline,0,0,0,2e-4,4e-4,0.0011999999999999997,0.002967499999999995,0,0,0,2e-4,4e-4,0.0012,0.003,FALSE,FALSE,RSVHub-hub-models,2026-09-23,RSVHub baseline model
Rhode Island,RI,1,wk inc rsv prop ed visits,prop_ed,2026-09-26,2026-10-03,RSVHub-baseline,0,0,0,2e-4,7.999999999999997e-4,0.0021000000000000003,0.00364327710777107,0,0,0,2e-4,8e-4,0.0021,0.0036,FALSE,FALSE,RSVHub-hub-models,2026-09-23,RSVHub baseline model
Rhode Island,RI,2,wk inc rsv prop ed visits,prop_ed,2026-09-26,2026-10-10,RSVHub-baseline,0,0,0,2e-4,0.001042205672056721,0.002561570215702157,0.003989582270822715,0,0,0,2e-4,0.001,0.0026,0.004,FALSE,FALSE,RSVHub-hub-models,2026-09-23,RSVHub baseline model
Rhode Island,RI,0,wk inc rsv hosp,hosp,2026-09-26,2026-09-26,RSVHub-ensemble,0,0,1,1,2,4,6,0,0,1,1,2,4,6,FALSE,TRUE,RSVHub,2026-09-23,Ensemble using RSVHub forecast submissions
Rhode Island,RI,1,wk inc rsv hosp,hosp,2026-09-26,2026-10-03,RSVHub-ensemble,0,0,1,1,3,5,9,0,0,1,1,3,5,9,FALSE,TRUE,RSVHub,2026-09-23,Ensemble using RSVHub forecast submissions
Rhode Island,RI,2,wk inc rsv hosp,hosp,2026-09-26,2026-10-10,RSVHub-ensemble,0,0,1,2,4,7,15,0,0,1,2,4,7,20,FALSE,TRUE,RSVHub,2026-09-23,Ensemble using RSVHub forecast submissions
Rhode Island,RI,0,wk inc rsv prop ed visits,prop_ed,2026-09-26,2026-09-26,RSVHub-ensemble,1.0625978706208507e-5,2.905731438715941e-5,5.515460487021244e-5,1.5554669942990682e-4,2.7777200579790466e-4,4.740404233779179e-4,7.627417486805697e-4,1.1e-5,2.9e-5,5.5e-5,1.6e-4,2.8e-4,4.7e-4,7.6e-4,FALSE,TRUE,RSVHub,2026-09-23,Ensemble using RSVHub forecast submissions
Rhode Island,RI,1,wk inc rsv prop ed visits,prop_ed,2026-09-26,2026-10-03,RSVHub-ensemble,1.2184241985261289e-5,3.367036828530478e-5,6.32754558264468e-5,1.7471481396991975e-4,3.701649269649117e-4,6.104193486196439e-4,0.0010780900147158374,1.2e-5,3.4e-5,6.3e-5,1.7e-4,3.7e-4,6.1e-4,0.0011,FALSE,TRUE,RSVHub,2026-09-23,Ensemble using RSVHub forecast submissions
Rhode Island,RI,2,wk inc rsv prop ed visits,prop_ed,2026-09-26,2026-10-10,RSVHub-ensemble,1.048548891634522e-5,3.654317269023886e-5,7.467605359687999e-5,2.0605458938707924e-4,4.3879314672530827e-4,8.406880152418217e-4,0.001660074604143582,1e-5,3.7e-5,7.5e-5,2.1e-4,4.4e-4,8.4e-4,0.0017,FALSE,TRUE,RSVHub,2026-09-23,Ensemble using RSVHub forecast submissions
South Carolina,SC,0,wk inc rsv hosp,hosp,2026-09-26,2026-09-26,CEPH-Rtrend_rsv,3,3,4,6,7,9,11,3,3,4,6,7,9,10,TRUE,FALSE,CEPH Lab at Indiana University,2026-09-23,Rtrend RSV
South Carolina,SC,1,wk inc rsv hosp,hosp,2026-09-26,2026-10-03,CEPH-Rtrend_rsv,2,3,4,6,9,12,16,2,3,4,6,9,10,20,TRUE,FALSE,CEPH Lab at Indiana University,2026-09-23,Rtrend RSV
South Carolina,SC,2,wk inc rsv hosp,hosp,2026-09-26,2026-10-10,CEPH-Rtrend_rsv,2,3,4,7,11,17,25,2,3,4,7,10,20,30,TRUE,FALSE,CEPH Lab at Indiana University,2026-09-23,Rtrend RSV
South Carolina,SC,0,wk inc rsv prop ed visits,prop_ed,2026-09-26,2026-09-26,CFA-PyRenew_E,1.8815837828672243e-4,2.6753568981250796e-4,3.4712383220997977e-4,4.5915752998309893e-4,6.026064229713338e-4,7.841963964362923e-4,0.0010113008893854,1.9e-4,2.7e-4,3.5e-4,4.6e-4,6e-4,7.8e-4,0.001,TRUE,FALSE,Center for Forecasting and Outbreak Analytics (CDC/CFA),2026-09-23,PyRenew-E
South Carolina,SC,1,wk inc rsv prop ed visits,prop_ed,2026-09-26,2026-10-03,CFA-PyRenew_E,1.6329144918413447e-4,2.711416916552984e-4,4.050926750323163e-4,5.982386078199382e-4,8.594008852165396e-4,0.00117167346276152,0.00169245720024072,1.6e-4,2.7e-4,4.1e-4,6e-4,8.6e-4,0.0012,0.0017,TRUE,FALSE,Center for Forecasting and Outbreak Analytics (CDC/CFA),2026-09-23,PyRenew-E
South Carolina,SC,2,wk inc rsv prop ed visits,prop_ed,2026-09-26,2026-10-10,CFA-PyRenew_E,1.6042904022439656e-4,2.757987634388683e-4,4.542112699191679e-4,7.457793244170297e-4,0.00121939238062008,0.00193317926955505,0.00330264180603858,1.6e-4,2.8e-4,4.5e-4,7.5e-4,0.0012,0.0019,0.0033,TRUE,FALSE,Center for Forecasting and Outbreak Analytics (CDC/CFA),2026-09-23,PyRenew-E
South Carolina,SC,0,wk inc rsv prop ed visits,prop_ed,2026-09-26,2026-09-26,CFA-NowcastAutoGP,1.6602629329220503e-4,2.272231859523407e-4,3.03805354879781e-4,4.0162843094156716e-4,5.382478639703e-4,7.109597453321549e-4,0.0010254680690002364,1.7e-4,2.3e-4,3e-4,4e-4,5.4e-4,7.1e-4,0.001,TRUE,FALSE,Center for Forecasting and Outbreak Analytics (CDC/CFA),2026-09-23,NowcastAutoGP
South Carolina,SC,1,wk inc rsv prop ed visits,prop_ed,2026-09-26,2026-10-03,CFA-NowcastAutoGP,2.0187761808175707e-4,2.75352070711111e-4,3.6920590874389616e-4,5.119497662953097e-4,7.059420741558735e-4,0.001003314585302213,0.0014525299191735165,2e-4,2.8e-4,3.7e-4,5.1e-4,7.1e-4,0.001,0.0015,TRUE,FALSE,Center for Forecasting and Outbreak Analytics (CDC/CFA),2026-09-23,NowcastAutoGP
South Carolina,SC,2,wk inc rsv prop ed visits,prop_ed,2026-09-26,2026-10-10,CFA-NowcastAutoGP,2.4572951216481526e-4,3.4357903507139864e-4,4.6955807091541955e-4,6.782689683619958e-4,9.764940812351046e-4,0.0013761021011371721,0.0019638508899398866,2.5e-4,3.4e-4,4.7e-4,6.8e-4,9.8e-4,0.0014,0.002,TRUE,FALSE,Center for Forecasting and Outbreak Analytics (CDC/CFA),2026-09-23,NowcastAutoGP
South Carolina,SC,0,wk inc rsv hosp,hosp,2026-09-26,2026-09-26,CFA-PyRenew_H,1,2,3,5,8,11,15,1,2,3,5,8,10,20,FALSE,FALSE,Center for Forecasting and Outbreak Analytics (CDC/CFA),2026-09-23,PyRenew-H
South Carolina,SC,1,wk inc rsv hosp,hosp,2026-09-26,2026-10-03,CFA-PyRenew_H,1,2,3,6,9,14,22.024999999999864,1,2,3,6,9,10,20,FALSE,FALSE,Center for Forecasting and Outbreak Analytics (CDC/CFA),2026-09-23,PyRenew-H
South Carolina,SC,2,wk inc rsv hosp,hosp,2026-09-26,2026-10-10,CFA-PyRenew_H,0,1,3,6,11,19,38.024999999999864,0,1,3,6,10,20,40,FALSE,FALSE,Center for Forecasting and Outbreak Analytics (CDC/CFA),2026-09-23,PyRenew-H
South Carolina,SC,0,wk inc rsv hosp,hosp,2026-09-26,2026-09-26,CFA-PyRenew_HE,2,4,6,8,11,15,20,2,4,6,8,10,20,20,TRUE,FALSE,Center for Forecasting and Outbreak Analytics (CDC/CFA),2026-09-23,PyRenew-HE
South Carolina,SC,1,wk inc rsv hosp,hosp,2026-09-26,2026-10-03,CFA-PyRenew_HE,3,4,7,10,15,21,31,3,4,7,10,20,20,30,TRUE,FALSE,Center for Forecasting and Outbreak Analytics (CDC/CFA),2026-09-23,PyRenew-HE
South Carolina,SC,2,wk inc rsv hosp,hosp,2026-09-26,2026-10-10,CFA-PyRenew_HE,2,5,7,12,20,31,56,2,5,7,10,20,30,60,TRUE,FALSE,Center for Forecasting and Outbreak Analytics (CDC/CFA),2026-09-23,PyRenew-HE
South Carolina,SC,0,wk inc rsv prop ed visits,prop_ed,2026-09-26,2026-09-26,CFA-PyRenew_HE,1.3659983041868905e-4,2.1086746494639955e-4,2.7092965450709397e-4,3.5958151942256256e-4,4.6378629073723376e-4,5.898559832535099e-4,7.352463002558132e-4,1.4e-4,2.1e-4,2.7e-4,3.6e-4,4.6e-4,5.9e-4,7.4e-4,FALSE,FALSE,Center for Forecasting and Outbreak Analytics (CDC/CFA),2026-09-23,PyRenew-HE
South Carolina,SC,1,wk inc rsv prop ed visits,prop_ed,2026-09-26,2026-10-03,CFA-PyRenew_HE,1.3343275861515236e-4,2.15405449052379e-4,3.0372994322487806e-4,4.374682057673816e-4,6.048222746154104e-4,8.228740946000284e-4,0.0011463600262223,1.3e-4,2.2e-4,3e-4,4.4e-4,6e-4,8.2e-4,0.0011,FALSE,FALSE,Center for Forecasting and Outbreak Analytics (CDC/CFA),2026-09-23,PyRenew-HE
South Carolina,SC,2,wk inc rsv prop ed visits,prop_ed,2026-09-26,2026-10-10,CFA-PyRenew_HE,1.089742665645486e-4,2.1478846794632797e-4,3.2617371870381014e-4,5.191048327651579e-4,8.147481284242904e-4,0.00123197652053654,0.00196302736540364,1.1e-4,2.1e-4,3.3e-4,5.2e-4,8.1e-4,0.0012,0.002,FALSE,FALSE,Center for Forecasting and Outbreak Analytics (CDC/CFA),2026-09-23,PyRenew-HE
South Carolina,SC,0,wk inc rsv hosp,hosp,2026-09-26,2026-09-26,NAU-epymorph,0,1,4,7,10,13,21,0,1,4,7,10,10,20,TRUE,FALSE,Northern Arizona University,2026-09-23,epymorph RSV compartmental model
South Carolina,SC,1,wk inc rsv hosp,hosp,2026-09-26,2026-10-03,NAU-epymorph,0,1,4,7,12,19,33,0,1,4,7,10,20,30,TRUE,FALSE,Northern Arizona University,2026-09-23,epymorph RSV compartmental model
South Carolina,SC,2,wk inc rsv hosp,hosp,2026-09-26,2026-10-10,NAU-epymorph,0,1,4,9,15,29,64,0,1,4,9,20,30,60,TRUE,FALSE,Northern Arizona University,2026-09-23,epymorph RSV compartmental model
South Carolina,SC,0,wk inc rsv hosp,hosp,2026-09-26,2026-09-26,RSVHub-baseline,0,0,2,6,10,24.10000000000002,46,0,0,2,6,10,20,50,FALSE,FALSE,RSVHub-hub-models,2026-09-23,RSVHub baseline model
South Carolina,SC,1,wk inc rsv hosp,hosp,2026-09-26,2026-10-03,RSVHub-baseline,0,0,0,6,16.857071070710695,37.76440764407644,64.0353363533633,0,0,0,6,20,40,60,FALSE,FALSE,RSVHub-hub-models,2026-09-23,RSVHub baseline model
South Carolina,SC,2,wk inc rsv hosp,hosp,2026-09-26,2026-10-10,RSVHub-baseline,0,0,0,6,22.156984069840696,44,82.5546622966226,0,0,0,6,20,40,80,FALSE,FALSE,RSVHub-hub-models,2026-09-23,RSVHub baseline model
South Carolina,SC,0,wk inc rsv prop ed visits,prop_ed,2026-09-26,2026-09-26,RSVHub-baseline,0,0,1.9999999999999998e-4,4e-4,6.000000000000001e-4,0.0011000000000000005,0.0023349999999999886,0,0,2e-4,4e-4,6e-4,0.0011,0.0023,FALSE,FALSE,RSVHub-hub-models,2026-09-23,RSVHub baseline model
South Carolina,SC,1,wk inc rsv prop ed visits,prop_ed,2026-09-26,2026-10-03,RSVHub-baseline,0,0,9.999999999999988e-5,4e-4,8.914634146341457e-4,0.0016661333613336125,0.0028043963689636893,0,0,1e-4,4e-4,8.9e-4,0.0017,0.0028,FALSE,FALSE,RSVHub-hub-models,2026-09-23,RSVHub baseline model
South Carolina,SC,2,wk inc rsv prop ed visits,prop_ed,2026-09-26,2026-10-10,RSVHub-baseline,0,0,0,4e-4,0.0010999999999999994,0.0020717462174621747,0.0033000000000000004,0,0,0,4e-4,0.0011,0.0021,0.0033,FALSE,FALSE,RSVHub-hub-models,2026-09-23,RSVHub baseline model
South Carolina,SC,0,wk inc rsv hosp,hosp,2026-09-26,2026-09-26,RSVHub-ensemble,2,3,4,7,10,13,20,2,3,4,7,10,10,20,FALSE,TRUE,RSVHub,2026-09-23,Ensemble using RSVHub forecast submissions
South Carolina,SC,1,wk inc rsv hosp,hosp,2026-09-26,2026-10-03,RSVHub-ensemble,2,3,4,7,12,19,31,2,3,4,7,10,20,30,FALSE,TRUE,RSVHub,2026-09-23,Ensemble using RSVHub forecast submissions
South Carolina,SC,2,wk inc rsv hosp,hosp,2026-09-26,2026-10-10,RSVHub-ensemble,2,3,4,9,15,29,56,2,3,4,9,20,30,60,FALSE,TRUE,RSVHub,2026-09-23,Ensemble using RSVHub forecast submissions
South Carolina,SC,0,wk inc rsv prop ed visits,prop_ed,2026-09-26,2026-09-26,RSVHub-ensemble,1.7709233578946373e-4,2.473794378824243e-4,3.2546459354488037e-4,4.3039298046233305e-4,5.704271434708169e-4,7.475780708842237e-4,0.0010183844791928182,1.8e-4,2.5e-4,3.3e-4,4.3e-4,5.7e-4,7.5e-4,0.001,FALSE,TRUE,RSVHub,2026-09-23,Ensemble using RSVHub forecast submissions
South Carolina,SC,1,wk inc rsv prop ed visits,prop_ed,2026-09-26,2026-10-03,RSVHub-ensemble,1.825845336329458e-4,2.732468811832047e-4,3.8714929188810623e-4,5.55094187057624e-4,7.826714796862065e-4,0.0010874940240318666,0.0015724935597071182,1.8e-4,2.7e-4,3.9e-4,5.6e-4,7.8e-4,0.0011,0.0016,FALSE,TRUE,RSVHub,2026-09-23,Ensemble using RSVHub forecast submissions
South Carolina,SC,2,wk inc rsv prop ed visits,prop_ed,2026-09-26,2026-10-10,RSVHub-ensemble,2.0307927619460592e-4,3.096888992551335e-4,4.618846704172937e-4,7.120241463895128e-4,0.0010979432309275922,0.0016546406853461112,0.0026332463479892335,2e-4,3.1e-4,4.6e-4,7.1e-4,0.0011,0.0017,0.0026,FALSE,TRUE,RSVHub,2026-09-23,Ensemble using RSVHub forecast submissions
South Dakota,SD,0,wk inc rsv hosp,hosp,2026-09-26,2026-09-26,CEPH-Rtrend_rsv,1,1,1,1,1,2,2,1,1,1,1,1,2,2,TRUE,FALSE,CEPH Lab at Indiana University,2026-09-23,Rtrend RSV
South Dakota,SD,1,wk inc rsv hosp,hosp,2026-09-26,2026-10-03,CEPH-Rtrend_rsv,0,1,1,1,2,2,3,0,1,1,1,2,2,3,TRUE,FALSE,CEPH Lab at Indiana University,2026-09-23,Rtrend RSV
South Dakota,SD,2,wk inc rsv hosp,hosp,2026-09-26,2026-10-10,CEPH-Rtrend_rsv,0,1,1,1,2,2,3,0,1,1,1,2,2,3,TRUE,FALSE,CEPH Lab at Indiana University,2026-09-23,Rtrend RSV
South Dakota,SD,0,wk inc rsv prop ed visits,prop_ed,2026-09-26,2026-09-26,CFA-PyRenew_E,0,0,0,0,1.6328826494918164e-4,1.7420754102403713e-4,3.4881215427577807e-4,0,0,0,0,1.6e-4,1.7e-4,3.5e-4,TRUE,FALSE,Center for Forecasting and Outbreak Analytics (CDC/CFA),2026-09-23,PyRenew-E
South Dakota,SD,1,wk inc rsv prop ed visits,prop_ed,2026-09-26,2026-10-03,CFA-PyRenew_E,0,0,0,0,0,1.737965507897821e-4,3.51725749394267e-4,0,0,0,0,0,1.7e-4,3.5e-4,TRUE,FALSE,Center for Forecasting and Outbreak Analytics (CDC/CFA),2026-09-23,PyRenew-E
South Dakota,SD,2,wk inc rsv prop ed visits,prop_ed,2026-09-26,2026-10-10,CFA-PyRenew_E,0,0,0,0,0,1.7542715941278015e-4,5.098435832196594e-4,0,0,0,0,0,1.8e-4,5.1e-4,TRUE,FALSE,Center for Forecasting and Outbreak Analytics (CDC/CFA),2026-09-23,PyRenew-E
South Dakota,SD,0,wk inc rsv prop ed visits,prop_ed,2026-09-26,2026-09-26,CFA-NowcastAutoGP,0,0,1.7402275590314978e-6,4.2443518246595825e-5,1.0189605105488493e-4,1.7475600312715747e-4,3.094698241456021e-4,0,0,1.7e-6,4.2e-5,1e-4,1.7e-4,3.1e-4,TRUE,FALSE,Center for Forecasting and Outbreak Analytics (CDC/CFA),2026-09-23,NowcastAutoGP
South Dakota,SD,1,wk inc rsv prop ed visits,prop_ed,2026-09-26,2026-10-03,CFA-NowcastAutoGP,0,0,1.9463104396033862e-6,4.1852438174615845e-5,1.0506042224627904e-4,1.8739498906653003e-4,3.450249073450096e-4,0,0,1.9e-6,4.2e-5,1.1e-4,1.9e-4,3.5e-4,TRUE,FALSE,Center for Forecasting and Outbreak Analytics (CDC/CFA),2026-09-23,NowcastAutoGP
South Dakota,SD,2,wk inc rsv prop ed visits,prop_ed,2026-09-26,2026-10-10,CFA-NowcastAutoGP,0,0,1.8159168224382875e-6,4.158477162128533e-5,1.0493947884653258e-4,1.869573851883658e-4,3.1889500768643653e-4,0,0,1.8e-6,4.2e-5,1e-4,1.9e-4,3.2e-4,TRUE,FALSE,Center for Forecasting and Outbreak Analytics (CDC/CFA),2026-09-23,NowcastAutoGP
South Dakota,SD,0,wk inc rsv hosp,hosp,2026-09-26,2026-09-26,CFA-PyRenew_H,0,0,0,0,1,2,3,0,0,0,0,1,2,3,FALSE,FALSE,Center for Forecasting and Outbreak Analytics (CDC/CFA),2026-09-23,PyRenew-H
South Dakota,SD,1,wk inc rsv hosp,hosp,2026-09-26,2026-10-03,CFA-PyRenew_H,0,0,0,0,1,2,4,0,0,0,0,1,2,4,FALSE,FALSE,Center for Forecasting and Outbreak Analytics (CDC/CFA),2026-09-23,PyRenew-H
South Dakota,SD,2,wk inc rsv hosp,hosp,2026-09-26,2026-10-10,CFA-PyRenew_H,0,0,0,0,1,2,5,0,0,0,0,1,2,5,FALSE,FALSE,Center for Forecasting and Outbreak Analytics (CDC/CFA),2026-09-23,PyRenew-H
South Dakota,SD,0,wk inc rsv hosp,hosp,2026-09-26,2026-09-26,CFA-PyRenew_HE,0,0,0,0,0,1,2,0,0,0,0,0,1,2,TRUE,FALSE,Center for Forecasting and Outbreak Analytics (CDC/CFA),2026-09-23,PyRenew-HE
South Dakota,SD,1,wk inc rsv hosp,hosp,2026-09-26,2026-10-03,CFA-PyRenew_HE,0,0,0,0,0,1,2,0,0,0,0,0,1,2,TRUE,FALSE,Center for Forecasting and Outbreak Analytics (CDC/CFA),2026-09-23,PyRenew-HE
South Dakota,SD,2,wk inc rsv hosp,hosp,2026-09-26,2026-10-10,CFA-PyRenew_HE,0,0,0,0,0,1,2,0,0,0,0,0,1,2,TRUE,FALSE,Center for Forecasting and Outbreak Analytics (CDC/CFA),2026-09-23,PyRenew-HE
South Dakota,SD,0,wk inc rsv prop ed visits,prop_ed,2026-09-26,2026-09-26,CFA-PyRenew_HE,0,0,0,0,1.6938560543494331e-4,3.3175942874330165e-4,5.039474170830533e-4,0,0,0,0,1.7e-4,3.3e-4,5e-4,FALSE,FALSE,Center for Forecasting and Outbreak Analytics (CDC/CFA),2026-09-23,PyRenew-HE
South Dakota,SD,1,wk inc rsv prop ed visits,prop_ed,2026-09-26,2026-10-03,CFA-PyRenew_HE,0,0,0,0,1.6917696806207947e-4,3.311428243958747e-4,5.112998534152044e-4,0,0,0,0,1.7e-4,3.3e-4,5.1e-4,FALSE,FALSE,Center for Forecasting and Outbreak Analytics (CDC/CFA),2026-09-23,PyRenew-HE
South Dakota,SD,2,wk inc rsv prop ed visits,prop_ed,2026-09-26,2026-10-10,CFA-PyRenew_HE,0,0,0,0,1.6886207003241884e-4,3.3561041188742236e-4,5.211478357001414e-4,0,0,0,0,1.7e-4,3.4e-4,5.2e-4,FALSE,FALSE,Center for Forecasting and Outbreak Analytics (CDC/CFA),2026-09-23,PyRenew-HE
South Dakota,SD,0,wk inc rsv hosp,hosp,2026-09-26,2026-09-26,NAU-epymorph,0,0,0,1,1,2,5,0,0,0,1,1,2,5,TRUE,FALSE,Northern Arizona University,2026-09-23,epymorph RSV compartmental model
South Dakota,SD,1,wk inc rsv hosp,hosp,2026-09-26,2026-10-03,NAU-epymorph,0,0,0,1,2,3,7,0,0,0,1,2,3,7,TRUE,FALSE,Northern Arizona University,2026-09-23,epymorph RSV compartmental model
South Dakota,SD,2,wk inc rsv hosp,hosp,2026-09-26,2026-10-10,NAU-epymorph,0,0,0,1,2,4,9,0,0,0,1,2,4,9,TRUE,FALSE,Northern Arizona University,2026-09-23,epymorph RSV compartmental model
South Dakota,SD,0,wk inc rsv hosp,hosp,2026-09-26,2026-09-26,RSVHub-baseline,0,0,0,1,2,4.1000000000000165,11.024999999999975,0,0,0,1,2,4,10,FALSE,FALSE,RSVHub-hub-models,2026-09-23,RSVHub baseline model
South Dakota,SD,1,wk inc rsv hosp,hosp,2026-09-26,2026-10-03,RSVHub-baseline,0,0,0,1,3,8,14.494986949869437,0,0,0,1,3,8,10,FALSE,FALSE,RSVHub-hub-models,2026-09-23,RSVHub baseline model
South Dakota,SD,2,wk inc rsv hosp,hosp,2026-09-26,2026-10-10,RSVHub-baseline,0,0,0,1,4,10,16.087291872918687,0,0,0,1,4,10,20,FALSE,FALSE,RSVHub-hub-models,2026-09-23,RSVHub baseline model
South Dakota,SD,0,wk inc rsv prop ed visits,prop_ed,2026-09-26,2026-09-26,RSVHub-baseline,0,0,0,0,3.000000000000003e-4,0.0014000000000000002,0.003200000000000001,0,0,0,0,3e-4,0.0014,0.0032,FALSE,FALSE,RSVHub-hub-models,2026-09-23,RSVHub baseline model
South Dakota,SD,1,wk inc rsv prop ed visits,prop_ed,2026-09-26,2026-10-03,RSVHub-baseline,0,0,0,0,8.000000000000001e-4,0.002309941899418994,0.00398776887768878,0,0,0,0,8e-4,0.0023,0.004,FALSE,FALSE,RSVHub-hub-models,2026-09-23,RSVHub baseline model
South Dakota,SD,2,wk inc rsv prop ed visits,prop_ed,2026-09-26,2026-10-10,RSVHub-baseline,0,0,0,0,0.0012662759127591255,0.0029224589245892504,0.0047,0,0,0,0,0.0013,0.0029,0.0047,FALSE,FALSE,RSVHub-hub-models,2026-09-23,RSVHub baseline model
South Dakota,SD,0,wk inc rsv hosp,hosp,2026-09-26,2026-09-26,RSVHub-ensemble,0,0,0,1,1,2,2,0,0,0,1,1,2,2,FALSE,TRUE,RSVHub,2026-09-23,Ensemble using RSVHub forecast submissions
South Dakota,SD,1,wk inc rsv hosp,hosp,2026-09-26,2026-10-03,RSVHub-ensemble,0,0,0,1,2,2,3,0,0,0,1,2,2,3,FALSE,TRUE,RSVHub,2026-09-23,Ensemble using RSVHub forecast submissions
South Dakota,SD,2,wk inc rsv hosp,hosp,2026-09-26,2026-10-10,RSVHub-ensemble,0,0,0,1,2,2,3,0,0,0,1,2,2,3,FALSE,TRUE,RSVHub,2026-09-23,Ensemble using RSVHub forecast submissions
South Dakota,SD,0,wk inc rsv prop ed visits,prop_ed,2026-09-26,2026-09-26,RSVHub-ensemble,0,0,8.701137795157489e-7,2.1221759123297912e-5,1.3259215800203328e-4,1.744817720755973e-4,3.291409892106901e-4,0,0,8.7e-7,2.1e-5,1.3e-4,1.7e-4,3.3e-4,FALSE,TRUE,RSVHub,2026-09-23,Ensemble using RSVHub forecast submissions
South Dakota,SD,1,wk inc rsv prop ed visits,prop_ed,2026-09-26,2026-10-03,RSVHub-ensemble,0,0,9.731552198016931e-7,2.0926219087307923e-5,5.253021112313952e-5,1.8059576992815606e-4,3.483753283696383e-4,0,0,9.7e-7,2.1e-5,5.3e-5,1.8e-4,3.5e-4,FALSE,TRUE,RSVHub,2026-09-23,Ensemble using RSVHub forecast submissions
South Dakota,SD,2,wk inc rsv prop ed visits,prop_ed,2026-09-26,2026-10-10,RSVHub-ensemble,0,0,9.079584112191438e-7,2.0792385810642664e-5,5.246973942326629e-5,1.8119227230057298e-4,4.143692954530479e-4,0,0,9.1e-7,2.1e-5,5.2e-5,1.8e-4,4.1e-4,FALSE,TRUE,RSVHub,2026-09-23,Ensemble using RSVHub forecast submissions
Tennessee,TN,0,wk inc rsv hosp,hosp,2026-09-26,2026-09-26,CEPH-Rtrend_rsv,1,2,3,5,7,9,12,1,2,3,5,7,9,10,TRUE,FALSE,CEPH Lab at Indiana University,2026-09-23,Rtrend RSV
Tennessee,TN,1,wk inc rsv hosp,hosp,2026-09-26,2026-10-03,CEPH-Rtrend_rsv,1,2,3,5,8,10,13,1,2,3,5,8,10,10,TRUE,FALSE,CEPH Lab at Indiana University,2026-09-23,Rtrend RSV
Tennessee,TN,2,wk inc rsv hosp,hosp,2026-09-26,2026-10-10,CEPH-Rtrend_rsv,0,2,2,5,8,12,18,0,2,2,5,8,10,20,TRUE,FALSE,CEPH Lab at Indiana University,2026-09-23,Rtrend RSV
Tennessee,TN,0,wk inc rsv prop ed visits,prop_ed,2026-09-26,2026-09-26,CFA-PyRenew_E,2.1548043440525313e-4,2.7901027835986944e-4,3.5248583772496815e-4,4.338570395862039e-4,5.303833853629971e-4,6.249374895083099e-4,7.496062536129051e-4,2.2e-4,2.8e-4,3.5e-4,4.3e-4,5.3e-4,6.2e-4,7.5e-4,TRUE,FALSE,Center for Forecasting and Outbreak Analytics (CDC/CFA),2026-09-23,PyRenew-E
Tennessee,TN,1,wk inc rsv prop ed visits,prop_ed,2026-09-26,2026-10-03,CFA-PyRenew_E,1.9550271190979732e-4,2.82770680497312e-4,3.75627104173115e-4,4.981593343179316e-4,6.47961022002438e-4,8.118413616047519e-4,0.00107827465072565,2e-4,2.8e-4,3.8e-4,5e-4,6.5e-4,8.1e-4,0.0011,TRUE,FALSE,Center for Forecasting and Outbreak Analytics (CDC/CFA),2026-09-23,PyRenew-E
Tennessee,TN,2,wk inc rsv prop ed visits,prop_ed,2026-09-26,2026-10-10,CFA-PyRenew_E,1.7666478116121735e-4,2.698928094790191e-4,3.923822325824487e-4,5.662204300289118e-4,8.082379639143816e-4,0.00110289112867438,0.00167626324359564,1.8e-4,2.7e-4,3.9e-4,5.7e-4,8.1e-4,0.0011,0.0017,TRUE,FALSE,Center for Forecasting and Outbreak Analytics (CDC/CFA),2026-09-23,PyRenew-E
Tennessee,TN,0,wk inc rsv prop ed visits,prop_ed,2026-09-26,2026-09-26,CFA-NowcastAutoGP,2.344065617400294e-4,2.838523809157129e-4,3.433049162426694e-4,4.226849372818394e-4,5.142023009215898e-4,6.147370595535992e-4,7.540787766118426e-4,2.3e-4,2.8e-4,3.4e-4,4.2e-4,5.1e-4,6.1e-4,7.5e-4,TRUE,FALSE,Center for Forecasting and Outbreak Analytics (CDC/CFA),2026-09-23,NowcastAutoGP
Tennessee,TN,1,wk inc rsv prop ed visits,prop_ed,2026-09-26,2026-10-03,CFA-NowcastAutoGP,2.4129626711820793e-4,3.091403793101374e-4,3.816327900538296e-4,4.823802945262284e-4,5.961338134225618e-4,7.212703066547205e-4,9.087647850049899e-4,2.4e-4,3.1e-4,3.8e-4,4.8e-4,6e-4,7.2e-4,9.1e-4,TRUE,FALSE,Center for Forecasting and Outbreak Analytics (CDC/CFA),2026-09-23,NowcastAutoGP
Tennessee,TN,2,wk inc rsv prop ed visits,prop_ed,2026-09-26,2026-10-10,CFA-NowcastAutoGP,2.571345206720153e-4,3.344696810636818e-4,4.179143418833298e-4,5.358800888205942e-4,6.791143406748977e-4,8.361669865241194e-4,0.0010495840567611367,2.6e-4,3.3e-4,4.2e-4,5.4e-4,6.8e-4,8.4e-4,0.001,TRUE,FALSE,Center for Forecasting and Outbreak Analytics (CDC/CFA),2026-09-23,NowcastAutoGP
Tennessee,TN,0,wk inc rsv hosp,hosp,2026-09-26,2026-09-26,CFA-PyRenew_H,0,2,3,5,7,10,15,0,2,3,5,7,10,20,FALSE,FALSE,Center for Forecasting and Outbreak Analytics (CDC/CFA),2026-09-23,PyRenew-H
Tennessee,TN,1,wk inc rsv hosp,hosp,2026-09-26,2026-10-03,CFA-PyRenew_H,0,1,3,5,8,13,22,0,1,3,5,8,10,20,FALSE,FALSE,Center for Forecasting and Outbreak Analytics (CDC/CFA),2026-09-23,PyRenew-H
Tennessee,TN,2,wk inc rsv hosp,hosp,2026-09-26,2026-10-10,CFA-PyRenew_H,0,1,2,5,10,17,36,0,1,2,5,10,20,40,FALSE,FALSE,Center for Forecasting and Outbreak Analytics (CDC/CFA),2026-09-23,PyRenew-H
Tennessee,TN,0,wk inc rsv hosp,hosp,2026-09-26,2026-09-26,CFA-PyRenew_HE,2.9750000000000014,4,6,8,11,14,18,3,4,6,8,10,10,20,TRUE,FALSE,Center for Forecasting and Outbreak Analytics (CDC/CFA),2026-09-23,PyRenew-HE
Tennessee,TN,1,wk inc rsv hosp,hosp,2026-09-26,2026-10-03,CFA-PyRenew_HE,3,5,7,10,13,17,24,3,5,7,10,10,20,20,TRUE,FALSE,Center for Forecasting and Outbreak Analytics (CDC/CFA),2026-09-23,PyRenew-HE
Tennessee,TN,2,wk inc rsv hosp,hosp,2026-09-26,2026-10-10,CFA-PyRenew_HE,2,4,7,10,16,23,36,2,4,7,10,20,20,40,TRUE,FALSE,Center for Forecasting and Outbreak Analytics (CDC/CFA),2026-09-23,PyRenew-HE
Tennessee,TN,0,wk inc rsv prop ed visits,prop_ed,2026-09-26,2026-09-26,CFA-PyRenew_HE,1.983876123144173e-4,2.578852710360417e-4,3.1516091643224426e-4,3.8380017939922833e-4,4.6752427710130905e-4,5.431416172969828e-4,6.4163010415894e-4,2e-4,2.6e-4,3.2e-4,3.8e-4,4.7e-4,5.4e-4,6.4e-4,FALSE,FALSE,Center for Forecasting and Outbreak Analytics (CDC/CFA),2026-09-23,PyRenew-HE
Tennessee,TN,1,wk inc rsv prop ed visits,prop_ed,2026-09-26,2026-10-03,CFA-PyRenew_HE,1.7990844830851e-4,2.4535967511993316e-4,3.2408119094320595e-4,4.212424319444666e-4,5.468359260259886e-4,7.008724055597403e-4,9.29766760677957e-4,1.8e-4,2.5e-4,3.2e-4,4.2e-4,5.5e-4,7e-4,0.00093000000000000005,FALSE,FALSE,Center for Forecasting and Outbreak Analytics (CDC/CFA),2026-09-23,PyRenew-HE
Tennessee,TN,2,wk inc rsv prop ed visits,prop_ed,2026-09-26,2026-10-10,CFA-PyRenew_HE,1.433029176335714e-4,2.247324431483261e-4,3.196196319798496e-4,4.7103954103454537e-4,6.73063912874941e-4,9.576042679404564e-4,0.00143352510698552,1.4e-4,2.2e-4,3.2e-4,4.7e-4,6.7e-4,9.6e-4,0.0014,FALSE,FALSE,Center for Forecasting and Outbreak Analytics (CDC/CFA),2026-09-23,PyRenew-HE
Tennessee,TN,0,wk inc rsv hosp,hosp,2026-09-26,2026-09-26,NAU-epymorph,0,0,3,5,9,14,23,0,0,3,5,9,10,20,TRUE,FALSE,Northern Arizona University,2026-09-23,epymorph RSV compartmental model
Tennessee,TN,1,wk inc rsv hosp,hosp,2026-09-26,2026-10-03,NAU-epymorph,0,0,3,6,11,20,42,0,0,3,6,10,20,40,TRUE,FALSE,Northern Arizona University,2026-09-23,epymorph RSV compartmental model
Tennessee,TN,2,wk inc rsv hosp,hosp,2026-09-26,2026-10-10,NAU-epymorph,0,0,3,7,15,29,63,0,0,3,7,20,30,60,TRUE,FALSE,Northern Arizona University,2026-09-23,epymorph RSV compartmental model
Tennessee,TN,0,wk inc rsv hosp,hosp,2026-09-26,2026-09-26,RSVHub-baseline,0,0,0,4,9,22,64.99999999999984,0,0,0,4,9,20,70,FALSE,FALSE,RSVHub-hub-models,2026-09-23,RSVHub baseline model
Tennessee,TN,1,wk inc rsv hosp,hosp,2026-09-26,2026-10-03,RSVHub-baseline,0,0,0,4,16.878638786387874,39.62140221402218,79.41745592455928,0,0,0,4,20,40,80,FALSE,FALSE,RSVHub-hub-models,2026-09-23,RSVHub baseline model
Tennessee,TN,2,wk inc rsv hosp,hosp,2026-09-26,2026-10-10,RSVHub-baseline,0,0,0,4,22.106806068060656,52.40266502665034,98.69716072160726,0,0,0,4,20,50,100,FALSE,FALSE,RSVHub-hub-models,2026-09-23,RSVHub baseline model
Tennessee,TN,0,wk inc rsv prop ed visits,prop_ed,2026-09-26,2026-09-26,RSVHub-baseline,0,0,2.0000000000000004e-4,4e-4,6.000000000000001e-4,0.0011999999999999995,0.0024,0,0,2e-4,4e-4,6e-4,0.0012,0.0024,FALSE,FALSE,RSVHub-hub-models,2026-09-23,RSVHub baseline model
Tennessee,TN,1,wk inc rsv prop ed visits,prop_ed,2026-09-26,2026-10-03,RSVHub-baseline,0,0,9.917649176491759e-5,4e-4,9.000000000000002e-4,0.0019299059990599895,0.0030523618236182413,0,0,9.9e-5,4e-4,9e-4,0.0019,0.0031,FALSE,FALSE,RSVHub-hub-models,2026-09-23,RSVHub baseline model
Tennessee,TN,2,wk inc rsv prop ed visits,prop_ed,2026-09-26,2026-10-10,RSVHub-baseline,0,0,0,4e-4,0.0011999999999999992,0.002293649536495369,0.003574045615456148,0,0,0,4e-4,0.0012,0.0023,0.0036,FALSE,FALSE,RSVHub-hub-models,2026-09-23,RSVHub baseline model
Tennessee,TN,0,wk inc rsv hosp,hosp,2026-09-26,2026-09-26,RSVHub-ensemble,1,2,3,5,9,14,18,1,2,3,5,9,10,20,FALSE,TRUE,RSVHub,2026-09-23,Ensemble using RSVHub forecast submissions
Tennessee,TN,1,wk inc rsv hosp,hosp,2026-09-26,2026-10-03,RSVHub-ensemble,1,2,3,6,11,17,24,1,2,3,6,10,20,20,FALSE,TRUE,RSVHub,2026-09-23,Ensemble using RSVHub forecast submissions
Tennessee,TN,2,wk inc rsv hosp,hosp,2026-09-26,2026-10-10,RSVHub-ensemble,0,2,3,7,15,23,36,0,2,3,7,20,20,40,FALSE,TRUE,RSVHub,2026-09-23,Ensemble using RSVHub forecast submissions
Tennessee,TN,0,wk inc rsv prop ed visits,prop_ed,2026-09-26,2026-09-26,RSVHub-ensemble,2.2494349807264125e-4,2.814313296377912e-4,3.478953769838188e-4,4.282709884340216e-4,5.222928431422934e-4,6.198372745309545e-4,7.518425151123738e-4,2.2e-4,2.8e-4,3.5e-4,4.3e-4,5.2e-4,6.2e-4,7.5e-4,FALSE,TRUE,RSVHub,2026-09-23,Ensemble using RSVHub forecast submissions
Tennessee,TN,1,wk inc rsv prop ed visits,prop_ed,2026-09-26,2026-10-03,RSVHub-ensemble,2.183994895140026e-4,2.959555299037247e-4,3.786299471134723e-4,4.9026981442208e-4,6.220474177124999e-4,7.665558341297361e-4,9.9351971786532e-4,2.2e-4,3e-4,3.8e-4,4.9e-4,6.2e-4,7.7e-4,9.9e-4,FALSE,TRUE,RSVHub,2026-09-23,Ensemble using RSVHub forecast submissions
Tennessee,TN,2,wk inc rsv prop ed visits,prop_ed,2026-09-26,2026-10-10,RSVHub-ensemble,2.1689965091661631e-4,3.0218124527135043e-4,4.051482872328892e-4,5.510502594247529e-4,7.436761522946397e-4,9.695290575992496e-4,0.0013629236501783884,2.2e-4,3e-4,4.1e-4,5.5e-4,7.4e-4,9.7e-4,0.0014,FALSE,TRUE,RSVHub,2026-09-23,Ensemble using RSVHub forecast submissions
Texas,TX,0,wk inc rsv hosp,hosp,2026-09-26,2026-09-26,CEPH-Rtrend_rsv,11,17,21,30,36,47,58,10,20,20,30,40,50,60,TRUE,FALSE,CEPH Lab at Indiana University,2026-09-23,Rtrend RSV
Texas,TX,1,wk inc rsv hosp,hosp,2026-09-26,2026-10-03,CEPH-Rtrend_rsv,9,15,19,30,41,51,68,9,20,20,30,40,50,70,TRUE,FALSE,CEPH Lab at Indiana University,2026-09-23,Rtrend RSV
Texas,TX,2,wk inc rsv hosp,hosp,2026-09-26,2026-10-10,CEPH-Rtrend_rsv,6,13,19,30,43,60,87,6,10,20,30,40,60,90,TRUE,FALSE,CEPH Lab at Indiana University,2026-09-23,Rtrend RSV
Texas,TX,0,wk inc rsv prop ed visits,prop_ed,2026-09-26,2026-09-26,CFA-PyRenew_E,3.642588711980955e-4,4.2813515408237274e-4,4.9339125890407e-4,5.702487042038376e-4,6.655785888833894e-4,7.692002681672852e-4,9.042301721580428e-4,3.6e-4,4.3e-4,4.9e-4,5.7e-4,6.7e-4,7.7e-4,9e-4,TRUE,FALSE,Center for Forecasting and Outbreak Analytics (CDC/CFA),2026-09-23,PyRenew-E
Texas,TX,1,wk inc rsv prop ed visits,prop_ed,2026-09-26,2026-10-03,CFA-PyRenew_E,3.251067971202678e-4,4.26725622456038e-4,5.163330163200546e-4,6.415665087361888e-4,8.06934859591439e-4,0.00102376831161788,0.00132008223755604,3.3e-4,4.3e-4,5.2e-4,6.4e-4,8.1e-4,0.001,0.0013,TRUE,FALSE,Center for Forecasting and Outbreak Analytics (CDC/CFA),2026-09-23,PyRenew-E
Texas,TX,2,wk inc rsv prop ed visits,prop_ed,2026-09-26,2026-10-10,CFA-PyRenew_E,2.8575797490471694e-4,4.018817498624133e-4,5.397516223429637e-4,7.303559949645858e-4,0.00100491660015789,0.00137060212025035,0.00218901858520601,2.9e-4,4e-4,5.4e-4,7.3e-4,0.001,0.0014,0.0022,TRUE,FALSE,Center for Forecasting and Outbreak Analytics (CDC/CFA),2026-09-23,PyRenew-E
Texas,TX,0,wk inc rsv prop ed visits,prop_ed,2026-09-26,2026-09-26,CFA-NowcastAutoGP,3.3290033040578955e-4,3.9878363824341574e-4,4.489309498143374e-4,5.171191340166139e-4,5.944275977109798e-4,6.925695372928392e-4,8.045455668876635e-4,3.3e-4,4e-4,4.5e-4,5.2e-4,5.9e-4,6.9e-4,8e-4,TRUE,FALSE,Center for Forecasting and Outbreak Analytics (CDC/CFA),2026-09-23,NowcastAutoGP
Texas,TX,1,wk inc rsv prop ed visits,prop_ed,2026-09-26,2026-10-03,CFA-NowcastAutoGP,3.6268037238277256e-4,4.33492184856336e-4,5.021098373651148e-4,5.870774003429533e-4,7.014174885506061e-4,8.213398300984181e-4,9.694882505069846e-4,3.6e-4,4.3e-4,5e-4,5.9e-4,7e-4,8.2e-4,9.7e-4,TRUE,FALSE,Center for Forecasting and Outbreak Analytics (CDC/CFA),2026-09-23,NowcastAutoGP
Texas,TX,2,wk inc rsv prop ed visits,prop_ed,2026-09-26,2026-10-10,CFA-NowcastAutoGP,3.8337396997880735e-4,4.7820951436905224e-4,5.612921300453962e-4,6.83601626240565e-4,8.406950521723823e-4,0.0010144230869850062,0.0012329634971082785,3.8e-4,4.8e-4,5.6e-4,6.8e-4,8.4e-4,0.001,0.0012,TRUE,FALSE,Center for Forecasting and Outbreak Analytics (CDC/CFA),2026-09-23,NowcastAutoGP
Texas,TX,0,wk inc rsv hosp,hosp,2026-09-26,2026-09-26,CFA-PyRenew_H,19,26,33,41,51,62,78.02499999999986,20,30,30,40,50,60,80,FALSE,FALSE,Center for Forecasting and Outbreak Analytics (CDC/CFA),2026-09-23,PyRenew-H
Texas,TX,1,wk inc rsv hosp,hosp,2026-09-26,2026-10-03,CFA-PyRenew_H,19,27,35,48,65,87,129.02499999999986,20,30,40,50,70,90,130,FALSE,FALSE,Center for Forecasting and Outbreak Analytics (CDC/CFA),2026-09-23,PyRenew-H
Texas,TX,2,wk inc rsv hosp,hosp,2026-09-26,2026-10-10,CFA-PyRenew_H,16,26,37,55,88,130,219.02499999999986,20,30,40,60,90,130,220,FALSE,FALSE,Center for Forecasting and Outbreak Analytics (CDC/CFA),2026-09-23,PyRenew-H
Texas,TX,0,wk inc rsv hosp,hosp,2026-09-26,2026-09-26,CFA-PyRenew_HE,25,32,38,46,58,71.10000000000014,91,30,30,40,50,60,70,90,TRUE,FALSE,Center for Forecasting and Outbreak Analytics (CDC/CFA),2026-09-23,PyRenew-HE
Texas,TX,1,wk inc rsv hosp,hosp,2026-09-26,2026-10-03,CFA-PyRenew_HE,23.975,32,40,52,68,91,121.02499999999986,20,30,40,50,70,90,120,TRUE,FALSE,Center for Forecasting and Outbreak Analytics (CDC/CFA),2026-09-23,PyRenew-HE
Texas,TX,2,wk inc rsv hosp,hosp,2026-09-26,2026-10-10,CFA-PyRenew_HE,23,31,42,58,81,119,190.0749999999996,20,30,40,60,80,120,190,TRUE,FALSE,Center for Forecasting and Outbreak Analytics (CDC/CFA),2026-09-23,PyRenew-HE
Texas,TX,0,wk inc rsv prop ed visits,prop_ed,2026-09-26,2026-09-26,CFA-PyRenew_HE,3.3267505755649564e-4,3.9283269631659295e-4,4.471238578001848e-4,5.162821915642359e-4,5.996559011391878e-4,6.854141701452599e-4,7.924259437222446e-4,3.3e-4,3.9e-4,4.5e-4,5.2e-4,6e-4,6.9e-4,7.9e-4,FALSE,FALSE,Center for Forecasting and Outbreak Analytics (CDC/CFA),2026-09-23,PyRenew-HE
Texas,TX,1,wk inc rsv prop ed visits,prop_ed,2026-09-26,2026-10-03,CFA-PyRenew_HE,2.89364247817298e-4,3.761496341001975e-4,4.6102767408981015e-4,5.660413435253232e-4,7.16878095853591e-4,8.934247250863265e-4,0.00117579466657407,2.9e-4,3.8e-4,4.6e-4,5.7e-4,7.2e-4,8.9e-4,0.0012,FALSE,FALSE,Center for Forecasting and Outbreak Analytics (CDC/CFA),2026-09-23,PyRenew-HE
Texas,TX,2,wk inc rsv prop ed visits,prop_ed,2026-09-26,2026-10-10,CFA-PyRenew_HE,2.560412733496986e-4,3.6187936690444005e-4,4.7365401493416377e-4,6.297217882316711e-4,8.75221054648364e-4,0.00122933811947249,0.00184591310402541,2.6e-4,3.6e-4,4.7e-4,6.3e-4,8.8e-4,0.0012,0.0018,FALSE,FALSE,Center for Forecasting and Outbreak Analytics (CDC/CFA),2026-09-23,PyRenew-HE
Texas,TX,0,wk inc rsv hosp,hosp,2026-09-26,2026-09-26,NAU-epymorph,27,33,41,51,61,72,91,30,30,40,50,60,70,90,TRUE,FALSE,Northern Arizona University,2026-09-23,epymorph RSV compartmental model
Texas,TX,1,wk inc rsv hosp,hosp,2026-09-26,2026-10-03,NAU-epymorph,25,34,44,60,79,108,156,30,30,40,60,80,110,160,TRUE,FALSE,Northern Arizona University,2026-09-23,epymorph RSV compartmental model
Texas,TX,2,wk inc rsv hosp,hosp,2026-09-26,2026-10-10,NAU-epymorph,23,34,48,72,108,170,313,20,30,50,70,110,170,310,TRUE,FALSE,Northern Arizona University,2026-09-23,epymorph RSV compartmental model
Texas,TX,0,wk inc rsv hosp,hosp,2026-09-26,2026-09-26,RSVHub-baseline,0,0,36,44,52,97.90000000000003,185.17499999999987,0,0,40,40,50,100,190,FALSE,FALSE,RSVHub-hub-models,2026-09-23,RSVHub baseline model
Texas,TX,1,wk inc rsv hosp,hosp,2026-09-26,2026-10-03,RSVHub-baseline,0,0,18.609748597485964,44,72.79035040350404,134.55757657576578,220.15480454804506,0,0,20,40,70,130,220,FALSE,FALSE,RSVHub-hub-models,2026-09-23,RSVHub baseline model
Texas,TX,2,wk inc rsv hosp,hosp,2026-09-26,2026-10-10,RSVHub-baseline,0,0,6.607581075810753,44,89.63960639606395,164.31796117961196,254.33241307413041,0,0,7,40,90,160,250,FALSE,FALSE,RSVHub-hub-models,2026-09-23,RSVHub baseline model
Texas,TX,0,wk inc rsv prop ed visits,prop_ed,2026-09-26,2026-09-26,RSVHub-baseline,0,0,4.999999999999997e-4,6e-4,7.000000000000002e-4,0.00147,0.002667499999999994,0,0,5e-4,6e-4,7e-4,0.0015,0.0027,FALSE,FALSE,RSVHub-hub-models,2026-09-23,RSVHub baseline model
Texas,TX,1,wk inc rsv prop ed visits,prop_ed,2026-09-26,2026-10-03,RSVHub-baseline,0,0,1.9999999999999993e-4,6e-4,0.0010999999999999998,0.002053892738927387,0.0033,0,0,2e-4,6e-4,0.0011,0.0021,0.0033,FALSE,FALSE,RSVHub-hub-models,2026-09-23,RSVHub baseline model
Texas,TX,2,wk inc rsv prop ed visits,prop_ed,2026-09-26,2026-10-10,RSVHub-baseline,0,0,0,6e-4,0.0013999999999999976,0.0024000000000000007,0.003717062745627447,0,0,0,6e-4,0.0014,0.0024,0.0037,FALSE,FALSE,RSVHub-hub-models,2026-09-23,RSVHub baseline model
Texas,TX,0,wk inc rsv hosp,hosp,2026-09-26,2026-09-26,RSVHub-ensemble,25,32,38,46,58,71.10000000000014,91,30,30,40,50,60,70,90,FALSE,TRUE,RSVHub,2026-09-23,Ensemble using RSVHub forecast submissions
Texas,TX,1,wk inc rsv hosp,hosp,2026-09-26,2026-10-03,RSVHub-ensemble,23.975,32,40,52,68,91,121.02499999999986,20,30,40,50,70,90,120,FALSE,TRUE,RSVHub,2026-09-23,Ensemble using RSVHub forecast submissions
Texas,TX,2,wk inc rsv hosp,hosp,2026-09-26,2026-10-10,RSVHub-ensemble,23,31,42,58,81,119,190.0749999999996,20,30,40,60,80,120,190,FALSE,TRUE,RSVHub,2026-09-23,Ensemble using RSVHub forecast submissions
Texas,TX,0,wk inc rsv prop ed visits,prop_ed,2026-09-26,2026-09-26,RSVHub-ensemble,3.485796008019425e-4,4.1345939616289424e-4,4.711611043592037e-4,5.436839191102257e-4,6.300030932971846e-4,7.308849027300621e-4,8.543878695228531e-4,3.5e-4,4.1e-4,4.7e-4,5.4e-4,6.3e-4,7.3e-4,8.5e-4,FALSE,TRUE,RSVHub,2026-09-23,Ensemble using RSVHub forecast submissions
Texas,TX,1,wk inc rsv prop ed visits,prop_ed,2026-09-26,2026-10-03,RSVHub-ensemble,3.4389358475152016e-4,4.30108903656187e-4,5.092214268425847e-4,6.14321954539571e-4,7.541761740710225e-4,9.22554070858149e-4,0.0011447852440315122,3.4e-4,4.3e-4,5.1e-4,6.1e-4,7.5e-4,9.2e-4,0.0011,FALSE,TRUE,RSVHub,2026-09-23,Ensemble using RSVHub forecast submissions
Texas,TX,2,wk inc rsv prop ed visits,prop_ed,2026-09-26,2026-10-10,RSVHub-ensemble,3.3456597244176214e-4,4.4004563211573277e-4,5.505218761941799e-4,7.069788106025753e-4,9.228058261651362e-4,0.0011925126036176781,0.0017109910411571443,3.3e-4,4.4e-4,5.5e-4,7.1e-4,9.2e-4,0.0012,0.0017,FALSE,TRUE,RSVHub,2026-09-23,Ensemble using RSVHub forecast submissions
Utah,UT,0,wk inc rsv hosp,hosp,2026-09-26,2026-09-26,CEPH-Rtrend_rsv,1,1,2,3,4,6,7,1,1,2,3,4,6,7,TRUE,FALSE,CEPH Lab at Indiana University,2026-09-23,Rtrend RSV
Utah,UT,1,wk inc rsv hosp,hosp,2026-09-26,2026-10-03,CEPH-Rtrend_rsv,1,1,2,3,5,7,9,1,1,2,3,5,7,9,TRUE,FALSE,CEPH Lab at Indiana University,2026-09-23,Rtrend RSV
Utah,UT,2,wk inc rsv hosp,hosp,2026-09-26,2026-10-10,CEPH-Rtrend_rsv,0,1,2,3,5,7,11,0,1,2,3,5,7,10,TRUE,FALSE,CEPH Lab at Indiana University,2026-09-23,Rtrend RSV
Utah,UT,0,wk inc rsv prop ed visits,prop_ed,2026-09-26,2026-09-26,CFA-PyRenew_E,0,0,0,4.5947718499395586e-5,1.337302352637722e-4,1.827053891419058e-4,3.1605447845594096e-4,0,0,0,4.6e-5,1.3e-4,1.8e-4,3.2e-4,TRUE,FALSE,Center for Forecasting and Outbreak Analytics (CDC/CFA),2026-09-23,PyRenew-E
Utah,UT,1,wk inc rsv prop ed visits,prop_ed,2026-09-26,2026-10-03,CFA-PyRenew_E,0,0,0,4.572642055370983e-5,1.3447187443165582e-4,2.355985504524992e-4,4.795494936683453e-4,0,0,0,4.6e-5,1.3e-4,2.4e-4,4.8e-4,TRUE,FALSE,Center for Forecasting and Outbreak Analytics (CDC/CFA),2026-09-23,PyRenew-E
Utah,UT,2,wk inc rsv prop ed visits,prop_ed,2026-09-26,2026-10-10,CFA-PyRenew_E,0,0,0,4.557086619548917e-5,1.3584240846370882e-4,3.1228377569446033e-4,6.677303508633789e-4,0,0,0,4.6e-5,1.4e-4,3.1e-4,6.7e-4,TRUE,FALSE,Center for Forecasting and Outbreak Analytics (CDC/CFA),2026-09-23,PyRenew-E
Utah,UT,0,wk inc rsv prop ed visits,prop_ed,2026-09-26,2026-09-26,CFA-NowcastAutoGP,0,4.6379367151488216e-6,1.8383899851247064e-5,4.059418102671674e-5,7.831564928591241e-5,1.3541833227178807e-4,2.3740681863797323e-4,0,4.6e-6,1.8e-5,4.1e-5,7.8e-5,1.4e-4,2.4e-4,TRUE,FALSE,Center for Forecasting and Outbreak Analytics (CDC/CFA),2026-09-23,NowcastAutoGP
Utah,UT,1,wk inc rsv prop ed visits,prop_ed,2026-09-26,2026-10-03,CFA-NowcastAutoGP,0,1.934145849338789e-6,1.3277893086352994e-5,3.4416385599164046e-5,7.042337718445964e-5,1.1939906454943822e-4,2.1969914458719002e-4,0,1.9e-6,1.3e-5,3.4e-5,7e-5,1.2e-4,2.2e-4,TRUE,FALSE,Center for Forecasting and Outbreak Analytics (CDC/CFA),2026-09-23,NowcastAutoGP
Utah,UT,2,wk inc rsv prop ed visits,prop_ed,2026-09-26,2026-10-10,CFA-NowcastAutoGP,0,0,1.0300952014398266e-5,3.121635417921206e-5,6.645584627192202e-5,1.1234469040357142e-4,2.0186378199270896e-4,0,0,1e-5,3.1e-5,6.6e-5,1.1e-4,2e-4,TRUE,FALSE,Center for Forecasting and Outbreak Analytics (CDC/CFA),2026-09-23,NowcastAutoGP
Utah,UT,0,wk inc rsv hosp,hosp,2026-09-26,2026-09-26,CFA-PyRenew_H,0,0,0,1,2,4,6,0,0,0,1,2,4,6,FALSE,FALSE,Center for Forecasting and Outbreak Analytics (CDC/CFA),2026-09-23,PyRenew-H
Utah,UT,1,wk inc rsv hosp,hosp,2026-09-26,2026-10-03,CFA-PyRenew_H,0,0,0,1,3,5,11,0,0,0,1,3,5,10,FALSE,FALSE,Center for Forecasting and Outbreak Analytics (CDC/CFA),2026-09-23,PyRenew-H
Utah,UT,2,wk inc rsv hosp,hosp,2026-09-26,2026-10-10,CFA-PyRenew_H,0,0,0,1,4,8,21,0,0,0,1,4,8,20,FALSE,FALSE,Center for Forecasting and Outbreak Analytics (CDC/CFA),2026-09-23,PyRenew-H
Utah,UT,0,wk inc rsv hosp,hosp,2026-09-26,2026-09-26,CFA-PyRenew_HE,0,0,0,1,1,3,4,0,0,0,1,1,3,4,TRUE,FALSE,Center for Forecasting and Outbreak Analytics (CDC/CFA),2026-09-23,PyRenew-HE
Utah,UT,1,wk inc rsv hosp,hosp,2026-09-26,2026-10-03,CFA-PyRenew_HE,0,0,0,1,2,3,7,0,0,0,1,2,3,7,TRUE,FALSE,Center for Forecasting and Outbreak Analytics (CDC/CFA),2026-09-23,PyRenew-HE
Utah,UT,2,wk inc rsv hosp,hosp,2026-09-26,2026-10-10,CFA-PyRenew_HE,0,0,0,1,2,5,10,0,0,0,1,2,5,10,TRUE,FALSE,Center for Forecasting and Outbreak Analytics (CDC/CFA),2026-09-23,PyRenew-HE
Utah,UT,0,wk inc rsv prop ed visits,prop_ed,2026-09-26,2026-09-26,CFA-PyRenew_HE,0,0,4.488213665042747e-5,9.0906867209987e-5,1.816497655677616e-4,3.0967882881360073e-4,4.5185949088649593e-4,0,0,4.5e-5,9.1e-5,1.8e-4,3.1e-4,4.5e-4,FALSE,FALSE,Center for Forecasting and Outbreak Analytics (CDC/CFA),2026-09-23,PyRenew-HE
Utah,UT,1,wk inc rsv prop ed visits,prop_ed,2026-09-26,2026-10-03,CFA-PyRenew_HE,0,0,4.490658271290758e-5,9.166767279064188e-5,2.255845123727988e-4,4.02882100818103e-4,7.281291292198254e-4,0,0,4.5e-5,9.2e-5,2.3e-4,4e-4,7.3e-4,FALSE,FALSE,Center for Forecasting and Outbreak Analytics (CDC/CFA),2026-09-23,PyRenew-HE
Utah,UT,2,wk inc rsv prop ed visits,prop_ed,2026-09-26,2026-10-10,CFA-PyRenew_HE,0,0,4.477679022879034e-5,1.3377871445806544e-4,3.0647335480877327e-4,5.849259793933108e-4,0.00135879747124994,0,0,4.5e-5,1.3e-4,3.1e-4,5.8e-4,0.0014,FALSE,FALSE,Center for Forecasting and Outbreak Analytics (CDC/CFA),2026-09-23,PyRenew-HE
Utah,UT,0,wk inc rsv hosp,hosp,2026-09-26,2026-09-26,NAU-epymorph,0,0,1,3,6,9,15,0,0,1,3,6,9,20,TRUE,FALSE,Northern Arizona University,2026-09-23,epymorph RSV compartmental model
Utah,UT,1,wk inc rsv hosp,hosp,2026-09-26,2026-10-03,NAU-epymorph,0,0,1,3,7,15,31,0,0,1,3,7,20,30,TRUE,FALSE,Northern Arizona University,2026-09-23,epymorph RSV compartmental model
Utah,UT,2,wk inc rsv hosp,hosp,2026-09-26,2026-10-10,NAU-epymorph,0,0,1,4,10,24,61,0,0,1,4,10,20,60,TRUE,FALSE,Northern Arizona University,2026-09-23,epymorph RSV compartmental model
Utah,UT,0,wk inc rsv hosp,hosp,2026-09-26,2026-09-26,RSVHub-baseline,0,0,0,1,3,8,35.974999999999675,0,0,0,1,3,8,40,FALSE,FALSE,RSVHub-hub-models,2026-09-23,RSVHub baseline model
Utah,UT,1,wk inc rsv hosp,hosp,2026-09-26,2026-10-03,RSVHub-baseline,0,0,0,1,5.453124531245294,14.410521105211009,50.453124531245294,0,0,0,1,5,10,50,FALSE,FALSE,RSVHub-hub-models,2026-09-23,RSVHub baseline model
Utah,UT,2,wk inc rsv hosp,hosp,2026-09-26,2026-10-10,RSVHub-baseline,0,0,0,1,7.961614616146164,24.383691836918366,53.110730357303524,0,0,0,1,8,20,50,FALSE,FALSE,RSVHub-hub-models,2026-09-23,RSVHub baseline model
Utah,UT,0,wk inc rsv prop ed visits,prop_ed,2026-09-26,2026-09-26,RSVHub-baseline,0,0,0,0,2e-4,0.0011999999999999997,0.0035349999999999887,0,0,0,0,2e-4,0.0012,0.0035,FALSE,FALSE,RSVHub-hub-models,2026-09-23,RSVHub baseline model
Utah,UT,1,wk inc rsv prop ed visits,prop_ed,2026-09-26,2026-10-03,RSVHub-baseline,0,0,0,0,6.000000000000006e-4,0.0022824456244562503,0.004920720957209552,0,0,0,0,6e-4,0.0023,0.0049,FALSE,FALSE,RSVHub-hub-models,2026-09-23,RSVHub baseline model
Utah,UT,2,wk inc rsv prop ed visits,prop_ed,2026-09-26,2026-10-10,RSVHub-baseline,0,0,0,0,0.0010999999999999994,0.0029564758647586506,0.006,0,0,0,0,0.0011,0.003,0.006,FALSE,FALSE,RSVHub-hub-models,2026-09-23,RSVHub baseline model
Utah,UT,0,wk inc rsv hosp,hosp,2026-09-26,2026-09-26,RSVHub-ensemble,0,0,1,3,4,6,7,0,0,1,3,4,6,7,FALSE,TRUE,RSVHub,2026-09-23,Ensemble using RSVHub forecast submissions
Utah,UT,1,wk inc rsv hosp,hosp,2026-09-26,2026-10-03,RSVHub-ensemble,0,0,1,3,5,7,9,0,0,1,3,5,7,9,FALSE,TRUE,RSVHub,2026-09-23,Ensemble using RSVHub forecast submissions
Utah,UT,2,wk inc rsv hosp,hosp,2026-09-26,2026-10-10,RSVHub-ensemble,0,0,1,3,5,7,11,0,0,1,3,5,7,10,FALSE,TRUE,RSVHub,2026-09-23,Ensemble using RSVHub forecast submissions
Utah,UT,0,wk inc rsv prop ed visits,prop_ed,2026-09-26,2026-09-26,RSVHub-ensemble,0,2.3189683575744108e-6,9.191949925623532e-6,4.327094976305616e-5,1.0602294227484231e-4,1.5906186070684694e-4,2.767306485469571e-4,0,2.3e-6,9.2e-6,4.3e-5,1.1e-4,1.6e-4,2.8e-4,FALSE,TRUE,RSVHub,2026-09-23,Ensemble using RSVHub forecast submissions
Utah,UT,1,wk inc rsv prop ed visits,prop_ed,2026-09-26,2026-10-03,RSVHub-ensemble,0,9.670729246693945e-7,6.638946543176497e-6,4.0071403076436936e-5,1.0244762580805772e-4,1.774988075009687e-4,3.4962431912776765e-4,0,9.7e-7,6.6e-6,4e-5,1e-4,1.8e-4,3.5e-4,FALSE,TRUE,RSVHub,2026-09-23,Ensemble using RSVHub forecast submissions
Utah,UT,2,wk inc rsv prop ed visits,prop_ed,2026-09-26,2026-10-10,RSVHub-ensemble,0,0,5.150476007199133e-6,3.8393610187350615e-5,1.0114912736781542e-4,2.1231423304901586e-4,4.3479706642804395e-4,0,0,5.2e-6,3.8e-5,1e-4,2.1e-4,4.3e-4,FALSE,TRUE,RSVHub,2026-09-23,Ensemble using RSVHub forecast submissions
Vermont,VT,0,wk inc rsv hosp,hosp,2026-09-26,2026-09-26,CEPH-Rtrend_rsv,1,1,1,1,1,2,2,1,1,1,1,1,2,2,TRUE,FALSE,CEPH Lab at Indiana University,2026-09-23,Rtrend RSV
Vermont,VT,1,wk inc rsv hosp,hosp,2026-09-26,2026-10-03,CEPH-Rtrend_rsv,0,1,1,1,2,2,3,0,1,1,1,2,2,3,TRUE,FALSE,CEPH Lab at Indiana University,2026-09-23,Rtrend RSV
Vermont,VT,2,wk inc rsv hosp,hosp,2026-09-26,2026-10-10,CEPH-Rtrend_rsv,0,1,1,1,2,2,3,0,1,1,1,2,2,3,TRUE,FALSE,CEPH Lab at Indiana University,2026-09-23,Rtrend RSV
Vermont,VT,0,wk inc rsv prop ed visits,prop_ed,2026-09-26,2026-09-26,CFA-PyRenew_E,0,0,0,0,1.7338802456479444e-4,3.465171134614209e-4,6.872125428948908e-4,0,0,0,0,1.7e-4,3.5e-4,6.9e-4,TRUE,FALSE,Center for Forecasting and Outbreak Analytics (CDC/CFA),2026-09-23,PyRenew-E
Vermont,VT,1,wk inc rsv prop ed visits,prop_ed,2026-09-26,2026-10-03,CFA-PyRenew_E,0,0,0,0,1.7495089430547635e-4,4.913537769797424e-4,0.00103033079898661,0,0,0,0,1.7e-4,4.9e-4,0.001,TRUE,FALSE,Center for Forecasting and Outbreak Analytics (CDC/CFA),2026-09-23,PyRenew-E
Vermont,VT,2,wk inc rsv prop ed visits,prop_ed,2026-09-26,2026-10-10,CFA-PyRenew_E,0,0,0,0,1.809653016310523e-4,6.785357623397239e-4,0.00192315629226084,0,0,0,0,1.8e-4,6.8e-4,0.0019,TRUE,FALSE,Center for Forecasting and Outbreak Analytics (CDC/CFA),2026-09-23,PyRenew-E
Vermont,VT,0,wk inc rsv prop ed visits,prop_ed,2026-09-26,2026-09-26,CFA-NowcastAutoGP,0,0,1.2955152219418951e-5,6.0855235586873915e-5,1.348581501660504e-4,2.368577857598139e-4,4.320720035117639e-4,0,0,1.3e-5,6.1e-5,1.3e-4,2.4e-4,4.3e-4,TRUE,FALSE,Center for Forecasting and Outbreak Analytics (CDC/CFA),2026-09-23,NowcastAutoGP
Vermont,VT,1,wk inc rsv prop ed visits,prop_ed,2026-09-26,2026-10-03,CFA-NowcastAutoGP,0,0,9.074930187829814e-6,6.038674240869917e-5,1.415552375683398e-4,2.4342136400778335e-4,4.2188415268032875e-4,0,0,9.1e-6,6e-5,1.4e-4,2.4e-4,4.2e-4,TRUE,FALSE,Center for Forecasting and Outbreak Analytics (CDC/CFA),2026-09-23,NowcastAutoGP
Vermont,VT,2,wk inc rsv prop ed visits,prop_ed,2026-09-26,2026-10-10,CFA-NowcastAutoGP,0,0,1.2721031232699968e-5,6.0347339627728505e-5,1.4279951960911806e-4,2.50150972798245e-4,4.37794945584494e-4,0,0,1.3e-5,6e-5,1.4e-4,2.5e-4,4.4e-4,TRUE,FALSE,Center for Forecasting and Outbreak Analytics (CDC/CFA),2026-09-23,NowcastAutoGP
Vermont,VT,0,wk inc rsv hosp,hosp,2026-09-26,2026-09-26,CFA-PyRenew_H,0,0,0,0,1,3,5,0,0,0,0,1,3,5,FALSE,FALSE,Center for Forecasting and Outbreak Analytics (CDC/CFA),2026-09-23,PyRenew-H
Vermont,VT,1,wk inc rsv hosp,hosp,2026-09-26,2026-10-03,CFA-PyRenew_H,0,0,0,0,2,4,8.524999999999977,0,0,0,0,2,4,9,FALSE,FALSE,Center for Forecasting and Outbreak Analytics (CDC/CFA),2026-09-23,PyRenew-H
Vermont,VT,2,wk inc rsv hosp,hosp,2026-09-26,2026-10-10,CFA-PyRenew_H,0,0,0,1,3,6,21,0,0,0,1,3,6,20,FALSE,FALSE,Center for Forecasting and Outbreak Analytics (CDC/CFA),2026-09-23,PyRenew-H
Vermont,VT,0,wk inc rsv hosp,hosp,2026-09-26,2026-09-26,CFA-PyRenew_HE,0,0,0,0,1,2,3,0,0,0,0,1,2,3,TRUE,FALSE,Center for Forecasting and Outbreak Analytics (CDC/CFA),2026-09-23,PyRenew-HE
Vermont,VT,1,wk inc rsv hosp,hosp,2026-09-26,2026-10-03,CFA-PyRenew_HE,0,0,0,0,1,3,5,0,0,0,0,1,3,5,TRUE,FALSE,Center for Forecasting and Outbreak Analytics (CDC/CFA),2026-09-23,PyRenew-HE
Vermont,VT,2,wk inc rsv hosp,hosp,2026-09-26,2026-10-10,CFA-PyRenew_HE,0,0,0,0,2,4,10,0,0,0,0,2,4,10,TRUE,FALSE,Center for Forecasting and Outbreak Analytics (CDC/CFA),2026-09-23,PyRenew-HE
Vermont,VT,0,wk inc rsv prop ed visits,prop_ed,2026-09-26,2026-09-26,CFA-PyRenew_HE,0,0,0,1.7078125796076327e-4,3.4218025542979877e-4,5.256971403815223e-4,8.646065903359239e-4,0,0,0,1.7e-4,3.4e-4,5.3e-4,8.6e-4,FALSE,FALSE,Center for Forecasting and Outbreak Analytics (CDC/CFA),2026-09-23,PyRenew-HE
Vermont,VT,1,wk inc rsv prop ed visits,prop_ed,2026-09-26,2026-10-03,CFA-PyRenew_HE,0,0,0,1.7290070193551815e-4,0.00036866699647833683,8.390267468149802e-4,0.00160907868975399,0,0,0,1.7e-4,3.7e-4,8.4e-4,0.0016,FALSE,FALSE,Center for Forecasting and Outbreak Analytics (CDC/CFA),2026-09-23,PyRenew-HE
Vermont,VT,2,wk inc rsv prop ed visits,prop_ed,2026-09-26,2026-10-10,CFA-PyRenew_HE,0,0,0,1.7591537548140415e-4,6.487863711750511e-4,0.00125420237260426,0.00302127575833247,0,0,0,1.8e-4,6.5e-4,0.0013,0.003,FALSE,FALSE,Center for Forecasting and Outbreak Analytics (CDC/CFA),2026-09-23,PyRenew-HE
Vermont,VT,0,wk inc rsv hosp,hosp,2026-09-26,2026-09-26,NAU-epymorph,0,0,0,1,2,4,8,0,0,0,1,2,4,8,TRUE,FALSE,Northern Arizona University,2026-09-23,epymorph RSV compartmental model
Vermont,VT,1,wk inc rsv hosp,hosp,2026-09-26,2026-10-03,NAU-epymorph,0,0,0,1,3,6,13,0,0,0,1,3,6,10,TRUE,FALSE,Northern Arizona University,2026-09-23,epymorph RSV compartmental model
Vermont,VT,2,wk inc rsv hosp,hosp,2026-09-26,2026-10-10,NAU-epymorph,0,0,0,1,4,8,23,0,0,0,1,4,8,20,TRUE,FALSE,Northern Arizona University,2026-09-23,epymorph RSV compartmental model
Vermont,VT,0,wk inc rsv hosp,hosp,2026-09-26,2026-09-26,RSVHub-baseline,0,0,0,1,2,4,9,0,0,0,1,2,4,9,FALSE,FALSE,RSVHub-hub-models,2026-09-23,RSVHub baseline model
Vermont,VT,1,wk inc rsv hosp,hosp,2026-09-26,2026-10-03,RSVHub-baseline,0,0,0,1,3,6.000065000650012,11,0,0,0,1,3,6,10,FALSE,FALSE,RSVHub-hub-models,2026-09-23,RSVHub baseline model
Vermont,VT,2,wk inc rsv hosp,hosp,2026-09-26,2026-10-10,RSVHub-baseline,0,0,0,1,4,8,12.831120311203094,0,0,0,1,4,8,10,FALSE,FALSE,RSVHub-hub-models,2026-09-23,RSVHub baseline model
Vermont,VT,0,wk inc rsv prop ed visits,prop_ed,2026-09-26,2026-09-26,RSVHub-baseline,0,0,0,0,4e-4,0.0014000000000000002,0.0039024999999999815,0,0,0,0,4e-4,0.0014,0.0039,FALSE,FALSE,RSVHub-hub-models,2026-09-23,RSVHub baseline model
Vermont,VT,1,wk inc rsv prop ed visits,prop_ed,2026-09-26,2026-10-03,RSVHub-baseline,0,0,0,0,8e-4,0.0026000000000000003,0.005129113266132673,0,0,0,0,8e-4,0.0026,0.0051,FALSE,FALSE,RSVHub-hub-models,2026-09-23,RSVHub baseline model
Vermont,VT,2,wk inc rsv prop ed visits,prop_ed,2026-09-26,2026-10-10,RSVHub-baseline,0,0,0,1.500014999825149e-9,0.0012045230452304534,0.0032747285472854728,0.006002756652566517,0,0,0,1.5e-9,0.0012,0.0033,0.006,FALSE,FALSE,RSVHub-hub-models,2026-09-23,RSVHub baseline model
Vermont,VT,0,wk inc rsv hosp,hosp,2026-09-26,2026-09-26,RSVHub-ensemble,0,0,0,1,1,2,3,0,0,0,1,1,2,3,FALSE,TRUE,RSVHub,2026-09-23,Ensemble using RSVHub forecast submissions
Vermont,VT,1,wk inc rsv hosp,hosp,2026-09-26,2026-10-03,RSVHub-ensemble,0,0,0,1,2,3,5,0,0,0,1,2,3,5,FALSE,TRUE,RSVHub,2026-09-23,Ensemble using RSVHub forecast submissions
Vermont,VT,2,wk inc rsv hosp,hosp,2026-09-26,2026-10-10,RSVHub-ensemble,0,0,0,1,2,4,10,0,0,0,1,2,4,10,FALSE,TRUE,RSVHub,2026-09-23,Ensemble using RSVHub forecast submissions
Vermont,VT,0,wk inc rsv prop ed visits,prop_ed,2026-09-26,2026-09-26,RSVHub-ensemble,0,0,6.477576109709476e-6,3.0427617793436958e-5,1.5412308736542242e-4,2.916874496106174e-4,5.596422732033273e-4,0,0,6.5e-6,3e-5,1.5e-4,2.9e-4,5.6e-4,FALSE,TRUE,RSVHub,2026-09-23,Ensemble using RSVHub forecast submissions
Vermont,VT,1,wk inc rsv prop ed visits,prop_ed,2026-09-26,2026-10-03,RSVHub-ensemble,0,0,4.537465093914907e-6,3.0193371204349584e-5,1.5825306593690808e-4,3.6738757049376285e-4,7.261074758334693e-4,0,0,4.5e-6,3e-5,1.6e-4,3.7e-4,7.3e-4,FALSE,TRUE,RSVHub,2026-09-23,Ensemble using RSVHub forecast submissions
Vermont,VT,2,wk inc rsv prop ed visits,prop_ed,2026-09-26,2026-10-10,RSVHub-ensemble,0,0,6.360515616349984e-6,3.0173669813864252e-5,1.6188241062008518e-4,4.6434336756898445e-4,0.0011804756189226669,0,0,6.4e-6,3e-5,1.6e-4,4.6e-4,0.0012,FALSE,TRUE,RSVHub,2026-09-23,Ensemble using RSVHub forecast submissions
Virginia,VA,0,wk inc rsv hosp,hosp,2026-09-26,2026-09-26,CEPH-Rtrend_rsv,3,3,4,6,8,9,12,3,3,4,6,8,9,10,TRUE,FALSE,CEPH Lab at Indiana University,2026-09-23,Rtrend RSV
Virginia,VA,1,wk inc rsv hosp,hosp,2026-09-26,2026-10-03,CEPH-Rtrend_rsv,2,3,4,6,9,12,17,2,3,4,6,9,10,20,TRUE,FALSE,CEPH Lab at Indiana University,2026-09-23,Rtrend RSV
Virginia,VA,2,wk inc rsv hosp,hosp,2026-09-26,2026-10-10,CEPH-Rtrend_rsv,2,2,4,6,11,17,26,2,2,4,6,10,20,30,TRUE,FALSE,CEPH Lab at Indiana University,2026-09-23,Rtrend RSV
Virginia,VA,0,wk inc rsv prop ed visits,prop_ed,2026-09-26,2026-09-26,CFA-PyRenew_E,1.0807115563579868e-4,1.4402957384421227e-4,1.829956110736308e-4,2.3946302696368604e-4,3.027672541395616e-4,3.653801771964575e-4,4.397417821833156e-4,1.1e-4,1.4e-4,1.8e-4,2.4e-4,3e-4,3.7e-4,4.4e-4,TRUE,FALSE,Center for Forecasting and Outbreak Analytics (CDC/CFA),2026-09-23,PyRenew-E
Virginia,VA,1,wk inc rsv prop ed visits,prop_ed,2026-09-26,2026-10-03,CFA-PyRenew_E,7.31962284653469e-5,1.2005219612540572e-4,1.6920985728165246e-4,2.325864613556002e-4,3.189388976836862e-4,4.030890267679859e-4,5.403163296651727e-4,7.3e-5,1.2e-4,1.7e-4,2.3e-4,3.2e-4,4e-4,5.4e-4,TRUE,FALSE,Center for Forecasting and Outbreak Analytics (CDC/CFA),2026-09-23,PyRenew-E
Virginia,VA,2,wk inc rsv prop ed visits,prop_ed,2026-09-26,2026-10-10,CFA-PyRenew_E,4.8758538061605616e-5,9.558312847932825e-5,1.4456719787995755e-4,2.276769835763317e-4,3.385420770462713e-4,4.858530569791938e-4,7.39995094288547e-4,4.9e-5,9.6e-5,1.4e-4,2.3e-4,3.4e-4,4.9e-4,7.4e-4,TRUE,FALSE,Center for Forecasting and Outbreak Analytics (CDC/CFA),2026-09-23,PyRenew-E
Virginia,VA,0,wk inc rsv prop ed visits,prop_ed,2026-09-26,2026-09-26,CFA-NowcastAutoGP,1.8259537842475174e-4,2.2093935504743207e-4,2.6289959291350045e-4,3.165070236890125e-4,3.827942585994435e-4,4.524262948125667e-4,5.515941636788447e-4,1.8e-4,2.2e-4,2.6e-4,3.2e-4,3.8e-4,4.5e-4,5.5e-4,TRUE,FALSE,Center for Forecasting and Outbreak Analytics (CDC/CFA),2026-09-23,NowcastAutoGP
Virginia,VA,1,wk inc rsv prop ed visits,prop_ed,2026-09-26,2026-10-03,CFA-NowcastAutoGP,2.033911427761171e-4,2.49328803530649e-4,3.0393829404707403e-4,3.7057499376697695e-4,4.47964611829679e-4,5.324965828550286e-4,6.484149788561869e-4,2e-4,2.5e-4,3e-4,3.7e-4,4.5e-4,5.3e-4,6.5e-4,TRUE,FALSE,Center for Forecasting and Outbreak Analytics (CDC/CFA),2026-09-23,NowcastAutoGP
Virginia,VA,2,wk inc rsv prop ed visits,prop_ed,2026-09-26,2026-10-10,CFA-NowcastAutoGP,2.2007733800422457e-4,2.896917909949021e-4,3.5279211138349975e-4,4.3830883447762816e-4,5.43581322212639e-4,6.518634695719581e-4,7.950897551894534e-4,2.2e-4,2.9e-4,3.5e-4,4.4e-4,5.4e-4,6.5e-4,8e-4,TRUE,FALSE,Center for Forecasting and Outbreak Analytics (CDC/CFA),2026-09-23,NowcastAutoGP
Virginia,VA,0,wk inc rsv hosp,hosp,2026-09-26,2026-09-26,CFA-PyRenew_H,1,2,3,5,8,11,16,1,2,3,5,8,10,20,FALSE,FALSE,Center for Forecasting and Outbreak Analytics (CDC/CFA),2026-09-23,PyRenew-H
Virginia,VA,1,wk inc rsv hosp,hosp,2026-09-26,2026-10-03,CFA-PyRenew_H,0,2,3,6,9,14,21.024999999999864,0,2,3,6,9,10,20,FALSE,FALSE,Center for Forecasting and Outbreak Analytics (CDC/CFA),2026-09-23,PyRenew-H
Virginia,VA,2,wk inc rsv hosp,hosp,2026-09-26,2026-10-10,CFA-PyRenew_H,0,1,3,6,11,18,33.024999999999864,0,1,3,6,10,20,30,FALSE,FALSE,Center for Forecasting and Outbreak Analytics (CDC/CFA),2026-09-23,PyRenew-H
Virginia,VA,0,wk inc rsv hosp,hosp,2026-09-26,2026-09-26,CFA-PyRenew_HE,1,2,4,5,7,9,12,1,2,4,5,7,9,10,TRUE,FALSE,Center for Forecasting and Outbreak Analytics (CDC/CFA),2026-09-23,PyRenew-HE
Virginia,VA,1,wk inc rsv hosp,hosp,2026-09-26,2026-10-03,CFA-PyRenew_HE,1,2,3,5,8,10,13,1,2,3,5,8,10,10,TRUE,FALSE,Center for Forecasting and Outbreak Analytics (CDC/CFA),2026-09-23,PyRenew-HE
Virginia,VA,2,wk inc rsv hosp,hosp,2026-09-26,2026-10-10,CFA-PyRenew_HE,1,2,3,5,8,11,16,1,2,3,5,8,10,20,TRUE,FALSE,Center for Forecasting and Outbreak Analytics (CDC/CFA),2026-09-23,PyRenew-HE
Virginia,VA,0,wk inc rsv prop ed visits,prop_ed,2026-09-26,2026-09-26,CFA-PyRenew_HE,1.0769809320647852e-4,1.455730998699965e-4,1.8990900303759715e-4,2.361882367326867e-4,2.919175826334333e-4,3.478360362937437e-4,4.217307474628418e-4,1.1e-4,1.5e-4,1.9e-4,2.4e-4,2.9e-4,3.5e-4,4.2e-4,FALSE,FALSE,Center for Forecasting and Outbreak Analytics (CDC/CFA),2026-09-23,PyRenew-HE
Virginia,VA,1,wk inc rsv prop ed visits,prop_ed,2026-09-26,2026-10-03,CFA-PyRenew_HE,8.392724556099164e-5,1.2064541827187964e-4,1.6977105045124064e-4,2.327442911539889e-4,3.105207853045402e-4,3.966807472458477e-4,5.143953552692875e-4,8.4e-5,1.2e-4,1.7e-4,2.3e-4,3.1e-4,4e-4,5.1e-4,FALSE,FALSE,Center for Forecasting and Outbreak Analytics (CDC/CFA),2026-09-23,PyRenew-HE
Virginia,VA,2,wk inc rsv prop ed visits,prop_ed,2026-09-26,2026-10-10,CFA-PyRenew_HE,4.9321142322273105e-5,9.551968149271108e-5,1.4632918509758337e-4,2.3008435856094908e-4,3.2867132593167347e-4,4.646666700465462e-4,6.886912220180637e-4,4.9e-5,9.6e-5,1.5e-4,2.3e-4,3.3e-4,4.6e-4,6.9e-4,FALSE,FALSE,Center for Forecasting and Outbreak Analytics (CDC/CFA),2026-09-23,PyRenew-HE
Virginia,VA,0,wk inc rsv hosp,hosp,2026-09-26,2026-09-26,NAU-epymorph,0,0,3,6,9,15,24,0,0,3,6,9,20,20,TRUE,FALSE,Northern Arizona University,2026-09-23,epymorph RSV compartmental model
Virginia,VA,1,wk inc rsv hosp,hosp,2026-09-26,2026-10-03,NAU-epymorph,0,0,2,6,11,18,33,0,0,2,6,10,20,30,TRUE,FALSE,Northern Arizona University,2026-09-23,epymorph RSV compartmental model
Virginia,VA,2,wk inc rsv hosp,hosp,2026-09-26,2026-10-10,NAU-epymorph,0,0,3,6,13,25,50,0,0,3,6,10,30,50,TRUE,FALSE,Northern Arizona University,2026-09-23,epymorph RSV compartmental model
Virginia,VA,0,wk inc rsv hosp,hosp,2026-09-26,2026-09-26,RSVHub-baseline,0,0,2,5,8,19,42,0,0,2,5,8,20,40,FALSE,FALSE,RSVHub-hub-models,2026-09-23,RSVHub baseline model
Virginia,VA,1,wk inc rsv hosp,hosp,2026-09-26,2026-10-03,RSVHub-baseline,0,0,0,5,13.255565055650564,33.713746137461385,60.226142261421614,0,0,0,5,10,30,60,FALSE,FALSE,RSVHub-hub-models,2026-09-23,RSVHub baseline model
Virginia,VA,2,wk inc rsv hosp,hosp,2026-09-26,2026-10-10,RSVHub-baseline,0,0,0,5,19,40.328362283622845,89.53257507575026,0,0,0,5,20,40,90,FALSE,FALSE,RSVHub-hub-models,2026-09-23,RSVHub baseline model
Virginia,VA,0,wk inc rsv prop ed visits,prop_ed,2026-09-26,2026-09-26,RSVHub-baseline,0,0,1.3552527156068805e-19,2e-4,3.9999999999999986e-4,9.000000000000001e-4,0.0016674999999999945,0,0,1.4e-19,2e-4,4e-4,9e-4,0.0017,FALSE,FALSE,RSVHub-hub-models,2026-09-23,RSVHub baseline model
Virginia,VA,1,wk inc rsv prop ed visits,prop_ed,2026-09-26,2026-10-03,RSVHub-baseline,0,0,0,2e-4,6.000000000000002e-4,0.0013,0.0022602682526825205,0,0,0,2e-4,6e-4,0.0013,0.0023,FALSE,FALSE,RSVHub-hub-models,2026-09-23,RSVHub baseline model
Virginia,VA,2,wk inc rsv prop ed visits,prop_ed,2026-09-26,2026-10-10,RSVHub-baseline,0,0,0,2e-4,7.999999999999986e-4,0.0015999999999999981,0.0025999999999999994,0,0,0,2e-4,8e-4,0.0016,0.0026,FALSE,FALSE,RSVHub-hub-models,2026-09-23,RSVHub baseline model
Virginia,VA,0,wk inc rsv hosp,hosp,2026-09-26,2026-09-26,RSVHub-ensemble,1,2,4,6,8,9,12,1,2,4,6,8,9,10,FALSE,TRUE,RSVHub,2026-09-23,Ensemble using RSVHub forecast submissions
Virginia,VA,1,wk inc rsv hosp,hosp,2026-09-26,2026-10-03,RSVHub-ensemble,1,2,3,6,9,12,17,1,2,3,6,9,10,20,FALSE,TRUE,RSVHub,2026-09-23,Ensemble using RSVHub forecast submissions
Virginia,VA,2,wk inc rsv hosp,hosp,2026-09-26,2026-10-10,RSVHub-ensemble,1,2,3,6,11,17,26,1,2,3,6,10,20,30,FALSE,TRUE,RSVHub,2026-09-23,Ensemble using RSVHub forecast submissions
Virginia,VA,0,wk inc rsv prop ed visits,prop_ed,2026-09-26,2026-09-26,RSVHub-ensemble,1.453332670302752e-4,1.8248446444582217e-4,2.2294760199356562e-4,2.7798502532634927e-4,3.4278075636950256e-4,4.089032360045121e-4,4.956679729310801e-4,1.5e-4,1.8e-4,2.2e-4,2.8e-4,3.4e-4,4.1e-4,5e-4,FALSE,TRUE,RSVHub,2026-09-23,Ensemble using RSVHub forecast submissions
Virginia,VA,1,wk inc rsv prop ed visits,prop_ed,2026-09-26,2026-10-03,RSVHub-ensemble,1.38293685620732e-4,1.8469049982802738e-4,2.3657407566436326e-4,3.015807275612886e-4,3.834517547566826e-4,4.6779280481150723e-4,5.943656542606798e-4,1.4e-4,1.8e-4,2.4e-4,3e-4,3.8e-4,4.7e-4,5.9e-4,FALSE,TRUE,RSVHub,2026-09-23,Ensemble using RSVHub forecast submissions
Virginia,VA,2,wk inc rsv prop ed visits,prop_ed,2026-09-26,2026-10-10,RSVHub-ensemble,1.3441793803291508e-4,1.9263745973711516e-4,2.486796546317286e-4,3.3299290902697994e-4,4.4106169962945514e-4,5.688582632755759e-4,7.675424247390002e-4,1.3e-4,1.9e-4,2.5e-4,3.3e-4,4.4e-4,5.7e-4,7.7e-4,FALSE,TRUE,RSVHub,2026-09-23,Ensemble using RSVHub forecast submissions
Washington,WA,0,wk inc rsv hosp,hosp,2026-09-26,2026-09-26,CEPH-Rtrend_rsv,0,1,2,4,5,7,10,0,1,2,4,5,7,10,TRUE,FALSE,CEPH Lab at Indiana University,2026-09-23,Rtrend RSV
Washington,WA,1,wk inc rsv hosp,hosp,2026-09-26,2026-10-03,CEPH-Rtrend_rsv,0,1,2,4,5,8,11,0,1,2,4,5,8,10,TRUE,FALSE,CEPH Lab at Indiana University,2026-09-23,Rtrend RSV
Washington,WA,2,wk inc rsv hosp,hosp,2026-09-26,2026-10-10,CEPH-Rtrend_rsv,0,1,2,4,6,9,13,0,1,2,4,6,9,10,TRUE,FALSE,CEPH Lab at Indiana University,2026-09-23,Rtrend RSV
Washington,WA,0,wk inc rsv prop ed visits,prop_ed,2026-09-26,2026-09-26,CFA-PyRenew_E,1.6242390221788352e-5,3.27897483991059e-5,4.978517375225828e-5,8.261902493213881e-5,1.1672560206658314e-4,1.641685212595329e-4,2.1426071680817233e-4,1.6e-5,3.3e-5,5e-5,8.3e-5,1.2e-4,1.6e-4,2.1e-4,TRUE,FALSE,Center for Forecasting and Outbreak Analytics (CDC/CFA),2026-09-23,PyRenew-E
Washington,WA,1,wk inc rsv prop ed visits,prop_ed,2026-09-26,2026-10-03,CFA-PyRenew_E,0,1.6640566713382215e-5,4.877562362854115e-5,6.751901666893114e-5,1.156343684309292e-4,1.6578904107115695e-4,2.442952451488211e-4,0,1.7e-5,4.9e-5,6.8e-5,1.2e-4,1.7e-4,2.4e-4,TRUE,FALSE,Center for Forecasting and Outbreak Analytics (CDC/CFA),2026-09-23,PyRenew-E
Washington,WA,2,wk inc rsv prop ed visits,prop_ed,2026-09-26,2026-10-10,CFA-PyRenew_E,0,1.6451830116231314e-5,3.318106939537054e-5,6.630623552150746e-5,1.1531966444583755e-4,1.6793359524735563e-4,3.0090840509279884e-4,0,1.6e-5,3.3e-5,6.6e-5,1.2e-4,1.7e-4,3e-4,TRUE,FALSE,Center for Forecasting and Outbreak Analytics (CDC/CFA),2026-09-23,PyRenew-E
Washington,WA,0,wk inc rsv prop ed visits,prop_ed,2026-09-26,2026-09-26,CFA-NowcastAutoGP,7.680021756905972e-5,1.0808160949837927e-4,1.3695080647052813e-4,1.7689801570747635e-4,2.3042785538158586e-4,2.9477819844228587e-4,3.857792268458786e-4,7.7e-5,1.1e-4,1.4e-4,1.8e-4,2.3e-4,2.9e-4,3.9e-4,TRUE,FALSE,Center for Forecasting and Outbreak Analytics (CDC/CFA),2026-09-23,NowcastAutoGP
Washington,WA,1,wk inc rsv prop ed visits,prop_ed,2026-09-26,2026-10-03,CFA-NowcastAutoGP,8.932398899047002e-5,1.2211689451284996e-4,1.5597994339367974e-4,2.0742381740532933e-4,2.715504726542301e-4,3.4433033511527435e-4,4.668345172557731e-4,8.9e-5,1.2e-4,1.6e-4,2.1e-4,2.7e-4,3.4e-4,4.7e-4,TRUE,FALSE,Center for Forecasting and Outbreak Analytics (CDC/CFA),2026-09-23,NowcastAutoGP
Washington,WA,2,wk inc rsv prop ed visits,prop_ed,2026-09-26,2026-10-10,CFA-NowcastAutoGP,9.88001180601413e-5,1.363088419432145e-4,1.8312884919122118e-4,2.4359575961444092e-4,3.2170985152479446e-4,4.0610014577742627e-4,5.300051095171955e-4,9.9e-5,1.4e-4,1.8e-4,2.4e-4,3.2e-4,4.1e-4,5.3e-4,TRUE,FALSE,Center for Forecasting and Outbreak Analytics (CDC/CFA),2026-09-23,NowcastAutoGP
Washington,WA,0,wk inc rsv hosp,hosp,2026-09-26,2026-09-26,CFA-PyRenew_H,0,0,0,1,3,4,6,0,0,0,1,3,4,6,FALSE,FALSE,Center for Forecasting and Outbreak Analytics (CDC/CFA),2026-09-23,PyRenew-H
Washington,WA,1,wk inc rsv hosp,hosp,2026-09-26,2026-10-03,CFA-PyRenew_H,0,0,0,1,3,5,8,0,0,0,1,3,5,8,FALSE,FALSE,Center for Forecasting and Outbreak Analytics (CDC/CFA),2026-09-23,PyRenew-H
Washington,WA,2,wk inc rsv hosp,hosp,2026-09-26,2026-10-10,CFA-PyRenew_H,0,0,0,1,3,6,13,0,0,0,1,3,6,10,FALSE,FALSE,Center for Forecasting and Outbreak Analytics (CDC/CFA),2026-09-23,PyRenew-H
Washington,WA,0,wk inc rsv hosp,hosp,2026-09-26,2026-09-26,CFA-PyRenew_HE,0,0,0,1,2,3,4,0,0,0,1,2,3,4,TRUE,FALSE,Center for Forecasting and Outbreak Analytics (CDC/CFA),2026-09-23,PyRenew-HE
Washington,WA,1,wk inc rsv hosp,hosp,2026-09-26,2026-10-03,CFA-PyRenew_HE,0,0,0,1,2,3,5,0,0,0,1,2,3,5,TRUE,FALSE,Center for Forecasting and Outbreak Analytics (CDC/CFA),2026-09-23,PyRenew-HE
Washington,WA,2,wk inc rsv hosp,hosp,2026-09-26,2026-10-10,CFA-PyRenew_HE,0,0,0,1,2,3,5,0,0,0,1,2,3,5,TRUE,FALSE,Center for Forecasting and Outbreak Analytics (CDC/CFA),2026-09-23,PyRenew-HE
Washington,WA,0,wk inc rsv prop ed visits,prop_ed,2026-09-26,2026-09-26,CFA-PyRenew_HE,1.6257378818222512e-5,3.285024657654559e-5,4.9900785749908525e-5,8.276201434008483e-5,1.1687489157521172e-4,1.6374756552435714e-4,2.1511422167948472e-4,1.6e-5,3.3e-5,5e-5,8.3e-5,1.2e-4,1.6e-4,2.2e-4,FALSE,FALSE,Center for Forecasting and Outbreak Analytics (CDC/CFA),2026-09-23,PyRenew-HE
Washington,WA,1,wk inc rsv prop ed visits,prop_ed,2026-09-26,2026-10-03,CFA-PyRenew_HE,0,1.672175485706471e-5,4.879707984539408e-5,8.116454639984076e-5,1.1628854495059014e-4,1.6552848517453034e-4,2.456915277037821e-4,0,1.7e-5,4.9e-5,8.1e-5,1.2e-4,1.7e-4,2.5e-4,FALSE,FALSE,Center for Forecasting and Outbreak Analytics (CDC/CFA),2026-09-23,PyRenew-HE
Washington,WA,2,wk inc rsv prop ed visits,prop_ed,2026-09-26,2026-10-10,CFA-PyRenew_HE,0,1.644626223409985e-5,3.316382628095627e-5,6.642895803251692e-5,1.1548958748604288e-4,1.8014752942927277e-4,2.6948891905783886e-4,0,1.6e-5,3.3e-5,6.6e-5,1.2e-4,1.8e-4,2.7e-4,FALSE,FALSE,Center for Forecasting and Outbreak Analytics (CDC/CFA),2026-09-23,PyRenew-HE
Washington,WA,0,wk inc rsv hosp,hosp,2026-09-26,2026-09-26,NAU-epymorph,0,0,1,2,4,7,11,0,0,1,2,4,7,10,TRUE,FALSE,Northern Arizona University,2026-09-23,epymorph RSV compartmental model
Washington,WA,1,wk inc rsv hosp,hosp,2026-09-26,2026-10-03,NAU-epymorph,0,0,1,2,5,11,22,0,0,1,2,5,10,20,TRUE,FALSE,Northern Arizona University,2026-09-23,epymorph RSV compartmental model
Washington,WA,2,wk inc rsv hosp,hosp,2026-09-26,2026-10-10,NAU-epymorph,0,0,1,3,8,18,45,0,0,1,3,8,20,50,TRUE,FALSE,Northern Arizona University,2026-09-23,epymorph RSV compartmental model
Washington,WA,0,wk inc rsv hosp,hosp,2026-09-26,2026-09-26,RSVHub-baseline,0,0,0,1,4,13.50000000000002,27.37499999999995,0,0,0,1,4,10,30,FALSE,FALSE,RSVHub-hub-models,2026-09-23,RSVHub baseline model
Washington,WA,1,wk inc rsv hosp,hosp,2026-09-26,2026-10-03,RSVHub-baseline,0,0,0,1,8,21,34.339935149351405,0,0,0,1,8,20,30,FALSE,FALSE,RSVHub-hub-models,2026-09-23,RSVHub baseline model
Washington,WA,2,wk inc rsv hosp,hosp,2026-09-26,2026-10-10,RSVHub-baseline,0,0,0,1,11.577265772657729,24.925521255212566,44.2340090900902,0,0,0,1,10,20,40,FALSE,FALSE,RSVHub-hub-models,2026-09-23,RSVHub baseline model
Washington,WA,0,wk inc rsv prop ed visits,prop_ed,2026-09-26,2026-09-26,RSVHub-baseline,0,0,0,1e-4,2.9999999999999987e-4,0.0011699999999999996,0.0028000000000000004,0,0,0,1e-4,3e-4,0.0012,0.0028,FALSE,FALSE,RSVHub-hub-models,2026-09-23,RSVHub baseline model
Washington,WA,1,wk inc rsv prop ed visits,prop_ed,2026-09-26,2026-10-03,RSVHub-baseline,0,0,0,1e-4,6.999999999999999e-4,0.0016999999999999995,0.004271168036680327,0,0,0,1e-4,7e-4,0.0017,0.0043,FALSE,FALSE,RSVHub-hub-models,2026-09-23,RSVHub baseline model
Washington,WA,2,wk inc rsv prop ed visits,prop_ed,2026-09-26,2026-10-10,RSVHub-baseline,0,0,0,1e-4,9.50225002250024e-4,0.002300000000000003,0.004724546245462452,0,0,0,1e-4,9.5e-4,0.0023,0.0047,FALSE,FALSE,RSVHub-hub-models,2026-09-23,RSVHub baseline model
Washington,WA,0,wk inc rsv hosp,hosp,2026-09-26,2026-09-26,RSVHub-ensemble,0,0,1,2,4,7,10,0,0,1,2,4,7,10,FALSE,TRUE,RSVHub,2026-09-23,Ensemble using RSVHub forecast submissions
Washington,WA,1,wk inc rsv hosp,hosp,2026-09-26,2026-10-03,RSVHub-ensemble,0,0,1,2,5,8,11,0,0,1,2,5,8,10,FALSE,TRUE,RSVHub,2026-09-23,Ensemble using RSVHub forecast submissions
Washington,WA,2,wk inc rsv hosp,hosp,2026-09-26,2026-10-10,RSVHub-ensemble,0,0,1,3,6,9,13,0,0,1,3,6,9,10,FALSE,TRUE,RSVHub,2026-09-23,Ensemble using RSVHub forecast submissions
Washington,WA,0,wk inc rsv prop ed visits,prop_ed,2026-09-26,2026-09-26,RSVHub-ensemble,4.6521303895424034e-5,7.043567894874259e-5,9.33679901113932e-5,1.2975852031980758e-4,1.7357672872408449e-4,2.2947335985090938e-4,3.000199718270255e-4,4.7e-5,7e-5,9.3e-5,1.3e-4,1.7e-4,2.3e-4,3e-4,FALSE,TRUE,RSVHub,2026-09-23,Ensemble using RSVHub forecast submissions
Washington,WA,1,wk inc rsv prop ed visits,prop_ed,2026-09-26,2026-10-03,RSVHub-ensemble,4.466199449523501e-5,6.93787306131161e-5,1.0237778351111044e-4,1.3747141703713024e-4,1.9359242054257965e-4,2.550596880932156e-4,3.555648812022971e-4,4.5e-5,6.9e-5,1e-4,1.4e-4,1.9e-4,2.6e-4,3.6e-4,FALSE,TRUE,RSVHub,2026-09-23,Ensemble using RSVHub forecast submissions
Washington,WA,2,wk inc rsv prop ed visits,prop_ed,2026-09-26,2026-10-10,RSVHub-ensemble,4.940005903007065e-5,7.638033602972291e-5,1.0815495929329586e-4,1.549509975679742e-4,2.18514757985316e-4,2.87016870512391e-4,4.1545675730499717e-4,4.9e-5,7.6e-5,1.1e-4,1.5e-4,2.2e-4,2.9e-4,4.2e-4,FALSE,TRUE,RSVHub,2026-09-23,Ensemble using RSVHub forecast submissions
West Virginia,WV,0,wk inc rsv hosp,hosp,2026-09-26,2026-09-26,CEPH-Rtrend_rsv,1,1,2,3,3,4,6,1,1,2,3,3,4,6,TRUE,FALSE,CEPH Lab at Indiana University,2026-09-23,Rtrend RSV
West Virginia,WV,1,wk inc rsv hosp,hosp,2026-09-26,2026-10-03,CEPH-Rtrend_rsv,1,1,2,3,4,5,7,1,1,2,3,4,5,7,TRUE,FALSE,CEPH Lab at Indiana University,2026-09-23,Rtrend RSV
West Virginia,WV,2,wk inc rsv hosp,hosp,2026-09-26,2026-10-10,CEPH-Rtrend_rsv,0,1,2,3,4,6,8,0,1,2,3,4,6,8,TRUE,FALSE,CEPH Lab at Indiana University,2026-09-23,Rtrend RSV
West Virginia,WV,0,wk inc rsv prop ed visits,prop_ed,2026-09-26,2026-09-26,CFA-PyRenew_E,0,4.571230191385907e-5,9.368971334749216e-5,1.9376624765728097e-4,3.259436398430506e-4,4.915472188477239e-4,7.580255472471835e-4,0,4.6e-5,9.4e-5,1.9e-4,3.3e-4,4.9e-4,7.6e-4,TRUE,FALSE,Center for Forecasting and Outbreak Analytics (CDC/CFA),2026-09-23,PyRenew-E
West Virginia,WV,1,wk inc rsv prop ed visits,prop_ed,2026-09-26,2026-10-03,CFA-PyRenew_E,0,4.5691440753558874e-5,1.2933103095024592e-4,2.2673747524068363e-4,4.023506734444901e-4,6.63680828962393e-4,0.00113829518722178,0,4.6e-5,1.3e-4,2.3e-4,4e-4,6.6e-4,0.0011,TRUE,FALSE,Center for Forecasting and Outbreak Analytics (CDC/CFA),2026-09-23,PyRenew-E
West Virginia,WV,2,wk inc rsv prop ed visits,prop_ed,2026-09-26,2026-10-10,CFA-PyRenew_E,0,4.4959977089636056e-5,9.453057563609464e-5,2.4240726532421847e-4,4.86432526225392e-4,9.909370005256116e-4,0.00196012290185481,0,4.5e-5,9.5e-5,2.4e-4,4.9e-4,9.9e-4,0.002,TRUE,FALSE,Center for Forecasting and Outbreak Analytics (CDC/CFA),2026-09-23,PyRenew-E
West Virginia,WV,0,wk inc rsv prop ed visits,prop_ed,2026-09-26,2026-09-26,CFA-NowcastAutoGP,4.757475749813012e-5,8.657423207077685e-5,1.2920166616280923e-4,2.1110628991778978e-4,3.2678375299922437e-4,4.844331571554199e-4,7.168040338717475e-4,4.8e-5,8.7e-5,1.3e-4,2.1e-4,3.3e-4,4.8e-4,7.2e-4,TRUE,FALSE,Center for Forecasting and Outbreak Analytics (CDC/CFA),2026-09-23,NowcastAutoGP
West Virginia,WV,1,wk inc rsv prop ed visits,prop_ed,2026-09-26,2026-10-03,CFA-NowcastAutoGP,4.8112189613630484e-5,8.840675630378207e-5,1.4661059332760155e-4,2.4708456859314637e-4,4.0765631322820536e-4,6.097403788568863e-4,9.549211909042418e-4,4.8e-5,8.8e-5,1.5e-4,2.5e-4,4.1e-4,6.1e-4,9.5e-4,TRUE,FALSE,Center for Forecasting and Outbreak Analytics (CDC/CFA),2026-09-23,NowcastAutoGP
West Virginia,WV,2,wk inc rsv prop ed visits,prop_ed,2026-09-26,2026-10-10,CFA-NowcastAutoGP,4.400152596188662e-5,9.530515249752029e-5,1.6817235175155607e-4,2.9942476331781093e-4,5.001044776833519e-4,7.924446659278448e-4,0.0013055107532635958,4.4e-5,9.5e-5,1.7e-4,3e-4,5e-4,7.9e-4,0.0013,TRUE,FALSE,Center for Forecasting and Outbreak Analytics (CDC/CFA),2026-09-23,NowcastAutoGP
West Virginia,WV,0,wk inc rsv hosp,hosp,2026-09-26,2026-09-26,CFA-PyRenew_H,0,0,0,1,2,4,7,0,0,0,1,2,4,7,FALSE,FALSE,Center for Forecasting and Outbreak Analytics (CDC/CFA),2026-09-23,PyRenew-H
West Virginia,WV,1,wk inc rsv hosp,hosp,2026-09-26,2026-10-03,CFA-PyRenew_H,0,0,0,1,3,6,11,0,0,0,1,3,6,10,FALSE,FALSE,Center for Forecasting and Outbreak Analytics (CDC/CFA),2026-09-23,PyRenew-H
West Virginia,WV,2,wk inc rsv hosp,hosp,2026-09-26,2026-10-10,CFA-PyRenew_H,0,0,0,1,3,8,19,0,0,0,1,3,8,20,FALSE,FALSE,Center for Forecasting and Outbreak Analytics (CDC/CFA),2026-09-23,PyRenew-H
West Virginia,WV,0,wk inc rsv hosp,hosp,2026-09-26,2026-09-26,CFA-PyRenew_HE,0,0,1,2,3,5,7.024999999999864,0,0,1,2,3,5,7,TRUE,FALSE,Center for Forecasting and Outbreak Analytics (CDC/CFA),2026-09-23,PyRenew-HE
West Virginia,WV,1,wk inc rsv hosp,hosp,2026-09-26,2026-10-03,CFA-PyRenew_HE,0,0,1,2,4,7,13,0,0,1,2,4,7,10,TRUE,FALSE,Center for Forecasting and Outbreak Analytics (CDC/CFA),2026-09-23,PyRenew-HE
West Virginia,WV,2,wk inc rsv hosp,hosp,2026-09-26,2026-10-10,CFA-PyRenew_HE,0,0,1,2,5,9,24,0,0,1,2,5,9,20,TRUE,FALSE,Center for Forecasting and Outbreak Analytics (CDC/CFA),2026-09-23,PyRenew-HE
West Virginia,WV,0,wk inc rsv prop ed visits,prop_ed,2026-09-26,2026-09-26,CFA-PyRenew_HE,0,4.6395612830066e-5,1.3337379249543126e-4,2.234569926891029e-4,3.567178733047239e-4,5.165079083387712e-4,7.563932101991025e-4,0,4.6e-5,1.3e-4,2.2e-4,3.6e-4,5.2e-4,7.6e-4,FALSE,FALSE,Center for Forecasting and Outbreak Analytics (CDC/CFA),2026-09-23,PyRenew-HE
West Virginia,WV,1,wk inc rsv prop ed visits,prop_ed,2026-09-26,2026-10-03,CFA-PyRenew_HE,0,4.6513739434801346e-5,1.3494903838510752e-4,2.6030077398207926e-4,4.445382675163385e-4,7.179212536354074e-4,0.00131838931773382,0,4.7e-5,1.3e-4,2.6e-4,4.4e-4,7.2e-4,0.0013,FALSE,FALSE,Center for Forecasting and Outbreak Analytics (CDC/CFA),2026-09-23,PyRenew-HE
West Virginia,WV,2,wk inc rsv prop ed visits,prop_ed,2026-09-26,2026-10-10,CFA-PyRenew_HE,0,4.5972367922060703e-5,1.3548421508973883e-4,2.784721950765954e-4,5.841283535179347e-4,0.00109636604107133,0.00265051812631662,0,4.6e-5,1.4e-4,2.8e-4,5.8e-4,0.0011,0.0027,FALSE,FALSE,Center for Forecasting and Outbreak Analytics (CDC/CFA),2026-09-23,PyRenew-HE
West Virginia,WV,0,wk inc rsv hosp,hosp,2026-09-26,2026-09-26,NAU-epymorph,0,0,1,2,4,7,12,0,0,1,2,4,7,10,TRUE,FALSE,Northern Arizona University,2026-09-23,epymorph RSV compartmental model
West Virginia,WV,1,wk inc rsv hosp,hosp,2026-09-26,2026-10-03,NAU-epymorph,0,0,1,2,5,10,22,0,0,1,2,5,10,20,TRUE,FALSE,Northern Arizona University,2026-09-23,epymorph RSV compartmental model
West Virginia,WV,2,wk inc rsv hosp,hosp,2026-09-26,2026-10-10,NAU-epymorph,0,0,1,3,7,17,36,0,0,1,3,7,20,40,TRUE,FALSE,Northern Arizona University,2026-09-23,epymorph RSV compartmental model
West Virginia,WV,0,wk inc rsv hosp,hosp,2026-09-26,2026-09-26,RSVHub-baseline,0,0,0,2,6,14.900000000000023,33.84999999999986,0,0,0,2,6,10,30,FALSE,FALSE,RSVHub-hub-models,2026-09-23,RSVHub baseline model
West Virginia,WV,1,wk inc rsv hosp,hosp,2026-09-26,2026-10-03,RSVHub-baseline,0,0,0,2,10,23.57020070200702,45.054451294512894,0,0,0,2,10,20,50,FALSE,FALSE,RSVHub-hub-models,2026-09-23,RSVHub baseline model
West Virginia,WV,2,wk inc rsv hosp,hosp,2026-09-26,2026-10-10,RSVHub-baseline,0,0,0,2,13.017475174751745,28.479368793687833,48.340924909249104,0,0,0,2,10,30,50,FALSE,FALSE,RSVHub-hub-models,2026-09-23,RSVHub baseline model
West Virginia,WV,0,wk inc rsv prop ed visits,prop_ed,2026-09-26,2026-09-26,RSVHub-baseline,0,0,0,2e-4,5e-4,0.002170000000000001,0.004667499999999993,0,0,0,2e-4,5e-4,0.0022,0.0047,FALSE,FALSE,RSVHub-hub-models,2026-09-23,RSVHub baseline model
West Virginia,WV,1,wk inc rsv prop ed visits,prop_ed,2026-09-26,2026-10-03,RSVHub-baseline,0,0,0,2e-4,0.0012675651756517588,0.003228656386563864,0.0066365343653436455,0,0,0,2e-4,0.0013,0.0032,0.0066,FALSE,FALSE,RSVHub-hub-models,2026-09-23,RSVHub baseline model
West Virginia,WV,2,wk inc rsv prop ed visits,prop_ed,2026-09-26,2026-10-10,RSVHub-baseline,0,0,0,2.0000000000000004e-4,0.0018405554055540571,0.004100000000000001,0.007512127071270707,0,0,0,2e-4,0.0018,0.0041,0.0075,FALSE,FALSE,RSVHub-hub-models,2026-09-23,RSVHub baseline model
West Virginia,WV,0,wk inc rsv hosp,hosp,2026-09-26,2026-09-26,RSVHub-ensemble,0,0,1,2,3,5,7.024999999999864,0,0,1,2,3,5,7,FALSE,TRUE,RSVHub,2026-09-23,Ensemble using RSVHub forecast submissions
West Virginia,WV,1,wk inc rsv hosp,hosp,2026-09-26,2026-10-03,RSVHub-ensemble,0,0,1,2,4,7,13,0,0,1,2,4,7,10,FALSE,TRUE,RSVHub,2026-09-23,Ensemble using RSVHub forecast submissions
West Virginia,WV,2,wk inc rsv hosp,hosp,2026-09-26,2026-10-10,RSVHub-ensemble,0,0,1,3,5,9,24,0,0,1,3,5,9,20,FALSE,TRUE,RSVHub,2026-09-23,Ensemble using RSVHub forecast submissions
West Virginia,WV,0,wk inc rsv prop ed visits,prop_ed,2026-09-26,2026-09-26,RSVHub-ensemble,2.378737874906506e-5,6.614326699231796e-5,1.114456897551507e-4,2.0243626878753537e-4,3.263636964211375e-4,4.879901880015719e-4,7.374147905594655e-4,2.4e-5,6.6e-5,1.1e-4,2e-4,3.3e-4,4.9e-4,7.4e-4,FALSE,TRUE,RSVHub,2026-09-23,Ensemble using RSVHub forecast submissions
West Virginia,WV,1,wk inc rsv prop ed visits,prop_ed,2026-09-26,2026-10-03,RSVHub-ensemble,2.4056094806815242e-5,6.704909852867048e-5,1.3797081213892372e-4,2.36911021916915e-4,4.050034933363477e-4,6.367106039096397e-4,0.001046608189063011,2.4e-5,6.7e-5,1.4e-4,2.4e-4,4.1e-4,6.4e-4,0.001,FALSE,TRUE,RSVHub,2026-09-23,Ensemble using RSVHub forecast submissions
West Virginia,WV,2,wk inc rsv prop ed visits,prop_ed,2026-09-26,2026-10-10,RSVHub-ensemble,2.200076298094331e-5,7.013256479357817e-5,1.3135146369382534e-4,2.709160143210147e-4,4.93268501954372e-4,8.916908332267282e-4,0.0016328168275592028,2.2e-5,7e-5,1.3e-4,2.7e-4,4.9e-4,8.9e-4,0.0016,FALSE,TRUE,RSVHub,2026-09-23,Ensemble using RSVHub forecast submissions
Wisconsin,WI,0,wk inc rsv hosp,hosp,2026-09-26,2026-09-26,CEPH-Rtrend_rsv,1,2,2,3,4,5,6,1,2,2,3,4,5,6,TRUE,FALSE,CEPH Lab at Indiana University,2026-09-23,Rtrend RSV
Wisconsin,WI,1,wk inc rsv hosp,hosp,2026-09-26,2026-10-03,CEPH-Rtrend_rsv,1,2,2,3,4,6,8,1,2,2,3,4,6,8,TRUE,FALSE,CEPH Lab at Indiana University,2026-09-23,Rtrend RSV
Wisconsin,WI,2,wk inc rsv hosp,hosp,2026-09-26,2026-10-10,CEPH-Rtrend_rsv,1,1,2,3,5,6,10,1,1,2,3,5,6,10,TRUE,FALSE,CEPH Lab at Indiana University,2026-09-23,Rtrend RSV
Wisconsin,WI,0,wk inc rsv prop ed visits,prop_ed,2026-09-26,2026-09-26,CFA-PyRenew_E,0,0,1.88416223980499e-5,3.728903888906378e-5,5.810769985694402e-5,9.5387698527302285e-05,1.5175764034155707e-4,0,0,1.9e-5,3.7e-5,5.8e-5,9.5e-5,1.5e-4,TRUE,FALSE,Center for Forecasting and Outbreak Analytics (CDC/CFA),2026-09-23,PyRenew-E
Wisconsin,WI,1,wk inc rsv prop ed visits,prop_ed,2026-09-26,2026-10-03,CFA-PyRenew_E,0,0,1.8421780331039503e-5,3.7821718834855466e-5,7.473862515172013e-5,1.313126802677195e-4,2.3205920942454575e-4,0,0,1.8e-5,3.8e-5,7.5e-5,1.3e-4,2.3e-4,TRUE,FALSE,Center for Forecasting and Outbreak Analytics (CDC/CFA),2026-09-23,PyRenew-E
Wisconsin,WI,2,wk inc rsv prop ed visits,prop_ed,2026-09-26,2026-10-10,CFA-PyRenew_E,0,0,1.813479283613582e-5,3.8065665648457926e-5,9.3296630678858e-5,1.7718386461282716e-4,4.1724729041905305e-4,0,0,1.8e-5,3.8e-5,9.3e-5,1.8e-4,4.2e-4,TRUE,FALSE,Center for Forecasting and Outbreak Analytics (CDC/CFA),2026-09-23,PyRenew-E
Wisconsin,WI,0,wk inc rsv prop ed visits,prop_ed,2026-09-26,2026-09-26,CFA-NowcastAutoGP,5.997951589928603e-6,1.078832767625781e-5,1.6704489219546907e-5,2.5805857190799645e-5,3.717823657990582e-5,5.168364856377657e-5,7.349739507225452e-5,6e-6,1.1e-5,1.7e-5,2.6e-5,3.7e-5,5.2e-5,7.3e-5,TRUE,FALSE,Center for Forecasting and Outbreak Analytics (CDC/CFA),2026-09-23,NowcastAutoGP
Wisconsin,WI,1,wk inc rsv prop ed visits,prop_ed,2026-09-26,2026-10-03,CFA-NowcastAutoGP,6.664513226774238e-6,1.2033047527752111e-5,1.8989859899053124e-5,2.9194746983361785e-5,4.471598385567168e-5,6.35787197260775e-5,9.357308517926633e-5,6.7e-6,1.2e-5,1.9e-5,2.9e-5,4.5e-5,6.4e-5,9.4e-5,TRUE,FALSE,Center for Forecasting and Outbreak Analytics (CDC/CFA),2026-09-23,NowcastAutoGP
Wisconsin,WI,2,wk inc rsv prop ed visits,prop_ed,2026-09-26,2026-10-10,CFA-NowcastAutoGP,6.80017507722336e-6,1.3595082315219012e-5,2.3376557006138253e-5,3.733972424234282e-5,5.619293526132852e-5,8.209123205869466e-5,1.306171649558132e-4,6.8e-6,1.4e-5,2.3e-5,3.7e-5,5.6e-5,8.2e-5,1.3e-4,TRUE,FALSE,Center for Forecasting and Outbreak Analytics (CDC/CFA),2026-09-23,NowcastAutoGP
Wisconsin,WI,0,wk inc rsv hosp,hosp,2026-09-26,2026-09-26,CFA-PyRenew_H,0,0,0,1,2,3,5,0,0,0,1,2,3,5,FALSE,FALSE,Center for Forecasting and Outbreak Analytics (CDC/CFA),2026-09-23,PyRenew-H
Wisconsin,WI,1,wk inc rsv hosp,hosp,2026-09-26,2026-10-03,CFA-PyRenew_H,0,0,0,1,2,4,7,0,0,0,1,2,4,7,FALSE,FALSE,Center for Forecasting and Outbreak Analytics (CDC/CFA),2026-09-23,PyRenew-H
Wisconsin,WI,2,wk inc rsv hosp,hosp,2026-09-26,2026-10-10,CFA-PyRenew_H,0,0,0,1,2,4,9,0,0,0,1,2,4,9,FALSE,FALSE,Center for Forecasting and Outbreak Analytics (CDC/CFA),2026-09-23,PyRenew-H
Wisconsin,WI,0,wk inc rsv hosp,hosp,2026-09-26,2026-09-26,CFA-PyRenew_HE,0,0,0,1,2,3,4,0,0,0,1,2,3,4,TRUE,FALSE,Center for Forecasting and Outbreak Analytics (CDC/CFA),2026-09-23,PyRenew-HE
Wisconsin,WI,1,wk inc rsv hosp,hosp,2026-09-26,2026-10-03,CFA-PyRenew_HE,0,0,0,1,2,3,6,0,0,0,1,2,3,6,TRUE,FALSE,Center for Forecasting and Outbreak Analytics (CDC/CFA),2026-09-23,PyRenew-HE
Wisconsin,WI,2,wk inc rsv hosp,hosp,2026-09-26,2026-10-10,CFA-PyRenew_HE,0,0,0,1,2,4,8,0,0,0,1,2,4,8,TRUE,FALSE,Center for Forecasting and Outbreak Analytics (CDC/CFA),2026-09-23,PyRenew-HE
Wisconsin,WI,0,wk inc rsv prop ed visits,prop_ed,2026-09-26,2026-09-26,CFA-PyRenew_HE,0,0,1.9157716390128673e-5,3.853735350784805e-5,5.997607020065469e-5,9.759903587910032e-5,1.5119652168836678e-4,0,0,1.9e-5,3.9e-5,6e-5,9.8e-5,1.5e-4,FALSE,FALSE,Center for Forecasting and Outbreak Analytics (CDC/CFA),2026-09-23,PyRenew-HE
Wisconsin,WI,1,wk inc rsv prop ed visits,prop_ed,2026-09-26,2026-10-03,CFA-PyRenew_HE,0,0,1.9027067759657717e-5,3.878417099439856e-5,7.591386512359263e-5,1.1856578993001584e-4,2.014302255731568e-4,0,0,1.9e-5,3.9e-5,7.6e-5,1.2e-4,2e-4,FALSE,FALSE,Center for Forecasting and Outbreak Analytics (CDC/CFA),2026-09-23,PyRenew-HE
Wisconsin,WI,2,wk inc rsv prop ed visits,prop_ed,2026-09-26,2026-10-10,CFA-PyRenew_HE,0,0,1.8793277953400264e-5,3.8878198869900056e-5,8.091531363165838e-5,1.554713987498827e-4,2.7962810637275986e-4,0,0,1.9e-5,3.9e-5,8.1e-5,1.6e-4,2.8e-4,FALSE,FALSE,Center for Forecasting and Outbreak Analytics (CDC/CFA),2026-09-23,PyRenew-HE
Wisconsin,WI,0,wk inc rsv hosp,hosp,2026-09-26,2026-09-26,NAU-epymorph,0,0,0,0,2,5,12,0,0,0,0,2,5,10,TRUE,FALSE,Northern Arizona University,2026-09-23,epymorph RSV compartmental model
Wisconsin,WI,1,wk inc rsv hosp,hosp,2026-09-26,2026-10-03,NAU-epymorph,0,0,0,0,2,7,17,0,0,0,0,2,7,20,TRUE,FALSE,Northern Arizona University,2026-09-23,epymorph RSV compartmental model
Wisconsin,WI,2,wk inc rsv hosp,hosp,2026-09-26,2026-10-10,NAU-epymorph,0,0,0,0,3,9,28,0,0,0,0,3,9,30,TRUE,FALSE,Northern Arizona University,2026-09-23,epymorph RSV compartmental model
Wisconsin,WI,0,wk inc rsv hosp,hosp,2026-09-26,2026-09-26,RSVHub-baseline,0,0,0,0,5,16.6,39,0,0,0,0,5,20,40,FALSE,FALSE,RSVHub-hub-models,2026-09-23,RSVHub baseline model
Wisconsin,WI,1,wk inc rsv hosp,hosp,2026-09-26,2026-10-03,RSVHub-baseline,0,0,0,0,9.44258442584426,30.333512335123373,47.14721372213719,0,0,0,0,9,30,50,FALSE,FALSE,RSVHub-hub-models,2026-09-23,RSVHub baseline model
Wisconsin,WI,2,wk inc rsv hosp,hosp,2026-09-26,2026-10-10,RSVHub-baseline,0,0,0,0,14.264752647526455,34.875449754497545,59.01768742687429,0,0,0,0,10,30,60,FALSE,FALSE,RSVHub-hub-models,2026-09-23,RSVHub baseline model
Wisconsin,WI,0,wk inc rsv prop ed visits,prop_ed,2026-09-26,2026-09-26,RSVHub-baseline,0,0,0,1e-4,2.0000000000000004e-4,9.700000000000006e-4,0.0023674999999999937,0,0,0,1e-4,2e-4,9.7e-4,0.0024,FALSE,FALSE,RSVHub-hub-models,2026-09-23,RSVHub baseline model
Wisconsin,WI,1,wk inc rsv prop ed visits,prop_ed,2026-09-26,2026-10-03,RSVHub-baseline,0,0,0,1e-4,7.000000000000001e-4,0.0017000000000000008,0.0028662926629266284,0,0,0,1e-4,7e-4,0.0017,0.0029,FALSE,FALSE,RSVHub-hub-models,2026-09-23,RSVHub baseline model
Wisconsin,WI,2,wk inc rsv prop ed visits,prop_ed,2026-09-26,2026-10-10,RSVHub-baseline,0,0,0,1e-4,9.000000000000001e-4,0.0020000000000000013,0.0032198091980919765,0,0,0,1e-4,9e-4,0.002,0.0032,FALSE,FALSE,RSVHub-hub-models,2026-09-23,RSVHub baseline model
Wisconsin,WI,0,wk inc rsv hosp,hosp,2026-09-26,2026-09-26,RSVHub-ensemble,0,0,0,1,2,5,6,0,0,0,1,2,5,6,FALSE,TRUE,RSVHub,2026-09-23,Ensemble using RSVHub forecast submissions
Wisconsin,WI,1,wk inc rsv hosp,hosp,2026-09-26,2026-10-03,RSVHub-ensemble,0,0,0,1,2,6,8,0,0,0,1,2,6,8,FALSE,TRUE,RSVHub,2026-09-23,Ensemble using RSVHub forecast submissions
Wisconsin,WI,2,wk inc rsv hosp,hosp,2026-09-26,2026-10-10,RSVHub-ensemble,0,0,0,1,3,6,10,0,0,0,1,3,6,10,FALSE,TRUE,RSVHub,2026-09-23,Ensemble using RSVHub forecast submissions
Wisconsin,WI,0,wk inc rsv prop ed visits,prop_ed,2026-09-26,2026-09-26,RSVHub-ensemble,2.9989757949643013e-6,5.394163838128905e-6,1.7773055808798403e-5,3.154744803993171e-5,4.7642968218424925e-5,7.353567354553943e-5,1.1262751770690579e-4,3e-6,5.4e-6,1.8e-5,3.2e-5,4.8e-5,7.4e-5,1.1e-4,FALSE,TRUE,RSVHub,2026-09-23,Ensemble using RSVHub forecast submissions
Wisconsin,WI,1,wk inc rsv prop ed visits,prop_ed,2026-09-26,2026-10-03,RSVHub-ensemble,3.332256613387119e-6,6.0165237638760555e-6,1.8705820115046313e-5,3.3508232909108624e-5,5.9727304503695905e-5,9.744569999689851e-5,1.6281614730190603e-4,3.3e-6,6e-6,1.9e-5,3.4e-5,6e-5,9.7e-5,1.6e-4,FALSE,TRUE,RSVHub,2026-09-23,Ensemble using RSVHub forecast submissions
Wisconsin,WI,2,wk inc rsv prop ed visits,prop_ed,2026-09-26,2026-10-10,RSVHub-ensemble,3.40008753861168e-6,6.797541157609506e-6,2.0755674921137038e-5,3.770269494540037e-5,7.474478297009326e-5,1.296375483357609e-4,2.739322276874331e-4,3.4e-6,6.8e-6,2.1e-5,3.8e-5,7.5e-5,1.3e-4,2.7e-4,FALSE,TRUE,RSVHub,2026-09-23,Ensemble using RSVHub forecast submissions
Wyoming,WY,0,wk inc rsv hosp,hosp,2026-09-26,2026-09-26,CEPH-Rtrend_rsv,1,1,1,2,2,3,3,1,1,1,2,2,3,3,TRUE,FALSE,CEPH Lab at Indiana University,2026-09-23,Rtrend RSV
Wyoming,WY,1,wk inc rsv hosp,hosp,2026-09-26,2026-10-03,CEPH-Rtrend_rsv,0,1,1,2,2,3,4,0,1,1,2,2,3,4,TRUE,FALSE,CEPH Lab at Indiana University,2026-09-23,Rtrend RSV
Wyoming,WY,2,wk inc rsv hosp,hosp,2026-09-26,2026-10-10,CEPH-Rtrend_rsv,0,1,1,2,3,4,5,0,1,1,2,3,4,5,TRUE,FALSE,CEPH Lab at Indiana University,2026-09-23,Rtrend RSV
Wyoming,WY,0,wk inc rsv prop ed visits,prop_ed,2026-09-26,2026-09-26,CFA-NowcastAutoGP,0,6.137936798656769e-5,2.0573846060798374e-4,4.620894620026752e-4,9.259088928286913e-4,0.0017077585345873442,0.003409510828051006,0,6.1e-5,2.1e-4,4.6e-4,0.00093000000000000005,0.0017,0.0034,TRUE,FALSE,Center for Forecasting and Outbreak Analytics (CDC/CFA),2026-09-23,NowcastAutoGP
Wyoming,WY,1,wk inc rsv prop ed visits,prop_ed,2026-09-26,2026-10-03,CFA-NowcastAutoGP,0,6.800984510614784e-5,2.2368061250818997e-4,5.227401110987429e-4,0.0011351771026047461,0.002072592928052335,0.004292717289564412,0,6.8e-5,2.2e-4,5.2e-4,0.0011,0.0021,0.0043,TRUE,FALSE,Center for Forecasting and Outbreak Analytics (CDC/CFA),2026-09-23,NowcastAutoGP
Wyoming,WY,2,wk inc rsv prop ed visits,prop_ed,2026-09-26,2026-10-10,CFA-NowcastAutoGP,0,6.0726574848935456e-5,2.288786366557614e-4,5.946651864746764e-4,0.0013201385585075206,0.002704924077567851,0.005627323824062092,0,6.1e-5,2.3e-4,5.9e-4,0.0013,0.0027,0.0056,TRUE,FALSE,Center for Forecasting and Outbreak Analytics (CDC/CFA),2026-09-23,NowcastAutoGP
Wyoming,WY,0,wk inc rsv hosp,hosp,2026-09-26,2026-09-26,CFA-PyRenew_H,0,0,0,0,0,0,0,0,0,0,0,0,0,0,FALSE,FALSE,Center for Forecasting and Outbreak Analytics (CDC/CFA),2026-09-23,PyRenew-H
Wyoming,WY,1,wk inc rsv hosp,hosp,2026-09-26,2026-10-03,CFA-PyRenew_H,0,0,0,0,0,0,0,0,0,0,0,0,0,0,FALSE,FALSE,Center for Forecasting and Outbreak Analytics (CDC/CFA),2026-09-23,PyRenew-H
Wyoming,WY,2,wk inc rsv hosp,hosp,2026-09-26,2026-10-10,CFA-PyRenew_H,0,0,0,0,0,0,0,0,0,0,0,0,0,0,FALSE,FALSE,Center for Forecasting and Outbreak Analytics (CDC/CFA),2026-09-23,PyRenew-H
Wyoming,WY,0,wk inc rsv hosp,hosp,2026-09-26,2026-09-26,NAU-epymorph,0,0,0,0,0,0,1,0,0,0,0,0,0,1,TRUE,FALSE,Northern Arizona University,2026-09-23,epymorph RSV compartmental model
Wyoming,WY,1,wk inc rsv hosp,hosp,2026-09-26,2026-10-03,NAU-epymorph,0,0,0,0,0,0,2,0,0,0,0,0,0,2,TRUE,FALSE,Northern Arizona University,2026-09-23,epymorph RSV compartmental model
Wyoming,WY,2,wk inc rsv hosp,hosp,2026-09-26,2026-10-10,NAU-epymorph,0,0,0,0,0,0,2,0,0,0,0,0,0,2,TRUE,FALSE,Northern Arizona University,2026-09-23,epymorph RSV compartmental model
Wyoming,WY,0,wk inc rsv hosp,hosp,2026-09-26,2026-09-26,RSVHub-baseline,0,0,0,0,1,3,11,0,0,0,0,1,3,10,FALSE,FALSE,RSVHub-hub-models,2026-09-23,RSVHub baseline model
Wyoming,WY,1,wk inc rsv hosp,hosp,2026-09-26,2026-10-03,RSVHub-baseline,0,0,0,0,2,8,15.487536375363659,0,0,0,0,2,8,20,FALSE,FALSE,RSVHub-hub-models,2026-09-23,RSVHub baseline model
Wyoming,WY,2,wk inc rsv hosp,hosp,2026-09-26,2026-10-10,RSVHub-baseline,0,0,0,0,3.7976404764047373,10,17.72707477074766,0,0,0,0,4,10,20,FALSE,FALSE,RSVHub-hub-models,2026-09-23,RSVHub baseline model
Wyoming,WY,0,wk inc rsv prop ed visits,prop_ed,2026-09-26,2026-09-26,RSVHub-baseline,0,0,8.000000000000006e-4,0.0012,0.0015999999999999992,0.0031000000000000003,0.0061,0,0,8e-4,0.0012,0.0016,0.0031,0.0061,FALSE,FALSE,RSVHub-hub-models,2026-09-23,RSVHub baseline model
Wyoming,WY,1,wk inc rsv prop ed visits,prop_ed,2026-09-26,2026-10-03,RSVHub-baseline,0,0,3e-4,0.0012,0.002334933849338491,0.004425562855628564,0.00797239669896698,0,0,3e-4,0.0012,0.0023,0.0044,0.008,FALSE,FALSE,RSVHub-hub-models,2026-09-23,RSVHub baseline model
Wyoming,WY,2,wk inc rsv prop ed visits,prop_ed,2026-09-26,2026-10-10,RSVHub-baseline,0,0,0,0.0012,0.0029371221212212127,0.005458624886248871,0.008943592760927604,0,0,0,0.0012,0.0029,0.0055,0.0089,FALSE,FALSE,RSVHub-hub-models,2026-09-23,RSVHub baseline model
Wyoming,WY,0,wk inc rsv hosp,hosp,2026-09-26,2026-09-26,RSVHub-ensemble,0.5,0.5,0.5,1,1,1.5,2,1,1,1,1,1,2,2,FALSE,TRUE,RSVHub,2026-09-23,Ensemble using RSVHub forecast submissions
Wyoming,WY,1,wk inc rsv hosp,hosp,2026-09-26,2026-10-03,RSVHub-ensemble,0,0.5,0.5,1,1,1.5,3,0,1,1,1,1,2,3,FALSE,TRUE,RSVHub,2026-09-23,Ensemble using RSVHub forecast submissions
Wyoming,WY,2,wk inc rsv hosp,hosp,2026-09-26,2026-10-10,RSVHub-ensemble,0,0.5,0.5,1,1.5,2,3.5,0,1,1,1,2,2,4,FALSE,TRUE,RSVHub,2026-09-23,Ensemble using RSVHub forecast submissions
