location_name,abbreviation,horizon,target,target_data_type,forecast_date,target_end_date,model,quantile_0.025,quantile_0.10,quantile_0.25,quantile_0.5,quantile_0.75,quantile_0.90,quantile_0.975,quantile_0.025_rounded,quantile_0.10_rounded,quantile_0.25_rounded,quantile_0.5_rounded,quantile_0.75_rounded,quantile_0.90_rounded,quantile_0.975_rounded,designated_model,ensemble_of_hub_models,forecast_team,forecast_due_date,model_full_name
United States,US,0,wk inc rsv hosp,hosp,2026-10-03,2026-10-03,CEPH-Rtrend_rsv,244,325,403,515,652,785,950,240,330,400,520,650,790,950,TRUE,FALSE,CEPH Lab at Indiana University,2026-09-30,Rtrend RSV
United States,US,1,wk inc rsv hosp,hosp,2026-10-03,2026-10-10,CEPH-Rtrend_rsv,222,302,407,560,744,957,1228,220,300,410,560,740,960,1200,TRUE,FALSE,CEPH Lab at Indiana University,2026-09-30,Rtrend RSV
United States,US,2,wk inc rsv hosp,hosp,2026-10-03,2026-10-17,CEPH-Rtrend_rsv,189,281,405,597,858,1170,1620,190,280,410,600,860,1200,1600,TRUE,FALSE,CEPH Lab at Indiana University,2026-09-30,Rtrend RSV
United States,US,0,wk inc rsv prop ed visits,prop_ed,2026-10-03,2026-10-03,CFA-NowcastAutoGP,4.2365420164911665e-4,4.5003113992525643e-4,4.7645551497632084e-4,5.075653425815855e-4,5.404937725915298e-4,5.732478407379712e-4,6.078539517018289e-4,4.2e-4,4.5e-4,4.8e-4,5.1e-4,5.4e-4,5.7e-4,6.1e-4,TRUE,FALSE,Center for Forecasting and Outbreak Analytics (CDC/CFA),2026-09-30,NowcastAutoGP
United States,US,1,wk inc rsv prop ed visits,prop_ed,2026-10-03,2026-10-10,CFA-NowcastAutoGP,4.4282897198616016e-4,4.9045928554033e-4,5.329356902079519e-4,5.883989536451038e-4,6.497225001136031e-4,7.111062379124718e-4,7.970872963867049e-4,4.4e-4,4.9e-4,5.3e-4,5.9e-4,6.5e-4,7.1e-4,8e-4,TRUE,FALSE,Center for Forecasting and Outbreak Analytics (CDC/CFA),2026-09-30,NowcastAutoGP
United States,US,2,wk inc rsv prop ed visits,prop_ed,2026-10-03,2026-10-17,CFA-NowcastAutoGP,4.714608429831557e-4,5.302085182027022e-4,6.040765732085625e-4,6.874438364774944e-4,7.900944499120224e-4,8.925948573870922e-4,0.0010140593915470033,4.7e-4,5.3e-4,6e-4,6.9e-4,7.9e-4,8.9e-4,0.001,TRUE,FALSE,Center for Forecasting and Outbreak Analytics (CDC/CFA),2026-09-30,NowcastAutoGP
United States,US,0,wk inc rsv prop ed visits,prop_ed,2026-10-03,2026-10-03,CFA-PyRenew_E,4.909200478010571e-4,5.160775318613928e-4,5.371962610573417e-4,5.618653864292262e-4,5.874181931583155e-4,6.162341456085816e-4,6.450491281675247e-4,4.9e-4,5.2e-4,5.4e-4,5.6e-4,5.9e-4,6.2e-4,6.5e-4,TRUE,FALSE,Center for Forecasting and Outbreak Analytics (CDC/CFA),2026-09-30,PyRenew-E
United States,US,1,wk inc rsv prop ed visits,prop_ed,2026-10-03,2026-10-10,CFA-PyRenew_E,5.331025317491998e-4,5.795905771486345e-4,6.277190635492902e-4,6.824393262371263e-4,7.450417399773555e-4,8.120633012973007e-4,8.960916524926104e-4,5.3e-4,5.8e-4,6.3e-4,6.8e-4,7.5e-4,8.1e-4,9e-4,TRUE,FALSE,Center for Forecasting and Outbreak Analytics (CDC/CFA),2026-09-30,PyRenew-E
United States,US,2,wk inc rsv prop ed visits,prop_ed,2026-10-03,2026-10-17,CFA-PyRenew_E,5.516079935084199e-4,6.407715442561342e-4,7.313204620835805e-4,8.284734480851898e-4,9.544799665541999e-4,0.0011146501457135014,0.0013409423873194726,5.5e-4,6.4e-4,7.3e-4,8.3e-4,9.5e-4,0.0011,0.0013,TRUE,FALSE,Center for Forecasting and Outbreak Analytics (CDC/CFA),2026-09-30,PyRenew-E
United States,US,0,wk inc rsv hosp,hosp,2026-10-03,2026-10-03,CFA-PyRenew_H,372.975,415,450,493,539,588,653.0249999999999,370,420,450,490,540,590,650,FALSE,FALSE,Center for Forecasting and Outbreak Analytics (CDC/CFA),2026-09-30,PyRenew-H
United States,US,1,wk inc rsv hosp,hosp,2026-10-03,2026-10-10,CFA-PyRenew_H,329.925,405.9,472,554,651.25,760,907.0749999999996,330,410,470,550,650,760,910,FALSE,FALSE,Center for Forecasting and Outbreak Analytics (CDC/CFA),2026-09-30,PyRenew-H
United States,US,2,wk inc rsv hosp,hosp,2026-10-03,2026-10-17,CFA-PyRenew_H,292.95,380,482,625,800.25,1014,1379.0749999999996,290,380,480,630,800,1000,1400,FALSE,FALSE,Center for Forecasting and Outbreak Analytics (CDC/CFA),2026-09-30,PyRenew-H
United States,US,0,wk inc rsv hosp,hosp,2026-10-03,2026-10-03,CFA-PyRenew_HE,500.975,562,619,691,763,836,927.0749999999996,500,560,620,690,760,840,930,TRUE,FALSE,Center for Forecasting and Outbreak Analytics (CDC/CFA),2026-09-30,PyRenew-HE
United States,US,1,wk inc rsv hosp,hosp,2026-10-03,2026-10-10,CFA-PyRenew_HE,557,639,715,824,943,1059.1000000000001,1224,560,640,720,820,940,1100,1200,TRUE,FALSE,Center for Forecasting and Outbreak Analytics (CDC/CFA),2026-09-30,PyRenew-HE
United States,US,2,wk inc rsv hosp,hosp,2026-10-03,2026-10-17,CFA-PyRenew_HE,598.95,703,820,980,1173.25,1389.1000000000001,1726.0499999999997,600,700,820,980,1200,1400,1700,TRUE,FALSE,Center for Forecasting and Outbreak Analytics (CDC/CFA),2026-09-30,PyRenew-HE
United States,US,0,wk inc rsv prop ed visits,prop_ed,2026-10-03,2026-10-03,CFA-PyRenew_HE,4.7756626523754814e-4,4.991632810373545e-4,5.199984979627891e-4,5.438474243765949e-4,5.688406758286806e-4,5.91014192803442e-4,6.206567621699251e-4,4.8e-4,5e-4,5.2e-4,5.4e-4,5.7e-4,5.9e-4,6.2e-4,FALSE,FALSE,Center for Forecasting and Outbreak Analytics (CDC/CFA),2026-09-30,PyRenew-HE
United States,US,1,wk inc rsv prop ed visits,prop_ed,2026-10-03,2026-10-10,CFA-PyRenew_HE,5.081273878793491e-4,5.555496308178045e-4,5.997417032405502e-4,6.518891699026281e-4,7.073938494627097e-4,7.688890097718577e-4,8.539838181070697e-4,5.1e-4,5.6e-4,6e-4,6.5e-4,7.1e-4,7.7e-4,8.5e-4,FALSE,FALSE,Center for Forecasting and Outbreak Analytics (CDC/CFA),2026-09-30,PyRenew-HE
United States,US,2,wk inc rsv prop ed visits,prop_ed,2026-10-03,2026-10-17,CFA-PyRenew_HE,5.191981903120504e-4,6.062132893675307e-4,6.828125671415628e-4,7.873627654827024e-4,8.965619299980771e-4,0.0010383687234068672,0.0012291212474884843,5.2e-4,6.1e-4,6.8e-4,7.9e-4,9e-4,0.001,0.0012,FALSE,FALSE,Center for Forecasting and Outbreak Analytics (CDC/CFA),2026-09-30,PyRenew-HE
United States,US,0,wk inc rsv hosp,hosp,2026-10-03,2026-10-03,NAU-epymorph,431,476,515,563,625,690,860,430,480,520,560,630,690,860,TRUE,FALSE,Northern Arizona University,2026-09-30,epymorph RSV compartmental model
United States,US,1,wk inc rsv hosp,hosp,2026-10-03,2026-10-10,NAU-epymorph,512,570,638,732,845,1060,1847,510,570,640,730,850,1100,1800,TRUE,FALSE,Northern Arizona University,2026-09-30,epymorph RSV compartmental model
United States,US,2,wk inc rsv hosp,hosp,2026-10-03,2026-10-17,NAU-epymorph,632,735,854,1028,1276,1869,3260,630,740,850,1000,1300,1900,3300,TRUE,FALSE,Northern Arizona University,2026-09-30,epymorph RSV compartmental model
United States,US,0,wk inc rsv hosp,hosp,2026-10-03,2026-10-03,RSVHub-baseline,0,0,366.25,435,503.75,959.4999999999998,1799.9249999999922,0,0,370,440,500,960,1800,FALSE,FALSE,RSVHub-hub-models,2026-09-30,RSVHub baseline model
United States,US,1,wk inc rsv hosp,hosp,2026-10-03,2026-10-10,RSVHub-baseline,0,0,200.8159556595566,435,721.480252302523,1352.835103351034,2374.3544190441844,0,0,200,440,720,1400,2400,FALSE,FALSE,RSVHub-hub-models,2026-09-30,RSVHub baseline model
United States,US,2,wk inc rsv hosp,hosp,2026-10-03,2026-10-17,RSVHub-baseline,0,0,49.49390243902437,435,896.9200492004913,1626.8048840488416,2905.679656796566,0,0,50,440,900,1600,2900,FALSE,FALSE,RSVHub-hub-models,2026-09-30,RSVHub baseline model
United States,US,0,wk inc rsv prop ed visits,prop_ed,2026-10-03,2026-10-03,RSVHub-baseline,0,0,2.0000000000000015e-4,4e-4,5.999999999999998e-4,9.999999999999998e-4,0.0018624999999999983,0,0,2e-4,4e-4,6e-4,0.001,0.0019,FALSE,FALSE,RSVHub-hub-models,2026-09-30,RSVHub baseline model
United States,US,1,wk inc rsv prop ed visits,prop_ed,2026-10-03,2026-10-10,RSVHub-baseline,0,0,9.999999999999988e-5,4e-4,7.999999999999999e-4,0.0013999999999999998,0.0022,0,0,1e-4,4e-4,8e-4,0.0014,0.0022,FALSE,FALSE,RSVHub-hub-models,2026-09-30,RSVHub baseline model
United States,US,2,wk inc rsv prop ed visits,prop_ed,2026-10-03,2026-10-17,RSVHub-baseline,0,0,0,4e-4,9.999999999999994e-4,0.0016906507065070652,0.0025800899258992547,0,0,0,4e-4,0.001,0.0017,0.0026,FALSE,FALSE,RSVHub-hub-models,2026-09-30,RSVHub baseline model
United States,US,0,wk inc rsv hosp,hosp,2026-10-03,2026-10-03,docxology-timesfm,317.13475289799385,363.68216408797593,390.36455986778714,410.0662014826477,429.4548755441758,516.6534661985702,582.6310861314698,320,360,390,410,430,520,580,TRUE,FALSE,docxology,2026-09-30,docxology timesfm
United States,US,1,wk inc rsv hosp,hosp,2026-10-03,2026-10-10,docxology-timesfm,245.68702453669914,297.31419443369134,344.05659532665334,396.4091118607828,469.1143391578327,527.2168545219358,571.2193381587944,250,300,340,400,470,530,570,TRUE,FALSE,docxology,2026-09-30,docxology timesfm
United States,US,2,wk inc rsv hosp,hosp,2026-10-03,2026-10-17,docxology-timesfm,326.63313267311315,375.9251645013022,437.6791357475633,507.63159841946043,636.229906477916,761.3989769104555,919.8515901253745,330,380,440,510,640,760,920,TRUE,FALSE,docxology,2026-09-30,docxology timesfm
United States,US,0,wk inc rsv hosp,hosp,2026-10-03,2026-10-03,NAU-Copycat,244,415.9,468,532,630.2500000000001,916.2000000000003,1114.025,240,420,470,530,630,920,1100,TRUE,FALSE,NAU,2026-09-30,Copycat
United States,US,1,wk inc rsv hosp,hosp,2026-10-03,2026-10-10,NAU-Copycat,322.975,417.9,483.75,590,734,934.1000000000001,1164.025,320,420,480,590,730,930,1200,TRUE,FALSE,NAU,2026-09-30,Copycat
United States,US,2,wk inc rsv hosp,hosp,2026-10-03,2026-10-17,NAU-Copycat,338,418.90000000000003,520,696,929,1176.1000000000001,1441.3499999999995,340,420,520,700,930,1200,1400,TRUE,FALSE,NAU,2026-09-30,Copycat
United States,US,0,wk inc rsv prop ed visits,prop_ed,2026-10-03,2026-10-03,NAU-Copycat,1.682724187591394e-4,3.448895647211872e-4,4.5350429408685467e-4,5.74604155557198e-4,6.921748254050542e-4,8.155879858592897e-4,9.96103083337171e-4,1.7e-4,3.4e-4,4.5e-4,5.7e-4,6.9e-4,8.2e-4,0.001,TRUE,FALSE,NAU,2026-09-30,Copycat
United States,US,1,wk inc rsv prop ed visits,prop_ed,2026-10-03,2026-10-10,NAU-Copycat,1.8463915650473252e-4,3.876457835884821e-4,5.236401333298093e-4,7.028916615357365e-4,8.80470972331699e-4,0.0010685142664440418,0.001370352206930279,1.8e-4,3.9e-4,5.2e-4,7e-4,8.8e-4,0.0011,0.0014,TRUE,FALSE,NAU,2026-09-30,Copycat
United States,US,2,wk inc rsv prop ed visits,prop_ed,2026-10-03,2026-10-17,NAU-Copycat,3.494541750158765e-4,4.935199877903842e-4,6.421628092530398e-4,8.886503746101881e-4,0.0011606162898796237,0.0014347372516071218,0.0017925194135109148,3.5e-4,4.9e-4,6.4e-4,8.9e-4,0.0012,0.0014,0.0018,TRUE,FALSE,NAU,2026-09-30,Copycat
United States,US,0,wk inc rsv hosp,hosp,2026-10-03,2026-10-03,UGA_flucast-INFLAenza,458,495,528,566,604,642,685,460,500,530,570,600,640,690,TRUE,FALSE,UGA_flucast,2026-09-30,INFLAenza
United States,US,1,wk inc rsv hosp,hosp,2026-10-03,2026-10-10,UGA_flucast-INFLAenza,522,572,620,676,734,796,865,520,570,620,680,730,800,870,TRUE,FALSE,UGA_flucast,2026-09-30,INFLAenza
United States,US,2,wk inc rsv hosp,hosp,2026-10-03,2026-10-17,UGA_flucast-INFLAenza,590,658,718,792,878,958,1054,590,660,720,790,880,960,1100,TRUE,FALSE,UGA_flucast,2026-09-30,INFLAenza
United States,US,0,wk inc rsv prop ed visits,prop_ed,2026-10-03,2026-10-03,UGA_flucast-INFLAenza,1.3610835215731797e-4,2.3870781916208566e-4,3.692105943220432e-4,5.589406705132458e-4,8.054684710621182e-4,0.0010655723355219536,0.0014090143135169807,1.4e-4,2.4e-4,3.7e-4,5.6e-4,8.1e-4,0.0011,0.0014,TRUE,FALSE,UGA_flucast,2026-09-30,INFLAenza
United States,US,1,wk inc rsv prop ed visits,prop_ed,2026-10-03,2026-10-10,UGA_flucast-INFLAenza,1.5579512455406747e-4,2.7797259924280433e-4,4.421159768976348e-4,6.636799497459005e-4,9.64614822077203e-4,0.0013042533732272239,0.0017637959020614274,1.6e-4,2.8e-4,4.4e-4,6.6e-4,9.6e-4,0.0013,0.0018,TRUE,FALSE,UGA_flucast,2026-09-30,INFLAenza
United States,US,2,wk inc rsv prop ed visits,prop_ed,2026-10-03,2026-10-17,UGA_flucast-INFLAenza,1.922031589816585e-4,3.2615129811515236e-4,5.172998368910841e-4,7.960370750124688e-4,0.0011511840673039814,0.0015958283334081326,0.002223854269693522,1.9e-4,3.3e-4,5.2e-4,8e-4,0.0012,0.0016,0.0022,TRUE,FALSE,UGA_flucast,2026-09-30,INFLAenza
United States,US,0,wk inc rsv hosp,hosp,2026-10-03,2026-10-03,RSVHub-ensemble,374.0673764489969,445.95,491.5,547.5,627.625,737.5,893.5374999999998,370,450,490,550,630,740,890,FALSE,TRUE,RSVHub,2026-09-30,Ensemble using RSVHub forecast submissions
United States,US,1,wk inc rsv hosp,hosp,2026-10-03,2026-10-10,RSVHub-ensemble,417.4875,493.95,551.875,633,739,945.5500000000001,1194.0125,420,490,550,630,740,950,1200,FALSE,TRUE,RSVHub,2026-09-30,Ensemble using RSVHub forecast submissions
United States,US,2,wk inc rsv hosp,hosp,2026-10-03,2026-10-17,RSVHub-ensemble,464,538.45,619,744,903.5,1173.0500000000002,1530.6749999999997,460,540,620,740,900,1200,1500,FALSE,TRUE,RSVHub,2026-09-30,Ensemble using RSVHub forecast submissions
United States,US,0,wk inc rsv prop ed visits,prop_ed,2026-10-03,2026-10-03,RSVHub-ensemble,2.95963310204128e-4,3.974603523232218e-4,4.649799045315878e-4,5.60403028471236e-4,6.39796509281685e-4,7.159110657339357e-4,8.205761057523479e-4,3e-4,4e-4,4.6e-4,5.6e-4,6.4e-4,7.2e-4,8.2e-4,FALSE,TRUE,RSVHub,2026-09-30,Ensemble using RSVHub forecast submissions
United States,US,1,wk inc rsv prop ed visits,prop_ed,2026-10-03,2026-10-10,RSVHub-ensemble,3.1373406424544634e-4,4.390525345644061e-4,5.282879117688806e-4,6.730596379915134e-4,8.127563561545273e-4,9.402887838706712e-4,0.0011332219297114448,3.1e-4,4.4e-4,5.3e-4,6.7e-4,8.1e-4,9.4e-4,0.0011,FALSE,TRUE,RSVHub,2026-09-30,Ensemble using RSVHub forecast submissions
United States,US,2,wk inc rsv prop ed visits,prop_ed,2026-10-03,2026-10-17,RSVHub-ensemble,4.1045750899951607e-4,5.118642529965432e-4,6.231196912308012e-4,8.122552615488293e-4,0.0010528320169290906,0.0012746936986603116,0.0015667309004151937,4.1e-4,5.1e-4,6.2e-4,8.1e-4,0.0011,0.0013,0.0016,FALSE,TRUE,RSVHub,2026-09-30,Ensemble using RSVHub forecast submissions
Alabama,AL,0,wk inc rsv hosp,hosp,2026-10-03,2026-10-03,CEPH-Rtrend_rsv,10,11,13,16,19,22,25,10,10,10,20,20,20,30,TRUE,FALSE,CEPH Lab at Indiana University,2026-09-30,Rtrend RSV
Alabama,AL,1,wk inc rsv hosp,hosp,2026-10-03,2026-10-10,CEPH-Rtrend_rsv,8,10,13,17,21,27,33,8,10,10,20,20,30,30,TRUE,FALSE,CEPH Lab at Indiana University,2026-09-30,Rtrend RSV
Alabama,AL,2,wk inc rsv hosp,hosp,2026-10-03,2026-10-17,CEPH-Rtrend_rsv,7,9,13,18,25,33,45,7,9,10,20,30,30,50,TRUE,FALSE,CEPH Lab at Indiana University,2026-09-30,Rtrend RSV
Alabama,AL,0,wk inc rsv prop ed visits,prop_ed,2026-10-03,2026-10-03,CFA-NowcastAutoGP,5.807473330075576e-4,7.021106301434284e-4,8.694342978545121e-4,0.0010829214515141212,0.0013447080148593857,0.0016493238878366936,0.0020180763285208647,5.8e-4,7e-4,8.7e-4,0.0011,0.0013,0.0016,0.002,TRUE,FALSE,Center for Forecasting and Outbreak Analytics (CDC/CFA),2026-09-30,NowcastAutoGP
Alabama,AL,1,wk inc rsv prop ed visits,prop_ed,2026-10-03,2026-10-10,CFA-NowcastAutoGP,6.07856200808696e-4,7.52334416942533e-4,9.464478533782489e-4,0.0011994524026949466,0.0015378346659292224,0.0019150549498569182,0.0024336563646682116,6.1e-4,7.5e-4,9.5e-4,0.0012,0.0015,0.0019,0.0024,TRUE,FALSE,Center for Forecasting and Outbreak Analytics (CDC/CFA),2026-09-30,NowcastAutoGP
Alabama,AL,2,wk inc rsv prop ed visits,prop_ed,2026-10-03,2026-10-17,CFA-NowcastAutoGP,6.091480408022122e-4,8.022191372010555e-4,0.00101739214274925,0.0013243810148529165,0.0017345006111423565,0.0022306150831448075,0.002891268985642119,6.1e-4,8e-4,0.001,0.0013,0.0017,0.0022,0.0029,TRUE,FALSE,Center for Forecasting and Outbreak Analytics (CDC/CFA),2026-09-30,NowcastAutoGP
Alabama,AL,0,wk inc rsv prop ed visits,prop_ed,2026-10-03,2026-10-03,CFA-PyRenew_E,7.287312143949045e-4,8.707196180962736e-4,9.99442668283724e-4,0.0011659988985376316,0.0013572921057502327,0.0015197291140865222,0.0017894178192452547,7.3e-4,8.7e-4,0.001,0.0012,0.0014,0.0015,0.0018,TRUE,FALSE,Center for Forecasting and Outbreak Analytics (CDC/CFA),2026-09-30,PyRenew-E
Alabama,AL,1,wk inc rsv prop ed visits,prop_ed,2026-10-03,2026-10-10,CFA-PyRenew_E,7.000745138762893e-4,0.00086630970860718335,0.0010554999337383775,0.0012839287348068722,0.0015986690930093702,0.001980473962601976,0.0025042908410508793,7e-4,8.7e-4,0.0011,0.0013,0.0016,0.002,0.0025,TRUE,FALSE,Center for Forecasting and Outbreak Analytics (CDC/CFA),2026-09-30,PyRenew-E
Alabama,AL,2,wk inc rsv prop ed visits,prop_ed,2026-10-03,2026-10-17,CFA-PyRenew_E,6.190566649384537e-4,8.639698362306271e-4,0.0011016689689947816,0.0014486403607527993,0.0019594728505825465,0.0025867230640462834,0.003952451425600133,6.2e-4,8.6e-4,0.0011,0.0014,0.002,0.0026,0.004,TRUE,FALSE,Center for Forecasting and Outbreak Analytics (CDC/CFA),2026-09-30,PyRenew-E
Alabama,AL,0,wk inc rsv hosp,hosp,2026-10-03,2026-10-03,CFA-PyRenew_H,5,8,10,14,19,24,31.024999999999864,5,8,10,10,20,20,30,FALSE,FALSE,Center for Forecasting and Outbreak Analytics (CDC/CFA),2026-09-30,PyRenew-H
Alabama,AL,1,wk inc rsv hosp,hosp,2026-10-03,2026-10-10,CFA-PyRenew_H,4,7,10,15,22,30,44.024999999999864,4,7,10,20,20,30,40,FALSE,FALSE,Center for Forecasting and Outbreak Analytics (CDC/CFA),2026-09-30,PyRenew-H
Alabama,AL,2,wk inc rsv hosp,hosp,2026-10-03,2026-10-17,CFA-PyRenew_H,3,6,10,17,25,38,59,3,6,10,20,30,40,60,FALSE,FALSE,Center for Forecasting and Outbreak Analytics (CDC/CFA),2026-09-30,PyRenew-H
Alabama,AL,0,wk inc rsv hosp,hosp,2026-10-03,2026-10-03,CFA-PyRenew_HE,7,10,13,16,20,24,29,7,10,10,20,20,20,30,TRUE,FALSE,Center for Forecasting and Outbreak Analytics (CDC/CFA),2026-09-30,PyRenew-HE
Alabama,AL,1,wk inc rsv hosp,hosp,2026-10-03,2026-10-10,CFA-PyRenew_HE,8,10,14,18,22,28,37.024999999999864,8,10,10,20,20,30,40,TRUE,FALSE,Center for Forecasting and Outbreak Analytics (CDC/CFA),2026-09-30,PyRenew-HE
Alabama,AL,2,wk inc rsv hosp,hosp,2026-10-03,2026-10-17,CFA-PyRenew_HE,7,10,14,19,26,35,53,7,10,10,20,30,40,50,TRUE,FALSE,Center for Forecasting and Outbreak Analytics (CDC/CFA),2026-09-30,PyRenew-HE
Alabama,AL,0,wk inc rsv prop ed visits,prop_ed,2026-10-03,2026-10-03,CFA-PyRenew_HE,7.425807679268603e-4,8.510548362807727e-4,9.78140757599661e-4,0.0011381234888062446,0.0013007610539795152,0.0014536933809067105,0.0016654733218111587,7.4e-4,8.5e-4,9.8e-4,0.0011,0.0013,0.0015,0.0017,FALSE,FALSE,Center for Forecasting and Outbreak Analytics (CDC/CFA),2026-09-30,PyRenew-HE
Alabama,AL,1,wk inc rsv prop ed visits,prop_ed,2026-10-03,2026-10-10,CFA-PyRenew_HE,6.746904572220452e-4,8.466623582676457e-4,0.001015006182055887,0.0012450630458845937,0.0015182293383862564,0.0018255875893004752,0.002193858119042921,6.7e-4,8.5e-4,0.001,0.0012,0.0015,0.0018,0.0022,FALSE,FALSE,Center for Forecasting and Outbreak Analytics (CDC/CFA),2026-09-30,PyRenew-HE
Alabama,AL,2,wk inc rsv prop ed visits,prop_ed,2026-10-03,2026-10-17,CFA-PyRenew_HE,5.794479415846122e-4,8.107420516226993e-4,0.0010491845649042177,0.0013831677845061528,0.001805387978416484,0.0023138397900420967,0.0032374956873342034,5.8e-4,8.1e-4,0.001,0.0014,0.0018,0.0023,0.0032,FALSE,FALSE,Center for Forecasting and Outbreak Analytics (CDC/CFA),2026-09-30,PyRenew-HE
Alabama,AL,0,wk inc rsv hosp,hosp,2026-10-03,2026-10-03,NAU-epymorph,0,1,7,14,21,31,50,0,1,7,10,20,30,50,TRUE,FALSE,Northern Arizona University,2026-09-30,epymorph RSV compartmental model
Alabama,AL,1,wk inc rsv hosp,hosp,2026-10-03,2026-10-10,NAU-epymorph,0,0,6,14,25,43,81,0,0,6,10,30,40,80,TRUE,FALSE,Northern Arizona University,2026-09-30,epymorph RSV compartmental model
Alabama,AL,2,wk inc rsv hosp,hosp,2026-10-03,2026-10-17,NAU-epymorph,0,1,6,15,30,55,115,0,1,6,20,30,60,120,TRUE,FALSE,Northern Arizona University,2026-09-30,epymorph RSV compartmental model
Alabama,AL,0,wk inc rsv hosp,hosp,2026-10-03,2026-10-03,RSVHub-baseline,0,0,5,9,13,18.100000000000005,30.54999999999996,0,0,5,9,10,20,30,FALSE,FALSE,RSVHub-hub-models,2026-09-30,RSVHub baseline model
Alabama,AL,1,wk inc rsv hosp,hosp,2026-10-03,2026-10-10,RSVHub-baseline,0,0,3,9,15.833940839408399,25.424957249572493,44.04599945999481,0,0,3,9,20,30,40,FALSE,FALSE,RSVHub-hub-models,2026-09-30,RSVHub baseline model
Alabama,AL,2,wk inc rsv hosp,hosp,2026-10-03,2026-10-17,RSVHub-baseline,0,0,1,9,18,30,53.01855893558935,0,0,1,9,20,30,50,FALSE,FALSE,RSVHub-hub-models,2026-09-30,RSVHub baseline model
Alabama,AL,0,wk inc rsv prop ed visits,prop_ed,2026-10-03,2026-10-03,RSVHub-baseline,0,3.9999999999999996e-4,9.000000000000001e-4,0.0011,0.0013000000000000002,0.0018000000000000002,0.003100000000000002,0,4e-4,9e-4,0.0011,0.0013,0.0018,0.0031,FALSE,FALSE,RSVHub-hub-models,2026-09-30,RSVHub baseline model
Alabama,AL,1,wk inc rsv prop ed visits,prop_ed,2026-10-03,2026-10-10,RSVHub-baseline,0,0,7e-4,0.0011,0.0015000000000000002,0.002445163251632521,0.003821093535935352,0,0,7e-4,0.0011,0.0015,0.0024,0.0038,FALSE,FALSE,RSVHub-hub-models,2026-09-30,RSVHub baseline model
Alabama,AL,2,wk inc rsv prop ed visits,prop_ed,2026-10-03,2026-10-17,RSVHub-baseline,0,0,4.999999999999999e-4,0.0011,0.0017999999999999986,0.0028554348543485455,0.004269100491004912,0,0,5e-4,0.0011,0.0018,0.0029,0.0043,FALSE,FALSE,RSVHub-hub-models,2026-09-30,RSVHub baseline model
Alabama,AL,0,wk inc rsv hosp,hosp,2026-10-03,2026-10-03,docxology-timesfm,5.588522395006048,6.954432974303934,11.692224136927157,14.789995863055097,20.49648308955788,27.709284130723383,28.19309812978351,6,7,10,10,20,30,30,TRUE,FALSE,docxology,2026-09-30,docxology timesfm
Alabama,AL,1,wk inc rsv hosp,hosp,2026-10-03,2026-10-10,docxology-timesfm,8.035397736229212,9.508890995558122,13.066097499059401,15.838309173918221,19.848624244859867,27.23940298278879,31.966716370067765,8,10,10,20,20,30,30,TRUE,FALSE,docxology,2026-09-30,docxology timesfm
Alabama,AL,2,wk inc rsv hosp,hosp,2026-10-03,2026-10-17,docxology-timesfm,8.988709382956529,14.504929273939116,17.295570696261446,20.884765734432442,26.485317769692184,34.451920702218516,48.65284821483641,9,10,20,20,30,30,50,TRUE,FALSE,docxology,2026-09-30,docxology timesfm
Alabama,AL,0,wk inc rsv hosp,hosp,2026-10-03,2026-10-03,NAU-Copycat,2,4,8,13,21,33,53.02499999999998,2,4,8,10,20,30,50,TRUE,FALSE,NAU,2026-09-30,Copycat
Alabama,AL,1,wk inc rsv hosp,hosp,2026-10-03,2026-10-10,NAU-Copycat,1.9750000000000014,4,7,14,25,42.100000000000136,81.04999999999995,2,4,7,10,30,40,80,TRUE,FALSE,NAU,2026-09-30,Copycat
Alabama,AL,2,wk inc rsv hosp,hosp,2026-10-03,2026-10-17,NAU-Copycat,1,4,8,16,32,59.100000000000136,126.04999999999995,1,4,8,20,30,60,130,TRUE,FALSE,NAU,2026-09-30,Copycat
Alabama,AL,0,wk inc rsv prop ed visits,prop_ed,2026-10-03,2026-10-03,NAU-Copycat,4.658027831745175e-4,7.843007715862935e-4,0.0010973849505331685,0.001465699272186757,0.001900777454164795,0.0023981343349254777,0.0032681596756355203,4.7e-4,7.8e-4,0.0011,0.0015,0.0019,0.0024,0.0033,TRUE,FALSE,NAU,2026-09-30,Copycat
Alabama,AL,1,wk inc rsv prop ed visits,prop_ed,2026-10-03,2026-10-10,NAU-Copycat,4.696064157806601e-4,7.732262673521262e-4,0.0012140761101559496,0.0017926722081003147,0.0024986403591874696,0.0033607847865618976,0.004324050846969719,4.7e-4,7.7e-4,0.0012,0.0018,0.0025,0.0034,0.0043,TRUE,FALSE,NAU,2026-09-30,Copycat
Alabama,AL,2,wk inc rsv prop ed visits,prop_ed,2026-10-03,2026-10-17,NAU-Copycat,4.510967469443928e-4,9.660930555969219e-4,0.0014261076075698276,0.002251908395869132,0.0033080307525753814,0.004482225488623063,0.006340706655753538,4.5e-4,9.7e-4,0.0014,0.0023,0.0033,0.0045,0.0063,TRUE,FALSE,NAU,2026-09-30,Copycat
Alabama,AL,0,wk inc rsv hosp,hosp,2026-10-03,2026-10-03,UGA_flucast-INFLAenza,7,10,13,17,21,26,32,7,10,10,20,20,30,30,TRUE,FALSE,UGA_flucast,2026-09-30,INFLAenza
Alabama,AL,1,wk inc rsv hosp,hosp,2026-10-03,2026-10-10,UGA_flucast-INFLAenza,8,11,15,20,26,33,42,8,10,20,20,30,30,40,TRUE,FALSE,UGA_flucast,2026-09-30,INFLAenza
Alabama,AL,2,wk inc rsv hosp,hosp,2026-10-03,2026-10-17,UGA_flucast-INFLAenza,9,13,17,24,31,40,54,9,10,20,20,30,40,50,TRUE,FALSE,UGA_flucast,2026-09-30,INFLAenza
Alabama,AL,0,wk inc rsv prop ed visits,prop_ed,2026-10-03,2026-10-03,UGA_flucast-INFLAenza,7.186757206534793e-4,9.54446102444571e-4,0.0012129248838618747,0.0015440196093672253,0.0019169980648094313,0.00229930978858776,0.0027911142471790406,7.2e-4,9.5e-4,0.0012,0.0015,0.0019,0.0023,0.0028,TRUE,FALSE,UGA_flucast,2026-09-30,INFLAenza
Alabama,AL,1,wk inc rsv prop ed visits,prop_ed,2026-10-03,2026-10-10,UGA_flucast-INFLAenza,8.352091701316912e-4,0.0011403156858366922,0.0014638070348363596,0.0018657637271973417,0.002338196655585786,0.002837962554718107,0.0035142560607703817,8.4e-4,0.0011,0.0015,0.0019,0.0023,0.0028,0.0035,TRUE,FALSE,UGA_flucast,2026-09-30,INFLAenza
Alabama,AL,2,wk inc rsv prop ed visits,prop_ed,2026-10-03,2026-10-17,UGA_flucast-INFLAenza,9.646184959329962e-4,0.0013434981011893796,0.001744274390986695,0.0022490157596474045,0.0029124660859893682,0.0035916496557528853,0.00451188719709655,9.6e-4,0.0013,0.0017,0.0022,0.0029,0.0036,0.0045,TRUE,FALSE,UGA_flucast,2026-09-30,INFLAenza
Alabama,AL,0,wk inc rsv hosp,hosp,2026-10-03,2026-10-03,RSVHub-ensemble,6.294261197503024,8.477216487151967,12.34611206846358,15.394997931527548,20.748241544778942,26.85464206536169,30.5,6,8,10,20,20,30,30,FALSE,TRUE,RSVHub,2026-09-30,Ensemble using RSVHub forecast submissions
Alabama,AL,1,wk inc rsv hosp,hosp,2026-10-03,2026-10-10,RSVHub-ensemble,8,9.754445497779061,13.033048749529701,16.41915458695911,23.5,30.5,39.51249999999993,8,10,10,20,20,30,40,FALSE,TRUE,RSVHub,2026-09-30,Ensemble using RSVHub forecast submissions
Alabama,AL,2,wk inc rsv hosp,hosp,2026-10-03,2026-10-17,RSVHub-ensemble,7,9.5,13.5,18.5,28.242658884846094,37.5,53.5,7,10,10,20,30,40,50,FALSE,TRUE,RSVHub,2026-09-30,Ensemble using RSVHub forecast submissions
Alabama,AL,0,wk inc rsv prop ed visits,prop_ed,2026-10-03,2026-10-03,RSVHub-ensemble,6.497115268305184e-4,8.275101948412836e-4,0.0010484138094084463,0.0013158490853621943,0.0016290347799575138,0.001974316838212227,0.002404595287849953,6.5e-4,8.3e-4,0.001,0.0013,0.0016,0.002,0.0024,FALSE,TRUE,RSVHub,2026-09-30,Ensemble using RSVHub forecast submissions
Alabama,AL,1,wk inc rsv prop ed visits,prop_ed,2026-10-03,2026-10-10,RSVHub-ensemble,6.539653573424927e-4,8.197679879796548e-4,0.0011347880219471636,0.0015383004714535934,0.001968432874297578,0.0024092182586600416,0.0030092734509106307,6.5e-4,8.2e-4,0.0011,0.0015,0.002,0.0024,0.003,FALSE,TRUE,RSVHub,2026-09-30,Ensemble using RSVHub forecast submissions
Alabama,AL,2,wk inc rsv prop ed visits,prop_ed,2026-10-03,2026-10-17,RSVHub-ensemble,6.141023528703329e-4,9.150314459137745e-4,0.0012638882882823046,0.001848828060200102,0.0024359694682859574,0.0030891863598995844,0.004232169311348342,6.1e-4,9.2e-4,0.0013,0.0018,0.0024,0.0031,0.0042,FALSE,TRUE,RSVHub,2026-09-30,Ensemble using RSVHub forecast submissions
Alaska,AK,0,wk inc rsv hosp,hosp,2026-10-03,2026-10-03,CEPH-Rtrend_rsv,3,3,4,5,6,7,9,3,3,4,5,6,7,9,TRUE,FALSE,CEPH Lab at Indiana University,2026-09-30,Rtrend RSV
Alaska,AK,1,wk inc rsv hosp,hosp,2026-10-03,2026-10-10,CEPH-Rtrend_rsv,2,3,4,5,7,9,12,2,3,4,5,7,9,10,TRUE,FALSE,CEPH Lab at Indiana University,2026-09-30,Rtrend RSV
Alaska,AK,2,wk inc rsv hosp,hosp,2026-10-03,2026-10-17,CEPH-Rtrend_rsv,2,2,3,5,8,12,17,2,2,3,5,8,10,20,TRUE,FALSE,CEPH Lab at Indiana University,2026-09-30,Rtrend RSV
Alaska,AK,0,wk inc rsv prop ed visits,prop_ed,2026-10-03,2026-10-03,CFA-NowcastAutoGP,0,2.9127712893770645e-5,7.195355924854165e-5,1.398882665891893e-4,2.4523509713357327e-4,3.8136442051967944e-4,6.163211039689915e-4,0,2.9e-5,7.2e-5,1.4e-4,2.5e-4,3.8e-4,6.2e-4,TRUE,FALSE,Center for Forecasting and Outbreak Analytics (CDC/CFA),2026-09-30,NowcastAutoGP
Alaska,AK,1,wk inc rsv prop ed visits,prop_ed,2026-10-03,2026-10-10,CFA-NowcastAutoGP,2.6608127465880144e-6,3.6255525357057e-5,8.481652667951732e-5,1.659258297293364e-4,3.044815181495039e-4,4.8360911567530134e-4,7.208283399356409e-4,2.7e-6,3.6e-5,8.5e-5,1.7e-4,3e-4,4.8e-4,7.2e-4,TRUE,FALSE,Center for Forecasting and Outbreak Analytics (CDC/CFA),2026-09-30,NowcastAutoGP
Alaska,AK,2,wk inc rsv prop ed visits,prop_ed,2026-10-03,2026-10-17,CFA-NowcastAutoGP,9.887750814178249e-6,5.078502439998326e-5,1.0670921699171692e-4,1.9805080654649264e-4,3.4748603760154133e-4,5.612010280323721e-4,9.177129648338713e-4,9.9e-6,5.1e-5,1.1e-4,2e-4,3.5e-4,5.6e-4,9.2e-4,TRUE,FALSE,Center for Forecasting and Outbreak Analytics (CDC/CFA),2026-09-30,NowcastAutoGP
Alaska,AK,0,wk inc rsv prop ed visits,prop_ed,2026-10-03,2026-10-03,CFA-PyRenew_E,0,0,0,1.29418620717038e-4,1.3797231953527518e-4,3.881088679379451e-4,5.395066297125017e-4,0,0,0,1.3e-4,1.4e-4,3.9e-4,5.4e-4,TRUE,FALSE,Center for Forecasting and Outbreak Analytics (CDC/CFA),2026-09-30,PyRenew-E
Alaska,AK,1,wk inc rsv prop ed visits,prop_ed,2026-10-03,2026-10-10,CFA-PyRenew_E,0,0,0,1.2837430384536014e-4,2.544043381341088e-4,3.966323689058025e-4,6.783099902830107e-4,0,0,0,1.3e-4,2.5e-4,4e-4,6.8e-4,TRUE,FALSE,Center for Forecasting and Outbreak Analytics (CDC/CFA),2026-09-30,PyRenew-E
Alaska,AK,2,wk inc rsv prop ed visits,prop_ed,2026-10-03,2026-10-17,CFA-PyRenew_E,0,0,0,1.28952281743075e-4,2.5936651094703346e-4,4.0179783116009996e-4,9.60907331586939e-4,0,0,0,1.3e-4,2.6e-4,4e-4,9.6e-4,TRUE,FALSE,Center for Forecasting and Outbreak Analytics (CDC/CFA),2026-09-30,PyRenew-E
Alaska,AK,0,wk inc rsv hosp,hosp,2026-10-03,2026-10-03,CFA-PyRenew_H,1,3,4,7,10,15,20,1,3,4,7,10,20,20,FALSE,FALSE,Center for Forecasting and Outbreak Analytics (CDC/CFA),2026-09-30,PyRenew-H
Alaska,AK,1,wk inc rsv hosp,hosp,2026-10-03,2026-10-10,CFA-PyRenew_H,1,3,6,10,16,24,40,1,3,6,10,20,20,40,FALSE,FALSE,Center for Forecasting and Outbreak Analytics (CDC/CFA),2026-09-30,PyRenew-H
Alaska,AK,2,wk inc rsv hosp,hosp,2026-10-03,2026-10-17,CFA-PyRenew_H,1,4,7,13,24,43,79.02499999999986,1,4,7,10,20,40,80,FALSE,FALSE,Center for Forecasting and Outbreak Analytics (CDC/CFA),2026-09-30,PyRenew-H
Alaska,AK,0,wk inc rsv hosp,hosp,2026-10-03,2026-10-03,CFA-PyRenew_HE,0,0,1,2,4,7,10,0,0,1,2,4,7,10,TRUE,FALSE,Center for Forecasting and Outbreak Analytics (CDC/CFA),2026-09-30,PyRenew-HE
Alaska,AK,1,wk inc rsv hosp,hosp,2026-10-03,2026-10-10,CFA-PyRenew_HE,0,0,1,3,5,9,16,0,0,1,3,5,9,20,TRUE,FALSE,Center for Forecasting and Outbreak Analytics (CDC/CFA),2026-09-30,PyRenew-HE
Alaska,AK,2,wk inc rsv hosp,hosp,2026-10-03,2026-10-17,CFA-PyRenew_HE,0,0,1,3,8,15,30,0,0,1,3,8,20,30,TRUE,FALSE,Center for Forecasting and Outbreak Analytics (CDC/CFA),2026-09-30,PyRenew-HE
Alaska,AK,0,wk inc rsv prop ed visits,prop_ed,2026-10-03,2026-10-03,CFA-PyRenew_HE,0,1.3066914594960993e-4,2.638765384617437e-4,5.216049559511683e-4,8.010154359803176e-4,0.0011648210628956161,0.0016075067551508044,0,1.3e-4,2.6e-4,5.2e-4,8e-4,0.0012,0.0016,FALSE,FALSE,Center for Forecasting and Outbreak Analytics (CDC/CFA),2026-09-30,PyRenew-HE
Alaska,AK,1,wk inc rsv prop ed visits,prop_ed,2026-10-03,2026-10-10,CFA-PyRenew_HE,0,1.3139377665202662e-4,2.710574040935067e-4,6.55673147240005e-4,0.0010930418723449277,0.0017411692642585893,0.0027879849109552933,0,1.3e-4,2.7e-4,6.6e-4,0.0011,0.0017,0.0028,FALSE,FALSE,Center for Forecasting and Outbreak Analytics (CDC/CFA),2026-09-30,PyRenew-HE
Alaska,AK,2,wk inc rsv prop ed visits,prop_ed,2026-10-03,2026-10-17,CFA-PyRenew_HE,0,1.3233571175561452e-4,3.903496532107676e-4,8.014328942674082e-4,0.0015772075935409015,0.0027193992469929126,0.0051000184143750685,0,1.3e-4,3.9e-4,8e-4,0.0016,0.0027,0.0051,FALSE,FALSE,Center for Forecasting and Outbreak Analytics (CDC/CFA),2026-09-30,PyRenew-HE
Alaska,AK,0,wk inc rsv hosp,hosp,2026-10-03,2026-10-03,NAU-epymorph,0,1,3,7,11,16,25,0,1,3,7,10,20,30,TRUE,FALSE,Northern Arizona University,2026-09-30,epymorph RSV compartmental model
Alaska,AK,1,wk inc rsv hosp,hosp,2026-10-03,2026-10-10,NAU-epymorph,0,1,4,8,14,23,36,0,1,4,8,10,20,40,TRUE,FALSE,Northern Arizona University,2026-09-30,epymorph RSV compartmental model
Alaska,AK,2,wk inc rsv hosp,hosp,2026-10-03,2026-10-17,NAU-epymorph,0,1,4,9,18,31,53,0,1,4,9,20,30,50,TRUE,FALSE,Northern Arizona University,2026-09-30,epymorph RSV compartmental model
Alaska,AK,0,wk inc rsv hosp,hosp,2026-10-03,2026-10-03,RSVHub-baseline,0,0,4,5,6,10,17.274999999999974,0,0,4,5,6,10,20,FALSE,FALSE,RSVHub-hub-models,2026-09-30,RSVHub baseline model
Alaska,AK,1,wk inc rsv hosp,hosp,2026-10-03,2026-10-10,RSVHub-baseline,0,0,2,5,8,14,20.569754197541926,0,0,2,5,8,10,20,FALSE,FALSE,RSVHub-hub-models,2026-09-30,RSVHub baseline model
Alaska,AK,2,wk inc rsv hosp,hosp,2026-10-03,2026-10-17,RSVHub-baseline,0,0,1,5,10,16,22.757671826718262,0,0,1,5,10,20,20,FALSE,FALSE,RSVHub-hub-models,2026-09-30,RSVHub baseline model
Alaska,AK,0,wk inc rsv prop ed visits,prop_ed,2026-10-03,2026-10-03,RSVHub-baseline,0,0,0,1e-4,6.000000000000005e-4,0.0022,0.004300000000000001,0,0,0,1e-4,6e-4,0.0022,0.0043,FALSE,FALSE,RSVHub-hub-models,2026-09-30,RSVHub baseline model
Alaska,AK,1,wk inc rsv prop ed visits,prop_ed,2026-10-03,2026-10-10,RSVHub-baseline,0,0,0,9.999999999999999e-5,0.0012000000000000001,0.0032416369163691706,0.005453066905669055,0,0,0,1e-4,0.0012,0.0032,0.0055,FALSE,FALSE,RSVHub-hub-models,2026-09-30,RSVHub baseline model
Alaska,AK,2,wk inc rsv prop ed visits,prop_ed,2026-10-03,2026-10-17,RSVHub-baseline,0,0,0,9.999999999999999e-5,0.0018,0.0038954066540665445,0.006304893148931478,0,0,0,1e-4,0.0018,0.0039,0.0063,FALSE,FALSE,RSVHub-hub-models,2026-09-30,RSVHub baseline model
Alaska,AK,0,wk inc rsv hosp,hosp,2026-10-03,2026-10-03,docxology-timesfm,1.0687639463773144,1.484490406598363,2.2969815048961992,3.7289355163549724,5.245977418424003,6.463285409201816,10.579280568879241,1,1,2,4,5,6,10,TRUE,FALSE,docxology,2026-09-30,docxology timesfm
Alaska,AK,1,wk inc rsv hosp,hosp,2026-10-03,2026-10-10,docxology-timesfm,0.5361829705828965,1.2609312443201879,1.5581934997508342,3.142387835272025,4.420928508556763,6.737203761038144,9.574677433877454,1,1,2,3,4,7,10,TRUE,FALSE,docxology,2026-09-30,docxology timesfm
Alaska,AK,2,wk inc rsv hosp,hosp,2026-10-03,2026-10-17,docxology-timesfm,0.5045308944797844,1.193201343699955,1.6531692583855209,2.7985794243206206,3.863282388311088,5.708629387235262,8.312443437243216,1,1,2,3,4,6,8,TRUE,FALSE,docxology,2026-09-30,docxology timesfm
Alaska,AK,0,wk inc rsv hosp,hosp,2026-10-03,2026-10-03,NAU-Copycat,0,1,3,6,11,18.100000000000136,30.024999999999977,0,1,3,6,10,20,30,TRUE,FALSE,NAU,2026-09-30,Copycat
Alaska,AK,1,wk inc rsv hosp,hosp,2026-10-03,2026-10-10,NAU-Copycat,0,1,2,6,15,29,69.02499999999998,0,1,2,6,20,30,70,TRUE,FALSE,NAU,2026-09-30,Copycat
Alaska,AK,2,wk inc rsv hosp,hosp,2026-10-03,2026-10-17,NAU-Copycat,0,1,2,8,20,46,111,0,1,2,8,20,50,110,TRUE,FALSE,NAU,2026-09-30,Copycat
Alaska,AK,0,wk inc rsv prop ed visits,prop_ed,2026-10-03,2026-10-03,NAU-Copycat,0,0,2.2158927991055653e-5,1.4972809867975695e-4,3.725529444504222e-4,8.013429287519393e-4,0.0017163088432054457,0,0,2.2e-5,1.5e-4,3.7e-4,8e-4,0.0017,TRUE,FALSE,NAU,2026-09-30,Copycat
Alaska,AK,1,wk inc rsv prop ed visits,prop_ed,2026-10-03,2026-10-10,NAU-Copycat,0,0,1.249247686715825e-5,1.7301528210276218e-4,5.795732319430094e-4,0.0014907528123826095,0.003768269249121967,0,0,1.2e-5,1.7e-4,5.8e-4,0.0015,0.0038,TRUE,FALSE,NAU,2026-09-30,Copycat
Alaska,AK,2,wk inc rsv prop ed visits,prop_ed,2026-10-03,2026-10-17,NAU-Copycat,0,0,1.636929744813685e-5,2.3716179873909215e-4,9.541982241144091e-4,0.0027377664255993114,0.00706595816697423,0,0,1.6e-5,2.4e-4,9.5e-4,0.0027,0.0071,TRUE,FALSE,NAU,2026-09-30,Copycat
Alaska,AK,0,wk inc rsv hosp,hosp,2026-10-03,2026-10-03,UGA_flucast-INFLAenza,0,1,2,3,4,6,8,0,1,2,3,4,6,8,TRUE,FALSE,UGA_flucast,2026-09-30,INFLAenza
Alaska,AK,1,wk inc rsv hosp,hosp,2026-10-03,2026-10-10,UGA_flucast-INFLAenza,0,1,2,3,5,7,9,0,1,2,3,5,7,9,TRUE,FALSE,UGA_flucast,2026-09-30,INFLAenza
Alaska,AK,2,wk inc rsv hosp,hosp,2026-10-03,2026-10-17,UGA_flucast-INFLAenza,0,1,2,3,5,8,11,0,1,2,3,5,8,10,TRUE,FALSE,UGA_flucast,2026-09-30,INFLAenza
Alaska,AK,0,wk inc rsv prop ed visits,prop_ed,2026-10-03,2026-10-03,UGA_flucast-INFLAenza,1.7705216469568627e-5,5.003452688389436e-5,1.0698223790217828e-4,1.9886164464048337e-4,3.3457558358283385e-4,4.889487106477011e-4,7.039074402576801e-4,1.8e-5,5e-5,1.1e-4,2e-4,3.3e-4,4.9e-4,7e-4,TRUE,FALSE,UGA_flucast,2026-09-30,INFLAenza
Alaska,AK,1,wk inc rsv prop ed visits,prop_ed,2026-10-03,2026-10-10,UGA_flucast-INFLAenza,2.2487417253882294e-5,6.210527337085968e-5,1.2512239855195058e-4,2.3169284962784015e-4,3.902929564856932e-4,5.686621592525256e-4,8.024868998680681e-4,2.2e-5,6.2e-5,1.3e-4,2.3e-4,3.9e-4,5.7e-4,8e-4,TRUE,FALSE,UGA_flucast,2026-09-30,INFLAenza
Alaska,AK,2,wk inc rsv prop ed visits,prop_ed,2026-10-03,2026-10-17,UGA_flucast-INFLAenza,2.8745279365458908e-5,7.968034874678752e-5,1.5840614236793253e-4,2.8385666880047407e-4,4.6128684749920156e-4,6.704860961627702e-4,9.83587441663756e-4,2.9e-5,8e-5,1.6e-4,2.8e-4,4.6e-4,6.7e-4,9.8e-4,TRUE,FALSE,UGA_flucast,2026-09-30,INFLAenza
Alaska,AK,0,wk inc rsv hosp,hosp,2026-10-03,2026-10-03,RSVHub-ensemble,0,1,2.6484907524480996,4.3644677581774864,5.6229887092120014,7,10.28964028443962,0,1,3,4,6,7,10,FALSE,TRUE,RSVHub,2026-09-30,Ensemble using RSVHub forecast submissions
Alaska,AK,1,wk inc rsv hosp,hosp,2026-10-03,2026-10-10,RSVHub-ensemble,0,1,2,4.071193917636013,6,9,14,0,1,2,4,6,9,10,FALSE,TRUE,RSVHub,2026-09-30,Ensemble using RSVHub forecast submissions
Alaska,AK,2,wk inc rsv hosp,hosp,2026-10-03,2026-10-17,RSVHub-ensemble,0,1,2,4,8,13.5,23.5,0,1,2,4,8,10,20,FALSE,TRUE,RSVHub,2026-09-30,Ensemble using RSVHub forecast submissions
Alaska,AK,0,wk inc rsv prop ed visits,prop_ed,2026-10-03,2026-10-03,RSVHub-ensemble,0,1.4563856446885322e-5,4.705624361979865e-5,1.4480818263447312e-4,2.8990534035820356e-4,4.385287892928231e-4,6.601142721133358e-4,0,1.5e-5,4.7e-5,1.4e-4,2.9e-4,4.4e-4,6.6e-4,FALSE,TRUE,RSVHub,2026-09-30,Ensemble using RSVHub forecast submissions
Alaska,AK,1,wk inc rsv prop ed visits,prop_ed,2026-10-03,2026-10-10,RSVHub-ensemble,1.3304063732940072e-6,1.81277626785285e-5,4.865450177333779e-5,1.694705559160493e-4,3.473872373175985e-4,5.261356374639135e-4,7.616576199018545e-4,1.3e-6,1.8e-5,4.9e-5,1.7e-4,3.5e-4,5.3e-4,7.6e-4,FALSE,TRUE,RSVHub,2026-09-30,Ensemble using RSVHub forecast submissions
Alaska,AK,2,wk inc rsv prop ed visits,prop_ed,2026-10-03,2026-10-17,RSVHub-ensemble,4.9438754070891244e-6,2.539251219999163e-5,6.153925721992688e-5,2.176063026427924e-4,4.043864425503714e-4,6.158435620975712e-4,9.722473866253475e-4,4.9e-6,2.5e-5,6.2e-5,2.2e-4,4e-4,6.2e-4,9.7e-4,FALSE,TRUE,RSVHub,2026-09-30,Ensemble using RSVHub forecast submissions
Arizona,AZ,0,wk inc rsv hosp,hosp,2026-10-03,2026-10-03,CEPH-Rtrend_rsv,1,2,2,4,5,7,10,1,2,2,4,5,7,10,TRUE,FALSE,CEPH Lab at Indiana University,2026-09-30,Rtrend RSV
Arizona,AZ,1,wk inc rsv hosp,hosp,2026-10-03,2026-10-10,CEPH-Rtrend_rsv,0,2,2,4,5,8,11,0,2,2,4,5,8,10,TRUE,FALSE,CEPH Lab at Indiana University,2026-09-30,Rtrend RSV
Arizona,AZ,2,wk inc rsv hosp,hosp,2026-10-03,2026-10-17,CEPH-Rtrend_rsv,0,1,2,3,6,9,13,0,1,2,3,6,9,10,TRUE,FALSE,CEPH Lab at Indiana University,2026-09-30,Rtrend RSV
Arizona,AZ,0,wk inc rsv prop ed visits,prop_ed,2026-10-03,2026-10-03,CFA-NowcastAutoGP,3.411865046926797e-5,4.656160098980132e-5,6.208922098760508e-5,8.65034138587463e-5,1.1739197912852975e-4,1.5199747058713457e-4,2.045697724642402e-4,3.4e-5,4.7e-5,6.2e-5,8.7e-5,1.2e-4,1.5e-4,2e-4,TRUE,FALSE,Center for Forecasting and Outbreak Analytics (CDC/CFA),2026-09-30,NowcastAutoGP
Arizona,AZ,1,wk inc rsv prop ed visits,prop_ed,2026-10-03,2026-10-10,CFA-NowcastAutoGP,3.056212734205369e-5,4.892448737483508e-5,6.660084454123095e-5,9.417849846368474e-5,1.3190505969034553e-4,1.7369543574580893e-4,2.359031664894592e-4,3.1e-5,4.9e-5,6.7e-5,9.4e-5,1.3e-4,1.7e-4,2.4e-4,TRUE,FALSE,Center for Forecasting and Outbreak Analytics (CDC/CFA),2026-09-30,NowcastAutoGP
Arizona,AZ,2,wk inc rsv prop ed visits,prop_ed,2026-10-03,2026-10-17,CFA-NowcastAutoGP,3.267351572847447e-5,5.097759393869788e-5,7.356731731539573e-5,1.0362183629941836e-4,1.441448575127064e-4,2.018200161921714e-4,2.842135342971406e-4,3.3e-5,5.1e-5,7.4e-5,1e-4,1.4e-4,2e-4,2.8e-4,TRUE,FALSE,Center for Forecasting and Outbreak Analytics (CDC/CFA),2026-09-30,NowcastAutoGP
Arizona,AZ,0,wk inc rsv prop ed visits,prop_ed,2026-10-03,2026-10-03,CFA-PyRenew_E,0,1.705266616787148e-5,3.4302925930218984e-5,6.632863000870004e-5,8.645911800476132e-5,1.226109711257581e-4,1.8175925829671787e-4,0,1.7e-5,3.4e-5,6.6e-5,8.6e-5,1.2e-4,1.8e-4,TRUE,FALSE,Center for Forecasting and Outbreak Analytics (CDC/CFA),2026-09-30,PyRenew-E
Arizona,AZ,1,wk inc rsv prop ed visits,prop_ed,2026-10-03,2026-10-10,CFA-PyRenew_E,0,1.685643112040008e-5,3.3696420859505974e-5,5.173927526327005e-5,8.70152829400466e-5,1.363025822753093e-4,2.0253251734708456e-4,0,1.7e-5,3.4e-5,5.2e-5,8.7e-5,1.4e-4,2e-4,TRUE,FALSE,Center for Forecasting and Outbreak Analytics (CDC/CFA),2026-09-30,PyRenew-E
Arizona,AZ,2,wk inc rsv prop ed visits,prop_ed,2026-10-03,2026-10-17,CFA-PyRenew_E,0,0,1.748822593697314e-5,5.114492213708449e-5,8.657920324872112e-5,1.4085740995696194e-4,2.5091703520057696e-4,0,0,1.7e-5,5.1e-5,8.7e-5,1.4e-4,2.5e-4,TRUE,FALSE,Center for Forecasting and Outbreak Analytics (CDC/CFA),2026-09-30,PyRenew-E
Arizona,AZ,0,wk inc rsv hosp,hosp,2026-10-03,2026-10-03,CFA-PyRenew_H,0,1,2,3,6,8,13,0,1,2,3,6,8,10,FALSE,FALSE,Center for Forecasting and Outbreak Analytics (CDC/CFA),2026-09-30,PyRenew-H
Arizona,AZ,1,wk inc rsv hosp,hosp,2026-10-03,2026-10-10,CFA-PyRenew_H,0,1,2,4,7,12,20,0,1,2,4,7,10,20,FALSE,FALSE,Center for Forecasting and Outbreak Analytics (CDC/CFA),2026-09-30,PyRenew-H
Arizona,AZ,2,wk inc rsv hosp,hosp,2026-10-03,2026-10-17,CFA-PyRenew_H,0,1,2,4,9,17,41,0,1,2,4,9,20,40,FALSE,FALSE,Center for Forecasting and Outbreak Analytics (CDC/CFA),2026-09-30,PyRenew-H
Arizona,AZ,0,wk inc rsv hosp,hosp,2026-10-03,2026-10-03,CFA-PyRenew_HE,0,0,1,2,3,4,6,0,0,1,2,3,4,6,TRUE,FALSE,Center for Forecasting and Outbreak Analytics (CDC/CFA),2026-09-30,PyRenew-HE
Arizona,AZ,1,wk inc rsv hosp,hosp,2026-10-03,2026-10-10,CFA-PyRenew_HE,0,0,1,2,3,4,7,0,0,1,2,3,4,7,TRUE,FALSE,Center for Forecasting and Outbreak Analytics (CDC/CFA),2026-09-30,PyRenew-HE
Arizona,AZ,2,wk inc rsv hosp,hosp,2026-10-03,2026-10-17,CFA-PyRenew_HE,0,0,1,2,3,5,9,0,0,1,2,3,5,9,TRUE,FALSE,Center for Forecasting and Outbreak Analytics (CDC/CFA),2026-09-30,PyRenew-HE
Arizona,AZ,0,wk inc rsv prop ed visits,prop_ed,2026-10-03,2026-10-03,CFA-PyRenew_HE,0,1.736025253900632e-5,5.0856257956188435e-5,7.002180902990722e-5,1.0533325612181896e-4,1.5338189894514403e-4,2.0455002789326505e-4,0,1.7e-5,5.1e-5,7e-5,1.1e-4,1.5e-4,2e-4,FALSE,FALSE,Center for Forecasting and Outbreak Analytics (CDC/CFA),2026-09-30,PyRenew-HE
Arizona,AZ,1,wk inc rsv prop ed visits,prop_ed,2026-10-03,2026-10-10,CFA-PyRenew_HE,0,1.728713327527382e-5,3.505927862539455e-5,6.973147743759957e-5,1.1961535084158855e-4,1.7014363257805546e-4,2.5091331165252135e-4,0,1.7e-5,3.5e-5,7e-5,1.2e-4,1.7e-4,2.5e-4,FALSE,FALSE,Center for Forecasting and Outbreak Analytics (CDC/CFA),2026-09-30,PyRenew-HE
Arizona,AZ,2,wk inc rsv prop ed visits,prop_ed,2026-10-03,2026-10-17,CFA-PyRenew_HE,0,1.7122897628600914e-5,3.459561150521097e-5,6.940630896242622e-5,1.2149388875808476e-4,1.9242347161818295e-4,3.3924610637234395e-4,0,1.7e-5,3.5e-5,6.9e-5,1.2e-4,1.9e-4,3.4e-4,FALSE,FALSE,Center for Forecasting and Outbreak Analytics (CDC/CFA),2026-09-30,PyRenew-HE
Arizona,AZ,0,wk inc rsv hosp,hosp,2026-10-03,2026-10-03,NAU-epymorph,0,1,2,4,6,9,14,0,1,2,4,6,9,10,TRUE,FALSE,Northern Arizona University,2026-09-30,epymorph RSV compartmental model
Arizona,AZ,1,wk inc rsv hosp,hosp,2026-10-03,2026-10-10,NAU-epymorph,0,1,2,5,8,14,26,0,1,2,5,8,10,30,TRUE,FALSE,Northern Arizona University,2026-09-30,epymorph RSV compartmental model
Arizona,AZ,2,wk inc rsv hosp,hosp,2026-10-03,2026-10-17,NAU-epymorph,0,1,3,5,10,22,47,0,1,3,5,10,20,50,TRUE,FALSE,Northern Arizona University,2026-09-30,epymorph RSV compartmental model
Arizona,AZ,0,wk inc rsv hosp,hosp,2026-10-03,2026-10-03,RSVHub-baseline,0,0,0.7500000000000036,4,7.249999999999993,15,61.62499999999985,0,0,1,4,7,20,60,FALSE,FALSE,RSVHub-hub-models,2026-09-30,RSVHub baseline model
Arizona,AZ,1,wk inc rsv hosp,hosp,2026-10-03,2026-10-10,RSVHub-baseline,0,0,0,4,12,31.52951529515292,87.73386758867576,0,0,0,4,10,30,90,FALSE,FALSE,RSVHub-hub-models,2026-09-30,RSVHub baseline model
Arizona,AZ,2,wk inc rsv hosp,hosp,2026-10-03,2026-10-17,RSVHub-baseline,0,0,0,4,15,45.11189911899111,96.31494014940137,0,0,0,4,20,50,100,FALSE,FALSE,RSVHub-hub-models,2026-09-30,RSVHub baseline model
Arizona,AZ,0,wk inc rsv prop ed visits,prop_ed,2026-10-03,2026-10-03,RSVHub-baseline,0,0,0,1e-4,2e-4,6.000000000000001e-4,0.0015999999999999992,0,0,0,1e-4,2e-4,6e-4,0.0016,FALSE,FALSE,RSVHub-hub-models,2026-09-30,RSVHub baseline model
Arizona,AZ,1,wk inc rsv prop ed visits,prop_ed,2026-10-03,2026-10-10,RSVHub-baseline,0,0,0,1e-4,4.0000000000000083e-4,0.0011456973569735683,0.0022965727157271514,0,0,0,1e-4,4e-4,0.0011,0.0023,FALSE,FALSE,RSVHub-hub-models,2026-09-30,RSVHub baseline model
Arizona,AZ,2,wk inc rsv prop ed visits,prop_ed,2026-10-03,2026-10-17,RSVHub-baseline,0,0,0,1e-4,5.971624716247134e-4,0.0014886428864288636,0.002790732607326069,0,0,0,1e-4,6e-4,0.0015,0.0028,FALSE,FALSE,RSVHub-hub-models,2026-09-30,RSVHub baseline model
Arizona,AZ,0,wk inc rsv hosp,hosp,2026-10-03,2026-10-03,docxology-timesfm,3.4743400615719002,4.3071301825310275,4.873408593552539,6.274008076189377,9.071707467424071,16.058736439634774,21.1366495716985,3,4,5,6,9,20,20,TRUE,FALSE,docxology,2026-09-30,docxology timesfm
Arizona,AZ,1,wk inc rsv hosp,hosp,2026-10-03,2026-10-10,docxology-timesfm,3.626525211343113,4.292156000706926,4.7955221698433474,7.224410542615308,8.359006888752383,12.909301757812496,24.269105537630555,4,4,5,7,8,10,20,TRUE,FALSE,docxology,2026-09-30,docxology timesfm
Arizona,AZ,2,wk inc rsv hosp,hosp,2026-10-03,2026-10-17,docxology-timesfm,6.095431397896996,7.332427333264834,9.608325763284611,14.905294575748329,22.21096911073787,31.47397989821304,44.80712852715169,6,7,10,10,20,30,40,TRUE,FALSE,docxology,2026-09-30,docxology timesfm
Arizona,AZ,0,wk inc rsv hosp,hosp,2026-10-03,2026-10-03,NAU-Copycat,0,1,3,4,7,10,15.024999999999977,0,1,3,4,7,10,20,TRUE,FALSE,NAU,2026-09-30,Copycat
Arizona,AZ,1,wk inc rsv hosp,hosp,2026-10-03,2026-10-10,NAU-Copycat,1,2,3,5,8,13,21,1,2,3,5,8,10,20,TRUE,FALSE,NAU,2026-09-30,Copycat
Arizona,AZ,2,wk inc rsv hosp,hosp,2026-10-03,2026-10-17,NAU-Copycat,0.9750000000000014,2,3,6,11,17,28,1,2,3,6,10,20,30,TRUE,FALSE,NAU,2026-09-30,Copycat
Arizona,AZ,0,wk inc rsv prop ed visits,prop_ed,2026-10-03,2026-10-03,NAU-Copycat,0,2.3144740068086438e-5,7.636448120897594e-5,1.5545104048082038e-4,2.741755231198775e-4,4.4554921835860935e-4,7.537333859896376e-4,0,2.3e-5,7.6e-5,1.6e-4,2.7e-4,4.5e-4,7.5e-4,TRUE,FALSE,NAU,2026-09-30,Copycat
Arizona,AZ,1,wk inc rsv prop ed visits,prop_ed,2026-10-03,2026-10-10,NAU-Copycat,0,5.035488325697428e-6,8.05147320371549e-5,2.084562928002492e-4,3.9350559578342633e-4,6.729119338223042e-4,0.0010986728954795043,0,5e-6,8.1e-5,2.1e-4,3.9e-4,6.7e-4,0.0011,TRUE,FALSE,NAU,2026-09-30,Copycat
Arizona,AZ,2,wk inc rsv prop ed visits,prop_ed,2026-10-03,2026-10-17,NAU-Copycat,0,1.4758545608924185e-5,1.0318814443131707e-4,2.662117727011325e-4,5.643302029768528e-4,9.762039031101112e-4,0.0018277323208303036,0,1.5e-5,1e-4,2.7e-4,5.6e-4,9.8e-4,0.0018,TRUE,FALSE,NAU,2026-09-30,Copycat
Arizona,AZ,0,wk inc rsv hosp,hosp,2026-10-03,2026-10-03,UGA_flucast-INFLAenza,0,1,2,3,5,7,9,0,1,2,3,5,7,9,TRUE,FALSE,UGA_flucast,2026-09-30,INFLAenza
Arizona,AZ,1,wk inc rsv hosp,hosp,2026-10-03,2026-10-10,UGA_flucast-INFLAenza,0,1,3,4,6,8,11,0,1,3,4,6,8,10,TRUE,FALSE,UGA_flucast,2026-09-30,INFLAenza
Arizona,AZ,2,wk inc rsv hosp,hosp,2026-10-03,2026-10-17,UGA_flucast-INFLAenza,1,2,3,5,7,10,14,1,2,3,5,7,10,10,TRUE,FALSE,UGA_flucast,2026-09-30,INFLAenza
Arizona,AZ,0,wk inc rsv prop ed visits,prop_ed,2026-10-03,2026-10-03,UGA_flucast-INFLAenza,1.6278794045546433e-5,4.577118729243112e-5,8.906327304530654e-5,1.7005749003659473e-4,2.885721483506579e-4,4.219202516076183e-4,6.268310610709967e-4,1.6e-5,4.6e-5,8.9e-5,1.7e-4,2.9e-4,4.2e-4,6.3e-4,TRUE,FALSE,UGA_flucast,2026-09-30,INFLAenza
Arizona,AZ,1,wk inc rsv prop ed visits,prop_ed,2026-10-03,2026-10-10,UGA_flucast-INFLAenza,2.1680715871336496e-5,5.506850792576014e-5,1.0815641727976194e-4,1.9253868096856487e-4,3.246564900294628e-4,4.86108602714854e-4,6.819931910848947e-4,2.2e-5,5.5e-5,1.1e-4,1.9e-4,3.2e-4,4.9e-4,6.8e-4,TRUE,FALSE,UGA_flucast,2026-09-30,INFLAenza
Arizona,AZ,2,wk inc rsv prop ed visits,prop_ed,2026-10-03,2026-10-17,UGA_flucast-INFLAenza,3.116474441680009e-5,7.36891956657669e-5,1.337451562817644e-4,2.2989995471239116e-4,3.708393892648098e-4,5.362464484726328e-4,7.582610350860172e-4,3.1e-5,7.4e-5,1.3e-4,2.3e-4,3.7e-4,5.4e-4,7.6e-4,TRUE,FALSE,UGA_flucast,2026-09-30,INFLAenza
Arizona,AZ,0,wk inc rsv hosp,hosp,2026-10-03,2026-10-03,RSVHub-ensemble,0,1,2,4,5.5,8,12,0,1,2,4,6,8,10,FALSE,TRUE,RSVHub,2026-09-30,Ensemble using RSVHub forecast submissions
Arizona,AZ,1,wk inc rsv hosp,hosp,2026-10-03,2026-10-10,RSVHub-ensemble,0,1.5,2.5,4.5,7,10.454650878906248,16,0,2,3,5,7,10,20,FALSE,TRUE,RSVHub,2026-09-30,Ensemble using RSVHub forecast submissions
Arizona,AZ,2,wk inc rsv hosp,hosp,2026-10-03,2026-10-17,RSVHub-ensemble,0.4875000000000007,1.5,3,5,8.5,13.5,21,0,2,3,5,9,10,20,FALSE,TRUE,RSVHub,2026-09-30,Ensemble using RSVHub forecast submissions
Arizona,AZ,0,wk inc rsv prop ed visits,prop_ed,2026-10-03,2026-10-03,RSVHub-ensemble,8.139397022773217e-6,3.445796368025878e-5,6.922685109829051e-5,1.2097722716978334e-4,1.9578375112420363e-4,2.869588610973764e-4,4.1570041676761843e-4,8.1e-6,3.4e-5,6.9e-5,1.2e-4,2e-4,2.9e-4,4.2e-4,FALSE,TRUE,RSVHub,2026-09-30,Ensemble using RSVHub forecast submissions
Arizona,AZ,1,wk inc rsv prop ed visits,prop_ed,2026-10-03,2026-10-10,RSVHub-ensemble,1.0840357935668248e-5,3.289045924761758e-5,7.355778828919293e-5,1.433585897161248e-4,2.2828077485990416e-4,3.299020192303315e-4,4.5894817878717694e-4,1.1e-5,3.3e-5,7.4e-5,1.4e-4,2.3e-4,3.3e-4,4.6e-4,FALSE,TRUE,RSVHub,2026-09-30,Ensemble using RSVHub forecast submissions
Arizona,AZ,2,wk inc rsv prop ed visits,prop_ed,2026-10-03,2026-10-17,RSVHub-ensemble,1.5582372208400044e-5,3.2868069773811035e-5,8.837773087335641e-5,1.6676089550590476e-4,2.574921233887581e-4,3.690332323324021e-4,5.212372846915789e-4,1.6e-5,3.3e-5,8.8e-5,1.7e-4,2.6e-4,3.7e-4,5.2e-4,FALSE,TRUE,RSVHub,2026-09-30,Ensemble using RSVHub forecast submissions
Arkansas,AR,0,wk inc rsv hosp,hosp,2026-10-03,2026-10-03,CEPH-Rtrend_rsv,2,2,3,4,5,6,7,2,2,3,4,5,6,7,TRUE,FALSE,CEPH Lab at Indiana University,2026-09-30,Rtrend RSV
Arkansas,AR,1,wk inc rsv hosp,hosp,2026-10-03,2026-10-10,CEPH-Rtrend_rsv,2,2,3,4,6,8,11,2,2,3,4,6,8,10,TRUE,FALSE,CEPH Lab at Indiana University,2026-09-30,Rtrend RSV
Arkansas,AR,2,wk inc rsv hosp,hosp,2026-10-03,2026-10-17,CEPH-Rtrend_rsv,1,2,3,4,7,11,17,1,2,3,4,7,10,20,TRUE,FALSE,CEPH Lab at Indiana University,2026-09-30,Rtrend RSV
Arkansas,AR,0,wk inc rsv prop ed visits,prop_ed,2026-10-03,2026-10-03,CFA-NowcastAutoGP,4.999913905273074e-5,9.250587490226058e-5,1.4538130804406902e-4,2.3502182809963384e-4,3.804708972745942e-4,5.813020587495869e-4,9.441022927177003e-4,5e-5,9.3e-5,1.5e-4,2.4e-4,3.8e-4,5.8e-4,9.4e-4,TRUE,FALSE,Center for Forecasting and Outbreak Analytics (CDC/CFA),2026-09-30,NowcastAutoGP
Arkansas,AR,1,wk inc rsv prop ed visits,prop_ed,2026-10-03,2026-10-10,CFA-NowcastAutoGP,4.775202818360514e-5,9.326055726978187e-5,1.5361939556418126e-4,2.4976462140210737e-4,4.072348845651826e-4,6.072380639105998e-4,0.0010278463657060657,4.8e-5,9.3e-5,1.5e-4,2.5e-4,4.1e-4,6.1e-4,0.001,TRUE,FALSE,Center for Forecasting and Outbreak Analytics (CDC/CFA),2026-09-30,NowcastAutoGP
Arkansas,AR,2,wk inc rsv prop ed visits,prop_ed,2026-10-03,2026-10-17,CFA-NowcastAutoGP,3.695879186915899e-5,9.506470442477465e-5,1.629752817240369e-4,2.8762670415700595e-4,4.558911799198845e-4,6.997582808690383e-4,0.0011271076857619746,3.7e-5,9.5e-5,1.6e-4,2.9e-4,4.6e-4,7e-4,0.0011,TRUE,FALSE,Center for Forecasting and Outbreak Analytics (CDC/CFA),2026-09-30,NowcastAutoGP
Arkansas,AR,0,wk inc rsv prop ed visits,prop_ed,2026-10-03,2026-10-03,CFA-PyRenew_E,5.193621757045367e-5,1.0849991123352336e-4,1.7829950068406133e-4,2.9499855230436987e-4,4.420387642220193e-4,5.85358282398579e-4,8.107117286425273e-4,5.2e-5,1.1e-4,1.8e-4,2.9e-4,4.4e-4,5.9e-4,8.1e-4,TRUE,FALSE,Center for Forecasting and Outbreak Analytics (CDC/CFA),2026-09-30,PyRenew-E
Arkansas,AR,1,wk inc rsv prop ed visits,prop_ed,2026-10-03,2026-10-10,CFA-PyRenew_E,5.0804635056338344e-5,1.0602530348503168e-4,1.9046900928822435e-4,3.313632780741752e-4,5.30088698371007e-4,7.67774223723808e-4,0.0011063815634374918,5.1e-5,1.1e-4,1.9e-4,3.3e-4,5.3e-4,7.7e-4,0.0011,TRUE,FALSE,Center for Forecasting and Outbreak Analytics (CDC/CFA),2026-09-30,PyRenew-E
Arkansas,AR,2,wk inc rsv prop ed visits,prop_ed,2026-10-03,2026-10-17,CFA-PyRenew_E,0,9.978733589247845e-5,1.9712884543327978e-4,3.6347172232545355e-4,6.425101091448646e-4,0.001040860864877948,0.0017791271883990515,0,1e-4,2e-4,3.6e-4,6.4e-4,0.001,0.0018,TRUE,FALSE,Center for Forecasting and Outbreak Analytics (CDC/CFA),2026-09-30,PyRenew-E
Arkansas,AR,0,wk inc rsv hosp,hosp,2026-10-03,2026-10-03,CFA-PyRenew_H,0,1,2,4,6,8,12,0,1,2,4,6,8,10,FALSE,FALSE,Center for Forecasting and Outbreak Analytics (CDC/CFA),2026-09-30,PyRenew-H
Arkansas,AR,1,wk inc rsv hosp,hosp,2026-10-03,2026-10-10,CFA-PyRenew_H,0,1,2,4,7,11,20,0,1,2,4,7,10,20,FALSE,FALSE,Center for Forecasting and Outbreak Analytics (CDC/CFA),2026-09-30,PyRenew-H
Arkansas,AR,2,wk inc rsv hosp,hosp,2026-10-03,2026-10-17,CFA-PyRenew_H,0,1,2,4,9,16,33.024999999999864,0,1,2,4,9,20,30,FALSE,FALSE,Center for Forecasting and Outbreak Analytics (CDC/CFA),2026-09-30,PyRenew-H
Arkansas,AR,0,wk inc rsv hosp,hosp,2026-10-03,2026-10-03,CFA-PyRenew_HE,1,2,3,5,7,9,13,1,2,3,5,7,9,10,TRUE,FALSE,Center for Forecasting and Outbreak Analytics (CDC/CFA),2026-09-30,PyRenew-HE
Arkansas,AR,1,wk inc rsv hosp,hosp,2026-10-03,2026-10-10,CFA-PyRenew_HE,1,2,3,5.5,8.25,12,19,1,2,3,6,8,10,20,TRUE,FALSE,Center for Forecasting and Outbreak Analytics (CDC/CFA),2026-09-30,PyRenew-HE
Arkansas,AR,2,wk inc rsv hosp,hosp,2026-10-03,2026-10-17,CFA-PyRenew_HE,1,2,4,6,10,18,32.024999999999864,1,2,4,6,10,20,30,TRUE,FALSE,Center for Forecasting and Outbreak Analytics (CDC/CFA),2026-09-30,PyRenew-HE
Arkansas,AR,0,wk inc rsv prop ed visits,prop_ed,2026-10-03,2026-10-03,CFA-PyRenew_HE,5.3989860897287744e-5,1.1022191599003613e-4,1.8191496274977262e-4,2.884537084738705e-4,4.1039641540895153e-4,5.409549643159055e-4,7.205358963353148e-4,5.4e-5,1.1e-4,1.8e-4,2.9e-4,4.1e-4,5.4e-4,7.2e-4,FALSE,FALSE,Center for Forecasting and Outbreak Analytics (CDC/CFA),2026-09-30,PyRenew-HE
Arkansas,AR,1,wk inc rsv prop ed visits,prop_ed,2026-10-03,2026-10-10,CFA-PyRenew_HE,5.069624795592352e-5,1.1117630840574167e-4,2.0955404987663094e-4,3.3256231647819424e-4,5.029726705686614e-4,7.172702001016662e-4,0.0010051531968957622,5.1e-5,1.1e-4,2.1e-4,3.3e-4,5e-4,7.2e-4,0.001,FALSE,FALSE,Center for Forecasting and Outbreak Analytics (CDC/CFA),2026-09-30,PyRenew-HE
Arkansas,AR,2,wk inc rsv prop ed visits,prop_ed,2026-10-03,2026-10-17,CFA-PyRenew_HE,4.9233847393329735e-5,1.117284604232232e-4,2.2127954245012768e-4,3.890472222372836e-4,6.441217115472931e-4,0.0010491859340149396,0.0017941084351393642,4.9e-5,1.1e-4,2.2e-4,3.9e-4,6.4e-4,0.001,0.0018,FALSE,FALSE,Center for Forecasting and Outbreak Analytics (CDC/CFA),2026-09-30,PyRenew-HE
Arkansas,AR,0,wk inc rsv hosp,hosp,2026-10-03,2026-10-03,NAU-epymorph,0,2,4,6,9,12,17,0,2,4,6,9,10,20,TRUE,FALSE,Northern Arizona University,2026-09-30,epymorph RSV compartmental model
Arkansas,AR,1,wk inc rsv hosp,hosp,2026-10-03,2026-10-10,NAU-epymorph,0,2,4,7,11,18,31,0,2,4,7,10,20,30,TRUE,FALSE,Northern Arizona University,2026-09-30,epymorph RSV compartmental model
Arkansas,AR,2,wk inc rsv hosp,hosp,2026-10-03,2026-10-17,NAU-epymorph,0,2,4,8,16,28,62,0,2,4,8,20,30,60,TRUE,FALSE,Northern Arizona University,2026-09-30,epymorph RSV compartmental model
Arkansas,AR,0,wk inc rsv hosp,hosp,2026-10-03,2026-10-03,RSVHub-baseline,0,0,5,6,7,12.699999999999989,24.674999999999947,0,0,5,6,7,10,20,FALSE,FALSE,RSVHub-hub-models,2026-09-30,RSVHub baseline model
Arkansas,AR,1,wk inc rsv hosp,hosp,2026-10-03,2026-10-10,RSVHub-baseline,0,0,2.616881168811684,6,10,17.83678336783367,30.061358113581175,0,0,3,6,10,20,30,FALSE,FALSE,RSVHub-hub-models,2026-09-30,RSVHub baseline model
Arkansas,AR,2,wk inc rsv hosp,hosp,2026-10-03,2026-10-17,RSVHub-baseline,0,0,1,6,12,21.07163171631719,32.5052595525955,0,0,1,6,10,20,30,FALSE,FALSE,RSVHub-hub-models,2026-09-30,RSVHub baseline model
Arkansas,AR,0,wk inc rsv prop ed visits,prop_ed,2026-10-03,2026-10-03,RSVHub-baseline,0,0,3.9999999999999986e-4,6e-4,8e-4,0.0017999999999999995,0.003924999999999996,0,0,4e-4,6e-4,8e-4,0.0018,0.0039,FALSE,FALSE,RSVHub-hub-models,2026-09-30,RSVHub baseline model
Arkansas,AR,1,wk inc rsv prop ed visits,prop_ed,2026-10-03,2026-10-10,RSVHub-baseline,0,0,9.999999999999994e-5,6e-4,0.0013,0.003,0.005500000000000001,0,0,1e-4,6e-4,0.0013,0.003,0.0055,FALSE,FALSE,RSVHub-hub-models,2026-09-30,RSVHub baseline model
Arkansas,AR,2,wk inc rsv prop ed visits,prop_ed,2026-10-03,2026-10-17,RSVHub-baseline,0,0,0,5.999999999999998e-4,0.0016852663526635238,0.0035842432424324226,0.006157047770477696,0,0,0,6e-4,0.0017,0.0036,0.0062,FALSE,FALSE,RSVHub-hub-models,2026-09-30,RSVHub baseline model
Arkansas,AR,0,wk inc rsv hosp,hosp,2026-10-03,2026-10-03,docxology-timesfm,4.0581178488824,4.265141956160289,5.733341689332526,6.4997791360259844,7.120006000038414,7.805262329172146,9.640970699005491,4,4,6,6,7,8,10,TRUE,FALSE,docxology,2026-09-30,docxology timesfm
Arkansas,AR,1,wk inc rsv hosp,hosp,2026-10-03,2026-10-10,docxology-timesfm,3.6022844137504437,4.854290747397219,6.624811178649738,7.495665261901288,8.353253098745665,9.846935134337498,11.552458605397678,4,5,7,7,8,10,10,TRUE,FALSE,docxology,2026-09-30,docxology timesfm
Arkansas,AR,2,wk inc rsv hosp,hosp,2026-10-03,2026-10-17,docxology-timesfm,4.678186276927482,6.188374844635106,8.516659673217177,9.422227417470516,10.520640020397687,11.760556036074503,16.01719387217179,5,6,9,9,10,10,20,TRUE,FALSE,docxology,2026-09-30,docxology timesfm
Arkansas,AR,0,wk inc rsv hosp,hosp,2026-10-03,2026-10-03,NAU-Copycat,1,2.9000000000000057,5,7,12,19,33,1,3,5,7,10,20,30,TRUE,FALSE,NAU,2026-09-30,Copycat
Arkansas,AR,1,wk inc rsv hosp,hosp,2026-10-03,2026-10-10,NAU-Copycat,1,2,5,9,15,26.100000000000136,51,1,2,5,9,20,30,50,TRUE,FALSE,NAU,2026-09-30,Copycat
Arkansas,AR,2,wk inc rsv hosp,hosp,2026-10-03,2026-10-17,NAU-Copycat,1,2,5,10,19,35,61,1,2,5,10,20,40,60,TRUE,FALSE,NAU,2026-09-30,Copycat
Arkansas,AR,0,wk inc rsv prop ed visits,prop_ed,2026-10-03,2026-10-03,NAU-Copycat,1.3111863354021768e-4,3.04685327487101e-4,5.16678799748886e-4,7.84349522454686e-4,0.0011868966722753153,0.0017776867048999471,0.00296783901345446,1.3e-4,3e-4,5.2e-4,7.8e-4,0.0012,0.0018,0.003,TRUE,FALSE,NAU,2026-09-30,Copycat
Arkansas,AR,1,wk inc rsv prop ed visits,prop_ed,2026-10-03,2026-10-10,NAU-Copycat,1.1633576386044578e-4,2.763333851458943e-4,5.219944842952369e-4,9.232079167342484e-4,0.0016209224155913338,0.0025645017478398337,0.004539795601353672,1.2e-4,2.8e-4,5.2e-4,9.2e-4,0.0016,0.0026,0.0045,TRUE,FALSE,NAU,2026-09-30,Copycat
Arkansas,AR,2,wk inc rsv prop ed visits,prop_ed,2026-10-03,2026-10-17,NAU-Copycat,8.801870373128245e-5,2.945906145597318e-4,6.028742879482633e-4,0.0011652124783897073,0.002177568387521315,0.003960258453159294,0.006990803535054459,8.8e-5,2.9e-4,6e-4,0.0012,0.0022,0.004,0.007,TRUE,FALSE,NAU,2026-09-30,Copycat
Arkansas,AR,0,wk inc rsv hosp,hosp,2026-10-03,2026-10-03,UGA_flucast-INFLAenza,1,2,3,4,6,8,11,1,2,3,4,6,8,10,TRUE,FALSE,UGA_flucast,2026-09-30,INFLAenza
Arkansas,AR,1,wk inc rsv hosp,hosp,2026-10-03,2026-10-10,UGA_flucast-INFLAenza,1,2,3,5,7,10,13,1,2,3,5,7,10,10,TRUE,FALSE,UGA_flucast,2026-09-30,INFLAenza
Arkansas,AR,2,wk inc rsv hosp,hosp,2026-10-03,2026-10-17,UGA_flucast-INFLAenza,1,2,4,6,9,12,16,1,2,4,6,9,10,20,TRUE,FALSE,UGA_flucast,2026-09-30,INFLAenza
Arkansas,AR,0,wk inc rsv prop ed visits,prop_ed,2026-10-03,2026-10-03,UGA_flucast-INFLAenza,1.915219711123761e-4,3.0662369024819737e-4,4.30339588450116e-4,6.155930898260338e-4,8.322541393853357e-4,0.0010677977973255494,0.001370155654501947,1.9e-4,3.1e-4,4.3e-4,6.2e-4,8.3e-4,0.0011,0.0014,TRUE,FALSE,UGA_flucast,2026-09-30,INFLAenza
Arkansas,AR,1,wk inc rsv prop ed visits,prop_ed,2026-10-03,2026-10-10,UGA_flucast-INFLAenza,2.169529771296141e-4,3.417394711865935e-4,4.898740098010899e-4,6.985825805560346e-4,9.490524753659335e-4,0.0011970032397913073,0.0015528982176049983,2.2e-4,3.4e-4,4.9e-4,7e-4,9.5e-4,0.0012,0.0016,TRUE,FALSE,UGA_flucast,2026-09-30,INFLAenza
Arkansas,AR,2,wk inc rsv prop ed visits,prop_ed,2026-10-03,2026-10-17,UGA_flucast-INFLAenza,2.552554119878788e-4,4.1213033861771744e-4,5.834985035768231e-4,8.256127114647115e-4,0.0011118217029114515,0.0014205563537823698,0.001869035913617149,2.6e-4,4.1e-4,5.8e-4,8.3e-4,0.0011,0.0014,0.0019,TRUE,FALSE,UGA_flucast,2026-09-30,INFLAenza
Arkansas,AR,0,wk inc rsv hosp,hosp,2026-10-03,2026-10-03,RSVHub-ensemble,1,2,3.5,5.5,7.060003000019207,8.5,12,1,2,4,6,7,9,10,FALSE,TRUE,RSVHub,2026-09-30,Ensemble using RSVHub forecast submissions
Arkansas,AR,1,wk inc rsv hosp,hosp,2026-10-03,2026-10-10,RSVHub-ensemble,1,2,3.5,6.25,8.301626549372832,11,16,1,2,4,6,8,10,20,FALSE,TRUE,RSVHub,2026-09-30,Ensemble using RSVHub forecast submissions
Arkansas,AR,2,wk inc rsv hosp,hosp,2026-10-03,2026-10-17,RSVHub-ensemble,1,2,4,7,10.260320010198843,15,24.512499999999932,1,2,4,7,10,20,20,FALSE,TRUE,RSVHub,2026-09-30,Ensemble using RSVHub forecast submissions
Arkansas,AR,0,wk inc rsv prop ed visits,prop_ed,2026-10-03,2026-10-03,RSVHub-ensemble,9.152742555533567e-5,2.0659261936031219e-4,3.043195445670887e-4,4.552958210652018e-4,6.371464518036775e-4,8.265780398620643e-4,0.0011571289736098237,9.2e-5,2.1e-4,3e-4,4.6e-4,6.4e-4,8.3e-4,0.0012,FALSE,TRUE,RSVHub,2026-09-30,Ensemble using RSVHub forecast submissions
Arkansas,AR,1,wk inc rsv prop ed visits,prop_ed,2026-10-03,2026-10-10,RSVHub-ensemble,8.357019945839206e-5,1.91179344315463e-4,3.401715095446571e-4,5.14972929315105e-4,7.395705868684702e-4,9.823887317575576e-4,0.001329639890521245,8.4e-5,1.9e-4,3.4e-4,5.1e-4,7.4e-4,9.8e-4,0.0013,FALSE,TRUE,RSVHub,2026-09-30,Ensemble using RSVHub forecast submissions
Arkansas,AR,2,wk inc rsv prop ed visits,prop_ed,2026-10-03,2026-10-17,RSVHub-ensemble,6.248874780022071e-5,1.971889752261051e-4,3.9031367450505146e-4,5.945422168950825e-4,8.77165906028158e-4,0.0012307086093301589,0.0018240815510081002,6.2e-5,2e-4,3.9e-4,5.9e-4,8.8e-4,0.0012,0.0018,FALSE,TRUE,RSVHub,2026-09-30,Ensemble using RSVHub forecast submissions
California,CA,0,wk inc rsv hosp,hosp,2026-10-03,2026-10-03,CEPH-Rtrend_rsv,11,13,16,20,25,30,35,10,10,20,20,30,30,40,TRUE,FALSE,CEPH Lab at Indiana University,2026-09-30,Rtrend RSV
California,CA,1,wk inc rsv hosp,hosp,2026-10-03,2026-10-10,CEPH-Rtrend_rsv,9,12,15,21,28,37,48,9,10,20,20,30,40,50,TRUE,FALSE,CEPH Lab at Indiana University,2026-09-30,Rtrend RSV
California,CA,2,wk inc rsv hosp,hosp,2026-10-03,2026-10-17,CEPH-Rtrend_rsv,7,10,14,22,33,47,67,7,10,10,20,30,50,70,TRUE,FALSE,CEPH Lab at Indiana University,2026-09-30,Rtrend RSV
California,CA,0,wk inc rsv prop ed visits,prop_ed,2026-10-03,2026-10-03,CFA-NowcastAutoGP,1.738857047237807e-4,2.202005233777965e-4,2.648718913837897e-4,3.1870302135025006e-4,3.873959964381808e-4,4.609971219722762e-4,5.576666210847182e-4,1.7e-4,2.2e-4,2.6e-4,3.2e-4,3.9e-4,4.6e-4,5.6e-4,TRUE,FALSE,Center for Forecasting and Outbreak Analytics (CDC/CFA),2026-09-30,NowcastAutoGP
California,CA,1,wk inc rsv prop ed visits,prop_ed,2026-10-03,2026-10-10,CFA-NowcastAutoGP,1.8190491882440294e-4,2.3227374006265622e-4,2.8830984625450353e-4,3.5728689307444345e-4,4.416719626554755e-4,5.414584216553467e-4,6.805578166412414e-4,1.8e-4,2.3e-4,2.9e-4,3.6e-4,4.4e-4,5.4e-4,6.8e-4,TRUE,FALSE,Center for Forecasting and Outbreak Analytics (CDC/CFA),2026-09-30,NowcastAutoGP
California,CA,2,wk inc rsv prop ed visits,prop_ed,2026-10-03,2026-10-17,CFA-NowcastAutoGP,1.969442154111733e-4,2.506846324923187e-4,3.1415900453824743e-4,3.99038056596409e-4,5.164195175219574e-4,6.449417600477881e-4,8.21731383240515e-4,2e-4,2.5e-4,3.1e-4,4e-4,5.2e-4,6.4e-4,8.2e-4,TRUE,FALSE,Center for Forecasting and Outbreak Analytics (CDC/CFA),2026-09-30,NowcastAutoGP
California,CA,0,wk inc rsv prop ed visits,prop_ed,2026-10-03,2026-10-03,CFA-PyRenew_E,1.9785777872322283e-4,2.582985584935236e-4,3.1648548267678946e-4,3.895408520380818e-4,4.7437350557150506e-4,5.516534454840733e-4,6.525891007951624e-4,2e-4,2.6e-4,3.2e-4,3.9e-4,4.7e-4,5.5e-4,6.5e-4,TRUE,FALSE,Center for Forecasting and Outbreak Analytics (CDC/CFA),2026-09-30,PyRenew-E
California,CA,1,wk inc rsv prop ed visits,prop_ed,2026-10-03,2026-10-10,CFA-PyRenew_E,2.0824296549712778e-4,2.758473135731907e-4,3.580349063760944e-4,4.761210012513779e-4,6.151626562689821e-4,7.744503534997791e-4,0.0010338387404879054,2.1e-4,2.8e-4,3.6e-4,4.8e-4,6.2e-4,7.7e-4,0.001,TRUE,FALSE,Center for Forecasting and Outbreak Analytics (CDC/CFA),2026-09-30,PyRenew-E
California,CA,2,wk inc rsv prop ed visits,prop_ed,2026-10-03,2026-10-17,CFA-PyRenew_E,1.952509641348208e-4,2.8635705870434883e-4,4.0182459047395576e-4,5.808908311858677e-4,8.435021384595464e-4,0.0011696878095998394,0.0018838323339502815,2e-4,2.9e-4,4e-4,5.8e-4,8.4e-4,0.0012,0.0019,TRUE,FALSE,Center for Forecasting and Outbreak Analytics (CDC/CFA),2026-09-30,PyRenew-E
California,CA,0,wk inc rsv hosp,hosp,2026-10-03,2026-10-03,CFA-PyRenew_H,9,12,16,20,26,31,39,9,10,20,20,30,30,40,FALSE,FALSE,Center for Forecasting and Outbreak Analytics (CDC/CFA),2026-09-30,PyRenew-H
California,CA,1,wk inc rsv hosp,hosp,2026-10-03,2026-10-10,CFA-PyRenew_H,7,11,15,21,28,37,50,7,10,20,20,30,40,50,FALSE,FALSE,Center for Forecasting and Outbreak Analytics (CDC/CFA),2026-09-30,PyRenew-H
California,CA,2,wk inc rsv hosp,hosp,2026-10-03,2026-10-17,CFA-PyRenew_H,5,9,14,21,32,45,71.04999999999973,5,9,10,20,30,50,70,FALSE,FALSE,Center for Forecasting and Outbreak Analytics (CDC/CFA),2026-09-30,PyRenew-H
California,CA,0,wk inc rsv hosp,hosp,2026-10-03,2026-10-03,CFA-PyRenew_HE,13,18,22,26,32,38,45,10,20,20,30,30,40,50,TRUE,FALSE,Center for Forecasting and Outbreak Analytics (CDC/CFA),2026-09-30,PyRenew-HE
California,CA,1,wk inc rsv hosp,hosp,2026-10-03,2026-10-10,CFA-PyRenew_HE,13,18,23,29,38,48,63,10,20,20,30,40,50,60,TRUE,FALSE,Center for Forecasting and Outbreak Analytics (CDC/CFA),2026-09-30,PyRenew-HE
California,CA,2,wk inc rsv hosp,hosp,2026-10-03,2026-10-17,CFA-PyRenew_HE,13,18,24,33,46,65,95.02499999999986,10,20,20,30,50,70,100,TRUE,FALSE,Center for Forecasting and Outbreak Analytics (CDC/CFA),2026-09-30,PyRenew-HE
California,CA,0,wk inc rsv prop ed visits,prop_ed,2026-10-03,2026-10-03,CFA-PyRenew_HE,1.6658944081014116e-4,2.1124899305339937e-4,2.615315931147172e-4,3.1870837643423937e-4,3.7958445473443904e-4,4.3814410820184875e-4,5.179617100496153e-4,1.7e-4,2.1e-4,2.6e-4,3.2e-4,3.8e-4,4.4e-4,5.2e-4,FALSE,FALSE,Center for Forecasting and Outbreak Analytics (CDC/CFA),2026-09-30,PyRenew-HE
California,CA,1,wk inc rsv prop ed visits,prop_ed,2026-10-03,2026-10-10,CFA-PyRenew_HE,1.716870406434671e-4,2.229184978316064e-4,2.7908850335135445e-4,3.599724938618526e-4,4.520162506097254e-4,5.574100033132504e-4,7.059810780979937e-4,1.7e-4,2.2e-4,2.8e-4,3.6e-4,4.5e-4,5.6e-4,7.1e-4,FALSE,FALSE,Center for Forecasting and Outbreak Analytics (CDC/CFA),2026-09-30,PyRenew-HE
California,CA,2,wk inc rsv prop ed visits,prop_ed,2026-10-03,2026-10-17,CFA-PyRenew_HE,1.4074668140784104e-4,2.1489203843725105e-4,2.905640179252653e-4,4.0453798598420363e-4,5.576477611722106e-4,7.640205934524783e-4,0.0010832084673330976,1.4e-4,2.1e-4,2.9e-4,4e-4,5.6e-4,7.6e-4,0.0011,FALSE,FALSE,Center for Forecasting and Outbreak Analytics (CDC/CFA),2026-09-30,PyRenew-HE
California,CA,0,wk inc rsv hosp,hosp,2026-10-03,2026-10-03,NAU-epymorph,2,9,15,22,28,39,54,2,9,20,20,30,40,50,TRUE,FALSE,Northern Arizona University,2026-09-30,epymorph RSV compartmental model
California,CA,1,wk inc rsv hosp,hosp,2026-10-03,2026-10-10,NAU-epymorph,2,8,14,22,34,50,76,2,8,10,20,30,50,80,TRUE,FALSE,Northern Arizona University,2026-09-30,epymorph RSV compartmental model
California,CA,2,wk inc rsv hosp,hosp,2026-10-03,2026-10-17,NAU-epymorph,1,7,14,24,41,69,121,1,7,10,20,40,70,120,TRUE,FALSE,Northern Arizona University,2026-09-30,epymorph RSV compartmental model
California,CA,0,wk inc rsv hosp,hosp,2026-10-03,2026-10-03,RSVHub-baseline,0,0,11,19,27,60,112.87499999999997,0,0,10,20,30,60,110,FALSE,FALSE,RSVHub-hub-models,2026-09-30,RSVHub baseline model
California,CA,1,wk inc rsv hosp,hosp,2026-10-03,2026-10-10,RSVHub-baseline,0,0,3,19,42.11651366513664,84.84946749467517,147.63630911309116,0,0,3,20,40,80,150,FALSE,FALSE,RSVHub-hub-models,2026-09-30,RSVHub baseline model
California,CA,2,wk inc rsv hosp,hosp,2026-10-03,2026-10-17,RSVHub-baseline,0,0,0,19,54.704417044170455,105.4467434674347,162.24397693976942,0,0,0,20,50,110,160,FALSE,FALSE,RSVHub-hub-models,2026-09-30,RSVHub baseline model
California,CA,0,wk inc rsv prop ed visits,prop_ed,2026-10-03,2026-10-03,RSVHub-baseline,0,0,1e-4,2e-4,3.0000000000000003e-4,7.999999999999998e-4,0.0017000000000000001,0,0,1e-4,2e-4,3e-4,8e-4,0.0017,FALSE,FALSE,RSVHub-hub-models,2026-09-30,RSVHub baseline model
California,CA,1,wk inc rsv prop ed visits,prop_ed,2026-10-03,2026-10-10,RSVHub-baseline,0,0,0,2e-4,5.99999999999999e-4,0.0011444876448764491,0.002152794427944268,0,0,0,2e-4,6e-4,0.0011,0.0022,FALSE,FALSE,RSVHub-hub-models,2026-09-30,RSVHub baseline model
California,CA,2,wk inc rsv prop ed visits,prop_ed,2026-10-03,2026-10-17,RSVHub-baseline,0,0,0,2e-4,7.000000000000003e-4,0.0014999999999999996,0.0024999999999999988,0,0,0,2e-4,7e-4,0.0015,0.0025,FALSE,FALSE,RSVHub-hub-models,2026-09-30,RSVHub baseline model
California,CA,0,wk inc rsv hosp,hosp,2026-10-03,2026-10-03,docxology-timesfm,12.369931111431734,15.427365165922033,16.0383973429799,17.748890004002,20.103629159800683,25.494183834860614,36.08825357805637,10,20,20,20,20,30,40,TRUE,FALSE,docxology,2026-09-30,docxology timesfm
California,CA,1,wk inc rsv hosp,hosp,2026-10-03,2026-10-10,docxology-timesfm,8.086972751219257,10.701359948122676,12.405603366467535,14.036048508011428,15.229063300444585,18.109405548999156,25.25392546588534,8,10,10,10,20,20,30,TRUE,FALSE,docxology,2026-09-30,docxology timesfm
California,CA,2,wk inc rsv hosp,hosp,2026-10-03,2026-10-17,docxology-timesfm,12.46608488292188,17.207929285388712,20.161896880217316,22.9867876974441,25.099894407695153,30.900107592888862,40.21447770740218,10,20,20,20,30,30,40,TRUE,FALSE,docxology,2026-09-30,docxology timesfm
California,CA,0,wk inc rsv hosp,hosp,2026-10-03,2026-10-03,NAU-Copycat,5,11,17,25,35,50.100000000000136,79.04999999999995,5,10,20,30,40,50,80,TRUE,FALSE,NAU,2026-09-30,Copycat
California,CA,1,wk inc rsv hosp,hosp,2026-10-03,2026-10-10,NAU-Copycat,7,11,17,28,43,62,115,7,10,20,30,40,60,120,TRUE,FALSE,NAU,2026-09-30,Copycat
California,CA,2,wk inc rsv hosp,hosp,2026-10-03,2026-10-17,NAU-Copycat,6,11,18,31,52,81,134.02499999999998,6,10,20,30,50,80,130,TRUE,FALSE,NAU,2026-09-30,Copycat
California,CA,0,wk inc rsv prop ed visits,prop_ed,2026-10-03,2026-10-03,NAU-Copycat,3.594295010109032e-5,1.1641585514544995e-4,1.8661172049181963e-4,2.7637350406764895e-4,3.911571000143263e-4,5.265214620808901e-4,7.216321325514929e-4,3.6e-5,1.2e-4,1.9e-4,2.8e-4,3.9e-4,5.3e-4,7.2e-4,TRUE,FALSE,NAU,2026-09-30,Copycat
California,CA,1,wk inc rsv prop ed visits,prop_ed,2026-10-03,2026-10-10,NAU-Copycat,2.014442698971227e-5,1.1379623429108699e-4,2.1378842504336028e-4,3.512750074790946e-4,5.389228326905845e-4,7.505989413321973e-4,0.0010867881028697643,2e-5,1.1e-4,2.1e-4,3.5e-4,5.4e-4,7.5e-4,0.0011,TRUE,FALSE,NAU,2026-09-30,Copycat
California,CA,2,wk inc rsv prop ed visits,prop_ed,2026-10-03,2026-10-17,NAU-Copycat,2.4676498014992576e-5,1.3448483350906579e-4,2.645856742400228e-4,4.591173478343667e-4,7.139924137509325e-4,0.00103511187289076,0.001550299637639651,2.5e-5,1.3e-4,2.6e-4,4.6e-4,7.1e-4,0.001,0.0016,TRUE,FALSE,NAU,2026-09-30,Copycat
California,CA,0,wk inc rsv hosp,hosp,2026-10-03,2026-10-03,UGA_flucast-INFLAenza,12,16,20,25,31,36,44,10,20,20,30,30,40,40,TRUE,FALSE,UGA_flucast,2026-09-30,INFLAenza
California,CA,1,wk inc rsv hosp,hosp,2026-10-03,2026-10-10,UGA_flucast-INFLAenza,12,17,22,29,37,46,59,10,20,20,30,40,50,60,TRUE,FALSE,UGA_flucast,2026-09-30,INFLAenza
California,CA,2,wk inc rsv hosp,hosp,2026-10-03,2026-10-17,UGA_flucast-INFLAenza,14,19,25,34,45,57,75,10,20,30,30,50,60,80,TRUE,FALSE,UGA_flucast,2026-09-30,INFLAenza
California,CA,0,wk inc rsv prop ed visits,prop_ed,2026-10-03,2026-10-03,UGA_flucast-INFLAenza,3.4306001370071963e-5,8.182078746869304e-5,1.4839325007150845e-4,2.572785285296264e-4,4.0866079006940924e-4,5.661084225060553e-4,7.883148342922909e-4,3.4e-5,8.2e-5,1.5e-4,2.6e-4,4.1e-4,5.7e-4,7.9e-4,TRUE,FALSE,UGA_flucast,2026-09-30,INFLAenza
California,CA,1,wk inc rsv prop ed visits,prop_ed,2026-10-03,2026-10-10,UGA_flucast-INFLAenza,4.81974413322288e-5,1.0330459675311375e-4,1.7831361864083364e-4,2.9764543138794276e-4,4.5770969167610175e-4,6.461362350135389e-4,8.976574812264164e-4,4.8e-5,1e-4,1.8e-4,3e-4,4.6e-4,6.5e-4,9e-4,TRUE,FALSE,UGA_flucast,2026-09-30,INFLAenza
California,CA,2,wk inc rsv prop ed visits,prop_ed,2026-10-03,2026-10-17,UGA_flucast-INFLAenza,6.00419609949279e-5,1.2534997031118518e-4,2.1361330268272307e-4,3.4939583102709014e-4,5.351065682480708e-4,7.486691221479898e-4,0.0010478941937302393,6e-5,1.3e-4,2.1e-4,3.5e-4,5.4e-4,7.5e-4,0.001,TRUE,FALSE,UGA_flucast,2026-09-30,INFLAenza
California,CA,0,wk inc rsv hosp,hosp,2026-10-03,2026-10-03,RSVHub-ensemble,11.5,14.213682582961017,16.51919867148995,23.5,29.5,37,44.5,10,10,20,20,30,40,40,FALSE,TRUE,RSVHub,2026-09-30,Ensemble using RSVHub forecast submissions
California,CA,1,wk inc rsv hosp,hosp,2026-10-03,2026-10-10,RSVHub-ensemble,8.543486375609628,11.5,16,25,35.5,47,61,9,10,20,30,40,50,60,FALSE,TRUE,RSVHub,2026-09-30,Ensemble using RSVHub forecast submissions
California,CA,2,wk inc rsv hosp,hosp,2026-10-03,2026-10-17,RSVHub-ensemble,9.73304244146094,14.103964642694356,19.080948440108656,27.5,43,61,85.01249999999993,10,10,20,30,40,60,90,FALSE,TRUE,RSVHub,2026-09-30,Ensemble using RSVHub forecast submissions
California,CA,0,wk inc rsv prop ed visits,prop_ed,2026-10-03,2026-10-03,RSVHub-ensemble,1.0491432741243551e-4,1.6830818926162323e-4,2.2574180593780467e-4,2.975382627089495e-4,3.9990894504186777e-4,5.390874537824817e-4,6.871106166733277e-4,1e-4,1.7e-4,2.3e-4,3e-4,4e-4,5.4e-4,6.9e-4,FALSE,TRUE,RSVHub,2026-09-30,Ensemble using RSVHub forecast submissions
California,CA,1,wk inc rsv prop ed visits,prop_ed,2026-10-03,2026-10-10,RSVHub-ensemble,1.1505118007831587e-4,1.730349871768716e-4,2.510491356489319e-4,3.5428095027676906e-4,4.983162621833431e-4,6.983675881728681e-4,9.657481108571609e-4,1.2e-4,1.7e-4,2.5e-4,3.5e-4,5e-4,7e-4,9.7e-4,FALSE,TRUE,RSVHub,2026-09-30,Ensemble using RSVHub forecast submissions
California,CA,2,wk inc rsv prop ed visits,prop_ed,2026-10-03,2026-10-17,RSVHub-ensemble,1.2764646256487435e-4,1.9258473300069225e-4,2.8937233938913516e-4,4.290777022153879e-4,6.245494909995016e-4,8.918904975193749e-4,0.001299096915684945,1.3e-4,1.9e-4,2.9e-4,4.3e-4,6.2e-4,8.9e-4,0.0013,FALSE,TRUE,RSVHub,2026-09-30,Ensemble using RSVHub forecast submissions
Colorado,CO,0,wk inc rsv hosp,hosp,2026-10-03,2026-10-03,CEPH-Rtrend_rsv,0,1,1,2,4,5,6,0,1,1,2,4,5,6,TRUE,FALSE,CEPH Lab at Indiana University,2026-09-30,Rtrend RSV
Colorado,CO,1,wk inc rsv hosp,hosp,2026-10-03,2026-10-10,CEPH-Rtrend_rsv,0,1,1,2,4,6,8,0,1,1,2,4,6,8,TRUE,FALSE,CEPH Lab at Indiana University,2026-09-30,Rtrend RSV
Colorado,CO,2,wk inc rsv hosp,hosp,2026-10-03,2026-10-17,CEPH-Rtrend_rsv,0,0,1,2,4,6,10,0,0,1,2,4,6,10,TRUE,FALSE,CEPH Lab at Indiana University,2026-09-30,Rtrend RSV
Colorado,CO,0,wk inc rsv prop ed visits,prop_ed,2026-10-03,2026-10-03,CFA-NowcastAutoGP,1.7410490894225803e-5,3.2277191202630886e-5,4.627119226915083e-5,7.074343765274047e-5,1.0973444643154714e-4,1.553804035674117e-4,2.2539013519491002e-4,1.7e-5,3.2e-5,4.6e-5,7.1e-5,1.1e-4,1.6e-4,2.3e-4,TRUE,FALSE,Center for Forecasting and Outbreak Analytics (CDC/CFA),2026-09-30,NowcastAutoGP
Colorado,CO,1,wk inc rsv prop ed visits,prop_ed,2026-10-03,2026-10-10,CFA-NowcastAutoGP,1.6553487605404145e-5,3.1821002642544704e-5,4.979815580689308e-5,7.856430877902301e-5,1.2170167770620938e-4,1.7359988291306054e-4,2.671958421188181e-4,1.7e-5,3.2e-5,5e-5,7.9e-5,1.2e-4,1.7e-4,2.7e-4,TRUE,FALSE,Center for Forecasting and Outbreak Analytics (CDC/CFA),2026-09-30,NowcastAutoGP
Colorado,CO,2,wk inc rsv prop ed visits,prop_ed,2026-10-03,2026-10-17,CFA-NowcastAutoGP,1.5657539371592518e-5,3.105264910538729e-5,5.186654202250355e-5,8.302418423894342e-5,1.3220972569294052e-4,1.973629327852241e-4,2.899139601612649e-4,1.6e-5,3.1e-5,5.2e-5,8.3e-5,1.3e-4,2e-4,2.9e-4,TRUE,FALSE,Center for Forecasting and Outbreak Analytics (CDC/CFA),2026-09-30,NowcastAutoGP
Colorado,CO,0,wk inc rsv prop ed visits,prop_ed,2026-10-03,2026-10-03,CFA-PyRenew_E,0,0,2.428311121907656e-5,4.922693595931426e-5,9.670167703731852e-5,1.4416414446350513e-4,1.9552614589327474e-4,0,0,2.4e-5,4.9e-5,9.7e-5,1.4e-4,2e-4,TRUE,FALSE,Center for Forecasting and Outbreak Analytics (CDC/CFA),2026-09-30,PyRenew-E
Colorado,CO,1,wk inc rsv prop ed visits,prop_ed,2026-10-03,2026-10-10,CFA-PyRenew_E,0,0,2.445132803756441e-5,7.04494707730528e-5,1.1824986876704814e-4,1.7426047988878182e-4,2.860927614535684e-4,0,0,2.4e-5,7e-5,1.2e-4,1.7e-4,2.9e-4,TRUE,FALSE,Center for Forecasting and Outbreak Analytics (CDC/CFA),2026-09-30,PyRenew-E
Colorado,CO,2,wk inc rsv prop ed visits,prop_ed,2026-10-03,2026-10-17,CFA-PyRenew_E,0,0,2.4418250748805223e-5,7.182845654951124e-5,1.403870316714732e-4,2.4431661935656886e-4,4.3851788075782364e-4,0,0,2.4e-5,7.2e-5,1.4e-4,2.4e-4,4.4e-4,TRUE,FALSE,Center for Forecasting and Outbreak Analytics (CDC/CFA),2026-09-30,PyRenew-E
Colorado,CO,0,wk inc rsv hosp,hosp,2026-10-03,2026-10-03,CFA-PyRenew_H,0,0,0,0,1,2,3,0,0,0,0,1,2,3,FALSE,FALSE,Center for Forecasting and Outbreak Analytics (CDC/CFA),2026-09-30,PyRenew-H
Colorado,CO,1,wk inc rsv hosp,hosp,2026-10-03,2026-10-10,CFA-PyRenew_H,0,0,0,0,1,2,4,0,0,0,0,1,2,4,FALSE,FALSE,Center for Forecasting and Outbreak Analytics (CDC/CFA),2026-09-30,PyRenew-H
Colorado,CO,2,wk inc rsv hosp,hosp,2026-10-03,2026-10-17,CFA-PyRenew_H,0,0,0,0,1,2,5,0,0,0,0,1,2,5,FALSE,FALSE,Center for Forecasting and Outbreak Analytics (CDC/CFA),2026-09-30,PyRenew-H
Colorado,CO,0,wk inc rsv hosp,hosp,2026-10-03,2026-10-03,CFA-PyRenew_HE,0,0,0,1,2,3,4,0,0,0,1,2,3,4,TRUE,FALSE,Center for Forecasting and Outbreak Analytics (CDC/CFA),2026-09-30,PyRenew-HE
Colorado,CO,1,wk inc rsv hosp,hosp,2026-10-03,2026-10-10,CFA-PyRenew_HE,0,0,0,1,2,3,5,0,0,0,1,2,3,5,TRUE,FALSE,Center for Forecasting and Outbreak Analytics (CDC/CFA),2026-09-30,PyRenew-HE
Colorado,CO,2,wk inc rsv hosp,hosp,2026-10-03,2026-10-17,CFA-PyRenew_HE,0,0,0,1,2,4,7,0,0,0,1,2,4,7,TRUE,FALSE,Center for Forecasting and Outbreak Analytics (CDC/CFA),2026-09-30,PyRenew-HE
Colorado,CO,0,wk inc rsv prop ed visits,prop_ed,2026-10-03,2026-10-03,CFA-PyRenew_HE,0,0,2.381763909975432e-5,4.757311280444225e-5,7.306088402000278e-5,1.0308035083977015e-4,1.472385053122419e-4,0,0,2.4e-5,4.8e-5,7.3e-5,1e-4,1.5e-4,FALSE,FALSE,Center for Forecasting and Outbreak Analytics (CDC/CFA),2026-09-30,PyRenew-HE
Colorado,CO,1,wk inc rsv prop ed visits,prop_ed,2026-10-03,2026-10-10,CFA-PyRenew_HE,0,0,2.3697897401321995e-5,4.760823051794512e-5,7.326994522686837e-5,1.2146055144920224e-4,1.9391705107499037e-4,0,0,2.4e-5,4.8e-5,7.3e-5,1.2e-4,1.9e-4,FALSE,FALSE,Center for Forecasting and Outbreak Analytics (CDC/CFA),2026-09-30,PyRenew-HE
Colorado,CO,2,wk inc rsv prop ed visits,prop_ed,2026-10-03,2026-10-17,CFA-PyRenew_HE,0,0,2.346514305916943e-5,4.7739179090258924e-5,9.38150179210634e-5,1.4901639627854532e-4,2.694230371700407e-4,0,0,2.3e-5,4.8e-5,9.4e-5,1.5e-4,2.7e-4,FALSE,FALSE,Center for Forecasting and Outbreak Analytics (CDC/CFA),2026-09-30,PyRenew-HE
Colorado,CO,0,wk inc rsv hosp,hosp,2026-10-03,2026-10-03,NAU-epymorph,0,0,0,0,2,3,7,0,0,0,0,2,3,7,TRUE,FALSE,Northern Arizona University,2026-09-30,epymorph RSV compartmental model
Colorado,CO,1,wk inc rsv hosp,hosp,2026-10-03,2026-10-10,NAU-epymorph,0,0,0,0,2,4,9,0,0,0,0,2,4,9,TRUE,FALSE,Northern Arizona University,2026-09-30,epymorph RSV compartmental model
Colorado,CO,2,wk inc rsv hosp,hosp,2026-10-03,2026-10-17,NAU-epymorph,0,0,0,0,2,6,14,0,0,0,0,2,6,10,TRUE,FALSE,Northern Arizona University,2026-09-30,epymorph RSV compartmental model
Colorado,CO,0,wk inc rsv hosp,hosp,2026-10-03,2026-10-03,RSVHub-baseline,0,0,0,0,1,16,42.67499999999995,0,0,0,0,1,20,40,FALSE,FALSE,RSVHub-hub-models,2026-09-30,RSVHub baseline model
Colorado,CO,1,wk inc rsv hosp,hosp,2026-10-03,2026-10-10,RSVHub-baseline,0,0,0,0,7,29.70389003890043,59.60814958149588,0,0,0,0,7,30,60,FALSE,FALSE,RSVHub-hub-models,2026-09-30,RSVHub baseline model
Colorado,CO,2,wk inc rsv hosp,hosp,2026-10-03,2026-10-17,RSVHub-baseline,0,0,0,0,14.464172141721363,37.33445134451342,69.02108846088532,0,0,0,0,10,40,70,FALSE,FALSE,RSVHub-hub-models,2026-09-30,RSVHub baseline model
Colorado,CO,0,wk inc rsv prop ed visits,prop_ed,2026-10-03,2026-10-03,RSVHub-baseline,0,0,0,1e-4,3e-4,8.999999999999991e-4,0.0023624999999999974,0,0,0,1e-4,3e-4,9e-4,0.0024,FALSE,FALSE,RSVHub-hub-models,2026-09-30,RSVHub baseline model
Colorado,CO,1,wk inc rsv prop ed visits,prop_ed,2026-10-03,2026-10-10,RSVHub-baseline,0,0,0,1e-4,5.999999999999998e-4,0.0018698954989549937,0.004177331573315738,0,0,0,1e-4,6e-4,0.0019,0.0042,FALSE,FALSE,RSVHub-hub-models,2026-09-30,RSVHub baseline model
Colorado,CO,2,wk inc rsv prop ed visits,prop_ed,2026-10-03,2026-10-17,RSVHub-baseline,0,0,0,1e-4,8.000000000000001e-4,0.0021999999999999993,0.004760690331903306,0,0,0,1e-4,8e-4,0.0022,0.0048,FALSE,FALSE,RSVHub-hub-models,2026-09-30,RSVHub baseline model
Colorado,CO,0,wk inc rsv hosp,hosp,2026-10-03,2026-10-03,docxology-timesfm,0,0,0,0.09202134841309914,0.24797180855658948,0.48310414545679736,0.8882121986141616,0,0,0,0,0,0,1,TRUE,FALSE,docxology,2026-09-30,docxology timesfm
Colorado,CO,1,wk inc rsv hosp,hosp,2026-10-03,2026-10-10,docxology-timesfm,0,0,0,0,0.167898787228809,0.3873527771353667,1.5188763759296064,0,0,0,0,0,0,2,TRUE,FALSE,docxology,2026-09-30,docxology timesfm
Colorado,CO,2,wk inc rsv hosp,hosp,2026-10-03,2026-10-17,docxology-timesfm,0,0,0,0,0.3208111386163058,0.8724076887857576,2.148769166766934,0,0,0,0,0,1,2,TRUE,FALSE,docxology,2026-09-30,docxology timesfm
Colorado,CO,0,wk inc rsv hosp,hosp,2026-10-03,2026-10-03,NAU-Copycat,0,0,0,0,1,2,4,0,0,0,0,1,2,4,TRUE,FALSE,NAU,2026-09-30,Copycat
Colorado,CO,1,wk inc rsv hosp,hosp,2026-10-03,2026-10-10,NAU-Copycat,0,0,0,0,2,3,7,0,0,0,0,2,3,7,TRUE,FALSE,NAU,2026-09-30,Copycat
Colorado,CO,2,wk inc rsv hosp,hosp,2026-10-03,2026-10-17,NAU-Copycat,0,0,0,1,2,5,10.024999999999977,0,0,0,1,2,5,10,TRUE,FALSE,NAU,2026-09-30,Copycat
Colorado,CO,0,wk inc rsv prop ed visits,prop_ed,2026-10-03,2026-10-03,NAU-Copycat,8.26658179591048e-6,7.470629243075213e-5,1.101228800350936e-4,1.5459492161114371e-4,2.095770907307988e-4,2.6218308780005643e-4,3.510984050617848e-4,8.3e-6,7.5e-5,1.1e-4,1.5e-4,2.1e-4,2.6e-4,3.5e-4,TRUE,FALSE,NAU,2026-09-30,Copycat
Colorado,CO,1,wk inc rsv prop ed visits,prop_ed,2026-10-03,2026-10-10,NAU-Copycat,2.1669160312152806e-5,8.470616311900959e-5,1.2753958606139128e-4,2.0307497430081304e-4,2.671189059682905e-4,3.281046814571276e-4,5.189277116099469e-4,2.2e-5,8.5e-5,1.3e-4,2e-4,2.7e-4,3.3e-4,5.2e-4,TRUE,FALSE,NAU,2026-09-30,Copycat
Colorado,CO,2,wk inc rsv prop ed visits,prop_ed,2026-10-03,2026-10-17,NAU-Copycat,4.507018912848655e-5,1.0414171585272659e-4,1.670264303788046e-4,2.552120209166188e-4,3.8610826033834455e-4,5.128540824732293e-4,6.687748650519141e-4,4.5e-5,1e-4,1.7e-4,2.6e-4,3.9e-4,5.1e-4,6.7e-4,TRUE,FALSE,NAU,2026-09-30,Copycat
Colorado,CO,0,wk inc rsv hosp,hosp,2026-10-03,2026-10-03,UGA_flucast-INFLAenza,0,0,1,2,3,4,6,0,0,1,2,3,4,6,TRUE,FALSE,UGA_flucast,2026-09-30,INFLAenza
Colorado,CO,1,wk inc rsv hosp,hosp,2026-10-03,2026-10-10,UGA_flucast-INFLAenza,0,0,1,2,3,5,7,0,0,1,2,3,5,7,TRUE,FALSE,UGA_flucast,2026-09-30,INFLAenza
Colorado,CO,2,wk inc rsv hosp,hosp,2026-10-03,2026-10-17,UGA_flucast-INFLAenza,0,0,1,2,4,6,8,0,0,1,2,4,6,8,TRUE,FALSE,UGA_flucast,2026-09-30,INFLAenza
Colorado,CO,0,wk inc rsv prop ed visits,prop_ed,2026-10-03,2026-10-03,UGA_flucast-INFLAenza,1.8267631288041132e-5,4.929524781015082e-5,9.747987421960459e-5,1.7715334382221158e-4,2.947997410159324e-4,4.27464378557831e-4,6.260558364877734e-4,1.8e-5,4.9e-5,9.7e-5,1.8e-4,2.9e-4,4.3e-4,6.3e-4,TRUE,FALSE,UGA_flucast,2026-09-30,INFLAenza
Colorado,CO,1,wk inc rsv prop ed visits,prop_ed,2026-10-03,2026-10-10,UGA_flucast-INFLAenza,2.401038424153091e-5,5.709236650785504e-5,1.1210325172096161e-4,2.0729226511670496e-4,3.3365038331913273e-4,4.8334452502672346e-4,6.965390798417933e-4,2.4e-5,5.7e-5,1.1e-4,2.1e-4,3.3e-4,4.8e-4,7e-4,TRUE,FALSE,UGA_flucast,2026-09-30,INFLAenza
Colorado,CO,2,wk inc rsv prop ed visits,prop_ed,2026-10-03,2026-10-17,UGA_flucast-INFLAenza,3.58076728862277e-5,8.042153253638052e-5,1.447958092365477e-4,2.490682387004889e-4,3.899479595449429e-4,5.449626205985258e-4,7.846822346934312e-4,3.6e-5,8e-5,1.4e-4,2.5e-4,3.9e-4,5.4e-4,7.8e-4,TRUE,FALSE,UGA_flucast,2026-09-30,INFLAenza
Colorado,CO,0,wk inc rsv hosp,hosp,2026-10-03,2026-10-03,RSVHub-ensemble,0,0,0,0.5460106742065496,2,3,5,0,0,0,1,2,3,5,FALSE,TRUE,RSVHub,2026-09-30,Ensemble using RSVHub forecast submissions
Colorado,CO,1,wk inc rsv hosp,hosp,2026-10-03,2026-10-10,RSVHub-ensemble,0,0,0,0.5,2,3.5,7,0,0,0,1,2,4,7,FALSE,TRUE,RSVHub,2026-09-30,Ensemble using RSVHub forecast submissions
Colorado,CO,2,wk inc rsv hosp,hosp,2026-10-03,2026-10-17,RSVHub-ensemble,0,0,0,1,2,5.5,9,0,0,0,1,2,6,9,FALSE,TRUE,RSVHub,2026-09-30,Ensemble using RSVHub forecast submissions
Colorado,CO,0,wk inc rsv prop ed visits,prop_ed,2026-10-03,2026-10-03,RSVHub-ensemble,1.2838536345068142e-5,4.078621950639085e-5,7.187553324437772e-5,1.126691796319421e-4,1.5965576858117296e-4,2.0878174568373406e-4,2.882442701283474e-4,1.3e-5,4.1e-5,7.2e-5,1.1e-4,1.6e-4,2.1e-4,2.9e-4,FALSE,TRUE,RSVHub,2026-09-30,Ensemble using RSVHub forecast submissions
Colorado,CO,1,wk inc rsv prop ed visits,prop_ed,2026-10-03,2026-10-10,RSVHub-ensemble,1.9111323958778478e-5,4.445668457519987e-5,8.095070376392735e-5,1.40819641539918e-4,1.9441029183724995e-4,2.5118258067295473e-4,4.0251023653175763e-4,1.9e-5,4.4e-5,8.1e-5,1.4e-4,1.9e-4,2.5e-4,4e-4,FALSE,TRUE,RSVHub,2026-09-30,Ensemble using RSVHub forecast submissions
Colorado,CO,2,wk inc rsv prop ed visits,prop_ed,2026-10-03,2026-10-17,RSVHub-ensemble,2.5732606128910108e-5,5.5737090820883907e-5,9.833117562952563e-5,1.6604621146971618e-4,2.632476460049089e-4,3.785853509148991e-4,5.536463729048689e-4,2.6e-5,5.6e-5,9.8e-5,1.7e-4,2.6e-4,3.8e-4,5.5e-4,FALSE,TRUE,RSVHub,2026-09-30,Ensemble using RSVHub forecast submissions
Connecticut,CT,0,wk inc rsv hosp,hosp,2026-10-03,2026-10-03,CEPH-Rtrend_rsv,0,1,1,2,3,5,6,0,1,1,2,3,5,6,TRUE,FALSE,CEPH Lab at Indiana University,2026-09-30,Rtrend RSV
Connecticut,CT,1,wk inc rsv hosp,hosp,2026-10-03,2026-10-10,CEPH-Rtrend_rsv,0,0,1,2,3,5,8,0,0,1,2,3,5,8,TRUE,FALSE,CEPH Lab at Indiana University,2026-09-30,Rtrend RSV
Connecticut,CT,2,wk inc rsv hosp,hosp,2026-10-03,2026-10-17,CEPH-Rtrend_rsv,0,0,1,2,3,5,8,0,0,1,2,3,5,8,TRUE,FALSE,CEPH Lab at Indiana University,2026-09-30,Rtrend RSV
Connecticut,CT,0,wk inc rsv hosp,hosp,2026-10-03,2026-10-03,CFA-PyRenew_H,0,0,0,0,1,2,3,0,0,0,0,1,2,3,FALSE,FALSE,Center for Forecasting and Outbreak Analytics (CDC/CFA),2026-09-30,PyRenew-H
Connecticut,CT,1,wk inc rsv hosp,hosp,2026-10-03,2026-10-10,CFA-PyRenew_H,0,0,0,0,1,2,3.0249999999998636,0,0,0,0,1,2,3,FALSE,FALSE,Center for Forecasting and Outbreak Analytics (CDC/CFA),2026-09-30,PyRenew-H
Connecticut,CT,2,wk inc rsv hosp,hosp,2026-10-03,2026-10-17,CFA-PyRenew_H,0,0,0,0,1,2,4,0,0,0,0,1,2,4,FALSE,FALSE,Center for Forecasting and Outbreak Analytics (CDC/CFA),2026-09-30,PyRenew-H
Connecticut,CT,0,wk inc rsv hosp,hosp,2026-10-03,2026-10-03,CFA-PyRenew_HE,0,0,1,2,3,4,6,0,0,1,2,3,4,6,TRUE,FALSE,Center for Forecasting and Outbreak Analytics (CDC/CFA),2026-09-30,PyRenew-HE
Connecticut,CT,1,wk inc rsv hosp,hosp,2026-10-03,2026-10-10,CFA-PyRenew_HE,0,0,1,2,4,6,10,0,0,1,2,4,6,10,TRUE,FALSE,Center for Forecasting and Outbreak Analytics (CDC/CFA),2026-09-30,PyRenew-HE
Connecticut,CT,2,wk inc rsv hosp,hosp,2026-10-03,2026-10-17,CFA-PyRenew_HE,0,0,1,2,5,8,16.024999999999864,0,0,1,2,5,8,20,TRUE,FALSE,Center for Forecasting and Outbreak Analytics (CDC/CFA),2026-09-30,PyRenew-HE
Connecticut,CT,0,wk inc rsv hosp,hosp,2026-10-03,2026-10-03,NAU-epymorph,0,0,0,1,2,3,5,0,0,0,1,2,3,5,TRUE,FALSE,Northern Arizona University,2026-09-30,epymorph RSV compartmental model
Connecticut,CT,1,wk inc rsv hosp,hosp,2026-10-03,2026-10-10,NAU-epymorph,0,0,0,1,2,4,7,0,0,0,1,2,4,7,TRUE,FALSE,Northern Arizona University,2026-09-30,epymorph RSV compartmental model
Connecticut,CT,2,wk inc rsv hosp,hosp,2026-10-03,2026-10-17,NAU-epymorph,0,0,0,1,3,6,12,0,0,0,1,3,6,10,TRUE,FALSE,Northern Arizona University,2026-09-30,epymorph RSV compartmental model
Connecticut,CT,0,wk inc rsv hosp,hosp,2026-10-03,2026-10-03,RSVHub-baseline,0,0,0,1,2.749999999999993,9,29.199999999999775,0,0,0,1,3,9,30,FALSE,FALSE,RSVHub-hub-models,2026-09-30,RSVHub baseline model
Connecticut,CT,1,wk inc rsv hosp,hosp,2026-10-03,2026-10-10,RSVHub-baseline,0,0,0,1,6.907264072640736,16,44.00657581575821,0,0,0,1,7,20,40,FALSE,FALSE,RSVHub-hub-models,2026-09-30,RSVHub baseline model
Connecticut,CT,2,wk inc rsv hosp,hosp,2026-10-03,2026-10-17,RSVHub-baseline,0,0,0,1,8,20.21157311573114,47.16238487384876,0,0,0,1,8,20,50,FALSE,FALSE,RSVHub-hub-models,2026-09-30,RSVHub baseline model
Connecticut,CT,0,wk inc rsv prop ed visits,prop_ed,2026-10-03,2026-10-03,RSVHub-baseline,0,0,0,1e-4,2.2499999999999864e-4,7e-4,0.0017000000000000003,0,0,0,1e-4,2.3e-4,7e-4,0.0017,FALSE,FALSE,RSVHub-hub-models,2026-09-30,RSVHub baseline model
Connecticut,CT,1,wk inc rsv prop ed visits,prop_ed,2026-10-03,2026-10-10,RSVHub-baseline,0,0,0,1e-4,5e-4,0.0012000000000000003,0.0022999999999999995,0,0,0,1e-4,5e-4,0.0012,0.0023,FALSE,FALSE,RSVHub-hub-models,2026-09-30,RSVHub baseline model
Connecticut,CT,2,wk inc rsv prop ed visits,prop_ed,2026-10-03,2026-10-17,RSVHub-baseline,0,0,0,1e-4,6.000000000000001e-4,0.0014516243162431615,0.002536887768877681,0,0,0,1e-4,6e-4,0.0015,0.0025,FALSE,FALSE,RSVHub-hub-models,2026-09-30,RSVHub baseline model
Connecticut,CT,0,wk inc rsv hosp,hosp,2026-10-03,2026-10-03,docxology-timesfm,0.9319378778157349,1.3426690602483586,1.5815044478228577,1.779188982343237,2.5459488767208804,3.900918754765472,6.213904414107134,1,1,2,2,3,4,6,TRUE,FALSE,docxology,2026-09-30,docxology timesfm
Connecticut,CT,1,wk inc rsv hosp,hosp,2026-10-03,2026-10-10,docxology-timesfm,0.42910966770121195,1.8340559709118678,2.4318271002947296,3.058455787108206,4.188886609094196,5.670500212528861,6.3765180202303755,0,2,2,3,4,6,6,TRUE,FALSE,docxology,2026-09-30,docxology timesfm
Connecticut,CT,2,wk inc rsv hosp,hosp,2026-10-03,2026-10-17,docxology-timesfm,1.2212008227400901,1.572493096538477,2.9109920915348657,3.9908298695306788,5.653421863609619,8.207467351481212,11.43837686474814,1,2,3,4,6,8,10,TRUE,FALSE,docxology,2026-09-30,docxology timesfm
Connecticut,CT,0,wk inc rsv hosp,hosp,2026-10-03,2026-10-03,NAU-Copycat,0,0,0,1,2,4.100000000000136,8,0,0,0,1,2,4,8,TRUE,FALSE,NAU,2026-09-30,Copycat
Connecticut,CT,1,wk inc rsv hosp,hosp,2026-10-03,2026-10-10,NAU-Copycat,0,0,0,1,3.2500000000001137,6,13,0,0,0,1,3,6,10,TRUE,FALSE,NAU,2026-09-30,Copycat
Connecticut,CT,2,wk inc rsv hosp,hosp,2026-10-03,2026-10-17,NAU-Copycat,0,0,1,2,5,8,17,0,0,1,2,5,8,20,TRUE,FALSE,NAU,2026-09-30,Copycat
Connecticut,CT,0,wk inc rsv prop ed visits,prop_ed,2026-10-03,2026-10-03,NAU-Copycat,0,7.148678486608047e-6,5.459029588592037e-5,1.35006621115904e-4,2.6097731093954285e-4,4.303163341031136e-4,7.227026684677055e-4,0,7.1e-6,5.5e-5,1.4e-4,2.6e-4,4.3e-4,7.2e-4,TRUE,FALSE,NAU,2026-09-30,Copycat
Connecticut,CT,1,wk inc rsv prop ed visits,prop_ed,2026-10-03,2026-10-10,NAU-Copycat,0,0,6.329032956090314e-5,1.77547117649959e-4,3.602218791747952e-4,6.536071781734676e-4,0.0011513591947361445,0,0,6.3e-5,1.8e-4,3.6e-4,6.5e-4,0.0012,TRUE,FALSE,NAU,2026-09-30,Copycat
Connecticut,CT,2,wk inc rsv prop ed visits,prop_ed,2026-10-03,2026-10-17,NAU-Copycat,0,0,7.199869513307655e-5,2.5318349517273347e-4,5.261580726176742e-4,0.001002456738724752,0.002123251968218316,0,0,7.2e-5,2.5e-4,5.3e-4,0.001,0.0021,TRUE,FALSE,NAU,2026-09-30,Copycat
Connecticut,CT,0,wk inc rsv hosp,hosp,2026-10-03,2026-10-03,UGA_flucast-INFLAenza,0,0,1,1,3,4,5,0,0,1,1,3,4,5,TRUE,FALSE,UGA_flucast,2026-09-30,INFLAenza
Connecticut,CT,1,wk inc rsv hosp,hosp,2026-10-03,2026-10-10,UGA_flucast-INFLAenza,0,0,1,2,3,4,6,0,0,1,2,3,4,6,TRUE,FALSE,UGA_flucast,2026-09-30,INFLAenza
Connecticut,CT,2,wk inc rsv hosp,hosp,2026-10-03,2026-10-17,UGA_flucast-INFLAenza,0,0,1,2,4,5,7,0,0,1,2,4,5,7,TRUE,FALSE,UGA_flucast,2026-09-30,INFLAenza
Connecticut,CT,0,wk inc rsv prop ed visits,prop_ed,2026-10-03,2026-10-03,UGA_flucast-INFLAenza,8.980110618726515e-6,2.9416779980536065e-5,6.528711531203554e-5,1.363497513413971e-4,2.3863582613572944e-4,3.596688168213123e-4,5.317964142142991e-4,9e-6,2.9e-5,6.5e-5,1.4e-4,2.4e-4,3.6e-4,5.3e-4,TRUE,FALSE,UGA_flucast,2026-09-30,INFLAenza
Connecticut,CT,1,wk inc rsv prop ed visits,prop_ed,2026-10-03,2026-10-10,UGA_flucast-INFLAenza,1.349729282646618e-5,3.780699073599901e-5,8.208156097836772e-5,1.6112796204349451e-4,2.8019022186146197e-4,4.2664891365758786e-4,6.256368875847534e-4,1.3e-5,3.8e-5,8.2e-5,1.6e-4,2.8e-4,4.3e-4,6.3e-4,TRUE,FALSE,UGA_flucast,2026-09-30,INFLAenza
Connecticut,CT,2,wk inc rsv prop ed visits,prop_ed,2026-10-03,2026-10-17,UGA_flucast-INFLAenza,1.6932789317196188e-5,5.168885646160176e-5,1.00990818890433e-4,1.9196353806198897e-4,3.24911555783538e-4,4.8656555666182113e-4,6.992588964241808e-4,1.7e-5,5.2e-5,1e-4,1.9e-4,3.2e-4,4.9e-4,7e-4,TRUE,FALSE,UGA_flucast,2026-09-30,INFLAenza
Connecticut,CT,0,wk inc rsv hosp,hosp,2026-10-03,2026-10-03,RSVHub-ensemble,0,0,1,1.3895944911716185,2.77297443836044,4,6,0,0,1,1,3,4,6,FALSE,TRUE,RSVHub,2026-09-30,Ensemble using RSVHub forecast submissions
Connecticut,CT,1,wk inc rsv hosp,hosp,2026-10-03,2026-10-10,RSVHub-ensemble,0,0,1,2,3.125000000000057,5.33525010626443,7.5,0,0,1,2,3,5,8,FALSE,TRUE,RSVHub,2026-09-30,Ensemble using RSVHub forecast submissions
Connecticut,CT,2,wk inc rsv hosp,hosp,2026-10-03,2026-10-17,RSVHub-ensemble,0,0,1,2,4.5,7,11.71918843237407,0,0,1,2,5,7,10,FALSE,TRUE,RSVHub,2026-09-30,Ensemble using RSVHub forecast submissions
Connecticut,CT,0,wk inc rsv prop ed visits,prop_ed,2026-10-03,2026-10-03,RSVHub-ensemble,4.490055309363258e-6,1.8282729233572056e-05,5.9938705598977956e-5,1.3567818622865055e-4,2.498065685376361e-4,3.9499257546221297e-4,6.272495413410023e-4,4.5e-6,1.8e-5,6e-5,1.4e-4,2.5e-4,3.9e-4,6.3e-4,FALSE,TRUE,RSVHub,2026-09-30,Ensemble using RSVHub forecast submissions
Connecticut,CT,1,wk inc rsv prop ed visits,prop_ed,2026-10-03,2026-10-10,RSVHub-ensemble,6.74864641323309e-6,1.8903495367999504e-5,7.268594526963543e-5,1.6933753984672676e-4,3.202060505181286e-4,5.401280459155277e-4,8.884980411604489e-4,6.7e-6,1.9e-5,7.3e-5,1.7e-4,3.2e-4,5.4e-4,8.9e-4,FALSE,TRUE,RSVHub,2026-09-30,Ensemble using RSVHub forecast submissions
Connecticut,CT,2,wk inc rsv prop ed visits,prop_ed,2026-10-03,2026-10-17,RSVHub-ensemble,8.466394658598094e-6,2.584442823080088e-5,8.649475701175477e-5,2.2257351661736122e-4,4.255348142006061e-4,7.445111476932866e-4,0.0014112554323212484,8.5e-6,2.6e-5,8.6e-5,2.2e-4,4.3e-4,7.4e-4,0.0014,FALSE,TRUE,RSVHub,2026-09-30,Ensemble using RSVHub forecast submissions
Delaware,DE,0,wk inc rsv hosp,hosp,2026-10-03,2026-10-03,CEPH-Rtrend_rsv,1,2,3,4,5,6,8,1,2,3,4,5,6,8,TRUE,FALSE,CEPH Lab at Indiana University,2026-09-30,Rtrend RSV
Delaware,DE,1,wk inc rsv hosp,hosp,2026-10-03,2026-10-10,CEPH-Rtrend_rsv,1,2,3,4,6,8,10,1,2,3,4,6,8,10,TRUE,FALSE,CEPH Lab at Indiana University,2026-09-30,Rtrend RSV
Delaware,DE,2,wk inc rsv hosp,hosp,2026-10-03,2026-10-17,CEPH-Rtrend_rsv,1,2,3,4,6,9,13,1,2,3,4,6,9,10,TRUE,FALSE,CEPH Lab at Indiana University,2026-09-30,Rtrend RSV
Delaware,DE,0,wk inc rsv prop ed visits,prop_ed,2026-10-03,2026-10-03,CFA-NowcastAutoGP,4.023225389150572e-5,7.835190644197416e-5,1.2917218197429077e-4,2.092306922619944e-4,3.341591117073645e-4,5.061817417578051e-4,8.121911280891487e-4,4e-5,7.8e-5,1.3e-4,2.1e-4,3.3e-4,5.1e-4,8.1e-4,TRUE,FALSE,Center for Forecasting and Outbreak Analytics (CDC/CFA),2026-09-30,NowcastAutoGP
Delaware,DE,1,wk inc rsv prop ed visits,prop_ed,2026-10-03,2026-10-10,CFA-NowcastAutoGP,4.507811378749681e-5,9.217094108766389e-5,1.4849497693337615e-4,2.416827173844564e-4,3.854444999077694e-4,5.76738370765807e-4,9.730726536700498e-4,4.5e-5,9.2e-5,1.5e-4,2.4e-4,3.9e-4,5.8e-4,9.7e-4,TRUE,FALSE,Center for Forecasting and Outbreak Analytics (CDC/CFA),2026-09-30,NowcastAutoGP
Delaware,DE,2,wk inc rsv prop ed visits,prop_ed,2026-10-03,2026-10-17,CFA-NowcastAutoGP,6.072849057694496e-5,1.1453997515885142e-4,1.7907048939247916e-4,2.8836650258419114e-4,4.522930829235826e-4,6.793462955187149e-4,0.0011189424724167944,6.1e-5,1.1e-4,1.8e-4,2.9e-4,4.5e-4,6.8e-4,0.0011,TRUE,FALSE,Center for Forecasting and Outbreak Analytics (CDC/CFA),2026-09-30,NowcastAutoGP
Delaware,DE,0,wk inc rsv prop ed visits,prop_ed,2026-10-03,2026-10-03,CFA-PyRenew_E,8.843715975528507e-5,1.7959698247301917e-4,3.543091946422505e-4,5.365388783031969e-4,7.979655942450803e-4,0.0010642911827270628,0.0014296264327735304,8.8e-5,1.8e-4,3.5e-4,5.4e-4,8e-4,0.0011,0.0014,TRUE,FALSE,Center for Forecasting and Outbreak Analytics (CDC/CFA),2026-09-30,PyRenew-E
Delaware,DE,1,wk inc rsv prop ed visits,prop_ed,2026-10-03,2026-10-10,CFA-PyRenew_E,8.883190892064253e-5,2.6370651255643176e-4,4.383378123846468e-4,7.039192941573731e-4,0.0010632243746428371,0.0016012381237399302,0.0023310533790672073,8.9e-5,2.6e-4,4.4e-4,7e-4,0.0011,0.0016,0.0023,TRUE,FALSE,Center for Forecasting and Outbreak Analytics (CDC/CFA),2026-09-30,PyRenew-E
Delaware,DE,2,wk inc rsv prop ed visits,prop_ed,2026-10-03,2026-10-17,CFA-PyRenew_E,8.805038966166013e-5,2.640763425757047e-4,4.50489969187145e-4,8.722446569116803e-4,0.0014409771593534477,0.002364197485625442,0.004497902219933096,8.8e-5,2.6e-4,4.5e-4,8.7e-4,0.0014,0.0024,0.0045,TRUE,FALSE,Center for Forecasting and Outbreak Analytics (CDC/CFA),2026-09-30,PyRenew-E
Delaware,DE,0,wk inc rsv hosp,hosp,2026-10-03,2026-10-03,CFA-PyRenew_H,0,0,1,2,4,7,12,0,0,1,2,4,7,10,FALSE,FALSE,Center for Forecasting and Outbreak Analytics (CDC/CFA),2026-09-30,PyRenew-H
Delaware,DE,1,wk inc rsv hosp,hosp,2026-10-03,2026-10-10,CFA-PyRenew_H,0,0,1,3,7,14,29,0,0,1,3,7,10,30,FALSE,FALSE,Center for Forecasting and Outbreak Analytics (CDC/CFA),2026-09-30,PyRenew-H
Delaware,DE,2,wk inc rsv hosp,hosp,2026-10-03,2026-10-17,CFA-PyRenew_H,0,0,2,5,12,28,77.02499999999986,0,0,2,5,10,30,80,FALSE,FALSE,Center for Forecasting and Outbreak Analytics (CDC/CFA),2026-09-30,PyRenew-H
Delaware,DE,0,wk inc rsv hosp,hosp,2026-10-03,2026-10-03,CFA-PyRenew_HE,0,1,2,3,5,6,9,0,1,2,3,5,6,9,TRUE,FALSE,Center for Forecasting and Outbreak Analytics (CDC/CFA),2026-09-30,PyRenew-HE
Delaware,DE,1,wk inc rsv hosp,hosp,2026-10-03,2026-10-10,CFA-PyRenew_HE,0,1,2,4,7,10,16,0,1,2,4,7,10,20,TRUE,FALSE,Center for Forecasting and Outbreak Analytics (CDC/CFA),2026-09-30,PyRenew-HE
Delaware,DE,2,wk inc rsv hosp,hosp,2026-10-03,2026-10-17,CFA-PyRenew_HE,0,1,3,5,9,17,32,0,1,3,5,9,20,30,TRUE,FALSE,Center for Forecasting and Outbreak Analytics (CDC/CFA),2026-09-30,PyRenew-HE
Delaware,DE,0,wk inc rsv prop ed visits,prop_ed,2026-10-03,2026-10-03,CFA-PyRenew_HE,8.943556754161913e-5,2.634446046964877e-4,3.579036957382494e-4,6.115792135864682e-4,8.064937697982335e-4,0.0010713301339230362,0.0014725236050485565,8.9e-5,2.6e-4,3.6e-4,6.1e-4,8.1e-4,0.0011,0.0015,FALSE,FALSE,Center for Forecasting and Outbreak Analytics (CDC/CFA),2026-09-30,PyRenew-HE
Delaware,DE,1,wk inc rsv prop ed visits,prop_ed,2026-10-03,2026-10-10,CFA-PyRenew_HE,1.752641385974564e-4,2.680747389259526e-4,5.209302346068443e-4,7.913256417950343e-4,0.0011620153980404356,0.001690570581827353,0.002481036296741129,1.8e-4,2.7e-4,5.2e-4,7.9e-4,0.0012,0.0017,0.0025,FALSE,FALSE,Center for Forecasting and Outbreak Analytics (CDC/CFA),2026-09-30,PyRenew-HE
Delaware,DE,2,wk inc rsv prop ed visits,prop_ed,2026-10-03,2026-10-17,CFA-PyRenew_HE,1.743111795574894e-4,3.5185973345187193e-4,6.127727814968959e-4,0.0010482771115215106,0.0017593748267897404,0.002822601986958217,0.0048673207156069345,1.7e-4,3.5e-4,6.1e-4,0.001,0.0018,0.0028,0.0049,FALSE,FALSE,Center for Forecasting and Outbreak Analytics (CDC/CFA),2026-09-30,PyRenew-HE
Delaware,DE,0,wk inc rsv hosp,hosp,2026-10-03,2026-10-03,NAU-epymorph,0,0,1,3,5,7,11,0,0,1,3,5,7,10,TRUE,FALSE,Northern Arizona University,2026-09-30,epymorph RSV compartmental model
Delaware,DE,1,wk inc rsv hosp,hosp,2026-10-03,2026-10-10,NAU-epymorph,0,0,2,3,7,11,22,0,0,2,3,7,10,20,TRUE,FALSE,Northern Arizona University,2026-09-30,epymorph RSV compartmental model
Delaware,DE,2,wk inc rsv hosp,hosp,2026-10-03,2026-10-17,NAU-epymorph,0,0,2,4,8,19,44,0,0,2,4,8,20,40,TRUE,FALSE,Northern Arizona University,2026-09-30,epymorph RSV compartmental model
Delaware,DE,0,wk inc rsv hosp,hosp,2026-10-03,2026-10-03,RSVHub-baseline,0,0,2,3,4,8.699999999999989,20.674999999999947,0,0,2,3,4,9,20,FALSE,FALSE,RSVHub-hub-models,2026-09-30,RSVHub baseline model
Delaware,DE,1,wk inc rsv hosp,hosp,2026-10-03,2026-10-10,RSVHub-baseline,0,0,1,3,6,13,27.78045955459553,0,0,1,3,6,10,30,FALSE,FALSE,RSVHub-hub-models,2026-09-30,RSVHub baseline model
Delaware,DE,2,wk inc rsv hosp,hosp,2026-10-03,2026-10-17,RSVHub-baseline,0,0,0,3,8,16.68247282472829,35,0,0,0,3,8,20,40,FALSE,FALSE,RSVHub-hub-models,2026-09-30,RSVHub baseline model
Delaware,DE,0,wk inc rsv prop ed visits,prop_ed,2026-10-03,2026-10-03,RSVHub-baseline,0,0,1.9999999999999998e-4,5e-4,8e-4,0.0018999999999999998,0.004662499999999998,0,0,2e-4,5e-4,8e-4,0.0019,0.0047,FALSE,FALSE,RSVHub-hub-models,2026-09-30,RSVHub baseline model
Delaware,DE,1,wk inc rsv prop ed visits,prop_ed,2026-10-03,2026-10-10,RSVHub-baseline,0,0,0,5e-4,0.0013999999999999993,0.003253965539655393,0.006664012315123134,0,0,0,5e-4,0.0014,0.0033,0.0067,FALSE,FALSE,RSVHub-hub-models,2026-09-30,RSVHub baseline model
Delaware,DE,2,wk inc rsv prop ed visits,prop_ed,2026-10-03,2026-10-17,RSVHub-baseline,0,0,0,5e-4,0.0017999999999999997,0.004176602666026659,0.007364665796657972,0,0,0,5e-4,0.0018,0.0042,0.0074,FALSE,FALSE,RSVHub-hub-models,2026-09-30,RSVHub baseline model
Delaware,DE,0,wk inc rsv hosp,hosp,2026-10-03,2026-10-03,docxology-timesfm,0.7746045646445047,1.6906018915587373,2.1637975393150555,3.0044208265768972,4.187067782735403,6.538541221964492,9.224237599863011,1,2,2,3,4,7,9,TRUE,FALSE,docxology,2026-09-30,docxology timesfm
Delaware,DE,1,wk inc rsv hosp,hosp,2026-10-03,2026-10-10,docxology-timesfm,0.4414568006215295,1.3767329084911473,2.6320489589527862,4.100771388002668,5.622317593017797,7.075160684880524,11.192735701517194,0,1,3,4,6,7,10,TRUE,FALSE,docxology,2026-09-30,docxology timesfm
Delaware,DE,2,wk inc rsv hosp,hosp,2026-10-03,2026-10-17,docxology-timesfm,0.4480321212836524,1.76528705573655,3.702615396223555,5.7907311549917875,9.139221139064695,11.022526019194949,12.59353550704134,0,2,4,6,9,10,10,TRUE,FALSE,docxology,2026-09-30,docxology timesfm
Delaware,DE,0,wk inc rsv hosp,hosp,2026-10-03,2026-10-03,NAU-Copycat,0,1,2,3,6,8.100000000000136,14,0,1,2,3,6,8,10,TRUE,FALSE,NAU,2026-09-30,Copycat
Delaware,DE,1,wk inc rsv hosp,hosp,2026-10-03,2026-10-10,NAU-Copycat,0,1,2,4,7,13,21,0,1,2,4,7,10,20,TRUE,FALSE,NAU,2026-09-30,Copycat
Delaware,DE,2,wk inc rsv hosp,hosp,2026-10-03,2026-10-17,NAU-Copycat,0,1,3,5,9,15,30,0,1,3,5,9,20,30,TRUE,FALSE,NAU,2026-09-30,Copycat
Delaware,DE,0,wk inc rsv prop ed visits,prop_ed,2026-10-03,2026-10-03,NAU-Copycat,1.3919565619381337e-4,2.7708257640708965e-4,4.4036927369982536e-4,6.525071644711048e-4,9.098182442448576e-4,0.001251452958024962,0.0017727822286347505,1.4e-4,2.8e-4,4.4e-4,6.5e-4,9.1e-4,0.0013,0.0018,TRUE,FALSE,NAU,2026-09-30,Copycat
Delaware,DE,1,wk inc rsv prop ed visits,prop_ed,2026-10-03,2026-10-10,NAU-Copycat,1.3066830454722545e-4,2.754633384053299e-4,4.888662475393063e-4,7.789423300911152e-4,0.0012021556203150024,0.0017279463569557403,0.0027212808325240497,1.3e-4,2.8e-4,4.9e-4,7.8e-4,0.0012,0.0017,0.0027,TRUE,FALSE,NAU,2026-09-30,Copycat
Delaware,DE,2,wk inc rsv prop ed visits,prop_ed,2026-10-03,2026-10-17,NAU-Copycat,1.3207350967888403e-4,3.2547938722788126e-4,5.846207184342488e-4,9.608545809859436e-4,0.001659100365776374,0.002531951822694883,0.00407199958365778,1.3e-4,3.3e-4,5.8e-4,9.6e-4,0.0017,0.0025,0.0041,TRUE,FALSE,NAU,2026-09-30,Copycat
Delaware,DE,0,wk inc rsv hosp,hosp,2026-10-03,2026-10-03,UGA_flucast-INFLAenza,0,0,0,1,2,3,5,0,0,0,1,2,3,5,TRUE,FALSE,UGA_flucast,2026-09-30,INFLAenza
Delaware,DE,1,wk inc rsv hosp,hosp,2026-10-03,2026-10-10,UGA_flucast-INFLAenza,0,0,1,2,3,4,6,0,0,1,2,3,4,6,TRUE,FALSE,UGA_flucast,2026-09-30,INFLAenza
Delaware,DE,2,wk inc rsv hosp,hosp,2026-10-03,2026-10-17,UGA_flucast-INFLAenza,0,0,1,2,3,5,7,0,0,1,2,3,5,7,TRUE,FALSE,UGA_flucast,2026-09-30,INFLAenza
Delaware,DE,0,wk inc rsv prop ed visits,prop_ed,2026-10-03,2026-10-03,UGA_flucast-INFLAenza,1.1496094957905719e-4,1.999661858500956e-4,3.1464751311383477e-4,4.711973826047656e-4,6.749588725489834e-4,8.964720606526693e-4,0.0011715390445893286,1.1e-4,2e-4,3.1e-4,4.7e-4,6.7e-4,9e-4,0.0012,TRUE,FALSE,UGA_flucast,2026-09-30,INFLAenza
Delaware,DE,1,wk inc rsv prop ed visits,prop_ed,2026-10-03,2026-10-10,UGA_flucast-INFLAenza,1.2859478194937845e-4,2.2677782197785546e-4,3.47916392999151e-4,5.257162258989238e-4,7.546616699188907e-4,0.0010029930127111817,0.0013260810141110565,1.3e-4,2.3e-4,3.5e-4,5.3e-4,7.5e-4,0.001,0.0013,TRUE,FALSE,UGA_flucast,2026-09-30,INFLAenza
Delaware,DE,2,wk inc rsv prop ed visits,prop_ed,2026-10-03,2026-10-17,UGA_flucast-INFLAenza,1.621464264906523e-4,2.7379428312404466e-4,4.150037280279917e-4,6.167459812828251e-4,8.724445368398469e-4,0.001166327323392702,0.0015808171396590961,1.6e-4,2.7e-4,4.2e-4,6.2e-4,8.7e-4,0.0012,0.0016,TRUE,FALSE,UGA_flucast,2026-09-30,INFLAenza
Delaware,DE,0,wk inc rsv hosp,hosp,2026-10-03,2026-10-03,RSVHub-ensemble,0,1,2,3,5,6.269270610982246,9.112118799931505,0,1,2,3,5,6,9,FALSE,TRUE,RSVHub,2026-09-30,Ensemble using RSVHub forecast submissions
Delaware,DE,1,wk inc rsv hosp,hosp,2026-10-03,2026-10-10,RSVHub-ensemble,0,1,2,4,6.5,9,13.596367850758597,0,1,2,4,7,9,10,FALSE,TRUE,RSVHub,2026-09-30,Ensemble using RSVHub forecast submissions
Delaware,DE,2,wk inc rsv hosp,hosp,2026-10-03,2026-10-17,RSVHub-ensemble,0,1,3,4.5,8.5,13.011263009597474,21.5,0,1,3,5,9,10,20,FALSE,TRUE,RSVHub,2026-09-30,Ensemble using RSVHub forecast submissions
Delaware,DE,0,wk inc rsv prop ed visits,prop_ed,2026-10-03,2026-10-03,RSVHub-ensemble,1.0169905466717113e-4,1.8978158416155737e-4,3.344783538780426e-4,5.038681304539813e-4,7.364622333970319e-4,9.80381621689866e-4,0.0013005827386814296,1e-4,1.9e-4,3.3e-4,5e-4,7.4e-4,9.8e-4,0.0013,FALSE,TRUE,RSVHub,2026-09-30,Ensemble using RSVHub forecast submissions
Delaware,DE,1,wk inc rsv prop ed visits,prop_ed,2026-10-03,2026-10-10,RSVHub-ensemble,1.0871334543501048e-4,2.452421672671436e-4,3.931271026918989e-4,6.148177600281484e-4,9.08943022280864e-4,0.001302115568225556,0.0018285671965891318,1.1e-4,2.5e-4,3.9e-4,6.1e-4,9.1e-4,0.0013,0.0018,FALSE,TRUE,RSVHub,2026-09-30,Ensemble using RSVHub forecast submissions
Delaware,DE,2,wk inc rsv prop ed visits,prop_ed,2026-10-03,2026-10-17,RSVHub-ensemble,1.1006194967027208e-4,2.689353128498747e-4,4.3274684860756835e-4,7.444953190972527e-4,0.0011567108480966472,0.001765262404509072,0.002826408361658438,1.1e-4,2.7e-4,4.3e-4,7.4e-4,0.0012,0.0018,0.0028,FALSE,TRUE,RSVHub,2026-09-30,Ensemble using RSVHub forecast submissions
District of Columbia,DC,0,wk inc rsv hosp,hosp,2026-10-03,2026-10-03,CEPH-Rtrend_rsv,1,1,2,2,2,3,4,1,1,2,2,2,3,4,TRUE,FALSE,CEPH Lab at Indiana University,2026-09-30,Rtrend RSV
District of Columbia,DC,1,wk inc rsv hosp,hosp,2026-10-03,2026-10-10,CEPH-Rtrend_rsv,1,1,1,2,3,3,4,1,1,1,2,3,3,4,TRUE,FALSE,CEPH Lab at Indiana University,2026-09-30,Rtrend RSV
District of Columbia,DC,2,wk inc rsv hosp,hosp,2026-10-03,2026-10-17,CEPH-Rtrend_rsv,1,1,1,2,3,4,5,1,1,1,2,3,4,5,TRUE,FALSE,CEPH Lab at Indiana University,2026-09-30,Rtrend RSV
District of Columbia,DC,0,wk inc rsv prop ed visits,prop_ed,2026-10-03,2026-10-03,CFA-NowcastAutoGP,0,1.958308767797721e-5,7.713292591047041e-5,1.7844164611804215e-4,3.5162157826427814e-4,6.535423547281822e-4,0.0011811684264597872,0,2e-5,7.7e-5,1.8e-4,3.5e-4,6.5e-4,0.0012,TRUE,FALSE,Center for Forecasting and Outbreak Analytics (CDC/CFA),2026-09-30,NowcastAutoGP
District of Columbia,DC,1,wk inc rsv prop ed visits,prop_ed,2026-10-03,2026-10-10,CFA-NowcastAutoGP,0,1.9693477050529162e-5,7.737505382505414e-5,2.0033541973488958e-4,4.250275480673079e-4,8.228156796820835e-4,0.001615781246340208,0,2e-5,7.7e-5,2e-4,4.3e-4,8.2e-4,0.0016,TRUE,FALSE,Center for Forecasting and Outbreak Analytics (CDC/CFA),2026-09-30,NowcastAutoGP
District of Columbia,DC,2,wk inc rsv prop ed visits,prop_ed,2026-10-03,2026-10-17,CFA-NowcastAutoGP,0,1.8127994405351978e-5,8.816207340801304e-5,2.3694213436647966e-4,5.339985954027971e-4,9.66453802852195e-4,0.002013996229602954,0,1.8e-5,8.8e-5,2.4e-4,5.3e-4,9.7e-4,0.002,TRUE,FALSE,Center for Forecasting and Outbreak Analytics (CDC/CFA),2026-09-30,NowcastAutoGP
District of Columbia,DC,0,wk inc rsv prop ed visits,prop_ed,2026-10-03,2026-10-03,CFA-PyRenew_E,0,0,0,1.6049236187804119e-4,3.120147924903998e-4,4.782570217198754e-4,6.582451700030198e-4,0,0,0,1.6e-4,3.1e-4,4.8e-4,6.6e-4,TRUE,FALSE,Center for Forecasting and Outbreak Analytics (CDC/CFA),2026-09-30,PyRenew-E
District of Columbia,DC,1,wk inc rsv prop ed visits,prop_ed,2026-10-03,2026-10-10,CFA-PyRenew_E,0,0,0,1.588955873920825e-4,3.0640581032838094e-4,4.887090637620688e-4,7.988322259471235e-4,0,0,0,1.6e-4,3.1e-4,4.9e-4,8e-4,TRUE,FALSE,Center for Forecasting and Outbreak Analytics (CDC/CFA),2026-09-30,PyRenew-E
District of Columbia,DC,2,wk inc rsv prop ed visits,prop_ed,2026-10-03,2026-10-17,CFA-PyRenew_E,0,0,0,1.5844447582894622e-4,3.1897364228395645e-4,4.994113851615313e-4,9.92224889538901e-4,0,0,0,1.6e-4,3.2e-4,5e-4,9.9e-4,TRUE,FALSE,Center for Forecasting and Outbreak Analytics (CDC/CFA),2026-09-30,PyRenew-E
District of Columbia,DC,0,wk inc rsv hosp,hosp,2026-10-03,2026-10-03,CFA-PyRenew_H,0,0,0,0,0,0,1,0,0,0,0,0,0,1,FALSE,FALSE,Center for Forecasting and Outbreak Analytics (CDC/CFA),2026-09-30,PyRenew-H
District of Columbia,DC,1,wk inc rsv hosp,hosp,2026-10-03,2026-10-10,CFA-PyRenew_H,0,0,0,0,0,0,1,0,0,0,0,0,0,1,FALSE,FALSE,Center for Forecasting and Outbreak Analytics (CDC/CFA),2026-09-30,PyRenew-H
District of Columbia,DC,2,wk inc rsv hosp,hosp,2026-10-03,2026-10-17,CFA-PyRenew_H,0,0,0,0,0,0,1,0,0,0,0,0,0,1,FALSE,FALSE,Center for Forecasting and Outbreak Analytics (CDC/CFA),2026-09-30,PyRenew-H
District of Columbia,DC,0,wk inc rsv hosp,hosp,2026-10-03,2026-10-03,CFA-PyRenew_HE,0,0,0,0,1,1,2,0,0,0,0,1,1,2,TRUE,FALSE,Center for Forecasting and Outbreak Analytics (CDC/CFA),2026-09-30,PyRenew-HE
District of Columbia,DC,1,wk inc rsv hosp,hosp,2026-10-03,2026-10-10,CFA-PyRenew_HE,0,0,0,0,1,1,2,0,0,0,0,1,1,2,TRUE,FALSE,Center for Forecasting and Outbreak Analytics (CDC/CFA),2026-09-30,PyRenew-HE
District of Columbia,DC,2,wk inc rsv hosp,hosp,2026-10-03,2026-10-17,CFA-PyRenew_HE,0,0,0,0,1,1,3,0,0,0,0,1,1,3,TRUE,FALSE,Center for Forecasting and Outbreak Analytics (CDC/CFA),2026-09-30,PyRenew-HE
District of Columbia,DC,0,wk inc rsv prop ed visits,prop_ed,2026-10-03,2026-10-03,CFA-PyRenew_HE,0,0,0,0,1.6473814446577164e-4,3.2763723395557196e-4,4.996448483971825e-4,0,0,0,0,1.6e-4,3.3e-4,5e-4,FALSE,FALSE,Center for Forecasting and Outbreak Analytics (CDC/CFA),2026-09-30,PyRenew-HE
District of Columbia,DC,1,wk inc rsv prop ed visits,prop_ed,2026-10-03,2026-10-10,CFA-PyRenew_HE,0,0,0,0,1.6613804922942688e-4,3.310077392608129e-4,5.150732862603838e-4,0,0,0,0,1.7e-4,3.3e-4,5.2e-4,FALSE,FALSE,Center for Forecasting and Outbreak Analytics (CDC/CFA),2026-09-30,PyRenew-HE
District of Columbia,DC,2,wk inc rsv prop ed visits,prop_ed,2026-10-03,2026-10-17,CFA-PyRenew_HE,0,0,0,0,0.00016712267711363831,3.37120095900399e-4,7.659723486492719e-4,0,0,0,0,1.7e-4,3.4e-4,7.7e-4,FALSE,FALSE,Center for Forecasting and Outbreak Analytics (CDC/CFA),2026-09-30,PyRenew-HE
District of Columbia,DC,0,wk inc rsv hosp,hosp,2026-10-03,2026-10-03,NAU-epymorph,0,0,0,0,0,0,1,0,0,0,0,0,0,1,TRUE,FALSE,Northern Arizona University,2026-09-30,epymorph RSV compartmental model
District of Columbia,DC,1,wk inc rsv hosp,hosp,2026-10-03,2026-10-10,NAU-epymorph,0,0,0,0,0,0,1,0,0,0,0,0,0,1,TRUE,FALSE,Northern Arizona University,2026-09-30,epymorph RSV compartmental model
District of Columbia,DC,2,wk inc rsv hosp,hosp,2026-10-03,2026-10-17,NAU-epymorph,0,0,0,0,0,0,2,0,0,0,0,0,0,2,TRUE,FALSE,Northern Arizona University,2026-09-30,epymorph RSV compartmental model
District of Columbia,DC,0,wk inc rsv hosp,hosp,2026-10-03,2026-10-03,RSVHub-baseline,0,0,0,0,1,3,8.149999999999983,0,0,0,0,1,3,8,FALSE,FALSE,RSVHub-hub-models,2026-09-30,RSVHub baseline model
District of Columbia,DC,1,wk inc rsv hosp,hosp,2026-10-03,2026-10-10,RSVHub-baseline,0,0,0,0,2,5,13.266141661416633,0,0,0,0,2,5,10,FALSE,FALSE,RSVHub-hub-models,2026-09-30,RSVHub baseline model
District of Columbia,DC,2,wk inc rsv hosp,hosp,2026-10-03,2026-10-17,RSVHub-baseline,0,0,0,0,3,6.915286152861522,15.582640576405758,0,0,0,0,3,7,20,FALSE,FALSE,RSVHub-hub-models,2026-09-30,RSVHub baseline model
District of Columbia,DC,0,wk inc rsv prop ed visits,prop_ed,2026-10-03,2026-10-03,RSVHub-baseline,0,0,0,3e-4,6.999999999999999e-4,0.0013999999999999998,0.0032624999999999993,0,0,0,3e-4,7e-4,0.0014,0.0033,FALSE,FALSE,RSVHub-hub-models,2026-09-30,RSVHub baseline model
District of Columbia,DC,1,wk inc rsv prop ed visits,prop_ed,2026-10-03,2026-10-10,RSVHub-baseline,0,0,0,3e-4,9.999999999999998e-4,0.0021511964119641197,0.004100000000000002,0,0,0,3e-4,0.001,0.0022,0.0041,FALSE,FALSE,RSVHub-hub-models,2026-09-30,RSVHub baseline model
District of Columbia,DC,2,wk inc rsv prop ed visits,prop_ed,2026-10-03,2026-10-17,RSVHub-baseline,0,0,0,3e-4,0.0013000000000000004,0.0028048702487024862,0.004816472914729155,0,0,0,3e-4,0.0013,0.0028,0.0048,FALSE,FALSE,RSVHub-hub-models,2026-09-30,RSVHub baseline model
District of Columbia,DC,0,wk inc rsv hosp,hosp,2026-10-03,2026-10-03,docxology-timesfm,0,0,0,0,0.7124875967992548,1.0456766132952349,1.7600738773462137,0,0,0,0,1,1,2,TRUE,FALSE,docxology,2026-09-30,docxology timesfm
District of Columbia,DC,1,wk inc rsv hosp,hosp,2026-10-03,2026-10-10,docxology-timesfm,0,0,0,0.09119700855944433,0.7984251394922691,1.057019455137132,2.279409611903796,0,0,0,0,1,1,2,TRUE,FALSE,docxology,2026-09-30,docxology timesfm
District of Columbia,DC,2,wk inc rsv hosp,hosp,2026-10-03,2026-10-17,docxology-timesfm,0,0,0,0.4264531836668368,0.9931508073362889,1.3046984236361436,3.1503920513426142,0,0,0,0,1,1,3,TRUE,FALSE,docxology,2026-09-30,docxology timesfm
District of Columbia,DC,0,wk inc rsv hosp,hosp,2026-10-03,2026-10-03,NAU-Copycat,0,0,0,0,0,1,1,0,0,0,0,0,1,1,TRUE,FALSE,NAU,2026-09-30,Copycat
District of Columbia,DC,1,wk inc rsv hosp,hosp,2026-10-03,2026-10-10,NAU-Copycat,0,0,0,0,0,1,1,0,0,0,0,0,1,1,TRUE,FALSE,NAU,2026-09-30,Copycat
District of Columbia,DC,2,wk inc rsv hosp,hosp,2026-10-03,2026-10-17,NAU-Copycat,0,0,0,0,1,1,1,0,0,0,0,1,1,1,TRUE,FALSE,NAU,2026-09-30,Copycat
District of Columbia,DC,0,wk inc rsv prop ed visits,prop_ed,2026-10-03,2026-10-03,NAU-Copycat,1.5166656643243035e-6,8.624816999975538e-5,2.1939387849335604e-4,4.5144711233829763e-4,8.339868197440674e-4,0.0014592067069292456,0.002415593611185986,1.5e-6,8.6e-5,2.2e-4,4.5e-4,8.3e-4,0.0015,0.0024,TRUE,FALSE,NAU,2026-09-30,Copycat
District of Columbia,DC,1,wk inc rsv prop ed visits,prop_ed,2026-10-03,2026-10-10,NAU-Copycat,0,6.470232985308296e-5,2.1961515525768024e-4,5.351362441371756e-4,0.0011719301271704422,0.0021843275799450636,0.004462248415047019,0,6.5e-5,2.2e-4,5.4e-4,0.0012,0.0022,0.0045,TRUE,FALSE,NAU,2026-09-30,Copycat
District of Columbia,DC,2,wk inc rsv prop ed visits,prop_ed,2026-10-03,2026-10-17,NAU-Copycat,0,5.871780477495204e-5,2.492686181813677e-4,7.468661295044238e-4,0.0016057390543726476,0.003557119589378096,0.007728229087387789,0,5.9e-5,2.5e-4,7.5e-4,0.0016,0.0036,0.0077,TRUE,FALSE,NAU,2026-09-30,Copycat
District of Columbia,DC,0,wk inc rsv hosp,hosp,2026-10-03,2026-10-03,UGA_flucast-INFLAenza,0,0,0,0,1,2,2,0,0,0,0,1,2,2,TRUE,FALSE,UGA_flucast,2026-09-30,INFLAenza
District of Columbia,DC,1,wk inc rsv hosp,hosp,2026-10-03,2026-10-10,UGA_flucast-INFLAenza,0,0,0,0,1,2,3,0,0,0,0,1,2,3,TRUE,FALSE,UGA_flucast,2026-09-30,INFLAenza
District of Columbia,DC,2,wk inc rsv hosp,hosp,2026-10-03,2026-10-17,UGA_flucast-INFLAenza,0,0,0,1,1,2,3,0,0,0,1,1,2,3,TRUE,FALSE,UGA_flucast,2026-09-30,INFLAenza
District of Columbia,DC,0,wk inc rsv prop ed visits,prop_ed,2026-10-03,2026-10-03,UGA_flucast-INFLAenza,7.47297773116733e-5,1.412176690688559e-4,2.327072563225176e-4,3.662323613613297e-4,5.383351343395844e-4,7.460374822431232e-4,0.0010413396113280163,7.5e-5,1.4e-4,2.3e-4,3.7e-4,5.4e-4,7.5e-4,0.001,TRUE,FALSE,UGA_flucast,2026-09-30,INFLAenza
District of Columbia,DC,1,wk inc rsv prop ed visits,prop_ed,2026-10-03,2026-10-10,UGA_flucast-INFLAenza,9.833714134497082e-5,1.834228645151039e-4,2.9463853373475085e-4,4.6595966754424173e-4,6.867035620620277e-4,9.13447707538428e-4,0.001224982247930657,9.8e-5,1.8e-4,2.9e-4,4.7e-4,6.9e-4,9.1e-4,0.0012,TRUE,FALSE,UGA_flucast,2026-09-30,INFLAenza
District of Columbia,DC,2,wk inc rsv prop ed visits,prop_ed,2026-10-03,2026-10-17,UGA_flucast-INFLAenza,1.3252136429355629e-4,2.446459467946028e-4,3.890673053905167e-4,5.92962466397725e-4,8.573170847848224e-4,0.0011340731197243133,0.0015349433156044035,1.3e-4,2.4e-4,3.9e-4,5.9e-4,8.6e-4,0.0011,0.0015,TRUE,FALSE,UGA_flucast,2026-09-30,INFLAenza
District of Columbia,DC,0,wk inc rsv hosp,hosp,2026-10-03,2026-10-03,RSVHub-ensemble,0,0,0,0,0.8562437983996274,1.0228383066476174,1.8800369386731068,0,0,0,0,1,1,2,FALSE,TRUE,RSVHub,2026-09-30,Ensemble using RSVHub forecast submissions
District of Columbia,DC,1,wk inc rsv hosp,hosp,2026-10-03,2026-10-10,RSVHub-ensemble,0,0,0,0,0.8992125697461346,1.028509727568566,2.139704805951898,0,0,0,0,1,1,2,FALSE,TRUE,RSVHub,2026-09-30,Ensemble using RSVHub forecast submissions
District of Columbia,DC,2,wk inc rsv hosp,hosp,2026-10-03,2026-10-17,RSVHub-ensemble,0,0,0,0.2132265918334184,1,1.1523492118180718,3,0,0,0,0,1,1,3,FALSE,TRUE,RSVHub,2026-09-30,Ensemble using RSVHub forecast submissions
District of Columbia,DC,0,wk inc rsv prop ed visits,prop_ed,2026-10-03,2026-10-03,RSVHub-ensemble,7.583328321621517e-7,5.291562883886629e-5,1.4826340220191323e-4,2.7233700373968596e-4,4.4497835630193127e-4,6.997899184856527e-4,0.0011112540188939017,7.6e-7,5.3e-5,1.5e-4,2.7e-4,4.4e-4,7e-4,0.0011,FALSE,TRUE,RSVHub,2026-09-30,Ensemble using RSVHub forecast submissions
District of Columbia,DC,1,wk inc rsv prop ed visits,prop_ed,2026-10-03,2026-10-10,RSVHub-ensemble,0,4.219790345180606e-5,1.484951045413672e-4,3.3314754363956566e-4,5.558655550646678e-4,8.681316936102557e-4,0.0014203817471354326,0,4.2e-5,1.5e-4,3.3e-4,5.6e-4,8.7e-4,0.0014,FALSE,TRUE,RSVHub,2026-09-30,Ensemble using RSVHub forecast submissions
District of Columbia,DC,2,wk inc rsv prop ed visits,prop_ed,2026-10-03,2026-10-17,RSVHub-ensemble,0,3.842289959015201e-5,1.6871534579469038e-4,4.1495230038210234e-4,6.956578400938098e-4,0.0010502634612882542,0.0017744697726036788,0,3.8e-5,1.7e-4,4.1e-4,7e-4,0.0011,0.0018,FALSE,TRUE,RSVHub,2026-09-30,Ensemble using RSVHub forecast submissions
Florida,FL,0,wk inc rsv hosp,hosp,2026-10-03,2026-10-03,CEPH-Rtrend_rsv,115,127,140,155,173,189,207,120,130,140,160,170,190,210,TRUE,FALSE,CEPH Lab at Indiana University,2026-09-30,Rtrend RSV
Florida,FL,1,wk inc rsv hosp,hosp,2026-10-03,2026-10-10,CEPH-Rtrend_rsv,116,134,154,181,212,242,277,120,130,150,180,210,240,280,TRUE,FALSE,CEPH Lab at Indiana University,2026-09-30,Rtrend RSV
Florida,FL,2,wk inc rsv hosp,hosp,2026-10-03,2026-10-17,CEPH-Rtrend_rsv,116,140,169,210,261,313,379,120,140,170,210,260,310,380,TRUE,FALSE,CEPH Lab at Indiana University,2026-09-30,Rtrend RSV
Florida,FL,0,wk inc rsv prop ed visits,prop_ed,2026-10-03,2026-10-03,CFA-NowcastAutoGP,0.0014013543272093317,0.0015642173707025387,0.0017104270780920468,0.0018977429236697245,0.0021100074725310864,0.002288845427863367,0.0025134938774144444,0.0014,0.0016,0.0017,0.0019,0.0021,0.0023,0.0025,TRUE,FALSE,Center for Forecasting and Outbreak Analytics (CDC/CFA),2026-09-30,NowcastAutoGP
Florida,FL,1,wk inc rsv prop ed visits,prop_ed,2026-10-03,2026-10-10,CFA-NowcastAutoGP,0.0014134729325869777,0.0016431971648731931,0.001867261992534414,0.0021499725856403366,0.00245880740427437,0.00275050244234007,0.0031828988881856613,0.0014,0.0016,0.0019,0.0021,0.0025,0.0028,0.0032,TRUE,FALSE,Center for Forecasting and Outbreak Analytics (CDC/CFA),2026-09-30,NowcastAutoGP
Florida,FL,2,wk inc rsv prop ed visits,prop_ed,2026-10-03,2026-10-17,CFA-NowcastAutoGP,0.0014024450688084995,0.0017125788223438325,0.0020356945293754903,0.002416367225150649,0.002853889341373201,0.0032778074039197715,0.003894558160132749,0.0014,0.0017,0.002,0.0024,0.0029,0.0033,0.0039,TRUE,FALSE,Center for Forecasting and Outbreak Analytics (CDC/CFA),2026-09-30,NowcastAutoGP
Florida,FL,0,wk inc rsv prop ed visits,prop_ed,2026-10-03,2026-10-03,CFA-PyRenew_E,0.0016757310837943505,0.0017958991737234713,0.0019072543103628974,0.0020342016069786434,0.002173636223400577,0.0023094834771454557,0.0024722028230781336,0.0017,0.0018,0.0019,0.002,0.0022,0.0023,0.0025,TRUE,FALSE,Center for Forecasting and Outbreak Analytics (CDC/CFA),2026-09-30,PyRenew-E
Florida,FL,1,wk inc rsv prop ed visits,prop_ed,2026-10-03,2026-10-10,CFA-PyRenew_E,0.001741032958957028,0.001931345223063474,0.00213619455509807,0.002361813906564834,0.002637221602732065,0.002894670198141445,0.0033183834675530265,0.0017,0.0019,0.0021,0.0024,0.0026,0.0029,0.0033,TRUE,FALSE,Center for Forecasting and Outbreak Analytics (CDC/CFA),2026-09-30,PyRenew-E
Florida,FL,2,wk inc rsv prop ed visits,prop_ed,2026-10-03,2026-10-17,CFA-PyRenew_E,0.0016911792282184247,0.0020025243093651003,0.0023398324237522,0.0027430348530363283,0.003269732787685346,0.0038324461291174886,0.004783704715260318,0.0017,0.002,0.0023,0.0027,0.0033,0.0038,0.0048,TRUE,FALSE,Center for Forecasting and Outbreak Analytics (CDC/CFA),2026-09-30,PyRenew-E
Florida,FL,0,wk inc rsv hosp,hosp,2026-10-03,2026-10-03,CFA-PyRenew_H,108,121,135,153,174,195,221.02499999999986,110,120,140,150,170,200,220,FALSE,FALSE,Center for Forecasting and Outbreak Analytics (CDC/CFA),2026-09-30,PyRenew-H
Florida,FL,1,wk inc rsv hosp,hosp,2026-10-03,2026-10-10,CFA-PyRenew_H,105,125,148,179,215,263,327.0749999999996,110,130,150,180,220,260,330,FALSE,FALSE,Center for Forecasting and Outbreak Analytics (CDC/CFA),2026-09-30,PyRenew-H
Florida,FL,2,wk inc rsv hosp,hosp,2026-10-03,2026-10-17,CFA-PyRenew_H,99.975,128.9,161,207,271,362,515.0249999999999,100,130,160,210,270,360,520,FALSE,FALSE,Center for Forecasting and Outbreak Analytics (CDC/CFA),2026-09-30,PyRenew-H
Florida,FL,0,wk inc rsv hosp,hosp,2026-10-03,2026-10-03,CFA-PyRenew_HE,133.97500000000002,148,163,180.5,201,223,249,130,150,160,180,200,220,250,TRUE,FALSE,Center for Forecasting and Outbreak Analytics (CDC/CFA),2026-09-30,PyRenew-HE
Florida,FL,1,wk inc rsv hosp,hosp,2026-10-03,2026-10-10,CFA-PyRenew_HE,135,160,183,209,243.25,279,328.02499999999986,140,160,180,210,240,280,330,TRUE,FALSE,Center for Forecasting and Outbreak Analytics (CDC/CFA),2026-09-30,PyRenew-HE
Florida,FL,2,wk inc rsv hosp,hosp,2026-10-03,2026-10-17,CFA-PyRenew_HE,140.975,170,202,243,292,355.10000000000014,474.09999999999945,140,170,200,240,290,360,470,TRUE,FALSE,Center for Forecasting and Outbreak Analytics (CDC/CFA),2026-09-30,PyRenew-HE
Florida,FL,0,wk inc rsv prop ed visits,prop_ed,2026-10-03,2026-10-03,CFA-PyRenew_HE,0.0016252799791095565,0.0017417117843389436,0.0018398856930953126,0.0019590189151188035,0.0020816692538935715,0.002199733089515776,0.0023600466605276944,0.0016,0.0017,0.0018,0.002,0.0021,0.0022,0.0024,FALSE,FALSE,Center for Forecasting and Outbreak Analytics (CDC/CFA),2026-09-30,PyRenew-HE
Florida,FL,1,wk inc rsv prop ed visits,prop_ed,2026-10-03,2026-10-10,CFA-PyRenew_HE,0.0016357249449338574,0.0018632719784016517,0.0020469558978860394,0.0022726684812615834,0.0025251779861843755,0.002785734606579557,0.003167656445945481,0.0016,0.0019,0.002,0.0023,0.0025,0.0028,0.0032,FALSE,FALSE,Center for Forecasting and Outbreak Analytics (CDC/CFA),2026-09-30,PyRenew-HE
Florida,FL,2,wk inc rsv prop ed visits,prop_ed,2026-10-03,2026-10-17,CFA-PyRenew_HE,0.0015996213943513548,0.0019360692253575272,0.002254271328250451,0.00262515537832344,0.0031150439830314545,0.0037026914697354985,0.004536716222238351,0.0016,0.0019,0.0023,0.0026,0.0031,0.0037,0.0045,FALSE,FALSE,Center for Forecasting and Outbreak Analytics (CDC/CFA),2026-09-30,PyRenew-HE
Florida,FL,0,wk inc rsv hosp,hosp,2026-10-03,2026-10-03,NAU-epymorph,80,105,126,150,190,230,281,80,110,130,150,190,230,280,TRUE,FALSE,Northern Arizona University,2026-09-30,epymorph RSV compartmental model
Florida,FL,1,wk inc rsv hosp,hosp,2026-10-03,2026-10-10,NAU-epymorph,73,99,129,172,236,321,444,70,100,130,170,240,320,440,TRUE,FALSE,Northern Arizona University,2026-09-30,epymorph RSV compartmental model
Florida,FL,2,wk inc rsv hosp,hosp,2026-10-03,2026-10-17,NAU-epymorph,60,92,129,196,304,470,728,60,90,130,200,300,470,730,TRUE,FALSE,Northern Arizona University,2026-09-30,epymorph RSV compartmental model
Florida,FL,0,wk inc rsv hosp,hosp,2026-10-03,2026-10-03,RSVHub-baseline,50.974999999999994,96.30000000000001,123,134,145,171.7,217.02499999999984,50,100,120,130,150,170,220,FALSE,FALSE,RSVHub-hub-models,2026-09-30,RSVHub baseline model
Florida,FL,1,wk inc rsv hosp,hosp,2026-10-03,2026-10-10,RSVHub-baseline,21.86824768247683,68.4828678286783,112,134,156,199.65102251022512,247.28618936189363,20,70,110,130,160,200,250,FALSE,FALSE,RSVHub-hub-models,2026-09-30,RSVHub baseline model
Florida,FL,2,wk inc rsv hosp,hosp,2026-10-03,2026-10-17,RSVHub-baseline,0,54.97623776237766,100.79159291592913,134,167.47929479294794,213.0636586365865,277.1353838538384,0,50,100,130,170,210,280,FALSE,FALSE,RSVHub-hub-models,2026-09-30,RSVHub baseline model
Florida,FL,0,wk inc rsv prop ed visits,prop_ed,2026-10-03,2026-10-03,RSVHub-baseline,7.999999999999998e-4,0.0012999999999999993,0.0015000000000000005,0.0017000000000000001,0.0018999999999999998,0.002100000000000001,0.0026000000000000003,8e-4,0.0013,0.0015,0.0017,0.0019,0.0021,0.0026,FALSE,FALSE,RSVHub-hub-models,2026-09-30,RSVHub baseline model
Florida,FL,1,wk inc rsv prop ed visits,prop_ed,2026-10-03,2026-10-10,RSVHub-baseline,4.0000000000000105e-4,0.001,0.0014000000000000002,0.0017000000000000001,0.002,0.0024000000000000002,0.002999999999999999,4e-4,0.001,0.0014,0.0017,0.002,0.0024,0.003,FALSE,FALSE,RSVHub-hub-models,2026-09-30,RSVHub baseline model
Florida,FL,2,wk inc rsv prop ed visits,prop_ed,2026-10-03,2026-10-17,RSVHub-baseline,1.9999999999999987e-4,8.000000000000004e-4,0.0013,0.0017000000000000001,0.0021000000000000003,0.0026,0.0032,2e-4,8e-4,0.0013,0.0017,0.0021,0.0026,0.0032,FALSE,FALSE,RSVHub-hub-models,2026-09-30,RSVHub baseline model
Florida,FL,0,wk inc rsv hosp,hosp,2026-10-03,2026-10-03,docxology-timesfm,113.6051295984176,126.69285440159598,147.48241206703437,164.43698992477454,178.6512294343203,195.40148118256036,224.0298670593429,110,130,150,160,180,200,220,TRUE,FALSE,docxology,2026-09-30,docxology timesfm
Florida,FL,1,wk inc rsv hosp,hosp,2026-10-03,2026-10-10,docxology-timesfm,131.03668560626573,147.45304758509562,162.99258103713728,196.20493934414114,237.29806502986543,259.2790492413907,305.30251048444774,130,150,160,200,240,260,310,TRUE,FALSE,docxology,2026-09-30,docxology timesfm
Florida,FL,2,wk inc rsv hosp,hosp,2026-10-03,2026-10-17,docxology-timesfm,158.21561606174862,184.95325152703282,193.7973853994494,229.8350263516107,259.56498565393673,309.96523052137354,375.29447990537255,160,180,190,230,260,310,380,TRUE,FALSE,docxology,2026-09-30,docxology timesfm
Florida,FL,0,wk inc rsv hosp,hosp,2026-10-03,2026-10-03,NAU-Copycat,58.975,87.9,130,170,219,300,412.04999999999995,60,90,130,170,220,300,410,TRUE,FALSE,NAU,2026-09-30,Copycat
Florida,FL,1,wk inc rsv hosp,hosp,2026-10-03,2026-10-10,NAU-Copycat,75,109,149,198,265.2500000000001,361,512.2999999999997,80,110,150,200,270,360,510,TRUE,FALSE,NAU,2026-09-30,Copycat
Florida,FL,2,wk inc rsv hosp,hosp,2026-10-03,2026-10-17,NAU-Copycat,63.975,108,156,225,324.2500000000001,444,666.1499999999999,60,110,160,230,320,440,670,TRUE,FALSE,NAU,2026-09-30,Copycat
Florida,FL,0,wk inc rsv prop ed visits,prop_ed,2026-10-03,2026-10-03,NAU-Copycat,0.0015090383625659591,0.0018117909293459283,0.0020222666474962146,0.0023067367984104634,0.002548247087916387,0.0029720098049761745,0.004055892566849335,0.0015,0.0018,0.002,0.0023,0.0025,0.003,0.0041,TRUE,FALSE,NAU,2026-09-30,Copycat
Florida,FL,1,wk inc rsv prop ed visits,prop_ed,2026-10-03,2026-10-10,NAU-Copycat,0.001804126984560805,0.0021370740614866193,0.002426318948737578,0.0027511173259928516,0.0031371860399346894,0.003800508664850401,0.004765374214274657,0.0018,0.0021,0.0024,0.0028,0.0031,0.0038,0.0048,TRUE,FALSE,NAU,2026-09-30,Copycat
Florida,FL,2,wk inc rsv prop ed visits,prop_ed,2026-10-03,2026-10-17,NAU-Copycat,0.00238547792234548,0.002588735548463973,0.0028417570799044306,0.0031818220575440628,0.004213125004342417,0.005641713386823956,0.006191224650068307,0.0024,0.0026,0.0028,0.0032,0.0042,0.0056,0.0062,TRUE,FALSE,NAU,2026-09-30,Copycat
Florida,FL,0,wk inc rsv hosp,hosp,2026-10-03,2026-10-03,UGA_flucast-INFLAenza,114,133,154,181,210,242,280,110,130,150,180,210,240,280,TRUE,FALSE,UGA_flucast,2026-09-30,INFLAenza
Florida,FL,1,wk inc rsv hosp,hosp,2026-10-03,2026-10-10,UGA_flucast-INFLAenza,114,145,176,216,265,319,391,110,150,180,220,270,320,390,TRUE,FALSE,UGA_flucast,2026-09-30,INFLAenza
Florida,FL,2,wk inc rsv hosp,hosp,2026-10-03,2026-10-17,UGA_flucast-INFLAenza,123,157,199,254,326,404,504,120,160,200,250,330,400,500,TRUE,FALSE,UGA_flucast,2026-09-30,INFLAenza
Florida,FL,0,wk inc rsv prop ed visits,prop_ed,2026-10-03,2026-10-03,UGA_flucast-INFLAenza,0.00104499804258112,0.0013703544724179943,0.001701146704158862,0.0021426733267038466,0.0026562800510302204,0.00317287342684721,0.0038561779448354964,0.001,0.0014,0.0017,0.0021,0.0027,0.0032,0.0039,TRUE,FALSE,UGA_flucast,2026-09-30,INFLAenza
Florida,FL,1,wk inc rsv prop ed visits,prop_ed,2026-10-03,2026-10-10,UGA_flucast-INFLAenza,0.0011957032675020255,0.001571776014997174,0.001991802190695888,0.002579172451341636,0.003230067511136422,0.0040296140092162935,0.0049773371186834295,0.0012,0.0016,0.002,0.0026,0.0032,0.004,0.005,TRUE,FALSE,UGA_flucast,2026-09-30,INFLAenza
Florida,FL,2,wk inc rsv prop ed visits,prop_ed,2026-10-03,2026-10-17,UGA_flucast-INFLAenza,0.0013655561930505922,0.001837166713116404,0.0024016381900896985,0.0031375763308763398,0.0040434711240165955,0.005075514173473911,0.006347393135736458,0.0014,0.0018,0.0024,0.0031,0.004,0.0051,0.0063,TRUE,FALSE,UGA_flucast,2026-09-30,INFLAenza
Florida,FL,0,wk inc rsv hosp,hosp,2026-10-03,2026-10-03,RSVHub-ensemble,113.8025647992088,126.84642720079799,143.7412060335172,167.21849496238727,195.5,226.5,264.5,110,130,140,170,200,230,260,FALSE,TRUE,RSVHub,2026-09-30,Ensemble using RSVHub forecast submissions
Florida,FL,1,wk inc rsv hosp,hosp,2026-10-03,2026-10-10,RSVHub-ensemble,115,139.5,158.49629051856863,197.10246967207058,240.2740325149327,299,359.51249999999993,120,140,160,200,240,300,360,FALSE,TRUE,RSVHub,2026-09-30,Ensemble using RSVHub forecast submissions
Florida,FL,2,wk inc rsv hosp,hosp,2026-10-03,2026-10-17,RSVHub-ensemble,119.5,148.5,181.3986926997247,227.41751317580537,298,379.55000000000007,489.0499999999997,120,150,180,230,300,380,490,FALSE,TRUE,RSVHub,2026-09-30,Ensemble using RSVHub forecast submissions
Florida,FL,0,wk inc rsv prop ed visits,prop_ed,2026-10-03,2026-10-03,RSVHub-ensemble,0.0014551963448876455,0.001680058272213005,0.001808840694227472,0.0020884374668412448,0.002360941655658482,0.002640746641060815,0.00318483591112497,0.0015,0.0017,0.0018,0.0021,0.0024,0.0026,0.0032,FALSE,TRUE,RSVHub,2026-09-30,Ensemble using RSVHub forecast submissions
Florida,FL,1,wk inc rsv prop ed visits,prop_ed,2026-10-03,2026-10-10,RSVHub-ensemble,0.0015772529457720027,0.0017872711939683336,0.002063998372896979,0.002470493178953235,0.0028872038213333773,0.003347589431495923,0.004041878840913842,0.0016,0.0018,0.0021,0.0025,0.0029,0.0033,0.004,FALSE,TRUE,RSVHub,2026-09-30,Ensemble using RSVHub forecast submissions
Florida,FL,2,wk inc rsv prop ed visits,prop_ed,2026-10-03,2026-10-17,RSVHub-ensemble,0.0015468121485134622,0.001919845511240752,0.0023707353069209493,0.002940305591956334,0.0036566019558509706,0.0044539801512957,0.005487464682664312,0.0015,0.0019,0.0024,0.0029,0.0037,0.0045,0.0055,FALSE,TRUE,RSVHub,2026-09-30,Ensemble using RSVHub forecast submissions
Georgia,GA,0,wk inc rsv hosp,hosp,2026-10-03,2026-10-03,CEPH-Rtrend_rsv,2,6,8,12,19,25,31,2,6,8,10,20,30,30,TRUE,FALSE,CEPH Lab at Indiana University,2026-09-30,Rtrend RSV
Georgia,GA,1,wk inc rsv hosp,hosp,2026-10-03,2026-10-10,CEPH-Rtrend_rsv,2,4,8,15,21,29,39,2,4,8,20,20,30,40,TRUE,FALSE,CEPH Lab at Indiana University,2026-09-30,Rtrend RSV
Georgia,GA,2,wk inc rsv hosp,hosp,2026-10-03,2026-10-17,CEPH-Rtrend_rsv,1,4,8,15,23,33,46,1,4,8,20,20,30,50,TRUE,FALSE,CEPH Lab at Indiana University,2026-09-30,Rtrend RSV
Georgia,GA,0,wk inc rsv prop ed visits,prop_ed,2026-10-03,2026-10-03,CFA-NowcastAutoGP,3.005130380372042e-4,3.753368867767161e-4,4.5473271595211477e-4,5.662962421570615e-4,6.932503969893469e-4,8.423965398751562e-4,0.001040432230153397,3e-4,3.8e-4,4.5e-4,5.7e-4,6.9e-4,8.4e-4,0.001,TRUE,FALSE,Center for Forecasting and Outbreak Analytics (CDC/CFA),2026-09-30,NowcastAutoGP
Georgia,GA,1,wk inc rsv prop ed visits,prop_ed,2026-10-03,2026-10-10,CFA-NowcastAutoGP,3.1235819866820867e-4,4.0816654370464143e-4,5.083707361105257e-4,6.334344718912099e-4,8.031829247043294e-4,0.0010015892745589314,0.0012380964782769755,3.1e-4,4.1e-4,5.1e-4,6.3e-4,8e-4,0.001,0.0012,TRUE,FALSE,Center for Forecasting and Outbreak Analytics (CDC/CFA),2026-09-30,NowcastAutoGP
Georgia,GA,2,wk inc rsv prop ed visits,prop_ed,2026-10-03,2026-10-17,CFA-NowcastAutoGP,3.387288321828925e-4,4.362076759408922e-4,5.617359694869244e-4,7.32709070286151e-4,9.497455283382074e-4,0.0011921857635203527,0.0015751057060845958,3.4e-4,4.4e-4,5.6e-4,7.3e-4,9.5e-4,0.0012,0.0016,TRUE,FALSE,Center for Forecasting and Outbreak Analytics (CDC/CFA),2026-09-30,NowcastAutoGP
Georgia,GA,0,wk inc rsv prop ed visits,prop_ed,2026-10-03,2026-10-03,CFA-PyRenew_E,4.4395553983339213e-4,5.499432003860084e-4,6.565768005280304e-4,7.835024157168641e-4,9.332720607288217e-4,0.0010911542023199867,0.0012851680982885409,4.4e-4,5.5e-4,6.6e-4,7.8e-4,0.00093000000000000005,0.0011,0.0013,TRUE,FALSE,Center for Forecasting and Outbreak Analytics (CDC/CFA),2026-09-30,PyRenew-E
Georgia,GA,1,wk inc rsv prop ed visits,prop_ed,2026-10-03,2026-10-10,CFA-PyRenew_E,4.8301549976694397e-4,6.076683767776143e-4,7.869149806561956e-4,0.0010181369075285122,0.001354191771254551,0.0017514542306333754,0.002340017725511876,4.8e-4,6.1e-4,7.9e-4,0.001,0.0014,0.0018,0.0023,TRUE,FALSE,Center for Forecasting and Outbreak Analytics (CDC/CFA),2026-09-30,PyRenew-E
Georgia,GA,2,wk inc rsv prop ed visits,prop_ed,2026-10-03,2026-10-17,CFA-PyRenew_E,4.6841456533455673e-4,6.719833698610279e-4,9.282596019935416e-4,0.0013294467243746572,0.0020464822427204814,0.0029737935075069824,0.0048896527468422595,4.7e-4,6.7e-4,0.00093000000000000005,0.0013,0.002,0.003,0.0049,TRUE,FALSE,Center for Forecasting and Outbreak Analytics (CDC/CFA),2026-09-30,PyRenew-E
Georgia,GA,0,wk inc rsv hosp,hosp,2026-10-03,2026-10-03,CFA-PyRenew_H,7,10,13,18,23,29,36,7,10,10,20,20,30,40,FALSE,FALSE,Center for Forecasting and Outbreak Analytics (CDC/CFA),2026-09-30,PyRenew-H
Georgia,GA,1,wk inc rsv hosp,hosp,2026-10-03,2026-10-10,CFA-PyRenew_H,6,10,14,20,27,37,53,6,10,10,20,30,40,50,FALSE,FALSE,Center for Forecasting and Outbreak Analytics (CDC/CFA),2026-09-30,PyRenew-H
Georgia,GA,2,wk inc rsv hosp,hosp,2026-10-03,2026-10-17,CFA-PyRenew_H,6,9,14,21,32,49,88,6,9,10,20,30,50,90,FALSE,FALSE,Center for Forecasting and Outbreak Analytics (CDC/CFA),2026-09-30,PyRenew-H
Georgia,GA,0,wk inc rsv hosp,hosp,2026-10-03,2026-10-03,CFA-PyRenew_HE,15,19,23,29,35,43,53,20,20,20,30,40,40,50,TRUE,FALSE,Center for Forecasting and Outbreak Analytics (CDC/CFA),2026-09-30,PyRenew-HE
Georgia,GA,1,wk inc rsv hosp,hosp,2026-10-03,2026-10-10,CFA-PyRenew_HE,17,22,27,35,46,60,88,20,20,30,40,50,60,90,TRUE,FALSE,Center for Forecasting and Outbreak Analytics (CDC/CFA),2026-09-30,PyRenew-HE
Georgia,GA,2,wk inc rsv hosp,hosp,2026-10-03,2026-10-17,CFA-PyRenew_HE,16,23,31,44,64,96.10000000000014,156.04999999999973,20,20,30,40,60,100,160,TRUE,FALSE,Center for Forecasting and Outbreak Analytics (CDC/CFA),2026-09-30,PyRenew-HE
Georgia,GA,0,wk inc rsv prop ed visits,prop_ed,2026-10-03,2026-10-03,CFA-PyRenew_HE,3.8631722811259387e-4,4.648897730706577e-4,5.418302965304602e-4,6.379828734212922e-4,7.521391933354939e-4,8.639074505707628e-4,0.0010245773354465384,3.9e-4,4.6e-4,5.4e-4,6.4e-4,7.5e-4,8.6e-4,0.001,FALSE,FALSE,Center for Forecasting and Outbreak Analytics (CDC/CFA),2026-09-30,PyRenew-HE
Georgia,GA,1,wk inc rsv prop ed visits,prop_ed,2026-10-03,2026-10-10,CFA-PyRenew_HE,4.122726173473336e-4,5.118278568708774e-4,6.408809899451762e-4,8.029319338577457e-4,0.0010043646970927637,0.0012600976403952216,0.001631972687782544,4.1e-4,5.1e-4,6.4e-4,8e-4,0.001,0.0013,0.0016,FALSE,FALSE,Center for Forecasting and Outbreak Analytics (CDC/CFA),2026-09-30,PyRenew-HE
Georgia,GA,2,wk inc rsv prop ed visits,prop_ed,2026-10-03,2026-10-17,CFA-PyRenew_HE,3.940101352841415e-4,5.521384208422872e-4,7.201124439497367e-4,9.934695705494214e-4,0.0014028235781454422,0.0019492979556777264,0.0029685201206955387,3.9e-4,5.5e-4,7.2e-4,9.9e-4,0.0014,0.0019,0.003,FALSE,FALSE,Center for Forecasting and Outbreak Analytics (CDC/CFA),2026-09-30,PyRenew-HE
Georgia,GA,0,wk inc rsv hosp,hosp,2026-10-03,2026-10-03,NAU-epymorph,6,10,15,20,26,34,47,6,10,20,20,30,30,50,TRUE,FALSE,Northern Arizona University,2026-09-30,epymorph RSV compartmental model
Georgia,GA,1,wk inc rsv hosp,hosp,2026-10-03,2026-10-10,NAU-epymorph,5,10,15,23,34,50,78,5,10,20,20,30,50,80,TRUE,FALSE,Northern Arizona University,2026-09-30,epymorph RSV compartmental model
Georgia,GA,2,wk inc rsv hosp,hosp,2026-10-03,2026-10-17,NAU-epymorph,5,10,15,27,45,79,140,5,10,20,30,50,80,140,TRUE,FALSE,Northern Arizona University,2026-09-30,epymorph RSV compartmental model
Georgia,GA,0,wk inc rsv hosp,hosp,2026-10-03,2026-10-03,RSVHub-baseline,0,6.300000000000005,16,19,22,31.69999999999999,73.67499999999995,0,6,20,20,20,30,70,FALSE,FALSE,RSVHub-hub-models,2026-09-30,RSVHub baseline model
Georgia,GA,1,wk inc rsv hosp,hosp,2026-10-03,2026-10-10,RSVHub-baseline,0,0,11,19,27.200744507445073,52,105.30902309023082,0,0,10,20,30,50,110,FALSE,FALSE,RSVHub-hub-models,2026-09-30,RSVHub baseline model
Georgia,GA,2,wk inc rsv hosp,hosp,2026-10-03,2026-10-17,RSVHub-baseline,0,0,7.062355623556237,19,32.29536545365452,64.86420864208651,131.78347233472397,0,0,7,20,30,60,130,FALSE,FALSE,RSVHub-hub-models,2026-09-30,RSVHub baseline model
Georgia,GA,0,wk inc rsv prop ed visits,prop_ed,2026-10-03,2026-10-03,RSVHub-baseline,0,5.0000000000000484e-5,4.999999999999999e-4,6e-4,7e-4,0.0011500000000000013,0.0018624999999999985,0,5e-5,5e-4,6e-4,7e-4,0.0012,0.0019,FALSE,FALSE,RSVHub-hub-models,2026-09-30,RSVHub baseline model
Georgia,GA,1,wk inc rsv prop ed visits,prop_ed,2026-10-03,2026-10-10,RSVHub-baseline,0,0,3.0000000000000003e-4,6e-4,9e-4,0.0015,0.0021090696406964064,0,0,3e-4,6e-4,9e-4,0.0015,0.0021,FALSE,FALSE,RSVHub-hub-models,2026-09-30,RSVHub baseline model
Georgia,GA,2,wk inc rsv prop ed visits,prop_ed,2026-10-03,2026-10-17,RSVHub-baseline,0,0,1.9999999999999977e-4,6e-4,0.0010999999999999996,0.0017000000000000001,0.0024404955799557974,0,0,2e-4,6e-4,0.0011,0.0017,0.0024,FALSE,FALSE,RSVHub-hub-models,2026-09-30,RSVHub baseline model
Georgia,GA,0,wk inc rsv hosp,hosp,2026-10-03,2026-10-03,docxology-timesfm,17.444710009722787,19.717636594515895,22.172129610812632,25.988076676926852,29.502073270341935,31.59595398651344,36.954841030432405,20,20,20,30,30,30,40,TRUE,FALSE,docxology,2026-09-30,docxology timesfm
Georgia,GA,1,wk inc rsv hosp,hosp,2026-10-03,2026-10-10,docxology-timesfm,20.53842551460989,22.670487499902627,27.467173283396576,31.779676013408945,38.97109603036638,47.06400478080607,56.755017372780046,20,20,30,30,40,50,60,TRUE,FALSE,docxology,2026-09-30,docxology timesfm
Georgia,GA,2,wk inc rsv hosp,hosp,2026-10-03,2026-10-17,docxology-timesfm,25.26343401723199,28.73117982988021,33.17253583265887,40.403084088167866,53.279615009450325,62.78164060502909,84.48452679785225,30,30,30,40,50,60,80,TRUE,FALSE,docxology,2026-09-30,docxology timesfm
Georgia,GA,0,wk inc rsv hosp,hosp,2026-10-03,2026-10-03,NAU-Copycat,7,10,16,22,29,40,57,7,10,20,20,30,40,60,TRUE,FALSE,NAU,2026-09-30,Copycat
Georgia,GA,1,wk inc rsv hosp,hosp,2026-10-03,2026-10-10,NAU-Copycat,7,12,18,25,34,45,68,7,10,20,30,30,50,70,TRUE,FALSE,NAU,2026-09-30,Copycat
Georgia,GA,2,wk inc rsv hosp,hosp,2026-10-03,2026-10-17,NAU-Copycat,8,12,19,30,43,62,91,8,10,20,30,40,60,90,TRUE,FALSE,NAU,2026-09-30,Copycat
Georgia,GA,0,wk inc rsv prop ed visits,prop_ed,2026-10-03,2026-10-03,NAU-Copycat,2.445806716097493e-4,4.696282934133263e-4,6.269034409717887e-4,7.984736139131105e-4,9.738809987188743e-4,0.0011769201220172018,0.0014831271854259523,2.4e-4,4.7e-4,6.3e-4,8e-4,9.7e-4,0.0012,0.0015,TRUE,FALSE,NAU,2026-09-30,Copycat
Georgia,GA,1,wk inc rsv prop ed visits,prop_ed,2026-10-03,2026-10-10,NAU-Copycat,2.6799719002994687e-4,4.798180712153293e-4,6.850057798897466e-4,9.724386574059087e-4,0.0012591566226742722,0.0015647136883205738,0.0020457734240492413,2.7e-4,4.8e-4,6.9e-4,9.7e-4,0.0013,0.0016,0.002,TRUE,FALSE,NAU,2026-09-30,Copycat
Georgia,GA,2,wk inc rsv prop ed visits,prop_ed,2026-10-03,2026-10-17,NAU-Copycat,3.276802889253881e-4,6.192541307475948e-4,9.062755823665734e-4,0.0012495906678990421,0.001663335323006332,0.002185871748389217,0.0029173395447224908,3.3e-4,6.2e-4,9.1e-4,0.0012,0.0017,0.0022,0.0029,TRUE,FALSE,NAU,2026-09-30,Copycat
Georgia,GA,0,wk inc rsv hosp,hosp,2026-10-03,2026-10-03,UGA_flucast-INFLAenza,11,15,19,24,30,36,43,10,20,20,20,30,40,40,TRUE,FALSE,UGA_flucast,2026-09-30,INFLAenza
Georgia,GA,1,wk inc rsv hosp,hosp,2026-10-03,2026-10-10,UGA_flucast-INFLAenza,13,18,23,29,38,46,59,10,20,20,30,40,50,60,TRUE,FALSE,UGA_flucast,2026-09-30,INFLAenza
Georgia,GA,2,wk inc rsv hosp,hosp,2026-10-03,2026-10-17,UGA_flucast-INFLAenza,15,21,27,36,47,60,78,20,20,30,40,50,60,80,TRUE,FALSE,UGA_flucast,2026-09-30,INFLAenza
Georgia,GA,0,wk inc rsv prop ed visits,prop_ed,2026-10-03,2026-10-03,UGA_flucast-INFLAenza,2.343238928737693e-4,3.6080915963933785e-4,5.007859399723667e-4,6.986152396047782e-4,9.463235099527089e-4,0.0012063659066144433,0.0015475913708282575,2.3e-4,3.6e-4,5e-4,7e-4,9.5e-4,0.0012,0.0015,TRUE,FALSE,UGA_flucast,2026-09-30,INFLAenza
Georgia,GA,1,wk inc rsv prop ed visits,prop_ed,2026-10-03,2026-10-10,UGA_flucast-INFLAenza,2.9525613860427956e-4,4.3714003724839825e-4,6.143980686098866e-4,8.569242559355153e-4,0.0011518628558623235,0.0014771794622526599,0.0019105952566654486,3e-4,4.4e-4,6.1e-4,8.6e-4,0.0012,0.0015,0.0019,TRUE,FALSE,UGA_flucast,2026-09-30,INFLAenza
Georgia,GA,2,wk inc rsv prop ed visits,prop_ed,2026-10-03,2026-10-17,UGA_flucast-INFLAenza,3.6115533973016977e-4,5.513451346766814e-4,7.632053450908161e-4,0.001057478373640629,0.001411553985579112,0.0018210307893548837,0.0023382318355752193,3.6e-4,5.5e-4,7.6e-4,0.0011,0.0014,0.0018,0.0023,TRUE,FALSE,UGA_flucast,2026-09-30,INFLAenza
Georgia,GA,0,wk inc rsv hosp,hosp,2026-10-03,2026-10-03,RSVHub-ensemble,9,12.5,17.5,23,29.25103663517097,35,45,9,10,20,20,30,40,50,FALSE,TRUE,RSVHub,2026-09-30,Ensemble using RSVHub forecast submissions
Georgia,GA,1,wk inc rsv hosp,hosp,2026-10-03,2026-10-10,RSVHub-ensemble,10,15,20.5,27,36,46.532002390403036,63.5,10,20,20,30,40,50,60,FALSE,TRUE,RSVHub,2026-09-30,Ensemble using RSVHub forecast submissions
Georgia,GA,2,wk inc rsv hosp,hosp,2026-10-03,2026-10-17,RSVHub-ensemble,11.5,16.5,23,33,46,62.39082030251454,87.74226339892613,10,20,20,30,50,60,90,FALSE,TRUE,RSVHub,2026-09-30,Ensemble using RSVHub forecast submissions
Georgia,GA,0,wk inc rsv prop ed visits,prop_ed,2026-10-03,2026-10-03,RSVHub-ensemble,2.725468548234768e-4,4.224825900950212e-4,5.638446904720777e-4,7.410588276608211e-4,9.397977853407653e-4,0.0011340371621685942,0.0013841476418572467,2.7e-4,4.2e-4,5.6e-4,7.4e-4,9.4e-4,0.0011,0.0014,FALSE,TRUE,RSVHub,2026-09-30,Ensemble using RSVHub forecast submissions
Georgia,GA,1,wk inc rsv prop ed visits,prop_ed,2026-10-03,2026-10-10,RSVHub-ensemble,3.038071686362441e-4,4.5847905423186376e-4,6.497019242498166e-4,9.14681456670712e-4,0.0012055097392682978,0.001520946575286617,0.0019781843403573448,3e-4,4.6e-4,6.5e-4,9.1e-4,0.0012,0.0015,0.002,FALSE,TRUE,RSVHub,2026-09-30,Ensemble using RSVHub forecast submissions
Georgia,GA,2,wk inc rsv prop ed visits,prop_ed,2026-10-03,2026-10-17,RSVHub-ensemble,3.499420859565311e-4,5.852996327121382e-4,8.347404637286948e-4,0.0011535345207698356,0.001537444654292722,0.0020034512688720503,0.0026277856901488553,3.5e-4,5.9e-4,8.3e-4,0.0012,0.0015,0.002,0.0026,FALSE,TRUE,RSVHub,2026-09-30,Ensemble using RSVHub forecast submissions
Hawaii,HI,0,wk inc rsv hosp,hosp,2026-10-03,2026-10-03,CEPH-Rtrend_rsv,4,4,5,6,7,9,10,4,4,5,6,7,9,10,TRUE,FALSE,CEPH Lab at Indiana University,2026-09-30,Rtrend RSV
Hawaii,HI,1,wk inc rsv hosp,hosp,2026-10-03,2026-10-10,CEPH-Rtrend_rsv,3,4,5,6,8,10,13,3,4,5,6,8,10,10,TRUE,FALSE,CEPH Lab at Indiana University,2026-09-30,Rtrend RSV
Hawaii,HI,2,wk inc rsv hosp,hosp,2026-10-03,2026-10-17,CEPH-Rtrend_rsv,2,3,5,7,9,13,18,2,3,5,7,9,10,20,TRUE,FALSE,CEPH Lab at Indiana University,2026-09-30,Rtrend RSV
Hawaii,HI,0,wk inc rsv prop ed visits,prop_ed,2026-10-03,2026-10-03,CFA-NowcastAutoGP,6.583600764045101e-4,9.729362152299804e-4,0.0013909991234457692,0.0020548384808323286,0.002994162962454032,0.004219801871762446,0.006357883845640287,6.6e-4,9.7e-4,0.0014,0.0021,0.003,0.0042,0.0064,TRUE,FALSE,Center for Forecasting and Outbreak Analytics (CDC/CFA),2026-09-30,NowcastAutoGP
Hawaii,HI,1,wk inc rsv prop ed visits,prop_ed,2026-10-03,2026-10-10,CFA-NowcastAutoGP,6.0346198031681e-4,9.383019425856777e-4,0.0014110960917034278,0.0021536072596011454,0.003183830328890555,0.00461036996669399,0.006935555176418485,6e-4,9.4e-4,0.0014,0.0022,0.0032,0.0046,0.0069,TRUE,FALSE,Center for Forecasting and Outbreak Analytics (CDC/CFA),2026-09-30,NowcastAutoGP
Hawaii,HI,2,wk inc rsv prop ed visits,prop_ed,2026-10-03,2026-10-17,CFA-NowcastAutoGP,5.457678258593364e-4,9.515545988080323e-4,0.0014499302806241033,0.002232346449447726,0.0034285533509291234,0.005073805122008788,0.007963739717835495,5.5e-4,9.5e-4,0.0014,0.0022,0.0034,0.0051,0.008,TRUE,FALSE,Center for Forecasting and Outbreak Analytics (CDC/CFA),2026-09-30,NowcastAutoGP
Hawaii,HI,0,wk inc rsv prop ed visits,prop_ed,2026-10-03,2026-10-03,CFA-PyRenew_E,9.275559371442404e-4,0.0013159658604715416,0.001697959871592473,0.002156951648560207,0.002709685365621927,0.003280641620659386,0.004000445203082361,0.00093000000000000005,0.0013,0.0017,0.0022,0.0027,0.0033,0.004,TRUE,FALSE,Center for Forecasting and Outbreak Analytics (CDC/CFA),2026-09-30,PyRenew-E
Hawaii,HI,1,wk inc rsv prop ed visits,prop_ed,2026-10-03,2026-10-10,CFA-PyRenew_E,7.294411959749723e-4,0.0011376891607239102,0.001616388045378714,0.0021825075665815427,0.0029728632438432824,0.003772453744780462,0.004711161742510983,7.3e-4,0.0011,0.0016,0.0022,0.003,0.0038,0.0047,TRUE,FALSE,Center for Forecasting and Outbreak Analytics (CDC/CFA),2026-09-30,PyRenew-E
Hawaii,HI,2,wk inc rsv prop ed visits,prop_ed,2026-10-03,2026-10-17,CFA-PyRenew_E,4.944924379126127e-4,9.242211823073477e-4,0.001471748228076094,0.002218134979165549,0.003248038862862675,0.004453801336641272,0.006181301632579959,4.9e-4,9.2e-4,0.0015,0.0022,0.0032,0.0045,0.0062,TRUE,FALSE,Center for Forecasting and Outbreak Analytics (CDC/CFA),2026-09-30,PyRenew-E
Hawaii,HI,0,wk inc rsv hosp,hosp,2026-10-03,2026-10-03,CFA-PyRenew_H,1,2,4,6,9,13,17,1,2,4,6,9,10,20,FALSE,FALSE,Center for Forecasting and Outbreak Analytics (CDC/CFA),2026-09-30,PyRenew-H
Hawaii,HI,1,wk inc rsv hosp,hosp,2026-10-03,2026-10-10,CFA-PyRenew_H,1,2,4,7,11,16.100000000000136,25.024999999999864,1,2,4,7,10,20,30,FALSE,FALSE,Center for Forecasting and Outbreak Analytics (CDC/CFA),2026-09-30,PyRenew-H
Hawaii,HI,2,wk inc rsv hosp,hosp,2026-10-03,2026-10-17,CFA-PyRenew_H,1,2,4,8,13,22,40,1,2,4,8,10,20,40,FALSE,FALSE,Center for Forecasting and Outbreak Analytics (CDC/CFA),2026-09-30,PyRenew-H
Hawaii,HI,0,wk inc rsv hosp,hosp,2026-10-03,2026-10-03,CFA-PyRenew_HE,2,3,5,7,9,12,15,2,3,5,7,9,10,20,TRUE,FALSE,Center for Forecasting and Outbreak Analytics (CDC/CFA),2026-09-30,PyRenew-HE
Hawaii,HI,1,wk inc rsv hosp,hosp,2026-10-03,2026-10-10,CFA-PyRenew_HE,2,3,5,7,10,13,18,2,3,5,7,10,10,20,TRUE,FALSE,Center for Forecasting and Outbreak Analytics (CDC/CFA),2026-09-30,PyRenew-HE
Hawaii,HI,2,wk inc rsv hosp,hosp,2026-10-03,2026-10-17,CFA-PyRenew_HE,1,3,5,7,11,15,22,1,3,5,7,10,20,20,TRUE,FALSE,Center for Forecasting and Outbreak Analytics (CDC/CFA),2026-09-30,PyRenew-HE
Hawaii,HI,0,wk inc rsv prop ed visits,prop_ed,2026-10-03,2026-10-03,CFA-PyRenew_HE,9.404354710909696e-4,0.0012662562252092023,0.0016155113001583715,0.002027788900315905,0.0025133350687981553,0.003010906695196343,0.0036533675229531624,9.4e-4,0.0013,0.0016,0.002,0.0025,0.003,0.0037,FALSE,FALSE,Center for Forecasting and Outbreak Analytics (CDC/CFA),2026-09-30,PyRenew-HE
Hawaii,HI,1,wk inc rsv prop ed visits,prop_ed,2026-10-03,2026-10-10,CFA-PyRenew_HE,7.199287933617442e-4,0.0010576650226542207,0.001507180858318186,0.002076860717175797,0.002705024517088914,0.003416425067997132,0.004334019209754304,7.2e-4,0.0011,0.0015,0.0021,0.0027,0.0034,0.0043,FALSE,FALSE,Center for Forecasting and Outbreak Analytics (CDC/CFA),2026-09-30,PyRenew-HE
Hawaii,HI,2,wk inc rsv prop ed visits,prop_ed,2026-10-03,2026-10-17,CFA-PyRenew_HE,4.982976372567929e-4,8.471005424963037e-4,0.001345734528627907,0.002093125101175727,0.0030111441389123633,0.0040924297740211855,0.005654240774109171,5e-4,8.5e-4,0.0013,0.0021,0.003,0.0041,0.0057,FALSE,FALSE,Center for Forecasting and Outbreak Analytics (CDC/CFA),2026-09-30,PyRenew-HE
Hawaii,HI,0,wk inc rsv hosp,hosp,2026-10-03,2026-10-03,NAU-epymorph,0,2,4,7,10,14,20,0,2,4,7,10,10,20,TRUE,FALSE,Northern Arizona University,2026-09-30,epymorph RSV compartmental model
Hawaii,HI,1,wk inc rsv hosp,hosp,2026-10-03,2026-10-10,NAU-epymorph,0,2,4,7,12,17,32,0,2,4,7,10,20,30,TRUE,FALSE,Northern Arizona University,2026-09-30,epymorph RSV compartmental model
Hawaii,HI,2,wk inc rsv hosp,hosp,2026-10-03,2026-10-17,NAU-epymorph,0,2,4,8,14,23,44,0,2,4,8,10,20,40,TRUE,FALSE,Northern Arizona University,2026-09-30,epymorph RSV compartmental model
Hawaii,HI,0,wk inc rsv hosp,hosp,2026-10-03,2026-10-03,RSVHub-baseline,0,0,4,6,8,12,16.37499999999995,0,0,4,6,8,10,20,FALSE,FALSE,RSVHub-hub-models,2026-09-30,RSVHub baseline model
Hawaii,HI,1,wk inc rsv hosp,hosp,2026-10-03,2026-10-10,RSVHub-baseline,0,0,2.999712497124973,6,10,14,21,0,0,3,6,10,10,20,FALSE,FALSE,RSVHub-hub-models,2026-09-30,RSVHub baseline model
Hawaii,HI,2,wk inc rsv hosp,hosp,2026-10-03,2026-10-17,RSVHub-baseline,0,0,1.1471914719147094,6,11,16,24.393135181351774,0,0,1,6,10,20,20,FALSE,FALSE,RSVHub-hub-models,2026-09-30,RSVHub baseline model
Hawaii,HI,0,wk inc rsv prop ed visits,prop_ed,2026-10-03,2026-10-03,RSVHub-baseline,0,7.000000000000002e-4,0.0012999999999999995,0.0016,0.0019000000000000006,0.0025,0.0036624999999999987,0,7e-4,0.0013,0.0016,0.0019,0.0025,0.0037,FALSE,FALSE,RSVHub-hub-models,2026-09-30,RSVHub baseline model
Hawaii,HI,1,wk inc rsv prop ed visits,prop_ed,2026-10-03,2026-10-10,RSVHub-baseline,0,1.9999999999999993e-4,9.792165421654213e-4,0.0016,0.002293254682546825,0.0031000000000000003,0.0044658563835638316,0,2e-4,9.8e-4,0.0016,0.0023,0.0031,0.0045,FALSE,FALSE,RSVHub-hub-models,2026-09-30,RSVHub baseline model
Hawaii,HI,2,wk inc rsv prop ed visits,prop_ed,2026-10-03,2026-10-17,RSVHub-baseline,0,0,7.192506925069254e-4,0.0016,0.0024999999999999996,0.003502979729797299,0.005143388183881845,0,0,7.2e-4,0.0016,0.0025,0.0035,0.0051,FALSE,FALSE,RSVHub-hub-models,2026-09-30,RSVHub baseline model
Hawaii,HI,0,wk inc rsv hosp,hosp,2026-10-03,2026-10-03,docxology-timesfm,1.8724953816837493,3.170745759889576,4.760077531587697,7.281188297998589,9.176725441088147,12.025494735234945,16.689758198615774,2,3,5,7,9,10,20,TRUE,FALSE,docxology,2026-09-30,docxology timesfm
Hawaii,HI,1,wk inc rsv hosp,hosp,2026-10-03,2026-10-10,docxology-timesfm,1.7559442431715073,2.2257461757672177,4.755726159109878,8.06948786588062,11.013419124616679,13.5014572485018,22.57192335833161,2,2,5,8,10,10,20,TRUE,FALSE,docxology,2026-09-30,docxology timesfm
Hawaii,HI,2,wk inc rsv hosp,hosp,2026-10-03,2026-10-17,docxology-timesfm,1.3971637962337695,2.4255659108251004,4.156417250126015,8.642256890646687,11.939714633836289,15.737996503192216,22.56355598214506,1,2,4,9,10,20,20,TRUE,FALSE,docxology,2026-09-30,docxology timesfm
Hawaii,HI,0,wk inc rsv hosp,hosp,2026-10-03,2026-10-03,NAU-Copycat,1,2,4,7,12,20,33,1,2,4,7,10,20,30,TRUE,FALSE,NAU,2026-09-30,Copycat
Hawaii,HI,1,wk inc rsv hosp,hosp,2026-10-03,2026-10-10,NAU-Copycat,1,2,4,9,16,29.100000000000136,56,1,2,4,9,20,30,60,TRUE,FALSE,NAU,2026-09-30,Copycat
Hawaii,HI,2,wk inc rsv hosp,hosp,2026-10-03,2026-10-17,NAU-Copycat,0,2,4,10,21,41,86.04999999999995,0,2,4,10,20,40,90,TRUE,FALSE,NAU,2026-09-30,Copycat
Hawaii,HI,0,wk inc rsv prop ed visits,prop_ed,2026-10-03,2026-10-03,NAU-Copycat,6.732274333138696e-4,0.001145611230233882,0.0015856156113064864,0.0022352231534663977,0.0030689597314929075,0.004519633374882729,0.0063524450677956415,6.7e-4,0.0011,0.0016,0.0022,0.0031,0.0045,0.0064,TRUE,FALSE,NAU,2026-09-30,Copycat
Hawaii,HI,1,wk inc rsv prop ed visits,prop_ed,2026-10-03,2026-10-10,NAU-Copycat,6.847298667029206e-4,0.0011787805643188754,0.0017563436441383146,0.0026032473910257404,0.003784913571086168,0.005434946459091138,0.008748128322032877,6.8e-4,0.0012,0.0018,0.0026,0.0038,0.0054,0.0087,TRUE,FALSE,NAU,2026-09-30,Copycat
Hawaii,HI,2,wk inc rsv prop ed visits,prop_ed,2026-10-03,2026-10-17,NAU-Copycat,7.083755342463328e-4,0.0012659737387588123,0.0019409767814039536,0.0032802959618216283,0.005218046053591265,0.007863571496631342,0.0124487169998996,7.1e-4,0.0013,0.0019,0.0033,0.0052,0.0079,0.012,TRUE,FALSE,NAU,2026-09-30,Copycat
Hawaii,HI,0,wk inc rsv hosp,hosp,2026-10-03,2026-10-03,UGA_flucast-INFLAenza,2,3,5,7,10,13,16,2,3,5,7,10,10,20,TRUE,FALSE,UGA_flucast,2026-09-30,INFLAenza
Hawaii,HI,1,wk inc rsv hosp,hosp,2026-10-03,2026-10-10,UGA_flucast-INFLAenza,2,4,6,9,12,16,21,2,4,6,9,10,20,20,TRUE,FALSE,UGA_flucast,2026-09-30,INFLAenza
Hawaii,HI,2,wk inc rsv hosp,hosp,2026-10-03,2026-10-17,UGA_flucast-INFLAenza,3,5,7,11,15,19,26,3,5,7,10,20,20,30,TRUE,FALSE,UGA_flucast,2026-09-30,INFLAenza
Hawaii,HI,0,wk inc rsv prop ed visits,prop_ed,2026-10-03,2026-10-03,UGA_flucast-INFLAenza,0.0012397783954826603,0.0016330146796854363,0.002038936998998381,0.0025704553232558,0.0031971656339447943,0.0038372281903563156,0.004728539896859802,0.0012,0.0016,0.002,0.0026,0.0032,0.0038,0.0047,TRUE,FALSE,UGA_flucast,2026-09-30,INFLAenza
Hawaii,HI,1,wk inc rsv prop ed visits,prop_ed,2026-10-03,2026-10-10,UGA_flucast-INFLAenza,0.001320132963369077,0.0017891968465598327,0.0023483305985256726,0.0030686373780395787,0.0039248325476020866,0.004891009193841481,0.006272163542330314,0.0013,0.0018,0.0023,0.0031,0.0039,0.0049,0.0063,TRUE,FALSE,UGA_flucast,2026-09-30,INFLAenza
Hawaii,HI,2,wk inc rsv prop ed visits,prop_ed,2026-10-03,2026-10-17,UGA_flucast-INFLAenza,0.001483383038895972,0.002039703228985672,0.002721719743540036,0.0037105967381897446,0.004960491713225996,0.0063660145300150385,0.008335680138920833,0.0015,0.002,0.0027,0.0037,0.005,0.0064,0.0083,TRUE,FALSE,UGA_flucast,2026-09-30,INFLAenza
Hawaii,HI,0,wk inc rsv hosp,hosp,2026-10-03,2026-10-03,RSVHub-ensemble,1.9362476908418746,3,4.880038765793849,7,9.588362720544072,12.512747367617472,16.34487909930789,2,3,5,7,10,10,20,FALSE,TRUE,RSVHub,2026-09-30,Ensemble using RSVHub forecast submissions
Hawaii,HI,1,wk inc rsv hosp,hosp,2026-10-03,2026-10-10,RSVHub-ensemble,1.8779721215857537,2.612873087883609,4.877863079554939,7.53474393294031,11.50670956230834,14.7507286242509,21.785961679165805,2,3,5,8,10,10,20,FALSE,TRUE,RSVHub,2026-09-30,Ensemble using RSVHub forecast submissions
Hawaii,HI,2,wk inc rsv hosp,hosp,2026-10-03,2026-10-17,RSVHub-ensemble,1.1985818981168848,2.71278295541255,4.578208625063008,8.321128445323343,12.969857316918144,17.368998251596107,24.28177799107253,1,3,5,8,10,20,20,FALSE,TRUE,RSVHub,2026-09-30,Ensemble using RSVHub forecast submissions
Hawaii,HI,0,wk inc rsv prop ed visits,prop_ed,2026-10-03,2026-10-03,RSVHub-ensemble,8.00391685229055e-4,0.0012307885453527118,0.0016417877414494797,0.0021960874010133026,0.00303156134697347,0.004028515031059381,0.005540492482327722,8e-4,0.0012,0.0016,0.0022,0.003,0.004,0.0055,FALSE,TRUE,RSVHub,2026-09-30,Ensemble using RSVHub forecast submissions
Hawaii,HI,1,wk inc rsv prop ed visits,prop_ed,2026-10-03,2026-10-10,RSVHub-ensemble,7.070855313389465e-4,0.0011582348625213928,0.0016863658447585144,0.0023928774788036416,0.0034843719499883614,0.0047506895802677356,0.0066038593593744,7.1e-4,0.0012,0.0017,0.0024,0.0035,0.0048,0.0066,FALSE,TRUE,RSVHub,2026-09-30,Ensemble using RSVHub forecast submissions
Hawaii,HI,2,wk inc rsv prop ed visits,prop_ed,2026-10-03,2026-10-17,RSVHub-ensemble,6.270716800528347e-4,0.0011087641687834223,0.0017063625047400238,0.002756321205634677,0.00419452253207756,0.005719909826011914,0.008149709928378164,6.3e-4,0.0011,0.0017,0.0028,0.0042,0.0057,0.0081,FALSE,TRUE,RSVHub,2026-09-30,Ensemble using RSVHub forecast submissions
Idaho,ID,0,wk inc rsv hosp,hosp,2026-10-03,2026-10-03,CEPH-Rtrend_rsv,1,2,2,2,3,4,4,1,2,2,2,3,4,4,TRUE,FALSE,CEPH Lab at Indiana University,2026-09-30,Rtrend RSV
Idaho,ID,1,wk inc rsv hosp,hosp,2026-10-03,2026-10-10,CEPH-Rtrend_rsv,1,1,2,3,4,5,6,1,1,2,3,4,5,6,TRUE,FALSE,CEPH Lab at Indiana University,2026-09-30,Rtrend RSV
Idaho,ID,2,wk inc rsv hosp,hosp,2026-10-03,2026-10-17,CEPH-Rtrend_rsv,1,1,2,3,4,5,7,1,1,2,3,4,5,7,TRUE,FALSE,CEPH Lab at Indiana University,2026-09-30,Rtrend RSV
Idaho,ID,0,wk inc rsv prop ed visits,prop_ed,2026-10-03,2026-10-03,CFA-NowcastAutoGP,0,0,2.784414945462305e-6,2.562423957605058e-5,6.19713460972544e-5,1.1184709476042931e-4,2.1284722520921237e-4,0,0,2.8e-6,2.6e-5,6.2e-5,1.1e-4,2.1e-4,TRUE,FALSE,Center for Forecasting and Outbreak Analytics (CDC/CFA),2026-09-30,NowcastAutoGP
Idaho,ID,1,wk inc rsv prop ed visits,prop_ed,2026-10-03,2026-10-10,CFA-NowcastAutoGP,0,0,1.5475268978658721e-7,2.3895544193392715e-5,6.899531599021911e-5,1.2358801841701894e-4,2.2514562171339087e-4,0,0,1.5e-7,2.4e-5,6.9e-5,1.2e-4,2.3e-4,TRUE,FALSE,Center for Forecasting and Outbreak Analytics (CDC/CFA),2026-09-30,NowcastAutoGP
Idaho,ID,2,wk inc rsv prop ed visits,prop_ed,2026-10-03,2026-10-17,CFA-NowcastAutoGP,0,0,0,2.4683548715160532e-5,6.760211796153767e-5,1.4386747703676878e-4,2.7166017980047026e-4,0,0,0,2.5e-5,6.8e-5,1.4e-4,2.7e-4,TRUE,FALSE,Center for Forecasting and Outbreak Analytics (CDC/CFA),2026-09-30,NowcastAutoGP
Idaho,ID,0,wk inc rsv prop ed visits,prop_ed,2026-10-03,2026-10-03,CFA-PyRenew_E,0,0,0,7.030484875606051e-5,7.420540502763553e-5,1.47769719413455e-4,2.244845865276354e-4,0,0,0,7e-5,7.4e-5,1.5e-4,2.2e-4,TRUE,FALSE,Center for Forecasting and Outbreak Analytics (CDC/CFA),2026-09-30,PyRenew-E
Idaho,ID,1,wk inc rsv prop ed visits,prop_ed,2026-10-03,2026-10-10,CFA-PyRenew_E,0,0,0,0,7.422822284511773e-5,1.4954084895867092e-4,2.957816109841367e-4,0,0,0,0,7.4e-5,1.5e-4,3e-4,TRUE,FALSE,Center for Forecasting and Outbreak Analytics (CDC/CFA),2026-09-30,PyRenew-E
Idaho,ID,2,wk inc rsv prop ed visits,prop_ed,2026-10-03,2026-10-17,CFA-PyRenew_E,0,0,0,0,7.445384850765036e-5,2.1176353074176655e-4,3.66901168290992e-4,0,0,0,0,7.4e-5,2.1e-4,3.7e-4,TRUE,FALSE,Center for Forecasting and Outbreak Analytics (CDC/CFA),2026-09-30,PyRenew-E
Idaho,ID,0,wk inc rsv hosp,hosp,2026-10-03,2026-10-03,CFA-PyRenew_H,0,2,3,6,12,18,30,0,2,3,6,10,20,30,FALSE,FALSE,Center for Forecasting and Outbreak Analytics (CDC/CFA),2026-09-30,PyRenew-H
Idaho,ID,1,wk inc rsv hosp,hosp,2026-10-03,2026-10-10,CFA-PyRenew_H,1,3,6,14,31.25,61,146,1,3,6,10,30,60,150,FALSE,FALSE,Center for Forecasting and Outbreak Analytics (CDC/CFA),2026-09-30,PyRenew-H
Idaho,ID,2,wk inc rsv hosp,hosp,2026-10-03,2026-10-17,CFA-PyRenew_H,1,4,11,31,88,231,654.2499999999986,1,4,10,30,90,230,650,FALSE,FALSE,Center for Forecasting and Outbreak Analytics (CDC/CFA),2026-09-30,PyRenew-H
Idaho,ID,0,wk inc rsv hosp,hosp,2026-10-03,2026-10-03,CFA-PyRenew_HE,0,0,0,1,3,4,7,0,0,0,1,3,4,7,TRUE,FALSE,Center for Forecasting and Outbreak Analytics (CDC/CFA),2026-09-30,PyRenew-HE
Idaho,ID,1,wk inc rsv hosp,hosp,2026-10-03,2026-10-10,CFA-PyRenew_HE,0,0,1,2,4,8,15,0,0,1,2,4,8,20,TRUE,FALSE,Center for Forecasting and Outbreak Analytics (CDC/CFA),2026-09-30,PyRenew-HE
Idaho,ID,2,wk inc rsv hosp,hosp,2026-10-03,2026-10-17,CFA-PyRenew_HE,0,0,1,3,7,16,45.04999999999973,0,0,1,3,7,20,50,TRUE,FALSE,Center for Forecasting and Outbreak Analytics (CDC/CFA),2026-09-30,PyRenew-HE
Idaho,ID,0,wk inc rsv prop ed visits,prop_ed,2026-10-03,2026-10-03,CFA-PyRenew_HE,0,0,7.467352827364385e-5,2.1781168453834327e-4,3.6578235086308917e-4,5.739975914755441e-4,7.890742795360766e-4,0,0,7.5e-5,2.2e-4,3.7e-4,5.7e-4,7.9e-4,FALSE,FALSE,Center for Forecasting and Outbreak Analytics (CDC/CFA),2026-09-30,PyRenew-HE
Idaho,ID,1,wk inc rsv prop ed visits,prop_ed,2026-10-03,2026-10-10,CFA-PyRenew_HE,0,7.1942865398827045e-05,1.4661514352260182e-4,3.000565764025208e-4,5.886838609790657e-4,0.0010241476164584264,0.0019550335906733008,0,7.2e-5,1.5e-4,3e-4,5.9e-4,0.001,0.002,FALSE,FALSE,Center for Forecasting and Outbreak Analytics (CDC/CFA),2026-09-30,PyRenew-HE
Idaho,ID,2,wk inc rsv prop ed visits,prop_ed,2026-10-03,2026-10-17,CFA-PyRenew_HE,0,7.283503809115527e-5,2.166453597338886e-4,4.4616273895746255e-4,0.0010272550845311294,0.0021993417226257436,0.005320501969561363,0,7.3e-5,2.2e-4,4.5e-4,0.001,0.0022,0.0053,FALSE,FALSE,Center for Forecasting and Outbreak Analytics (CDC/CFA),2026-09-30,PyRenew-HE
Idaho,ID,0,wk inc rsv hosp,hosp,2026-10-03,2026-10-03,NAU-epymorph,1,2,4,6,8,11,13,1,2,4,6,8,10,10,TRUE,FALSE,Northern Arizona University,2026-09-30,epymorph RSV compartmental model
Idaho,ID,1,wk inc rsv hosp,hosp,2026-10-03,2026-10-10,NAU-epymorph,2,4,6,10,17,29,61,2,4,6,10,20,30,60,TRUE,FALSE,Northern Arizona University,2026-09-30,epymorph RSV compartmental model
Idaho,ID,2,wk inc rsv hosp,hosp,2026-10-03,2026-10-17,NAU-epymorph,3,5,10,20,41,86,232,3,5,10,20,40,90,230,TRUE,FALSE,Northern Arizona University,2026-09-30,epymorph RSV compartmental model
Idaho,ID,0,wk inc rsv hosp,hosp,2026-10-03,2026-10-03,RSVHub-baseline,0,0,5,6,7,12,22,0,0,5,6,7,10,20,FALSE,FALSE,RSVHub-hub-models,2026-09-30,RSVHub baseline model
Idaho,ID,1,wk inc rsv hosp,hosp,2026-10-03,2026-10-10,RSVHub-baseline,0,0,3,6,9.414184141841417,16.813077130771312,26.612186121861214,0,0,3,6,9,20,30,FALSE,FALSE,RSVHub-hub-models,2026-09-30,RSVHub baseline model
Idaho,ID,2,wk inc rsv hosp,hosp,2026-10-03,2026-10-17,RSVHub-baseline,0,0,1,6,11.744052440524406,20,30.228190531905295,0,0,1,6,10,20,30,FALSE,FALSE,RSVHub-hub-models,2026-09-30,RSVHub baseline model
Idaho,ID,0,wk inc rsv prop ed visits,prop_ed,2026-10-03,2026-10-03,RSVHub-baseline,0,0,0,0,3e-4,0.0012500000000000015,0.0029625000000000003,0,0,0,0,3e-4,0.0013,0.003,FALSE,FALSE,RSVHub-hub-models,2026-09-30,RSVHub baseline model
Idaho,ID,1,wk inc rsv prop ed visits,prop_ed,2026-10-03,2026-10-10,RSVHub-baseline,0,0,0,6.075060750559014e-8,6.999032490324908e-4,0.002218716087160871,0.004863636136361364,0,0,0,6.1e-8,7e-4,0.0022,0.0049,FALSE,FALSE,RSVHub-hub-models,2026-09-30,RSVHub baseline model
Idaho,ID,2,wk inc rsv prop ed visits,prop_ed,2026-10-03,2026-10-17,RSVHub-baseline,0,0,0,0,0.0010999999999999998,0.0027187157871578736,0.005644254042540391,0,0,0,0,0.0011,0.0027,0.0056,FALSE,FALSE,RSVHub-hub-models,2026-09-30,RSVHub baseline model
Idaho,ID,0,wk inc rsv hosp,hosp,2026-10-03,2026-10-03,docxology-timesfm,1.9641351991336942,2.8434976100166542,3.522766908304776,4.690505198775781,5.611908493714402,9.299346973096235,9.566381454467773,2,3,4,5,6,9,10,TRUE,FALSE,docxology,2026-09-30,docxology timesfm
Idaho,ID,1,wk inc rsv hosp,hosp,2026-10-03,2026-10-10,docxology-timesfm,1.354467530212621,2.464321154523281,3.0954634400770735,4.154961059766823,5.538456929468423,7.290959635598124,8.647808452289487,1,2,3,4,6,7,9,TRUE,FALSE,docxology,2026-09-30,docxology timesfm
Idaho,ID,2,wk inc rsv hosp,hosp,2026-10-03,2026-10-17,docxology-timesfm,2.650032170611578,3.421848554252848,4.230015835362321,4.911609649658203,6.661772106252008,7.81129170898274,10.823219299316403,3,3,4,5,7,8,10,TRUE,FALSE,docxology,2026-09-30,docxology timesfm
Idaho,ID,0,wk inc rsv hosp,hosp,2026-10-03,2026-10-03,NAU-Copycat,0,1,3,7,14,27,45.02499999999998,0,1,3,7,10,30,50,TRUE,FALSE,NAU,2026-09-30,Copycat
Idaho,ID,1,wk inc rsv hosp,hosp,2026-10-03,2026-10-10,NAU-Copycat,0,1,3,8,20,40,94.04999999999995,0,1,3,8,20,40,90,TRUE,FALSE,NAU,2026-09-30,Copycat
Idaho,ID,2,wk inc rsv hosp,hosp,2026-10-03,2026-10-17,NAU-Copycat,0,1,3,10,27.250000000000114,64,165.04999999999995,0,1,3,10,30,60,170,TRUE,FALSE,NAU,2026-09-30,Copycat
Idaho,ID,0,wk inc rsv prop ed visits,prop_ed,2026-10-03,2026-10-03,NAU-Copycat,0,0,0,2.1742117707776668e-5,8.472577199771777e-5,1.626537428524507e-4,3.2315343232273394e-4,0,0,0,2.2e-5,8.5e-5,1.6e-4,3.2e-4,TRUE,FALSE,NAU,2026-09-30,Copycat
Idaho,ID,1,wk inc rsv prop ed visits,prop_ed,2026-10-03,2026-10-10,NAU-Copycat,0,0,0,4.136302952169698e-5,1.4316830148482264e-4,2.8002734831548303e-4,5.82882576250209e-4,0,0,0,4.1e-5,1.4e-4,2.8e-4,5.8e-4,TRUE,FALSE,NAU,2026-09-30,Copycat
Idaho,ID,2,wk inc rsv prop ed visits,prop_ed,2026-10-03,2026-10-17,NAU-Copycat,0,0,0,6.347367369115299e-5,2.0441579205955526e-4,4.751986970798185e-4,9.861532333044075e-4,0,0,0,6.3e-5,2e-4,4.8e-4,9.9e-4,TRUE,FALSE,NAU,2026-09-30,Copycat
Idaho,ID,0,wk inc rsv hosp,hosp,2026-10-03,2026-10-03,UGA_flucast-INFLAenza,0,0,0,1,2,3,4,0,0,0,1,2,3,4,TRUE,FALSE,UGA_flucast,2026-09-30,INFLAenza
Idaho,ID,1,wk inc rsv hosp,hosp,2026-10-03,2026-10-10,UGA_flucast-INFLAenza,0,0,0,1,2,3,4,0,0,0,1,2,3,4,TRUE,FALSE,UGA_flucast,2026-09-30,INFLAenza
Idaho,ID,2,wk inc rsv hosp,hosp,2026-10-03,2026-10-17,UGA_flucast-INFLAenza,0,0,0,1,2,3,5,0,0,0,1,2,3,5,TRUE,FALSE,UGA_flucast,2026-09-30,INFLAenza
Idaho,ID,0,wk inc rsv prop ed visits,prop_ed,2026-10-03,2026-10-03,UGA_flucast-INFLAenza,1.2577205184028381e-5,3.470153725354639e-5,7.431532325868472e-5,1.4601201583725517e-4,2.517478778462482e-4,3.7313012226643244e-4,5.690123608548219e-4,1.3e-5,3.5e-5,7.4e-5,1.5e-4,2.5e-4,3.7e-4,5.7e-4,TRUE,FALSE,UGA_flucast,2026-09-30,INFLAenza
Idaho,ID,1,wk inc rsv prop ed visits,prop_ed,2026-10-03,2026-10-10,UGA_flucast-INFLAenza,1.3372764115200265e-5,4.050642155380967e-5,8.51598319533735e-5,1.6210306800360576e-4,2.715279213841632e-4,4.1191259988837683e-4,6.056264327906802e-4,1.3e-5,4.1e-5,8.5e-5,1.6e-4,2.7e-4,4.1e-4,6.1e-4,TRUE,FALSE,UGA_flucast,2026-09-30,INFLAenza
Idaho,ID,2,wk inc rsv prop ed visits,prop_ed,2026-10-03,2026-10-17,UGA_flucast-INFLAenza,1.6899585588562126e-5,4.7123591616714314e-5,9.672710142617583e-5,1.8127461594702067e-4,3.0413925978012497e-4,4.468563383959223e-4,6.572043054645598e-4,1.7e-5,4.7e-5,9.7e-5,1.8e-4,3e-4,4.5e-4,6.6e-4,TRUE,FALSE,UGA_flucast,2026-09-30,INFLAenza
Idaho,ID,0,wk inc rsv hosp,hosp,2026-10-03,2026-10-03,RSVHub-ensemble,0.5,1.5,2.5,3.3452525993878903,4.305954246857201,6.649673486548117,8.283190727233887,1,2,3,3,4,7,8,FALSE,TRUE,RSVHub,2026-09-30,Ensemble using RSVHub forecast submissions
Idaho,ID,1,wk inc rsv hosp,hosp,2026-10-03,2026-10-10,RSVHub-ensemble,0.5,1,2.5,3.5774805298834114,4.769228464734212,7.645479817799062,11.823904226144744,1,1,3,4,5,8,10,FALSE,TRUE,RSVHub,2026-09-30,Ensemble using RSVHub forecast submissions
Idaho,ID,2,wk inc rsv hosp,hosp,2026-10-03,2026-10-17,RSVHub-ensemble,0.5,1,2.5,3.9558048248291016,6.8308860531260045,11.90564585449137,27.936609649658067,1,1,3,4,7,10,30,FALSE,TRUE,RSVHub,2026-09-30,Ensemble using RSVHub forecast submissions
Idaho,ID,0,wk inc rsv prop ed visits,prop_ed,2026-10-03,2026-10-03,RSVHub-ensemble,0,0,1.3922074727311525e-6,4.796454416605554e-5,7.946558851267666e-5,1.5521173113295286e-4,2.7381900942518466e-4,0,0,1.4e-6,4.8e-5,7.9e-5,1.6e-4,2.7e-4,FALSE,TRUE,RSVHub,2026-09-30,Ensemble using RSVHub forecast submissions
Idaho,ID,1,wk inc rsv prop ed visits,prop_ed,2026-10-03,2026-10-10,RSVHub-ensemble,0,0,7.737634489329361e-8,3.262928685754485e-5,1.0869826216497019e-4,2.1478409863707698e-4,4.3933209361717284e-4,0,0,7.7e-8,3.3e-5,1.1e-4,2.1e-4,4.4e-4,FALSE,TRUE,RSVHub,2026-09-30,Ensemble using RSVHub forecast submissions
Idaho,ID,2,wk inc rsv prop ed visits,prop_ed,2026-10-03,2026-10-17,RSVHub-ensemble,0,0,0,4.407861120315676e-5,1.394348202836028e-4,3.293099345688444e-4,5.120527368777758e-4,0,0,0,4.4e-5,1.4e-4,3.3e-4,5.1e-4,FALSE,TRUE,RSVHub,2026-09-30,Ensemble using RSVHub forecast submissions
Illinois,IL,0,wk inc rsv hosp,hosp,2026-10-03,2026-10-03,CEPH-Rtrend_rsv,2,7,9,13,20,24,33,2,7,9,10,20,20,30,TRUE,FALSE,CEPH Lab at Indiana University,2026-09-30,Rtrend RSV
Illinois,IL,1,wk inc rsv hosp,hosp,2026-10-03,2026-10-10,CEPH-Rtrend_rsv,2,4,9,13,20,27,38,2,4,9,10,20,30,40,TRUE,FALSE,CEPH Lab at Indiana University,2026-09-30,Rtrend RSV
Illinois,IL,2,wk inc rsv hosp,hosp,2026-10-03,2026-10-17,CEPH-Rtrend_rsv,1,4,7,13,22,31,49,1,4,7,10,20,30,50,TRUE,FALSE,CEPH Lab at Indiana University,2026-09-30,Rtrend RSV
Illinois,IL,0,wk inc rsv prop ed visits,prop_ed,2026-10-03,2026-10-03,CFA-NowcastAutoGP,1.2531368870774372e-4,1.5866796234745002e-4,1.8904780470968134e-4,2.335985567611649e-4,2.8830204198178675e-4,3.469875166557279e-4,4.297048089403551e-4,1.3e-4,1.6e-4,1.9e-4,2.3e-4,2.9e-4,3.5e-4,4.3e-4,TRUE,FALSE,Center for Forecasting and Outbreak Analytics (CDC/CFA),2026-09-30,NowcastAutoGP
Illinois,IL,1,wk inc rsv prop ed visits,prop_ed,2026-10-03,2026-10-10,CFA-NowcastAutoGP,1.1252995995670957e-4,1.5045037429905415e-4,1.8808666218711923e-4,2.3839888501597998e-4,3.0586888392039585e-4,3.851252412035266e-4,5.019310803513172e-4,1.1e-4,1.5e-4,1.9e-4,2.4e-4,3.1e-4,3.9e-4,5e-4,TRUE,FALSE,Center for Forecasting and Outbreak Analytics (CDC/CFA),2026-09-30,NowcastAutoGP
Illinois,IL,2,wk inc rsv prop ed visits,prop_ed,2026-10-03,2026-10-17,CFA-NowcastAutoGP,1.052064963375958e-4,1.433471567492711e-4,1.875096917287654e-4,2.489863230881838e-4,3.326169494966533e-4,4.351700138033095e-4,5.985514137948928e-4,1.1e-4,1.4e-4,1.9e-4,2.5e-4,3.3e-4,4.4e-4,6e-4,TRUE,FALSE,Center for Forecasting and Outbreak Analytics (CDC/CFA),2026-09-30,NowcastAutoGP
Illinois,IL,0,wk inc rsv prop ed visits,prop_ed,2026-10-03,2026-10-03,CFA-PyRenew_E,8.908061826471179e-5,1.2568616199516353e-4,1.5817748271056646e-4,2.042786689340582e-4,2.5602088238233753e-4,3.143297675327003e-4,3.788211145319037e-4,8.9e-5,1.3e-4,1.6e-4,2e-4,2.6e-4,3.1e-4,3.8e-4,TRUE,FALSE,Center for Forecasting and Outbreak Analytics (CDC/CFA),2026-09-30,PyRenew-E
Illinois,IL,1,wk inc rsv prop ed visits,prop_ed,2026-10-03,2026-10-10,CFA-PyRenew_E,7.716184016747041e-5,1.0873256821395332e-4,1.4963791855694296e-4,2.0608070014667656e-4,2.8395608415872624e-4,3.670987331733608e-4,4.8705558166241687e-4,7.7e-5,1.1e-4,1.5e-4,2.1e-4,2.8e-4,3.7e-4,4.9e-4,TRUE,FALSE,Center for Forecasting and Outbreak Analytics (CDC/CFA),2026-09-30,PyRenew-E
Illinois,IL,2,wk inc rsv prop ed visits,prop_ed,2026-10-03,2026-10-17,CFA-PyRenew_E,4.8491237914549254e-5,8.781565419481614e-5,1.3414258041630057e-4,2.1037235876094414e-4,3.172070871680196e-4,4.5767556293456013e-4,6.871965032240107e-4,4.8e-5,8.8e-5,1.3e-4,2.1e-4,3.2e-4,4.6e-4,6.9e-4,TRUE,FALSE,Center for Forecasting and Outbreak Analytics (CDC/CFA),2026-09-30,PyRenew-E
Illinois,IL,0,wk inc rsv hosp,hosp,2026-10-03,2026-10-03,CFA-PyRenew_H,2,3,5,8,12,15,22,2,3,5,8,10,20,20,FALSE,FALSE,Center for Forecasting and Outbreak Analytics (CDC/CFA),2026-09-30,PyRenew-H
Illinois,IL,1,wk inc rsv hosp,hosp,2026-10-03,2026-10-10,CFA-PyRenew_H,1,3,6,10,15,23,35,1,3,6,10,20,20,40,FALSE,FALSE,Center for Forecasting and Outbreak Analytics (CDC/CFA),2026-09-30,PyRenew-H
Illinois,IL,2,wk inc rsv hosp,hosp,2026-10-03,2026-10-17,CFA-PyRenew_H,1,3,6,11,20,37,66,1,3,6,10,20,40,70,FALSE,FALSE,Center for Forecasting and Outbreak Analytics (CDC/CFA),2026-09-30,PyRenew-H
Illinois,IL,0,wk inc rsv hosp,hosp,2026-10-03,2026-10-03,CFA-PyRenew_HE,2,3,5,7,9,11,15,2,3,5,7,9,10,20,TRUE,FALSE,Center for Forecasting and Outbreak Analytics (CDC/CFA),2026-09-30,PyRenew-HE
Illinois,IL,1,wk inc rsv hosp,hosp,2026-10-03,2026-10-10,CFA-PyRenew_HE,2,3,5,7,10,13,18,2,3,5,7,10,10,20,TRUE,FALSE,Center for Forecasting and Outbreak Analytics (CDC/CFA),2026-09-30,PyRenew-HE
Illinois,IL,2,wk inc rsv hosp,hosp,2026-10-03,2026-10-17,CFA-PyRenew_HE,1,3,5,7,11,16,24,1,3,5,7,10,20,20,TRUE,FALSE,Center for Forecasting and Outbreak Analytics (CDC/CFA),2026-09-30,PyRenew-HE
Illinois,IL,0,wk inc rsv prop ed visits,prop_ed,2026-10-03,2026-10-03,CFA-PyRenew_HE,9.595428096779507e-5,1.347422561237857e-4,1.6593854172574756e-4,2.0583946424793646e-4,2.538954317480777e-4,3.0352210217165007e-4,3.6265576289415267e-4,9.6e-5,1.3e-4,1.7e-4,2.1e-4,2.5e-4,3e-4,3.6e-4,FALSE,FALSE,Center for Forecasting and Outbreak Analytics (CDC/CFA),2026-09-30,PyRenew-HE
Illinois,IL,1,wk inc rsv prop ed visits,prop_ed,2026-10-03,2026-10-10,CFA-PyRenew_HE,8.359512312259047e-5,1.1638679214332318e-4,1.5713698943107323e-4,2.1613387660602637e-4,2.8268157450321655e-4,3.566175267566789e-4,4.8598373094362653e-4,8.4e-5,1.2e-4,1.6e-4,2.2e-4,2.8e-4,3.6e-4,4.9e-4,FALSE,FALSE,Center for Forecasting and Outbreak Analytics (CDC/CFA),2026-09-30,PyRenew-HE
Illinois,IL,2,wk inc rsv prop ed visits,prop_ed,2026-10-03,2026-10-17,CFA-PyRenew_HE,5.8557088897797545e-5,9.75315484586494e-5,1.4617926157950762e-4,2.2100784177511685e-4,3.22420845497414e-4,4.579618251944966e-4,6.803065397884157e-4,5.9e-5,9.8e-5,1.5e-4,2.2e-4,3.2e-4,4.6e-4,6.8e-4,FALSE,FALSE,Center for Forecasting and Outbreak Analytics (CDC/CFA),2026-09-30,PyRenew-HE
Illinois,IL,0,wk inc rsv hosp,hosp,2026-10-03,2026-10-03,NAU-epymorph,0,0,3,7,13,19,32,0,0,3,7,10,20,30,TRUE,FALSE,Northern Arizona University,2026-09-30,epymorph RSV compartmental model
Illinois,IL,1,wk inc rsv hosp,hosp,2026-10-03,2026-10-10,NAU-epymorph,0,0,3,8,17,30,56,0,0,3,8,20,30,60,TRUE,FALSE,Northern Arizona University,2026-09-30,epymorph RSV compartmental model
Illinois,IL,2,wk inc rsv hosp,hosp,2026-10-03,2026-10-17,NAU-epymorph,0,0,3,10,21,45,91,0,0,3,10,20,50,90,TRUE,FALSE,Northern Arizona University,2026-09-30,epymorph RSV compartmental model
Illinois,IL,0,wk inc rsv hosp,hosp,2026-10-03,2026-10-03,RSVHub-baseline,0,0,1,5,9,34.099999999999966,84.72499999999964,0,0,1,5,9,30,80,FALSE,FALSE,RSVHub-hub-models,2026-09-30,RSVHub baseline model
Illinois,IL,1,wk inc rsv hosp,hosp,2026-10-03,2026-10-10,RSVHub-baseline,0,0,0,5,21.477674776747754,59.43903439034398,118.83444334443317,0,0,0,5,20,60,120,FALSE,FALSE,RSVHub-hub-models,2026-09-30,RSVHub baseline model
Illinois,IL,2,wk inc rsv hosp,hosp,2026-10-03,2026-10-17,RSVHub-baseline,0,0,0,5,31.238122381223803,74.6650236502366,142.0009630096303,0,0,0,5,30,70,140,FALSE,FALSE,RSVHub-hub-models,2026-09-30,RSVHub baseline model
Illinois,IL,0,wk inc rsv prop ed visits,prop_ed,2026-10-03,2026-10-03,RSVHub-baseline,0,0,9.486769009248164e-19,2e-4,3.999999999999991e-4,0.0011000000000000012,0.002724999999999997,0,0,9.5e-19,2e-4,4e-4,0.0011,0.0027,FALSE,FALSE,RSVHub-hub-models,2026-09-30,RSVHub baseline model
Illinois,IL,1,wk inc rsv prop ed visits,prop_ed,2026-10-03,2026-10-10,RSVHub-baseline,0,0,0,2e-4,7.996027460274597e-4,0.002014241742417424,0.003458437909379091,0,0,0,2e-4,8e-4,0.002,0.0035,FALSE,FALSE,RSVHub-hub-models,2026-09-30,RSVHub baseline model
Illinois,IL,2,wk inc rsv prop ed visits,prop_ed,2026-10-03,2026-10-17,RSVHub-baseline,0,0,0,2e-4,0.0010000000000000005,0.0023525519255192607,0.004082670851708508,0,0,0,2e-4,0.001,0.0024,0.0041,FALSE,FALSE,RSVHub-hub-models,2026-09-30,RSVHub baseline model
Illinois,IL,0,wk inc rsv hosp,hosp,2026-10-03,2026-10-03,docxology-timesfm,5.7320318715478,7.370765723618406,7.716469936392154,8.811185308147577,12.786001328546572,23.877879765372917,38.44021027352157,6,7,8,9,10,20,40,TRUE,FALSE,docxology,2026-09-30,docxology timesfm
Illinois,IL,1,wk inc rsv hosp,hosp,2026-10-03,2026-10-10,docxology-timesfm,2.084276216614211,2.6889970491517508,4.82323252413466,6.173875536726175,8.352864488383359,11.23058058040089,14.488367951711835,2,3,5,6,8,10,10,TRUE,FALSE,docxology,2026-09-30,docxology timesfm
Illinois,IL,2,wk inc rsv hosp,hosp,2026-10-03,2026-10-17,docxology-timesfm,3.764750454967374,4.676382887665623,6.706817759190061,9.541799436030786,13.693356775169859,19.202542804709488,23.780551344894192,4,5,7,10,10,20,20,TRUE,FALSE,docxology,2026-09-30,docxology timesfm
Illinois,IL,0,wk inc rsv hosp,hosp,2026-10-03,2026-10-03,NAU-Copycat,1,2,4,7,11,19,32,1,2,4,7,10,20,30,TRUE,FALSE,NAU,2026-09-30,Copycat
Illinois,IL,1,wk inc rsv hosp,hosp,2026-10-03,2026-10-10,NAU-Copycat,0.9750000000000014,2,4,8,16,27,54.02499999999998,1,2,4,8,20,30,50,TRUE,FALSE,NAU,2026-09-30,Copycat
Illinois,IL,2,wk inc rsv hosp,hosp,2026-10-03,2026-10-17,NAU-Copycat,0,2,4,9,19,36,78.02499999999998,0,2,4,9,20,40,80,TRUE,FALSE,NAU,2026-09-30,Copycat
Illinois,IL,0,wk inc rsv prop ed visits,prop_ed,2026-10-03,2026-10-03,NAU-Copycat,7.05273560070947e-5,1.710886885882242e-4,2.4234404600712007e-4,3.324409802229868e-4,4.249203870785246e-4,4.857751658994177e-4,5.981271875764729e-4,7.1e-5,1.7e-4,2.4e-4,3.3e-4,4.2e-4,4.9e-4,6e-4,TRUE,FALSE,NAU,2026-09-30,Copycat
Illinois,IL,1,wk inc rsv prop ed visits,prop_ed,2026-10-03,2026-10-10,NAU-Copycat,9.733675863380753e-5,2.1928945622108598e-4,2.698455954418846e-4,4.000967896390309e-4,5.058408572647748e-4,6.172279288827744e-4,7.279562120179069e-4,9.7e-5,2.2e-4,2.7e-4,4e-4,5.1e-4,6.2e-4,7.3e-4,TRUE,FALSE,NAU,2026-09-30,Copycat
Illinois,IL,2,wk inc rsv prop ed visits,prop_ed,2026-10-03,2026-10-17,NAU-Copycat,1.978233974782482e-4,2.4350389179860908e-4,3.4183272020399445e-4,4.646297101017349e-4,6.761065759036862e-4,8.895536230547154e-4,0.0010849014105024273,2e-4,2.4e-4,3.4e-4,4.6e-4,6.8e-4,8.9e-4,0.0011,TRUE,FALSE,NAU,2026-09-30,Copycat
Illinois,IL,0,wk inc rsv hosp,hosp,2026-10-03,2026-10-03,UGA_flucast-INFLAenza,2,4,5,8,10,13,17,2,4,5,8,10,10,20,TRUE,FALSE,UGA_flucast,2026-09-30,INFLAenza
Illinois,IL,1,wk inc rsv hosp,hosp,2026-10-03,2026-10-10,UGA_flucast-INFLAenza,3,5,7,9,13,16,21,3,5,7,9,10,20,20,TRUE,FALSE,UGA_flucast,2026-09-30,INFLAenza
Illinois,IL,2,wk inc rsv hosp,hosp,2026-10-03,2026-10-17,UGA_flucast-INFLAenza,3,5,8,11,15,20,27,3,5,8,10,20,20,30,TRUE,FALSE,UGA_flucast,2026-09-30,INFLAenza
Illinois,IL,0,wk inc rsv prop ed visits,prop_ed,2026-10-03,2026-10-03,UGA_flucast-INFLAenza,5.3710860835600284e-5,1.0519790070610024e-4,1.750497636315057e-4,2.8630870929013697e-4,4.4107593854607666e-4,6.003782918646118e-4,8.358728299086866e-4,5.4e-5,1.1e-4,1.8e-4,2.9e-4,4.4e-4,6e-4,8.4e-4,TRUE,FALSE,UGA_flucast,2026-09-30,INFLAenza
Illinois,IL,1,wk inc rsv prop ed visits,prop_ed,2026-10-03,2026-10-10,UGA_flucast-INFLAenza,6.471121030101259e-5,1.258025918480308e-4,2.0573459823681887e-4,3.3343493229789694e-4,4.8743793123942695e-4,6.752297362774493e-4,9.340978968353667e-4,6.5e-5,1.3e-4,2.1e-4,3.3e-4,4.9e-4,6.8e-4,0.00093000000000000005,TRUE,FALSE,UGA_flucast,2026-09-30,INFLAenza
Illinois,IL,2,wk inc rsv prop ed visits,prop_ed,2026-10-03,2026-10-17,UGA_flucast-INFLAenza,8.096350343136562e-5,1.5580696746087054e-4,2.5595216767892217e-4,4.026251517244195e-4,5.885818914832619e-4,8.084621216251227e-4,0.0011008734046993032,8.1e-5,1.6e-4,2.6e-4,4e-4,5.9e-4,8.1e-4,0.0011,TRUE,FALSE,UGA_flucast,2026-09-30,INFLAenza
Illinois,IL,0,wk inc rsv hosp,hosp,2026-10-03,2026-10-03,RSVHub-ensemble,2,3.5,5,7.5,11.893000664273286,19,32,2,4,5,8,10,20,30,FALSE,TRUE,RSVHub,2026-09-30,Ensemble using RSVHub forecast submissions
Illinois,IL,1,wk inc rsv hosp,hosp,2026-10-03,2026-10-10,RSVHub-ensemble,2,2.8444985245758754,4.91161626206733,8,14.5,21.5,29.5,2,3,5,8,10,20,30,FALSE,TRUE,RSVHub,2026-09-30,Ensemble using RSVHub forecast submissions
Illinois,IL,2,wk inc rsv hosp,hosp,2026-10-03,2026-10-17,RSVHub-ensemble,1,3.5,5.8534088795950305,9.770899718015393,17,25.5,38,1,4,6,10,20,30,40,FALSE,TRUE,RSVHub,2026-09-30,Ensemble using RSVHub forecast submissions
Illinois,IL,0,wk inc rsv prop ed visits,prop_ed,2026-10-03,2026-10-03,RSVHub-ensemble,7.980398713590325e-5,1.421770621713068e-4,1.820487841705935e-4,2.5995363302565094e-4,3.5661121453015563e-4,4.163813412775728e-4,5.13915998258414e-4,8e-5,1.4e-4,1.8e-4,2.6e-4,3.6e-4,4.2e-4,5.1e-4,FALSE,TRUE,RSVHub,2026-09-30,Ensemble using RSVHub forecast submissions
Illinois,IL,1,wk inc rsv prop ed visits,prop_ed,2026-10-03,2026-10-10,RSVHub-ensemble,8.724929940063897e-5,1.3812648307354246e-4,1.9691063021196905e-4,2.859169086569385e-4,3.966534075799114e-4,5.011765850431505e-4,6.149436461846121e-4,8.7e-5,1.4e-4,2e-4,2.9e-4,4e-4,5e-4,6.1e-4,FALSE,TRUE,RSVHub,2026-09-30,Ensemble using RSVHub forecast submissions
Illinois,IL,2,wk inc rsv prop ed visits,prop_ed,2026-10-03,2026-10-17,RSVHub-ensemble,9.308499988448072e-5,1.4957706210507084e-4,2.2173092970384378e-4,3.2580573740630163e-4,4.605994204899576e-4,6.330688422798414e-4,8.86048956863219e-4,9.3e-5,1.5e-4,2.2e-4,3.3e-4,4.6e-4,6.3e-4,8.9e-4,FALSE,TRUE,RSVHub,2026-09-30,Ensemble using RSVHub forecast submissions
Indiana,IN,0,wk inc rsv hosp,hosp,2026-10-03,2026-10-03,CEPH-Rtrend_rsv,1,1,1,2,4,5,7,1,1,1,2,4,5,7,TRUE,FALSE,CEPH Lab at Indiana University,2026-09-30,Rtrend RSV
Indiana,IN,1,wk inc rsv hosp,hosp,2026-10-03,2026-10-10,CEPH-Rtrend_rsv,0,1,1,2,4,6,10,0,1,1,2,4,6,10,TRUE,FALSE,CEPH Lab at Indiana University,2026-09-30,Rtrend RSV
Indiana,IN,2,wk inc rsv hosp,hosp,2026-10-03,2026-10-17,CEPH-Rtrend_rsv,0,0,1,2,4,8,16,0,0,1,2,4,8,20,TRUE,FALSE,CEPH Lab at Indiana University,2026-09-30,Rtrend RSV
Indiana,IN,0,wk inc rsv prop ed visits,prop_ed,2026-10-03,2026-10-03,CFA-NowcastAutoGP,1.2238213734978468e-4,1.6265083143457112e-4,2.0786711591038885e-4,2.8055519076671984e-4,3.7349877355068585e-4,4.807439297624873e-4,6.600143781887398e-4,1.2e-4,1.6e-4,2.1e-4,2.8e-4,3.7e-4,4.8e-4,6.6e-4,TRUE,FALSE,Center for Forecasting and Outbreak Analytics (CDC/CFA),2026-09-30,NowcastAutoGP
Indiana,IN,1,wk inc rsv prop ed visits,prop_ed,2026-10-03,2026-10-10,CFA-NowcastAutoGP,1.2305250398824994e-4,1.7176932723259289e-4,2.2861091700071174e-4,3.1446993584937114e-4,4.485315559662231e-4,6.100820039038133e-4,8.508496765589544e-4,1.2e-4,1.7e-4,2.3e-4,3.1e-4,4.5e-4,6.1e-4,8.5e-4,TRUE,FALSE,Center for Forecasting and Outbreak Analytics (CDC/CFA),2026-09-30,NowcastAutoGP
Indiana,IN,2,wk inc rsv prop ed visits,prop_ed,2026-10-03,2026-10-17,CFA-NowcastAutoGP,1.217940451508972e-4,1.755579284962494e-4,2.473145025926852e-4,3.5462243229017725e-4,5.143403151332667e-4,7.540587411738174e-4,0.001122805528792989,1.2e-4,1.8e-4,2.5e-4,3.5e-4,5.1e-4,7.5e-4,0.0011,TRUE,FALSE,Center for Forecasting and Outbreak Analytics (CDC/CFA),2026-09-30,NowcastAutoGP
Indiana,IN,0,wk inc rsv prop ed visits,prop_ed,2026-10-03,2026-10-03,CFA-PyRenew_E,1.4634634568293846e-4,2.1122594707693486e-4,2.791716485584137e-4,3.719596050327781e-4,4.7401728289102514e-4,5.748969003601014e-4,7.041605633286436e-4,1.5e-4,2.1e-4,2.8e-4,3.7e-4,4.7e-4,5.7e-4,7e-4,TRUE,FALSE,Center for Forecasting and Outbreak Analytics (CDC/CFA),2026-09-30,PyRenew-E
Indiana,IN,1,wk inc rsv prop ed visits,prop_ed,2026-10-03,2026-10-10,CFA-PyRenew_E,1.6294877016320385e-4,2.512818188593277e-4,3.4471123910686174e-4,4.8140499168127025e-4,6.485340613219746e-4,8.684507748337423e-4,0.001216602308419043,1.6e-4,2.5e-4,3.4e-4,4.8e-4,6.5e-4,8.7e-4,0.0012,TRUE,FALSE,Center for Forecasting and Outbreak Analytics (CDC/CFA),2026-09-30,PyRenew-E
Indiana,IN,2,wk inc rsv prop ed visits,prop_ed,2026-10-03,2026-10-17,CFA-PyRenew_E,1.6679405191237308e-4,2.667589056228222e-4,4.01380845150924e-4,6.14175380779224e-4,9.462369299146614e-4,0.0014083102620723166,0.0022162861462384597,1.7e-4,2.7e-4,4e-4,6.1e-4,9.5e-4,0.0014,0.0022,TRUE,FALSE,Center for Forecasting and Outbreak Analytics (CDC/CFA),2026-09-30,PyRenew-E
Indiana,IN,0,wk inc rsv hosp,hosp,2026-10-03,2026-10-03,CFA-PyRenew_H,0,0,1,2,4,5,8,0,0,1,2,4,5,8,FALSE,FALSE,Center for Forecasting and Outbreak Analytics (CDC/CFA),2026-09-30,PyRenew-H
Indiana,IN,1,wk inc rsv hosp,hosp,2026-10-03,2026-10-10,CFA-PyRenew_H,0,0,1,2,4,6,11,0,0,1,2,4,6,10,FALSE,FALSE,Center for Forecasting and Outbreak Analytics (CDC/CFA),2026-09-30,PyRenew-H
Indiana,IN,2,wk inc rsv hosp,hosp,2026-10-03,2026-10-17,CFA-PyRenew_H,0,0,1,2,4,8,15,0,0,1,2,4,8,20,FALSE,FALSE,Center for Forecasting and Outbreak Analytics (CDC/CFA),2026-09-30,PyRenew-H
Indiana,IN,0,wk inc rsv hosp,hosp,2026-10-03,2026-10-03,CFA-PyRenew_HE,2,3,5,7,9,12,15,2,3,5,7,9,10,20,TRUE,FALSE,Center for Forecasting and Outbreak Analytics (CDC/CFA),2026-09-30,PyRenew-HE
Indiana,IN,1,wk inc rsv hosp,hosp,2026-10-03,2026-10-10,CFA-PyRenew_HE,2,3,5.75,8,12,17,23.024999999999864,2,3,6,8,10,20,20,TRUE,FALSE,Center for Forecasting and Outbreak Analytics (CDC/CFA),2026-09-30,PyRenew-HE
Indiana,IN,2,wk inc rsv hosp,hosp,2026-10-03,2026-10-17,CFA-PyRenew_HE,2,4,6,10,16,25.100000000000136,45,2,4,6,10,20,30,50,TRUE,FALSE,Center for Forecasting and Outbreak Analytics (CDC/CFA),2026-09-30,PyRenew-HE
Indiana,IN,0,wk inc rsv prop ed visits,prop_ed,2026-10-03,2026-10-03,CFA-PyRenew_HE,1.0896789475095329e-4,1.6557176431773136e-4,2.1196896520801387e-4,2.865879775090492e-4,3.6488473573190866e-4,4.502029572602745e-4,5.421207180253039e-4,1.1e-4,1.7e-4,2.1e-4,2.9e-4,3.6e-4,4.5e-4,5.4e-4,FALSE,FALSE,Center for Forecasting and Outbreak Analytics (CDC/CFA),2026-09-30,PyRenew-HE
Indiana,IN,1,wk inc rsv prop ed visits,prop_ed,2026-10-03,2026-10-10,CFA-PyRenew_HE,1.228706051812147e-4,1.821995043985943e-4,2.5542484790692043e-4,3.5903058490663586e-4,4.903484335804522e-4,6.433082933095049e-4,8.518513428657839e-4,1.2e-4,1.8e-4,2.6e-4,3.6e-4,4.9e-4,6.4e-4,8.5e-4,FALSE,FALSE,Center for Forecasting and Outbreak Analytics (CDC/CFA),2026-09-30,PyRenew-HE
Indiana,IN,2,wk inc rsv prop ed visits,prop_ed,2026-10-03,2026-10-17,CFA-PyRenew_HE,1.0400273450367339e-4,1.8683859163209806e-4,2.78827888844398e-4,4.405221797835077e-4,6.763617605575436e-4,0.00100465631980703,0.0016173753526276635,1e-4,1.9e-4,2.8e-4,4.4e-4,6.8e-4,0.001,0.0016,FALSE,FALSE,Center for Forecasting and Outbreak Analytics (CDC/CFA),2026-09-30,PyRenew-HE
Indiana,IN,0,wk inc rsv hosp,hosp,2026-10-03,2026-10-03,NAU-epymorph,0,0,1,2,5,7,13,0,0,1,2,5,7,10,TRUE,FALSE,Northern Arizona University,2026-09-30,epymorph RSV compartmental model
Indiana,IN,1,wk inc rsv hosp,hosp,2026-10-03,2026-10-10,NAU-epymorph,0,0,0,3,6,10,19,0,0,0,3,6,10,20,TRUE,FALSE,Northern Arizona University,2026-09-30,epymorph RSV compartmental model
Indiana,IN,2,wk inc rsv hosp,hosp,2026-10-03,2026-10-17,NAU-epymorph,0,0,1,3,7,14,29,0,0,1,3,7,10,30,TRUE,FALSE,Northern Arizona University,2026-09-30,epymorph RSV compartmental model
Indiana,IN,0,wk inc rsv hosp,hosp,2026-10-03,2026-10-03,RSVHub-baseline,0,0,0,2,4,15,50.37499999999973,0,0,0,2,4,20,50,FALSE,FALSE,RSVHub-hub-models,2026-09-30,RSVHub baseline model
Indiana,IN,1,wk inc rsv hosp,hosp,2026-10-03,2026-10-10,RSVHub-baseline,0,0,0,2,10.165806658066572,31.165501655016705,70.04617296172964,0,0,0,2,10,30,70,FALSE,FALSE,RSVHub-hub-models,2026-09-30,RSVHub baseline model
Indiana,IN,2,wk inc rsv hosp,hosp,2026-10-03,2026-10-17,RSVHub-baseline,0,0,0,2,14,40.14220442204426,86.76305688056857,0,0,0,2,10,40,90,FALSE,FALSE,RSVHub-hub-models,2026-09-30,RSVHub baseline model
Indiana,IN,0,wk inc rsv prop ed visits,prop_ed,2026-10-03,2026-10-03,RSVHub-baseline,0,0,1.749999999999997e-4,3e-4,4.249999999999984e-4,9.999999999999996e-4,0.0022000000000000006,0,0,1.8e-4,3e-4,4.3e-4,0.001,0.0022,FALSE,FALSE,RSVHub-hub-models,2026-09-30,RSVHub baseline model
Indiana,IN,1,wk inc rsv prop ed visits,prop_ed,2026-10-03,2026-10-10,RSVHub-baseline,0,0,5.421010862427522e-20,3e-4,7.000000000000001e-4,0.0015403590035900382,0.0030000000000000005,0,0,5.4e-20,3e-4,7e-4,0.0015,0.003,FALSE,FALSE,RSVHub-hub-models,2026-09-30,RSVHub baseline model
Indiana,IN,2,wk inc rsv prop ed visits,prop_ed,2026-10-03,2026-10-17,RSVHub-baseline,0,0,0,3e-4,9.751617516175126e-4,0.0019530587305873046,0.0033512369123691187,0,0,0,3e-4,9.8e-4,0.002,0.0034,FALSE,FALSE,RSVHub-hub-models,2026-09-30,RSVHub baseline model
Indiana,IN,0,wk inc rsv hosp,hosp,2026-10-03,2026-10-03,docxology-timesfm,0.7773619630181305,1.228673870707234,1.6532664298330495,2.0898781637771737,2.7380439499312046,3.3251234293704997,5.281958678586092,1,1,2,2,3,3,5,TRUE,FALSE,docxology,2026-09-30,docxology timesfm
Indiana,IN,1,wk inc rsv hosp,hosp,2026-10-03,2026-10-10,docxology-timesfm,0.1978829720709469,0.5194907489218012,1.0105798107607855,1.6655243744981663,2.3064679877546923,2.45338432606388,4.0400790065981,0,1,1,2,2,2,4,TRUE,FALSE,docxology,2026-09-30,docxology timesfm
Indiana,IN,2,wk inc rsv hosp,hosp,2026-10-03,2026-10-17,docxology-timesfm,0.8656437904296332,1.5385143115554176,2.4174709952102322,4.168897969008249,4.815702341015781,6.163760903437588,7.2046080631956615,1,2,2,4,5,6,7,TRUE,FALSE,docxology,2026-09-30,docxology timesfm
Indiana,IN,0,wk inc rsv hosp,hosp,2026-10-03,2026-10-03,NAU-Copycat,0,0,1,3,5,8,16,0,0,1,3,5,8,20,TRUE,FALSE,NAU,2026-09-30,Copycat
Indiana,IN,1,wk inc rsv hosp,hosp,2026-10-03,2026-10-10,NAU-Copycat,0,0,1,3,6,12,23,0,0,1,3,6,10,20,TRUE,FALSE,NAU,2026-09-30,Copycat
Indiana,IN,2,wk inc rsv hosp,hosp,2026-10-03,2026-10-17,NAU-Copycat,0,0,1,3,9,17,33,0,0,1,3,9,20,30,TRUE,FALSE,NAU,2026-09-30,Copycat
Indiana,IN,0,wk inc rsv prop ed visits,prop_ed,2026-10-03,2026-10-03,NAU-Copycat,8.416827861617715e-5,1.9932279086607577e-4,2.8743476145429647e-4,3.794894502762606e-4,4.859894336681926e-4,5.98795170027097e-4,7.992035506212117e-4,8.4e-5,2e-4,2.9e-4,3.8e-4,4.9e-4,6e-4,8e-4,TRUE,FALSE,NAU,2026-09-30,Copycat
Indiana,IN,1,wk inc rsv prop ed visits,prop_ed,2026-10-03,2026-10-10,NAU-Copycat,8.703297618689735e-5,2.1648598545303188e-4,3.4383562159228824e-4,4.825148774824504e-4,6.333651842434383e-4,7.949310156233089e-4,0.0010353272748700746,8.7e-5,2.2e-4,3.4e-4,4.8e-4,6.3e-4,7.9e-4,0.001,TRUE,FALSE,NAU,2026-09-30,Copycat
Indiana,IN,2,wk inc rsv prop ed visits,prop_ed,2026-10-03,2026-10-17,NAU-Copycat,1.6208599165870127e-4,2.781149695746219e-4,4.2973882673388126e-4,6.206191720510052e-4,8.654758900422851e-4,0.001143807510887573,0.001458240355863545,1.6e-4,2.8e-4,4.3e-4,6.2e-4,8.7e-4,0.0011,0.0015,TRUE,FALSE,NAU,2026-09-30,Copycat
Indiana,IN,0,wk inc rsv hosp,hosp,2026-10-03,2026-10-03,UGA_flucast-INFLAenza,0,1,2,3,5,7,9,0,1,2,3,5,7,9,TRUE,FALSE,UGA_flucast,2026-09-30,INFLAenza
Indiana,IN,1,wk inc rsv hosp,hosp,2026-10-03,2026-10-10,UGA_flucast-INFLAenza,0,1,3,4,6,8,11,0,1,3,4,6,8,10,TRUE,FALSE,UGA_flucast,2026-09-30,INFLAenza
Indiana,IN,2,wk inc rsv hosp,hosp,2026-10-03,2026-10-17,UGA_flucast-INFLAenza,1,2,3,5,7,10,14,1,2,3,5,7,10,10,TRUE,FALSE,UGA_flucast,2026-09-30,INFLAenza
Indiana,IN,0,wk inc rsv prop ed visits,prop_ed,2026-10-03,2026-10-03,UGA_flucast-INFLAenza,4.01266258895311e-5,9.043710930288627e-5,1.597613011530106e-4,2.659685295537215e-4,4.0821389218004885e-4,5.6983185088565e-4,8.117999111899262e-4,4e-5,9e-5,1.6e-4,2.7e-4,4.1e-4,5.7e-4,8.1e-4,TRUE,FALSE,UGA_flucast,2026-09-30,INFLAenza
Indiana,IN,1,wk inc rsv prop ed visits,prop_ed,2026-10-03,2026-10-10,UGA_flucast-INFLAenza,4.8265723958428856e-5,1.0507156429365127e-4,1.8195299191977183e-4,3.0113357861098386e-4,4.764678061177748e-4,6.709300250498755e-4,9.141473380481717e-4,4.8e-5,1.1e-4,1.8e-4,3e-4,4.8e-4,6.7e-4,9.1e-4,TRUE,FALSE,UGA_flucast,2026-09-30,INFLAenza
Indiana,IN,2,wk inc rsv prop ed visits,prop_ed,2026-10-03,2026-10-17,UGA_flucast-INFLAenza,6.917131495584922e-5,1.3274431518656358e-4,2.2623855537713783e-4,3.621615120062311e-4,5.501189760552521e-4,7.474587349888089e-4,0.0010201361866912049,6.9e-5,1.3e-4,2.3e-4,3.6e-4,5.5e-4,7.5e-4,0.001,TRUE,FALSE,UGA_flucast,2026-09-30,INFLAenza
Indiana,IN,0,wk inc rsv hosp,hosp,2026-10-03,2026-10-03,RSVHub-ensemble,0.38868098150906527,1,1.3266332149165248,2.544939081888587,5,7,11,0,1,1,3,5,7,10,FALSE,TRUE,RSVHub,2026-09-30,Ensemble using RSVHub forecast submissions
Indiana,IN,1,wk inc rsv hosp,hosp,2026-10-03,2026-10-10,RSVHub-ensemble,0,0.7597453744609006,1.0052899053803928,3,6,9,15,0,1,1,3,6,9,20,FALSE,TRUE,RSVHub,2026-09-30,Ensemble using RSVHub forecast submissions
Indiana,IN,2,wk inc rsv hosp,hosp,2026-10-03,2026-10-17,RSVHub-ensemble,0.4328218952148166,0.7692571557777088,1.7087354976051161,3.5844489845041245,7,12,22.5,0,1,2,4,7,10,20,FALSE,TRUE,RSVHub,2026-09-30,Ensemble using RSVHub forecast submissions
Indiana,IN,0,wk inc rsv prop ed visits,prop_ed,2026-10-03,2026-10-03,RSVHub-ensemble,1.0327520798298091e-4,1.8098681115032346e-4,2.435193822344013e-4,3.26257397899749e-4,4.41115587535537e-4,5.723643756228758e-4,7.516820569749276e-4,1e-4,1.8e-4,2.4e-4,3.3e-4,4.4e-4,5.7e-4,7.5e-4,FALSE,TRUE,RSVHub,2026-09-30,Ensemble using RSVHub forecast submissions
Indiana,IN,1,wk inc rsv prop ed visits,prop_ed,2026-10-03,2026-10-10,RSVHub-ensemble,1.0504274008757365e-4,1.941276563428124e-4,2.862232692965e-4,3.979374637653207e-4,5.549164951806065e-4,7.329305203365922e-4,9.747373064591231e-4,1.1e-4,1.9e-4,2.9e-4,4e-4,5.5e-4,7.3e-4,9.7e-4,FALSE,TRUE,RSVHub,2026-09-30,Ensemble using RSVHub forecast submissions
Indiana,IN,2,wk inc rsv prop ed visits,prop_ed,2026-10-03,2026-10-17,RSVHub-ensemble,1.4194001840479924e-4,2.211584170595358e-4,3.243476738718046e-4,4.8816844639272756e-4,7.077974330487685e-4,9.489331260306952e-4,0.001290522942328267,1.4e-4,2.2e-4,3.2e-4,4.9e-4,7.1e-4,9.5e-4,0.0013,FALSE,TRUE,RSVHub,2026-09-30,Ensemble using RSVHub forecast submissions
Iowa,IA,0,wk inc rsv hosp,hosp,2026-10-03,2026-10-03,CEPH-Rtrend_rsv,1,3,5,7,10,12,17,1,3,5,7,10,10,20,TRUE,FALSE,CEPH Lab at Indiana University,2026-09-30,Rtrend RSV
Iowa,IA,1,wk inc rsv hosp,hosp,2026-10-03,2026-10-10,CEPH-Rtrend_rsv,1,2,5,7,10,14,19,1,2,5,7,10,10,20,TRUE,FALSE,CEPH Lab at Indiana University,2026-09-30,Rtrend RSV
Iowa,IA,2,wk inc rsv hosp,hosp,2026-10-03,2026-10-17,CEPH-Rtrend_rsv,0,1,3,7,11,16,23,0,1,3,7,10,20,20,TRUE,FALSE,CEPH Lab at Indiana University,2026-09-30,Rtrend RSV
Iowa,IA,0,wk inc rsv hosp,hosp,2026-10-03,2026-10-03,CFA-PyRenew_H,0,0,1,2,4,7,10,0,0,1,2,4,7,10,FALSE,FALSE,Center for Forecasting and Outbreak Analytics (CDC/CFA),2026-09-30,PyRenew-H
Iowa,IA,1,wk inc rsv hosp,hosp,2026-10-03,2026-10-10,CFA-PyRenew_H,0,0,1,3,6,10,18.024999999999864,0,0,1,3,6,10,20,FALSE,FALSE,Center for Forecasting and Outbreak Analytics (CDC/CFA),2026-09-30,PyRenew-H
Iowa,IA,2,wk inc rsv hosp,hosp,2026-10-03,2026-10-17,CFA-PyRenew_H,0,0,1,4,8,16,34.024999999999864,0,0,1,4,8,20,30,FALSE,FALSE,Center for Forecasting and Outbreak Analytics (CDC/CFA),2026-09-30,PyRenew-H
Iowa,IA,0,wk inc rsv hosp,hosp,2026-10-03,2026-10-03,NAU-epymorph,0,0,1,4,6,10,16,0,0,1,4,6,10,20,TRUE,FALSE,Northern Arizona University,2026-09-30,epymorph RSV compartmental model
Iowa,IA,1,wk inc rsv hosp,hosp,2026-10-03,2026-10-10,NAU-epymorph,0,0,1,4,8,13,25,0,0,1,4,8,10,30,TRUE,FALSE,Northern Arizona University,2026-09-30,epymorph RSV compartmental model
Iowa,IA,2,wk inc rsv hosp,hosp,2026-10-03,2026-10-17,NAU-epymorph,0,0,1,4,10,21,46,0,0,1,4,10,20,50,TRUE,FALSE,Northern Arizona University,2026-09-30,epymorph RSV compartmental model
Iowa,IA,0,wk inc rsv hosp,hosp,2026-10-03,2026-10-03,RSVHub-baseline,0,0,2,3,4,13.399999999999977,31.674999999999947,0,0,2,3,4,10,30,FALSE,FALSE,RSVHub-hub-models,2026-09-30,RSVHub baseline model
Iowa,IA,1,wk inc rsv hosp,hosp,2026-10-03,2026-10-10,RSVHub-baseline,0,0,0,3,7.923044230442301,22.02091620916209,60.382514575145535,0,0,0,3,8,20,60,FALSE,FALSE,RSVHub-hub-models,2026-09-30,RSVHub baseline model
Iowa,IA,2,wk inc rsv hosp,hosp,2026-10-03,2026-10-17,RSVHub-baseline,0,0,0,3,12,29,86.17590400904018,0,0,0,3,10,30,90,FALSE,FALSE,RSVHub-hub-models,2026-09-30,RSVHub baseline model
Iowa,IA,0,wk inc rsv prop ed visits,prop_ed,2026-10-03,2026-10-03,RSVHub-baseline,0,0,0,0,3.000000000000001e-4,0.0014,0.003609999999999992,0,0,0,0,3e-4,0.0014,0.0036,FALSE,FALSE,RSVHub-hub-models,2026-09-30,RSVHub baseline model
Iowa,IA,1,wk inc rsv prop ed visits,prop_ed,2026-10-03,2026-10-10,RSVHub-baseline,0,0,0,0,8.000000000000031e-4,0.0022771763717637215,0.004596399138991376,0,0,0,0,8e-4,0.0023,0.0046,FALSE,FALSE,RSVHub-hub-models,2026-09-30,RSVHub baseline model
Iowa,IA,2,wk inc rsv prop ed visits,prop_ed,2026-10-03,2026-10-17,RSVHub-baseline,0,0,0,0,0.001299999999999999,0.003,0.005744099815998156,0,0,0,0,0.0013,0.003,0.0057,FALSE,FALSE,RSVHub-hub-models,2026-09-30,RSVHub baseline model
Iowa,IA,0,wk inc rsv hosp,hosp,2026-10-03,2026-10-03,docxology-timesfm,0,1.8162908673024791,2.5747000952365435,3.1954879467373978,3.775693284798707,5.000598994526371,6.465936314067761,0,2,3,3,4,5,6,TRUE,FALSE,docxology,2026-09-30,docxology timesfm
Iowa,IA,1,wk inc rsv hosp,hosp,2026-10-03,2026-10-10,docxology-timesfm,0.0029340897829352795,1.7949716126982898,2.539229083806648,3.1396770734651,4.35003925026233,5.531211533263594,6.074488554934622,0,2,3,3,4,6,6,TRUE,FALSE,docxology,2026-09-30,docxology timesfm
Iowa,IA,2,wk inc rsv hosp,hosp,2026-10-03,2026-10-17,docxology-timesfm,0,0.7056222430878489,2.3949236859042538,3.470379762419311,4.9449110982496345,6.211840905824547,7.985359303041523,0,1,2,3,5,6,8,TRUE,FALSE,docxology,2026-09-30,docxology timesfm
Iowa,IA,0,wk inc rsv hosp,hosp,2026-10-03,2026-10-03,NAU-Copycat,0,1,2,4.5,9,16,33,0,1,2,5,9,20,30,TRUE,FALSE,NAU,2026-09-30,Copycat
Iowa,IA,1,wk inc rsv hosp,hosp,2026-10-03,2026-10-10,NAU-Copycat,0,0,2,5,13.250000000000114,27,62.09999999999991,0,0,2,5,10,30,60,TRUE,FALSE,NAU,2026-09-30,Copycat
Iowa,IA,2,wk inc rsv hosp,hosp,2026-10-03,2026-10-17,NAU-Copycat,0,0,2,5,18,47,140.1249999999999,0,0,2,5,20,50,140,TRUE,FALSE,NAU,2026-09-30,Copycat
Iowa,IA,0,wk inc rsv hosp,hosp,2026-10-03,2026-10-03,UGA_flucast-INFLAenza,0,0,1,2,4,5,7,0,0,1,2,4,5,7,TRUE,FALSE,UGA_flucast,2026-09-30,INFLAenza
Iowa,IA,1,wk inc rsv hosp,hosp,2026-10-03,2026-10-10,UGA_flucast-INFLAenza,0,1,2,3,4,6,9,0,1,2,3,4,6,9,TRUE,FALSE,UGA_flucast,2026-09-30,INFLAenza
Iowa,IA,2,wk inc rsv hosp,hosp,2026-10-03,2026-10-17,UGA_flucast-INFLAenza,0,1,2,3,5,7,10,0,1,2,3,5,7,10,TRUE,FALSE,UGA_flucast,2026-09-30,INFLAenza
Iowa,IA,0,wk inc rsv prop ed visits,prop_ed,2026-10-03,2026-10-03,UGA_flucast-INFLAenza,8.491870821381182e-6,2.9484419734172574e-5,6.95465998842053e-5,1.4506095864496703e-4,2.614012697220366e-4,3.955290992375054e-4,5.995776218603422e-4,8.5e-6,2.9e-5,7e-5,1.5e-4,2.6e-4,4e-4,6e-4,TRUE,FALSE,UGA_flucast,2026-09-30,INFLAenza
Iowa,IA,1,wk inc rsv prop ed visits,prop_ed,2026-10-03,2026-10-10,UGA_flucast-INFLAenza,1.1224648105410506e-5,3.6446716923111293e-5,8.469864617091687e-5,1.6936784952550525e-4,2.9298202965691994e-4,4.514421624872717e-4,6.820584759490613e-4,1.1e-5,3.6e-5,8.5e-5,1.7e-4,2.9e-4,4.5e-4,6.8e-4,TRUE,FALSE,UGA_flucast,2026-09-30,INFLAenza
Iowa,IA,2,wk inc rsv prop ed visits,prop_ed,2026-10-03,2026-10-17,UGA_flucast-INFLAenza,1.790289968043628e-5,5.2016892214575677e-5,1.1273094880814697e-4,2.1227627604793867e-4,3.5236167331881003e-4,5.200746621856451e-4,7.53492299682312e-4,1.8e-5,5.2e-5,1.1e-4,2.1e-4,3.5e-4,5.2e-4,7.5e-4,TRUE,FALSE,UGA_flucast,2026-09-30,INFLAenza
Iowa,IA,0,wk inc rsv hosp,hosp,2026-10-03,2026-10-03,RSVHub-ensemble,0,1,2,4,6,10,16,0,1,2,4,6,10,20,FALSE,TRUE,RSVHub,2026-09-30,Ensemble using RSVHub forecast submissions
Iowa,IA,1,wk inc rsv hosp,hosp,2026-10-03,2026-10-10,RSVHub-ensemble,0,1,2,4,8,13,19,0,1,2,4,8,10,20,FALSE,TRUE,RSVHub,2026-09-30,Ensemble using RSVHub forecast submissions
Iowa,IA,2,wk inc rsv hosp,hosp,2026-10-03,2026-10-17,RSVHub-ensemble,0,0.7056222430878489,2,4,10,16,23,0,1,2,4,10,20,20,FALSE,TRUE,RSVHub,2026-09-30,Ensemble using RSVHub forecast submissions
Kansas,KS,0,wk inc rsv hosp,hosp,2026-10-03,2026-10-03,CEPH-Rtrend_rsv,2,2,3,4,5,6,8,2,2,3,4,5,6,8,TRUE,FALSE,CEPH Lab at Indiana University,2026-09-30,Rtrend RSV
Kansas,KS,1,wk inc rsv hosp,hosp,2026-10-03,2026-10-10,CEPH-Rtrend_rsv,2,2,3,5,7,9,13,2,2,3,5,7,9,10,TRUE,FALSE,CEPH Lab at Indiana University,2026-09-30,Rtrend RSV
Kansas,KS,2,wk inc rsv hosp,hosp,2026-10-03,2026-10-17,CEPH-Rtrend_rsv,1,2,3,5,9,14,23,1,2,3,5,9,10,20,TRUE,FALSE,CEPH Lab at Indiana University,2026-09-30,Rtrend RSV
Kansas,KS,0,wk inc rsv prop ed visits,prop_ed,2026-10-03,2026-10-03,CFA-NowcastAutoGP,4.245696883086549e-5,7.263473000328239e-5,1.0640561058168488e-4,1.638902868285899e-4,2.4440239693484617e-4,3.5463946816219414e-4,5.227458137761835e-4,4.2e-5,7.3e-5,1.1e-4,1.6e-4,2.4e-4,3.5e-4,5.2e-4,TRUE,FALSE,Center for Forecasting and Outbreak Analytics (CDC/CFA),2026-09-30,NowcastAutoGP
Kansas,KS,1,wk inc rsv prop ed visits,prop_ed,2026-10-03,2026-10-10,CFA-NowcastAutoGP,3.832378852328686e-5,7.219217399232223e-5,1.0998820556291732e-4,1.729492390630873e-4,2.644702028295777e-4,3.953486475826184e-4,5.903726632270783e-4,3.8e-5,7.2e-5,1.1e-4,1.7e-4,2.6e-4,4e-4,5.9e-4,TRUE,FALSE,Center for Forecasting and Outbreak Analytics (CDC/CFA),2026-09-30,NowcastAutoGP
Kansas,KS,2,wk inc rsv prop ed visits,prop_ed,2026-10-03,2026-10-17,CFA-NowcastAutoGP,3.515887712747545e-5,6.696299245457078e-5,1.0990979089598725e-4,1.7256268941787838e-4,2.6973813292962363e-4,3.853524117270354e-4,6.088256012027439e-4,3.5e-5,6.7e-5,1.1e-4,1.7e-4,2.7e-4,3.9e-4,6.1e-4,TRUE,FALSE,Center for Forecasting and Outbreak Analytics (CDC/CFA),2026-09-30,NowcastAutoGP
Kansas,KS,0,wk inc rsv prop ed visits,prop_ed,2026-10-03,2026-10-03,CFA-PyRenew_E,0,3.934330532380489e-5,7.938475136602029e-5,1.5352106030080444e-4,2.344029324667612e-4,3.1444213633837273e-4,4.3443740811598743e-4,0,3.9e-5,7.9e-5,1.5e-4,2.3e-4,3.1e-4,4.3e-4,TRUE,FALSE,Center for Forecasting and Outbreak Analytics (CDC/CFA),2026-09-30,PyRenew-E
Kansas,KS,1,wk inc rsv prop ed visits,prop_ed,2026-10-03,2026-10-10,CFA-PyRenew_E,0,3.934133793490264e-5,7.94389473420112e-5,1.5773087405584032e-4,2.537855640498398e-4,3.9470978114025803e-4,5.734726887052856e-4,0,3.9e-5,7.9e-5,1.6e-4,2.5e-4,3.9e-4,5.7e-4,TRUE,FALSE,Center for Forecasting and Outbreak Analytics (CDC/CFA),2026-09-30,PyRenew-E
Kansas,KS,2,wk inc rsv prop ed visits,prop_ed,2026-10-03,2026-10-17,CFA-PyRenew_E,0,3.905147696907539e-5,7.97602252647309e-5,1.6246100651873035e-4,3.1667071700185564e-4,5.051470841561361e-4,8.441445477620687e-4,0,3.9e-5,8e-5,1.6e-4,3.2e-4,5.1e-4,8.4e-4,TRUE,FALSE,Center for Forecasting and Outbreak Analytics (CDC/CFA),2026-09-30,PyRenew-E
Kansas,KS,0,wk inc rsv hosp,hosp,2026-10-03,2026-10-03,CFA-PyRenew_H,0,0,0,1,2,3,5,0,0,0,1,2,3,5,FALSE,FALSE,Center for Forecasting and Outbreak Analytics (CDC/CFA),2026-09-30,PyRenew-H
Kansas,KS,1,wk inc rsv hosp,hosp,2026-10-03,2026-10-10,CFA-PyRenew_H,0,0,0,1,2,4,7,0,0,0,1,2,4,7,FALSE,FALSE,Center for Forecasting and Outbreak Analytics (CDC/CFA),2026-09-30,PyRenew-H
Kansas,KS,2,wk inc rsv hosp,hosp,2026-10-03,2026-10-17,CFA-PyRenew_H,0,0,0,1,2,5,11,0,0,0,1,2,5,10,FALSE,FALSE,Center for Forecasting and Outbreak Analytics (CDC/CFA),2026-09-30,PyRenew-H
Kansas,KS,0,wk inc rsv hosp,hosp,2026-10-03,2026-10-03,CFA-PyRenew_HE,0,0,1,2,3,4,6,0,0,1,2,3,4,6,TRUE,FALSE,Center for Forecasting and Outbreak Analytics (CDC/CFA),2026-09-30,PyRenew-HE
Kansas,KS,1,wk inc rsv hosp,hosp,2026-10-03,2026-10-10,CFA-PyRenew_HE,0,0,1,2,3,5,8,0,0,1,2,3,5,8,TRUE,FALSE,Center for Forecasting and Outbreak Analytics (CDC/CFA),2026-09-30,PyRenew-HE
Kansas,KS,2,wk inc rsv hosp,hosp,2026-10-03,2026-10-17,CFA-PyRenew_HE,0,0,1,2,4,7,12,0,0,1,2,4,7,10,TRUE,FALSE,Center for Forecasting and Outbreak Analytics (CDC/CFA),2026-09-30,PyRenew-HE
Kansas,KS,0,wk inc rsv prop ed visits,prop_ed,2026-10-03,2026-10-03,CFA-PyRenew_HE,0,3.916873507253748e-5,7.758577602335549e-5,1.1912575409831447e-4,1.9510994221322363e-4,2.4413816461371152e-4,3.636780360021702e-4,0,3.9e-5,7.8e-5,1.2e-4,2e-4,2.4e-4,3.6e-4,FALSE,FALSE,Center for Forecasting and Outbreak Analytics (CDC/CFA),2026-09-30,PyRenew-HE
Kansas,KS,1,wk inc rsv prop ed visits,prop_ed,2026-10-03,2026-10-10,CFA-PyRenew_HE,0,3.863193926824218e-5,7.753488411997515e-5,1.2047509532576691e-4,2.0344399082111996e-4,3.1847811443419646e-4,4.8302506221179403e-4,0,3.9e-5,7.8e-5,1.2e-4,2e-4,3.2e-4,4.8e-4,FALSE,FALSE,Center for Forecasting and Outbreak Analytics (CDC/CFA),2026-09-30,PyRenew-HE
Kansas,KS,2,wk inc rsv prop ed visits,prop_ed,2026-10-03,2026-10-17,CFA-PyRenew_HE,0,3.822433013891591e-5,7.773030130065554e-5,1.4715041637431125e-4,2.4248572051116266e-4,4.0821755116551557e-4,6.923854667792854e-4,0,3.8e-5,7.8e-5,1.5e-4,2.4e-4,4.1e-4,6.9e-4,FALSE,FALSE,Center for Forecasting and Outbreak Analytics (CDC/CFA),2026-09-30,PyRenew-HE
Kansas,KS,0,wk inc rsv hosp,hosp,2026-10-03,2026-10-03,NAU-epymorph,0,0,0,1,3,5,10,0,0,0,1,3,5,10,TRUE,FALSE,Northern Arizona University,2026-09-30,epymorph RSV compartmental model
Kansas,KS,1,wk inc rsv hosp,hosp,2026-10-03,2026-10-10,NAU-epymorph,0,0,0,2,4,7,16,0,0,0,2,4,7,20,TRUE,FALSE,Northern Arizona University,2026-09-30,epymorph RSV compartmental model
Kansas,KS,2,wk inc rsv hosp,hosp,2026-10-03,2026-10-17,NAU-epymorph,0,0,0,2,5,12,33,0,0,0,2,5,10,30,TRUE,FALSE,Northern Arizona University,2026-09-30,epymorph RSV compartmental model
Kansas,KS,0,wk inc rsv hosp,hosp,2026-10-03,2026-10-03,RSVHub-baseline,0,0,0,1,3,8,27.674999999999947,0,0,0,1,3,8,30,FALSE,FALSE,RSVHub-hub-models,2026-09-30,RSVHub baseline model
Kansas,KS,1,wk inc rsv hosp,hosp,2026-10-03,2026-10-10,RSVHub-baseline,0,0,0,1,6,15,35.537750127501255,0,0,0,1,6,20,40,FALSE,FALSE,RSVHub-hub-models,2026-09-30,RSVHub baseline model
Kansas,KS,2,wk inc rsv hosp,hosp,2026-10-03,2026-10-17,RSVHub-baseline,0,0,0,1,7.180916809168096,20.725911259112618,40.25656356563546,0,0,0,1,7,20,40,FALSE,FALSE,RSVHub-hub-models,2026-09-30,RSVHub baseline model
Kansas,KS,0,wk inc rsv prop ed visits,prop_ed,2026-10-03,2026-10-03,RSVHub-baseline,0,0,0,1e-4,3.0000000000000003e-4,9.999999999999998e-4,0.0022000000000000006,0,0,0,1e-4,3e-4,0.001,0.0022,FALSE,FALSE,RSVHub-hub-models,2026-09-30,RSVHub baseline model
Kansas,KS,1,wk inc rsv prop ed visits,prop_ed,2026-10-03,2026-10-10,RSVHub-baseline,0,0,0,1e-4,5.999999999999995e-4,0.0015,0.003265920009200088,0,0,0,1e-4,6e-4,0.0015,0.0033,FALSE,FALSE,RSVHub-hub-models,2026-09-30,RSVHub baseline model
Kansas,KS,2,wk inc rsv prop ed visits,prop_ed,2026-10-03,2026-10-17,RSVHub-baseline,0,0,0,1e-4,8.999999999999995e-4,0.001911945219452198,0.0037853804538045344,0,0,0,1e-4,9e-4,0.0019,0.0038,FALSE,FALSE,RSVHub-hub-models,2026-09-30,RSVHub baseline model
Kansas,KS,0,wk inc rsv hosp,hosp,2026-10-03,2026-10-03,docxology-timesfm,0.11939266142825433,0.25580026937450395,0.509151765387995,0.7290974333180864,1.1004005705714452,1.8729886056853413,2.487502831342173,0,0,1,1,1,2,2,TRUE,FALSE,docxology,2026-09-30,docxology timesfm
Kansas,KS,1,wk inc rsv hosp,hosp,2026-10-03,2026-10-10,docxology-timesfm,0,0.2377159699629934,0.3891851197336434,1.0909811202265898,1.4116558905565295,1.7292897737934005,2.23969299571326,0,0,0,1,1,2,2,TRUE,FALSE,docxology,2026-09-30,docxology timesfm
Kansas,KS,2,wk inc rsv hosp,hosp,2026-10-03,2026-10-17,docxology-timesfm,0.22164316762712213,0.6300071679107289,1.9245488359731218,2.4387825081962697,3.352766648045044,3.9578302470201816,4.520190104911503,0,1,2,2,3,4,5,TRUE,FALSE,docxology,2026-09-30,docxology timesfm
Kansas,KS,0,wk inc rsv hosp,hosp,2026-10-03,2026-10-03,NAU-Copycat,0,1,1,1,2,3,4,0,1,1,1,2,3,4,TRUE,FALSE,NAU,2026-09-30,Copycat
Kansas,KS,1,wk inc rsv hosp,hosp,2026-10-03,2026-10-10,NAU-Copycat,0,1,1,1,2,3,5,0,1,1,1,2,3,5,TRUE,FALSE,NAU,2026-09-30,Copycat
Kansas,KS,2,wk inc rsv hosp,hosp,2026-10-03,2026-10-17,NAU-Copycat,0,1,1,2,3,4,7,0,1,1,2,3,4,7,TRUE,FALSE,NAU,2026-09-30,Copycat
Kansas,KS,0,wk inc rsv prop ed visits,prop_ed,2026-10-03,2026-10-03,NAU-Copycat,0,2.7976059410412778e-5,7.660508911735396e-5,1.477238509509148e-4,2.448935360425478e-4,3.954278011494826e-4,7.274609804843995e-4,0,2.8e-5,7.7e-5,1.5e-4,2.4e-4,4e-4,7.3e-4,TRUE,FALSE,NAU,2026-09-30,Copycat
Kansas,KS,1,wk inc rsv prop ed visits,prop_ed,2026-10-03,2026-10-10,NAU-Copycat,0,2.5218527265105754e-5,9.358880171128754e-5,1.9501794960817887e-4,3.493996750492685e-4,5.736116549604637e-4,8.993611830690126e-4,0,2.5e-5,9.4e-5,2e-4,3.5e-4,5.7e-4,9e-4,TRUE,FALSE,NAU,2026-09-30,Copycat
Kansas,KS,2,wk inc rsv prop ed visits,prop_ed,2026-10-03,2026-10-17,NAU-Copycat,0,2.4694479788381738e-5,1.193246002226967e-4,2.4729522884187505e-4,4.8539043992348093e-4,8.468297981407659e-4,0.0013630951616335858,0,2.5e-5,1.2e-4,2.5e-4,4.9e-4,8.5e-4,0.0014,TRUE,FALSE,NAU,2026-09-30,Copycat
Kansas,KS,0,wk inc rsv hosp,hosp,2026-10-03,2026-10-03,UGA_flucast-INFLAenza,0,0,1,1,2,4,5,0,0,1,1,2,4,5,TRUE,FALSE,UGA_flucast,2026-09-30,INFLAenza
Kansas,KS,1,wk inc rsv hosp,hosp,2026-10-03,2026-10-10,UGA_flucast-INFLAenza,0,0,1,2,3,4,6,0,0,1,2,3,4,6,TRUE,FALSE,UGA_flucast,2026-09-30,INFLAenza
Kansas,KS,2,wk inc rsv hosp,hosp,2026-10-03,2026-10-17,UGA_flucast-INFLAenza,0,0,1,2,3,5,7,0,0,1,2,3,5,7,TRUE,FALSE,UGA_flucast,2026-09-30,INFLAenza
Kansas,KS,0,wk inc rsv prop ed visits,prop_ed,2026-10-03,2026-10-03,UGA_flucast-INFLAenza,1.940482163317858e-5,5.065684279795659e-5,1.0122132285001903e-4,1.8597481095818265e-4,3.082250730274179e-4,4.623496048320788e-4,6.800759235834603e-4,1.9e-5,5.1e-5,1e-4,1.9e-4,3.1e-4,4.6e-4,6.8e-4,TRUE,FALSE,UGA_flucast,2026-09-30,INFLAenza
Kansas,KS,1,wk inc rsv prop ed visits,prop_ed,2026-10-03,2026-10-10,UGA_flucast-INFLAenza,2.4358602191052557e-5,6.726283186563945e-5,1.2956401771996458e-4,2.2271463789213944e-4,3.54830542765303e-4,5.152088607343538e-4,7.358751440231689e-4,2.4e-5,6.7e-5,1.3e-4,2.2e-4,3.5e-4,5.2e-4,7.4e-4,TRUE,FALSE,UGA_flucast,2026-09-30,INFLAenza
Kansas,KS,2,wk inc rsv prop ed visits,prop_ed,2026-10-03,2026-10-17,UGA_flucast-INFLAenza,3.5378178296551865e-5,8.264046587596965e-5,1.5148507628354445e-4,2.666795249133409e-4,4.184963695399473e-4,5.907594900975372e-4,8.474100373329245e-4,3.5e-5,8.3e-5,1.5e-4,2.7e-4,4.2e-4,5.9e-4,8.5e-4,TRUE,FALSE,UGA_flucast,2026-09-30,INFLAenza
Kansas,KS,0,wk inc rsv hosp,hosp,2026-10-03,2026-10-03,RSVHub-ensemble,0,0.12790013468725198,1,1,2.5,4,5.5,0,0,1,1,3,4,6,FALSE,TRUE,RSVHub,2026-09-30,Ensemble using RSVHub forecast submissions
Kansas,KS,1,wk inc rsv hosp,hosp,2026-10-03,2026-10-10,RSVHub-ensemble,0,0.1188579849814967,1,2,3,4.5,7,0,0,1,2,3,5,7,FALSE,TRUE,RSVHub,2026-09-30,Ensemble using RSVHub forecast submissions
Kansas,KS,2,wk inc rsv hosp,hosp,2026-10-03,2026-10-17,RSVHub-ensemble,0,0.31500358395536443,1,2,3.676383324022522,6,9.5,0,0,1,2,4,6,10,FALSE,TRUE,RSVHub,2026-09-30,Ensemble using RSVHub forecast submissions
Kansas,KS,0,wk inc rsv prop ed visits,prop_ed,2026-10-03,2026-10-03,RSVHub-ensemble,9.70241081658929e-6,4.500007406088074e-5,9.030303710801967e-5,1.5870567356469716e-4,2.44647966488697e-4,3.750336346558384e-4,6.014108686798219e-4,9.7e-6,4.5e-5,9e-5,1.6e-4,2.4e-4,3.8e-4,6e-4,FALSE,TRUE,RSVHub,2026-09-30,Ensemble using RSVHub forecast submissions
Kansas,KS,1,wk inc rsv prop ed visits,prop_ed,2026-10-03,2026-10-10,RSVHub-ensemble,1.2179301095526278e-5,5.3302084900271044e-5,1.0178850363710244e-4,1.839835943356331e-4,3.069349389394231e-4,4.552787541584861e-4,6.631239036251236e-4,1.2e-5,5.3e-5,1e-4,1.8e-4,3.1e-4,4.6e-4,6.6e-4,FALSE,TRUE,RSVHub,2026-09-30,Ensemble using RSVHub forecast submissions
Kansas,KS,2,wk inc rsv prop ed visits,prop_ed,2026-10-03,2026-10-17,RSVHub-ensemble,1.7579438563737723e-5,5.3007234711823086e-5,1.1461719555934197e-4,2.0992895912987672e-4,3.6758354327090146e-4,5.479532871268366e-4,8.457772925474966e-4,1.8e-5,5.3e-5,1.1e-4,2.1e-4,3.7e-4,5.5e-4,8.5e-4,FALSE,TRUE,RSVHub,2026-09-30,Ensemble using RSVHub forecast submissions
Kentucky,KY,0,wk inc rsv hosp,hosp,2026-10-03,2026-10-03,CEPH-Rtrend_rsv,1,3,4,6,9,12,15,1,3,4,6,9,10,20,TRUE,FALSE,CEPH Lab at Indiana University,2026-09-30,Rtrend RSV
Kentucky,KY,1,wk inc rsv hosp,hosp,2026-10-03,2026-10-10,CEPH-Rtrend_rsv,1,3,4,6,10,14,19,1,3,4,6,10,10,20,TRUE,FALSE,CEPH Lab at Indiana University,2026-09-30,Rtrend RSV
Kentucky,KY,2,wk inc rsv hosp,hosp,2026-10-03,2026-10-17,CEPH-Rtrend_rsv,0,1,4,6,10,15,23,0,1,4,6,10,20,20,TRUE,FALSE,CEPH Lab at Indiana University,2026-09-30,Rtrend RSV
Kentucky,KY,0,wk inc rsv prop ed visits,prop_ed,2026-10-03,2026-10-03,CFA-NowcastAutoGP,2.0889988497203721e-4,2.7050371409646014e-4,3.466771853090499e-4,4.6158785949137977e-4,6.257399025624287e-4,8.233488694173477e-4,0.0011050747563111024,2.1e-4,2.7e-4,3.5e-4,4.6e-4,6.3e-4,8.2e-4,0.0011,TRUE,FALSE,Center for Forecasting and Outbreak Analytics (CDC/CFA),2026-09-30,NowcastAutoGP
Kentucky,KY,1,wk inc rsv prop ed visits,prop_ed,2026-10-03,2026-10-10,CFA-NowcastAutoGP,1.820961672949437e-4,2.5917786314228494e-4,3.600128659713682e-4,5.023437811915016e-4,6.875613027074028e-4,9.389809140723235e-4,0.0012788125393512523,1.8e-4,2.6e-4,3.6e-4,5e-4,6.9e-4,9.4e-4,0.0013,TRUE,FALSE,Center for Forecasting and Outbreak Analytics (CDC/CFA),2026-09-30,NowcastAutoGP
Kentucky,KY,2,wk inc rsv prop ed visits,prop_ed,2026-10-03,2026-10-17,CFA-NowcastAutoGP,2.0489448779960624e-4,2.757599625776325e-4,3.814300408742967e-4,5.474140830275604e-4,7.794900075029799e-4,0.001098894735732744,0.0017168849123534204,2e-4,2.8e-4,3.8e-4,5.5e-4,7.8e-4,0.0011,0.0017,TRUE,FALSE,Center for Forecasting and Outbreak Analytics (CDC/CFA),2026-09-30,NowcastAutoGP
Kentucky,KY,0,wk inc rsv prop ed visits,prop_ed,2026-10-03,2026-10-03,CFA-PyRenew_E,4.869136025608143e-4,6.21557656550697e-4,7.672159383549309e-4,9.521373160067262e-4,0.0011628218618723832,0.0013935650498777064,0.0016737416301595839,4.9e-4,6.2e-4,7.7e-4,9.5e-4,0.0012,0.0014,0.0017,TRUE,FALSE,Center for Forecasting and Outbreak Analytics (CDC/CFA),2026-09-30,PyRenew-E
Kentucky,KY,1,wk inc rsv prop ed visits,prop_ed,2026-10-03,2026-10-10,CFA-PyRenew_E,5.785631029922243e-4,8.342263453098146e-4,0.001095234819008028,0.0014758349304064334,0.0020321241018691058,0.0027555754203465966,0.004058950890907118,5.8e-4,8.3e-4,0.0011,0.0015,0.002,0.0028,0.0041,TRUE,FALSE,Center for Forecasting and Outbreak Analytics (CDC/CFA),2026-09-30,PyRenew-E
Kentucky,KY,2,wk inc rsv prop ed visits,prop_ed,2026-10-03,2026-10-17,CFA-PyRenew_E,6.483240680087846e-4,0.0010246400508941791,0.0015043308445106462,0.0022929492337502794,0.003748984239159451,0.005796771859439815,0.011232810711074874,6.5e-4,0.001,0.0015,0.0023,0.0037,0.0058,0.011,TRUE,FALSE,Center for Forecasting and Outbreak Analytics (CDC/CFA),2026-09-30,PyRenew-E
Kentucky,KY,0,wk inc rsv hosp,hosp,2026-10-03,2026-10-03,CFA-PyRenew_H,1,2,4,6,10,13,19,1,2,4,6,10,10,20,FALSE,FALSE,Center for Forecasting and Outbreak Analytics (CDC/CFA),2026-09-30,PyRenew-H
Kentucky,KY,1,wk inc rsv hosp,hosp,2026-10-03,2026-10-10,CFA-PyRenew_H,1,2,4,8,13,21,34.024999999999864,1,2,4,8,10,20,30,FALSE,FALSE,Center for Forecasting and Outbreak Analytics (CDC/CFA),2026-09-30,PyRenew-H
Kentucky,KY,2,wk inc rsv hosp,hosp,2026-10-03,2026-10-17,CFA-PyRenew_H,1,2,5,9,19,35,72.02499999999986,1,2,5,9,20,40,70,FALSE,FALSE,Center for Forecasting and Outbreak Analytics (CDC/CFA),2026-09-30,PyRenew-H
Kentucky,KY,0,wk inc rsv hosp,hosp,2026-10-03,2026-10-03,CFA-PyRenew_HE,4,7,10,13,17,22,29,4,7,10,10,20,20,30,TRUE,FALSE,Center for Forecasting and Outbreak Analytics (CDC/CFA),2026-09-30,PyRenew-HE
Kentucky,KY,1,wk inc rsv hosp,hosp,2026-10-03,2026-10-10,CFA-PyRenew_HE,6,10,14,21,31,46,73,6,10,10,20,30,50,70,TRUE,FALSE,Center for Forecasting and Outbreak Analytics (CDC/CFA),2026-09-30,PyRenew-HE
Kentucky,KY,2,wk inc rsv hosp,hosp,2026-10-03,2026-10-17,CFA-PyRenew_HE,7,12,20,33,62,105,186.02499999999986,7,10,20,30,60,110,190,TRUE,FALSE,Center for Forecasting and Outbreak Analytics (CDC/CFA),2026-09-30,PyRenew-HE
Kentucky,KY,0,wk inc rsv prop ed visits,prop_ed,2026-10-03,2026-10-03,CFA-PyRenew_HE,5.071838289725135e-4,6.41236483447397e-4,7.803522820495865e-4,9.429269530534146e-4,0.0011491500622338585,0.0013580525049488323,0.0015973455808696781,5.1e-4,6.4e-4,7.8e-4,9.4e-4,0.0011,0.0014,0.0016,FALSE,FALSE,Center for Forecasting and Outbreak Analytics (CDC/CFA),2026-09-30,PyRenew-HE
Kentucky,KY,1,wk inc rsv prop ed visits,prop_ed,2026-10-03,2026-10-10,CFA-PyRenew_HE,6.273861108350875e-4,8.669740994720644e-4,0.001160812397768411,0.0015477038086793397,0.002161102650209139,0.0029064993358728424,0.00396948364005595,6.3e-4,8.7e-4,0.0012,0.0015,0.0022,0.0029,0.004,FALSE,FALSE,Center for Forecasting and Outbreak Analytics (CDC/CFA),2026-09-30,PyRenew-HE
Kentucky,KY,2,wk inc rsv prop ed visits,prop_ed,2026-10-03,2026-10-17,CFA-PyRenew_HE,7.604173406617472e-4,0.001090408869724583,0.0016239986395895872,0.0025561553849171937,0.0041931286354375845,0.006732548047291879,0.011179936948105339,7.6e-4,0.0011,0.0016,0.0026,0.0042,0.0067,0.011,FALSE,FALSE,Center for Forecasting and Outbreak Analytics (CDC/CFA),2026-09-30,PyRenew-HE
Kentucky,KY,0,wk inc rsv hosp,hosp,2026-10-03,2026-10-03,NAU-epymorph,1,4,6,9,13,17,24,1,4,6,9,10,20,20,TRUE,FALSE,Northern Arizona University,2026-09-30,epymorph RSV compartmental model
Kentucky,KY,1,wk inc rsv hosp,hosp,2026-10-03,2026-10-10,NAU-epymorph,1,4,7,11,17,26,39,1,4,7,10,20,30,40,TRUE,FALSE,Northern Arizona University,2026-09-30,epymorph RSV compartmental model
Kentucky,KY,2,wk inc rsv hosp,hosp,2026-10-03,2026-10-17,NAU-epymorph,1,4,7,13,24,44,86,1,4,7,10,20,40,90,TRUE,FALSE,Northern Arizona University,2026-09-30,epymorph RSV compartmental model
Kentucky,KY,0,wk inc rsv hosp,hosp,2026-10-03,2026-10-03,RSVHub-baseline,0,0,6,8,10,21,42.69999999999979,0,0,6,8,10,20,40,FALSE,FALSE,RSVHub-hub-models,2026-09-30,RSVHub baseline model
Kentucky,KY,1,wk inc rsv hosp,hosp,2026-10-03,2026-10-10,RSVHub-baseline,0,0,2,8,15,29,54.05993284932838,0,0,2,8,20,30,50,FALSE,FALSE,RSVHub-hub-models,2026-09-30,RSVHub baseline model
Kentucky,KY,2,wk inc rsv hosp,hosp,2026-10-03,2026-10-17,RSVHub-baseline,0,0,0,8,19.282902829028274,36,68.78181631816338,0,0,0,8,20,40,70,FALSE,FALSE,RSVHub-hub-models,2026-09-30,RSVHub baseline model
Kentucky,KY,0,wk inc rsv prop ed visits,prop_ed,2026-10-03,2026-10-03,RSVHub-baseline,0,0,5e-4,7.000000000000001e-4,9.000000000000002e-4,0.0017000000000000001,0.0033625,0,0,5e-4,7e-4,9e-4,0.0017,0.0034,FALSE,FALSE,RSVHub-hub-models,2026-09-30,RSVHub baseline model
Kentucky,KY,1,wk inc rsv prop ed visits,prop_ed,2026-10-03,2026-10-10,RSVHub-baseline,0,0,2.000000000000002e-4,7.000000000000001e-4,0.001299999999999999,0.002400000000000001,0.004260053525535252,0,0,2e-4,7e-4,0.0013,0.0024,0.0043,FALSE,FALSE,RSVHub-hub-models,2026-09-30,RSVHub baseline model
Kentucky,KY,2,wk inc rsv prop ed visits,prop_ed,2026-10-03,2026-10-17,RSVHub-baseline,0,0,0,7.000000000000001e-4,0.0015999999999999996,0.002992813428134283,0.004782484999849994,0,0,0,7e-4,0.0016,0.003,0.0048,FALSE,FALSE,RSVHub-hub-models,2026-09-30,RSVHub baseline model
Kentucky,KY,0,wk inc rsv hosp,hosp,2026-10-03,2026-10-03,docxology-timesfm,5.179182729041095,5.506087099091624,7.313167135454366,8.326846406945164,10.233535491046199,11.199086633848907,23.604242249141876,5,6,7,8,10,10,20,TRUE,FALSE,docxology,2026-09-30,docxology timesfm
Kentucky,KY,1,wk inc rsv hosp,hosp,2026-10-03,2026-10-10,docxology-timesfm,3.607210840016065,5.279590057731356,7.775003399638427,10.06639750604331,12.739650642282086,17.71130076168581,21.249679833764354,4,5,8,10,10,20,20,TRUE,FALSE,docxology,2026-09-30,docxology timesfm
Kentucky,KY,2,wk inc rsv hosp,hosp,2026-10-03,2026-10-17,docxology-timesfm,5.09747015083252,6.065709177479837,8.954199522622883,13.78334548717626,18.447221132408043,22.049265487995264,38.11390483008479,5,6,9,10,20,20,40,TRUE,FALSE,docxology,2026-09-30,docxology timesfm
Kentucky,KY,0,wk inc rsv hosp,hosp,2026-10-03,2026-10-03,NAU-Copycat,1,3,5,10,15,23,39.02499999999998,1,3,5,10,20,20,40,TRUE,FALSE,NAU,2026-09-30,Copycat
Kentucky,KY,1,wk inc rsv hosp,hosp,2026-10-03,2026-10-10,NAU-Copycat,1,3,5,10,19,33,55.02499999999998,1,3,5,10,20,30,60,TRUE,FALSE,NAU,2026-09-30,Copycat
Kentucky,KY,2,wk inc rsv hosp,hosp,2026-10-03,2026-10-17,NAU-Copycat,0,2,6,12,24,46,89,0,2,6,10,20,50,90,TRUE,FALSE,NAU,2026-09-30,Copycat
Kentucky,KY,0,wk inc rsv prop ed visits,prop_ed,2026-10-03,2026-10-03,NAU-Copycat,1.858815590932714e-4,3.959940211280123e-4,6.149169449734943e-4,9.303165218649758e-4,0.0013574675008453194,0.0020248567407415213,0.003084315092786782,1.9e-4,4e-4,6.1e-4,0.00093000000000000005,0.0014,0.002,0.0031,TRUE,FALSE,NAU,2026-09-30,Copycat
Kentucky,KY,1,wk inc rsv prop ed visits,prop_ed,2026-10-03,2026-10-10,NAU-Copycat,1.6258387666741816e-4,3.5788101721587597e-4,6.240864508741952e-4,0.0011018494684983827,0.0018161894977034147,0.0030024633679501486,0.004862288464750367,1.6e-4,3.6e-4,6.2e-4,0.0011,0.0018,0.003,0.0049,TRUE,FALSE,NAU,2026-09-30,Copycat
Kentucky,KY,2,wk inc rsv prop ed visits,prop_ed,2026-10-03,2026-10-17,NAU-Copycat,1.1126416444602372e-4,3.6636759155847423e-4,7.244266712703924e-4,0.0013204635931272721,0.002536668895538324,0.004171663203356047,0.007856584354502108,1.1e-4,3.7e-4,7.2e-4,0.0013,0.0025,0.0042,0.0079,TRUE,FALSE,NAU,2026-09-30,Copycat
Kentucky,KY,0,wk inc rsv hosp,hosp,2026-10-03,2026-10-03,UGA_flucast-INFLAenza,1,3,4,6,8,11,14,1,3,4,6,8,10,10,TRUE,FALSE,UGA_flucast,2026-09-30,INFLAenza
Kentucky,KY,1,wk inc rsv hosp,hosp,2026-10-03,2026-10-10,UGA_flucast-INFLAenza,1,3,5,7,10,13,17,1,3,5,7,10,10,20,TRUE,FALSE,UGA_flucast,2026-09-30,INFLAenza
Kentucky,KY,2,wk inc rsv hosp,hosp,2026-10-03,2026-10-17,UGA_flucast-INFLAenza,2,4,5,8,12,15,20,2,4,5,8,10,20,20,TRUE,FALSE,UGA_flucast,2026-09-30,INFLAenza
Kentucky,KY,0,wk inc rsv prop ed visits,prop_ed,2026-10-03,2026-10-03,UGA_flucast-INFLAenza,1.3418722325613612e-4,2.3025338733719978e-4,3.4118691921954276e-4,5.057136401261365e-4,7.096052170915876e-4,9.169107100831037e-4,0.001230178109888289,1.3e-4,2.3e-4,3.4e-4,5.1e-4,7.1e-4,9.2e-4,0.0012,TRUE,FALSE,UGA_flucast,2026-09-30,INFLAenza
Kentucky,KY,1,wk inc rsv prop ed visits,prop_ed,2026-10-03,2026-10-10,UGA_flucast-INFLAenza,1.6591589419467245e-4,2.696457211224488e-4,3.9545393727875687e-4,5.699365870531091e-4,8.002111656314118e-4,0.0010536629896431093,0.0013787232330264908,1.7e-4,2.7e-4,4e-4,5.7e-4,8e-4,0.0011,0.0014,TRUE,FALSE,UGA_flucast,2026-09-30,INFLAenza
Kentucky,KY,2,wk inc rsv prop ed visits,prop_ed,2026-10-03,2026-10-17,UGA_flucast-INFLAenza,1.993663618529254e-4,3.2579688360975253e-4,4.6159159470083027e-4,6.642925896665939e-4,9.264415000067362e-4,0.001205008526316036,0.001586403935966613,2e-4,3.3e-4,4.6e-4,6.6e-4,0.00093000000000000005,0.0012,0.0016,TRUE,FALSE,UGA_flucast,2026-09-30,INFLAenza
Kentucky,KY,0,wk inc rsv hosp,hosp,2026-10-03,2026-10-03,RSVHub-ensemble,1,3.5,5.5,8.663423203472583,11.616767745523099,14.5,23.802121124570938,1,4,6,9,10,10,20,FALSE,TRUE,RSVHub,2026-09-30,Ensemble using RSVHub forecast submissions
Kentucky,KY,1,wk inc rsv hosp,hosp,2026-10-03,2026-10-10,RSVHub-ensemble,1,3.5,6,10.033198753021654,14.869825321141043,21.855650380842903,30.124839916882177,1,4,6,10,10,20,30,FALSE,TRUE,RSVHub,2026-09-30,Ensemble using RSVHub forecast submissions
Kentucky,KY,2,wk inc rsv hosp,hosp,2026-10-03,2026-10-17,RSVHub-ensemble,1.5,4,6.5,12.5,21.223610566204023,33.02463274399763,62.056952415042396,2,4,7,10,20,30,60,FALSE,TRUE,RSVHub,2026-09-30,Ensemble using RSVHub forecast submissions
Kentucky,KY,0,wk inc rsv prop ed visits,prop_ed,2026-10-03,2026-10-03,RSVHub-ensemble,1.973907220326543e-4,3.3324886761223625e-4,4.807970651412721e-4,7.180150809955562e-4,9.362135394819854e-4,0.001155237879980405,0.0014519598700239364,2e-4,3.3e-4,4.8e-4,7.2e-4,9.4e-4,0.0012,0.0015,FALSE,TRUE,RSVHub,2026-09-30,Ensemble using RSVHub forecast submissions
Kentucky,KY,1,wk inc rsv prop ed visits,prop_ed,2026-10-03,2026-10-10,RSVHub-ensemble,1.7400603074480808e-4,3.1376336916916236e-4,5.09770194076476e-4,8.358930277757459e-4,0.0013082003316674132,0.0019046192049948529,0.002718837061966804,1.7e-4,3.1e-4,5.1e-4,8.4e-4,0.0013,0.0019,0.0027,FALSE,TRUE,RSVHub,2026-09-30,Ensemble using RSVHub forecast submissions
Kentucky,KY,2,wk inc rsv prop ed visits,prop_ed,2026-10-03,2026-10-17,RSVHub-ensemble,2.0213042482626582e-4,3.4608223758411335e-4,5.930091329856113e-4,9.92378091396933e-4,0.00173155519777253,0.0026883358648360414,0.004786734633427764,2e-4,3.5e-4,5.9e-4,9.9e-4,0.0017,0.0027,0.0048,FALSE,TRUE,RSVHub,2026-09-30,Ensemble using RSVHub forecast submissions
Louisiana,LA,0,wk inc rsv hosp,hosp,2026-10-03,2026-10-03,CEPH-Rtrend_rsv,7,8,10,12,15,18,21,7,8,10,10,20,20,20,TRUE,FALSE,CEPH Lab at Indiana University,2026-09-30,Rtrend RSV
Louisiana,LA,1,wk inc rsv hosp,hosp,2026-10-03,2026-10-10,CEPH-Rtrend_rsv,6,8,11,15,20,27,35,6,8,10,20,20,30,40,TRUE,FALSE,CEPH Lab at Indiana University,2026-09-30,Rtrend RSV
Louisiana,LA,2,wk inc rsv hosp,hosp,2026-10-03,2026-10-17,CEPH-Rtrend_rsv,6,8,12,18,28,41,60,6,8,10,20,30,40,60,TRUE,FALSE,CEPH Lab at Indiana University,2026-09-30,Rtrend RSV
Louisiana,LA,0,wk inc rsv prop ed visits,prop_ed,2026-10-03,2026-10-03,CFA-NowcastAutoGP,2.893967812666282e-4,3.645655095797555e-4,4.62149426983057e-4,5.851728174141153e-4,7.382638089027279e-4,9.066964562825956e-4,0.001151806273456402,2.9e-4,3.6e-4,4.6e-4,5.9e-4,7.4e-4,9.1e-4,0.0012,TRUE,FALSE,Center for Forecasting and Outbreak Analytics (CDC/CFA),2026-09-30,NowcastAutoGP
Louisiana,LA,1,wk inc rsv prop ed visits,prop_ed,2026-10-03,2026-10-10,CFA-NowcastAutoGP,2.930288300388e-4,4.048796070052985e-4,5.143395216710456e-4,6.78677460631548e-4,8.865748609879231e-4,0.0011182068897079085,0.0014931928701923973,2.9e-4,4e-4,5.1e-4,6.8e-4,8.9e-4,0.0011,0.0015,TRUE,FALSE,Center for Forecasting and Outbreak Analytics (CDC/CFA),2026-09-30,NowcastAutoGP
Louisiana,LA,2,wk inc rsv prop ed visits,prop_ed,2026-10-03,2026-10-17,CFA-NowcastAutoGP,3.2740935424122454e-4,4.4196996132861996e-4,5.940243638296351e-4,7.986060026555327e-4,0.0010849607751384884,0.0014406013428476506,0.0018992176292178843,3.3e-4,4.4e-4,5.9e-4,8e-4,0.0011,0.0014,0.0019,TRUE,FALSE,Center for Forecasting and Outbreak Analytics (CDC/CFA),2026-09-30,NowcastAutoGP
Louisiana,LA,0,wk inc rsv prop ed visits,prop_ed,2026-10-03,2026-10-03,CFA-PyRenew_E,3.9392787305925567e-4,4.997230519978004e-4,6.027726067603621e-4,7.364980922421884e-4,8.717164972429701e-4,0.0010190411867427042,0.001213027784803479,3.9e-4,5e-4,6e-4,7.4e-4,8.7e-4,0.001,0.0012,TRUE,FALSE,Center for Forecasting and Outbreak Analytics (CDC/CFA),2026-09-30,PyRenew-E
Louisiana,LA,1,wk inc rsv prop ed visits,prop_ed,2026-10-03,2026-10-10,CFA-PyRenew_E,4.1760905669318334e-4,5.627710219518279e-4,6.994261110839389e-4,9.102011558194175e-4,0.0011676675241480223,0.0014586113617825857,0.0018937624855816333,4.2e-4,5.6e-4,7e-4,9.1e-4,0.0012,0.0015,0.0019,TRUE,FALSE,Center for Forecasting and Outbreak Analytics (CDC/CFA),2026-09-30,PyRenew-E
Louisiana,LA,2,wk inc rsv prop ed visits,prop_ed,2026-10-03,2026-10-17,CFA-PyRenew_E,4.137208816150316e-4,5.810244490839639e-4,8.014982492595342e-4,0.0011460683555201932,0.0015772107777109867,0.002143459969055445,0.0032727218607222952,4.1e-4,5.8e-4,8e-4,0.0011,0.0016,0.0021,0.0033,TRUE,FALSE,Center for Forecasting and Outbreak Analytics (CDC/CFA),2026-09-30,PyRenew-E
Louisiana,LA,0,wk inc rsv hosp,hosp,2026-10-03,2026-10-03,CFA-PyRenew_H,0,1,3,6,12,20,39.024999999999864,0,1,3,6,10,20,40,FALSE,FALSE,Center for Forecasting and Outbreak Analytics (CDC/CFA),2026-09-30,PyRenew-H
Louisiana,LA,1,wk inc rsv hosp,hosp,2026-10-03,2026-10-10,CFA-PyRenew_H,0,1,3,6,14,26,50,0,1,3,6,10,30,50,FALSE,FALSE,Center for Forecasting and Outbreak Analytics (CDC/CFA),2026-09-30,PyRenew-H
Louisiana,LA,2,wk inc rsv hosp,hosp,2026-10-03,2026-10-17,CFA-PyRenew_H,0,1,2,6,14,34,83.02499999999986,0,1,2,6,10,30,80,FALSE,FALSE,Center for Forecasting and Outbreak Analytics (CDC/CFA),2026-09-30,PyRenew-H
Louisiana,LA,0,wk inc rsv hosp,hosp,2026-10-03,2026-10-03,CFA-PyRenew_HE,1,5,11,21,37,59,96.04999999999973,1,5,10,20,40,60,100,TRUE,FALSE,Center for Forecasting and Outbreak Analytics (CDC/CFA),2026-09-30,PyRenew-HE
Louisiana,LA,1,wk inc rsv hosp,hosp,2026-10-03,2026-10-10,CFA-PyRenew_HE,2,5,12.75,25,47,78,131,2,5,10,30,50,80,130,TRUE,FALSE,Center for Forecasting and Outbreak Analytics (CDC/CFA),2026-09-30,PyRenew-HE
Louisiana,LA,2,wk inc rsv hosp,hosp,2026-10-03,2026-10-17,CFA-PyRenew_HE,2,7,15,31,59,102.10000000000014,201.02499999999986,2,7,20,30,60,100,200,TRUE,FALSE,Center for Forecasting and Outbreak Analytics (CDC/CFA),2026-09-30,PyRenew-HE
Louisiana,LA,0,wk inc rsv prop ed visits,prop_ed,2026-10-03,2026-10-03,CFA-PyRenew_HE,3.8274965265320523e-4,4.829901486379626e-4,5.731535982257979e-4,7.06768149600133e-4,8.474111189714079e-4,9.906105496903948e-4,0.001193851599454107,3.8e-4,4.8e-4,5.7e-4,7.1e-4,8.5e-4,9.9e-4,0.0012,FALSE,FALSE,Center for Forecasting and Outbreak Analytics (CDC/CFA),2026-09-30,PyRenew-HE
Louisiana,LA,1,wk inc rsv prop ed visits,prop_ed,2026-10-03,2026-10-10,CFA-PyRenew_HE,3.9122439993015813e-4,5.306254983106561e-4,6.791548870153786e-4,8.697249481107022e-4,0.0011160655240446578,0.0013990249820693703,0.0018621376235788978,3.9e-4,5.3e-4,6.8e-4,8.7e-4,0.0011,0.0014,0.0019,FALSE,FALSE,Center for Forecasting and Outbreak Analytics (CDC/CFA),2026-09-30,PyRenew-HE
Louisiana,LA,2,wk inc rsv prop ed visits,prop_ed,2026-10-03,2026-10-17,CFA-PyRenew_HE,3.815412244424994e-4,5.494855500678579e-4,7.654752036975033e-4,0.0010782411700850036,0.0015391790090193219,0.002155270461642644,0.003225391853858232,3.8e-4,5.5e-4,7.7e-4,0.0011,0.0015,0.0022,0.0032,FALSE,FALSE,Center for Forecasting and Outbreak Analytics (CDC/CFA),2026-09-30,PyRenew-HE
Louisiana,LA,0,wk inc rsv hosp,hosp,2026-10-03,2026-10-03,NAU-epymorph,3,5,7,10,14,20,27,3,5,7,10,10,20,30,TRUE,FALSE,Northern Arizona University,2026-09-30,epymorph RSV compartmental model
Louisiana,LA,1,wk inc rsv hosp,hosp,2026-10-03,2026-10-10,NAU-epymorph,2,5,7,12,18,28,49,2,5,7,10,20,30,50,TRUE,FALSE,Northern Arizona University,2026-09-30,epymorph RSV compartmental model
Louisiana,LA,2,wk inc rsv hosp,hosp,2026-10-03,2026-10-17,NAU-epymorph,2,4,8,14,25,44,87,2,4,8,10,30,40,90,TRUE,FALSE,Northern Arizona University,2026-09-30,epymorph RSV compartmental model
Louisiana,LA,0,wk inc rsv hosp,hosp,2026-10-03,2026-10-03,RSVHub-baseline,0,0,9.249999999999996,12,14.75,25,54.69999999999979,0,0,9,10,10,30,50,FALSE,FALSE,RSVHub-hub-models,2026-09-30,RSVHub baseline model
Louisiana,LA,1,wk inc rsv hosp,hosp,2026-10-03,2026-10-10,RSVHub-baseline,0,0,5,12,19.540077900779018,34.7667366673667,77.73849763497626,0,0,5,10,20,30,80,FALSE,FALSE,RSVHub-hub-models,2026-09-30,RSVHub baseline model
Louisiana,LA,2,wk inc rsv hosp,hosp,2026-10-03,2026-10-17,RSVHub-baseline,0,0,2,12,24,44.81212912129141,83.7664211642113,0,0,2,10,20,40,80,FALSE,FALSE,RSVHub-hub-models,2026-09-30,RSVHub baseline model
Louisiana,LA,0,wk inc rsv prop ed visits,prop_ed,2026-10-03,2026-10-03,RSVHub-baseline,0,0,5.000000000000001e-4,7.000000000000001e-4,9.000000000000001e-4,0.0014999999999999994,0.0029249999999999988,0,0,5e-4,7e-4,9e-4,0.0015,0.0029,FALSE,FALSE,RSVHub-hub-models,2026-09-30,RSVHub baseline model
Louisiana,LA,1,wk inc rsv prop ed visits,prop_ed,2026-10-03,2026-10-10,RSVHub-baseline,0,0,3.0000000000000024e-4,7.000000000000001e-4,0.0011,0.0020000000000000018,0.003400000000000001,0,0,3e-4,7e-4,0.0011,0.002,0.0034,FALSE,FALSE,RSVHub-hub-models,2026-09-30,RSVHub baseline model
Louisiana,LA,2,wk inc rsv prop ed visits,prop_ed,2026-10-03,2026-10-17,RSVHub-baseline,0,0,1.4736147361473433e-4,7.000000000000001e-4,0.0013909086590865893,0.002483586835868364,0.0038717477174771693,0,0,1.5e-4,7e-4,0.0014,0.0025,0.0039,FALSE,FALSE,RSVHub-hub-models,2026-09-30,RSVHub baseline model
Louisiana,LA,0,wk inc rsv hosp,hosp,2026-10-03,2026-10-03,docxology-timesfm,4.426945816280849,7.610330281029259,10.3656074291953,12.98238565700018,15.462044003545946,18.905385657676398,33.525465479593365,4,8,10,10,20,20,30,TRUE,FALSE,docxology,2026-09-30,docxology timesfm
Louisiana,LA,1,wk inc rsv hosp,hosp,2026-10-03,2026-10-10,docxology-timesfm,4.595647646650268,6.209722918791174,12.436356391667303,17.263188921257335,25.788938095339624,34.37958367336101,89.33414315540738,5,6,10,20,30,30,90,TRUE,FALSE,docxology,2026-09-30,docxology timesfm
Louisiana,LA,2,wk inc rsv hosp,hosp,2026-10-03,2026-10-17,docxology-timesfm,5.431348466225889,9.173850383065993,15.833403060723132,26.918506289337778,33.090946448320636,40.86621976311221,91.16777404384388,5,9,20,30,30,40,90,TRUE,FALSE,docxology,2026-09-30,docxology timesfm
Louisiana,LA,0,wk inc rsv hosp,hosp,2026-10-03,2026-10-03,NAU-Copycat,2,5,10,19,33,53,98.02499999999998,2,5,10,20,30,50,100,TRUE,FALSE,NAU,2026-09-30,Copycat
Louisiana,LA,1,wk inc rsv hosp,hosp,2026-10-03,2026-10-10,NAU-Copycat,1,4,10,21,47,93.10000000000014,188.02499999999998,1,4,10,20,50,90,190,TRUE,FALSE,NAU,2026-09-30,Copycat
Louisiana,LA,2,wk inc rsv hosp,hosp,2026-10-03,2026-10-17,NAU-Copycat,1,4,10,25.5,64,140,320.025,1,4,10,30,60,140,320,TRUE,FALSE,NAU,2026-09-30,Copycat
Louisiana,LA,0,wk inc rsv prop ed visits,prop_ed,2026-10-03,2026-10-03,NAU-Copycat,2.2404533148341507e-4,4.519055976841341e-4,6.564943461771748e-4,9.052105767785824e-4,0.0012174775484602278,0.0015525225338319975,0.0021780858204362478,2.2e-4,4.5e-4,6.6e-4,9.1e-4,0.0012,0.0016,0.0022,TRUE,FALSE,NAU,2026-09-30,Copycat
Louisiana,LA,1,wk inc rsv prop ed visits,prop_ed,2026-10-03,2026-10-10,NAU-Copycat,2.322102692223259e-4,4.5908842892364044e-4,7.102540235291213e-4,0.0010903016505094708,0.001613509685860186,0.0021742110566324996,0.003433903363071771,2.3e-4,4.6e-4,7.1e-4,0.0011,0.0016,0.0022,0.0034,TRUE,FALSE,NAU,2026-09-30,Copycat
Louisiana,LA,2,wk inc rsv prop ed visits,prop_ed,2026-10-03,2026-10-17,NAU-Copycat,2.4955683216818804e-4,4.971335212570091e-4,8.473488936576184e-4,0.0014109255124081952,0.0021482556391662247,0.003171124481694549,0.004841430663554607,2.5e-4,5e-4,8.5e-4,0.0014,0.0021,0.0032,0.0048,TRUE,FALSE,NAU,2026-09-30,Copycat
Louisiana,LA,0,wk inc rsv hosp,hosp,2026-10-03,2026-10-03,UGA_flucast-INFLAenza,6,9,12,16,20,25,30,6,9,10,20,20,30,30,TRUE,FALSE,UGA_flucast,2026-09-30,INFLAenza
Louisiana,LA,1,wk inc rsv hosp,hosp,2026-10-03,2026-10-10,UGA_flucast-INFLAenza,7,11,15,19,25,32,40,7,10,20,20,30,30,40,TRUE,FALSE,UGA_flucast,2026-09-30,INFLAenza
Louisiana,LA,2,wk inc rsv hosp,hosp,2026-10-03,2026-10-17,UGA_flucast-INFLAenza,8,12,17,23,31,39,52,8,10,20,20,30,40,50,TRUE,FALSE,UGA_flucast,2026-09-30,INFLAenza
Louisiana,LA,0,wk inc rsv prop ed visits,prop_ed,2026-10-03,2026-10-03,UGA_flucast-INFLAenza,2.5750142074527525e-4,3.961549871868951e-4,5.430164464392844e-4,7.604909212503689e-4,0.001007459739355485,0.001283289436001371,0.0016789236495489163,2.6e-4,4e-4,5.4e-4,7.6e-4,0.001,0.0013,0.0017,TRUE,FALSE,UGA_flucast,2026-09-30,INFLAenza
Louisiana,LA,1,wk inc rsv prop ed visits,prop_ed,2026-10-03,2026-10-10,UGA_flucast-INFLAenza,3.0269470807131225e-4,4.692426563810187e-4,6.630786304487549e-4,9.205490114505261e-4,0.0012324435733666865,0.001574017645732722,0.002041294783944804,3e-4,4.7e-4,6.6e-4,9.2e-4,0.0012,0.0016,0.002,TRUE,FALSE,UGA_flucast,2026-09-30,INFLAenza
Louisiana,LA,2,wk inc rsv prop ed visits,prop_ed,2026-10-03,2026-10-17,UGA_flucast-INFLAenza,3.880565509163595e-4,5.877960411239598e-4,8.243933694712471e-4,0.001150740472130068,0.0015445935188956106,0.0019892879180897793,0.0025494302303575526,3.9e-4,5.9e-4,8.2e-4,0.0012,0.0015,0.002,0.0025,TRUE,FALSE,UGA_flucast,2026-09-30,INFLAenza
Louisiana,LA,0,wk inc rsv hosp,hosp,2026-10-03,2026-10-03,RSVHub-ensemble,3.7134729081404245,6.30516514051463,10.18280371459765,14.49119282850009,17.731022001772974,22.5,31.762732739796682,4,6,10,10,20,20,30,FALSE,TRUE,RSVHub,2026-09-30,Ensemble using RSVHub forecast submissions
Louisiana,LA,1,wk inc rsv hosp,hosp,2026-10-03,2026-10-10,RSVHub-ensemble,3.297823823325134,5.604861459395587,11.718178195833652,18.13159446062867,25.394469047669812,33.189791836680506,69.1670715777037,3,6,10,20,30,30,70,FALSE,TRUE,RSVHub,2026-09-30,Ensemble using RSVHub forecast submissions
Louisiana,LA,2,wk inc rsv hosp,hosp,2026-10-03,2026-10-17,RSVHub-ensemble,3.7156742331129444,7.5,13.5,24.25,32.04547322416032,42.5,89.08388702192194,4,8,10,20,30,40,90,FALSE,TRUE,RSVHub,2026-09-30,Ensemble using RSVHub forecast submissions
Louisiana,LA,0,wk inc rsv prop ed visits,prop_ed,2026-10-03,2026-10-03,RSVHub-ensemble,2.734491010059517e-4,4.2403029243551465e-4,5.728945265998232e-4,7.484945067462787e-4,9.395881182992276e-4,0.0011511653113720375,0.0014459757171761977,2.7e-4,4.2e-4,5.7e-4,7.5e-4,9.4e-4,0.0012,0.0014,FALSE,TRUE,RSVHub,2026-09-30,Ensemble using RSVHub forecast submissions
Louisiana,LA,1,wk inc rsv prop ed visits,prop_ed,2026-10-03,2026-10-10,RSVHub-ensemble,2.9786176905505614e-4,4.6416554265232954e-4,6.812523707663469e-4,9.153750836349717e-4,0.0012000555487573544,0.001516314503757654,0.0019675286347632186,3e-4,4.6e-4,6.8e-4,9.2e-4,0.0012,0.0015,0.002,FALSE,TRUE,RSVHub,2026-09-30,Ensemble using RSVHub forecast submissions
Louisiana,LA,2,wk inc rsv prop ed visits,prop_ed,2026-10-03,2026-10-17,RSVHub-ensemble,3.5773295257879203e-4,5.390789851704865e-4,8.129458093653907e-4,0.0011484044138251306,0.0015609021483032988,0.0020663739435726122,0.0029110760455399237,3.6e-4,5.4e-4,8.1e-4,0.0011,0.0016,0.0021,0.0029,FALSE,TRUE,RSVHub,2026-09-30,Ensemble using RSVHub forecast submissions
Maine,ME,0,wk inc rsv hosp,hosp,2026-10-03,2026-10-03,CEPH-Rtrend_rsv,1,1,2,2,3,3,4,1,1,2,2,3,3,4,TRUE,FALSE,CEPH Lab at Indiana University,2026-09-30,Rtrend RSV
Maine,ME,1,wk inc rsv hosp,hosp,2026-10-03,2026-10-10,CEPH-Rtrend_rsv,1,1,2,2,3,4,5,1,1,2,2,3,4,5,TRUE,FALSE,CEPH Lab at Indiana University,2026-09-30,Rtrend RSV
Maine,ME,2,wk inc rsv hosp,hosp,2026-10-03,2026-10-17,CEPH-Rtrend_rsv,1,1,2,2,3,4,6,1,1,2,2,3,4,6,TRUE,FALSE,CEPH Lab at Indiana University,2026-09-30,Rtrend RSV
Maine,ME,0,wk inc rsv prop ed visits,prop_ed,2026-10-03,2026-10-03,CFA-NowcastAutoGP,0,0,0,1.2705297907851143e-5,3.702835198111946e-5,6.989435527124204e-5,1.1895810891714673e-4,0,0,0,1.3e-5,3.7e-5,7e-5,1.2e-4,TRUE,FALSE,Center for Forecasting and Outbreak Analytics (CDC/CFA),2026-09-30,NowcastAutoGP
Maine,ME,1,wk inc rsv prop ed visits,prop_ed,2026-10-03,2026-10-10,CFA-NowcastAutoGP,0,0,0,1.5699030653664475e-5,4.3433786261267786e-5,8.446207131985461e-5,1.736190556164798e-4,0,0,0,1.6e-5,4.3e-5,8.4e-5,1.7e-4,TRUE,FALSE,Center for Forecasting and Outbreak Analytics (CDC/CFA),2026-09-30,NowcastAutoGP
Maine,ME,2,wk inc rsv prop ed visits,prop_ed,2026-10-03,2026-10-17,CFA-NowcastAutoGP,0,0,2.475625569238308e-7,2.038180539137276e-5,5.189210048981375e-5,1.0750219810059717e-4,2.1854582329152212e-4,0,0,2.5e-7,2e-5,5.2e-5,1.1e-4,2.2e-4,TRUE,FALSE,Center for Forecasting and Outbreak Analytics (CDC/CFA),2026-09-30,NowcastAutoGP
Maine,ME,0,wk inc rsv prop ed visits,prop_ed,2026-10-03,2026-10-03,CFA-PyRenew_E,0,0,0,0,0,6.694740432048243e-5,7.276989768705473e-5,0,0,0,0,0,6.7e-5,7.3e-5,TRUE,FALSE,Center for Forecasting and Outbreak Analytics (CDC/CFA),2026-09-30,PyRenew-E
Maine,ME,1,wk inc rsv prop ed visits,prop_ed,2026-10-03,2026-10-10,CFA-PyRenew_E,0,0,0,0,0,0,7.365325415295466e-5,0,0,0,0,0,0,7.4e-5,TRUE,FALSE,Center for Forecasting and Outbreak Analytics (CDC/CFA),2026-09-30,PyRenew-E
Maine,ME,2,wk inc rsv prop ed visits,prop_ed,2026-10-03,2026-10-17,CFA-PyRenew_E,0,0,0,0,0,0,7.203465398925793e-5,0,0,0,0,0,0,7.2e-5,TRUE,FALSE,Center for Forecasting and Outbreak Analytics (CDC/CFA),2026-09-30,PyRenew-E
Maine,ME,0,wk inc rsv hosp,hosp,2026-10-03,2026-10-03,CFA-PyRenew_H,0,0,0,0,0,0,1,0,0,0,0,0,0,1,FALSE,FALSE,Center for Forecasting and Outbreak Analytics (CDC/CFA),2026-09-30,PyRenew-H
Maine,ME,1,wk inc rsv hosp,hosp,2026-10-03,2026-10-10,CFA-PyRenew_H,0,0,0,0,0,0,1,0,0,0,0,0,0,1,FALSE,FALSE,Center for Forecasting and Outbreak Analytics (CDC/CFA),2026-09-30,PyRenew-H
Maine,ME,2,wk inc rsv hosp,hosp,2026-10-03,2026-10-17,CFA-PyRenew_H,0,0,0,0,0,0,1,0,0,0,0,0,0,1,FALSE,FALSE,Center for Forecasting and Outbreak Analytics (CDC/CFA),2026-09-30,PyRenew-H
Maine,ME,0,wk inc rsv hosp,hosp,2026-10-03,2026-10-03,CFA-PyRenew_HE,0,0,0,0,0,0,1,0,0,0,0,0,0,1,TRUE,FALSE,Center for Forecasting and Outbreak Analytics (CDC/CFA),2026-09-30,PyRenew-HE
Maine,ME,1,wk inc rsv hosp,hosp,2026-10-03,2026-10-10,CFA-PyRenew_HE,0,0,0,0,0,0,1,0,0,0,0,0,0,1,TRUE,FALSE,Center for Forecasting and Outbreak Analytics (CDC/CFA),2026-09-30,PyRenew-HE
Maine,ME,2,wk inc rsv hosp,hosp,2026-10-03,2026-10-17,CFA-PyRenew_HE,0,0,0,0,0,0,1,0,0,0,0,0,0,1,TRUE,FALSE,Center for Forecasting and Outbreak Analytics (CDC/CFA),2026-09-30,PyRenew-HE
Maine,ME,0,wk inc rsv prop ed visits,prop_ed,2026-10-03,2026-10-03,CFA-PyRenew_HE,0,0,0,0,0,0,7.144627480818598e-5,0,0,0,0,0,0,7.1e-5,FALSE,FALSE,Center for Forecasting and Outbreak Analytics (CDC/CFA),2026-09-30,PyRenew-HE
Maine,ME,1,wk inc rsv prop ed visits,prop_ed,2026-10-03,2026-10-10,CFA-PyRenew_HE,0,0,0,0,0,0,7.243762651569066e-5,0,0,0,0,0,0,7.2e-5,FALSE,FALSE,Center for Forecasting and Outbreak Analytics (CDC/CFA),2026-09-30,PyRenew-HE
Maine,ME,2,wk inc rsv prop ed visits,prop_ed,2026-10-03,2026-10-17,CFA-PyRenew_HE,0,0,0,0,0,0,7.162342039582697e-5,0,0,0,0,0,0,7.2e-5,FALSE,FALSE,Center for Forecasting and Outbreak Analytics (CDC/CFA),2026-09-30,PyRenew-HE
Maine,ME,0,wk inc rsv hosp,hosp,2026-10-03,2026-10-03,NAU-epymorph,0,0,0,0,0,0,1,0,0,0,0,0,0,1,TRUE,FALSE,Northern Arizona University,2026-09-30,epymorph RSV compartmental model
Maine,ME,1,wk inc rsv hosp,hosp,2026-10-03,2026-10-10,NAU-epymorph,0,0,0,0,0,0,1,0,0,0,0,0,0,1,TRUE,FALSE,Northern Arizona University,2026-09-30,epymorph RSV compartmental model
Maine,ME,2,wk inc rsv hosp,hosp,2026-10-03,2026-10-17,NAU-epymorph,0,0,0,0,0,0,1,0,0,0,0,0,0,1,TRUE,FALSE,Northern Arizona University,2026-09-30,epymorph RSV compartmental model
Maine,ME,0,wk inc rsv hosp,hosp,2026-10-03,2026-10-03,RSVHub-baseline,0,0,0,0,1,4,7,0,0,0,0,1,4,7,FALSE,FALSE,RSVHub-hub-models,2026-09-30,RSVHub baseline model
Maine,ME,1,wk inc rsv hosp,hosp,2026-10-03,2026-10-10,RSVHub-baseline,0,0,0,0,3,6,10,0,0,0,0,3,6,10,FALSE,FALSE,RSVHub-hub-models,2026-09-30,RSVHub baseline model
Maine,ME,2,wk inc rsv hosp,hosp,2026-10-03,2026-10-17,RSVHub-baseline,0,0,0,1.2500125000514117e-4,3.084360843608451,6.084360843608451,10.8150316503165,0,0,0,0,3,6,10,FALSE,FALSE,RSVHub-hub-models,2026-09-30,RSVHub baseline model
Maine,ME,0,wk inc rsv prop ed visits,prop_ed,2026-10-03,2026-10-03,RSVHub-baseline,0,0,0,0,1.99999999999999e-4,7.000000000000001e-4,0.002,0,0,0,0,2e-4,7e-4,0.002,FALSE,FALSE,RSVHub-hub-models,2026-09-30,RSVHub baseline model
Maine,ME,1,wk inc rsv prop ed visits,prop_ed,2026-10-03,2026-10-10,RSVHub-baseline,0,0,0,0,3.6602341023410086e-4,0.0014000000000000002,0.003299999999999999,0,0,0,0,3.7e-4,0.0014,0.0033,FALSE,FALSE,RSVHub-hub-models,2026-09-30,RSVHub baseline model
Maine,ME,2,wk inc rsv prop ed visits,prop_ed,2026-10-03,2026-10-17,RSVHub-baseline,0,0,0,0,6.000000000000003e-4,0.0017975441754417543,0.0038714661646616663,0,0,0,0,6e-4,0.0018,0.0039,FALSE,FALSE,RSVHub-hub-models,2026-09-30,RSVHub baseline model
Maine,ME,0,wk inc rsv hosp,hosp,2026-10-03,2026-10-03,docxology-timesfm,0,0,0,0.0589759108901354,0.3103068776571752,0.8781800956390382,1.3613917041638872,0,0,0,0,0,1,1,TRUE,FALSE,docxology,2026-09-30,docxology timesfm
Maine,ME,1,wk inc rsv hosp,hosp,2026-10-03,2026-10-10,docxology-timesfm,0,0,0.11386418865885835,0.35637810747758375,0.6365144375932184,1.0896948008136669,1.3099265208523094,0,0,0,0,1,1,1,TRUE,FALSE,docxology,2026-09-30,docxology timesfm
Maine,ME,2,wk inc rsv hosp,hosp,2026-10-03,2026-10-17,docxology-timesfm,0,0,0.030165912215896207,0.39314537646183634,0.6097054599474564,0.9333109401364807,1.6416307868783506,0,0,0,0,1,1,2,TRUE,FALSE,docxology,2026-09-30,docxology timesfm
Maine,ME,0,wk inc rsv hosp,hosp,2026-10-03,2026-10-03,NAU-Copycat,0,0,0,0,0,1,1,0,0,0,0,0,1,1,TRUE,FALSE,NAU,2026-09-30,Copycat
Maine,ME,1,wk inc rsv hosp,hosp,2026-10-03,2026-10-10,NAU-Copycat,0,0,0,0,0,1,1,0,0,0,0,0,1,1,TRUE,FALSE,NAU,2026-09-30,Copycat
Maine,ME,2,wk inc rsv hosp,hosp,2026-10-03,2026-10-17,NAU-Copycat,0,0,0,0,0,1,1,0,0,0,0,0,1,1,TRUE,FALSE,NAU,2026-09-30,Copycat
Maine,ME,0,wk inc rsv prop ed visits,prop_ed,2026-10-03,2026-10-03,NAU-Copycat,0,0,0,2.199559525455779e-5,7.986554459499132e-5,1.5824942489686298e-4,2.625192488571905e-4,0,0,0,2.2e-5,8e-5,1.6e-4,2.6e-4,TRUE,FALSE,NAU,2026-09-30,Copycat
Maine,ME,1,wk inc rsv prop ed visits,prop_ed,2026-10-03,2026-10-10,NAU-Copycat,0,0,0,3.6268115104596657e-5,1.2184497103975332e-4,2.3995366634993793e-4,4.736964236094499e-4,0,0,0,3.6e-5,1.2e-4,2.4e-4,4.7e-4,TRUE,FALSE,NAU,2026-09-30,Copycat
Maine,ME,2,wk inc rsv prop ed visits,prop_ed,2026-10-03,2026-10-17,NAU-Copycat,0,0,0,6.512618787561399e-5,1.9381971443949817e-4,3.8662432992682703e-4,6.441182617691855e-4,0,0,0,6.5e-5,1.9e-4,3.9e-4,6.4e-4,TRUE,FALSE,NAU,2026-09-30,Copycat
Maine,ME,0,wk inc rsv hosp,hosp,2026-10-03,2026-10-03,UGA_flucast-INFLAenza,0,0,0,0,1,2,2,0,0,0,0,1,2,2,TRUE,FALSE,UGA_flucast,2026-09-30,INFLAenza
Maine,ME,1,wk inc rsv hosp,hosp,2026-10-03,2026-10-10,UGA_flucast-INFLAenza,0,0,0,0,1,2,3,0,0,0,0,1,2,3,TRUE,FALSE,UGA_flucast,2026-09-30,INFLAenza
Maine,ME,2,wk inc rsv hosp,hosp,2026-10-03,2026-10-17,UGA_flucast-INFLAenza,0,0,0,0,1,2,3,0,0,0,0,1,2,3,TRUE,FALSE,UGA_flucast,2026-09-30,INFLAenza
Maine,ME,0,wk inc rsv prop ed visits,prop_ed,2026-10-03,2026-10-03,UGA_flucast-INFLAenza,6.457170167001341e-6,2.4705386088777375e-5,6.145761553280542e-5,1.3087234328207207e-4,2.3584842911692421e-4,3.6074528928608233e-4,5.451459609396409e-4,6.5e-6,2.5e-5,6.1e-5,1.3e-4,2.4e-4,3.6e-4,5.5e-4,TRUE,FALSE,UGA_flucast,2026-09-30,INFLAenza
Maine,ME,1,wk inc rsv prop ed visits,prop_ed,2026-10-03,2026-10-10,UGA_flucast-INFLAenza,7.278320930851989e-6,2.958171617849174e-5,7.16854778112259e-5,1.4946106162544147e-4,2.6063771299752e-4,4.0653806759616913e-4,6.112716702862831e-4,7.3e-6,3e-5,7.2e-5,1.5e-4,2.6e-4,4.1e-4,6.1e-4,TRUE,FALSE,UGA_flucast,2026-09-30,INFLAenza
Maine,ME,2,wk inc rsv prop ed visits,prop_ed,2026-10-03,2026-10-17,UGA_flucast-INFLAenza,1.0912629397663927e-5,4.034170663314256e-5,9.11127790272789e-5,1.8356525538020156e-4,3.1907155237794106e-4,4.701872366558851e-4,6.961241236452112e-4,1.1e-5,4e-5,9.1e-5,1.8e-4,3.2e-4,4.7e-4,7e-4,TRUE,FALSE,UGA_flucast,2026-09-30,INFLAenza
Maine,ME,0,wk inc rsv hosp,hosp,2026-10-03,2026-10-03,RSVHub-ensemble,0,0,0,0,0.1551534388285876,0.9390900478195191,1.1806958520819437,0,0,0,0,0,1,1,FALSE,TRUE,RSVHub,2026-09-30,Ensemble using RSVHub forecast submissions
Maine,ME,1,wk inc rsv hosp,hosp,2026-10-03,2026-10-10,RSVHub-ensemble,0,0,0,0,0.3182572187966092,1.0448474004068333,1.1549632604261548,0,0,0,0,0,1,1,FALSE,TRUE,RSVHub,2026-09-30,Ensemble using RSVHub forecast submissions
Maine,ME,2,wk inc rsv hosp,hosp,2026-10-03,2026-10-17,RSVHub-ensemble,0,0,0,0,0.3048527299737282,0.9666554700682404,1.3208153934391753,0,0,0,0,0,1,1,FALSE,TRUE,RSVHub,2026-09-30,Ensemble using RSVHub forecast submissions
Maine,ME,0,wk inc rsv prop ed visits,prop_ed,2026-10-03,2026-10-03,RSVHub-ensemble,0,0,0,1.7350446581204466e-5,5.844694828805539e-5,1.1407189008405251e-4,1.9073867888716862e-4,0,0,0,1.7e-5,5.8e-5,1.1e-4,1.9e-4,FALSE,TRUE,RSVHub,2026-09-30,Ensemble using RSVHub forecast submissions
Maine,ME,1,wk inc rsv prop ed visits,prop_ed,2026-10-03,2026-10-10,RSVHub-ensemble,0,0,0,2.5983572879130566e-5,8.263937865051056e-5,1.6220786883489627e-4,3.236577396129648e-4,0,0,0,2.6e-5,8.3e-5,1.6e-4,3.2e-4,FALSE,TRUE,RSVHub,2026-09-30,Ensemble using RSVHub forecast submissions
Maine,ME,2,wk inc rsv prop ed visits,prop_ed,2026-10-03,2026-10-17,RSVHub-ensemble,0,0,1.237812784619154e-7,4.275399663349337e-5,1.2285590746465597e-4,2.470632640137121e-4,4.313320425303538e-4,0,0,1.2e-7,4.3e-5,1.2e-4,2.5e-4,4.3e-4,FALSE,TRUE,RSVHub,2026-09-30,Ensemble using RSVHub forecast submissions
Maryland,MD,0,wk inc rsv hosp,hosp,2026-10-03,2026-10-03,CEPH-Rtrend_rsv,3,4,5,6,8,10,12,3,4,5,6,8,10,10,TRUE,FALSE,CEPH Lab at Indiana University,2026-09-30,Rtrend RSV
Maryland,MD,1,wk inc rsv hosp,hosp,2026-10-03,2026-10-10,CEPH-Rtrend_rsv,2,3,4,7,9,13,18,2,3,4,7,9,10,20,TRUE,FALSE,CEPH Lab at Indiana University,2026-09-30,Rtrend RSV
Maryland,MD,2,wk inc rsv hosp,hosp,2026-10-03,2026-10-17,CEPH-Rtrend_rsv,2,3,4,7,12,18,28,2,3,4,7,10,20,30,TRUE,FALSE,CEPH Lab at Indiana University,2026-09-30,Rtrend RSV
Maryland,MD,0,wk inc rsv prop ed visits,prop_ed,2026-10-03,2026-10-03,CFA-NowcastAutoGP,8.562468147402935e-5,1.1945451279906782e-4,1.5513354576517774e-4,2.0718873659760195e-4,2.776599732448896e-4,3.617942325750395e-4,4.818065767143534e-4,8.6e-5,1.2e-4,1.6e-4,2.1e-4,2.8e-4,3.6e-4,4.8e-4,TRUE,FALSE,Center for Forecasting and Outbreak Analytics (CDC/CFA),2026-09-30,NowcastAutoGP
Maryland,MD,1,wk inc rsv prop ed visits,prop_ed,2026-10-03,2026-10-10,CFA-NowcastAutoGP,8.779119995777737e-5,1.264413928056669e-4,1.723691880592197e-4,2.3014699087743024e-4,3.186734355606631e-4,4.2302464285690706e-4,5.900445929471364e-4,8.8e-5,1.3e-4,1.7e-4,2.3e-4,3.2e-4,4.2e-4,5.9e-4,TRUE,FALSE,Center for Forecasting and Outbreak Analytics (CDC/CFA),2026-09-30,NowcastAutoGP
Maryland,MD,2,wk inc rsv prop ed visits,prop_ed,2026-10-03,2026-10-17,CFA-NowcastAutoGP,9.839920155573886e-5,1.435016159762445e-4,1.9316894077233465e-4,2.6470934128611386e-4,3.5816528791757105e-4,4.8123729650390024e-4,7.546595322672774e-4,9.8e-5,1.4e-4,1.9e-4,2.6e-4,3.6e-4,4.8e-4,7.5e-4,TRUE,FALSE,Center for Forecasting and Outbreak Analytics (CDC/CFA),2026-09-30,NowcastAutoGP
Maryland,MD,0,wk inc rsv prop ed visits,prop_ed,2026-10-03,2026-10-03,CFA-PyRenew_E,4.2637022640812394e-5,6.470682679623838e-5,1.0762803804693268e-4,1.51791700644364e-4,2.164964070253004e-4,2.8022667435300194e-4,3.6742009206572644e-4,4.3e-5,6.5e-5,1.1e-4,1.5e-4,2.2e-4,2.8e-4,3.7e-4,TRUE,FALSE,Center for Forecasting and Outbreak Analytics (CDC/CFA),2026-09-30,PyRenew-E
Maryland,MD,1,wk inc rsv prop ed visits,prop_ed,2026-10-03,2026-10-10,CFA-PyRenew_E,2.1575162637784587e-5,6.450242151796699e-5,1.0755789988210775e-4,1.719860275526068e-4,2.570137875597242e-4,3.4731601526840483e-4,4.755235889552816e-4,2.2e-5,6.5e-5,1.1e-4,1.7e-4,2.6e-4,3.5e-4,4.8e-4,TRUE,FALSE,Center for Forecasting and Outbreak Analytics (CDC/CFA),2026-09-30,PyRenew-E
Maryland,MD,2,wk inc rsv prop ed visits,prop_ed,2026-10-03,2026-10-17,CFA-PyRenew_E,2.1394989706798577e-5,4.378977585787649e-5,1.0680329663007361e-4,1.7383883696236828e-4,3.0017718219151014e-4,4.5816409128983523e-4,7.552077347331783e-4,2.1e-5,4.4e-5,1.1e-4,1.7e-4,3e-4,4.6e-4,7.6e-4,TRUE,FALSE,Center for Forecasting and Outbreak Analytics (CDC/CFA),2026-09-30,PyRenew-E
Maryland,MD,0,wk inc rsv hosp,hosp,2026-10-03,2026-10-03,CFA-PyRenew_H,0,0,1,2,3,5,8,0,0,1,2,3,5,8,FALSE,FALSE,Center for Forecasting and Outbreak Analytics (CDC/CFA),2026-09-30,PyRenew-H
Maryland,MD,1,wk inc rsv hosp,hosp,2026-10-03,2026-10-10,CFA-PyRenew_H,0,0,1,2,4,6,10.024999999999864,0,0,1,2,4,6,10,FALSE,FALSE,Center for Forecasting and Outbreak Analytics (CDC/CFA),2026-09-30,PyRenew-H
Maryland,MD,2,wk inc rsv hosp,hosp,2026-10-03,2026-10-17,CFA-PyRenew_H,0,0,1,2,4,7,14,0,0,1,2,4,7,10,FALSE,FALSE,Center for Forecasting and Outbreak Analytics (CDC/CFA),2026-09-30,PyRenew-H
Maryland,MD,0,wk inc rsv hosp,hosp,2026-10-03,2026-10-03,CFA-PyRenew_HE,0,1,1,3,4,6,8,0,1,1,3,4,6,8,TRUE,FALSE,Center for Forecasting and Outbreak Analytics (CDC/CFA),2026-09-30,PyRenew-HE
Maryland,MD,1,wk inc rsv hosp,hosp,2026-10-03,2026-10-10,CFA-PyRenew_HE,0,1,1,3,4,6,9,0,1,1,3,4,6,9,TRUE,FALSE,Center for Forecasting and Outbreak Analytics (CDC/CFA),2026-09-30,PyRenew-HE
Maryland,MD,2,wk inc rsv hosp,hosp,2026-10-03,2026-10-17,CFA-PyRenew_HE,0,0,1,3,5,7,13,0,0,1,3,5,7,10,TRUE,FALSE,Center for Forecasting and Outbreak Analytics (CDC/CFA),2026-09-30,PyRenew-HE
Maryland,MD,0,wk inc rsv prop ed visits,prop_ed,2026-10-03,2026-10-03,CFA-PyRenew_HE,2.1746799753955936e-5,6.449593694128382e-5,1.0661703658704138e-4,1.49880352217278e-4,1.9439828042759519e-4,2.571300083781613e-4,3.275776367180328e-4,2.2e-5,6.4e-5,1.1e-4,1.5e-4,1.9e-4,2.6e-4,3.3e-4,FALSE,FALSE,Center for Forecasting and Outbreak Analytics (CDC/CFA),2026-09-30,PyRenew-HE
Maryland,MD,1,wk inc rsv prop ed visits,prop_ed,2026-10-03,2026-10-10,CFA-PyRenew_HE,2.1446357458310833e-5,6.393824778385779e-5,8.64298725261997e-5,1.4990035882342818e-4,2.1552302385474998e-4,2.9949506983501054e-4,4.2590256250901834e-4,2.1e-5,6.4e-5,8.6e-5,1.5e-4,2.2e-4,3e-4,4.3e-4,FALSE,FALSE,Center for Forecasting and Outbreak Analytics (CDC/CFA),2026-09-30,PyRenew-HE
Maryland,MD,2,wk inc rsv prop ed visits,prop_ed,2026-10-03,2026-10-17,CFA-PyRenew_HE,2.1347713861757495e-5,4.3057607102881894e-5,8.577747287051e-5,1.502960299871895e-4,2.3860824255274245e-4,3.817405123332924e-4,5.609813383836884e-4,2.1e-5,4.3e-5,8.6e-5,1.5e-4,2.4e-4,3.8e-4,5.6e-4,FALSE,FALSE,Center for Forecasting and Outbreak Analytics (CDC/CFA),2026-09-30,PyRenew-HE
Maryland,MD,0,wk inc rsv hosp,hosp,2026-10-03,2026-10-03,NAU-epymorph,0,0,0,1,3,7,13,0,0,0,1,3,7,10,TRUE,FALSE,Northern Arizona University,2026-09-30,epymorph RSV compartmental model
Maryland,MD,1,wk inc rsv hosp,hosp,2026-10-03,2026-10-10,NAU-epymorph,0,0,0,1,4,10,22,0,0,0,1,4,10,20,TRUE,FALSE,Northern Arizona University,2026-09-30,epymorph RSV compartmental model
Maryland,MD,2,wk inc rsv hosp,hosp,2026-10-03,2026-10-17,NAU-epymorph,0,0,0,1,5,13,38,0,0,0,1,5,10,40,TRUE,FALSE,Northern Arizona University,2026-09-30,epymorph RSV compartmental model
Maryland,MD,0,wk inc rsv hosp,hosp,2026-10-03,2026-10-03,RSVHub-baseline,0,0,0,0,2,12,44.89999999999988,0,0,0,0,2,10,40,FALSE,FALSE,RSVHub-hub-models,2026-09-30,RSVHub baseline model
Maryland,MD,1,wk inc rsv hosp,hosp,2026-10-03,2026-10-10,RSVHub-baseline,0,0,0,0,7,24.192411924119202,57.16808943089428,0,0,0,0,7,20,60,FALSE,FALSE,RSVHub-hub-models,2026-09-30,RSVHub baseline model
Maryland,MD,2,wk inc rsv hosp,hosp,2026-10-03,2026-10-17,RSVHub-baseline,0,0,0,0,11,35.21165311653121,66.11957994579934,0,0,0,0,10,40,70,FALSE,FALSE,RSVHub-hub-models,2026-09-30,RSVHub baseline model
Maryland,MD,0,wk inc rsv prop ed visits,prop_ed,2026-10-03,2026-10-03,RSVHub-baseline,0,0,0,2e-4,4e-4,0.0011500000000000013,0.003024999999999998,0,0,0,2e-4,4e-4,0.0012,0.003,FALSE,FALSE,RSVHub-hub-models,2026-09-30,RSVHub baseline model
Maryland,MD,1,wk inc rsv prop ed visits,prop_ed,2026-10-03,2026-10-10,RSVHub-baseline,0,0,0,2e-4,7.999999999999986e-4,0.0020338164381643858,0.0036130913309133073,0,0,0,2e-4,8e-4,0.002,0.0036,FALSE,FALSE,RSVHub-hub-models,2026-09-30,RSVHub baseline model
Maryland,MD,2,wk inc rsv prop ed visits,prop_ed,2026-10-03,2026-10-17,RSVHub-baseline,0,0,0,2e-4,0.0010000000000000009,0.002538137781377817,0.004154088140881405,0,0,0,2e-4,0.001,0.0025,0.0042,FALSE,FALSE,RSVHub-hub-models,2026-09-30,RSVHub baseline model
Maryland,MD,0,wk inc rsv hosp,hosp,2026-10-03,2026-10-03,docxology-timesfm,0.04383765833078804,0.45041194232052806,1.1985246103708886,1.6616087460568525,2.587977160729087,3.313824397090657,4.453561797646251,0,0,1,2,3,3,4,TRUE,FALSE,docxology,2026-09-30,docxology timesfm
Maryland,MD,1,wk inc rsv hosp,hosp,2026-10-03,2026-10-10,docxology-timesfm,0.13821997558367605,0.20818550320156823,1.6698258911706694,2.8266972191250685,3.9397942282435787,5.48006665606525,7.9992500802567434,0,0,2,3,4,5,8,TRUE,FALSE,docxology,2026-09-30,docxology timesfm
Maryland,MD,2,wk inc rsv hosp,hosp,2026-10-03,2026-10-17,docxology-timesfm,0.25887930865158476,0.820561702647887,2.2826136214885793,5.347388982522492,9.094215122664217,10.48379862746578,11.223810541720418,0,1,2,5,9,10,10,TRUE,FALSE,docxology,2026-09-30,docxology timesfm
Maryland,MD,0,wk inc rsv hosp,hosp,2026-10-03,2026-10-03,NAU-Copycat,0,0,0,0,1,3,8,0,0,0,0,1,3,8,TRUE,FALSE,NAU,2026-09-30,Copycat
Maryland,MD,1,wk inc rsv hosp,hosp,2026-10-03,2026-10-10,NAU-Copycat,0,0,0,0,2,6,19,0,0,0,0,2,6,20,TRUE,FALSE,NAU,2026-09-30,Copycat
Maryland,MD,2,wk inc rsv hosp,hosp,2026-10-03,2026-10-17,NAU-Copycat,0,0,0,1,3,9.100000000000136,37.02499999999998,0,0,0,1,3,9,40,TRUE,FALSE,NAU,2026-09-30,Copycat
Maryland,MD,0,wk inc rsv prop ed visits,prop_ed,2026-10-03,2026-10-03,NAU-Copycat,3.792601050999136e-5,1.1182060334439677e-4,1.8011051100477995e-4,2.646284839563459e-4,3.70782995041451e-4,5.211961237733575e-4,7.811862073386091e-4,3.8e-5,1.1e-4,1.8e-4,2.6e-4,3.7e-4,5.2e-4,7.8e-4,TRUE,FALSE,NAU,2026-09-30,Copycat
Maryland,MD,1,wk inc rsv prop ed visits,prop_ed,2026-10-03,2026-10-10,NAU-Copycat,2.150962798782771e-5,1.1754636399520608e-4,2.0646420708096997e-4,3.422455255473202e-4,5.134239990374392e-4,7.314183214806595e-4,0.0011119651782773659,2.2e-5,1.2e-4,2.1e-4,3.4e-4,5.1e-4,7.3e-4,0.0011,TRUE,FALSE,NAU,2026-09-30,Copycat
Maryland,MD,2,wk inc rsv prop ed visits,prop_ed,2026-10-03,2026-10-17,NAU-Copycat,3.44785841986243e-5,1.3395913355283845e-4,2.450676293655388e-4,4.3768845409926117e-4,6.898481338005423e-4,0.0010318942715978894,0.001614858272204309,3.4e-5,1.3e-4,2.5e-4,4.4e-4,6.9e-4,0.001,0.0016,TRUE,FALSE,NAU,2026-09-30,Copycat
Maryland,MD,0,wk inc rsv hosp,hosp,2026-10-03,2026-10-03,UGA_flucast-INFLAenza,0,1,2,3,4,6,8,0,1,2,3,4,6,8,TRUE,FALSE,UGA_flucast,2026-09-30,INFLAenza
Maryland,MD,1,wk inc rsv hosp,hosp,2026-10-03,2026-10-10,UGA_flucast-INFLAenza,0,1,2,4,6,8,10,0,1,2,4,6,8,10,TRUE,FALSE,UGA_flucast,2026-09-30,INFLAenza
Maryland,MD,2,wk inc rsv hosp,hosp,2026-10-03,2026-10-17,UGA_flucast-INFLAenza,0,1,3,4,7,9,13,0,1,3,4,7,9,10,TRUE,FALSE,UGA_flucast,2026-09-30,INFLAenza
Maryland,MD,0,wk inc rsv prop ed visits,prop_ed,2026-10-03,2026-10-03,UGA_flucast-INFLAenza,3.271707365601959e-5,7.333979576128018e-5,1.327204073751452e-4,2.2502731246352542e-4,3.5530343113593545e-4,5.048625279236115e-4,7.204441072501014e-4,3.3e-5,7.3e-5,1.3e-4,2.3e-4,3.6e-4,5e-4,7.2e-4,TRUE,FALSE,UGA_flucast,2026-09-30,INFLAenza
Maryland,MD,1,wk inc rsv prop ed visits,prop_ed,2026-10-03,2026-10-10,UGA_flucast-INFLAenza,3.92276688810051e-5,9.162399215944506e-5,1.5868607717630607e-4,2.6602974668589745e-4,4.105692900904562e-4,5.79721755778831e-4,8.179912501663275e-4,3.9e-5,9.2e-5,1.6e-4,2.7e-4,4.1e-4,5.8e-4,8.2e-4,TRUE,FALSE,UGA_flucast,2026-09-30,INFLAenza
Maryland,MD,2,wk inc rsv prop ed visits,prop_ed,2026-10-03,2026-10-17,UGA_flucast-INFLAenza,5.3449637516141836e-5,1.111718785154428e-4,1.9191106469952006e-4,3.2268071940513333e-4,4.997792191282096e-4,6.879237209748487e-4,9.578720115811403e-4,5.3e-5,1.1e-4,1.9e-4,3.2e-4,5e-4,6.9e-4,9.6e-4,TRUE,FALSE,UGA_flucast,2026-09-30,INFLAenza
Maryland,MD,0,wk inc rsv hosp,hosp,2026-10-03,2026-10-03,RSVHub-ensemble,0,0.7252059711602641,1.0992623051854444,2.3308043730284265,3.5,6,8,0,1,1,2,4,6,8,FALSE,TRUE,RSVHub,2026-09-30,Ensemble using RSVHub forecast submissions
Maryland,MD,1,wk inc rsv hosp,hosp,2026-10-03,2026-10-10,RSVHub-ensemble,0,0.6040927516007841,1.3349129455853346,2.9133486095625343,4,7,14,0,1,1,3,4,7,10,FALSE,TRUE,RSVHub,2026-09-30,Ensemble using RSVHub forecast submissions
Maryland,MD,2,wk inc rsv hosp,hosp,2026-10-03,2026-10-17,RSVHub-ensemble,0,0.4102808513239435,1.6413068107442896,3.5,6,9.791899313732959,20.5,0,0,2,4,6,10,20,FALSE,TRUE,RSVHub,2026-09-30,Ensemble using RSVHub forecast submissions
Maryland,MD,0,wk inc rsv prop ed visits,prop_ed,2026-10-03,2026-10-03,RSVHub-ensemble,4.0281516575401876e-5,9.258019955283847e-5,1.4392697657016147e-4,2.1610802453056368e-4,3.1648170219041255e-4,4.333283802493255e-4,6.011253419822274e-4,4e-5,9.3e-5,1.4e-4,2.2e-4,3.2e-4,4.3e-4,6e-4,FALSE,TRUE,RSVHub,2026-09-30,Ensemble using RSVHub forecast submissions
Maryland,MD,1,wk inc rsv prop ed visits,prop_ed,2026-10-03,2026-10-10,RSVHub-ensemble,3.0401415759394844e-5,1.0458517807732557e-4,1.6552763261776286e-4,2.4808836878166383e-4,3.6462136282555967e-4,5.01373199317869e-4,7.04017921556732e-4,3e-5,1e-4,1.7e-4,2.5e-4,3.6e-4,5e-4,7e-4,FALSE,TRUE,RSVHub,2026-09-30,Ensemble using RSVHub forecast submissions
Maryland,MD,2,wk inc rsv prop ed visits,prop_ed,2026-10-03,2026-10-17,RSVHub-ensemble,4.396411085738307e-5,1.2256550603414063e-4,1.9254000273592737e-4,2.936950303456236e-4,4.289722535228903e-4,5.845805087393745e-4,8.565398731571593e-4,4.4e-5,1.2e-4,1.9e-4,2.9e-4,4.3e-4,5.8e-4,8.6e-4,FALSE,TRUE,RSVHub,2026-09-30,Ensemble using RSVHub forecast submissions
Massachusetts,MA,0,wk inc rsv hosp,hosp,2026-10-03,2026-10-03,CEPH-Rtrend_rsv,1,3,4,6,8,11,14,1,3,4,6,8,10,10,TRUE,FALSE,CEPH Lab at Indiana University,2026-09-30,Rtrend RSV
Massachusetts,MA,1,wk inc rsv hosp,hosp,2026-10-03,2026-10-10,CEPH-Rtrend_rsv,1,2,4,7,9,13,18,1,2,4,7,9,10,20,TRUE,FALSE,CEPH Lab at Indiana University,2026-09-30,Rtrend RSV
Massachusetts,MA,2,wk inc rsv hosp,hosp,2026-10-03,2026-10-17,CEPH-Rtrend_rsv,0,2,4,7,10,15,21,0,2,4,7,10,20,20,TRUE,FALSE,CEPH Lab at Indiana University,2026-09-30,Rtrend RSV
Massachusetts,MA,0,wk inc rsv prop ed visits,prop_ed,2026-10-03,2026-10-03,CFA-NowcastAutoGP,8.208007719296708e-5,1.0211553062639877e-4,1.2684436181964223e-4,1.5871026779389402e-4,2.0020011183925722e-4,2.437344156057581e-4,3.0843467007240507e-4,8.2e-5,1e-4,1.3e-4,1.6e-4,2e-4,2.4e-4,3.1e-4,TRUE,FALSE,Center for Forecasting and Outbreak Analytics (CDC/CFA),2026-09-30,NowcastAutoGP
Massachusetts,MA,1,wk inc rsv prop ed visits,prop_ed,2026-10-03,2026-10-10,CFA-NowcastAutoGP,8.810671394640593e-5,1.1306891947945633e-4,1.430840384280726e-4,1.857054775467304e-4,2.4089394761423198e-4,3.0068450382342174e-4,4.146164034480148e-4,8.8e-5,1.1e-4,1.4e-4,1.9e-4,2.4e-4,3e-4,4.1e-4,TRUE,FALSE,Center for Forecasting and Outbreak Analytics (CDC/CFA),2026-09-30,NowcastAutoGP
Massachusetts,MA,2,wk inc rsv prop ed visits,prop_ed,2026-10-03,2026-10-17,CFA-NowcastAutoGP,9.122711728174886e-5,1.25568046485124e-4,1.5999373409236278e-4,2.1658644961859594e-4,2.85134755545285e-4,3.61920896700946e-4,5.018065890158754e-4,9.1e-5,1.3e-4,1.6e-4,2.2e-4,2.9e-4,3.6e-4,5e-4,TRUE,FALSE,Center for Forecasting and Outbreak Analytics (CDC/CFA),2026-09-30,NowcastAutoGP
Massachusetts,MA,0,wk inc rsv prop ed visits,prop_ed,2026-10-03,2026-10-03,CFA-PyRenew_E,6.528967440166379e-5,9.898812281692847e-5,1.4541713338241246e-4,1.9457057820568383e-4,0.00025945268017634387,3.267249042162336e-4,4.1821368455905106e-4,6.5e-5,9.9e-5,1.5e-4,1.9e-4,2.6e-4,3.3e-4,4.2e-4,TRUE,FALSE,Center for Forecasting and Outbreak Analytics (CDC/CFA),2026-09-30,PyRenew-E
Massachusetts,MA,1,wk inc rsv prop ed visits,prop_ed,2026-10-03,2026-10-10,CFA-PyRenew_E,6.472675607417267e-5,1.1119261852960041e-4,1.6220836046204907e-4,2.3252937945255513e-4,3.3137258419244553e-4,4.560490586068999e-4,6.511299938226528e-4,6.5e-5,1.1e-4,1.6e-4,2.3e-4,3.3e-4,4.6e-4,6.5e-4,TRUE,FALSE,Center for Forecasting and Outbreak Analytics (CDC/CFA),2026-09-30,PyRenew-E
Massachusetts,MA,2,wk inc rsv prop ed visits,prop_ed,2026-10-03,2026-10-17,CFA-PyRenew_E,5.008329357219592e-5,9.943344785204009e-5,1.7372750173875036e-4,2.760775112917946e-4,4.34737591327861e-4,6.618413575558218e-4,0.0011378956681509116,5e-5,9.9e-5,1.7e-4,2.8e-4,4.3e-4,6.6e-4,0.0011,TRUE,FALSE,Center for Forecasting and Outbreak Analytics (CDC/CFA),2026-09-30,PyRenew-E
Massachusetts,MA,0,wk inc rsv hosp,hosp,2026-10-03,2026-10-03,CFA-PyRenew_H,0,1,2,4,6,8,11,0,1,2,4,6,8,10,FALSE,FALSE,Center for Forecasting and Outbreak Analytics (CDC/CFA),2026-09-30,PyRenew-H
Massachusetts,MA,1,wk inc rsv hosp,hosp,2026-10-03,2026-10-10,CFA-PyRenew_H,0,1,2,3,6,9,14,0,1,2,3,6,9,10,FALSE,FALSE,Center for Forecasting and Outbreak Analytics (CDC/CFA),2026-09-30,PyRenew-H
Massachusetts,MA,2,wk inc rsv hosp,hosp,2026-10-03,2026-10-17,CFA-PyRenew_H,0,1,1,3,6,10,18,0,1,1,3,6,10,20,FALSE,FALSE,Center for Forecasting and Outbreak Analytics (CDC/CFA),2026-09-30,PyRenew-H
Massachusetts,MA,0,wk inc rsv hosp,hosp,2026-10-03,2026-10-03,CFA-PyRenew_HE,1,2,3,5,7,9,12,1,2,3,5,7,9,10,TRUE,FALSE,Center for Forecasting and Outbreak Analytics (CDC/CFA),2026-09-30,PyRenew-HE
Massachusetts,MA,1,wk inc rsv hosp,hosp,2026-10-03,2026-10-10,CFA-PyRenew_HE,1,2,4,5,8,11,16,1,2,4,5,8,10,20,TRUE,FALSE,Center for Forecasting and Outbreak Analytics (CDC/CFA),2026-09-30,PyRenew-HE
Massachusetts,MA,2,wk inc rsv hosp,hosp,2026-10-03,2026-10-17,CFA-PyRenew_HE,1,2,3,6,10,15,26,1,2,3,6,10,20,30,TRUE,FALSE,Center for Forecasting and Outbreak Analytics (CDC/CFA),2026-09-30,PyRenew-HE
Massachusetts,MA,0,wk inc rsv prop ed visits,prop_ed,2026-10-03,2026-10-03,CFA-PyRenew_HE,6.50341392746093e-5,9.733779532163854e-5,1.3302736326677834e-4,1.802235880357964e-4,2.4137481730973374e-4,3.0470162525039e-4,3.860197397228651e-4,6.5e-5,9.7e-5,1.3e-4,1.8e-4,2.4e-4,3e-4,3.9e-4,FALSE,FALSE,Center for Forecasting and Outbreak Analytics (CDC/CFA),2026-09-30,PyRenew-HE
Massachusetts,MA,1,wk inc rsv prop ed visits,prop_ed,2026-10-03,2026-10-10,CFA-PyRenew_HE,4.98137805173817e-5,9.803195298159495e-5,1.4694153608261687e-4,2.0868695804413898e-4,2.917313394974525e-4,3.894037448776079e-4,5.406663661337228e-4,5e-5,9.8e-5,1.5e-4,2.1e-4,2.9e-4,3.9e-4,5.4e-4,FALSE,FALSE,Center for Forecasting and Outbreak Analytics (CDC/CFA),2026-09-30,PyRenew-HE
Massachusetts,MA,2,wk inc rsv prop ed visits,prop_ed,2026-10-03,2026-10-17,CFA-PyRenew_HE,4.901526291962777e-5,9.672175778860324e-5,1.4792119078554412e-4,2.3428379057840765e-4,3.542970335238541e-4,5.334318274491372e-4,8.10193877440533e-4,4.9e-5,9.7e-5,1.5e-4,2.3e-4,3.5e-4,5.3e-4,8.1e-4,FALSE,FALSE,Center for Forecasting and Outbreak Analytics (CDC/CFA),2026-09-30,PyRenew-HE
Massachusetts,MA,0,wk inc rsv hosp,hosp,2026-10-03,2026-10-03,NAU-epymorph,0,0,2,4,7,11,20,0,0,2,4,7,10,20,TRUE,FALSE,Northern Arizona University,2026-09-30,epymorph RSV compartmental model
Massachusetts,MA,1,wk inc rsv hosp,hosp,2026-10-03,2026-10-10,NAU-epymorph,0,0,2,4,8,15,31,0,0,2,4,8,20,30,TRUE,FALSE,Northern Arizona University,2026-09-30,epymorph RSV compartmental model
Massachusetts,MA,2,wk inc rsv hosp,hosp,2026-10-03,2026-10-17,NAU-epymorph,0,0,1,4,9,19,42,0,0,1,4,9,20,40,TRUE,FALSE,Northern Arizona University,2026-09-30,epymorph RSV compartmental model
Massachusetts,MA,0,wk inc rsv hosp,hosp,2026-10-03,2026-10-03,RSVHub-baseline,0,0,0,3,10.250000000000007,30.400000000000006,86.62499999999997,0,0,0,3,10,30,90,FALSE,FALSE,RSVHub-hub-models,2026-09-30,RSVHub baseline model
Massachusetts,MA,1,wk inc rsv hosp,hosp,2026-10-03,2026-10-10,RSVHub-baseline,0,0,0,3,19.829613296132962,53.267572675726896,106.9713089630903,0,0,0,3,20,50,110,FALSE,FALSE,RSVHub-hub-models,2026-09-30,RSVHub baseline model
Massachusetts,MA,2,wk inc rsv hosp,hosp,2026-10-03,2026-10-17,RSVHub-baseline,0,0,0,3,27,68.34403844038448,135.44541120411145,0,0,0,3,30,70,140,FALSE,FALSE,RSVHub-hub-models,2026-09-30,RSVHub baseline model
Massachusetts,MA,0,wk inc rsv prop ed visits,prop_ed,2026-10-03,2026-10-03,RSVHub-baseline,0,0,0,1e-4,3e-4,0.0011500000000000013,0.0032624999999999985,0,0,0,1e-4,3e-4,0.0012,0.0033,FALSE,FALSE,RSVHub-hub-models,2026-09-30,RSVHub baseline model
Massachusetts,MA,1,wk inc rsv prop ed visits,prop_ed,2026-10-03,2026-10-10,RSVHub-baseline,0,0,0,1e-4,7.999999999999997e-4,0.0023,0.0038000000000000004,0,0,0,1e-4,8e-4,0.0023,0.0038,FALSE,FALSE,RSVHub-hub-models,2026-09-30,RSVHub baseline model
Massachusetts,MA,2,wk inc rsv prop ed visits,prop_ed,2026-10-03,2026-10-17,RSVHub-baseline,0,0,0,1e-4,0.0010999999999999992,0.0026999999999999997,0.0044285220102200885,0,0,0,1e-4,0.0011,0.0027,0.0044,FALSE,FALSE,RSVHub-hub-models,2026-09-30,RSVHub baseline model
Massachusetts,MA,0,wk inc rsv hosp,hosp,2026-10-03,2026-10-03,docxology-timesfm,0.5727320170899941,1.0937632152254988,2.12943640798088,3.0311194791570975,3.851020389744868,7.644680696089003,11.942317491668119,1,1,2,3,4,8,10,TRUE,FALSE,docxology,2026-09-30,docxology timesfm
Massachusetts,MA,1,wk inc rsv hosp,hosp,2026-10-03,2026-10-10,docxology-timesfm,0.3602205339455891,1.509286467849067,1.7751057130010206,2.107844591538317,3.31972296896776,4.351938211438552,6.182048094483427,0,2,2,2,3,4,6,TRUE,FALSE,docxology,2026-09-30,docxology timesfm
Massachusetts,MA,2,wk inc rsv hosp,hosp,2026-10-03,2026-10-17,docxology-timesfm,1.2843110578487478,3.8223038587563782,4.510138301963824,5.441944337985301,6.357893071144625,8.58355045230214,14.593354998600375,1,4,5,5,6,9,10,TRUE,FALSE,docxology,2026-09-30,docxology timesfm
Massachusetts,MA,0,wk inc rsv hosp,hosp,2026-10-03,2026-10-03,NAU-Copycat,0,1,2,4,6,10,15,0,1,2,4,6,10,20,TRUE,FALSE,NAU,2026-09-30,Copycat
Massachusetts,MA,1,wk inc rsv hosp,hosp,2026-10-03,2026-10-10,NAU-Copycat,0,1,3,4,7,12,21,0,1,3,4,7,10,20,TRUE,FALSE,NAU,2026-09-30,Copycat
Massachusetts,MA,2,wk inc rsv hosp,hosp,2026-10-03,2026-10-17,NAU-Copycat,0,1,3,5,9,15,25.049999999999955,0,1,3,5,9,20,30,TRUE,FALSE,NAU,2026-09-30,Copycat
Massachusetts,MA,0,wk inc rsv prop ed visits,prop_ed,2026-10-03,2026-10-03,NAU-Copycat,0,3.9962142866384035e-5,9.167612585932286e-5,1.464779822569318e-4,2.2690536007307927e-4,3.286403890100173e-4,5.041310484241689e-4,0,4e-5,9.2e-5,1.5e-4,2.3e-4,3.3e-4,5e-4,TRUE,FALSE,NAU,2026-09-30,Copycat
Massachusetts,MA,1,wk inc rsv prop ed visits,prop_ed,2026-10-03,2026-10-10,NAU-Copycat,0,4.22887668888559e-5,1.0804533093900253e-4,1.957251240619311e-4,3.1474764993928467e-4,4.746503115742698e-4,7.077746330296218e-4,0,4.2e-5,1.1e-4,2e-4,3.1e-4,4.7e-4,7.1e-4,TRUE,FALSE,NAU,2026-09-30,Copycat
Massachusetts,MA,2,wk inc rsv prop ed visits,prop_ed,2026-10-03,2026-10-17,NAU-Copycat,0,6.060017885665528e-5,1.3835654672242364e-4,2.587091087029133e-4,4.2932260432111056e-4,6.55623175484022e-4,0.0010046362072441526,0,6.1e-5,1.4e-4,2.6e-4,4.3e-4,6.6e-4,0.001,TRUE,FALSE,NAU,2026-09-30,Copycat
Massachusetts,MA,0,wk inc rsv hosp,hosp,2026-10-03,2026-10-03,UGA_flucast-INFLAenza,1,2,4,6,8,10,14,1,2,4,6,8,10,10,TRUE,FALSE,UGA_flucast,2026-09-30,INFLAenza
Massachusetts,MA,1,wk inc rsv hosp,hosp,2026-10-03,2026-10-10,UGA_flucast-INFLAenza,1,3,5,7,10,13,17,1,3,5,7,10,10,20,TRUE,FALSE,UGA_flucast,2026-09-30,INFLAenza
Massachusetts,MA,2,wk inc rsv hosp,hosp,2026-10-03,2026-10-17,UGA_flucast-INFLAenza,2,4,5,8,12,16,21,2,4,5,8,10,20,20,TRUE,FALSE,UGA_flucast,2026-09-30,INFLAenza
Massachusetts,MA,0,wk inc rsv prop ed visits,prop_ed,2026-10-03,2026-10-03,UGA_flucast-INFLAenza,2.5934951512897356e-5,6.264521785295991e-5,1.2086316314506161e-4,2.107456157170014e-4,3.385517383386649e-4,4.909405680490737e-4,6.901183464049006e-4,2.6e-5,6.3e-5,1.2e-4,2.1e-4,3.4e-4,4.9e-4,6.9e-4,TRUE,FALSE,UGA_flucast,2026-09-30,INFLAenza
Massachusetts,MA,1,wk inc rsv prop ed visits,prop_ed,2026-10-03,2026-10-10,UGA_flucast-INFLAenza,3.472167449136759e-5,8.293967758796244e-5,1.4938020909762667e-4,2.501323784474781e-4,3.89783877268273e-4,5.604952350278271e-4,7.735601652273519e-4,3.5e-5,8.3e-5,1.5e-4,2.5e-4,3.9e-4,5.6e-4,7.7e-4,TRUE,FALSE,UGA_flucast,2026-09-30,INFLAenza
Massachusetts,MA,2,wk inc rsv prop ed visits,prop_ed,2026-10-03,2026-10-17,UGA_flucast-INFLAenza,4.78126834027104e-5,1.0286175857574033e-4,1.8122248896353948e-4,3.021668997405325e-4,4.620119626484896e-4,6.384581865140814e-4,8.909515732511898e-4,4.8e-5,1e-4,1.8e-4,3e-4,4.6e-4,6.4e-4,8.9e-4,TRUE,FALSE,UGA_flucast,2026-09-30,INFLAenza
Massachusetts,MA,0,wk inc rsv hosp,hosp,2026-10-03,2026-10-03,RSVHub-ensemble,0.786366008544997,1.5468816076127494,2.5647182039904397,4.5,7,10,14,1,2,3,5,7,10,10,FALSE,TRUE,RSVHub,2026-09-30,Ensemble using RSVHub forecast submissions
Massachusetts,MA,1,wk inc rsv hosp,hosp,2026-10-03,2026-10-10,RSVHub-ensemble,0.6801102669727945,1.7546432339245335,3.5,4.5,8,12.5,17.5,1,2,4,5,8,10,20,FALSE,TRUE,RSVHub,2026-09-30,Ensemble using RSVHub forecast submissions
Massachusetts,MA,2,wk inc rsv hosp,hosp,2026-10-03,2026-10-17,RSVHub-ensemble,0.5,2,3.5,5.720972168992651,9.5,15,23.024999999999977,1,2,4,6,10,20,20,FALSE,TRUE,RSVHub,2026-09-30,Ensemble using RSVHub forecast submissions
Massachusetts,MA,0,wk inc rsv prop ed visits,prop_ed,2026-10-03,2026-10-03,RSVHub-ensemble,4.561231295728057e-5,8.081667033494419e-5,1.2385376248235194e-4,1.7664042299978894e-4,2.4317902012471157e-4,3.2768264661312544e-4,4.6117236649161e-4,4.6e-5,8.1e-5,1.2e-4,1.8e-4,2.4e-4,3.3e-4,4.6e-4,FALSE,TRUE,RSVHub,2026-09-30,Ensemble using RSVHub forecast submissions
Massachusetts,MA,1,wk inc rsv prop ed visits,prop_ed,2026-10-03,2026-10-10,RSVHub-ensemble,4.9724215282770133e-5,9.706614805878142e-5,1.4623212376284962e-4,2.1412725175724314e-4,3.230601170658651e-4,4.6534968509058484e-4,6.794523134261374e-4,5e-5,9.7e-5,1.5e-4,2.1e-4,3.2e-4,4.7e-4,6.8e-4,FALSE,TRUE,RSVHub,2026-09-30,Ensemble using RSVHub forecast submissions
Massachusetts,MA,2,wk inc rsv prop ed visits,prop_ed,2026-10-03,2026-10-17,RSVHub-ensemble,4.894798848745316e-5,1.0114760321389021e-4,1.6686061791555657e-4,2.6739330999735395e-4,4.320300978244858e-4,6.470406809990516e-4,9.477938902476711e-4,4.9e-5,1e-4,1.7e-4,2.7e-4,4.3e-4,6.5e-4,9.5e-4,FALSE,TRUE,RSVHub,2026-09-30,Ensemble using RSVHub forecast submissions
Michigan,MI,0,wk inc rsv hosp,hosp,2026-10-03,2026-10-03,CEPH-Rtrend_rsv,1,3,6,9,12,16,19,1,3,6,9,10,20,20,TRUE,FALSE,CEPH Lab at Indiana University,2026-09-30,Rtrend RSV
Michigan,MI,1,wk inc rsv hosp,hosp,2026-10-03,2026-10-10,CEPH-Rtrend_rsv,0,3,4,9,13,17,22,0,3,4,9,10,20,20,TRUE,FALSE,CEPH Lab at Indiana University,2026-09-30,Rtrend RSV
Michigan,MI,2,wk inc rsv hosp,hosp,2026-10-03,2026-10-17,CEPH-Rtrend_rsv,0,1,4,9,13,20,27,0,1,4,9,10,20,30,TRUE,FALSE,CEPH Lab at Indiana University,2026-09-30,Rtrend RSV
Michigan,MI,0,wk inc rsv prop ed visits,prop_ed,2026-10-03,2026-10-03,CFA-NowcastAutoGP,8.091211446727897e-5,1.050299225546387e-4,1.273037675038793e-4,1.6571309809573418e-4,2.162949888442689e-4,2.6720188725441594e-4,3.3918966277319624e-4,8.1e-5,1.1e-4,1.3e-4,1.7e-4,2.2e-4,2.7e-4,3.4e-4,TRUE,FALSE,Center for Forecasting and Outbreak Analytics (CDC/CFA),2026-09-30,NowcastAutoGP
Michigan,MI,1,wk inc rsv prop ed visits,prop_ed,2026-10-03,2026-10-10,CFA-NowcastAutoGP,7.815081347710666e-5,1.0646234515353571e-4,1.3650847146477328e-4,1.7886551804749184e-4,2.399587587556156e-4,3.04695681607948e-4,4.024436587665453e-4,7.8e-5,1.1e-4,1.4e-4,1.8e-4,2.4e-4,3e-4,4e-4,TRUE,FALSE,Center for Forecasting and Outbreak Analytics (CDC/CFA),2026-09-30,NowcastAutoGP
Michigan,MI,2,wk inc rsv prop ed visits,prop_ed,2026-10-03,2026-10-17,CFA-NowcastAutoGP,7.66576471521753e-5,1.0614950623888358e-4,1.4032550851038702e-4,1.9358586330651517e-4,2.7115938357042877e-4,3.6936803594209806e-4,5.197990509323023e-4,7.7e-5,1.1e-4,1.4e-4,1.9e-4,2.7e-4,3.7e-4,5.2e-4,TRUE,FALSE,Center for Forecasting and Outbreak Analytics (CDC/CFA),2026-09-30,NowcastAutoGP
Michigan,MI,0,wk inc rsv prop ed visits,prop_ed,2026-10-03,2026-10-03,CFA-PyRenew_E,8.170666558024918e-5,1.1592378826323792e-4,1.5522067298613318e-4,2.0004380715779504e-4,2.5366727264720045e-4,3.1044930763327483e-4,3.845137818153969e-4,8.2e-5,1.2e-4,1.6e-4,2e-4,2.5e-4,3.1e-4,3.8e-4,TRUE,FALSE,Center for Forecasting and Outbreak Analytics (CDC/CFA),2026-09-30,PyRenew-E
Michigan,MI,1,wk inc rsv prop ed visits,prop_ed,2026-10-03,2026-10-10,CFA-PyRenew_E,7.783000376650575e-5,1.2219558096246782e-4,1.701068736033175e-4,2.3433493869860547e-4,3.238042270678965e-4,4.184713383295502e-4,5.846091267079573e-4,7.8e-5,1.2e-4,1.7e-4,2.3e-4,3.2e-4,4.2e-4,5.8e-4,TRUE,FALSE,Center for Forecasting and Outbreak Analytics (CDC/CFA),2026-09-30,PyRenew-E
Michigan,MI,2,wk inc rsv prop ed visits,prop_ed,2026-10-03,2026-10-17,CFA-PyRenew_E,6.274433351211528e-5,1.1845142007492287e-4,1.830059081762909e-4,2.7371260025130993e-4,4.101809215653953e-4,6.076062534649522e-4,9.86527004791552e-4,6.3e-5,1.2e-4,1.8e-4,2.7e-4,4.1e-4,6.1e-4,9.9e-4,TRUE,FALSE,Center for Forecasting and Outbreak Analytics (CDC/CFA),2026-09-30,PyRenew-E
Michigan,MI,0,wk inc rsv hosp,hosp,2026-10-03,2026-10-03,CFA-PyRenew_H,0,0,0,2,4,8.100000000000136,20,0,0,0,2,4,8,20,FALSE,FALSE,Center for Forecasting and Outbreak Analytics (CDC/CFA),2026-09-30,PyRenew-H
Michigan,MI,1,wk inc rsv hosp,hosp,2026-10-03,2026-10-10,CFA-PyRenew_H,0,0,0,1,3,8,18.024999999999864,0,0,0,1,3,8,20,FALSE,FALSE,Center for Forecasting and Outbreak Analytics (CDC/CFA),2026-09-30,PyRenew-H
Michigan,MI,2,wk inc rsv hosp,hosp,2026-10-03,2026-10-17,CFA-PyRenew_H,0,0,0,1,3,8,23.024999999999864,0,0,0,1,3,8,20,FALSE,FALSE,Center for Forecasting and Outbreak Analytics (CDC/CFA),2026-09-30,PyRenew-H
Michigan,MI,0,wk inc rsv hosp,hosp,2026-10-03,2026-10-03,CFA-PyRenew_HE,0,1,4,9,17,30,51.024999999999864,0,1,4,9,20,30,50,TRUE,FALSE,Center for Forecasting and Outbreak Analytics (CDC/CFA),2026-09-30,PyRenew-HE
Michigan,MI,1,wk inc rsv hosp,hosp,2026-10-03,2026-10-10,CFA-PyRenew_HE,0,1,4,9,20,36,66.02499999999986,0,1,4,9,20,40,70,TRUE,FALSE,Center for Forecasting and Outbreak Analytics (CDC/CFA),2026-09-30,PyRenew-HE
Michigan,MI,2,wk inc rsv hosp,hosp,2026-10-03,2026-10-17,CFA-PyRenew_HE,0,1,4,11,23,46,87,0,1,4,10,20,50,90,TRUE,FALSE,Center for Forecasting and Outbreak Analytics (CDC/CFA),2026-09-30,PyRenew-HE
Michigan,MI,0,wk inc rsv prop ed visits,prop_ed,2026-10-03,2026-10-03,CFA-PyRenew_HE,7.256599900617178e-5,9.8584657839572e-5,1.3449370508396952e-4,1.7983635076321898e-4,2.2844277150979058e-4,2.81739733830484e-4,3.518968994030554e-4,7.3e-5,9.9e-5,1.3e-4,1.8e-4,2.3e-4,2.8e-4,3.5e-4,FALSE,FALSE,Center for Forecasting and Outbreak Analytics (CDC/CFA),2026-09-30,PyRenew-HE
Michigan,MI,1,wk inc rsv prop ed visits,prop_ed,2026-10-03,2026-10-10,CFA-PyRenew_HE,6.0208802095594035e-5,9.828689036689524e-5,1.4127263238171485e-4,2.0226114211441103e-4,2.796404914645637e-4,3.621669273952735e-4,5.004400262615284e-4,6e-5,9.8e-5,1.4e-4,2e-4,2.8e-4,3.6e-4,5e-4,FALSE,FALSE,Center for Forecasting and Outbreak Analytics (CDC/CFA),2026-09-30,PyRenew-HE
Michigan,MI,2,wk inc rsv prop ed visits,prop_ed,2026-10-03,2026-10-17,CFA-PyRenew_HE,4.7763162850965755e-5,9.361011491072868e-5,1.4084497448260528e-4,2.2377583959596505e-4,3.488795197689519e-4,5.322278279116105e-4,8.216858645449407e-4,4.8e-5,9.4e-5,1.4e-4,2.2e-4,3.5e-4,5.3e-4,8.2e-4,FALSE,FALSE,Center for Forecasting and Outbreak Analytics (CDC/CFA),2026-09-30,PyRenew-HE
Michigan,MI,0,wk inc rsv hosp,hosp,2026-10-03,2026-10-03,NAU-epymorph,0,0,0,3,16,66,310,0,0,0,3,20,70,310,TRUE,FALSE,Northern Arizona University,2026-09-30,epymorph RSV compartmental model
Michigan,MI,1,wk inc rsv hosp,hosp,2026-10-03,2026-10-10,NAU-epymorph,0,0,0,6,48,233,1162,0,0,0,6,50,230,1200,TRUE,FALSE,Northern Arizona University,2026-09-30,epymorph RSV compartmental model
Michigan,MI,2,wk inc rsv hosp,hosp,2026-10-03,2026-10-17,NAU-epymorph,0,0,0,14,143,721,2308,0,0,0,10,140,720,2300,TRUE,FALSE,Northern Arizona University,2026-09-30,epymorph RSV compartmental model
Michigan,MI,0,wk inc rsv hosp,hosp,2026-10-03,2026-10-03,RSVHub-baseline,0,0,0,1,4,32,75.72499999999964,0,0,0,1,4,30,80,FALSE,FALSE,RSVHub-hub-models,2026-09-30,RSVHub baseline model
Michigan,MI,1,wk inc rsv hosp,hosp,2026-10-03,2026-10-10,RSVHub-baseline,0,0,0,1,17.267767677676773,50.77316173161732,94.49289142891406,0,0,0,1,20,50,90,FALSE,FALSE,RSVHub-hub-models,2026-09-30,RSVHub baseline model
Michigan,MI,2,wk inc rsv hosp,hosp,2026-10-03,2026-10-17,RSVHub-baseline,0,0,0,1,28.304515545155475,64.29245292452927,118.22646226462265,0,0,0,1,30,60,120,FALSE,FALSE,RSVHub-hub-models,2026-09-30,RSVHub baseline model
Michigan,MI,0,wk inc rsv prop ed visits,prop_ed,2026-10-03,2026-10-03,RSVHub-baseline,0,0,9.999999999999996e-5,2e-4,3.0000000000000003e-4,0.0012,0.0028624999999999996,0,0,1e-4,2e-4,3e-4,0.0012,0.0029,FALSE,FALSE,RSVHub-hub-models,2026-09-30,RSVHub baseline model
Michigan,MI,1,wk inc rsv prop ed visits,prop_ed,2026-10-03,2026-10-10,RSVHub-baseline,0,0,0,2e-4,7.419369193691909e-4,0.0018999999999999993,0.003698566185661857,0,0,0,2e-4,7.4e-4,0.0019,0.0037,FALSE,FALSE,RSVHub-hub-models,2026-09-30,RSVHub baseline model
Michigan,MI,2,wk inc rsv prop ed visits,prop_ed,2026-10-03,2026-10-17,RSVHub-baseline,0,0,0,2e-4,0.0010000000000000005,0.0024000000000000002,0.00431418029180291,0,0,0,2e-4,0.001,0.0024,0.0043,FALSE,FALSE,RSVHub-hub-models,2026-09-30,RSVHub baseline model
Michigan,MI,0,wk inc rsv hosp,hosp,2026-10-03,2026-10-03,docxology-timesfm,0,0,0,0.11422322853425065,0.6613476737259183,3.718378716415338,8.313742123687186,0,0,0,0,1,4,8,TRUE,FALSE,docxology,2026-09-30,docxology timesfm
Michigan,MI,1,wk inc rsv hosp,hosp,2026-10-03,2026-10-10,docxology-timesfm,0,0,0,0.040521818132262126,0.36587997850211207,0.6833264957910221,2.7425979075231,0,0,0,0,0,1,3,TRUE,FALSE,docxology,2026-09-30,docxology timesfm
Michigan,MI,2,wk inc rsv hosp,hosp,2026-10-03,2026-10-17,docxology-timesfm,0.6065149795396696,1.242206334131543,2.0338587448720045,2.8982292162119214,3.7620691430406517,6.264629521351228,11.216443068643997,1,1,2,3,4,6,10,TRUE,FALSE,docxology,2026-09-30,docxology timesfm
Michigan,MI,0,wk inc rsv hosp,hosp,2026-10-03,2026-10-03,NAU-Copycat,0,0,1,2,3,4,7.024999999999977,0,0,1,2,3,4,7,TRUE,FALSE,NAU,2026-09-30,Copycat
Michigan,MI,1,wk inc rsv hosp,hosp,2026-10-03,2026-10-10,NAU-Copycat,0,0,1,2,4,7,13,0,0,1,2,4,7,10,TRUE,FALSE,NAU,2026-09-30,Copycat
Michigan,MI,2,wk inc rsv hosp,hosp,2026-10-03,2026-10-17,NAU-Copycat,0,0,1,2,5,9,18,0,0,1,2,5,9,20,TRUE,FALSE,NAU,2026-09-30,Copycat
Michigan,MI,0,wk inc rsv prop ed visits,prop_ed,2026-10-03,2026-10-03,NAU-Copycat,3.990496184096648e-5,1.1780277808343446e-4,1.9086882310915794e-4,2.7594948420197663e-4,3.861763973265208e-4,5.351527791821384e-4,7.544210647045667e-4,4e-5,1.2e-4,1.9e-4,2.8e-4,3.9e-4,5.4e-4,7.5e-4,TRUE,FALSE,NAU,2026-09-30,Copycat
Michigan,MI,1,wk inc rsv prop ed visits,prop_ed,2026-10-03,2026-10-10,NAU-Copycat,2.8272656260325318e-5,1.1180258757276876e-4,2.1195207837717165e-4,3.544122611037693e-4,5.25646096040492e-4,7.107128074236019e-4,0.0010603426131073242,2.8e-5,1.1e-4,2.1e-4,3.5e-4,5.3e-4,7.1e-4,0.0011,TRUE,FALSE,NAU,2026-09-30,Copycat
Michigan,MI,2,wk inc rsv prop ed visits,prop_ed,2026-10-03,2026-10-17,NAU-Copycat,6.010533779958062e-5,1.4325815696158888e-4,2.6218096832164486e-4,4.4001914694888984e-4,7.149977613217291e-4,0.0010131588421422705,0.0016635912757899257,6e-5,1.4e-4,2.6e-4,4.4e-4,7.1e-4,0.001,0.0017,TRUE,FALSE,NAU,2026-09-30,Copycat
Michigan,MI,0,wk inc rsv hosp,hosp,2026-10-03,2026-10-03,UGA_flucast-INFLAenza,1,3,4,6,8,11,14,1,3,4,6,8,10,10,TRUE,FALSE,UGA_flucast,2026-09-30,INFLAenza
Michigan,MI,1,wk inc rsv hosp,hosp,2026-10-03,2026-10-10,UGA_flucast-INFLAenza,2,3,5,7,10,13,17,2,3,5,7,10,10,20,TRUE,FALSE,UGA_flucast,2026-09-30,INFLAenza
Michigan,MI,2,wk inc rsv hosp,hosp,2026-10-03,2026-10-17,UGA_flucast-INFLAenza,2,4,6,9,12,16,21,2,4,6,9,10,20,20,TRUE,FALSE,UGA_flucast,2026-09-30,INFLAenza
Michigan,MI,0,wk inc rsv prop ed visits,prop_ed,2026-10-03,2026-10-03,UGA_flucast-INFLAenza,2.6232270259731948e-5,6.529322969960214e-5,1.2076003499852411e-4,2.1745220052508696e-4,3.435037165653554e-4,4.992535892216263e-4,7.225887598094794e-4,2.6e-5,6.5e-5,1.2e-4,2.2e-4,3.4e-4,5e-4,7.2e-4,TRUE,FALSE,UGA_flucast,2026-09-30,INFLAenza
Michigan,MI,1,wk inc rsv prop ed visits,prop_ed,2026-10-03,2026-10-10,UGA_flucast-INFLAenza,3.414205472491443e-5,8.013650452535297e-5,1.4620325733422204e-4,2.512512151895837e-4,3.894118945549674e-4,5.569595242017212e-4,7.8524186792746e-4,3.4e-5,8e-5,1.5e-4,2.5e-4,3.9e-4,5.6e-4,7.9e-4,TRUE,FALSE,UGA_flucast,2026-09-30,INFLAenza
Michigan,MI,2,wk inc rsv prop ed visits,prop_ed,2026-10-03,2026-10-17,UGA_flucast-INFLAenza,4.387160989587567e-5,1.0381253612633818e-4,1.8178268000633728e-4,3.0168782084509033e-4,4.7133984745386564e-4,6.596554468588917e-4,9.089772079903821e-4,4.4e-5,1e-4,1.8e-4,3e-4,4.7e-4,6.6e-4,9.1e-4,TRUE,FALSE,UGA_flucast,2026-09-30,INFLAenza
Michigan,MI,0,wk inc rsv hosp,hosp,2026-10-03,2026-10-03,RSVHub-ensemble,0,0.5,2.5,4.5,10,13.5,16.5,0,1,3,5,10,10,20,FALSE,TRUE,RSVHub,2026-09-30,Ensemble using RSVHub forecast submissions
Michigan,MI,1,wk inc rsv hosp,hosp,2026-10-03,2026-10-10,RSVHub-ensemble,0,0.5,2.5,6.5,11.5,15,19.5,0,1,3,7,10,20,20,FALSE,TRUE,RSVHub,2026-09-30,Ensemble using RSVHub forecast submissions
Michigan,MI,2,wk inc rsv hosp,hosp,2026-10-03,2026-10-17,RSVHub-ensemble,0,1,3.0169293724360022,9,12.5,18,24,0,1,3,9,10,20,20,FALSE,TRUE,RSVHub,2026-09-30,Ensemble using RSVHub forecast submissions
Michigan,MI,0,wk inc rsv prop ed visits,prop_ed,2026-10-03,2026-10-03,RSVHub-ensemble,6.040853815412273e-5,1.1047685540893831e-4,1.4126222024500622e-4,2.08748003841441e-4,2.985854946062779e-4,4.0485144842745057e-4,5.535512708124381e-4,6e-5,1.1e-4,1.4e-4,2.1e-4,3e-4,4e-4,5.5e-4,FALSE,TRUE,RSVHub,2026-09-30,Ensemble using RSVHub forecast submissions
Michigan,MI,1,wk inc rsv prop ed visits,prop_ed,2026-10-03,2026-10-10,RSVHub-ensemble,5.598602924571009e-5,1.0913246636315224e-4,1.5815506546876978e-4,2.427930769440946e-4,3.5660806081143197e-4,4.877154312656357e-4,6.849254973177087e-4,5.6e-5,1.1e-4,1.6e-4,2.4e-4,3.6e-4,4.9e-4,6.8e-4,FALSE,TRUE,RSVHub,2026-09-30,Ensemble using RSVHub forecast submissions
Michigan,MI,2,wk inc rsv prop ed visits,prop_ed,2026-10-03,2026-10-17,RSVHub-ensemble,6.142483565584796e-5,1.1230046315690323e-4,0.00018239429409131408,2.8770021054820013e-4,4.4076038450963046e-4,6.336308501619219e-4,9.477521063909671e-4,6.1e-5,1.1e-4,1.8e-4,2.9e-4,4.4e-4,6.3e-4,9.5e-4,FALSE,TRUE,RSVHub,2026-09-30,Ensemble using RSVHub forecast submissions
Minnesota,MN,0,wk inc rsv hosp,hosp,2026-10-03,2026-10-03,CEPH-Rtrend_rsv,3,4,6,7,9,10,13,3,4,6,7,9,10,10,TRUE,FALSE,CEPH Lab at Indiana University,2026-09-30,Rtrend RSV
Minnesota,MN,1,wk inc rsv hosp,hosp,2026-10-03,2026-10-10,CEPH-Rtrend_rsv,3,4,5,7,9,12,15,3,4,5,7,9,10,20,TRUE,FALSE,CEPH Lab at Indiana University,2026-09-30,Rtrend RSV
Minnesota,MN,2,wk inc rsv hosp,hosp,2026-10-03,2026-10-17,CEPH-Rtrend_rsv,2,3,5,7,10,14,20,2,3,5,7,10,10,20,TRUE,FALSE,CEPH Lab at Indiana University,2026-09-30,Rtrend RSV
Minnesota,MN,0,wk inc rsv prop ed visits,prop_ed,2026-10-03,2026-10-03,CFA-NowcastAutoGP,2.6407467893583744e-5,4.878934603199812e-5,7.54666638517055e-5,1.2013246203832968e-4,1.8389943378412953e-4,2.732339135416032e-4,4.252917512679499e-4,2.6e-5,4.9e-5,7.5e-5,1.2e-4,1.8e-4,2.7e-4,4.3e-4,TRUE,FALSE,Center for Forecasting and Outbreak Analytics (CDC/CFA),2026-09-30,NowcastAutoGP
Minnesota,MN,1,wk inc rsv prop ed visits,prop_ed,2026-10-03,2026-10-10,CFA-NowcastAutoGP,2.8661367239850687e-5,5.236674694912972e-5,8.332839347670159e-5,1.3879096364204132e-4,2.2356483950997766e-4,3.4268011371419105e-4,5.080165377321003e-4,2.9e-5,5.2e-5,8.3e-5,1.4e-4,2.2e-4,3.4e-4,5.1e-4,TRUE,FALSE,Center for Forecasting and Outbreak Analytics (CDC/CFA),2026-09-30,NowcastAutoGP
Minnesota,MN,2,wk inc rsv prop ed visits,prop_ed,2026-10-03,2026-10-17,CFA-NowcastAutoGP,2.811793748610114e-5,5.873047270971645e-5,9.627178041744855e-5,1.6294230216042674e-4,2.6720577379533457e-4,4.418824777365008e-4,7.285679667759524e-4,2.8e-5,5.9e-5,9.6e-5,1.6e-4,2.7e-4,4.4e-4,7.3e-4,TRUE,FALSE,Center for Forecasting and Outbreak Analytics (CDC/CFA),2026-09-30,NowcastAutoGP
Minnesota,MN,0,wk inc rsv prop ed visits,prop_ed,2026-10-03,2026-10-03,CFA-PyRenew_E,0,3.505228753807335e-5,6.984677439253119e-5,1.0755557781314096e-4,1.7718180962444848e-4,2.4876578684087064e-4,3.5532295031652804e-4,0,3.5e-5,7e-5,1.1e-4,1.8e-4,2.5e-4,3.6e-4,TRUE,FALSE,Center for Forecasting and Outbreak Analytics (CDC/CFA),2026-09-30,PyRenew-E
Minnesota,MN,1,wk inc rsv prop ed visits,prop_ed,2026-10-03,2026-10-10,CFA-PyRenew_E,0,3.5208463048399455e-5,7.071899353546119e-5,1.0919984110229782e-4,2.1283895284815292e-4,3.224582261453135e-4,4.953691227610557e-4,0,3.5e-5,7.1e-5,1.1e-4,2.1e-4,3.2e-4,5e-4,TRUE,FALSE,Center for Forecasting and Outbreak Analytics (CDC/CFA),2026-09-30,PyRenew-E
Minnesota,MN,2,wk inc rsv prop ed visits,prop_ed,2026-10-03,2026-10-17,CFA-PyRenew_E,0,3.5055066876583524e-5,7.08660237685175e-5,1.4094023639410868e-4,2.4871636895111907e-4,4.342087902878177e-4,8.38893343059338e-4,0,3.5e-5,7.1e-5,1.4e-4,2.5e-4,4.3e-4,8.4e-4,TRUE,FALSE,Center for Forecasting and Outbreak Analytics (CDC/CFA),2026-09-30,PyRenew-E
Minnesota,MN,0,wk inc rsv hosp,hosp,2026-10-03,2026-10-03,CFA-PyRenew_H,0,0,0,0,0,1,2,0,0,0,0,0,1,2,FALSE,FALSE,Center for Forecasting and Outbreak Analytics (CDC/CFA),2026-09-30,PyRenew-H
Minnesota,MN,1,wk inc rsv hosp,hosp,2026-10-03,2026-10-10,CFA-PyRenew_H,0,0,0,0,0,1,2,0,0,0,0,0,1,2,FALSE,FALSE,Center for Forecasting and Outbreak Analytics (CDC/CFA),2026-09-30,PyRenew-H
Minnesota,MN,2,wk inc rsv hosp,hosp,2026-10-03,2026-10-17,CFA-PyRenew_H,0,0,0,0,0,1,2,0,0,0,0,0,1,2,FALSE,FALSE,Center for Forecasting and Outbreak Analytics (CDC/CFA),2026-09-30,PyRenew-H
Minnesota,MN,0,wk inc rsv hosp,hosp,2026-10-03,2026-10-03,CFA-PyRenew_HE,0,0,0,1,2,3,5,0,0,0,1,2,3,5,TRUE,FALSE,Center for Forecasting and Outbreak Analytics (CDC/CFA),2026-09-30,PyRenew-HE
Minnesota,MN,1,wk inc rsv hosp,hosp,2026-10-03,2026-10-10,CFA-PyRenew_HE,0,0,1,1,3,4,7,0,0,1,1,3,4,7,TRUE,FALSE,Center for Forecasting and Outbreak Analytics (CDC/CFA),2026-09-30,PyRenew-HE
Minnesota,MN,2,wk inc rsv hosp,hosp,2026-10-03,2026-10-17,CFA-PyRenew_HE,0,0,0,2,3,5,10.024999999999864,0,0,0,2,3,5,10,TRUE,FALSE,Center for Forecasting and Outbreak Analytics (CDC/CFA),2026-09-30,PyRenew-HE
Minnesota,MN,0,wk inc rsv prop ed visits,prop_ed,2026-10-03,2026-10-03,CFA-PyRenew_HE,0,0,3.575309275885908e-5,7.193943022468398e-5,1.396703274173148e-4,1.8111863538453537e-4,2.535624069416303e-4,0,0,3.6e-5,7.2e-5,1.4e-4,1.8e-4,2.5e-4,FALSE,FALSE,Center for Forecasting and Outbreak Analytics (CDC/CFA),2026-09-30,PyRenew-HE
Minnesota,MN,1,wk inc rsv prop ed visits,prop_ed,2026-10-03,2026-10-10,CFA-PyRenew_HE,0,0,3.5985092661555046e-5,7.311499161895254e-5,1.4504341941708827e-4,2.215170148321276e-4,3.901159349195465e-4,0,0,3.6e-5,7.3e-5,1.5e-4,2.2e-4,3.9e-4,FALSE,FALSE,Center for Forecasting and Outbreak Analytics (CDC/CFA),2026-09-30,PyRenew-HE
Minnesota,MN,2,wk inc rsv prop ed visits,prop_ed,2026-10-03,2026-10-17,CFA-PyRenew_HE,0,0,3.600755147839931e-5,1.0587768702647932e-4,1.7980616803573452e-4,3.200663782665531e-4,6.13436409962654e-4,0,0,3.6e-5,1.1e-4,1.8e-4,3.2e-4,6.1e-4,FALSE,FALSE,Center for Forecasting and Outbreak Analytics (CDC/CFA),2026-09-30,PyRenew-HE
Minnesota,MN,0,wk inc rsv hosp,hosp,2026-10-03,2026-10-03,NAU-epymorph,0,0,0,1,1,2,3,0,0,0,1,1,2,3,TRUE,FALSE,Northern Arizona University,2026-09-30,epymorph RSV compartmental model
Minnesota,MN,1,wk inc rsv hosp,hosp,2026-10-03,2026-10-10,NAU-epymorph,0,0,0,1,2,2,5,0,0,0,1,2,2,5,TRUE,FALSE,Northern Arizona University,2026-09-30,epymorph RSV compartmental model
Minnesota,MN,2,wk inc rsv hosp,hosp,2026-10-03,2026-10-17,NAU-epymorph,0,0,0,1,2,4,7,0,0,0,1,2,4,7,TRUE,FALSE,Northern Arizona University,2026-09-30,epymorph RSV compartmental model
Minnesota,MN,0,wk inc rsv hosp,hosp,2026-10-03,2026-10-03,RSVHub-baseline,0,0,0,1,6,20,38.37499999999991,0,0,0,1,6,20,40,FALSE,FALSE,RSVHub-hub-models,2026-09-30,RSVHub baseline model
Minnesota,MN,1,wk inc rsv hosp,hosp,2026-10-03,2026-10-10,RSVHub-baseline,0,0,0,1,13,27.383476834768356,51.34244567445623,0,0,0,1,10,30,50,FALSE,FALSE,RSVHub-hub-models,2026-09-30,RSVHub baseline model
Minnesota,MN,2,wk inc rsv hosp,hosp,2026-10-03,2026-10-17,RSVHub-baseline,0,0,0,1,17,34.858056580565766,62.910465354653596,0,0,0,1,20,30,60,FALSE,FALSE,RSVHub-hub-models,2026-09-30,RSVHub baseline model
Minnesota,MN,0,wk inc rsv prop ed visits,prop_ed,2026-10-03,2026-10-03,RSVHub-baseline,0,0,0,1e-4,3.2499999999999896e-4,0.0012000000000000003,0.0027249999999999957,0,0,0,1e-4,3.3e-4,0.0012,0.0027,FALSE,FALSE,RSVHub-hub-models,2026-09-30,RSVHub baseline model
Minnesota,MN,1,wk inc rsv prop ed visits,prop_ed,2026-10-03,2026-10-10,RSVHub-baseline,0,0,0,1e-4,7.214902149021513e-4,0.0018000000000000002,0.0036694962449624444,0,0,0,1e-4,7.2e-4,0.0018,0.0037,FALSE,FALSE,RSVHub-hub-models,2026-09-30,RSVHub baseline model
Minnesota,MN,2,wk inc rsv prop ed visits,prop_ed,2026-10-03,2026-10-17,RSVHub-baseline,0,0,0,1e-4,0.0011,0.002399999999999998,0.004399875198751984,0,0,0,1e-4,0.0011,0.0024,0.0044,FALSE,FALSE,RSVHub-hub-models,2026-09-30,RSVHub baseline model
Minnesota,MN,0,wk inc rsv hosp,hosp,2026-10-03,2026-10-03,docxology-timesfm,0,0,0.398682077047698,0.6289615619301563,0.8782937951471722,1.3239639744701122,2.5548041095923133,0,0,0,1,1,1,3,TRUE,FALSE,docxology,2026-09-30,docxology timesfm
Minnesota,MN,1,wk inc rsv hosp,hosp,2026-10-03,2026-10-10,docxology-timesfm,0,0,0,0,0.19111565678916545,0.835955195507671,1.3761618727076717,0,0,0,0,0,1,1,TRUE,FALSE,docxology,2026-09-30,docxology timesfm
Minnesota,MN,2,wk inc rsv hosp,hosp,2026-10-03,2026-10-17,docxology-timesfm,0,0,0,0.5395161392587025,0.8674714492670761,2.1955036161056745,4.020605379646828,0,0,0,1,1,2,4,TRUE,FALSE,docxology,2026-09-30,docxology timesfm
Minnesota,MN,0,wk inc rsv hosp,hosp,2026-10-03,2026-10-03,NAU-Copycat,0,0,1,1,2,3,4,0,0,1,1,2,3,4,TRUE,FALSE,NAU,2026-09-30,Copycat
Minnesota,MN,1,wk inc rsv hosp,hosp,2026-10-03,2026-10-10,NAU-Copycat,0,0,1,1,2,4,6,0,0,1,1,2,4,6,TRUE,FALSE,NAU,2026-09-30,Copycat
Minnesota,MN,2,wk inc rsv hosp,hosp,2026-10-03,2026-10-17,NAU-Copycat,0,0,1,2,3,5,9.024999999999977,0,0,1,2,3,5,9,TRUE,FALSE,NAU,2026-09-30,Copycat
Minnesota,MN,0,wk inc rsv prop ed visits,prop_ed,2026-10-03,2026-10-03,NAU-Copycat,0,3.1891076723808395e-5,8.389145521819846e-5,1.4241705399030028e-4,2.2774340259473856e-4,3.1923970826815357e-4,4.893134270304269e-4,0,3.2e-5,8.4e-5,1.4e-4,2.3e-4,3.2e-4,4.9e-4,TRUE,FALSE,NAU,2026-09-30,Copycat
Minnesota,MN,1,wk inc rsv prop ed visits,prop_ed,2026-10-03,2026-10-10,NAU-Copycat,0,2.275691800714778e-5,9.733759224052304e-5,1.8718782923229872e-4,2.9709587489355993e-4,4.410881644937752e-4,6.544293452168981e-4,0,2.3e-5,9.7e-5,1.9e-4,3e-4,4.4e-4,6.5e-4,TRUE,FALSE,NAU,2026-09-30,Copycat
Minnesota,MN,2,wk inc rsv prop ed visits,prop_ed,2026-10-03,2026-10-17,NAU-Copycat,0,4.7291322493269216e-5,1.2676795367195533e-4,2.4435591457146145e-4,4.247420632268272e-4,0.00066789559584340115,9.534583025782999e-4,0,4.7e-5,1.3e-4,2.4e-4,4.2e-4,6.7e-4,9.5e-4,TRUE,FALSE,NAU,2026-09-30,Copycat
Minnesota,MN,0,wk inc rsv hosp,hosp,2026-10-03,2026-10-03,UGA_flucast-INFLAenza,0,0,1,2,3,4,6,0,0,1,2,3,4,6,TRUE,FALSE,UGA_flucast,2026-09-30,INFLAenza
Minnesota,MN,1,wk inc rsv hosp,hosp,2026-10-03,2026-10-10,UGA_flucast-INFLAenza,0,0,1,2,3,5,7,0,0,1,2,3,5,7,TRUE,FALSE,UGA_flucast,2026-09-30,INFLAenza
Minnesota,MN,2,wk inc rsv hosp,hosp,2026-10-03,2026-10-17,UGA_flucast-INFLAenza,0,0,1,2,4,6,8,0,0,1,2,4,6,8,TRUE,FALSE,UGA_flucast,2026-09-30,INFLAenza
Minnesota,MN,0,wk inc rsv prop ed visits,prop_ed,2026-10-03,2026-10-03,UGA_flucast-INFLAenza,1.8820797777799608e-5,4.836188772702822e-5,9.502436880838753e-5,1.7552709362504275e-4,2.9140208579320437e-4,4.3048254442071043e-4,5.872810200575533e-4,1.9e-5,4.8e-5,9.5e-5,1.8e-4,2.9e-4,4.3e-4,5.9e-4,TRUE,FALSE,UGA_flucast,2026-09-30,INFLAenza
Minnesota,MN,1,wk inc rsv prop ed visits,prop_ed,2026-10-03,2026-10-10,UGA_flucast-INFLAenza,2.5794761703984054e-5,6.109138942087666e-5,1.1608602400832709e-4,2.109093791731633e-4,3.4117224252306694e-4,4.806963948522926e-4,6.852968513974684e-4,2.6e-5,6.1e-5,1.2e-4,2.1e-4,3.4e-4,4.8e-4,6.9e-4,TRUE,FALSE,UGA_flucast,2026-09-30,INFLAenza
Minnesota,MN,2,wk inc rsv prop ed visits,prop_ed,2026-10-03,2026-10-17,UGA_flucast-INFLAenza,3.8536535143861867e-5,7.952819735244659e-5,1.4645197128397753e-4,2.5254694426275423e-4,4.077366397053024e-4,5.83633132260606e-4,8.194352476799151e-4,3.9e-5,8e-5,1.5e-4,2.5e-4,4.1e-4,5.8e-4,8.2e-4,TRUE,FALSE,UGA_flucast,2026-09-30,INFLAenza
Minnesota,MN,0,wk inc rsv hosp,hosp,2026-10-03,2026-10-03,RSVHub-ensemble,0,0,0.699341038523849,1,2,3,4.5,0,0,1,1,2,3,5,FALSE,TRUE,RSVHub,2026-09-30,Ensemble using RSVHub forecast submissions
Minnesota,MN,1,wk inc rsv hosp,hosp,2026-10-03,2026-10-10,RSVHub-ensemble,0,0,1,1,2.5,4,6.5,0,0,1,1,3,4,7,FALSE,TRUE,RSVHub,2026-09-30,Ensemble using RSVHub forecast submissions
Minnesota,MN,2,wk inc rsv hosp,hosp,2026-10-03,2026-10-17,RSVHub-ensemble,0,0,0.5,2,3,5,8.512499999999989,0,0,1,2,3,5,9,FALSE,TRUE,RSVHub,2026-09-30,Ensemble using RSVHub forecast submissions
Minnesota,MN,0,wk inc rsv prop ed visits,prop_ed,2026-10-03,2026-10-03,RSVHub-ensemble,9.410398888899804e-6,4.1707087632550785e-5,7.967905953495198e-5,1.31274758014315e-4,2.0582141818943406e-4,2.9623681090487836e-4,4.573025891491884e-4,9.4e-6,4.2e-5,8e-5,1.3e-4,2.1e-4,3e-4,4.6e-4,FALSE,TRUE,RSVHub,2026-09-30,Ensemble using RSVHub forecast submissions
Minnesota,MN,1,wk inc rsv prop ed visits,prop_ed,2026-10-03,2026-10-10,RSVHub-ensemble,1.2897380851992027e-5,4.3787604998764587e-5,9.033299285861232e-5,1.6298939643717003e-4,2.603303572017688e-4,3.918841391039831e-4,5.812229414744992e-4,1.3e-5,4.4e-5,9e-5,1.6e-4,2.6e-4,3.9e-4,5.8e-4,FALSE,TRUE,RSVHub,2026-09-30,Ensemble using RSVHub forecast submissions
Minnesota,MN,2,wk inc rsv prop ed visits,prop_ed,2026-10-03,2026-10-17,RSVHub-ensemble,1.405896874305057e-5,5.301089760149283e-5,1.1151986704470193e-4,2.036491083659441e-4,3.3747120675031847e-4,5.127578049985534e-4,8.291642953696266e-4,1.4e-5,5.3e-5,1.1e-4,2e-4,3.4e-4,5.1e-4,8.3e-4,FALSE,TRUE,RSVHub,2026-09-30,Ensemble using RSVHub forecast submissions
Mississippi,MS,0,wk inc rsv hosp,hosp,2026-10-03,2026-10-03,CEPH-Rtrend_rsv,4,5,5,6,7,8,10,4,5,5,6,7,8,10,TRUE,FALSE,CEPH Lab at Indiana University,2026-09-30,Rtrend RSV
Mississippi,MS,1,wk inc rsv hosp,hosp,2026-10-03,2026-10-10,CEPH-Rtrend_rsv,4,5,6,7,9,12,14,4,5,6,7,9,10,10,TRUE,FALSE,CEPH Lab at Indiana University,2026-09-30,Rtrend RSV
Mississippi,MS,2,wk inc rsv hosp,hosp,2026-10-03,2026-10-17,CEPH-Rtrend_rsv,4,5,6,9,12,16,22,4,5,6,9,10,20,20,TRUE,FALSE,CEPH Lab at Indiana University,2026-09-30,Rtrend RSV
Mississippi,MS,0,wk inc rsv prop ed visits,prop_ed,2026-10-03,2026-10-03,CFA-NowcastAutoGP,2.706282220153703e-4,3.5443405418533416e-4,4.471008469169718e-4,5.74685086256779e-4,7.391492184705866e-4,9.370402064330537e-4,0.0012246751628710462,2.7e-4,3.5e-4,4.5e-4,5.7e-4,7.4e-4,9.4e-4,0.0012,TRUE,FALSE,Center for Forecasting and Outbreak Analytics (CDC/CFA),2026-09-30,NowcastAutoGP
Mississippi,MS,1,wk inc rsv prop ed visits,prop_ed,2026-10-03,2026-10-10,CFA-NowcastAutoGP,2.558064986235567e-4,3.4692987728929844e-4,4.493152867466652e-4,5.992501129137191e-4,7.925157183451691e-4,0.001017486071569756,0.0013983394372014215,2.6e-4,3.5e-4,4.5e-4,6e-4,7.9e-4,0.001,0.0014,TRUE,FALSE,Center for Forecasting and Outbreak Analytics (CDC/CFA),2026-09-30,NowcastAutoGP
Mississippi,MS,2,wk inc rsv prop ed visits,prop_ed,2026-10-03,2026-10-17,CFA-NowcastAutoGP,2.6057936733824775e-4,3.416012166058357e-4,4.54667465135682e-4,6.191121142262656e-4,8.577121874313976e-4,0.001133148673689506,0.0015730347099363296,2.6e-4,3.4e-4,4.5e-4,6.2e-4,8.6e-4,0.0011,0.0016,TRUE,FALSE,Center for Forecasting and Outbreak Analytics (CDC/CFA),2026-09-30,NowcastAutoGP
Mississippi,MS,0,wk inc rsv prop ed visits,prop_ed,2026-10-03,2026-10-03,CFA-PyRenew_E,3.108652807250022e-4,4.1577375784309224e-4,5.201575029356613e-4,6.453605745305571e-4,7.890209065014345e-4,9.302772513838894e-4,0.001106422505175176,3.1e-4,4.2e-4,5.2e-4,6.5e-4,7.9e-4,0.00093000000000000005,0.0011,TRUE,FALSE,Center for Forecasting and Outbreak Analytics (CDC/CFA),2026-09-30,PyRenew-E
Mississippi,MS,1,wk inc rsv prop ed visits,prop_ed,2026-10-03,2026-10-10,CFA-PyRenew_E,2.844098672544113e-4,4.068587049253345e-4,5.5635781810383e-4,7.119710567681945e-4,9.324463123848098e-4,0.0011789241433522145,0.001541568249149336,2.8e-4,4.1e-4,5.6e-4,7.1e-4,0.00093000000000000005,0.0012,0.0015,TRUE,FALSE,Center for Forecasting and Outbreak Analytics (CDC/CFA),2026-09-30,PyRenew-E
Mississippi,MS,2,wk inc rsv prop ed visits,prop_ed,2026-10-03,2026-10-17,CFA-PyRenew_E,2.4898171264083497e-4,3.9145084374776583e-4,5.465801320275979e-4,7.916079282403237e-4,0.0011217880731578544,0.0015823423189304403,0.0022346106451761193,2.5e-4,3.9e-4,5.5e-4,7.9e-4,0.0011,0.0016,0.0022,TRUE,FALSE,Center for Forecasting and Outbreak Analytics (CDC/CFA),2026-09-30,PyRenew-E
Mississippi,MS,0,wk inc rsv hosp,hosp,2026-10-03,2026-10-03,CFA-PyRenew_H,0,2,3,5,7,11,15,0,2,3,5,7,10,20,FALSE,FALSE,Center for Forecasting and Outbreak Analytics (CDC/CFA),2026-09-30,PyRenew-H
Mississippi,MS,1,wk inc rsv hosp,hosp,2026-10-03,2026-10-10,CFA-PyRenew_H,0,1,3,5,9,14,22.024999999999864,0,1,3,5,9,10,20,FALSE,FALSE,Center for Forecasting and Outbreak Analytics (CDC/CFA),2026-09-30,PyRenew-H
Mississippi,MS,2,wk inc rsv hosp,hosp,2026-10-03,2026-10-17,CFA-PyRenew_H,0,1,3,6,10.25,19,38,0,1,3,6,10,20,40,FALSE,FALSE,Center for Forecasting and Outbreak Analytics (CDC/CFA),2026-09-30,PyRenew-H
Mississippi,MS,0,wk inc rsv hosp,hosp,2026-10-03,2026-10-03,CFA-PyRenew_HE,2,3,4,6,8,11,14,2,3,4,6,8,10,10,TRUE,FALSE,Center for Forecasting and Outbreak Analytics (CDC/CFA),2026-09-30,PyRenew-HE
Mississippi,MS,1,wk inc rsv hosp,hosp,2026-10-03,2026-10-10,CFA-PyRenew_HE,2,3,5,7,10,13,18,2,3,5,7,10,10,20,TRUE,FALSE,Center for Forecasting and Outbreak Analytics (CDC/CFA),2026-09-30,PyRenew-HE
Mississippi,MS,2,wk inc rsv hosp,hosp,2026-10-03,2026-10-17,CFA-PyRenew_HE,1,3,5,8,12,16,25,1,3,5,8,10,20,30,TRUE,FALSE,Center for Forecasting and Outbreak Analytics (CDC/CFA),2026-09-30,PyRenew-HE
Mississippi,MS,0,wk inc rsv prop ed visits,prop_ed,2026-10-03,2026-10-03,CFA-PyRenew_HE,3.2088402202485125e-4,4.088145466096498e-4,5.06529316173642e-4,6.295914536331498e-4,7.590052272726425e-4,8.941474531893732e-4,0.0010332876242972373,3.2e-4,4.1e-4,5.1e-4,6.3e-4,7.6e-4,8.9e-4,0.001,FALSE,FALSE,Center for Forecasting and Outbreak Analytics (CDC/CFA),2026-09-30,PyRenew-HE
Mississippi,MS,1,wk inc rsv prop ed visits,prop_ed,2026-10-03,2026-10-10,CFA-PyRenew_HE,2.9746495655101217e-4,4.1199167292605386e-4,5.367218398743646e-4,7.100944535154672e-4,8.990659854025585e-4,0.0011318204902401755,0.0013988102250532776,3e-4,4.1e-4,5.4e-4,7.1e-4,9e-4,0.0011,0.0014,FALSE,FALSE,Center for Forecasting and Outbreak Analytics (CDC/CFA),2026-09-30,PyRenew-HE
Mississippi,MS,2,wk inc rsv prop ed visits,prop_ed,2026-10-03,2026-10-17,CFA-PyRenew_HE,2.5160063511352556e-4,4.0116338886492914e-4,5.519082930410764e-4,7.869271579997261e-4,0.0010876275443524328,0.0014830204148024086,0.002142256456029129,2.5e-4,4e-4,5.5e-4,7.9e-4,0.0011,0.0015,0.0021,FALSE,FALSE,Center for Forecasting and Outbreak Analytics (CDC/CFA),2026-09-30,PyRenew-HE
Mississippi,MS,0,wk inc rsv hosp,hosp,2026-10-03,2026-10-03,NAU-epymorph,0,1,3,6,10,14,20,0,1,3,6,10,10,20,TRUE,FALSE,Northern Arizona University,2026-09-30,epymorph RSV compartmental model
Mississippi,MS,1,wk inc rsv hosp,hosp,2026-10-03,2026-10-10,NAU-epymorph,0,1,3,7,12,20,35,0,1,3,7,10,20,40,TRUE,FALSE,Northern Arizona University,2026-09-30,epymorph RSV compartmental model
Mississippi,MS,2,wk inc rsv hosp,hosp,2026-10-03,2026-10-17,NAU-epymorph,0,1,4,8,15,28,56,0,1,4,8,20,30,60,TRUE,FALSE,Northern Arizona University,2026-09-30,epymorph RSV compartmental model
Mississippi,MS,0,wk inc rsv hosp,hosp,2026-10-03,2026-10-03,RSVHub-baseline,0,0,3.2499999999999964,5,6.75,12.699999999999989,23,0,0,3,5,7,10,20,FALSE,FALSE,RSVHub-hub-models,2026-09-30,RSVHub baseline model
Mississippi,MS,1,wk inc rsv hosp,hosp,2026-10-03,2026-10-10,RSVHub-baseline,0,0,1.0451954519545232,5,9.085213352133508,18,28.658875088750808,0,0,1,5,9,20,30,FALSE,FALSE,RSVHub-hub-models,2026-09-30,RSVHub baseline model
Mississippi,MS,2,wk inc rsv hosp,hosp,2026-10-03,2026-10-17,RSVHub-baseline,0,0,0,5,12,21.47880478804788,33.6484092340923,0,0,0,5,10,20,30,FALSE,FALSE,RSVHub-hub-models,2026-09-30,RSVHub baseline model
Mississippi,MS,0,wk inc rsv prop ed visits,prop_ed,2026-10-03,2026-10-03,RSVHub-baseline,0,5.0000000000000484e-5,6.000000000000001e-4,8e-4,0.001,0.0015500000000000015,0.0029999999999999996,0,5e-5,6e-4,8e-4,0.001,0.0016,0.003,FALSE,FALSE,RSVHub-hub-models,2026-09-30,RSVHub baseline model
Mississippi,MS,1,wk inc rsv prop ed visits,prop_ed,2026-10-03,2026-10-10,RSVHub-baseline,0,0,3.9999999999999996e-4,8e-4,0.0012999999999999997,0.0021999999999999997,0.00346463742137421,0,0,4e-4,8e-4,0.0013,0.0022,0.0035,FALSE,FALSE,RSVHub-hub-models,2026-09-30,RSVHub baseline model
Mississippi,MS,2,wk inc rsv prop ed visits,prop_ed,2026-10-03,2026-10-17,RSVHub-baseline,0,0,1.9999999999999987e-4,8e-4,0.0015,0.0025999999999999994,0.003844357843578438,0,0,2e-4,8e-4,0.0015,0.0026,0.0038,FALSE,FALSE,RSVHub-hub-models,2026-09-30,RSVHub baseline model
Mississippi,MS,0,wk inc rsv hosp,hosp,2026-10-03,2026-10-03,docxology-timesfm,2.397657075185096,3.6702761949303846,4.083039895828162,5.271779651954035,7.009229752212848,11.42468013159909,30.521265310921123,2,4,4,5,7,10,30,TRUE,FALSE,docxology,2026-09-30,docxology timesfm
Mississippi,MS,1,wk inc rsv hosp,hosp,2026-10-03,2026-10-10,docxology-timesfm,1.9629919153230482,2.910520526294456,4.306495086435001,7.0187230102064655,9.224263300203411,18.22350587358076,25.983960703751276,2,3,4,7,9,20,30,TRUE,FALSE,docxology,2026-09-30,docxology timesfm
Mississippi,MS,2,wk inc rsv hosp,hosp,2026-10-03,2026-10-17,docxology-timesfm,2.3593989536509787,3.110985535144365,4.82120823264668,9.017528607862438,13.490826698996004,17.027709304454255,23.14144563920381,2,3,5,9,10,20,20,TRUE,FALSE,docxology,2026-09-30,docxology timesfm
Mississippi,MS,0,wk inc rsv hosp,hosp,2026-10-03,2026-10-03,NAU-Copycat,2,3,5,6,8,12,20,2,3,5,6,8,10,20,TRUE,FALSE,NAU,2026-09-30,Copycat
Mississippi,MS,1,wk inc rsv hosp,hosp,2026-10-03,2026-10-10,NAU-Copycat,2,3,5,7,9,13,18,2,3,5,7,9,10,20,TRUE,FALSE,NAU,2026-09-30,Copycat
Mississippi,MS,2,wk inc rsv hosp,hosp,2026-10-03,2026-10-17,NAU-Copycat,2,4,5,8,13,18,24.024999999999977,2,4,5,8,10,20,20,TRUE,FALSE,NAU,2026-09-30,Copycat
Mississippi,MS,0,wk inc rsv prop ed visits,prop_ed,2026-10-03,2026-10-03,NAU-Copycat,3.49817676489055e-4,5.649903470617352e-4,7.875396579686907e-4,0.0010189187663493713,0.0012806543018552975,0.0015692773544367725,0.002114026233611769,3.5e-4,5.6e-4,7.9e-4,0.001,0.0013,0.0016,0.0021,TRUE,FALSE,NAU,2026-09-30,Copycat
Mississippi,MS,1,wk inc rsv prop ed visits,prop_ed,2026-10-03,2026-10-10,NAU-Copycat,3.8121907249041067e-4,6.078018238825032e-4,9.007140323187466e-4,0.0012437455504585703,0.0016466868796887865,0.002085448516058005,0.002687311754322682,3.8e-4,6.1e-4,9e-4,0.0012,0.0016,0.0021,0.0027,TRUE,FALSE,NAU,2026-09-30,Copycat
Mississippi,MS,2,wk inc rsv prop ed visits,prop_ed,2026-10-03,2026-10-17,NAU-Copycat,3.9854507898116534e-4,7.233615730761045e-4,0.001055875078556401,0.0015723273572685048,0.0021799960236188747,0.0029554958754713424,0.0041111530247642525,4e-4,7.2e-4,0.0011,0.0016,0.0022,0.003,0.0041,TRUE,FALSE,NAU,2026-09-30,Copycat
Mississippi,MS,0,wk inc rsv hosp,hosp,2026-10-03,2026-10-03,UGA_flucast-INFLAenza,1,3,4,6,8,11,14,1,3,4,6,8,10,10,TRUE,FALSE,UGA_flucast,2026-09-30,INFLAenza
Mississippi,MS,1,wk inc rsv hosp,hosp,2026-10-03,2026-10-10,UGA_flucast-INFLAenza,2,3,5,7,10,14,18,2,3,5,7,10,10,20,TRUE,FALSE,UGA_flucast,2026-09-30,INFLAenza
Mississippi,MS,2,wk inc rsv hosp,hosp,2026-10-03,2026-10-17,UGA_flucast-INFLAenza,2,4,6,9,13,17,23,2,4,6,9,10,20,20,TRUE,FALSE,UGA_flucast,2026-09-30,INFLAenza
Mississippi,MS,0,wk inc rsv prop ed visits,prop_ed,2026-10-03,2026-10-03,UGA_flucast-INFLAenza,3.302950820836664e-4,4.947992576531285e-4,6.812816938888504e-4,9.166179508383742e-4,0.0012129776719249702,0.0015163359813009083,0.0019415224464364737,3.3e-4,4.9e-4,6.8e-4,9.2e-4,0.0012,0.0015,0.0019,TRUE,FALSE,UGA_flucast,2026-09-30,INFLAenza
Mississippi,MS,1,wk inc rsv prop ed visits,prop_ed,2026-10-03,2026-10-10,UGA_flucast-INFLAenza,4.333699395650963e-4,6.162707547598817e-4,8.341562471097572e-4,0.001122876777062253,0.0014771397005398923,0.0018575149982139965,0.002405294653289863,4.3e-4,6.2e-4,8.3e-4,0.0011,0.0015,0.0019,0.0024,TRUE,FALSE,UGA_flucast,2026-09-30,INFLAenza
Mississippi,MS,2,wk inc rsv prop ed visits,prop_ed,2026-10-03,2026-10-17,UGA_flucast-INFLAenza,5.170226663124312e-4,7.496676713945338e-4,0.0010143111716966772,0.0013788929473818236,0.0018260509318719284,0.002332872754097355,0.0029686275120294025,5.2e-4,7.5e-4,0.001,0.0014,0.0018,0.0023,0.003,TRUE,FALSE,UGA_flucast,2026-09-30,INFLAenza
Mississippi,MS,0,wk inc rsv hosp,hosp,2026-10-03,2026-10-03,RSVHub-ensemble,2,3,4.041519947914081,6,8,11.212340065799545,17,2,3,4,6,8,10,20,FALSE,TRUE,RSVHub,2026-09-30,Ensemble using RSVHub forecast submissions
Mississippi,MS,1,wk inc rsv hosp,hosp,2026-10-03,2026-10-10,RSVHub-ensemble,2,3,5,7,9.612131650101706,13.5,18,2,3,5,7,10,10,20,FALSE,TRUE,RSVHub,2026-09-30,Ensemble using RSVHub forecast submissions
Mississippi,MS,2,wk inc rsv hosp,hosp,2026-10-03,2026-10-17,RSVHub-ensemble,2,3.555492767572183,5,8.5,13,17.013854652227128,23.583222819601893,2,4,5,9,10,20,20,FALSE,TRUE,RSVHub,2026-09-30,Ensemble using RSVHub forecast submissions
Mississippi,MS,0,wk inc rsv prop ed visits,prop_ed,2026-10-03,2026-10-03,RSVHub-ensemble,3.2058018140433426e-4,4.552865077481104e-4,6.007195984122558e-4,7.809892626844657e-4,0.0010009992892132022,0.0012266880938669811,0.00158309880465376,3.2e-4,4.6e-4,6e-4,7.8e-4,0.001,0.0012,0.0016,FALSE,TRUE,RSVHub,2026-09-30,Ensemble using RSVHub forecast submissions
Mississippi,MS,1,wk inc rsv prop ed visits,prop_ed,2026-10-03,2026-10-10,RSVHub-ensemble,3.32814469872411e-4,5.073302644039189e-4,6.952570326067936e-4,9.174239169152238e-4,0.001204793006462351,0.0015182195707831056,0.0019734314512195993,3.3e-4,5.1e-4,7e-4,9.2e-4,0.0012,0.0015,0.002,FALSE,TRUE,RSVHub,2026-09-30,Ensemble using RSVHub forecast submissions
Mississippi,MS,2,wk inc rsv prop ed visits,prop_ed,2026-10-03,2026-10-17,RSVHub-ensemble,3.295622231597066e-4,5.574062084119352e-4,7.804456518621376e-4,0.0010852504378110737,0.0014739195025148914,0.0019576075365138976,0.002601619078602761,3.3e-4,5.6e-4,7.8e-4,0.0011,0.0015,0.002,0.0026,FALSE,TRUE,RSVHub,2026-09-30,Ensemble using RSVHub forecast submissions
Missouri,MO,0,wk inc rsv hosp,hosp,2026-10-03,2026-10-03,CEPH-Rtrend_rsv,1,2,3,6,8,11,15,1,2,3,6,8,10,20,TRUE,FALSE,CEPH Lab at Indiana University,2026-09-30,Rtrend RSV
Missouri,MO,1,wk inc rsv hosp,hosp,2026-10-03,2026-10-10,CEPH-Rtrend_rsv,0,2,3,6,9,13,17,0,2,3,6,9,10,20,TRUE,FALSE,CEPH Lab at Indiana University,2026-09-30,Rtrend RSV
Missouri,MO,2,wk inc rsv hosp,hosp,2026-10-03,2026-10-17,CEPH-Rtrend_rsv,0,1,3,6,10,14,20,0,1,3,6,10,10,20,TRUE,FALSE,CEPH Lab at Indiana University,2026-09-30,Rtrend RSV
Missouri,MO,0,wk inc rsv prop ed visits,prop_ed,2026-10-03,2026-10-03,CFA-NowcastAutoGP,6.066280459410393e-5,8.928273636638924e-5,1.258800610746373e-4,1.855797660138165e-4,2.812875643179312e-4,4.0965802727218427e-4,6.200458813902308e-4,6.1e-5,8.9e-5,1.3e-4,1.9e-4,2.8e-4,4.1e-4,6.2e-4,TRUE,FALSE,Center for Forecasting and Outbreak Analytics (CDC/CFA),2026-09-30,NowcastAutoGP
Missouri,MO,1,wk inc rsv prop ed visits,prop_ed,2026-10-03,2026-10-10,CFA-NowcastAutoGP,4.677362582782016e-5,7.842262867690394e-5,1.2126191171533981e-4,2.0057445508428077e-4,3.1766195833221285e-4,4.6864323835072705e-4,7.468209083570269e-4,4.7e-5,7.8e-5,1.2e-4,2e-4,3.2e-4,4.7e-4,7.5e-4,TRUE,FALSE,Center for Forecasting and Outbreak Analytics (CDC/CFA),2026-09-30,NowcastAutoGP
Missouri,MO,2,wk inc rsv prop ed visits,prop_ed,2026-10-03,2026-10-17,CFA-NowcastAutoGP,3.8326007379098965e-5,6.95950927888143e-5,1.1587981619330938e-4,2.0235600227129342e-4,3.406228896193948e-4,5.488879545689888e-4,9.453898778171956e-4,3.8e-5,7e-5,1.2e-4,2e-4,3.4e-4,5.5e-4,9.5e-4,TRUE,FALSE,Center for Forecasting and Outbreak Analytics (CDC/CFA),2026-09-30,NowcastAutoGP
Missouri,MO,0,wk inc rsv prop ed visits,prop_ed,2026-10-03,2026-10-03,CFA-PyRenew_E,4.374690015629152e-5,8.674162527976579e-5,1.2957585932085267e-4,1.7732974063751626e-4,2.4160865444421874e-4,3.18609092995566e-4,4.1447779891375726e-4,4.4e-5,8.7e-5,1.3e-4,1.8e-4,2.4e-4,3.2e-4,4.1e-4,TRUE,FALSE,Center for Forecasting and Outbreak Analytics (CDC/CFA),2026-09-30,PyRenew-E
Missouri,MO,1,wk inc rsv prop ed visits,prop_ed,2026-10-03,2026-10-10,CFA-PyRenew_E,4.207191709284312e-5,6.637986050037355e-5,1.1184649516715668e-4,1.783319578044782e-4,2.674746831666521e-4,3.623842836677293e-4,4.964593088940991e-4,4.2e-5,6.6e-5,1.1e-4,1.8e-4,2.7e-4,3.6e-4,5e-4,TRUE,FALSE,Center for Forecasting and Outbreak Analytics (CDC/CFA),2026-09-30,PyRenew-E
Missouri,MO,2,wk inc rsv prop ed visits,prop_ed,2026-10-03,2026-10-17,CFA-PyRenew_E,2.1536068409211833e-5,6.284340473771353e-5,1.077590399708858e-4,1.7681636808863842e-4,2.9211472646807336e-4,4.458513574799954e-4,7.35343889822744e-4,2.2e-5,6.3e-5,1.1e-4,1.8e-4,2.9e-4,4.5e-4,7.4e-4,TRUE,FALSE,Center for Forecasting and Outbreak Analytics (CDC/CFA),2026-09-30,PyRenew-E
Missouri,MO,0,wk inc rsv hosp,hosp,2026-10-03,2026-10-03,CFA-PyRenew_H,0,0,1,2,4,6,9,0,0,1,2,4,6,9,FALSE,FALSE,Center for Forecasting and Outbreak Analytics (CDC/CFA),2026-09-30,PyRenew-H
Missouri,MO,1,wk inc rsv hosp,hosp,2026-10-03,2026-10-10,CFA-PyRenew_H,0,0,1,2,5,8,14,0,0,1,2,5,8,10,FALSE,FALSE,Center for Forecasting and Outbreak Analytics (CDC/CFA),2026-09-30,PyRenew-H
Missouri,MO,2,wk inc rsv hosp,hosp,2026-10-03,2026-10-17,CFA-PyRenew_H,0,0,1,3,6,11,24,0,0,1,3,6,10,20,FALSE,FALSE,Center for Forecasting and Outbreak Analytics (CDC/CFA),2026-09-30,PyRenew-H
Missouri,MO,0,wk inc rsv hosp,hosp,2026-10-03,2026-10-03,CFA-PyRenew_HE,0,1,2,3,4,6,8,0,1,2,3,4,6,8,TRUE,FALSE,Center for Forecasting and Outbreak Analytics (CDC/CFA),2026-09-30,PyRenew-HE
Missouri,MO,1,wk inc rsv hosp,hosp,2026-10-03,2026-10-10,CFA-PyRenew_HE,0,1,1,3,4,7,10,0,1,1,3,4,7,10,TRUE,FALSE,Center for Forecasting and Outbreak Analytics (CDC/CFA),2026-09-30,PyRenew-HE
Missouri,MO,2,wk inc rsv hosp,hosp,2026-10-03,2026-10-17,CFA-PyRenew_HE,0,0,1,3,5,8,13.024999999999864,0,0,1,3,5,8,10,TRUE,FALSE,Center for Forecasting and Outbreak Analytics (CDC/CFA),2026-09-30,PyRenew-HE
Missouri,MO,0,wk inc rsv prop ed visits,prop_ed,2026-10-03,2026-10-03,CFA-PyRenew_HE,4.355299029004011e-5,8.592487834419325e-5,1.2808753527524251e-4,1.7495750314938994e-4,2.3735367324746954e-4,3.0316880852043374e-4,3.8957580064399806e-4,4.4e-5,8.6e-5,1.3e-4,1.7e-4,2.4e-4,3e-4,3.9e-4,FALSE,FALSE,Center for Forecasting and Outbreak Analytics (CDC/CFA),2026-09-30,PyRenew-HE
Missouri,MO,1,wk inc rsv prop ed visits,prop_ed,2026-10-03,2026-10-10,CFA-PyRenew_HE,4.220337518965111e-5,6.54269566552025e-5,1.0982469561837885e-4,1.76872582964575e-4,2.588199521783728e-4,3.596246752009073e-4,5.115508191075171e-4,4.2e-5,6.5e-5,1.1e-4,1.8e-4,2.6e-4,3.6e-4,5.1e-4,FALSE,FALSE,Center for Forecasting and Outbreak Analytics (CDC/CFA),2026-09-30,PyRenew-HE
Missouri,MO,2,wk inc rsv prop ed visits,prop_ed,2026-10-03,2026-10-17,CFA-PyRenew_HE,2.1791361836733057e-5,6.369002982044017e-5,1.0690654896446027e-4,1.842315414071042e-4,2.8632140579534977e-4,4.331428762597481e-4,7.630404146057864e-4,2.2e-5,6.4e-5,1.1e-4,1.8e-4,2.9e-4,4.3e-4,7.6e-4,FALSE,FALSE,Center for Forecasting and Outbreak Analytics (CDC/CFA),2026-09-30,PyRenew-HE
Missouri,MO,0,wk inc rsv hosp,hosp,2026-10-03,2026-10-03,NAU-epymorph,0,0,2,4,6,9,13,0,0,2,4,6,9,10,TRUE,FALSE,Northern Arizona University,2026-09-30,epymorph RSV compartmental model
Missouri,MO,1,wk inc rsv hosp,hosp,2026-10-03,2026-10-10,NAU-epymorph,0,0,2,4,7,12,23,0,0,2,4,7,10,20,TRUE,FALSE,Northern Arizona University,2026-09-30,epymorph RSV compartmental model
Missouri,MO,2,wk inc rsv hosp,hosp,2026-10-03,2026-10-17,NAU-epymorph,0,0,2,4,9,18,43,0,0,2,4,9,20,40,TRUE,FALSE,Northern Arizona University,2026-09-30,epymorph RSV compartmental model
Missouri,MO,0,wk inc rsv hosp,hosp,2026-10-03,2026-10-03,RSVHub-baseline,0,0,1,3,5,18,43,0,0,1,3,5,20,40,FALSE,FALSE,RSVHub-hub-models,2026-09-30,RSVHub baseline model
Missouri,MO,1,wk inc rsv hosp,hosp,2026-10-03,2026-10-10,RSVHub-baseline,0,0,0,3,10.6609491094911,30.954939549395533,63.113241882418876,0,0,0,3,10,30,60,FALSE,FALSE,RSVHub-hub-models,2026-09-30,RSVHub baseline model
Missouri,MO,2,wk inc rsv hosp,hosp,2026-10-03,2026-10-17,RSVHub-baseline,0,0,0,3,16,39,71.3261145111454,0,0,0,3,20,40,70,FALSE,FALSE,RSVHub-hub-models,2026-09-30,RSVHub baseline model
Missouri,MO,0,wk inc rsv prop ed visits,prop_ed,2026-10-03,2026-10-03,RSVHub-baseline,0,0,1e-4,2e-4,3.0000000000000003e-4,6.500000000000013e-4,0.0020999999999999994,0,0,1e-4,2e-4,3e-4,6.5e-4,0.0021,FALSE,FALSE,RSVHub-hub-models,2026-09-30,RSVHub baseline model
Missouri,MO,1,wk inc rsv prop ed visits,prop_ed,2026-10-03,2026-10-10,RSVHub-baseline,0,0,2.710505431213761e-20,2e-4,4.1860968609686125e-4,0.0013,0.0027000000000000006,0,0,2.7e-20,2e-4,4.2e-4,0.0013,0.0027,FALSE,FALSE,RSVHub-hub-models,2026-09-30,RSVHub baseline model
Missouri,MO,2,wk inc rsv prop ed visits,prop_ed,2026-10-03,2026-10-17,RSVHub-baseline,0,0,0,2e-4,6.440524405244076e-4,0.0017,0.003182491999919998,0,0,0,2e-4,6.4e-4,0.0017,0.0032,FALSE,FALSE,RSVHub-hub-models,2026-09-30,RSVHub baseline model
Missouri,MO,0,wk inc rsv hosp,hosp,2026-10-03,2026-10-03,docxology-timesfm,0.24871234396817313,0.43433273202797273,1.263459725337652,1.7567047753189915,2.3694330349363177,3.3029522558411033,6.284053657793007,0,0,1,2,2,3,6,TRUE,FALSE,docxology,2026-09-30,docxology timesfm
Missouri,MO,1,wk inc rsv hosp,hosp,2026-10-03,2026-10-10,docxology-timesfm,0,0,0.3056818835881209,0.5159664656299997,0.7925933895045645,0.9914520372364729,2.4524739109537452,0,0,0,1,1,1,2,TRUE,FALSE,docxology,2026-09-30,docxology timesfm
Missouri,MO,2,wk inc rsv hosp,hosp,2026-10-03,2026-10-17,docxology-timesfm,0.3044742331173885,0.588561968470698,1.5777830535542106,2.5303357737264776,3.2138954737696346,4.930278842807748,10.671466521044739,0,1,2,3,3,5,10,TRUE,FALSE,docxology,2026-09-30,docxology timesfm
Missouri,MO,0,wk inc rsv hosp,hosp,2026-10-03,2026-10-03,NAU-Copycat,0,1,2,4,6,10,17,0,1,2,4,6,10,20,TRUE,FALSE,NAU,2026-09-30,Copycat
Missouri,MO,1,wk inc rsv hosp,hosp,2026-10-03,2026-10-10,NAU-Copycat,0,0,2,4,8,13,27,0,0,2,4,8,10,30,TRUE,FALSE,NAU,2026-09-30,Copycat
Missouri,MO,2,wk inc rsv hosp,hosp,2026-10-03,2026-10-17,NAU-Copycat,0,1,2,5,9,18,41,0,1,2,5,9,20,40,TRUE,FALSE,NAU,2026-09-30,Copycat
Missouri,MO,0,wk inc rsv prop ed visits,prop_ed,2026-10-03,2026-10-03,NAU-Copycat,4.242029802293045e-5,1.0111704759081474e-4,1.772840065473312e-4,2.568307929307231e-4,3.598219073183647e-4,5.035410823485763e-4,7.343792074843233e-4,4.2e-5,1e-4,1.8e-4,2.6e-4,3.6e-4,5e-4,7.3e-4,TRUE,FALSE,NAU,2026-09-30,Copycat
Missouri,MO,1,wk inc rsv prop ed visits,prop_ed,2026-10-03,2026-10-10,NAU-Copycat,2.821497287587003e-5,1.0750465632379823e-4,2.0688491640180536e-4,3.272331252049109e-4,4.938093748450829e-4,6.864539827639421e-4,0.0010346513376586872,2.8e-5,1.1e-4,2.1e-4,3.3e-4,4.9e-4,6.9e-4,0.001,TRUE,FALSE,NAU,2026-09-30,Copycat
Missouri,MO,2,wk inc rsv prop ed visits,prop_ed,2026-10-03,2026-10-17,NAU-Copycat,4.817769797778156e-5,1.4392525760516546e-4,2.3465625786072555e-4,4.1275022801798685e-4,6.671952465981996e-4,0.0010131413294373341,0.0015417776817349916,4.8e-5,1.4e-4,2.3e-4,4.1e-4,6.7e-4,0.001,0.0015,TRUE,FALSE,NAU,2026-09-30,Copycat
Missouri,MO,0,wk inc rsv hosp,hosp,2026-10-03,2026-10-03,UGA_flucast-INFLAenza,0,1,2,3,4,6,9,0,1,2,3,4,6,9,TRUE,FALSE,UGA_flucast,2026-09-30,INFLAenza
Missouri,MO,1,wk inc rsv hosp,hosp,2026-10-03,2026-10-10,UGA_flucast-INFLAenza,0,1,2,3,5,7,10,0,1,2,3,5,7,10,TRUE,FALSE,UGA_flucast,2026-09-30,INFLAenza
Missouri,MO,2,wk inc rsv hosp,hosp,2026-10-03,2026-10-17,UGA_flucast-INFLAenza,0,1,3,4,6,9,13,0,1,3,4,6,9,10,TRUE,FALSE,UGA_flucast,2026-09-30,INFLAenza
Missouri,MO,0,wk inc rsv prop ed visits,prop_ed,2026-10-03,2026-10-03,UGA_flucast-INFLAenza,3.3724539683900404e-5,7.867100557660634e-5,1.4332534687665785e-4,2.418433375469259e-4,3.7713988176171624e-4,5.309637006016655e-4,7.393450674644602e-4,3.4e-5,7.9e-5,1.4e-4,2.4e-4,3.8e-4,5.3e-4,7.4e-4,TRUE,FALSE,UGA_flucast,2026-09-30,INFLAenza
Missouri,MO,1,wk inc rsv prop ed visits,prop_ed,2026-10-03,2026-10-10,UGA_flucast-INFLAenza,4.5728159956588895e-5,9.720587177160891e-5,1.7176184169351324e-4,2.80946332476214e-4,4.294118402259108e-4,5.868060483976981e-4,7.99796072215314e-4,4.6e-5,9.7e-5,1.7e-4,2.8e-4,4.3e-4,5.9e-4,8e-4,TRUE,FALSE,UGA_flucast,2026-09-30,INFLAenza
Missouri,MO,2,wk inc rsv prop ed visits,prop_ed,2026-10-03,2026-10-17,UGA_flucast-INFLAenza,6.118708951770503e-5,1.2655119564274826e-4,2.0920026620629468e-4,3.327211447030835e-4,4.980641381545738e-4,6.835937698873537e-4,9.145532447331632e-4,6.1e-5,1.3e-4,2.1e-4,3.3e-4,5e-4,6.8e-4,9.1e-4,TRUE,FALSE,UGA_flucast,2026-09-30,INFLAenza
Missouri,MO,0,wk inc rsv hosp,hosp,2026-10-03,2026-10-03,RSVHub-ensemble,0,1,2,3.5,5,7.5,11,0,1,2,4,5,8,10,FALSE,TRUE,RSVHub,2026-09-30,Ensemble using RSVHub forecast submissions
Missouri,MO,1,wk inc rsv hosp,hosp,2026-10-03,2026-10-10,RSVHub-ensemble,0,0.5,2,3.5,6,9.5,13.5,0,1,2,4,6,10,10,FALSE,TRUE,RSVHub,2026-09-30,Ensemble using RSVHub forecast submissions
Missouri,MO,2,wk inc rsv hosp,hosp,2026-10-03,2026-10-17,RSVHub-ensemble,0,0.794280984235349,2,4,7.5,11.5,16.512499999999932,0,1,2,4,8,10,20,FALSE,TRUE,RSVHub,2026-09-30,Ensemble using RSVHub forecast submissions
Missouri,MO,0,wk inc rsv prop ed visits,prop_ed,2026-10-03,2026-10-03,RSVHub-ensemble,4.308359908961098e-5,8.801218082307751e-5,1.3645060309875527e-4,2.137115517803712e-4,3.2055473581814797e-4,4.565995548103803e-4,6.772125444372771e-4,4.3e-5,8.8e-5,1.4e-4,2.1e-4,3.2e-4,4.6e-4,6.8e-4,FALSE,TRUE,RSVHub,2026-09-30,Ensemble using RSVHub forecast submissions
Missouri,MO,1,wk inc rsv prop ed visits,prop_ed,2026-10-03,2026-10-10,RSVHub-ensemble,4.3900038524716006e-5,8.781425022425643e-5,1.4651187670442652e-4,2.407603937802474e-4,3.7353689927906186e-4,5.277246433742126e-4,7.733084902861705e-4,4.4e-5,8.8e-5,1.5e-4,2.4e-4,3.7e-4,5.3e-4,7.7e-4,FALSE,TRUE,RSVHub,2026-09-30,Ensemble using RSVHub forecast submissions
Missouri,MO,2,wk inc rsv prop ed visits,prop_ed,2026-10-03,2026-10-17,RSVHub-ensemble,4.325185267844026e-5,9.807314421578128e-5,1.6254004119980203e-4,2.6753857348718845e-4,4.193435138869843e-4,6.162408622281712e-4,9.299715612751795e-4,4.3e-5,9.8e-5,1.6e-4,2.7e-4,4.2e-4,6.2e-4,0.00093000000000000005,FALSE,TRUE,RSVHub,2026-09-30,Ensemble using RSVHub forecast submissions
Montana,MT,0,wk inc rsv hosp,hosp,2026-10-03,2026-10-03,CEPH-Rtrend_rsv,0,1,1,1,2,3,3,0,1,1,1,2,3,3,TRUE,FALSE,CEPH Lab at Indiana University,2026-09-30,Rtrend RSV
Montana,MT,1,wk inc rsv hosp,hosp,2026-10-03,2026-10-10,CEPH-Rtrend_rsv,0,1,1,1,2,3,4,0,1,1,1,2,3,4,TRUE,FALSE,CEPH Lab at Indiana University,2026-09-30,Rtrend RSV
Montana,MT,2,wk inc rsv hosp,hosp,2026-10-03,2026-10-17,CEPH-Rtrend_rsv,0,0,1,1,3,4,5,0,0,1,1,3,4,5,TRUE,FALSE,CEPH Lab at Indiana University,2026-09-30,Rtrend RSV
Montana,MT,0,wk inc rsv prop ed visits,prop_ed,2026-10-03,2026-10-03,CFA-NowcastAutoGP,0,0,0,2.0794460536717483e-5,6.461326245415608e-5,1.1716900486759818e-4,2.2237048051313064e-4,0,0,0,2.1e-5,6.5e-5,1.2e-4,2.2e-4,TRUE,FALSE,Center for Forecasting and Outbreak Analytics (CDC/CFA),2026-09-30,NowcastAutoGP
Montana,MT,1,wk inc rsv prop ed visits,prop_ed,2026-10-03,2026-10-10,CFA-NowcastAutoGP,0,0,0,2.1357656177402066e-5,7.252215857511094e-5,1.453827435332708e-4,2.647315811104108e-4,0,0,0,2.1e-5,7.3e-5,1.5e-4,2.6e-4,TRUE,FALSE,Center for Forecasting and Outbreak Analytics (CDC/CFA),2026-09-30,NowcastAutoGP
Montana,MT,2,wk inc rsv prop ed visits,prop_ed,2026-10-03,2026-10-17,CFA-NowcastAutoGP,0,0,0,2.800080143949981e-5,8.325846250918435e-5,1.7530441577196882e-4,3.2555382961123015e-4,0,0,0,2.8e-5,8.3e-5,1.8e-4,3.3e-4,TRUE,FALSE,Center for Forecasting and Outbreak Analytics (CDC/CFA),2026-09-30,NowcastAutoGP
Montana,MT,0,wk inc rsv prop ed visits,prop_ed,2026-10-03,2026-10-03,CFA-PyRenew_E,0,0,0,0,0,1.1078453837893643e-4,1.1648113239083644e-4,0,0,0,0,0,1.1e-4,1.2e-4,TRUE,FALSE,Center for Forecasting and Outbreak Analytics (CDC/CFA),2026-09-30,PyRenew-E
Montana,MT,1,wk inc rsv prop ed visits,prop_ed,2026-10-03,2026-10-10,CFA-PyRenew_E,0,0,0,0,0,1.0721076551188169e-4,1.159924074138073e-4,0,0,0,0,0,1.1e-4,1.2e-4,TRUE,FALSE,Center for Forecasting and Outbreak Analytics (CDC/CFA),2026-09-30,PyRenew-E
Montana,MT,2,wk inc rsv prop ed visits,prop_ed,2026-10-03,2026-10-17,CFA-PyRenew_E,0,0,0,0,0,1.0784590505619531e-4,1.152678873764213e-4,0,0,0,0,0,1.1e-4,1.2e-4,TRUE,FALSE,Center for Forecasting and Outbreak Analytics (CDC/CFA),2026-09-30,PyRenew-E
Montana,MT,0,wk inc rsv hosp,hosp,2026-10-03,2026-10-03,CFA-PyRenew_H,0,0,0,0,0,1,2,0,0,0,0,0,1,2,FALSE,FALSE,Center for Forecasting and Outbreak Analytics (CDC/CFA),2026-09-30,PyRenew-H
Montana,MT,1,wk inc rsv hosp,hosp,2026-10-03,2026-10-10,CFA-PyRenew_H,0,0,0,0,0,1,2,0,0,0,0,0,1,2,FALSE,FALSE,Center for Forecasting and Outbreak Analytics (CDC/CFA),2026-09-30,PyRenew-H
Montana,MT,2,wk inc rsv hosp,hosp,2026-10-03,2026-10-17,CFA-PyRenew_H,0,0,0,0,0,1,4,0,0,0,0,0,1,4,FALSE,FALSE,Center for Forecasting and Outbreak Analytics (CDC/CFA),2026-09-30,PyRenew-H
Montana,MT,0,wk inc rsv hosp,hosp,2026-10-03,2026-10-03,CFA-PyRenew_HE,0,0,0,0,0,0,1,0,0,0,0,0,0,1,TRUE,FALSE,Center for Forecasting and Outbreak Analytics (CDC/CFA),2026-09-30,PyRenew-HE
Montana,MT,1,wk inc rsv hosp,hosp,2026-10-03,2026-10-10,CFA-PyRenew_HE,0,0,0,0,0,0,1,0,0,0,0,0,0,1,TRUE,FALSE,Center for Forecasting and Outbreak Analytics (CDC/CFA),2026-09-30,PyRenew-HE
Montana,MT,2,wk inc rsv hosp,hosp,2026-10-03,2026-10-17,CFA-PyRenew_HE,0,0,0,0,0,0,1,0,0,0,0,0,0,1,TRUE,FALSE,Center for Forecasting and Outbreak Analytics (CDC/CFA),2026-09-30,PyRenew-HE
Montana,MT,0,wk inc rsv prop ed visits,prop_ed,2026-10-03,2026-10-03,CFA-PyRenew_HE,0,0,0,0,0,1.1037035502666722e-4,1.1634411718428708e-4,0,0,0,0,0,1.1e-4,1.2e-4,FALSE,FALSE,Center for Forecasting and Outbreak Analytics (CDC/CFA),2026-09-30,PyRenew-HE
Montana,MT,1,wk inc rsv prop ed visits,prop_ed,2026-10-03,2026-10-10,CFA-PyRenew_HE,0,0,0,0,0,1.0890399883412223e-4,1.1641881691330424e-4,0,0,0,0,0,1.1e-4,1.2e-4,FALSE,FALSE,Center for Forecasting and Outbreak Analytics (CDC/CFA),2026-09-30,PyRenew-HE
Montana,MT,2,wk inc rsv prop ed visits,prop_ed,2026-10-03,2026-10-17,CFA-PyRenew_HE,0,0,0,0,0,1.08309528938096e-4,2.1599116444361886e-4,0,0,0,0,0,1.1e-4,2.2e-4,FALSE,FALSE,Center for Forecasting and Outbreak Analytics (CDC/CFA),2026-09-30,PyRenew-HE
Montana,MT,0,wk inc rsv hosp,hosp,2026-10-03,2026-10-03,NAU-epymorph,0,0,0,0,1,2,4,0,0,0,0,1,2,4,TRUE,FALSE,Northern Arizona University,2026-09-30,epymorph RSV compartmental model
Montana,MT,1,wk inc rsv hosp,hosp,2026-10-03,2026-10-10,NAU-epymorph,0,0,0,0,1,2,6,0,0,0,0,1,2,6,TRUE,FALSE,Northern Arizona University,2026-09-30,epymorph RSV compartmental model
Montana,MT,2,wk inc rsv hosp,hosp,2026-10-03,2026-10-17,NAU-epymorph,0,0,0,0,1,3,11,0,0,0,0,1,3,10,TRUE,FALSE,Northern Arizona University,2026-09-30,epymorph RSV compartmental model
Montana,MT,0,wk inc rsv hosp,hosp,2026-10-03,2026-10-03,RSVHub-baseline,0,0,0,0,0,4,14.274999999999961,0,0,0,0,0,4,10,FALSE,FALSE,RSVHub-hub-models,2026-09-30,RSVHub baseline model
Montana,MT,1,wk inc rsv hosp,hosp,2026-10-03,2026-10-10,RSVHub-baseline,0,0,0,0,2,10,19.113753637536103,0,0,0,0,2,10,20,FALSE,FALSE,RSVHub-hub-models,2026-09-30,RSVHub baseline model
Montana,MT,2,wk inc rsv hosp,hosp,2026-10-03,2026-10-17,RSVHub-baseline,0,0,0,0,4,12.575159751597521,23.16425989259884,0,0,0,0,4,10,20,FALSE,FALSE,RSVHub-hub-models,2026-09-30,RSVHub baseline model
Montana,MT,0,wk inc rsv prop ed visits,prop_ed,2026-10-03,2026-10-03,RSVHub-baseline,0,0,0,0,2.000000000000001e-4,0.001050000000000001,0.0033,0,0,0,0,2e-4,0.0011,0.0033,FALSE,FALSE,RSVHub-hub-models,2026-09-30,RSVHub baseline model
Montana,MT,1,wk inc rsv prop ed visits,prop_ed,2026-10-03,2026-10-10,RSVHub-baseline,0,0,0,0,6.999999999999998e-4,0.0023158906589065926,0.004284192216922167,0,0,0,0,7e-4,0.0023,0.0043,FALSE,FALSE,RSVHub-hub-models,2026-09-30,RSVHub baseline model
Montana,MT,2,wk inc rsv prop ed visits,prop_ed,2026-10-03,2026-10-17,RSVHub-baseline,0,0,0,0,9.013542635426336e-4,0.002827663676636763,0.005,0,0,0,0,9e-4,0.0028,0.005,FALSE,FALSE,RSVHub-hub-models,2026-09-30,RSVHub baseline model
Montana,MT,0,wk inc rsv hosp,hosp,2026-10-03,2026-10-03,docxology-timesfm,0,0,0,0.045390712276844346,0.5807832527719118,0.8650715743559239,1.5888887347054308,0,0,0,0,1,1,2,TRUE,FALSE,docxology,2026-09-30,docxology timesfm
Montana,MT,1,wk inc rsv hosp,hosp,2026-10-03,2026-10-10,docxology-timesfm,0,0,0,0.023775305977800983,0.7119440779075163,1.2695047883628843,2.9785752611004654,0,0,0,0,1,1,3,TRUE,FALSE,docxology,2026-09-30,docxology timesfm
Montana,MT,2,wk inc rsv hosp,hosp,2026-10-03,2026-10-17,docxology-timesfm,0,0,0,0.06809001045646772,0.9706957153368059,1.5352500192273921,2.3796148789745315,0,0,0,0,1,2,2,TRUE,FALSE,docxology,2026-09-30,docxology timesfm
Montana,MT,0,wk inc rsv hosp,hosp,2026-10-03,2026-10-03,NAU-Copycat,0,0,0,0,1,2,3,0,0,0,0,1,2,3,TRUE,FALSE,NAU,2026-09-30,Copycat
Montana,MT,1,wk inc rsv hosp,hosp,2026-10-03,2026-10-10,NAU-Copycat,0,0,0,0,1,2,5,0,0,0,0,1,2,5,TRUE,FALSE,NAU,2026-09-30,Copycat
Montana,MT,2,wk inc rsv hosp,hosp,2026-10-03,2026-10-17,NAU-Copycat,0,0,0,0,1,3,6,0,0,0,0,1,3,6,TRUE,FALSE,NAU,2026-09-30,Copycat
Montana,MT,0,wk inc rsv prop ed visits,prop_ed,2026-10-03,2026-10-03,NAU-Copycat,0,0,0,1.9220163491283854e-5,7.180741450136647e-5,1.3453727684228757e-4,2.2832419060290715e-4,0,0,0,1.9e-5,7.2e-5,1.3e-4,2.3e-4,TRUE,FALSE,NAU,2026-09-30,Copycat
Montana,MT,1,wk inc rsv prop ed visits,prop_ed,2026-10-03,2026-10-10,NAU-Copycat,0,0,0,3.735506746486083e-5,1.2901314167102068e-4,2.3148327454609549e-4,4.31298861415113e-4,0,0,0,3.7e-5,1.3e-4,2.3e-4,4.3e-4,TRUE,FALSE,NAU,2026-09-30,Copycat
Montana,MT,2,wk inc rsv prop ed visits,prop_ed,2026-10-03,2026-10-17,NAU-Copycat,0,0,0,6.323107160667916e-5,1.98970655026736e-4,4.1163211317999694e-4,7.710821941134208e-4,0,0,0,6.3e-5,2e-4,4.1e-4,7.7e-4,TRUE,FALSE,NAU,2026-09-30,Copycat
Montana,MT,0,wk inc rsv hosp,hosp,2026-10-03,2026-10-03,UGA_flucast-INFLAenza,0,0,0,0,1,1,2,0,0,0,0,1,1,2,TRUE,FALSE,UGA_flucast,2026-09-30,INFLAenza
Montana,MT,1,wk inc rsv hosp,hosp,2026-10-03,2026-10-10,UGA_flucast-INFLAenza,0,0,0,0,1,2,3,0,0,0,0,1,2,3,TRUE,FALSE,UGA_flucast,2026-09-30,INFLAenza
Montana,MT,2,wk inc rsv hosp,hosp,2026-10-03,2026-10-17,UGA_flucast-INFLAenza,0,0,0,0,1,2,3,0,0,0,0,1,2,3,TRUE,FALSE,UGA_flucast,2026-09-30,INFLAenza
Montana,MT,0,wk inc rsv prop ed visits,prop_ed,2026-10-03,2026-10-03,UGA_flucast-INFLAenza,6.298898170763653e-6,2.3307321393699796e-5,5.589112148228346e-5,1.2022620174411645e-4,2.1969020861681063e-4,3.39936844153996e-4,5.048678818943965e-4,6.3e-6,2.3e-5,5.6e-5,1.2e-4,2.2e-4,3.4e-4,5e-4,TRUE,FALSE,UGA_flucast,2026-09-30,INFLAenza
Montana,MT,1,wk inc rsv prop ed visits,prop_ed,2026-10-03,2026-10-10,UGA_flucast-INFLAenza,7.66651352955527e-6,2.7316234330958538e-5,6.344916666793334e-5,1.3273783702655293e-4,2.40384962627135e-4,3.6747783512875245e-4,5.394042556929638e-4,7.7e-6,2.7e-5,6.3e-5,1.3e-4,2.4e-4,3.7e-4,5.4e-4,TRUE,FALSE,UGA_flucast,2026-09-30,INFLAenza
Montana,MT,2,wk inc rsv prop ed visits,prop_ed,2026-10-03,2026-10-17,UGA_flucast-INFLAenza,9.6170852694414e-6,3.3513103624811276e-5,7.315396277984638e-5,1.4301999520857807e-4,2.631057939504524e-4,3.9640100805821463e-4,5.831502924133548e-4,9.6e-6,3.4e-5,7.3e-5,1.4e-4,2.6e-4,4e-4,5.8e-4,TRUE,FALSE,UGA_flucast,2026-09-30,INFLAenza
Montana,MT,0,wk inc rsv hosp,hosp,2026-10-03,2026-10-03,RSVHub-ensemble,0,0,0,0,1,1.5,2.5,0,0,0,0,1,2,3,FALSE,TRUE,RSVHub,2026-09-30,Ensemble using RSVHub forecast submissions
Montana,MT,1,wk inc rsv hosp,hosp,2026-10-03,2026-10-10,RSVHub-ensemble,0,0,0,0,1,2,3.5,0,0,0,0,1,2,4,FALSE,TRUE,RSVHub,2026-09-30,Ensemble using RSVHub forecast submissions
Montana,MT,2,wk inc rsv hosp,hosp,2026-10-03,2026-10-17,RSVHub-ensemble,0,0,0,0,1,2.5,4,0,0,0,0,1,3,4,FALSE,TRUE,RSVHub,2026-09-30,Ensemble using RSVHub forecast submissions
Montana,MT,0,wk inc rsv prop ed visits,prop_ed,2026-10-03,2026-10-03,RSVHub-ensemble,0,0,0,2.000731201400067e-5,6.821033847776128e-5,1.2585314085494288e-4,2.253473355580189e-4,0,0,0,2e-5,6.8e-5,1.3e-4,2.3e-4,FALSE,TRUE,RSVHub,2026-09-30,Ensemble using RSVHub forecast submissions
Montana,MT,1,wk inc rsv prop ed visits,prop_ed,2026-10-03,2026-10-10,RSVHub-ensemble,0,0,0,2.9356361821131448e-5,1.0076765012306581e-4,1.8843300903968315e-4,3.4801522126276193e-4,0,0,0,2.9e-5,1e-4,1.9e-4,3.5e-4,FALSE,TRUE,RSVHub,2026-09-30,Ensemble using RSVHub forecast submissions
Montana,MT,2,wk inc rsv prop ed visits,prop_ed,2026-10-03,2026-10-17,RSVHub-ensemble,0,0,0,4.561593652308948e-5,1.4111455876796017e-4,2.858527119150917e-4,4.5435206101229243e-4,0,0,0,4.6e-5,1.4e-4,2.9e-4,4.5e-4,FALSE,TRUE,RSVHub,2026-09-30,Ensemble using RSVHub forecast submissions
Nebraska,NE,0,wk inc rsv hosp,hosp,2026-10-03,2026-10-03,CEPH-Rtrend_rsv,0,1,2,3,5,7,9,0,1,2,3,5,7,9,TRUE,FALSE,CEPH Lab at Indiana University,2026-09-30,Rtrend RSV
Nebraska,NE,1,wk inc rsv hosp,hosp,2026-10-03,2026-10-10,CEPH-Rtrend_rsv,0,1,2,3,5,8,10,0,1,2,3,5,8,10,TRUE,FALSE,CEPH Lab at Indiana University,2026-09-30,Rtrend RSV
Nebraska,NE,2,wk inc rsv hosp,hosp,2026-10-03,2026-10-17,CEPH-Rtrend_rsv,0,1,2,3,6,8,13,0,1,2,3,6,8,10,TRUE,FALSE,CEPH Lab at Indiana University,2026-09-30,Rtrend RSV
Nebraska,NE,0,wk inc rsv prop ed visits,prop_ed,2026-10-03,2026-10-03,CFA-NowcastAutoGP,8.903813458047766e-6,3.369250311037112e-5,6.824292752745044e-5,1.286760831876917e-4,2.2801210931061398e-4,3.7185188848713204e-4,6.8084809628667e-4,8.9e-6,3.4e-5,6.8e-5,1.3e-4,2.3e-4,3.7e-4,6.8e-4,TRUE,FALSE,Center for Forecasting and Outbreak Analytics (CDC/CFA),2026-09-30,NowcastAutoGP
Nebraska,NE,1,wk inc rsv prop ed visits,prop_ed,2026-10-03,2026-10-10,CFA-NowcastAutoGP,5.055502117218998e-6,3.1708505161655896e-5,6.869525974229686e-5,1.3624476816323554e-4,2.5185322679230273e-4,4.3036914071682307e-4,8.591198507956109e-4,5.1e-6,3.2e-5,6.9e-5,1.4e-4,2.5e-4,4.3e-4,8.6e-4,TRUE,FALSE,Center for Forecasting and Outbreak Analytics (CDC/CFA),2026-09-30,NowcastAutoGP
Nebraska,NE,2,wk inc rsv prop ed visits,prop_ed,2026-10-03,2026-10-17,CFA-NowcastAutoGP,0,2.6580722666624828e-5,6.512624117123322e-5,1.4399235328914665e-4,2.7237611761611775e-4,4.887032554328015e-4,9.168812558279933e-4,0,2.7e-5,6.5e-5,1.4e-4,2.7e-4,4.9e-4,9.2e-4,TRUE,FALSE,Center for Forecasting and Outbreak Analytics (CDC/CFA),2026-09-30,NowcastAutoGP
Nebraska,NE,0,wk inc rsv prop ed visits,prop_ed,2026-10-03,2026-10-03,CFA-PyRenew_E,0,0,7.496510812314421e-5,1.5103822779931938e-4,2.361062742982115e-4,3.8662026568058784e-4,5.657180325393263e-4,0,0,7.5e-5,1.5e-4,2.4e-4,3.9e-4,5.7e-4,TRUE,FALSE,Center for Forecasting and Outbreak Analytics (CDC/CFA),2026-09-30,PyRenew-E
Nebraska,NE,1,wk inc rsv prop ed visits,prop_ed,2026-10-03,2026-10-10,CFA-PyRenew_E,0,0,7.60176183073188e-5,1.5772218342385939e-4,3.2116095787492144e-4,6.07134243631864e-4,0.0010701651207142581,0,0,7.6e-5,1.6e-4,3.2e-4,6.1e-4,0.0011,TRUE,FALSE,Center for Forecasting and Outbreak Analytics (CDC/CFA),2026-09-30,PyRenew-E
Nebraska,NE,2,wk inc rsv prop ed visits,prop_ed,2026-10-03,2026-10-17,CFA-PyRenew_E,0,0,7.714274159134359e-5,2.231693832937145e-4,4.647111397407615e-4,9.468847415962831e-4,0.002047903034372384,0,0,7.7e-5,2.2e-4,4.6e-4,9.5e-4,0.002,TRUE,FALSE,Center for Forecasting and Outbreak Analytics (CDC/CFA),2026-09-30,PyRenew-E
Nebraska,NE,0,wk inc rsv hosp,hosp,2026-10-03,2026-10-03,CFA-PyRenew_H,0,0,0,1,2,3,6,0,0,0,1,2,3,6,FALSE,FALSE,Center for Forecasting and Outbreak Analytics (CDC/CFA),2026-09-30,PyRenew-H
Nebraska,NE,1,wk inc rsv hosp,hosp,2026-10-03,2026-10-10,CFA-PyRenew_H,0,0,0,1,2,4,9.024999999999864,0,0,0,1,2,4,9,FALSE,FALSE,Center for Forecasting and Outbreak Analytics (CDC/CFA),2026-09-30,PyRenew-H
Nebraska,NE,2,wk inc rsv hosp,hosp,2026-10-03,2026-10-17,CFA-PyRenew_H,0,0,0,1,3,7,18,0,0,0,1,3,7,20,FALSE,FALSE,Center for Forecasting and Outbreak Analytics (CDC/CFA),2026-09-30,PyRenew-H
Nebraska,NE,0,wk inc rsv hosp,hosp,2026-10-03,2026-10-03,CFA-PyRenew_HE,0,0,0,1,3,4,6,0,0,0,1,3,4,6,TRUE,FALSE,Center for Forecasting and Outbreak Analytics (CDC/CFA),2026-09-30,PyRenew-HE
Nebraska,NE,1,wk inc rsv hosp,hosp,2026-10-03,2026-10-10,CFA-PyRenew_HE,0,0,1,2,3,6,11.024999999999864,0,0,1,2,3,6,10,TRUE,FALSE,Center for Forecasting and Outbreak Analytics (CDC/CFA),2026-09-30,PyRenew-HE
Nebraska,NE,2,wk inc rsv hosp,hosp,2026-10-03,2026-10-17,CFA-PyRenew_HE,0,0,1,2,5,11,24,0,0,1,2,5,10,20,TRUE,FALSE,Center for Forecasting and Outbreak Analytics (CDC/CFA),2026-09-30,PyRenew-HE
Nebraska,NE,0,wk inc rsv prop ed visits,prop_ed,2026-10-03,2026-10-03,CFA-PyRenew_HE,0,0,7.684349160298371e-5,1.5437586090864144e-4,2.4070592328619673e-4,3.906760015588922e-4,5.993530138720131e-4,0,0,7.7e-5,1.5e-4,2.4e-4,3.9e-4,6e-4,FALSE,FALSE,Center for Forecasting and Outbreak Analytics (CDC/CFA),2026-09-30,PyRenew-HE
Nebraska,NE,1,wk inc rsv prop ed visits,prop_ed,2026-10-03,2026-10-10,CFA-PyRenew_HE,0,0,7.806421520006944e-5,1.646201713023066e-4,3.77257276961091e-4,6.159422409226244e-4,0.0010188741520939164,0,0,7.8e-5,1.6e-4,3.8e-4,6.2e-4,0.001,FALSE,FALSE,Center for Forecasting and Outbreak Analytics (CDC/CFA),2026-09-30,PyRenew-HE
Nebraska,NE,2,wk inc rsv prop ed visits,prop_ed,2026-10-03,2026-10-17,CFA-PyRenew_HE,0,0,8.043171402276675e-5,2.4394705575317595e-4,5.413151033014982e-4,0.0010250879839453248,0.002096902550871243,0,0,8e-5,2.4e-4,5.4e-4,0.001,0.0021,FALSE,FALSE,Center for Forecasting and Outbreak Analytics (CDC/CFA),2026-09-30,PyRenew-HE
Nebraska,NE,0,wk inc rsv hosp,hosp,2026-10-03,2026-10-03,NAU-epymorph,0,0,0,2,4,6,10,0,0,0,2,4,6,10,TRUE,FALSE,Northern Arizona University,2026-09-30,epymorph RSV compartmental model
Nebraska,NE,1,wk inc rsv hosp,hosp,2026-10-03,2026-10-10,NAU-epymorph,0,0,1,2,4,9,18,0,0,1,2,4,9,20,TRUE,FALSE,Northern Arizona University,2026-09-30,epymorph RSV compartmental model
Nebraska,NE,2,wk inc rsv hosp,hosp,2026-10-03,2026-10-17,NAU-epymorph,0,0,1,2,6,15,37,0,0,1,2,6,20,40,TRUE,FALSE,Northern Arizona University,2026-09-30,epymorph RSV compartmental model
Nebraska,NE,0,wk inc rsv hosp,hosp,2026-10-03,2026-10-03,RSVHub-baseline,0,0,0,1,2,6,17.674999999999947,0,0,0,1,2,6,20,FALSE,FALSE,RSVHub-hub-models,2026-09-30,RSVHub baseline model
Nebraska,NE,1,wk inc rsv hosp,hosp,2026-10-03,2026-10-10,RSVHub-baseline,0,0,0,1,4,12,25,0,0,0,1,4,10,30,FALSE,FALSE,RSVHub-hub-models,2026-09-30,RSVHub baseline model
Nebraska,NE,2,wk inc rsv hosp,hosp,2026-10-03,2026-10-17,RSVHub-baseline,0,0,0,1,6,15.710087100871021,30,0,0,0,1,6,20,30,FALSE,FALSE,RSVHub-hub-models,2026-09-30,RSVHub baseline model
Nebraska,NE,0,wk inc rsv prop ed visits,prop_ed,2026-10-03,2026-10-03,RSVHub-baseline,0,0,2.710505431213761e-20,2e-4,3.9999999999999996e-4,0.0011500000000000013,0.002424999999999997,0,0,2.7e-20,2e-4,4e-4,0.0012,0.0024,FALSE,FALSE,RSVHub-hub-models,2026-09-30,RSVHub baseline model
Nebraska,NE,1,wk inc rsv prop ed visits,prop_ed,2026-10-03,2026-10-10,RSVHub-baseline,0,0,0,2e-4,7.000000000000001e-4,0.0017908769087690904,0.003094567920679201,0,0,0,2e-4,7e-4,0.0018,0.0031,FALSE,FALSE,RSVHub-hub-models,2026-09-30,RSVHub baseline model
Nebraska,NE,2,wk inc rsv prop ed visits,prop_ed,2026-10-03,2026-10-17,RSVHub-baseline,0,0,0,2e-4,9.494674946749442e-4,0.002083654736547369,0.003523579960799611,0,0,0,2e-4,9.5e-4,0.0021,0.0035,FALSE,FALSE,RSVHub-hub-models,2026-09-30,RSVHub baseline model
Nebraska,NE,0,wk inc rsv hosp,hosp,2026-10-03,2026-10-03,docxology-timesfm,0,0.11850346684349411,0.7713511280951046,1.359496091964468,2.090830642288526,2.9583852396312804,3.5807802974182517,0,0,1,1,2,3,4,TRUE,FALSE,docxology,2026-09-30,docxology timesfm
Nebraska,NE,1,wk inc rsv hosp,hosp,2026-10-03,2026-10-10,docxology-timesfm,0,0.2316509422017952,1.0901852939982353,2.0606333624016027,3.2066527300229692,4.349509084272844,5.43549155435894,0,0,1,2,3,4,5,TRUE,FALSE,docxology,2026-09-30,docxology timesfm
Nebraska,NE,2,wk inc rsv hosp,hosp,2026-10-03,2026-10-17,docxology-timesfm,0.10873187290976519,1.169405122581916,1.7717269456343538,2.7108215937950577,4.001127582912937,5.515510361063816,10.044960361585304,0,1,2,3,4,6,10,TRUE,FALSE,docxology,2026-09-30,docxology timesfm
Nebraska,NE,0,wk inc rsv hosp,hosp,2026-10-03,2026-10-03,NAU-Copycat,0,0,0,1,3,5,9,0,0,0,1,3,5,9,TRUE,FALSE,NAU,2026-09-30,Copycat
Nebraska,NE,1,wk inc rsv hosp,hosp,2026-10-03,2026-10-10,NAU-Copycat,0,0,0,2,3.2500000000001137,7,13,0,0,0,2,3,7,10,TRUE,FALSE,NAU,2026-09-30,Copycat
Nebraska,NE,2,wk inc rsv hosp,hosp,2026-10-03,2026-10-17,NAU-Copycat,0,0,0,2,5,10,22.024999999999977,0,0,0,2,5,10,20,TRUE,FALSE,NAU,2026-09-30,Copycat
Nebraska,NE,0,wk inc rsv prop ed visits,prop_ed,2026-10-03,2026-10-03,NAU-Copycat,2.5951281927505785e-6,6.932493787374667e-5,1.484916054290564e-4,2.763213395736054e-4,4.167449825493814e-4,6.204052612945096e-4,0.0010047448167280263,2.6e-6,6.9e-5,1.5e-4,2.8e-4,4.2e-4,6.2e-4,0.001,TRUE,FALSE,NAU,2026-09-30,Copycat
Nebraska,NE,1,wk inc rsv prop ed visits,prop_ed,2026-10-03,2026-10-10,NAU-Copycat,0,5.802111480108768e-5,1.666741057564326e-4,3.375492049618468e-4,5.973212403160226e-4,9.227207430792589e-4,0.0016055628986033016,0,5.8e-5,1.7e-4,3.4e-4,6e-4,9.2e-4,0.0016,TRUE,FALSE,NAU,2026-09-30,Copycat
Nebraska,NE,2,wk inc rsv prop ed visits,prop_ed,2026-10-03,2026-10-17,NAU-Copycat,0,6.992840898030015e-5,1.7703141131387615e-4,4.201869439827691e-4,8.300061160074099e-4,0.0013147266691900528,0.0026382118055995056,0,7e-5,1.8e-4,4.2e-4,8.3e-4,0.0013,0.0026,TRUE,FALSE,NAU,2026-09-30,Copycat
Nebraska,NE,0,wk inc rsv hosp,hosp,2026-10-03,2026-10-03,UGA_flucast-INFLAenza,0,0,0,1,2,3,5,0,0,0,1,2,3,5,TRUE,FALSE,UGA_flucast,2026-09-30,INFLAenza
Nebraska,NE,1,wk inc rsv hosp,hosp,2026-10-03,2026-10-10,UGA_flucast-INFLAenza,0,0,1,1,2,4,5,0,0,1,1,2,4,5,TRUE,FALSE,UGA_flucast,2026-09-30,INFLAenza
Nebraska,NE,2,wk inc rsv hosp,hosp,2026-10-03,2026-10-17,UGA_flucast-INFLAenza,0,0,1,2,3,4,6,0,0,1,2,3,4,6,TRUE,FALSE,UGA_flucast,2026-09-30,INFLAenza
Nebraska,NE,0,wk inc rsv prop ed visits,prop_ed,2026-10-03,2026-10-03,UGA_flucast-INFLAenza,2.0173952170867703e-5,5.0009402522238226e-5,9.700591397014156e-5,1.834982730562734e-4,3.023212986846262e-4,4.366271039384911e-4,6.475529639053339e-4,2e-5,5e-5,9.7e-5,1.8e-4,3e-4,4.4e-4,6.5e-4,TRUE,FALSE,UGA_flucast,2026-09-30,INFLAenza
Nebraska,NE,1,wk inc rsv prop ed visits,prop_ed,2026-10-03,2026-10-10,UGA_flucast-INFLAenza,2.4452987105777138e-5,6.253877801772277e-5,1.2137055991938588e-4,2.1245958553081987e-4,3.465927847840207e-4,4.98650389489479e-4,7.00087376403715e-4,2.4e-5,6.3e-5,1.2e-4,2.1e-4,3.5e-4,5e-4,7e-4,TRUE,FALSE,UGA_flucast,2026-09-30,INFLAenza
Nebraska,NE,2,wk inc rsv prop ed visits,prop_ed,2026-10-03,2026-10-17,UGA_flucast-INFLAenza,3.067272985268061e-5,7.654281146514341e-5,1.459987011706586e-4,2.483315515650031e-4,3.9069556253776587e-4,5.614096900661525e-4,7.820466476314331e-4,3.1e-5,7.7e-5,1.5e-4,2.5e-4,3.9e-4,5.6e-4,7.8e-4,TRUE,FALSE,UGA_flucast,2026-09-30,INFLAenza
Nebraska,NE,0,wk inc rsv hosp,hosp,2026-10-03,2026-10-03,RSVHub-ensemble,0,0,0,1.179748045982234,3,4.5,7.5,0,0,0,1,3,5,8,FALSE,TRUE,RSVHub,2026-09-30,Ensemble using RSVHub forecast submissions
Nebraska,NE,1,wk inc rsv hosp,hosp,2026-10-03,2026-10-10,RSVHub-ensemble,0,0,1,2,3.2283263650115415,6.5,10.512499999999932,0,0,1,2,3,7,10,FALSE,TRUE,RSVHub,2026-09-30,Ensemble using RSVHub forecast submissions
Nebraska,NE,2,wk inc rsv hosp,hosp,2026-10-03,2026-10-17,RSVHub-ensemble,0,0,1,2,5,9,17.51249999999999,0,0,1,2,5,9,20,FALSE,TRUE,RSVHub,2026-09-30,Ensemble using RSVHub forecast submissions
Nebraska,NE,0,wk inc rsv prop ed visits,prop_ed,2026-10-03,2026-10-03,RSVHub-ensemble,5.749470825399172e-6,4.185095281630467e-5,8.59855110466429e-5,1.6726825042779638e-4,2.692137864914189e-4,4.1162368480953944e-4,6.64200530096002e-4,5.7e-6,4.2e-5,8.6e-5,1.7e-4,2.7e-4,4.1e-4,6.6e-4,FALSE,TRUE,RSVHub,2026-09-30,Ensemble using RSVHub forecast submissions
Nebraska,NE,1,wk inc rsv prop ed visits,prop_ed,2026-10-03,2026-10-10,RSVHub-ensemble,2.527751058609499e-6,4.486480998137179e-5,9.869408911335233e-5,1.8509088447733963e-4,3.3387687132947107e-4,5.528923165606715e-4,9.646424857549345e-4,2.5e-6,4.5e-5,9.9e-5,1.9e-4,3.3e-4,5.5e-4,9.6e-4,FALSE,TRUE,RSVHub,2026-09-30,Ensemble using RSVHub forecast submissions
Nebraska,NE,2,wk inc rsv prop ed visits,prop_ed,2026-10-03,2026-10-17,RSVHub-ensemble,0,4.825456582346249e-5,1.115707213810011e-4,2.357504674293588e-4,4.277033511392637e-4,7.541472158312178e-4,0.0014823921451001887,0,4.8e-5,1.1e-4,2.4e-4,4.3e-4,7.5e-4,0.0015,FALSE,TRUE,RSVHub,2026-09-30,Ensemble using RSVHub forecast submissions
Nevada,NV,0,wk inc rsv hosp,hosp,2026-10-03,2026-10-03,CEPH-Rtrend_rsv,1,2,2,3,3,4,5,1,2,2,3,3,4,5,TRUE,FALSE,CEPH Lab at Indiana University,2026-09-30,Rtrend RSV
Nevada,NV,1,wk inc rsv hosp,hosp,2026-10-03,2026-10-10,CEPH-Rtrend_rsv,1,1,2,3,4,5,6,1,1,2,3,4,5,6,TRUE,FALSE,CEPH Lab at Indiana University,2026-09-30,Rtrend RSV
Nevada,NV,2,wk inc rsv hosp,hosp,2026-10-03,2026-10-17,CEPH-Rtrend_rsv,1,1,2,3,4,5,8,1,1,2,3,4,5,8,TRUE,FALSE,CEPH Lab at Indiana University,2026-09-30,Rtrend RSV
Nevada,NV,0,wk inc rsv prop ed visits,prop_ed,2026-10-03,2026-10-03,CFA-NowcastAutoGP,2.1517411057609572e-5,3.751983011791861e-5,5.713774598139862e-5,8.574096174178558e-5,1.2515445792266047e-4,1.7373758360988517e-4,2.728511083364095e-4,2.2e-5,3.8e-5,5.7e-5,8.6e-5,1.3e-4,1.7e-4,2.7e-4,TRUE,FALSE,Center for Forecasting and Outbreak Analytics (CDC/CFA),2026-09-30,NowcastAutoGP
Nevada,NV,1,wk inc rsv prop ed visits,prop_ed,2026-10-03,2026-10-10,CFA-NowcastAutoGP,2.4482842365552837e-5,4.09243960245635e-5,6.36788784156212e-5,9.887930196465704e-5,1.4513107760330736e-4,2.143085895911963e-4,3.0992754393028654e-4,2.4e-5,4.1e-5,6.4e-5,9.9e-5,1.5e-4,2.1e-4,3.1e-4,TRUE,FALSE,Center for Forecasting and Outbreak Analytics (CDC/CFA),2026-09-30,NowcastAutoGP
Nevada,NV,2,wk inc rsv prop ed visits,prop_ed,2026-10-03,2026-10-17,CFA-NowcastAutoGP,2.887049501977811e-5,4.9026256965970435e-5,7.268821208282356e-5,1.0988321306544765e-4,1.6131755132172727e-4,2.233548390777174e-4,3.39930491963261e-4,2.9e-5,4.9e-5,7.3e-5,1.1e-4,1.6e-4,2.2e-4,3.4e-4,TRUE,FALSE,Center for Forecasting and Outbreak Analytics (CDC/CFA),2026-09-30,NowcastAutoGP
Nevada,NV,0,wk inc rsv prop ed visits,prop_ed,2026-10-03,2026-10-03,CFA-PyRenew_E,3.1757094522441456e-5,6.409261970518588e-5,9.747880704290401e-5,1.6172605654781415e-4,2.3000319661632576e-4,3.2607745141456206e-4,4.523325787676891e-4,3.2e-5,6.4e-5,9.7e-5,1.6e-4,2.3e-4,3.3e-4,4.5e-4,TRUE,FALSE,Center for Forecasting and Outbreak Analytics (CDC/CFA),2026-09-30,PyRenew-E
Nevada,NV,1,wk inc rsv prop ed visits,prop_ed,2026-10-03,2026-10-10,CFA-PyRenew_E,3.180968016447079e-5,6.478603510893174e-5,9.919920322646362e-5,1.9575028774561267e-4,3.23450622288995e-4,4.937533484541768e-4,7.621190590627415e-4,3.2e-5,6.5e-5,9.9e-5,2e-4,3.2e-4,4.9e-4,7.6e-4,TRUE,FALSE,Center for Forecasting and Outbreak Analytics (CDC/CFA),2026-09-30,PyRenew-E
Nevada,NV,2,wk inc rsv prop ed visits,prop_ed,2026-10-03,2026-10-17,CFA-PyRenew_E,3.051380186060172e-5,6.482676471759112e-5,1.2988288338093668e-4,2.373397444524266e-4,4.453367757668229e-4,7.88872534683109e-4,0.0014914632517961691,3.1e-5,6.5e-5,1.3e-4,2.4e-4,4.5e-4,7.9e-4,0.0015,TRUE,FALSE,Center for Forecasting and Outbreak Analytics (CDC/CFA),2026-09-30,PyRenew-E
Nevada,NV,0,wk inc rsv hosp,hosp,2026-10-03,2026-10-03,CFA-PyRenew_H,0,0,0,1,2,4,6,0,0,0,1,2,4,6,FALSE,FALSE,Center for Forecasting and Outbreak Analytics (CDC/CFA),2026-09-30,PyRenew-H
Nevada,NV,1,wk inc rsv hosp,hosp,2026-10-03,2026-10-10,CFA-PyRenew_H,0,0,0,1,2,5,9,0,0,0,1,2,5,9,FALSE,FALSE,Center for Forecasting and Outbreak Analytics (CDC/CFA),2026-09-30,PyRenew-H
Nevada,NV,2,wk inc rsv hosp,hosp,2026-10-03,2026-10-17,CFA-PyRenew_H,0,0,0,1,3,6,14,0,0,0,1,3,6,10,FALSE,FALSE,Center for Forecasting and Outbreak Analytics (CDC/CFA),2026-09-30,PyRenew-H
Nevada,NV,0,wk inc rsv hosp,hosp,2026-10-03,2026-10-03,CFA-PyRenew_HE,0,0,1,2,3,4,6.024999999999864,0,0,1,2,3,4,6,TRUE,FALSE,Center for Forecasting and Outbreak Analytics (CDC/CFA),2026-09-30,PyRenew-HE
Nevada,NV,1,wk inc rsv hosp,hosp,2026-10-03,2026-10-10,CFA-PyRenew_HE,0,0,1,2,4,6,10,0,0,1,2,4,6,10,TRUE,FALSE,Center for Forecasting and Outbreak Analytics (CDC/CFA),2026-09-30,PyRenew-HE
Nevada,NV,2,wk inc rsv hosp,hosp,2026-10-03,2026-10-17,CFA-PyRenew_HE,0,0,1,3,5,10,20,0,0,1,3,5,10,20,TRUE,FALSE,Center for Forecasting and Outbreak Analytics (CDC/CFA),2026-09-30,PyRenew-HE
Nevada,NV,0,wk inc rsv prop ed visits,prop_ed,2026-10-03,2026-10-03,CFA-PyRenew_HE,3.058428408513781e-5,3.350490439656788e-5,9.70280317789337e-5,1.6139922712533853e-4,2.2907553843712488e-4,3.2158606350208966e-4,4.2369901276711455e-4,3.1e-5,3.4e-5,9.7e-5,1.6e-4,2.3e-4,3.2e-4,4.2e-4,FALSE,FALSE,Center for Forecasting and Outbreak Analytics (CDC/CFA),2026-09-30,PyRenew-HE
Nevada,NV,1,wk inc rsv prop ed visits,prop_ed,2026-10-03,2026-10-10,CFA-PyRenew_HE,3.1502724708291266e-5,6.433588502649642e-5,9.919641390477138e-5,1.9441575941509572e-4,2.9482958115491757e-4,4.5129171112417337e-4,7.075372101587929e-4,3.2e-5,6.4e-5,9.9e-5,1.9e-4,2.9e-4,4.5e-4,7.1e-4,FALSE,FALSE,Center for Forecasting and Outbreak Analytics (CDC/CFA),2026-09-30,PyRenew-HE
Nevada,NV,2,wk inc rsv prop ed visits,prop_ed,2026-10-03,2026-10-17,CFA-PyRenew_HE,0,6.4354897428665e-5,1.2877872244839917e-4,2.2914506029123619e-4,4.2679914648566415e-4,7.198121060458451e-4,0.00128086184478341,0,6.4e-5,1.3e-4,2.3e-4,4.3e-4,7.2e-4,0.0013,FALSE,FALSE,Center for Forecasting and Outbreak Analytics (CDC/CFA),2026-09-30,PyRenew-HE
Nevada,NV,0,wk inc rsv hosp,hosp,2026-10-03,2026-10-03,NAU-epymorph,0,0,1,3,4,6,8,0,0,1,3,4,6,8,TRUE,FALSE,Northern Arizona University,2026-09-30,epymorph RSV compartmental model
Nevada,NV,1,wk inc rsv hosp,hosp,2026-10-03,2026-10-10,NAU-epymorph,0,0,2,3,5,8,14,0,0,2,3,5,8,10,TRUE,FALSE,Northern Arizona University,2026-09-30,epymorph RSV compartmental model
Nevada,NV,2,wk inc rsv hosp,hosp,2026-10-03,2026-10-17,NAU-epymorph,0,0,2,4,7,14,34,0,0,2,4,7,10,30,TRUE,FALSE,Northern Arizona University,2026-09-30,epymorph RSV compartmental model
Nevada,NV,0,wk inc rsv hosp,hosp,2026-10-03,2026-10-03,RSVHub-baseline,0,0,0,2,4,11,26.87499999999998,0,0,0,2,4,10,30,FALSE,FALSE,RSVHub-hub-models,2026-09-30,RSVHub baseline model
Nevada,NV,1,wk inc rsv hosp,hosp,2026-10-03,2026-10-10,RSVHub-baseline,0,0,0,2,9,20,37.36171586715865,0,0,0,2,9,20,40,FALSE,FALSE,RSVHub-hub-models,2026-09-30,RSVHub baseline model
Nevada,NV,2,wk inc rsv hosp,hosp,2026-10-03,2026-10-17,RSVHub-baseline,0,0,0,2,10.633558835588364,24.584337843378425,45.426599015989794,0,0,0,2,10,20,50,FALSE,FALSE,RSVHub-hub-models,2026-09-30,RSVHub baseline model
Nevada,NV,0,wk inc rsv prop ed visits,prop_ed,2026-10-03,2026-10-03,RSVHub-baseline,0,0,0,1e-4,3.0000000000000003e-4,9e-4,0.002387499999999995,0,0,0,1e-4,3e-4,9e-4,0.0024,FALSE,FALSE,RSVHub-hub-models,2026-09-30,RSVHub baseline model
Nevada,NV,1,wk inc rsv prop ed visits,prop_ed,2026-10-03,2026-10-10,RSVHub-baseline,0,0,0,1e-4,6.379101291012915e-4,0.001666309163091631,0.002935237727377272,0,0,0,1e-4,6.4e-4,0.0017,0.0029,FALSE,FALSE,RSVHub-hub-models,2026-09-30,RSVHub baseline model
Nevada,NV,2,wk inc rsv prop ed visits,prop_ed,2026-10-03,2026-10-17,RSVHub-baseline,0,0,0,1e-4,8.000000000000001e-4,0.0019909391093910953,0.0032941670666706627,0,0,0,1e-4,8e-4,0.002,0.0033,FALSE,FALSE,RSVHub-hub-models,2026-09-30,RSVHub baseline model
Nevada,NV,0,wk inc rsv hosp,hosp,2026-10-03,2026-10-03,docxology-timesfm,0,0.6882818036810616,1.1525906107586372,1.7672457812172289,2.8345000971004994,3.7318768843436674,5.664217692351851,0,1,1,2,3,4,6,TRUE,FALSE,docxology,2026-09-30,docxology timesfm
Nevada,NV,1,wk inc rsv hosp,hosp,2026-10-03,2026-10-10,docxology-timesfm,0,0.09560226536175298,1.5825279318000738,2.1042048982372297,2.503568319186507,4.144488344092516,7.553588412710819,0,0,2,2,3,4,8,TRUE,FALSE,docxology,2026-09-30,docxology timesfm
Nevada,NV,2,wk inc rsv hosp,hosp,2026-10-03,2026-10-17,docxology-timesfm,0.014786149059415256,0.3109435878511203,1.5928990103647478,3.7765440862059227,5.152676488643115,9.13406839071378,17.271795238804724,0,0,2,4,5,9,20,TRUE,FALSE,docxology,2026-09-30,docxology timesfm
Nevada,NV,0,wk inc rsv hosp,hosp,2026-10-03,2026-10-03,NAU-Copycat,0,0,1,2,4,8,14,0,0,1,2,4,8,10,TRUE,FALSE,NAU,2026-09-30,Copycat
Nevada,NV,1,wk inc rsv hosp,hosp,2026-10-03,2026-10-10,NAU-Copycat,0,0,1,2,5,11,25.024999999999977,0,0,1,2,5,10,30,TRUE,FALSE,NAU,2026-09-30,Copycat
Nevada,NV,2,wk inc rsv hosp,hosp,2026-10-03,2026-10-17,NAU-Copycat,0,0,1,3,8,17,38.02499999999998,0,0,1,3,8,20,40,TRUE,FALSE,NAU,2026-09-30,Copycat
Nevada,NV,0,wk inc rsv prop ed visits,prop_ed,2026-10-03,2026-10-03,NAU-Copycat,0,4.425407092077351e-5,9.260088302274425e-5,1.4693989889561916e-4,2.1881141029263465e-4,3.068129071647375e-4,5.100643618563603e-4,0,4.4e-5,9.3e-5,1.5e-4,2.2e-4,3.1e-4,5.1e-4,TRUE,FALSE,NAU,2026-09-30,Copycat
Nevada,NV,1,wk inc rsv prop ed visits,prop_ed,2026-10-03,2026-10-10,NAU-Copycat,0,4.910869424074847e-5,1.070769417778808e-4,1.8762213506056156e-4,3.1135945534017343e-4,4.4590130024630553e-4,6.713900494603431e-4,0,4.9e-5,1.1e-4,1.9e-4,3.1e-4,4.5e-4,6.7e-4,TRUE,FALSE,NAU,2026-09-30,Copycat
Nevada,NV,2,wk inc rsv prop ed visits,prop_ed,2026-10-03,2026-10-17,NAU-Copycat,5.2696378768528725e-6,7.297957379167012e-5,1.4162018396043533e-4,2.5822125287177023e-4,4.102777889110893e-4,6.17702108310436e-4,8.794735687262153e-4,5.3e-6,7.3e-5,1.4e-4,2.6e-4,4.1e-4,6.2e-4,8.8e-4,TRUE,FALSE,NAU,2026-09-30,Copycat
Nevada,NV,0,wk inc rsv hosp,hosp,2026-10-03,2026-10-03,UGA_flucast-INFLAenza,0,0,0,1,2,4,5,0,0,0,1,2,4,5,TRUE,FALSE,UGA_flucast,2026-09-30,INFLAenza
Nevada,NV,1,wk inc rsv hosp,hosp,2026-10-03,2026-10-10,UGA_flucast-INFLAenza,0,0,1,2,3,4,6,0,0,1,2,3,4,6,TRUE,FALSE,UGA_flucast,2026-09-30,INFLAenza
Nevada,NV,2,wk inc rsv hosp,hosp,2026-10-03,2026-10-17,UGA_flucast-INFLAenza,0,0,1,2,3,5,7,0,0,1,2,3,5,7,TRUE,FALSE,UGA_flucast,2026-09-30,INFLAenza
Nevada,NV,0,wk inc rsv prop ed visits,prop_ed,2026-10-03,2026-10-03,UGA_flucast-INFLAenza,1.692245674463756e-5,4.4877626807075045e-5,9.426626828109671e-5,1.7452929264571155e-4,2.922041092942033e-4,4.317585257487241e-4,6.131731553795666e-4,1.7e-5,4.5e-5,9.4e-5,1.7e-4,2.9e-4,4.3e-4,6.1e-4,TRUE,FALSE,UGA_flucast,2026-09-30,INFLAenza
Nevada,NV,1,wk inc rsv prop ed visits,prop_ed,2026-10-03,2026-10-10,UGA_flucast-INFLAenza,2.3682711093008818e-5,5.847497618758109e-5,1.1388064451723606e-4,2.0855555888213743e-4,3.4406043665674243e-4,4.924980395443957e-4,7.039259136511011e-4,2.4e-5,5.8e-5,1.1e-4,2.1e-4,3.4e-4,4.9e-4,7e-4,TRUE,FALSE,UGA_flucast,2026-09-30,INFLAenza
Nevada,NV,2,wk inc rsv prop ed visits,prop_ed,2026-10-03,2026-10-17,UGA_flucast-INFLAenza,3.0426452174772997e-5,7.512108299954517e-5,1.418862696013806e-4,2.525478542560702e-4,3.9880368588019686e-4,5.706019322974512e-4,7.971169688570178e-4,3e-5,7.5e-5,1.4e-4,2.5e-4,4e-4,5.7e-4,8e-4,TRUE,FALSE,UGA_flucast,2026-09-30,INFLAenza
Nevada,NV,0,wk inc rsv hosp,hosp,2026-10-03,2026-10-03,RSVHub-ensemble,0,0,1,2,3,4,5.844608846175857,0,0,1,2,3,4,6,FALSE,TRUE,RSVHub,2026-09-30,Ensemble using RSVHub forecast submissions
Nevada,NV,1,wk inc rsv hosp,hosp,2026-10-03,2026-10-10,RSVHub-ensemble,0,0,1.291263965900037,2.052102449118615,4,5.5,8.77679420635541,0,0,1,2,4,6,9,FALSE,TRUE,RSVHub,2026-09-30,Ensemble using RSVHub forecast submissions
Nevada,NV,2,wk inc rsv hosp,hosp,2026-10-03,2026-10-17,RSVHub-ensemble,0,0,1.296449505182374,3,5.0763382443215574,9.56703419535689,18.635897619402364,0,0,1,3,5,10,20,FALSE,TRUE,RSVHub,2026-09-30,Ensemble using RSVHub forecast submissions
Nevada,NV,0,wk inc rsv prop ed visits,prop_ed,2026-10-03,2026-10-03,RSVHub-ensemble,1.9219933901123566e-5,4.456584886392428e-5,9.343357565192048e-5,1.5433297772171666e-4,2.2440730345448022e-4,3.164451792896498e-4,4.811984703120247e-4,1.9e-5,4.5e-5,9.3e-5,1.5e-4,2.2e-4,3.2e-4,4.8e-4,FALSE,TRUE,RSVHub,2026-09-30,Ensemble using RSVHub forecast submissions
Nevada,NV,1,wk inc rsv prop ed visits,prop_ed,2026-10-03,2026-10-10,RSVHub-ensemble,2.4082776729280826e-5,5.3791835214164784e-5,1.0313807250217221e-4,1.9168621140308711e-4,3.1740503881458424e-4,4.691996698953506e-4,6.876579815557221e-4,2.4e-5,5.4e-5,1e-4,1.9e-4,3.2e-4,4.7e-4,6.9e-4,FALSE,TRUE,RSVHub,2026-09-30,Ensemble using RSVHub forecast submissions
Nevada,NV,2,wk inc rsv prop ed visits,prop_ed,2026-10-03,2026-10-17,RSVHub-ensemble,2.9648473597275554e-5,6.890316925463062e-5,1.3575153367068602e-4,2.4494379935424845e-4,4.045407373956431e-4,5.941520203039436e-4,8.382952687916165e-4,3e-5,6.9e-5,1.4e-4,2.4e-4,4e-4,5.9e-4,8.4e-4,FALSE,TRUE,RSVHub,2026-09-30,Ensemble using RSVHub forecast submissions
New Hampshire,NH,0,wk inc rsv hosp,hosp,2026-10-03,2026-10-03,CEPH-Rtrend_rsv,0,0,0,1,1,2,2,0,0,0,1,1,2,2,TRUE,FALSE,CEPH Lab at Indiana University,2026-09-30,Rtrend RSV
New Hampshire,NH,1,wk inc rsv hosp,hosp,2026-10-03,2026-10-10,CEPH-Rtrend_rsv,0,0,0,1,1,2,3,0,0,0,1,1,2,3,TRUE,FALSE,CEPH Lab at Indiana University,2026-09-30,Rtrend RSV
New Hampshire,NH,2,wk inc rsv hosp,hosp,2026-10-03,2026-10-17,CEPH-Rtrend_rsv,0,0,0,1,1,2,3,0,0,0,1,1,2,3,TRUE,FALSE,CEPH Lab at Indiana University,2026-09-30,Rtrend RSV
New Hampshire,NH,0,wk inc rsv prop ed visits,prop_ed,2026-10-03,2026-10-03,CFA-NowcastAutoGP,0,3.004530637885485e-7,2.9647839185018082e-5,7.821706610294236e-5,1.5059772430327088e-4,2.533954359714276e-4,4.2243373608247324e-4,0,3e-7,3e-5,7.8e-5,1.5e-4,2.5e-4,4.2e-4,TRUE,FALSE,Center for Forecasting and Outbreak Analytics (CDC/CFA),2026-09-30,NowcastAutoGP
New Hampshire,NH,1,wk inc rsv prop ed visits,prop_ed,2026-10-03,2026-10-10,CFA-NowcastAutoGP,0,3.308180985265624e-6,4.126374827110999e-5,1.016990378399349e-4,1.8703107440001473e-4,3.1509148836600886e-4,4.894866282833556e-4,0,3.3e-6,4.1e-5,1e-4,1.9e-4,3.2e-4,4.9e-4,TRUE,FALSE,Center for Forecasting and Outbreak Analytics (CDC/CFA),2026-09-30,NowcastAutoGP
New Hampshire,NH,2,wk inc rsv prop ed visits,prop_ed,2026-10-03,2026-10-17,CFA-NowcastAutoGP,0,1.020417701268646e-5,4.701212028932788e-5,1.1142890178833894e-4,2.170028571734719e-4,3.7661255181174047e-4,6.045473027941684e-4,0,1e-5,4.7e-5,1.1e-4,2.2e-4,3.8e-4,6e-4,TRUE,FALSE,Center for Forecasting and Outbreak Analytics (CDC/CFA),2026-09-30,NowcastAutoGP
New Hampshire,NH,0,wk inc rsv prop ed visits,prop_ed,2026-10-03,2026-10-03,CFA-PyRenew_E,0,0,0,0,1.432051439673538e-4,1.5182890876104882e-4,4.351866298590807e-4,0,0,0,0,1.4e-4,1.5e-4,4.4e-4,TRUE,FALSE,Center for Forecasting and Outbreak Analytics (CDC/CFA),2026-09-30,PyRenew-E
New Hampshire,NH,1,wk inc rsv prop ed visits,prop_ed,2026-10-03,2026-10-10,CFA-PyRenew_E,0,0,0,0,1.4591711281685524e-4,2.9191601514676695e-4,5.980663242958348e-4,0,0,0,0,1.5e-4,2.9e-4,6e-4,TRUE,FALSE,Center for Forecasting and Outbreak Analytics (CDC/CFA),2026-09-30,PyRenew-E
New Hampshire,NH,2,wk inc rsv prop ed visits,prop_ed,2026-10-03,2026-10-17,CFA-PyRenew_E,0,0,0,0,1.4653667568022543e-4,4.295767323360806e-4,0.0011649280658580828,0,0,0,0,1.5e-4,4.3e-4,0.0012,TRUE,FALSE,Center for Forecasting and Outbreak Analytics (CDC/CFA),2026-09-30,PyRenew-E
New Hampshire,NH,0,wk inc rsv hosp,hosp,2026-10-03,2026-10-03,CFA-PyRenew_H,0,0,0,0,0,1,2,0,0,0,0,0,1,2,FALSE,FALSE,Center for Forecasting and Outbreak Analytics (CDC/CFA),2026-09-30,PyRenew-H
New Hampshire,NH,1,wk inc rsv hosp,hosp,2026-10-03,2026-10-10,CFA-PyRenew_H,0,0,0,0,0,1,2,0,0,0,0,0,1,2,FALSE,FALSE,Center for Forecasting and Outbreak Analytics (CDC/CFA),2026-09-30,PyRenew-H
New Hampshire,NH,2,wk inc rsv hosp,hosp,2026-10-03,2026-10-17,CFA-PyRenew_H,0,0,0,0,0,1,3,0,0,0,0,0,1,3,FALSE,FALSE,Center for Forecasting and Outbreak Analytics (CDC/CFA),2026-09-30,PyRenew-H
New Hampshire,NH,0,wk inc rsv hosp,hosp,2026-10-03,2026-10-03,CFA-PyRenew_HE,0,0,0,0,0,1,2,0,0,0,0,0,1,2,TRUE,FALSE,Center for Forecasting and Outbreak Analytics (CDC/CFA),2026-09-30,PyRenew-HE
New Hampshire,NH,1,wk inc rsv hosp,hosp,2026-10-03,2026-10-10,CFA-PyRenew_HE,0,0,0,0,1,1,3,0,0,0,0,1,1,3,TRUE,FALSE,Center for Forecasting and Outbreak Analytics (CDC/CFA),2026-09-30,PyRenew-HE
New Hampshire,NH,2,wk inc rsv hosp,hosp,2026-10-03,2026-10-17,CFA-PyRenew_HE,0,0,0,0,1,2,5,0,0,0,0,1,2,5,TRUE,FALSE,Center for Forecasting and Outbreak Analytics (CDC/CFA),2026-09-30,PyRenew-HE
New Hampshire,NH,0,wk inc rsv prop ed visits,prop_ed,2026-10-03,2026-10-03,CFA-PyRenew_HE,0,0,0,0,0,1.4964880727172538e-4,2.9766443217832254e-4,0,0,0,0,0,1.5e-4,3e-4,FALSE,FALSE,Center for Forecasting and Outbreak Analytics (CDC/CFA),2026-09-30,PyRenew-HE
New Hampshire,NH,1,wk inc rsv prop ed visits,prop_ed,2026-10-03,2026-10-10,CFA-PyRenew_HE,0,0,0,0,1.4203966505251618e-4,1.5088793461127335e-4,3.1116992048913086e-4,0,0,0,0,1.4e-4,1.5e-4,3.1e-4,FALSE,FALSE,Center for Forecasting and Outbreak Analytics (CDC/CFA),2026-09-30,PyRenew-HE
New Hampshire,NH,2,wk inc rsv prop ed visits,prop_ed,2026-10-03,2026-10-17,CFA-PyRenew_HE,0,0,0,0,1.449930764140735e-4,2.9224885797688485e-4,6.048750065224077e-4,0,0,0,0,1.4e-4,2.9e-4,6e-4,FALSE,FALSE,Center for Forecasting and Outbreak Analytics (CDC/CFA),2026-09-30,PyRenew-HE
New Hampshire,NH,0,wk inc rsv hosp,hosp,2026-10-03,2026-10-03,NAU-epymorph,0,0,0,0,1,2,5,0,0,0,0,1,2,5,TRUE,FALSE,Northern Arizona University,2026-09-30,epymorph RSV compartmental model
New Hampshire,NH,1,wk inc rsv hosp,hosp,2026-10-03,2026-10-10,NAU-epymorph,0,0,0,0,1,3,9,0,0,0,0,1,3,9,TRUE,FALSE,Northern Arizona University,2026-09-30,epymorph RSV compartmental model
New Hampshire,NH,2,wk inc rsv hosp,hosp,2026-10-03,2026-10-17,NAU-epymorph,0,0,0,0,1,4,14,0,0,0,0,1,4,10,TRUE,FALSE,Northern Arizona University,2026-09-30,epymorph RSV compartmental model
New Hampshire,NH,0,wk inc rsv hosp,hosp,2026-10-03,2026-10-03,RSVHub-baseline,0,0,0,0,1,5.100000000000012,13.774999999999965,0,0,0,0,1,5,10,FALSE,FALSE,RSVHub-hub-models,2026-09-30,RSVHub baseline model
New Hampshire,NH,1,wk inc rsv hosp,hosp,2026-10-03,2026-10-10,RSVHub-baseline,0,0,0,0,2,9,15,0,0,0,0,2,9,20,FALSE,FALSE,RSVHub-hub-models,2026-09-30,RSVHub baseline model
New Hampshire,NH,2,wk inc rsv hosp,hosp,2026-10-03,2026-10-17,RSVHub-baseline,0,0,0,0,4.164851648516475,11.275594755947557,18.87584600846008,0,0,0,0,4,10,20,FALSE,FALSE,RSVHub-hub-models,2026-09-30,RSVHub baseline model
New Hampshire,NH,0,wk inc rsv prop ed visits,prop_ed,2026-10-03,2026-10-03,RSVHub-baseline,0,0,0,1e-4,3.9999999999999996e-4,0.0012500000000000013,0.0037624999999999985,0,0,0,1e-4,4e-4,0.0013,0.0038,FALSE,FALSE,RSVHub-hub-models,2026-09-30,RSVHub baseline model
New Hampshire,NH,1,wk inc rsv prop ed visits,prop_ed,2026-10-03,2026-10-10,RSVHub-baseline,0,0,0,1e-4,8e-4,0.0022329409294092966,0.004667473249732508,0,0,0,1e-4,8e-4,0.0022,0.0047,FALSE,FALSE,RSVHub-hub-models,2026-09-30,RSVHub baseline model
New Hampshire,NH,2,wk inc rsv prop ed visits,prop_ed,2026-10-03,2026-10-17,RSVHub-baseline,0,0,0,9.999999999999999e-5,0.0011000000000000014,0.002929814398143985,0.005126112686126854,0,0,0,1e-4,0.0011,0.0029,0.0051,FALSE,FALSE,RSVHub-hub-models,2026-09-30,RSVHub baseline model
New Hampshire,NH,0,wk inc rsv hosp,hosp,2026-10-03,2026-10-03,docxology-timesfm,0,0,0,0.299550983244708,0.48724499033903257,0.8414064338021112,1.2990910578279466,0,0,0,0,0,1,1,TRUE,FALSE,docxology,2026-09-30,docxology timesfm
New Hampshire,NH,1,wk inc rsv hosp,hosp,2026-10-03,2026-10-10,docxology-timesfm,0,0,0,0.3909729941768232,0.9495679537842364,1.1912580450151606,1.9156894197465202,0,0,0,0,1,1,2,TRUE,FALSE,docxology,2026-09-30,docxology timesfm
New Hampshire,NH,2,wk inc rsv hosp,hosp,2026-10-03,2026-10-17,docxology-timesfm,0,0,0.10118473471448283,0.7985769874700265,1.3543596854862807,2.1528403136977,3.0689410980091,0,0,0,1,1,2,3,TRUE,FALSE,docxology,2026-09-30,docxology timesfm
New Hampshire,NH,0,wk inc rsv hosp,hosp,2026-10-03,2026-10-03,NAU-Copycat,0,0,0,0,1,2,4,0,0,0,0,1,2,4,TRUE,FALSE,NAU,2026-09-30,Copycat
New Hampshire,NH,1,wk inc rsv hosp,hosp,2026-10-03,2026-10-10,NAU-Copycat,0,0,0,0,1,2,5,0,0,0,0,1,2,5,TRUE,FALSE,NAU,2026-09-30,Copycat
New Hampshire,NH,2,wk inc rsv hosp,hosp,2026-10-03,2026-10-17,NAU-Copycat,0,0,0,0,2,3,7,0,0,0,0,2,3,7,TRUE,FALSE,NAU,2026-09-30,Copycat
New Hampshire,NH,0,wk inc rsv prop ed visits,prop_ed,2026-10-03,2026-10-03,NAU-Copycat,0,1.1659017379253936e-5,5.706590249293749e-5,1.407653221270527e-4,2.5211410272246395e-4,4.1960650061911603e-4,6.447711535823932e-4,0,1.2e-5,5.7e-5,1.4e-4,2.5e-4,4.2e-4,6.4e-4,TRUE,FALSE,NAU,2026-09-30,Copycat
New Hampshire,NH,1,wk inc rsv prop ed visits,prop_ed,2026-10-03,2026-10-10,NAU-Copycat,0,0,6.113792032422507e-5,1.7141456984600358e-4,3.669846021524429e-4,6.545365975398667e-4,0.0010840206961755237,0,0,6.1e-5,1.7e-4,3.7e-4,6.5e-4,0.0011,TRUE,FALSE,NAU,2026-09-30,Copycat
New Hampshire,NH,2,wk inc rsv prop ed visits,prop_ed,2026-10-03,2026-10-17,NAU-Copycat,0,0,6.386244705914482e-5,2.084811367737615e-4,5.040782667617557e-4,0.0010014038822420016,0.0018911457937865396,0,0,6.4e-5,2.1e-4,5e-4,0.001,0.0019,TRUE,FALSE,NAU,2026-09-30,Copycat
New Hampshire,NH,0,wk inc rsv hosp,hosp,2026-10-03,2026-10-03,UGA_flucast-INFLAenza,0,0,0,0,1,2,3,0,0,0,0,1,2,3,TRUE,FALSE,UGA_flucast,2026-09-30,INFLAenza
New Hampshire,NH,1,wk inc rsv hosp,hosp,2026-10-03,2026-10-10,UGA_flucast-INFLAenza,0,0,0,1,1,2,3,0,0,0,1,1,2,3,TRUE,FALSE,UGA_flucast,2026-09-30,INFLAenza
New Hampshire,NH,2,wk inc rsv hosp,hosp,2026-10-03,2026-10-17,UGA_flucast-INFLAenza,0,0,0,1,2,3,4,0,0,0,1,2,3,4,TRUE,FALSE,UGA_flucast,2026-09-30,INFLAenza
New Hampshire,NH,0,wk inc rsv prop ed visits,prop_ed,2026-10-03,2026-10-03,UGA_flucast-INFLAenza,9.214208168516098e-6,3.110481143575904e-5,6.593154562439533e-5,1.325698710928004e-4,2.3649779244121942e-4,3.5942855056317314e-4,5.591283973502698e-4,9.2e-6,3.1e-5,6.6e-5,1.3e-4,2.4e-4,3.6e-4,5.6e-4,TRUE,FALSE,UGA_flucast,2026-09-30,INFLAenza
New Hampshire,NH,1,wk inc rsv prop ed visits,prop_ed,2026-10-03,2026-10-10,UGA_flucast-INFLAenza,1.314230678485756e-5,3.7282981570115376e-5,7.955385232035817e-5,1.587742712265614e-4,2.706793404126247e-4,4.1022398941163767e-4,6.07794903699378e-4,1.3e-5,3.7e-5,8e-5,1.6e-4,2.7e-4,4.1e-4,6.1e-4,TRUE,FALSE,UGA_flucast,2026-09-30,INFLAenza
New Hampshire,NH,2,wk inc rsv prop ed visits,prop_ed,2026-10-03,2026-10-17,UGA_flucast-INFLAenza,1.701608008172544e-5,4.971923274432421e-5,1.0320732963076659e-4,1.9508514285442426e-4,3.234982780154369e-4,4.732233408654125e-4,6.986120887418088e-4,1.7e-5,5e-5,1e-4,2e-4,3.2e-4,4.7e-4,7e-4,TRUE,FALSE,UGA_flucast,2026-09-30,INFLAenza
New Hampshire,NH,0,wk inc rsv hosp,hosp,2026-10-03,2026-10-03,RSVHub-ensemble,0,0,0,0,1,2,2.5,0,0,0,0,1,2,3,FALSE,TRUE,RSVHub,2026-09-30,Ensemble using RSVHub forecast submissions
New Hampshire,NH,1,wk inc rsv hosp,hosp,2026-10-03,2026-10-10,RSVHub-ensemble,0,0,0,0.1954864970884116,1,2,3,0,0,0,0,1,2,3,FALSE,TRUE,RSVHub,2026-09-30,Ensemble using RSVHub forecast submissions
New Hampshire,NH,2,wk inc rsv hosp,hosp,2026-10-03,2026-10-17,RSVHub-ensemble,0,0,0,0.39928849373501324,1.1771798427431404,2.57642015684885,4.5,0,0,0,0,1,3,5,FALSE,TRUE,RSVHub,2026-09-30,Ensemble using RSVHub forecast submissions
New Hampshire,NH,0,wk inc rsv prop ed visits,prop_ed,2026-10-03,2026-10-03,RSVHub-ensemble,0,5.979735221521242e-6,4.335687083897779e-5,1.0539346859787137e-4,1.9354775837224515e-4,3.0641199326730036e-4,4.971575136046752e-4,0,6e-6,4.3e-5,1.1e-4,1.9e-4,3.1e-4,5e-4,FALSE,TRUE,RSVHub,2026-09-30,Ensemble using RSVHub forecast submissions
New Hampshire,NH,1,wk inc rsv prop ed visits,prop_ed,2026-10-03,2026-10-10,RSVHub-ensemble,0,1.654090492632812e-6,5.120083429766753e-5,1.3023665453324815e-4,2.2885520740631972e-4,3.6265773888882323e-4,6.029306139976064e-4,0,1.7e-6,5.1e-5,1.3e-4,2.3e-4,3.6e-4,6e-4,FALSE,TRUE,RSVHub,2026-09-30,Ensemble using RSVHub forecast submissions
New Hampshire,NH,2,wk inc rsv prop ed visits,prop_ed,2026-10-03,2026-10-17,RSVHub-ensemble,0,5.10208850634323e-6,5.5437283674236355e-5,1.532570223213816e-4,2.702505675944544e-4,4.5140003660074654e-4,9.317700772999458e-4,0,5.1e-6,5.5e-5,1.5e-4,2.7e-4,4.5e-4,0.00093000000000000005,FALSE,TRUE,RSVHub,2026-09-30,Ensemble using RSVHub forecast submissions
New Jersey,NJ,0,wk inc rsv hosp,hosp,2026-10-03,2026-10-03,CEPH-Rtrend_rsv,1,4,6,8,13,17,21,1,4,6,8,10,20,20,TRUE,FALSE,CEPH Lab at Indiana University,2026-09-30,Rtrend RSV
New Jersey,NJ,1,wk inc rsv hosp,hosp,2026-10-03,2026-10-10,CEPH-Rtrend_rsv,1,3,6,10,14,20,27,1,3,6,10,10,20,30,TRUE,FALSE,CEPH Lab at Indiana University,2026-09-30,Rtrend RSV
New Jersey,NJ,2,wk inc rsv hosp,hosp,2026-10-03,2026-10-17,CEPH-Rtrend_rsv,1,3,6,10,16,23,31,1,3,6,10,20,20,30,TRUE,FALSE,CEPH Lab at Indiana University,2026-09-30,Rtrend RSV
New Jersey,NJ,0,wk inc rsv prop ed visits,prop_ed,2026-10-03,2026-10-03,CFA-NowcastAutoGP,2.9828897185876736e-4,3.663090417597692e-4,4.3625281055420127e-4,5.361777211494885e-4,6.427427141414837e-4,7.698145101507691e-4,9.40799867702008e-4,3e-4,3.7e-4,4.4e-4,5.4e-4,6.4e-4,7.7e-4,9.4e-4,TRUE,FALSE,Center for Forecasting and Outbreak Analytics (CDC/CFA),2026-09-30,NowcastAutoGP
New Jersey,NJ,1,wk inc rsv prop ed visits,prop_ed,2026-10-03,2026-10-10,CFA-NowcastAutoGP,3.0165845899183863e-4,3.8532205930220253e-4,4.719636972548472e-4,5.91438106217034e-4,7.297345298652628e-4,8.917149758567477e-4,0.0011236004765662745,3e-4,3.9e-4,4.7e-4,5.9e-4,7.3e-4,8.9e-4,0.0011,TRUE,FALSE,Center for Forecasting and Outbreak Analytics (CDC/CFA),2026-09-30,NowcastAutoGP
New Jersey,NJ,2,wk inc rsv prop ed visits,prop_ed,2026-10-03,2026-10-17,CFA-NowcastAutoGP,3.059366381334861e-4,4.054560932425444e-4,5.012451324870967e-4,6.483945436588583e-4,8.470957609575647e-4,0.001047163406110388,0.0013181279459717381,3.1e-4,4.1e-4,5e-4,6.5e-4,8.5e-4,0.001,0.0013,TRUE,FALSE,Center for Forecasting and Outbreak Analytics (CDC/CFA),2026-09-30,NowcastAutoGP
New Jersey,NJ,0,wk inc rsv prop ed visits,prop_ed,2026-10-03,2026-10-03,CFA-PyRenew_E,3.4017500864632846e-4,4.267058847834407e-4,5.085521449609745e-4,6.104053427625684e-4,7.189170897992823e-4,8.381126298934335e-4,9.743719415059755e-4,3.4e-4,4.3e-4,5.1e-4,6.1e-4,7.2e-4,8.4e-4,9.7e-4,TRUE,FALSE,Center for Forecasting and Outbreak Analytics (CDC/CFA),2026-09-30,PyRenew-E
New Jersey,NJ,1,wk inc rsv prop ed visits,prop_ed,2026-10-03,2026-10-10,CFA-PyRenew_E,3.6203088813007453e-4,4.697213189128063e-4,5.825552928442493e-4,7.425360775211698e-4,9.452905830184321e-4,0.001171635945417384,0.0015468846586062018,3.6e-4,4.7e-4,5.8e-4,7.4e-4,9.5e-4,0.0012,0.0015,TRUE,FALSE,Center for Forecasting and Outbreak Analytics (CDC/CFA),2026-09-30,PyRenew-E
New Jersey,NJ,2,wk inc rsv prop ed visits,prop_ed,2026-10-03,2026-10-17,CFA-PyRenew_E,3.363935272241619e-4,4.934591569249079e-4,6.551111397222271e-4,9.061472606324214e-4,0.0012689232896410786,0.0017610707527257483,0.002681309213792547,3.4e-4,4.9e-4,6.6e-4,9.1e-4,0.0013,0.0018,0.0027,TRUE,FALSE,Center for Forecasting and Outbreak Analytics (CDC/CFA),2026-09-30,PyRenew-E
New Jersey,NJ,0,wk inc rsv hosp,hosp,2026-10-03,2026-10-03,CFA-PyRenew_H,2,4,6,9,12,16,20,2,4,6,9,10,20,20,FALSE,FALSE,Center for Forecasting and Outbreak Analytics (CDC/CFA),2026-09-30,PyRenew-H
New Jersey,NJ,1,wk inc rsv hosp,hosp,2026-10-03,2026-10-10,CFA-PyRenew_H,2,4,6,9,13,18,28,2,4,6,9,10,20,30,FALSE,FALSE,Center for Forecasting and Outbreak Analytics (CDC/CFA),2026-09-30,PyRenew-H
New Jersey,NJ,2,wk inc rsv hosp,hosp,2026-10-03,2026-10-17,CFA-PyRenew_H,1,3,6,9,15,23,39.024999999999864,1,3,6,9,20,20,40,FALSE,FALSE,Center for Forecasting and Outbreak Analytics (CDC/CFA),2026-09-30,PyRenew-H
New Jersey,NJ,0,wk inc rsv hosp,hosp,2026-10-03,2026-10-03,CFA-PyRenew_HE,9,12,15,18,23,28,34,9,10,20,20,20,30,30,TRUE,FALSE,Center for Forecasting and Outbreak Analytics (CDC/CFA),2026-09-30,PyRenew-HE
New Jersey,NJ,1,wk inc rsv hosp,hosp,2026-10-03,2026-10-10,CFA-PyRenew_HE,9,13,17,22,29,37,47.024999999999864,9,10,20,20,30,40,50,TRUE,FALSE,Center for Forecasting and Outbreak Analytics (CDC/CFA),2026-09-30,PyRenew-HE
New Jersey,NJ,2,wk inc rsv hosp,hosp,2026-10-03,2026-10-17,CFA-PyRenew_HE,9,14,18,26,36,51,78,9,10,20,30,40,50,80,TRUE,FALSE,Center for Forecasting and Outbreak Analytics (CDC/CFA),2026-09-30,PyRenew-HE
New Jersey,NJ,0,wk inc rsv prop ed visits,prop_ed,2026-10-03,2026-10-03,CFA-PyRenew_HE,2.803503287919056e-4,3.497524049657509e-4,4.1052267871008127e-4,4.963420739144465e-4,5.779687628231142e-4,6.679065604465586e-4,7.95337587436413e-4,2.8e-4,3.5e-4,4.1e-4,5e-4,5.8e-4,6.7e-4,8e-4,FALSE,FALSE,Center for Forecasting and Outbreak Analytics (CDC/CFA),2026-09-30,PyRenew-HE
New Jersey,NJ,1,wk inc rsv prop ed visits,prop_ed,2026-10-03,2026-10-10,CFA-PyRenew_HE,2.8407516984506586e-4,3.755257647356529e-4,4.7121198092370714e-4,5.874402827644706e-4,7.343662308004768e-4,9.050479889664861e-4,0.0011548130141837173,2.8e-4,3.8e-4,4.7e-4,5.9e-4,7.3e-4,9.1e-4,0.0012,FALSE,FALSE,Center for Forecasting and Outbreak Analytics (CDC/CFA),2026-09-30,PyRenew-HE
New Jersey,NJ,2,wk inc rsv prop ed visits,prop_ed,2026-10-03,2026-10-17,CFA-PyRenew_HE,2.678722094451321e-4,3.7688172803863895e-4,5.136225156540072e-4,6.931624032054882e-4,9.69806131485156e-4,0.0012960852802635656,0.0018575358154776305,2.7e-4,3.8e-4,5.1e-4,6.9e-4,9.7e-4,0.0013,0.0019,FALSE,FALSE,Center for Forecasting and Outbreak Analytics (CDC/CFA),2026-09-30,PyRenew-HE
New Jersey,NJ,0,wk inc rsv hosp,hosp,2026-10-03,2026-10-03,NAU-epymorph,2,5,8,11,16,21,29,2,5,8,10,20,20,30,TRUE,FALSE,Northern Arizona University,2026-09-30,epymorph RSV compartmental model
New Jersey,NJ,1,wk inc rsv hosp,hosp,2026-10-03,2026-10-10,NAU-epymorph,2,5,8,13,19,29,47,2,5,8,10,20,30,50,TRUE,FALSE,Northern Arizona University,2026-09-30,epymorph RSV compartmental model
New Jersey,NJ,2,wk inc rsv hosp,hosp,2026-10-03,2026-10-17,NAU-epymorph,1,4,8,14,25,43,88,1,4,8,10,30,40,90,TRUE,FALSE,Northern Arizona University,2026-09-30,epymorph RSV compartmental model
New Jersey,NJ,0,wk inc rsv hosp,hosp,2026-10-03,2026-10-03,RSVHub-baseline,0,0,4,11,18,47.000000000000085,98.62499999999977,0,0,4,10,20,50,100,FALSE,FALSE,RSVHub-hub-models,2026-09-30,RSVHub baseline model
New Jersey,NJ,1,wk inc rsv hosp,hosp,2026-10-03,2026-10-10,RSVHub-baseline,0,0,0,11,30.940156901568997,67.89831698316993,124.85913034130351,0,0,0,10,30,70,120,FALSE,FALSE,RSVHub-hub-models,2026-09-30,RSVHub baseline model
New Jersey,NJ,2,wk inc rsv hosp,hosp,2026-10-03,2026-10-17,RSVHub-baseline,0,0,0,11,41.16403914039144,86.57004670046697,136.80166826668258,0,0,0,10,40,90,140,FALSE,FALSE,RSVHub-hub-models,2026-09-30,RSVHub baseline model
New Jersey,NJ,0,wk inc rsv prop ed visits,prop_ed,2026-10-03,2026-10-03,RSVHub-baseline,0,0,4.7499999999999946e-4,6e-4,7.249999999999986e-4,0.0013,0.002362499999999998,0,0,4.8e-4,6e-4,7.3e-4,0.0013,0.0024,FALSE,FALSE,RSVHub-hub-models,2026-09-30,RSVHub baseline model
New Jersey,NJ,1,wk inc rsv prop ed visits,prop_ed,2026-10-03,2026-10-10,RSVHub-baseline,0,0,2.7923204232042237e-4,6e-4,0.001,0.0017999999999999995,0.002941326813268131,0,0,2.8e-4,6e-4,0.001,0.0018,0.0029,FALSE,FALSE,RSVHub-hub-models,2026-09-30,RSVHub baseline model
New Jersey,NJ,2,wk inc rsv prop ed visits,prop_ed,2026-10-03,2026-10-17,RSVHub-baseline,0,0,9.999999999999996e-5,6e-4,0.0012000000000000001,0.0021000000000000007,0.003291689891898922,0,0,1e-4,6e-4,0.0012,0.0021,0.0033,FALSE,FALSE,RSVHub-hub-models,2026-09-30,RSVHub baseline model
New Jersey,NJ,0,wk inc rsv hosp,hosp,2026-10-03,2026-10-03,docxology-timesfm,4.729566052387805,7.536825422765434,8.376718610860483,10.019782322659086,11.827689782571756,15.545130900556773,24.11801925005097,5,8,8,10,10,20,20,TRUE,FALSE,docxology,2026-09-30,docxology timesfm
New Jersey,NJ,1,wk inc rsv hosp,hosp,2026-10-03,2026-10-10,docxology-timesfm,4.153108526446273,6.236120634720652,12.056389114383782,15.423730801995537,16.945559978374213,19.755598802159756,29.61846293198478,4,6,10,20,20,20,30,TRUE,FALSE,docxology,2026-09-30,docxology timesfm
New Jersey,NJ,2,wk inc rsv hosp,hosp,2026-10-03,2026-10-17,docxology-timesfm,7.626652973711246,10.309534292906061,12.98847407190706,17.5919202023335,21.812151661048716,33.53321116261906,45.36530357468854,8,10,10,20,20,30,50,TRUE,FALSE,docxology,2026-09-30,docxology timesfm
New Jersey,NJ,0,wk inc rsv hosp,hosp,2026-10-03,2026-10-03,NAU-Copycat,2,5,8,13,20,31,46,2,5,8,10,20,30,50,TRUE,FALSE,NAU,2026-09-30,Copycat
New Jersey,NJ,1,wk inc rsv hosp,hosp,2026-10-03,2026-10-10,NAU-Copycat,2,5,9,15,24,39,71.04999999999995,2,5,9,20,20,40,70,TRUE,FALSE,NAU,2026-09-30,Copycat
New Jersey,NJ,2,wk inc rsv hosp,hosp,2026-10-03,2026-10-17,NAU-Copycat,2,5,9,17,30,53.100000000000136,102,2,5,9,20,30,50,100,TRUE,FALSE,NAU,2026-09-30,Copycat
New Jersey,NJ,0,wk inc rsv prop ed visits,prop_ed,2026-10-03,2026-10-03,NAU-Copycat,1.9398552812187114e-4,4.009601272252788e-4,5.74254684695635e-4,7.573450196506129e-4,9.607841410972483e-4,0.001205855884955453,0.0016410894222372036,1.9e-4,4e-4,5.7e-4,7.6e-4,9.6e-4,0.0012,0.0016,TRUE,FALSE,NAU,2026-09-30,Copycat
New Jersey,NJ,1,wk inc rsv prop ed visits,prop_ed,2026-10-03,2026-10-10,NAU-Copycat,2.0254071725834936e-4,4.1285675992246e-4,6.459761914070341e-4,9.280509536189133e-4,0.0012269698228513238,0.0016189236753451496,0.0021316903621517924,2e-4,4.1e-4,6.5e-4,0.00093000000000000005,0.0012,0.0016,0.0021,TRUE,FALSE,NAU,2026-09-30,Copycat
New Jersey,NJ,2,wk inc rsv prop ed visits,prop_ed,2026-10-03,2026-10-17,NAU-Copycat,2.2839546710314045e-4,5.007208666200125e-4,7.929878906217166e-4,0.0011778015818461325,0.0016436228250041793,0.0022553727446393925,0.0032005312709662836,2.3e-4,5e-4,7.9e-4,0.0012,0.0016,0.0023,0.0032,TRUE,FALSE,NAU,2026-09-30,Copycat
New Jersey,NJ,0,wk inc rsv hosp,hosp,2026-10-03,2026-10-03,UGA_flucast-INFLAenza,4,6,9,12,15,19,24,4,6,9,10,20,20,20,TRUE,FALSE,UGA_flucast,2026-09-30,INFLAenza
New Jersey,NJ,1,wk inc rsv hosp,hosp,2026-10-03,2026-10-10,UGA_flucast-INFLAenza,5,7,10,14,18,23,30,5,7,10,10,20,20,30,TRUE,FALSE,UGA_flucast,2026-09-30,INFLAenza
New Jersey,NJ,2,wk inc rsv hosp,hosp,2026-10-03,2026-10-17,UGA_flucast-INFLAenza,5,8,12,16,22,29,37,5,8,10,20,20,30,40,TRUE,FALSE,UGA_flucast,2026-09-30,INFLAenza
New Jersey,NJ,0,wk inc rsv prop ed visits,prop_ed,2026-10-03,2026-10-03,UGA_flucast-INFLAenza,1.322393677172385e-4,2.3063171969503062e-4,3.3787852499945353e-4,5.078973249387541e-4,7.153576371278362e-4,9.366644878959799e-4,0.001223450498372402,1.3e-4,2.3e-4,3.4e-4,5.1e-4,7.2e-4,9.4e-4,0.0012,TRUE,FALSE,UGA_flucast,2026-09-30,INFLAenza
New Jersey,NJ,1,wk inc rsv prop ed visits,prop_ed,2026-10-03,2026-10-10,UGA_flucast-INFLAenza,1.463309763882662e-4,2.617568423785799e-4,3.8719158885159655e-4,5.741016753639792e-4,8.144853332634672e-4,0.001090817355820196,0.0014335986982265186,1.5e-4,2.6e-4,3.9e-4,5.7e-4,8.1e-4,0.0011,0.0014,TRUE,FALSE,UGA_flucast,2026-09-30,INFLAenza
New Jersey,NJ,2,wk inc rsv prop ed visits,prop_ed,2026-10-03,2026-10-17,UGA_flucast-INFLAenza,1.7884815747619542e-4,3.0013061019012837e-4,4.555157648160786e-4,6.648509458918347e-4,9.285307579705394e-4,0.0012352017886774476,0.0016614216652023775,1.8e-4,3e-4,4.6e-4,6.6e-4,0.00093000000000000005,0.0012,0.0017,TRUE,FALSE,UGA_flucast,2026-09-30,INFLAenza
New Jersey,NJ,0,wk inc rsv hosp,hosp,2026-10-03,2026-10-03,RSVHub-ensemble,3,5.5,8.188359305430241,11.5,15.5,20,26.559009625025485,3,6,8,10,20,20,30,FALSE,TRUE,RSVHub,2026-09-30,Ensemble using RSVHub forecast submissions
New Jersey,NJ,1,wk inc rsv hosp,hosp,2026-10-03,2026-10-10,RSVHub-ensemble,3.0765542632231364,5.618060317360326,9.5,14.5,18.5,26,38.5,3,6,10,10,20,30,40,FALSE,TRUE,RSVHub,2026-09-30,Ensemble using RSVHub forecast submissions
New Jersey,NJ,2,wk inc rsv hosp,hosp,2026-10-03,2026-10-17,RSVHub-ensemble,3.5,6.5,10.5,16.5,23.5,38.266605581309534,61.68265178734427,4,7,10,20,20,40,60,FALSE,TRUE,RSVHub,2026-09-30,Ensemble using RSVHub forecast submissions
New Jersey,NJ,0,wk inc rsv prop ed visits,prop_ed,2026-10-03,2026-10-03,RSVHub-ensemble,2.4613724999031925e-4,3.8363458449252404e-4,4.724024777575879e-4,5.732915319560285e-4,7.171373634635592e-4,8.873885588947068e-4,0.0010989112199391888,2.5e-4,3.8e-4,4.7e-4,5.7e-4,7.2e-4,8.9e-4,0.0011,FALSE,TRUE,RSVHub,2026-09-30,Ensemble using RSVHub forecast submissions
New Jersey,NJ,1,wk inc rsv prop ed visits,prop_ed,2026-10-03,2026-10-10,RSVHub-ensemble,2.5209958812509397e-4,3.990894096123313e-4,5.272594950495482e-4,6.669870918691019e-4,8.798879581409496e-4,0.0011312266506187901,0.0014902416784163602,2.5e-4,4e-4,5.3e-4,6.7e-4,8.8e-4,0.0011,0.0015,FALSE,TRUE,RSVHub,2026-09-30,Ensemble using RSVHub forecast submissions
New Jersey,NJ,2,wk inc rsv prop ed visits,prop_ed,2026-10-03,2026-10-17,RSVHub-ensemble,2.6716605261831324e-4,4.494576250837261e-4,5.781781361046619e-4,7.854991032621281e-4,0.001098727023805809,0.001498136270701598,0.002171365439497462,2.7e-4,4.5e-4,5.8e-4,7.9e-4,0.0011,0.0015,0.0022,FALSE,TRUE,RSVHub,2026-09-30,Ensemble using RSVHub forecast submissions
New Mexico,NM,0,wk inc rsv hosp,hosp,2026-10-03,2026-10-03,CEPH-Rtrend_rsv,0,1,2,2,3,5,5,0,1,2,2,3,5,5,TRUE,FALSE,CEPH Lab at Indiana University,2026-09-30,Rtrend RSV
New Mexico,NM,1,wk inc rsv hosp,hosp,2026-10-03,2026-10-10,CEPH-Rtrend_rsv,0,1,2,3,4,5,7,0,1,2,3,4,5,7,TRUE,FALSE,CEPH Lab at Indiana University,2026-09-30,Rtrend RSV
New Mexico,NM,2,wk inc rsv hosp,hosp,2026-10-03,2026-10-17,CEPH-Rtrend_rsv,0,1,2,3,4,6,9,0,1,2,3,4,6,9,TRUE,FALSE,CEPH Lab at Indiana University,2026-09-30,Rtrend RSV
New Mexico,NM,0,wk inc rsv prop ed visits,prop_ed,2026-10-03,2026-10-03,CFA-NowcastAutoGP,0,0,3.2902783257053376e-6,3.6055935413071294e-5,9.895022968707208e-5,2.1389032595227713e-4,5.471622911616224e-4,0,0,3.3e-6,3.6e-5,9.9e-5,2.1e-4,5.5e-4,TRUE,FALSE,Center for Forecasting and Outbreak Analytics (CDC/CFA),2026-09-30,NowcastAutoGP
New Mexico,NM,1,wk inc rsv prop ed visits,prop_ed,2026-10-03,2026-10-10,CFA-NowcastAutoGP,0,0,4.593404927816999e-6,4.024586743935104e-5,1.1610109562448274e-4,2.7443041150030224e-4,8.652098024417841e-4,0,0,4.6e-6,4e-5,1.2e-4,2.7e-4,8.7e-4,TRUE,FALSE,Center for Forecasting and Outbreak Analytics (CDC/CFA),2026-09-30,NowcastAutoGP
New Mexico,NM,2,wk inc rsv prop ed visits,prop_ed,2026-10-03,2026-10-17,CFA-NowcastAutoGP,0,0,4.704535143627457e-6,4.3801052100472356e-5,1.3370033990820247e-4,3.5967588577635266e-4,0.0013461616416015096,0,0,4.7e-6,4.4e-5,1.3e-4,3.6e-4,0.0013,TRUE,FALSE,Center for Forecasting and Outbreak Analytics (CDC/CFA),2026-09-30,NowcastAutoGP
New Mexico,NM,0,wk inc rsv prop ed visits,prop_ed,2026-10-03,2026-10-03,CFA-PyRenew_E,0,0,0,6.410513474184116e-5,1.8398503225099388e-4,2.5399540149676316e-4,4.3457750595920185e-4,0,0,0,6.4e-5,1.8e-4,2.5e-4,4.3e-4,TRUE,FALSE,Center for Forecasting and Outbreak Analytics (CDC/CFA),2026-09-30,PyRenew-E
New Mexico,NM,1,wk inc rsv prop ed visits,prop_ed,2026-10-03,2026-10-10,CFA-PyRenew_E,0,0,0,6.489336640333441e-5,1.890851140698584e-4,3.218882988888222e-4,6.228724535778213e-4,0,0,0,6.5e-5,1.9e-4,3.2e-4,6.2e-4,TRUE,FALSE,Center for Forecasting and Outbreak Analytics (CDC/CFA),2026-09-30,PyRenew-E
New Mexico,NM,2,wk inc rsv prop ed visits,prop_ed,2026-10-03,2026-10-17,CFA-PyRenew_E,0,0,0,1.1942259437824719e-4,2.4224756609817963e-4,4.4308243615792556e-4,9.46523112997623e-4,0,0,0,1.2e-4,2.4e-4,4.4e-4,9.5e-4,TRUE,FALSE,Center for Forecasting and Outbreak Analytics (CDC/CFA),2026-09-30,PyRenew-E
New Mexico,NM,0,wk inc rsv hosp,hosp,2026-10-03,2026-10-03,CFA-PyRenew_H,0,0,0,0,0,1,2,0,0,0,0,0,1,2,FALSE,FALSE,Center for Forecasting and Outbreak Analytics (CDC/CFA),2026-09-30,PyRenew-H
New Mexico,NM,1,wk inc rsv hosp,hosp,2026-10-03,2026-10-10,CFA-PyRenew_H,0,0,0,0,0,1,3,0,0,0,0,0,1,3,FALSE,FALSE,Center for Forecasting and Outbreak Analytics (CDC/CFA),2026-09-30,PyRenew-H
New Mexico,NM,2,wk inc rsv hosp,hosp,2026-10-03,2026-10-17,CFA-PyRenew_H,0,0,0,0,0,1,5,0,0,0,0,0,1,5,FALSE,FALSE,Center for Forecasting and Outbreak Analytics (CDC/CFA),2026-09-30,PyRenew-H
New Mexico,NM,0,wk inc rsv hosp,hosp,2026-10-03,2026-10-03,CFA-PyRenew_HE,0,0,0,0,1,2,3,0,0,0,0,1,2,3,TRUE,FALSE,Center for Forecasting and Outbreak Analytics (CDC/CFA),2026-09-30,PyRenew-HE
New Mexico,NM,1,wk inc rsv hosp,hosp,2026-10-03,2026-10-10,CFA-PyRenew_HE,0,0,0,0,1,2,5,0,0,0,0,1,2,5,TRUE,FALSE,Center for Forecasting and Outbreak Analytics (CDC/CFA),2026-09-30,PyRenew-HE
New Mexico,NM,2,wk inc rsv hosp,hosp,2026-10-03,2026-10-17,CFA-PyRenew_HE,0,0,0,1,2,3,8,0,0,0,1,2,3,8,TRUE,FALSE,Center for Forecasting and Outbreak Analytics (CDC/CFA),2026-09-30,PyRenew-HE
New Mexico,NM,0,wk inc rsv prop ed visits,prop_ed,2026-10-03,2026-10-03,CFA-PyRenew_HE,0,0,0,6.368355979132654e-5,1.8194002832734805e-4,2.479601338957018e-4,3.8000820297475016e-4,0,0,0,6.4e-5,1.8e-4,2.5e-4,3.8e-4,FALSE,FALSE,Center for Forecasting and Outbreak Analytics (CDC/CFA),2026-09-30,PyRenew-HE
New Mexico,NM,1,wk inc rsv prop ed visits,prop_ed,2026-10-03,2026-10-10,CFA-PyRenew_HE,0,0,0,6.453597244752399e-5,1.875694151764239e-4,3.1305848878186086e-4,5.690844428701501e-4,0,0,0,6.5e-5,1.9e-4,3.1e-4,5.7e-4,FALSE,FALSE,Center for Forecasting and Outbreak Analytics (CDC/CFA),2026-09-30,PyRenew-HE
New Mexico,NM,2,wk inc rsv prop ed visits,prop_ed,2026-10-03,2026-10-17,CFA-PyRenew_HE,0,0,0,1.2040937738643081e-4,2.440944068731531e-4,4.445778643813306e-4,0.0010387421751368465,0,0,0,1.2e-4,2.4e-4,4.4e-4,0.001,FALSE,FALSE,Center for Forecasting and Outbreak Analytics (CDC/CFA),2026-09-30,PyRenew-HE
New Mexico,NM,0,wk inc rsv hosp,hosp,2026-10-03,2026-10-03,NAU-epymorph,0,0,0,1,2,3,4,0,0,0,1,2,3,4,TRUE,FALSE,Northern Arizona University,2026-09-30,epymorph RSV compartmental model
New Mexico,NM,1,wk inc rsv hosp,hosp,2026-10-03,2026-10-10,NAU-epymorph,0,0,1,2,3,4,9,0,0,1,2,3,4,9,TRUE,FALSE,Northern Arizona University,2026-09-30,epymorph RSV compartmental model
New Mexico,NM,2,wk inc rsv hosp,hosp,2026-10-03,2026-10-17,NAU-epymorph,0,0,1,2,4,9,24,0,0,1,2,4,9,20,TRUE,FALSE,Northern Arizona University,2026-09-30,epymorph RSV compartmental model
New Mexico,NM,0,wk inc rsv hosp,hosp,2026-10-03,2026-10-03,RSVHub-baseline,0,0,0,1,3,8.300000000000017,28.824999999999967,0,0,0,1,3,8,30,FALSE,FALSE,RSVHub-hub-models,2026-09-30,RSVHub baseline model
New Mexico,NM,1,wk inc rsv hosp,hosp,2026-10-03,2026-10-10,RSVHub-baseline,0,0,0,1,6,19.01676716767167,35.272232472324795,0,0,0,1,6,20,40,FALSE,FALSE,RSVHub-hub-models,2026-09-30,RSVHub baseline model
New Mexico,NM,2,wk inc rsv hosp,hosp,2026-10-03,2026-10-17,RSVHub-baseline,0,0,0,1,8,25.047691476914814,43.620243452434515,0,0,0,1,8,30,40,FALSE,FALSE,RSVHub-hub-models,2026-09-30,RSVHub baseline model
New Mexico,NM,0,wk inc rsv prop ed visits,prop_ed,2026-10-03,2026-10-03,RSVHub-baseline,0,0,0,1e-4,3.0000000000000003e-4,0.0014500000000000012,0.004287499999999996,0,0,0,1e-4,3e-4,0.0015,0.0043,FALSE,FALSE,RSVHub-hub-models,2026-09-30,RSVHub baseline model
New Mexico,NM,1,wk inc rsv prop ed visits,prop_ed,2026-10-03,2026-10-10,RSVHub-baseline,0,0,0,1e-4,8.000000000000008e-4,0.0028675441754417606,0.006400000000000003,0,0,0,1e-4,8e-4,0.0029,0.0064,FALSE,FALSE,RSVHub-hub-models,2026-09-30,RSVHub baseline model
New Mexico,NM,2,wk inc rsv prop ed visits,prop_ed,2026-10-03,2026-10-17,RSVHub-baseline,0,0,0,1e-4,0.0013999999999999991,0.0037999999999999987,0.007877039345393473,0,0,0,1e-4,0.0014,0.0038,0.0079,FALSE,FALSE,RSVHub-hub-models,2026-09-30,RSVHub baseline model
New Mexico,NM,0,wk inc rsv hosp,hosp,2026-10-03,2026-10-03,docxology-timesfm,0,0,0,0.011596596442374048,0.32118670984240405,0.6312736991832354,1.8154986289570871,0,0,0,0,0,1,2,TRUE,FALSE,docxology,2026-09-30,docxology timesfm
New Mexico,NM,1,wk inc rsv hosp,hosp,2026-10-03,2026-10-10,docxology-timesfm,0,0,0,0.16846164333851443,0.609733728633228,1.361370022946751,1.791186435480527,0,0,0,0,1,1,2,TRUE,FALSE,docxology,2026-09-30,docxology timesfm
New Mexico,NM,2,wk inc rsv hosp,hosp,2026-10-03,2026-10-17,docxology-timesfm,0.1778438597753949,0.6394873432620567,0.9972512245481928,1.3006552841373604,2.4481222484004332,3.687585970491411,4.552132001114887,0,1,1,1,2,4,5,TRUE,FALSE,docxology,2026-09-30,docxology timesfm
New Mexico,NM,0,wk inc rsv hosp,hosp,2026-10-03,2026-10-03,NAU-Copycat,0,0,0,1,2,3,5,0,0,0,1,2,3,5,TRUE,FALSE,NAU,2026-09-30,Copycat
New Mexico,NM,1,wk inc rsv hosp,hosp,2026-10-03,2026-10-10,NAU-Copycat,0,0,1,1,2,4,6,0,0,1,1,2,4,6,TRUE,FALSE,NAU,2026-09-30,Copycat
New Mexico,NM,2,wk inc rsv hosp,hosp,2026-10-03,2026-10-17,NAU-Copycat,0,0,1,2,3,5,8.024999999999977,0,0,1,2,3,5,8,TRUE,FALSE,NAU,2026-09-30,Copycat
New Mexico,NM,0,wk inc rsv prop ed visits,prop_ed,2026-10-03,2026-10-03,NAU-Copycat,0,1.711988185717935e-5,7.095220559965935e-5,1.5930572471930832e-4,2.907743434034117e-4,4.285028457869214e-4,7.033369410802933e-4,0,1.7e-5,7.1e-5,1.6e-4,2.9e-4,4.3e-4,7e-4,TRUE,FALSE,NAU,2026-09-30,Copycat
New Mexico,NM,1,wk inc rsv prop ed visits,prop_ed,2026-10-03,2026-10-10,NAU-Copycat,0,1.5146341187910947e-5,8.016641328443042e-5,1.9710961482514183e-4,4.024298185380141e-4,6.400068570647803e-4,0.0011708727141463268,0,1.5e-5,8e-5,2e-4,4e-4,6.4e-4,0.0012,TRUE,FALSE,NAU,2026-09-30,Copycat
New Mexico,NM,2,wk inc rsv prop ed visits,prop_ed,2026-10-03,2026-10-17,NAU-Copycat,0,7.635659420642301e-6,8.946229390990954e-5,2.626566818227273e-4,5.621528430954355e-4,9.808053189501928e-4,0.002040125127240295,0,7.6e-6,8.9e-5,2.6e-4,5.6e-4,9.8e-4,0.002,TRUE,FALSE,NAU,2026-09-30,Copycat
New Mexico,NM,0,wk inc rsv hosp,hosp,2026-10-03,2026-10-03,UGA_flucast-INFLAenza,0,0,0,1,1,2,3,0,0,0,1,1,2,3,TRUE,FALSE,UGA_flucast,2026-09-30,INFLAenza
New Mexico,NM,1,wk inc rsv hosp,hosp,2026-10-03,2026-10-10,UGA_flucast-INFLAenza,0,0,0,1,1,2,4,0,0,0,1,1,2,4,TRUE,FALSE,UGA_flucast,2026-09-30,INFLAenza
New Mexico,NM,2,wk inc rsv hosp,hosp,2026-10-03,2026-10-17,UGA_flucast-INFLAenza,0,0,0,1,2,3,4,0,0,0,1,2,3,4,TRUE,FALSE,UGA_flucast,2026-09-30,INFLAenza
New Mexico,NM,0,wk inc rsv prop ed visits,prop_ed,2026-10-03,2026-10-03,UGA_flucast-INFLAenza,2.346668547942619e-5,5.898396519105858e-5,1.1329958174991381e-4,2.013014769780985e-4,3.221469557762069e-4,4.706101185325161e-4,6.673060742807149e-4,2.3e-5,5.9e-5,1.1e-4,2e-4,3.2e-4,4.7e-4,6.7e-4,TRUE,FALSE,UGA_flucast,2026-09-30,INFLAenza
New Mexico,NM,1,wk inc rsv prop ed visits,prop_ed,2026-10-03,2026-10-10,UGA_flucast-INFLAenza,3.144547625863475e-5,7.136918286394385e-5,1.3012277760307122e-4,2.268001246559999e-4,3.621606787965947e-4,5.16811601879398e-4,7.388928733315589e-4,3.1e-5,7.1e-5,1.3e-4,2.3e-4,3.6e-4,5.2e-4,7.4e-4,TRUE,FALSE,UGA_flucast,2026-09-30,INFLAenza
New Mexico,NM,2,wk inc rsv prop ed visits,prop_ed,2026-10-03,2026-10-17,UGA_flucast-INFLAenza,4.3574857282387304e-5,9.205030518642533e-5,1.579882539856054e-4,2.745603523841054e-4,4.2741905045636864e-4,5.948074987092208e-4,8.338877345871652e-4,4.4e-5,9.2e-5,1.6e-4,2.7e-4,4.3e-4,5.9e-4,8.3e-4,TRUE,FALSE,UGA_flucast,2026-09-30,INFLAenza
New Mexico,NM,0,wk inc rsv hosp,hosp,2026-10-03,2026-10-03,RSVHub-ensemble,0,0,0,1,1.5,2.5,3.5,0,0,0,1,2,3,4,FALSE,TRUE,RSVHub,2026-09-30,Ensemble using RSVHub forecast submissions
New Mexico,NM,1,wk inc rsv hosp,hosp,2026-10-03,2026-10-10,RSVHub-ensemble,0,0,0.5,1,1.5,3,5.5,0,0,1,1,2,3,6,FALSE,TRUE,RSVHub,2026-09-30,Ensemble using RSVHub forecast submissions
New Mexico,NM,2,wk inc rsv hosp,hosp,2026-10-03,2026-10-17,RSVHub-ensemble,0,0,0.9986256122740964,1.6503276420686803,2.7240611242002166,4.343792985245706,8.012499999999989,0,0,1,2,3,4,8,FALSE,TRUE,RSVHub,2026-09-30,Ensemble using RSVHub forecast submissions
New Mexico,NM,0,wk inc rsv prop ed visits,prop_ed,2026-10-03,2026-10-03,RSVHub-ensemble,0,8.559940928589676e-6,3.7121241962682345e-5,1.1170542973057475e-4,2.373796878272028e-4,3.412491236418423e-4,6.072341827211686e-4,0,8.6e-6,3.7e-5,1.1e-4,2.4e-4,3.4e-4,6.1e-4,FALSE,TRUE,RSVHub,2026-09-30,Ensemble using RSVHub forecast submissions
New Mexico,NM,1,wk inc rsv prop ed visits,prop_ed,2026-10-03,2026-10-10,RSVHub-ensemble,0,7.573170593955474e-6,4.237990910612371e-5,1.3100149061423812e-4,2.756228964332266e-4,4.1934995038411013e-4,8.020513378866715e-4,0,7.6e-6,4.2e-5,1.3e-4,2.8e-4,4.2e-4,8e-4,FALSE,TRUE,RSVHub,2026-09-30,Ensemble using RSVHub forecast submissions
New Mexico,NM,2,wk inc rsv prop ed visits,prop_ed,2026-10-03,2026-10-17,RSVHub-ensemble,0,3.8178297103211505e-6,4.70834145267685e-5,1.9103963810048724e-4,3.3483330827727413e-4,5.189449674335732e-4,0.0011463423772995662,0,3.8e-6,4.7e-5,1.9e-4,3.3e-4,5.2e-4,0.0011,FALSE,TRUE,RSVHub,2026-09-30,Ensemble using RSVHub forecast submissions
New York,NY,0,wk inc rsv hosp,hosp,2026-10-03,2026-10-03,CEPH-Rtrend_rsv,3,8,11,16,25,33,41,3,8,10,20,30,30,40,TRUE,FALSE,CEPH Lab at Indiana University,2026-09-30,Rtrend RSV
New York,NY,1,wk inc rsv hosp,hosp,2026-10-03,2026-10-10,CEPH-Rtrend_rsv,3,5,11,19,27,38,52,3,5,10,20,30,40,50,TRUE,FALSE,CEPH Lab at Indiana University,2026-09-30,Rtrend RSV
New York,NY,2,wk inc rsv hosp,hosp,2026-10-03,2026-10-17,CEPH-Rtrend_rsv,1,5,11,19,30,44,60,1,5,10,20,30,40,60,TRUE,FALSE,CEPH Lab at Indiana University,2026-09-30,Rtrend RSV
New York,NY,0,wk inc rsv prop ed visits,prop_ed,2026-10-03,2026-10-03,CFA-NowcastAutoGP,1.3032832758382248e-4,1.519871418471788e-4,1.717375788616402e-4,1.966788467097659e-4,2.2938936115575855e-4,2.6164600703362063e-4,3.023168684731848e-4,1.3e-4,1.5e-4,1.7e-4,2e-4,2.3e-4,2.6e-4,3e-4,TRUE,FALSE,Center for Forecasting and Outbreak Analytics (CDC/CFA),2026-09-30,NowcastAutoGP
New York,NY,1,wk inc rsv prop ed visits,prop_ed,2026-10-03,2026-10-10,CFA-NowcastAutoGP,1.353614490610553e-4,1.620182511564622e-4,1.901629002305063e-4,2.237758361265484e-4,2.667615604960051e-4,3.1432599185184947e-4,3.6811180103951614e-4,1.4e-4,1.6e-4,1.9e-4,2.2e-4,2.7e-4,3.1e-4,3.7e-4,TRUE,FALSE,Center for Forecasting and Outbreak Analytics (CDC/CFA),2026-09-30,NowcastAutoGP
New York,NY,2,wk inc rsv prop ed visits,prop_ed,2026-10-03,2026-10-17,CFA-NowcastAutoGP,1.4472068500780456e-4,1.7418030707837376e-4,2.0955536652390557e-4,2.561144351614353e-4,3.09688437045987e-4,3.740655917434697e-4,4.54573495580332e-4,1.4e-4,1.7e-4,2.1e-4,2.6e-4,3.1e-4,3.7e-4,4.5e-4,TRUE,FALSE,Center for Forecasting and Outbreak Analytics (CDC/CFA),2026-09-30,NowcastAutoGP
New York,NY,0,wk inc rsv prop ed visits,prop_ed,2026-10-03,2026-10-03,CFA-PyRenew_E,1.6307713800122478e-4,1.9789612953451978e-4,2.3881916474498432e-4,2.8617504322018205e-4,3.4012734459036467e-4,3.9965774507708156e-4,4.8248932312903645e-4,1.6e-4,2e-4,2.4e-4,2.9e-4,3.4e-4,4e-4,4.8e-4,TRUE,FALSE,Center for Forecasting and Outbreak Analytics (CDC/CFA),2026-09-30,PyRenew-E
New York,NY,1,wk inc rsv prop ed visits,prop_ed,2026-10-03,2026-10-10,CFA-PyRenew_E,1.7696588135204745e-4,2.2919197506183654e-4,2.891713059623498e-4,3.699086265660903e-4,4.8358459929994513e-4,6.330390306358562e-4,8.229985701246943e-4,1.8e-4,2.3e-4,2.9e-4,3.7e-4,4.8e-4,6.3e-4,8.2e-4,TRUE,FALSE,Center for Forecasting and Outbreak Analytics (CDC/CFA),2026-09-30,PyRenew-E
New York,NY,2,wk inc rsv prop ed visits,prop_ed,2026-10-03,2026-10-17,CFA-PyRenew_E,1.665391138952674e-4,2.4467160833118346e-4,3.4170391172816834e-4,4.851806969558955e-4,7.312768061356347e-4,0.001064429677605229,0.0016987589421705578,1.7e-4,2.4e-4,3.4e-4,4.9e-4,7.3e-4,0.0011,0.0017,TRUE,FALSE,Center for Forecasting and Outbreak Analytics (CDC/CFA),2026-09-30,PyRenew-E
New York,NY,0,wk inc rsv hosp,hosp,2026-10-03,2026-10-03,CFA-PyRenew_H,10,14.900000000000006,19,24,30,36,43,10,10,20,20,30,40,40,FALSE,FALSE,Center for Forecasting and Outbreak Analytics (CDC/CFA),2026-09-30,PyRenew-H
New York,NY,1,wk inc rsv hosp,hosp,2026-10-03,2026-10-10,CFA-PyRenew_H,9,13,17,24,32,42,56,9,10,20,20,30,40,60,FALSE,FALSE,Center for Forecasting and Outbreak Analytics (CDC/CFA),2026-09-30,PyRenew-H
New York,NY,2,wk inc rsv hosp,hosp,2026-10-03,2026-10-17,CFA-PyRenew_H,6,10,16,25,37,52,78,6,10,20,30,40,50,80,FALSE,FALSE,Center for Forecasting and Outbreak Analytics (CDC/CFA),2026-09-30,PyRenew-H
New York,NY,0,wk inc rsv hosp,hosp,2026-10-03,2026-10-03,CFA-PyRenew_HE,18,22,26,32,38,44,54,20,20,30,30,40,40,50,TRUE,FALSE,Center for Forecasting and Outbreak Analytics (CDC/CFA),2026-09-30,PyRenew-HE
New York,NY,1,wk inc rsv hosp,hosp,2026-10-03,2026-10-10,CFA-PyRenew_HE,17,22,28,36,47,59,76,20,20,30,40,50,60,80,TRUE,FALSE,Center for Forecasting and Outbreak Analytics (CDC/CFA),2026-09-30,PyRenew-HE
New York,NY,2,wk inc rsv hosp,hosp,2026-10-03,2026-10-17,CFA-PyRenew_HE,15,22,30,42,59,83,124.07499999999959,20,20,30,40,60,80,120,TRUE,FALSE,Center for Forecasting and Outbreak Analytics (CDC/CFA),2026-09-30,PyRenew-HE
New York,NY,0,wk inc rsv prop ed visits,prop_ed,2026-10-03,2026-10-03,CFA-PyRenew_HE,1.3507122669183643e-4,1.6981072699030205e-4,1.998693633072084e-4,2.3592257326737206e-4,2.757339578550888e-4,3.16342806858357e-4,3.6155531434794286e-4,1.4e-4,1.7e-4,2e-4,2.4e-4,2.8e-4,3.2e-4,3.6e-4,FALSE,FALSE,Center for Forecasting and Outbreak Analytics (CDC/CFA),2026-09-30,PyRenew-HE
New York,NY,1,wk inc rsv prop ed visits,prop_ed,2026-10-03,2026-10-10,CFA-PyRenew_HE,1.3534628515405518e-4,1.7600645068668037e-4,2.1876038933235506e-4,2.733802208275517e-4,3.381465872442038e-4,4.1651292575811173e-4,5.175103493363667e-4,1.4e-4,1.8e-4,2.2e-4,2.7e-4,3.4e-4,4.2e-4,5.2e-4,FALSE,FALSE,Center for Forecasting and Outbreak Analytics (CDC/CFA),2026-09-30,PyRenew-HE
New York,NY,2,wk inc rsv prop ed visits,prop_ed,2026-10-03,2026-10-17,CFA-PyRenew_HE,1.1846555697081466e-4,1.7003510085970375e-4,2.3218395364990932e-4,3.162747575248061e-4,4.3816317080902473e-4,5.872670292663658e-4,7.917212762173671e-4,1.2e-4,1.7e-4,2.3e-4,3.2e-4,4.4e-4,5.9e-4,7.9e-4,FALSE,FALSE,Center for Forecasting and Outbreak Analytics (CDC/CFA),2026-09-30,PyRenew-HE
New York,NY,0,wk inc rsv hosp,hosp,2026-10-03,2026-10-03,NAU-epymorph,0,7,15,24,34,47,69,0,7,20,20,30,50,70,TRUE,FALSE,Northern Arizona University,2026-09-30,epymorph RSV compartmental model
New York,NY,1,wk inc rsv hosp,hosp,2026-10-03,2026-10-10,NAU-epymorph,0,7,15,26,39,60,106,0,7,20,30,40,60,110,TRUE,FALSE,Northern Arizona University,2026-09-30,epymorph RSV compartmental model
New York,NY,2,wk inc rsv hosp,hosp,2026-10-03,2026-10-17,NAU-epymorph,0,6,15,27,47,81,180,0,6,20,30,50,80,180,TRUE,FALSE,Northern Arizona University,2026-09-30,epymorph RSV compartmental model
New York,NY,0,wk inc rsv hosp,hosp,2026-10-03,2026-10-03,RSVHub-baseline,0,0,10,19,28,68.19999999999993,156.37499999999974,0,0,10,20,30,70,160,FALSE,FALSE,RSVHub-hub-models,2026-09-30,RSVHub baseline model
New York,NY,1,wk inc rsv hosp,hosp,2026-10-03,2026-10-10,RSVHub-baseline,0,0,2,19,46.49999999999997,109.90035800358014,193.46550215502046,0,0,2,20,50,110,190,FALSE,FALSE,RSVHub-hub-models,2026-09-30,RSVHub baseline model
New York,NY,2,wk inc rsv hosp,hosp,2026-10-03,2026-10-17,RSVHub-baseline,0,0,0,19,64.66731417314173,133.62158721587218,219.8362741127414,0,0,0,20,60,130,220,FALSE,FALSE,RSVHub-hub-models,2026-09-30,RSVHub baseline model
New York,NY,0,wk inc rsv prop ed visits,prop_ed,2026-10-03,2026-10-03,RSVHub-baseline,0,0,1e-4,2e-4,3.0000000000000003e-4,7.000000000000004e-4,0.001624999999999998,0,0,1e-4,2e-4,3e-4,7e-4,0.0016,FALSE,FALSE,RSVHub-hub-models,2026-09-30,RSVHub baseline model
New York,NY,1,wk inc rsv prop ed visits,prop_ed,2026-10-03,2026-10-10,RSVHub-baseline,0,0,0,2e-4,5.999999999999994e-4,0.0011419640196401956,0.002200000000000002,0,0,0,2e-4,6e-4,0.0011,0.0022,FALSE,FALSE,RSVHub-hub-models,2026-09-30,RSVHub baseline model
New York,NY,2,wk inc rsv prop ed visits,prop_ed,2026-10-03,2026-10-17,RSVHub-baseline,0,0,0,2e-4,7.000000000000005e-4,0.0014378427784277877,0.0026134559345593503,0,0,0,2e-4,7e-4,0.0014,0.0026,FALSE,FALSE,RSVHub-hub-models,2026-09-30,RSVHub baseline model
New York,NY,0,wk inc rsv hosp,hosp,2026-10-03,2026-10-03,docxology-timesfm,13.434551779870095,16.152997532261704,17.87948966112822,20.893578731084865,21.804491627036825,25.387840158646,28.886979893914756,10,20,20,20,20,30,30,TRUE,FALSE,docxology,2026-09-30,docxology timesfm
New York,NY,1,wk inc rsv hosp,hosp,2026-10-03,2026-10-10,docxology-timesfm,15.03221882524879,19.101748425593176,23.271954510070945,27.69969067925941,29.648754059573033,34.69893192321434,37.33957436646837,20,20,20,30,30,30,40,TRUE,FALSE,docxology,2026-09-30,docxology timesfm
New York,NY,2,wk inc rsv hosp,hosp,2026-10-03,2026-10-17,docxology-timesfm,23.271040344304037,27.15783869608127,30.753896267713547,36.187284791862055,41.78272164956904,49.444816435215145,54.08732930725338,20,30,30,40,40,50,50,TRUE,FALSE,docxology,2026-09-30,docxology timesfm
New York,NY,0,wk inc rsv hosp,hosp,2026-10-03,2026-10-03,NAU-Copycat,9,14,19,25,36,49,68.07499999999993,9,10,20,30,40,50,70,TRUE,FALSE,NAU,2026-09-30,Copycat
New York,NY,1,wk inc rsv hosp,hosp,2026-10-03,2026-10-10,NAU-Copycat,8,14,20,28,42,58,91.02499999999998,8,10,20,30,40,60,90,TRUE,FALSE,NAU,2026-09-30,Copycat
New York,NY,2,wk inc rsv hosp,hosp,2026-10-03,2026-10-17,NAU-Copycat,8,14,21,32.5,51,76,120,8,10,20,30,50,80,120,TRUE,FALSE,NAU,2026-09-30,Copycat
New York,NY,0,wk inc rsv prop ed visits,prop_ed,2026-10-03,2026-10-03,NAU-Copycat,5.046096409586789e-5,1.491636346353326e-4,2.1720859297139322e-4,2.8474647858741167e-4,3.654818057349959e-4,4.455279746801538e-4,5.802447775572163e-4,5e-5,1.5e-4,2.2e-4,2.8e-4,3.7e-4,4.5e-4,5.8e-4,TRUE,FALSE,NAU,2026-09-30,Copycat
New York,NY,1,wk inc rsv prop ed visits,prop_ed,2026-10-03,2026-10-10,NAU-Copycat,6.81132723276948e-5,1.6761259217943546e-4,2.560745585824347e-4,3.6734338823466925e-4,4.8622262000280877e-4,6.282470529003709e-4,8.348565348643959e-4,6.8e-5,1.7e-4,2.6e-4,3.7e-4,4.9e-4,6.3e-4,8.3e-4,TRUE,FALSE,NAU,2026-09-30,Copycat
New York,NY,2,wk inc rsv prop ed visits,prop_ed,2026-10-03,2026-10-17,NAU-Copycat,9.79973923512511e-5,2.1529427487966015e-4,3.1592046518188175e-4,4.658099472816995e-4,6.513113409363077e-4,9.056840659666752e-4,0.001143604014630373,9.8e-5,2.2e-4,3.2e-4,4.7e-4,6.5e-4,9.1e-4,0.0011,TRUE,FALSE,NAU,2026-09-30,Copycat
New York,NY,0,wk inc rsv hosp,hosp,2026-10-03,2026-10-03,UGA_flucast-INFLAenza,15,19,23,29,35,42,51,20,20,20,30,40,40,50,TRUE,FALSE,UGA_flucast,2026-09-30,INFLAenza
New York,NY,1,wk inc rsv hosp,hosp,2026-10-03,2026-10-10,UGA_flucast-INFLAenza,16,21,27,34,44,53,66,20,20,30,30,40,50,70,TRUE,FALSE,UGA_flucast,2026-09-30,INFLAenza
New York,NY,2,wk inc rsv hosp,hosp,2026-10-03,2026-10-17,UGA_flucast-INFLAenza,17,23,30,40,51,65,86,20,20,30,40,50,70,90,TRUE,FALSE,UGA_flucast,2026-09-30,INFLAenza
New York,NY,0,wk inc rsv prop ed visits,prop_ed,2026-10-03,2026-10-03,UGA_flucast-INFLAenza,2.38797333326522e-5,5.846857252420474e-5,1.1347096746314945e-4,2.0350355901324667e-4,3.3029614140971065e-4,4.764666450890789e-4,6.856942774019809e-4,2.4e-5,5.8e-5,1.1e-4,2e-4,3.3e-4,4.8e-4,6.9e-4,TRUE,FALSE,UGA_flucast,2026-09-30,INFLAenza
New York,NY,1,wk inc rsv prop ed visits,prop_ed,2026-10-03,2026-10-10,UGA_flucast-INFLAenza,3.485383885665124e-5,7.757882091446688e-5,1.4049314087055816e-4,2.3886075275425056e-4,3.8191725802936427e-4,5.361219819684613e-4,7.463238771946033e-4,3.5e-5,7.8e-5,1.4e-4,2.4e-4,3.8e-4,5.4e-4,7.5e-4,TRUE,FALSE,UGA_flucast,2026-09-30,INFLAenza
New York,NY,2,wk inc rsv prop ed visits,prop_ed,2026-10-03,2026-10-17,UGA_flucast-INFLAenza,4.477588472698076e-5,9.579506086369627e-5,1.73128932686697e-4,2.9128868886554523e-4,4.4490505459353466e-4,6.154384458153486e-4,8.62311393017058e-4,4.5e-5,9.6e-5,1.7e-4,2.9e-4,4.4e-4,6.2e-4,8.6e-4,TRUE,FALSE,UGA_flucast,2026-09-30,INFLAenza
New York,NY,0,wk inc rsv hosp,hosp,2026-10-03,2026-10-03,RSVHub-ensemble,11.217275889935047,15.076498766130852,18.43974483056411,24.5,34.5,43,52.5,10,20,20,20,30,40,50,FALSE,TRUE,RSVHub,2026-09-30,Ensemble using RSVHub forecast submissions
New York,NY,1,wk inc rsv hosp,hosp,2026-10-03,2026-10-10,RSVHub-ensemble,11.516109412624395,16.550874212796586,21.63597725503547,27.849845339629706,40.5,55.5,71,10,20,20,30,40,60,70,FALSE,TRUE,RSVHub,2026-09-30,Ensemble using RSVHub forecast submissions
New York,NY,2,wk inc rsv hosp,hosp,2026-10-03,2026-10-17,RSVHub-ensemble,11.5,18,25.5,34.34364239593103,49,70.5,103,10,20,30,30,50,70,100,FALSE,TRUE,RSVHub,2026-09-30,Ensemble using RSVHub forecast submissions
New York,NY,0,wk inc rsv prop ed visits,prop_ed,2026-10-03,2026-10-03,RSVHub-ensemble,9.039464583984519e-5,1.505753882412557e-4,1.944730859165167e-4,2.4412501880032917e-4,3.3521174300003766e-4,4.225928598786177e-4,5.313670503431264e-4,9e-5,1.5e-4,1.9e-4,2.4e-4,3.4e-4,4.2e-4,5.3e-4,FALSE,TRUE,RSVHub,2026-09-30,Ensemble using RSVHub forecast submissions
New York,NY,1,wk inc rsv prop ed visits,prop_ed,2026-10-03,2026-10-10,RSVHub-ensemble,1.0173736069437505e-4,1.6481542166794884e-4,2.231187294064705e-4,3.031020704944599e-4,4.327509286646547e-4,5.821845174344161e-4,7.846612236596488e-4,1e-4,1.6e-4,2.2e-4,3e-4,4.3e-4,5.8e-4,7.8e-4,FALSE,TRUE,RSVHub,2026-09-30,Ensemble using RSVHub forecast submissions
New York,NY,2,wk inc rsv prop ed visits,prop_ed,2026-10-03,2026-10-17,RSVHub-ensemble,1.2135903867952783e-4,1.9473729097901695e-4,2.6273791585289366e-4,3.785493180736224e-4,5.481081977649213e-4,7.605612558910118e-4,0.0010029577038237155,1.2e-4,1.9e-4,2.6e-4,3.8e-4,5.5e-4,7.6e-4,0.001,FALSE,TRUE,RSVHub,2026-09-30,Ensemble using RSVHub forecast submissions
North Carolina,NC,0,wk inc rsv hosp,hosp,2026-10-03,2026-10-03,CEPH-Rtrend_rsv,1,4,5,10,12,16,21,1,4,5,10,10,20,20,TRUE,FALSE,CEPH Lab at Indiana University,2026-09-30,Rtrend RSV
North Carolina,NC,1,wk inc rsv hosp,hosp,2026-10-03,2026-10-10,CEPH-Rtrend_rsv,1,4,5,10,14,19,26,1,4,5,10,10,20,30,TRUE,FALSE,CEPH Lab at Indiana University,2026-09-30,Rtrend RSV
North Carolina,NC,2,wk inc rsv hosp,hosp,2026-10-03,2026-10-17,CEPH-Rtrend_rsv,0,1,5,10,15,22,32,0,1,5,10,20,20,30,TRUE,FALSE,CEPH Lab at Indiana University,2026-09-30,Rtrend RSV
North Carolina,NC,0,wk inc rsv prop ed visits,prop_ed,2026-10-03,2026-10-03,CFA-NowcastAutoGP,2.244925476776624e-4,2.681570150290013e-4,3.1484199150880947e-4,3.66547169481096e-4,4.2779683341709644e-4,4.966066276233198e-4,5.88534332088155e-4,2.2e-4,2.7e-4,3.1e-4,3.7e-4,4.3e-4,5e-4,5.9e-4,TRUE,FALSE,Center for Forecasting and Outbreak Analytics (CDC/CFA),2026-09-30,NowcastAutoGP
North Carolina,NC,1,wk inc rsv prop ed visits,prop_ed,2026-10-03,2026-10-10,CFA-NowcastAutoGP,2.168336355665561e-4,2.6730108557505074e-4,3.2391476938232024e-4,3.939209439140643e-4,4.834179854906039e-4,5.729163994536756e-4,6.875179832196817e-4,2.2e-4,2.7e-4,3.2e-4,3.9e-4,4.8e-4,5.7e-4,6.9e-4,TRUE,FALSE,Center for Forecasting and Outbreak Analytics (CDC/CFA),2026-09-30,NowcastAutoGP
North Carolina,NC,2,wk inc rsv prop ed visits,prop_ed,2026-10-03,2026-10-17,CFA-NowcastAutoGP,2.176291850320459e-4,2.791164375234467e-4,3.4384426688792793e-4,4.313296837559411e-4,5.434731725484424e-4,6.596577330647938e-4,8.483409935320763e-4,2.2e-4,2.8e-4,3.4e-4,4.3e-4,5.4e-4,6.6e-4,8.5e-4,TRUE,FALSE,Center for Forecasting and Outbreak Analytics (CDC/CFA),2026-09-30,NowcastAutoGP
North Carolina,NC,0,wk inc rsv prop ed visits,prop_ed,2026-10-03,2026-10-03,CFA-PyRenew_E,2.0445721859538622e-4,2.5110184824922064e-4,3.015013257420128e-4,3.6374613500119737e-4,4.2922821228760956e-4,4.918997630601054e-4,5.610906958021362e-4,2e-4,2.5e-4,3e-4,3.6e-4,4.3e-4,4.9e-4,5.6e-4,TRUE,FALSE,Center for Forecasting and Outbreak Analytics (CDC/CFA),2026-09-30,PyRenew-E
North Carolina,NC,1,wk inc rsv prop ed visits,prop_ed,2026-10-03,2026-10-10,CFA-PyRenew_E,1.7137420938336564e-4,2.3072054554144604e-4,2.9690300574869904e-4,3.7954859890259587e-4,4.7734078578431916e-4,5.878145070805142e-4,7.463946291682011e-4,1.7e-4,2.3e-4,3e-4,3.8e-4,4.8e-4,5.9e-4,7.5e-4,TRUE,FALSE,Center for Forecasting and Outbreak Analytics (CDC/CFA),2026-09-30,PyRenew-E
North Carolina,NC,2,wk inc rsv prop ed visits,prop_ed,2026-10-03,2026-10-17,CFA-PyRenew_E,1.3109999382064947e-4,2.013477069725924e-4,2.8235257657172573e-4,3.9839725741805973e-4,5.444385661870966e-4,7.580070854115242e-4,0.001112641507793131,1.3e-4,2e-4,2.8e-4,4e-4,5.4e-4,7.6e-4,0.0011,TRUE,FALSE,Center for Forecasting and Outbreak Analytics (CDC/CFA),2026-09-30,PyRenew-E
North Carolina,NC,0,wk inc rsv hosp,hosp,2026-10-03,2026-10-03,CFA-PyRenew_H,2,3,5,7,10,14,18,2,3,5,7,10,10,20,FALSE,FALSE,Center for Forecasting and Outbreak Analytics (CDC/CFA),2026-09-30,PyRenew-H
North Carolina,NC,1,wk inc rsv hosp,hosp,2026-10-03,2026-10-10,CFA-PyRenew_H,1,3,4,7,11,16,25,1,3,4,7,10,20,30,FALSE,FALSE,Center for Forecasting and Outbreak Analytics (CDC/CFA),2026-09-30,PyRenew-H
North Carolina,NC,2,wk inc rsv hosp,hosp,2026-10-03,2026-10-17,CFA-PyRenew_H,0,2,4,7,12,20,32,0,2,4,7,10,20,30,FALSE,FALSE,Center for Forecasting and Outbreak Analytics (CDC/CFA),2026-09-30,PyRenew-H
North Carolina,NC,0,wk inc rsv hosp,hosp,2026-10-03,2026-10-03,CFA-PyRenew_HE,4,6,8,10,13,16,20,4,6,8,10,10,20,20,TRUE,FALSE,Center for Forecasting and Outbreak Analytics (CDC/CFA),2026-09-30,PyRenew-HE
North Carolina,NC,1,wk inc rsv hosp,hosp,2026-10-03,2026-10-10,CFA-PyRenew_HE,4,5,7,10,14,18,24,4,5,7,10,10,20,20,TRUE,FALSE,Center for Forecasting and Outbreak Analytics (CDC/CFA),2026-09-30,PyRenew-HE
North Carolina,NC,2,wk inc rsv hosp,hosp,2026-10-03,2026-10-17,CFA-PyRenew_HE,3,5,7,11,16,22,35.024999999999864,3,5,7,10,20,20,40,TRUE,FALSE,Center for Forecasting and Outbreak Analytics (CDC/CFA),2026-09-30,PyRenew-HE
North Carolina,NC,0,wk inc rsv prop ed visits,prop_ed,2026-10-03,2026-10-03,CFA-PyRenew_HE,1.8137392505030838e-4,2.284591242169049e-4,2.7010038187359807e-4,3.267515834896902e-4,3.8563291781364107e-4,4.4508402234144813e-4,5.153331429018672e-4,1.8e-4,2.3e-4,2.7e-4,3.3e-4,3.9e-4,4.5e-4,5.2e-4,FALSE,FALSE,Center for Forecasting and Outbreak Analytics (CDC/CFA),2026-09-30,PyRenew-HE
North Carolina,NC,1,wk inc rsv prop ed visits,prop_ed,2026-10-03,2026-10-10,CFA-PyRenew_HE,1.5275042463066464e-4,2.074852103312038e-4,2.6075338292201264e-4,3.328281608327893e-4,4.2041953007334665e-4,5.175801787877597e-4,6.716665420719572e-4,1.5e-4,2.1e-4,2.6e-4,3.3e-4,4.2e-4,5.2e-4,6.7e-4,FALSE,FALSE,Center for Forecasting and Outbreak Analytics (CDC/CFA),2026-09-30,PyRenew-HE
North Carolina,NC,2,wk inc rsv prop ed visits,prop_ed,2026-10-03,2026-10-17,CFA-PyRenew_HE,1.0985893364588564e-4,1.675268382928734e-4,2.3787461255099968e-4,3.364533436389254e-4,4.726166082243848e-4,6.476851964151518e-4,9.60328497216295e-4,1.1e-4,1.7e-4,2.4e-4,3.4e-4,4.7e-4,6.5e-4,9.6e-4,FALSE,FALSE,Center for Forecasting and Outbreak Analytics (CDC/CFA),2026-09-30,PyRenew-HE
North Carolina,NC,0,wk inc rsv hosp,hosp,2026-10-03,2026-10-03,NAU-epymorph,0,0,3,7,11,17,27,0,0,3,7,10,20,30,TRUE,FALSE,Northern Arizona University,2026-09-30,epymorph RSV compartmental model
North Carolina,NC,1,wk inc rsv hosp,hosp,2026-10-03,2026-10-10,NAU-epymorph,0,0,3,7,13,21,43,0,0,3,7,10,20,40,TRUE,FALSE,Northern Arizona University,2026-09-30,epymorph RSV compartmental model
North Carolina,NC,2,wk inc rsv hosp,hosp,2026-10-03,2026-10-17,NAU-epymorph,0,0,3,8,16,29,62,0,0,3,8,20,30,60,TRUE,FALSE,Northern Arizona University,2026-09-30,epymorph RSV compartmental model
North Carolina,NC,0,wk inc rsv hosp,hosp,2026-10-03,2026-10-03,RSVHub-baseline,0,0,0,6,17.250000000000007,42.7,108.0499999999998,0,0,0,6,20,40,110,FALSE,FALSE,RSVHub-hub-models,2026-09-30,RSVHub baseline model
North Carolina,NC,1,wk inc rsv hosp,hosp,2026-10-03,2026-10-10,RSVHub-baseline,0,0,0,6,28.440084400844015,62.99226392263919,142.03231782317707,0,0,0,6,30,60,140,FALSE,FALSE,RSVHub-hub-models,2026-09-30,RSVHub baseline model
North Carolina,NC,2,wk inc rsv hosp,hosp,2026-10-03,2026-10-17,RSVHub-baseline,0,0,0,6,36.34611346113462,83.80836608366091,170.3257395073951,0,0,0,6,40,80,170,FALSE,FALSE,RSVHub-hub-models,2026-09-30,RSVHub baseline model
North Carolina,NC,0,wk inc rsv prop ed visits,prop_ed,2026-10-03,2026-10-03,RSVHub-baseline,0,0,1.0000000000000005e-4,3e-4,4.999999999999999e-4,0.0012,0.0026624999999999978,0,0,1e-4,3e-4,5e-4,0.0012,0.0027,FALSE,FALSE,RSVHub-hub-models,2026-09-30,RSVHub baseline model
North Carolina,NC,1,wk inc rsv prop ed visits,prop_ed,2026-10-03,2026-10-10,RSVHub-baseline,0,0,0,3e-4,8.999999999999997e-4,0.001900000000000001,0.003502163996639963,0,0,0,3e-4,9e-4,0.0019,0.0035,FALSE,FALSE,RSVHub-hub-models,2026-09-30,RSVHub baseline model
North Carolina,NC,2,wk inc rsv prop ed visits,prop_ed,2026-10-03,2026-10-17,RSVHub-baseline,0,0,0,2.999999999999999e-4,0.0011522630226302232,0.002348881888818889,0.004305599155991556,0,0,0,3e-4,0.0012,0.0023,0.0043,FALSE,FALSE,RSVHub-hub-models,2026-09-30,RSVHub baseline model
North Carolina,NC,0,wk inc rsv hosp,hosp,2026-10-03,2026-10-03,docxology-timesfm,1.9600697659031256,2.7884338971181832,4.896517787445946,5.5931173875348925,6.493164068621324,9.732356189622141,14.925429064451162,2,3,5,6,6,10,10,TRUE,FALSE,docxology,2026-09-30,docxology timesfm
North Carolina,NC,1,wk inc rsv hosp,hosp,2026-10-03,2026-10-10,docxology-timesfm,1.4359464575305052,2.0121029537240416,3.9893519417268326,6.204675771801367,7.7427832010647775,9.245099431930088,14.630773270930277,1,2,4,6,8,9,10,TRUE,FALSE,docxology,2026-09-30,docxology timesfm
North Carolina,NC,2,wk inc rsv hosp,hosp,2026-10-03,2026-10-17,docxology-timesfm,4.12557831386467,4.52455093490485,8.7170473803082,13.219920934274935,16.85814710250095,22.694142942104882,35.37674322887325,4,5,9,10,20,20,40,TRUE,FALSE,docxology,2026-09-30,docxology timesfm
North Carolina,NC,0,wk inc rsv hosp,hosp,2026-10-03,2026-10-03,NAU-Copycat,1,2,4,7,12,18,29,1,2,4,7,10,20,30,TRUE,FALSE,NAU,2026-09-30,Copycat
North Carolina,NC,1,wk inc rsv hosp,hosp,2026-10-03,2026-10-10,NAU-Copycat,1,3,5,8,15,25,41.02499999999998,1,3,5,8,20,30,40,TRUE,FALSE,NAU,2026-09-30,Copycat
North Carolina,NC,2,wk inc rsv hosp,hosp,2026-10-03,2026-10-17,NAU-Copycat,0.9750000000000014,2,5,10,19,33,61.02499999999998,1,2,5,10,20,30,60,TRUE,FALSE,NAU,2026-09-30,Copycat
North Carolina,NC,0,wk inc rsv prop ed visits,prop_ed,2026-10-03,2026-10-03,NAU-Copycat,1.0506970421871083e-4,1.1944928520475524e-4,3.1822816685247735e-4,4.835454143235396e-4,5.546628224293575e-4,6.203934191471349e-4,7.637560997483953e-4,1.1e-4,1.2e-4,3.2e-4,4.8e-4,5.5e-4,6.2e-4,7.6e-4,TRUE,FALSE,NAU,2026-09-30,Copycat
North Carolina,NC,1,wk inc rsv prop ed visits,prop_ed,2026-10-03,2026-10-10,NAU-Copycat,1.0964076957122574e-4,2.9387063336795417e-4,3.344385312613029e-4,5.14599917289621e-4,6.185400386667212e-4,7.598414444523695e-4,8.484702800890683e-4,1.1e-4,2.9e-4,3.3e-4,5.1e-4,6.2e-4,7.6e-4,8.5e-4,TRUE,FALSE,NAU,2026-09-30,Copycat
North Carolina,NC,2,wk inc rsv prop ed visits,prop_ed,2026-10-03,2026-10-17,NAU-Copycat,2.7369821887431213e-4,3.118835450048432e-4,3.578400129370886e-4,5.269137231178657e-4,7.907419537489482e-4,0.0010991087562110902,0.0014206134263234599,2.7e-4,3.1e-4,3.6e-4,5.3e-4,7.9e-4,0.0011,0.0014,TRUE,FALSE,NAU,2026-09-30,Copycat
North Carolina,NC,0,wk inc rsv hosp,hosp,2026-10-03,2026-10-03,UGA_flucast-INFLAenza,3,5,7,9,12,15,19,3,5,7,9,10,20,20,TRUE,FALSE,UGA_flucast,2026-09-30,INFLAenza
North Carolina,NC,1,wk inc rsv hosp,hosp,2026-10-03,2026-10-10,UGA_flucast-INFLAenza,3,5,8,11,14,19,24,3,5,8,10,10,20,20,TRUE,FALSE,UGA_flucast,2026-09-30,INFLAenza
North Carolina,NC,2,wk inc rsv hosp,hosp,2026-10-03,2026-10-17,UGA_flucast-INFLAenza,4,6,9,13,17,23,30,4,6,9,10,20,20,30,TRUE,FALSE,UGA_flucast,2026-09-30,INFLAenza
North Carolina,NC,0,wk inc rsv prop ed visits,prop_ed,2026-10-03,2026-10-03,UGA_flucast-INFLAenza,9.606937225427345e-5,1.7495197611711204e-4,2.680301603709673e-4,4.0664691791853625e-4,5.888537546798546e-4,7.843489994485107e-4,0.0010411370388460682,9.6e-5,1.7e-4,2.7e-4,4.1e-4,5.9e-4,7.8e-4,0.001,TRUE,FALSE,UGA_flucast,2026-09-30,INFLAenza
North Carolina,NC,1,wk inc rsv prop ed visits,prop_ed,2026-10-03,2026-10-10,UGA_flucast-INFLAenza,1.107209459588635e-4,1.9076941964327638e-4,3.056491834018814e-4,4.694802671410029e-4,6.779444212568569e-4,9.00401897235401e-4,0.001213296880119981,1.1e-4,1.9e-4,3.1e-4,4.7e-4,6.8e-4,9e-4,0.0012,TRUE,FALSE,UGA_flucast,2026-09-30,INFLAenza
North Carolina,NC,2,wk inc rsv prop ed visits,prop_ed,2026-10-03,2026-10-17,UGA_flucast-INFLAenza,1.3854504895768858e-4,2.444106483626837e-4,3.663945867999734e-4,5.506806505629698e-4,7.883298769675805e-4,0.00103412799743022,0.0014025657729245828,1.4e-4,2.4e-4,3.7e-4,5.5e-4,7.9e-4,0.001,0.0014,TRUE,FALSE,UGA_flucast,2026-09-30,INFLAenza
North Carolina,NC,0,wk inc rsv hosp,hosp,2026-10-03,2026-10-03,RSVHub-ensemble,1.4800348829515628,3.394216948559092,4.948258893722973,8,12,16,20.5,1,3,5,8,10,20,20,FALSE,TRUE,RSVHub,2026-09-30,Ensemble using RSVHub forecast submissions
North Carolina,NC,1,wk inc rsv hosp,hosp,2026-10-03,2026-10-10,RSVHub-ensemble,1.2179732287652527,3.5,5,9,14,19,25,1,4,5,9,10,20,30,FALSE,TRUE,RSVHub,2026-09-30,Ensemble using RSVHub forecast submissions
North Carolina,NC,2,wk inc rsv hosp,hosp,2026-10-03,2026-10-17,RSVHub-ensemble,1.9875000000000007,3.262275467452425,6,10.5,16.429073551250475,22.84707147105244,35.20087161443656,2,3,6,10,20,20,40,FALSE,TRUE,RSVHub,2026-09-30,Ensemble using RSVHub forecast submissions
North Carolina,NC,0,wk inc rsv prop ed visits,prop_ed,2026-10-03,2026-10-03,RSVHub-ensemble,1.547634614070485e-4,2.1302691218316635e-4,3.0817165862541114e-4,3.8659704369981614e-4,4.919455173584836e-4,5.585000233852273e-4,6.761452159182752e-4,1.5e-4,2.1e-4,3.1e-4,3.9e-4,4.9e-4,5.6e-4,6.8e-4,FALSE,TRUE,RSVHub,2026-09-30,Ensemble using RSVHub forecast submissions
North Carolina,NC,1,wk inc rsv prop ed visits,prop_ed,2026-10-03,2026-10-10,RSVHub-ensemble,1.4104757767111458e-4,2.490108155582484e-4,3.1478197639210083e-4,4.317006055275336e-4,5.509790120786626e-4,6.738279757664418e-4,7.974324546286347e-4,1.4e-4,2.5e-4,3.1e-4,4.3e-4,5.5e-4,6.7e-4,8e-4,FALSE,TRUE,RSVHub,2026-09-30,Ensemble using RSVHub forecast submissions
North Carolina,NC,2,wk inc rsv prop ed visits,prop_ed,2026-10-03,2026-10-17,RSVHub-ensemble,1.7808711699486725e-4,2.617635429430652e-4,3.5084213991250826e-4,4.791217034369034e-4,6.663842215773386e-4,8.960675414208721e-4,0.001257603640358857,1.8e-4,2.6e-4,3.5e-4,4.8e-4,6.7e-4,9e-4,0.0013,FALSE,TRUE,RSVHub,2026-09-30,Ensemble using RSVHub forecast submissions
North Dakota,ND,0,wk inc rsv hosp,hosp,2026-10-03,2026-10-03,CEPH-Rtrend_rsv,0,1,1,1,2,2,3,0,1,1,1,2,2,3,TRUE,FALSE,CEPH Lab at Indiana University,2026-09-30,Rtrend RSV
North Dakota,ND,1,wk inc rsv hosp,hosp,2026-10-03,2026-10-10,CEPH-Rtrend_rsv,0,1,1,1,2,3,4,0,1,1,1,2,3,4,TRUE,FALSE,CEPH Lab at Indiana University,2026-09-30,Rtrend RSV
North Dakota,ND,2,wk inc rsv hosp,hosp,2026-10-03,2026-10-17,CEPH-Rtrend_rsv,0,0,1,2,3,5,8,0,0,1,2,3,5,8,TRUE,FALSE,CEPH Lab at Indiana University,2026-09-30,Rtrend RSV
North Dakota,ND,0,wk inc rsv prop ed visits,prop_ed,2026-10-03,2026-10-03,CFA-NowcastAutoGP,0,0,0,2.8735808808754775e-5,8.5691823696742e-5,1.5705331478379266e-4,2.830000900270993e-4,0,0,0,2.9e-5,8.6e-5,1.6e-4,2.8e-4,TRUE,FALSE,Center for Forecasting and Outbreak Analytics (CDC/CFA),2026-09-30,NowcastAutoGP
North Dakota,ND,1,wk inc rsv prop ed visits,prop_ed,2026-10-03,2026-10-10,CFA-NowcastAutoGP,0,0,0,2.9304170196705544e-5,8.622381121516472e-5,1.791216805304657e-4,3.4439227766813534e-4,0,0,0,2.9e-5,8.6e-5,1.8e-4,3.4e-4,TRUE,FALSE,Center for Forecasting and Outbreak Analytics (CDC/CFA),2026-09-30,NowcastAutoGP
North Dakota,ND,2,wk inc rsv prop ed visits,prop_ed,2026-10-03,2026-10-17,CFA-NowcastAutoGP,0,0,0,3.1666407954286364e-5,1.0419965084787017e-4,2.095662485004997e-4,4.202917851051481e-4,0,0,0,3.2e-5,1e-4,2.1e-4,4.2e-4,TRUE,FALSE,Center for Forecasting and Outbreak Analytics (CDC/CFA),2026-09-30,NowcastAutoGP
North Dakota,ND,0,wk inc rsv prop ed visits,prop_ed,2026-10-03,2026-10-03,CFA-PyRenew_E,0,0,0,0,1.525588832776682e-4,3.061089366484535e-4,6.071062945781004e-4,0,0,0,0,1.5e-4,3.1e-4,6.1e-4,TRUE,FALSE,Center for Forecasting and Outbreak Analytics (CDC/CFA),2026-09-30,PyRenew-E
North Dakota,ND,1,wk inc rsv prop ed visits,prop_ed,2026-10-03,2026-10-10,CFA-PyRenew_E,0,0,0,0,1.5587335576596693e-4,4.397804775435722e-4,8.6688651216961e-4,0,0,0,0,1.6e-4,4.4e-4,8.7e-4,TRUE,FALSE,Center for Forecasting and Outbreak Analytics (CDC/CFA),2026-09-30,PyRenew-E
North Dakota,ND,2,wk inc rsv prop ed visits,prop_ed,2026-10-03,2026-10-17,CFA-PyRenew_E,0,0,0,0,2.918315956841367e-4,5.946274909995782e-4,0.0014296968229556425,0,0,0,0,2.9e-4,5.9e-4,0.0014,TRUE,FALSE,Center for Forecasting and Outbreak Analytics (CDC/CFA),2026-09-30,PyRenew-E
North Dakota,ND,0,wk inc rsv hosp,hosp,2026-10-03,2026-10-03,CFA-PyRenew_H,0,0,0,0,0,0,1,0,0,0,0,0,0,1,FALSE,FALSE,Center for Forecasting and Outbreak Analytics (CDC/CFA),2026-09-30,PyRenew-H
North Dakota,ND,1,wk inc rsv hosp,hosp,2026-10-03,2026-10-10,CFA-PyRenew_H,0,0,0,0,0,0,1,0,0,0,0,0,0,1,FALSE,FALSE,Center for Forecasting and Outbreak Analytics (CDC/CFA),2026-09-30,PyRenew-H
North Dakota,ND,2,wk inc rsv hosp,hosp,2026-10-03,2026-10-17,CFA-PyRenew_H,0,0,0,0,0,0,2,0,0,0,0,0,0,2,FALSE,FALSE,Center for Forecasting and Outbreak Analytics (CDC/CFA),2026-09-30,PyRenew-H
North Dakota,ND,0,wk inc rsv hosp,hosp,2026-10-03,2026-10-03,CFA-PyRenew_HE,0,0,0,0,1,1,2,0,0,0,0,1,1,2,TRUE,FALSE,Center for Forecasting and Outbreak Analytics (CDC/CFA),2026-09-30,PyRenew-HE
North Dakota,ND,1,wk inc rsv hosp,hosp,2026-10-03,2026-10-10,CFA-PyRenew_HE,0,0,0,0,1,1,3,0,0,0,0,1,1,3,TRUE,FALSE,Center for Forecasting and Outbreak Analytics (CDC/CFA),2026-09-30,PyRenew-HE
North Dakota,ND,2,wk inc rsv hosp,hosp,2026-10-03,2026-10-17,CFA-PyRenew_HE,0,0,0,0,1,2,5,0,0,0,0,1,2,5,TRUE,FALSE,Center for Forecasting and Outbreak Analytics (CDC/CFA),2026-09-30,PyRenew-HE
North Dakota,ND,0,wk inc rsv prop ed visits,prop_ed,2026-10-03,2026-10-03,CFA-PyRenew_HE,0,0,0,0,1.5019621741208913e-4,2.9670415773434724e-4,4.5514937464333975e-4,0,0,0,0,1.5e-4,3e-4,4.6e-4,FALSE,FALSE,Center for Forecasting and Outbreak Analytics (CDC/CFA),2026-09-30,PyRenew-HE
North Dakota,ND,1,wk inc rsv prop ed visits,prop_ed,2026-10-03,2026-10-10,CFA-PyRenew_HE,0,0,0,0,1.5189011363647226e-4,3.0624901403927276e-4,6.073458190366934e-4,0,0,0,0,1.5e-4,3.1e-4,6.1e-4,FALSE,FALSE,Center for Forecasting and Outbreak Analytics (CDC/CFA),2026-09-30,PyRenew-HE
North Dakota,ND,2,wk inc rsv prop ed visits,prop_ed,2026-10-03,2026-10-17,CFA-PyRenew_HE,0,0,0,0,1.566165530066696e-4,4.350420584607995e-4,9.936459019025251e-4,0,0,0,0,1.6e-4,4.4e-4,9.9e-4,FALSE,FALSE,Center for Forecasting and Outbreak Analytics (CDC/CFA),2026-09-30,PyRenew-HE
North Dakota,ND,0,wk inc rsv hosp,hosp,2026-10-03,2026-10-03,NAU-epymorph,0,0,0,0,0,2,4,0,0,0,0,0,2,4,TRUE,FALSE,Northern Arizona University,2026-09-30,epymorph RSV compartmental model
North Dakota,ND,1,wk inc rsv hosp,hosp,2026-10-03,2026-10-10,NAU-epymorph,0,0,0,0,0,2,7,0,0,0,0,0,2,7,TRUE,FALSE,Northern Arizona University,2026-09-30,epymorph RSV compartmental model
North Dakota,ND,2,wk inc rsv hosp,hosp,2026-10-03,2026-10-17,NAU-epymorph,0,0,0,0,0,3,11,0,0,0,0,0,3,10,TRUE,FALSE,Northern Arizona University,2026-09-30,epymorph RSV compartmental model
North Dakota,ND,0,wk inc rsv hosp,hosp,2026-10-03,2026-10-03,RSVHub-baseline,0,0,0,0,1,3.4999999999999947,8,0,0,0,0,1,4,8,FALSE,FALSE,RSVHub-hub-models,2026-09-30,RSVHub baseline model
North Dakota,ND,1,wk inc rsv hosp,hosp,2026-10-03,2026-10-10,RSVHub-baseline,0,0,0,0,2,6,11.214938149381497,0,0,0,0,2,6,10,FALSE,FALSE,RSVHub-hub-models,2026-09-30,RSVHub baseline model
North Dakota,ND,2,wk inc rsv hosp,hosp,2026-10-03,2026-10-17,RSVHub-baseline,0,0,0,0,3,7.934397343973417,14,0,0,0,0,3,8,10,FALSE,FALSE,RSVHub-hub-models,2026-09-30,RSVHub baseline model
North Dakota,ND,0,wk inc rsv prop ed visits,prop_ed,2026-10-03,2026-10-03,RSVHub-baseline,0,0,0,0,2.999999999999999e-4,0.0012000000000000001,0.0037874999999999957,0,0,0,0,3e-4,0.0012,0.0038,FALSE,FALSE,RSVHub-hub-models,2026-09-30,RSVHub baseline model
North Dakota,ND,1,wk inc rsv prop ed visits,prop_ed,2026-10-03,2026-10-10,RSVHub-baseline,0,0,0,0,6.97427974279742e-4,0.001999999999999999,0.005863243057430559,0,0,0,0,7e-4,0.002,0.0059,FALSE,FALSE,RSVHub-hub-models,2026-09-30,RSVHub baseline model
North Dakota,ND,2,wk inc rsv prop ed visits,prop_ed,2026-10-03,2026-10-17,RSVHub-baseline,0,0,0,0,0.001,0.002799999999999999,0.006388136756367551,0,0,0,0,0.001,0.0028,0.0064,FALSE,FALSE,RSVHub-hub-models,2026-09-30,RSVHub baseline model
North Dakota,ND,0,wk inc rsv hosp,hosp,2026-10-03,2026-10-03,docxology-timesfm,0,0,0,0.17683429489821523,0.2971443978020858,0.9213045736261649,1.5929209080602709,0,0,0,0,0,1,2,TRUE,FALSE,docxology,2026-09-30,docxology timesfm
North Dakota,ND,1,wk inc rsv hosp,hosp,2026-10-03,2026-10-10,docxology-timesfm,0,0,0,0.1961991584320968,0.5105389494950816,0.7921101757933477,1.5035624694085448,0,0,0,0,1,1,2,TRUE,FALSE,docxology,2026-09-30,docxology timesfm
North Dakota,ND,2,wk inc rsv hosp,hosp,2026-10-03,2026-10-17,docxology-timesfm,0,0,0,0.13064217086893765,0.42791537419642056,0.6693094537849049,0.9698487272451293,0,0,0,0,0,1,1,TRUE,FALSE,docxology,2026-09-30,docxology timesfm
North Dakota,ND,0,wk inc rsv hosp,hosp,2026-10-03,2026-10-03,NAU-Copycat,0,0,0,0,1,1,3,0,0,0,0,1,1,3,TRUE,FALSE,NAU,2026-09-30,Copycat
North Dakota,ND,1,wk inc rsv hosp,hosp,2026-10-03,2026-10-10,NAU-Copycat,0,0,0,0,1,2,5,0,0,0,0,1,2,5,TRUE,FALSE,NAU,2026-09-30,Copycat
North Dakota,ND,2,wk inc rsv hosp,hosp,2026-10-03,2026-10-17,NAU-Copycat,0,0,0,1,2,3,7,0,0,0,1,2,3,7,TRUE,FALSE,NAU,2026-09-30,Copycat
North Dakota,ND,0,wk inc rsv prop ed visits,prop_ed,2026-10-03,2026-10-03,NAU-Copycat,0,0,0,1.9306172507479894e-5,8.178162596932007e-5,1.5619364234456458e-4,3.167442118095483e-4,0,0,0,1.9e-5,8.2e-5,1.6e-4,3.2e-4,TRUE,FALSE,NAU,2026-09-30,Copycat
North Dakota,ND,1,wk inc rsv prop ed visits,prop_ed,2026-10-03,2026-10-10,NAU-Copycat,0,0,0,3.6296901797694834e-5,1.2248649918166003e-4,2.458255852371563e-4,5.536145588971966e-4,0,0,0,3.6e-5,1.2e-4,2.5e-4,5.5e-4,TRUE,FALSE,NAU,2026-09-30,Copycat
North Dakota,ND,2,wk inc rsv prop ed visits,prop_ed,2026-10-03,2026-10-17,NAU-Copycat,0,0,0,6.524588523181179e-5,1.999109952280083e-4,3.9740092101810473e-4,8.569910991994626e-4,0,0,0,6.5e-5,2e-4,4e-4,8.6e-4,TRUE,FALSE,NAU,2026-09-30,Copycat
North Dakota,ND,0,wk inc rsv hosp,hosp,2026-10-03,2026-10-03,UGA_flucast-INFLAenza,0,0,0,0,1,1,2,0,0,0,0,1,1,2,TRUE,FALSE,UGA_flucast,2026-09-30,INFLAenza
North Dakota,ND,1,wk inc rsv hosp,hosp,2026-10-03,2026-10-10,UGA_flucast-INFLAenza,0,0,0,0,1,1,2,0,0,0,0,1,1,2,TRUE,FALSE,UGA_flucast,2026-09-30,INFLAenza
North Dakota,ND,2,wk inc rsv hosp,hosp,2026-10-03,2026-10-17,UGA_flucast-INFLAenza,0,0,0,0,1,1,2,0,0,0,0,1,1,2,TRUE,FALSE,UGA_flucast,2026-09-30,INFLAenza
North Dakota,ND,0,wk inc rsv prop ed visits,prop_ed,2026-10-03,2026-10-03,UGA_flucast-INFLAenza,5.053629357009185e-6,2.221652209455681e-5,5.5127315787950865e-5,1.1685015723493221e-4,2.1184303651474996e-4,3.382338288408155e-4,4.981360081951192e-4,5.1e-6,2.2e-5,5.5e-5,1.2e-4,2.1e-4,3.4e-4,5e-4,TRUE,FALSE,UGA_flucast,2026-09-30,INFLAenza
North Dakota,ND,1,wk inc rsv prop ed visits,prop_ed,2026-10-03,2026-10-10,UGA_flucast-INFLAenza,6.94227205787952e-6,2.5864477619590232e-5,6.112358934631439e-5,1.3019338833884764e-4,2.3162577912023432e-4,3.592011432399622e-4,5.285701964675709e-4,6.9e-6,2.6e-5,6.1e-5,1.3e-4,2.3e-4,3.6e-4,5.3e-4,TRUE,FALSE,UGA_flucast,2026-09-30,INFLAenza
North Dakota,ND,2,wk inc rsv prop ed visits,prop_ed,2026-10-03,2026-10-17,UGA_flucast-INFLAenza,7.493725977217231e-6,2.8829257696853725e-5,6.69479833843753e-5,1.398115526520945e-4,2.5038237005560243e-4,3.873441580443858e-4,5.729428953515067e-4,7.5e-6,2.9e-5,6.7e-5,1.4e-4,2.5e-4,3.9e-4,5.7e-4,TRUE,FALSE,UGA_flucast,2026-09-30,INFLAenza
North Dakota,ND,0,wk inc rsv hosp,hosp,2026-10-03,2026-10-03,RSVHub-ensemble,0,0,0,0,1,1,2.5,0,0,0,0,1,1,3,FALSE,TRUE,RSVHub,2026-09-30,Ensemble using RSVHub forecast submissions
North Dakota,ND,1,wk inc rsv hosp,hosp,2026-10-03,2026-10-10,RSVHub-ensemble,0,0,0,0,1,1.5,3.5,0,0,0,0,1,2,4,FALSE,TRUE,RSVHub,2026-09-30,Ensemble using RSVHub forecast submissions
North Dakota,ND,2,wk inc rsv hosp,hosp,2026-10-03,2026-10-17,RSVHub-ensemble,0,0,0,0.06532108543446882,1,2.5,6,0,0,0,0,1,3,6,FALSE,TRUE,RSVHub,2026-09-30,Ensemble using RSVHub forecast submissions
North Dakota,ND,0,wk inc rsv prop ed visits,prop_ed,2026-10-03,2026-10-03,RSVHub-ensemble,0,0,0,2.4020990658117334e-5,1.1912535348720509e-4,2.3158112571612308e-4,0.00040744011000233376,0,0,0,2.4e-5,1.2e-4,2.3e-4,4.1e-4,FALSE,TRUE,RSVHub,2026-09-30,Ensemble using RSVHub forecast submissions
North Dakota,ND,1,wk inc rsv prop ed visits,prop_ed,2026-10-03,2026-10-10,RSVHub-ensemble,0,0,0,3.280053599720019e-5,1.3917992747381348e-4,3.0251336423855926e-4,5.410923776823837e-4,0,0,0,3.3e-5,1.4e-4,3e-4,5.4e-4,FALSE,TRUE,RSVHub,2026-09-30,Ensemble using RSVHub forecast submissions
North Dakota,ND,2,wk inc rsv prop ed visits,prop_ed,2026-10-03,2026-10-17,RSVHub-ensemble,0,0,0,4.845614659304908e-5,2.2514668264180535e-4,3.923725395312453e-4,7.149669972754847e-4,0,0,0,4.8e-5,2.3e-4,3.9e-4,7.1e-4,FALSE,TRUE,RSVHub,2026-09-30,Ensemble using RSVHub forecast submissions
Ohio,OH,0,wk inc rsv hosp,hosp,2026-10-03,2026-10-03,CEPH-Rtrend_rsv,2,5,6,9,12,16,23,2,5,6,9,10,20,20,TRUE,FALSE,CEPH Lab at Indiana University,2026-09-30,Rtrend RSV
Ohio,OH,1,wk inc rsv hosp,hosp,2026-10-03,2026-10-10,CEPH-Rtrend_rsv,2,3,6,9,14,19,26,2,3,6,9,10,20,30,TRUE,FALSE,CEPH Lab at Indiana University,2026-09-30,Rtrend RSV
Ohio,OH,2,wk inc rsv hosp,hosp,2026-10-03,2026-10-17,CEPH-Rtrend_rsv,0,3,5,9,14,22,34,0,3,5,9,10,20,30,TRUE,FALSE,CEPH Lab at Indiana University,2026-09-30,Rtrend RSV
Ohio,OH,0,wk inc rsv prop ed visits,prop_ed,2026-10-03,2026-10-03,CFA-NowcastAutoGP,6.795634826334847e-5,8.54472490355889e-5,1.0460362254894102e-4,1.3124471502250592e-4,1.677988904466413e-4,2.0901437393025982e-4,2.826671014331236e-4,6.8e-5,8.5e-5,1e-4,1.3e-4,1.7e-4,2.1e-4,2.8e-4,TRUE,FALSE,Center for Forecasting and Outbreak Analytics (CDC/CFA),2026-09-30,NowcastAutoGP
Ohio,OH,1,wk inc rsv prop ed visits,prop_ed,2026-10-03,2026-10-10,CFA-NowcastAutoGP,7.15208956031362e-5,9.368118901924387e-5,1.2082451151041644e-4,1.587344380433252e-4,2.1001884261421925e-4,2.7415666071125086e-4,3.859302921262938e-4,7.2e-5,9.4e-5,1.2e-4,1.6e-4,2.1e-4,2.7e-4,3.9e-4,TRUE,FALSE,Center for Forecasting and Outbreak Analytics (CDC/CFA),2026-09-30,NowcastAutoGP
Ohio,OH,2,wk inc rsv prop ed visits,prop_ed,2026-10-03,2026-10-17,CFA-NowcastAutoGP,7.6021128179113e-5,1.0499697837805907e-4,1.3953453331930785e-4,1.893922545329218e-4,2.619568381923516e-4,3.570087626890352e-4,5.656804548686796e-4,7.6e-5,1e-4,1.4e-4,1.9e-4,2.6e-4,3.6e-4,5.7e-4,TRUE,FALSE,Center for Forecasting and Outbreak Analytics (CDC/CFA),2026-09-30,NowcastAutoGP
Ohio,OH,0,wk inc rsv prop ed visits,prop_ed,2026-10-03,2026-10-03,CFA-PyRenew_E,3.781416002701553e-5,5.7827467313152795e-5,7.921972975864659e-5,1.116163397714662e-4,1.4591162690500708e-4,1.849098701614273e-4,2.3013151518848327e-4,3.8e-5,5.8e-5,7.9e-5,1.1e-4,1.5e-4,1.8e-4,2.3e-4,TRUE,FALSE,Center for Forecasting and Outbreak Analytics (CDC/CFA),2026-09-30,PyRenew-E
Ohio,OH,1,wk inc rsv prop ed visits,prop_ed,2026-10-03,2026-10-10,CFA-PyRenew_E,3.686372407740772e-5,5.7834936643302376e-5,8.608330693541172e-5,1.2691300814897077e-4,1.7412265266807076e-4,2.3436456477193108e-4,3.428790434699655e-4,3.7e-5,5.8e-5,8.6e-5,1.3e-4,1.7e-4,2.3e-4,3.4e-4,TRUE,FALSE,Center for Forecasting and Outbreak Analytics (CDC/CFA),2026-09-30,PyRenew-E
Ohio,OH,2,wk inc rsv prop ed visits,prop_ed,2026-10-03,2026-10-17,CFA-PyRenew_E,2.872858288138292e-5,5.676644773253636e-5,8.859551559545338e-5,1.393764885833735e-4,2.173797832350441e-4,3.2677384682557834e-4,5.521428449544092e-4,2.9e-5,5.7e-5,8.9e-5,1.4e-4,2.2e-4,3.3e-4,5.5e-4,TRUE,FALSE,Center for Forecasting and Outbreak Analytics (CDC/CFA),2026-09-30,PyRenew-E
Ohio,OH,0,wk inc rsv hosp,hosp,2026-10-03,2026-10-03,CFA-PyRenew_H,2,4,5,8,11,15,20,2,4,5,8,10,20,20,FALSE,FALSE,Center for Forecasting and Outbreak Analytics (CDC/CFA),2026-09-30,PyRenew-H
Ohio,OH,1,wk inc rsv hosp,hosp,2026-10-03,2026-10-10,CFA-PyRenew_H,1,3,5,9,13,19,30,1,3,5,9,10,20,30,FALSE,FALSE,Center for Forecasting and Outbreak Analytics (CDC/CFA),2026-09-30,PyRenew-H
Ohio,OH,2,wk inc rsv hosp,hosp,2026-10-03,2026-10-17,CFA-PyRenew_H,1,3,5,10,16,26,48,1,3,5,10,20,30,50,FALSE,FALSE,Center for Forecasting and Outbreak Analytics (CDC/CFA),2026-09-30,PyRenew-H
Ohio,OH,0,wk inc rsv hosp,hosp,2026-10-03,2026-10-03,CFA-PyRenew_HE,3,5,7,9,12,15,19.024999999999864,3,5,7,9,10,20,20,TRUE,FALSE,Center for Forecasting and Outbreak Analytics (CDC/CFA),2026-09-30,PyRenew-HE
Ohio,OH,1,wk inc rsv hosp,hosp,2026-10-03,2026-10-10,CFA-PyRenew_HE,3,5,7,11,15,20,29,3,5,7,10,20,20,30,TRUE,FALSE,Center for Forecasting and Outbreak Analytics (CDC/CFA),2026-09-30,PyRenew-HE
Ohio,OH,2,wk inc rsv hosp,hosp,2026-10-03,2026-10-17,CFA-PyRenew_HE,3,5,8,12,18,26,43.024999999999864,3,5,8,10,20,30,40,TRUE,FALSE,Center for Forecasting and Outbreak Analytics (CDC/CFA),2026-09-30,PyRenew-HE
Ohio,OH,0,wk inc rsv prop ed visits,prop_ed,2026-10-03,2026-10-03,CFA-PyRenew_HE,3.799794889621141e-5,5.740471773650938e-5,7.720948928841305e-5,1.0463294842987517e-4,1.334974356788984e-4,1.627476018857166e-4,2.0448198571127309e-4,3.8e-5,5.7e-5,7.7e-5,1e-4,1.3e-4,1.6e-4,2e-4,FALSE,FALSE,Center for Forecasting and Outbreak Analytics (CDC/CFA),2026-09-30,PyRenew-HE
Ohio,OH,1,wk inc rsv prop ed visits,prop_ed,2026-10-03,2026-10-10,CFA-PyRenew_HE,3.7793160870565284e-5,5.792281787899674e-5,8.490837106800325e-5,1.1888879703535787e-4,1.6150746956950543e-4,2.1113950614355418e-4,2.7771420750797074e-4,3.8e-5,5.8e-5,8.5e-5,1.2e-4,1.6e-4,2.1e-4,2.8e-4,FALSE,FALSE,Center for Forecasting and Outbreak Analytics (CDC/CFA),2026-09-30,PyRenew-HE
Ohio,OH,2,wk inc rsv prop ed visits,prop_ed,2026-10-03,2026-10-17,CFA-PyRenew_HE,2.9370096347499628e-5,5.718899143628515e-5,8.735255771691906e-5,1.3176029391165294e-4,1.9933972822386493e-4,2.8601924645681995e-4,4.4354368747829203e-4,2.9e-5,5.7e-5,8.7e-5,1.3e-4,2e-4,2.9e-4,4.4e-4,FALSE,FALSE,Center for Forecasting and Outbreak Analytics (CDC/CFA),2026-09-30,PyRenew-HE
Ohio,OH,0,wk inc rsv hosp,hosp,2026-10-03,2026-10-03,NAU-epymorph,2,4,6,10,13,18,26,2,4,6,10,10,20,30,TRUE,FALSE,Northern Arizona University,2026-09-30,epymorph RSV compartmental model
Ohio,OH,1,wk inc rsv hosp,hosp,2026-10-03,2026-10-10,NAU-epymorph,1,4,6,10,17,27,40,1,4,6,10,20,30,40,TRUE,FALSE,Northern Arizona University,2026-09-30,epymorph RSV compartmental model
Ohio,OH,2,wk inc rsv hosp,hosp,2026-10-03,2026-10-17,NAU-epymorph,1,4,7,12,21,40,69,1,4,7,10,20,40,70,TRUE,FALSE,Northern Arizona University,2026-09-30,epymorph RSV compartmental model
Ohio,OH,0,wk inc rsv hosp,hosp,2026-10-03,2026-10-03,RSVHub-baseline,0,0,4,9,14,39.099999999999966,96.3499999999999,0,0,4,9,10,40,100,FALSE,FALSE,RSVHub-hub-models,2026-09-30,RSVHub baseline model
Ohio,OH,1,wk inc rsv hosp,hosp,2026-10-03,2026-10-10,RSVHub-baseline,0,0,0,9,24.536417864178652,64.9359683596836,151.2849283492832,0,0,0,9,20,60,150,FALSE,FALSE,RSVHub-hub-models,2026-09-30,RSVHub baseline model
Ohio,OH,2,wk inc rsv hosp,hosp,2026-10-03,2026-10-17,RSVHub-baseline,0,0,0,9,35.40344903449034,80.97170971709711,185.80077200772018,0,0,0,9,40,80,190,FALSE,FALSE,RSVHub-hub-models,2026-09-30,RSVHub baseline model
Ohio,OH,0,wk inc rsv prop ed visits,prop_ed,2026-10-03,2026-10-03,RSVHub-baseline,0,0,0,1e-4,2e-4,6.500000000000014e-4,0.0018624999999999996,0,0,0,1e-4,2e-4,6.5e-4,0.0019,FALSE,FALSE,RSVHub-hub-models,2026-09-30,RSVHub baseline model
Ohio,OH,1,wk inc rsv prop ed visits,prop_ed,2026-10-03,2026-10-10,RSVHub-baseline,0,0,0,1e-4,5e-4,0.0011999999999999997,0.0025000000000000014,0,0,0,1e-4,5e-4,0.0012,0.0025,FALSE,FALSE,RSVHub-hub-models,2026-09-30,RSVHub baseline model
Ohio,OH,2,wk inc rsv prop ed visits,prop_ed,2026-10-03,2026-10-17,RSVHub-baseline,0,0,0,1e-4,6.000000000000008e-4,0.0015566315663156673,0.0028000000000000004,0,0,0,1e-4,6e-4,0.0016,0.0028,FALSE,FALSE,RSVHub-hub-models,2026-09-30,RSVHub baseline model
Ohio,OH,0,wk inc rsv hosp,hosp,2026-10-03,2026-10-03,docxology-timesfm,3.8928065648619783,6.401405871060823,7.706425762623459,8.997076701647178,11.064339559797528,14.477857417488396,29.039636114247546,4,6,8,9,10,10,30,TRUE,FALSE,docxology,2026-09-30,docxology timesfm
Ohio,OH,1,wk inc rsv hosp,hosp,2026-10-03,2026-10-10,docxology-timesfm,2.0497098254266723,2.6427147957430415,6.823368732080892,9.555180756699997,12.262981470647334,17.180583232180194,22.011347061638553,2,3,7,10,10,20,20,TRUE,FALSE,docxology,2026-09-30,docxology timesfm
Ohio,OH,2,wk inc rsv hosp,hosp,2026-10-03,2026-10-17,docxology-timesfm,4.252160405842976,5.044586707483691,11.425020726309173,17.854092230161804,31.905857955165136,41.35074704572559,74.95969660333117,4,5,10,20,30,40,70,TRUE,FALSE,docxology,2026-09-30,docxology timesfm
Ohio,OH,0,wk inc rsv hosp,hosp,2026-10-03,2026-10-03,NAU-Copycat,1,3,6,11,20,32,53.049999999999955,1,3,6,10,20,30,50,TRUE,FALSE,NAU,2026-09-30,Copycat
Ohio,OH,1,wk inc rsv hosp,hosp,2026-10-03,2026-10-10,NAU-Copycat,1,2,6,12,25,50,93.09999999999991,1,2,6,10,30,50,90,TRUE,FALSE,NAU,2026-09-30,Copycat
Ohio,OH,2,wk inc rsv hosp,hosp,2026-10-03,2026-10-17,NAU-Copycat,0,2,6,14,32,64,125.04999999999995,0,2,6,10,30,60,130,TRUE,FALSE,NAU,2026-09-30,Copycat
Ohio,OH,0,wk inc rsv prop ed visits,prop_ed,2026-10-03,2026-10-03,NAU-Copycat,0,1.5200156329038256e-5,6.552522963503058e-5,1.3953618227678525e-4,2.463427151150411e-4,3.8016627466599734e-4,6.468206042022063e-4,0,1.5e-5,6.6e-5,1.4e-4,2.5e-4,3.8e-4,6.5e-4,TRUE,FALSE,NAU,2026-09-30,Copycat
Ohio,OH,1,wk inc rsv prop ed visits,prop_ed,2026-10-03,2026-10-10,NAU-Copycat,0,5.549900910414757e-6,7.683752694926388e-5,1.941762525864019e-4,3.6592569384511983e-4,5.895871269300096e-4,9.962070956703024e-4,0,5.5e-6,7.7e-5,1.9e-4,3.7e-4,5.9e-4,0.001,TRUE,FALSE,NAU,2026-09-30,Copycat
Ohio,OH,2,wk inc rsv prop ed visits,prop_ed,2026-10-03,2026-10-17,NAU-Copycat,0,1.1455798563293787e-5,8.18911543594893e-5,2.3617377399258346e-4,4.963697675042238e-4,8.866695829339103e-4,0.0015077212699647802,0,1.1e-5,8.2e-5,2.4e-4,5e-4,8.9e-4,0.0015,TRUE,FALSE,NAU,2026-09-30,Copycat
Ohio,OH,0,wk inc rsv hosp,hosp,2026-10-03,2026-10-03,UGA_flucast-INFLAenza,3,5,7,10,13,17,21,3,5,7,10,10,20,20,TRUE,FALSE,UGA_flucast,2026-09-30,INFLAenza
Ohio,OH,1,wk inc rsv hosp,hosp,2026-10-03,2026-10-10,UGA_flucast-INFLAenza,4,6,9,12,16,21,27,4,6,9,10,20,20,30,TRUE,FALSE,UGA_flucast,2026-09-30,INFLAenza
Ohio,OH,2,wk inc rsv hosp,hosp,2026-10-03,2026-10-17,UGA_flucast-INFLAenza,4,7,10,14,20,25,34,4,7,10,10,20,30,30,TRUE,FALSE,UGA_flucast,2026-09-30,INFLAenza
Ohio,OH,0,wk inc rsv prop ed visits,prop_ed,2026-10-03,2026-10-03,UGA_flucast-INFLAenza,1.5087687009792606e-5,4.1600586165502904e-5,8.478836578705728e-5,1.5954583371982674e-4,2.7447147266080577e-4,4.153773303856348e-4,6.044264851425953e-4,1.5e-5,4.2e-5,8.5e-5,1.6e-4,2.7e-4,4.2e-4,6e-4,TRUE,FALSE,UGA_flucast,2026-09-30,INFLAenza
Ohio,OH,1,wk inc rsv prop ed visits,prop_ed,2026-10-03,2026-10-10,UGA_flucast-INFLAenza,1.865831457494069e-5,5.0250476502598557e-05,1.0213914472352004e-4,1.861475780640141e-4,3.0835432400036e-4,4.604040192510042e-4,6.723718798822974e-4,1.9e-5,5e-5,1e-4,1.9e-4,3.1e-4,4.6e-4,6.7e-4,TRUE,FALSE,UGA_flucast,2026-09-30,INFLAenza
Ohio,OH,2,wk inc rsv prop ed visits,prop_ed,2026-10-03,2026-10-17,UGA_flucast-INFLAenza,2.5108497488067554e-5,6.805434745593594e-5,1.2849191200095937e-4,2.3798469508068225e-4,3.7327160659782546e-4,5.374421156629189e-4,7.604379681407366e-4,2.5e-5,6.8e-5,1.3e-4,2.4e-4,3.7e-4,5.4e-4,7.6e-4,TRUE,FALSE,UGA_flucast,2026-09-30,INFLAenza
Ohio,OH,0,wk inc rsv hosp,hosp,2026-10-03,2026-10-03,RSVHub-ensemble,2.5,5,6.5,9.5,12.5,16.5,24.5,3,5,7,10,10,20,20,FALSE,TRUE,RSVHub,2026-09-30,Ensemble using RSVHub forecast submissions
Ohio,OH,1,wk inc rsv hosp,hosp,2026-10-03,2026-10-10,RSVHub-ensemble,2.0248549127133364,3.5,6.411684366040446,10.5,15.5,20.5,28,2,4,6,10,20,20,30,FALSE,TRUE,RSVHub,2026-09-30,Ensemble using RSVHub forecast submissions
Ohio,OH,2,wk inc rsv hosp,hosp,2026-10-03,2026-10-17,RSVHub-ensemble,2,4.5,7.5,13,20.5,33,56.01249999999993,2,5,8,10,20,30,60,FALSE,TRUE,RSVHub,2026-09-30,Ensemble using RSVHub forecast submissions
Ohio,OH,0,wk inc rsv prop ed visits,prop_ed,2026-10-03,2026-10-03,RSVHub-ensemble,2.645092351840407e-5,4.971402673932785e-5,8.200404777285194e-5,1.3539044864964558e-4,2.0707080278084121e-4,2.9459032429812856e-4,4.435467932878594e-4,2.6e-5,5e-5,8.2e-5,1.4e-4,2.1e-4,2.9e-4,4.4e-4,FALSE,TRUE,RSVHub,2026-09-30,Ensemble using RSVHub forecast submissions
Ohio,OH,1,wk inc rsv prop ed visits,prop_ed,2026-10-03,2026-10-10,RSVHub-ensemble,2.7761019326174207e-5,5.4042706572950467e-5,9.411122582946588e-5,1.7244100805366964e-4,2.5918658330728963e-4,3.6728033998112755e-4,5.291510860042955e-4,2.8e-5,5.4e-5,9.4e-5,1.7e-4,2.6e-4,3.7e-4,5.3e-4,FALSE,TRUE,RSVHub,2026-09-30,Ensemble using RSVHub forecast submissions
Ohio,OH,2,wk inc rsv prop ed visits,prop_ed,2026-10-03,2026-10-17,RSVHub-ensemble,2.6918540184725237e-5,6.241039759423615e-5,1.0854371379820637e-4,2.1278301426275263e-4,3.1761422239508854e-4,4.4722543917597704e-4,6.630592115047081e-4,2.7e-5,6.2e-5,1.1e-4,2.1e-4,3.2e-4,4.5e-4,6.6e-4,FALSE,TRUE,RSVHub,2026-09-30,Ensemble using RSVHub forecast submissions
Oklahoma,OK,0,wk inc rsv hosp,hosp,2026-10-03,2026-10-03,CEPH-Rtrend_rsv,2,3,4,5,7,8,10,2,3,4,5,7,8,10,TRUE,FALSE,CEPH Lab at Indiana University,2026-09-30,Rtrend RSV
Oklahoma,OK,1,wk inc rsv hosp,hosp,2026-10-03,2026-10-10,CEPH-Rtrend_rsv,1,2,3,5,7,9,13,1,2,3,5,7,9,10,TRUE,FALSE,CEPH Lab at Indiana University,2026-09-30,Rtrend RSV
Oklahoma,OK,2,wk inc rsv hosp,hosp,2026-10-03,2026-10-17,CEPH-Rtrend_rsv,1,2,3,5,7,11,16,1,2,3,5,7,10,20,TRUE,FALSE,CEPH Lab at Indiana University,2026-09-30,Rtrend RSV
Oklahoma,OK,0,wk inc rsv prop ed visits,prop_ed,2026-10-03,2026-10-03,CFA-NowcastAutoGP,3.106212604996032e-5,5.942969100213607e-5,1.0099249733362509e-4,1.6887323665788095e-4,2.686130368876374e-4,4.1116711110985313e-4,6.411479578093079e-4,3.1e-5,5.9e-5,1e-4,1.7e-4,2.7e-4,4.1e-4,6.4e-4,TRUE,FALSE,Center for Forecasting and Outbreak Analytics (CDC/CFA),2026-09-30,NowcastAutoGP
Oklahoma,OK,1,wk inc rsv prop ed visits,prop_ed,2026-10-03,2026-10-10,CFA-NowcastAutoGP,2.5582398238348582e-5,6.11070072674257e-5,1.0400259518048472e-4,1.8374067641927267e-4,3.167370639092253e-4,4.890744054684538e-4,7.711679059676836e-4,2.6e-5,6.1e-5,1e-4,1.8e-4,3.2e-4,4.9e-4,7.7e-4,TRUE,FALSE,Center for Forecasting and Outbreak Analytics (CDC/CFA),2026-09-30,NowcastAutoGP
Oklahoma,OK,2,wk inc rsv prop ed visits,prop_ed,2026-10-03,2026-10-17,CFA-NowcastAutoGP,2.7061414436079493e-5,6.22677608188756e-5,1.1494478973211156e-4,1.9845190650401683e-4,3.357907425701232e-4,5.358094806158381e-4,8.778358028012737e-4,2.7e-5,6.2e-5,1.1e-4,2e-4,3.4e-4,5.4e-4,8.8e-4,TRUE,FALSE,Center for Forecasting and Outbreak Analytics (CDC/CFA),2026-09-30,NowcastAutoGP
Oklahoma,OK,0,wk inc rsv prop ed visits,prop_ed,2026-10-03,2026-10-03,CFA-PyRenew_E,0,7.041280680708664e-5,1.4101762280876106e-4,2.1682352593957883e-4,3.6193106521931136e-4,5.126102265227225e-4,7.52427780986097e-4,0,7e-5,1.4e-4,2.2e-4,3.6e-4,5.1e-4,7.5e-4,TRUE,FALSE,Center for Forecasting and Outbreak Analytics (CDC/CFA),2026-09-30,PyRenew-E
Oklahoma,OK,1,wk inc rsv prop ed visits,prop_ed,2026-10-03,2026-10-10,CFA-PyRenew_E,0,7.078405179489157e-5,1.4224192035057132e-4,2.8290637634579153e-4,4.930863026315093e-4,7.595922504205356e-4,0.001181387805916797,0,7.1e-5,1.4e-4,2.8e-4,4.9e-4,7.6e-4,0.0012,TRUE,FALSE,Center for Forecasting and Outbreak Analytics (CDC/CFA),2026-09-30,PyRenew-E
Oklahoma,OK,2,wk inc rsv prop ed visits,prop_ed,2026-10-03,2026-10-17,CFA-PyRenew_E,0,7.074682104191339e-5,1.4345974282824688e-4,3.460861136801042e-4,6.328440416863132e-4,0.001144261754292882,0.002334927722237424,0,7.1e-5,1.4e-4,3.5e-4,6.3e-4,0.0011,0.0023,TRUE,FALSE,Center for Forecasting and Outbreak Analytics (CDC/CFA),2026-09-30,PyRenew-E
Oklahoma,OK,0,wk inc rsv hosp,hosp,2026-10-03,2026-10-03,CFA-PyRenew_H,0,0,0,0,1,2,4,0,0,0,0,1,2,4,FALSE,FALSE,Center for Forecasting and Outbreak Analytics (CDC/CFA),2026-09-30,PyRenew-H
Oklahoma,OK,1,wk inc rsv hosp,hosp,2026-10-03,2026-10-10,CFA-PyRenew_H,0,0,0,0,1,2,4,0,0,0,0,1,2,4,FALSE,FALSE,Center for Forecasting and Outbreak Analytics (CDC/CFA),2026-09-30,PyRenew-H
Oklahoma,OK,2,wk inc rsv hosp,hosp,2026-10-03,2026-10-17,CFA-PyRenew_H,0,0,0,0,1,2,7,0,0,0,0,1,2,7,FALSE,FALSE,Center for Forecasting and Outbreak Analytics (CDC/CFA),2026-09-30,PyRenew-H
Oklahoma,OK,0,wk inc rsv hosp,hosp,2026-10-03,2026-10-03,CFA-PyRenew_HE,0,0,1,2,3,5,8,0,0,1,2,3,5,8,TRUE,FALSE,Center for Forecasting and Outbreak Analytics (CDC/CFA),2026-09-30,PyRenew-HE
Oklahoma,OK,1,wk inc rsv hosp,hosp,2026-10-03,2026-10-10,CFA-PyRenew_HE,0,0,1,3,5,8,14,0,0,1,3,5,8,10,TRUE,FALSE,Center for Forecasting and Outbreak Analytics (CDC/CFA),2026-09-30,PyRenew-HE
Oklahoma,OK,2,wk inc rsv hosp,hosp,2026-10-03,2026-10-17,CFA-PyRenew_HE,0,0,1,3,6.25,12,27,0,0,1,3,6,10,30,TRUE,FALSE,Center for Forecasting and Outbreak Analytics (CDC/CFA),2026-09-30,PyRenew-HE
Oklahoma,OK,0,wk inc rsv prop ed visits,prop_ed,2026-10-03,2026-10-03,CFA-PyRenew_HE,0,0,7.258018590021662e-5,2.1038645750679519e-4,2.8954819264289235e-4,4.343058618356615e-4,6.276766483303915e-4,0,0,7.3e-5,2.1e-4,2.9e-4,4.3e-4,6.3e-4,FALSE,FALSE,Center for Forecasting and Outbreak Analytics (CDC/CFA),2026-09-30,PyRenew-HE
Oklahoma,OK,1,wk inc rsv prop ed visits,prop_ed,2026-10-03,2026-10-10,CFA-PyRenew_HE,0,6.99395537506166e-5,1.399765570794119e-4,2.1582566803473205e-4,4.193888613129551e-4,6.413438243118507e-4,0.0010534740451228137,0,7e-5,1.4e-4,2.2e-4,4.2e-4,6.4e-4,0.0011,FALSE,FALSE,Center for Forecasting and Outbreak Analytics (CDC/CFA),2026-09-30,PyRenew-HE
Oklahoma,OK,2,wk inc rsv prop ed visits,prop_ed,2026-10-03,2026-10-17,CFA-PyRenew_HE,0,7.005544326405073e-5,1.412328617712961e-4,2.856319346045649e-4,5.701385323784922e-4,0.0010655328717699877,0.0020271019190469895,0,7e-5,1.4e-4,2.9e-4,5.7e-4,0.0011,0.002,FALSE,FALSE,Center for Forecasting and Outbreak Analytics (CDC/CFA),2026-09-30,PyRenew-HE
Oklahoma,OK,0,wk inc rsv hosp,hosp,2026-10-03,2026-10-03,NAU-epymorph,0,0,1,2,3,5,9,0,0,1,2,3,5,9,TRUE,FALSE,Northern Arizona University,2026-09-30,epymorph RSV compartmental model
Oklahoma,OK,1,wk inc rsv hosp,hosp,2026-10-03,2026-10-10,NAU-epymorph,0,0,1,2,4,7,15,0,0,1,2,4,7,20,TRUE,FALSE,Northern Arizona University,2026-09-30,epymorph RSV compartmental model
Oklahoma,OK,2,wk inc rsv hosp,hosp,2026-10-03,2026-10-17,NAU-epymorph,0,0,1,2,6,11,32,0,0,1,2,6,10,30,TRUE,FALSE,Northern Arizona University,2026-09-30,epymorph RSV compartmental model
Oklahoma,OK,0,wk inc rsv hosp,hosp,2026-10-03,2026-10-03,RSVHub-baseline,0,0,0,1,3,12,29,0,0,0,1,3,10,30,FALSE,FALSE,RSVHub-hub-models,2026-09-30,RSVHub baseline model
Oklahoma,OK,1,wk inc rsv hosp,hosp,2026-10-03,2026-10-10,RSVHub-baseline,0,0,0,1,8,20.190577905779044,37.955363303633014,0,0,0,1,8,20,40,FALSE,FALSE,RSVHub-hub-models,2026-09-30,RSVHub baseline model
Oklahoma,OK,2,wk inc rsv hosp,hosp,2026-10-03,2026-10-17,RSVHub-baseline,0,0,0,1,11.050248002480027,25.007793077930817,43.42524675246742,0,0,0,1,10,30,40,FALSE,FALSE,RSVHub-hub-models,2026-09-30,RSVHub baseline model
Oklahoma,OK,0,wk inc rsv prop ed visits,prop_ed,2026-10-03,2026-10-03,RSVHub-baseline,0,0,0,3e-4,6e-4,0.0014999999999999996,0.002862499999999998,0,0,0,3e-4,6e-4,0.0015,0.0029,FALSE,FALSE,RSVHub-hub-models,2026-09-30,RSVHub baseline model
Oklahoma,OK,1,wk inc rsv prop ed visits,prop_ed,2026-10-03,2026-10-10,RSVHub-baseline,0,0,0,3e-4,9.999999999999994e-4,0.0022000000000000006,0.003970852433524336,0,0,0,3e-4,0.001,0.0022,0.004,FALSE,FALSE,RSVHub-hub-models,2026-09-30,RSVHub baseline model
Oklahoma,OK,2,wk inc rsv prop ed visits,prop_ed,2026-10-03,2026-10-17,RSVHub-baseline,0,0,0,3e-4,0.0012999999999999995,0.0026,0.00442438631886317,0,0,0,3e-4,0.0013,0.0026,0.0044,FALSE,FALSE,RSVHub-hub-models,2026-09-30,RSVHub baseline model
Oklahoma,OK,0,wk inc rsv hosp,hosp,2026-10-03,2026-10-03,docxology-timesfm,0.07482274828563637,0.33104727398997463,0.6282818678132108,1.242132229611361,1.6245863385718995,1.9245115513299658,3.203040574866915,0,0,1,1,2,2,3,TRUE,FALSE,docxology,2026-09-30,docxology timesfm
Oklahoma,OK,1,wk inc rsv hosp,hosp,2026-10-03,2026-10-10,docxology-timesfm,0,0.09816909314194706,0.6783730604415691,1.5027806271970436,1.8305150862539032,2.599791279911103,4.791161135575864,0,0,1,2,2,3,5,TRUE,FALSE,docxology,2026-09-30,docxology timesfm
Oklahoma,OK,2,wk inc rsv hosp,hosp,2026-10-03,2026-10-17,docxology-timesfm,0.05687931867864426,0.24400195391852245,0.9626427432127396,2.0729230593859724,3.2102636643365625,3.9355455279560756,7.385797002695776,0,0,1,2,3,4,7,TRUE,FALSE,docxology,2026-09-30,docxology timesfm
Oklahoma,OK,0,wk inc rsv hosp,hosp,2026-10-03,2026-10-03,NAU-Copycat,0,0,1,1,3,4,8.024999999999977,0,0,1,1,3,4,8,TRUE,FALSE,NAU,2026-09-30,Copycat
Oklahoma,OK,1,wk inc rsv hosp,hosp,2026-10-03,2026-10-10,NAU-Copycat,0,0,1,2,4,6,12,0,0,1,2,4,6,10,TRUE,FALSE,NAU,2026-09-30,Copycat
Oklahoma,OK,2,wk inc rsv hosp,hosp,2026-10-03,2026-10-17,NAU-Copycat,0,0,0,2,5,9,18.024999999999977,0,0,0,2,5,9,20,TRUE,FALSE,NAU,2026-09-30,Copycat
Oklahoma,OK,0,wk inc rsv prop ed visits,prop_ed,2026-10-03,2026-10-03,NAU-Copycat,9.265593337964961e-5,2.0079070510142463e-4,2.8894353413032835e-4,3.9392739163763153e-4,5.190072222870446e-4,6.632969155703393e-4,9.769343843234548e-4,9.3e-5,2e-4,2.9e-4,3.9e-4,5.2e-4,6.6e-4,9.8e-4,TRUE,FALSE,NAU,2026-09-30,Copycat
Oklahoma,OK,1,wk inc rsv prop ed visits,prop_ed,2026-10-03,2026-10-10,NAU-Copycat,1.0530729842074963e-4,2.1638065483198338e-4,3.3216019065821206e-4,4.977586504857239e-4,6.913996062349973e-4,9.0574037426681e-4,0.001262003843443045,1.1e-4,2.2e-4,3.3e-4,5e-4,6.9e-4,9.1e-4,0.0013,TRUE,FALSE,NAU,2026-09-30,Copycat
Oklahoma,OK,2,wk inc rsv prop ed visits,prop_ed,2026-10-03,2026-10-17,NAU-Copycat,1.393641770765298e-4,2.648873381161959e-4,4.187213353497556e-4,6.25920931402329e-4,9.415271125288491e-4,0.0013106265923447263,0.0018069461447862492,1.4e-4,2.6e-4,4.2e-4,6.3e-4,9.4e-4,0.0013,0.0018,TRUE,FALSE,NAU,2026-09-30,Copycat
Oklahoma,OK,0,wk inc rsv hosp,hosp,2026-10-03,2026-10-03,UGA_flucast-INFLAenza,0,0,1,2,3,4,6,0,0,1,2,3,4,6,TRUE,FALSE,UGA_flucast,2026-09-30,INFLAenza
Oklahoma,OK,1,wk inc rsv hosp,hosp,2026-10-03,2026-10-10,UGA_flucast-INFLAenza,0,0,1,2,3,5,7,0,0,1,2,3,5,7,TRUE,FALSE,UGA_flucast,2026-09-30,INFLAenza
Oklahoma,OK,2,wk inc rsv hosp,hosp,2026-10-03,2026-10-17,UGA_flucast-INFLAenza,0,0,1,2,4,5,8,0,0,1,2,4,5,8,TRUE,FALSE,UGA_flucast,2026-09-30,INFLAenza
Oklahoma,OK,0,wk inc rsv prop ed visits,prop_ed,2026-10-03,2026-10-03,UGA_flucast-INFLAenza,3.8513422093672814e-5,8.644662552290757e-5,1.5388704307429284e-4,2.5484089788938865e-4,3.90089976525245e-4,5.5627290017408e-4,7.767499249113223e-4,3.9e-5,8.6e-5,1.5e-4,2.5e-4,3.9e-4,5.6e-4,7.8e-4,TRUE,FALSE,UGA_flucast,2026-09-30,INFLAenza
Oklahoma,OK,1,wk inc rsv prop ed visits,prop_ed,2026-10-03,2026-10-10,UGA_flucast-INFLAenza,5.1228641186191386e-5,1.0425467208039068e-4,1.7885691157368004e-4,2.9354147676881445e-4,4.5093432462218195e-4,6.279786730169149e-4,8.65556092036862e-4,5.1e-5,1e-4,1.8e-4,2.9e-4,4.5e-4,6.3e-4,8.7e-4,TRUE,FALSE,UGA_flucast,2026-09-30,INFLAenza
Oklahoma,OK,2,wk inc rsv prop ed visits,prop_ed,2026-10-03,2026-10-17,UGA_flucast-INFLAenza,6.481781582337798e-5,1.2726152478261305e-4,2.1940421897069049e-4,3.51082075576406e-4,5.198072373417287e-4,7.166167964103618e-4,9.836654329293429e-4,6.5e-5,1.3e-4,2.2e-4,3.5e-4,5.2e-4,7.2e-4,9.8e-4,TRUE,FALSE,UGA_flucast,2026-09-30,INFLAenza
Oklahoma,OK,0,wk inc rsv hosp,hosp,2026-10-03,2026-10-03,RSVHub-ensemble,0,0,1,2,3,4.5,8.012499999999989,0,0,1,2,3,5,8,FALSE,TRUE,RSVHub,2026-09-30,Ensemble using RSVHub forecast submissions
Oklahoma,OK,1,wk inc rsv hosp,hosp,2026-10-03,2026-10-10,RSVHub-ensemble,0,0,1,2,4,6.5,12.5,0,0,1,2,4,7,10,FALSE,TRUE,RSVHub,2026-09-30,Ensemble using RSVHub forecast submissions
Oklahoma,OK,2,wk inc rsv hosp,hosp,2026-10-03,2026-10-17,RSVHub-ensemble,0,0,1,2.0364615296929864,5.5,10,17.01249999999999,0,0,1,2,6,10,20,FALSE,TRUE,RSVHub,2026-09-30,Ensemble using RSVHub forecast submissions
Oklahoma,OK,0,wk inc rsv prop ed visits,prop_ed,2026-10-03,2026-10-03,RSVHub-ensemble,3.4787774071816564e-5,7.84297161649971e-5,1.4745233294152695e-4,2.3583221191448374e-4,3.7601052087227817e-4,5.344415633484012e-4,7.645888529487097e-4,3.5e-5,7.8e-5,1.5e-4,2.4e-4,3.8e-4,5.3e-4,7.6e-4,FALSE,TRUE,RSVHub,2026-09-30,Ensemble using RSVHub forecast submissions
Oklahoma,OK,1,wk inc rsv prop ed visits,prop_ed,2026-10-03,2026-10-10,RSVHub-ensemble,3.840551971226999e-5,8.751936193764113e-5,1.6054941596212568e-4,2.88223926557303e-4,4.720103136268456e-4,6.937854617187253e-4,0.0010234719489768296,3.8e-5,8.8e-5,1.6e-4,2.9e-4,4.7e-4,6.9e-4,0.001,FALSE,TRUE,RSVHub,2026-09-30,Ensemble using RSVHub forecast submissions
Oklahoma,OK,2,wk inc rsv prop ed visits,prop_ed,2026-10-03,2026-10-17,RSVHub-ensemble,4.593961512972874e-5,9.900417291226322e-5,1.8143198089946868e-4,3.485840946282551e-4,5.763256395140209e-4,9.304392753516218e-4,0.001395305788857796,4.6e-5,9.9e-5,1.8e-4,3.5e-4,5.8e-4,0.00093000000000000005,0.0014,FALSE,TRUE,RSVHub,2026-09-30,Ensemble using RSVHub forecast submissions
Oregon,OR,0,wk inc rsv hosp,hosp,2026-10-03,2026-10-03,CEPH-Rtrend_rsv,2,3,4,6,8,10,13,2,3,4,6,8,10,10,TRUE,FALSE,CEPH Lab at Indiana University,2026-09-30,Rtrend RSV
Oregon,OR,1,wk inc rsv hosp,hosp,2026-10-03,2026-10-10,CEPH-Rtrend_rsv,1,2,4,6,8,12,16,1,2,4,6,8,10,20,TRUE,FALSE,CEPH Lab at Indiana University,2026-09-30,Rtrend RSV
Oregon,OR,2,wk inc rsv hosp,hosp,2026-10-03,2026-10-17,CEPH-Rtrend_rsv,1,2,4,6,9,13,19,1,2,4,6,9,10,20,TRUE,FALSE,CEPH Lab at Indiana University,2026-09-30,Rtrend RSV
Oregon,OR,0,wk inc rsv prop ed visits,prop_ed,2026-10-03,2026-10-03,CFA-NowcastAutoGP,4.460957506422748e-5,7.625931588510532e-5,1.1255712716285537e-4,1.7567782518148364e-4,2.50846771145055e-4,3.694209210309988e-4,5.542532661344331e-4,4.5e-5,7.6e-5,1.1e-4,1.8e-4,2.5e-4,3.7e-4,5.5e-4,TRUE,FALSE,Center for Forecasting and Outbreak Analytics (CDC/CFA),2026-09-30,NowcastAutoGP
Oregon,OR,1,wk inc rsv prop ed visits,prop_ed,2026-10-03,2026-10-10,CFA-NowcastAutoGP,5.3402687658712485e-5,8.996491933985099e-5,1.3870283156644045e-4,2.2579842183152125e-4,3.413215412821932e-4,5.016230863693355e-4,7.567814380833392e-4,5.3e-5,9e-5,1.4e-4,2.3e-4,3.4e-4,5e-4,7.6e-4,TRUE,FALSE,Center for Forecasting and Outbreak Analytics (CDC/CFA),2026-09-30,NowcastAutoGP
Oregon,OR,2,wk inc rsv prop ed visits,prop_ed,2026-10-03,2026-10-17,CFA-NowcastAutoGP,5.8046766421231905e-5,1.0512733278219211e-4,1.7224064228897704e-4,2.783436160757383e-4,4.523867702485717e-4,6.874756361690669e-4,0.0011138981677043108,5.8e-5,1.1e-4,1.7e-4,2.8e-4,4.5e-4,6.9e-4,0.0011,TRUE,FALSE,Center for Forecasting and Outbreak Analytics (CDC/CFA),2026-09-30,NowcastAutoGP
Oregon,OR,0,wk inc rsv prop ed visits,prop_ed,2026-10-03,2026-10-03,CFA-PyRenew_E,2.7439818333030746e-5,5.5668062099534367e-5,8.494544163651682e-5,1.4235949039745197e-4,2.200429552560347e-4,2.8594043574051506e-4,3.952847058863391e-4,2.7e-5,5.6e-5,8.5e-5,1.4e-4,2.2e-4,2.9e-4,4e-4,TRUE,FALSE,Center for Forecasting and Outbreak Analytics (CDC/CFA),2026-09-30,PyRenew-E
Oregon,OR,1,wk inc rsv prop ed visits,prop_ed,2026-10-03,2026-10-10,CFA-PyRenew_E,0,5.5714498286897463e-5,8.518656600512578e-5,1.6709483054761724e-4,2.5805681418687287e-4,3.895256707788678e-4,5.671748312597441e-4,0,5.6e-5,8.5e-5,1.7e-4,2.6e-4,3.9e-4,5.7e-4,TRUE,FALSE,Center for Forecasting and Outbreak Analytics (CDC/CFA),2026-09-30,PyRenew-E
Oregon,OR,2,wk inc rsv prop ed visits,prop_ed,2026-10-03,2026-10-17,CFA-PyRenew_E,0,5.4729876551802805e-5,1.0863747601975043e-4,1.922081734493201e-4,3.330288892953992e-4,5.44334263386246e-4,9.576232514378925e-4,0,5.5e-5,1.1e-4,1.9e-4,3.3e-4,5.4e-4,9.6e-4,TRUE,FALSE,Center for Forecasting and Outbreak Analytics (CDC/CFA),2026-09-30,PyRenew-E
Oregon,OR,0,wk inc rsv hosp,hosp,2026-10-03,2026-10-03,CFA-PyRenew_H,0,0,0,1,2,3,5,0,0,0,1,2,3,5,FALSE,FALSE,Center for Forecasting and Outbreak Analytics (CDC/CFA),2026-09-30,PyRenew-H
Oregon,OR,1,wk inc rsv hosp,hosp,2026-10-03,2026-10-10,CFA-PyRenew_H,0,0,0,1,2,4,8.024999999999864,0,0,0,1,2,4,8,FALSE,FALSE,Center for Forecasting and Outbreak Analytics (CDC/CFA),2026-09-30,PyRenew-H
Oregon,OR,2,wk inc rsv hosp,hosp,2026-10-03,2026-10-17,CFA-PyRenew_H,0,0,0,1,2,6,14.024999999999864,0,0,0,1,2,6,10,FALSE,FALSE,Center for Forecasting and Outbreak Analytics (CDC/CFA),2026-09-30,PyRenew-H
Oregon,OR,0,wk inc rsv hosp,hosp,2026-10-03,2026-10-03,CFA-PyRenew_HE,0,0,1,2,3,4,6,0,0,1,2,3,4,6,TRUE,FALSE,Center for Forecasting and Outbreak Analytics (CDC/CFA),2026-09-30,PyRenew-HE
Oregon,OR,1,wk inc rsv hosp,hosp,2026-10-03,2026-10-10,CFA-PyRenew_HE,0,0,1,2,3,5,8,0,0,1,2,3,5,8,TRUE,FALSE,Center for Forecasting and Outbreak Analytics (CDC/CFA),2026-09-30,PyRenew-HE
Oregon,OR,2,wk inc rsv hosp,hosp,2026-10-03,2026-10-17,CFA-PyRenew_HE,0,0,1,2,4,7,13,0,0,1,2,4,7,10,TRUE,FALSE,Center for Forecasting and Outbreak Analytics (CDC/CFA),2026-09-30,PyRenew-HE
Oregon,OR,0,wk inc rsv prop ed visits,prop_ed,2026-10-03,2026-10-03,CFA-PyRenew_HE,2.7449914813586904e-5,5.5668508904308325e-5,8.471440205755808e-5,1.4050400903270753e-4,2.1986880115672794e-4,2.831170206573178e-4,3.7178963058838915e-4,2.7e-5,5.6e-5,8.5e-5,1.4e-4,2.2e-4,2.8e-4,3.7e-4,FALSE,FALSE,Center for Forecasting and Outbreak Analytics (CDC/CFA),2026-09-30,PyRenew-HE
Oregon,OR,1,wk inc rsv prop ed visits,prop_ed,2026-10-03,2026-10-10,CFA-PyRenew_HE,2.7466580462975423e-5,5.5798215952596595e-5,1.074758391394232e-4,1.67939002977618e-4,2.550174721020597e-4,3.6729773564611997e-4,5.642783919955146e-4,2.7e-5,5.6e-5,1.1e-4,1.7e-4,2.6e-4,3.7e-4,5.6e-4,FALSE,FALSE,Center for Forecasting and Outbreak Analytics (CDC/CFA),2026-09-30,PyRenew-HE
Oregon,OR,2,wk inc rsv prop ed visits,prop_ed,2026-10-03,2026-10-17,CFA-PyRenew_HE,2.614686664366394e-5,5.552332197072127e-5,1.1048511442745918e-4,1.9492938294197543e-4,3.3182574672138725e-4,5.627505973332825e-4,8.991403781125876e-4,2.6e-5,5.6e-5,1.1e-4,1.9e-4,3.3e-4,5.6e-4,9e-4,FALSE,FALSE,Center for Forecasting and Outbreak Analytics (CDC/CFA),2026-09-30,PyRenew-HE
Oregon,OR,0,wk inc rsv hosp,hosp,2026-10-03,2026-10-03,NAU-epymorph,0,0,0,1,3,6,9,0,0,0,1,3,6,9,TRUE,FALSE,Northern Arizona University,2026-09-30,epymorph RSV compartmental model
Oregon,OR,1,wk inc rsv hosp,hosp,2026-10-03,2026-10-10,NAU-epymorph,0,0,0,2,4,8,21,0,0,0,2,4,8,20,TRUE,FALSE,Northern Arizona University,2026-09-30,epymorph RSV compartmental model
Oregon,OR,2,wk inc rsv hosp,hosp,2026-10-03,2026-10-17,NAU-epymorph,0,0,0,2,6,15,46,0,0,0,2,6,20,50,TRUE,FALSE,Northern Arizona University,2026-09-30,epymorph RSV compartmental model
Oregon,OR,0,wk inc rsv hosp,hosp,2026-10-03,2026-10-03,RSVHub-baseline,0,0,0,1,2.750000000000007,10,36.47499999999997,0,0,0,1,3,10,40,FALSE,FALSE,RSVHub-hub-models,2026-09-30,RSVHub baseline model
Oregon,OR,1,wk inc rsv hosp,hosp,2026-10-03,2026-10-10,RSVHub-baseline,0,0,0,1,6.1638466384663815,20,48,0,0,0,1,6,20,50,FALSE,FALSE,RSVHub-hub-models,2026-09-30,RSVHub baseline model
Oregon,OR,2,wk inc rsv hosp,hosp,2026-10-03,2026-10-17,RSVHub-baseline,0,0,0,1,9,28,52.66026910269079,0,0,0,1,9,30,50,FALSE,FALSE,RSVHub-hub-models,2026-09-30,RSVHub baseline model
Oregon,OR,0,wk inc rsv prop ed visits,prop_ed,2026-10-03,2026-10-03,RSVHub-baseline,0,0,0,1e-4,3e-4,0.001,0.0025624999999999984,0,0,0,1e-4,3e-4,0.001,0.0026,FALSE,FALSE,RSVHub-hub-models,2026-09-30,RSVHub baseline model
Oregon,OR,1,wk inc rsv prop ed visits,prop_ed,2026-10-03,2026-10-10,RSVHub-baseline,0,0,0,1e-4,6.893553935539366e-4,0.0016084253842538416,0.003134390518905185,0,0,0,1e-4,6.9e-4,0.0016,0.0031,FALSE,FALSE,RSVHub-hub-models,2026-09-30,RSVHub baseline model
Oregon,OR,2,wk inc rsv prop ed visits,prop_ed,2026-10-03,2026-10-17,RSVHub-baseline,0,0,0,1e-4,8.999999999999998e-4,0.002124790247902485,0.003599999999999999,0,0,0,1e-4,9e-4,0.0021,0.0036,FALSE,FALSE,RSVHub-hub-models,2026-09-30,RSVHub baseline model
Oregon,OR,0,wk inc rsv hosp,hosp,2026-10-03,2026-10-03,docxology-timesfm,0,0,0.2414178538903535,0.4431874266314199,0.858028235316775,2.037377540220352,3.945554344706979,0,0,0,0,1,2,4,TRUE,FALSE,docxology,2026-09-30,docxology timesfm
Oregon,OR,1,wk inc rsv hosp,hosp,2026-10-03,2026-10-10,docxology-timesfm,0,0,0,0.08098976994212413,0.36289087061850855,2.038359733264505,3.349118552081963,0,0,0,0,0,2,3,TRUE,FALSE,docxology,2026-09-30,docxology timesfm
Oregon,OR,2,wk inc rsv hosp,hosp,2026-10-03,2026-10-17,docxology-timesfm,0,0,0.33021494654889927,0.8174694292366317,2.2526147388042603,4.679149097686358,6.3747730020657345,0,0,0,1,2,5,6,TRUE,FALSE,docxology,2026-09-30,docxology timesfm
Oregon,OR,0,wk inc rsv hosp,hosp,2026-10-03,2026-10-03,NAU-Copycat,0,0,1,1,3,4,7,0,0,1,1,3,4,7,TRUE,FALSE,NAU,2026-09-30,Copycat
Oregon,OR,1,wk inc rsv hosp,hosp,2026-10-03,2026-10-10,NAU-Copycat,0,0,1,2,3,5,9,0,0,1,2,3,5,9,TRUE,FALSE,NAU,2026-09-30,Copycat
Oregon,OR,2,wk inc rsv hosp,hosp,2026-10-03,2026-10-17,NAU-Copycat,0,0,1,2,4,7,13,0,0,1,2,4,7,10,TRUE,FALSE,NAU,2026-09-30,Copycat
Oregon,OR,0,wk inc rsv prop ed visits,prop_ed,2026-10-03,2026-10-03,NAU-Copycat,0,4.633820471578867e-5,9.734156300848166e-5,1.621811010918955e-4,2.3914943744450783e-4,3.4054955458977053e-4,5.101240631395382e-4,0,4.6e-5,9.7e-5,1.6e-4,2.4e-4,3.4e-4,5.1e-4,TRUE,FALSE,NAU,2026-09-30,Copycat
Oregon,OR,1,wk inc rsv prop ed visits,prop_ed,2026-10-03,2026-10-10,NAU-Copycat,0,5.0566713223611284e-5,1.1280464279362784e-4,1.9986684261232135e-4,3.1145048562953497e-4,4.455948798954183e-4,7.216817884722793e-4,0,5.1e-5,1.1e-4,2e-4,3.1e-4,4.5e-4,7.2e-4,TRUE,FALSE,NAU,2026-09-30,Copycat
Oregon,OR,2,wk inc rsv prop ed visits,prop_ed,2026-10-03,2026-10-17,NAU-Copycat,0,5.7765447753157556e-5,1.401545273320313e-4,2.6272514057001906e-4,4.232455208106838e-4,6.84499028716843e-4,0.001145445805567626,0,5.8e-5,1.4e-4,2.6e-4,4.2e-4,6.8e-4,0.0011,TRUE,FALSE,NAU,2026-09-30,Copycat
Oregon,OR,0,wk inc rsv hosp,hosp,2026-10-03,2026-10-03,UGA_flucast-INFLAenza,0,0,0,1,2,3,5,0,0,0,1,2,3,5,TRUE,FALSE,UGA_flucast,2026-09-30,INFLAenza
Oregon,OR,1,wk inc rsv hosp,hosp,2026-10-03,2026-10-10,UGA_flucast-INFLAenza,0,0,1,1,3,4,6,0,0,1,1,3,4,6,TRUE,FALSE,UGA_flucast,2026-09-30,INFLAenza
Oregon,OR,2,wk inc rsv hosp,hosp,2026-10-03,2026-10-17,UGA_flucast-INFLAenza,0,0,1,2,3,5,7,0,0,1,2,3,5,7,TRUE,FALSE,UGA_flucast,2026-09-30,INFLAenza
Oregon,OR,0,wk inc rsv prop ed visits,prop_ed,2026-10-03,2026-10-03,UGA_flucast-INFLAenza,1.8630440809681267e-5,4.8653003360107626e-5,9.723508300052007e-5,1.8527763980039378e-4,3.0653780252862386e-4,4.4901936280832894e-4,6.265534142576989e-4,1.9e-5,4.9e-5,9.7e-5,1.9e-4,3.1e-4,4.5e-4,6.3e-4,TRUE,FALSE,UGA_flucast,2026-09-30,INFLAenza
Oregon,OR,1,wk inc rsv prop ed visits,prop_ed,2026-10-03,2026-10-10,UGA_flucast-INFLAenza,2.5555368834013785e-5,6.152251071278013e-5,1.2211873469767764e-4,2.188029414620852e-4,3.5468941205194914e-4,5.049416405803118e-4,7.231724816982166e-4,2.6e-5,6.2e-5,1.2e-4,2.2e-4,3.5e-4,5e-4,7.2e-4,TRUE,FALSE,UGA_flucast,2026-09-30,INFLAenza
Oregon,OR,2,wk inc rsv prop ed visits,prop_ed,2026-10-03,2026-10-17,UGA_flucast-INFLAenza,3.4491485314892676e-5,8.28921076892979e-5,1.5483292645704312e-4,2.647993927363136e-4,4.1027209014415033e-4,5.880239468252759e-4,8.521965213265219e-4,3.4e-5,8.3e-5,1.5e-4,2.6e-4,4.1e-4,5.9e-4,8.5e-4,TRUE,FALSE,UGA_flucast,2026-09-30,INFLAenza
Oregon,OR,0,wk inc rsv hosp,hosp,2026-10-03,2026-10-03,RSVHub-ensemble,0,0,0.6207089269451768,1,3,4,6.5,0,0,1,1,3,4,7,FALSE,TRUE,RSVHub,2026-09-30,Ensemble using RSVHub forecast submissions
Oregon,OR,1,wk inc rsv hosp,hosp,2026-10-03,2026-10-10,RSVHub-ensemble,0,0,1,2,3,5,8.5,0,0,1,2,3,5,9,FALSE,TRUE,RSVHub,2026-09-30,Ensemble using RSVHub forecast submissions
Oregon,OR,2,wk inc rsv hosp,hosp,2026-10-03,2026-10-17,RSVHub-ensemble,0,0,1,2,4,7,13,0,0,1,2,4,7,10,FALSE,TRUE,RSVHub,2026-09-30,Ensemble using RSVHub forecast submissions
Oregon,OR,0,wk inc rsv prop ed visits,prop_ed,2026-10-03,2026-10-03,RSVHub-ensemble,2.3035129571356007e-5,5.216053272982099e-5,9.728832300450087e-5,1.6892946313668957e-4,2.4499810429478143e-4,3.5498523781038466e-4,5.321886646369857e-4,2.3e-5,5.2e-5,9.7e-5,1.7e-4,2.4e-4,3.5e-4,5.3e-4,FALSE,TRUE,RSVHub,2026-09-30,Ensemble using RSVHub forecast submissions
Oregon,OR,1,wk inc rsv prop ed visits,prop_ed,2026-10-03,2026-10-10,RSVHub-ensemble,1.2777684417006892e-05,5.8618504499838796e-5,1.1746168874565273e-4,2.0933489203720326e-4,3.2638601345586404e-4,4.7360898313237687e-4,7.22427135085248e-4,1.3e-5,5.9e-5,1.2e-4,2.1e-4,3.3e-4,4.7e-4,7.2e-4,FALSE,TRUE,RSVHub,2026-09-30,Ensemble using RSVHub forecast submissions
Oregon,OR,2,wk inc rsv prop ed visits,prop_ed,2026-10-03,2026-10-17,RSVHub-ensemble,1.7245742657446338e-5,7.032877772122773e-5,1.4749372689453722e-4,2.637622666531663e-4,4.1675880547741706e-4,6.362614877710594e-4,0.0010357607095711017,1.7e-5,7e-5,1.5e-4,2.6e-4,4.2e-4,6.4e-4,0.001,FALSE,TRUE,RSVHub,2026-09-30,Ensemble using RSVHub forecast submissions
Pennsylvania,PA,0,wk inc rsv hosp,hosp,2026-10-03,2026-10-03,CEPH-Rtrend_rsv,22,28,33,41,49,58,68,20,30,30,40,50,60,70,TRUE,FALSE,CEPH Lab at Indiana University,2026-09-30,Rtrend RSV
Pennsylvania,PA,1,wk inc rsv hosp,hosp,2026-10-03,2026-10-10,CEPH-Rtrend_rsv,17,23,29,39,52,66,84,20,20,30,40,50,70,80,TRUE,FALSE,CEPH Lab at Indiana University,2026-09-30,Rtrend RSV
Pennsylvania,PA,2,wk inc rsv hosp,hosp,2026-10-03,2026-10-17,CEPH-Rtrend_rsv,13,19,26,38,55,76,105,10,20,30,40,60,80,110,TRUE,FALSE,CEPH Lab at Indiana University,2026-09-30,Rtrend RSV
Pennsylvania,PA,0,wk inc rsv prop ed visits,prop_ed,2026-10-03,2026-10-03,CFA-NowcastAutoGP,6.424755107212926e-5,8.094069796232614e-5,9.86442956567349e-5,1.2133457946291773e-4,1.4941423420911852e-4,1.818422481754939e-4,2.2381706497760453e-4,6.4e-5,8.1e-5,9.9e-5,1.2e-4,1.5e-4,1.8e-4,2.2e-4,TRUE,FALSE,Center for Forecasting and Outbreak Analytics (CDC/CFA),2026-09-30,NowcastAutoGP
Pennsylvania,PA,1,wk inc rsv prop ed visits,prop_ed,2026-10-03,2026-10-10,CFA-NowcastAutoGP,6.991342255403943e-5,9.04761135905396e-5,1.1059754450756072e-4,1.4172616848670886e-4,1.7978245413849406e-4,2.203755186102008e-4,2.835989353828245e-4,7e-5,9e-5,1.1e-4,1.4e-4,1.8e-4,2.2e-4,2.8e-4,TRUE,FALSE,Center for Forecasting and Outbreak Analytics (CDC/CFA),2026-09-30,NowcastAutoGP
Pennsylvania,PA,2,wk inc rsv prop ed visits,prop_ed,2026-10-03,2026-10-17,CFA-NowcastAutoGP,7.506422981824413e-5,1.0057321929981004e-4,1.2597867588357473e-4,1.6395482535624264e-4,2.1615897832166021e-4,2.7675106659871075e-4,3.772114746069328e-4,7.5e-5,1e-4,1.3e-4,1.6e-4,2.2e-4,2.8e-4,3.8e-4,TRUE,FALSE,Center for Forecasting and Outbreak Analytics (CDC/CFA),2026-09-30,NowcastAutoGP
Pennsylvania,PA,0,wk inc rsv prop ed visits,prop_ed,2026-10-03,2026-10-03,CFA-PyRenew_E,4.431404139812977e-5,6.284030513329774e-5,8.309154807097744e-5,1.1589309299008259e-4,1.4673313200931761e-4,1.8671200016528785e-4,2.4040144316515784e-4,4.4e-5,6.3e-5,8.3e-5,1.2e-4,1.5e-4,1.9e-4,2.4e-4,TRUE,FALSE,Center for Forecasting and Outbreak Analytics (CDC/CFA),2026-09-30,PyRenew-E
Pennsylvania,PA,1,wk inc rsv prop ed visits,prop_ed,2026-10-03,2026-10-10,CFA-PyRenew_E,3.593620805396765e-5,6.280466176338442e-5,9.140831769409056e-5,1.3538718582911522e-4,1.8775359953302224e-4,2.5665243419970566e-4,3.4746014493089726e-4,3.6e-5,6.3e-5,9.1e-5,1.4e-4,1.9e-4,2.6e-4,3.5e-4,TRUE,FALSE,Center for Forecasting and Outbreak Analytics (CDC/CFA),2026-09-30,PyRenew-E
Pennsylvania,PA,2,wk inc rsv prop ed visits,prop_ed,2026-10-03,2026-10-17,CFA-PyRenew_E,2.743017127998375e-5,5.474731505837622e-5,9.802438225355313e-5,1.5575250450664013e-4,2.4417825026940536e-4,3.7268957420449867e-4,5.812470463975557e-4,2.7e-5,5.5e-5,9.8e-5,1.6e-4,2.4e-4,3.7e-4,5.8e-4,TRUE,FALSE,Center for Forecasting and Outbreak Analytics (CDC/CFA),2026-09-30,PyRenew-E
Pennsylvania,PA,0,wk inc rsv hosp,hosp,2026-10-03,2026-10-03,CFA-PyRenew_H,22,27,33,40,49,58,69.02499999999986,20,30,30,40,50,60,70,FALSE,FALSE,Center for Forecasting and Outbreak Analytics (CDC/CFA),2026-09-30,PyRenew-H
Pennsylvania,PA,1,wk inc rsv hosp,hosp,2026-10-03,2026-10-10,CFA-PyRenew_H,17,23,30,39,52,68,89,20,20,30,40,50,70,90,FALSE,FALSE,Center for Forecasting and Outbreak Analytics (CDC/CFA),2026-09-30,PyRenew-H
Pennsylvania,PA,2,wk inc rsv hosp,hosp,2026-10-03,2026-10-17,CFA-PyRenew_H,12,19,26,38,57,83,125.07499999999959,10,20,30,40,60,80,130,FALSE,FALSE,Center for Forecasting and Outbreak Analytics (CDC/CFA),2026-09-30,PyRenew-H
Pennsylvania,PA,0,wk inc rsv hosp,hosp,2026-10-03,2026-10-03,CFA-PyRenew_HE,15.975000000000001,24,33,46,63,83.10000000000014,114,20,20,30,50,60,80,110,TRUE,FALSE,Center for Forecasting and Outbreak Analytics (CDC/CFA),2026-09-30,PyRenew-HE
Pennsylvania,PA,1,wk inc rsv hosp,hosp,2026-10-03,2026-10-10,CFA-PyRenew_HE,14.975000000000001,23,34,48,70,100,151.02499999999986,10,20,30,50,70,100,150,TRUE,FALSE,Center for Forecasting and Outbreak Analytics (CDC/CFA),2026-09-30,PyRenew-HE
Pennsylvania,PA,2,wk inc rsv hosp,hosp,2026-10-03,2026-10-17,CFA-PyRenew_HE,14,21,34,52,81,127,209.02499999999986,10,20,30,50,80,130,210,TRUE,FALSE,Center for Forecasting and Outbreak Analytics (CDC/CFA),2026-09-30,PyRenew-HE
Pennsylvania,PA,0,wk inc rsv prop ed visits,prop_ed,2026-10-03,2026-10-03,CFA-PyRenew_HE,3.5995310947000675e-5,5.425653461676418e-5,7.262480187002603e-5,9.939074278438022e-5,1.2821910037164085e-4,1.6094589154221707e-4,2.021220854518806e-4,3.6e-5,5.4e-5,7.3e-5,9.9e-5,1.3e-4,1.6e-4,2e-4,FALSE,FALSE,Center for Forecasting and Outbreak Analytics (CDC/CFA),2026-09-30,PyRenew-HE
Pennsylvania,PA,1,wk inc rsv prop ed visits,prop_ed,2026-10-03,2026-10-10,CFA-PyRenew_HE,2.7146775027239272e-5,5.374131251675226e-5,7.293092911140598e-5,1.0799613354168497e-4,1.4601380772758297e-4,1.938186539561729e-4,2.5922144155164346e-4,2.7e-5,5.4e-5,7.3e-5,1.1e-4,1.5e-4,1.9e-4,2.6e-4,FALSE,FALSE,Center for Forecasting and Outbreak Analytics (CDC/CFA),2026-09-30,PyRenew-HE
Pennsylvania,PA,2,wk inc rsv prop ed visits,prop_ed,2026-10-03,2026-10-17,CFA-PyRenew_HE,2.6563308957106165e-5,4.481063269483744e-5,7.192028863966886e-5,1.1596959101406528e-4,1.6987090490910742e-4,2.491322472410701e-4,3.7348810404409045e-4,2.7e-5,4.5e-5,7.2e-5,1.2e-4,1.7e-4,2.5e-4,3.7e-4,FALSE,FALSE,Center for Forecasting and Outbreak Analytics (CDC/CFA),2026-09-30,PyRenew-HE
Pennsylvania,PA,0,wk inc rsv hosp,hosp,2026-10-03,2026-10-03,NAU-epymorph,17,28,36,46,56,69,88,20,30,40,50,60,70,90,TRUE,FALSE,Northern Arizona University,2026-09-30,epymorph RSV compartmental model
Pennsylvania,PA,1,wk inc rsv hosp,hosp,2026-10-03,2026-10-10,NAU-epymorph,14,25,34,45,63,83,113,10,30,30,50,60,80,110,TRUE,FALSE,Northern Arizona University,2026-09-30,epymorph RSV compartmental model
Pennsylvania,PA,2,wk inc rsv hosp,hosp,2026-10-03,2026-10-17,NAU-epymorph,12,21,31,46,69,104,164,10,20,30,50,70,100,160,TRUE,FALSE,Northern Arizona University,2026-09-30,epymorph RSV compartmental model
Pennsylvania,PA,0,wk inc rsv hosp,hosp,2026-10-03,2026-10-03,RSVHub-baseline,0,0,33.25,45,56.75,106,155.0499999999997,0,0,30,50,60,110,160,FALSE,FALSE,RSVHub-hub-models,2026-09-30,RSVHub baseline model
Pennsylvania,PA,1,wk inc rsv hosp,hosp,2026-10-03,2026-10-10,RSVHub-baseline,0,0,16.473669736697392,45,77.76931269312693,132.7330523305233,240.9430319303191,0,0,20,50,80,130,240,FALSE,FALSE,RSVHub-hub-models,2026-09-30,RSVHub baseline model
Pennsylvania,PA,2,wk inc rsv hosp,hosp,2026-10-03,2026-10-17,RSVHub-baseline,0,0,2.1880668806688135,45,95.31174561745617,154.50225402254028,286.1157411574108,0,0,2,50,100,150,290,FALSE,FALSE,RSVHub-hub-models,2026-09-30,RSVHub baseline model
Pennsylvania,PA,0,wk inc rsv prop ed visits,prop_ed,2026-10-03,2026-10-03,RSVHub-baseline,0,0,0,1e-4,2e-4,8e-4,0.002162499999999998,0,0,0,1e-4,2e-4,8e-4,0.0022,FALSE,FALSE,RSVHub-hub-models,2026-09-30,RSVHub baseline model
Pennsylvania,PA,1,wk inc rsv prop ed visits,prop_ed,2026-10-03,2026-10-10,RSVHub-baseline,0,0,0,1e-4,5.061150611506124e-4,0.0012999999999999997,0.0028111350863508616,0,0,0,1e-4,5.1e-4,0.0013,0.0028,FALSE,FALSE,RSVHub-hub-models,2026-09-30,RSVHub baseline model
Pennsylvania,PA,2,wk inc rsv prop ed visits,prop_ed,2026-10-03,2026-10-17,RSVHub-baseline,0,0,0,1.0000000000000002e-4,7.634016340163409e-4,0.0017634016340163418,0.0031019093690936887,0,0,0,1e-4,7.6e-4,0.0018,0.0031,FALSE,FALSE,RSVHub-hub-models,2026-09-30,RSVHub baseline model
Pennsylvania,PA,0,wk inc rsv hosp,hosp,2026-10-03,2026-10-03,docxology-timesfm,31.685556067762892,37.20142046560948,41.081771198656014,44.99871383581065,49.38885296039525,53.49548475050834,64.08623005081958,30,40,40,40,50,50,60,TRUE,FALSE,docxology,2026-09-30,docxology timesfm
Pennsylvania,PA,1,wk inc rsv hosp,hosp,2026-10-03,2026-10-10,docxology-timesfm,33.82233488237598,44.72360825573033,49.35041393808697,52.697019110159005,62.68634737799269,68.54994648597092,85.80312830714817,30,40,50,50,60,70,90,TRUE,FALSE,docxology,2026-09-30,docxology timesfm
Pennsylvania,PA,2,wk inc rsv hosp,hosp,2026-10-03,2026-10-17,docxology-timesfm,40.304749825010134,50.47853102764849,61.197295561197905,70.79271227320565,84.99527004012181,90.39020368121834,105.0185088970432,40,50,60,70,80,90,110,TRUE,FALSE,docxology,2026-09-30,docxology timesfm
Pennsylvania,PA,0,wk inc rsv hosp,hosp,2026-10-03,2026-10-03,NAU-Copycat,18,28,41,53,66.25000000000011,89,130.02499999999998,20,30,40,50,70,90,130,TRUE,FALSE,NAU,2026-09-30,Copycat
Pennsylvania,PA,1,wk inc rsv hosp,hosp,2026-10-03,2026-10-10,NAU-Copycat,19,31,42.75,56,75,99,136,20,30,40,60,80,100,140,TRUE,FALSE,NAU,2026-09-30,Copycat
Pennsylvania,PA,2,wk inc rsv hosp,hosp,2026-10-03,2026-10-17,NAU-Copycat,19.975,31,47,68,97,132.10000000000014,181.02499999999998,20,30,50,70,100,130,180,TRUE,FALSE,NAU,2026-09-30,Copycat
Pennsylvania,PA,0,wk inc rsv prop ed visits,prop_ed,2026-10-03,2026-10-03,NAU-Copycat,4.530531171394342e-6,6.907248466771614e-5,1.1011102993101294e-4,1.5347008613063198e-4,2.0391560353767696e-4,2.526625304577086e-4,3.201774708222568e-4,4.5e-6,6.9e-5,1.1e-4,1.5e-4,2e-4,2.5e-4,3.2e-4,TRUE,FALSE,NAU,2026-09-30,Copycat
Pennsylvania,PA,1,wk inc rsv prop ed visits,prop_ed,2026-10-03,2026-10-10,NAU-Copycat,1.725087092672263e-5,8.773056247242348e-5,1.3918067847452353e-4,2.0515931165243507e-4,2.716093870167173e-4,3.4392969350077333e-4,4.815790599821464e-4,1.7e-5,8.8e-5,1.4e-4,2.1e-4,2.7e-4,3.4e-4,4.8e-4,TRUE,FALSE,NAU,2026-09-30,Copycat
Pennsylvania,PA,2,wk inc rsv prop ed visits,prop_ed,2026-10-03,2026-10-17,NAU-Copycat,6.206143209412026e-5,1.1158505269419126e-4,1.7912690277729806e-4,2.656264048548351e-4,3.905044258995495e-4,5.091478533879391e-4,6.556754334308916e-4,6.2e-5,1.1e-4,1.8e-4,2.7e-4,3.9e-4,5.1e-4,6.6e-4,TRUE,FALSE,NAU,2026-09-30,Copycat
Pennsylvania,PA,0,wk inc rsv hosp,hosp,2026-10-03,2026-10-03,UGA_flucast-INFLAenza,30,37,44,54,64,75,90,30,40,40,50,60,80,90,TRUE,FALSE,UGA_flucast,2026-09-30,INFLAenza
Pennsylvania,PA,1,wk inc rsv hosp,hosp,2026-10-03,2026-10-10,UGA_flucast-INFLAenza,31,39,49,62,78,95,116,30,40,50,60,80,100,120,TRUE,FALSE,UGA_flucast,2026-09-30,INFLAenza
Pennsylvania,PA,2,wk inc rsv hosp,hosp,2026-10-03,2026-10-17,UGA_flucast-INFLAenza,32,43,54,71,92,116,149,30,40,50,70,90,120,150,TRUE,FALSE,UGA_flucast,2026-09-30,INFLAenza
Pennsylvania,PA,0,wk inc rsv prop ed visits,prop_ed,2026-10-03,2026-10-03,UGA_flucast-INFLAenza,1.8915567195590592e-5,4.814423090845415e-5,9.637092726503118e-5,1.78725364704773e-4,2.976510005513545e-4,4.3267760035445714e-4,6.394663402675462e-4,1.9e-5,4.8e-5,9.6e-5,1.8e-4,3e-4,4.3e-4,6.4e-4,TRUE,FALSE,UGA_flucast,2026-09-30,INFLAenza
Pennsylvania,PA,1,wk inc rsv prop ed visits,prop_ed,2026-10-03,2026-10-10,UGA_flucast-INFLAenza,2.6472218856557456e-5,6.504205847025655e-5,1.188556029581033e-4,2.0555019574441998e-4,3.3469102361893377e-4,4.8463789580099756e-4,6.779148656728333e-4,2.6e-5,6.5e-5,1.2e-4,2.1e-4,3.3e-4,4.8e-4,6.8e-4,TRUE,FALSE,UGA_flucast,2026-09-30,INFLAenza
Pennsylvania,PA,2,wk inc rsv prop ed visits,prop_ed,2026-10-03,2026-10-17,UGA_flucast-INFLAenza,3.7247632351688486e-5,8.129986681767041e-5,1.513281169898925e-4,2.5718128090061726e-4,4.059342584733224e-4,5.70160305942083e-4,7.866922528543674e-4,3.7e-5,8.1e-5,1.5e-4,2.6e-4,4.1e-4,5.7e-4,7.9e-4,TRUE,FALSE,UGA_flucast,2026-09-30,INFLAenza
Pennsylvania,PA,0,wk inc rsv hosp,hosp,2026-10-03,2026-10-03,RSVHub-ensemble,20,28,38.5,46,59.5,72,89,20,30,40,50,60,70,90,FALSE,TRUE,RSVHub,2026-09-30,Ensemble using RSVHub forecast submissions
Pennsylvania,PA,1,wk inc rsv hosp,hosp,2026-10-03,2026-10-10,RSVHub-ensemble,18,28,38.375,50.3485095550795,66.5,89,114.5,20,30,40,50,70,90,110,FALSE,TRUE,RSVHub,2026-09-30,Ensemble using RSVHub forecast submissions
Pennsylvania,PA,2,wk inc rsv hosp,hosp,2026-10-03,2026-10-17,RSVHub-ensemble,16.9875,26,40.5,60,82.9976350200609,110,156.5,20,30,40,60,80,110,160,FALSE,TRUE,RSVHub,2026-09-30,Ensemble using RSVHub forecast submissions
Pennsylvania,PA,0,wk inc rsv prop ed visits,prop_ed,2026-10-03,2026-10-03,RSVHub-ensemble,3.1614804296860184e-5,6.595639490050694e-5,9.750761146088305e-5,1.3740233279677485e-4,1.7666491887339774e-4,2.1968726531149823e-4,2.8028945699370733e-4,3.2e-5,6.6e-5,9.8e-5,1.4e-4,1.8e-4,2.2e-4,2.8e-4,FALSE,TRUE,RSVHub,2026-09-30,Ensemble using RSVHub forecast submissions
Pennsylvania,PA,1,wk inc rsv prop ed visits,prop_ed,2026-10-03,2026-10-10,RSVHub-ensemble,3.1204213455262554e-5,7.638631047134003e-5,1.1472657373283201e-4,1.7344274006957197e-4,2.2968149327486976e-4,3.002910638502395e-4,4.1451960245652186e-4,3.1e-5,7.6e-5,1.1e-4,1.7e-4,2.3e-4,3e-4,4.1e-4,FALSE,TRUE,RSVHub,2026-09-30,Ensemble using RSVHub forecast submissions
Pennsylvania,PA,2,wk inc rsv prop ed visits,prop_ed,2026-10-03,2026-10-17,RSVHub-ensemble,4.9654532222904375e-5,9.093654305874023e-5,1.3865339643673362e-4,2.1056805312842994e-4,3.173413380844774e-4,4.409187137962189e-4,6.184612399142237e-4,5e-5,9.1e-5,1.4e-4,2.1e-4,3.2e-4,4.4e-4,6.2e-4,FALSE,TRUE,RSVHub,2026-09-30,Ensemble using RSVHub forecast submissions
Puerto Rico,PR,0,wk inc rsv hosp,hosp,2026-10-03,2026-10-03,CEPH-Rtrend_rsv,1,3,5,7,10,14,17,1,3,5,7,10,10,20,TRUE,FALSE,CEPH Lab at Indiana University,2026-09-30,Rtrend RSV
Puerto Rico,PR,1,wk inc rsv hosp,hosp,2026-10-03,2026-10-10,CEPH-Rtrend_rsv,1,2,5,8,12,16,22,1,2,5,8,10,20,20,TRUE,FALSE,CEPH Lab at Indiana University,2026-09-30,Rtrend RSV
Puerto Rico,PR,2,wk inc rsv hosp,hosp,2026-10-03,2026-10-17,CEPH-Rtrend_rsv,1,2,5,8,13,18,25,1,2,5,8,10,20,30,TRUE,FALSE,CEPH Lab at Indiana University,2026-09-30,Rtrend RSV
Puerto Rico,PR,0,wk inc rsv hosp,hosp,2026-10-03,2026-10-03,NAU-epymorph,0,1,4,6,10,14,21,0,1,4,6,10,10,20,TRUE,FALSE,Northern Arizona University,2026-09-30,epymorph RSV compartmental model
Puerto Rico,PR,1,wk inc rsv hosp,hosp,2026-10-03,2026-10-10,NAU-epymorph,0,1,3,6,11,18,28,0,1,3,6,10,20,30,TRUE,FALSE,Northern Arizona University,2026-09-30,epymorph RSV compartmental model
Puerto Rico,PR,2,wk inc rsv hosp,hosp,2026-10-03,2026-10-17,NAU-epymorph,0,1,3,7,13,24,45,0,1,3,7,10,20,50,TRUE,FALSE,Northern Arizona University,2026-09-30,epymorph RSV compartmental model
Puerto Rico,PR,0,wk inc rsv hosp,hosp,2026-10-03,2026-10-03,RSVHub-baseline,0,0,3,6,9,19.69999999999999,61.449999999999264,0,0,3,6,9,20,60,FALSE,FALSE,RSVHub-hub-models,2026-09-30,RSVHub baseline model
Puerto Rico,PR,1,wk inc rsv hosp,hosp,2026-10-03,2026-10-10,RSVHub-baseline,0,0,0,6,15,39.81980319803203,89.51416614166133,0,0,0,6,20,40,90,FALSE,FALSE,RSVHub-hub-models,2026-09-30,RSVHub baseline model
Puerto Rico,PR,2,wk inc rsv hosp,hosp,2026-10-03,2026-10-17,RSVHub-baseline,0,0,0,6,19.4759597595976,48.255814558145545,106.00139401393969,0,0,0,6,20,50,110,FALSE,FALSE,RSVHub-hub-models,2026-09-30,RSVHub baseline model
Puerto Rico,PR,0,wk inc rsv hosp,hosp,2026-10-03,2026-10-03,docxology-timesfm,3.7570468375880606,6.448715347870496,7.310162396935066,11.6955261422633,16.13266096131165,21.20451196647533,25.780646233843363,4,6,7,10,20,20,30,TRUE,FALSE,docxology,2026-09-30,docxology timesfm
Puerto Rico,PR,1,wk inc rsv hosp,hosp,2026-10-03,2026-10-10,docxology-timesfm,5.472864476602416,7.792030874569684,11.149201783380336,18.22888075115975,27.577497154820087,30.431175664932535,55.83057946658933,5,8,10,20,30,30,60,TRUE,FALSE,docxology,2026-09-30,docxology timesfm
Puerto Rico,PR,2,wk inc rsv hosp,hosp,2026-10-03,2026-10-17,docxology-timesfm,6.656294459459016,9.878922233402298,16.40412226437249,24.22369760614243,36.27409267087892,66.07585687510529,80.96635041385895,7,10,20,20,40,70,80,TRUE,FALSE,docxology,2026-09-30,docxology timesfm
Puerto Rico,PR,0,wk inc rsv hosp,hosp,2026-10-03,2026-10-03,NAU-Copycat,0,1,3,7,15,27,49,0,1,3,7,20,30,50,TRUE,FALSE,NAU,2026-09-30,Copycat
Puerto Rico,PR,1,wk inc rsv hosp,hosp,2026-10-03,2026-10-10,NAU-Copycat,0,1,3,8,20,44.100000000000136,99.09999999999991,0,1,3,8,20,40,100,TRUE,FALSE,NAU,2026-09-30,Copycat
Puerto Rico,PR,2,wk inc rsv hosp,hosp,2026-10-03,2026-10-17,NAU-Copycat,0,0,3,9,26.250000000000114,61.100000000000136,190.07499999999993,0,0,3,9,30,60,190,TRUE,FALSE,NAU,2026-09-30,Copycat
Puerto Rico,PR,0,wk inc rsv hosp,hosp,2026-10-03,2026-10-03,UGA_flucast-INFLAenza,3,5,7,10,13,16,20,3,5,7,10,10,20,20,TRUE,FALSE,UGA_flucast,2026-09-30,INFLAenza
Puerto Rico,PR,1,wk inc rsv hosp,hosp,2026-10-03,2026-10-10,UGA_flucast-INFLAenza,4,6,9,12,16,20,26,4,6,9,10,20,20,30,TRUE,FALSE,UGA_flucast,2026-09-30,INFLAenza
Puerto Rico,PR,2,wk inc rsv hosp,hosp,2026-10-03,2026-10-17,UGA_flucast-INFLAenza,5,8,11,15,20,26,35,5,8,10,20,20,30,40,TRUE,FALSE,UGA_flucast,2026-09-30,INFLAenza
Puerto Rico,PR,0,wk inc rsv hosp,hosp,2026-10-03,2026-10-03,RSVHub-ensemble,1,3,5,7,13,16,21,1,3,5,7,10,20,20,FALSE,TRUE,RSVHub,2026-09-30,Ensemble using RSVHub forecast submissions
Puerto Rico,PR,1,wk inc rsv hosp,hosp,2026-10-03,2026-10-10,RSVHub-ensemble,1,2,5,8,16,20,28,1,2,5,8,20,20,30,FALSE,TRUE,RSVHub,2026-09-30,Ensemble using RSVHub forecast submissions
Puerto Rico,PR,2,wk inc rsv hosp,hosp,2026-10-03,2026-10-17,RSVHub-ensemble,1,2,5,9,20,26,45,1,2,5,9,20,30,50,FALSE,TRUE,RSVHub,2026-09-30,Ensemble using RSVHub forecast submissions
Rhode Island,RI,0,wk inc rsv hosp,hosp,2026-10-03,2026-10-03,CEPH-Rtrend_rsv,1,1,1,2,2,3,3,1,1,1,2,2,3,3,TRUE,FALSE,CEPH Lab at Indiana University,2026-09-30,Rtrend RSV
Rhode Island,RI,1,wk inc rsv hosp,hosp,2026-10-03,2026-10-10,CEPH-Rtrend_rsv,0,1,1,2,2,3,4,0,1,1,2,2,3,4,TRUE,FALSE,CEPH Lab at Indiana University,2026-09-30,Rtrend RSV
Rhode Island,RI,2,wk inc rsv hosp,hosp,2026-10-03,2026-10-17,CEPH-Rtrend_rsv,0,1,1,2,3,3,5,0,1,1,2,3,3,5,TRUE,FALSE,CEPH Lab at Indiana University,2026-09-30,Rtrend RSV
Rhode Island,RI,0,wk inc rsv prop ed visits,prop_ed,2026-10-03,2026-10-03,CFA-NowcastAutoGP,0,1.2082989562861152e-5,4.163357914613719e-5,9.296177612551308e-5,1.822852981765558e-4,2.948761502828161e-4,4.810257784885845e-4,0,1.2e-5,4.2e-5,9.3e-5,1.8e-4,2.9e-4,4.8e-4,TRUE,FALSE,Center for Forecasting and Outbreak Analytics (CDC/CFA),2026-09-30,NowcastAutoGP
Rhode Island,RI,1,wk inc rsv prop ed visits,prop_ed,2026-10-03,2026-10-10,CFA-NowcastAutoGP,0,7.171596923871195e-6,3.966646044831612e-5,1.0491968046381076e-4,2.0554405601238245e-4,3.517402979850557e-4,6.808550828068783e-4,0,7.2e-6,4e-5,1e-4,2.1e-4,3.5e-4,6.8e-4,TRUE,FALSE,Center for Forecasting and Outbreak Analytics (CDC/CFA),2026-09-30,NowcastAutoGP
Rhode Island,RI,2,wk inc rsv prop ed visits,prop_ed,2026-10-03,2026-10-17,CFA-NowcastAutoGP,0,7.719991174158938e-6,4.6277142436870706e-5,1.1370067141200207e-4,2.313331276527045e-4,4.224788770331256e-4,7.21925370059014e-4,0,7.7e-6,4.6e-5,1.1e-4,2.3e-4,4.2e-4,7.2e-4,TRUE,FALSE,Center for Forecasting and Outbreak Analytics (CDC/CFA),2026-09-30,NowcastAutoGP
Rhode Island,RI,0,wk inc rsv prop ed visits,prop_ed,2026-10-03,2026-10-03,CFA-PyRenew_E,0,0,0,9.781691526537041e-5,1.029513549525913e-4,2.0641982120799023e-4,4.0000672986336815e-4,0,0,0,9.8e-5,1e-4,2.1e-4,4e-4,TRUE,FALSE,Center for Forecasting and Outbreak Analytics (CDC/CFA),2026-09-30,PyRenew-E
Rhode Island,RI,1,wk inc rsv prop ed visits,prop_ed,2026-10-03,2026-10-10,CFA-PyRenew_E,0,0,0,9.814182744897676e-5,1.0416371341507578e-4,3.0134512091204547e-4,5.152186606754901e-4,0,0,0,9.8e-5,1e-4,3e-4,5.2e-4,TRUE,FALSE,Center for Forecasting and Outbreak Analytics (CDC/CFA),2026-09-30,PyRenew-E
Rhode Island,RI,2,wk inc rsv prop ed visits,prop_ed,2026-10-03,2026-10-17,CFA-PyRenew_E,0,0,0,0,1.0532635354323413e-4,3.072645645515746e-4,7.035415605515397e-4,0,0,0,0,1.1e-4,3.1e-4,7e-4,TRUE,FALSE,Center for Forecasting and Outbreak Analytics (CDC/CFA),2026-09-30,PyRenew-E
Rhode Island,RI,0,wk inc rsv hosp,hosp,2026-10-03,2026-10-03,CFA-PyRenew_H,0,0,0,1,2,4,6,0,0,0,1,2,4,6,FALSE,FALSE,Center for Forecasting and Outbreak Analytics (CDC/CFA),2026-09-30,PyRenew-H
Rhode Island,RI,1,wk inc rsv hosp,hosp,2026-10-03,2026-10-10,CFA-PyRenew_H,0,0,0,1,3,5,9,0,0,0,1,3,5,9,FALSE,FALSE,Center for Forecasting and Outbreak Analytics (CDC/CFA),2026-09-30,PyRenew-H
Rhode Island,RI,2,wk inc rsv hosp,hosp,2026-10-03,2026-10-17,CFA-PyRenew_H,0,0,0,1,3,7,15,0,0,0,1,3,7,20,FALSE,FALSE,Center for Forecasting and Outbreak Analytics (CDC/CFA),2026-09-30,PyRenew-H
Rhode Island,RI,0,wk inc rsv hosp,hosp,2026-10-03,2026-10-03,CFA-PyRenew_HE,0,0,0,1,2,3,4,0,0,0,1,2,3,4,TRUE,FALSE,Center for Forecasting and Outbreak Analytics (CDC/CFA),2026-09-30,PyRenew-HE
Rhode Island,RI,1,wk inc rsv hosp,hosp,2026-10-03,2026-10-10,CFA-PyRenew_HE,0,0,0,1,2,3,5,0,0,0,1,2,3,5,TRUE,FALSE,Center for Forecasting and Outbreak Analytics (CDC/CFA),2026-09-30,PyRenew-HE
Rhode Island,RI,2,wk inc rsv hosp,hosp,2026-10-03,2026-10-17,CFA-PyRenew_HE,0,0,0,1,2,4,7,0,0,0,1,2,4,7,TRUE,FALSE,Center for Forecasting and Outbreak Analytics (CDC/CFA),2026-09-30,PyRenew-HE
Rhode Island,RI,0,wk inc rsv prop ed visits,prop_ed,2026-10-03,2026-10-03,CFA-PyRenew_HE,0,0,0,9.957127133646202e-5,1.99468841056164e-4,2.993697658446803e-4,4.0580568943910067e-4,0,0,0,1e-4,2e-4,3e-4,4.1e-4,FALSE,FALSE,Center for Forecasting and Outbreak Analytics (CDC/CFA),2026-09-30,PyRenew-HE
Rhode Island,RI,1,wk inc rsv prop ed visits,prop_ed,2026-10-03,2026-10-10,CFA-PyRenew_HE,0,0,0,1.0090408452393972e-4,2.0209125435327688e-4,3.0760528496791376e-4,5.892890749184417e-4,0,0,0,1e-4,2e-4,3.1e-4,5.9e-4,FALSE,FALSE,Center for Forecasting and Outbreak Analytics (CDC/CFA),2026-09-30,PyRenew-HE
Rhode Island,RI,2,wk inc rsv prop ed visits,prop_ed,2026-10-03,2026-10-17,CFA-PyRenew_HE,0,0,0,1.0111223707027982e-4,2.041407548533695e-4,4.047869382268017e-4,7.112546295614009e-4,0,0,0,1e-4,2e-4,4e-4,7.1e-4,FALSE,FALSE,Center for Forecasting and Outbreak Analytics (CDC/CFA),2026-09-30,PyRenew-HE
Rhode Island,RI,0,wk inc rsv hosp,hosp,2026-10-03,2026-10-03,NAU-epymorph,0,0,1,2,4,6,11,0,0,1,2,4,6,10,TRUE,FALSE,Northern Arizona University,2026-09-30,epymorph RSV compartmental model
Rhode Island,RI,1,wk inc rsv hosp,hosp,2026-10-03,2026-10-10,NAU-epymorph,0,0,1,2,5,9,19,0,0,1,2,5,9,20,TRUE,FALSE,Northern Arizona University,2026-09-30,epymorph RSV compartmental model
Rhode Island,RI,2,wk inc rsv hosp,hosp,2026-10-03,2026-10-17,NAU-epymorph,0,0,1,3,7,16,35,0,0,1,3,7,20,40,TRUE,FALSE,Northern Arizona University,2026-09-30,epymorph RSV compartmental model
Rhode Island,RI,0,wk inc rsv hosp,hosp,2026-10-03,2026-10-03,RSVHub-baseline,0,0,0,1,3,6.100000000000012,15,0,0,0,1,3,6,20,FALSE,FALSE,RSVHub-hub-models,2026-09-30,RSVHub baseline model
Rhode Island,RI,1,wk inc rsv hosp,hosp,2026-10-03,2026-10-10,RSVHub-baseline,0,0,0,1,5,11.299423994239957,19.447256472564735,0,0,0,1,5,10,20,FALSE,FALSE,RSVHub-hub-models,2026-09-30,RSVHub baseline model
Rhode Island,RI,2,wk inc rsv hosp,hosp,2026-10-03,2026-10-17,RSVHub-baseline,0,0,0,1,5.967914679146794,13,23.475192001920004,0,0,0,1,6,10,20,FALSE,FALSE,RSVHub-hub-models,2026-09-30,RSVHub baseline model
Rhode Island,RI,0,wk inc rsv prop ed visits,prop_ed,2026-10-03,2026-10-03,RSVHub-baseline,0,0,0,0,2e-4,9.999999999999994e-4,0.0027624999999999985,0,0,0,0,2e-4,0.001,0.0028,FALSE,FALSE,RSVHub-hub-models,2026-09-30,RSVHub baseline model
Rhode Island,RI,1,wk inc rsv prop ed visits,prop_ed,2026-10-03,2026-10-10,RSVHub-baseline,0,0,0,0,5e-4,0.0018000000000000008,0.0033538900889008858,0,0,0,0,5e-4,0.0018,0.0034,FALSE,FALSE,RSVHub-hub-models,2026-09-30,RSVHub baseline model
Rhode Island,RI,2,wk inc rsv prop ed visits,prop_ed,2026-10-03,2026-10-17,RSVHub-baseline,0,0,0,0,8.000000000000006e-4,0.002300000000000001,0.003719493569935702,0,0,0,0,8e-4,0.0023,0.0037,FALSE,FALSE,RSVHub-hub-models,2026-09-30,RSVHub baseline model
Rhode Island,RI,0,wk inc rsv hosp,hosp,2026-10-03,2026-10-03,docxology-timesfm,0.03752935958492828,0.6680229558175246,1.6995433074277608,2.276373298549784,3.142938631617448,4.05962260898759,5.7787455744311576,0,1,2,2,3,4,6,TRUE,FALSE,docxology,2026-09-30,docxology timesfm
Rhode Island,RI,1,wk inc rsv hosp,hosp,2026-10-03,2026-10-10,docxology-timesfm,0.2581527915446629,0.940288025669286,1.6133686433439673,2.338231545585908,3.946235156568269,4.410542290806031,6.366920009018077,0,1,2,2,4,4,6,TRUE,FALSE,docxology,2026-09-30,docxology timesfm
Rhode Island,RI,2,wk inc rsv hosp,hosp,2026-10-03,2026-10-17,docxology-timesfm,0.6592123477583216,1.1470606135470383,2.2222626946963473,3.4983183639182758,5.088512547759002,5.56856783801826,8.741605300224961,1,1,2,3,5,6,9,TRUE,FALSE,docxology,2026-09-30,docxology timesfm
Rhode Island,RI,0,wk inc rsv hosp,hosp,2026-10-03,2026-10-03,NAU-Copycat,0,0,0,1,3.2500000000001137,7,13,0,0,0,1,3,7,10,TRUE,FALSE,NAU,2026-09-30,Copycat
Rhode Island,RI,1,wk inc rsv hosp,hosp,2026-10-03,2026-10-10,NAU-Copycat,0,0,0,2,5,11,27.024999999999977,0,0,0,2,5,10,30,TRUE,FALSE,NAU,2026-09-30,Copycat
Rhode Island,RI,2,wk inc rsv hosp,hosp,2026-10-03,2026-10-17,NAU-Copycat,0,0,0,2,7,19,47.02499999999998,0,0,0,2,7,20,50,TRUE,FALSE,NAU,2026-09-30,Copycat
Rhode Island,RI,0,wk inc rsv prop ed visits,prop_ed,2026-10-03,2026-10-03,NAU-Copycat,0,0,0,1.930134039688021e-5,8.801446019891347e-5,1.880757930276312e-4,3.5747044787087605e-4,0,0,0,1.9e-5,8.8e-5,1.9e-4,3.6e-4,TRUE,FALSE,NAU,2026-09-30,Copycat
Rhode Island,RI,1,wk inc rsv prop ed visits,prop_ed,2026-10-03,2026-10-10,NAU-Copycat,0,0,0,4.2068755049767736e-5,1.430229519761612e-4,2.745561585781668e-4,7.474555510571907e-4,0,0,0,4.2e-5,1.4e-4,2.7e-4,7.5e-4,TRUE,FALSE,NAU,2026-09-30,Copycat
Rhode Island,RI,2,wk inc rsv prop ed visits,prop_ed,2026-10-03,2026-10-17,NAU-Copycat,0,0,0,7.629154725278212e-5,2.2165814082027356e-4,5.131249407142442e-4,0.0010301726662307457,0,0,0,7.6e-5,2.2e-4,5.1e-4,0.001,TRUE,FALSE,NAU,2026-09-30,Copycat
Rhode Island,RI,0,wk inc rsv hosp,hosp,2026-10-03,2026-10-03,UGA_flucast-INFLAenza,0,0,0,1,2,3,5,0,0,0,1,2,3,5,TRUE,FALSE,UGA_flucast,2026-09-30,INFLAenza
Rhode Island,RI,1,wk inc rsv hosp,hosp,2026-10-03,2026-10-10,UGA_flucast-INFLAenza,0,0,1,2,3,4,6,0,0,1,2,3,4,6,TRUE,FALSE,UGA_flucast,2026-09-30,INFLAenza
Rhode Island,RI,2,wk inc rsv hosp,hosp,2026-10-03,2026-10-17,UGA_flucast-INFLAenza,0,0,1,2,3,5,7,0,0,1,2,3,5,7,TRUE,FALSE,UGA_flucast,2026-09-30,INFLAenza
Rhode Island,RI,0,wk inc rsv prop ed visits,prop_ed,2026-10-03,2026-10-03,UGA_flucast-INFLAenza,1.3541377229089284e-5,3.926800940156501e-5,8.43921869425416e-5,1.614730835651835e-4,2.735611844184639e-4,4.125440363698526e-4,5.986526559713129e-4,1.4e-5,3.9e-5,8.4e-5,1.6e-4,2.7e-4,4.1e-4,6e-4,TRUE,FALSE,UGA_flucast,2026-09-30,INFLAenza
Rhode Island,RI,1,wk inc rsv prop ed visits,prop_ed,2026-10-03,2026-10-10,UGA_flucast-INFLAenza,1.781172470089509e-5,5.167799310197887e-5,1.0517661908869621e-4,1.9826541026610412e-4,3.263361403285761e-4,4.76598233205884e-4,6.877702113938897e-4,1.8e-5,5.2e-5,1.1e-4,2e-4,3.3e-4,4.8e-4,6.9e-4,TRUE,FALSE,UGA_flucast,2026-09-30,INFLAenza
Rhode Island,RI,2,wk inc rsv prop ed visits,prop_ed,2026-10-03,2026-10-17,UGA_flucast-INFLAenza,2.633524150375553e-5,6.678605295566039e-5,1.267440389483228e-4,2.3430287669793412e-4,3.8000951965565184e-4,5.424428521548658e-4,7.667576295710156e-4,2.6e-5,6.7e-5,1.3e-4,2.3e-4,3.8e-4,5.4e-4,7.7e-4,TRUE,FALSE,UGA_flucast,2026-09-30,INFLAenza
Rhode Island,RI,0,wk inc rsv hosp,hosp,2026-10-03,2026-10-03,RSVHub-ensemble,0,0,0.5,1.5,2.571469315808724,3.529811304493795,5.389372787215579,0,0,1,2,3,4,5,FALSE,TRUE,RSVHub,2026-09-30,Ensemble using RSVHub forecast submissions
Rhode Island,RI,1,wk inc rsv hosp,hosp,2026-10-03,2026-10-10,RSVHub-ensemble,0,0,1,2,3.4731175782841346,4.205271145403016,6.183460004509039,0,0,1,2,3,4,6,FALSE,TRUE,RSVHub,2026-09-30,Ensemble using RSVHub forecast submissions
Rhode Island,RI,2,wk inc rsv hosp,hosp,2026-10-03,2026-10-17,RSVHub-ensemble,0,0,1,2,4.044256273879501,5.28428391900913,7.870802650112481,0,0,1,2,4,5,8,FALSE,TRUE,RSVHub,2026-09-30,Ensemble using RSVHub forecast submissions
Rhode Island,RI,0,wk inc rsv prop ed visits,prop_ed,2026-10-03,2026-10-03,RSVHub-ensemble,0,6.041494781430576e-6,2.0816789573068594e-5,9.538934569544175e-5,1.4261832656457354e-4,2.5064798574540316e-4,4.4051625417597634e-4,0,6e-6,2.1e-5,9.5e-5,1.4e-4,2.5e-4,4.4e-4,FALSE,TRUE,RSVHub,2026-09-30,Ensemble using RSVHub forecast submissions
Rhode Island,RI,1,wk inc rsv prop ed visits,prop_ed,2026-10-03,2026-10-10,RSVHub-ensemble,0,3.5857984619355973e-6,1.983323022415806e-5,1.0153075395639376e-4,1.7428350399427184e-4,3.2654270944855056e-4,6.84312647100384e-4,0,3.6e-6,2e-5,1e-4,1.7e-4,3.3e-4,6.8e-4,FALSE,TRUE,RSVHub,2026-09-30,Ensemble using RSVHub forecast submissions
Rhode Island,RI,2,wk inc rsv prop ed visits,prop_ed,2026-10-03,2026-10-17,RSVHub-ensemble,0,3.859995587079469e-6,2.3138571218435353e-5,9.49961093323921e-5,2.2649563423648902e-4,4.678019088736849e-4,7.443414998150148e-4,0,3.9e-6,2.3e-5,9.5e-5,2.3e-4,4.7e-4,7.4e-4,FALSE,TRUE,RSVHub,2026-09-30,Ensemble using RSVHub forecast submissions
South Carolina,SC,0,wk inc rsv hosp,hosp,2026-10-03,2026-10-03,CEPH-Rtrend_rsv,4,5,6,8,10,12,14,4,5,6,8,10,10,10,TRUE,FALSE,CEPH Lab at Indiana University,2026-09-30,Rtrend RSV
South Carolina,SC,1,wk inc rsv hosp,hosp,2026-10-03,2026-10-10,CEPH-Rtrend_rsv,3,5,6,9,13,17,23,3,5,6,9,10,20,20,TRUE,FALSE,CEPH Lab at Indiana University,2026-09-30,Rtrend RSV
South Carolina,SC,2,wk inc rsv hosp,hosp,2026-10-03,2026-10-17,CEPH-Rtrend_rsv,3,4,6,10,16,25,37,3,4,6,10,20,30,40,TRUE,FALSE,CEPH Lab at Indiana University,2026-09-30,Rtrend RSV
South Carolina,SC,0,wk inc rsv prop ed visits,prop_ed,2026-10-03,2026-10-03,CFA-NowcastAutoGP,1.7653189974623485e-4,2.3221276150491358e-4,3.055616813960562e-4,4.1172831075975407e-4,5.44799976387775e-4,7.162173057484155e-4,9.699652101262222e-4,1.8e-4,2.3e-4,3.1e-4,4.1e-4,5.4e-4,7.2e-4,9.7e-4,TRUE,FALSE,Center for Forecasting and Outbreak Analytics (CDC/CFA),2026-09-30,NowcastAutoGP
South Carolina,SC,1,wk inc rsv prop ed visits,prop_ed,2026-10-03,2026-10-10,CFA-NowcastAutoGP,2.074309658623624e-4,2.8139627075457046e-4,3.739139672596099e-4,5.224246101337826e-4,7.244538488282366e-4,9.866201040694027e-4,0.0013171072532620024,2.1e-4,2.8e-4,3.7e-4,5.2e-4,7.2e-4,9.9e-4,0.0013,TRUE,FALSE,Center for Forecasting and Outbreak Analytics (CDC/CFA),2026-09-30,NowcastAutoGP
South Carolina,SC,2,wk inc rsv prop ed visits,prop_ed,2026-10-03,2026-10-17,CFA-NowcastAutoGP,2.0967831739539873e-4,3.1684441743659646e-4,4.539204847993895e-4,6.647358912271559e-4,9.546384283235659e-4,0.0013292875873570675,0.0018923815375585604,2.1e-4,3.2e-4,4.5e-4,6.6e-4,9.5e-4,0.0013,0.0019,TRUE,FALSE,Center for Forecasting and Outbreak Analytics (CDC/CFA),2026-09-30,NowcastAutoGP
South Carolina,SC,0,wk inc rsv prop ed visits,prop_ed,2026-10-03,2026-10-03,CFA-PyRenew_E,1.6486149030487556e-4,2.464482544840038e-4,3.3064893156105774e-4,4.3484604504670716e-4,5.586020920431403e-4,6.715160357015422e-4,8.5073969003482e-4,1.6e-4,2.5e-4,3.3e-4,4.3e-4,5.6e-4,6.7e-4,8.5e-4,TRUE,FALSE,Center for Forecasting and Outbreak Analytics (CDC/CFA),2026-09-30,PyRenew-E
South Carolina,SC,1,wk inc rsv prop ed visits,prop_ed,2026-10-03,2026-10-10,CFA-PyRenew_E,1.373363828879095e-4,2.493932563797052e-4,3.585417509802424e-4,5.209998238088179e-4,7.13398956212929e-4,9.227766653484111e-4,0.0012701075393754563,1.4e-4,2.5e-4,3.6e-4,5.2e-4,7.1e-4,9.2e-4,0.0013,TRUE,FALSE,Center for Forecasting and Outbreak Analytics (CDC/CFA),2026-09-30,PyRenew-E
South Carolina,SC,2,wk inc rsv prop ed visits,prop_ed,2026-10-03,2026-10-17,CFA-PyRenew_E,1.3491234929372697e-4,2.4443340437969765e-4,3.7879654943127243e-4,5.935610854568485e-4,9.228047361316509e-4,0.0013092598843596156,0.0021197779077074446,1.3e-4,2.4e-4,3.8e-4,5.9e-4,9.2e-4,0.0013,0.0021,TRUE,FALSE,Center for Forecasting and Outbreak Analytics (CDC/CFA),2026-09-30,PyRenew-E
South Carolina,SC,0,wk inc rsv hosp,hosp,2026-10-03,2026-10-03,CFA-PyRenew_H,1,3,4,7,10,13,18,1,3,4,7,10,10,20,FALSE,FALSE,Center for Forecasting and Outbreak Analytics (CDC/CFA),2026-09-30,PyRenew-H
South Carolina,SC,1,wk inc rsv hosp,hosp,2026-10-03,2026-10-10,CFA-PyRenew_H,1,3,4,7,12,18,28,1,3,4,7,10,20,30,FALSE,FALSE,Center for Forecasting and Outbreak Analytics (CDC/CFA),2026-09-30,PyRenew-H
South Carolina,SC,2,wk inc rsv hosp,hosp,2026-10-03,2026-10-17,CFA-PyRenew_H,1,2,4,8,15,25,47,1,2,4,8,20,30,50,FALSE,FALSE,Center for Forecasting and Outbreak Analytics (CDC/CFA),2026-09-30,PyRenew-H
South Carolina,SC,0,wk inc rsv hosp,hosp,2026-10-03,2026-10-03,CFA-PyRenew_HE,3,4,6,9,12,15,19,3,4,6,9,10,20,20,TRUE,FALSE,Center for Forecasting and Outbreak Analytics (CDC/CFA),2026-09-30,PyRenew-HE
South Carolina,SC,1,wk inc rsv hosp,hosp,2026-10-03,2026-10-10,CFA-PyRenew_HE,3,5,7,10,14,19,27,3,5,7,10,10,20,30,TRUE,FALSE,Center for Forecasting and Outbreak Analytics (CDC/CFA),2026-09-30,PyRenew-HE
South Carolina,SC,2,wk inc rsv hosp,hosp,2026-10-03,2026-10-17,CFA-PyRenew_HE,2,5,7,12,18,26,42,2,5,7,10,20,30,40,TRUE,FALSE,Center for Forecasting and Outbreak Analytics (CDC/CFA),2026-09-30,PyRenew-HE
South Carolina,SC,0,wk inc rsv prop ed visits,prop_ed,2026-10-03,2026-10-03,CFA-PyRenew_HE,1.386159705939345e-4,2.193166330557177e-4,2.95978262287604e-4,3.8393889034413713e-4,4.866723663949345e-4,5.815284498224588e-4,7.386711773987248e-4,1.4e-4,2.2e-4,3e-4,3.8e-4,4.9e-4,5.8e-4,7.4e-4,FALSE,FALSE,Center for Forecasting and Outbreak Analytics (CDC/CFA),2026-09-30,PyRenew-HE
South Carolina,SC,1,wk inc rsv prop ed visits,prop_ed,2026-10-03,2026-10-10,CFA-PyRenew_HE,1.39974098711937e-4,2.2004666092289898e-4,3.170604240771268e-4,4.53545754981906e-4,6.062385347942421e-4,7.702358989065627e-4,0.0010194144257879344,1.4e-4,2.2e-4,3.2e-4,4.5e-4,6.1e-4,7.7e-4,0.001,FALSE,FALSE,Center for Forecasting and Outbreak Analytics (CDC/CFA),2026-09-30,PyRenew-HE
South Carolina,SC,2,wk inc rsv prop ed visits,prop_ed,2026-10-03,2026-10-17,CFA-PyRenew_HE,1.1055726890360402e-4,2.1531477561542804e-4,3.2864295622527754e-4,5.146187029527692e-4,7.639140141888729e-4,0.0010917006368497306,0.0016702646563913689,1.1e-4,2.2e-4,3.3e-4,5.1e-4,7.6e-4,0.0011,0.0017,FALSE,FALSE,Center for Forecasting and Outbreak Analytics (CDC/CFA),2026-09-30,PyRenew-HE
South Carolina,SC,0,wk inc rsv hosp,hosp,2026-10-03,2026-10-03,NAU-epymorph,0,2,4,8,12,17,28,0,2,4,8,10,20,30,TRUE,FALSE,Northern Arizona University,2026-09-30,epymorph RSV compartmental model
South Carolina,SC,1,wk inc rsv hosp,hosp,2026-10-03,2026-10-10,NAU-epymorph,0,2,4,9,15,25,46,0,2,4,9,20,30,50,TRUE,FALSE,Northern Arizona University,2026-09-30,epymorph RSV compartmental model
South Carolina,SC,2,wk inc rsv hosp,hosp,2026-10-03,2026-10-17,NAU-epymorph,0,2,5,10,20,38,76,0,2,5,10,20,40,80,TRUE,FALSE,Northern Arizona University,2026-09-30,epymorph RSV compartmental model
South Carolina,SC,0,wk inc rsv hosp,hosp,2026-10-03,2026-10-03,RSVHub-baseline,0,0,2,6,10,23.900000000000002,46,0,0,2,6,10,20,50,FALSE,FALSE,RSVHub-hub-models,2026-09-30,RSVHub baseline model
South Carolina,SC,1,wk inc rsv hosp,hosp,2026-10-03,2026-10-10,RSVHub-baseline,0,0,0,6,16.7979254792548,37.75462154621546,63.786178861788684,0,0,0,6,20,40,60,FALSE,FALSE,RSVHub-hub-models,2026-09-30,RSVHub baseline model
South Carolina,SC,2,wk inc rsv hosp,hosp,2026-10-03,2026-10-17,RSVHub-baseline,0,0,0,6,22,43.84245042450415,81.33647811478087,0,0,0,6,20,40,80,FALSE,FALSE,RSVHub-hub-models,2026-09-30,RSVHub baseline model
South Carolina,SC,0,wk inc rsv prop ed visits,prop_ed,2026-10-03,2026-10-03,RSVHub-baseline,0,0,9.999999999999994e-5,3e-4,5e-4,0.0010000000000000002,0.002224999999999997,0,0,1e-4,3e-4,5e-4,0.001,0.0022,FALSE,FALSE,RSVHub-hub-models,2026-09-30,RSVHub baseline model
South Carolina,SC,1,wk inc rsv prop ed visits,prop_ed,2026-10-03,2026-10-10,RSVHub-baseline,0,0,0,3e-4,7.999999999999993e-4,0.0015678041780417804,0.002703929639296391,0,0,0,3e-4,8e-4,0.0016,0.0027,FALSE,FALSE,RSVHub-hub-models,2026-09-30,RSVHub baseline model
South Carolina,SC,2,wk inc rsv prop ed visits,prop_ed,2026-10-03,2026-10-17,RSVHub-baseline,0,0,0,3.0000000000000003e-4,9.809088090880905e-4,0.0019544483444834475,0.00318090880908809,0,0,0,3e-4,9.8e-4,0.002,0.0032,FALSE,FALSE,RSVHub-hub-models,2026-09-30,RSVHub baseline model
South Carolina,SC,0,wk inc rsv hosp,hosp,2026-10-03,2026-10-03,docxology-timesfm,1.843787760219218,3.8348262866058604,5.652039087375254,7.190713427682747,8.180348819365555,11.91880997406485,16.342271551878106,2,4,6,7,8,10,20,TRUE,FALSE,docxology,2026-09-30,docxology timesfm
South Carolina,SC,1,wk inc rsv hosp,hosp,2026-10-03,2026-10-10,docxology-timesfm,2.1343539720775704,4.347256999284209,6.100911325762574,7.698984428722056,10.738573171899578,16.288901895749767,21.731987254376627,2,4,6,8,10,20,20,TRUE,FALSE,docxology,2026-09-30,docxology timesfm
South Carolina,SC,2,wk inc rsv hosp,hosp,2026-10-03,2026-10-17,docxology-timesfm,3.955367031702475,7.342872302038099,9.869922777060712,15.32632971607952,20.211888615408768,27.722504017565623,46.10664061172737,4,7,10,20,20,30,50,TRUE,FALSE,docxology,2026-09-30,docxology timesfm
South Carolina,SC,0,wk inc rsv hosp,hosp,2026-10-03,2026-10-03,NAU-Copycat,1,3,4,7,10.250000000000114,15,24,1,3,4,7,10,20,20,TRUE,FALSE,NAU,2026-09-30,Copycat
South Carolina,SC,1,wk inc rsv hosp,hosp,2026-10-03,2026-10-10,NAU-Copycat,1,3,5,8,13,20,35.02499999999998,1,3,5,8,10,20,40,TRUE,FALSE,NAU,2026-09-30,Copycat
South Carolina,SC,2,wk inc rsv hosp,hosp,2026-10-03,2026-10-17,NAU-Copycat,1,3,5,9,16,26,46.02499999999998,1,3,5,9,20,30,50,TRUE,FALSE,NAU,2026-09-30,Copycat
South Carolina,SC,0,wk inc rsv prop ed visits,prop_ed,2026-10-03,2026-10-03,NAU-Copycat,6.868329069269375e-5,1.7637134560671047e-4,2.692202896583658e-4,3.9874710108370566e-4,5.757544329930669e-4,7.855579142176656e-4,0.0012063412436642408,6.9e-5,1.8e-4,2.7e-4,4e-4,5.8e-4,7.9e-4,0.0012,TRUE,FALSE,NAU,2026-09-30,Copycat
South Carolina,SC,1,wk inc rsv prop ed visits,prop_ed,2026-10-03,2026-10-10,NAU-Copycat,5.858540689793314e-5,1.732412105960254e-4,3.014269886579882e-4,4.8679819992213157e-4,7.464456056972575e-4,0.0010777965761771958,0.0016556468452108093,5.9e-5,1.7e-4,3e-4,4.9e-4,7.5e-4,0.0011,0.0017,TRUE,FALSE,NAU,2026-09-30,Copycat
South Carolina,SC,2,wk inc rsv prop ed visits,prop_ed,2026-10-03,2026-10-17,NAU-Copycat,6.765950434639766e-5,2.1244782059630282e-4,3.5332450854525194e-4,6.263627930264369e-4,9.933985714368476e-4,0.0014559417841999642,0.0023269554883427633,6.8e-5,2.1e-4,3.5e-4,6.3e-4,9.9e-4,0.0015,0.0023,TRUE,FALSE,NAU,2026-09-30,Copycat
South Carolina,SC,0,wk inc rsv hosp,hosp,2026-10-03,2026-10-03,UGA_flucast-INFLAenza,2,4,6,8,11,14,18,2,4,6,8,10,10,20,TRUE,FALSE,UGA_flucast,2026-09-30,INFLAenza
South Carolina,SC,1,wk inc rsv hosp,hosp,2026-10-03,2026-10-10,UGA_flucast-INFLAenza,3,5,7,10,14,18,24,3,5,7,10,10,20,20,TRUE,FALSE,UGA_flucast,2026-09-30,INFLAenza
South Carolina,SC,2,wk inc rsv hosp,hosp,2026-10-03,2026-10-17,UGA_flucast-INFLAenza,4,6,9,13,18,23,31,4,6,9,10,20,20,30,TRUE,FALSE,UGA_flucast,2026-09-30,INFLAenza
South Carolina,SC,0,wk inc rsv prop ed visits,prop_ed,2026-10-03,2026-10-03,UGA_flucast-INFLAenza,1.0780933512116985e-4,1.8889813217429934e-4,3.025429854304198e-4,4.626282549365674e-4,6.577790004943522e-4,8.894454419807432e-4,0.0011822891178287305,1.1e-4,1.9e-4,3e-4,4.6e-4,6.6e-4,8.9e-4,0.0012,TRUE,FALSE,UGA_flucast,2026-09-30,INFLAenza
South Carolina,SC,1,wk inc rsv prop ed visits,prop_ed,2026-10-03,2026-10-10,UGA_flucast-INFLAenza,1.5255315245391997e-4,2.5436043297742884e-4,3.849170666737809e-4,5.810120444072173e-4,8.315073871479738e-4,0.001095382202546691,0.0014510743709514088,1.5e-4,2.5e-4,3.8e-4,5.8e-4,8.3e-4,0.0011,0.0015,TRUE,FALSE,UGA_flucast,2026-09-30,INFLAenza
South Carolina,SC,2,wk inc rsv prop ed visits,prop_ed,2026-10-03,2026-10-17,UGA_flucast-INFLAenza,1.9095237305438338e-4,3.2691592755861525e-4,4.929937930368551e-4,7.344084680261692e-4,0.0010379813299672266,0.0013844503713604192,0.0018361202885372491,1.9e-4,3.3e-4,4.9e-4,7.3e-4,0.001,0.0014,0.0018,TRUE,FALSE,UGA_flucast,2026-09-30,INFLAenza
South Carolina,SC,0,wk inc rsv hosp,hosp,2026-10-03,2026-10-03,RSVHub-ensemble,1.921893880109609,3.9174131433029302,5.826019543687627,8,10.625000000000057,14.5,18.5,2,4,6,8,10,10,20,FALSE,TRUE,RSVHub,2026-09-30,Ensemble using RSVHub forecast submissions
South Carolina,SC,1,wk inc rsv hosp,hosp,2026-10-03,2026-10-10,RSVHub-ensemble,2.567176986038785,4.6736284996421045,6.050455662881287,9,13.5,18.5,25.5,3,5,6,9,10,20,30,FALSE,TRUE,RSVHub,2026-09-30,Ensemble using RSVHub forecast submissions
South Carolina,SC,2,wk inc rsv hosp,hosp,2026-10-03,2026-10-17,RSVHub-ensemble,2.5,4.5,6.5,11,18,26,44.01249999999999,3,5,7,10,20,30,40,FALSE,TRUE,RSVHub,2026-09-30,Ensemble using RSVHub forecast submissions
South Carolina,SC,0,wk inc rsv prop ed visits,prop_ed,2026-10-03,2026-10-03,RSVHub-ensemble,1.363354127130227e-4,2.1055544683960646e-4,3.04052333413238e-4,4.232871779032306e-4,5.671782625181036e-4,7.508876099830406e-4,0.0010761271639774764,1.4e-4,2.1e-4,3e-4,4.2e-4,5.7e-4,7.5e-4,0.0011,FALSE,TRUE,RSVHub,2026-09-30,Ensemble using RSVHub forecast submissions
South Carolina,SC,1,wk inc rsv prop ed visits,prop_ed,2026-10-03,2026-10-10,RSVHub-ensemble,1.4494476767091472e-4,2.5187684467856705e-4,3.6622785911992614e-4,5.217122169713002e-4,7.35449727262747e-4,0.0010322083401232993,0.0013840908121067056,1.4e-4,2.5e-4,3.7e-4,5.2e-4,7.4e-4,0.001,0.0014,FALSE,TRUE,RSVHub,2026-09-30,Ensemble using RSVHub forecast submissions
South Carolina,SC,2,wk inc rsv prop ed visits,prop_ed,2026-10-03,2026-10-17,RSVHub-ensemble,1.6293236117405517e-4,2.80638910908147e-4,4.1635851711533094e-4,6.455493421267964e-4,9.740184998802068e-4,0.0013568689793587432,0.0020060797226330025,1.6e-4,2.8e-4,4.2e-4,6.5e-4,9.7e-4,0.0014,0.002,FALSE,TRUE,RSVHub,2026-09-30,Ensemble using RSVHub forecast submissions
South Dakota,SD,0,wk inc rsv hosp,hosp,2026-10-03,2026-10-03,CEPH-Rtrend_rsv,1,1,1,2,2,3,3,1,1,1,2,2,3,3,TRUE,FALSE,CEPH Lab at Indiana University,2026-09-30,Rtrend RSV
South Dakota,SD,1,wk inc rsv hosp,hosp,2026-10-03,2026-10-10,CEPH-Rtrend_rsv,1,1,1,2,3,3,5,1,1,1,2,3,3,5,TRUE,FALSE,CEPH Lab at Indiana University,2026-09-30,Rtrend RSV
South Dakota,SD,2,wk inc rsv hosp,hosp,2026-10-03,2026-10-17,CEPH-Rtrend_rsv,0,1,1,2,3,4,6,0,1,1,2,3,4,6,TRUE,FALSE,CEPH Lab at Indiana University,2026-09-30,Rtrend RSV
South Dakota,SD,0,wk inc rsv prop ed visits,prop_ed,2026-10-03,2026-10-03,CFA-NowcastAutoGP,0,0,3.64844138375055e-5,1.0319954469346606e-4,1.9840330431264165e-4,3.483229959902122e-4,5.994471819668139e-4,0,0,3.6e-5,1e-4,2e-4,3.5e-4,6e-4,TRUE,FALSE,Center for Forecasting and Outbreak Analytics (CDC/CFA),2026-09-30,NowcastAutoGP
South Dakota,SD,1,wk inc rsv prop ed visits,prop_ed,2026-10-03,2026-10-10,CFA-NowcastAutoGP,0,0,3.920124252204508e-5,1.0584862547187505e-4,2.2048341700270897e-4,3.8084671925531346e-4,6.628614985433345e-4,0,0,3.9e-5,1.1e-4,2.2e-4,3.8e-4,6.6e-4,TRUE,FALSE,Center for Forecasting and Outbreak Analytics (CDC/CFA),2026-09-30,NowcastAutoGP
South Dakota,SD,2,wk inc rsv prop ed visits,prop_ed,2026-10-03,2026-10-17,CFA-NowcastAutoGP,0,0,3.499162568499888e-5,1.0920996586598049e-4,2.3172507625821815e-4,4.2837740622119505e-4,7.73470140154298e-4,0,0,3.5e-5,1.1e-4,2.3e-4,4.3e-4,7.7e-4,TRUE,FALSE,Center for Forecasting and Outbreak Analytics (CDC/CFA),2026-09-30,NowcastAutoGP
South Dakota,SD,0,wk inc rsv prop ed visits,prop_ed,2026-10-03,2026-10-03,CFA-PyRenew_E,0,0,0,1.6922740637718926e-4,3.4065848937191574e-4,5.183543684123391e-4,8.716210654718411e-4,0,0,0,1.7e-4,3.4e-4,5.2e-4,8.7e-4,TRUE,FALSE,Center for Forecasting and Outbreak Analytics (CDC/CFA),2026-09-30,PyRenew-E
South Dakota,SD,1,wk inc rsv prop ed visits,prop_ed,2026-10-03,2026-10-10,CFA-PyRenew_E,0,0,0,1.7039844518813103e-4,3.463503030991581e-4,6.955662899369504e-4,0.0013562202861092275,0,0,0,1.7e-4,3.5e-4,7e-4,0.0014,TRUE,FALSE,Center for Forecasting and Outbreak Analytics (CDC/CFA),2026-09-30,PyRenew-E
South Dakota,SD,2,wk inc rsv prop ed visits,prop_ed,2026-10-03,2026-10-17,CFA-PyRenew_E,0,0,0,1.7164409115025898e-4,5.056401619024025e-4,0.0010017931512884249,0.002115544846694779,0,0,0,1.7e-4,5.1e-4,0.001,0.0021,TRUE,FALSE,Center for Forecasting and Outbreak Analytics (CDC/CFA),2026-09-30,PyRenew-E
South Dakota,SD,0,wk inc rsv hosp,hosp,2026-10-03,2026-10-03,CFA-PyRenew_H,0,0,0,1,2,3,6,0,0,0,1,2,3,6,FALSE,FALSE,Center for Forecasting and Outbreak Analytics (CDC/CFA),2026-09-30,PyRenew-H
South Dakota,SD,1,wk inc rsv hosp,hosp,2026-10-03,2026-10-10,CFA-PyRenew_H,0,0,0,1,2,4,8,0,0,0,1,2,4,8,FALSE,FALSE,Center for Forecasting and Outbreak Analytics (CDC/CFA),2026-09-30,PyRenew-H
South Dakota,SD,2,wk inc rsv hosp,hosp,2026-10-03,2026-10-17,CFA-PyRenew_H,0,0,0,1,3,6,14,0,0,0,1,3,6,10,FALSE,FALSE,Center for Forecasting and Outbreak Analytics (CDC/CFA),2026-09-30,PyRenew-H
South Dakota,SD,0,wk inc rsv hosp,hosp,2026-10-03,2026-10-03,CFA-PyRenew_HE,0,0,0,1,2,3,4,0,0,0,1,2,3,4,TRUE,FALSE,Center for Forecasting and Outbreak Analytics (CDC/CFA),2026-09-30,PyRenew-HE
South Dakota,SD,1,wk inc rsv hosp,hosp,2026-10-03,2026-10-10,CFA-PyRenew_HE,0,0,0,1,2,4,7,0,0,0,1,2,4,7,TRUE,FALSE,Center for Forecasting and Outbreak Analytics (CDC/CFA),2026-09-30,PyRenew-HE
South Dakota,SD,2,wk inc rsv hosp,hosp,2026-10-03,2026-10-17,CFA-PyRenew_HE,0,0,0,1,3,5,12.024999999999864,0,0,0,1,3,5,10,TRUE,FALSE,Center for Forecasting and Outbreak Analytics (CDC/CFA),2026-09-30,PyRenew-HE
South Dakota,SD,0,wk inc rsv prop ed visits,prop_ed,2026-10-03,2026-10-03,CFA-PyRenew_HE,0,0,1.619410482634418e-4,1.7632324981350404e-4,5.02777255194842e-4,6.872705867512453e-4,0.0010260886665676829,0,0,1.6e-4,1.8e-4,5e-4,6.9e-4,0.001,FALSE,FALSE,Center for Forecasting and Outbreak Analytics (CDC/CFA),2026-09-30,PyRenew-HE
South Dakota,SD,1,wk inc rsv prop ed visits,prop_ed,2026-10-03,2026-10-10,CFA-PyRenew_HE,0,0,1.653134584837059e-4,3.346793501360408e-4,5.276061467814467e-4,9.99129546065308e-4,0.001667177079219628,0,0,1.7e-4,3.3e-4,5.3e-4,0.001,0.0017,FALSE,FALSE,Center for Forecasting and Outbreak Analytics (CDC/CFA),2026-09-30,PyRenew-HE
South Dakota,SD,2,wk inc rsv prop ed visits,prop_ed,2026-10-03,2026-10-17,CFA-PyRenew_HE,0,0,1.673564154362635e-4,3.431348153576566e-4,8.396912758897757e-4,0.0014204941452787391,0.0030614273336285218,0,0,1.7e-4,3.4e-4,8.4e-4,0.0014,0.0031,FALSE,FALSE,Center for Forecasting and Outbreak Analytics (CDC/CFA),2026-09-30,PyRenew-HE
South Dakota,SD,0,wk inc rsv hosp,hosp,2026-10-03,2026-10-03,NAU-epymorph,0,0,1,2,3,5,8,0,0,1,2,3,5,8,TRUE,FALSE,Northern Arizona University,2026-09-30,epymorph RSV compartmental model
South Dakota,SD,1,wk inc rsv hosp,hosp,2026-10-03,2026-10-10,NAU-epymorph,0,0,1,2,4,7,14,0,0,1,2,4,7,10,TRUE,FALSE,Northern Arizona University,2026-09-30,epymorph RSV compartmental model
South Dakota,SD,2,wk inc rsv hosp,hosp,2026-10-03,2026-10-17,NAU-epymorph,0,0,1,2,5,10,24,0,0,1,2,5,10,20,TRUE,FALSE,Northern Arizona University,2026-09-30,epymorph RSV compartmental model
South Dakota,SD,0,wk inc rsv hosp,hosp,2026-10-03,2026-10-03,RSVHub-baseline,0,0,1,2,3,5,11.974999999999966,0,0,1,2,3,5,10,FALSE,FALSE,RSVHub-hub-models,2026-09-30,RSVHub baseline model
South Dakota,SD,1,wk inc rsv hosp,hosp,2026-10-03,2026-10-10,RSVHub-baseline,0,0,0,2,4,9,15.317753177531758,0,0,0,2,4,9,20,FALSE,FALSE,RSVHub-hub-models,2026-09-30,RSVHub baseline model
South Dakota,SD,2,wk inc rsv hosp,hosp,2026-10-03,2026-10-17,RSVHub-baseline,0,0,0,2,5,10.908804088040885,17,0,0,0,2,5,10,20,FALSE,FALSE,RSVHub-hub-models,2026-09-30,RSVHub baseline model
South Dakota,SD,0,wk inc rsv prop ed visits,prop_ed,2026-10-03,2026-10-03,RSVHub-baseline,0,0,0,3e-4,6.000000000000002e-4,0.0017000000000000001,0.003500000000000001,0,0,0,3e-4,6e-4,0.0017,0.0035,FALSE,FALSE,RSVHub-hub-models,2026-09-30,RSVHub baseline model
South Dakota,SD,1,wk inc rsv prop ed visits,prop_ed,2026-10-03,2026-10-10,RSVHub-baseline,0,0,0,3e-4,0.0012000000000000008,0.0027889617896178984,0.004423601611016108,0,0,0,3e-4,0.0012,0.0028,0.0044,FALSE,FALSE,RSVHub-hub-models,2026-09-30,RSVHub baseline model
South Dakota,SD,2,wk inc rsv prop ed visits,prop_ed,2026-10-03,2026-10-17,RSVHub-baseline,0,0,0,3e-4,0.0015999999999999975,0.0032441382413824116,0.004999999999999998,0,0,0,3e-4,0.0016,0.0032,0.005,FALSE,FALSE,RSVHub-hub-models,2026-09-30,RSVHub baseline model
South Dakota,SD,0,wk inc rsv hosp,hosp,2026-10-03,2026-10-03,docxology-timesfm,0,0.5143511099241422,0.9008091948122574,1.3974191479388902,2.2332523310921446,3.6797076693648285,4.527077630447352,0,1,1,1,2,4,5,TRUE,FALSE,docxology,2026-09-30,docxology timesfm
South Dakota,SD,1,wk inc rsv hosp,hosp,2026-10-03,2026-10-10,docxology-timesfm,0.001669433826193144,0.3067583337673351,0.6625602663289352,1.2383720326923053,2.07458072676602,2.907864584149877,4.3459466710827,0,0,1,1,2,3,4,TRUE,FALSE,docxology,2026-09-30,docxology timesfm
South Dakota,SD,2,wk inc rsv hosp,hosp,2026-10-03,2026-10-17,docxology-timesfm,0,0.1918401994057653,0.5594688903043857,1.121922257401042,1.6812027906558313,2.6096252981599406,4.000208069205215,0,0,1,1,2,3,4,TRUE,FALSE,docxology,2026-09-30,docxology timesfm
South Dakota,SD,0,wk inc rsv hosp,hosp,2026-10-03,2026-10-03,NAU-Copycat,0,1,1,2,3,5,7.024999999999977,0,1,1,2,3,5,7,TRUE,FALSE,NAU,2026-09-30,Copycat
South Dakota,SD,1,wk inc rsv hosp,hosp,2026-10-03,2026-10-10,NAU-Copycat,0,1,2,3,4,6,10,0,1,2,3,4,6,10,TRUE,FALSE,NAU,2026-09-30,Copycat
South Dakota,SD,2,wk inc rsv hosp,hosp,2026-10-03,2026-10-17,NAU-Copycat,0,1,2,3,6,8,12.024999999999977,0,1,2,3,6,8,10,TRUE,FALSE,NAU,2026-09-30,Copycat
South Dakota,SD,0,wk inc rsv prop ed visits,prop_ed,2026-10-03,2026-10-03,NAU-Copycat,0,3.178045454801777e-5,1.332148864359303e-4,3.983321027488563e-4,9.162957869642036e-4,0.0016886445300558287,0.0034981416866140813,0,3.2e-5,1.3e-4,4e-4,9.2e-4,0.0017,0.0035,TRUE,FALSE,NAU,2026-09-30,Copycat
South Dakota,SD,1,wk inc rsv prop ed visits,prop_ed,2026-10-03,2026-10-10,NAU-Copycat,0,0,1.0852534853945444e-4,4.574763999869286e-4,0.0013297321871144257,0.0032022176609381335,0.010223466638562159,0,0,1.1e-4,4.6e-4,0.0013,0.0032,0.01,TRUE,FALSE,NAU,2026-09-30,Copycat
South Dakota,SD,2,wk inc rsv prop ed visits,prop_ed,2026-10-03,2026-10-17,NAU-Copycat,0,0,1.0300132853746823e-4,5.986315408362097e-4,0.002065996577112342,0.005607787593918992,0.022798087278924004,0,0,1e-4,6e-4,0.0021,0.0056,0.023,TRUE,FALSE,NAU,2026-09-30,Copycat
South Dakota,SD,0,wk inc rsv hosp,hosp,2026-10-03,2026-10-03,UGA_flucast-INFLAenza,0,0,0,1,1,2,3,0,0,0,1,1,2,3,TRUE,FALSE,UGA_flucast,2026-09-30,INFLAenza
South Dakota,SD,1,wk inc rsv hosp,hosp,2026-10-03,2026-10-10,UGA_flucast-INFLAenza,0,0,0,0,1,2,3,0,0,0,0,1,2,3,TRUE,FALSE,UGA_flucast,2026-09-30,INFLAenza
South Dakota,SD,2,wk inc rsv hosp,hosp,2026-10-03,2026-10-17,UGA_flucast-INFLAenza,0,0,0,1,1,2,3,0,0,0,1,1,2,3,TRUE,FALSE,UGA_flucast,2026-09-30,INFLAenza
South Dakota,SD,0,wk inc rsv prop ed visits,prop_ed,2026-10-03,2026-10-03,UGA_flucast-INFLAenza,2.2303242874786702e-5,5.6797998574036304e-5,1.0820276174005304e-4,1.9658193085699327e-4,3.1681107993023015e-4,4.620349829001194e-4,6.815730441669279e-4,2.2e-5,5.7e-5,1.1e-4,2e-4,3.2e-4,4.6e-4,6.8e-4,TRUE,FALSE,UGA_flucast,2026-09-30,INFLAenza
South Dakota,SD,1,wk inc rsv prop ed visits,prop_ed,2026-10-03,2026-10-10,UGA_flucast-INFLAenza,2.495043048231757e-5,6.486011538802831e-5,1.2195309866579137e-4,2.1421733053325376e-4,3.3913228786976374e-4,4.8012007860758106e-4,7.178540985778529e-4,2.5e-5,6.5e-5,1.2e-4,2.1e-4,3.4e-4,4.8e-4,7.2e-4,TRUE,FALSE,UGA_flucast,2026-09-30,INFLAenza
South Dakota,SD,2,wk inc rsv prop ed visits,prop_ed,2026-10-03,2026-10-17,UGA_flucast-INFLAenza,2.8068815864069486e-5,7.141445365631407e-5,1.3576364401345482e-4,2.344318105247784e-4,3.6666528959741404e-4,5.33889361720195e-4,7.354973747304863e-4,2.8e-5,7.1e-5,1.4e-4,2.3e-4,3.7e-4,5.3e-4,7.4e-4,TRUE,FALSE,UGA_flucast,2026-09-30,INFLAenza
South Dakota,SD,0,wk inc rsv hosp,hosp,2026-10-03,2026-10-03,RSVHub-ensemble,0,0.2571755549620711,0.9504045974061287,1.698709573969445,2.116626165546072,3.3398538346824145,4.263538815223676,0,0,1,2,2,3,4,FALSE,TRUE,RSVHub,2026-09-30,Ensemble using RSVHub forecast submissions
South Dakota,SD,1,wk inc rsv hosp,hosp,2026-10-03,2026-10-10,RSVHub-ensemble,0,0.15337916688366754,0.8312801331644676,1.6191860163461527,2.53729036338301,3.5,6,0,0,1,2,3,4,6,FALSE,TRUE,RSVHub,2026-09-30,Ensemble using RSVHub forecast submissions
South Dakota,SD,2,wk inc rsv hosp,hosp,2026-10-03,2026-10-17,RSVHub-ensemble,0,0.09592009970288265,0.7797344451521928,1.560961128700521,3,4.5,9.012499999999932,0,0,1,2,3,5,9,FALSE,TRUE,RSVHub,2026-09-30,Ensemble using RSVHub forecast submissions
South Dakota,SD,0,wk inc rsv prop ed visits,prop_ed,2026-10-03,2026-10-03,RSVHub-ensemble,0,1.5890227274008887e-5,7.234358778877927e-5,1.8290466861709128e-4,3.2873478465107297e-4,4.901946756562293e-4,7.765970548193845e-4,0,1.6e-5,7.2e-5,1.8e-4,3.3e-4,4.9e-4,7.8e-4,FALSE,TRUE,RSVHub,2026-09-30,Ensemble using RSVHub forecast submissions
South Dakota,SD,1,wk inc rsv prop ed visits,prop_ed,2026-10-03,2026-10-10,RSVHub-ensemble,0,0,7.386329553074977e-5,1.923078878606924e-4,3.4274129548446093e-4,5.878431842722657e-4,0.0010370371923435402,0,0,7.4e-5,1.9e-4,3.4e-4,5.9e-4,0.001,FALSE,TRUE,RSVHub,2026-09-30,Ensemble using RSVHub forecast submissions
South Dakota,SD,2,wk inc rsv prop ed visits,prop_ed,2026-10-03,2026-10-17,RSVHub-ensemble,0,0,6.899647711123355e-5,2.0303795083751868e-4,4.361527257499083e-4,7.6784125650431e-4,0.0014445074934245385,0,0,6.9e-5,2e-4,4.4e-4,7.7e-4,0.0014,FALSE,TRUE,RSVHub,2026-09-30,Ensemble using RSVHub forecast submissions
Tennessee,TN,0,wk inc rsv hosp,hosp,2026-10-03,2026-10-03,CEPH-Rtrend_rsv,2,3,5,7,9,11,14,2,3,5,7,9,10,10,TRUE,FALSE,CEPH Lab at Indiana University,2026-09-30,Rtrend RSV
Tennessee,TN,1,wk inc rsv hosp,hosp,2026-10-03,2026-10-10,CEPH-Rtrend_rsv,1,2,4,7,10,14,19,1,2,4,7,10,10,20,TRUE,FALSE,CEPH Lab at Indiana University,2026-09-30,Rtrend RSV
Tennessee,TN,2,wk inc rsv hosp,hosp,2026-10-03,2026-10-17,CEPH-Rtrend_rsv,0,2,3,6,11,15,20,0,2,3,6,10,20,20,TRUE,FALSE,CEPH Lab at Indiana University,2026-09-30,Rtrend RSV
Tennessee,TN,0,wk inc rsv prop ed visits,prop_ed,2026-10-03,2026-10-03,CFA-NowcastAutoGP,3.2361793317465935e-4,3.863808013140688e-4,4.6884640912322155e-4,5.696817351133205e-4,7.046206301310727e-4,8.304884693686108e-4,0.0010518049251010925,3.2e-4,3.9e-4,4.7e-4,5.7e-4,7e-4,8.3e-4,0.0011,TRUE,FALSE,Center for Forecasting and Outbreak Analytics (CDC/CFA),2026-09-30,NowcastAutoGP
Tennessee,TN,1,wk inc rsv prop ed visits,prop_ed,2026-10-03,2026-10-10,CFA-NowcastAutoGP,3.4459798062866435e-4,4.302157890419616e-4,5.239849587273757e-4,6.501182724434388e-4,8.091220946652645e-4,0.001001048761505642,0.0012932236052869354,3.4e-4,4.3e-4,5.2e-4,6.5e-4,8.1e-4,0.001,0.0013,TRUE,FALSE,Center for Forecasting and Outbreak Analytics (CDC/CFA),2026-09-30,NowcastAutoGP
Tennessee,TN,2,wk inc rsv prop ed visits,prop_ed,2026-10-03,2026-10-17,CFA-NowcastAutoGP,3.6018841879697014e-4,4.4873344460114164e-4,5.609728880828398e-4,7.185277326936855e-4,9.320459606058859e-4,0.0011592951168163483,0.0015200437214672828,3.6e-4,4.5e-4,5.6e-4,7.2e-4,0.00093000000000000005,0.0012,0.0015,TRUE,FALSE,Center for Forecasting and Outbreak Analytics (CDC/CFA),2026-09-30,NowcastAutoGP
Tennessee,TN,0,wk inc rsv prop ed visits,prop_ed,2026-10-03,2026-10-03,CFA-PyRenew_E,3.1783614145826133e-4,3.9545529662402023e-4,4.775899784092185e-4,5.699160814381669e-4,6.741271304948662e-4,7.796286149985404e-4,9.170073730978373e-4,3.2e-4,4e-4,4.8e-4,5.7e-4,6.7e-4,7.8e-4,9.2e-4,TRUE,FALSE,Center for Forecasting and Outbreak Analytics (CDC/CFA),2026-09-30,PyRenew-E
Tennessee,TN,1,wk inc rsv prop ed visits,prop_ed,2026-10-03,2026-10-10,CFA-PyRenew_E,3.089053518252646e-4,4.0182018190440847e-4,5.056351015921715e-4,6.51189751531671e-4,8.145307680637389e-4,0.0010058753824892057,0.0012695048786096873,3.1e-4,4e-4,5.1e-4,6.5e-4,8.1e-4,0.001,0.0013,TRUE,FALSE,Center for Forecasting and Outbreak Analytics (CDC/CFA),2026-09-30,PyRenew-E
Tennessee,TN,2,wk inc rsv prop ed visits,prop_ed,2026-10-03,2026-10-17,CFA-PyRenew_E,2.4428562470598725e-4,3.894089601645112e-4,5.310407631128316e-4,7.518728332829108e-4,0.0010423615463690328,0.001376421638451777,0.0019588698199905193,2.4e-4,3.9e-4,5.3e-4,7.5e-4,0.001,0.0014,0.002,TRUE,FALSE,Center for Forecasting and Outbreak Analytics (CDC/CFA),2026-09-30,PyRenew-E
Tennessee,TN,0,wk inc rsv hosp,hosp,2026-10-03,2026-10-03,CFA-PyRenew_H,1,3,4,6,10,13,18,1,3,4,6,10,10,20,FALSE,FALSE,Center for Forecasting and Outbreak Analytics (CDC/CFA),2026-09-30,PyRenew-H
Tennessee,TN,1,wk inc rsv hosp,hosp,2026-10-03,2026-10-10,CFA-PyRenew_H,1,2,4,7,12,18,27,1,2,4,7,10,20,30,FALSE,FALSE,Center for Forecasting and Outbreak Analytics (CDC/CFA),2026-09-30,PyRenew-H
Tennessee,TN,2,wk inc rsv hosp,hosp,2026-10-03,2026-10-17,CFA-PyRenew_H,1,2,4,8,15,25,47,1,2,4,8,20,30,50,FALSE,FALSE,Center for Forecasting and Outbreak Analytics (CDC/CFA),2026-09-30,PyRenew-H
Tennessee,TN,0,wk inc rsv hosp,hosp,2026-10-03,2026-10-03,CFA-PyRenew_HE,4,6,8,11,14,17,22,4,6,8,10,10,20,20,TRUE,FALSE,Center for Forecasting and Outbreak Analytics (CDC/CFA),2026-09-30,PyRenew-HE
Tennessee,TN,1,wk inc rsv hosp,hosp,2026-10-03,2026-10-10,CFA-PyRenew_HE,4,6.900000000000006,9,13,17,22,29,4,7,9,10,20,20,30,TRUE,FALSE,Center for Forecasting and Outbreak Analytics (CDC/CFA),2026-09-30,PyRenew-HE
Tennessee,TN,2,wk inc rsv hosp,hosp,2026-10-03,2026-10-17,CFA-PyRenew_HE,4,6,9,14,20,29,42,4,6,9,10,20,30,40,TRUE,FALSE,Center for Forecasting and Outbreak Analytics (CDC/CFA),2026-09-30,PyRenew-HE
Tennessee,TN,0,wk inc rsv prop ed visits,prop_ed,2026-10-03,2026-10-03,CFA-PyRenew_HE,2.9864901682004233e-4,3.6411530846302854e-4,4.312809584130925e-4,5.113784954316281e-4,6.091772884043526e-4,6.963306838898085e-4,8.083007544807734e-4,3e-4,3.6e-4,4.3e-4,5.1e-4,6.1e-4,7e-4,8.1e-4,FALSE,FALSE,Center for Forecasting and Outbreak Analytics (CDC/CFA),2026-09-30,PyRenew-HE
Tennessee,TN,1,wk inc rsv prop ed visits,prop_ed,2026-10-03,2026-10-10,CFA-PyRenew_HE,2.7407936906481976e-4,3.626132628320219e-4,4.65290576476622e-4,5.850973594332205e-4,7.307721325497692e-4,8.936695484562065e-4,0.00110026022273808,2.7e-4,3.6e-4,4.7e-4,5.9e-4,7.3e-4,8.9e-4,0.0011,FALSE,FALSE,Center for Forecasting and Outbreak Analytics (CDC/CFA),2026-09-30,PyRenew-HE
Tennessee,TN,2,wk inc rsv prop ed visits,prop_ed,2026-10-03,2026-10-17,CFA-PyRenew_HE,2.3499382914613033e-4,3.424753388016527e-4,4.7774473908450085e-4,6.651966445509086e-4,9.084298331370868e-4,0.0012134007243803987,0.0016967980573121032,2.3e-4,3.4e-4,4.8e-4,6.7e-4,9.1e-4,0.0012,0.0017,FALSE,FALSE,Center for Forecasting and Outbreak Analytics (CDC/CFA),2026-09-30,PyRenew-HE
Tennessee,TN,0,wk inc rsv hosp,hosp,2026-10-03,2026-10-03,NAU-epymorph,0,2,5,8,12,17,24,0,2,5,8,10,20,20,TRUE,FALSE,Northern Arizona University,2026-09-30,epymorph RSV compartmental model
Tennessee,TN,1,wk inc rsv hosp,hosp,2026-10-03,2026-10-10,NAU-epymorph,0,2,5,10,15,24,43,0,2,5,10,20,20,40,TRUE,FALSE,Northern Arizona University,2026-09-30,epymorph RSV compartmental model
Tennessee,TN,2,wk inc rsv hosp,hosp,2026-10-03,2026-10-17,NAU-epymorph,0,2,5,11,19,36,65,0,2,5,10,20,40,70,TRUE,FALSE,Northern Arizona University,2026-09-30,epymorph RSV compartmental model
Tennessee,TN,0,wk inc rsv hosp,hosp,2026-10-03,2026-10-03,RSVHub-baseline,0,0,2,7,12,25,67.59999999999974,0,0,2,7,10,30,70,FALSE,FALSE,RSVHub-hub-models,2026-09-30,RSVHub baseline model
Tennessee,TN,1,wk inc rsv hosp,hosp,2026-10-03,2026-10-10,RSVHub-baseline,0,0,0,7,19,42.36288362883632,82.5279632796327,0,0,0,7,20,40,80,FALSE,FALSE,RSVHub-hub-models,2026-09-30,RSVHub baseline model
Tennessee,TN,2,wk inc rsv hosp,hosp,2026-10-03,2026-10-17,RSVHub-baseline,0,0,0,7,25.5169876698767,55.98127981279815,101.45177076770744,0,0,0,7,30,60,100,FALSE,FALSE,RSVHub-hub-models,2026-09-30,RSVHub baseline model
Tennessee,TN,0,wk inc rsv prop ed visits,prop_ed,2026-10-03,2026-10-03,RSVHub-baseline,0,0,3.9999999999999996e-4,6e-4,7.999999999999999e-4,0.0013999999999999993,0.0025999999999999994,0,0,4e-4,6e-4,8e-4,0.0014,0.0026,FALSE,FALSE,RSVHub-hub-models,2026-09-30,RSVHub baseline model
Tennessee,TN,1,wk inc rsv prop ed visits,prop_ed,2026-10-03,2026-10-10,RSVHub-baseline,0,0,1.9999999999999987e-4,6e-4,0.0011,0.0021228913289132903,0.0032147989479894804,0,0,2e-4,6e-4,0.0011,0.0021,0.0032,FALSE,FALSE,RSVHub-hub-models,2026-09-30,RSVHub baseline model
Tennessee,TN,2,wk inc rsv prop ed visits,prop_ed,2026-10-03,2026-10-17,RSVHub-baseline,0,0,0,6e-4,0.0013999999999999991,0.0024343124431244305,0.0037487508625086304,0,0,0,6e-4,0.0014,0.0024,0.0037,FALSE,FALSE,RSVHub-hub-models,2026-09-30,RSVHub baseline model
Tennessee,TN,0,wk inc rsv hosp,hosp,2026-10-03,2026-10-03,docxology-timesfm,3.0578925230666134,4.199583892532748,5.856054146366053,7.420435169177783,9.17208619684126,12.499775614289035,24.886056192011402,3,4,6,7,9,10,20,TRUE,FALSE,docxology,2026-09-30,docxology timesfm
Tennessee,TN,1,wk inc rsv hosp,hosp,2026-10-03,2026-10-10,docxology-timesfm,3.175435302300668,5.078426756342989,7.662475079900993,11.446660617783877,12.840759800432817,18.049403180856878,27.22579117591933,3,5,8,10,10,20,30,TRUE,FALSE,docxology,2026-09-30,docxology timesfm
Tennessee,TN,2,wk inc rsv hosp,hosp,2026-10-03,2026-10-17,docxology-timesfm,5.866892691789231,7.775379988115324,8.847125177855526,14.198662095604385,20.114812835784267,32.204335730848044,40.27776023092308,6,8,9,10,20,30,40,TRUE,FALSE,docxology,2026-09-30,docxology timesfm
Tennessee,TN,0,wk inc rsv hosp,hosp,2026-10-03,2026-10-03,NAU-Copycat,1,3,5,8,12,18,30.024999999999977,1,3,5,8,10,20,30,TRUE,FALSE,NAU,2026-09-30,Copycat
Tennessee,TN,1,wk inc rsv hosp,hosp,2026-10-03,2026-10-10,NAU-Copycat,1,3,6,9,14,22,37,1,3,6,9,10,20,40,TRUE,FALSE,NAU,2026-09-30,Copycat
Tennessee,TN,2,wk inc rsv hosp,hosp,2026-10-03,2026-10-17,NAU-Copycat,1,3,6,11,18,28,49.02499999999998,1,3,6,10,20,30,50,TRUE,FALSE,NAU,2026-09-30,Copycat
Tennessee,TN,0,wk inc rsv prop ed visits,prop_ed,2026-10-03,2026-10-03,NAU-Copycat,2.683161188952609e-4,4.8112304022121364e-4,6.217043335642453e-4,7.647800230398201e-4,9.312357617186663e-4,0.001099746590874477,0.0013561866429591355,2.7e-4,4.8e-4,6.2e-4,7.6e-4,0.00093000000000000005,0.0011,0.0014,TRUE,FALSE,NAU,2026-09-30,Copycat
Tennessee,TN,1,wk inc rsv prop ed visits,prop_ed,2026-10-03,2026-10-10,NAU-Copycat,2.7866694761387003e-4,5.030551634878682e-4,7.01445106082572e-4,9.433496035429061e-4,0.001193264395259686,0.0014705361987601185,0.0019305696879978133,2.8e-4,5e-4,7e-4,9.4e-4,0.0012,0.0015,0.0019,TRUE,FALSE,NAU,2026-09-30,Copycat
Tennessee,TN,2,wk inc rsv prop ed visits,prop_ed,2026-10-03,2026-10-17,NAU-Copycat,4.210839547258827e-4,6.187224794638152e-4,8.600799312413903e-4,0.0011924280811884673,0.001575012279664121,0.002051615246771606,0.002673453571528377,4.2e-4,6.2e-4,8.6e-4,0.0012,0.0016,0.0021,0.0027,TRUE,FALSE,NAU,2026-09-30,Copycat
Tennessee,TN,0,wk inc rsv hosp,hosp,2026-10-03,2026-10-03,UGA_flucast-INFLAenza,3,4,6,9,12,15,19,3,4,6,9,10,20,20,TRUE,FALSE,UGA_flucast,2026-09-30,INFLAenza
Tennessee,TN,1,wk inc rsv hosp,hosp,2026-10-03,2026-10-10,UGA_flucast-INFLAenza,3,6,8,11,15,19,25,3,6,8,10,20,20,30,TRUE,FALSE,UGA_flucast,2026-09-30,INFLAenza
Tennessee,TN,2,wk inc rsv hosp,hosp,2026-10-03,2026-10-17,UGA_flucast-INFLAenza,4,7,10,14,19,24,32,4,7,10,10,20,20,30,TRUE,FALSE,UGA_flucast,2026-09-30,INFLAenza
Tennessee,TN,0,wk inc rsv prop ed visits,prop_ed,2026-10-03,2026-10-03,UGA_flucast-INFLAenza,2.3738214490388112e-4,3.700869166930274e-4,5.098174568797734e-4,7.161167468877247e-4,9.5572843629232e-4,0.0012215074247433264,0.0015481474622966373,2.4e-4,3.7e-4,5.1e-4,7.2e-4,9.6e-4,0.0012,0.0015,TRUE,FALSE,UGA_flucast,2026-09-30,INFLAenza
Tennessee,TN,1,wk inc rsv prop ed visits,prop_ed,2026-10-03,2026-10-10,UGA_flucast-INFLAenza,3.2315550900834165e-4,4.6551497379748263e-4,6.490735399843678e-4,8.755377319726425e-4,0.0011648095523116165,0.001458208711717325,0.0018250186266196874,3.2e-4,4.7e-4,6.5e-4,8.8e-4,0.0012,0.0015,0.0018,TRUE,FALSE,UGA_flucast,2026-09-30,INFLAenza
Tennessee,TN,2,wk inc rsv prop ed visits,prop_ed,2026-10-03,2026-10-17,UGA_flucast-INFLAenza,4.1088651050193484e-4,6.072411349129651e-4,8.152938834555335e-4,0.001111559833301438,0.0014580773288208329,0.001800794720294338,0.002244863308052035,4.1e-4,6.1e-4,8.2e-4,0.0011,0.0015,0.0018,0.0022,TRUE,FALSE,UGA_flucast,2026-09-30,INFLAenza
Tennessee,TN,0,wk inc rsv hosp,hosp,2026-10-03,2026-10-03,RSVHub-ensemble,2.5,3.5,5.428027073183026,8,12,16,23,3,4,5,8,10,20,20,FALSE,TRUE,RSVHub,2026-09-30,Ensemble using RSVHub forecast submissions
Tennessee,TN,1,wk inc rsv hosp,hosp,2026-10-03,2026-10-10,RSVHub-ensemble,2,4.039213378171494,6.8312375399504965,10.5,14.5,20.5,28.112895587959663,2,4,7,10,10,20,30,FALSE,TRUE,RSVHub,2026-09-30,Ensemble using RSVHub forecast submissions
Tennessee,TN,2,wk inc rsv hosp,hosp,2026-10-03,2026-10-17,RSVHub-ensemble,2.5,4.5,7.423562588927763,12.5,19,28.5,41.13888011546154,3,5,7,10,20,30,40,FALSE,TRUE,RSVHub,2026-09-30,Ensemble using RSVHub forecast submissions
Tennessee,TN,0,wk inc rsv prop ed visits,prop_ed,2026-10-03,2026-10-03,RSVHub-ensemble,2.930761301767611e-4,3.909180489690445e-4,4.93703717644496e-4,6.430164141629459e-4,8.179281959248695e-4,9.651175301215438e-4,0.001203995784030114,2.9e-4,3.9e-4,4.9e-4,6.4e-4,8.2e-4,9.7e-4,0.0012,FALSE,TRUE,RSVHub,2026-09-30,Ensemble using RSVHub forecast submissions
Tennessee,TN,1,wk inc rsv prop ed visits,prop_ed,2026-10-03,2026-10-10,RSVHub-ensemble,3.1603043041680313e-4,4.478653814197221e-4,5.865292493558718e-4,7.633637417521567e-4,9.896701601876776e-4,0.0012320420471032653,0.0015591211159533113,3.2e-4,4.5e-4,5.9e-4,7.6e-4,9.9e-4,0.0012,0.0016,FALSE,TRUE,RSVHub,2026-09-30,Ensemble using RSVHub forecast submissions
Tennessee,TN,2,wk inc rsv prop ed visits,prop_ed,2026-10-03,2026-10-17,RSVHub-ensemble,3.855374646494525e-4,5.279872897570534e-4,6.881333857691866e-4,9.317163332921744e-4,0.0012502194375949328,0.0015886081793730575,0.002101866564021277,3.9e-4,5.3e-4,6.9e-4,0.00093000000000000005,0.0013,0.0016,0.0021,FALSE,TRUE,RSVHub,2026-09-30,Ensemble using RSVHub forecast submissions
Texas,TX,0,wk inc rsv hosp,hosp,2026-10-03,2026-10-03,CEPH-Rtrend_rsv,15,20,28,38,51,59,71,20,20,30,40,50,60,70,TRUE,FALSE,CEPH Lab at Indiana University,2026-09-30,Rtrend RSV
Texas,TX,1,wk inc rsv hosp,hosp,2026-10-03,2026-10-10,CEPH-Rtrend_rsv,13,18,28,41,53,69,87,10,20,30,40,50,70,90,TRUE,FALSE,CEPH Lab at Indiana University,2026-09-30,Rtrend RSV
Texas,TX,2,wk inc rsv hosp,hosp,2026-10-03,2026-10-17,CEPH-Rtrend_rsv,8,15,25,41,59,79,113,8,20,30,40,60,80,110,TRUE,FALSE,CEPH Lab at Indiana University,2026-09-30,Rtrend RSV
Texas,TX,0,wk inc rsv prop ed visits,prop_ed,2026-10-03,2026-10-03,CFA-NowcastAutoGP,5.29322824474859e-4,6.092997836567767e-4,6.794497969471658e-4,7.66727373536091e-4,8.629194424696672e-4,9.595427426761254e-4,0.0010689602068171121,5.3e-4,6.1e-4,6.8e-4,7.7e-4,8.6e-4,9.6e-4,0.0011,TRUE,FALSE,Center for Forecasting and Outbreak Analytics (CDC/CFA),2026-09-30,NowcastAutoGP
Texas,TX,1,wk inc rsv prop ed visits,prop_ed,2026-10-03,2026-10-10,CFA-NowcastAutoGP,5.946045639844317e-4,6.938628362213426e-4,7.97320369256818e-4,9.214813634261242e-4,0.0010705074544256914,0.0012159103610111216,0.0014091703210340673,5.9e-4,6.9e-4,8e-4,9.2e-4,0.0011,0.0012,0.0014,TRUE,FALSE,Center for Forecasting and Outbreak Analytics (CDC/CFA),2026-09-30,NowcastAutoGP
Texas,TX,2,wk inc rsv prop ed visits,prop_ed,2026-10-03,2026-10-17,CFA-NowcastAutoGP,6.83730745982992e-4,8.044225592137225e-4,9.420621751261365e-4,0.001137866720201168,0.0013439344392604559,0.001565694430155543,0.0019133891309925963,6.8e-4,8e-4,9.4e-4,0.0011,0.0013,0.0016,0.0019,TRUE,FALSE,Center for Forecasting and Outbreak Analytics (CDC/CFA),2026-09-30,NowcastAutoGP
Texas,TX,0,wk inc rsv prop ed visits,prop_ed,2026-10-03,2026-10-03,CFA-PyRenew_E,5.937355019278883e-4,6.541316222597583e-4,7.168472258228175e-4,7.816453760815368e-4,8.530558576296778e-4,9.261569551816354e-4,0.0010117409518675877,5.9e-4,6.5e-4,7.2e-4,7.8e-4,8.5e-4,0.00093000000000000005,0.001,TRUE,FALSE,Center for Forecasting and Outbreak Analytics (CDC/CFA),2026-09-30,PyRenew-E
Texas,TX,1,wk inc rsv prop ed visits,prop_ed,2026-10-03,2026-10-10,CFA-PyRenew_E,6.003089003903374e-4,7.112084860153041e-4,8.037136790708019e-4,9.224141733263986e-4,0.0010547697339901504,0.0012059036043852423,0.0014172307270547107,6e-4,7.1e-4,8e-4,9.2e-4,0.0011,0.0012,0.0014,TRUE,FALSE,Center for Forecasting and Outbreak Analytics (CDC/CFA),2026-09-30,PyRenew-E
Texas,TX,2,wk inc rsv prop ed visits,prop_ed,2026-10-03,2026-10-17,CFA-PyRenew_E,5.686731309109939e-4,7.293941726538813e-4,8.908480286660001e-4,0.0010951477654686614,0.0013553085656489653,0.0016684251491688236,0.0022285196086451794,5.7e-4,7.3e-4,8.9e-4,0.0011,0.0014,0.0017,0.0022,TRUE,FALSE,Center for Forecasting and Outbreak Analytics (CDC/CFA),2026-09-30,PyRenew-E
Texas,TX,0,wk inc rsv hosp,hosp,2026-10-03,2026-10-03,CFA-PyRenew_H,32,41,50,62,75,88,106.02499999999986,30,40,50,60,80,90,110,FALSE,FALSE,Center for Forecasting and Outbreak Analytics (CDC/CFA),2026-09-30,PyRenew-H
Texas,TX,1,wk inc rsv hosp,hosp,2026-10-03,2026-10-10,CFA-PyRenew_H,33,44,57,77,104,138,194,30,40,60,80,100,140,190,FALSE,FALSE,Center for Forecasting and Outbreak Analytics (CDC/CFA),2026-09-30,PyRenew-H
Texas,TX,2,wk inc rsv hosp,hosp,2026-10-03,2026-10-17,CFA-PyRenew_H,29,45,65,97,153,226.10000000000014,395.0749999999996,30,50,70,100,150,230,400,FALSE,FALSE,Center for Forecasting and Outbreak Analytics (CDC/CFA),2026-09-30,PyRenew-H
Texas,TX,0,wk inc rsv hosp,hosp,2026-10-03,2026-10-03,CFA-PyRenew_HE,42,50,57,67,77,88,102,40,50,60,70,80,90,100,TRUE,FALSE,Center for Forecasting and Outbreak Analytics (CDC/CFA),2026-09-30,PyRenew-HE
Texas,TX,1,wk inc rsv hosp,hosp,2026-10-03,2026-10-10,CFA-PyRenew_HE,45,55,66,80,97,115,147,50,60,70,80,100,120,150,TRUE,FALSE,Center for Forecasting and Outbreak Analytics (CDC/CFA),2026-09-30,PyRenew-HE
Texas,TX,2,wk inc rsv hosp,hosp,2026-10-03,2026-10-17,CFA-PyRenew_HE,44,59,75,95,126,165,218.02499999999986,40,60,80,100,130,170,220,TRUE,FALSE,Center for Forecasting and Outbreak Analytics (CDC/CFA),2026-09-30,PyRenew-HE
Texas,TX,0,wk inc rsv prop ed visits,prop_ed,2026-10-03,2026-10-03,CFA-PyRenew_HE,5.849063341478351e-4,6.491273368157163e-4,7.031075864747603e-4,7.716199758659404e-4,8.411633478273103e-4,9.097895863989223e-4,9.879923559826206e-4,5.8e-4,6.5e-4,7e-4,7.7e-4,8.4e-4,9.1e-4,9.9e-4,FALSE,FALSE,Center for Forecasting and Outbreak Analytics (CDC/CFA),2026-09-30,PyRenew-HE
Texas,TX,1,wk inc rsv prop ed visits,prop_ed,2026-10-03,2026-10-10,CFA-PyRenew_HE,5.957549150791119e-4,7.055207662053527e-4,7.996560972932389e-4,9.28118058169381e-4,0.0010728922123608427,0.0012182448926465154,0.0014344530564901741,6e-4,7.1e-4,8e-4,0.00093000000000000005,0.0011,0.0012,0.0014,FALSE,FALSE,Center for Forecasting and Outbreak Analytics (CDC/CFA),2026-09-30,PyRenew-HE
Texas,TX,2,wk inc rsv prop ed visits,prop_ed,2026-10-03,2026-10-17,CFA-PyRenew_HE,5.606676796863434e-4,7.334971936356864e-4,9.147722866477512e-4,0.0011188866869779163,0.001408101735977216,0.0017277968850711676,0.002259161424763587,5.6e-4,7.3e-4,9.1e-4,0.0011,0.0014,0.0017,0.0023,FALSE,FALSE,Center for Forecasting and Outbreak Analytics (CDC/CFA),2026-09-30,PyRenew-HE
Texas,TX,0,wk inc rsv hosp,hosp,2026-10-03,2026-10-03,NAU-epymorph,27,36,46,60,75,95,117,30,40,50,60,80,100,120,TRUE,FALSE,Northern Arizona University,2026-09-30,epymorph RSV compartmental model
Texas,TX,1,wk inc rsv hosp,hosp,2026-10-03,2026-10-10,NAU-epymorph,25,35,50,73,109,153,202,30,40,50,70,110,150,200,TRUE,FALSE,Northern Arizona University,2026-09-30,epymorph RSV compartmental model
Texas,TX,2,wk inc rsv hosp,hosp,2026-10-03,2026-10-17,NAU-epymorph,22,37,56,88,157,242,377,20,40,60,90,160,240,380,TRUE,FALSE,Northern Arizona University,2026-09-30,epymorph RSV compartmental model
Texas,TX,0,wk inc rsv hosp,hosp,2026-10-03,2026-10-03,RSVHub-baseline,0,0,43,51,59,104.69999999999999,192.02499999999984,0,0,40,50,60,100,190,FALSE,FALSE,RSVHub-hub-models,2026-09-30,RSVHub baseline model
Texas,TX,1,wk inc rsv hosp,hosp,2026-10-03,2026-10-10,RSVHub-baseline,0,0,25.458612086120862,51,79.1151836518365,140.34209842098414,227.797482224822,0,0,30,50,80,140,230,FALSE,FALSE,RSVHub-hub-models,2026-09-30,RSVHub baseline model
Texas,TX,2,wk inc rsv hosp,hosp,2026-10-03,2026-10-17,RSVHub-baseline,0,0,12.698366983669821,51,95.4639546395464,170.36304163041623,260.8673614236127,0,0,10,50,100,170,260,FALSE,FALSE,RSVHub-hub-models,2026-09-30,RSVHub baseline model
Texas,TX,0,wk inc rsv prop ed visits,prop_ed,2026-10-03,2026-10-03,RSVHub-baseline,0,0,5.999999999999998e-4,7.000000000000001e-4,8.000000000000004e-4,0.0015500000000000012,0.0027624999999999985,0,0,6e-4,7e-4,8e-4,0.0016,0.0028,FALSE,FALSE,RSVHub-hub-models,2026-09-30,RSVHub baseline model
Texas,TX,1,wk inc rsv prop ed visits,prop_ed,2026-10-03,2026-10-10,RSVHub-baseline,0,0,2.999999999999999e-4,7.000000000000001e-4,0.0012,0.0021316144161441647,0.00340070245702457,0,0,3e-4,7e-4,0.0012,0.0021,0.0034,FALSE,FALSE,RSVHub-hub-models,2026-09-30,RSVHub baseline model
Texas,TX,2,wk inc rsv prop ed visits,prop_ed,2026-10-03,2026-10-17,RSVHub-baseline,0,0,9.999999999999988e-5,7.000000000000001e-4,0.0014737217372173695,0.002500000000000001,0.003808446909469089,0,0,1e-4,7e-4,0.0015,0.0025,0.0038,FALSE,FALSE,RSVHub-hub-models,2026-09-30,RSVHub baseline model
Texas,TX,0,wk inc rsv hosp,hosp,2026-10-03,2026-10-03,docxology-timesfm,33.0852225302785,41.72736008384169,50.74378218053003,60.67122877020316,66.5042371902911,86.56886764179276,101.61079709588495,30,40,50,60,70,90,100,TRUE,FALSE,docxology,2026-09-30,docxology timesfm
Texas,TX,1,wk inc rsv hosp,hosp,2026-10-03,2026-10-10,docxology-timesfm,40.95788834817252,42.14772371061626,61.56144715772034,83.01003355086975,95.68861784895907,107.88683924574366,142.1607825055622,40,40,60,80,100,110,140,TRUE,FALSE,docxology,2026-09-30,docxology timesfm
Texas,TX,2,wk inc rsv hosp,hosp,2026-10-03,2026-10-17,docxology-timesfm,42.626266613307635,53.53690684273792,60.67098142708378,98.04784990894385,120.53628609774117,169.2762194077059,221.71864027789567,40,50,60,100,120,170,220,TRUE,FALSE,docxology,2026-09-30,docxology timesfm
Texas,TX,0,wk inc rsv hosp,hosp,2026-10-03,2026-10-03,NAU-Copycat,15.975000000000001,27,41,62,93,137,230,20,30,40,60,90,140,230,TRUE,FALSE,NAU,2026-09-30,Copycat
Texas,TX,1,wk inc rsv hosp,hosp,2026-10-03,2026-10-10,NAU-Copycat,15,28,44,72,121,188.20000000000027,345,20,30,40,70,120,190,350,TRUE,FALSE,NAU,2026-09-30,Copycat
Texas,TX,2,wk inc rsv hosp,hosp,2026-10-03,2026-10-17,NAU-Copycat,13,27,46,81.5,149,267,476.07499999999993,10,30,50,80,150,270,480,TRUE,FALSE,NAU,2026-09-30,Copycat
Texas,TX,0,wk inc rsv prop ed visits,prop_ed,2026-10-03,2026-10-03,NAU-Copycat,3.348128188481703e-4,5.462798775929146e-4,7.137552185106143e-4,9.04779563435066e-4,0.0011664924725047613,0.0014316399958765997,0.0019018721853769356,3.3e-4,5.5e-4,7.1e-4,9e-4,0.0012,0.0014,0.0019,TRUE,FALSE,NAU,2026-09-30,Copycat
Texas,TX,1,wk inc rsv prop ed visits,prop_ed,2026-10-03,2026-10-10,NAU-Copycat,3.041520529965985e-4,5.419163184077783e-4,7.749717853182672e-4,0.0010925718602167245,0.0014726181392653408,0.0019493207071082292,0.0025775852309356125,3e-4,5.4e-4,7.7e-4,0.0011,0.0015,0.0019,0.0026,TRUE,FALSE,NAU,2026-09-30,Copycat
Texas,TX,2,wk inc rsv prop ed visits,prop_ed,2026-10-03,2026-10-17,NAU-Copycat,3.5838059635000225e-4,6.262785413771901e-4,9.4528212750637e-4,0.0013993775885337597,0.001965444327907106,0.0026449246060943556,0.003727296908998037,3.6e-4,6.3e-4,9.5e-4,0.0014,0.002,0.0026,0.0037,TRUE,FALSE,NAU,2026-09-30,Copycat
Texas,TX,0,wk inc rsv hosp,hosp,2026-10-03,2026-10-03,UGA_flucast-INFLAenza,33,40,48,57,68,80,95,30,40,50,60,70,80,100,TRUE,FALSE,UGA_flucast,2026-09-30,INFLAenza
Texas,TX,1,wk inc rsv hosp,hosp,2026-10-03,2026-10-10,UGA_flucast-INFLAenza,33,42,53,66,83,100,124,30,40,50,70,80,100,120,TRUE,FALSE,UGA_flucast,2026-09-30,INFLAenza
Texas,TX,2,wk inc rsv hosp,hosp,2026-10-03,2026-10-17,UGA_flucast-INFLAenza,34,46,58,75,97,122,159,30,50,60,80,100,120,160,TRUE,FALSE,UGA_flucast,2026-09-30,INFLAenza
Texas,TX,0,wk inc rsv prop ed visits,prop_ed,2026-10-03,2026-10-03,UGA_flucast-INFLAenza,2.244033064979398e-4,3.495334821641162e-4,4.937446718364024e-4,6.967258711192065e-4,9.503400663761918e-4,0.0012073556208926244,0.001551806116414197,2.2e-4,3.5e-4,4.9e-4,7e-4,9.5e-4,0.0012,0.0016,TRUE,FALSE,UGA_flucast,2026-09-30,INFLAenza
Texas,TX,1,wk inc rsv prop ed visits,prop_ed,2026-10-03,2026-10-10,UGA_flucast-INFLAenza,2.7173496875350405e-4,4.0235820125309715e-4,5.660269584358921e-4,7.933745516971388e-4,0.0010663125952480677,0.0013684744685157518,0.0017819547357315498,2.7e-4,4e-4,5.7e-4,7.9e-4,0.0011,0.0014,0.0018,TRUE,FALSE,UGA_flucast,2026-09-30,INFLAenza
Texas,TX,2,wk inc rsv prop ed visits,prop_ed,2026-10-03,2026-10-17,UGA_flucast-INFLAenza,2.944398341167322e-4,4.5012118773159903e-4,6.379899533636589e-4,9.114315582271829e-4,0.0012387620926375023,0.0015994846139057944,0.0020805905932868526,2.9e-4,4.5e-4,6.4e-4,9.1e-4,0.0012,0.0016,0.0021,TRUE,FALSE,UGA_flucast,2026-09-30,INFLAenza
Texas,TX,0,wk inc rsv hosp,hosp,2026-10-03,2026-10-03,RSVHub-ensemble,30,38,47,60.33561438510158,71.5,87.28443382089638,101.80539854794247,30,40,50,60,70,90,100,FALSE,TRUE,RSVHub,2026-09-30,Ensemble using RSVHub forecast submissions
Texas,TX,1,wk inc rsv hosp,hosp,2026-10-03,2026-10-10,RSVHub-ensemble,29,38.5,51.5,72.5,96.34430892447953,111.44341962287183,144.5803912527811,30,40,50,70,100,110,140,FALSE,TRUE,RSVHub,2026-09-30,Ensemble using RSVHub forecast submissions
Texas,TX,2,wk inc rsv hosp,hosp,2026-10-03,2026-10-17,RSVHub-ensemble,28,41.5,57,84.75,123.26814304887058,167.13810970385293,219.87182013894778,30,40,60,80,120,170,220,FALSE,TRUE,RSVHub,2026-09-30,Ensemble using RSVHub forecast submissions
Texas,TX,0,wk inc rsv prop ed visits,prop_ed,2026-10-03,2026-10-03,RSVHub-ensemble,4.320678216615146e-4,5.777898306248456e-4,6.9660250772889e-4,7.741863748088138e-4,9.066297544229295e-4,0.0010834491817843749,0.0013103831616156545,4.3e-4,5.8e-4,7e-4,7.7e-4,9.1e-4,0.0011,0.0013,FALSE,TRUE,RSVHub,2026-09-30,Ensemble using RSVHub forecast submissions
Texas,TX,1,wk inc rsv prop ed visits,prop_ed,2026-10-03,2026-10-10,RSVHub-ensemble,4.493783084905151e-4,6.178895773145605e-4,7.861460772875426e-4,9.219477683762614e-4,0.0010684100248368796,0.0012921924147634367,0.0015995927313931302,4.5e-4,6.2e-4,7.9e-4,9.2e-4,0.0011,0.0013,0.0016,FALSE,TRUE,RSVHub,2026-09-30,Ensemble using RSVHub forecast submissions
Texas,TX,2,wk inc rsv prop ed visits,prop_ed,2026-10-03,2026-10-17,RSVHub-ensemble,4.635268636304981e-4,6.778363570155356e-4,9.164551018960682e-4,0.0011165072428349146,0.0013496215024547107,0.001633954881537309,0.0021545551009660158,4.6e-4,6.8e-4,9.2e-4,0.0011,0.0013,0.0016,0.0022,FALSE,TRUE,RSVHub,2026-09-30,Ensemble using RSVHub forecast submissions
Utah,UT,0,wk inc rsv hosp,hosp,2026-10-03,2026-10-03,CEPH-Rtrend_rsv,1,1,2,3,5,6,8,1,1,2,3,5,6,8,TRUE,FALSE,CEPH Lab at Indiana University,2026-09-30,Rtrend RSV
Utah,UT,1,wk inc rsv hosp,hosp,2026-10-03,2026-10-10,CEPH-Rtrend_rsv,1,1,2,3,5,7,10,1,1,2,3,5,7,10,TRUE,FALSE,CEPH Lab at Indiana University,2026-09-30,Rtrend RSV
Utah,UT,2,wk inc rsv hosp,hosp,2026-10-03,2026-10-17,CEPH-Rtrend_rsv,0,1,2,3,6,8,13,0,1,2,3,6,8,10,TRUE,FALSE,CEPH Lab at Indiana University,2026-09-30,Rtrend RSV
Utah,UT,0,wk inc rsv prop ed visits,prop_ed,2026-10-03,2026-10-03,CFA-NowcastAutoGP,2.1594209340317074e-5,4.928106191727247e-5,8.672070406320257e-5,1.5082370784372424e-4,2.614068149976636e-4,4.0727318797313797e-4,7.154030126677582e-4,2.2e-5,4.9e-5,8.7e-5,1.5e-4,2.6e-4,4.1e-4,7.2e-4,TRUE,FALSE,Center for Forecasting and Outbreak Analytics (CDC/CFA),2026-09-30,NowcastAutoGP
Utah,UT,1,wk inc rsv prop ed visits,prop_ed,2026-10-03,2026-10-10,CFA-NowcastAutoGP,1.236426708588768e-5,4.206136375142578e-5,8.174331721357077e-5,1.5524601516123728e-4,2.8966113331099037e-4,5.08571917029564e-4,9.386935062694666e-4,1.2e-5,4.2e-5,8.2e-5,1.6e-4,2.9e-4,5.1e-4,9.4e-4,TRUE,FALSE,Center for Forecasting and Outbreak Analytics (CDC/CFA),2026-09-30,NowcastAutoGP
Utah,UT,2,wk inc rsv prop ed visits,prop_ed,2026-10-03,2026-10-17,CFA-NowcastAutoGP,8.627953457860942e-6,3.552722535875581e-5,8.190452802409654e-5,1.643567381724594e-4,3.267603279760579e-4,6.202712171161494e-4,0.0011921127053935105,8.6e-6,3.6e-5,8.2e-5,1.6e-4,3.3e-4,6.2e-4,0.0012,TRUE,FALSE,Center for Forecasting and Outbreak Analytics (CDC/CFA),2026-09-30,NowcastAutoGP
Utah,UT,0,wk inc rsv prop ed visits,prop_ed,2026-10-03,2026-10-03,CFA-PyRenew_E,4.652875413985151e-5,1.3683275930567e-4,2.278714544571053e-4,3.2322404067800973e-4,4.681863843020596e-4,6.396587067151751e-4,8.585432052535298e-4,4.7e-5,1.4e-4,2.3e-4,3.2e-4,4.7e-4,6.4e-4,8.6e-4,TRUE,FALSE,Center for Forecasting and Outbreak Analytics (CDC/CFA),2026-09-30,PyRenew-E
Utah,UT,1,wk inc rsv prop ed visits,prop_ed,2026-10-03,2026-10-10,CFA-PyRenew_E,9.129998853737424e-5,1.7966091606713182e-4,2.737309709808758e-4,4.54109599811094e-4,6.929256757827204e-4,0.001053247818697674,0.0015955946677399027,9.1e-5,1.8e-4,2.7e-4,4.5e-4,6.9e-4,0.0011,0.0016,TRUE,FALSE,Center for Forecasting and Outbreak Analytics (CDC/CFA),2026-09-30,PyRenew-E
Utah,UT,2,wk inc rsv prop ed visits,prop_ed,2026-10-03,2026-10-17,CFA-PyRenew_E,9.132383073271414e-5,1.8141821528413482e-4,3.2314545627049746e-4,5.927028563227648e-4,0.0010544412522253642,0.001815369204638997,0.0035163967972564533,9.1e-5,1.8e-4,3.2e-4,5.9e-4,0.0011,0.0018,0.0035,TRUE,FALSE,Center for Forecasting and Outbreak Analytics (CDC/CFA),2026-09-30,PyRenew-E
Utah,UT,0,wk inc rsv hosp,hosp,2026-10-03,2026-10-03,CFA-PyRenew_H,0,0,0,0,1,3,5,0,0,0,0,1,3,5,FALSE,FALSE,Center for Forecasting and Outbreak Analytics (CDC/CFA),2026-09-30,PyRenew-H
Utah,UT,1,wk inc rsv hosp,hosp,2026-10-03,2026-10-10,CFA-PyRenew_H,0,0,0,0,2,3,6,0,0,0,0,2,3,6,FALSE,FALSE,Center for Forecasting and Outbreak Analytics (CDC/CFA),2026-09-30,PyRenew-H
Utah,UT,2,wk inc rsv hosp,hosp,2026-10-03,2026-10-17,CFA-PyRenew_H,0,0,0,0,2,4,9,0,0,0,0,2,4,9,FALSE,FALSE,Center for Forecasting and Outbreak Analytics (CDC/CFA),2026-09-30,PyRenew-H
Utah,UT,0,wk inc rsv hosp,hosp,2026-10-03,2026-10-03,CFA-PyRenew_HE,0,0,1,2,3,5,6,0,0,1,2,3,5,6,TRUE,FALSE,Center for Forecasting and Outbreak Analytics (CDC/CFA),2026-09-30,PyRenew-HE
Utah,UT,1,wk inc rsv hosp,hosp,2026-10-03,2026-10-10,CFA-PyRenew_HE,0,0,1,2,4,6,11,0,0,1,2,4,6,10,TRUE,FALSE,Center for Forecasting and Outbreak Analytics (CDC/CFA),2026-09-30,PyRenew-HE
Utah,UT,2,wk inc rsv hosp,hosp,2026-10-03,2026-10-17,CFA-PyRenew_HE,0,1,1,3,6,10,19,0,1,1,3,6,10,20,TRUE,FALSE,Center for Forecasting and Outbreak Analytics (CDC/CFA),2026-09-30,PyRenew-HE
Utah,UT,0,wk inc rsv prop ed visits,prop_ed,2026-10-03,2026-10-03,CFA-PyRenew_HE,4.605569414389736e-5,1.291046504154975e-4,1.8348566385530682e-4,2.762254852438537e-4,4.085762983965684e-4,5.388633262499691e-4,6.978788149029228e-4,4.6e-5,1.3e-4,1.8e-4,2.8e-4,4.1e-4,5.4e-4,7e-4,FALSE,FALSE,Center for Forecasting and Outbreak Analytics (CDC/CFA),2026-09-30,PyRenew-HE
Utah,UT,1,wk inc rsv prop ed visits,prop_ed,2026-10-03,2026-10-10,CFA-PyRenew_HE,4.607509328945563e-5,1.3706756535754262e-4,2.2866081383135625e-4,3.6590129716667405e-4,5.494013961691419e-4,7.755953145323811e-4,0.0011022883810149669,4.6e-5,1.4e-4,2.3e-4,3.7e-4,5.5e-4,7.8e-4,0.0011,FALSE,FALSE,Center for Forecasting and Outbreak Analytics (CDC/CFA),2026-09-30,PyRenew-HE
Utah,UT,2,wk inc rsv prop ed visits,prop_ed,2026-10-03,2026-10-17,CFA-PyRenew_HE,4.6223602014260567e-5,1.3784488464636246e-4,2.7016376264857637e-4,4.580879584957249e-4,7.8090262522767e-4,0.0012312079799606849,0.0021681205844849933,4.6e-5,1.4e-4,2.7e-4,4.6e-4,7.8e-4,0.0012,0.0022,FALSE,FALSE,Center for Forecasting and Outbreak Analytics (CDC/CFA),2026-09-30,PyRenew-HE
Utah,UT,0,wk inc rsv hosp,hosp,2026-10-03,2026-10-03,NAU-epymorph,0,0,0,0,2,5,11,0,0,0,0,2,5,10,TRUE,FALSE,Northern Arizona University,2026-09-30,epymorph RSV compartmental model
Utah,UT,1,wk inc rsv hosp,hosp,2026-10-03,2026-10-10,NAU-epymorph,0,0,0,0,2,6,16,0,0,0,0,2,6,20,TRUE,FALSE,Northern Arizona University,2026-09-30,epymorph RSV compartmental model
Utah,UT,2,wk inc rsv hosp,hosp,2026-10-03,2026-10-17,NAU-epymorph,0,0,0,0,3,8,24,0,0,0,0,3,8,20,TRUE,FALSE,Northern Arizona University,2026-09-30,epymorph RSV compartmental model
Utah,UT,0,wk inc rsv hosp,hosp,2026-10-03,2026-10-03,RSVHub-baseline,0,0,0,0,2,7,34.524999999999814,0,0,0,0,2,7,30,FALSE,FALSE,RSVHub-hub-models,2026-09-30,RSVHub baseline model
Utah,UT,1,wk inc rsv hosp,hosp,2026-10-03,2026-10-10,RSVHub-baseline,0,0,0,0,4.486999869998712,12.9085680856809,49.29676671766714,0,0,0,0,4,10,50,FALSE,FALSE,RSVHub-hub-models,2026-09-30,RSVHub baseline model
Utah,UT,2,wk inc rsv hosp,hosp,2026-10-03,2026-10-17,RSVHub-baseline,0,0,0,0,7,23.376803768037632,52.00741332413317,0,0,0,0,7,20,50,FALSE,FALSE,RSVHub-hub-models,2026-09-30,RSVHub baseline model
Utah,UT,0,wk inc rsv prop ed visits,prop_ed,2026-10-03,2026-10-03,RSVHub-baseline,0,0,9.999999999999996e-5,3e-4,5e-4,0.0014999999999999996,0.0038249999999999972,0,0,1e-4,3e-4,5e-4,0.0015,0.0038,FALSE,FALSE,RSVHub-hub-models,2026-09-30,RSVHub baseline model
Utah,UT,1,wk inc rsv prop ed visits,prop_ed,2026-10-03,2026-10-10,RSVHub-baseline,0,0,0,3e-4,9.677591775917766e-4,0.0025969768697686963,0.0052859568095680945,0,0,0,3e-4,9.7e-4,0.0026,0.0053,FALSE,FALSE,RSVHub-hub-models,2026-09-30,RSVHub baseline model
Utah,UT,2,wk inc rsv prop ed visits,prop_ed,2026-10-03,2026-10-17,RSVHub-baseline,0,0,0,3e-4,0.0013000000000000004,0.0031897296972969815,0.006272004395043934,0,0,0,3e-4,0.0013,0.0032,0.0063,FALSE,FALSE,RSVHub-hub-models,2026-09-30,RSVHub baseline model
Utah,UT,0,wk inc rsv hosp,hosp,2026-10-03,2026-10-03,docxology-timesfm,0,0,0,0.06327079371905632,0.9796125596376865,1.9097947394436472,3.0628031901743245,0,0,0,0,1,2,3,TRUE,FALSE,docxology,2026-09-30,docxology timesfm
Utah,UT,1,wk inc rsv hosp,hosp,2026-10-03,2026-10-10,docxology-timesfm,0,0,0.16536514776923913,0.5434440584929824,1.4377296655236762,4.358617675485329,14.828794374459237,0,0,0,1,1,4,10,TRUE,FALSE,docxology,2026-09-30,docxology timesfm
Utah,UT,2,wk inc rsv hosp,hosp,2026-10-03,2026-10-17,docxology-timesfm,0,0,0.6262143525342241,1.7024964294935583,3.0953735292063778,8.516546857825332,37.251391112020755,0,0,1,2,3,9,40,TRUE,FALSE,docxology,2026-09-30,docxology timesfm
Utah,UT,0,wk inc rsv hosp,hosp,2026-10-03,2026-10-03,NAU-Copycat,0,0,0,0,1,3,5,0,0,0,0,1,3,5,TRUE,FALSE,NAU,2026-09-30,Copycat
Utah,UT,1,wk inc rsv hosp,hosp,2026-10-03,2026-10-10,NAU-Copycat,0,0,0,0,2,4,11,0,0,0,0,2,4,10,TRUE,FALSE,NAU,2026-09-30,Copycat
Utah,UT,2,wk inc rsv hosp,hosp,2026-10-03,2026-10-17,NAU-Copycat,0,0,0,1,3,8,22.024999999999977,0,0,0,1,3,8,20,TRUE,FALSE,NAU,2026-09-30,Copycat
Utah,UT,0,wk inc rsv prop ed visits,prop_ed,2026-10-03,2026-10-03,NAU-Copycat,0,6.623929684986674e-5,1.9455594985997226e-4,4.310963323454136e-4,8.357927840515888e-4,0.0015792679271588517,0.0033741938139788424,0,6.6e-5,1.9e-4,4.3e-4,8.4e-4,0.0016,0.0034,TRUE,FALSE,NAU,2026-09-30,Copycat
Utah,UT,1,wk inc rsv prop ed visits,prop_ed,2026-10-03,2026-10-10,NAU-Copycat,0,2.8506109318176393e-5,1.6922649633234086e-4,5.025022394350596e-4,0.0013407939590127163,0.0027657900637579427,0.005593601229820941,0,2.9e-5,1.7e-4,5e-4,0.0013,0.0028,0.0056,TRUE,FALSE,NAU,2026-09-30,Copycat
Utah,UT,2,wk inc rsv prop ed visits,prop_ed,2026-10-03,2026-10-17,NAU-Copycat,0,2.507438775004781e-5,1.9141290671534182e-4,7.189118781900934e-4,0.001984510380628851,0.004730691370728527,0.011362102806065134,0,2.5e-5,1.9e-4,7.2e-4,0.002,0.0047,0.011,TRUE,FALSE,NAU,2026-09-30,Copycat
Utah,UT,0,wk inc rsv hosp,hosp,2026-10-03,2026-10-03,UGA_flucast-INFLAenza,0,0,0,1,1,2,4,0,0,0,1,1,2,4,TRUE,FALSE,UGA_flucast,2026-09-30,INFLAenza
Utah,UT,1,wk inc rsv hosp,hosp,2026-10-03,2026-10-10,UGA_flucast-INFLAenza,0,0,0,1,2,2,4,0,0,0,1,2,2,4,TRUE,FALSE,UGA_flucast,2026-09-30,INFLAenza
Utah,UT,2,wk inc rsv hosp,hosp,2026-10-03,2026-10-17,UGA_flucast-INFLAenza,0,0,0,1,2,2,4,0,0,0,1,2,2,4,TRUE,FALSE,UGA_flucast,2026-09-30,INFLAenza
Utah,UT,0,wk inc rsv prop ed visits,prop_ed,2026-10-03,2026-10-03,UGA_flucast-INFLAenza,1.7828062356122042e-5,4.7845088920184055e-5,9.55533195987667e-5,1.767741595454249e-4,2.936144071250272e-4,4.3476996478113963e-4,6.27463419999716e-4,1.8e-5,4.8e-5,9.6e-5,1.8e-4,2.9e-4,4.3e-4,6.3e-4,TRUE,FALSE,UGA_flucast,2026-09-30,INFLAenza
Utah,UT,1,wk inc rsv prop ed visits,prop_ed,2026-10-03,2026-10-10,UGA_flucast-INFLAenza,1.96450600451637e-5,5.003037260159539e-5,1.0195783729281966e-4,1.9586087387487026e-4,3.2005252867035687e-4,4.5932305438831333e-4,6.774425262910842e-4,2e-5,5e-5,1e-4,2e-4,3.2e-4,4.6e-4,6.8e-4,TRUE,FALSE,UGA_flucast,2026-09-30,INFLAenza
Utah,UT,2,wk inc rsv prop ed visits,prop_ed,2026-10-03,2026-10-17,UGA_flucast-INFLAenza,2.103932840410122e-5,5.928024789733393e-5,1.152226790413133e-4,2.1144308613154793e-4,3.4449720811458105e-4,4.95040011686561e-4,7.021857391357702e-4,2.1e-5,5.9e-5,1.2e-4,2.1e-4,3.4e-4,5e-4,7e-4,TRUE,FALSE,UGA_flucast,2026-09-30,INFLAenza
Utah,UT,0,wk inc rsv hosp,hosp,2026-10-03,2026-10-03,RSVHub-ensemble,0,0,0,0.5316353968595282,1.5,4,5.5,0,0,0,1,2,4,6,FALSE,TRUE,RSVHub,2026-09-30,Ensemble using RSVHub forecast submissions
Utah,UT,1,wk inc rsv hosp,hosp,2026-10-03,2026-10-10,RSVHub-ensemble,0,0,0.08268257388461957,0.7717220292464912,2,5.179308837742664,11,0,0,0,1,2,5,10,FALSE,TRUE,RSVHub,2026-09-30,Ensemble using RSVHub forecast submissions
Utah,UT,2,wk inc rsv hosp,hosp,2026-10-03,2026-10-17,RSVHub-ensemble,0,0,0.31310717626711204,1.351248214746779,3.047686764603189,8,20.51249999999999,0,0,0,1,3,8,20,FALSE,TRUE,RSVHub,2026-09-30,Ensemble using RSVHub forecast submissions
Utah,UT,0,wk inc rsv prop ed visits,prop_ed,2026-10-03,2026-10-03,RSVHub-ensemble,1.9711135848219557e-5,5.7760179383569606e-5,1.4505463472936947e-4,2.499991001117173e-4,3.809003957135434e-4,5.372143357481574e-4,7.86973108960644e-4,2e-5,5.8e-5,1.5e-4,2.5e-4,3.8e-4,5.4e-4,7.9e-4,FALSE,TRUE,RSVHub,2026-09-30,Ensemble using RSVHub forecast submissions
Utah,UT,1,wk inc rsv prop ed visits,prop_ed,2026-10-03,2026-10-10,RSVHub-ensemble,1.600466356552569e-5,4.6045868176510585e-5,1.3559216681258027e-4,3.2498523684298215e-4,5.064891022265386e-4,7.809098678636191e-4,0.0012671440870046847,1.6e-5,4.6e-5,1.4e-4,3.2e-4,5.1e-4,7.8e-4,0.0013,FALSE,TRUE,RSVHub,2026-09-30,Ensemble using RSVHub forecast submissions
Utah,UT,2,wk inc rsv prop ed visits,prop_ed,2026-10-03,2026-10-17,RSVHub-ensemble,1.483364093098108e-5,4.7403736628044864e-5,1.5331779287832756e-4,4.020729712271564e-4,6.994692301699726e-4,0.0012178202108775733,0.002354254751324982,1.5e-5,4.7e-5,1.5e-4,4e-4,7e-4,0.0012,0.0024,FALSE,TRUE,RSVHub,2026-09-30,Ensemble using RSVHub forecast submissions
Vermont,VT,0,wk inc rsv hosp,hosp,2026-10-03,2026-10-03,CEPH-Rtrend_rsv,1,1,1,2,2,3,3,1,1,1,2,2,3,3,TRUE,FALSE,CEPH Lab at Indiana University,2026-09-30,Rtrend RSV
Vermont,VT,1,wk inc rsv hosp,hosp,2026-10-03,2026-10-10,CEPH-Rtrend_rsv,1,1,1,2,3,4,5,1,1,1,2,3,4,5,TRUE,FALSE,CEPH Lab at Indiana University,2026-09-30,Rtrend RSV
Vermont,VT,2,wk inc rsv hosp,hosp,2026-10-03,2026-10-17,CEPH-Rtrend_rsv,0,1,1,2,3,5,8,0,1,1,2,3,5,8,TRUE,FALSE,CEPH Lab at Indiana University,2026-09-30,Rtrend RSV
Vermont,VT,0,wk inc rsv prop ed visits,prop_ed,2026-10-03,2026-10-03,CFA-NowcastAutoGP,0,0,1.2050686705984827e-5,6.247984119386831e-5,1.4718195903078504e-4,2.4487583995116724e-4,3.9492581265180427e-4,0,0,1.2e-5,6.2e-5,1.5e-4,2.4e-4,3.9e-4,TRUE,FALSE,Center for Forecasting and Outbreak Analytics (CDC/CFA),2026-09-30,NowcastAutoGP
Vermont,VT,1,wk inc rsv prop ed visits,prop_ed,2026-10-03,2026-10-10,CFA-NowcastAutoGP,0,0,1.2115001107957632e-5,6.589718100490381e-5,1.4119301418550804e-4,2.6014034289380825e-4,4.855781694263954e-4,0,0,1.2e-5,6.6e-5,1.4e-4,2.6e-4,4.9e-4,TRUE,FALSE,Center for Forecasting and Outbreak Analytics (CDC/CFA),2026-09-30,NowcastAutoGP
Vermont,VT,2,wk inc rsv prop ed visits,prop_ed,2026-10-03,2026-10-17,CFA-NowcastAutoGP,0,0,1.1727387562395818e-5,6.706208133405229e-5,1.4895552376586977e-4,2.5803873303604347e-4,4.3574884361194437e-4,0,0,1.2e-5,6.7e-5,1.5e-4,2.6e-4,4.4e-4,TRUE,FALSE,Center for Forecasting and Outbreak Analytics (CDC/CFA),2026-09-30,NowcastAutoGP
Vermont,VT,0,wk inc rsv prop ed visits,prop_ed,2026-10-03,2026-10-03,CFA-PyRenew_E,0,0,0,0,1.7379992700311797e-4,1.8371674397980468e-4,5.193654727937191e-4,0,0,0,0,1.7e-4,1.8e-4,5.2e-4,TRUE,FALSE,Center for Forecasting and Outbreak Analytics (CDC/CFA),2026-09-30,PyRenew-E
Vermont,VT,1,wk inc rsv prop ed visits,prop_ed,2026-10-03,2026-10-10,CFA-PyRenew_E,0,0,0,0,1.72287844075198e-4,1.8519104848830218e-4,5.508659304851477e-4,0,0,0,0,1.7e-4,1.9e-4,5.5e-4,TRUE,FALSE,Center for Forecasting and Outbreak Analytics (CDC/CFA),2026-09-30,PyRenew-E
Vermont,VT,2,wk inc rsv prop ed visits,prop_ed,2026-10-03,2026-10-17,CFA-PyRenew_E,0,0,0,0,1.7311436489870523e-4,3.5093926485564657e-4,8.882088329664204e-4,0,0,0,0,1.7e-4,3.5e-4,8.9e-4,TRUE,FALSE,Center for Forecasting and Outbreak Analytics (CDC/CFA),2026-09-30,PyRenew-E
Vermont,VT,0,wk inc rsv hosp,hosp,2026-10-03,2026-10-03,CFA-PyRenew_H,0,0,0,0,1,2,4,0,0,0,0,1,2,4,FALSE,FALSE,Center for Forecasting and Outbreak Analytics (CDC/CFA),2026-09-30,PyRenew-H
Vermont,VT,1,wk inc rsv hosp,hosp,2026-10-03,2026-10-10,CFA-PyRenew_H,0,0,0,0,1,3,5,0,0,0,0,1,3,5,FALSE,FALSE,Center for Forecasting and Outbreak Analytics (CDC/CFA),2026-09-30,PyRenew-H
Vermont,VT,2,wk inc rsv hosp,hosp,2026-10-03,2026-10-17,CFA-PyRenew_H,0,0,0,0,1,3.1000000000001364,11,0,0,0,0,1,3,10,FALSE,FALSE,Center for Forecasting and Outbreak Analytics (CDC/CFA),2026-09-30,PyRenew-H
Vermont,VT,0,wk inc rsv hosp,hosp,2026-10-03,2026-10-03,CFA-PyRenew_HE,0,0,0,0,0,1,2,0,0,0,0,0,1,2,TRUE,FALSE,Center for Forecasting and Outbreak Analytics (CDC/CFA),2026-09-30,PyRenew-HE
Vermont,VT,1,wk inc rsv hosp,hosp,2026-10-03,2026-10-10,CFA-PyRenew_HE,0,0,0,0,1,1,2,0,0,0,0,1,1,2,TRUE,FALSE,Center for Forecasting and Outbreak Analytics (CDC/CFA),2026-09-30,PyRenew-HE
Vermont,VT,2,wk inc rsv hosp,hosp,2026-10-03,2026-10-17,CFA-PyRenew_HE,0,0,0,0,1,2,3.0249999999998636,0,0,0,0,1,2,3,TRUE,FALSE,Center for Forecasting and Outbreak Analytics (CDC/CFA),2026-09-30,PyRenew-HE
Vermont,VT,0,wk inc rsv prop ed visits,prop_ed,2026-10-03,2026-10-03,CFA-PyRenew_HE,0,0,0,0,1.784802666957562e-4,3.5496727655995346e-4,5.416937850093806e-4,0,0,0,0,1.8e-4,3.5e-4,5.4e-4,FALSE,FALSE,Center for Forecasting and Outbreak Analytics (CDC/CFA),2026-09-30,PyRenew-HE
Vermont,VT,1,wk inc rsv prop ed visits,prop_ed,2026-10-03,2026-10-10,CFA-PyRenew_HE,0,0,0,0,1.783311976826869e-4,3.6089029914840884e-4,7.084658830754275e-4,0,0,0,0,1.8e-4,3.6e-4,7.1e-4,FALSE,FALSE,Center for Forecasting and Outbreak Analytics (CDC/CFA),2026-09-30,PyRenew-HE
Vermont,VT,2,wk inc rsv prop ed visits,prop_ed,2026-10-03,2026-10-17,CFA-PyRenew_HE,0,0,0,0,1.8045446778433937e-4,5.236441893118422e-4,0.0010562065376999816,0,0,0,0,1.8e-4,5.2e-4,0.0011,FALSE,FALSE,Center for Forecasting and Outbreak Analytics (CDC/CFA),2026-09-30,PyRenew-HE
Vermont,VT,0,wk inc rsv hosp,hosp,2026-10-03,2026-10-03,NAU-epymorph,0,0,0,0,2,3,7,0,0,0,0,2,3,7,TRUE,FALSE,Northern Arizona University,2026-09-30,epymorph RSV compartmental model
Vermont,VT,1,wk inc rsv hosp,hosp,2026-10-03,2026-10-10,NAU-epymorph,0,0,0,0,2,4,9,0,0,0,0,2,4,9,TRUE,FALSE,Northern Arizona University,2026-09-30,epymorph RSV compartmental model
Vermont,VT,2,wk inc rsv hosp,hosp,2026-10-03,2026-10-17,NAU-epymorph,0,0,0,0,2,6,15,0,0,0,0,2,6,20,TRUE,FALSE,Northern Arizona University,2026-09-30,epymorph RSV compartmental model
Vermont,VT,0,wk inc rsv hosp,hosp,2026-10-03,2026-10-03,RSVHub-baseline,0,0,0,0,1,3,8,0,0,0,0,1,3,8,FALSE,FALSE,RSVHub-hub-models,2026-09-30,RSVHub baseline model
Vermont,VT,1,wk inc rsv hosp,hosp,2026-10-03,2026-10-10,RSVHub-baseline,0,0,0,0,2,5.095712957129569,10.226882518825192,0,0,0,0,2,5,10,FALSE,FALSE,RSVHub-hub-models,2026-09-30,RSVHub baseline model
Vermont,VT,2,wk inc rsv hosp,hosp,2026-10-03,2026-10-17,RSVHub-baseline,0,0,0,0,2,6,11,0,0,0,0,2,6,10,FALSE,FALSE,RSVHub-hub-models,2026-09-30,RSVHub baseline model
Vermont,VT,0,wk inc rsv prop ed visits,prop_ed,2026-10-03,2026-10-03,RSVHub-baseline,0,0,0,0,4e-4,0.0014000000000000002,0.0038874999999999943,0,0,0,0,4e-4,0.0014,0.0039,FALSE,FALSE,RSVHub-hub-models,2026-09-30,RSVHub baseline model
Vermont,VT,1,wk inc rsv prop ed visits,prop_ed,2026-10-03,2026-10-10,RSVHub-baseline,0,0,0,0,8e-4,0.0026000000000000003,0.005105273027730278,0,0,0,0,8e-4,0.0026,0.0051,FALSE,FALSE,RSVHub-hub-models,2026-09-30,RSVHub baseline model
Vermont,VT,2,wk inc rsv prop ed visits,prop_ed,2026-10-03,2026-10-17,RSVHub-baseline,0,0,0,0,0.0012000000000000008,0.003278152581525817,0.006024016215162153,0,0,0,0,0.0012,0.0033,0.006,FALSE,FALSE,RSVHub-hub-models,2026-09-30,RSVHub baseline model
Vermont,VT,0,wk inc rsv hosp,hosp,2026-10-03,2026-10-03,docxology-timesfm,0,0,0.14551311755942165,0.3254006152711571,0.9658786527806105,1.3761945721529723,2.340922992106425,0,0,0,0,1,1,2,TRUE,FALSE,docxology,2026-09-30,docxology timesfm
Vermont,VT,1,wk inc rsv hosp,hosp,2026-10-03,2026-10-10,docxology-timesfm,0,0,0.1753184962986071,0.41772051144336136,0.8755347916460879,1.3283920778033897,2.5033562854071993,0,0,0,0,1,1,3,TRUE,FALSE,docxology,2026-09-30,docxology timesfm
Vermont,VT,2,wk inc rsv hosp,hosp,2026-10-03,2026-10-17,docxology-timesfm,0,0,0.3140165436260849,0.6556190218949474,1.4843455481032188,1.7875372333131772,3.6173844950356173,0,0,0,1,1,2,4,TRUE,FALSE,docxology,2026-09-30,docxology timesfm
Vermont,VT,0,wk inc rsv hosp,hosp,2026-10-03,2026-10-03,NAU-Copycat,0,0,0,0,1,2,4,0,0,0,0,1,2,4,TRUE,FALSE,NAU,2026-09-30,Copycat
Vermont,VT,1,wk inc rsv hosp,hosp,2026-10-03,2026-10-10,NAU-Copycat,0,0,0,0,1,3,6,0,0,0,0,1,3,6,TRUE,FALSE,NAU,2026-09-30,Copycat
Vermont,VT,2,wk inc rsv hosp,hosp,2026-10-03,2026-10-17,NAU-Copycat,0,0,0,1,2,4,8,0,0,0,1,2,4,8,TRUE,FALSE,NAU,2026-09-30,Copycat
Vermont,VT,0,wk inc rsv prop ed visits,prop_ed,2026-10-03,2026-10-03,NAU-Copycat,0,0,0,1.9176380905705476e-5,1.2154986662589167e-4,3.3226509179002994e-4,7.313639117287353e-4,0,0,0,1.9e-5,1.2e-4,3.3e-4,7.3e-4,TRUE,FALSE,NAU,2026-09-30,Copycat
Vermont,VT,1,wk inc rsv prop ed visits,prop_ed,2026-10-03,2026-10-10,NAU-Copycat,0,0,0,2.94697909493014e-5,2.311119651066094e-4,6.40273646588922e-4,0.0018629682981068441,0,0,0,2.9e-5,2.3e-4,6.4e-4,0.0019,TRUE,FALSE,NAU,2026-09-30,Copycat
Vermont,VT,2,wk inc rsv prop ed visits,prop_ed,2026-10-03,2026-10-17,NAU-Copycat,0,0,0,7.176197780468559e-5,3.797772855029227e-4,0.0011448941364143633,0.0031851267992615254,0,0,0,7.2e-5,3.8e-4,0.0011,0.0032,TRUE,FALSE,NAU,2026-09-30,Copycat
Vermont,VT,0,wk inc rsv hosp,hosp,2026-10-03,2026-10-03,UGA_flucast-INFLAenza,0,0,0,0,1,1,2,0,0,0,0,1,1,2,TRUE,FALSE,UGA_flucast,2026-09-30,INFLAenza
Vermont,VT,1,wk inc rsv hosp,hosp,2026-10-03,2026-10-10,UGA_flucast-INFLAenza,0,0,0,0,1,2,3,0,0,0,0,1,2,3,TRUE,FALSE,UGA_flucast,2026-09-30,INFLAenza
Vermont,VT,2,wk inc rsv hosp,hosp,2026-10-03,2026-10-17,UGA_flucast-INFLAenza,0,0,0,0,1,2,3,0,0,0,0,1,2,3,TRUE,FALSE,UGA_flucast,2026-09-30,INFLAenza
Vermont,VT,0,wk inc rsv prop ed visits,prop_ed,2026-10-03,2026-10-03,UGA_flucast-INFLAenza,1.3205746972852926e-5,3.923856796463216e-5,8.126909121899793e-5,1.5631934800808874e-4,2.6955631595644195e-4,4.1154280103714464e-4,5.93067483889264e-4,1.3e-5,3.9e-5,8.1e-5,1.6e-4,2.7e-4,4.1e-4,5.9e-4,TRUE,FALSE,UGA_flucast,2026-09-30,INFLAenza
Vermont,VT,1,wk inc rsv prop ed visits,prop_ed,2026-10-03,2026-10-10,UGA_flucast-INFLAenza,1.9904518695030006e-5,5.154187225487465e-5,1.006364516621708e-4,1.868805454868723e-4,0.00031089782243044674,4.5554287470184066e-4,6.645508985020533e-4,2e-5,5.2e-5,1e-4,1.9e-4,3.1e-4,4.6e-4,6.6e-4,TRUE,FALSE,UGA_flucast,2026-09-30,INFLAenza
Vermont,VT,2,wk inc rsv prop ed visits,prop_ed,2026-10-03,2026-10-17,UGA_flucast-INFLAenza,2.4334806030958877e-5,6.5549245293378e-5,1.271931658354993e-4,2.3355763663470162e-4,3.789362186704957e-4,5.430834607161073e-4,7.794774325901402e-4,2.4e-5,6.6e-5,1.3e-4,2.3e-4,3.8e-4,5.4e-4,7.8e-4,TRUE,FALSE,UGA_flucast,2026-09-30,INFLAenza
Vermont,VT,0,wk inc rsv hosp,hosp,2026-10-03,2026-10-03,RSVHub-ensemble,0,0,0,0,1,1.688097286076486,2.6704614960532123,0,0,0,0,1,2,3,FALSE,TRUE,RSVHub,2026-09-30,Ensemble using RSVHub forecast submissions
Vermont,VT,1,wk inc rsv hosp,hosp,2026-10-03,2026-10-10,RSVHub-ensemble,0,0,0,0,1,2.5,4,0,0,0,0,1,3,4,FALSE,TRUE,RSVHub,2026-09-30,Ensemble using RSVHub forecast submissions
Vermont,VT,2,wk inc rsv hosp,hosp,2026-10-03,2026-10-17,RSVHub-ensemble,0,0,0,0.3278095109474737,1.7421727740516095,3,5.808692247517809,0,0,0,0,2,3,6,FALSE,TRUE,RSVHub,2026-09-30,Ensemble using RSVHub forecast submissions
Vermont,VT,0,wk inc rsv prop ed visits,prop_ed,2026-10-03,2026-10-03,RSVHub-ensemble,0,0,6.025343352992414e-6,4.0828111049786896e-5,1.604909430169515e-4,2.885704658705986e-4,5.562164783414916e-4,0,0,6e-6,4.1e-5,1.6e-4,2.9e-4,5.6e-4,FALSE,TRUE,RSVHub,2026-09-30,Ensemble using RSVHub forecast submissions
Vermont,VT,1,wk inc rsv prop ed visits,prop_ed,2026-10-03,2026-10-10,RSVHub-ensemble,0,0,6.057500553978816e-6,4.7683485977102606e-5,2.016999045909037e-4,3.5784160879782445e-4,6.077084144936005e-4,0,0,6.1e-6,4.8e-5,2e-4,3.6e-4,6.1e-4,FALSE,TRUE,RSVHub,2026-09-30,Ensemble using RSVHub forecast submissions
Vermont,VT,2,wk inc rsv prop ed visits,prop_ed,2026-10-03,2026-10-17,RSVHub-ensemble,0,0,5.863693781197909e-6,6.941202956936893e-5,2.7602529178460044e-4,4.4701136278587695e-4,8.338431327782803e-4,0,0,5.9e-6,6.9e-5,2.8e-4,4.5e-4,8.3e-4,FALSE,TRUE,RSVHub,2026-09-30,Ensemble using RSVHub forecast submissions
Virginia,VA,0,wk inc rsv hosp,hosp,2026-10-03,2026-10-03,CEPH-Rtrend_rsv,2,3,4,5,7,8,10,2,3,4,5,7,8,10,TRUE,FALSE,CEPH Lab at Indiana University,2026-09-30,Rtrend RSV
Virginia,VA,1,wk inc rsv hosp,hosp,2026-10-03,2026-10-10,CEPH-Rtrend_rsv,2,3,4,5,7,10,14,2,3,4,5,7,10,10,TRUE,FALSE,CEPH Lab at Indiana University,2026-09-30,Rtrend RSV
Virginia,VA,2,wk inc rsv hosp,hosp,2026-10-03,2026-10-17,CEPH-Rtrend_rsv,1,2,3,5,8,12,19,1,2,3,5,8,10,20,TRUE,FALSE,CEPH Lab at Indiana University,2026-09-30,Rtrend RSV
Virginia,VA,0,wk inc rsv prop ed visits,prop_ed,2026-10-03,2026-10-03,CFA-NowcastAutoGP,1.5456099739200485e-4,1.9522904430466773e-4,2.3247069490426578e-4,2.8818027782550584e-4,3.550733781188346e-4,4.2247504235413773e-4,5.20943719604477e-4,1.5e-4,2e-4,2.3e-4,2.9e-4,3.6e-4,4.2e-4,5.2e-4,TRUE,FALSE,Center for Forecasting and Outbreak Analytics (CDC/CFA),2026-09-30,NowcastAutoGP
Virginia,VA,1,wk inc rsv prop ed visits,prop_ed,2026-10-03,2026-10-10,CFA-NowcastAutoGP,1.606820581798107e-4,2.0328160006208938e-4,2.54952926024833e-4,3.249356518123652e-4,4.019967847858919e-4,5.005303183670412e-4,6.18812692401887e-4,1.6e-4,2e-4,2.5e-4,3.2e-4,4e-4,5e-4,6.2e-4,TRUE,FALSE,Center for Forecasting and Outbreak Analytics (CDC/CFA),2026-09-30,NowcastAutoGP
Virginia,VA,2,wk inc rsv prop ed visits,prop_ed,2026-10-03,2026-10-17,CFA-NowcastAutoGP,1.6015492158618903e-4,2.210965550774827e-4,2.818832100589901e-4,3.7144040729997625e-4,4.772243876419471e-4,5.949833000833185e-4,7.722802502822026e-4,1.6e-4,2.2e-4,2.8e-4,3.7e-4,4.8e-4,5.9e-4,7.7e-4,TRUE,FALSE,Center for Forecasting and Outbreak Analytics (CDC/CFA),2026-09-30,NowcastAutoGP
Virginia,VA,0,wk inc rsv prop ed visits,prop_ed,2026-10-03,2026-10-03,CFA-PyRenew_E,1.2645890587658092e-4,1.7452738433346816e-4,2.2170741897000585e-4,2.7622480400812694e-4,3.3757808814115654e-4,4.0259305682084114e-4,4.8028515238643843e-4,1.3e-4,1.7e-4,2.2e-4,2.8e-4,3.4e-4,4e-4,4.8e-4,TRUE,FALSE,Center for Forecasting and Outbreak Analytics (CDC/CFA),2026-09-30,PyRenew-E
Virginia,VA,1,wk inc rsv prop ed visits,prop_ed,2026-10-03,2026-10-10,CFA-PyRenew_E,1.0808782892759561e-4,1.5089049910296868e-4,2.1185175248002752e-4,2.886084540465201e-4,3.782123815578586e-4,4.784198165398921e-4,6.296892999327794e-4,1.1e-4,1.5e-4,2.1e-4,2.9e-4,3.8e-4,4.8e-4,6.3e-4,TRUE,FALSE,Center for Forecasting and Outbreak Analytics (CDC/CFA),2026-09-30,PyRenew-E
Virginia,VA,2,wk inc rsv prop ed visits,prop_ed,2026-10-03,2026-10-17,CFA-PyRenew_E,7.56171765709603e-5,1.2639087611450838e-4,1.9634454791778993e-4,2.906686755096311e-4,4.316856017441354e-4,5.973192085197327e-4,8.866081385416704e-4,7.6e-5,1.3e-4,2e-4,2.9e-4,4.3e-4,6e-4,8.9e-4,TRUE,FALSE,Center for Forecasting and Outbreak Analytics (CDC/CFA),2026-09-30,PyRenew-E
Virginia,VA,0,wk inc rsv hosp,hosp,2026-10-03,2026-10-03,CFA-PyRenew_H,0,1,3,5,7,9,13,0,1,3,5,7,9,10,FALSE,FALSE,Center for Forecasting and Outbreak Analytics (CDC/CFA),2026-09-30,PyRenew-H
Virginia,VA,1,wk inc rsv hosp,hosp,2026-10-03,2026-10-10,CFA-PyRenew_H,0,1,2,5,7,11,17,0,1,2,5,7,10,20,FALSE,FALSE,Center for Forecasting and Outbreak Analytics (CDC/CFA),2026-09-30,PyRenew-H
Virginia,VA,2,wk inc rsv hosp,hosp,2026-10-03,2026-10-17,CFA-PyRenew_H,0,1,2,5,8,14,24,0,1,2,5,8,10,20,FALSE,FALSE,Center for Forecasting and Outbreak Analytics (CDC/CFA),2026-09-30,PyRenew-H
Virginia,VA,0,wk inc rsv hosp,hosp,2026-10-03,2026-10-03,CFA-PyRenew_HE,1,3,4,5,8,9,13,1,3,4,5,8,9,10,TRUE,FALSE,Center for Forecasting and Outbreak Analytics (CDC/CFA),2026-09-30,PyRenew-HE
Virginia,VA,1,wk inc rsv hosp,hosp,2026-10-03,2026-10-10,CFA-PyRenew_HE,1,2,4,6,8,11,14,1,2,4,6,8,10,10,TRUE,FALSE,Center for Forecasting and Outbreak Analytics (CDC/CFA),2026-09-30,PyRenew-HE
Virginia,VA,2,wk inc rsv hosp,hosp,2026-10-03,2026-10-17,CFA-PyRenew_HE,1,2,4,6,9,12,19,1,2,4,6,9,10,20,TRUE,FALSE,Center for Forecasting and Outbreak Analytics (CDC/CFA),2026-09-30,PyRenew-HE
Virginia,VA,0,wk inc rsv prop ed visits,prop_ed,2026-10-03,2026-10-03,CFA-PyRenew_HE,1.2452959564303068e-4,1.7037976462424187e-4,2.1104110348176087e-4,2.6250312271029264e-4,3.209981271103411e-4,3.782909614442588e-4,4.588814435204276e-4,1.2e-4,1.7e-4,2.1e-4,2.6e-4,3.2e-4,3.8e-4,4.6e-4,FALSE,FALSE,Center for Forecasting and Outbreak Analytics (CDC/CFA),2026-09-30,PyRenew-HE
Virginia,VA,1,wk inc rsv prop ed visits,prop_ed,2026-10-03,2026-10-10,CFA-PyRenew_HE,1.0044158964918428e-4,1.4688126436754957e-4,1.9702643693217777e-4,2.6833204897216154e-4,3.512515105280949e-4,4.313700515924329e-4,5.635062265278884e-4,1e-4,1.5e-4,2e-4,2.7e-4,3.5e-4,4.3e-4,5.6e-4,FALSE,FALSE,Center for Forecasting and Outbreak Analytics (CDC/CFA),2026-09-30,PyRenew-HE
Virginia,VA,2,wk inc rsv prop ed visits,prop_ed,2026-10-03,2026-10-17,CFA-PyRenew_HE,7.629330194495554e-5,1.2495834569126047e-4,1.8429633352724827e-4,2.735959686446578e-4,3.812140465012728e-4,5.31012792055214e-4,7.988938778882309e-4,7.6e-5,1.2e-4,1.8e-4,2.7e-4,3.8e-4,5.3e-4,8e-4,FALSE,FALSE,Center for Forecasting and Outbreak Analytics (CDC/CFA),2026-09-30,PyRenew-HE
Virginia,VA,0,wk inc rsv hosp,hosp,2026-10-03,2026-10-03,NAU-epymorph,0,0,2,5,8,12,21,0,0,2,5,8,10,20,TRUE,FALSE,Northern Arizona University,2026-09-30,epymorph RSV compartmental model
Virginia,VA,1,wk inc rsv hosp,hosp,2026-10-03,2026-10-10,NAU-epymorph,0,0,2,5,9,17,31,0,0,2,5,9,20,30,TRUE,FALSE,Northern Arizona University,2026-09-30,epymorph RSV compartmental model
Virginia,VA,2,wk inc rsv hosp,hosp,2026-10-03,2026-10-17,NAU-epymorph,0,0,2,5,11,22,50,0,0,2,5,10,20,50,TRUE,FALSE,Northern Arizona University,2026-09-30,epymorph RSV compartmental model
Virginia,VA,0,wk inc rsv hosp,hosp,2026-10-03,2026-10-03,RSVHub-baseline,0,0,1.2499999999999964,4,6.75,18,41,0,0,1,4,7,20,40,FALSE,FALSE,RSVHub-hub-models,2026-09-30,RSVHub baseline model
Virginia,VA,1,wk inc rsv hosp,hosp,2026-10-03,2026-10-10,RSVHub-baseline,0,0,0,4,12.44964449644496,32.65295552955531,58.93972814728146,0,0,0,4,10,30,60,FALSE,FALSE,RSVHub-hub-models,2026-09-30,RSVHub baseline model
Virginia,VA,2,wk inc rsv hosp,hosp,2026-10-03,2026-10-17,RSVHub-baseline,0,0,0,4,17.91075410754108,38.91075410754108,87.9825940759402,0,0,0,4,20,40,90,FALSE,FALSE,RSVHub-hub-models,2026-09-30,RSVHub baseline model
Virginia,VA,0,wk inc rsv prop ed visits,prop_ed,2026-10-03,2026-10-03,RSVHub-baseline,0,0,1.3552527156068805e-19,2e-4,3.9999999999999986e-4,9.000000000000001e-4,0.0016624999999999984,0,0,1.4e-19,2e-4,4e-4,9e-4,0.0017,FALSE,FALSE,RSVHub-hub-models,2026-09-30,RSVHub baseline model
Virginia,VA,1,wk inc rsv prop ed visits,prop_ed,2026-10-03,2026-10-10,RSVHub-baseline,0,0,0,2e-4,6.000000000000001e-4,0.0013,0.0022649647996479966,0,0,0,2e-4,6e-4,0.0013,0.0023,FALSE,FALSE,RSVHub-hub-models,2026-09-30,RSVHub baseline model
Virginia,VA,2,wk inc rsv prop ed visits,prop_ed,2026-10-03,2026-10-17,RSVHub-baseline,0,0,0,2.0000000000000004e-4,7.789232892328899e-4,0.0015789232892328895,0.002578923289232889,0,0,0,2e-4,7.8e-4,0.0016,0.0026,FALSE,FALSE,RSVHub-hub-models,2026-09-30,RSVHub baseline model
Virginia,VA,0,wk inc rsv hosp,hosp,2026-10-03,2026-10-03,docxology-timesfm,2.4732271750619117,3.1325691355561314,3.9798467606917702,5.511109263110983,7.386063050740382,9.514826788126488,15.090791934849376,2,3,4,6,7,10,20,TRUE,FALSE,docxology,2026-09-30,docxology timesfm
Virginia,VA,1,wk inc rsv hosp,hosp,2026-10-03,2026-10-10,docxology-timesfm,2.8858078749134712,3.8544210724707284,6.338132635466842,8.581193206742919,11.16486253808247,12.58136865074084,29.944504248656052,3,4,6,9,10,10,30,TRUE,FALSE,docxology,2026-09-30,docxology timesfm
Virginia,VA,2,wk inc rsv hosp,hosp,2026-10-03,2026-10-17,docxology-timesfm,5.343190084527338,5.960301211551033,9.182598689868492,13.795187927829184,20.54265646511552,30.10508320885339,36.66666457607867,5,6,9,10,20,30,40,TRUE,FALSE,docxology,2026-09-30,docxology timesfm
Virginia,VA,0,wk inc rsv hosp,hosp,2026-10-03,2026-10-03,NAU-Copycat,1,2,3,6,9,15,29.024999999999977,1,2,3,6,9,20,30,TRUE,FALSE,NAU,2026-09-30,Copycat
Virginia,VA,1,wk inc rsv hosp,hosp,2026-10-03,2026-10-10,NAU-Copycat,0,2,3,6,12,22,41,0,2,3,6,10,20,40,TRUE,FALSE,NAU,2026-09-30,Copycat
Virginia,VA,2,wk inc rsv hosp,hosp,2026-10-03,2026-10-17,NAU-Copycat,0,1,3,8,15,27,56,0,1,3,8,20,30,60,TRUE,FALSE,NAU,2026-09-30,Copycat
Virginia,VA,0,wk inc rsv prop ed visits,prop_ed,2026-10-03,2026-10-03,NAU-Copycat,2.1997292398063925e-5,9.580361196521012e-5,1.710502251426029e-4,2.8273386045533195e-4,4.286422567503145e-4,6.242608542311123e-4,0.0010500450545908211,2.2e-5,9.6e-5,1.7e-4,2.8e-4,4.3e-4,6.2e-4,0.0011,TRUE,FALSE,NAU,2026-09-30,Copycat
Virginia,VA,1,wk inc rsv prop ed visits,prop_ed,2026-10-03,2026-10-10,NAU-Copycat,7.051646520141122e-6,8.846012382934926e-5,1.9257595536520243e-4,3.397631861665807e-4,5.658866620880052e-4,9.735545909309296e-4,0.0015912743864287277,7.1e-6,8.8e-5,1.9e-4,3.4e-4,5.7e-4,9.7e-4,0.0016,TRUE,FALSE,NAU,2026-09-30,Copycat
Virginia,VA,2,wk inc rsv prop ed visits,prop_ed,2026-10-03,2026-10-17,NAU-Copycat,2.41540446617119e-5,1.1248209246363378e-4,2.2467014296709015e-4,4.5036279012435575e-4,7.964254192302443e-4,0.0013679233456333627,0.0024383199056244747,2.4e-5,1.1e-4,2.2e-4,4.5e-4,8e-4,0.0014,0.0024,TRUE,FALSE,NAU,2026-09-30,Copycat
Virginia,VA,0,wk inc rsv hosp,hosp,2026-10-03,2026-10-03,UGA_flucast-INFLAenza,2,4,6,8,11,14,18,2,4,6,8,10,10,20,TRUE,FALSE,UGA_flucast,2026-09-30,INFLAenza
Virginia,VA,1,wk inc rsv hosp,hosp,2026-10-03,2026-10-10,UGA_flucast-INFLAenza,3,5,7,10,14,18,24,3,5,7,10,10,20,20,TRUE,FALSE,UGA_flucast,2026-09-30,INFLAenza
Virginia,VA,2,wk inc rsv hosp,hosp,2026-10-03,2026-10-17,UGA_flucast-INFLAenza,4,6,9,13,18,23,31,4,6,9,10,20,20,30,TRUE,FALSE,UGA_flucast,2026-09-30,INFLAenza
Virginia,VA,0,wk inc rsv prop ed visits,prop_ed,2026-10-03,2026-10-03,UGA_flucast-INFLAenza,1.3019770253429097e-4,2.128242876884396e-4,3.2622109896043194e-4,4.7776089418658386e-4,6.685669574104362e-4,8.790566873637112e-4,0.001137264556623442,1.3e-4,2.1e-4,3.3e-4,4.8e-4,6.7e-4,8.8e-4,0.0011,TRUE,FALSE,UGA_flucast,2026-09-30,INFLAenza
Virginia,VA,1,wk inc rsv prop ed visits,prop_ed,2026-10-03,2026-10-10,UGA_flucast-INFLAenza,1.6894207200285924e-4,2.795044854071307e-4,4.069170230549234e-4,5.976311044206716e-4,8.292078861127072e-4,0.0010717836509219463,0.0013851609296886755,1.7e-4,2.8e-4,4.1e-4,6e-4,8.3e-4,0.0011,0.0014,TRUE,FALSE,UGA_flucast,2026-09-30,INFLAenza
Virginia,VA,2,wk inc rsv prop ed visits,prop_ed,2026-10-03,2026-10-17,UGA_flucast-INFLAenza,2.271161700532972e-4,3.6875468195852275e-4,5.330348956288571e-4,7.510177497133217e-4,0.0010200754689183229,0.001329733505177146,0.0017133189454671658,2.3e-4,3.7e-4,5.3e-4,7.5e-4,0.001,0.0013,0.0017,TRUE,FALSE,UGA_flucast,2026-09-30,INFLAenza
Virginia,VA,0,wk inc rsv hosp,hosp,2026-10-03,2026-10-03,RSVHub-ensemble,1.5,3,3.989923380345885,5.2555546315554915,8,10.757413394063244,16.54539596742469,2,3,4,5,8,10,20,FALSE,TRUE,RSVHub,2026-09-30,Ensemble using RSVHub forecast submissions
Virginia,VA,1,wk inc rsv hosp,hosp,2026-10-03,2026-10-10,RSVHub-ensemble,1.5,2.5,4,6,10.082431269041235,14.790684325370421,26.972252124328026,2,3,4,6,10,10,30,FALSE,TRUE,RSVHub,2026-09-30,Ensemble using RSVHub forecast submissions
Virginia,VA,2,wk inc rsv hosp,hosp,2026-10-03,2026-10-17,RSVHub-ensemble,1,2,3.5,7,13,22.5,33.83333228803933,1,2,4,7,10,20,30,FALSE,TRUE,RSVHub,2026-09-30,Ensemble using RSVHub forecast submissions
Virginia,VA,0,wk inc rsv prop ed visits,prop_ed,2026-10-03,2026-10-03,RSVHub-ensemble,1.2832830420543594e-4,1.8487821431906795e-4,2.270890569371358e-4,2.854570691404189e-4,3.918578174345746e-4,5.23367948292625e-4,7.85494387097649e-4,1.3e-4,1.8e-4,2.3e-4,2.9e-4,3.9e-4,5.2e-4,7.9e-4,FALSE,TRUE,RSVHub,2026-09-30,Ensemble using RSVHub forecast submissions
Virginia,VA,1,wk inc rsv prop ed visits,prop_ed,2026-10-03,2026-10-10,RSVHub-ensemble,1.3438494355370317e-4,1.7708604958252902e-4,2.3340233925243025e-4,3.3234941898947296e-4,4.839417234369486e-4,7.370424546489854e-4,0.0010074251148107275,1.3e-4,1.8e-4,2.3e-4,3.3e-4,4.8e-4,7.4e-4,0.001,FALSE,TRUE,RSVHub,2026-09-30,Ensemble using RSVHub forecast submissions
Virginia,VA,2,wk inc rsv prop ed visits,prop_ed,2026-10-03,2026-10-17,RSVHub-ensemble,1.1788604907857466e-4,1.7374371559599554e-4,2.532766765130401e-4,4.10901598712166e-4,6.368249034360957e-4,9.635263568484394e-4,0.0012999635420044182,1.2e-4,1.7e-4,2.5e-4,4.1e-4,6.4e-4,9.6e-4,0.0013,FALSE,TRUE,RSVHub,2026-09-30,Ensemble using RSVHub forecast submissions
Washington,WA,0,wk inc rsv hosp,hosp,2026-10-03,2026-10-03,CEPH-Rtrend_rsv,0,1,3,4,5,7,10,0,1,3,4,5,7,10,TRUE,FALSE,CEPH Lab at Indiana University,2026-09-30,Rtrend RSV
Washington,WA,1,wk inc rsv hosp,hosp,2026-10-03,2026-10-10,CEPH-Rtrend_rsv,0,1,2,4,6,9,13,0,1,2,4,6,9,10,TRUE,FALSE,CEPH Lab at Indiana University,2026-09-30,Rtrend RSV
Washington,WA,2,wk inc rsv hosp,hosp,2026-10-03,2026-10-17,CEPH-Rtrend_rsv,0,1,2,4,6,10,15,0,1,2,4,6,10,20,TRUE,FALSE,CEPH Lab at Indiana University,2026-09-30,Rtrend RSV
Washington,WA,0,wk inc rsv prop ed visits,prop_ed,2026-10-03,2026-10-03,CFA-NowcastAutoGP,7.414087739692433e-5,9.810653304342648e-5,1.2610918252231417e-4,1.7015781698796962e-4,2.2340702893970698e-4,2.8480598092484554e-4,3.763361246604471e-4,7.4e-5,9.8e-5,1.3e-4,1.7e-4,2.2e-4,2.8e-4,3.8e-4,TRUE,FALSE,Center for Forecasting and Outbreak Analytics (CDC/CFA),2026-09-30,NowcastAutoGP
Washington,WA,1,wk inc rsv prop ed visits,prop_ed,2026-10-03,2026-10-10,CFA-NowcastAutoGP,8.393764131216362e-5,1.131065782032679e-4,1.4840825721766762e-4,1.9882216163884492e-4,2.63709102174833e-4,3.4632760570780635e-4,4.6223734342758227e-4,8.4e-5,1.1e-4,1.5e-4,2e-4,2.6e-4,3.5e-4,4.6e-4,TRUE,FALSE,Center for Forecasting and Outbreak Analytics (CDC/CFA),2026-09-30,NowcastAutoGP
Washington,WA,2,wk inc rsv prop ed visits,prop_ed,2026-10-03,2026-10-17,CFA-NowcastAutoGP,8.824834159027074e-5,1.2721097213509003e-4,1.7201965959499262e-4,2.2834084147329718e-4,3.0150984406176844e-4,3.8858761727304623e-4,5.255042551926258e-4,8.8e-5,1.3e-4,1.7e-4,2.3e-4,3e-4,3.9e-4,5.3e-4,TRUE,FALSE,Center for Forecasting and Outbreak Analytics (CDC/CFA),2026-09-30,NowcastAutoGP
Washington,WA,0,wk inc rsv prop ed visits,prop_ed,2026-10-03,2026-10-03,CFA-PyRenew_E,1.6600208797096854e-5,4.906531727432649e-5,6.699968717927034e-5,1.008997976048936e-4,1.4846052264966234e-4,1.9583705126515562e-4,2.4830701670693983e-4,1.7e-5,4.9e-5,6.7e-5,1e-4,1.5e-4,2e-4,2.5e-4,TRUE,FALSE,Center for Forecasting and Outbreak Analytics (CDC/CFA),2026-09-30,PyRenew-E
Washington,WA,1,wk inc rsv prop ed visits,prop_ed,2026-10-03,2026-10-10,CFA-PyRenew_E,1.6437795581743987e-5,3.339677305092573e-5,6.569214442220166e-5,9.992672949225929e-5,1.494213022929989e-4,2.128359783225822e-4,2.962009304996125e-4,1.6e-5,3.3e-5,6.6e-5,1e-4,1.5e-4,2.1e-4,3e-4,TRUE,FALSE,Center for Forecasting and Outbreak Analytics (CDC/CFA),2026-09-30,PyRenew-E
Washington,WA,2,wk inc rsv prop ed visits,prop_ed,2026-10-03,2026-10-17,CFA-PyRenew_E,0,3.2446565467283296e-5,5.0574448382567404e-5,9.910221683108171e-5,1.642937291903856e-4,2.4593628183609866e-4,3.636132687077931e-4,0,3.2e-5,5.1e-5,9.9e-5,1.6e-4,2.5e-4,3.6e-4,TRUE,FALSE,Center for Forecasting and Outbreak Analytics (CDC/CFA),2026-09-30,PyRenew-E
Washington,WA,0,wk inc rsv hosp,hosp,2026-10-03,2026-10-03,CFA-PyRenew_H,0,0,1,2,4,6,9,0,0,1,2,4,6,9,FALSE,FALSE,Center for Forecasting and Outbreak Analytics (CDC/CFA),2026-09-30,PyRenew-H
Washington,WA,1,wk inc rsv hosp,hosp,2026-10-03,2026-10-10,CFA-PyRenew_H,0,0,1,2,5,8,13,0,0,1,2,5,8,10,FALSE,FALSE,Center for Forecasting and Outbreak Analytics (CDC/CFA),2026-09-30,PyRenew-H
Washington,WA,2,wk inc rsv hosp,hosp,2026-10-03,2026-10-17,CFA-PyRenew_H,0,0,1,3,6,10.100000000000136,24,0,0,1,3,6,10,20,FALSE,FALSE,Center for Forecasting and Outbreak Analytics (CDC/CFA),2026-09-30,PyRenew-H
Washington,WA,0,wk inc rsv hosp,hosp,2026-10-03,2026-10-03,CFA-PyRenew_HE,0,0,1,1,3,4,5,0,0,1,1,3,4,5,TRUE,FALSE,Center for Forecasting and Outbreak Analytics (CDC/CFA),2026-09-30,PyRenew-HE
Washington,WA,1,wk inc rsv hosp,hosp,2026-10-03,2026-10-10,CFA-PyRenew_HE,0,0,1,1,3,4,6,0,0,1,1,3,4,6,TRUE,FALSE,Center for Forecasting and Outbreak Analytics (CDC/CFA),2026-09-30,PyRenew-HE
Washington,WA,2,wk inc rsv hosp,hosp,2026-10-03,2026-10-17,CFA-PyRenew_HE,0,0,1,1,3,4,8,0,0,1,1,3,4,8,TRUE,FALSE,Center for Forecasting and Outbreak Analytics (CDC/CFA),2026-09-30,PyRenew-HE
Washington,WA,0,wk inc rsv prop ed visits,prop_ed,2026-10-03,2026-10-03,CFA-PyRenew_HE,3.2405062080854765e-5,4.941982974127184e-5,8.16064695670013e-5,1.1535254941544308e-4,1.6283830096641412e-4,2.1101672647476323e-4,2.6686843772173426e-4,3.2e-5,4.9e-5,8.2e-5,1.2e-4,1.6e-4,2.1e-4,2.7e-4,FALSE,FALSE,Center for Forecasting and Outbreak Analytics (CDC/CFA),2026-09-30,PyRenew-HE
Washington,WA,1,wk inc rsv prop ed visits,prop_ed,2026-10-03,2026-10-10,CFA-PyRenew_HE,1.6644291006389408e-5,4.9176657059537535e-5,6.754605011372015e-5,1.1512715392511199e-4,1.6591896091289586e-4,2.4213117783894073e-4,3.301820024479272e-4,1.7e-5,4.9e-5,6.8e-5,1.2e-4,1.7e-4,2.4e-4,3.3e-4,FALSE,FALSE,Center for Forecasting and Outbreak Analytics (CDC/CFA),2026-09-30,PyRenew-HE
Washington,WA,2,wk inc rsv prop ed visits,prop_ed,2026-10-03,2026-10-17,CFA-PyRenew_HE,1.6349451253108175e-5,3.3178213219026344e-5,6.591083593731814e-5,1.1527107831262706e-4,1.8231114868320986e-4,2.786580334623147e-4,4.316962642717414e-4,1.6e-5,3.3e-5,6.6e-5,1.2e-4,1.8e-4,2.8e-4,4.3e-4,FALSE,FALSE,Center for Forecasting and Outbreak Analytics (CDC/CFA),2026-09-30,PyRenew-HE
Washington,WA,0,wk inc rsv hosp,hosp,2026-10-03,2026-10-03,NAU-epymorph,0,0,2,3,6,8,13,0,0,2,3,6,8,10,TRUE,FALSE,Northern Arizona University,2026-09-30,epymorph RSV compartmental model
Washington,WA,1,wk inc rsv hosp,hosp,2026-10-03,2026-10-10,NAU-epymorph,0,0,2,4,7,11,22,0,0,2,4,7,10,20,TRUE,FALSE,Northern Arizona University,2026-09-30,epymorph RSV compartmental model
Washington,WA,2,wk inc rsv hosp,hosp,2026-10-03,2026-10-17,NAU-epymorph,0,0,2,4,8,17,43,0,0,2,4,8,20,40,TRUE,FALSE,Northern Arizona University,2026-09-30,epymorph RSV compartmental model
Washington,WA,0,wk inc rsv hosp,hosp,2026-10-03,2026-10-03,RSVHub-baseline,0,0,0,3,6,15.299999999999999,29.324999999999996,0,0,0,3,6,20,30,FALSE,FALSE,RSVHub-hub-models,2026-09-30,RSVHub baseline model
Washington,WA,1,wk inc rsv hosp,hosp,2026-10-03,2026-10-10,RSVHub-baseline,0,0,0,3,10.152956529565294,23.19915399153993,36.63428059280589,0,0,0,3,10,20,40,FALSE,FALSE,RSVHub-hub-models,2026-09-30,RSVHub baseline model
Washington,WA,2,wk inc rsv hosp,hosp,2026-10-03,2026-10-17,RSVHub-baseline,0,0,0,3,13.264602646026454,27,45.763758137581334,0,0,0,3,10,30,50,FALSE,FALSE,RSVHub-hub-models,2026-09-30,RSVHub baseline model
Washington,WA,0,wk inc rsv prop ed visits,prop_ed,2026-10-03,2026-10-03,RSVHub-baseline,0,0,0,1e-4,2.9999999999999987e-4,0.0011500000000000006,0.0028000000000000004,0,0,0,1e-4,3e-4,0.0012,0.0028,FALSE,FALSE,RSVHub-hub-models,2026-09-30,RSVHub baseline model
Washington,WA,1,wk inc rsv prop ed visits,prop_ed,2026-10-03,2026-10-10,RSVHub-baseline,0,0,0,1e-4,6.999999999999998e-4,0.001699999999999999,0.004265691381913813,0,0,0,1e-4,7e-4,0.0017,0.0043,FALSE,FALSE,RSVHub-hub-models,2026-09-30,RSVHub baseline model
Washington,WA,2,wk inc rsv prop ed visits,prop_ed,2026-10-03,2026-10-17,RSVHub-baseline,0,0,0,1e-4,9.430791807918048e-4,0.0022999999999999995,0.00472509270092702,0,0,0,1e-4,9.4e-4,0.0023,0.0047,FALSE,FALSE,RSVHub-hub-models,2026-09-30,RSVHub baseline model
Washington,WA,0,wk inc rsv hosp,hosp,2026-10-03,2026-10-03,docxology-timesfm,1.1530828916277691,1.9325246171285415,2.7684669119844476,3.6205038100647187,4.791686720138436,5.561175444843084,8.322880029937535,1,2,3,4,5,6,8,TRUE,FALSE,docxology,2026-09-30,docxology timesfm
Washington,WA,1,wk inc rsv hosp,hosp,2026-10-03,2026-10-10,docxology-timesfm,1.4627711464340991,1.9618066283403197,3.0459592777484064,4.247394565455777,5.335109102274194,6.486274672557278,9.542255426298814,1,2,3,4,5,6,10,TRUE,FALSE,docxology,2026-09-30,docxology timesfm
Washington,WA,2,wk inc rsv hosp,hosp,2026-10-03,2026-10-17,docxology-timesfm,2.483842960935802,3.520417234918039,4.569550027001759,5.925316253438833,8.17800287498846,9.526485702600613,11.300934242077881,2,4,5,6,8,10,10,TRUE,FALSE,docxology,2026-09-30,docxology timesfm
Washington,WA,0,wk inc rsv hosp,hosp,2026-10-03,2026-10-03,NAU-Copycat,0,0,1,4,8,16,33.02499999999998,0,0,1,4,8,20,30,TRUE,FALSE,NAU,2026-09-30,Copycat
Washington,WA,1,wk inc rsv hosp,hosp,2026-10-03,2026-10-10,NAU-Copycat,0,0,1,5,12,30,68,0,0,1,5,10,30,70,TRUE,FALSE,NAU,2026-09-30,Copycat
Washington,WA,2,wk inc rsv hosp,hosp,2026-10-03,2026-10-17,NAU-Copycat,0,0,1,5,17,43.100000000000136,140.17499999999984,0,0,1,5,20,40,140,TRUE,FALSE,NAU,2026-09-30,Copycat
Washington,WA,0,wk inc rsv prop ed visits,prop_ed,2026-10-03,2026-10-03,NAU-Copycat,0,4.186237960617076e-5,9.800152685890522e-5,1.5973056299279105e-4,2.41970685759514e-4,3.5347826548303785e-4,5.573491287155276e-4,0,4.2e-5,9.8e-5,1.6e-4,2.4e-4,3.5e-4,5.6e-4,TRUE,FALSE,NAU,2026-09-30,Copycat
Washington,WA,1,wk inc rsv prop ed visits,prop_ed,2026-10-03,2026-10-10,NAU-Copycat,0,4.5884562616099044e-5,1.1386419019972281e-4,2.043584951048712e-4,3.2785183225370886e-4,4.739958214820065e-4,6.64802868548865e-4,0,4.6e-5,1.1e-4,2e-4,3.3e-4,4.7e-4,6.6e-4,TRUE,FALSE,NAU,2026-09-30,Copycat
Washington,WA,2,wk inc rsv prop ed visits,prop_ed,2026-10-03,2026-10-17,NAU-Copycat,9.811381362451467e-6,6.943924834243579e-5,1.4320583884145418e-4,2.6076283866406506e-4,4.484790861268339e-4,6.523405179759981e-4,9.785310531147682e-4,9.8e-6,6.9e-5,1.4e-4,2.6e-4,4.5e-4,6.5e-4,9.8e-4,TRUE,FALSE,NAU,2026-09-30,Copycat
Washington,WA,0,wk inc rsv hosp,hosp,2026-10-03,2026-10-03,UGA_flucast-INFLAenza,0,1,1,3,4,6,8,0,1,1,3,4,6,8,TRUE,FALSE,UGA_flucast,2026-09-30,INFLAenza
Washington,WA,1,wk inc rsv hosp,hosp,2026-10-03,2026-10-10,UGA_flucast-INFLAenza,0,1,2,3,5,7,9,0,1,2,3,5,7,9,TRUE,FALSE,UGA_flucast,2026-09-30,INFLAenza
Washington,WA,2,wk inc rsv hosp,hosp,2026-10-03,2026-10-17,UGA_flucast-INFLAenza,0,1,2,4,6,8,11,0,1,2,4,6,8,10,TRUE,FALSE,UGA_flucast,2026-09-30,INFLAenza
Washington,WA,0,wk inc rsv prop ed visits,prop_ed,2026-10-03,2026-10-03,UGA_flucast-INFLAenza,2.634469136817956e-5,6.523674121201174e-5,1.2287114376284682e-4,2.1899494038971144e-4,3.5047460014593965e-4,4.971073327178166e-4,7.137096805571734e-4,2.6e-5,6.5e-5,1.2e-4,2.2e-4,3.5e-4,5e-4,7.1e-4,TRUE,FALSE,UGA_flucast,2026-09-30,INFLAenza
Washington,WA,1,wk inc rsv prop ed visits,prop_ed,2026-10-03,2026-10-10,UGA_flucast-INFLAenza,3.2977723140912154e-5,7.74152409145047e-5,1.4166094178439293e-4,2.4951460626622976e-4,4.0170741610424135e-4,5.704706592022277e-4,8.114857590617726e-4,3.3e-5,7.7e-5,1.4e-4,2.5e-4,4e-4,5.7e-4,8.1e-4,TRUE,FALSE,UGA_flucast,2026-09-30,INFLAenza
Washington,WA,2,wk inc rsv prop ed visits,prop_ed,2026-10-03,2026-10-17,UGA_flucast-INFLAenza,4.316478535425747e-5,9.983206656011867e-5,1.761086887398517e-4,2.988632970527017e-4,4.767279014906173e-4,6.82706907610732e-4,9.459539224413237e-4,4.3e-5,1e-4,1.8e-4,3e-4,4.8e-4,6.8e-4,9.5e-4,TRUE,FALSE,UGA_flucast,2026-09-30,INFLAenza
Washington,WA,0,wk inc rsv hosp,hosp,2026-10-03,2026-10-03,RSVHub-ensemble,0,0.5,1.5,3.3102519050323593,4.895843360069218,6.5,9.161440014968768,0,1,2,3,5,7,9,FALSE,TRUE,RSVHub,2026-09-30,Ensemble using RSVHub forecast submissions
Washington,WA,1,wk inc rsv hosp,hosp,2026-10-03,2026-10-10,RSVHub-ensemble,0,0.5,2,4,5.667554551137097,8,11.271127713149408,0,1,2,4,6,8,10,FALSE,TRUE,RSVHub,2026-09-30,Ensemble using RSVHub forecast submissions
Washington,WA,2,wk inc rsv hosp,hosp,2026-10-03,2026-10-17,RSVHub-ensemble,0,0.5,2,4,7,9.763242851300307,13.15046712103894,0,1,2,4,7,10,10,FALSE,TRUE,RSVHub,2026-09-30,Ensemble using RSVHub forecast submissions
Washington,WA,0,wk inc rsv prop ed visits,prop_ed,2026-10-03,2026-10-03,RSVHub-ensemble,2.1472450082638206e-5,5.715102924316912e-5,1.1043633531087601e-4,1.6494418999038035e-4,2.326888573496105e-4,3.191421232039417e-4,4.6684262668798734e-4,2.1e-5,5.7e-5,1.1e-4,1.6e-4,2.3e-4,3.2e-4,4.7e-4,FALSE,TRUE,RSVHub,2026-09-30,Ensemble using RSVHub forecast submissions
Washington,WA,1,wk inc rsv prop ed visits,prop_ed,2026-10-03,2026-10-10,RSVHub-ensemble,2.470775936132807e-5,6.164990176530187e-5,1.2776256599205787e-4,2.0159032837185805e-4,2.957804672142709e-4,4.101617135949064e-4,5.635201059882237e-4,2.5e-5,6.2e-5,1.3e-4,2e-4,3e-4,4.1e-4,5.6e-4,FALSE,TRUE,RSVHub,2026-09-30,Ensemble using RSVHub forecast submissions
Washington,WA,2,wk inc rsv prop ed visits,prop_ed,2026-10-03,2026-10-17,RSVHub-ensemble,2.6488083358354468e-5,8.463565745127724e-5,1.5761274921822339e-4,2.4455184006868115e-4,3.749944650943012e-4,5.204640676245222e-4,7.357290888169747e-4,2.6e-5,8.5e-5,1.6e-4,2.4e-4,3.7e-4,5.2e-4,7.4e-4,FALSE,TRUE,RSVHub,2026-09-30,Ensemble using RSVHub forecast submissions
West Virginia,WV,0,wk inc rsv hosp,hosp,2026-10-03,2026-10-03,CEPH-Rtrend_rsv,1,2,3,4,5,6,7,1,2,3,4,5,6,7,TRUE,FALSE,CEPH Lab at Indiana University,2026-09-30,Rtrend RSV
West Virginia,WV,1,wk inc rsv hosp,hosp,2026-10-03,2026-10-10,CEPH-Rtrend_rsv,1,2,2,4,5,7,11,1,2,2,4,5,7,10,TRUE,FALSE,CEPH Lab at Indiana University,2026-09-30,Rtrend RSV
West Virginia,WV,2,wk inc rsv hosp,hosp,2026-10-03,2026-10-17,CEPH-Rtrend_rsv,1,1,2,4,5,7,12,1,1,2,4,5,7,10,TRUE,FALSE,CEPH Lab at Indiana University,2026-09-30,Rtrend RSV
West Virginia,WV,0,wk inc rsv prop ed visits,prop_ed,2026-10-03,2026-10-03,CFA-NowcastAutoGP,1.1336249310308014e-4,1.6896673091029916e-4,2.3887098991479675e-4,3.62064674413036e-4,5.391098474149417e-4,7.344611806772584e-4,0.0011088684945052226,1.1e-4,1.7e-4,2.4e-4,3.6e-4,5.4e-4,7.3e-4,0.0011,TRUE,FALSE,Center for Forecasting and Outbreak Analytics (CDC/CFA),2026-09-30,NowcastAutoGP
West Virginia,WV,1,wk inc rsv prop ed visits,prop_ed,2026-10-03,2026-10-10,CFA-NowcastAutoGP,1.1890133538444583e-4,1.8358140058535136e-4,2.771447801037771e-4,4.2849560630963806e-4,6.475390258467652e-4,9.748166931665322e-4,0.0015367031377665225,1.2e-4,1.8e-4,2.8e-4,4.3e-4,6.5e-4,9.7e-4,0.0015,TRUE,FALSE,Center for Forecasting and Outbreak Analytics (CDC/CFA),2026-09-30,NowcastAutoGP
West Virginia,WV,2,wk inc rsv prop ed visits,prop_ed,2026-10-03,2026-10-17,CFA-NowcastAutoGP,1.281238051848302e-4,2.1202053692057017e-4,3.2031868663036893e-4,5.29105188572983e-4,8.163466313496137e-4,0.0012603262103905422,0.0018479473898706986,1.3e-4,2.1e-4,3.2e-4,5.3e-4,8.2e-4,0.0013,0.0018,TRUE,FALSE,Center for Forecasting and Outbreak Analytics (CDC/CFA),2026-09-30,NowcastAutoGP
West Virginia,WV,0,wk inc rsv prop ed visits,prop_ed,2026-10-03,2026-10-03,CFA-PyRenew_E,4.857993423557659e-5,1.4081960899868986e-4,2.3040916827267162e-4,3.297407827914541e-4,4.582456379249785e-4,6.046844568399855e-4,8.084616180694141e-4,4.9e-5,1.4e-4,2.3e-4,3.3e-4,4.6e-4,6e-4,8.1e-4,TRUE,FALSE,Center for Forecasting and Outbreak Analytics (CDC/CFA),2026-09-30,PyRenew-E
West Virginia,WV,1,wk inc rsv prop ed visits,prop_ed,2026-10-03,2026-10-10,CFA-PyRenew_E,4.780096677887629e-5,1.3924829646298764e-4,2.314166571419414e-4,3.686607273022828e-4,5.454117926924353e-4,7.492783582215724e-4,0.0011126067839324029,4.8e-5,1.4e-4,2.3e-4,3.7e-4,5.5e-4,7.5e-4,0.0011,TRUE,FALSE,Center for Forecasting and Outbreak Analytics (CDC/CFA),2026-09-30,PyRenew-E
West Virginia,WV,2,wk inc rsv prop ed visits,prop_ed,2026-10-03,2026-10-17,CFA-PyRenew_E,4.5860757418659745e-5,9.877026496760498e-5,2.3059554166527781e-4,3.883573926195689e-4,6.508053210693569e-4,0.0010406850429002371,0.001677183429088367,4.6e-5,9.9e-5,2.3e-4,3.9e-4,6.5e-4,0.001,0.0017,TRUE,FALSE,Center for Forecasting and Outbreak Analytics (CDC/CFA),2026-09-30,PyRenew-E
West Virginia,WV,0,wk inc rsv hosp,hosp,2026-10-03,2026-10-03,CFA-PyRenew_H,0,0,1,2,3,5,8,0,0,1,2,3,5,8,FALSE,FALSE,Center for Forecasting and Outbreak Analytics (CDC/CFA),2026-09-30,PyRenew-H
West Virginia,WV,1,wk inc rsv hosp,hosp,2026-10-03,2026-10-10,CFA-PyRenew_H,0,0,1,2,4,7,13,0,0,1,2,4,7,10,FALSE,FALSE,Center for Forecasting and Outbreak Analytics (CDC/CFA),2026-09-30,PyRenew-H
West Virginia,WV,2,wk inc rsv hosp,hosp,2026-10-03,2026-10-17,CFA-PyRenew_H,0,0,1,2,5,10,22,0,0,1,2,5,10,20,FALSE,FALSE,Center for Forecasting and Outbreak Analytics (CDC/CFA),2026-09-30,PyRenew-H
West Virginia,WV,0,wk inc rsv hosp,hosp,2026-10-03,2026-10-03,CFA-PyRenew_HE,0,0,1,2,3,5,7,0,0,1,2,3,5,7,TRUE,FALSE,Center for Forecasting and Outbreak Analytics (CDC/CFA),2026-09-30,PyRenew-HE
West Virginia,WV,1,wk inc rsv hosp,hosp,2026-10-03,2026-10-10,CFA-PyRenew_HE,0,0,1,3,4,6,9,0,0,1,3,4,6,9,TRUE,FALSE,Center for Forecasting and Outbreak Analytics (CDC/CFA),2026-09-30,PyRenew-HE
West Virginia,WV,2,wk inc rsv hosp,hosp,2026-10-03,2026-10-17,CFA-PyRenew_HE,0,1,1,3,5,8,14,0,1,1,3,5,8,10,TRUE,FALSE,Center for Forecasting and Outbreak Analytics (CDC/CFA),2026-09-30,PyRenew-HE
West Virginia,WV,0,wk inc rsv prop ed visits,prop_ed,2026-10-03,2026-10-03,CFA-PyRenew_HE,9.341816287010331e-5,1.4261260306876961e-4,2.335341047204472e-4,3.305852381003478e-4,4.6327548758561584e-4,5.803415438634772e-4,7.897657301301703e-4,9.3e-5,1.4e-4,2.3e-4,3.3e-4,4.6e-4,5.8e-4,7.9e-4,FALSE,FALSE,Center for Forecasting and Outbreak Analytics (CDC/CFA),2026-09-30,PyRenew-HE
West Virginia,WV,1,wk inc rsv prop ed visits,prop_ed,2026-10-03,2026-10-10,CFA-PyRenew_HE,4.8699448780507686e-5,1.4215703606874493e-4,2.370916272215717e-4,3.7593116924190654e-4,5.541831470018451e-4,7.695166683417038e-4,0.0010990135458476549,4.9e-5,1.4e-4,2.4e-4,3.8e-4,5.5e-4,7.7e-4,0.0011,FALSE,FALSE,Center for Forecasting and Outbreak Analytics (CDC/CFA),2026-09-30,PyRenew-HE
West Virginia,WV,2,wk inc rsv prop ed visits,prop_ed,2026-10-03,2026-10-17,CFA-PyRenew_HE,4.79068412822208e-5,1.3950925135539395e-4,2.3773992153130796e-4,4.1748799641044777e-4,6.644225559443559e-4,0.0010487263439975883,0.0016319956319611542,4.8e-5,1.4e-4,2.4e-4,4.2e-4,6.6e-4,0.001,0.0016,FALSE,FALSE,Center for Forecasting and Outbreak Analytics (CDC/CFA),2026-09-30,PyRenew-HE
West Virginia,WV,0,wk inc rsv hosp,hosp,2026-10-03,2026-10-03,NAU-epymorph,0,0,1,3,5,8,14,0,0,1,3,5,8,10,TRUE,FALSE,Northern Arizona University,2026-09-30,epymorph RSV compartmental model
West Virginia,WV,1,wk inc rsv hosp,hosp,2026-10-03,2026-10-10,NAU-epymorph,0,0,1,3,6,12,21,0,0,1,3,6,10,20,TRUE,FALSE,Northern Arizona University,2026-09-30,epymorph RSV compartmental model
West Virginia,WV,2,wk inc rsv hosp,hosp,2026-10-03,2026-10-17,NAU-epymorph,0,0,1,4,8,19,35,0,0,1,4,8,20,40,TRUE,FALSE,Northern Arizona University,2026-09-30,epymorph RSV compartmental model
West Virginia,WV,0,wk inc rsv hosp,hosp,2026-10-03,2026-10-03,RSVHub-baseline,0,0,0,2,6,14.700000000000003,33.549999999999955,0,0,0,2,6,10,30,FALSE,FALSE,RSVHub-hub-models,2026-09-30,RSVHub baseline model
West Virginia,WV,1,wk inc rsv hosp,hosp,2026-10-03,2026-10-10,RSVHub-baseline,0,0,0,2,10,23.37555575555758,45,0,0,0,2,10,20,50,FALSE,FALSE,RSVHub-hub-models,2026-09-30,RSVHub baseline model
West Virginia,WV,2,wk inc rsv hosp,hosp,2026-10-03,2026-10-17,RSVHub-baseline,0,0,0,2,13,28.255392553925557,48.088668636686464,0,0,0,2,10,30,50,FALSE,FALSE,RSVHub-hub-models,2026-09-30,RSVHub baseline model
West Virginia,WV,0,wk inc rsv prop ed visits,prop_ed,2026-10-03,2026-10-03,RSVHub-baseline,0,0,0,2e-4,5e-4,0.0021500000000000017,0.004662499999999997,0,0,0,2e-4,5e-4,0.0022,0.0047,FALSE,FALSE,RSVHub-hub-models,2026-09-30,RSVHub baseline model
West Virginia,WV,1,wk inc rsv prop ed visits,prop_ed,2026-10-03,2026-10-10,RSVHub-baseline,0,0,0,2e-4,0.0012179094290942897,0.003207167571675715,0.006659083090830897,0,0,0,2e-4,0.0012,0.0032,0.0067,FALSE,FALSE,RSVHub-hub-models,2026-09-30,RSVHub baseline model
West Virginia,WV,2,wk inc rsv prop ed visits,prop_ed,2026-10-03,2026-10-17,RSVHub-baseline,0,0,0,1.9999999999999998e-4,0.0018409131591315907,0.0040652828528285265,0.007540859858598572,0,0,0,2e-4,0.0018,0.0041,0.0075,FALSE,FALSE,RSVHub-hub-models,2026-09-30,RSVHub baseline model
West Virginia,WV,0,wk inc rsv hosp,hosp,2026-10-03,2026-10-03,docxology-timesfm,0.15185014767208954,0.7784572196226699,1.3140263980134121,1.6292548764640578,2.111207634082117,3.3959000840987903,4.482956412145519,0,1,1,2,2,3,4,TRUE,FALSE,docxology,2026-09-30,docxology timesfm
West Virginia,WV,1,wk inc rsv hosp,hosp,2026-10-03,2026-10-10,docxology-timesfm,0,0.8488025488285588,1.335052600756316,1.8890214931926592,3.0042038095536596,4.192835189440458,5.246529597830292,0,1,1,2,3,4,5,TRUE,FALSE,docxology,2026-09-30,docxology timesfm
West Virginia,WV,2,wk inc rsv hosp,hosp,2026-10-03,2026-10-17,docxology-timesfm,0.20910602630108177,1.2333476004115984,2.0425269508831385,2.8901787179737273,4.393237921973341,5.088111550704494,5.885884678373048,0,1,2,3,4,5,6,TRUE,FALSE,docxology,2026-09-30,docxology timesfm
West Virginia,WV,0,wk inc rsv hosp,hosp,2026-10-03,2026-10-03,NAU-Copycat,1,2,2,2,4,5,7.024999999999977,1,2,2,2,4,5,7,TRUE,FALSE,NAU,2026-09-30,Copycat
West Virginia,WV,1,wk inc rsv hosp,hosp,2026-10-03,2026-10-10,NAU-Copycat,1,2,2,3,4,6,7,1,2,2,3,4,6,7,TRUE,FALSE,NAU,2026-09-30,Copycat
West Virginia,WV,2,wk inc rsv hosp,hosp,2026-10-03,2026-10-17,NAU-Copycat,1,1,2,4,5,7,10,1,1,2,4,5,7,10,TRUE,FALSE,NAU,2026-09-30,Copycat
West Virginia,WV,0,wk inc rsv prop ed visits,prop_ed,2026-10-03,2026-10-03,NAU-Copycat,0,3.963241436126239e-5,1.3244669007482612e-4,3.4000976365830034e-4,7.183541591152938e-4,0.0013643004554946844,0.002380827560180081,0,4e-5,1.3e-4,3.4e-4,7.2e-4,0.0014,0.0024,TRUE,FALSE,NAU,2026-09-30,Copycat
West Virginia,WV,1,wk inc rsv prop ed visits,prop_ed,2026-10-03,2026-10-10,NAU-Copycat,0,0,1.263114154980171e-4,4.491832509026235e-4,0.001140751092047058,0.002470443434753957,0.005245228619394742,0,0,1.3e-4,4.5e-4,0.0011,0.0025,0.0052,TRUE,FALSE,NAU,2026-09-30,Copycat
West Virginia,WV,2,wk inc rsv prop ed visits,prop_ed,2026-10-03,2026-10-17,NAU-Copycat,0,0,1.3723271223026217e-4,5.869054217769855e-4,0.0017952560582729263,0.004610800808674812,0.013193902704469268,0,0,1.4e-4,5.9e-4,0.0018,0.0046,0.013,TRUE,FALSE,NAU,2026-09-30,Copycat
West Virginia,WV,0,wk inc rsv hosp,hosp,2026-10-03,2026-10-03,UGA_flucast-INFLAenza,0,0,1,2,3,5,7,0,0,1,2,3,5,7,TRUE,FALSE,UGA_flucast,2026-09-30,INFLAenza
West Virginia,WV,1,wk inc rsv hosp,hosp,2026-10-03,2026-10-10,UGA_flucast-INFLAenza,0,1,1,3,4,6,8,0,1,1,3,4,6,8,TRUE,FALSE,UGA_flucast,2026-09-30,INFLAenza
West Virginia,WV,2,wk inc rsv hosp,hosp,2026-10-03,2026-10-17,UGA_flucast-INFLAenza,0,1,2,3,5,7,9,0,1,2,3,5,7,9,TRUE,FALSE,UGA_flucast,2026-09-30,INFLAenza
West Virginia,WV,0,wk inc rsv prop ed visits,prop_ed,2026-10-03,2026-10-03,UGA_flucast-INFLAenza,8.291502478449797e-5,1.4804682047662616e-4,2.3140079451054756e-4,3.611025242298242e-4,5.314035827456035e-4,7.215434772153417e-4,9.763234658783897e-4,8.3e-5,1.5e-4,2.3e-4,3.6e-4,5.3e-4,7.2e-4,9.8e-4,TRUE,FALSE,UGA_flucast,2026-09-30,INFLAenza
West Virginia,WV,1,wk inc rsv prop ed visits,prop_ed,2026-10-03,2026-10-10,UGA_flucast-INFLAenza,9.501891983365228e-5,1.7807944856489724e-4,2.743755524673723e-4,4.1637947972451503e-4,6.087392657305676e-4,8.163124821685842e-4,0.0011125159233261296,9.5e-5,1.8e-4,2.7e-4,4.2e-4,6.1e-4,8.2e-4,0.0011,TRUE,FALSE,UGA_flucast,2026-09-30,INFLAenza
West Virginia,WV,2,wk inc rsv prop ed visits,prop_ed,2026-10-03,2026-10-17,UGA_flucast-INFLAenza,1.258505247689707e-4,2.1057042538418663e-4,3.2900634460656525e-4,5.022893503657054e-4,7.304434219718127e-4,9.603132689397352e-4,0.0012512763803168838,1.3e-4,2.1e-4,3.3e-4,5e-4,7.3e-4,9.6e-4,0.0013,TRUE,FALSE,UGA_flucast,2026-09-30,INFLAenza
West Virginia,WV,0,wk inc rsv hosp,hosp,2026-10-03,2026-10-03,RSVHub-ensemble,0.07592507383604477,0.38922860981133495,1.157013199006706,2,3.5,5,7,0,0,1,2,4,5,7,FALSE,TRUE,RSVHub,2026-09-30,Ensemble using RSVHub forecast submissions
West Virginia,WV,1,wk inc rsv hosp,hosp,2026-10-03,2026-10-10,RSVHub-ensemble,0,0.9244012744142793,1.167526300378158,3,4,6,8.5,0,1,1,3,4,6,9,FALSE,TRUE,RSVHub,2026-09-30,Ensemble using RSVHub forecast submissions
West Virginia,WV,2,wk inc rsv hosp,hosp,2026-10-03,2026-10-17,RSVHub-ensemble,0.10455301315054089,1,2,3.5,5,7,11,0,1,2,4,5,7,10,FALSE,TRUE,RSVHub,2026-09-30,Ensemble using RSVHub forecast submissions
West Virginia,WV,0,wk inc rsv prop ed visits,prop_ed,2026-10-03,2026-10-03,RSVHub-ensemble,6.574747951003729e-5,1.44433214737658e-4,2.309049813916096e-4,3.5055614394406226e-4,5.352567150802726e-4,7.280023289463e-4,0.001042595980191806,6.6e-5,1.4e-4,2.3e-4,3.5e-4,5.4e-4,7.3e-4,0.001,FALSE,TRUE,RSVHub,2026-09-30,Ensemble using RSVHub forecast submissions
West Virginia,WV,1,wk inc rsv prop ed visits,prop_ed,2026-10-03,2026-10-10,RSVHub-ensemble,7.140994330626428e-5,1.5866387251394244e-4,2.5289610480465683e-4,4.224375430170765e-4,6.281391457886664e-4,8.955645876675582e-4,0.0013246549608494627,7.1e-5,1.6e-4,2.5e-4,4.2e-4,6.3e-4,9e-4,0.0013,FALSE,TRUE,RSVHub,2026-09-30,Ensemble using RSVHub forecast submissions
West Virginia,WV,2,wk inc rsv prop ed visits,prop_ed,2026-10-03,2026-10-17,RSVHub-ensemble,8.585564109381523e-5,1.546703451758958e-4,2.7545711414782336e-4,5.156972694693442e-4,7.733950266607132e-4,0.0011505056266453897,0.0017625654094795328,8.6e-5,1.5e-4,2.8e-4,5.2e-4,7.7e-4,0.0012,0.0018,FALSE,TRUE,RSVHub,2026-09-30,Ensemble using RSVHub forecast submissions
Wisconsin,WI,0,wk inc rsv hosp,hosp,2026-10-03,2026-10-03,CEPH-Rtrend_rsv,1,2,2,3,4,6,7,1,2,2,3,4,6,7,TRUE,FALSE,CEPH Lab at Indiana University,2026-09-30,Rtrend RSV
Wisconsin,WI,1,wk inc rsv hosp,hosp,2026-10-03,2026-10-10,CEPH-Rtrend_rsv,1,1,2,3,5,7,11,1,1,2,3,5,7,10,TRUE,FALSE,CEPH Lab at Indiana University,2026-09-30,Rtrend RSV
Wisconsin,WI,2,wk inc rsv hosp,hosp,2026-10-03,2026-10-17,CEPH-Rtrend_rsv,1,1,2,3,6,10,16,1,1,2,3,6,10,20,TRUE,FALSE,CEPH Lab at Indiana University,2026-09-30,Rtrend RSV
Wisconsin,WI,0,wk inc rsv prop ed visits,prop_ed,2026-10-03,2026-10-03,CFA-NowcastAutoGP,1.1115940511712823e-5,1.8569047853852535e-5,2.6837591700060236e-5,3.954644996255467e-5,5.462021131029722e-5,7.499868412535911e-5,1.2106987825900536e-4,1.1e-5,1.9e-5,2.7e-5,4e-5,5.5e-5,7.5e-5,1.2e-4,TRUE,FALSE,Center for Forecasting and Outbreak Analytics (CDC/CFA),2026-09-30,NowcastAutoGP
Wisconsin,WI,1,wk inc rsv prop ed visits,prop_ed,2026-10-03,2026-10-10,CFA-NowcastAutoGP,1.2749631495254024e-5,2.115297182199751e-5,3.096403002204942e-5,4.6920370608647197e-5,6.833372823514597e-5,9.492018844590766e-5,1.5127722177832583e-4,1.3e-5,2.1e-5,3.1e-5,4.7e-5,6.8e-5,9.5e-5,1.5e-4,TRUE,FALSE,Center for Forecasting and Outbreak Analytics (CDC/CFA),2026-09-30,NowcastAutoGP
Wisconsin,WI,2,wk inc rsv prop ed visits,prop_ed,2026-10-03,2026-10-17,CFA-NowcastAutoGP,1.345994810139397e-5,2.401164814282759e-5,3.728985027141997e-5,5.67115167709302e-5,8.772831349941715e-5,1.2474321220224877e-4,1.926141291084118e-4,1.3e-5,2.4e-5,3.7e-5,5.7e-5,8.8e-5,1.2e-4,1.9e-4,TRUE,FALSE,Center for Forecasting and Outbreak Analytics (CDC/CFA),2026-09-30,NowcastAutoGP
Wisconsin,WI,0,wk inc rsv prop ed visits,prop_ed,2026-10-03,2026-10-03,CFA-PyRenew_E,0,1.7580098314224066e-5,3.550036911820014e-5,7.025292681406932e-5,1.062389206464017e-4,1.5554150352754923e-4,2.0812746336209168e-4,0,1.8e-5,3.6e-5,7e-5,1.1e-4,1.6e-4,2.1e-4,TRUE,FALSE,Center for Forecasting and Outbreak Analytics (CDC/CFA),2026-09-30,PyRenew-E
Wisconsin,WI,1,wk inc rsv prop ed visits,prop_ed,2026-10-03,2026-10-10,CFA-PyRenew_E,0,1.7928610910969915e-5,5.184037540289983e-5,8.782181037942125e-5,1.464356267297074e-4,2.2997004622345648e-4,3.4228284160716803e-4,0,1.8e-5,5.2e-5,8.8e-5,1.5e-4,2.3e-4,3.4e-4,TRUE,FALSE,Center for Forecasting and Outbreak Analytics (CDC/CFA),2026-09-30,PyRenew-E
Wisconsin,WI,2,wk inc rsv prop ed visits,prop_ed,2026-10-03,2026-10-17,CFA-PyRenew_E,0,1.793366654872743e-5,5.2745942675771865e-5,1.0857181160146389e-4,2.2490417692784726e-4,3.8868715262125903e-4,6.904435263234651e-4,0,1.8e-5,5.3e-5,1.1e-4,2.2e-4,3.9e-4,6.9e-4,TRUE,FALSE,Center for Forecasting and Outbreak Analytics (CDC/CFA),2026-09-30,PyRenew-E
Wisconsin,WI,0,wk inc rsv hosp,hosp,2026-10-03,2026-10-03,CFA-PyRenew_H,0,0,0,0,1,2,4,0,0,0,0,1,2,4,FALSE,FALSE,Center for Forecasting and Outbreak Analytics (CDC/CFA),2026-09-30,PyRenew-H
Wisconsin,WI,1,wk inc rsv hosp,hosp,2026-10-03,2026-10-10,CFA-PyRenew_H,0,0,0,0,1,2,4,0,0,0,0,1,2,4,FALSE,FALSE,Center for Forecasting and Outbreak Analytics (CDC/CFA),2026-09-30,PyRenew-H
Wisconsin,WI,2,wk inc rsv hosp,hosp,2026-10-03,2026-10-17,CFA-PyRenew_H,0,0,0,0,1,2,5,0,0,0,0,1,2,5,FALSE,FALSE,Center for Forecasting and Outbreak Analytics (CDC/CFA),2026-09-30,PyRenew-H
Wisconsin,WI,0,wk inc rsv hosp,hosp,2026-10-03,2026-10-03,CFA-PyRenew_HE,0,0,0,1,2,3,5,0,0,0,1,2,3,5,TRUE,FALSE,Center for Forecasting and Outbreak Analytics (CDC/CFA),2026-09-30,PyRenew-HE
Wisconsin,WI,1,wk inc rsv hosp,hosp,2026-10-03,2026-10-10,CFA-PyRenew_HE,0,0,0,1,3,4,7,0,0,0,1,3,4,7,TRUE,FALSE,Center for Forecasting and Outbreak Analytics (CDC/CFA),2026-09-30,PyRenew-HE
Wisconsin,WI,2,wk inc rsv hosp,hosp,2026-10-03,2026-10-17,CFA-PyRenew_HE,0,0,0,2,3,5,11,0,0,0,2,3,5,10,TRUE,FALSE,Center for Forecasting and Outbreak Analytics (CDC/CFA),2026-09-30,PyRenew-HE
Wisconsin,WI,0,wk inc rsv prop ed visits,prop_ed,2026-10-03,2026-10-03,CFA-PyRenew_HE,0,1.72867415000215e-5,1.8182244079326462e-5,5.2527724234028414e-5,7.259750835490609e-5,1.0723558866422285e-4,1.56486588474871e-4,0,1.7e-5,1.8e-5,5.3e-5,7.3e-5,1.1e-4,1.6e-4,FALSE,FALSE,Center for Forecasting and Outbreak Analytics (CDC/CFA),2026-09-30,PyRenew-HE
Wisconsin,WI,1,wk inc rsv prop ed visits,prop_ed,2026-10-03,2026-10-10,CFA-PyRenew_HE,0,1.7144118817917596e-5,3.4384543031522094e-5,5.3150114464635074e-5,8.986410428352041e-5,1.4128133783373412e-4,2.130906618304071e-4,0,1.7e-5,3.4e-5,5.3e-5,9e-5,1.4e-4,2.1e-4,FALSE,FALSE,Center for Forecasting and Outbreak Analytics (CDC/CFA),2026-09-30,PyRenew-HE
Wisconsin,WI,2,wk inc rsv prop ed visits,prop_ed,2026-10-03,2026-10-17,CFA-PyRenew_HE,0,1.7024895553646176e-5,3.413650427175114e-5,5.5510094090580354e-5,1.0984582629541794e-4,1.790752270279336e-4,3.308920685870444e-4,0,1.7e-5,3.4e-5,5.6e-5,1.1e-4,1.8e-4,3.3e-4,FALSE,FALSE,Center for Forecasting and Outbreak Analytics (CDC/CFA),2026-09-30,PyRenew-HE
Wisconsin,WI,0,wk inc rsv hosp,hosp,2026-10-03,2026-10-03,NAU-epymorph,0,0,0,0,0,2,5,0,0,0,0,0,2,5,TRUE,FALSE,Northern Arizona University,2026-09-30,epymorph RSV compartmental model
Wisconsin,WI,1,wk inc rsv hosp,hosp,2026-10-03,2026-10-10,NAU-epymorph,0,0,0,0,0,2,8,0,0,0,0,0,2,8,TRUE,FALSE,Northern Arizona University,2026-09-30,epymorph RSV compartmental model
Wisconsin,WI,2,wk inc rsv hosp,hosp,2026-10-03,2026-10-17,NAU-epymorph,0,0,0,0,0,3,12,0,0,0,0,0,3,10,TRUE,FALSE,Northern Arizona University,2026-09-30,epymorph RSV compartmental model
Wisconsin,WI,0,wk inc rsv hosp,hosp,2026-10-03,2026-10-03,RSVHub-baseline,0,0,0,0,5,16.20000000000002,39,0,0,0,0,5,20,40,FALSE,FALSE,RSVHub-hub-models,2026-09-30,RSVHub baseline model
Wisconsin,WI,1,wk inc rsv hosp,hosp,2026-10-03,2026-10-10,RSVHub-baseline,0,0,0,0,9.229097290972916,30,46.86092685926848,0,0,0,0,9,30,50,FALSE,FALSE,RSVHub-hub-models,2026-09-30,RSVHub baseline model
Wisconsin,WI,2,wk inc rsv hosp,hosp,2026-10-03,2026-10-17,RSVHub-baseline,0,0,0,0,14,34.761350613506146,58.80743557435565,0,0,0,0,10,30,60,FALSE,FALSE,RSVHub-hub-models,2026-09-30,RSVHub baseline model
Wisconsin,WI,0,wk inc rsv prop ed visits,prop_ed,2026-10-03,2026-10-03,RSVHub-baseline,0,0,0,0,1.0000000000000005e-4,8.500000000000014e-4,0.002262499999999998,0,0,0,0,1e-4,8.5e-4,0.0023,FALSE,FALSE,RSVHub-hub-models,2026-09-30,RSVHub baseline model
Wisconsin,WI,1,wk inc rsv prop ed visits,prop_ed,2026-10-03,2026-10-10,RSVHub-baseline,0,0,0,0,5.405564055640582e-4,0.0015449377493774944,0.002670497079970801,0,0,0,0,5.4e-4,0.0015,0.0027,FALSE,FALSE,RSVHub-hub-models,2026-09-30,RSVHub baseline model
Wisconsin,WI,2,wk inc rsv prop ed visits,prop_ed,2026-10-03,2026-10-17,RSVHub-baseline,0,0,0,0,8.000000000000004e-4,0.0019116064160641533,0.003100000000000001,0,0,0,0,8e-4,0.0019,0.0031,FALSE,FALSE,RSVHub-hub-models,2026-09-30,RSVHub baseline model
Wisconsin,WI,0,wk inc rsv hosp,hosp,2026-10-03,2026-10-03,docxology-timesfm,0.8306210931936991,0.9349929116653225,1.2348564564153857,1.7770039205762571,2.4044723217797737,6.661992972313338,11.567188003692003,1,1,1,2,2,7,10,TRUE,FALSE,docxology,2026-09-30,docxology timesfm
Wisconsin,WI,1,wk inc rsv hosp,hosp,2026-10-03,2026-10-10,docxology-timesfm,0.6202257622034982,1.1374677010432124,1.5081736584221592,2.1878347154107836,2.9001699893855064,5.2321884080477545,9.500462917829967,1,1,2,2,3,5,10,TRUE,FALSE,docxology,2026-09-30,docxology timesfm
Wisconsin,WI,2,wk inc rsv hosp,hosp,2026-10-03,2026-10-17,docxology-timesfm,1.536754981175001,2.072817025007126,2.9903887396957423,4.950448151171171,6.036641254643175,7.158564044159908,18.254824921669787,2,2,3,5,6,7,20,TRUE,FALSE,docxology,2026-09-30,docxology timesfm
Wisconsin,WI,0,wk inc rsv hosp,hosp,2026-10-03,2026-10-03,NAU-Copycat,0,0,0,0,1,3,8,0,0,0,0,1,3,8,TRUE,FALSE,NAU,2026-09-30,Copycat
Wisconsin,WI,1,wk inc rsv hosp,hosp,2026-10-03,2026-10-10,NAU-Copycat,0,0,0,0,2,7,19.074999999999932,0,0,0,0,2,7,20,TRUE,FALSE,NAU,2026-09-30,Copycat
Wisconsin,WI,2,wk inc rsv hosp,hosp,2026-10-03,2026-10-17,NAU-Copycat,0,0,0,0,3,14,47.049999999999955,0,0,0,0,3,10,50,TRUE,FALSE,NAU,2026-09-30,Copycat
Wisconsin,WI,0,wk inc rsv prop ed visits,prop_ed,2026-10-03,2026-10-03,NAU-Copycat,0,0,0,2.0826983399485636e-5,7.27241110893063e-5,1.5598685474452404e-4,2.8049595350180607e-4,0,0,0,2.1e-5,7.3e-5,1.6e-4,2.8e-4,TRUE,FALSE,NAU,2026-09-30,Copycat
Wisconsin,WI,1,wk inc rsv prop ed visits,prop_ed,2026-10-03,2026-10-10,NAU-Copycat,0,0,0,4.412226608984567e-5,1.2788260719796162e-4,2.5215266671040185e-4,5.215056181456693e-4,0,0,0,4.4e-5,1.3e-4,2.5e-4,5.2e-4,TRUE,FALSE,NAU,2026-09-30,Copycat
Wisconsin,WI,2,wk inc rsv prop ed visits,prop_ed,2026-10-03,2026-10-17,NAU-Copycat,0,0,0,6.599720374837645e-5,2.0378830941482383e-4,4.1054370539151113e-4,8.204751202773454e-4,0,0,0,6.6e-5,2e-4,4.1e-4,8.2e-4,TRUE,FALSE,NAU,2026-09-30,Copycat
Wisconsin,WI,0,wk inc rsv hosp,hosp,2026-10-03,2026-10-03,UGA_flucast-INFLAenza,0,0,1,2,3,5,6,0,0,1,2,3,5,6,TRUE,FALSE,UGA_flucast,2026-09-30,INFLAenza
Wisconsin,WI,1,wk inc rsv hosp,hosp,2026-10-03,2026-10-10,UGA_flucast-INFLAenza,0,0,1,2,4,6,8,0,0,1,2,4,6,8,TRUE,FALSE,UGA_flucast,2026-09-30,INFLAenza
Wisconsin,WI,2,wk inc rsv hosp,hosp,2026-10-03,2026-10-17,UGA_flucast-INFLAenza,0,1,2,3,5,7,9,0,1,2,3,5,7,9,TRUE,FALSE,UGA_flucast,2026-09-30,INFLAenza
Wisconsin,WI,0,wk inc rsv prop ed visits,prop_ed,2026-10-03,2026-10-03,UGA_flucast-INFLAenza,8.258577367823837e-6,2.7564117074955117e-5,6.247474119863475e-5,1.278592111274555e-4,2.326776884361889e-4,3.571191984284834e-4,5.295908040109094e-4,8.3e-6,2.8e-5,6.2e-5,1.3e-4,2.3e-4,3.6e-4,5.3e-4,TRUE,FALSE,UGA_flucast,2026-09-30,INFLAenza
Wisconsin,WI,1,wk inc rsv prop ed visits,prop_ed,2026-10-03,2026-10-10,UGA_flucast-INFLAenza,1.1622725332296981e-5,3.727542359837085e-5,8.044025402807606e-5,1.58456188142291e-4,2.640015915363449e-4,3.9958500242005547e-4,5.975125408727832e-4,1.2e-5,3.7e-5,8e-5,1.6e-4,2.6e-4,4e-4,6e-4,TRUE,FALSE,UGA_flucast,2026-09-30,INFLAenza
Wisconsin,WI,2,wk inc rsv prop ed visits,prop_ed,2026-10-03,2026-10-17,UGA_flucast-INFLAenza,1.7044257853162282e-5,4.9895312708062965e-5,1.0374855382978159e-4,1.9057885329693092e-4,3.153796040353977e-4,4.602556343726954e-4,6.569020743018263e-4,1.7e-5,5e-5,1e-4,1.9e-4,3.2e-4,4.6e-4,6.6e-4,TRUE,FALSE,UGA_flucast,2026-09-30,INFLAenza
Wisconsin,WI,0,wk inc rsv hosp,hosp,2026-10-03,2026-10-03,RSVHub-ensemble,0,0,0.5,1.3885019602881286,2.202236160889887,4,6.5,0,0,1,1,2,4,7,FALSE,TRUE,RSVHub,2026-09-30,Ensemble using RSVHub forecast submissions
Wisconsin,WI,1,wk inc rsv hosp,hosp,2026-10-03,2026-10-10,RSVHub-ensemble,0,0,0.5,1.5,2.9500849946927534,5.616094204023877,8.750231458914984,0,0,1,2,3,6,9,FALSE,TRUE,RSVHub,2026-09-30,Ensemble using RSVHub forecast submissions
Wisconsin,WI,2,wk inc rsv hosp,hosp,2026-10-03,2026-10-17,RSVHub-ensemble,0,0.5,1,2.5,4,7.079282022079954,14,0,1,1,3,4,7,10,FALSE,TRUE,RSVHub,2026-09-30,Ensemble using RSVHub forecast submissions
Wisconsin,WI,0,wk inc rsv prop ed visits,prop_ed,2026-10-03,2026-10-03,RSVHub-ensemble,4.129288683911918e-6,1.80745730840383e-5,3.1168980409130186e-5,5.489968838831199e-5,8.9481515867854e-5,1.5576417913603665e-4,2.443117084319489e-4,4.1e-6,1.8e-5,3.1e-5,5.5e-5,8.9e-5,1.6e-4,2.4e-4,FALSE,TRUE,RSVHub,2026-09-30,Ensemble using RSVHub forecast submissions
Wisconsin,WI,1,wk inc rsv prop ed visits,prop_ed,2026-10-03,2026-10-10,RSVHub-ensemble,5.811362666148491e-6,1.9540791366483712e-5,4.140220271247462e-5,6.737109049403423e-5,1.371591169638345e-4,2.4106135646692915e-4,4.318942298764187e-4,5.8e-6,2e-5,4.1e-5,6.7e-5,1.4e-4,2.4e-4,4.3e-4,FALSE,TRUE,RSVHub,2026-09-30,Ensemble using RSVHub forecast submissions
Wisconsin,WI,2,wk inc rsv prop ed visits,prop_ed,2026-10-03,2026-10-17,RSVHub-ensemble,6.729974050696985e-6,2.097265734577751e-5,4.501789647359592e-5,8.728450767492017e-5,2.1434624317133555e-4,3.996154290063851e-4,6.736728003126457e-4,6.7e-6,2.1e-5,4.5e-5,8.7e-5,2.1e-4,4e-4,6.7e-4,FALSE,TRUE,RSVHub,2026-09-30,Ensemble using RSVHub forecast submissions
Wyoming,WY,0,wk inc rsv hosp,hosp,2026-10-03,2026-10-03,CEPH-Rtrend_rsv,1,1,2,2,3,4,5,1,1,2,2,3,4,5,TRUE,FALSE,CEPH Lab at Indiana University,2026-09-30,Rtrend RSV
Wyoming,WY,1,wk inc rsv hosp,hosp,2026-10-03,2026-10-10,CEPH-Rtrend_rsv,1,1,2,3,3,5,7,1,1,2,3,3,5,7,TRUE,FALSE,CEPH Lab at Indiana University,2026-09-30,Rtrend RSV
Wyoming,WY,2,wk inc rsv hosp,hosp,2026-10-03,2026-10-17,CEPH-Rtrend_rsv,0,1,2,2,4,5,8,0,1,2,2,4,5,8,TRUE,FALSE,CEPH Lab at Indiana University,2026-09-30,Rtrend RSV
Wyoming,WY,0,wk inc rsv prop ed visits,prop_ed,2026-10-03,2026-10-03,CFA-NowcastAutoGP,1.5149152531132136e-6,1.372677090552734e-4,3.0628114071157563e-4,6.028258263575958e-4,0.0011454161309675005,0.0020585854788138912,0.0038620728111283323,1.5e-6,1.4e-4,3.1e-4,6e-4,0.0011,0.0021,0.0039,TRUE,FALSE,Center for Forecasting and Outbreak Analytics (CDC/CFA),2026-09-30,NowcastAutoGP
Wyoming,WY,1,wk inc rsv prop ed visits,prop_ed,2026-10-03,2026-10-10,CFA-NowcastAutoGP,0,1.1330596353128534e-4,3.203921652356604e-4,7.066097760067844e-4,0.001369804305821429,0.0024175448040797474,0.005022644962819967,0,1.1e-4,3.2e-4,7.1e-4,0.0014,0.0024,0.005,TRUE,FALSE,Center for Forecasting and Outbreak Analytics (CDC/CFA),2026-09-30,NowcastAutoGP
Wyoming,WY,2,wk inc rsv prop ed visits,prop_ed,2026-10-03,2026-10-17,CFA-NowcastAutoGP,0,9.219624883748622e-5,3.0112371130403914e-4,7.672147497181536e-4,0.001640611774944682,0.0031264592423739575,0.006599668144827574,0,9.2e-5,3e-4,7.7e-4,0.0016,0.0031,0.0066,TRUE,FALSE,Center for Forecasting and Outbreak Analytics (CDC/CFA),2026-09-30,NowcastAutoGP
Wyoming,WY,0,wk inc rsv hosp,hosp,2026-10-03,2026-10-03,CFA-PyRenew_H,0,0,0,0,1,2,3,0,0,0,0,1,2,3,FALSE,FALSE,Center for Forecasting and Outbreak Analytics (CDC/CFA),2026-09-30,PyRenew-H
Wyoming,WY,1,wk inc rsv hosp,hosp,2026-10-03,2026-10-10,CFA-PyRenew_H,0,0,0,0,1,2,5,0,0,0,0,1,2,5,FALSE,FALSE,Center for Forecasting and Outbreak Analytics (CDC/CFA),2026-09-30,PyRenew-H
Wyoming,WY,2,wk inc rsv hosp,hosp,2026-10-03,2026-10-17,CFA-PyRenew_H,0,0,0,0,1,3,9,0,0,0,0,1,3,9,FALSE,FALSE,Center for Forecasting and Outbreak Analytics (CDC/CFA),2026-09-30,PyRenew-H
Wyoming,WY,0,wk inc rsv hosp,hosp,2026-10-03,2026-10-03,NAU-epymorph,0,0,1,2,3,6,10,0,0,1,2,3,6,10,TRUE,FALSE,Northern Arizona University,2026-09-30,epymorph RSV compartmental model
Wyoming,WY,1,wk inc rsv hosp,hosp,2026-10-03,2026-10-10,NAU-epymorph,0,0,1,2,5,10,27,0,0,1,2,5,10,30,TRUE,FALSE,Northern Arizona University,2026-09-30,epymorph RSV compartmental model
Wyoming,WY,2,wk inc rsv hosp,hosp,2026-10-03,2026-10-17,NAU-epymorph,0,0,1,3,7,19,49,0,0,1,3,7,20,50,TRUE,FALSE,Northern Arizona University,2026-09-30,epymorph RSV compartmental model
Wyoming,WY,0,wk inc rsv hosp,hosp,2026-10-03,2026-10-03,RSVHub-baseline,0,0,0,0,1,3,11,0,0,0,0,1,3,10,FALSE,FALSE,RSVHub-hub-models,2026-09-30,RSVHub baseline model
Wyoming,WY,1,wk inc rsv hosp,hosp,2026-10-03,2026-10-10,RSVHub-baseline,0,0,0,0,2,8,15.569255692556851,0,0,0,0,2,8,20,FALSE,FALSE,RSVHub-hub-models,2026-09-30,RSVHub baseline model
Wyoming,WY,2,wk inc rsv hosp,hosp,2026-10-03,2026-10-17,RSVHub-baseline,0,0,0,0,3.859111091110904,10,17.784483844838444,0,0,0,0,4,10,20,FALSE,FALSE,RSVHub-hub-models,2026-09-30,RSVHub baseline model
Wyoming,WY,0,wk inc rsv prop ed visits,prop_ed,2026-10-03,2026-10-03,RSVHub-baseline,0,0,2.0000000000000047e-4,6e-4,9.999999999999994e-4,0.0025000000000000005,0.0055000000000000005,0,0,2e-4,6e-4,0.001,0.0025,0.0055,FALSE,FALSE,RSVHub-hub-models,2026-09-30,RSVHub baseline model
Wyoming,WY,1,wk inc rsv prop ed visits,prop_ed,2026-10-03,2026-10-10,RSVHub-baseline,0,0,0,6e-4,0.0018,0.00382875578755788,0.007360085475854748,0,0,0,6e-4,0.0018,0.0038,0.0074,FALSE,FALSE,RSVHub-hub-models,2026-09-30,RSVHub baseline model
Wyoming,WY,2,wk inc rsv prop ed visits,prop_ed,2026-10-03,2026-10-17,RSVHub-baseline,0,0,0,6e-4,0.002300000000000001,0.004800686906869063,0.00829232172321723,0,0,0,6e-4,0.0023,0.0048,0.0083,FALSE,FALSE,RSVHub-hub-models,2026-09-30,RSVHub baseline model
Wyoming,WY,0,wk inc rsv hosp,hosp,2026-10-03,2026-10-03,docxology-timesfm,0,0,0,0,0.2296449123090054,0.7036040478384696,1.4129283706168754,0,0,0,0,0,1,1,TRUE,FALSE,docxology,2026-09-30,docxology timesfm
Wyoming,WY,1,wk inc rsv hosp,hosp,2026-10-03,2026-10-10,docxology-timesfm,0,0,0,0,0.3783410509779249,0.643367119086835,0.9199575278439662,0,0,0,0,0,1,1,TRUE,FALSE,docxology,2026-09-30,docxology timesfm
Wyoming,WY,2,wk inc rsv hosp,hosp,2026-10-03,2026-10-17,docxology-timesfm,0,0,0,0.004639939926280004,0.25957234665126233,0.4974555419425577,1.0995614562152043,0,0,0,0,0,0,1,TRUE,FALSE,docxology,2026-09-30,docxology timesfm
Wyoming,WY,0,wk inc rsv hosp,hosp,2026-10-03,2026-10-03,NAU-Copycat,0,0,0,0,1,3,5,0,0,0,0,1,3,5,TRUE,FALSE,NAU,2026-09-30,Copycat
Wyoming,WY,1,wk inc rsv hosp,hosp,2026-10-03,2026-10-10,NAU-Copycat,0,0,0,0,2,5,12,0,0,0,0,2,5,10,TRUE,FALSE,NAU,2026-09-30,Copycat
Wyoming,WY,2,wk inc rsv hosp,hosp,2026-10-03,2026-10-17,NAU-Copycat,0,0,0,0,3,7,18,0,0,0,0,3,7,20,TRUE,FALSE,NAU,2026-09-30,Copycat
Wyoming,WY,0,wk inc rsv prop ed visits,prop_ed,2026-10-03,2026-10-03,NAU-Copycat,7.021384277131056e-5,1.9768384226961106e-4,4.0180010571788384e-4,7.598498195937305e-4,0.0013606803826511278,0.0021570723082342527,0.004002531505250389,7e-5,2e-4,4e-4,7.6e-4,0.0014,0.0022,0.004,TRUE,FALSE,NAU,2026-09-30,Copycat
Wyoming,WY,1,wk inc rsv prop ed visits,prop_ed,2026-10-03,2026-10-10,NAU-Copycat,2.17971810951971e-5,1.4473416424092646e-4,3.7680980414365003e-4,8.854543660459362e-4,0.0018770597910218985,0.0037766004084770427,0.007000649909527954,2.2e-5,1.4e-4,3.8e-4,8.9e-4,0.0019,0.0038,0.007,TRUE,FALSE,NAU,2026-09-30,Copycat
Wyoming,WY,2,wk inc rsv prop ed visits,prop_ed,2026-10-03,2026-10-17,NAU-Copycat,0,1.4014293080499916e-4,4.3737160716551446e-4,0.0011747268099763192,0.0027876588954845595,0.005772063749704779,0.01303875196669466,0,1.4e-4,4.4e-4,0.0012,0.0028,0.0058,0.013,TRUE,FALSE,NAU,2026-09-30,Copycat
Wyoming,WY,0,wk inc rsv hosp,hosp,2026-10-03,2026-10-03,UGA_flucast-INFLAenza,0,0,0,0,1,1,2,0,0,0,0,1,1,2,TRUE,FALSE,UGA_flucast,2026-09-30,INFLAenza
Wyoming,WY,1,wk inc rsv hosp,hosp,2026-10-03,2026-10-10,UGA_flucast-INFLAenza,0,0,0,0,1,1,2,0,0,0,0,1,1,2,TRUE,FALSE,UGA_flucast,2026-09-30,INFLAenza
Wyoming,WY,2,wk inc rsv hosp,hosp,2026-10-03,2026-10-17,UGA_flucast-INFLAenza,0,0,0,0,1,1,2,0,0,0,0,1,1,2,TRUE,FALSE,UGA_flucast,2026-09-30,INFLAenza
Wyoming,WY,0,wk inc rsv prop ed visits,prop_ed,2026-10-03,2026-10-03,UGA_flucast-INFLAenza,1.2553943581570902e-4,2.0974651926308844e-4,3.206344173308057e-4,4.7751969595158773e-4,6.740562669613029e-4,8.824548848794005e-4,0.0011775513263364435,1.3e-4,2.1e-4,3.2e-4,4.8e-4,6.7e-4,8.8e-4,0.0012,TRUE,FALSE,UGA_flucast,2026-09-30,INFLAenza
Wyoming,WY,1,wk inc rsv prop ed visits,prop_ed,2026-10-03,2026-10-10,UGA_flucast-INFLAenza,1.2289518643262306e-4,2.2212934495104673e-4,3.3580390220276353e-4,5.084872306127823e-4,7.181102633265729e-4,9.530203730580343e-4,0.0012542869310377854,1.2e-4,2.2e-4,3.4e-4,5.1e-4,7.2e-4,9.5e-4,0.0013,TRUE,FALSE,UGA_flucast,2026-09-30,INFLAenza
Wyoming,WY,2,wk inc rsv prop ed visits,prop_ed,2026-10-03,2026-10-17,UGA_flucast-INFLAenza,1.3320249249064643e-4,2.2331661199620053e-4,3.522842830917769e-4,5.326700981580607e-4,7.639454935528195e-4,0.0010189038100569612,0.0013620365208926284,1.3e-4,2.2e-4,3.5e-4,5.3e-4,7.6e-4,0.001,0.0014,TRUE,FALSE,UGA_flucast,2026-09-30,INFLAenza
Wyoming,WY,0,wk inc rsv hosp,hosp,2026-10-03,2026-10-03,RSVHub-ensemble,0,0,0,0,1,3,5,0,0,0,0,1,3,5,FALSE,TRUE,RSVHub,2026-09-30,Ensemble using RSVHub forecast submissions
Wyoming,WY,1,wk inc rsv hosp,hosp,2026-10-03,2026-10-10,RSVHub-ensemble,0,0,0,0,2,5,7,0,0,0,0,2,5,7,FALSE,TRUE,RSVHub,2026-09-30,Ensemble using RSVHub forecast submissions
Wyoming,WY,2,wk inc rsv hosp,hosp,2026-10-03,2026-10-17,RSVHub-ensemble,0,0,0,0.004639939926280004,3,5,8,0,0,0,0,3,5,8,FALSE,TRUE,RSVHub,2026-09-30,Ensemble using RSVHub forecast submissions
Wyoming,WY,0,wk inc rsv prop ed visits,prop_ed,2026-10-03,2026-10-03,RSVHub-ensemble,7.021384277131056e-5,1.9768384226961106e-4,3.206344173308057e-4,6.028258263575958e-4,0.0011454161309675005,0.0020585854788138912,0.0038620728111283323,7e-5,2e-4,3.2e-4,6e-4,0.0011,0.0021,0.0039,FALSE,TRUE,RSVHub,2026-09-30,Ensemble using RSVHub forecast submissions
Wyoming,WY,1,wk inc rsv prop ed visits,prop_ed,2026-10-03,2026-10-10,RSVHub-ensemble,2.17971810951971e-5,1.4473416424092646e-4,3.3580390220276353e-4,7.066097760067844e-4,0.001369804305821429,0.0024175448040797474,0.005022644962819967,2.2e-5,1.4e-4,3.4e-4,7.1e-4,0.0014,0.0024,0.005,FALSE,TRUE,RSVHub,2026-09-30,Ensemble using RSVHub forecast submissions
Wyoming,WY,2,wk inc rsv prop ed visits,prop_ed,2026-10-03,2026-10-17,RSVHub-ensemble,0,1.4014293080499916e-4,3.522842830917769e-4,7.672147497181536e-4,0.001640611774944682,0.0031264592423739575,0.006599668144827574,0,1.4e-4,3.5e-4,7.7e-4,0.0016,0.0031,0.0066,FALSE,TRUE,RSVHub,2026-09-30,Ensemble using RSVHub forecast submissions
