location_name,abbreviation,horizon,target,target_data_type,forecast_date,target_end_date,model,count_quantile_0.025,count_quantile_0.10,count_quantile_0.25,count_quantile_0.5,count_quantile_0.75,count_quantile_0.90,count_quantile_0.975,count_quantile_0.025_rounded,count_quantile_0.10_rounded,count_quantile_0.25_rounded,count_quantile_0.5_rounded,count_quantile_0.75_rounded,count_quantile_0.90_rounded,count_quantile_0.975_rounded,rate_quantile_0.025,rate_quantile_0.10,rate_quantile_0.25,rate_quantile_0.5,rate_quantile_0.75,rate_quantile_0.90,rate_quantile_0.975,rate_quantile_0.025_rounded,rate_quantile_0.10_rounded,rate_quantile_0.25_rounded,rate_quantile_0.5_rounded,rate_quantile_0.75_rounded,rate_quantile_0.90_rounded,rate_quantile_0.975_rounded,designated_model,ensemble_of_hub_models,forecast_team,forecast_due_date,model_full_name
United States,US,0,wk inc rsv hosp,hosp,2026-05-30,2026-05-30,CEPH-Rtrend_rsv,277,430,626,942,1374,1900,2574,280,430,630,940,1400,1900,2600,0.08207580605597253,0.12741009604356746,0.18548539563551916,0.27911700110009435,0.40711970224153887,0.5629748429832051,0.7626827609677737,0.08,0.13,0.19,0.28,0.41,0.56,0.76,TRUE,FALSE,CEPH Lab at Indiana University,2026-05-27,Rtrend RSV
United States,US,1,wk inc rsv hosp,hosp,2026-05-30,2026-06-06,CEPH-Rtrend_rsv,158,271,444,741,1188,1741,2471,160,270,440,740,1200,1700,2500,0.04681580273228759,0.08029799076234137,0.1315583317287069,0.21956018876345001,0.35200742813897246,0.515862737701979,0.7321635984271052,0.05,0.08,0.13,0.22,0.35,0.52,0.73,TRUE,FALSE,CEPH Lab at Indiana University,2026-05-27,Rtrend RSV
United States,US,2,wk inc rsv hosp,hosp,2026-05-30,2026-06-13,CEPH-Rtrend_rsv,85,178,313,571,991,1525,2238,90,180,310,570,990,1500,2200,0.025185716659774964,0.05274185371105817,0.09274269781775958,0.16918875544390008,0.29363582599808224,0.45186138713125673,0.6631251045244279,0.03,0.05,0.09,0.17,0.29,0.45,0.66,TRUE,FALSE,CEPH Lab at Indiana University,2026-05-27,Rtrend RSV
United States,US,0,wk inc rsv prop ed visits,prop_ed,2026-05-30,2026-05-30,CFA_Pyrenew-Pyrenew_E_RSV,3.9279082849100314e-4,4.223514926129611e-4,4.5221650335177776e-4,4.892336907258103e-4,5.261802238796199e-4,5.56974718025938e-4,5.966697931566334e-4,3.9e-4,4.2e-4,4.5e-4,4.9e-4,5.3e-4,5.6e-4,6e-4,NA,NA,NA,NA,NA,NA,NA,NA,NA,NA,NA,NA,NA,NA,TRUE,FALSE,Center for Forecasting and Outbreak Analytics (CFA/CDC) Pyrenew team,2026-05-27,Pyrenew_ED_Visits_RSV
United States,US,1,wk inc rsv prop ed visits,prop_ed,2026-05-30,2026-06-06,CFA_Pyrenew-Pyrenew_E_RSV,2.4660320770077506e-4,2.8783046614097514e-4,3.245477349422472e-4,3.718848652866737e-4,4.2216365373307644e-4,4.7695917644526687e-4,5.396910643749744e-4,2.5e-4,2.9e-4,3.2e-4,3.7e-4,4.2e-4,4.8e-4,5.4e-4,NA,NA,NA,NA,NA,NA,NA,NA,NA,NA,NA,NA,NA,NA,TRUE,FALSE,Center for Forecasting and Outbreak Analytics (CFA/CDC) Pyrenew team,2026-05-27,Pyrenew_ED_Visits_RSV
United States,US,0,wk inc rsv hosp,hosp,2026-05-30,2026-05-30,CFA_Pyrenew-Pyrenew_HE_RSV,532.975,597.9000000000001,666,749,842,940.1000000000001,1040.0249999999999,530,600,670,750,840,940,1000,0.1579218510205125,0.17715929401034652,0.19733749759306032,0.22193060915495824,0.24948674620624145,0.2785540262571112,0.30816205845979355,0.16,0.18,0.2,0.22,0.25,0.28,0.31,TRUE,FALSE,Center for Forecasting and Outbreak Analytics (CFA/CDC) Pyrenew team,2026-05-27,Pyrenew_Hospital_Admissions_ED_Visits_RSV
United States,US,1,wk inc rsv hosp,hosp,2026-05-30,2026-06-06,CFA_Pyrenew-Pyrenew_HE_RSV,385.97499999999997,446.90000000000003,502,576,660,747,863.0749999999996,390,450,500,580,660,750,860,0.11436537632654872,0.1324176091206286,0.14874387956714158,0.1706702681885927,0.19555968229942913,0.22133800405708115,0.2557313224251208,0.11,0.13,0.15,0.17,0.2,0.22,0.26,TRUE,FALSE,Center for Forecasting and Outbreak Analytics (CFA/CDC) Pyrenew team,2026-05-27,Pyrenew_Hospital_Admissions_ED_Visits_RSV
United States,US,0,wk inc rsv prop ed visits,prop_ed,2026-05-30,2026-05-30,CFA_Pyrenew-Pyrenew_HE_RSV,3.899554983025387e-4,4.197243427391289e-4,4.4809561267636344e-4,4.852960094493981e-4,5.256065687862308e-4,5.58820033699119e-4,5.961240522198291e-4,3.9e-4,4.2e-4,4.5e-4,4.9e-4,5.3e-4,5.6e-4,6e-4,NA,NA,NA,NA,NA,NA,NA,NA,NA,NA,NA,NA,NA,NA,FALSE,FALSE,Center for Forecasting and Outbreak Analytics (CFA/CDC) Pyrenew team,2026-05-27,Pyrenew_Hospital_Admissions_ED_Visits_RSV
United States,US,1,wk inc rsv prop ed visits,prop_ed,2026-05-30,2026-06-06,CFA_Pyrenew-Pyrenew_HE_RSV,2.413443660936141e-4,2.8239199940031457e-4,3.2176201799257446e-4,3.689384443883222e-4,4.2247469427052903e-4,4.785374169794563e-4,5.433999633985562e-4,2.4e-4,2.8e-4,3.2e-4,3.7e-4,4.2e-4,4.8e-4,5.4e-4,NA,NA,NA,NA,NA,NA,NA,NA,NA,NA,NA,NA,NA,NA,FALSE,FALSE,Center for Forecasting and Outbreak Analytics (CFA/CDC) Pyrenew team,2026-05-27,Pyrenew_Hospital_Admissions_ED_Visits_RSV
United States,US,0,wk inc rsv hosp,hosp,2026-05-30,2026-05-30,CFA_Pyrenew-Pyrenew_H_RSV,555.975,628,697,774,868,961,1057,560,630,700,770,870,960,1100,0.16473680964609866,0.18607800073339623,0.2065228766101547,0.22933817287842145,0.25719061247864317,0.28474674952992635,0.3131917942280252,0.16,0.19,0.21,0.23,0.26,0.28,0.31,FALSE,FALSE,Center for Forecasting and Outbreak Analytics (CFA/CDC) Pyrenew team,2026-05-27,Pyrenew_Hospital_Admissions_RSV
United States,US,1,wk inc rsv hosp,hosp,2026-05-30,2026-06-06,CFA_Pyrenew-Pyrenew_H_RSV,347.975,419,498,604,731.25,882,1113.0749999999996,350,420,500,600,730,880,1100,0.10310587946688464,0.12415076800524366,0.14755866937138745,0.17896673955887152,0.21667123891129933,0.2613388481637826,0.32980695965975304,0.1,0.12,0.15,0.18,0.22,0.26,0.33,FALSE,FALSE,Center for Forecasting and Outbreak Analytics (CFA/CDC) Pyrenew team,2026-05-27,Pyrenew_Hospital_Admissions_RSV
United States,US,0,wk inc rsv hosp,hosp,2026-05-30,2026-05-30,RSVHub-baseline,0,143.3000000000005,648.75,993,1337.25,1842.7,2837.6749999999975,0,140,650,990,1300,1800,2800,0,0.042460155262891354,0.1922262786238707,0.2942284310959593,0.39623058356804797,0.5459967069290274,0.8408103355591395,0,0.04,0.19,0.29,0.4,0.55,0.84,FALSE,FALSE,RSVHub-hub-models,2026-05-27,RSVHub baseline model
United States,US,1,wk inc rsv hosp,hosp,2026-05-30,2026-06-06,RSVHub-baseline,0,0,404.29514295142957,993,1601.400811508115,2345.2140071400713,3706.470004950053,0,0,400,990,1600,2300,3700,0,0,0.11979368137997554,0.2942284310959593,0.47449914232208334,0.6948928881219447,1.0982365100309028,0,0,0.12,0.29,0.47,0.69,1.1,FALSE,FALSE,RSVHub-hub-models,2026-05-27,RSVHub baseline model
United States,US,2,wk inc rsv hosp,hosp,2026-05-30,2026-06-13,RSVHub-baseline,0,0,229.70790957909594,993,1794.7634176341767,2725.8183991839946,4191.353607536068,0,0,230,990,1800,2700,4200,0,0,0.06806303911962727,0.2942284310959593,0.5317929753866322,0.8076669396217583,1.241908757415636,0,0,0.07,0.29,0.53,0.81,1.24,FALSE,FALSE,RSVHub-hub-models,2026-05-27,RSVHub baseline model
United States,US,0,wk inc rsv prop ed visits,prop_ed,2026-05-30,2026-05-30,RSVHub-baseline,0,0,3.9999999999999986e-4,6e-4,8e-4,0.0012999999999999993,0.0021,0,0,4e-4,6e-4,8e-4,0.0013,0.0021,NA,NA,NA,NA,NA,NA,NA,NA,NA,NA,NA,NA,NA,NA,FALSE,FALSE,RSVHub-hub-models,2026-05-27,RSVHub baseline model
United States,US,1,wk inc rsv prop ed visits,prop_ed,2026-05-30,2026-06-06,RSVHub-baseline,0,0,1.9999999999999998e-4,6e-4,0.0010000000000000005,0.0016355501555015547,0.0024645089200892017,0,0,2e-4,6e-4,0.001,0.0016,0.0025,NA,NA,NA,NA,NA,NA,NA,NA,NA,NA,NA,NA,NA,NA,FALSE,FALSE,RSVHub-hub-models,2026-05-27,RSVHub baseline model
United States,US,2,wk inc rsv prop ed visits,prop_ed,2026-05-30,2026-06-13,RSVHub-baseline,0,0,9.999999999999973e-5,6e-4,0.0012000000000000001,0.0019000000000000006,0.002827656951569507,0,0,1e-4,6e-4,0.0012,0.0019,0.0028,NA,NA,NA,NA,NA,NA,NA,NA,NA,NA,NA,NA,NA,NA,FALSE,FALSE,RSVHub-hub-models,2026-05-27,RSVHub baseline model
United States,US,0,wk inc rsv hosp,hosp,2026-05-30,2026-05-30,UGA_flucast-INFLAenza,413,502,596,715,859,1012,1216,410,500,600,720,860,1000,1200,0.12237295271161247,0.14874387956714158,0.1765963191673633,0.21185632249104824,0.25452388953819644,0.29985817952579136,0.3603038995092513,0.12,0.15,0.18,0.21,0.25,0.3,0.36,TRUE,FALSE,UGA_flucast,2026-05-27,INFLAenza
United States,US,1,wk inc rsv hosp,hosp,2026-05-30,2026-06-06,UGA_flucast-INFLAenza,285,357,436,544,676,831,1043,290,360,440,540,680,830,1000,0.08444622644748076,0.10578000997105486,0.12918791133719865,0.16118858662255978,0.2003005230824456,0.2462274181679176,0.3090435585428858,0.08,0.11,0.13,0.16,0.2,0.25,0.31,TRUE,FALSE,UGA_flucast,2026-05-27,INFLAenza
United States,US,2,wk inc rsv hosp,hosp,2026-05-30,2026-06-13,UGA_flucast-INFLAenza,188,252,320,413,531,666,876,190,250,320,410,530,670,880,0.05570487920044345,0.07466824233250931,0.09481681566032929,0.12237295271161247,0.1573366534863589,0.19733749759306032,0.25956103287015136,0.06,0.07,0.09,0.12,0.16,0.2,0.26,TRUE,FALSE,UGA_flucast,2026-05-27,INFLAenza
United States,US,0,wk inc rsv prop ed visits,prop_ed,2026-05-30,2026-05-30,UGA_flucast-INFLAenza,1.8041341675888848e-4,2.7496253070596107e-4,3.942487056572916e-4,5.572614209290411e-4,7.626695050768092e-4,9.707093717943374e-4,0.0012359247430976763,1.8e-4,2.7e-4,3.9e-4,5.6e-4,7.6e-4,9.7e-4,0.0012,NA,NA,NA,NA,NA,NA,NA,NA,NA,NA,NA,NA,NA,NA,TRUE,FALSE,UGA_flucast,2026-05-27,INFLAenza
United States,US,1,wk inc rsv prop ed visits,prop_ed,2026-05-30,2026-06-06,UGA_flucast-INFLAenza,1.3753676275890726e-4,2.2579295420252352e-4,3.3760027959762784e-4,4.994353562318398e-4,6.995445545968533e-4,9.196824467420474e-4,0.0012110443825526496,1.4e-4,2.3e-4,3.4e-4,5e-4,7e-4,9.2e-4,0.0012,NA,NA,NA,NA,NA,NA,NA,NA,NA,NA,NA,NA,NA,NA,TRUE,FALSE,UGA_flucast,2026-05-27,INFLAenza
United States,US,2,wk inc rsv prop ed visits,prop_ed,2026-05-30,2026-06-13,UGA_flucast-INFLAenza,1.0963959686336891e-4,1.965065811612396e-4,2.9693902064667753e-4,4.509198756062029e-4,6.634545150665965e-4,9.051249054352075e-4,0.0012051526018558092,1.1e-4,2e-4,3e-4,4.5e-4,6.6e-4,9.1e-4,0.0012,NA,NA,NA,NA,NA,NA,NA,NA,NA,NA,NA,NA,NA,NA,TRUE,FALSE,UGA_flucast,2026-05-27,INFLAenza
United States,US,0,wk inc rsv hosp,hosp,2026-05-30,2026-05-30,RSVHub-ensemble,413,502,626,749,859,1012,1216,410,500,630,750,860,1000,1200,0.12237295271161247,0.14874387956714158,0.18548539563551916,0.22193060915495824,0.25452388953819644,0.29985817952579136,0.3603038995092513,0.12,0.15,0.19,0.22,0.25,0.3,0.36,FALSE,TRUE,RSVHub,2026-05-27,Ensemble using RSVHub forecast submissions
United States,US,1,wk inc rsv hosp,hosp,2026-05-30,2026-06-06,RSVHub-ensemble,285,357,444,576,676,831,1043,290,360,440,580,680,830,1000,0.08444622644748076,0.10578000997105486,0.1315583317287069,0.1706702681885927,0.2003005230824456,0.2462274181679176,0.3090435585428858,0.08,0.11,0.13,0.17,0.2,0.25,0.31,FALSE,TRUE,RSVHub,2026-05-27,Ensemble using RSVHub forecast submissions
United States,US,2,wk inc rsv hosp,hosp,2026-05-30,2026-06-13,RSVHub-ensemble,136.5,215,316.5,492,761,1095.5,1557,140,220,320,490,760,1100,1600,0.04044529793010921,0.06370504802178373,0.09377975673904443,0.1457808540777563,0.22548623974222057,0.3245994423621585,0.46134306869728964,0.04,0.06,0.09,0.15,0.23,0.32,0.46,FALSE,TRUE,RSVHub,2026-05-27,Ensemble using RSVHub forecast submissions
United States,US,0,wk inc rsv prop ed visits,prop_ed,2026-05-30,2026-05-30,RSVHub-ensemble,2.866021226249458e-4,3.486570116594611e-4,4.232326045045347e-4,5.232475558274257e-4,6.444248644782145e-4,7.638420449101377e-4,9.162972681271549e-4,2.9e-4,3.5e-4,4.2e-4,5.2e-4,6.4e-4,7.6e-4,9.2e-4,NA,NA,NA,NA,NA,NA,NA,NA,NA,NA,NA,NA,NA,NA,FALSE,TRUE,RSVHub,2026-05-27,Ensemble using RSVHub forecast submissions
United States,US,1,wk inc rsv prop ed visits,prop_ed,2026-05-30,2026-06-06,RSVHub-ensemble,1.9206998522984116e-4,2.5681171017174933e-4,3.310740072699375e-4,4.3566011075925673e-4,5.608541041649649e-4,6.983208115936572e-4,8.75367723463812e-4,1.9e-4,2.6e-4,3.3e-4,4.4e-4,5.6e-4,7e-4,8.8e-4,NA,NA,NA,NA,NA,NA,NA,NA,NA,NA,NA,NA,NA,NA,FALSE,TRUE,RSVHub,2026-05-27,Ensemble using RSVHub forecast submissions
Alabama,AL,0,wk inc rsv hosp,hosp,2026-05-30,2026-05-30,CEPH-Rtrend_rsv,2,4,5,8,13,18,25,2,4,5,8,10,20,30,0.03923598897547182,0.07847197795094364,0.09808997243867955,0.15694395590188728,0.2550339283405668,0.3531239007792464,0.4904498621933977,0.04,0.08,0.1,0.16,0.26,0.35,0.49,TRUE,FALSE,CEPH Lab at Indiana University,2026-05-27,Rtrend RSV
Alabama,AL,1,wk inc rsv hosp,hosp,2026-05-30,2026-06-06,CEPH-Rtrend_rsv,1,2,4,7,12,18,26,1,2,4,7,10,20,30,0.01961799448773591,0.03923598897547182,0.07847197795094364,0.13732596141415138,0.2354159338528309,0.3531239007792464,0.5100678566811336,0.02,0.04,0.08,0.14,0.24,0.35,0.51,TRUE,FALSE,CEPH Lab at Indiana University,2026-05-27,Rtrend RSV
Alabama,AL,2,wk inc rsv hosp,hosp,2026-05-30,2026-06-13,CEPH-Rtrend_rsv,1,2,3,6,10,17,25,1,2,3,6,10,20,30,0.01961799448773591,0.03923598897547182,0.05885398346320773,0.11770796692641546,0.1961799448773591,0.33350590629151045,0.4904498621933977,0.02,0.04,0.06,0.12,0.2,0.33,0.49,TRUE,FALSE,CEPH Lab at Indiana University,2026-05-27,Rtrend RSV
Alabama,AL,0,wk inc rsv prop ed visits,prop_ed,2026-05-30,2026-05-30,CFA_Pyrenew-Pyrenew_E_RSV,4.277308853775837e-4,5.388896843555693e-4,6.408254941330847e-4,7.753284879471306e-4,9.260213981812388e-4,0.0010784459746359,0.0012717815871162612,4.3e-4,5.4e-4,6.4e-4,7.8e-4,0.00093000000000000005,0.0011,0.0013,NA,NA,NA,NA,NA,NA,NA,NA,NA,NA,NA,NA,NA,NA,TRUE,FALSE,Center for Forecasting and Outbreak Analytics (CFA/CDC) Pyrenew team,2026-05-27,Pyrenew_ED_Visits_RSV
Alabama,AL,1,wk inc rsv prop ed visits,prop_ed,2026-05-30,2026-06-06,CFA_Pyrenew-Pyrenew_E_RSV,3.484580813544147e-4,4.606482424056101e-4,5.839607503214222e-4,7.412920052789651e-4,9.521730552790513e-4,0.0011970300365630588,0.0015563998773935903,3.5e-4,4.6e-4,5.8e-4,7.4e-4,9.5e-4,0.0012,0.0016,NA,NA,NA,NA,NA,NA,NA,NA,NA,NA,NA,NA,NA,NA,TRUE,FALSE,Center for Forecasting and Outbreak Analytics (CFA/CDC) Pyrenew team,2026-05-27,Pyrenew_ED_Visits_RSV
Alabama,AL,0,wk inc rsv hosp,hosp,2026-05-30,2026-05-30,CFA_Pyrenew-Pyrenew_HE_RSV,4,6,8,10,13,16,19,4,6,8,10,10,20,20,0.07847197795094364,0.11770796692641546,0.15694395590188728,0.1961799448773591,0.2550339283405668,0.31388791180377457,0.3727418952669823,0.08,0.12,0.16,0.2,0.26,0.31,0.37,TRUE,FALSE,Center for Forecasting and Outbreak Analytics (CFA/CDC) Pyrenew team,2026-05-27,Pyrenew_Hospital_Admissions_ED_Visits_RSV
Alabama,AL,1,wk inc rsv hosp,hosp,2026-05-30,2026-06-06,CFA_Pyrenew-Pyrenew_HE_RSV,3,5,7,9,12,15,19,3,5,7,9,10,20,20,0.05885398346320773,0.09808997243867955,0.13732596141415138,0.1765619503896232,0.2354159338528309,0.29426991731603863,0.3727418952669823,0.06,0.1,0.14,0.18,0.24,0.29,0.37,TRUE,FALSE,Center for Forecasting and Outbreak Analytics (CFA/CDC) Pyrenew team,2026-05-27,Pyrenew_Hospital_Admissions_ED_Visits_RSV
Alabama,AL,0,wk inc rsv prop ed visits,prop_ed,2026-05-30,2026-05-30,CFA_Pyrenew-Pyrenew_HE_RSV,3.7540976651848865e-4,4.702079746242629e-4,5.577022804832806e-4,6.838681208605113e-4,8.182125664717763e-4,9.444795064968784e-4,0.0011199663927346437,3.8e-4,4.7e-4,5.6e-4,6.8e-4,8.2e-4,9.4e-4,0.0011,NA,NA,NA,NA,NA,NA,NA,NA,NA,NA,NA,NA,NA,NA,FALSE,FALSE,Center for Forecasting and Outbreak Analytics (CFA/CDC) Pyrenew team,2026-05-27,Pyrenew_Hospital_Admissions_ED_Visits_RSV
Alabama,AL,1,wk inc rsv prop ed visits,prop_ed,2026-05-30,2026-06-06,CFA_Pyrenew-Pyrenew_HE_RSV,2.917097942019838e-4,3.9557012377897094e-4,4.948064654947992e-4,6.369590844029827e-4,8.011932643989944e-4,9.85573809518344e-4,0.0012239778550934687,2.9e-4,4e-4,4.9e-4,6.4e-4,8e-4,9.9e-4,0.0012,NA,NA,NA,NA,NA,NA,NA,NA,NA,NA,NA,NA,NA,NA,FALSE,FALSE,Center for Forecasting and Outbreak Analytics (CFA/CDC) Pyrenew team,2026-05-27,Pyrenew_Hospital_Admissions_ED_Visits_RSV
Alabama,AL,0,wk inc rsv hosp,hosp,2026-05-30,2026-05-30,CFA_Pyrenew-Pyrenew_H_RSV,1,2,4,5,8,10,13.024999999999864,1,2,4,5,8,10,10,0.01961799448773591,0.03923598897547182,0.07847197795094364,0.09808997243867955,0.15694395590188728,0.1961799448773591,0.25552437820275753,0.02,0.04,0.08,0.1,0.16,0.2,0.26,FALSE,FALSE,Center for Forecasting and Outbreak Analytics (CFA/CDC) Pyrenew team,2026-05-27,Pyrenew_Hospital_Admissions_RSV
Alabama,AL,1,wk inc rsv hosp,hosp,2026-05-30,2026-06-06,CFA_Pyrenew-Pyrenew_H_RSV,0,1,3,4,7,9,13,0,1,3,4,7,9,10,0,0.01961799448773591,0.05885398346320773,0.07847197795094364,0.13732596141415138,0.1765619503896232,0.2550339283405668,0,0.02,0.06,0.08,0.14,0.18,0.26,FALSE,FALSE,Center for Forecasting and Outbreak Analytics (CFA/CDC) Pyrenew team,2026-05-27,Pyrenew_Hospital_Admissions_RSV
Alabama,AL,0,wk inc rsv hosp,hosp,2026-05-30,2026-05-30,Google_SAI-RSVEns,2,3.5,5.5,7.5,8.5,12.5,18.5,2,4,6,8,9,10,20,0.03923598897547182,0.06866298070707569,0.1078989696825475,0.14713495865801932,0.16675295314575522,0.24522493109669885,0.36293289802311435,0.04,0.07,0.11,0.15,0.17,0.25,0.36,TRUE,FALSE,Google Science AI,2026-05-27,RSVEnsemble
Alabama,AL,1,wk inc rsv hosp,hosp,2026-05-30,2026-06-06,Google_SAI-RSVEns,2,3.5,5,7,9,12.5,18,2,4,5,7,9,10,20,0.03923598897547182,0.06866298070707569,0.09808997243867955,0.13732596141415138,0.1765619503896232,0.24522493109669885,0.3531239007792464,0.04,0.07,0.1,0.14,0.18,0.25,0.35,TRUE,FALSE,Google Science AI,2026-05-27,RSVEnsemble
Alabama,AL,2,wk inc rsv hosp,hosp,2026-05-30,2026-06-13,Google_SAI-RSVEns,1.5,4,5.5,6,7,10,12.5,2,4,6,6,7,10,10,0.029426991731603864,0.07847197795094364,0.1078989696825475,0.11770796692641546,0.13732596141415138,0.1961799448773591,0.24522493109669885,0.03,0.08,0.11,0.12,0.14,0.2,0.25,TRUE,FALSE,Google Science AI,2026-05-27,RSVEnsemble
Alabama,AL,0,wk inc rsv hosp,hosp,2026-05-30,2026-05-30,RSVHub-baseline,0,0,2,7,12,22.1,34.074999999999946,0,0,2,7,10,20,30,0,0,0.03923598897547182,0.13732596141415138,0.2354159338528309,0.4335576781789636,0.6684831621696,0,0,0.04,0.14,0.24,0.43,0.67,FALSE,FALSE,RSVHub-hub-models,2026-05-27,RSVHub baseline model
Alabama,AL,1,wk inc rsv hosp,hosp,2026-05-30,2026-06-06,RSVHub-baseline,0,0,0,7,16.660366603666034,27.695235952359525,46.79621921219227,0,0,0,7,20,30,50,0,0,0,0.13732596141415138,0.3268429801943797,0.5433249862499345,0.9180479705516692,0,0,0,0.14,0.33,0.54,0.92,FALSE,FALSE,RSVHub-hub-models,2026-05-27,RSVHub baseline model
Alabama,AL,2,wk inc rsv hosp,hosp,2026-05-30,2026-06-13,RSVHub-baseline,0,0,0,7,19,32.2668916689167,54.434054090540926,0,0,0,7,20,30,50,0,0,0,0.13732596141415138,0.3727418952669823,0.6330117028971796,1.06788697309335,0,0,0,0.14,0.37,0.63,1.07,FALSE,FALSE,RSVHub-hub-models,2026-05-27,RSVHub baseline model
Alabama,AL,0,wk inc rsv prop ed visits,prop_ed,2026-05-30,2026-05-30,RSVHub-baseline,0,2.0000000000000193e-4,9e-4,0.0011,0.0013000000000000002,0.0019999999999999983,0.0032049999999999986,0,2e-4,9e-4,0.0011,0.0013,0.002,0.0032,NA,NA,NA,NA,NA,NA,NA,NA,NA,NA,NA,NA,NA,NA,FALSE,FALSE,RSVHub-hub-models,2026-05-27,RSVHub baseline model
Alabama,AL,1,wk inc rsv prop ed visits,prop_ed,2026-05-30,2026-06-06,RSVHub-baseline,0,0,6.999999999999997e-4,0.0011,0.0015999999999999994,0.0025178312783127833,0.0039000000000000007,0,0,7e-4,0.0011,0.0016,0.0025,0.0039,NA,NA,NA,NA,NA,NA,NA,NA,NA,NA,NA,NA,NA,NA,FALSE,FALSE,RSVHub-hub-models,2026-05-27,RSVHub baseline model
Alabama,AL,2,wk inc rsv prop ed visits,prop_ed,2026-05-30,2026-06-13,RSVHub-baseline,0,0,4.000000000000006e-4,0.0011,0.0018000000000000006,0.0029644867448674456,0.004346770617706171,0,0,4e-4,0.0011,0.0018,0.003,0.0043,NA,NA,NA,NA,NA,NA,NA,NA,NA,NA,NA,NA,NA,NA,FALSE,FALSE,RSVHub-hub-models,2026-05-27,RSVHub baseline model
Alabama,AL,0,wk inc rsv hosp,hosp,2026-05-30,2026-05-30,UGA_flucast-INFLAenza,0,2,3,5,7,10,15,0,2,3,5,7,10,20,0,0.03923598897547182,0.05885398346320773,0.09808997243867955,0.13732596141415138,0.1961799448773591,0.29426991731603863,0,0.04,0.06,0.1,0.14,0.2,0.29,TRUE,FALSE,UGA_flucast,2026-05-27,INFLAenza
Alabama,AL,1,wk inc rsv hosp,hosp,2026-05-30,2026-06-06,UGA_flucast-INFLAenza,0,1,2,4,6,9,13,0,1,2,4,6,9,10,0,0.01961799448773591,0.03923598897547182,0.07847197795094364,0.11770796692641546,0.1765619503896232,0.2550339283405668,0,0.02,0.04,0.08,0.12,0.18,0.26,TRUE,FALSE,UGA_flucast,2026-05-27,INFLAenza
Alabama,AL,2,wk inc rsv hosp,hosp,2026-05-30,2026-06-13,UGA_flucast-INFLAenza,0,1,1,3,5,8,12,0,1,1,3,5,8,10,0,0.01961799448773591,0.01961799448773591,0.05885398346320773,0.09808997243867955,0.15694395590188728,0.2354159338528309,0,0.02,0.02,0.06,0.1,0.16,0.24,TRUE,FALSE,UGA_flucast,2026-05-27,INFLAenza
Alabama,AL,0,wk inc rsv prop ed visits,prop_ed,2026-05-30,2026-05-30,UGA_flucast-INFLAenza,2.7888745361926624e-4,4.0743291215505125e-4,5.50473482532639e-4,7.614926122337468e-4,0.0010056155648783178,0.0012487340788011805,0.0015636423233261535,2.8e-4,4.1e-4,5.5e-4,7.6e-4,0.001,0.0012,0.0016,NA,NA,NA,NA,NA,NA,NA,NA,NA,NA,NA,NA,NA,NA,TRUE,FALSE,UGA_flucast,2026-05-27,INFLAenza
Alabama,AL,1,wk inc rsv prop ed visits,prop_ed,2026-05-30,2026-06-06,UGA_flucast-INFLAenza,2.1029797925979624e-4,3.288662784747669e-4,4.7344298990322474e-4,6.728455441653378e-4,9.194821387214466e-4,0.0012009590980063363,0.0015539401282183454,2.1e-4,3.3e-4,4.7e-4,6.7e-4,9.2e-4,0.0012,0.0016,NA,NA,NA,NA,NA,NA,NA,NA,NA,NA,NA,NA,NA,NA,TRUE,FALSE,UGA_flucast,2026-05-27,INFLAenza
Alabama,AL,2,wk inc rsv prop ed visits,prop_ed,2026-05-30,2026-06-13,UGA_flucast-INFLAenza,1.580264178102584e-4,2.752192924430226e-4,4.1488889445018295e-4,6.101012675405696e-4,8.583175931802058e-4,0.0011296504834649897,0.0015155059110901078,1.6e-4,2.8e-4,4.1e-4,6.1e-4,8.6e-4,0.0011,0.0015,NA,NA,NA,NA,NA,NA,NA,NA,NA,NA,NA,NA,NA,NA,TRUE,FALSE,UGA_flucast,2026-05-27,INFLAenza
Alabama,AL,0,wk inc rsv hosp,hosp,2026-05-30,2026-05-30,RSVHub-ensemble,2,3.75,5.25,7.75,10.75,14.25,18.75,2,4,5,8,10,10,20,0.03923598897547182,0.07356747932900966,0.10299447106061352,0.1520394572799533,0.21089344074316102,0.27955642145023674,0.36783739664504833,0.04,0.07,0.1,0.15,0.21,0.28,0.37,FALSE,TRUE,RSVHub,2026-05-27,Ensemble using RSVHub forecast submissions
Alabama,AL,1,wk inc rsv hosp,hosp,2026-05-30,2026-06-06,RSVHub-ensemble,1.5,2.75,4.5,7,10.5,13.75,18.5,2,3,5,7,10,10,20,0.029426991731603864,0.05394948484127375,0.0882809751948116,0.13732596141415138,0.20598894212122704,0.26974742420636877,0.36293289802311435,0.03,0.05,0.09,0.14,0.21,0.27,0.36,FALSE,TRUE,RSVHub,2026-05-27,Ensemble using RSVHub forecast submissions
Alabama,AL,2,wk inc rsv hosp,hosp,2026-05-30,2026-06-13,RSVHub-ensemble,1,2,3,6,7,10,12.5,1,2,3,6,7,10,10,0.01961799448773591,0.03923598897547182,0.05885398346320773,0.11770796692641546,0.13732596141415138,0.1961799448773591,0.24522493109669885,0.02,0.04,0.06,0.12,0.14,0.2,0.25,FALSE,TRUE,RSVHub,2026-05-27,Ensemble using RSVHub forecast submissions
Alabama,AL,0,wk inc rsv prop ed visits,prop_ed,2026-05-30,2026-05-30,RSVHub-ensemble,3.5330916949842495e-4,4.7316129825531025e-4,5.956494883328618e-4,7.684105500904387e-4,9.658184815297783e-4,0.00116359002671854,0.0014177119552212074,3.5e-4,4.7e-4,6e-4,7.7e-4,9.7e-4,0.0012,0.0014,NA,NA,NA,NA,NA,NA,NA,NA,NA,NA,NA,NA,NA,NA,FALSE,TRUE,RSVHub,2026-05-27,Ensemble using RSVHub forecast submissions
Alabama,AL,1,wk inc rsv prop ed visits,prop_ed,2026-05-30,2026-06-06,RSVHub-ensemble,2.7937803030710545e-4,3.947572604401885e-4,5.287018701123235e-4,7.070687747221515e-4,9.358275970002489e-4,0.0011989945672846976,0.001555170002805968,2.8e-4,3.9e-4,5.3e-4,7.1e-4,9.4e-4,0.0012,0.0016,NA,NA,NA,NA,NA,NA,NA,NA,NA,NA,NA,NA,NA,NA,FALSE,TRUE,RSVHub,2026-05-27,Ensemble using RSVHub forecast submissions
Alaska,AK,0,wk inc rsv hosp,hosp,2026-05-30,2026-05-30,CEPH-Rtrend_rsv,0,0,1,1,1,2,3,0,0,1,1,1,2,3,0,0,0.14050646962039368,0.14050646962039368,0.14050646962039368,0.28101293924078735,0.421519408861181,0,0,0.14,0.14,0.14,0.28,0.42,TRUE,FALSE,CEPH Lab at Indiana University,2026-05-27,Rtrend RSV
Alaska,AK,1,wk inc rsv hosp,hosp,2026-05-30,2026-06-06,CEPH-Rtrend_rsv,0,0,0,1,1,2,3,0,0,0,1,1,2,3,0,0,0,0.14050646962039368,0.14050646962039368,0.28101293924078735,0.421519408861181,0,0,0,0.14,0.14,0.28,0.42,TRUE,FALSE,CEPH Lab at Indiana University,2026-05-27,Rtrend RSV
Alaska,AK,2,wk inc rsv hosp,hosp,2026-05-30,2026-06-13,CEPH-Rtrend_rsv,0,0,0,0,1,2,3,0,0,0,0,1,2,3,0,0,0,0,0.14050646962039368,0.28101293924078735,0.421519408861181,0,0,0,0,0.14,0.28,0.42,TRUE,FALSE,CEPH Lab at Indiana University,2026-05-27,Rtrend RSV
Alaska,AK,0,wk inc rsv prop ed visits,prop_ed,2026-05-30,2026-05-30,CFA_Pyrenew-Pyrenew_E_RSV,1.3635024554830145e-4,2.7466241279814593e-4,4.1864213362688115e-4,6.909021813872609e-4,9.795966189059166e-4,0.0012666814801673245,0.0016993449285938689,1.4e-4,2.7e-4,4.2e-4,6.9e-4,9.8e-4,0.0013,0.0017,NA,NA,NA,NA,NA,NA,NA,NA,NA,NA,NA,NA,NA,NA,TRUE,FALSE,Center for Forecasting and Outbreak Analytics (CFA/CDC) Pyrenew team,2026-05-27,Pyrenew_ED_Visits_RSV
Alaska,AK,1,wk inc rsv prop ed visits,prop_ed,2026-05-30,2026-06-06,CFA_Pyrenew-Pyrenew_E_RSV,0,1.3998858066592118e-4,2.873360590541094e-4,5.547289296876496e-4,8.577028618427685e-4,0.0012307567448583833,0.0017956732559385985,0,1.4e-4,2.9e-4,5.5e-4,8.6e-4,0.0012,0.0018,NA,NA,NA,NA,NA,NA,NA,NA,NA,NA,NA,NA,NA,NA,TRUE,FALSE,Center for Forecasting and Outbreak Analytics (CFA/CDC) Pyrenew team,2026-05-27,Pyrenew_ED_Visits_RSV
Alaska,AK,0,wk inc rsv hosp,hosp,2026-05-30,2026-05-30,CFA_Pyrenew-Pyrenew_HE_RSV,0,0,0,1,2,3,4,0,0,0,1,2,3,4,0,0,0,0.14050646962039368,0.28101293924078735,0.421519408861181,0.5620258784815747,0,0,0,0.14,0.28,0.42,0.56,TRUE,FALSE,Center for Forecasting and Outbreak Analytics (CFA/CDC) Pyrenew team,2026-05-27,Pyrenew_Hospital_Admissions_ED_Visits_RSV
Alaska,AK,1,wk inc rsv hosp,hosp,2026-05-30,2026-06-06,CFA_Pyrenew-Pyrenew_HE_RSV,0,0,0,1,2,3,4,0,0,0,1,2,3,4,0,0,0,0.14050646962039368,0.28101293924078735,0.421519408861181,0.5620258784815747,0,0,0,0.14,0.28,0.42,0.56,TRUE,FALSE,Center for Forecasting and Outbreak Analytics (CFA/CDC) Pyrenew team,2026-05-27,Pyrenew_Hospital_Admissions_ED_Visits_RSV
Alaska,AK,0,wk inc rsv prop ed visits,prop_ed,2026-05-30,2026-05-30,CFA_Pyrenew-Pyrenew_HE_RSV,1.342536415786444e-4,1.4850841646929242e-4,4.0765119590622227e-4,5.630250879679881e-4,8.446146647058376e-4,0.0011360747535723776,0.0015451211741208473,1.3e-4,1.5e-4,4.1e-4,5.6e-4,8.4e-4,0.0011,0.0015,NA,NA,NA,NA,NA,NA,NA,NA,NA,NA,NA,NA,NA,NA,FALSE,FALSE,Center for Forecasting and Outbreak Analytics (CFA/CDC) Pyrenew team,2026-05-27,Pyrenew_Hospital_Admissions_ED_Visits_RSV
Alaska,AK,1,wk inc rsv prop ed visits,prop_ed,2026-05-30,2026-06-06,CFA_Pyrenew-Pyrenew_HE_RSV,0,1.3703330293260557e-4,2.760020642508042e-4,4.3888735067781264e-4,8.140014331195348e-4,0.0011108739792634768,0.001628158858385539,0,1.4e-4,2.8e-4,4.4e-4,8.1e-4,0.0011,0.0016,NA,NA,NA,NA,NA,NA,NA,NA,NA,NA,NA,NA,NA,NA,FALSE,FALSE,Center for Forecasting and Outbreak Analytics (CFA/CDC) Pyrenew team,2026-05-27,Pyrenew_Hospital_Admissions_ED_Visits_RSV
Alaska,AK,0,wk inc rsv hosp,hosp,2026-05-30,2026-05-30,CFA_Pyrenew-Pyrenew_H_RSV,0,0,0,0,1,2,3,0,0,0,0,1,2,3,0,0,0,0,0.14050646962039368,0.28101293924078735,0.421519408861181,0,0,0,0,0.14,0.28,0.42,FALSE,FALSE,Center for Forecasting and Outbreak Analytics (CFA/CDC) Pyrenew team,2026-05-27,Pyrenew_Hospital_Admissions_RSV
Alaska,AK,1,wk inc rsv hosp,hosp,2026-05-30,2026-06-06,CFA_Pyrenew-Pyrenew_H_RSV,0,0,0,0,1,2,3,0,0,0,0,1,2,3,0,0,0,0,0.14050646962039368,0.28101293924078735,0.421519408861181,0,0,0,0,0.14,0.28,0.42,FALSE,FALSE,Center for Forecasting and Outbreak Analytics (CFA/CDC) Pyrenew team,2026-05-27,Pyrenew_Hospital_Admissions_RSV
Alaska,AK,0,wk inc rsv hosp,hosp,2026-05-30,2026-05-30,Google_SAI-RSVEns,0,0,0,0.5,1,2,3,0,0,0,1,1,2,3,0,0,0,0.07025323481019684,0.14050646962039368,0.28101293924078735,0.421519408861181,0,0,0,0.07,0.14,0.28,0.42,TRUE,FALSE,Google Science AI,2026-05-27,RSVEnsemble
Alaska,AK,1,wk inc rsv hosp,hosp,2026-05-30,2026-06-06,Google_SAI-RSVEns,0,0,0,0.5,0.5,1.5,3,0,0,0,1,1,2,3,0,0,0,0.07025323481019684,0.07025323481019684,0.2107597044305905,0.421519408861181,0,0,0,0.07,0.07,0.21,0.42,TRUE,FALSE,Google Science AI,2026-05-27,RSVEnsemble
Alaska,AK,2,wk inc rsv hosp,hosp,2026-05-30,2026-06-13,Google_SAI-RSVEns,0,0,0,0.5,0.5,1.5,3,0,0,0,1,1,2,3,0,0,0,0.07025323481019684,0.07025323481019684,0.2107597044305905,0.421519408861181,0,0,0,0.07,0.07,0.21,0.42,TRUE,FALSE,Google Science AI,2026-05-27,RSVEnsemble
Alaska,AK,0,wk inc rsv hosp,hosp,2026-05-30,2026-05-30,RSVHub-baseline,0,0,0,1,3,8.100000000000001,16,0,0,0,1,3,8,20,0,0,0,0.14050646962039368,0.421519408861181,1.1381024039251888,2.248103513926299,0,0,0,0.14,0.42,1.14,2.25,FALSE,FALSE,RSVHub-hub-models,2026-05-27,RSVHub baseline model
Alaska,AK,1,wk inc rsv hosp,hosp,2026-05-30,2026-06-06,RSVHub-baseline,0,0,0,1,5,11,17,0,0,0,1,5,10,20,0,0,0,0.14050646962039368,0.7025323481019684,1.5455711658243305,2.3886099835466923,0,0,0,0.14,0.7,1.55,2.39,FALSE,FALSE,RSVHub-hub-models,2026-05-27,RSVHub baseline model
Alaska,AK,2,wk inc rsv hosp,hosp,2026-05-30,2026-06-13,RSVHub-baseline,0,0,0,1,7,13.797011970119698,20.757523325233244,0,0,0,1,7,10,20,0,0,0,0.14050646962039368,0.9835452873427557,1.9385694432318312,2.9165663204914978,0,0,0,0.14,0.98,1.94,2.92,FALSE,FALSE,RSVHub-hub-models,2026-05-27,RSVHub baseline model
Alaska,AK,0,wk inc rsv prop ed visits,prop_ed,2026-05-30,2026-05-30,RSVHub-baseline,0,0,5.999999999999998e-4,0.0012,0.0018,0.0034999999999999996,0.0054524999999999955,0,0,6e-4,0.0012,0.0018,0.0035,0.0055,NA,NA,NA,NA,NA,NA,NA,NA,NA,NA,NA,NA,NA,NA,FALSE,FALSE,RSVHub-hub-models,2026-05-27,RSVHub baseline model
Alaska,AK,1,wk inc rsv prop ed visits,prop_ed,2026-05-30,2026-06-06,RSVHub-baseline,0,0,1.9999999999999987e-4,0.0012,0.0025569245692456935,0.0045765442654426515,0.00681862278622786,0,0,2e-4,0.0012,0.0026,0.0046,0.0068,NA,NA,NA,NA,NA,NA,NA,NA,NA,NA,NA,NA,NA,NA,FALSE,FALSE,RSVHub-hub-models,2026-05-27,RSVHub baseline model
Alaska,AK,2,wk inc rsv prop ed visits,prop_ed,2026-05-30,2026-06-13,RSVHub-baseline,0,0,0,0.0012,0.0030673319233192335,0.0052,0.007741751892518912,0,0,0,0.0012,0.0031,0.0052,0.0077,NA,NA,NA,NA,NA,NA,NA,NA,NA,NA,NA,NA,NA,NA,FALSE,FALSE,RSVHub-hub-models,2026-05-27,RSVHub baseline model
Alaska,AK,0,wk inc rsv hosp,hosp,2026-05-30,2026-05-30,UGA_flucast-INFLAenza,0,0,0,1,2,3,5,0,0,0,1,2,3,5,0,0,0,0.14050646962039368,0.28101293924078735,0.421519408861181,0.7025323481019684,0,0,0,0.14,0.28,0.42,0.7,TRUE,FALSE,UGA_flucast,2026-05-27,INFLAenza
Alaska,AK,1,wk inc rsv hosp,hosp,2026-05-30,2026-06-06,UGA_flucast-INFLAenza,0,0,0,1,2,3,4,0,0,0,1,2,3,4,0,0,0,0.14050646962039368,0.28101293924078735,0.421519408861181,0.5620258784815747,0,0,0,0.14,0.28,0.42,0.56,TRUE,FALSE,UGA_flucast,2026-05-27,INFLAenza
Alaska,AK,2,wk inc rsv hosp,hosp,2026-05-30,2026-06-13,UGA_flucast-INFLAenza,0,0,0,0,1,2,4,0,0,0,0,1,2,4,0,0,0,0,0.14050646962039368,0.28101293924078735,0.5620258784815747,0,0,0,0,0.14,0.28,0.56,TRUE,FALSE,UGA_flucast,2026-05-27,INFLAenza
Alaska,AK,0,wk inc rsv prop ed visits,prop_ed,2026-05-30,2026-05-30,UGA_flucast-INFLAenza,2.880561447648715e-4,4.2788760046656883e-4,5.705924024396382e-4,7.717090199175898e-4,0.0010112158105698966,0.0012738001086115664,0.001602122626295881,2.9e-4,4.3e-4,5.7e-4,7.7e-4,0.001,0.0013,0.0016,NA,NA,NA,NA,NA,NA,NA,NA,NA,NA,NA,NA,NA,NA,TRUE,FALSE,UGA_flucast,2026-05-27,INFLAenza
Alaska,AK,1,wk inc rsv prop ed visits,prop_ed,2026-05-30,2026-06-06,UGA_flucast-INFLAenza,2.1054017920109404e-4,3.374479843173902e-4,4.8069119194185737e-4,6.824934393010941e-4,0.00092423858137307335,0.0012118891347946239,0.0015944137128041365,2.1e-4,3.4e-4,4.8e-4,6.8e-4,9.2e-4,0.0012,0.0016,NA,NA,NA,NA,NA,NA,NA,NA,NA,NA,NA,NA,NA,NA,TRUE,FALSE,UGA_flucast,2026-05-27,INFLAenza
Alaska,AK,2,wk inc rsv prop ed visits,prop_ed,2026-05-30,2026-06-13,UGA_flucast-INFLAenza,1.6293600761968884e-4,2.8520428718824747e-4,4.176269456943598e-4,6.137422306465988e-4,8.642837129784611e-4,0.001149643943022663,0.001539893529959557,1.6e-4,2.9e-4,4.2e-4,6.1e-4,8.6e-4,0.0011,0.0015,NA,NA,NA,NA,NA,NA,NA,NA,NA,NA,NA,NA,NA,NA,TRUE,FALSE,UGA_flucast,2026-05-27,INFLAenza
Alaska,AK,0,wk inc rsv hosp,hosp,2026-05-30,2026-05-30,RSVHub-ensemble,0,0,0,1,1.5,2.5,3.5,0,0,0,1,2,3,4,0,0,0,0.14050646962039368,0.2107597044305905,0.3512661740509842,0.49177264367137785,0,0,0,0.14,0.21,0.35,0.49,FALSE,TRUE,RSVHub,2026-05-27,Ensemble using RSVHub forecast submissions
Alaska,AK,1,wk inc rsv hosp,hosp,2026-05-30,2026-06-06,RSVHub-ensemble,0,0,0,1,1.5,2.5,3.5,0,0,0,1,2,3,4,0,0,0,0.14050646962039368,0.2107597044305905,0.3512661740509842,0.49177264367137785,0,0,0,0.14,0.21,0.35,0.49,FALSE,TRUE,RSVHub,2026-05-27,Ensemble using RSVHub forecast submissions
Alaska,AK,2,wk inc rsv hosp,hosp,2026-05-30,2026-06-13,RSVHub-ensemble,0,0,0,0,1,2,3,0,0,0,0,1,2,3,0,0,0,0,0.14050646962039368,0.28101293924078735,0.421519408861181,0,0,0,0,0.14,0.28,0.42,FALSE,TRUE,RSVHub,2026-05-27,Ensemble using RSVHub forecast submissions
Alaska,AK,0,wk inc rsv prop ed visits,prop_ed,2026-05-30,2026-05-30,RSVHub-ensemble,2.1220319515658648e-4,3.512750066323574e-4,4.946172680332597e-4,7.313056006524254e-4,9.954062147379066e-4,0.0012702407943894455,0.001650733777444875,2.1e-4,3.5e-4,4.9e-4,7.3e-4,0.001,0.0013,0.0017,NA,NA,NA,NA,NA,NA,NA,NA,NA,NA,NA,NA,NA,NA,FALSE,TRUE,RSVHub,2026-05-27,Ensemble using RSVHub forecast submissions
Alaska,AK,1,wk inc rsv prop ed visits,prop_ed,2026-05-30,2026-06-06,RSVHub-ensemble,1.0527008960054702e-4,2.3871828249165568e-4,3.840136254979834e-4,6.186111844943719e-4,8.909707216079209e-4,0.0012213229398265035,0.0016950434843713675,1.1e-4,2.4e-4,3.8e-4,6.2e-4,8.9e-4,0.0012,0.0017,NA,NA,NA,NA,NA,NA,NA,NA,NA,NA,NA,NA,NA,NA,FALSE,TRUE,RSVHub,2026-05-27,Ensemble using RSVHub forecast submissions
Arizona,AZ,0,wk inc rsv hosp,hosp,2026-05-30,2026-05-30,CEPH-Rtrend_rsv,11,15,20,28,38,50,66,10,20,20,30,40,50,70,0.14836703198226717,0.20231867997581884,0.2697582399677585,0.3776615359548619,0.5125406559387412,0.6743955999193962,0.8902021918936031,0.15,0.2,0.27,0.38,0.51,0.67,0.89,TRUE,FALSE,CEPH Lab at Indiana University,2026-05-27,Rtrend RSV
Arizona,AZ,1,wk inc rsv hosp,hosp,2026-05-30,2026-06-06,CEPH-Rtrend_rsv,7,11,16,25,38,54,75,7,10,20,30,40,50,80,0.09441538398871548,0.14836703198226717,0.21580659197420682,0.3371977999596981,0.5125406559387412,0.7283472479129479,1.0115933998790945,0.09,0.15,0.22,0.34,0.51,0.73,1.01,TRUE,FALSE,CEPH Lab at Indiana University,2026-05-27,Rtrend RSV
Arizona,AZ,2,wk inc rsv hosp,hosp,2026-05-30,2026-06-13,CEPH-Rtrend_rsv,5,8,13,22,36,55,80,5,8,10,20,40,60,80,0.06743955999193962,0.10790329598710341,0.175342855979043,0.29673406396453433,0.48556483194196526,0.7418351599113359,1.079032959871034,0.07,0.11,0.18,0.3,0.49,0.74,1.08,TRUE,FALSE,CEPH Lab at Indiana University,2026-05-27,Rtrend RSV
Arizona,AZ,0,wk inc rsv prop ed visits,prop_ed,2026-05-30,2026-05-30,CFA_Pyrenew-Pyrenew_E_RSV,2.0232219569634873e-4,2.5729274827162354e-4,3.1462290881159084e-4,3.912139276503004e-4,4.7403676325420056e-4,5.566994785546711e-4,6.725508369335083e-4,2e-4,2.6e-4,3.1e-4,3.9e-4,4.7e-4,5.6e-4,6.7e-4,NA,NA,NA,NA,NA,NA,NA,NA,NA,NA,NA,NA,NA,NA,TRUE,FALSE,Center for Forecasting and Outbreak Analytics (CFA/CDC) Pyrenew team,2026-05-27,Pyrenew_ED_Visits_RSV
Arizona,AZ,1,wk inc rsv prop ed visits,prop_ed,2026-05-30,2026-06-06,CFA_Pyrenew-Pyrenew_E_RSV,1.0002752172239114e-4,1.5068819350991095e-4,2.0358027595804708e-4,2.752018884446446e-4,3.627075673672297e-4,4.504454079145371e-4,5.63729313985257e-4,1e-4,1.5e-4,2e-4,2.8e-4,3.6e-4,4.5e-4,5.6e-4,NA,NA,NA,NA,NA,NA,NA,NA,NA,NA,NA,NA,NA,NA,TRUE,FALSE,Center for Forecasting and Outbreak Analytics (CFA/CDC) Pyrenew team,2026-05-27,Pyrenew_ED_Visits_RSV
Arizona,AZ,0,wk inc rsv hosp,hosp,2026-05-30,2026-05-30,CFA_Pyrenew-Pyrenew_HE_RSV,7,9.900000000000006,12,15,19,23,27,7,10,10,20,20,20,30,0.09441538398871548,0.13353032878404053,0.1618549439806551,0.20231867997581884,0.2562703279693706,0.3102219759629223,0.36417362395647396,0.09,0.13,0.16,0.2,0.26,0.31,0.36,TRUE,FALSE,Center for Forecasting and Outbreak Analytics (CFA/CDC) Pyrenew team,2026-05-27,Pyrenew_Hospital_Admissions_ED_Visits_RSV
Arizona,AZ,1,wk inc rsv hosp,hosp,2026-05-30,2026-06-06,CFA_Pyrenew-Pyrenew_HE_RSV,4,6,9,12,15,18,23,4,6,9,10,20,20,20,0.053951647993551705,0.08092747199032756,0.12139120798549131,0.1618549439806551,0.20231867997581884,0.24278241597098263,0.3102219759629223,0.05,0.08,0.12,0.16,0.2,0.24,0.31,TRUE,FALSE,Center for Forecasting and Outbreak Analytics (CFA/CDC) Pyrenew team,2026-05-27,Pyrenew_Hospital_Admissions_ED_Visits_RSV
Arizona,AZ,0,wk inc rsv prop ed visits,prop_ed,2026-05-30,2026-05-30,CFA_Pyrenew-Pyrenew_HE_RSV,2.1148456018224397e-4,2.768017608218062e-4,3.314498667131731e-4,4.079573226498871e-4,4.875616065599868e-4,5.739377174517963e-4,6.828109480172307e-4,2.1e-4,2.8e-4,3.3e-4,4.1e-4,4.9e-4,5.7e-4,6.8e-4,NA,NA,NA,NA,NA,NA,NA,NA,NA,NA,NA,NA,NA,NA,FALSE,FALSE,Center for Forecasting and Outbreak Analytics (CFA/CDC) Pyrenew team,2026-05-27,Pyrenew_Hospital_Admissions_ED_Visits_RSV
Arizona,AZ,1,wk inc rsv prop ed visits,prop_ed,2026-05-30,2026-06-06,CFA_Pyrenew-Pyrenew_HE_RSV,1.1815054553716815e-4,1.6848993258821734e-4,2.2091900369301608e-4,2.9221580824970086e-4,3.781438832928991e-4,4.690008271057775e-4,5.898494583601831e-4,1.2e-4,1.7e-4,2.2e-4,2.9e-4,3.8e-4,4.7e-4,5.9e-4,NA,NA,NA,NA,NA,NA,NA,NA,NA,NA,NA,NA,NA,NA,FALSE,FALSE,Center for Forecasting and Outbreak Analytics (CFA/CDC) Pyrenew team,2026-05-27,Pyrenew_Hospital_Admissions_ED_Visits_RSV
Arizona,AZ,0,wk inc rsv hosp,hosp,2026-05-30,2026-05-30,CFA_Pyrenew-Pyrenew_H_RSV,9,12,15,20,25,31,39,9,10,20,20,30,30,40,0.12139120798549131,0.1618549439806551,0.20231867997581884,0.2697582399677585,0.3371977999596981,0.4181252719500257,0.526028567937129,0.12,0.16,0.2,0.27,0.34,0.42,0.53,FALSE,FALSE,Center for Forecasting and Outbreak Analytics (CFA/CDC) Pyrenew team,2026-05-27,Pyrenew_Hospital_Admissions_RSV
Arizona,AZ,1,wk inc rsv hosp,hosp,2026-05-30,2026-06-06,CFA_Pyrenew-Pyrenew_H_RSV,6,9,13,18,25,33,45,6,9,10,20,30,30,50,0.08092747199032756,0.12139120798549131,0.175342855979043,0.24278241597098263,0.3371977999596981,0.44510109594680153,0.6069560399274566,0.08,0.12,0.18,0.24,0.34,0.45,0.61,FALSE,FALSE,Center for Forecasting and Outbreak Analytics (CFA/CDC) Pyrenew team,2026-05-27,Pyrenew_Hospital_Admissions_RSV
Arizona,AZ,0,wk inc rsv hosp,hosp,2026-05-30,2026-05-30,Google_SAI-RSVEns,7,12.5,14.5,17,19.5,27,36.5,7,10,10,20,20,30,40,0.09441538398871548,0.16859889997984906,0.1955747239766249,0.2292945039725947,0.2630142839685645,0.36417362395647396,0.4923087879411593,0.09,0.17,0.2,0.23,0.26,0.36,0.49,TRUE,FALSE,Google Science AI,2026-05-27,RSVEnsemble
Arizona,AZ,1,wk inc rsv hosp,hosp,2026-05-30,2026-06-06,Google_SAI-RSVEns,5.5,7,9.5,13,17,24,39,6,7,10,10,20,20,40,0.07418351599113358,0.09441538398871548,0.1281351639846853,0.175342855979043,0.2292945039725947,0.3237098879613102,0.526028567937129,0.07,0.09,0.13,0.18,0.23,0.32,0.53,TRUE,FALSE,Google Science AI,2026-05-27,RSVEnsemble
Arizona,AZ,2,wk inc rsv hosp,hosp,2026-05-30,2026-06-13,Google_SAI-RSVEns,4.5,7,8.5,11.5,15.5,22,33,5,7,9,10,20,20,30,0.06069560399274566,0.09441538398871548,0.11464725198629735,0.15511098798146114,0.20906263597501284,0.29673406396453433,0.44510109594680153,0.06,0.09,0.11,0.16,0.21,0.3,0.45,TRUE,FALSE,Google Science AI,2026-05-27,RSVEnsemble
Arizona,AZ,0,wk inc rsv hosp,hosp,2026-05-30,2026-05-30,RSVHub-baseline,0,0,15,23,31,48.099999999999994,104.14999999999989,0,0,20,20,30,50,100,0,0,0.20231867997581884,0.3102219759629223,0.4181252719500257,0.6487685671224591,1.404766034632101,0,0,0.2,0.31,0.42,0.65,1.4,FALSE,FALSE,RSVHub-hub-models,2026-05-27,RSVHub baseline model
Arizona,AZ,1,wk inc rsv hosp,hosp,2026-05-30,2026-06-06,RSVHub-baseline,0,0,9.340855908559087,23,39,73.65977559775592,119.58281732817319,0,0,9,20,40,70,120,0,0,0.12598864248426686,0.3102219759629223,0.526028567937129,0.9935165710835342,1.6129225166416987,0,0,0.13,0.31,0.53,0.99,1.61,FALSE,FALSE,RSVHub-hub-models,2026-05-27,RSVHub baseline model
Arizona,AZ,2,wk inc rsv hosp,hosp,2026-05-30,2026-06-13,RSVHub-baseline,0,0,2.0928809288092722,23,47.132286322863216,90.87016170161701,133.45122326223253,0,0,2,20,50,90,130,0,0,0.028228593790883844,0.3102219759629223,0.6357161302056019,1.225648744310691,1.7999783554382118,0,0,0.03,0.31,0.64,1.23,1.8,FALSE,FALSE,RSVHub-hub-models,2026-05-27,RSVHub baseline model
Arizona,AZ,0,wk inc rsv prop ed visits,prop_ed,2026-05-30,2026-05-30,RSVHub-baseline,0,0,3e-4,4e-4,5e-4,9.999999999999983e-4,0.0019524999999999976,0,0,3e-4,4e-4,5e-4,0.001,0.002,NA,NA,NA,NA,NA,NA,NA,NA,NA,NA,NA,NA,NA,NA,FALSE,FALSE,RSVHub-hub-models,2026-05-27,RSVHub baseline model
Arizona,AZ,1,wk inc rsv prop ed visits,prop_ed,2026-05-30,2026-06-06,RSVHub-baseline,0,0,1e-4,4e-4,7.999999999999998e-4,0.0014999999999999996,0.0026889669396693897,0,0,1e-4,4e-4,8e-4,0.0015,0.0027,NA,NA,NA,NA,NA,NA,NA,NA,NA,NA,NA,NA,NA,NA,FALSE,FALSE,RSVHub-hub-models,2026-05-27,RSVHub baseline model
Arizona,AZ,2,wk inc rsv prop ed visits,prop_ed,2026-05-30,2026-06-13,RSVHub-baseline,0,0,0,4e-4,9.99999999999999e-4,0.0018000000000000002,0.0031481295812958144,0,0,0,4e-4,0.001,0.0018,0.0031,NA,NA,NA,NA,NA,NA,NA,NA,NA,NA,NA,NA,NA,NA,FALSE,FALSE,RSVHub-hub-models,2026-05-27,RSVHub baseline model
Arizona,AZ,0,wk inc rsv hosp,hosp,2026-05-30,2026-05-30,UGA_flucast-INFLAenza,4,6,9,14,20,26,36,4,6,9,10,20,30,40,0.053951647993551705,0.08092747199032756,0.12139120798549131,0.18883076797743095,0.2697582399677585,0.350685711958086,0.48556483194196526,0.05,0.08,0.12,0.19,0.27,0.35,0.49,TRUE,FALSE,UGA_flucast,2026-05-27,INFLAenza
Arizona,AZ,1,wk inc rsv hosp,hosp,2026-05-30,2026-06-06,UGA_flucast-INFLAenza,2,4,7,11,16,23,32,2,4,7,10,20,20,30,0.026975823996775852,0.053951647993551705,0.09441538398871548,0.14836703198226717,0.21580659197420682,0.3102219759629223,0.43161318394841364,0.03,0.05,0.09,0.15,0.22,0.31,0.43,TRUE,FALSE,UGA_flucast,2026-05-27,INFLAenza
Arizona,AZ,2,wk inc rsv hosp,hosp,2026-05-30,2026-06-13,UGA_flucast-INFLAenza,1,3,5,8,13,19,29,1,3,5,8,10,20,30,0.013487911998387926,0.04046373599516378,0.06743955999193962,0.10790329598710341,0.175342855979043,0.2562703279693706,0.3911494479532498,0.01,0.04,0.07,0.11,0.18,0.26,0.39,TRUE,FALSE,UGA_flucast,2026-05-27,INFLAenza
Arizona,AZ,0,wk inc rsv prop ed visits,prop_ed,2026-05-30,2026-05-30,UGA_flucast-INFLAenza,1.447725442152946e-4,2.3527145543889862e-4,3.364863236151013e-4,4.839017890636981e-4,6.622308658803286e-4,8.501673267737917e-4,0.0010956276058515953,1.4e-4,2.4e-4,3.4e-4,4.8e-4,6.6e-4,8.5e-4,0.0011,NA,NA,NA,NA,NA,NA,NA,NA,NA,NA,NA,NA,NA,NA,TRUE,FALSE,UGA_flucast,2026-05-27,INFLAenza
Arizona,AZ,1,wk inc rsv prop ed visits,prop_ed,2026-05-30,2026-06-06,UGA_flucast-INFLAenza,1.0942594320197112e-4,1.9147854376308856e-4,0.00028747265259145113,4.2672537483417106e-4,6.063805544666356e-4,7.994812530018206e-4,0.0011001684381801331,1.1e-4,1.9e-4,2.9e-4,4.3e-4,6.1e-4,8e-4,0.0011,NA,NA,NA,NA,NA,NA,NA,NA,NA,NA,NA,NA,NA,NA,TRUE,FALSE,UGA_flucast,2026-05-27,INFLAenza
Arizona,AZ,2,wk inc rsv prop ed visits,prop_ed,2026-05-30,2026-06-13,UGA_flucast-INFLAenza,8.000665185612707e-5,1.5455020265722782e-4,2.446065130994384e-4,3.816409132476335e-4,5.579253186326928e-4,7.670959469383226e-4,0.0010491513266253083,8e-5,1.5e-4,2.4e-4,3.8e-4,5.6e-4,7.7e-4,0.001,NA,NA,NA,NA,NA,NA,NA,NA,NA,NA,NA,NA,NA,NA,TRUE,FALSE,UGA_flucast,2026-05-27,INFLAenza
Arizona,AZ,0,wk inc rsv hosp,hosp,2026-05-30,2026-05-30,RSVHub-ensemble,7,11.200000000000003,13.25,16,19.75,26.5,36.25,7,10,10,20,20,30,40,0.09441538398871548,0.1510646143819448,0.17871483397864002,0.21580659197420682,0.2663862619681615,0.35742966795728004,0.48893680994156224,0.09,0.15,0.18,0.22,0.27,0.36,0.49,FALSE,TRUE,RSVHub,2026-05-27,Ensemble using RSVHub forecast submissions
Arizona,AZ,1,wk inc rsv hosp,hosp,2026-05-30,2026-06-06,RSVHub-ensemble,4.75,6.5,9.25,12.5,16.5,23.5,35.5,5,7,9,10,20,20,40,0.06406758199234265,0.0876714279895215,0.12476318598508832,0.16859889997984906,0.22255054797340076,0.3169659319621162,0.4788208759427713,0.06,0.09,0.12,0.17,0.22,0.32,0.48,FALSE,TRUE,RSVHub,2026-05-27,Ensemble using RSVHub forecast submissions
Arizona,AZ,2,wk inc rsv hosp,hosp,2026-05-30,2026-06-13,RSVHub-ensemble,4.5,7,8.5,11.5,15.5,22,33,5,7,9,10,20,20,30,0.06069560399274566,0.09441538398871548,0.11464725198629735,0.15511098798146114,0.20906263597501284,0.29673406396453433,0.44510109594680153,0.06,0.09,0.11,0.16,0.21,0.3,0.45,FALSE,TRUE,RSVHub,2026-05-27,Ensemble using RSVHub forecast submissions
Arizona,AZ,0,wk inc rsv prop ed visits,prop_ed,2026-05-30,2026-05-30,RSVHub-ensemble,1.7354736995582164e-4,2.462821018552611e-4,3.2555461621334606e-4,4.3755785835699923e-4,5.681338145672645e-4,7.034334026642314e-4,8.840892213925519e-4,1.7e-4,2.5e-4,3.3e-4,4.4e-4,5.7e-4,7e-4,8.8e-4,NA,NA,NA,NA,NA,NA,NA,NA,NA,NA,NA,NA,NA,NA,FALSE,TRUE,RSVHub,2026-05-27,Ensemble using RSVHub forecast submissions
Arizona,AZ,1,wk inc rsv prop ed visits,prop_ed,2026-05-30,2026-06-06,RSVHub-ensemble,1.0472673246218113e-4,1.7108336863649976e-4,2.455264642747491e-4,3.509636316394078e-4,4.8454406091693263e-4,6.249633304581788e-4,8.31948876082695e-4,1e-4,1.7e-4,2.5e-4,3.5e-4,4.8e-4,6.2e-4,8.3e-4,NA,NA,NA,NA,NA,NA,NA,NA,NA,NA,NA,NA,NA,NA,FALSE,TRUE,RSVHub,2026-05-27,Ensemble using RSVHub forecast submissions
Arkansas,AR,0,wk inc rsv hosp,hosp,2026-05-30,2026-05-30,CEPH-Rtrend_rsv,2,3,5,7,10,13,18,2,3,5,7,10,10,20,0.0652746627258177,0.09791199408872656,0.16318665681454425,0.22846131954036195,0.3263733136290885,0.42428530771781503,0.5874719645323593,0.07,0.1,0.16,0.23,0.33,0.42,0.59,TRUE,FALSE,CEPH Lab at Indiana University,2026-05-27,Rtrend RSV
Arkansas,AR,1,wk inc rsv hosp,hosp,2026-05-30,2026-06-06,CEPH-Rtrend_rsv,1,2,3,5,9,13,19,1,2,3,5,9,10,20,0.03263733136290885,0.0652746627258177,0.09791199408872656,0.16318665681454425,0.29373598226617964,0.42428530771781503,0.6201092958952681,0.03,0.07,0.1,0.16,0.29,0.42,0.62,TRUE,FALSE,CEPH Lab at Indiana University,2026-05-27,Rtrend RSV
Arkansas,AR,2,wk inc rsv hosp,hosp,2026-05-30,2026-06-13,CEPH-Rtrend_rsv,1,1,2,4,7,12,20,1,1,2,4,7,10,20,0.03263733136290885,0.03263733136290885,0.0652746627258177,0.1305493254516354,0.22846131954036195,0.3916479763549062,0.652746627258177,0.03,0.03,0.07,0.13,0.23,0.39,0.65,TRUE,FALSE,CEPH Lab at Indiana University,2026-05-27,Rtrend RSV
Arkansas,AR,0,wk inc rsv hosp,hosp,2026-05-30,2026-05-30,CFA_Pyrenew-Pyrenew_H_RSV,1,3,4,6,9,11,14,1,3,4,6,9,10,10,0.03263733136290885,0.09791199408872656,0.1305493254516354,0.1958239881774531,0.29373598226617964,0.3590106449919973,0.4569226390807239,0.03,0.1,0.13,0.2,0.29,0.36,0.46,FALSE,FALSE,Center for Forecasting and Outbreak Analytics (CFA/CDC) Pyrenew team,2026-05-27,Pyrenew_Hospital_Admissions_RSV
Arkansas,AR,1,wk inc rsv hosp,hosp,2026-05-30,2026-06-06,CFA_Pyrenew-Pyrenew_H_RSV,0,2,3,5,7,10,14,0,2,3,5,7,10,10,0,0.0652746627258177,0.09791199408872656,0.16318665681454425,0.22846131954036195,0.3263733136290885,0.4569226390807239,0,0.07,0.1,0.16,0.23,0.33,0.46,FALSE,FALSE,Center for Forecasting and Outbreak Analytics (CFA/CDC) Pyrenew team,2026-05-27,Pyrenew_Hospital_Admissions_RSV
Arkansas,AR,0,wk inc rsv hosp,hosp,2026-05-30,2026-05-30,Google_SAI-RSVEns,1,2.5,4,6,7.5,11,15.5,1,3,4,6,8,10,20,0.03263733136290885,0.08159332840727213,0.1305493254516354,0.1958239881774531,0.24477998522181635,0.3590106449919973,0.5058786361250871,0.03,0.08,0.13,0.2,0.24,0.36,0.51,TRUE,FALSE,Google Science AI,2026-05-27,RSVEnsemble
Arkansas,AR,1,wk inc rsv hosp,hosp,2026-05-30,2026-06-06,Google_SAI-RSVEns,1,2.5,3.5,4.5,6.5,10,15.5,1,3,4,5,7,10,20,0.03263733136290885,0.08159332840727213,0.11423065977018097,0.14686799113308982,0.21214265385890752,0.3263733136290885,0.5058786361250871,0.03,0.08,0.11,0.15,0.21,0.33,0.51,TRUE,FALSE,Google Science AI,2026-05-27,RSVEnsemble
Arkansas,AR,2,wk inc rsv hosp,hosp,2026-05-30,2026-06-13,Google_SAI-RSVEns,0,1.5,3,3.5,5.5,8,13.5,0,2,3,4,6,8,10,0,0.04895599704436328,0.09791199408872656,0.11423065977018097,0.17950532249599865,0.2610986509032708,0.44060397339926943,0,0.05,0.1,0.11,0.18,0.26,0.44,TRUE,FALSE,Google Science AI,2026-05-27,RSVEnsemble
Arkansas,AR,0,wk inc rsv hosp,hosp,2026-05-30,2026-05-30,RSVHub-baseline,0,0,1.7499999999999982,6,10.25,18.1,30.02499999999998,0,0,2,6,10,20,30,0,0,0.057115329885090424,0.1958239881774531,0.3345326464698157,0.5907356976686502,0.9799358741713375,0,0,0.06,0.2,0.33,0.59,0.98,FALSE,FALSE,RSVHub-hub-models,2026-05-27,RSVHub baseline model
Arkansas,AR,1,wk inc rsv hosp,hosp,2026-05-30,2026-06-06,RSVHub-baseline,0,0,0,6,14.152011520115199,23.87327873278733,34.21967194671948,0,0,0,6,10,20,30,0,0,0,0.1958239881774531,0.46188388943370307,0.7791601087210647,1.1168387724551199,0,0,0,0.2,0.46,0.78,1.12,FALSE,FALSE,RSVHub-hub-models,2026-05-27,RSVHub baseline model
Arkansas,AR,2,wk inc rsv hosp,hosp,2026-05-30,2026-06-13,RSVHub-baseline,0,0,0,6,16.03288032880329,27,39.387816878168735,0,0,0,6,20,30,40,0,0,0,0.1958239881774531,0.5232704279930159,0.8812079467985389,1.2855132311143669,0,0,0,0.2,0.52,0.88,1.29,FALSE,FALSE,RSVHub-hub-models,2026-05-27,RSVHub baseline model
Arkansas,AR,0,wk inc rsv prop ed visits,prop_ed,2026-05-30,2026-05-30,RSVHub-baseline,0,0,0.001,0.0013,0.0015999999999999999,0.002610000000000004,0.004857499999999995,0,0,0.001,0.0013,0.0016,0.0026,0.0049,NA,NA,NA,NA,NA,NA,NA,NA,NA,NA,NA,NA,NA,NA,FALSE,FALSE,RSVHub-hub-models,2026-05-27,RSVHub baseline model
Arkansas,AR,1,wk inc rsv prop ed visits,prop_ed,2026-05-30,2026-06-06,RSVHub-baseline,0,0,5.999999999999998e-4,0.0013,0.0021,0.0038018757187571845,0.006302426799267991,0,0,6e-4,0.0013,0.0021,0.0038,0.0063,NA,NA,NA,NA,NA,NA,NA,NA,NA,NA,NA,NA,NA,NA,FALSE,FALSE,RSVHub-hub-models,2026-05-27,RSVHub baseline model
Arkansas,AR,2,wk inc rsv prop ed visits,prop_ed,2026-05-30,2026-06-13,RSVHub-baseline,0,0,2.599985999859982e-4,0.0013,0.002566644666446667,0.0044847675476754785,0.007013362683626834,0,0,2.6e-4,0.0013,0.0026,0.0045,0.007,NA,NA,NA,NA,NA,NA,NA,NA,NA,NA,NA,NA,NA,NA,FALSE,FALSE,RSVHub-hub-models,2026-05-27,RSVHub baseline model
Arkansas,AR,0,wk inc rsv hosp,hosp,2026-05-30,2026-05-30,UGA_flucast-INFLAenza,1,2,3,5,8,11,15,1,2,3,5,8,10,20,0.03263733136290885,0.0652746627258177,0.09791199408872656,0.16318665681454425,0.2610986509032708,0.3590106449919973,0.4895599704436327,0.03,0.07,0.1,0.16,0.26,0.36,0.49,TRUE,FALSE,UGA_flucast,2026-05-27,INFLAenza
Arkansas,AR,1,wk inc rsv hosp,hosp,2026-05-30,2026-06-06,UGA_flucast-INFLAenza,0,1,2,4,6,9,13,0,1,2,4,6,9,10,0,0.03263733136290885,0.0652746627258177,0.1305493254516354,0.1958239881774531,0.29373598226617964,0.42428530771781503,0,0.03,0.07,0.13,0.2,0.29,0.42,TRUE,FALSE,UGA_flucast,2026-05-27,INFLAenza
Arkansas,AR,2,wk inc rsv hosp,hosp,2026-05-30,2026-06-13,UGA_flucast-INFLAenza,0,1,1,3,5,7,11,0,1,1,3,5,7,10,0,0.03263733136290885,0.03263733136290885,0.09791199408872656,0.16318665681454425,0.22846131954036195,0.3590106449919973,0,0.03,0.03,0.1,0.16,0.23,0.36,TRUE,FALSE,UGA_flucast,2026-05-27,INFLAenza
Arkansas,AR,0,wk inc rsv prop ed visits,prop_ed,2026-05-30,2026-05-30,UGA_flucast-INFLAenza,4.474141938539423e-4,6.19393887616494e-4,8.182450444302447e-4,0.0010580258796519786,0.0013541818605848164,0.001662593093392142,0.002099341474154201,4.5e-4,6.2e-4,8.2e-4,0.0011,0.0014,0.0017,0.0021,NA,NA,NA,NA,NA,NA,NA,NA,NA,NA,NA,NA,NA,NA,TRUE,FALSE,UGA_flucast,2026-05-27,INFLAenza
Arkansas,AR,1,wk inc rsv prop ed visits,prop_ed,2026-05-30,2026-06-06,UGA_flucast-INFLAenza,3.349641610831456e-4,5.076360909595363e-4,6.837264483875711e-4,9.394562280995995e-4,0.0012574784429791458,0.0016057130201771383,0.00205179489309064,3.3e-4,5.1e-4,6.8e-4,9.4e-4,0.0013,0.0016,0.0021,NA,NA,NA,NA,NA,NA,NA,NA,NA,NA,NA,NA,NA,NA,TRUE,FALSE,UGA_flucast,2026-05-27,INFLAenza
Arkansas,AR,2,wk inc rsv prop ed visits,prop_ed,2026-05-30,2026-06-13,UGA_flucast-INFLAenza,2.6308238628193275e-4,4.145382753677388e-4,5.894089575732922e-4,8.347166155194512e-4,0.001173500912280959,0.0015296902031247434,0.0020442263510681963,2.6e-4,4.1e-4,5.9e-4,8.3e-4,0.0012,0.0015,0.002,NA,NA,NA,NA,NA,NA,NA,NA,NA,NA,NA,NA,NA,NA,TRUE,FALSE,UGA_flucast,2026-05-27,INFLAenza
Arkansas,AR,0,wk inc rsv hosp,hosp,2026-05-30,2026-05-30,RSVHub-ensemble,1,2.5,4,6,8,11,15.5,1,3,4,6,8,10,20,0.03263733136290885,0.08159332840727213,0.1305493254516354,0.1958239881774531,0.2610986509032708,0.3590106449919973,0.5058786361250871,0.03,0.08,0.13,0.2,0.26,0.36,0.51,FALSE,TRUE,RSVHub,2026-05-27,Ensemble using RSVHub forecast submissions
Arkansas,AR,1,wk inc rsv hosp,hosp,2026-05-30,2026-06-06,RSVHub-ensemble,1,2,3,4.5,6.5,10,15.5,1,2,3,5,7,10,20,0.03263733136290885,0.0652746627258177,0.09791199408872656,0.14686799113308982,0.21214265385890752,0.3263733136290885,0.5058786361250871,0.03,0.07,0.1,0.15,0.21,0.33,0.51,FALSE,TRUE,RSVHub,2026-05-27,Ensemble using RSVHub forecast submissions
Arkansas,AR,2,wk inc rsv hosp,hosp,2026-05-30,2026-06-13,RSVHub-ensemble,0,1,2,3.5,5.5,8,13.5,0,1,2,4,6,8,10,0,0.03263733136290885,0.0652746627258177,0.11423065977018097,0.17950532249599865,0.2610986509032708,0.44060397339926943,0,0.03,0.07,0.11,0.18,0.26,0.44,FALSE,TRUE,RSVHub,2026-05-27,Ensemble using RSVHub forecast submissions
California,CA,0,wk inc rsv hosp,hosp,2026-05-30,2026-05-30,CEPH-Rtrend_rsv,14,21,30,43,62,81,109,10,20,30,40,60,80,110,0.036056284168641116,0.05408442625296167,0.07726346607565954,0.11074430137511199,0.15967782988969637,0.20861135840428074,0.28072392674156293,0.04,0.05,0.08,0.11,0.16,0.21,0.28,TRUE,FALSE,CEPH Lab at Indiana University,2026-05-27,Rtrend RSV
California,CA,1,wk inc rsv hosp,hosp,2026-05-30,2026-06-06,CEPH-Rtrend_rsv,7,12,19,32,48,69,95,7,10,20,30,50,70,100,0.018028142084320558,0.03090538643026381,0.04893352851458437,0.08241436381403683,0.12362154572105524,0.1777059719740169,0.24466764257292184,0.02,0.03,0.05,0.08,0.12,0.18,0.24,TRUE,FALSE,CEPH Lab at Indiana University,2026-05-27,Rtrend RSV
California,CA,2,wk inc rsv hosp,hosp,2026-05-30,2026-06-13,CEPH-Rtrend_rsv,3,7,12,22,37,56,81,3,7,10,20,40,60,80,0.007726346607565953,0.018028142084320558,0.03090538643026381,0.056659875122150316,0.09529160815998008,0.14422513667456446,0.20861135840428074,0.01,0.02,0.03,0.06,0.1,0.14,0.21,TRUE,FALSE,CEPH Lab at Indiana University,2026-05-27,Rtrend RSV
California,CA,0,wk inc rsv prop ed visits,prop_ed,2026-05-30,2026-05-30,CFA_Pyrenew-Pyrenew_E_RSV,1.979747947663797e-4,2.4854521145918276e-4,2.918615759363076e-4,3.536535256806576e-4,4.2049393365064955e-4,4.800278174546208e-4,5.589637229796545e-4,2e-4,2.5e-4,2.9e-4,3.5e-4,4.2e-4,4.8e-4,5.6e-4,NA,NA,NA,NA,NA,NA,NA,NA,NA,NA,NA,NA,NA,NA,TRUE,FALSE,Center for Forecasting and Outbreak Analytics (CFA/CDC) Pyrenew team,2026-05-27,Pyrenew_ED_Visits_RSV
California,CA,1,wk inc rsv prop ed visits,prop_ed,2026-05-30,2026-06-06,CFA_Pyrenew-Pyrenew_E_RSV,1.1665131190798359e-4,1.5939702271174517e-4,2.0899280961396722e-4,2.716422895488186e-4,3.415674056708742e-4,4.250483224436071e-4,5.318933149601077e-4,1.2e-4,1.6e-4,2.1e-4,2.7e-4,3.4e-4,4.3e-4,5.3e-4,NA,NA,NA,NA,NA,NA,NA,NA,NA,NA,NA,NA,NA,NA,TRUE,FALSE,Center for Forecasting and Outbreak Analytics (CFA/CDC) Pyrenew team,2026-05-27,Pyrenew_ED_Visits_RSV
California,CA,0,wk inc rsv hosp,hosp,2026-05-30,2026-05-30,CFA_Pyrenew-Pyrenew_H_RSV,14,18,22,27,33,38,46,10,20,20,30,30,40,50,0.036056284168641116,0.04635807964539571,0.056659875122150316,0.06953711946809357,0.08498981268322549,0.09786705702916874,0.11847064798267795,0.04,0.05,0.06,0.07,0.08,0.1,0.12,FALSE,FALSE,Center for Forecasting and Outbreak Analytics (CFA/CDC) Pyrenew team,2026-05-27,Pyrenew_Hospital_Admissions_RSV
California,CA,1,wk inc rsv hosp,hosp,2026-05-30,2026-06-06,CFA_Pyrenew-Pyrenew_H_RSV,7,10,13,18,23,29,37,7,10,10,20,20,30,40,0.018028142084320558,0.02575448869188651,0.03348083529945246,0.04635807964539571,0.059235323991338976,0.07468801720647088,0.09529160815998008,0.02,0.03,0.03,0.05,0.06,0.07,0.1,FALSE,FALSE,Center for Forecasting and Outbreak Analytics (CFA/CDC) Pyrenew team,2026-05-27,Pyrenew_Hospital_Admissions_RSV
California,CA,0,wk inc rsv hosp,hosp,2026-05-30,2026-05-30,Google_SAI-RSVEns,17,22.5,25.5,28,41,67.5,128.5,20,20,30,30,40,70,130,0.04378263077620707,0.05794759955674465,0.06567394616431059,0.07211256833728223,0.1055934036367347,0.17384279867023394,0.33094517969074166,0.04,0.06,0.07,0.07,0.11,0.17,0.33,TRUE,FALSE,Google Science AI,2026-05-27,RSVEnsemble
California,CA,1,wk inc rsv hosp,hosp,2026-05-30,2026-06-06,Google_SAI-RSVEns,11.5,16.5,21.5,23,35,62.5,126.5,10,20,20,20,40,60,130,0.029617661995669488,0.042494906341612744,0.05537215068755599,0.059235323991338976,0.09014071042160278,0.1609655543242907,0.3257942819523644,0.03,0.04,0.06,0.06,0.09,0.16,0.33,TRUE,FALSE,Google Science AI,2026-05-27,RSVEnsemble
California,CA,2,wk inc rsv hosp,hosp,2026-05-30,2026-06-13,Google_SAI-RSVEns,10.5,16.5,19.5,21.5,29.5,48,108.5,10,20,20,20,30,50,110,0.027042213126480835,0.042494906341612744,0.050221252949178695,0.05537215068755599,0.07597574164106521,0.12362154572105524,0.2794362023069686,0.03,0.04,0.05,0.06,0.08,0.12,0.28,TRUE,FALSE,Google Science AI,2026-05-27,RSVEnsemble
California,CA,0,wk inc rsv hosp,hosp,2026-05-30,2026-05-30,RSVHub-baseline,0,0,4,33,62,95,160.09999999999994,0,0,4,30,60,100,160,0,0,0.010301795476754604,0.08498981268322549,0.15967782988969637,0.24466764257292184,0.41232936395710285,0,0,0.01,0.08,0.16,0.24,0.41,FALSE,FALSE,RSVHub-hub-models,2026-05-27,RSVHub baseline model
California,CA,1,wk inc rsv hosp,hosp,2026-05-30,2026-06-06,RSVHub-baseline,0,0,0,33,76.89567395673961,126.51827618276181,183.8642966429667,0,0,0,30,80,130,180,0,0,0,0.08498981268322549,0.19804087653738423,0.32584135132659137,0.4735330948732953,0,0,0,0.08,0.2,0.33,0.47,FALSE,FALSE,RSVHub-hub-models,2026-05-27,RSVHub baseline model
California,CA,2,wk inc rsv hosp,hosp,2026-05-30,2026-06-13,RSVHub-baseline,0,0,0,33,88.95979959799598,146.11708817088171,215.61045885458876,0,0,0,30,90,150,220,0,0,0,0.08498981268322549,0.22911141527790777,0.37631708949883574,0.5552937124422967,0,0,0,0.08,0.23,0.38,0.56,FALSE,FALSE,RSVHub-hub-models,2026-05-27,RSVHub baseline model
California,CA,0,wk inc rsv prop ed visits,prop_ed,2026-05-30,2026-05-30,RSVHub-baseline,0,0,2.999999999999998e-4,4e-4,5.000000000000002e-4,0.0010999999999999992,0.0019999999999999987,0,0,3e-4,4e-4,5e-4,0.0011,0.002,NA,NA,NA,NA,NA,NA,NA,NA,NA,NA,NA,NA,NA,NA,FALSE,FALSE,RSVHub-hub-models,2026-05-27,RSVHub baseline model
California,CA,1,wk inc rsv prop ed visits,prop_ed,2026-05-30,2026-06-06,RSVHub-baseline,0,0,1e-4,4e-4,7.999999999999999e-4,0.0014000000000000002,0.002399999999999999,0,0,1e-4,4e-4,8e-4,0.0014,0.0024,NA,NA,NA,NA,NA,NA,NA,NA,NA,NA,NA,NA,NA,NA,FALSE,FALSE,RSVHub-hub-models,2026-05-27,RSVHub baseline model
California,CA,2,wk inc rsv prop ed visits,prop_ed,2026-05-30,2026-06-13,RSVHub-baseline,0,0,0,4e-4,9.999999999999998e-4,0.0017086593865938676,0.002777529975299753,0,0,0,4e-4,0.001,0.0017,0.0028,NA,NA,NA,NA,NA,NA,NA,NA,NA,NA,NA,NA,NA,NA,FALSE,FALSE,RSVHub-hub-models,2026-05-27,RSVHub baseline model
California,CA,0,wk inc rsv hosp,hosp,2026-05-30,2026-05-30,UGA_flucast-INFLAenza,15,21,28,39,53,70,95,20,20,30,40,50,70,100,0.03863173303782977,0.05408442625296167,0.07211256833728223,0.10044250589835739,0.1364987900669985,0.18028142084320556,0.24466764257292184,0.04,0.05,0.07,0.1,0.14,0.18,0.24,TRUE,FALSE,UGA_flucast,2026-05-27,INFLAenza
California,CA,1,wk inc rsv hosp,hosp,2026-05-30,2026-06-06,UGA_flucast-INFLAenza,9,14,21,30,43,61,89,9,10,20,30,40,60,90,0.023179039822697856,0.036056284168641116,0.05408442625296167,0.07726346607565954,0.11074430137511199,0.15710238102050772,0.2292149493577899,0.02,0.04,0.05,0.08,0.11,0.16,0.23,TRUE,FALSE,UGA_flucast,2026-05-27,INFLAenza
California,CA,2,wk inc rsv hosp,hosp,2026-05-30,2026-06-13,UGA_flucast-INFLAenza,6,10,15,23,35,50,78,6,10,20,20,40,50,80,0.015452693215131905,0.02575448869188651,0.03863173303782977,0.059235323991338976,0.09014071042160278,0.12877244345943253,0.20088501179671478,0.02,0.03,0.04,0.06,0.09,0.13,0.2,TRUE,FALSE,UGA_flucast,2026-05-27,INFLAenza
California,CA,0,wk inc rsv prop ed visits,prop_ed,2026-05-30,2026-05-30,UGA_flucast-INFLAenza,8.190503278334458e-5,1.4820139911226072e-4,2.2953762593657133e-4,3.4523162693496536e-4,4.959903758466928e-4,6.582418915082487e-4,8.767285579806753e-4,8.2e-5,1.5e-4,2.3e-4,3.5e-4,5e-4,6.6e-4,8.8e-4,NA,NA,NA,NA,NA,NA,NA,NA,NA,NA,NA,NA,NA,NA,TRUE,FALSE,UGA_flucast,2026-05-27,INFLAenza
California,CA,1,wk inc rsv prop ed visits,prop_ed,2026-05-30,2026-06-06,UGA_flucast-INFLAenza,6.15290290676608e-5,1.2111154041183971e-4,1.9877388780687035e-4,3.1283591172583244e-4,4.656271334759119e-4,6.337103854898845e-4,8.693122847900376e-4,6.2e-5,1.2e-4,2e-4,3.1e-4,4.7e-4,6.3e-4,8.7e-4,NA,NA,NA,NA,NA,NA,NA,NA,NA,NA,NA,NA,NA,NA,TRUE,FALSE,UGA_flucast,2026-05-27,INFLAenza
California,CA,2,wk inc rsv prop ed visits,prop_ed,2026-05-30,2026-06-13,UGA_flucast-INFLAenza,4.465116719396793e-5,9.702738050489058e-5,1.7072325235599207e-4,2.817409732166603e-4,4.2000516271977314e-4,5.977204160287077e-4,8.440243841774355e-4,4.5e-5,9.7e-5,1.7e-4,2.8e-4,4.2e-4,6e-4,8.4e-4,NA,NA,NA,NA,NA,NA,NA,NA,NA,NA,NA,NA,NA,NA,TRUE,FALSE,UGA_flucast,2026-05-27,INFLAenza
California,CA,0,wk inc rsv hosp,hosp,2026-05-30,2026-05-30,RSVHub-ensemble,15,21,28,39,53,70,109,20,20,30,40,50,70,110,0.03863173303782977,0.05408442625296167,0.07211256833728223,0.10044250589835739,0.1364987900669985,0.18028142084320556,0.28072392674156293,0.04,0.05,0.07,0.1,0.14,0.18,0.28,FALSE,TRUE,RSVHub,2026-05-27,Ensemble using RSVHub forecast submissions
California,CA,1,wk inc rsv hosp,hosp,2026-05-30,2026-06-06,RSVHub-ensemble,9,14,21,30,43,62.5,95,9,10,20,30,40,60,100,0.023179039822697856,0.036056284168641116,0.05408442625296167,0.07726346607565954,0.11074430137511199,0.1609655543242907,0.24466764257292184,0.02,0.04,0.05,0.08,0.11,0.16,0.24,FALSE,TRUE,RSVHub,2026-05-27,Ensemble using RSVHub forecast submissions
California,CA,2,wk inc rsv hosp,hosp,2026-05-30,2026-06-13,RSVHub-ensemble,6,10,15,22,35,50,81,6,10,20,20,40,50,80,0.015452693215131905,0.02575448869188651,0.03863173303782977,0.056659875122150316,0.09014071042160278,0.12877244345943253,0.20861135840428074,0.02,0.03,0.04,0.06,0.09,0.13,0.21,FALSE,TRUE,RSVHub,2026-05-27,Ensemble using RSVHub forecast submissions
California,CA,0,wk inc rsv prop ed visits,prop_ed,2026-05-30,2026-05-30,RSVHub-ensemble,1.3993991377486215e-4,1.9837330528572173e-4,2.606996009364395e-4,3.4944257630781147e-4,4.582421547486712e-4,5.691348544814347e-4,7.178461404801649e-4,1.4e-4,2e-4,2.6e-4,3.5e-4,4.6e-4,5.7e-4,7.2e-4,NA,NA,NA,NA,NA,NA,NA,NA,NA,NA,NA,NA,NA,NA,FALSE,TRUE,RSVHub,2026-05-27,Ensemble using RSVHub forecast submissions
California,CA,1,wk inc rsv prop ed visits,prop_ed,2026-05-30,2026-06-06,RSVHub-ensemble,8.909017048782219e-5,1.4025428156179244e-4,2.038833487104188e-4,2.9223910063732553e-4,4.03597269573393e-4,5.293793539667458e-4,7.006027998750727e-4,8.9e-5,1.4e-4,2e-4,2.9e-4,4e-4,5.3e-4,7e-4,NA,NA,NA,NA,NA,NA,NA,NA,NA,NA,NA,NA,NA,NA,FALSE,TRUE,RSVHub,2026-05-27,Ensemble using RSVHub forecast submissions
Colorado,CO,0,wk inc rsv hosp,hosp,2026-05-30,2026-05-30,CEPH-Rtrend_rsv,5,7,10,14,19,26,34,5,7,10,10,20,30,30,0.08556783758266066,0.11979497261572493,0.17113567516532133,0.23958994523144986,0.32515778281411056,0.4449527554298355,0.5818612955620925,0.09,0.12,0.17,0.24,0.33,0.44,0.58,TRUE,FALSE,CEPH Lab at Indiana University,2026-05-27,Rtrend RSV
Colorado,CO,1,wk inc rsv hosp,hosp,2026-05-30,2026-06-06,CEPH-Rtrend_rsv,2,4,6,10,16,23,32,2,4,6,10,20,20,30,0.034227135033064265,0.06845427006612853,0.10268140509919281,0.17113567516532133,0.2738170802645141,0.3936120528802391,0.5476341605290282,0.03,0.07,0.1,0.17,0.27,0.39,0.55,TRUE,FALSE,CEPH Lab at Indiana University,2026-05-27,Rtrend RSV
Colorado,CO,2,wk inc rsv hosp,hosp,2026-05-30,2026-06-13,CEPH-Rtrend_rsv,1,2,4,7,12,20,30,1,2,4,7,10,20,30,0.017113567516532133,0.034227135033064265,0.06845427006612853,0.11979497261572493,0.20536281019838562,0.34227135033064265,0.5134070254959641,0.02,0.03,0.07,0.12,0.21,0.34,0.51,TRUE,FALSE,CEPH Lab at Indiana University,2026-05-27,Rtrend RSV
Colorado,CO,0,wk inc rsv prop ed visits,prop_ed,2026-05-30,2026-05-30,CFA_Pyrenew-Pyrenew_E_RSV,2.501936975276923e-4,3.243541813773771e-4,4.048438462655588e-4,5.077401428703868e-4,6.279852727189318e-4,7.399792739121219e-4,8.804284612815422e-4,2.5e-4,3.2e-4,4e-4,5.1e-4,6.3e-4,7.4e-4,8.8e-4,NA,NA,NA,NA,NA,NA,NA,NA,NA,NA,NA,NA,NA,NA,TRUE,FALSE,Center for Forecasting and Outbreak Analytics (CFA/CDC) Pyrenew team,2026-05-27,Pyrenew_ED_Visits_RSV
Colorado,CO,1,wk inc rsv prop ed visits,prop_ed,2026-05-30,2026-06-06,CFA_Pyrenew-Pyrenew_E_RSV,1.5039280099652565e-4,2.1479636341013676e-4,2.9417245004921495e-4,4.087878276666639e-4,5.515307371503156e-4,7.066003708233245e-4,9.326061016484812e-4,1.5e-4,2.1e-4,2.9e-4,4.1e-4,5.5e-4,7.1e-4,0.00093000000000000005,NA,NA,NA,NA,NA,NA,NA,NA,NA,NA,NA,NA,NA,NA,TRUE,FALSE,Center for Forecasting and Outbreak Analytics (CFA/CDC) Pyrenew team,2026-05-27,Pyrenew_ED_Visits_RSV
Colorado,CO,0,wk inc rsv hosp,hosp,2026-05-30,2026-05-30,CFA_Pyrenew-Pyrenew_HE_RSV,6,9,12,16,21,26,34.024999999999864,6,9,10,20,20,30,30,0.10268140509919281,0.1540221076487892,0.20536281019838562,0.2738170802645141,0.35938491784717486,0.4449527554298355,0.5822891347500035,0.1,0.15,0.21,0.27,0.36,0.44,0.58,TRUE,FALSE,Center for Forecasting and Outbreak Analytics (CFA/CDC) Pyrenew team,2026-05-27,Pyrenew_Hospital_Admissions_ED_Visits_RSV
Colorado,CO,1,wk inc rsv hosp,hosp,2026-05-30,2026-06-06,CFA_Pyrenew-Pyrenew_HE_RSV,4,6,9,12,17,22,30,4,6,9,10,20,20,30,0.06845427006612853,0.10268140509919281,0.1540221076487892,0.20536281019838562,0.29093064778104627,0.37649848536370695,0.5134070254959641,0.07,0.1,0.15,0.21,0.29,0.38,0.51,TRUE,FALSE,Center for Forecasting and Outbreak Analytics (CFA/CDC) Pyrenew team,2026-05-27,Pyrenew_Hospital_Admissions_ED_Visits_RSV
Colorado,CO,0,wk inc rsv prop ed visits,prop_ed,2026-05-30,2026-05-30,CFA_Pyrenew-Pyrenew_HE_RSV,2.2354077182213948e-4,3.014944325449606e-4,3.796424853806496e-4,4.723287716998124e-4,5.913492925964385e-4,6.954626561909201e-4,8.389255008348374e-4,2.2e-4,3e-4,3.8e-4,4.7e-4,5.9e-4,7e-4,8.4e-4,NA,NA,NA,NA,NA,NA,NA,NA,NA,NA,NA,NA,NA,NA,FALSE,FALSE,Center for Forecasting and Outbreak Analytics (CFA/CDC) Pyrenew team,2026-05-27,Pyrenew_Hospital_Admissions_ED_Visits_RSV
Colorado,CO,1,wk inc rsv prop ed visits,prop_ed,2026-05-30,2026-06-06,CFA_Pyrenew-Pyrenew_HE_RSV,1.2285628127010746e-4,1.9431276286465408e-4,2.7578797804128223e-4,3.769977172907639e-4,5.105424848337143e-4,6.705705743455197e-4,8.53572659953327e-4,1.2e-4,1.9e-4,2.8e-4,3.8e-4,5.1e-4,6.7e-4,8.5e-4,NA,NA,NA,NA,NA,NA,NA,NA,NA,NA,NA,NA,NA,NA,FALSE,FALSE,Center for Forecasting and Outbreak Analytics (CFA/CDC) Pyrenew team,2026-05-27,Pyrenew_Hospital_Admissions_ED_Visits_RSV
Colorado,CO,0,wk inc rsv hosp,hosp,2026-05-30,2026-05-30,CFA_Pyrenew-Pyrenew_H_RSV,3,5,8,11,15,19,25.024999999999864,3,5,8,10,20,20,30,0.051340702549596405,0.08556783758266066,0.13690854013225706,0.18824924268185347,0.25670351274798203,0.32515778281411056,0.4282670271012143,0.05,0.09,0.14,0.19,0.26,0.33,0.43,FALSE,FALSE,Center for Forecasting and Outbreak Analytics (CFA/CDC) Pyrenew team,2026-05-27,Pyrenew_Hospital_Admissions_RSV
Colorado,CO,1,wk inc rsv hosp,hosp,2026-05-30,2026-06-06,CFA_Pyrenew-Pyrenew_H_RSV,1,3,5,7,12,17,24,1,3,5,7,10,20,20,0.017113567516532133,0.051340702549596405,0.08556783758266066,0.11979497261572493,0.20536281019838562,0.29093064778104627,0.41072562039677124,0.02,0.05,0.09,0.12,0.21,0.29,0.41,FALSE,FALSE,Center for Forecasting and Outbreak Analytics (CFA/CDC) Pyrenew team,2026-05-27,Pyrenew_Hospital_Admissions_RSV
Colorado,CO,0,wk inc rsv hosp,hosp,2026-05-30,2026-05-30,Google_SAI-RSVEns,4.5,7.5,10.5,13,16.5,25,39.5,5,8,10,10,20,30,40,0.0770110538243946,0.12835175637399102,0.17969245892358743,0.22247637771491774,0.2823738640227802,0.42783918791330333,0.6759859169030193,0.08,0.13,0.18,0.22,0.28,0.43,0.68,TRUE,FALSE,Google Science AI,2026-05-27,RSVEnsemble
Colorado,CO,1,wk inc rsv hosp,hosp,2026-05-30,2026-06-06,Google_SAI-RSVEns,3,5.5,8,10.5,14,22.5,38.5,3,6,8,10,10,20,40,0.051340702549596405,0.09412462134092674,0.13690854013225706,0.17969245892358743,0.23958994523144986,0.385055269121973,0.6588723493864872,0.05,0.09,0.14,0.18,0.24,0.39,0.66,TRUE,FALSE,Google Science AI,2026-05-27,RSVEnsemble
Colorado,CO,2,wk inc rsv hosp,hosp,2026-05-30,2026-06-13,Google_SAI-RSVEns,2.5,4.5,6,7.5,10,15.5,24.5,3,5,6,8,10,20,20,0.04278391879133033,0.0770110538243946,0.10268140509919281,0.12835175637399102,0.17113567516532133,0.2652602965062481,0.41928240415503726,0.04,0.08,0.1,0.13,0.17,0.27,0.42,TRUE,FALSE,Google Science AI,2026-05-27,RSVEnsemble
Colorado,CO,0,wk inc rsv hosp,hosp,2026-05-30,2026-05-30,RSVHub-baseline,0,0,6.749999999999998,15,23.25,45,73.07499999999995,0,0,7,20,20,50,70,0,0,0.11551658073659188,0.25670351274798203,0.3978904447593721,0.770110538243946,1.250573946270585,0,0,0.12,0.26,0.4,0.77,1.25,FALSE,FALSE,RSVHub-hub-models,2026-05-27,RSVHub baseline model
Colorado,CO,1,wk inc rsv hosp,hosp,2026-05-30,2026-06-06,RSVHub-baseline,0,0,0.027840278402777585,15,34.06942069420694,56.7257702577026,87.00322953229528,0,0,0,20,30,60,90,0,0,4.764464841249856e-4,0.25670351274798203,0.5830493312994476,0.9707802992324839,1.4889356427572777,0,0,0,0.26,0.58,0.97,1.49,FALSE,FALSE,RSVHub-hub-models,2026-05-27,RSVHub baseline model
Colorado,CO,2,wk inc rsv hosp,hosp,2026-05-30,2026-06-13,RSVHub-baseline,0,0,0,15,40.37346623466234,66.53220832208311,101.99450994509965,0,0,0,20,40,70,100,0,0,0,0.25670351274798203,0.6909340402833243,1.1386034391439503,1.745489932261071,0,0,0,0.26,0.69,1.14,1.75,FALSE,FALSE,RSVHub-hub-models,2026-05-27,RSVHub baseline model
Colorado,CO,0,wk inc rsv prop ed visits,prop_ed,2026-05-30,2026-05-30,RSVHub-baseline,0,0,5e-4,7.000000000000001e-4,9.000000000000002e-4,0.0017000000000000001,0.0031049999999999954,0,0,5e-4,7e-4,9e-4,0.0017,0.0031,NA,NA,NA,NA,NA,NA,NA,NA,NA,NA,NA,NA,NA,NA,FALSE,FALSE,RSVHub-hub-models,2026-05-27,RSVHub baseline model
Colorado,CO,1,wk inc rsv prop ed visits,prop_ed,2026-05-30,2026-06-06,RSVHub-baseline,0,0,2.999999999999997e-4,7.000000000000001e-4,0.0012000000000000001,0.0025,0.004899999999999999,0,0,3e-4,7e-4,0.0012,0.0025,0.0049,NA,NA,NA,NA,NA,NA,NA,NA,NA,NA,NA,NA,NA,NA,FALSE,FALSE,RSVHub-hub-models,2026-05-27,RSVHub baseline model
Colorado,CO,2,wk inc rsv prop ed visits,prop_ed,2026-05-30,2026-06-13,RSVHub-baseline,0,0,9.999999999999891e-5,7.000000000000001e-4,0.0015962802128021278,0.0029445185451854503,0.0055449464744647325,0,0,1e-4,7e-4,0.0016,0.0029,0.0055,NA,NA,NA,NA,NA,NA,NA,NA,NA,NA,NA,NA,NA,NA,FALSE,FALSE,RSVHub-hub-models,2026-05-27,RSVHub baseline model
Colorado,CO,0,wk inc rsv hosp,hosp,2026-05-30,2026-05-30,UGA_flucast-INFLAenza,3,5,7,11,16,21,29,3,5,7,10,20,20,30,0.051340702549596405,0.08556783758266066,0.11979497261572493,0.18824924268185347,0.2738170802645141,0.35938491784717486,0.4962934579794319,0.05,0.09,0.12,0.19,0.27,0.36,0.5,TRUE,FALSE,UGA_flucast,2026-05-27,INFLAenza
Colorado,CO,1,wk inc rsv hosp,hosp,2026-05-30,2026-06-06,UGA_flucast-INFLAenza,1,3,5,8,13,18,27,1,3,5,8,10,20,30,0.017113567516532133,0.051340702549596405,0.08556783758266066,0.13690854013225706,0.22247637771491774,0.3080442152975784,0.4620663229463676,0.02,0.05,0.09,0.14,0.22,0.31,0.46,TRUE,FALSE,UGA_flucast,2026-05-27,INFLAenza
Colorado,CO,2,wk inc rsv hosp,hosp,2026-05-30,2026-06-13,UGA_flucast-INFLAenza,1,2,4,6,10,15,22,1,2,4,6,10,20,20,0.017113567516532133,0.034227135033064265,0.06845427006612853,0.10268140509919281,0.17113567516532133,0.25670351274798203,0.37649848536370695,0.02,0.03,0.07,0.1,0.17,0.26,0.38,TRUE,FALSE,UGA_flucast,2026-05-27,INFLAenza
Colorado,CO,0,wk inc rsv prop ed visits,prop_ed,2026-05-30,2026-05-30,UGA_flucast-INFLAenza,1.9471550559849556e-4,2.993701624415009e-4,4.314816411357604e-4,5.95741711898161e-4,8.031315721053866e-4,0.0010146200822719834,0.0012978329690553824,1.9e-4,3e-4,4.3e-4,6e-4,8e-4,0.001,0.0013,NA,NA,NA,NA,NA,NA,NA,NA,NA,NA,NA,NA,NA,NA,TRUE,FALSE,UGA_flucast,2026-05-27,INFLAenza
Colorado,CO,1,wk inc rsv prop ed visits,prop_ed,2026-05-30,2026-06-06,UGA_flucast-INFLAenza,1.4946855399419694e-4,2.4351144940722077e-4,3.5588232472152454e-4,5.23647871076065e-4,7.373805507034398e-4,9.545012897381258e-4,0.0012878042375386687,1.5e-4,2.4e-4,3.6e-4,5.2e-4,7.4e-4,9.5e-4,0.0013,NA,NA,NA,NA,NA,NA,NA,NA,NA,NA,NA,NA,NA,NA,TRUE,FALSE,UGA_flucast,2026-05-27,INFLAenza
Colorado,CO,2,wk inc rsv prop ed visits,prop_ed,2026-05-30,2026-06-13,UGA_flucast-INFLAenza,1.1362241862642524e-4,1.9820046194417965e-4,3.075179714176438e-4,4.7136849550724505e-4,6.849954884997642e-4,9.162831200988725e-4,0.001193264115139452,1.1e-4,2e-4,3.1e-4,4.7e-4,6.8e-4,9.2e-4,0.0012,NA,NA,NA,NA,NA,NA,NA,NA,NA,NA,NA,NA,NA,NA,TRUE,FALSE,UGA_flucast,2026-05-27,INFLAenza
Colorado,CO,0,wk inc rsv hosp,hosp,2026-05-30,2026-05-30,RSVHub-ensemble,4.75,7.25,10.25,13.5,17.75,25.5,34.01249999999993,5,7,10,10,20,30,30,0.08128944570352764,0.12407336449485798,0.17541406704445436,0.2310331614731838,0.3037658234184454,0.43639597167156946,0.582075215156048,0.08,0.12,0.18,0.23,0.3,0.44,0.58,FALSE,TRUE,RSVHub,2026-05-27,Ensemble using RSVHub forecast submissions
Colorado,CO,1,wk inc rsv hosp,hosp,2026-05-30,2026-06-06,RSVHub-ensemble,2.5,4.75,7,10.25,15,22.25,31,3,5,7,10,20,20,30,0.04278391879133033,0.08128944570352764,0.11979497261572493,0.17541406704445436,0.25670351274798203,0.38077687724284,0.5305205930124962,0.04,0.08,0.12,0.18,0.26,0.38,0.53,FALSE,TRUE,RSVHub,2026-05-27,Ensemble using RSVHub forecast submissions
Colorado,CO,2,wk inc rsv hosp,hosp,2026-05-30,2026-06-13,RSVHub-ensemble,1,2,4,7,10,15.5,24.5,1,2,4,7,10,20,20,0.017113567516532133,0.034227135033064265,0.06845427006612853,0.11979497261572493,0.17113567516532133,0.2652602965062481,0.41928240415503726,0.02,0.03,0.07,0.12,0.17,0.27,0.42,FALSE,TRUE,RSVHub,2026-05-27,Ensemble using RSVHub forecast submissions
Colorado,CO,0,wk inc rsv prop ed visits,prop_ed,2026-05-30,2026-05-30,RSVHub-ensemble,2.2245460156309393e-4,3.1186217190943904e-4,4.181627437006596e-4,5.517409273842739e-4,7.155584224121592e-4,8.772996780920527e-4,0.0010891307151684624,2.2e-4,3.1e-4,4.2e-4,5.5e-4,7.2e-4,8.8e-4,0.0011,NA,NA,NA,NA,NA,NA,NA,NA,NA,NA,NA,NA,NA,NA,FALSE,TRUE,RSVHub,2026-05-27,Ensemble using RSVHub forecast submissions
Colorado,CO,1,wk inc rsv prop ed visits,prop_ed,2026-05-30,2026-06-06,RSVHub-ensemble,1.499306774953613e-4,2.2915390640867875e-4,3.2502738738536974e-4,4.662178493713645e-4,6.444556439268777e-4,8.305508302807251e-4,0.0011102051695935748,1.5e-4,2.3e-4,3.3e-4,4.7e-4,6.4e-4,8.3e-4,0.0011,NA,NA,NA,NA,NA,NA,NA,NA,NA,NA,NA,NA,NA,NA,FALSE,TRUE,RSVHub,2026-05-27,Ensemble using RSVHub forecast submissions
Connecticut,CT,0,wk inc rsv hosp,hosp,2026-05-30,2026-05-30,CEPH-Rtrend_rsv,3,5,7,9,13,18,23,3,5,7,9,10,20,20,0.08304902882465692,0.1384150480410949,0.1937810672575328,0.2491470864739708,0.35987912490684665,0.4982941729479416,0.6367092209890364,0.08,0.14,0.19,0.25,0.36,0.5,0.64,TRUE,FALSE,CEPH Lab at Indiana University,2026-05-27,Rtrend RSV
Connecticut,CT,1,wk inc rsv hosp,hosp,2026-05-30,2026-06-06,CEPH-Rtrend_rsv,2,3,5,7,11,16,24,2,3,5,7,10,20,20,0.055366019216437946,0.08304902882465692,0.1384150480410949,0.1937810672575328,0.30451310569040874,0.44292815373150357,0.6643922305972554,0.06,0.08,0.14,0.19,0.3,0.44,0.66,TRUE,FALSE,CEPH Lab at Indiana University,2026-05-27,Rtrend RSV
Connecticut,CT,2,wk inc rsv hosp,hosp,2026-05-30,2026-06-13,CEPH-Rtrend_rsv,1,2,3,6,10,15,23,1,2,3,6,10,20,20,0.027683009608218973,0.055366019216437946,0.08304902882465692,0.16609805764931385,0.2768300960821898,0.4152451441232846,0.6367092209890364,0.03,0.06,0.08,0.17,0.28,0.42,0.64,TRUE,FALSE,CEPH Lab at Indiana University,2026-05-27,Rtrend RSV
Connecticut,CT,0,wk inc rsv hosp,hosp,2026-05-30,2026-05-30,CFA_Pyrenew-Pyrenew_HE_RSV,2,3,5,7,9,11,13,2,3,5,7,9,10,10,0.055366019216437946,0.08304902882465692,0.1384150480410949,0.1937810672575328,0.2491470864739708,0.30451310569040874,0.35987912490684665,0.06,0.08,0.14,0.19,0.25,0.3,0.36,TRUE,FALSE,Center for Forecasting and Outbreak Analytics (CFA/CDC) Pyrenew team,2026-05-27,Pyrenew_Hospital_Admissions_ED_Visits_RSV
Connecticut,CT,1,wk inc rsv hosp,hosp,2026-05-30,2026-06-06,CFA_Pyrenew-Pyrenew_HE_RSV,1,2,3,5,7,9,12,1,2,3,5,7,9,10,0.027683009608218973,0.055366019216437946,0.08304902882465692,0.1384150480410949,0.1937810672575328,0.2491470864739708,0.3321961152986277,0.03,0.06,0.08,0.14,0.19,0.25,0.33,TRUE,FALSE,Center for Forecasting and Outbreak Analytics (CFA/CDC) Pyrenew team,2026-05-27,Pyrenew_Hospital_Admissions_ED_Visits_RSV
Connecticut,CT,0,wk inc rsv hosp,hosp,2026-05-30,2026-05-30,CFA_Pyrenew-Pyrenew_H_RSV,4,6,8,11,14,18,23,4,6,8,10,10,20,20,0.11073203843287589,0.16609805764931385,0.22146407686575179,0.30451310569040874,0.3875621345150656,0.4982941729479416,0.6367092209890364,0.11,0.17,0.22,0.3,0.39,0.5,0.64,FALSE,FALSE,Center for Forecasting and Outbreak Analytics (CFA/CDC) Pyrenew team,2026-05-27,Pyrenew_Hospital_Admissions_RSV
Connecticut,CT,1,wk inc rsv hosp,hosp,2026-05-30,2026-06-06,CFA_Pyrenew-Pyrenew_H_RSV,2,4,6,9,13.25,19,27,2,4,6,9,10,20,30,0.055366019216437946,0.11073203843287589,0.16609805764931385,0.2491470864739708,0.3667998773089014,0.5259771825561605,0.7474412594219123,0.06,0.11,0.17,0.25,0.37,0.53,0.75,FALSE,FALSE,Center for Forecasting and Outbreak Analytics (CFA/CDC) Pyrenew team,2026-05-27,Pyrenew_Hospital_Admissions_RSV
Connecticut,CT,0,wk inc rsv hosp,hosp,2026-05-30,2026-05-30,Google_SAI-RSVEns,4,6,8.5,10.5,14.5,19,29,4,6,9,10,10,20,30,0.11073203843287589,0.16609805764931385,0.23530558166986126,0.29067160088629923,0.40140363931917517,0.5259771825561605,0.8028072786383503,0.11,0.17,0.24,0.29,0.4,0.53,0.8,TRUE,FALSE,Google Science AI,2026-05-27,RSVEnsemble
Connecticut,CT,1,wk inc rsv hosp,hosp,2026-05-30,2026-06-06,Google_SAI-RSVEns,2,3.5,5,7.5,10.5,14.5,21.5,2,4,5,8,10,10,20,0.055366019216437946,0.0968905336287664,0.1384150480410949,0.2076225720616423,0.29067160088629923,0.40140363931917517,0.595184706576708,0.06,0.1,0.14,0.21,0.29,0.4,0.6,TRUE,FALSE,Google Science AI,2026-05-27,RSVEnsemble
Connecticut,CT,2,wk inc rsv hosp,hosp,2026-05-30,2026-06-13,Google_SAI-RSVEns,1.5,2.5,4.5,6,9,12,21.5,2,3,5,6,9,10,20,0.04152451441232846,0.06920752402054745,0.1245735432369854,0.16609805764931385,0.2491470864739708,0.3321961152986277,0.595184706576708,0.04,0.07,0.12,0.17,0.25,0.33,0.6,TRUE,FALSE,Google Science AI,2026-05-27,RSVEnsemble
Connecticut,CT,0,wk inc rsv hosp,hosp,2026-05-30,2026-05-30,RSVHub-baseline,0,1.900000000000005,11.749999999999998,16,20.25,30.1,57.09999999999992,0,2,10,20,20,30,60,0,0.05259771825561619,0.3252753628965729,0.44292815373150357,0.5605809445664343,0.8332585892073912,1.5806998486293014,0,0.05,0.33,0.44,0.56,0.83,1.58,FALSE,FALSE,RSVHub-hub-models,2026-05-27,RSVHub baseline model
Connecticut,CT,1,wk inc rsv hosp,hosp,2026-05-30,2026-06-06,RSVHub-baseline,0,0,8,16,24.9160291602916,39.556199561995626,63.96048585485848,0,0,8,20,20,40,60,0,0,0.22146407686575179,0.44292815373150357,0.6897506746430165,1.0950346525393522,1.770618744466401,0,0,0.22,0.44,0.69,1.1,1.77,FALSE,FALSE,RSVHub-hub-models,2026-05-27,RSVHub baseline model
Connecticut,CT,2,wk inc rsv hosp,hosp,2026-05-30,2026-06-13,RSVHub-baseline,0,0,4.717247172471725,16,28.797865478654796,48.44600546005452,69.01717292172924,0,0,5,20,30,50,70,0,0,0.13058759879987855,0.44292815373150357,0.7972115867417983,1.3411312346305182,1.9106030611243412,0,0,0.13,0.44,0.8,1.34,1.91,FALSE,FALSE,RSVHub-hub-models,2026-05-27,RSVHub baseline model
Connecticut,CT,0,wk inc rsv prop ed visits,prop_ed,2026-05-30,2026-05-30,RSVHub-baseline,0,0,9.999999999999999e-5,3e-4,5e-4,0.001,0.0019524999999999985,0,0,1e-4,3e-4,5e-4,0.001,0.002,NA,NA,NA,NA,NA,NA,NA,NA,NA,NA,NA,NA,NA,NA,FALSE,FALSE,RSVHub-hub-models,2026-05-27,RSVHub baseline model
Connecticut,CT,1,wk inc rsv prop ed visits,prop_ed,2026-05-30,2026-06-06,RSVHub-baseline,0,0,0,3e-4,7.000000000000001e-4,0.0014637608376083812,0.002541866993669932,0,0,0,3e-4,7e-4,0.0015,0.0025,NA,NA,NA,NA,NA,NA,NA,NA,NA,NA,NA,NA,NA,NA,FALSE,FALSE,RSVHub-hub-models,2026-05-27,RSVHub baseline model
Connecticut,CT,2,wk inc rsv prop ed visits,prop_ed,2026-05-30,2026-06-13,RSVHub-baseline,0,0,0,3e-4,9.000000000000004e-4,0.0018,0.002873298732987332,0,0,0,3e-4,9e-4,0.0018,0.0029,NA,NA,NA,NA,NA,NA,NA,NA,NA,NA,NA,NA,NA,NA,FALSE,FALSE,RSVHub-hub-models,2026-05-27,RSVHub baseline model
Connecticut,CT,0,wk inc rsv hosp,hosp,2026-05-30,2026-05-30,UGA_flucast-INFLAenza,1,3,5,8,11,15,21,1,3,5,8,10,20,20,0.027683009608218973,0.08304902882465692,0.1384150480410949,0.22146407686575179,0.30451310569040874,0.4152451441232846,0.5813432017725985,0.03,0.08,0.14,0.22,0.3,0.42,0.58,TRUE,FALSE,UGA_flucast,2026-05-27,INFLAenza
Connecticut,CT,1,wk inc rsv hosp,hosp,2026-05-30,2026-06-06,UGA_flucast-INFLAenza,1,2,3,6,9,13,19,1,2,3,6,9,10,20,0.027683009608218973,0.055366019216437946,0.08304902882465692,0.16609805764931385,0.2491470864739708,0.35987912490684665,0.5259771825561605,0.03,0.06,0.08,0.17,0.25,0.36,0.53,TRUE,FALSE,UGA_flucast,2026-05-27,INFLAenza
Connecticut,CT,2,wk inc rsv hosp,hosp,2026-05-30,2026-06-13,UGA_flucast-INFLAenza,0,1,2,4,7,11,17,0,1,2,4,7,10,20,0,0.027683009608218973,0.055366019216437946,0.11073203843287589,0.1937810672575328,0.30451310569040874,0.4706111633397225,0,0.03,0.06,0.11,0.19,0.3,0.47,TRUE,FALSE,UGA_flucast,2026-05-27,INFLAenza
Connecticut,CT,0,wk inc rsv prop ed visits,prop_ed,2026-05-30,2026-05-30,UGA_flucast-INFLAenza,5.6043084590791307e-5,1.1623549966784515e-4,1.8414233786017185e-4,2.8374196378572257e-4,4.164334025875106e-4,5.665745165050878e-4,7.740881198569238e-4,5.6e-5,1.2e-4,1.8e-4,2.8e-4,4.2e-4,5.7e-4,7.7e-4,NA,NA,NA,NA,NA,NA,NA,NA,NA,NA,NA,NA,NA,NA,TRUE,FALSE,UGA_flucast,2026-05-27,INFLAenza
Connecticut,CT,1,wk inc rsv prop ed visits,prop_ed,2026-05-30,2026-06-06,UGA_flucast-INFLAenza,4.194647769642331e-5,8.901564689425855e-5,1.5434340919341218e-4,2.5133051058721055e-4,3.8370557364278765e-4,5.378153417808494e-4,7.327930476680427e-4,4.2e-5,8.9e-5,1.5e-4,2.5e-4,3.8e-4,5.4e-4,7.3e-4,NA,NA,NA,NA,NA,NA,NA,NA,NA,NA,NA,NA,NA,NA,TRUE,FALSE,UGA_flucast,2026-05-27,INFLAenza
Connecticut,CT,2,wk inc rsv prop ed visits,prop_ed,2026-05-30,2026-06-13,UGA_flucast-INFLAenza,2.8804902313736072e-5,7.053308322690898e-5,1.3140766540001005e-4,2.3076462185675793e-4,3.58158874587781e-4,5.032679219868102e-4,7.067831295662633e-4,2.9e-5,7.1e-5,1.3e-4,2.3e-4,3.6e-4,5e-4,7.1e-4,NA,NA,NA,NA,NA,NA,NA,NA,NA,NA,NA,NA,NA,NA,TRUE,FALSE,UGA_flucast,2026-05-27,INFLAenza
Connecticut,CT,0,wk inc rsv hosp,hosp,2026-05-30,2026-05-30,RSVHub-ensemble,2.5,4,6,8.5,12,16.5,22,3,4,6,9,10,20,20,0.06920752402054745,0.11073203843287589,0.16609805764931385,0.23530558166986126,0.3321961152986277,0.4567696585356131,0.6090262113808175,0.07,0.11,0.17,0.24,0.33,0.46,0.61,FALSE,TRUE,RSVHub,2026-05-27,Ensemble using RSVHub forecast submissions
Connecticut,CT,1,wk inc rsv hosp,hosp,2026-05-30,2026-06-06,RSVHub-ensemble,1.5,2.5,4,6.5,9.75,13.75,20.25,2,3,4,7,10,10,20,0.04152451441232846,0.06920752402054745,0.11073203843287589,0.17993956245342332,0.26990934368013497,0.3806413821130109,0.5605809445664343,0.04,0.07,0.11,0.18,0.27,0.38,0.56,FALSE,TRUE,RSVHub,2026-05-27,Ensemble using RSVHub forecast submissions
Connecticut,CT,2,wk inc rsv hosp,hosp,2026-05-30,2026-06-13,RSVHub-ensemble,1,2,3,6,9,12,21.5,1,2,3,6,9,10,20,0.027683009608218973,0.055366019216437946,0.08304902882465692,0.16609805764931385,0.2491470864739708,0.3321961152986277,0.595184706576708,0.03,0.06,0.08,0.17,0.25,0.33,0.6,FALSE,TRUE,RSVHub,2026-05-27,Ensemble using RSVHub forecast submissions
Delaware,DE,0,wk inc rsv hosp,hosp,2026-05-30,2026-05-30,CEPH-Rtrend_rsv,1,2,3,4,7,10,14,1,2,3,4,7,10,10,0.09723445755813162,0.19446891511626324,0.29170337267439483,0.3889378302325265,0.6806412029069213,0.9723445755813163,1.3612824058138426,0.1,0.19,0.29,0.39,0.68,0.97,1.36,TRUE,FALSE,CEPH Lab at Indiana University,2026-05-27,Rtrend RSV
Delaware,DE,1,wk inc rsv hosp,hosp,2026-05-30,2026-06-06,CEPH-Rtrend_rsv,1,1,2,4,6,11,17,1,1,2,4,6,10,20,0.09723445755813162,0.09723445755813162,0.19446891511626324,0.3889378302325265,0.5834067453487897,1.0695790331394477,1.6529857784882374,0.1,0.1,0.19,0.39,0.58,1.07,1.65,TRUE,FALSE,CEPH Lab at Indiana University,2026-05-27,Rtrend RSV
Delaware,DE,2,wk inc rsv hosp,hosp,2026-05-30,2026-06-13,CEPH-Rtrend_rsv,0,1,1,3,6,11,20,0,1,1,3,6,10,20,0,0.09723445755813162,0.09723445755813162,0.29170337267439483,0.5834067453487897,1.0695790331394477,1.9446891511626325,0,0.1,0.1,0.29,0.58,1.07,1.94,TRUE,FALSE,CEPH Lab at Indiana University,2026-05-27,Rtrend RSV
Delaware,DE,0,wk inc rsv prop ed visits,prop_ed,2026-05-30,2026-05-30,CFA_Pyrenew-Pyrenew_E_RSV,9.143684774936631e-5,2.4272799145171194e-4,3.6343598535555665e-4,5.465013445235983e-4,7.48256942684709e-4,9.695478887497825e-4,0.001261772530879091,9.1e-5,2.4e-4,3.6e-4,5.5e-4,7.5e-4,9.7e-4,0.0013,NA,NA,NA,NA,NA,NA,NA,NA,NA,NA,NA,NA,NA,NA,TRUE,FALSE,Center for Forecasting and Outbreak Analytics (CFA/CDC) Pyrenew team,2026-05-27,Pyrenew_ED_Visits_RSV
Delaware,DE,1,wk inc rsv prop ed visits,prop_ed,2026-05-30,2026-06-06,CFA_Pyrenew-Pyrenew_E_RSV,0,9.524804976177175e-5,2.6307639416677057e-4,3.804593530751363e-4,6.137484266986776e-4,8.202086396972713e-4,0.0011406958678726634,0,9.5e-5,2.6e-4,3.8e-4,6.1e-4,8.2e-4,0.0011,NA,NA,NA,NA,NA,NA,NA,NA,NA,NA,NA,NA,NA,NA,TRUE,FALSE,Center for Forecasting and Outbreak Analytics (CFA/CDC) Pyrenew team,2026-05-27,Pyrenew_ED_Visits_RSV
Delaware,DE,0,wk inc rsv hosp,hosp,2026-05-30,2026-05-30,CFA_Pyrenew-Pyrenew_HE_RSV,0,1,2,3,5,6,8,0,1,2,3,5,6,8,0,0.09723445755813162,0.19446891511626324,0.29170337267439483,0.48617228779065813,0.5834067453487897,0.777875660465053,0,0.1,0.19,0.29,0.49,0.58,0.78,TRUE,FALSE,Center for Forecasting and Outbreak Analytics (CFA/CDC) Pyrenew team,2026-05-27,Pyrenew_Hospital_Admissions_ED_Visits_RSV
Delaware,DE,1,wk inc rsv hosp,hosp,2026-05-30,2026-06-06,CFA_Pyrenew-Pyrenew_HE_RSV,0,1,1,2,4,5,7,0,1,1,2,4,5,7,0,0.09723445755813162,0.09723445755813162,0.19446891511626324,0.3889378302325265,0.48617228779065813,0.6806412029069213,0,0.1,0.1,0.19,0.39,0.49,0.68,TRUE,FALSE,Center for Forecasting and Outbreak Analytics (CFA/CDC) Pyrenew team,2026-05-27,Pyrenew_Hospital_Admissions_ED_Visits_RSV
Delaware,DE,0,wk inc rsv prop ed visits,prop_ed,2026-05-30,2026-05-30,CFA_Pyrenew-Pyrenew_HE_RSV,9.188168291932037e-5,2.6212039753412e-4,3.652758363432869e-4,5.436529210960247e-4,7.378777076217716e-4,9.464906631992304e-4,0.0012276442193491438,9.2e-5,2.6e-4,3.7e-4,5.4e-4,7.4e-4,9.5e-4,0.0012,NA,NA,NA,NA,NA,NA,NA,NA,NA,NA,NA,NA,NA,NA,FALSE,FALSE,Center for Forecasting and Outbreak Analytics (CFA/CDC) Pyrenew team,2026-05-27,Pyrenew_Hospital_Admissions_ED_Visits_RSV
Delaware,DE,1,wk inc rsv prop ed visits,prop_ed,2026-05-30,2026-06-06,CFA_Pyrenew-Pyrenew_HE_RSV,0,9.454478661187345e-5,2.6271187364329e-4,3.939170864718583e-4,6.063171484575085e-4,8.15845299395105e-4,0.001149145880279306,0,9.5e-5,2.6e-4,3.9e-4,6.1e-4,8.2e-4,0.0011,NA,NA,NA,NA,NA,NA,NA,NA,NA,NA,NA,NA,NA,NA,FALSE,FALSE,Center for Forecasting and Outbreak Analytics (CFA/CDC) Pyrenew team,2026-05-27,Pyrenew_Hospital_Admissions_ED_Visits_RSV
Delaware,DE,0,wk inc rsv hosp,hosp,2026-05-30,2026-05-30,CFA_Pyrenew-Pyrenew_H_RSV,0,1,2,3,5,7,10,0,1,2,3,5,7,10,0,0.09723445755813162,0.19446891511626324,0.29170337267439483,0.48617228779065813,0.6806412029069213,0.9723445755813163,0,0.1,0.19,0.29,0.49,0.68,0.97,FALSE,FALSE,Center for Forecasting and Outbreak Analytics (CFA/CDC) Pyrenew team,2026-05-27,Pyrenew_Hospital_Admissions_RSV
Delaware,DE,1,wk inc rsv hosp,hosp,2026-05-30,2026-06-06,CFA_Pyrenew-Pyrenew_H_RSV,0,0,1,3,5,7,11.024999999999864,0,0,1,3,5,7,10,0,0,0.09723445755813162,0.29170337267439483,0.48617228779065813,0.6806412029069213,1.0720098945783878,0,0,0.1,0.29,0.49,0.68,1.07,FALSE,FALSE,Center for Forecasting and Outbreak Analytics (CFA/CDC) Pyrenew team,2026-05-27,Pyrenew_Hospital_Admissions_RSV
Delaware,DE,0,wk inc rsv hosp,hosp,2026-05-30,2026-05-30,Google_SAI-RSVEns,0,0.5,1.5,3,3.5,5.5,8,0,1,2,3,4,6,8,0,0.04861722877906581,0.14585168633719742,0.29170337267439483,0.34032060145346066,0.5347895165697238,0.777875660465053,0,0.05,0.15,0.29,0.34,0.53,0.78,TRUE,FALSE,Google Science AI,2026-05-27,RSVEnsemble
Delaware,DE,1,wk inc rsv hosp,hosp,2026-05-30,2026-06-06,Google_SAI-RSVEns,0,0,1,2,3,5,6.5,0,0,1,2,3,5,7,0,0,0.09723445755813162,0.19446891511626324,0.29170337267439483,0.48617228779065813,0.6320239741278555,0,0,0.1,0.19,0.29,0.49,0.63,TRUE,FALSE,Google Science AI,2026-05-27,RSVEnsemble
Delaware,DE,2,wk inc rsv hosp,hosp,2026-05-30,2026-06-13,Google_SAI-RSVEns,0,0,1,2,2.5,4,5.5,0,0,1,2,3,4,6,0,0,0.09723445755813162,0.19446891511626324,0.24308614389532907,0.3889378302325265,0.5347895165697238,0,0,0.1,0.19,0.24,0.39,0.53,TRUE,FALSE,Google Science AI,2026-05-27,RSVEnsemble
Delaware,DE,0,wk inc rsv hosp,hosp,2026-05-30,2026-05-30,RSVHub-baseline,0,0,2,4,6,13,27.04999999999996,0,0,2,4,6,10,30,0,0,0.19446891511626324,0.3889378302325265,0.5834067453487897,1.264047948255711,2.6301920769474565,0,0,0.19,0.39,0.58,1.26,2.63,FALSE,FALSE,RSVHub-hub-models,2026-05-27,RSVHub baseline model
Delaware,DE,1,wk inc rsv hosp,hosp,2026-05-30,2026-06-06,RSVHub-baseline,0,0,0.06527315273152645,4,9.775327753277555,18.67518975189753,39.77357798577985,0,0,0,4,10,20,40,0,0,0.006346799598959052,0.3889378302325265,0.9504986915428926,1.815871945320935,3.8673622805933494,0,0,0.01,0.39,0.95,1.82,3.87,FALSE,FALSE,RSVHub-hub-models,2026-05-27,RSVHub baseline model
Delaware,DE,2,wk inc rsv hosp,hosp,2026-05-30,2026-06-13,RSVHub-baseline,0,0,0,4,11.99369993699937,23.7530075300753,50.71911319113193,0,0,0,4,10,20,50,0,0,0,0.3889378302325265,1.166200907489131,2.3096108025610875,4.931645458969191,0,0,0,0.39,1.17,2.31,4.93,FALSE,FALSE,RSVHub-hub-models,2026-05-27,RSVHub baseline model
Delaware,DE,0,wk inc rsv prop ed visits,prop_ed,2026-05-30,2026-05-30,RSVHub-baseline,0,0,0,3e-4,6.999999999999998e-4,0.0018200000000000078,0.0045524999999999975,0,0,0,3e-4,7e-4,0.0018,0.0046,NA,NA,NA,NA,NA,NA,NA,NA,NA,NA,NA,NA,NA,NA,FALSE,FALSE,RSVHub-hub-models,2026-05-27,RSVHub baseline model
Delaware,DE,1,wk inc rsv prop ed visits,prop_ed,2026-05-30,2026-06-06,RSVHub-baseline,0,0,0,3e-4,0.0012000000000000008,0.0033000000000000004,0.006523092855928566,0,0,0,3e-4,0.0012,0.0033,0.0065,NA,NA,NA,NA,NA,NA,NA,NA,NA,NA,NA,NA,NA,NA,FALSE,FALSE,RSVHub-hub-models,2026-05-27,RSVHub baseline model
Delaware,DE,2,wk inc rsv prop ed visits,prop_ed,2026-05-30,2026-06-13,RSVHub-baseline,0,0,0,3e-4,0.0016999999999999993,0.0040999999999999995,0.0073116914919149146,0,0,0,3e-4,0.0017,0.0041,0.0073,NA,NA,NA,NA,NA,NA,NA,NA,NA,NA,NA,NA,NA,NA,FALSE,FALSE,RSVHub-hub-models,2026-05-27,RSVHub baseline model
Delaware,DE,0,wk inc rsv hosp,hosp,2026-05-30,2026-05-30,UGA_flucast-INFLAenza,0,0,1,3,4,6,9,0,0,1,3,4,6,9,0,0,0.09723445755813162,0.29170337267439483,0.3889378302325265,0.5834067453487897,0.8751101180231846,0,0,0.1,0.29,0.39,0.58,0.88,TRUE,FALSE,UGA_flucast,2026-05-27,INFLAenza
Delaware,DE,1,wk inc rsv hosp,hosp,2026-05-30,2026-06-06,UGA_flucast-INFLAenza,0,0,1,2,3,5,8,0,0,1,2,3,5,8,0,0,0.09723445755813162,0.19446891511626324,0.29170337267439483,0.48617228779065813,0.777875660465053,0,0,0.1,0.19,0.29,0.49,0.78,TRUE,FALSE,UGA_flucast,2026-05-27,INFLAenza
Delaware,DE,2,wk inc rsv hosp,hosp,2026-05-30,2026-06-13,UGA_flucast-INFLAenza,0,0,1,1,3,4,7,0,0,1,1,3,4,7,0,0,0.09723445755813162,0.09723445755813162,0.29170337267439483,0.3889378302325265,0.6806412029069213,0,0,0.1,0.1,0.29,0.39,0.68,TRUE,FALSE,UGA_flucast,2026-05-27,INFLAenza
Delaware,DE,0,wk inc rsv prop ed visits,prop_ed,2026-05-30,2026-05-30,UGA_flucast-INFLAenza,1.8014773532577165e-4,2.8153398988154846e-4,3.9565027549673767e-4,5.539037381219775e-4,7.46689007857431e-4,9.501235635116682e-4,0.001214289156190902,1.8e-4,2.8e-4,4e-4,5.5e-4,7.5e-4,9.5e-4,0.0012,NA,NA,NA,NA,NA,NA,NA,NA,NA,NA,NA,NA,NA,NA,TRUE,FALSE,UGA_flucast,2026-05-27,INFLAenza
Delaware,DE,1,wk inc rsv prop ed visits,prop_ed,2026-05-30,2026-06-06,UGA_flucast-INFLAenza,1.3984268620456368e-4,2.2668851253029493e-4,3.387035022651178e-4,4.951337476850604e-4,6.860816473151528e-4,8.934060657678183e-4,0.0011905678327569066,1.4e-4,2.3e-4,3.4e-4,5e-4,6.9e-4,8.9e-4,0.0012,NA,NA,NA,NA,NA,NA,NA,NA,NA,NA,NA,NA,NA,NA,TRUE,FALSE,UGA_flucast,2026-05-27,INFLAenza
Delaware,DE,2,wk inc rsv prop ed visits,prop_ed,2026-05-30,2026-06-13,UGA_flucast-INFLAenza,1.0720168058301466e-4,1.9027802853992677e-4,2.9991907812248857e-4,4.57740152143192e-4,6.601938781142403e-4,8.83797509184169e-4,0.0012189714894697233,1.1e-4,1.9e-4,3e-4,4.6e-4,6.6e-4,8.8e-4,0.0012,NA,NA,NA,NA,NA,NA,NA,NA,NA,NA,NA,NA,NA,NA,TRUE,FALSE,UGA_flucast,2026-05-27,INFLAenza
Delaware,DE,0,wk inc rsv hosp,hosp,2026-05-30,2026-05-30,RSVHub-ensemble,0,0.75,1.75,3,4.5,6,8.5,0,1,2,3,5,6,9,0,0.07292584316859871,0.17016030072673033,0.29170337267439483,0.4375550590115923,0.5834067453487897,0.8264928892441187,0,0.07,0.17,0.29,0.44,0.58,0.83,FALSE,TRUE,RSVHub,2026-05-27,Ensemble using RSVHub forecast submissions
Delaware,DE,1,wk inc rsv hosp,hosp,2026-05-30,2026-06-06,RSVHub-ensemble,0,0.5,1,2,3.5,5,7.5,0,1,1,2,4,5,8,0,0.04861722877906581,0.09723445755813162,0.19446891511626324,0.34032060145346066,0.48617228779065813,0.7292584316859871,0,0.05,0.1,0.19,0.34,0.49,0.73,FALSE,TRUE,RSVHub,2026-05-27,Ensemble using RSVHub forecast submissions
Delaware,DE,2,wk inc rsv hosp,hosp,2026-05-30,2026-06-13,RSVHub-ensemble,0,0,1,2,3,4,7,0,0,1,2,3,4,7,0,0,0.09723445755813162,0.19446891511626324,0.29170337267439483,0.3889378302325265,0.6806412029069213,0,0,0.1,0.19,0.29,0.39,0.68,FALSE,TRUE,RSVHub,2026-05-27,Ensemble using RSVHub forecast submissions
Delaware,DE,0,wk inc rsv prop ed visits,prop_ed,2026-05-30,2026-05-30,RSVHub-ensemble,1.3579229153756896e-4,2.621309906666302e-4,3.795431304261472e-4,5.502025413227879e-4,7.4747297527107e-4,9.598357261307253e-4,0.0012380308435349964,1.4e-4,2.6e-4,3.8e-4,5.5e-4,7.5e-4,9.6e-4,0.0012,NA,NA,NA,NA,NA,NA,NA,NA,NA,NA,NA,NA,NA,NA,FALSE,TRUE,RSVHub,2026-05-27,Ensemble using RSVHub forecast submissions
Delaware,DE,1,wk inc rsv prop ed visits,prop_ed,2026-05-30,2026-06-06,RSVHub-ensemble,6.992134310228184e-5,1.6096828114603334e-4,3.0088994821594417e-4,4.3779655038009833e-4,6.499150370069152e-4,8.568073527325448e-4,0.001165631850314785,7e-5,1.6e-4,3e-4,4.4e-4,6.5e-4,8.6e-4,0.0012,NA,NA,NA,NA,NA,NA,NA,NA,NA,NA,NA,NA,NA,NA,FALSE,TRUE,RSVHub,2026-05-27,Ensemble using RSVHub forecast submissions
District of Columbia,DC,0,wk inc rsv hosp,hosp,2026-05-30,2026-05-30,CEPH-Rtrend_rsv,0,1,1,1,1,2,2,0,1,1,1,1,2,2,0,0.14797737130038074,0.14797737130038074,0.14797737130038074,0.14797737130038074,0.2959547426007615,0.2959547426007615,0,0.15,0.15,0.15,0.15,0.3,0.3,TRUE,FALSE,CEPH Lab at Indiana University,2026-05-27,Rtrend RSV
District of Columbia,DC,1,wk inc rsv hosp,hosp,2026-05-30,2026-06-06,CEPH-Rtrend_rsv,0,0,1,1,1,2,3,0,0,1,1,1,2,3,0,0,0.14797737130038074,0.14797737130038074,0.14797737130038074,0.2959547426007615,0.4439321139011423,0,0,0.15,0.15,0.15,0.3,0.44,TRUE,FALSE,CEPH Lab at Indiana University,2026-05-27,Rtrend RSV
District of Columbia,DC,2,wk inc rsv hosp,hosp,2026-05-30,2026-06-13,CEPH-Rtrend_rsv,0,0,1,1,2,2,3,0,0,1,1,2,2,3,0,0,0.14797737130038074,0.14797737130038074,0.2959547426007615,0.2959547426007615,0.4439321139011423,0,0,0.15,0.15,0.3,0.3,0.44,TRUE,FALSE,CEPH Lab at Indiana University,2026-05-27,Rtrend RSV
District of Columbia,DC,0,wk inc rsv prop ed visits,prop_ed,2026-05-30,2026-05-30,CFA_Pyrenew-Pyrenew_E_RSV,0,0,1.5636874165163978e-4,3.08709809999579e-4,4.884243960850876e-4,6.754775847232201e-4,0.0010126077117909309,0,0,1.6e-4,3.1e-4,4.9e-4,6.8e-4,0.001,NA,NA,NA,NA,NA,NA,NA,NA,NA,NA,NA,NA,NA,NA,TRUE,FALSE,Center for Forecasting and Outbreak Analytics (CFA/CDC) Pyrenew team,2026-05-27,Pyrenew_ED_Visits_RSV
District of Columbia,DC,1,wk inc rsv prop ed visits,prop_ed,2026-05-30,2026-06-06,CFA_Pyrenew-Pyrenew_E_RSV,0,0,0,1.7241650344008736e-4,3.591311229081692e-4,6.664711582074964e-4,0.0010567420101062395,0,0,0,1.7e-4,3.6e-4,6.7e-4,0.0011,NA,NA,NA,NA,NA,NA,NA,NA,NA,NA,NA,NA,NA,NA,TRUE,FALSE,Center for Forecasting and Outbreak Analytics (CFA/CDC) Pyrenew team,2026-05-27,Pyrenew_ED_Visits_RSV
District of Columbia,DC,0,wk inc rsv hosp,hosp,2026-05-30,2026-05-30,CFA_Pyrenew-Pyrenew_HE_RSV,0,0,0,0,1,2,3,0,0,0,0,1,2,3,0,0,0,0,0.14797737130038074,0.2959547426007615,0.4439321139011423,0,0,0,0,0.15,0.3,0.44,TRUE,FALSE,Center for Forecasting and Outbreak Analytics (CFA/CDC) Pyrenew team,2026-05-27,Pyrenew_Hospital_Admissions_ED_Visits_RSV
District of Columbia,DC,1,wk inc rsv hosp,hosp,2026-05-30,2026-06-06,CFA_Pyrenew-Pyrenew_HE_RSV,0,0,0,0,1,2,3,0,0,0,0,1,2,3,0,0,0,0,0.14797737130038074,0.2959547426007615,0.4439321139011423,0,0,0,0,0.15,0.3,0.44,TRUE,FALSE,Center for Forecasting and Outbreak Analytics (CFA/CDC) Pyrenew team,2026-05-27,Pyrenew_Hospital_Admissions_ED_Visits_RSV
District of Columbia,DC,0,wk inc rsv prop ed visits,prop_ed,2026-05-30,2026-05-30,CFA_Pyrenew-Pyrenew_HE_RSV,0,0,0,1.7248392391469347e-4,3.512232670633014e-4,6.512768028887817e-4,8.734369539643883e-4,0,0,0,1.7e-4,3.5e-4,6.5e-4,8.7e-4,NA,NA,NA,NA,NA,NA,NA,NA,NA,NA,NA,NA,NA,NA,FALSE,FALSE,Center for Forecasting and Outbreak Analytics (CFA/CDC) Pyrenew team,2026-05-27,Pyrenew_Hospital_Admissions_ED_Visits_RSV
District of Columbia,DC,1,wk inc rsv prop ed visits,prop_ed,2026-05-30,2026-06-06,CFA_Pyrenew-Pyrenew_HE_RSV,0,0,0,1.6905428339162855e-4,3.4387403999274656e-4,5.476663462791782e-4,9.740123435770476e-4,0,0,0,1.7e-4,3.4e-4,5.5e-4,9.7e-4,NA,NA,NA,NA,NA,NA,NA,NA,NA,NA,NA,NA,NA,NA,FALSE,FALSE,Center for Forecasting and Outbreak Analytics (CFA/CDC) Pyrenew team,2026-05-27,Pyrenew_Hospital_Admissions_ED_Visits_RSV
District of Columbia,DC,0,wk inc rsv hosp,hosp,2026-05-30,2026-05-30,CFA_Pyrenew-Pyrenew_H_RSV,0,0,0,0,1,1,3,0,0,0,0,1,1,3,0,0,0,0,0.14797737130038074,0.14797737130038074,0.4439321139011423,0,0,0,0,0.15,0.15,0.44,FALSE,FALSE,Center for Forecasting and Outbreak Analytics (CFA/CDC) Pyrenew team,2026-05-27,Pyrenew_Hospital_Admissions_RSV
District of Columbia,DC,1,wk inc rsv hosp,hosp,2026-05-30,2026-06-06,CFA_Pyrenew-Pyrenew_H_RSV,0,0,0,0,1,1,3,0,0,0,0,1,1,3,0,0,0,0,0.14797737130038074,0.14797737130038074,0.4439321139011423,0,0,0,0,0.15,0.15,0.44,FALSE,FALSE,Center for Forecasting and Outbreak Analytics (CFA/CDC) Pyrenew team,2026-05-27,Pyrenew_Hospital_Admissions_RSV
District of Columbia,DC,0,wk inc rsv hosp,hosp,2026-05-30,2026-05-30,Google_SAI-RSVEns,0,0,0,0.5,0.5,2,3,0,0,0,1,1,2,3,0,0,0,0.07398868565019037,0.07398868565019037,0.2959547426007615,0.4439321139011423,0,0,0,0.07,0.07,0.3,0.44,TRUE,FALSE,Google Science AI,2026-05-27,RSVEnsemble
District of Columbia,DC,1,wk inc rsv hosp,hosp,2026-05-30,2026-06-06,Google_SAI-RSVEns,0,0,0,0,0.5,2,2.5,0,0,0,0,1,2,3,0,0,0,0,0.07398868565019037,0.2959547426007615,0.3699434282509519,0,0,0,0,0.07,0.3,0.37,TRUE,FALSE,Google Science AI,2026-05-27,RSVEnsemble
District of Columbia,DC,2,wk inc rsv hosp,hosp,2026-05-30,2026-06-13,Google_SAI-RSVEns,0,0,0,0,0.5,0.5,1.5,0,0,0,0,1,1,2,0,0,0,0,0.07398868565019037,0.07398868565019037,0.22196605695057114,0,0,0,0,0.07,0.07,0.22,TRUE,FALSE,Google Science AI,2026-05-27,RSVEnsemble
District of Columbia,DC,0,wk inc rsv hosp,hosp,2026-05-30,2026-05-30,RSVHub-baseline,0,0,0,0,1,3,9.02499999999998,0,0,0,0,1,3,9,0,0,0,0,0.14797737130038074,0.4439321139011423,1.3354957759859334,0,0,0,0,0.15,0.44,1.34,FALSE,FALSE,RSVHub-hub-models,2026-05-27,RSVHub baseline model
District of Columbia,DC,1,wk inc rsv hosp,hosp,2026-05-30,2026-06-06,RSVHub-baseline,0,0,0,0,2.743452434524336,6,12.954550295502962,0,0,0,0,3,6,10,0,0,0,0,0.4059688795485412,0.8878642278022846,1.9169802991070988,0,0,0,0,0.41,0.89,1.92,FALSE,FALSE,RSVHub-hub-models,2026-05-27,RSVHub baseline model
District of Columbia,DC,2,wk inc rsv hosp,hosp,2026-05-30,2026-06-13,RSVHub-baseline,0,0,0,0,2.582493324933246,6.936369363693647,14.821918219182209,0,0,0,0,3,7,10,0,0,0,0,0.38215057362440175,1.0264257048078804,2.193308495703804,0,0,0,0,0.38,1.03,2.19,FALSE,FALSE,RSVHub-hub-models,2026-05-27,RSVHub baseline model
District of Columbia,DC,0,wk inc rsv prop ed visits,prop_ed,2026-05-30,2026-05-30,RSVHub-baseline,0,0,0,4e-4,8.000000000000001e-4,0.0016100000000000053,0.003504999999999997,0,0,0,4e-4,8e-4,0.0016,0.0035,NA,NA,NA,NA,NA,NA,NA,NA,NA,NA,NA,NA,NA,NA,FALSE,FALSE,RSVHub-hub-models,2026-05-27,RSVHub baseline model
District of Columbia,DC,1,wk inc rsv prop ed visits,prop_ed,2026-05-30,2026-06-06,RSVHub-baseline,0,0,0,4e-4,0.0011999999999999997,0.0023999999999999994,0.004310176901769015,0,0,0,4e-4,0.0012,0.0024,0.0043,NA,NA,NA,NA,NA,NA,NA,NA,NA,NA,NA,NA,NA,NA,FALSE,FALSE,RSVHub-hub-models,2026-05-27,RSVHub baseline model
District of Columbia,DC,2,wk inc rsv prop ed visits,prop_ed,2026-05-30,2026-06-13,RSVHub-baseline,0,0,0,4e-4,0.0014999999999999998,0.0030770895708957116,0.005088785012850128,0,0,0,4e-4,0.0015,0.0031,0.0051,NA,NA,NA,NA,NA,NA,NA,NA,NA,NA,NA,NA,NA,NA,FALSE,FALSE,RSVHub-hub-models,2026-05-27,RSVHub baseline model
District of Columbia,DC,0,wk inc rsv hosp,hosp,2026-05-30,2026-05-30,UGA_flucast-INFLAenza,0,0,0,0,1,1,2,0,0,0,0,1,1,2,0,0,0,0,0.14797737130038074,0.14797737130038074,0.2959547426007615,0,0,0,0,0.15,0.15,0.3,TRUE,FALSE,UGA_flucast,2026-05-27,INFLAenza
District of Columbia,DC,1,wk inc rsv hosp,hosp,2026-05-30,2026-06-06,UGA_flucast-INFLAenza,0,0,0,0,0,1,2,0,0,0,0,0,1,2,0,0,0,0,0,0.14797737130038074,0.2959547426007615,0,0,0,0,0,0.15,0.3,TRUE,FALSE,UGA_flucast,2026-05-27,INFLAenza
District of Columbia,DC,2,wk inc rsv hosp,hosp,2026-05-30,2026-06-13,UGA_flucast-INFLAenza,0,0,0,0,0,1,2,0,0,0,0,0,1,2,0,0,0,0,0,0.14797737130038074,0.2959547426007615,0,0,0,0,0,0.15,0.3,TRUE,FALSE,UGA_flucast,2026-05-27,INFLAenza
District of Columbia,DC,0,wk inc rsv prop ed visits,prop_ed,2026-05-30,2026-05-30,UGA_flucast-INFLAenza,6.274213536989092e-5,1.1215534229401572e-4,1.7928019930483412e-4,2.821870753895021e-4,4.15944441757918e-4,5.706572173539592e-4,7.631022806260141e-4,6.3e-5,1.1e-4,1.8e-4,2.8e-4,4.2e-4,5.7e-4,7.6e-4,NA,NA,NA,NA,NA,NA,NA,NA,NA,NA,NA,NA,NA,NA,TRUE,FALSE,UGA_flucast,2026-05-27,INFLAenza
District of Columbia,DC,1,wk inc rsv prop ed visits,prop_ed,2026-05-30,2026-06-06,UGA_flucast-INFLAenza,4.3126090024876666e-5,8.84100329559955e-5,1.5600098390433458e-4,2.609799361817989e-4,3.9763594936795667e-4,5.462839378569419e-4,7.459639959836443e-4,4.3e-5,8.8e-5,1.6e-4,2.6e-4,4e-4,5.5e-4,7.5e-4,NA,NA,NA,NA,NA,NA,NA,NA,NA,NA,NA,NA,NA,NA,TRUE,FALSE,UGA_flucast,2026-05-27,INFLAenza
District of Columbia,DC,2,wk inc rsv prop ed visits,prop_ed,2026-05-30,2026-06-13,UGA_flucast-INFLAenza,2.8853511823337906e-5,7.688772847647632e-5,1.4084549868374164e-4,2.4041396550396476e-4,3.7672455419296983e-4,5.245581390421564e-4,7.552003380741075e-4,2.9e-5,7.7e-5,1.4e-4,2.4e-4,3.8e-4,5.2e-4,7.6e-4,NA,NA,NA,NA,NA,NA,NA,NA,NA,NA,NA,NA,NA,NA,TRUE,FALSE,UGA_flucast,2026-05-27,INFLAenza
District of Columbia,DC,0,wk inc rsv hosp,hosp,2026-05-30,2026-05-30,RSVHub-ensemble,0,0,0,0.25,1,2,2.5,0,0,0,0,1,2,3,0,0,0,0.036994342825095186,0.14797737130038074,0.2959547426007615,0.3699434282509519,0,0,0,0.04,0.15,0.3,0.37,FALSE,TRUE,RSVHub,2026-05-27,Ensemble using RSVHub forecast submissions
District of Columbia,DC,1,wk inc rsv hosp,hosp,2026-05-30,2026-06-06,RSVHub-ensemble,0,0,0,0,0.75,2,2.75,0,0,0,0,1,2,3,0,0,0,0,0.11098302847528557,0.2959547426007615,0.40693777107604706,0,0,0,0,0.11,0.3,0.41,FALSE,TRUE,RSVHub,2026-05-27,Ensemble using RSVHub forecast submissions
District of Columbia,DC,2,wk inc rsv hosp,hosp,2026-05-30,2026-06-13,RSVHub-ensemble,0,0,0,0,0.5,1,2,0,0,0,0,1,1,2,0,0,0,0,0.07398868565019037,0.14797737130038074,0.2959547426007615,0,0,0,0,0.07,0.15,0.3,FALSE,TRUE,RSVHub,2026-05-27,Ensemble using RSVHub forecast submissions
District of Columbia,DC,0,wk inc rsv prop ed visits,prop_ed,2026-05-30,2026-05-30,RSVHub-ensemble,3.137106768494546e-5,5.607767114700786e-5,1.6782447047823695e-4,2.9544844269454055e-4,4.521844189215028e-4,6.230674010385896e-4,8.878549962084725e-4,3.1e-5,5.6e-5,1.7e-4,3e-4,4.5e-4,6.2e-4,8.9e-4,NA,NA,NA,NA,NA,NA,NA,NA,NA,NA,NA,NA,NA,NA,FALSE,TRUE,RSVHub,2026-05-27,Ensemble using RSVHub forecast submissions
District of Columbia,DC,1,wk inc rsv prop ed visits,prop_ed,2026-05-30,2026-06-06,RSVHub-ensemble,2.1563045012438333e-5,4.420501647799775e-5,7.800049195216729e-5,2.1669821981094313e-4,3.783835361380629e-4,6.063775480322192e-4,9.013530030449418e-4,2.2e-5,4.4e-5,7.8e-5,2.2e-4,3.8e-4,6.1e-4,9e-4,NA,NA,NA,NA,NA,NA,NA,NA,NA,NA,NA,NA,NA,NA,FALSE,TRUE,RSVHub,2026-05-27,Ensemble using RSVHub forecast submissions
Florida,FL,0,wk inc rsv hosp,hosp,2026-05-30,2026-05-30,CEPH-Rtrend_rsv,21,28,37,51,67,85,108,20,30,40,50,70,90,110,0.09312311514380514,0.12416415352507354,0.16407406001527575,0.2261561367778125,0.2971070816492831,0.37692689462968754,0.4789188778824265,0.09,0.12,0.16,0.23,0.3,0.38,0.48,TRUE,FALSE,CEPH Lab at Indiana University,2026-05-27,Rtrend RSV
Florida,FL,1,wk inc rsv hosp,hosp,2026-05-30,2026-06-06,CEPH-Rtrend_rsv,11,18,26,37,54,73,98,10,20,30,40,50,70,100,0.04877877459913603,0.07981981298040441,0.11529528541613972,0.16407406001527575,0.23945943894121324,0.3237136859760846,0.4345745373377573,0.05,0.08,0.12,0.16,0.24,0.32,0.43,TRUE,FALSE,CEPH Lab at Indiana University,2026-05-27,Rtrend RSV
Florida,FL,2,wk inc rsv hosp,hosp,2026-05-30,2026-06-13,CEPH-Rtrend_rsv,7,11,17,28,43,61,85,7,10,20,30,40,60,90,0.031041038381268385,0.04877877459913603,0.0753853789259375,0.12416415352507354,0.1906806643420772,0.2705004773224816,0.37692689462968754,0.03,0.05,0.08,0.12,0.19,0.27,0.38,TRUE,FALSE,CEPH Lab at Indiana University,2026-05-27,Rtrend RSV
Florida,FL,0,wk inc rsv prop ed visits,prop_ed,2026-05-30,2026-05-30,CFA_Pyrenew-Pyrenew_E_RSV,4.4229114155777775e-4,5.150837206635754e-4,5.73401268543129e-4,6.447987170099998e-4,7.24963660447049e-4,8.01915489729498e-4,8.957544812885354e-4,4.4e-4,5.2e-4,5.7e-4,6.4e-4,7.2e-4,8e-4,9e-4,NA,NA,NA,NA,NA,NA,NA,NA,NA,NA,NA,NA,NA,NA,TRUE,FALSE,Center for Forecasting and Outbreak Analytics (CFA/CDC) Pyrenew team,2026-05-27,Pyrenew_ED_Visits_RSV
Florida,FL,1,wk inc rsv prop ed visits,prop_ed,2026-05-30,2026-06-06,CFA_Pyrenew-Pyrenew_E_RSV,3.2539944488311167e-4,3.941926223526364e-4,4.648745450673597e-4,5.543525826233568e-4,6.638252683375499e-4,7.646223173746662e-4,9.348464648447612e-4,3.3e-4,3.9e-4,4.6e-4,5.5e-4,6.6e-4,7.6e-4,0.00093000000000000005,NA,NA,NA,NA,NA,NA,NA,NA,NA,NA,NA,NA,NA,NA,TRUE,FALSE,Center for Forecasting and Outbreak Analytics (CFA/CDC) Pyrenew team,2026-05-27,Pyrenew_ED_Visits_RSV
Florida,FL,0,wk inc rsv hosp,hosp,2026-05-30,2026-05-30,CFA_Pyrenew-Pyrenew_HE_RSV,42,50,58,67,78,88,105,40,50,60,70,80,90,110,0.18624623028761028,0.2217217027233456,0.25719717515908086,0.2971070816492831,0.34588585624841917,0.39023019679308824,0.46561557571902573,0.19,0.22,0.26,0.3,0.35,0.39,0.47,TRUE,FALSE,Center for Forecasting and Outbreak Analytics (CFA/CDC) Pyrenew team,2026-05-27,Pyrenew_Hospital_Admissions_ED_Visits_RSV
Florida,FL,1,wk inc rsv hosp,hosp,2026-05-30,2026-06-06,CFA_Pyrenew-Pyrenew_HE_RSV,33,40,47,57,68,82,99.02499999999986,30,40,50,60,70,80,100,0.1463363237974081,0.17737736217867647,0.20841840055994484,0.252762741104614,0.30154151570375,0.3636235924662867,0.43911983224358536,0.15,0.18,0.21,0.25,0.3,0.36,0.44,TRUE,FALSE,Center for Forecasting and Outbreak Analytics (CFA/CDC) Pyrenew team,2026-05-27,Pyrenew_Hospital_Admissions_ED_Visits_RSV
Florida,FL,0,wk inc rsv prop ed visits,prop_ed,2026-05-30,2026-05-30,CFA_Pyrenew-Pyrenew_HE_RSV,4.2631436922290346e-4,4.962376522844487e-4,5.558567001027566e-4,6.272570800451219e-4,7.065336921160546e-4,7.84764721220929e-4,8.720594010306432e-4,4.3e-4,5e-4,5.6e-4,6.3e-4,7.1e-4,7.8e-4,8.7e-4,NA,NA,NA,NA,NA,NA,NA,NA,NA,NA,NA,NA,NA,NA,FALSE,FALSE,Center for Forecasting and Outbreak Analytics (CFA/CDC) Pyrenew team,2026-05-27,Pyrenew_Hospital_Admissions_ED_Visits_RSV
Florida,FL,1,wk inc rsv prop ed visits,prop_ed,2026-05-30,2026-06-06,CFA_Pyrenew-Pyrenew_HE_RSV,3.0322719066104185e-4,3.766781815255103e-4,4.442187407797892e-4,5.343126879326168e-4,6.324223131789095e-4,7.41908426695754e-4,9.127087136674543e-4,3e-4,3.8e-4,4.4e-4,5.3e-4,6.3e-4,7.4e-4,9.1e-4,NA,NA,NA,NA,NA,NA,NA,NA,NA,NA,NA,NA,NA,NA,FALSE,FALSE,Center for Forecasting and Outbreak Analytics (CFA/CDC) Pyrenew team,2026-05-27,Pyrenew_Hospital_Admissions_ED_Visits_RSV
Florida,FL,0,wk inc rsv hosp,hosp,2026-05-30,2026-05-30,CFA_Pyrenew-Pyrenew_H_RSV,35,44,52,62,74,88,105,40,40,50,60,70,90,110,0.1552051919063419,0.19511509839654412,0.23059057083227943,0.27493491137694853,0.3281481200305515,0.39023019679308824,0.46561557571902573,0.16,0.2,0.23,0.27,0.33,0.39,0.47,FALSE,FALSE,Center for Forecasting and Outbreak Analytics (CFA/CDC) Pyrenew team,2026-05-27,Pyrenew_Hospital_Admissions_RSV
Florida,FL,1,wk inc rsv hosp,hosp,2026-05-30,2026-06-06,CFA_Pyrenew-Pyrenew_H_RSV,23,32,41,53,69,85,114.02499999999986,20,30,40,50,70,90,110,0.10199198325273898,0.14190188974294118,0.18181179623314336,0.23502500488674632,0.3059759497582169,0.37692689462968754,0.505636343060589,0.1,0.14,0.18,0.24,0.31,0.38,0.51,FALSE,FALSE,Center for Forecasting and Outbreak Analytics (CFA/CDC) Pyrenew team,2026-05-27,Pyrenew_Hospital_Admissions_RSV
Florida,FL,0,wk inc rsv hosp,hosp,2026-05-30,2026-05-30,Google_SAI-RSVEns,32,49.5,58.5,70,82.5,100.5,131,30,50,60,70,80,100,130,0.14190188974294118,0.21950448569611214,0.25941439218631435,0.3104103838126838,0.3658408094935202,0.4456606224739247,0.5809108611351654,0.14,0.22,0.26,0.31,0.37,0.45,0.58,TRUE,FALSE,Google Science AI,2026-05-27,RSVEnsemble
Florida,FL,1,wk inc rsv hosp,hosp,2026-05-30,2026-06-06,Google_SAI-RSVEns,31.5,46,54,61,68.5,78,98.5,30,50,50,60,70,80,100,0.13968467271570773,0.20398396650547795,0.23945943894121324,0.2705004773224816,0.30375873273098347,0.34588585624841917,0.4367917543649908,0.14,0.2,0.24,0.27,0.3,0.35,0.44,TRUE,FALSE,Google Science AI,2026-05-27,RSVEnsemble
Florida,FL,2,wk inc rsv hosp,hosp,2026-05-30,2026-06-13,Google_SAI-RSVEns,30.5,39,46.5,55,67,76.5,97,30,40,50,60,70,80,100,0.1352502386612408,0.17294292812420958,0.2062011835327114,0.24389387299568016,0.2971070816492831,0.33923420516671876,0.4301401032832905,0.14,0.17,0.21,0.24,0.3,0.34,0.43,TRUE,FALSE,Google Science AI,2026-05-27,RSVEnsemble
Florida,FL,0,wk inc rsv hosp,hosp,2026-05-30,2026-05-30,RSVHub-baseline,0,18.700000000000017,56,77,98,135.3,171.02499999999998,0,20,60,80,100,140,170,0,0.08292391681853133,0.24832830705014708,0.3414514221939522,0.4345745373377573,0.5999789275693732,0.7583990841652035,0,0.08,0.25,0.34,0.43,0.6,0.76,FALSE,FALSE,RSVHub-hub-models,2026-05-27,RSVHub baseline model
Florida,FL,1,wk inc rsv hosp,hosp,2026-05-30,2026-06-06,RSVHub-baseline,0,1.9211652116521247,40.07771577715778,77,114.12559625596255,156.21179311793117,205.26921669216654,0,2,40,80,110,160,210,0,0.008519280438807314,0.1777219876674743,0.3414514221939522,0.5060824305237819,0.6927108951114939,0.9102528048334911,0,0.01,0.18,0.34,0.51,0.69,0.91,FALSE,FALSE,RSVHub-hub-models,2026-05-27,RSVHub baseline model
Florida,FL,2,wk inc rsv hosp,hosp,2026-05-30,2026-06-13,RSVHub-baseline,0,0,28.647451474514757,77,125.4049665496655,173.1411064110641,232.9166209162089,0,0,30,80,130,170,230,0,0,0.1270352343922766,0.3414514221939522,0.5561000542671206,0.767782818497302,1.032853395642197,0,0,0.13,0.34,0.56,0.77,1.03,FALSE,FALSE,RSVHub-hub-models,2026-05-27,RSVHub baseline model
Florida,FL,0,wk inc rsv prop ed visits,prop_ed,2026-05-30,2026-05-30,RSVHub-baseline,0,3.0000000000000003e-4,6.000000000000002e-4,8e-4,0.001,0.0013,0.001700000000000001,0,3e-4,6e-4,8e-4,0.001,0.0013,0.0017,NA,NA,NA,NA,NA,NA,NA,NA,NA,NA,NA,NA,NA,NA,FALSE,FALSE,RSVHub-hub-models,2026-05-27,RSVHub baseline model
Florida,FL,1,wk inc rsv prop ed visits,prop_ed,2026-05-30,2026-06-06,RSVHub-baseline,0,9.999999999999994e-5,4.999999999999998e-4,8e-4,0.0011000000000000003,0.0015512443124431246,0.0021000000000000003,0,1e-4,5e-4,8e-4,0.0011,0.0016,0.0021,NA,NA,NA,NA,NA,NA,NA,NA,NA,NA,NA,NA,NA,NA,FALSE,FALSE,RSVHub-hub-models,2026-05-27,RSVHub baseline model
Florida,FL,2,wk inc rsv prop ed visits,prop_ed,2026-05-30,2026-06-13,RSVHub-baseline,0,0,3.9999999999999953e-4,8e-4,0.0012112141121411223,0.001700000000000001,0.0023976148261482654,0,0,4e-4,8e-4,0.0012,0.0017,0.0024,NA,NA,NA,NA,NA,NA,NA,NA,NA,NA,NA,NA,NA,NA,FALSE,FALSE,RSVHub-hub-models,2026-05-27,RSVHub baseline model
Florida,FL,0,wk inc rsv hosp,hosp,2026-05-30,2026-05-30,UGA_flucast-INFLAenza,17,24,32,44,60,78,105,20,20,30,40,60,80,110,0.0753853789259375,0.10642641730720588,0.14190188974294118,0.19511509839654412,0.2660660432680147,0.34588585624841917,0.46561557571902573,0.08,0.11,0.14,0.2,0.27,0.35,0.47,TRUE,FALSE,UGA_flucast,2026-05-27,INFLAenza
Florida,FL,1,wk inc rsv hosp,hosp,2026-05-30,2026-06-06,UGA_flucast-INFLAenza,10,16,23,34,48,67,93,10,20,20,30,50,70,90,0.04434434054466912,0.07095094487147059,0.10199198325273898,0.150770757851875,0.21285283461441176,0.2971070816492831,0.4124023670654228,0.04,0.07,0.1,0.15,0.21,0.3,0.41,TRUE,FALSE,UGA_flucast,2026-05-27,INFLAenza
Florida,FL,2,wk inc rsv hosp,hosp,2026-05-30,2026-06-13,UGA_flucast-INFLAenza,6,10,16,25,38,55,83,6,10,20,30,40,60,80,0.02660660432680147,0.04434434054466912,0.07095094487147059,0.1108608513616728,0.16850849406974266,0.24389387299568016,0.3680580265207537,0.03,0.04,0.07,0.11,0.17,0.24,0.37,TRUE,FALSE,UGA_flucast,2026-05-27,INFLAenza
Florida,FL,0,wk inc rsv prop ed visits,prop_ed,2026-05-30,2026-05-30,UGA_flucast-INFLAenza,2.0170734295190697e-4,3.068738256913502e-4,4.405638593963032e-4,6.140904440256541e-4,8.253858653173978e-4,0.0010531693601913883,0.0013631389186309767,2e-4,3.1e-4,4.4e-4,6.1e-4,8.3e-4,0.0011,0.0014,NA,NA,NA,NA,NA,NA,NA,NA,NA,NA,NA,NA,NA,NA,TRUE,FALSE,UGA_flucast,2026-05-27,INFLAenza
Florida,FL,1,wk inc rsv prop ed visits,prop_ed,2026-05-30,2026-06-06,UGA_flucast-INFLAenza,1.5407412668166768e-4,2.5892341801134227e-4,3.785534682588357e-4,5.529678682585596e-4,7.739964042252724e-4,0.0010058980524258205,0.0013121202805286341,1.5e-4,2.6e-4,3.8e-4,5.5e-4,7.7e-4,0.001,0.0013,NA,NA,NA,NA,NA,NA,NA,NA,NA,NA,NA,NA,NA,NA,TRUE,FALSE,UGA_flucast,2026-05-27,INFLAenza
Florida,FL,2,wk inc rsv prop ed visits,prop_ed,2026-05-30,2026-06-13,UGA_flucast-INFLAenza,1.3452866323334387e-4,2.262731851459145e-4,3.4221809146357644e-4,5.10366265774275e-4,7.223792414061323e-4,9.676634563064404e-4,0.0013059974924468263,1.3e-4,2.3e-4,3.4e-4,5.1e-4,7.2e-4,9.7e-4,0.0013,NA,NA,NA,NA,NA,NA,NA,NA,NA,NA,NA,NA,NA,NA,TRUE,FALSE,UGA_flucast,2026-05-27,INFLAenza
Florida,FL,0,wk inc rsv hosp,hosp,2026-05-30,2026-05-30,RSVHub-ensemble,26.5,38.75,47.5,59,72.5,86.5,106.5,30,40,50,60,70,90,110,0.11751250244337316,0.17183431961059284,0.2106356175871783,0.2616316092135478,0.32149646894885114,0.38357854571138783,0.4722672268007261,0.12,0.17,0.21,0.26,0.32,0.38,0.47,FALSE,TRUE,RSVHub,2026-05-27,Ensemble using RSVHub forecast submissions
Florida,FL,1,wk inc rsv hosp,hosp,2026-05-30,2026-06-06,RSVHub-ensemble,21.25,29,36.5,47,61,75.5,98.25,20,30,40,50,60,80,100,0.09423172365742188,0.12859858757954043,0.1618568429880423,0.20841840055994484,0.2705004773224816,0.33479977111225184,0.4356831458513741,0.09,0.13,0.16,0.21,0.27,0.33,0.44,FALSE,TRUE,RSVHub,2026-05-27,Ensemble using RSVHub forecast submissions
Florida,FL,2,wk inc rsv hosp,hosp,2026-05-30,2026-06-13,RSVHub-ensemble,7,11,17,28,43,61,85,7,10,20,30,40,60,90,0.031041038381268385,0.04877877459913603,0.0753853789259375,0.12416415352507354,0.1906806643420772,0.2705004773224816,0.37692689462968754,0.03,0.05,0.08,0.12,0.19,0.27,0.38,FALSE,TRUE,RSVHub,2026-05-27,Ensemble using RSVHub forecast submissions
Florida,FL,0,wk inc rsv prop ed visits,prop_ed,2026-05-30,2026-05-30,RSVHub-ensemble,3.219992422548424e-4,4.109787731774628e-4,5.069825639697161e-4,6.29444580517827e-4,7.751747628822233e-4,9.275424249604431e-4,0.001129446699959756,3.2e-4,4.1e-4,5.1e-4,6.3e-4,7.8e-4,0.00093000000000000005,0.0011,NA,NA,NA,NA,NA,NA,NA,NA,NA,NA,NA,NA,NA,NA,FALSE,TRUE,RSVHub,2026-05-27,Ensemble using RSVHub forecast submissions
Florida,FL,1,wk inc rsv prop ed visits,prop_ed,2026-05-30,2026-06-06,RSVHub-ensemble,2.3973678578238967e-4,3.2655802018198934e-4,4.217140066630977e-4,5.536602254409582e-4,7.189108362814112e-4,8.852601849002434e-4,0.0011234833726866977,2.4e-4,3.3e-4,4.2e-4,5.5e-4,7.2e-4,8.9e-4,0.0011,NA,NA,NA,NA,NA,NA,NA,NA,NA,NA,NA,NA,NA,NA,FALSE,TRUE,RSVHub,2026-05-27,Ensemble using RSVHub forecast submissions
Georgia,GA,0,wk inc rsv hosp,hosp,2026-05-30,2026-05-30,CEPH-Rtrend_rsv,3,7,11,20,32,48,71,3,7,10,20,30,50,70,0.027341411383705994,0.06379662656198065,0.10025184174025532,0.18227607589137332,0.2916417214261973,0.4374625821392959,0.6470800694143751,0.03,0.06,0.1,0.18,0.29,0.44,0.65,TRUE,FALSE,CEPH Lab at Indiana University,2026-05-27,Rtrend RSV
Georgia,GA,1,wk inc rsv hosp,hosp,2026-05-30,2026-06-06,CEPH-Rtrend_rsv,2,4,9,16,30,49,76,2,4,9,20,30,50,80,0.018227607589137333,0.036455215178274665,0.082024234151118,0.14582086071309866,0.27341411383705994,0.4465763859338646,0.6926490883872185,0.02,0.04,0.08,0.15,0.27,0.45,0.69,TRUE,FALSE,CEPH Lab at Indiana University,2026-05-27,Rtrend RSV
Georgia,GA,2,wk inc rsv hosp,hosp,2026-05-30,2026-06-13,CEPH-Rtrend_rsv,1,3,6,14,26,46,71,1,3,6,10,30,50,70,0.009113803794568666,0.027341411383705994,0.05468282276741199,0.1275932531239613,0.2369588986587853,0.41923497455015857,0.6470800694143751,0.01,0.03,0.05,0.13,0.24,0.42,0.65,TRUE,FALSE,CEPH Lab at Indiana University,2026-05-27,Rtrend RSV
Georgia,GA,0,wk inc rsv prop ed visits,prop_ed,2026-05-30,2026-05-30,CFA_Pyrenew-Pyrenew_E_RSV,1.5816364773602867e-4,2.0704243365156125e-4,2.511002367961812e-4,3.1109839181349473e-4,3.784112725224619e-4,4.4161897877699534e-4,5.192636693735842e-4,1.6e-4,2.1e-4,2.5e-4,3.1e-4,3.8e-4,4.4e-4,5.2e-4,NA,NA,NA,NA,NA,NA,NA,NA,NA,NA,NA,NA,NA,NA,TRUE,FALSE,Center for Forecasting and Outbreak Analytics (CFA/CDC) Pyrenew team,2026-05-27,Pyrenew_ED_Visits_RSV
Georgia,GA,1,wk inc rsv prop ed visits,prop_ed,2026-05-30,2026-06-06,CFA_Pyrenew-Pyrenew_E_RSV,1.0014491048508714e-4,1.4723454996870805e-4,1.9396279449732955e-4,2.5976238809623145e-4,3.398557348460566e-4,4.268899972610571e-4,5.513251831122188e-4,1e-4,1.5e-4,1.9e-4,2.6e-4,3.4e-4,4.3e-4,5.5e-4,NA,NA,NA,NA,NA,NA,NA,NA,NA,NA,NA,NA,NA,NA,TRUE,FALSE,Center for Forecasting and Outbreak Analytics (CFA/CDC) Pyrenew team,2026-05-27,Pyrenew_ED_Visits_RSV
Georgia,GA,0,wk inc rsv hosp,hosp,2026-05-30,2026-05-30,CFA_Pyrenew-Pyrenew_HE_RSV,8,10,13,16,20,24,28,8,10,10,20,20,20,30,0.07291043035654933,0.09113803794568666,0.11847944932939265,0.14582086071309866,0.18227607589137332,0.21873129106964795,0.2551865062479226,0.07,0.09,0.12,0.15,0.18,0.22,0.26,TRUE,FALSE,Center for Forecasting and Outbreak Analytics (CFA/CDC) Pyrenew team,2026-05-27,Pyrenew_Hospital_Admissions_ED_Visits_RSV
Georgia,GA,1,wk inc rsv hosp,hosp,2026-05-30,2026-06-06,CFA_Pyrenew-Pyrenew_HE_RSV,5,8,10,13,18,22,28,5,8,10,10,20,20,30,0.04556901897284333,0.07291043035654933,0.09113803794568666,0.11847944932939265,0.164048468302236,0.20050368348051065,0.2551865062479226,0.05,0.07,0.09,0.12,0.16,0.2,0.26,TRUE,FALSE,Center for Forecasting and Outbreak Analytics (CFA/CDC) Pyrenew team,2026-05-27,Pyrenew_Hospital_Admissions_ED_Visits_RSV
Georgia,GA,0,wk inc rsv prop ed visits,prop_ed,2026-05-30,2026-05-30,CFA_Pyrenew-Pyrenew_HE_RSV,1.7057089089364012e-4,2.2316112383185936e-4,0.00027017367652947477,3.276496808676194e-4,3.9473617886250876e-4,4.6224775988426315e-4,5.52569332239225e-4,1.7e-4,2.2e-4,2.7e-4,3.3e-4,3.9e-4,4.6e-4,5.5e-4,NA,NA,NA,NA,NA,NA,NA,NA,NA,NA,NA,NA,NA,NA,FALSE,FALSE,Center for Forecasting and Outbreak Analytics (CFA/CDC) Pyrenew team,2026-05-27,Pyrenew_Hospital_Admissions_ED_Visits_RSV
Georgia,GA,1,wk inc rsv prop ed visits,prop_ed,2026-05-30,2026-06-06,CFA_Pyrenew-Pyrenew_HE_RSV,1.081333871838552e-4,1.572536258925476e-4,2.0729688598628237e-4,2.799000647420204e-4,3.5719093189930784e-4,4.493812926178998e-4,5.605772191229025e-4,1.1e-4,1.6e-4,2.1e-4,2.8e-4,3.6e-4,4.5e-4,5.6e-4,NA,NA,NA,NA,NA,NA,NA,NA,NA,NA,NA,NA,NA,NA,FALSE,FALSE,Center for Forecasting and Outbreak Analytics (CFA/CDC) Pyrenew team,2026-05-27,Pyrenew_Hospital_Admissions_ED_Visits_RSV
Georgia,GA,0,wk inc rsv hosp,hosp,2026-05-30,2026-05-30,CFA_Pyrenew-Pyrenew_H_RSV,8,11,14,18,24,29,36,8,10,10,20,20,30,40,0.07291043035654933,0.10025184174025532,0.1275932531239613,0.164048468302236,0.21873129106964795,0.26430031004249127,0.328096936604472,0.07,0.1,0.13,0.16,0.22,0.26,0.33,FALSE,FALSE,Center for Forecasting and Outbreak Analytics (CFA/CDC) Pyrenew team,2026-05-27,Pyrenew_Hospital_Admissions_RSV
Georgia,GA,1,wk inc rsv hosp,hosp,2026-05-30,2026-06-06,CFA_Pyrenew-Pyrenew_H_RSV,5,8,11,16,23,30,41,5,8,10,20,20,30,40,0.04556901897284333,0.07291043035654933,0.10025184174025532,0.14582086071309866,0.20961748727507928,0.27341411383705994,0.37366595557731525,0.05,0.07,0.1,0.15,0.21,0.27,0.37,FALSE,FALSE,Center for Forecasting and Outbreak Analytics (CFA/CDC) Pyrenew team,2026-05-27,Pyrenew_Hospital_Admissions_RSV
Georgia,GA,0,wk inc rsv hosp,hosp,2026-05-30,2026-05-30,Google_SAI-RSVEns,7.5,10.5,14,16,18.5,25.5,32.5,8,10,10,20,20,30,30,0.06835352845926498,0.09569493984297099,0.1275932531239613,0.14582086071309866,0.1686053701995203,0.23240199676150097,0.2961986233234816,0.07,0.1,0.13,0.15,0.17,0.23,0.3,TRUE,FALSE,Google Science AI,2026-05-27,RSVEnsemble
Georgia,GA,1,wk inc rsv hosp,hosp,2026-05-30,2026-06-06,Google_SAI-RSVEns,6,9,12.5,13.5,16.5,23.5,36,6,9,10,10,20,20,40,0.05468282276741199,0.082024234151118,0.11392254743210832,0.12303635122667697,0.15037776261038296,0.21417438917236362,0.328096936604472,0.05,0.08,0.11,0.12,0.15,0.21,0.33,TRUE,FALSE,Google Science AI,2026-05-27,RSVEnsemble
Georgia,GA,2,wk inc rsv hosp,hosp,2026-05-30,2026-06-13,Google_SAI-RSVEns,5,8,10.5,11.5,14.5,21,35,5,8,10,10,10,20,40,0.04556901897284333,0.07291043035654933,0.09569493984297099,0.10480874363753964,0.13215015502124564,0.19138987968594198,0.31898313280990326,0.05,0.07,0.1,0.1,0.13,0.19,0.32,TRUE,FALSE,Google Science AI,2026-05-27,RSVEnsemble
Georgia,GA,0,wk inc rsv hosp,hosp,2026-05-30,2026-05-30,RSVHub-baseline,0,0,12,20,28,51,90.22499999999982,0,0,10,20,30,50,90,0,0,0.10936564553482397,0.18227607589137332,0.2551865062479226,0.46480399352300195,0.8222929473649562,0,0,0.11,0.18,0.26,0.46,0.82,FALSE,FALSE,RSVHub-hub-models,2026-05-27,RSVHub baseline model
Georgia,GA,1,wk inc rsv hosp,hosp,2026-05-30,2026-06-06,RSVHub-baseline,0,0,4.550348003480028,20,38.457159571595696,69.17099870998709,120.91945444454447,0,0,5,20,40,70,120,0,0,0.04147097890072423,0.18227607589137332,0.3504910068319415,0.6304109105171846,1.102036182753862,0,0,0.04,0.18,0.35,0.63,1.1,FALSE,FALSE,RSVHub-hub-models,2026-05-27,RSVHub baseline model
Georgia,GA,2,wk inc rsv hosp,hosp,2026-05-30,2026-06-13,RSVHub-baseline,0,0,0,20,47.17458674586746,83.24407044070456,142.26358938589365,0,0,0,20,50,80,140,0,0,0,0.18227607589137332,0.4299399276916955,0.7586701250578345,1.296562440774116,0,0,0,0.18,0.43,0.76,1.3,FALSE,FALSE,RSVHub-hub-models,2026-05-27,RSVHub baseline model
Georgia,GA,0,wk inc rsv prop ed visits,prop_ed,2026-05-30,2026-05-30,RSVHub-baseline,0,0,2.9999999999999976e-4,4e-4,5.000000000000002e-4,9.999999999999998e-4,0.0017,0,0,3e-4,4e-4,5e-4,0.001,0.0017,NA,NA,NA,NA,NA,NA,NA,NA,NA,NA,NA,NA,NA,NA,FALSE,FALSE,RSVHub-hub-models,2026-05-27,RSVHub baseline model
Georgia,GA,1,wk inc rsv prop ed visits,prop_ed,2026-05-30,2026-06-06,RSVHub-baseline,0,0,1.0000000000000005e-4,4e-4,7.999999999999996e-4,0.0013405296052960568,0.002,0,0,1e-4,4e-4,8e-4,0.0013,0.002,NA,NA,NA,NA,NA,NA,NA,NA,NA,NA,NA,NA,NA,NA,FALSE,FALSE,RSVHub-hub-models,2026-05-27,RSVHub baseline model
Georgia,GA,2,wk inc rsv prop ed visits,prop_ed,2026-05-30,2026-06-13,RSVHub-baseline,0,0,0,4e-4,9.000000000000002e-4,0.0015719174191741914,0.0023000000000000004,0,0,0,4e-4,9e-4,0.0016,0.0023,NA,NA,NA,NA,NA,NA,NA,NA,NA,NA,NA,NA,NA,NA,FALSE,FALSE,RSVHub-hub-models,2026-05-27,RSVHub baseline model
Georgia,GA,0,wk inc rsv hosp,hosp,2026-05-30,2026-05-30,UGA_flucast-INFLAenza,4,7,10,14,20,26,36,4,7,10,10,20,30,40,0.036455215178274665,0.06379662656198065,0.09113803794568666,0.1275932531239613,0.18227607589137332,0.2369588986587853,0.328096936604472,0.04,0.06,0.09,0.13,0.18,0.24,0.33,TRUE,FALSE,UGA_flucast,2026-05-27,INFLAenza
Georgia,GA,1,wk inc rsv hosp,hosp,2026-05-30,2026-06-06,UGA_flucast-INFLAenza,2,4,7,11,16,23,33,2,4,7,10,20,20,30,0.018227607589137333,0.036455215178274665,0.06379662656198065,0.10025184174025532,0.14582086071309866,0.20961748727507928,0.30075552522076593,0.02,0.04,0.06,0.1,0.15,0.21,0.3,TRUE,FALSE,UGA_flucast,2026-05-27,INFLAenza
Georgia,GA,2,wk inc rsv hosp,hosp,2026-05-30,2026-06-13,UGA_flucast-INFLAenza,1,3,5,8,13,19,29,1,3,5,8,10,20,30,0.009113803794568666,0.027341411383705994,0.04556901897284333,0.07291043035654933,0.11847944932939265,0.17316227209680463,0.26430031004249127,0.01,0.03,0.05,0.07,0.12,0.17,0.26,TRUE,FALSE,UGA_flucast,2026-05-27,INFLAenza
Georgia,GA,0,wk inc rsv prop ed visits,prop_ed,2026-05-30,2026-05-30,UGA_flucast-INFLAenza,7.458095224932045e-5,1.3612181538854285e-4,2.135969407797639e-4,3.2366891680226924e-4,4.724906125369308e-4,6.260525486844861e-4,8.2107384841223e-4,7.5e-5,1.4e-4,2.1e-4,3.2e-4,4.7e-4,6.3e-4,8.2e-4,NA,NA,NA,NA,NA,NA,NA,NA,NA,NA,NA,NA,NA,NA,TRUE,FALSE,UGA_flucast,2026-05-27,INFLAenza
Georgia,GA,1,wk inc rsv prop ed visits,prop_ed,2026-05-30,2026-06-06,UGA_flucast-INFLAenza,5.23261058065227e-5,1.1212272911096177e-4,1.878036018615316e-4,2.973068538815836e-4,4.4186452452730824e-4,6.061271282342649e-4,8.279455526256378e-4,5.2e-5,1.1e-4,1.9e-4,3e-4,4.4e-4,6.1e-4,8.3e-4,NA,NA,NA,NA,NA,NA,NA,NA,NA,NA,NA,NA,NA,NA,TRUE,FALSE,UGA_flucast,2026-05-27,INFLAenza
Georgia,GA,2,wk inc rsv prop ed visits,prop_ed,2026-05-30,2026-06-13,UGA_flucast-INFLAenza,4.232082483891087e-5,9.050296132762778e-5,1.6005320404512366e-4,2.725320326504554e-4,4.216969486115264e-4,5.930619433193654e-4,8.207685165116126e-4,4.2e-5,9.1e-5,1.6e-4,2.7e-4,4.2e-4,5.9e-4,8.2e-4,NA,NA,NA,NA,NA,NA,NA,NA,NA,NA,NA,NA,NA,NA,TRUE,FALSE,UGA_flucast,2026-05-27,INFLAenza
Georgia,GA,0,wk inc rsv hosp,hosp,2026-05-30,2026-05-30,RSVHub-ensemble,5.75,8.5,12,16,20,25.75,34.25,6,9,10,20,20,30,30,0.05240437181876982,0.07746733225383365,0.10936564553482397,0.14582086071309866,0.18227607589137332,0.2346804477101431,0.3121477799639768,0.05,0.08,0.11,0.15,0.18,0.23,0.31,FALSE,TRUE,RSVHub,2026-05-27,Ensemble using RSVHub forecast submissions
Georgia,GA,1,wk inc rsv hosp,hosp,2026-05-30,2026-06-06,RSVHub-ensemble,3.5,6,9.5,13.25,17.25,23.25,34.5,4,6,10,10,20,20,30,0.031898313280990326,0.05468282276741199,0.08658113604840231,0.1207579002780348,0.15721311545630948,0.21189593822372146,0.31442623091261895,0.03,0.05,0.09,0.12,0.16,0.21,0.31,FALSE,TRUE,RSVHub,2026-05-27,Ensemble using RSVHub forecast submissions
Georgia,GA,2,wk inc rsv hosp,hosp,2026-05-30,2026-06-13,RSVHub-ensemble,1,3,6,11.5,14.5,21,35,1,3,6,10,10,20,40,0.009113803794568666,0.027341411383705994,0.05468282276741199,0.10480874363753964,0.13215015502124564,0.19138987968594198,0.31898313280990326,0.01,0.03,0.05,0.1,0.13,0.19,0.32,FALSE,TRUE,RSVHub,2026-05-27,Ensemble using RSVHub forecast submissions
Georgia,GA,0,wk inc rsv prop ed visits,prop_ed,2026-05-30,2026-05-30,RSVHub-ensemble,1.1637229999267456e-4,1.7158212452005205e-4,2.3234858878797257e-4,3.17383654307882e-4,4.2545094252969634e-4,5.338357637307407e-4,6.701687588929071e-4,1.2e-4,1.7e-4,2.3e-4,3.2e-4,4.3e-4,5.3e-4,6.7e-4,NA,NA,NA,NA,NA,NA,NA,NA,NA,NA,NA,NA,NA,NA,FALSE,TRUE,RSVHub,2026-05-27,Ensemble using RSVHub forecast submissions
Georgia,GA,1,wk inc rsv prop ed visits,prop_ed,2026-05-30,2026-06-06,RSVHub-ensemble,7.623550814580493e-5,1.2967863953983492e-4,1.9088319817943058e-4,2.785346209889075e-4,3.9086012968668244e-4,5.16508562747661e-4,6.896353678689283e-4,7.6e-5,1.3e-4,1.9e-4,2.8e-4,3.9e-4,5.2e-4,6.9e-4,NA,NA,NA,NA,NA,NA,NA,NA,NA,NA,NA,NA,NA,NA,FALSE,TRUE,RSVHub,2026-05-27,Ensemble using RSVHub forecast submissions
Hawaii,HI,0,wk inc rsv hosp,hosp,2026-05-30,2026-05-30,CEPH-Rtrend_rsv,6,7,9,11,14,17,21,6,7,9,10,10,20,20,0.43014298669782813,0.5018334844807995,0.6452144800467422,0.7885954756126848,1.003666968961599,1.2187384623105129,1.5055004534423984,0.43,0.5,0.65,0.79,1,1.22,1.51,TRUE,FALSE,CEPH Lab at Indiana University,2026-05-27,Rtrend RSV
Hawaii,HI,1,wk inc rsv hosp,hosp,2026-05-30,2026-06-06,CEPH-Rtrend_rsv,5,7,9,11,15,19,25,5,7,9,10,20,20,30,0.3584524889148568,0.5018334844807995,0.6452144800467422,0.7885954756126848,1.0753574667445702,1.3621194578764557,1.7922624445742839,0.36,0.5,0.65,0.79,1.08,1.36,1.79,TRUE,FALSE,CEPH Lab at Indiana University,2026-05-27,Rtrend RSV
Hawaii,HI,2,wk inc rsv hosp,hosp,2026-05-30,2026-06-13,CEPH-Rtrend_rsv,4,6,8,11,15,21,27,4,6,8,10,20,20,30,0.28676199113188544,0.43014298669782813,0.5735239822637709,0.7885954756126848,1.0753574667445702,1.5055004534423984,1.9356434401402265,0.29,0.43,0.57,0.79,1.08,1.51,1.94,TRUE,FALSE,CEPH Lab at Indiana University,2026-05-27,Rtrend RSV
Hawaii,HI,0,wk inc rsv prop ed visits,prop_ed,2026-05-30,2026-05-30,CFA_Pyrenew-Pyrenew_E_RSV,8.261518605960383e-4,0.0011895035600883045,0.0015313226728445577,0.0019262985559932366,0.0023859550340889135,0.0028333758614244443,0.003401032105858673,8.3e-4,0.0012,0.0015,0.0019,0.0024,0.0028,0.0034,NA,NA,NA,NA,NA,NA,NA,NA,NA,NA,NA,NA,NA,NA,TRUE,FALSE,Center for Forecasting and Outbreak Analytics (CFA/CDC) Pyrenew team,2026-05-27,Pyrenew_ED_Visits_RSV
Hawaii,HI,1,wk inc rsv prop ed visits,prop_ed,2026-05-30,2026-06-06,CFA_Pyrenew-Pyrenew_E_RSV,6.11346577006356e-4,9.322310510004627e-4,0.0013046702606362057,0.0017226212479699316,0.0022365460071992554,0.002831685102942868,0.003546725786908097,6.1e-4,0.00093000000000000005,0.0013,0.0017,0.0022,0.0028,0.0035,NA,NA,NA,NA,NA,NA,NA,NA,NA,NA,NA,NA,NA,NA,TRUE,FALSE,Center for Forecasting and Outbreak Analytics (CFA/CDC) Pyrenew team,2026-05-27,Pyrenew_ED_Visits_RSV
Hawaii,HI,0,wk inc rsv hosp,hosp,2026-05-30,2026-05-30,CFA_Pyrenew-Pyrenew_HE_RSV,1,3,5,7,10,13,17,1,3,5,7,10,10,20,0.07169049778297136,0.21507149334891407,0.3584524889148568,0.5018334844807995,0.7169049778297136,0.9319764711786277,1.2187384623105129,0.07,0.22,0.36,0.5,0.72,0.93,1.22,TRUE,FALSE,Center for Forecasting and Outbreak Analytics (CFA/CDC) Pyrenew team,2026-05-27,Pyrenew_Hospital_Admissions_ED_Visits_RSV
Hawaii,HI,1,wk inc rsv hosp,hosp,2026-05-30,2026-06-06,CFA_Pyrenew-Pyrenew_HE_RSV,1,3,4,6,9,12,17,1,3,4,6,9,10,20,0.07169049778297136,0.21507149334891407,0.28676199113188544,0.43014298669782813,0.6452144800467422,0.8602859733956563,1.2187384623105129,0.07,0.22,0.29,0.43,0.65,0.86,1.22,TRUE,FALSE,Center for Forecasting and Outbreak Analytics (CFA/CDC) Pyrenew team,2026-05-27,Pyrenew_Hospital_Admissions_ED_Visits_RSV
Hawaii,HI,0,wk inc rsv prop ed visits,prop_ed,2026-05-30,2026-05-30,CFA_Pyrenew-Pyrenew_HE_RSV,9.235516376982523e-4,0.001253144913513207,0.0015974992081409266,0.0019880687637841704,0.0024529381333912277,0.002926102690811434,0.003444701926076713,9.2e-4,0.0013,0.0016,0.002,0.0025,0.0029,0.0034,NA,NA,NA,NA,NA,NA,NA,NA,NA,NA,NA,NA,NA,NA,FALSE,FALSE,Center for Forecasting and Outbreak Analytics (CFA/CDC) Pyrenew team,2026-05-27,Pyrenew_Hospital_Admissions_ED_Visits_RSV
Hawaii,HI,1,wk inc rsv prop ed visits,prop_ed,2026-05-30,2026-06-06,CFA_Pyrenew-Pyrenew_HE_RSV,6.218463731945746e-4,0.0010182686728716058,0.0013883314181676245,0.0018502622113268706,0.0023432911412724065,0.0028640620997580366,0.0036139737202821424,6.2e-4,0.001,0.0014,0.0019,0.0023,0.0029,0.0036,NA,NA,NA,NA,NA,NA,NA,NA,NA,NA,NA,NA,NA,NA,FALSE,FALSE,Center for Forecasting and Outbreak Analytics (CFA/CDC) Pyrenew team,2026-05-27,Pyrenew_Hospital_Admissions_ED_Visits_RSV
Hawaii,HI,0,wk inc rsv hosp,hosp,2026-05-30,2026-05-30,CFA_Pyrenew-Pyrenew_H_RSV,2,4,6,9,13,17,23,2,4,6,9,10,20,20,0.14338099556594272,0.28676199113188544,0.43014298669782813,0.6452144800467422,0.9319764711786277,1.2187384623105129,1.6488814490083412,0.14,0.29,0.43,0.65,0.93,1.22,1.65,FALSE,FALSE,Center for Forecasting and Outbreak Analytics (CFA/CDC) Pyrenew team,2026-05-27,Pyrenew_Hospital_Admissions_RSV
Hawaii,HI,1,wk inc rsv hosp,hosp,2026-05-30,2026-06-06,CFA_Pyrenew-Pyrenew_H_RSV,1,3,6,9,14,21,31.024999999999864,1,3,6,9,10,20,30,0.07169049778297136,0.21507149334891407,0.43014298669782813,0.6452144800467422,1.003666968961599,1.5055004534423984,2.2241976937166767,0.07,0.22,0.43,0.65,1,1.51,2.22,FALSE,FALSE,Center for Forecasting and Outbreak Analytics (CFA/CDC) Pyrenew team,2026-05-27,Pyrenew_Hospital_Admissions_RSV
Hawaii,HI,0,wk inc rsv hosp,hosp,2026-05-30,2026-05-30,Google_SAI-RSVEns,2,3.5,4.5,6,8,9.5,12.5,2,4,5,6,8,10,10,0.14338099556594272,0.2509167422403997,0.3226072400233711,0.43014298669782813,0.5735239822637709,0.6810597289382279,0.8961312222871419,0.14,0.25,0.32,0.43,0.57,0.68,0.9,TRUE,FALSE,Google Science AI,2026-05-27,RSVEnsemble
Hawaii,HI,1,wk inc rsv hosp,hosp,2026-05-30,2026-06-06,Google_SAI-RSVEns,2,3,4,6,7,8,10.5,2,3,4,6,7,8,10,0.14338099556594272,0.21507149334891407,0.28676199113188544,0.43014298669782813,0.5018334844807995,0.5735239822637709,0.7527502267211992,0.14,0.22,0.29,0.43,0.5,0.57,0.75,TRUE,FALSE,Google Science AI,2026-05-27,RSVEnsemble
Hawaii,HI,2,wk inc rsv hosp,hosp,2026-05-30,2026-06-13,Google_SAI-RSVEns,1,2.5,3.5,5,7,8,10.5,1,3,4,5,7,8,10,0.07169049778297136,0.1792262444574284,0.2509167422403997,0.3584524889148568,0.5018334844807995,0.5735239822637709,0.7527502267211992,0.07,0.18,0.25,0.36,0.5,0.57,0.75,TRUE,FALSE,Google Science AI,2026-05-27,RSVEnsemble
Hawaii,HI,0,wk inc rsv hosp,hosp,2026-05-30,2026-05-30,RSVHub-baseline,0,1.900000000000005,5,8,11,14.100000000000001,19.099999999999923,0,2,5,8,10,10,20,0,0.13621194578764592,0.3584524889148568,0.5735239822637709,0.7885954756126848,1.0108360187398961,1.3692885076547474,0,0.14,0.36,0.57,0.79,1.01,1.37,FALSE,FALSE,RSVHub-hub-models,2026-05-27,RSVHub baseline model
Hawaii,HI,1,wk inc rsv hosp,hosp,2026-05-30,2026-06-06,RSVHub-baseline,0,0,3.0609681096810917,8,13,18,26.221423214232185,0,0,3,8,10,20,30,0,0,0.21944232748083833,0.5735239822637709,0.9319764711786277,1.2904289600934844,1.879826882806266,0,0,0.22,0.57,0.93,1.29,1.88,FALSE,FALSE,RSVHub-hub-models,2026-05-27,RSVHub baseline model
Hawaii,HI,2,wk inc rsv hosp,hosp,2026-05-30,2026-06-13,RSVHub-baseline,0,0,2,8,14,20.704536045360474,30.592543425434126,0,0,2,8,10,20,30,0,0,0.14338099556594272,0.5735239822637709,1.003666968961599,1.4843184954573656,2.1931946666165403,0,0,0.14,0.57,1,1.48,2.19,FALSE,FALSE,RSVHub-hub-models,2026-05-27,RSVHub baseline model
Hawaii,HI,0,wk inc rsv prop ed visits,prop_ed,2026-05-30,2026-05-30,RSVHub-baseline,3.4749999999999983e-4,0.0016000000000000003,0.002174999999999999,0.0025,0.002825,0.0034,0.004652499999999999,3.5e-4,0.0016,0.0022,0.0025,0.0028,0.0034,0.0047,NA,NA,NA,NA,NA,NA,NA,NA,NA,NA,NA,NA,NA,NA,FALSE,FALSE,RSVHub-hub-models,2026-05-27,RSVHub baseline model
Hawaii,HI,1,wk inc rsv prop ed visits,prop_ed,2026-05-30,2026-06-06,RSVHub-baseline,0,9.078825788257888e-4,0.0018000000000000006,0.0025,0.0031999999999999997,0.0040999999999999995,0.0054901913269132605,0,9.1e-4,0.0018,0.0025,0.0032,0.0041,0.0055,NA,NA,NA,NA,NA,NA,NA,NA,NA,NA,NA,NA,NA,NA,FALSE,FALSE,RSVHub-hub-models,2026-05-27,RSVHub baseline model
Hawaii,HI,2,wk inc rsv prop ed visits,prop_ed,2026-05-30,2026-06-13,RSVHub-baseline,0,5.000000000000007e-4,0.0015999999999999999,0.0025,0.0034000000000000002,0.0045000000000000005,0.0062037176871768684,0,5e-4,0.0016,0.0025,0.0034,0.0045,0.0062,NA,NA,NA,NA,NA,NA,NA,NA,NA,NA,NA,NA,NA,NA,FALSE,FALSE,RSVHub-hub-models,2026-05-27,RSVHub baseline model
Hawaii,HI,0,wk inc rsv hosp,hosp,2026-05-30,2026-05-30,UGA_flucast-INFLAenza,0,1,2,4,6,9,13,0,1,2,4,6,9,10,0,0.07169049778297136,0.14338099556594272,0.28676199113188544,0.43014298669782813,0.6452144800467422,0.9319764711786277,0,0.07,0.14,0.29,0.43,0.65,0.93,TRUE,FALSE,UGA_flucast,2026-05-27,INFLAenza
Hawaii,HI,1,wk inc rsv hosp,hosp,2026-05-30,2026-06-06,UGA_flucast-INFLAenza,0,1,2,3,5,8,12,0,1,2,3,5,8,10,0,0.07169049778297136,0.14338099556594272,0.21507149334891407,0.3584524889148568,0.5735239822637709,0.8602859733956563,0,0.07,0.14,0.22,0.36,0.57,0.86,TRUE,FALSE,UGA_flucast,2026-05-27,INFLAenza
Hawaii,HI,2,wk inc rsv hosp,hosp,2026-05-30,2026-06-13,UGA_flucast-INFLAenza,0,0,1,2,4,6,10,0,0,1,2,4,6,10,0,0,0.07169049778297136,0.14338099556594272,0.28676199113188544,0.43014298669782813,0.7169049778297136,0,0,0.07,0.14,0.29,0.43,0.72,TRUE,FALSE,UGA_flucast,2026-05-27,INFLAenza
Hawaii,HI,0,wk inc rsv prop ed visits,prop_ed,2026-05-30,2026-05-30,UGA_flucast-INFLAenza,8.856097689150442e-4,0.0011503684710828747,0.001440982792465992,0.001813756531309012,0.002265418962514197,0.0027075838478471817,0.0032262526543199496,8.9e-4,0.0012,0.0014,0.0018,0.0023,0.0027,0.0032,NA,NA,NA,NA,NA,NA,NA,NA,NA,NA,NA,NA,NA,NA,TRUE,FALSE,UGA_flucast,2026-05-27,INFLAenza
Hawaii,HI,1,wk inc rsv prop ed visits,prop_ed,2026-05-30,2026-06-06,UGA_flucast-INFLAenza,6.727828391440471e-4,9.137287593919539e-4,0.0011899092211047635,0.001589626441586779,0.002051109555372564,0.0025382446202738915,0.0032147901128277857,6.7e-4,9.1e-4,0.0012,0.0016,0.0021,0.0025,0.0032,NA,NA,NA,NA,NA,NA,NA,NA,NA,NA,NA,NA,NA,NA,TRUE,FALSE,UGA_flucast,2026-05-27,INFLAenza
Hawaii,HI,2,wk inc rsv prop ed visits,prop_ed,2026-05-30,2026-06-13,UGA_flucast-INFLAenza,5.120379723137635e-4,7.412826676541222e-4,0.0010105413112909455,0.0013887575894903832,0.0018540050887861242,0.0023683836546731668,0.0030916376609639467,5.1e-4,7.4e-4,0.001,0.0014,0.0019,0.0024,0.0031,NA,NA,NA,NA,NA,NA,NA,NA,NA,NA,NA,NA,NA,NA,TRUE,FALSE,UGA_flucast,2026-05-27,INFLAenza
Hawaii,HI,0,wk inc rsv hosp,hosp,2026-05-30,2026-05-30,RSVHub-ensemble,1.5,3.25,4.75,6.5,9,11.25,15,2,3,5,7,9,10,20,0.10753574667445703,0.23299411779465692,0.34052986446911393,0.46598823558931385,0.6452144800467422,0.8065181000584278,1.0753574667445702,0.11,0.23,0.34,0.47,0.65,0.81,1.08,FALSE,TRUE,RSVHub,2026-05-27,Ensemble using RSVHub forecast submissions
Hawaii,HI,1,wk inc rsv hosp,hosp,2026-05-30,2026-06-06,RSVHub-ensemble,1.5,3,4,6,8,10,14.5,2,3,4,6,8,10,10,0.10753574667445703,0.21507149334891407,0.28676199113188544,0.43014298669782813,0.5735239822637709,0.7169049778297136,1.0395122178530847,0.11,0.22,0.29,0.43,0.57,0.72,1.04,FALSE,TRUE,RSVHub,2026-05-27,Ensemble using RSVHub forecast submissions
Hawaii,HI,2,wk inc rsv hosp,hosp,2026-05-30,2026-06-13,RSVHub-ensemble,1,2.5,3.5,5,7,8,10.5,1,3,4,5,7,8,10,0.07169049778297136,0.1792262444574284,0.2509167422403997,0.3584524889148568,0.5018334844807995,0.5735239822637709,0.7527502267211992,0.07,0.18,0.25,0.36,0.5,0.57,0.75,FALSE,TRUE,RSVHub,2026-05-27,Ensemble using RSVHub forecast submissions
Hawaii,HI,0,wk inc rsv prop ed visits,prop_ed,2026-05-30,2026-05-30,RSVHub-ensemble,8.558808147555413e-4,0.0011699360155855896,0.001486152732655275,0.0018700275436511244,0.0023256869983015556,0.002770479854635813,0.003313642380089311,8.6e-4,0.0012,0.0015,0.0019,0.0023,0.0028,0.0033,NA,NA,NA,NA,NA,NA,NA,NA,NA,NA,NA,NA,NA,NA,FALSE,TRUE,RSVHub,2026-05-27,Ensemble using RSVHub forecast submissions
Hawaii,HI,1,wk inc rsv prop ed visits,prop_ed,2026-05-30,2026-06-06,RSVHub-ensemble,6.420647080752016e-4,9.229799051962083e-4,0.0012472897408704847,0.0016561238447783554,0.0021438277812859097,0.00268496486160838,0.003380757949867941,6.4e-4,9.2e-4,0.0012,0.0017,0.0021,0.0027,0.0034,NA,NA,NA,NA,NA,NA,NA,NA,NA,NA,NA,NA,NA,NA,FALSE,TRUE,RSVHub,2026-05-27,Ensemble using RSVHub forecast submissions
Idaho,ID,0,wk inc rsv hosp,hosp,2026-05-30,2026-05-30,CEPH-Rtrend_rsv,1,2,3,5,7,10,14,1,2,3,5,7,10,10,0.05098900829948089,0.10197801659896177,0.15296702489844263,0.25494504149740443,0.35692305809636615,0.5098900829948089,0.7138461161927323,0.05,0.1,0.15,0.25,0.36,0.51,0.71,TRUE,FALSE,CEPH Lab at Indiana University,2026-05-27,Rtrend RSV
Idaho,ID,1,wk inc rsv hosp,hosp,2026-05-30,2026-06-06,CEPH-Rtrend_rsv,1,1,2,4,6,9,14,1,1,2,4,6,9,10,0.05098900829948089,0.05098900829948089,0.10197801659896177,0.20395603319792355,0.30593404979688527,0.4589010746953279,0.7138461161927323,0.05,0.05,0.1,0.2,0.31,0.46,0.71,TRUE,FALSE,CEPH Lab at Indiana University,2026-05-27,Rtrend RSV
Idaho,ID,2,wk inc rsv hosp,hosp,2026-05-30,2026-06-13,CEPH-Rtrend_rsv,0,1,1,3,5,9,15,0,1,1,3,5,9,20,0,0.05098900829948089,0.05098900829948089,0.15296702489844263,0.25494504149740443,0.4589010746953279,0.7648351244922131,0,0.05,0.05,0.15,0.25,0.46,0.76,TRUE,FALSE,CEPH Lab at Indiana University,2026-05-27,Rtrend RSV
Idaho,ID,0,wk inc rsv prop ed visits,prop_ed,2026-05-30,2026-05-30,CFA_Pyrenew-Pyrenew_E_RSV,0,7.873470219996423e-5,2.2610445430039437e-4,3.104305902688506e-4,4.6699714991957364e-4,6.265593820315977e-4,8.480501149095248e-4,0,7.9e-5,2.3e-4,3.1e-4,4.7e-4,6.3e-4,8.5e-4,NA,NA,NA,NA,NA,NA,NA,NA,NA,NA,NA,NA,NA,NA,TRUE,FALSE,Center for Forecasting and Outbreak Analytics (CFA/CDC) Pyrenew team,2026-05-27,Pyrenew_ED_Visits_RSV
Idaho,ID,1,wk inc rsv prop ed visits,prop_ed,2026-05-30,2026-06-06,CFA_Pyrenew-Pyrenew_E_RSV,0,7.490361139964787e-5,7.885589861331027e-5,2.2928869104047272e-4,3.745289035931848e-4,5.310128569415238e-4,7.041896471912532e-4,0,7.5e-5,7.9e-5,2.3e-4,3.7e-4,5.3e-4,7e-4,NA,NA,NA,NA,NA,NA,NA,NA,NA,NA,NA,NA,NA,NA,TRUE,FALSE,Center for Forecasting and Outbreak Analytics (CFA/CDC) Pyrenew team,2026-05-27,Pyrenew_ED_Visits_RSV
Idaho,ID,0,wk inc rsv hosp,hosp,2026-05-30,2026-05-30,CFA_Pyrenew-Pyrenew_HE_RSV,0,1,2,3,5,6,8,0,1,2,3,5,6,8,0,0.05098900829948089,0.10197801659896177,0.15296702489844263,0.25494504149740443,0.30593404979688527,0.4079120663958471,0,0.05,0.1,0.15,0.25,0.31,0.41,TRUE,FALSE,Center for Forecasting and Outbreak Analytics (CFA/CDC) Pyrenew team,2026-05-27,Pyrenew_Hospital_Admissions_ED_Visits_RSV
Idaho,ID,1,wk inc rsv hosp,hosp,2026-05-30,2026-06-06,CFA_Pyrenew-Pyrenew_HE_RSV,0,1,1,2,4,5,7,0,1,1,2,4,5,7,0,0.05098900829948089,0.05098900829948089,0.10197801659896177,0.20395603319792355,0.25494504149740443,0.35692305809636615,0,0.05,0.05,0.1,0.2,0.25,0.36,TRUE,FALSE,Center for Forecasting and Outbreak Analytics (CFA/CDC) Pyrenew team,2026-05-27,Pyrenew_Hospital_Admissions_ED_Visits_RSV
Idaho,ID,0,wk inc rsv prop ed visits,prop_ed,2026-05-30,2026-05-30,CFA_Pyrenew-Pyrenew_HE_RSV,0,7.781951701393214e-5,1.5901501615273427e-4,3.0674143178658774e-4,4.5652082525830416e-4,6.058716679890071e-4,7.723008195249768e-4,0,7.8e-5,1.6e-4,3.1e-4,4.6e-4,6.1e-4,7.7e-4,NA,NA,NA,NA,NA,NA,NA,NA,NA,NA,NA,NA,NA,NA,FALSE,FALSE,Center for Forecasting and Outbreak Analytics (CFA/CDC) Pyrenew team,2026-05-27,Pyrenew_Hospital_Admissions_ED_Visits_RSV
Idaho,ID,1,wk inc rsv prop ed visits,prop_ed,2026-05-30,2026-06-06,CFA_Pyrenew-Pyrenew_HE_RSV,0,0,7.84470139219359e-5,2.2463120334141406e-4,3.100103754622402e-4,4.6254400356063286e-4,6.303259403994439e-4,0,0,7.8e-5,2.2e-4,3.1e-4,4.6e-4,6.3e-4,NA,NA,NA,NA,NA,NA,NA,NA,NA,NA,NA,NA,NA,NA,FALSE,FALSE,Center for Forecasting and Outbreak Analytics (CFA/CDC) Pyrenew team,2026-05-27,Pyrenew_Hospital_Admissions_ED_Visits_RSV
Idaho,ID,0,wk inc rsv hosp,hosp,2026-05-30,2026-05-30,CFA_Pyrenew-Pyrenew_H_RSV,0,1,2,3,4,6,9,0,1,2,3,4,6,9,0,0.05098900829948089,0.10197801659896177,0.15296702489844263,0.20395603319792355,0.30593404979688527,0.4589010746953279,0,0.05,0.1,0.15,0.2,0.31,0.46,FALSE,FALSE,Center for Forecasting and Outbreak Analytics (CFA/CDC) Pyrenew team,2026-05-27,Pyrenew_Hospital_Admissions_RSV
Idaho,ID,1,wk inc rsv hosp,hosp,2026-05-30,2026-06-06,CFA_Pyrenew-Pyrenew_H_RSV,0,0,1,2,3,5,8,0,0,1,2,3,5,8,0,0,0.05098900829948089,0.10197801659896177,0.15296702489844263,0.25494504149740443,0.4079120663958471,0,0,0.05,0.1,0.15,0.25,0.41,FALSE,FALSE,Center for Forecasting and Outbreak Analytics (CFA/CDC) Pyrenew team,2026-05-27,Pyrenew_Hospital_Admissions_RSV
Idaho,ID,0,wk inc rsv hosp,hosp,2026-05-30,2026-05-30,Google_SAI-RSVEns,0,0,1,1.5,3.5,7,11.5,0,0,1,2,4,7,10,0,0,0.05098900829948089,0.07648351244922132,0.17846152904818308,0.35692305809636615,0.5863735954440301,0,0,0.05,0.08,0.18,0.36,0.59,TRUE,FALSE,Google Science AI,2026-05-27,RSVEnsemble
Idaho,ID,1,wk inc rsv hosp,hosp,2026-05-30,2026-06-06,Google_SAI-RSVEns,0,0,0.5,1.5,3,6.5,12.5,0,0,1,2,3,7,10,0,0,0.025494504149740443,0.07648351244922132,0.15296702489844263,0.33142855394662574,0.6373626037435111,0,0,0.03,0.08,0.15,0.33,0.64,TRUE,FALSE,Google Science AI,2026-05-27,RSVEnsemble
Idaho,ID,2,wk inc rsv hosp,hosp,2026-05-30,2026-06-13,Google_SAI-RSVEns,0,0,0.5,1,2.5,4,9,0,0,1,1,3,4,9,0,0,0.025494504149740443,0.05098900829948089,0.12747252074870222,0.20395603319792355,0.4589010746953279,0,0,0.03,0.05,0.13,0.2,0.46,TRUE,FALSE,Google Science AI,2026-05-27,RSVEnsemble
Idaho,ID,0,wk inc rsv hosp,hosp,2026-05-30,2026-05-30,RSVHub-baseline,0,0,0,1,3.25,10.100000000000001,19.02499999999998,0,0,0,1,3,10,20,0,0,0,0.05098900829948089,0.16571427697331287,0.5149889838247569,0.9700658828976227,0,0,0,0.05,0.17,0.51,0.97,FALSE,FALSE,RSVHub-hub-models,2026-05-27,RSVHub baseline model
Idaho,ID,1,wk inc rsv hosp,hosp,2026-05-30,2026-06-06,RSVHub-baseline,0,0,0,1,7.76008010080101,15.549260492604956,25,0,0,0,1,8,20,30,0,0,0,0.05098900829948089,0.3956787886643791,0.7928413723082243,1.2747252074870221,0,0,0,0.05,0.4,0.79,1.27,FALSE,FALSE,RSVHub-hub-models,2026-05-27,RSVHub baseline model
Idaho,ID,2,wk inc rsv hosp,hosp,2026-05-30,2026-06-13,RSVHub-baseline,0,0,0,1,10,18.71860018600188,30.080757057570594,0,0,0,1,10,20,30,0,0,0,0.05098900829948089,0.5098900829948089,0.9544428602387142,1.533787971263135,0,0,0,0.05,0.51,0.95,1.53,FALSE,FALSE,RSVHub-hub-models,2026-05-27,RSVHub baseline model
Idaho,ID,0,wk inc rsv prop ed visits,prop_ed,2026-05-30,2026-05-30,RSVHub-baseline,0,0,0,3e-4,6.000000000000001e-4,0.0017000000000000001,0.003300000000000001,0,0,0,3e-4,6e-4,0.0017,0.0033,NA,NA,NA,NA,NA,NA,NA,NA,NA,NA,NA,NA,NA,NA,FALSE,FALSE,RSVHub-hub-models,2026-05-27,RSVHub baseline model
Idaho,ID,1,wk inc rsv prop ed visits,prop_ed,2026-05-30,2026-06-06,RSVHub-baseline,0,0,0,3e-4,0.0011000000000000003,0.0026112939129391325,0.005327582875828748,0,0,0,3e-4,0.0011,0.0026,0.0053,NA,NA,NA,NA,NA,NA,NA,NA,NA,NA,NA,NA,NA,NA,FALSE,FALSE,RSVHub-hub-models,2026-05-27,RSVHub baseline model
Idaho,ID,2,wk inc rsv prop ed visits,prop_ed,2026-05-30,2026-06-13,RSVHub-baseline,0,0,0,3e-4,0.0015250545005450068,0.0032000000000000006,0.006314430594305934,0,0,0,3e-4,0.0015,0.0032,0.0063,NA,NA,NA,NA,NA,NA,NA,NA,NA,NA,NA,NA,NA,NA,FALSE,FALSE,RSVHub-hub-models,2026-05-27,RSVHub baseline model
Idaho,ID,0,wk inc rsv hosp,hosp,2026-05-30,2026-05-30,UGA_flucast-INFLAenza,0,1,2,4,6,9,12,0,1,2,4,6,9,10,0,0.05098900829948089,0.10197801659896177,0.20395603319792355,0.30593404979688527,0.4589010746953279,0.6118680995937705,0,0.05,0.1,0.2,0.31,0.46,0.61,TRUE,FALSE,UGA_flucast,2026-05-27,INFLAenza
Idaho,ID,1,wk inc rsv hosp,hosp,2026-05-30,2026-06-06,UGA_flucast-INFLAenza,0,1,2,3,5,7,11,0,1,2,3,5,7,10,0,0.05098900829948089,0.10197801659896177,0.15296702489844263,0.25494504149740443,0.35692305809636615,0.5608790912942897,0,0.05,0.1,0.15,0.25,0.36,0.56,TRUE,FALSE,UGA_flucast,2026-05-27,INFLAenza
Idaho,ID,2,wk inc rsv hosp,hosp,2026-05-30,2026-06-13,UGA_flucast-INFLAenza,0,0,1,2,4,6,10,0,0,1,2,4,6,10,0,0,0.05098900829948089,0.10197801659896177,0.20395603319792355,0.30593404979688527,0.5098900829948089,0,0,0.05,0.1,0.2,0.31,0.51,TRUE,FALSE,UGA_flucast,2026-05-27,INFLAenza
Idaho,ID,0,wk inc rsv prop ed visits,prop_ed,2026-05-30,2026-05-30,UGA_flucast-INFLAenza,1.4568664555921694e-4,2.3581768270339285e-4,3.434671481899844e-4,4.873582043158297e-4,6.624264119139263e-4,8.422901716674112e-4,0.0010846867296060026,1.5e-4,2.4e-4,3.4e-4,4.9e-4,6.6e-4,8.4e-4,0.0011,NA,NA,NA,NA,NA,NA,NA,NA,NA,NA,NA,NA,NA,NA,TRUE,FALSE,UGA_flucast,2026-05-27,INFLAenza
Idaho,ID,1,wk inc rsv prop ed visits,prop_ed,2026-05-30,2026-06-06,UGA_flucast-INFLAenza,1.1074873799386299e-4,1.9325265326379702e-4,2.939385681420922e-4,4.308006116678394e-4,6.187461226498847e-4,8.045171791892729e-4,0.001083301115110437,1.1e-4,1.9e-4,2.9e-4,4.3e-4,6.2e-4,8e-4,0.0011,NA,NA,NA,NA,NA,NA,NA,NA,NA,NA,NA,NA,NA,NA,TRUE,FALSE,UGA_flucast,2026-05-27,INFLAenza
Idaho,ID,2,wk inc rsv prop ed visits,prop_ed,2026-05-30,2026-06-13,UGA_flucast-INFLAenza,8.460982193783545e-5,1.623717791779969e-4,2.547205444218529e-4,3.9087834457141913e-4,5.689236816523186e-4,7.915294370245906e-4,0.0010543341730712497,8.5e-5,1.6e-4,2.5e-4,3.9e-4,5.7e-4,7.9e-4,0.0011,NA,NA,NA,NA,NA,NA,NA,NA,NA,NA,NA,NA,NA,NA,TRUE,FALSE,UGA_flucast,2026-05-27,INFLAenza
Idaho,ID,0,wk inc rsv hosp,hosp,2026-05-30,2026-05-30,RSVHub-ensemble,0,1,2,3.5,5.5,8,11.75,0,1,2,4,6,8,10,0,0.05098900829948089,0.10197801659896177,0.17846152904818308,0.28043954564714485,0.4079120663958471,0.5991208475189004,0,0.05,0.1,0.18,0.28,0.41,0.6,FALSE,TRUE,RSVHub,2026-05-27,Ensemble using RSVHub forecast submissions
Idaho,ID,1,wk inc rsv hosp,hosp,2026-05-30,2026-06-06,RSVHub-ensemble,0,1,1.5,2.5,4.5,6.75,11.75,0,1,2,3,5,7,10,0,0.05098900829948089,0.07648351244922132,0.12747252074870222,0.22945053734766396,0.34417580602149594,0.5991208475189004,0,0.05,0.08,0.13,0.23,0.34,0.6,FALSE,TRUE,RSVHub,2026-05-27,Ensemble using RSVHub forecast submissions
Idaho,ID,2,wk inc rsv hosp,hosp,2026-05-30,2026-06-13,RSVHub-ensemble,0,0,1,2,4,6,10,0,0,1,2,4,6,10,0,0,0.05098900829948089,0.10197801659896177,0.20395603319792355,0.30593404979688527,0.5098900829948089,0,0,0.05,0.1,0.2,0.31,0.51,FALSE,TRUE,RSVHub,2026-05-27,Ensemble using RSVHub forecast submissions
Idaho,ID,0,wk inc rsv prop ed visits,prop_ed,2026-05-30,2026-05-30,RSVHub-ensemble,7.284332277960847e-5,1.5727619245167854e-4,2.847858012451894e-4,3.9889439729234015e-4,5.6471178091675e-4,7.344247768495044e-4,9.663684222577637e-4,7.3e-5,1.6e-4,2.8e-4,4e-4,5.6e-4,7.3e-4,9.7e-4,NA,NA,NA,NA,NA,NA,NA,NA,NA,NA,NA,NA,NA,NA,FALSE,TRUE,RSVHub,2026-05-27,Ensemble using RSVHub forecast submissions
Idaho,ID,1,wk inc rsv prop ed visits,prop_ed,2026-05-30,2026-06-06,RSVHub-ensemble,5.5374368996931496e-5,1.3407813233172244e-4,1.863972333777012e-4,3.3004465135415604e-4,4.966375131215347e-4,6.677650180653984e-4,8.937453811508451e-4,5.5e-5,1.3e-4,1.9e-4,3.3e-4,5e-4,6.7e-4,8.9e-4,NA,NA,NA,NA,NA,NA,NA,NA,NA,NA,NA,NA,NA,NA,FALSE,TRUE,RSVHub,2026-05-27,Ensemble using RSVHub forecast submissions
Illinois,IL,0,wk inc rsv hosp,hosp,2026-05-30,2026-05-30,CEPH-Rtrend_rsv,3,6,13,21,35,51,75,3,6,10,20,40,50,80,0.023937123877967266,0.04787424775593453,0.1037275368045248,0.16755986714577087,0.27926644524295147,0.40693110592544346,0.5984280969491816,0.02,0.05,0.1,0.17,0.28,0.41,0.6,TRUE,FALSE,CEPH Lab at Indiana University,2026-05-27,Rtrend RSV
Illinois,IL,1,wk inc rsv hosp,hosp,2026-05-30,2026-06-06,CEPH-Rtrend_rsv,2,3,6,14,27,43,67,2,3,6,10,30,40,70,0.01595808258531151,0.023937123877967266,0.04787424775593453,0.11170657809718058,0.21543411490170541,0.3430987755841975,0.5345957666079356,0.02,0.02,0.05,0.11,0.22,0.34,0.53,TRUE,FALSE,CEPH Lab at Indiana University,2026-05-27,Rtrend RSV
Illinois,IL,2,wk inc rsv hosp,hosp,2026-05-30,2026-06-13,CEPH-Rtrend_rsv,0,2,5,10,21,35,56,0,2,5,10,20,40,60,0,0.01595808258531151,0.03989520646327877,0.07979041292655754,0.16755986714577087,0.27926644524295147,0.44682631238872234,0,0.02,0.04,0.08,0.17,0.28,0.45,TRUE,FALSE,CEPH Lab at Indiana University,2026-05-27,Rtrend RSV
Illinois,IL,0,wk inc rsv prop ed visits,prop_ed,2026-05-30,2026-05-30,CFA_Pyrenew-Pyrenew_E_RSV,2.6897640311205506e-4,3.225029298614402e-4,3.788559047165072e-4,4.4833123466658234e-4,5.232923797034464e-4,6.020085051778379e-4,7.100138159744422e-4,2.7e-4,3.2e-4,3.8e-4,4.5e-4,5.2e-4,6e-4,7.1e-4,NA,NA,NA,NA,NA,NA,NA,NA,NA,NA,NA,NA,NA,NA,TRUE,FALSE,Center for Forecasting and Outbreak Analytics (CFA/CDC) Pyrenew team,2026-05-27,Pyrenew_ED_Visits_RSV
Illinois,IL,1,wk inc rsv prop ed visits,prop_ed,2026-05-30,2026-06-06,CFA_Pyrenew-Pyrenew_E_RSV,1.6050758855498995e-4,2.2053450529618915e-4,2.7380261464063853e-4,3.4886390732903594e-4,4.4523472382529454e-4,5.62146026857233e-4,7.30953428517561e-4,1.6e-4,2.2e-4,2.7e-4,3.5e-4,4.5e-4,5.6e-4,7.3e-4,NA,NA,NA,NA,NA,NA,NA,NA,NA,NA,NA,NA,NA,NA,TRUE,FALSE,Center for Forecasting and Outbreak Analytics (CFA/CDC) Pyrenew team,2026-05-27,Pyrenew_ED_Visits_RSV
Illinois,IL,0,wk inc rsv hosp,hosp,2026-05-30,2026-05-30,CFA_Pyrenew-Pyrenew_HE_RSV,12,16,19,23,27,31.100000000000136,37,10,20,20,20,30,30,40,0.09574849551186906,0.12766466068249208,0.15160178456045936,0.18351794973108237,0.21543411490170541,0.24814818420159507,0.295224527828263,0.1,0.13,0.15,0.18,0.22,0.25,0.3,TRUE,FALSE,Center for Forecasting and Outbreak Analytics (CFA/CDC) Pyrenew team,2026-05-27,Pyrenew_Hospital_Admissions_ED_Visits_RSV
Illinois,IL,1,wk inc rsv hosp,hosp,2026-05-30,2026-06-06,CFA_Pyrenew-Pyrenew_HE_RSV,8,11,13,17,21,26,32.024999999999864,8,10,10,20,20,30,30,0.06383233034124604,0.08776945421921331,0.1037275368045248,0.13564370197514786,0.16755986714577087,0.2074550736090496,0.25552879739729945,0.06,0.09,0.1,0.14,0.17,0.21,0.26,TRUE,FALSE,Center for Forecasting and Outbreak Analytics (CFA/CDC) Pyrenew team,2026-05-27,Pyrenew_Hospital_Admissions_ED_Visits_RSV
Illinois,IL,0,wk inc rsv prop ed visits,prop_ed,2026-05-30,2026-05-30,CFA_Pyrenew-Pyrenew_HE_RSV,2.6539177597742497e-4,3.272110647537107e-4,3.805769438829138e-4,4.4544061622005433e-4,5.161003472732583e-4,5.915598486496398e-4,6.853763347129102e-4,2.7e-4,3.3e-4,3.8e-4,4.5e-4,5.2e-4,5.9e-4,6.9e-4,NA,NA,NA,NA,NA,NA,NA,NA,NA,NA,NA,NA,NA,NA,FALSE,FALSE,Center for Forecasting and Outbreak Analytics (CFA/CDC) Pyrenew team,2026-05-27,Pyrenew_Hospital_Admissions_ED_Visits_RSV
Illinois,IL,1,wk inc rsv prop ed visits,prop_ed,2026-05-30,2026-06-06,CFA_Pyrenew-Pyrenew_HE_RSV,1.6790370854709197e-4,2.1984304768785112e-4,2.7384080332025143e-4,3.443013066335572e-4,4.359976803931918e-4,5.511470711877862e-4,6.866685794710926e-4,1.7e-4,2.2e-4,2.7e-4,3.4e-4,4.4e-4,5.5e-4,6.9e-4,NA,NA,NA,NA,NA,NA,NA,NA,NA,NA,NA,NA,NA,NA,FALSE,FALSE,Center for Forecasting and Outbreak Analytics (CFA/CDC) Pyrenew team,2026-05-27,Pyrenew_Hospital_Admissions_ED_Visits_RSV
Illinois,IL,0,wk inc rsv hosp,hosp,2026-05-30,2026-05-30,CFA_Pyrenew-Pyrenew_H_RSV,10,14,17,22,27,34,43,10,10,20,20,30,30,40,0.07979041292655754,0.11170657809718058,0.13564370197514786,0.17553890843842662,0.21543411490170541,0.2712874039502957,0.3430987755841975,0.08,0.11,0.14,0.18,0.22,0.27,0.34,FALSE,FALSE,Center for Forecasting and Outbreak Analytics (CFA/CDC) Pyrenew team,2026-05-27,Pyrenew_Hospital_Admissions_RSV
Illinois,IL,1,wk inc rsv hosp,hosp,2026-05-30,2026-06-06,CFA_Pyrenew-Pyrenew_H_RSV,5,8,11,16,23,30,40,5,8,10,20,20,30,40,0.03989520646327877,0.06383233034124604,0.08776945421921331,0.12766466068249208,0.18351794973108237,0.23937123877967265,0.3191616517062302,0.04,0.06,0.09,0.13,0.18,0.24,0.32,FALSE,FALSE,Center for Forecasting and Outbreak Analytics (CFA/CDC) Pyrenew team,2026-05-27,Pyrenew_Hospital_Admissions_RSV
Illinois,IL,0,wk inc rsv hosp,hosp,2026-05-30,2026-05-30,Google_SAI-RSVEns,14.5,18.5,20,24,31,47.5,72,10,20,20,20,30,50,70,0.11569609874350846,0.1476122639141315,0.1595808258531151,0.19149699102373813,0.2473502800723284,0.37900446140114835,0.5744909730712144,0.12,0.15,0.16,0.19,0.25,0.38,0.57,TRUE,FALSE,Google Science AI,2026-05-27,RSVEnsemble
Illinois,IL,1,wk inc rsv hosp,hosp,2026-05-30,2026-06-06,Google_SAI-RSVEns,8.5,13.5,14.5,17.5,22.5,35.5,51,9,10,10,20,20,40,50,0.06782185098757393,0.10771705745085271,0.11569609874350846,0.13963322262147573,0.1795284290847545,0.2832559658892793,0.40693110592544346,0.07,0.11,0.12,0.14,0.18,0.28,0.41,TRUE,FALSE,Google Science AI,2026-05-27,RSVEnsemble
Illinois,IL,2,wk inc rsv hosp,hosp,2026-05-30,2026-06-13,Google_SAI-RSVEns,7.5,10,11.5,13,18,29,45,8,10,10,10,20,30,50,0.05984280969491816,0.07979041292655754,0.09175897486554119,0.1037275368045248,0.1436227432678036,0.23139219748701692,0.359056858169509,0.06,0.08,0.09,0.1,0.14,0.23,0.36,TRUE,FALSE,Google Science AI,2026-05-27,RSVEnsemble
Illinois,IL,0,wk inc rsv hosp,hosp,2026-05-30,2026-05-30,RSVHub-baseline,0,0,12.749999999999998,31,49.25,83.10000000000001,140.1499999999999,0,0,10,30,50,80,140,0,0,0.10173277648136086,0.2473502800723284,0.39296778366329593,0.6630583314196934,1.1182626371657032,0,0,0.1,0.25,0.39,0.66,1.12,FALSE,FALSE,RSVHub-hub-models,2026-05-27,RSVHub baseline model
Illinois,IL,1,wk inc rsv hosp,hosp,2026-05-30,2026-06-06,RSVHub-baseline,0,0,3,31,65.14113641136412,110.08477184771847,180.4780405304046,0,0,3,30,70,110,180,0,0,0.023937123877967266,0.2473502800723284,0.5197638172767957,0.8783709402655334,1.4400417378096972,0,0,0.02,0.25,0.52,0.88,1.44,FALSE,FALSE,RSVHub-hub-models,2026-05-27,RSVHub baseline model
Illinois,IL,2,wk inc rsv hosp,hosp,2026-05-30,2026-06-13,RSVHub-baseline,0,0,0,31,76.24972249722495,130.82580625806253,211.0107761077613,0,0,0,30,80,130,210,0,0,0,0.2473502800723284,0.60839968435890035,1.0438645102780626,1.6836636957591657,0,0,0,0.25,0.61,1.04,1.68,FALSE,FALSE,RSVHub-hub-models,2026-05-27,RSVHub baseline model
Illinois,IL,0,wk inc rsv prop ed visits,prop_ed,2026-05-30,2026-05-30,RSVHub-baseline,0,0,3e-4,5e-4,7.000000000000001e-4,0.0015100000000000046,0.003152499999999999,0,0,3e-4,5e-4,7e-4,0.0015,0.0032,NA,NA,NA,NA,NA,NA,NA,NA,NA,NA,NA,NA,NA,NA,FALSE,FALSE,RSVHub-hub-models,2026-05-27,RSVHub baseline model
Illinois,IL,1,wk inc rsv prop ed visits,prop_ed,2026-05-30,2026-06-06,RSVHub-baseline,0,0,9.999999999999988e-5,5e-4,0.0011000000000000003,0.0024000000000000002,0.0038999999999999994,0,0,1e-4,5e-4,0.0011,0.0024,0.0039,NA,NA,NA,NA,NA,NA,NA,NA,NA,NA,NA,NA,NA,NA,FALSE,FALSE,RSVHub-hub-models,2026-05-27,RSVHub baseline model
Illinois,IL,2,wk inc rsv prop ed visits,prop_ed,2026-05-30,2026-06-13,RSVHub-baseline,0,0,0,5e-4,0.0014770892708927063,0.0028153767537675367,0.0045563093880938745,0,0,0,5e-4,0.0015,0.0028,0.0046,NA,NA,NA,NA,NA,NA,NA,NA,NA,NA,NA,NA,NA,NA,FALSE,FALSE,RSVHub-hub-models,2026-05-27,RSVHub baseline model
Illinois,IL,0,wk inc rsv hosp,hosp,2026-05-30,2026-05-30,UGA_flucast-INFLAenza,7,11,15,22,30,39,54,7,10,20,20,30,40,50,0.05585328904859029,0.08776945421921331,0.11968561938983632,0.17553890843842662,0.23937123877967265,0.3111826104135744,0.43086822980341083,0.06,0.09,0.12,0.18,0.24,0.31,0.43,TRUE,FALSE,UGA_flucast,2026-05-27,INFLAenza
Illinois,IL,1,wk inc rsv hosp,hosp,2026-05-30,2026-06-06,UGA_flucast-INFLAenza,4,7,11,17,25,35,49,4,7,10,20,30,40,50,0.03191616517062302,0.05585328904859029,0.08776945421921331,0.13564370197514786,0.19947603231639388,0.27926644524295147,0.390973023340132,0.03,0.06,0.09,0.14,0.2,0.28,0.39,TRUE,FALSE,UGA_flucast,2026-05-27,INFLAenza
Illinois,IL,2,wk inc rsv hosp,hosp,2026-05-30,2026-06-13,UGA_flucast-INFLAenza,3,5,8,12,19,28,43,3,5,8,10,20,30,40,0.023937123877967266,0.03989520646327877,0.06383233034124604,0.09574849551186906,0.15160178456045936,0.22341315619436117,0.3430987755841975,0.02,0.04,0.06,0.1,0.15,0.22,0.34,TRUE,FALSE,UGA_flucast,2026-05-27,INFLAenza
Illinois,IL,0,wk inc rsv prop ed visits,prop_ed,2026-05-30,2026-05-30,UGA_flucast-INFLAenza,1.732663501347096e-4,2.690925817082207e-4,3.853122539079924e-4,5.36206967407615e-4,7.264890513481104e-4,9.205988892729228e-4,0.0011803679350968492,1.7e-4,2.7e-4,3.9e-4,5.4e-4,7.3e-4,9.2e-4,0.0012,NA,NA,NA,NA,NA,NA,NA,NA,NA,NA,NA,NA,NA,NA,TRUE,FALSE,UGA_flucast,2026-05-27,INFLAenza
Illinois,IL,1,wk inc rsv prop ed visits,prop_ed,2026-05-30,2026-06-06,UGA_flucast-INFLAenza,1.262171416358481e-4,2.1683807256563375e-4,3.275882134981072e-4,4.899327859004244e-4,6.815201784834046e-4,9.061080666151282e-4,0.0012050780564268342,1.3e-4,2.2e-4,3.3e-4,4.9e-4,6.8e-4,9.1e-4,0.0012,NA,NA,NA,NA,NA,NA,NA,NA,NA,NA,NA,NA,NA,NA,TRUE,FALSE,UGA_flucast,2026-05-27,INFLAenza
Illinois,IL,2,wk inc rsv prop ed visits,prop_ed,2026-05-30,2026-06-13,UGA_flucast-INFLAenza,1.0061983849880376e-4,1.8631118650391045e-4,2.9045842395859225e-4,4.437080092419929e-4,6.360599468110457e-4,8.706211320631337e-4,0.0011702942704996297,1e-4,1.9e-4,2.9e-4,4.4e-4,6.4e-4,8.7e-4,0.0012,NA,NA,NA,NA,NA,NA,NA,NA,NA,NA,NA,NA,NA,NA,TRUE,FALSE,UGA_flucast,2026-05-27,INFLAenza
Illinois,IL,0,wk inc rsv hosp,hosp,2026-05-30,2026-05-30,RSVHub-ensemble,9.5,13.5,17,22.5,30.5,43.25,63,10,10,20,20,30,40,60,0.07580089228022968,0.10771705745085271,0.13564370197514786,0.1795284290847545,0.24336075942600052,0.3450935359073614,0.5026796014373126,0.08,0.11,0.14,0.18,0.24,0.35,0.5,FALSE,TRUE,RSVHub,2026-05-27,Ensemble using RSVHub forecast submissions
Illinois,IL,1,wk inc rsv hosp,hosp,2026-05-30,2026-06-06,RSVHub-ensemble,6,9,12,17,23.75,35.25,50,6,9,10,20,20,40,50,0.04787424775593453,0.0718113716339018,0.09574849551186906,0.13564370197514786,0.18950223070057418,0.2812612055661154,0.39895206463278776,0.05,0.07,0.1,0.14,0.19,0.28,0.4,FALSE,TRUE,RSVHub,2026-05-27,Ensemble using RSVHub forecast submissions
Illinois,IL,2,wk inc rsv hosp,hosp,2026-05-30,2026-06-13,RSVHub-ensemble,3,5,8,12,19,29,45,3,5,8,10,20,30,50,0.023937123877967266,0.03989520646327877,0.06383233034124604,0.09574849551186906,0.15160178456045936,0.23139219748701692,0.359056858169509,0.02,0.04,0.06,0.1,0.15,0.23,0.36,FALSE,TRUE,RSVHub,2026-05-27,Ensemble using RSVHub forecast submissions
Illinois,IL,0,wk inc rsv prop ed visits,prop_ed,2026-05-30,2026-05-30,RSVHub-ensemble,2.2112137662338234e-4,2.9579775578483043e-4,3.820840793122498e-4,4.922691010370986e-4,6.248907155257784e-4,7.613036972253804e-4,9.451908755356458e-4,2.2e-4,3e-4,3.8e-4,4.9e-4,6.2e-4,7.6e-4,9.5e-4,NA,NA,NA,NA,NA,NA,NA,NA,NA,NA,NA,NA,NA,NA,FALSE,TRUE,RSVHub,2026-05-27,Ensemble using RSVHub forecast submissions
Illinois,IL,1,wk inc rsv prop ed visits,prop_ed,2026-05-30,2026-06-06,RSVHub-ensemble,1.4336236509541903e-4,2.1868628893091145e-4,3.006954140693729e-4,4.1939834661473016e-4,5.633774511543496e-4,7.341270467361807e-4,9.680157424721976e-4,1.4e-4,2.2e-4,3e-4,4.2e-4,5.6e-4,7.3e-4,9.7e-4,NA,NA,NA,NA,NA,NA,NA,NA,NA,NA,NA,NA,NA,NA,FALSE,TRUE,RSVHub,2026-05-27,Ensemble using RSVHub forecast submissions
Indiana,IN,0,wk inc rsv hosp,hosp,2026-05-30,2026-05-30,CEPH-Rtrend_rsv,7,9,12,17,22,29,36,7,9,10,20,20,30,40,0.10202401062215698,0.13117372794277327,0.1748983039236977,0.24777259722523842,0.3206468905267791,0.4226709011489361,0.5246949117710931,0.1,0.13,0.17,0.25,0.32,0.42,0.52,TRUE,FALSE,CEPH Lab at Indiana University,2026-05-27,Rtrend RSV
Indiana,IN,1,wk inc rsv hosp,hosp,2026-05-30,2026-06-06,CEPH-Rtrend_rsv,4,6,8,12,18,25,34,4,6,8,10,20,30,30,0.05829943464123257,0.08744915196184885,0.11659886928246514,0.1748983039236977,0.26234745588554653,0.3643714665077036,0.49554519445047684,0.06,0.09,0.12,0.17,0.26,0.36,0.5,TRUE,FALSE,CEPH Lab at Indiana University,2026-05-27,Rtrend RSV
Indiana,IN,2,wk inc rsv hosp,hosp,2026-05-30,2026-06-13,CEPH-Rtrend_rsv,2,3,6,9,14,21,30,2,3,6,9,10,20,30,0.029149717320616286,0.04372457598092443,0.08744915196184885,0.13117372794277327,0.20404802124431395,0.306072031866471,0.43724575980924424,0.03,0.04,0.09,0.13,0.2,0.31,0.44,TRUE,FALSE,CEPH Lab at Indiana University,2026-05-27,Rtrend RSV
Indiana,IN,0,wk inc rsv prop ed visits,prop_ed,2026-05-30,2026-05-30,CFA_Pyrenew-Pyrenew_E_RSV,2.81895210559735e-4,3.687448503927548e-4,4.5006730343731007e-4,5.478763924244662e-4,6.648001533884844e-4,7.794495870541073e-4,9.171535423506827e-4,2.8e-4,3.7e-4,4.5e-4,5.5e-4,6.6e-4,7.8e-4,9.2e-4,NA,NA,NA,NA,NA,NA,NA,NA,NA,NA,NA,NA,NA,NA,TRUE,FALSE,Center for Forecasting and Outbreak Analytics (CFA/CDC) Pyrenew team,2026-05-27,Pyrenew_ED_Visits_RSV
Indiana,IN,1,wk inc rsv prop ed visits,prop_ed,2026-05-30,2026-06-06,CFA_Pyrenew-Pyrenew_E_RSV,1.660760997121925e-4,2.4461632015333957e-4,3.2954437327711525e-4,4.36996897786398e-4,5.611891352316433e-4,6.92985831111041e-4,8.947265401756184e-4,1.7e-4,2.4e-4,3.3e-4,4.4e-4,5.6e-4,6.9e-4,8.9e-4,NA,NA,NA,NA,NA,NA,NA,NA,NA,NA,NA,NA,NA,NA,TRUE,FALSE,Center for Forecasting and Outbreak Analytics (CFA/CDC) Pyrenew team,2026-05-27,Pyrenew_ED_Visits_RSV
Indiana,IN,0,wk inc rsv hosp,hosp,2026-05-30,2026-05-30,CFA_Pyrenew-Pyrenew_HE_RSV,9,11,14,18,22,27,32,9,10,10,20,20,30,30,0.13117372794277327,0.16032344526338954,0.20404802124431395,0.26234745588554653,0.3206468905267791,0.3935211838283198,0.46639547712986057,0.13,0.16,0.2,0.26,0.32,0.39,0.47,TRUE,FALSE,Center for Forecasting and Outbreak Analytics (CFA/CDC) Pyrenew team,2026-05-27,Pyrenew_Hospital_Admissions_ED_Visits_RSV
Indiana,IN,1,wk inc rsv hosp,hosp,2026-05-30,2026-06-06,CFA_Pyrenew-Pyrenew_HE_RSV,6,8,11,14,18,22,28,6,8,10,10,20,20,30,0.08744915196184885,0.11659886928246514,0.16032344526338954,0.20404802124431395,0.26234745588554653,0.3206468905267791,0.4080960424886279,0.09,0.12,0.16,0.2,0.26,0.32,0.41,TRUE,FALSE,Center for Forecasting and Outbreak Analytics (CFA/CDC) Pyrenew team,2026-05-27,Pyrenew_Hospital_Admissions_ED_Visits_RSV
Indiana,IN,0,wk inc rsv prop ed visits,prop_ed,2026-05-30,2026-05-30,CFA_Pyrenew-Pyrenew_HE_RSV,2.8806384864263335e-4,3.626877746728364e-4,4.396700068933045e-4,0.00053288966901536615,6.321913048995603e-4,7.406437666769196e-4,8.564145418853484e-4,2.9e-4,3.6e-4,4.4e-4,5.3e-4,6.3e-4,7.4e-4,8.6e-4,NA,NA,NA,NA,NA,NA,NA,NA,NA,NA,NA,NA,NA,NA,FALSE,FALSE,Center for Forecasting and Outbreak Analytics (CFA/CDC) Pyrenew team,2026-05-27,Pyrenew_Hospital_Admissions_ED_Visits_RSV
Indiana,IN,1,wk inc rsv prop ed visits,prop_ed,2026-05-30,2026-06-06,CFA_Pyrenew-Pyrenew_HE_RSV,1.6558722964156789e-4,2.360642910614442e-4,3.1552432665963757e-4,4.221348118509416e-4,5.396886008136748e-4,6.649070772883543e-4,8.588964736937308e-4,1.7e-4,2.4e-4,3.2e-4,4.2e-4,5.4e-4,6.6e-4,8.6e-4,NA,NA,NA,NA,NA,NA,NA,NA,NA,NA,NA,NA,NA,NA,FALSE,FALSE,Center for Forecasting and Outbreak Analytics (CFA/CDC) Pyrenew team,2026-05-27,Pyrenew_Hospital_Admissions_ED_Visits_RSV
Indiana,IN,0,wk inc rsv hosp,hosp,2026-05-30,2026-05-30,CFA_Pyrenew-Pyrenew_H_RSV,7,10,13,17,22,27,34,7,10,10,20,20,30,30,0.10202401062215698,0.14574858660308143,0.18947316258400584,0.24777259722523842,0.3206468905267791,0.3935211838283198,0.49554519445047684,0.1,0.15,0.19,0.25,0.32,0.39,0.5,FALSE,FALSE,Center for Forecasting and Outbreak Analytics (CFA/CDC) Pyrenew team,2026-05-27,Pyrenew_Hospital_Admissions_RSV
Indiana,IN,1,wk inc rsv hosp,hosp,2026-05-30,2026-06-06,CFA_Pyrenew-Pyrenew_H_RSV,3,6,9,13,18,24,33,3,6,9,10,20,20,30,0.04372457598092443,0.08744915196184885,0.13117372794277327,0.18947316258400584,0.26234745588554653,0.3497966078473954,0.4809703357901687,0.04,0.09,0.13,0.19,0.26,0.35,0.48,FALSE,FALSE,Center for Forecasting and Outbreak Analytics (CFA/CDC) Pyrenew team,2026-05-27,Pyrenew_Hospital_Admissions_RSV
Indiana,IN,0,wk inc rsv hosp,hosp,2026-05-30,2026-05-30,Google_SAI-RSVEns,8,11,15,17.5,21,29.5,46.5,8,10,20,20,20,30,50,0.11659886928246514,0.16032344526338954,0.21862287990462212,0.25506002655539245,0.306072031866471,0.42995833047909016,0.6777309277043286,0.12,0.16,0.22,0.26,0.31,0.43,0.68,TRUE,FALSE,Google Science AI,2026-05-27,RSVEnsemble
Indiana,IN,1,wk inc rsv hosp,hosp,2026-05-30,2026-06-06,Google_SAI-RSVEns,6,8,10.5,15,18,26,41,6,8,10,20,20,30,40,0.08744915196184885,0.11659886928246514,0.1530360159332355,0.21862287990462212,0.26234745588554653,0.3789463251680117,0.5975692050726339,0.09,0.12,0.15,0.22,0.26,0.38,0.6,TRUE,FALSE,Google Science AI,2026-05-27,RSVEnsemble
Indiana,IN,2,wk inc rsv hosp,hosp,2026-05-30,2026-06-13,Google_SAI-RSVEns,5.5,8,10,13,15.5,23.5,37.5,6,8,10,10,20,20,40,0.08016172263169477,0.11659886928246514,0.14574858660308143,0.18947316258400584,0.2259103092347762,0.34250917851724133,0.5465571997615553,0.08,0.12,0.15,0.19,0.23,0.34,0.55,TRUE,FALSE,Google Science AI,2026-05-27,RSVEnsemble
Indiana,IN,0,wk inc rsv hosp,hosp,2026-05-30,2026-05-30,RSVHub-baseline,0,0,14,22,30,50,86.1249999999999,0,0,10,20,30,50,90,0,0,0.20404802124431395,0.3206468905267791,0.43724575980924424,0.7287429330154072,1.2552597021190373,0,0,0.2,0.32,0.44,0.73,1.26,FALSE,FALSE,RSVHub-hub-models,2026-05-27,RSVHub baseline model
Indiana,IN,1,wk inc rsv hosp,hosp,2026-05-30,2026-06-06,RSVHub-baseline,0,0,8,22,38.6569315693157,66.87040770407701,113.14216092160883,0,0,8,20,40,70,110,0,0,0.11659886928246514,0.3206468905267791,0.5634193138639801,0.9746267408441031,1.6490310039542881,0,0,0.12,0.32,0.56,0.97,1.65,FALSE,FALSE,RSVHub-hub-models,2026-05-27,RSVHub baseline model
Indiana,IN,2,wk inc rsv hosp,hosp,2026-05-30,2026-06-13,RSVHub-baseline,0,0,1.0035100351003514,22,45.843630936309395,78.76711067110665,125.72918729187279,0,0,1,20,50,80,130,0,0,0.014626016925788484,0.3206468905267791,0.6681644413720392,1.1480195051122286,1.8324851342544566,0,0,0.01,0.32,0.67,1.15,1.83,FALSE,FALSE,RSVHub-hub-models,2026-05-27,RSVHub baseline model
Indiana,IN,0,wk inc rsv prop ed visits,prop_ed,2026-05-30,2026-05-30,RSVHub-baseline,0,0,5.000000000000002e-4,7.000000000000001e-4,9e-4,0.0014999999999999996,0.0026524999999999986,0,0,5e-4,7e-4,9e-4,0.0015,0.0027,NA,NA,NA,NA,NA,NA,NA,NA,NA,NA,NA,NA,NA,NA,FALSE,FALSE,RSVHub-hub-models,2026-05-27,RSVHub baseline model
Indiana,IN,1,wk inc rsv prop ed visits,prop_ed,2026-05-30,2026-06-06,RSVHub-baseline,0,0,3e-4,7.000000000000001e-4,0.0012,0.002003710937109374,0.0034605436054360493,0,0,3e-4,7e-4,0.0012,0.002,0.0035,NA,NA,NA,NA,NA,NA,NA,NA,NA,NA,NA,NA,NA,NA,FALSE,FALSE,RSVHub-hub-models,2026-05-27,RSVHub baseline model
Indiana,IN,2,wk inc rsv prop ed visits,prop_ed,2026-05-30,2026-06-13,RSVHub-baseline,0,0,1.000000000000002e-4,7.000000000000001e-4,0.0014,0.0024000407004070084,0.003824843248432484,0,0,1e-4,7e-4,0.0014,0.0024,0.0038,NA,NA,NA,NA,NA,NA,NA,NA,NA,NA,NA,NA,NA,NA,FALSE,FALSE,RSVHub-hub-models,2026-05-27,RSVHub baseline model
Indiana,IN,0,wk inc rsv hosp,hosp,2026-05-30,2026-05-30,UGA_flucast-INFLAenza,4,7,10,15,20,28,37,4,7,10,20,20,30,40,0.05829943464123257,0.10202401062215698,0.14574858660308143,0.21862287990462212,0.29149717320616286,0.4080960424886279,0.5392697704314012,0.06,0.1,0.15,0.22,0.29,0.41,0.54,TRUE,FALSE,UGA_flucast,2026-05-27,INFLAenza
Indiana,IN,1,wk inc rsv hosp,hosp,2026-05-30,2026-06-06,UGA_flucast-INFLAenza,2,5,7,11,17,24,36,2,5,7,10,20,20,40,0.029149717320616286,0.07287429330154072,0.10202401062215698,0.16032344526338954,0.24777259722523842,0.3497966078473954,0.5246949117710931,0.03,0.07,0.1,0.16,0.25,0.35,0.52,TRUE,FALSE,UGA_flucast,2026-05-27,INFLAenza
Indiana,IN,2,wk inc rsv hosp,hosp,2026-05-30,2026-06-13,UGA_flucast-INFLAenza,1,3,5,8,13,19,29,1,3,5,8,10,20,30,0.014574858660308143,0.04372457598092443,0.07287429330154072,0.11659886928246514,0.18947316258400584,0.2769223145458547,0.4226709011489361,0.01,0.04,0.07,0.12,0.19,0.28,0.42,TRUE,FALSE,UGA_flucast,2026-05-27,INFLAenza
Indiana,IN,0,wk inc rsv prop ed visits,prop_ed,2026-05-30,2026-05-30,UGA_flucast-INFLAenza,2.0676670375077206e-4,3.1657551060056886e-4,4.423992075163868e-4,6.123525352312585e-4,8.283881324185748e-4,0.0010516591656511047,0.0013478919378985348,2.1e-4,3.2e-4,4.4e-4,6.1e-4,8.3e-4,0.0011,0.0013,NA,NA,NA,NA,NA,NA,NA,NA,NA,NA,NA,NA,NA,NA,TRUE,FALSE,UGA_flucast,2026-05-27,INFLAenza
Indiana,IN,1,wk inc rsv prop ed visits,prop_ed,2026-05-30,2026-06-06,UGA_flucast-INFLAenza,1.5969756617991517e-4,2.56859961838115e-4,3.750340239653563e-4,5.495934913843676e-4,7.690763039726056e-4,0.0010043340789926754,0.0013012601725879915,1.6e-4,2.6e-4,3.8e-4,5.5e-4,7.7e-4,0.001,0.0013,NA,NA,NA,NA,NA,NA,NA,NA,NA,NA,NA,NA,NA,NA,TRUE,FALSE,UGA_flucast,2026-05-27,INFLAenza
Indiana,IN,2,wk inc rsv prop ed visits,prop_ed,2026-05-30,2026-06-13,UGA_flucast-INFLAenza,1.1846362776133289e-4,2.150984162454333e-4,3.3328125090338373e-4,5.004093332018642e-4,7.100754731530195e-4,9.656443461968665e-4,0.0013070866910997088,1.2e-4,2.2e-4,3.3e-4,5e-4,7.1e-4,9.7e-4,0.0013,NA,NA,NA,NA,NA,NA,NA,NA,NA,NA,NA,NA,NA,NA,TRUE,FALSE,UGA_flucast,2026-05-27,INFLAenza
Indiana,IN,0,wk inc rsv hosp,hosp,2026-05-30,2026-05-30,RSVHub-ensemble,7.5,10,13,17.25,21.5,28.5,36.5,8,10,10,20,20,30,40,0.10931143995231106,0.14574858660308143,0.18947316258400584,0.2514163118903155,0.31335946119662506,0.415383471818782,0.5319823411012472,0.11,0.15,0.19,0.25,0.31,0.42,0.53,FALSE,TRUE,RSVHub,2026-05-27,Ensemble using RSVHub forecast submissions
Indiana,IN,1,wk inc rsv hosp,hosp,2026-05-30,2026-06-06,RSVHub-ensemble,5,7,9.25,13,18,24.5,35,5,7,9,10,20,20,40,0.07287429330154072,0.10202401062215698,0.1348174426078503,0.18947316258400584,0.26234745588554653,0.3570840371775495,0.5101200531107849,0.07,0.1,0.13,0.19,0.26,0.36,0.51,FALSE,TRUE,RSVHub,2026-05-27,Ensemble using RSVHub forecast submissions
Indiana,IN,2,wk inc rsv hosp,hosp,2026-05-30,2026-06-13,RSVHub-ensemble,2,3,6,9,14,21,30,2,3,6,9,10,20,30,0.029149717320616286,0.04372457598092443,0.08744915196184885,0.13117372794277327,0.20404802124431395,0.306072031866471,0.43724575980924424,0.03,0.04,0.09,0.13,0.2,0.31,0.44,FALSE,TRUE,RSVHub,2026-05-27,Ensemble using RSVHub forecast submissions
Indiana,IN,0,wk inc rsv prop ed visits,prop_ed,2026-05-30,2026-05-30,RSVHub-ensemble,2.4433095715525356e-4,3.4266018049666184e-4,4.462332554768484e-4,5.801144638278624e-4,7.465941429035297e-4,9.15554376352606e-4,0.0011325227401246087,2.4e-4,3.4e-4,4.5e-4,5.8e-4,7.5e-4,9.2e-4,0.0011,NA,NA,NA,NA,NA,NA,NA,NA,NA,NA,NA,NA,NA,NA,FALSE,TRUE,RSVHub,2026-05-27,Ensemble using RSVHub forecast submissions
Indiana,IN,1,wk inc rsv prop ed visits,prop_ed,2026-05-30,2026-06-06,RSVHub-ensemble,1.6288683294605382e-4,2.5073814099572727e-4,3.5228919862123577e-4,4.932951945853828e-4,6.651327196021244e-4,8.486599550518582e-4,0.001097993356381805,1.6e-4,2.5e-4,3.5e-4,4.9e-4,6.7e-4,8.5e-4,0.0011,NA,NA,NA,NA,NA,NA,NA,NA,NA,NA,NA,NA,NA,NA,FALSE,TRUE,RSVHub,2026-05-27,Ensemble using RSVHub forecast submissions
Iowa,IA,0,wk inc rsv hosp,hosp,2026-05-30,2026-05-30,CEPH-Rtrend_rsv,5,7,9,12,16,21,26,5,7,9,10,20,20,30,0.15592295160900013,0.2182921322526002,0.2806613128962002,0.3742150838616003,0.49895344514880036,0.6548763967578005,0.8107993483668007,0.16,0.22,0.28,0.37,0.5,0.65,0.81,TRUE,FALSE,CEPH Lab at Indiana University,2026-05-27,Rtrend RSV
Iowa,IA,1,wk inc rsv hosp,hosp,2026-05-30,2026-06-06,CEPH-Rtrend_rsv,3,5,7,10,14,19,26,3,5,7,10,10,20,30,0.09355377096540007,0.15592295160900013,0.2182921322526002,0.31184590321800026,0.4365842645052004,0.5925072161142004,0.8107993483668007,0.09,0.16,0.22,0.31,0.44,0.59,0.81,TRUE,FALSE,CEPH Lab at Indiana University,2026-05-27,Rtrend RSV
Iowa,IA,2,wk inc rsv hosp,hosp,2026-05-30,2026-06-13,CEPH-Rtrend_rsv,2,3,5,8,12,17,25,2,3,5,8,10,20,30,0.062369180643600045,0.09355377096540007,0.15592295160900013,0.24947672257440018,0.3742150838616003,0.5301380354706003,0.7796147580450007,0.06,0.09,0.16,0.25,0.37,0.53,0.78,TRUE,FALSE,CEPH Lab at Indiana University,2026-05-27,Rtrend RSV
Iowa,IA,0,wk inc rsv hosp,hosp,2026-05-30,2026-05-30,CFA_Pyrenew-Pyrenew_H_RSV,2,4,6,9,12,15,20,2,4,6,9,10,20,20,0.062369180643600045,0.12473836128720009,0.18710754193080015,0.2806613128962002,0.3742150838616003,0.4677688548270003,0.6236918064360005,0.06,0.12,0.19,0.28,0.37,0.47,0.62,FALSE,FALSE,Center for Forecasting and Outbreak Analytics (CFA/CDC) Pyrenew team,2026-05-27,Pyrenew_Hospital_Admissions_RSV
Iowa,IA,1,wk inc rsv hosp,hosp,2026-05-30,2026-06-06,CFA_Pyrenew-Pyrenew_H_RSV,1,2,4,6,9,13,19,1,2,4,6,9,10,20,0.031184590321800022,0.062369180643600045,0.12473836128720009,0.18710754193080015,0.2806613128962002,0.40539967418340034,0.5925072161142004,0.03,0.06,0.12,0.19,0.28,0.41,0.59,FALSE,FALSE,Center for Forecasting and Outbreak Analytics (CFA/CDC) Pyrenew team,2026-05-27,Pyrenew_Hospital_Admissions_RSV
Iowa,IA,0,wk inc rsv hosp,hosp,2026-05-30,2026-05-30,Google_SAI-RSVEns,2,3.5,5,8.5,10.5,14.5,28.5,2,4,5,9,10,10,30,0.062369180643600045,0.1091460661263001,0.15592295160900013,0.26506901773530017,0.32743819837890026,0.4521765596661004,0.8887608241713008,0.06,0.11,0.16,0.27,0.33,0.45,0.89,TRUE,FALSE,Google Science AI,2026-05-27,RSVEnsemble
Iowa,IA,1,wk inc rsv hosp,hosp,2026-05-30,2026-06-06,Google_SAI-RSVEns,2,3.5,4.5,7.5,9,13.5,25,2,4,5,8,9,10,30,0.062369180643600045,0.1091460661263001,0.1403306564481001,0.23388442741350016,0.2806613128962002,0.4209919693443004,0.7796147580450007,0.06,0.11,0.14,0.23,0.28,0.42,0.78,TRUE,FALSE,Google Science AI,2026-05-27,RSVEnsemble
Iowa,IA,2,wk inc rsv hosp,hosp,2026-05-30,2026-06-13,Google_SAI-RSVEns,1.5,2,4,6.5,8.5,13,20.5,2,2,4,7,9,10,20,0.04677688548270004,0.062369180643600045,0.12473836128720009,0.20269983709170017,0.26506901773530017,0.40539967418340034,0.6392841015969005,0.05,0.06,0.12,0.2,0.27,0.41,0.64,TRUE,FALSE,Google Science AI,2026-05-27,RSVEnsemble
Iowa,IA,0,wk inc rsv hosp,hosp,2026-05-30,2026-05-30,RSVHub-baseline,0,0,4.749999999999998,8,11.25,25.200000000000003,52.99999999999926,0,0,5,8,10,30,50,0,0,0.14812680402855005,0.24947672257440018,0.3508266411202503,0.7858516761093608,1.6527832870553785,0,0,0.15,0.25,0.35,0.79,1.65,FALSE,FALSE,RSVHub-hub-models,2026-05-27,RSVHub baseline model
Iowa,IA,1,wk inc rsv hosp,hosp,2026-05-30,2026-06-06,RSVHub-baseline,0,0,0.9270542705427047,8,20.516770167701665,36.501770017700196,93.74174991749919,0,0,1,8,20,40,90,0,0,0.02890980763294941,0.24947672257440018,0.6398070724063047,1.1382927440225439,2.9232980672258435,0,0,0.03,0.25,0.64,1.14,2.92,FALSE,FALSE,RSVHub-hub-models,2026-05-27,RSVHub baseline model
Iowa,IA,2,wk inc rsv hosp,hosp,2026-05-30,2026-06-13,RSVHub-baseline,0,0,0,8,24.236837368373692,46.76853868538701,100.67775477754766,0,0,0,8,20,50,100,0,0,0,0.24947672257440018,0.7558158440288274,1.4584577188530496,3.139594537256469,0,0,0,0.25,0.76,1.46,3.14,FALSE,FALSE,RSVHub-hub-models,2026-05-27,RSVHub baseline model
Iowa,IA,0,wk inc rsv prop ed visits,prop_ed,2026-05-30,2026-05-30,RSVHub-baseline,0,0,0,0,3.000000000000001e-4,0.0014,0.002999999999999999,0,0,0,0,3e-4,0.0014,0.003,NA,NA,NA,NA,NA,NA,NA,NA,NA,NA,NA,NA,NA,NA,FALSE,FALSE,RSVHub-hub-models,2026-05-27,RSVHub baseline model
Iowa,IA,1,wk inc rsv prop ed visits,prop_ed,2026-05-30,2026-06-06,RSVHub-baseline,0,0,0,0,8.110968609686087e-4,0.0021297302973029733,0.004263751437514376,0,0,0,0,8.1e-4,0.0021,0.0043,NA,NA,NA,NA,NA,NA,NA,NA,NA,NA,NA,NA,NA,NA,FALSE,FALSE,RSVHub-hub-models,2026-05-27,RSVHub baseline model
Iowa,IA,2,wk inc rsv prop ed visits,prop_ed,2026-05-30,2026-06-13,RSVHub-baseline,0,0,0,0,0.0012286395363953618,0.0027930462304623046,0.004827065470654712,0,0,0,0,0.0012,0.0028,0.0048,NA,NA,NA,NA,NA,NA,NA,NA,NA,NA,NA,NA,NA,NA,FALSE,FALSE,RSVHub-hub-models,2026-05-27,RSVHub baseline model
Iowa,IA,0,wk inc rsv hosp,hosp,2026-05-30,2026-05-30,UGA_flucast-INFLAenza,2,4,7,10,14,19,27,2,4,7,10,10,20,30,0.062369180643600045,0.12473836128720009,0.2182921322526002,0.31184590321800026,0.4365842645052004,0.5925072161142004,0.8419839386886008,0.06,0.12,0.22,0.31,0.44,0.59,0.84,TRUE,FALSE,UGA_flucast,2026-05-27,INFLAenza
Iowa,IA,1,wk inc rsv hosp,hosp,2026-05-30,2026-06-06,UGA_flucast-INFLAenza,1,3,5,8,11,16,24,1,3,5,8,10,20,20,0.031184590321800022,0.09355377096540007,0.15592295160900013,0.24947672257440018,0.34303049353980025,0.49895344514880036,0.7484301677232006,0.03,0.09,0.16,0.25,0.34,0.5,0.75,TRUE,FALSE,UGA_flucast,2026-05-27,INFLAenza
Iowa,IA,2,wk inc rsv hosp,hosp,2026-05-30,2026-06-13,UGA_flucast-INFLAenza,1,2,3,6,9,13,20,1,2,3,6,9,10,20,0.031184590321800022,0.062369180643600045,0.09355377096540007,0.18710754193080015,0.2806613128962002,0.40539967418340034,0.6236918064360005,0.03,0.06,0.09,0.19,0.28,0.41,0.62,TRUE,FALSE,UGA_flucast,2026-05-27,INFLAenza
Iowa,IA,0,wk inc rsv prop ed visits,prop_ed,2026-05-30,2026-05-30,UGA_flucast-INFLAenza,5.0967978444090196e-5,9.531451067051353e-5,1.5568338251855976e-4,2.4955579176312587e-4,3.7089172465171806e-4,5.133893382927561e-4,6.87038879098885e-4,5.1e-5,9.5e-5,1.6e-4,2.5e-4,3.7e-4,5.1e-4,6.9e-4,NA,NA,NA,NA,NA,NA,NA,NA,NA,NA,NA,NA,NA,NA,TRUE,FALSE,UGA_flucast,2026-05-27,INFLAenza
Iowa,IA,1,wk inc rsv prop ed visits,prop_ed,2026-05-30,2026-06-06,UGA_flucast-INFLAenza,3.6537028411915045e-5,7.826280500957253e-5,1.3757472071018403e-4,2.2844906061660823e-4,3.5173209147851156e-4,4.959401713966451e-4,6.768663850705758e-4,3.7e-5,7.8e-5,1.4e-4,2.3e-4,3.5e-4,5e-4,6.8e-4,NA,NA,NA,NA,NA,NA,NA,NA,NA,NA,NA,NA,NA,NA,TRUE,FALSE,UGA_flucast,2026-05-27,INFLAenza
Iowa,IA,2,wk inc rsv prop ed visits,prop_ed,2026-05-30,2026-06-13,UGA_flucast-INFLAenza,2.793608101028664e-5,6.81662130490392e-5,1.2508396966910386e-4,2.1398821914116618e-4,3.3817620171945286e-4,4.7702106817440514e-4,6.951107059968513e-4,2.8e-5,6.8e-5,1.3e-4,2.1e-4,3.4e-4,4.8e-4,7e-4,NA,NA,NA,NA,NA,NA,NA,NA,NA,NA,NA,NA,NA,NA,TRUE,FALSE,UGA_flucast,2026-05-27,INFLAenza
Iowa,IA,0,wk inc rsv hosp,hosp,2026-05-30,2026-05-30,RSVHub-ensemble,2,4,7,10,14,19,27,2,4,7,10,10,20,30,0.062369180643600045,0.12473836128720009,0.2182921322526002,0.31184590321800026,0.4365842645052004,0.5925072161142004,0.8419839386886008,0.06,0.12,0.22,0.31,0.44,0.59,0.84,FALSE,TRUE,RSVHub,2026-05-27,Ensemble using RSVHub forecast submissions
Iowa,IA,1,wk inc rsv hosp,hosp,2026-05-30,2026-06-06,RSVHub-ensemble,2,3.5,5,8,11,16,25,2,4,5,8,10,20,30,0.062369180643600045,0.1091460661263001,0.15592295160900013,0.24947672257440018,0.34303049353980025,0.49895344514880036,0.7796147580450007,0.06,0.11,0.16,0.25,0.34,0.5,0.78,FALSE,TRUE,RSVHub,2026-05-27,Ensemble using RSVHub forecast submissions
Iowa,IA,2,wk inc rsv hosp,hosp,2026-05-30,2026-06-13,RSVHub-ensemble,1.5,2,4,6.5,9,13,20.5,2,2,4,7,9,10,20,0.04677688548270004,0.062369180643600045,0.12473836128720009,0.20269983709170017,0.2806613128962002,0.40539967418340034,0.6392841015969005,0.05,0.06,0.12,0.2,0.28,0.41,0.64,FALSE,TRUE,RSVHub,2026-05-27,Ensemble using RSVHub forecast submissions
Kansas,KS,0,wk inc rsv hosp,hosp,2026-05-30,2026-05-30,CEPH-Rtrend_rsv,3,4,5,7,10,13,16,3,4,5,7,10,10,20,0.10273582065887221,0.13698109421182963,0.17122636776478703,0.23971691487070185,0.34245273552957406,0.44518855618844627,0.5479243768473185,0.1,0.14,0.17,0.24,0.34,0.45,0.55,TRUE,FALSE,CEPH Lab at Indiana University,2026-05-27,Rtrend RSV
Kansas,KS,1,wk inc rsv hosp,hosp,2026-05-30,2026-06-06,CEPH-Rtrend_rsv,2,3,4,6,9,12,17,2,3,4,6,9,10,20,0.06849054710591482,0.10273582065887221,0.13698109421182963,0.20547164131774442,0.30820746197661664,0.41094328263548885,0.5821696504002758,0.07,0.1,0.14,0.21,0.31,0.41,0.58,TRUE,FALSE,CEPH Lab at Indiana University,2026-05-27,Rtrend RSV
Kansas,KS,2,wk inc rsv hosp,hosp,2026-05-30,2026-06-13,CEPH-Rtrend_rsv,1,2,3,5,8,11,16,1,2,3,5,8,10,20,0.03424527355295741,0.06849054710591482,0.10273582065887221,0.17122636776478703,0.27396218842365927,0.3766980090825315,0.5479243768473185,0.03,0.07,0.1,0.17,0.27,0.38,0.55,TRUE,FALSE,CEPH Lab at Indiana University,2026-05-27,Rtrend RSV
Kansas,KS,0,wk inc rsv prop ed visits,prop_ed,2026-05-30,2026-05-30,CFA_Pyrenew-Pyrenew_E_RSV,8.225482068737352e-5,1.599599741106368e-4,2.1255392228839318e-4,3.206558085988533e-4,4.2123247912824826e-4,5.414605827942471e-4,6.938111434218975e-4,8.2e-5,1.6e-4,2.1e-4,3.2e-4,4.2e-4,5.4e-4,6.9e-4,NA,NA,NA,NA,NA,NA,NA,NA,NA,NA,NA,NA,NA,NA,TRUE,FALSE,Center for Forecasting and Outbreak Analytics (CFA/CDC) Pyrenew team,2026-05-27,Pyrenew_ED_Visits_RSV
Kansas,KS,1,wk inc rsv prop ed visits,prop_ed,2026-05-30,2026-06-06,CFA_Pyrenew-Pyrenew_E_RSV,3.945643595310292e-5,8.133816566233948e-5,1.5682729171459444e-4,2.431052509470849e-4,3.589943682010887e-4,4.905474102371584e-4,6.884889834313787e-4,3.9e-5,8.1e-5,1.6e-4,2.4e-4,3.6e-4,4.9e-4,6.9e-4,NA,NA,NA,NA,NA,NA,NA,NA,NA,NA,NA,NA,NA,NA,TRUE,FALSE,Center for Forecasting and Outbreak Analytics (CFA/CDC) Pyrenew team,2026-05-27,Pyrenew_ED_Visits_RSV
Kansas,KS,0,wk inc rsv hosp,hosp,2026-05-30,2026-05-30,CFA_Pyrenew-Pyrenew_HE_RSV,1,2,3,5,6,8,10,1,2,3,5,6,8,10,0.03424527355295741,0.06849054710591482,0.10273582065887221,0.17122636776478703,0.20547164131774442,0.27396218842365927,0.34245273552957406,0.03,0.07,0.1,0.17,0.21,0.27,0.34,TRUE,FALSE,Center for Forecasting and Outbreak Analytics (CFA/CDC) Pyrenew team,2026-05-27,Pyrenew_Hospital_Admissions_ED_Visits_RSV
Kansas,KS,1,wk inc rsv hosp,hosp,2026-05-30,2026-06-06,CFA_Pyrenew-Pyrenew_HE_RSV,0,1,2,3,5,7,9.024999999999864,0,1,2,3,5,7,9,0,0.03424527355295741,0.06849054710591482,0.10273582065887221,0.17122636776478703,0.23971691487070185,0.3090635938154359,0,0.03,0.07,0.1,0.17,0.24,0.31,TRUE,FALSE,Center for Forecasting and Outbreak Analytics (CFA/CDC) Pyrenew team,2026-05-27,Pyrenew_Hospital_Admissions_ED_Visits_RSV
Kansas,KS,0,wk inc rsv prop ed visits,prop_ed,2026-05-30,2026-05-30,CFA_Pyrenew-Pyrenew_HE_RSV,8.477249654081267e-5,1.6627410482039504e-4,2.451531303612637e-4,3.3273839943242367e-4,4.4925031472400944e-4,5.717643788218731e-4,7.051405085781179e-4,8.5e-5,1.7e-4,2.5e-4,3.3e-4,4.5e-4,5.7e-4,7.1e-4,NA,NA,NA,NA,NA,NA,NA,NA,NA,NA,NA,NA,NA,NA,FALSE,FALSE,Center for Forecasting and Outbreak Analytics (CFA/CDC) Pyrenew team,2026-05-27,Pyrenew_Hospital_Admissions_ED_Visits_RSV
Kansas,KS,1,wk inc rsv prop ed visits,prop_ed,2026-05-30,2026-06-06,CFA_Pyrenew-Pyrenew_HE_RSV,4.026721008099852e-5,1.1593041185149324e-4,1.6321667725298312e-4,2.4848615132200453e-4,3.7815119883912503e-4,5.252105508803546e-4,7.044930640144196e-4,4e-5,1.2e-4,1.6e-4,2.5e-4,3.8e-4,5.3e-4,7e-4,NA,NA,NA,NA,NA,NA,NA,NA,NA,NA,NA,NA,NA,NA,FALSE,FALSE,Center for Forecasting and Outbreak Analytics (CFA/CDC) Pyrenew team,2026-05-27,Pyrenew_Hospital_Admissions_ED_Visits_RSV
Kansas,KS,0,wk inc rsv hosp,hosp,2026-05-30,2026-05-30,CFA_Pyrenew-Pyrenew_H_RSV,1,2,4,6,8,11,15.024999999999864,1,2,4,6,8,10,20,0.03424527355295741,0.06849054710591482,0.13698109421182963,0.20547164131774442,0.27396218842365927,0.3766980090825315,0.5145352351331803,0.03,0.07,0.14,0.21,0.27,0.38,0.51,FALSE,FALSE,Center for Forecasting and Outbreak Analytics (CFA/CDC) Pyrenew team,2026-05-27,Pyrenew_Hospital_Admissions_RSV
Kansas,KS,1,wk inc rsv hosp,hosp,2026-05-30,2026-06-06,CFA_Pyrenew-Pyrenew_H_RSV,0,1,3,5,7,11,17,0,1,3,5,7,10,20,0,0.03424527355295741,0.10273582065887221,0.17122636776478703,0.23971691487070185,0.3766980090825315,0.5821696504002758,0,0.03,0.1,0.17,0.24,0.38,0.58,FALSE,FALSE,Center for Forecasting and Outbreak Analytics (CFA/CDC) Pyrenew team,2026-05-27,Pyrenew_Hospital_Admissions_RSV
Kansas,KS,0,wk inc rsv hosp,hosp,2026-05-30,2026-05-30,Google_SAI-RSVEns,1.5,2.5,4,5.5,7.5,11.5,17.5,2,3,4,6,8,10,20,0.051367910329436106,0.08561318388239351,0.13698109421182963,0.18834900454126574,0.25683955164718053,0.39382064585901017,0.5992922871767546,0.05,0.09,0.14,0.19,0.26,0.39,0.6,TRUE,FALSE,Google Science AI,2026-05-27,RSVEnsemble
Kansas,KS,1,wk inc rsv hosp,hosp,2026-05-30,2026-06-06,Google_SAI-RSVEns,1.5,2,3.5,5,6.5,9,15.5,2,2,4,5,7,9,20,0.051367910329436106,0.06849054710591482,0.11985845743535092,0.17122636776478703,0.22259427809422314,0.30820746197661664,0.5308017400708398,0.05,0.07,0.12,0.17,0.22,0.31,0.53,TRUE,FALSE,Google Science AI,2026-05-27,RSVEnsemble
Kansas,KS,2,wk inc rsv hosp,hosp,2026-05-30,2026-06-13,Google_SAI-RSVEns,0.5,1.5,3,4,5,8,10.5,1,2,3,4,5,8,10,0.017122636776478704,0.051367910329436106,0.10273582065887221,0.13698109421182963,0.17122636776478703,0.27396218842365927,0.35957537230605274,0.02,0.05,0.1,0.14,0.17,0.27,0.36,TRUE,FALSE,Google Science AI,2026-05-27,RSVEnsemble
Kansas,KS,0,wk inc rsv hosp,hosp,2026-05-30,2026-05-30,RSVHub-baseline,0,0,2.7499999999999982,7,11.25,20.1,41,0,0,3,7,10,20,40,0,0,0.0941745022706328,0.23971691487070185,0.3852593274707708,0.6883299984144439,1.4040562156712535,0,0,0.09,0.24,0.39,0.69,1.4,FALSE,FALSE,RSVHub-hub-models,2026-05-27,RSVHub baseline model
Kansas,KS,1,wk inc rsv hosp,hosp,2026-05-30,2026-06-06,RSVHub-baseline,0,0,1,7,16,31.958950589505886,48.46063660636604,0,0,1,7,20,30,50,0,0,0.03424527355295741,0.23971691487070185,0.5479243768473185,1.0944430054030783,1.6595477571354664,0,0,0.03,0.24,0.55,1.09,1.66,FALSE,FALSE,RSVHub-hub-models,2026-05-27,RSVHub baseline model
Kansas,KS,2,wk inc rsv hosp,hosp,2026-05-30,2026-06-13,RSVHub-baseline,0,0,0,7,19,36.98520685206853,54.15578180781802,0,0,0,7,20,40,50,0,0,0,0.23971691487070185,0.6506601975061906,1.2665685260618014,1.8545795624830022,0,0,0,0.24,0.65,1.27,1.85,FALSE,FALSE,RSVHub-hub-models,2026-05-27,RSVHub baseline model
Kansas,KS,0,wk inc rsv prop ed visits,prop_ed,2026-05-30,2026-05-30,RSVHub-baseline,0,0,2.999999999999999e-4,5e-4,7.000000000000001e-4,0.0015999999999999999,0.0027574999999999956,0,0,3e-4,5e-4,7e-4,0.0016,0.0028,NA,NA,NA,NA,NA,NA,NA,NA,NA,NA,NA,NA,NA,NA,FALSE,FALSE,RSVHub-hub-models,2026-05-27,RSVHub baseline model
Kansas,KS,1,wk inc rsv prop ed visits,prop_ed,2026-05-30,2026-06-06,RSVHub-baseline,0,0,9.999999999999996e-5,5e-4,0.0011,0.0020284829848298495,0.0038284549345493435,0,0,1e-4,5e-4,0.0011,0.002,0.0038,NA,NA,NA,NA,NA,NA,NA,NA,NA,NA,NA,NA,NA,NA,FALSE,FALSE,RSVHub-hub-models,2026-05-27,RSVHub baseline model
Kansas,KS,2,wk inc rsv prop ed visits,prop_ed,2026-05-30,2026-06-13,RSVHub-baseline,0,0,0,5e-4,0.0013560100601006013,0.002484007740077405,0.004289839023390232,0,0,0,5e-4,0.0014,0.0025,0.0043,NA,NA,NA,NA,NA,NA,NA,NA,NA,NA,NA,NA,NA,NA,FALSE,FALSE,RSVHub-hub-models,2026-05-27,RSVHub baseline model
Kansas,KS,0,wk inc rsv hosp,hosp,2026-05-30,2026-05-30,UGA_flucast-INFLAenza,1,2,3,5,8,11,16,1,2,3,5,8,10,20,0.03424527355295741,0.06849054710591482,0.10273582065887221,0.17122636776478703,0.27396218842365927,0.3766980090825315,0.5479243768473185,0.03,0.07,0.1,0.17,0.27,0.38,0.55,TRUE,FALSE,UGA_flucast,2026-05-27,INFLAenza
Kansas,KS,1,wk inc rsv hosp,hosp,2026-05-30,2026-06-06,UGA_flucast-INFLAenza,0,1,2,4,7,10,14,0,1,2,4,7,10,10,0,0.03424527355295741,0.06849054710591482,0.13698109421182963,0.23971691487070185,0.34245273552957406,0.4794338297414037,0,0.03,0.07,0.14,0.24,0.34,0.48,TRUE,FALSE,UGA_flucast,2026-05-27,INFLAenza
Kansas,KS,2,wk inc rsv hosp,hosp,2026-05-30,2026-06-13,UGA_flucast-INFLAenza,0,1,2,3,5,8,13,0,1,2,3,5,8,10,0,0.03424527355295741,0.06849054710591482,0.10273582065887221,0.17122636776478703,0.27396218842365927,0.44518855618844627,0,0.03,0.07,0.1,0.17,0.27,0.45,TRUE,FALSE,UGA_flucast,2026-05-27,INFLAenza
Kansas,KS,0,wk inc rsv prop ed visits,prop_ed,2026-05-30,2026-05-30,UGA_flucast-INFLAenza,1.2457951298650512e-4,2.0496324114347293e-4,2.9892307164617693e-4,4.2814824467966324e-4,6.008777473215019e-4,7.89280756569704e-4,0.0010389943225420312,1.2e-4,2e-4,3e-4,4.3e-4,6e-4,7.9e-4,0.001,NA,NA,NA,NA,NA,NA,NA,NA,NA,NA,NA,NA,NA,NA,TRUE,FALSE,UGA_flucast,2026-05-27,INFLAenza
Kansas,KS,1,wk inc rsv prop ed visits,prop_ed,2026-05-30,2026-06-06,UGA_flucast-INFLAenza,9.38183492056514e-5,1.6523676306472922e-4,2.572749407408172e-4,3.835705215436441e-4,5.576273449089488e-4,7.55584860782828e-4,0.001022451252706609,9.4e-5,1.7e-4,2.6e-4,3.8e-4,5.6e-4,7.6e-4,0.001,NA,NA,NA,NA,NA,NA,NA,NA,NA,NA,NA,NA,NA,NA,TRUE,FALSE,UGA_flucast,2026-05-27,INFLAenza
Kansas,KS,2,wk inc rsv prop ed visits,prop_ed,2026-05-30,2026-06-13,UGA_flucast-INFLAenza,6.775107384562366e-5,1.3645456343014357e-4,2.2195369286733064e-4,3.487468864729761e-4,5.148307410562676e-4,7.111045802562193e-4,9.876671238413513e-4,6.8e-5,1.4e-4,2.2e-4,3.5e-4,5.1e-4,7.1e-4,9.9e-4,NA,NA,NA,NA,NA,NA,NA,NA,NA,NA,NA,NA,NA,NA,TRUE,FALSE,UGA_flucast,2026-05-27,INFLAenza
Kansas,KS,0,wk inc rsv hosp,hosp,2026-05-30,2026-05-30,RSVHub-ensemble,1.25,2.25,3.5,5.25,7.75,11.25,16,1,2,4,5,8,10,20,0.04280659194119676,0.07705186549415416,0.11985845743535092,0.17978768615302637,0.2654008700354199,0.3852593274707708,0.5479243768473185,0.04,0.08,0.12,0.18,0.27,0.39,0.55,FALSE,TRUE,RSVHub,2026-05-27,Ensemble using RSVHub forecast submissions
Kansas,KS,1,wk inc rsv hosp,hosp,2026-05-30,2026-06-06,RSVHub-ensemble,0.75,1.5,2.75,4.5,6.75,9.5,14.75,1,2,3,5,7,10,10,0.025683955164718053,0.051367910329436106,0.09417450227063287,0.15410373098830832,0.23115559648246248,0.3253300987530953,0.5051177849061217,0.03,0.05,0.09,0.15,0.23,0.33,0.51,FALSE,TRUE,RSVHub,2026-05-27,Ensemble using RSVHub forecast submissions
Kansas,KS,2,wk inc rsv hosp,hosp,2026-05-30,2026-06-13,RSVHub-ensemble,0.5,1.5,3,4,5,8,13,1,2,3,4,5,8,10,0.017122636776478704,0.051367910329436106,0.10273582065887221,0.13698109421182963,0.17122636776478703,0.27396218842365927,0.44518855618844627,0.02,0.05,0.1,0.14,0.17,0.27,0.45,FALSE,TRUE,RSVHub,2026-05-27,Ensemble using RSVHub forecast submissions
Kansas,KS,0,wk inc rsv prop ed visits,prop_ed,2026-05-30,2026-05-30,RSVHub-ensemble,1.0341716683693933e-4,1.8246160762705487e-4,2.5573849696728507e-4,3.7440202663925826e-4,5.110551132248751e-4,6.653706696819755e-4,8.664027329819644e-4,1e-4,1.8e-4,2.6e-4,3.7e-4,5.1e-4,6.7e-4,8.7e-4,NA,NA,NA,NA,NA,NA,NA,NA,NA,NA,NA,NA,NA,NA,FALSE,TRUE,RSVHub,2026-05-27,Ensemble using RSVHub forecast submissions
Kansas,KS,1,wk inc rsv prop ed visits,prop_ed,2026-05-30,2026-06-06,RSVHub-ensemble,6.663739257937716e-5,1.2328746436353436e-4,0.00020705111622770583,3.133378862453645e-4,4.583108565550188e-4,6.230661355099932e-4,8.554701180689939e-4,6.7e-5,1.2e-4,2.1e-4,3.1e-4,4.6e-4,6.2e-4,8.6e-4,NA,NA,NA,NA,NA,NA,NA,NA,NA,NA,NA,NA,NA,NA,FALSE,TRUE,RSVHub,2026-05-27,Ensemble using RSVHub forecast submissions
Kentucky,KY,0,wk inc rsv hosp,hosp,2026-05-30,2026-05-30,CEPH-Rtrend_rsv,12,16,20,27,35,45,56,10,20,20,30,40,50,60,0.26611020066926716,0.3548136008923562,0.44351700111544523,0.598747951505851,0.7761547519520293,0.9979132525097518,1.2418476031232466,0.27,0.35,0.44,0.6,0.78,1,1.24,TRUE,FALSE,CEPH Lab at Indiana University,2026-05-27,Rtrend RSV
Kentucky,KY,1,wk inc rsv hosp,hosp,2026-05-30,2026-06-06,CEPH-Rtrend_rsv,8,12,16,23,32,44,58,8,10,20,20,30,40,60,0.1774068004461781,0.26611020066926716,0.3548136008923562,0.510044551282762,0.7096272017847124,0.9757374024539796,1.2861993032347914,0.18,0.27,0.35,0.51,0.71,0.98,1.29,TRUE,FALSE,CEPH Lab at Indiana University,2026-05-27,Rtrend RSV
Kentucky,KY,2,wk inc rsv hosp,hosp,2026-05-30,2026-06-13,CEPH-Rtrend_rsv,6,8,12,19,29,42,59,6,8,10,20,30,40,60,0.13305510033463358,0.1774068004461781,0.26611020066926716,0.421341151059673,0.6430996516173957,0.931385702342435,1.3083751532905634,0.13,0.18,0.27,0.42,0.64,0.93,1.31,TRUE,FALSE,CEPH Lab at Indiana University,2026-05-27,Rtrend RSV
Kentucky,KY,0,wk inc rsv prop ed visits,prop_ed,2026-05-30,2026-05-30,CFA_Pyrenew-Pyrenew_E_RSV,7.500602396842432e-4,9.041516579611713e-4,0.0010407967954381586,0.001207880013655718,0.0013792641445187419,0.0015499299874318384,0.0017936011816754543,7.5e-4,9e-4,0.001,0.0012,0.0014,0.0015,0.0018,NA,NA,NA,NA,NA,NA,NA,NA,NA,NA,NA,NA,NA,NA,TRUE,FALSE,Center for Forecasting and Outbreak Analytics (CFA/CDC) Pyrenew team,2026-05-27,Pyrenew_ED_Visits_RSV
Kentucky,KY,1,wk inc rsv prop ed visits,prop_ed,2026-05-30,2026-06-06,CFA_Pyrenew-Pyrenew_E_RSV,5.552865249857335e-4,7.094962587507202e-4,8.68763561518598e-4,0.0010610550216270161,0.0012936449090562839,0.0015259071273339847,0.0018733235055753664,5.6e-4,7.1e-4,8.7e-4,0.0011,0.0013,0.0015,0.0019,NA,NA,NA,NA,NA,NA,NA,NA,NA,NA,NA,NA,NA,NA,TRUE,FALSE,Center for Forecasting and Outbreak Analytics (CFA/CDC) Pyrenew team,2026-05-27,Pyrenew_ED_Visits_RSV
Kentucky,KY,0,wk inc rsv hosp,hosp,2026-05-30,2026-05-30,CFA_Pyrenew-Pyrenew_HE_RSV,9,12,15,19,23.25,28,35,9,10,20,20,20,30,40,0.19958265050195037,0.26611020066926716,0.332637750836584,0.421341151059673,0.5155885137967051,0.6209238015616233,0.7761547519520293,0.2,0.27,0.33,0.42,0.52,0.62,0.78,TRUE,FALSE,Center for Forecasting and Outbreak Analytics (CFA/CDC) Pyrenew team,2026-05-27,Pyrenew_Hospital_Admissions_ED_Visits_RSV
Kentucky,KY,1,wk inc rsv hosp,hosp,2026-05-30,2026-06-06,CFA_Pyrenew-Pyrenew_HE_RSV,7,10,13,17,22,26,32.024999999999864,7,10,10,20,20,30,30,0.15523095039040583,0.22175850055772262,0.28828605072503943,0.37698945094812847,0.4878687012269898,0.5765721014500789,0.7101815980361037,0.16,0.22,0.29,0.38,0.49,0.58,0.71,TRUE,FALSE,Center for Forecasting and Outbreak Analytics (CFA/CDC) Pyrenew team,2026-05-27,Pyrenew_Hospital_Admissions_ED_Visits_RSV
Kentucky,KY,0,wk inc rsv prop ed visits,prop_ed,2026-05-30,2026-05-30,CFA_Pyrenew-Pyrenew_HE_RSV,8.251786655476805e-4,9.702840665855528e-4,0.0011194666989296218,0.001278195300574473,0.0014642994289381487,0.001633202755476253,0.0018691524738415027,8.3e-4,9.7e-4,0.0011,0.0013,0.0015,0.0016,0.0019,NA,NA,NA,NA,NA,NA,NA,NA,NA,NA,NA,NA,NA,NA,FALSE,FALSE,Center for Forecasting and Outbreak Analytics (CFA/CDC) Pyrenew team,2026-05-27,Pyrenew_Hospital_Admissions_ED_Visits_RSV
Kentucky,KY,1,wk inc rsv prop ed visits,prop_ed,2026-05-30,2026-06-06,CFA_Pyrenew-Pyrenew_HE_RSV,6.434265909678764e-4,7.836869258272601e-4,9.348325380594282e-4,0.001141732100225439,0.0013951559460552523,0.0016546376475292405,0.0020006896952346706,6.4e-4,7.8e-4,0.00093000000000000005,0.0011,0.0014,0.0017,0.002,NA,NA,NA,NA,NA,NA,NA,NA,NA,NA,NA,NA,NA,NA,FALSE,FALSE,Center for Forecasting and Outbreak Analytics (CFA/CDC) Pyrenew team,2026-05-27,Pyrenew_Hospital_Admissions_ED_Visits_RSV
Kentucky,KY,0,wk inc rsv hosp,hosp,2026-05-30,2026-05-30,CFA_Pyrenew-Pyrenew_H_RSV,11,16,20,25,31,38,47,10,20,20,30,30,40,50,0.2439343506134949,0.3548136008923562,0.44351700111544523,0.5543962513943066,0.6874513517289401,0.842682302119346,1.0422649526212964,0.24,0.35,0.44,0.55,0.69,0.84,1.04,FALSE,FALSE,Center for Forecasting and Outbreak Analytics (CFA/CDC) Pyrenew team,2026-05-27,Pyrenew_Hospital_Admissions_RSV
Kentucky,KY,1,wk inc rsv hosp,hosp,2026-05-30,2026-06-06,CFA_Pyrenew-Pyrenew_H_RSV,7,11,15,22,30,40,54,7,10,20,20,30,40,50,0.15523095039040583,0.2439343506134949,0.332637750836584,0.4878687012269898,0.665275501673168,0.8870340022308905,1.197495903011702,0.16,0.24,0.33,0.49,0.67,0.89,1.2,FALSE,FALSE,Center for Forecasting and Outbreak Analytics (CFA/CDC) Pyrenew team,2026-05-27,Pyrenew_Hospital_Admissions_RSV
Kentucky,KY,0,wk inc rsv hosp,hosp,2026-05-30,2026-05-30,Google_SAI-RSVEns,8.5,14,17.5,21,25,30.5,40,9,10,20,20,30,30,40,0.18849472547406423,0.31046190078081165,0.38807737597601466,0.4656928511712175,0.5543962513943066,0.676363426701054,0.8870340022308905,0.19,0.31,0.39,0.47,0.55,0.68,0.89,TRUE,FALSE,Google Science AI,2026-05-27,RSVEnsemble
Kentucky,KY,1,wk inc rsv hosp,hosp,2026-05-30,2026-06-06,Google_SAI-RSVEns,6.5,10,13,17,20,26,37,7,10,10,20,20,30,40,0.14414302536251972,0.22175850055772262,0.28828605072503943,0.37698945094812847,0.44351700111544523,0.5765721014500789,0.8205064520635736,0.14,0.22,0.29,0.38,0.44,0.58,0.82,TRUE,FALSE,Google Science AI,2026-05-27,RSVEnsemble
Kentucky,KY,2,wk inc rsv hosp,hosp,2026-05-30,2026-06-13,Google_SAI-RSVEns,5.5,9,11,14,16,20.5,33.5,6,9,10,10,20,20,30,0.12196717530674744,0.19958265050195037,0.2439343506134949,0.31046190078081165,0.3548136008923562,0.4546049261433314,0.7428909768683708,0.12,0.2,0.24,0.31,0.35,0.45,0.74,TRUE,FALSE,Google Science AI,2026-05-27,RSVEnsemble
Kentucky,KY,0,wk inc rsv hosp,hosp,2026-05-30,2026-05-30,RSVHub-baseline,0,7.900000000000006,20,27,34,46.099999999999994,63.32499999999976,0,8,20,30,30,50,60,0,0.175189215440601,0.44351700111544523,0.598747951505851,0.7539789018962569,1.022306687571101,1.4042857047817732,0,0.18,0.44,0.6,0.75,1.02,1.4,FALSE,FALSE,RSVHub-hub-models,2026-05-27,RSVHub baseline model
Kentucky,KY,1,wk inc rsv hosp,hosp,2026-05-30,2026-06-06,RSVHub-baseline,0,0,13.537050370503705,27,41,58.85768757687578,97.68090180901785,0,0,10,30,40,60,100,0,0,0.3001955992137265,0.598747951505851,0.9092098522866628,1.3052192543342873,2.1661570318293935,0,0,0.3,0.6,0.91,1.31,2.17,FALSE,FALSE,RSVHub-hub-models,2026-05-27,RSVHub baseline model
Kentucky,KY,2,wk inc rsv hosp,hosp,2026-05-30,2026-06-13,RSVHub-baseline,0,0,9.271930219302195,27,45.6359313593136,67.6109021090211,126.22730177301757,0,0,9,30,50,70,130,0,0,0.2056129342708291,0.598747951505851,1.0120155709796537,1.4993292273051484,2.799197717063154,0,0,0.21,0.6,1.01,1.5,2.8,FALSE,FALSE,RSVHub-hub-models,2026-05-27,RSVHub baseline model
Kentucky,KY,0,wk inc rsv prop ed visits,prop_ed,2026-05-30,2026-05-30,RSVHub-baseline,0,2.0000000000000052e-4,0.0010749999999999996,0.0013,0.001524999999999999,0.0023999999999999994,0.003952499999999999,0,2e-4,0.0011,0.0013,0.0015,0.0024,0.004,NA,NA,NA,NA,NA,NA,NA,NA,NA,NA,NA,NA,NA,NA,FALSE,FALSE,RSVHub-hub-models,2026-05-27,RSVHub baseline model
Kentucky,KY,1,wk inc rsv prop ed visits,prop_ed,2026-05-30,2026-06-06,RSVHub-baseline,0,0,7.000000000000001e-4,0.0013,0.0019000000000000006,0.0031254463544635445,0.00492477374773747,0,0,7e-4,0.0013,0.0019,0.0031,0.0049,NA,NA,NA,NA,NA,NA,NA,NA,NA,NA,NA,NA,NA,NA,FALSE,FALSE,RSVHub-hub-models,2026-05-27,RSVHub baseline model
Kentucky,KY,2,wk inc rsv prop ed visits,prop_ed,2026-05-30,2026-06-13,RSVHub-baseline,0,0,4.000000000000004e-4,0.0013,0.0022548960489604916,0.003699999999999999,0.0055,0,0,4e-4,0.0013,0.0023,0.0037,0.0055,NA,NA,NA,NA,NA,NA,NA,NA,NA,NA,NA,NA,NA,NA,FALSE,FALSE,RSVHub-hub-models,2026-05-27,RSVHub baseline model
Kentucky,KY,0,wk inc rsv hosp,hosp,2026-05-30,2026-05-30,UGA_flucast-INFLAenza,5,8,12,17,24,33,46,5,8,10,20,20,30,50,0.11087925027886131,0.1774068004461781,0.26611020066926716,0.37698945094812847,0.5322204013385343,0.7318030518404847,1.020089102565524,0.11,0.18,0.27,0.38,0.53,0.73,1.02,TRUE,FALSE,UGA_flucast,2026-05-27,INFLAenza
Kentucky,KY,1,wk inc rsv hosp,hosp,2026-05-30,2026-06-06,UGA_flucast-INFLAenza,3,6,9,13,20,27,39,3,6,9,10,20,30,40,0.06652755016731679,0.13305510033463358,0.19958265050195037,0.28828605072503943,0.44351700111544523,0.598747951505851,0.8648581521751183,0.07,0.13,0.2,0.29,0.44,0.6,0.86,TRUE,FALSE,UGA_flucast,2026-05-27,INFLAenza
Kentucky,KY,2,wk inc rsv hosp,hosp,2026-05-30,2026-06-13,UGA_flucast-INFLAenza,2,4,6,10,15,22,34,2,4,6,10,20,20,30,0.044351700111544524,0.08870340022308905,0.13305510033463358,0.22175850055772262,0.332637750836584,0.4878687012269898,0.7539789018962569,0.04,0.09,0.13,0.22,0.33,0.49,0.75,TRUE,FALSE,UGA_flucast,2026-05-27,INFLAenza
Kentucky,KY,0,wk inc rsv prop ed visits,prop_ed,2026-05-30,2026-05-30,UGA_flucast-INFLAenza,4.5812134697997457e-4,6.351491153833084e-4,8.252869581501893e-4,0.0010817846435468895,0.0013742144752172968,0.001691145206934973,0.002104445279992204,4.6e-4,6.4e-4,8.3e-4,0.0011,0.0014,0.0017,0.0021,NA,NA,NA,NA,NA,NA,NA,NA,NA,NA,NA,NA,NA,NA,TRUE,FALSE,UGA_flucast,2026-05-27,INFLAenza
Kentucky,KY,1,wk inc rsv prop ed visits,prop_ed,2026-05-30,2026-06-06,UGA_flucast-INFLAenza,3.457925070965469e-4,5.155244247014505e-4,6.955962672098206e-4,9.492777109627672e-4,0.0012662901801124412,0.0016040153125680922,0.0020564557974206174,3.5e-4,5.2e-4,7e-4,9.5e-4,0.0013,0.0016,0.0021,NA,NA,NA,NA,NA,NA,NA,NA,NA,NA,NA,NA,NA,NA,TRUE,FALSE,UGA_flucast,2026-05-27,INFLAenza
Kentucky,KY,2,wk inc rsv prop ed visits,prop_ed,2026-05-30,2026-06-13,UGA_flucast-INFLAenza,2.712954445870701e-4,4.1298772551981894e-4,5.993077533490837e-4,8.650350501468694e-4,0.0011886616178754543,0.0015480376792096381,0.0020400150537093803,2.7e-4,4.1e-4,6e-4,8.7e-4,0.0012,0.0015,0.002,NA,NA,NA,NA,NA,NA,NA,NA,NA,NA,NA,NA,NA,NA,TRUE,FALSE,UGA_flucast,2026-05-27,INFLAenza
Kentucky,KY,0,wk inc rsv hosp,hosp,2026-05-30,2026-05-30,RSVHub-ensemble,8.75,13,16.25,20,24.5,31.75,43,9,10,20,20,20,30,40,0.19403868798800733,0.28828605072503943,0.36035756340629926,0.44351700111544523,0.5433083263664205,0.7040832392707693,0.9535615523982073,0.19,0.29,0.36,0.44,0.54,0.7,0.95,FALSE,TRUE,RSVHub,2026-05-27,Ensemble using RSVHub forecast submissions
Kentucky,KY,1,wk inc rsv hosp,hosp,2026-05-30,2026-06-06,RSVHub-ensemble,6.75,10,13,17,21,26.5,38,7,10,10,20,20,30,40,0.14968698787646276,0.22175850055772262,0.28828605072503943,0.37698945094812847,0.4656928511712175,0.587660026477965,0.842682302119346,0.15,0.22,0.29,0.38,0.47,0.59,0.84,FALSE,TRUE,RSVHub,2026-05-27,Ensemble using RSVHub forecast submissions
Kentucky,KY,2,wk inc rsv hosp,hosp,2026-05-30,2026-06-13,RSVHub-ensemble,5.5,8,11,14,16,22,34,6,8,10,10,20,20,30,0.12196717530674744,0.1774068004461781,0.2439343506134949,0.31046190078081165,0.3548136008923562,0.4878687012269898,0.7539789018962569,0.12,0.18,0.24,0.31,0.35,0.49,0.75,FALSE,TRUE,RSVHub,2026-05-27,Ensemble using RSVHub forecast submissions
Kentucky,KY,0,wk inc rsv prop ed visits,prop_ed,2026-05-30,2026-05-30,RSVHub-ensemble,6.040907933321089e-4,7.696503866722398e-4,9.33041876794174e-4,0.0011448323286013039,0.0013767393098680194,0.0016205375971834056,0.001949023230833829,6e-4,7.7e-4,0.00093000000000000005,0.0011,0.0014,0.0016,0.0019,NA,NA,NA,NA,NA,NA,NA,NA,NA,NA,NA,NA,NA,NA,FALSE,TRUE,RSVHub,2026-05-27,Ensemble using RSVHub forecast submissions
Kentucky,KY,1,wk inc rsv prop ed visits,prop_ed,2026-05-30,2026-06-06,RSVHub-ensemble,4.505395160411402e-4,6.125103417260853e-4,7.821799143642094e-4,0.0010051663662948916,0.0012799675445843625,0.0015649612199510384,0.001964889651497992,4.5e-4,6.1e-4,7.8e-4,0.001,0.0013,0.0016,0.002,NA,NA,NA,NA,NA,NA,NA,NA,NA,NA,NA,NA,NA,NA,FALSE,TRUE,RSVHub,2026-05-27,Ensemble using RSVHub forecast submissions
Louisiana,LA,0,wk inc rsv hosp,hosp,2026-05-30,2026-05-30,CEPH-Rtrend_rsv,7,9,12,16,22,28,36,7,9,10,20,20,30,40,0.15354062487524825,0.19740937483960488,0.2632124997861398,0.35094999971485313,0.48255624960792304,0.614162499500993,0.7896374993584195,0.15,0.2,0.26,0.35,0.48,0.61,0.79,TRUE,FALSE,CEPH Lab at Indiana University,2026-05-27,Rtrend RSV
Louisiana,LA,1,wk inc rsv hosp,hosp,2026-05-30,2026-06-06,CEPH-Rtrend_rsv,5,7,10,15,22,31,42,5,7,10,20,20,30,40,0.10967187491089161,0.15354062487524825,0.21934374982178323,0.3290156247326748,0.48255624960792304,0.679965624447528,0.9212437492514894,0.11,0.15,0.22,0.33,0.48,0.68,0.92,TRUE,FALSE,CEPH Lab at Indiana University,2026-05-27,Rtrend RSV
Louisiana,LA,2,wk inc rsv hosp,hosp,2026-05-30,2026-06-13,CEPH-Rtrend_rsv,3,5,8,13,22,32,46,3,5,8,10,20,30,50,0.06580312494653495,0.10967187491089161,0.17547499985742657,0.2851468747683182,0.48255624960792304,0.7018999994297063,1.0089812491802028,0.07,0.11,0.18,0.29,0.48,0.7,1.01,TRUE,FALSE,CEPH Lab at Indiana University,2026-05-27,Rtrend RSV
Louisiana,LA,0,wk inc rsv prop ed visits,prop_ed,2026-05-30,2026-05-30,CFA_Pyrenew-Pyrenew_E_RSV,2.3988389616500305e-4,3.1761866164684043e-4,3.9248042623281896e-4,4.916365773813339e-4,5.996782341054347e-4,7.072223673118803e-4,8.337092950596964e-4,2.4e-4,3.2e-4,3.9e-4,4.9e-4,6e-4,7.1e-4,8.3e-4,NA,NA,NA,NA,NA,NA,NA,NA,NA,NA,NA,NA,NA,NA,TRUE,FALSE,Center for Forecasting and Outbreak Analytics (CFA/CDC) Pyrenew team,2026-05-27,Pyrenew_ED_Visits_RSV
Louisiana,LA,1,wk inc rsv prop ed visits,prop_ed,2026-05-30,2026-06-06,CFA_Pyrenew-Pyrenew_E_RSV,1.6242186200116695e-4,2.3183896181593855e-4,3.143725235074412e-4,4.26346165330855e-4,5.489311197798904e-4,6.934024420620152e-4,8.779764418398419e-4,1.6e-4,2.3e-4,3.1e-4,4.3e-4,5.5e-4,6.9e-4,8.8e-4,NA,NA,NA,NA,NA,NA,NA,NA,NA,NA,NA,NA,NA,NA,TRUE,FALSE,Center for Forecasting and Outbreak Analytics (CFA/CDC) Pyrenew team,2026-05-27,Pyrenew_ED_Visits_RSV
Louisiana,LA,0,wk inc rsv hosp,hosp,2026-05-30,2026-05-30,CFA_Pyrenew-Pyrenew_HE_RSV,4,6,8,11,15,18,23,4,6,8,10,20,20,20,0.08773749992871328,0.1316062498930699,0.17547499985742657,0.24127812480396152,0.3290156247326748,0.39481874967920977,0.5044906245901014,0.09,0.13,0.18,0.24,0.33,0.39,0.5,TRUE,FALSE,Center for Forecasting and Outbreak Analytics (CFA/CDC) Pyrenew team,2026-05-27,Pyrenew_Hospital_Admissions_ED_Visits_RSV
Louisiana,LA,1,wk inc rsv hosp,hosp,2026-05-30,2026-06-06,CFA_Pyrenew-Pyrenew_HE_RSV,3,5,7,10,13,17,22,3,5,7,10,10,20,20,0.06580312494653495,0.10967187491089161,0.15354062487524825,0.21934374982178323,0.2851468747683182,0.37288437469703145,0.48255624960792304,0.07,0.11,0.15,0.22,0.29,0.37,0.48,TRUE,FALSE,Center for Forecasting and Outbreak Analytics (CFA/CDC) Pyrenew team,2026-05-27,Pyrenew_Hospital_Admissions_ED_Visits_RSV
Louisiana,LA,0,wk inc rsv prop ed visits,prop_ed,2026-05-30,2026-05-30,CFA_Pyrenew-Pyrenew_HE_RSV,2.716822147257629e-4,3.3930753292631246e-4,4.1249646550948853e-4,5.068860229245268e-4,6.176020478546543e-4,7.208415091762913e-4,8.559827649965374e-4,2.7e-4,3.4e-4,4.1e-4,5.1e-4,6.2e-4,7.2e-4,8.6e-4,NA,NA,NA,NA,NA,NA,NA,NA,NA,NA,NA,NA,NA,NA,FALSE,FALSE,Center for Forecasting and Outbreak Analytics (CFA/CDC) Pyrenew team,2026-05-27,Pyrenew_Hospital_Admissions_ED_Visits_RSV
Louisiana,LA,1,wk inc rsv prop ed visits,prop_ed,2026-05-30,2026-06-06,CFA_Pyrenew-Pyrenew_HE_RSV,1.7884108795330325e-4,2.5199561177582897e-4,3.4267216540184497e-4,4.4430271005238987e-4,5.823064485596786e-4,7.163220828834997e-4,9.111632349252301e-4,1.8e-4,2.5e-4,3.4e-4,4.4e-4,5.8e-4,7.2e-4,9.1e-4,NA,NA,NA,NA,NA,NA,NA,NA,NA,NA,NA,NA,NA,NA,FALSE,FALSE,Center for Forecasting and Outbreak Analytics (CFA/CDC) Pyrenew team,2026-05-27,Pyrenew_Hospital_Admissions_ED_Visits_RSV
Louisiana,LA,0,wk inc rsv hosp,hosp,2026-05-30,2026-05-30,CFA_Pyrenew-Pyrenew_H_RSV,4,7,10,14,18.25,24,31,4,7,10,10,20,20,30,0.08773749992871328,0.15354062487524825,0.21934374982178323,0.3070812497504965,0.40030234342475435,0.5264249995722796,0.679965624447528,0.09,0.15,0.22,0.31,0.4,0.53,0.68,FALSE,FALSE,Center for Forecasting and Outbreak Analytics (CFA/CDC) Pyrenew team,2026-05-27,Pyrenew_Hospital_Admissions_RSV
Louisiana,LA,1,wk inc rsv hosp,hosp,2026-05-30,2026-06-06,CFA_Pyrenew-Pyrenew_H_RSV,3,5,8,13,19,27,39,3,5,8,10,20,30,40,0.06580312494653495,0.10967187491089161,0.17547499985742657,0.2851468747683182,0.4167531246613881,0.5922281245188147,0.8554406243049545,0.07,0.11,0.18,0.29,0.42,0.59,0.86,FALSE,FALSE,Center for Forecasting and Outbreak Analytics (CFA/CDC) Pyrenew team,2026-05-27,Pyrenew_Hospital_Admissions_RSV
Louisiana,LA,0,wk inc rsv hosp,hosp,2026-05-30,2026-05-30,Google_SAI-RSVEns,4,6.5,8.5,10.5,13.5,17.5,25.5,4,7,9,10,10,20,30,0.08773749992871328,0.1425734373841591,0.18644218734851573,0.23031093731287236,0.29611406225940734,0.3838515621881206,0.5593265620455471,0.09,0.14,0.19,0.23,0.3,0.38,0.56,TRUE,FALSE,Google Science AI,2026-05-27,RSVEnsemble
Louisiana,LA,1,wk inc rsv hosp,hosp,2026-05-30,2026-06-06,Google_SAI-RSVEns,3.5,4.5,6.5,9,13,18.5,25,4,5,7,9,10,20,30,0.07677031243762412,0.09870468741980244,0.1425734373841591,0.19740937483960488,0.2851468747683182,0.40578593717029887,0.548359374554458,0.08,0.1,0.14,0.2,0.29,0.41,0.55,TRUE,FALSE,Google Science AI,2026-05-27,RSVEnsemble
Louisiana,LA,2,wk inc rsv hosp,hosp,2026-05-30,2026-06-13,Google_SAI-RSVEns,2.5,4,6,7.5,10.5,14.5,23,3,4,6,8,10,10,20,0.05483593745544581,0.08773749992871328,0.1316062498930699,0.1645078123663374,0.23031093731287236,0.3180484372415856,0.5044906245901014,0.05,0.09,0.13,0.16,0.23,0.32,0.5,TRUE,FALSE,Google Science AI,2026-05-27,RSVEnsemble
Louisiana,LA,0,wk inc rsv hosp,hosp,2026-05-30,2026-05-30,RSVHub-baseline,0,0,8,14,20,34.1,64.17499999999987,0,0,8,10,20,30,60,0,0,0.17547499985742657,0.3070812497504965,0.43868749964356646,0.7479621868922808,1.4076385144812908,0,0,0.18,0.31,0.44,0.75,1.41,FALSE,FALSE,RSVHub-hub-models,2026-05-27,RSVHub baseline model
Louisiana,LA,1,wk inc rsv hosp,hosp,2026-05-30,2026-06-06,RSVHub-baseline,0,0,3.3701962019620213,14,26.87279872798727,46.13617736177363,83.72328248282463,0,0,3,10,30,50,80,0,0,0.07392314725734815,0.3070812497504965,0.5894380441202773,1.0119682144974294,1.836417872717117,0,0,0.07,0.31,0.59,1.01,1.84,FALSE,FALSE,RSVHub-hub-models,2026-05-27,RSVHub baseline model
Louisiana,LA,2,wk inc rsv hosp,hosp,2026-05-30,2026-06-13,RSVHub-baseline,0,0,0,14,31.499369993699936,56.16927369273697,92.01926169261685,0,0,0,10,30,60,90,0,0,0,0.3070812497504965,0.6909189931441904,1.2320379116530966,2.018384991549055,0,0,0,0.31,0.69,1.23,2.02,FALSE,FALSE,RSVHub-hub-models,2026-05-27,RSVHub baseline model
Louisiana,LA,0,wk inc rsv prop ed visits,prop_ed,2026-05-30,2026-05-30,RSVHub-baseline,0,0,3.0000000000000003e-4,5e-4,7e-4,0.0013,0.002852499999999999,0,0,3e-4,5e-4,7e-4,0.0013,0.0029,NA,NA,NA,NA,NA,NA,NA,NA,NA,NA,NA,NA,NA,NA,FALSE,FALSE,RSVHub-hub-models,2026-05-27,RSVHub baseline model
Louisiana,LA,1,wk inc rsv prop ed visits,prop_ed,2026-05-30,2026-06-06,RSVHub-baseline,0,0,1.0000000000000015e-4,5e-4,9.999999999999998e-4,0.0019125404254042532,0.0033043831688316814,0,0,1e-4,5e-4,0.001,0.0019,0.0033,NA,NA,NA,NA,NA,NA,NA,NA,NA,NA,NA,NA,NA,NA,FALSE,FALSE,RSVHub-hub-models,2026-05-27,RSVHub baseline model
Louisiana,LA,2,wk inc rsv prop ed visits,prop_ed,2026-05-30,2026-06-13,RSVHub-baseline,0,0,0,5e-4,0.0012540482904829055,0.0024000000000000002,0.003791417264172669,0,0,0,5e-4,0.0013,0.0024,0.0038,NA,NA,NA,NA,NA,NA,NA,NA,NA,NA,NA,NA,NA,NA,FALSE,FALSE,RSVHub-hub-models,2026-05-27,RSVHub baseline model
Louisiana,LA,0,wk inc rsv hosp,hosp,2026-05-30,2026-05-30,UGA_flucast-INFLAenza,2,3,5,8,12,17,23,2,3,5,8,10,20,20,0.04386874996435664,0.06580312494653495,0.10967187491089161,0.17547499985742657,0.2632124997861398,0.37288437469703145,0.5044906245901014,0.04,0.07,0.11,0.18,0.26,0.37,0.5,TRUE,FALSE,UGA_flucast,2026-05-27,INFLAenza
Louisiana,LA,1,wk inc rsv hosp,hosp,2026-05-30,2026-06-06,UGA_flucast-INFLAenza,1,2,4,7,10,15,21,1,2,4,7,10,20,20,0.02193437498217832,0.04386874996435664,0.08773749992871328,0.15354062487524825,0.21934374982178323,0.3290156247326748,0.4606218746257447,0.02,0.04,0.09,0.15,0.22,0.33,0.46,TRUE,FALSE,UGA_flucast,2026-05-27,INFLAenza
Louisiana,LA,2,wk inc rsv hosp,hosp,2026-05-30,2026-06-13,UGA_flucast-INFLAenza,0,1,3,5,8,12,19,0,1,3,5,8,10,20,0,0.02193437498217832,0.06580312494653495,0.10967187491089161,0.17547499985742657,0.2632124997861398,0.4167531246613881,0,0.02,0.07,0.11,0.18,0.26,0.42,TRUE,FALSE,UGA_flucast,2026-05-27,INFLAenza
Louisiana,LA,0,wk inc rsv prop ed visits,prop_ed,2026-05-30,2026-05-30,UGA_flucast-INFLAenza,1.2421236944404538e-4,2.1390837628111728e-4,3.081418997638309e-4,4.407043401881925e-4,6.183837050622772e-4,8.058063505550844e-4,0.0010431649862341081,1.2e-4,2.1e-4,3.1e-4,4.4e-4,6.2e-4,8.1e-4,0.001,NA,NA,NA,NA,NA,NA,NA,NA,NA,NA,NA,NA,NA,NA,TRUE,FALSE,UGA_flucast,2026-05-27,INFLAenza
Louisiana,LA,1,wk inc rsv prop ed visits,prop_ed,2026-05-30,2026-06-06,UGA_flucast-INFLAenza,9.32519625868872e-5,1.7083044680624252e-4,2.6093676730389666e-4,3.994811788698162e-4,5.757668371921298e-4,7.722758358407176e-4,0.00102318671842936,9.3e-5,1.7e-4,2.6e-4,4e-4,5.8e-4,7.7e-4,0.001,NA,NA,NA,NA,NA,NA,NA,NA,NA,NA,NA,NA,NA,NA,TRUE,FALSE,UGA_flucast,2026-05-27,INFLAenza
Louisiana,LA,2,wk inc rsv prop ed visits,prop_ed,2026-05-30,2026-06-13,UGA_flucast-INFLAenza,7.253220262634551e-5,1.416659706261134e-4,2.2952755382179286e-4,3.642695231356244e-4,5.344431995445062e-4,7.193559930488921e-4,0.001007052595032916,7.3e-5,1.4e-4,2.3e-4,3.6e-4,5.3e-4,7.2e-4,0.001,NA,NA,NA,NA,NA,NA,NA,NA,NA,NA,NA,NA,NA,NA,TRUE,FALSE,UGA_flucast,2026-05-27,INFLAenza
Louisiana,LA,0,wk inc rsv hosp,hosp,2026-05-30,2026-05-30,RSVHub-ensemble,4,6.25,8.25,10.75,14.25,17.75,24.25,4,6,8,10,10,20,20,0.08773749992871328,0.1370898436386145,0.18095859360297115,0.23579453105841697,0.3125648434960411,0.38933515593366513,0.5319085933178243,0.09,0.14,0.18,0.24,0.31,0.39,0.53,FALSE,TRUE,RSVHub,2026-05-27,Ensemble using RSVHub forecast submissions
Louisiana,LA,1,wk inc rsv hosp,hosp,2026-05-30,2026-06-06,RSVHub-ensemble,3.25,4.75,6.75,9.5,13,17.75,23.5,3,5,7,10,10,20,20,0.07128671869207955,0.10418828116534702,0.14805703112970367,0.20837656233069404,0.2851468747683182,0.38933515593366513,0.5154578120811906,0.07,0.1,0.15,0.21,0.29,0.39,0.52,FALSE,TRUE,RSVHub,2026-05-27,Ensemble using RSVHub forecast submissions
Louisiana,LA,2,wk inc rsv hosp,hosp,2026-05-30,2026-06-13,RSVHub-ensemble,2.5,4,6,7.5,10.5,14.5,23,3,4,6,8,10,10,20,0.05483593745544581,0.08773749992871328,0.1316062498930699,0.1645078123663374,0.23031093731287236,0.3180484372415856,0.5044906245901014,0.05,0.09,0.13,0.16,0.23,0.32,0.5,FALSE,TRUE,RSVHub,2026-05-27,Ensemble using RSVHub forecast submissions
Louisiana,LA,0,wk inc rsv prop ed visits,prop_ed,2026-05-30,2026-05-30,RSVHub-ensemble,1.8204813280452422e-4,2.6576351896397886e-4,3.503111629983249e-4,4.661704587847632e-4,6.090309695838559e-4,7.565143589334823e-4,9.384371406469022e-4,1.8e-4,2.7e-4,3.5e-4,4.7e-4,6.1e-4,7.6e-4,9.4e-4,NA,NA,NA,NA,NA,NA,NA,NA,NA,NA,NA,NA,NA,NA,FALSE,TRUE,RSVHub,2026-05-27,Ensemble using RSVHub forecast submissions
Louisiana,LA,1,wk inc rsv prop ed visits,prop_ed,2026-05-30,2026-06-06,RSVHub-ensemble,1.2783691229402707e-4,2.0133470431109052e-4,2.8765464540566894e-4,4.1291367210033556e-4,5.623489784860102e-4,7.328391389513664e-4,9.50581580134601e-4,1.3e-4,2e-4,2.9e-4,4.1e-4,5.6e-4,7.3e-4,9.5e-4,NA,NA,NA,NA,NA,NA,NA,NA,NA,NA,NA,NA,NA,NA,FALSE,TRUE,RSVHub,2026-05-27,Ensemble using RSVHub forecast submissions
Maine,ME,0,wk inc rsv hosp,hosp,2026-05-30,2026-05-30,CEPH-Rtrend_rsv,0,0,0,1,1,2,2,0,0,0,1,1,2,2,0,0,0,0.07168124782716218,0.07168124782716218,0.14336249565432435,0.14336249565432435,0,0,0,0.07,0.07,0.14,0.14,TRUE,FALSE,CEPH Lab at Indiana University,2026-05-27,Rtrend RSV
Maine,ME,1,wk inc rsv hosp,hosp,2026-05-30,2026-06-06,CEPH-Rtrend_rsv,0,0,0,0,1,1,2,0,0,0,0,1,1,2,0,0,0,0,0.07168124782716218,0.07168124782716218,0.14336249565432435,0,0,0,0,0.07,0.07,0.14,TRUE,FALSE,CEPH Lab at Indiana University,2026-05-27,Rtrend RSV
Maine,ME,2,wk inc rsv hosp,hosp,2026-05-30,2026-06-13,CEPH-Rtrend_rsv,0,0,0,0,0,1,1,0,0,0,0,0,1,1,0,0,0,0,0,0.07168124782716218,0.07168124782716218,0,0,0,0,0,0.07,0.07,TRUE,FALSE,CEPH Lab at Indiana University,2026-05-27,Rtrend RSV
Maine,ME,0,wk inc rsv prop ed visits,prop_ed,2026-05-30,2026-05-30,CFA_Pyrenew-Pyrenew_E_RSV,1.5685669931219583e-4,2.4695804975700367e-4,4.044578875729393e-4,5.746788635438695e-4,7.848908011660358e-4,0.0010178943238941768,0.0012851040343738877,1.6e-4,2.5e-4,4e-4,5.7e-4,7.8e-4,0.001,0.0013,NA,NA,NA,NA,NA,NA,NA,NA,NA,NA,NA,NA,NA,NA,TRUE,FALSE,Center for Forecasting and Outbreak Analytics (CFA/CDC) Pyrenew team,2026-05-27,Pyrenew_ED_Visits_RSV
Maine,ME,1,wk inc rsv prop ed visits,prop_ed,2026-05-30,2026-06-06,CFA_Pyrenew-Pyrenew_E_RSV,0,8.286121764470242e-5,2.341010824603011e-4,3.9050138589530694e-4,5.692050226020176e-4,8.083726421766575e-4,0.001203326112409872,0,8.3e-5,2.3e-4,3.9e-4,5.7e-4,8.1e-4,0.0012,NA,NA,NA,NA,NA,NA,NA,NA,NA,NA,NA,NA,NA,NA,TRUE,FALSE,Center for Forecasting and Outbreak Analytics (CFA/CDC) Pyrenew team,2026-05-27,Pyrenew_ED_Visits_RSV
Maine,ME,0,wk inc rsv hosp,hosp,2026-05-30,2026-05-30,CFA_Pyrenew-Pyrenew_HE_RSV,0,1,2,3,5,6,8,0,1,2,3,5,6,8,0,0.07168124782716218,0.14336249565432435,0.21504374348148655,0.3584062391358109,0.4300874869629731,0.5734499826172974,0,0.07,0.14,0.22,0.36,0.43,0.57,TRUE,FALSE,Center for Forecasting and Outbreak Analytics (CFA/CDC) Pyrenew team,2026-05-27,Pyrenew_Hospital_Admissions_ED_Visits_RSV
Maine,ME,1,wk inc rsv hosp,hosp,2026-05-30,2026-06-06,CFA_Pyrenew-Pyrenew_HE_RSV,0,0,1,2,3,5,6,0,0,1,2,3,5,6,0,0,0.07168124782716218,0.14336249565432435,0.21504374348148655,0.3584062391358109,0.4300874869629731,0,0,0.07,0.14,0.22,0.36,0.43,TRUE,FALSE,Center for Forecasting and Outbreak Analytics (CFA/CDC) Pyrenew team,2026-05-27,Pyrenew_Hospital_Admissions_ED_Visits_RSV
Maine,ME,0,wk inc rsv prop ed visits,prop_ed,2026-05-30,2026-05-30,CFA_Pyrenew-Pyrenew_HE_RSV,1.5570087662086988e-4,2.446242575821568e-4,4.028237358734278e-4,5.645915636483665e-4,7.437969934289242e-4,9.689369817027989e-4,0.0012390944881947067,1.6e-4,2.4e-4,4e-4,5.6e-4,7.4e-4,9.7e-4,0.0012,NA,NA,NA,NA,NA,NA,NA,NA,NA,NA,NA,NA,NA,NA,FALSE,FALSE,Center for Forecasting and Outbreak Analytics (CFA/CDC) Pyrenew team,2026-05-27,Pyrenew_Hospital_Admissions_ED_Visits_RSV
Maine,ME,1,wk inc rsv prop ed visits,prop_ed,2026-05-30,2026-06-06,CFA_Pyrenew-Pyrenew_HE_RSV,0,8.497472971317072e-5,2.3377275205817679e-4,3.3990057089542953e-4,5.668870087226631e-4,7.963579324166335e-4,0.001150624342017859,0,8.5e-5,2.3e-4,3.4e-4,5.7e-4,8e-4,0.0012,NA,NA,NA,NA,NA,NA,NA,NA,NA,NA,NA,NA,NA,NA,FALSE,FALSE,Center for Forecasting and Outbreak Analytics (CFA/CDC) Pyrenew team,2026-05-27,Pyrenew_Hospital_Admissions_ED_Visits_RSV
Maine,ME,0,wk inc rsv hosp,hosp,2026-05-30,2026-05-30,CFA_Pyrenew-Pyrenew_H_RSV,0,1,2,3,5,7,10,0,1,2,3,5,7,10,0,0.07168124782716218,0.14336249565432435,0.21504374348148655,0.3584062391358109,0.5017687347901353,0.7168124782716218,0,0.07,0.14,0.22,0.36,0.5,0.72,FALSE,FALSE,Center for Forecasting and Outbreak Analytics (CFA/CDC) Pyrenew team,2026-05-27,Pyrenew_Hospital_Admissions_RSV
Maine,ME,1,wk inc rsv hosp,hosp,2026-05-30,2026-06-06,CFA_Pyrenew-Pyrenew_H_RSV,0,0,1,3,5,7,11,0,0,1,3,5,7,10,0,0,0.07168124782716218,0.21504374348148655,0.3584062391358109,0.5017687347901353,0.788493726098784,0,0,0.07,0.22,0.36,0.5,0.79,FALSE,FALSE,Center for Forecasting and Outbreak Analytics (CFA/CDC) Pyrenew team,2026-05-27,Pyrenew_Hospital_Admissions_RSV
Maine,ME,0,wk inc rsv hosp,hosp,2026-05-30,2026-05-30,Google_SAI-RSVEns,0,0.5,1.5,3,5,7,11,0,1,2,3,5,7,10,0,0.03584062391358109,0.10752187174074328,0.21504374348148655,0.3584062391358109,0.5017687347901353,0.788493726098784,0,0.04,0.11,0.22,0.36,0.5,0.79,TRUE,FALSE,Google Science AI,2026-05-27,RSVEnsemble
Maine,ME,1,wk inc rsv hosp,hosp,2026-05-30,2026-06-06,Google_SAI-RSVEns,0,0,1,2.5,3.5,6.5,9,0,0,1,3,4,7,9,0,0,0.07168124782716218,0.17920311956790544,0.25088436739506764,0.46592811087655417,0.6451312304444596,0,0,0.07,0.18,0.25,0.47,0.65,TRUE,FALSE,Google Science AI,2026-05-27,RSVEnsemble
Maine,ME,2,wk inc rsv hosp,hosp,2026-05-30,2026-06-13,Google_SAI-RSVEns,0,0,0.5,1.5,3,4,5.5,0,0,1,2,3,4,6,0,0,0.03584062391358109,0.10752187174074328,0.21504374348148655,0.2867249913086487,0.394246863049392,0,0,0.04,0.11,0.22,0.29,0.39,TRUE,FALSE,Google Science AI,2026-05-27,RSVEnsemble
Maine,ME,0,wk inc rsv hosp,hosp,2026-05-30,2026-05-30,RSVHub-baseline,0,0,3,5,7,11,14,0,0,3,5,7,10,10,0,0,0.21504374348148655,0.3584062391358109,0.5017687347901353,0.788493726098784,1.0035374695802706,0,0,0.22,0.36,0.5,0.79,1,FALSE,FALSE,RSVHub-hub-models,2026-05-27,RSVHub baseline model
Maine,ME,1,wk inc rsv hosp,hosp,2026-05-30,2026-06-06,RSVHub-baseline,0,0,2,5,8.045855458554577,12,16.040860408604033,0,0,2,5,8,10,20,0,0,0.14336249565432435,0.3584062391358109,0.5767369591061762,0.8601749739259462,1.1498288903100595,0,0,0.14,0.36,0.58,0.86,1.15,FALSE,FALSE,RSVHub-hub-models,2026-05-27,RSVHub baseline model
Maine,ME,2,wk inc rsv hosp,hosp,2026-05-30,2026-06-13,RSVHub-baseline,0,0,1,5,9.211329613296162,13.837302373023746,18.878123031230302,0,0,1,5,9,10,20,0,0,0.07168124782716218,0.3584062391358109,0.66027960082836,0.9918751006600944,1.3532074155132774,0,0,0.07,0.36,0.66,0.99,1.35,FALSE,FALSE,RSVHub-hub-models,2026-05-27,RSVHub baseline model
Maine,ME,0,wk inc rsv prop ed visits,prop_ed,2026-05-30,2026-05-30,RSVHub-baseline,0,1.9000000000000012e-4,7e-4,9e-4,0.0010999999999999998,0.0016100000000000047,0.003,0,1.9e-4,7e-4,9e-4,0.0011,0.0016,0.003,NA,NA,NA,NA,NA,NA,NA,NA,NA,NA,NA,NA,NA,NA,FALSE,FALSE,RSVHub-hub-models,2026-05-27,RSVHub baseline model
Maine,ME,1,wk inc rsv prop ed visits,prop_ed,2026-05-30,2026-06-06,RSVHub-baseline,0,0,4.999999999999999e-4,9e-4,0.0013336460864608656,0.0024000000000000002,0.0043,0,0,5e-4,9e-4,0.0013,0.0024,0.0043,NA,NA,NA,NA,NA,NA,NA,NA,NA,NA,NA,NA,NA,NA,FALSE,FALSE,RSVHub-hub-models,2026-05-27,RSVHub baseline model
Maine,ME,2,wk inc rsv prop ed visits,prop_ed,2026-05-30,2026-06-13,RSVHub-baseline,0,0,2.999999999999996e-4,9e-4,0.0016000000000000003,0.0028000000000000004,0.004960174526745266,0,0,3e-4,9e-4,0.0016,0.0028,0.005,NA,NA,NA,NA,NA,NA,NA,NA,NA,NA,NA,NA,NA,NA,FALSE,FALSE,RSVHub-hub-models,2026-05-27,RSVHub baseline model
Maine,ME,0,wk inc rsv hosp,hosp,2026-05-30,2026-05-30,UGA_flucast-INFLAenza,0,0,1,2,4,6,8,0,0,1,2,4,6,8,0,0,0.07168124782716218,0.14336249565432435,0.2867249913086487,0.4300874869629731,0.5734499826172974,0,0,0.07,0.14,0.29,0.43,0.57,TRUE,FALSE,UGA_flucast,2026-05-27,INFLAenza
Maine,ME,1,wk inc rsv hosp,hosp,2026-05-30,2026-06-06,UGA_flucast-INFLAenza,0,0,1,2,3,5,7,0,0,1,2,3,5,7,0,0,0.07168124782716218,0.14336249565432435,0.21504374348148655,0.3584062391358109,0.5017687347901353,0,0,0.07,0.14,0.22,0.36,0.5,TRUE,FALSE,UGA_flucast,2026-05-27,INFLAenza
Maine,ME,2,wk inc rsv hosp,hosp,2026-05-30,2026-06-13,UGA_flucast-INFLAenza,0,0,1,1,3,4,6,0,0,1,1,3,4,6,0,0,0.07168124782716218,0.07168124782716218,0.21504374348148655,0.2867249913086487,0.4300874869629731,0,0,0.07,0.07,0.22,0.29,0.43,TRUE,FALSE,UGA_flucast,2026-05-27,INFLAenza
Maine,ME,0,wk inc rsv prop ed visits,prop_ed,2026-05-30,2026-05-30,UGA_flucast-INFLAenza,3.326087824310784e-4,4.789920026784535e-4,6.237924895508113e-4,8.364160682566798e-4,0.0010793292471372403,0.001363157640572867,0.001706882620042789,3.3e-4,4.8e-4,6.2e-4,8.4e-4,0.0011,0.0014,0.0017,NA,NA,NA,NA,NA,NA,NA,NA,NA,NA,NA,NA,NA,NA,TRUE,FALSE,UGA_flucast,2026-05-27,INFLAenza
Maine,ME,1,wk inc rsv prop ed visits,prop_ed,2026-05-30,2026-06-06,UGA_flucast-INFLAenza,2.3763594952923935e-4,3.637770645198496e-4,5.079392890111631e-4,7.167007848519432e-4,9.773425600047897e-4,0.0012588611359521317,0.0016468956846385507,2.4e-4,3.6e-4,5.1e-4,7.2e-4,9.8e-4,0.0013,0.0016,NA,NA,NA,NA,NA,NA,NA,NA,NA,NA,NA,NA,NA,NA,TRUE,FALSE,UGA_flucast,2026-05-27,INFLAenza
Maine,ME,2,wk inc rsv prop ed visits,prop_ed,2026-05-30,2026-06-13,UGA_flucast-INFLAenza,1.7456298478281978e-4,3.0263467760449755e-4,4.402626676833302e-4,6.374960476289195e-4,8.977729416250271e-4,0.0012031772861241365,0.0015537887115728167,1.7e-4,3e-4,4.4e-4,6.4e-4,9e-4,0.0012,0.0016,NA,NA,NA,NA,NA,NA,NA,NA,NA,NA,NA,NA,NA,NA,TRUE,FALSE,UGA_flucast,2026-05-27,INFLAenza
Maine,ME,0,wk inc rsv hosp,hosp,2026-05-30,2026-05-30,RSVHub-ensemble,0,0.25,1.25,2.5,4.5,6,8,0,0,1,3,5,6,8,0,0.017920311956790544,0.08960155978395272,0.17920311956790544,0.3225656152222298,0.4300874869629731,0.5734499826172974,0,0.02,0.09,0.18,0.32,0.43,0.57,FALSE,TRUE,RSVHub,2026-05-27,Ensemble using RSVHub forecast submissions
Maine,ME,1,wk inc rsv hosp,hosp,2026-05-30,2026-06-06,RSVHub-ensemble,0,0,1,2,3,5,6.5,0,0,1,2,3,5,7,0,0,0.07168124782716218,0.14336249565432435,0.21504374348148655,0.3584062391358109,0.46592811087655417,0,0,0.07,0.14,0.22,0.36,0.47,FALSE,TRUE,RSVHub,2026-05-27,Ensemble using RSVHub forecast submissions
Maine,ME,2,wk inc rsv hosp,hosp,2026-05-30,2026-06-13,RSVHub-ensemble,0,0,0.5,1,3,4,5.5,0,0,1,1,3,4,6,0,0,0.03584062391358109,0.07168124782716218,0.21504374348148655,0.2867249913086487,0.394246863049392,0,0,0.04,0.07,0.22,0.29,0.39,FALSE,TRUE,RSVHub,2026-05-27,Ensemble using RSVHub forecast submissions
Maine,ME,0,wk inc rsv prop ed visits,prop_ed,2026-05-30,2026-05-30,RSVHub-ensemble,2.447327408716371e-4,3.629750262177286e-4,5.141251885618754e-4,7.055474659002747e-4,9.32110024151638e-4,0.001190525982233522,0.0014959933272083383,2.4e-4,3.6e-4,5.1e-4,7.1e-4,0.00093000000000000005,0.0012,0.0015,NA,NA,NA,NA,NA,NA,NA,NA,NA,NA,NA,NA,NA,NA,FALSE,TRUE,RSVHub,2026-05-27,Ensemble using RSVHub forecast submissions
Maine,ME,1,wk inc rsv prop ed visits,prop_ed,2026-05-30,2026-06-06,RSVHub-ensemble,1.1881797476461967e-4,2.2331914108227602e-4,3.710201857357321e-4,5.536010853736251e-4,7.732737913034037e-4,0.0010336168890643946,0.0014251108985242115,1.2e-4,2.2e-4,3.7e-4,5.5e-4,7.7e-4,0.001,0.0014,NA,NA,NA,NA,NA,NA,NA,NA,NA,NA,NA,NA,NA,NA,FALSE,TRUE,RSVHub,2026-05-27,Ensemble using RSVHub forecast submissions
Maryland,MD,0,wk inc rsv hosp,hosp,2026-05-30,2026-05-30,CEPH-Rtrend_rsv,2,5,7,12,16,21,27,2,5,7,10,20,20,30,0.03252469356046844,0.08131173390117112,0.11383642746163956,0.19514816136281066,0.26019754848374754,0.3415092823849187,0.439083363066324,0.03,0.08,0.11,0.2,0.26,0.34,0.44,TRUE,FALSE,CEPH Lab at Indiana University,2026-05-27,Rtrend RSV
Maryland,MD,1,wk inc rsv hosp,hosp,2026-05-30,2026-06-06,CEPH-Rtrend_rsv,2,4,7,12,17,24,36,2,4,7,10,20,20,40,0.03252469356046844,0.06504938712093689,0.11383642746163956,0.19514816136281066,0.2764598952639818,0.3902963227256213,0.5854444840884321,0.03,0.07,0.11,0.2,0.28,0.39,0.59,TRUE,FALSE,CEPH Lab at Indiana University,2026-05-27,Rtrend RSV
Maryland,MD,2,wk inc rsv hosp,hosp,2026-05-30,2026-06-13,CEPH-Rtrend_rsv,2,4,7,11,18,27,43,2,4,7,10,20,30,40,0.03252469356046844,0.06504938712093689,0.11383642746163956,0.17888581458257646,0.29272224204421604,0.439083363066324,0.6992809115500717,0.03,0.07,0.11,0.18,0.29,0.44,0.7,TRUE,FALSE,CEPH Lab at Indiana University,2026-05-27,Rtrend RSV
Maryland,MD,0,wk inc rsv prop ed visits,prop_ed,2026-05-30,2026-05-30,CFA_Pyrenew-Pyrenew_E_RSV,1.727047978092228e-4,2.2050493879348861e-4,2.8511210350594466e-4,3.706695086831402e-4,4.700401084021524e-4,5.685326599077097e-4,7.040955057233499e-4,1.7e-4,2.2e-4,2.9e-4,3.7e-4,4.7e-4,5.7e-4,7e-4,NA,NA,NA,NA,NA,NA,NA,NA,NA,NA,NA,NA,NA,NA,TRUE,FALSE,Center for Forecasting and Outbreak Analytics (CFA/CDC) Pyrenew team,2026-05-27,Pyrenew_ED_Visits_RSV
Maryland,MD,1,wk inc rsv prop ed visits,prop_ed,2026-05-30,2026-06-06,CFA_Pyrenew-Pyrenew_E_RSV,1.0969826858503933e-4,1.7628465620202812e-4,2.4260960218115614e-4,3.289921223814062e-4,4.4212881897224226e-4,5.760631660157965e-4,8.427444901157691e-4,1.1e-4,1.8e-4,2.4e-4,3.3e-4,4.4e-4,5.8e-4,8.4e-4,NA,NA,NA,NA,NA,NA,NA,NA,NA,NA,NA,NA,NA,NA,TRUE,FALSE,Center for Forecasting and Outbreak Analytics (CFA/CDC) Pyrenew team,2026-05-27,Pyrenew_ED_Visits_RSV
Maryland,MD,0,wk inc rsv hosp,hosp,2026-05-30,2026-05-30,CFA_Pyrenew-Pyrenew_HE_RSV,1,3,5,7,10,14,19,1,3,5,7,10,10,20,0.01626234678023422,0.048787040340702664,0.08131173390117112,0.11383642746163956,0.16262346780234224,0.22767285492327913,0.30898458882445023,0.02,0.05,0.08,0.11,0.16,0.23,0.31,TRUE,FALSE,Center for Forecasting and Outbreak Analytics (CFA/CDC) Pyrenew team,2026-05-27,Pyrenew_Hospital_Admissions_ED_Visits_RSV
Maryland,MD,1,wk inc rsv hosp,hosp,2026-05-30,2026-06-06,CFA_Pyrenew-Pyrenew_HE_RSV,1,2,4,6,9,13,19,1,2,4,6,9,10,20,0.01626234678023422,0.03252469356046844,0.06504938712093689,0.09757408068140533,0.14636112102210802,0.2114105081430449,0.30898458882445023,0.02,0.03,0.07,0.1,0.15,0.21,0.31,TRUE,FALSE,Center for Forecasting and Outbreak Analytics (CFA/CDC) Pyrenew team,2026-05-27,Pyrenew_Hospital_Admissions_ED_Visits_RSV
Maryland,MD,0,wk inc rsv prop ed visits,prop_ed,2026-05-30,2026-05-30,CFA_Pyrenew-Pyrenew_HE_RSV,1.5839965503780957e-4,2.2227954917592195e-4,2.805925203354064e-4,3.6294137609891664e-4,4.6021319790434895e-4,5.428057358227048e-4,6.788957665687453e-4,1.6e-4,2.2e-4,2.8e-4,3.6e-4,4.6e-4,5.4e-4,6.8e-4,NA,NA,NA,NA,NA,NA,NA,NA,NA,NA,NA,NA,NA,NA,FALSE,FALSE,Center for Forecasting and Outbreak Analytics (CFA/CDC) Pyrenew team,2026-05-27,Pyrenew_Hospital_Admissions_ED_Visits_RSV
Maryland,MD,1,wk inc rsv prop ed visits,prop_ed,2026-05-30,2026-06-06,CFA_Pyrenew-Pyrenew_HE_RSV,1.0970307696197464e-4,1.69357630290471e-4,2.359422767500316e-4,3.279240617625177e-4,4.4471998674523944e-4,5.770085162361496e-4,7.858523786913503e-4,1.1e-4,1.7e-4,2.4e-4,3.3e-4,4.4e-4,5.8e-4,7.9e-4,NA,NA,NA,NA,NA,NA,NA,NA,NA,NA,NA,NA,NA,NA,FALSE,FALSE,Center for Forecasting and Outbreak Analytics (CFA/CDC) Pyrenew team,2026-05-27,Pyrenew_Hospital_Admissions_ED_Visits_RSV
Maryland,MD,0,wk inc rsv hosp,hosp,2026-05-30,2026-05-30,CFA_Pyrenew-Pyrenew_H_RSV,1,3,4,7,10,13,19,1,3,4,7,10,10,20,0.01626234678023422,0.048787040340702664,0.06504938712093689,0.11383642746163956,0.16262346780234224,0.2114105081430449,0.30898458882445023,0.02,0.05,0.07,0.11,0.16,0.21,0.31,FALSE,FALSE,Center for Forecasting and Outbreak Analytics (CFA/CDC) Pyrenew team,2026-05-27,Pyrenew_Hospital_Admissions_RSV
Maryland,MD,1,wk inc rsv hosp,hosp,2026-05-30,2026-06-06,CFA_Pyrenew-Pyrenew_H_RSV,0,2,3,6,10,16,26,0,2,3,6,10,20,30,0,0.03252469356046844,0.048787040340702664,0.09757408068140533,0.16262346780234224,0.26019754848374754,0.4228210162860898,0,0.03,0.05,0.1,0.16,0.26,0.42,FALSE,FALSE,Center for Forecasting and Outbreak Analytics (CFA/CDC) Pyrenew team,2026-05-27,Pyrenew_Hospital_Admissions_RSV
Maryland,MD,0,wk inc rsv hosp,hosp,2026-05-30,2026-05-30,Google_SAI-RSVEns,1.5,3,4.5,5.5,8,13,19,2,3,5,6,8,10,20,0.024393520170351332,0.048787040340702664,0.07318056051105401,0.08944290729128823,0.13009877424187377,0.2114105081430449,0.30898458882445023,0.02,0.05,0.07,0.09,0.13,0.21,0.31,TRUE,FALSE,Google Science AI,2026-05-27,RSVEnsemble
Maryland,MD,1,wk inc rsv hosp,hosp,2026-05-30,2026-06-06,Google_SAI-RSVEns,1.5,3,4,5.5,8.5,11,19.5,2,3,4,6,9,10,20,0.024393520170351332,0.048787040340702664,0.06504938712093689,0.08944290729128823,0.1382299476319909,0.17888581458257646,0.3171157622145674,0.02,0.05,0.07,0.09,0.14,0.18,0.32,TRUE,FALSE,Google Science AI,2026-05-27,RSVEnsemble
Maryland,MD,2,wk inc rsv hosp,hosp,2026-05-30,2026-06-13,Google_SAI-RSVEns,1.5,2.5,3.5,5,7,9.5,19,2,3,4,5,7,10,20,0.024393520170351332,0.04065586695058556,0.05691821373081978,0.08131173390117112,0.11383642746163956,0.15449229441222512,0.30898458882445023,0.02,0.04,0.06,0.08,0.11,0.15,0.31,TRUE,FALSE,Google Science AI,2026-05-27,RSVEnsemble
Maryland,MD,0,wk inc rsv hosp,hosp,2026-05-30,2026-05-30,RSVHub-baseline,0,0,0,6,12.25,27.3,60,0,0,0,6,10,30,60,0,0,0,0.09757408068140533,0.19921374805786923,0.44396206710039426,0.9757408068140534,0,0,0,0.1,0.2,0.44,0.98,FALSE,FALSE,RSVHub-hub-models,2026-05-27,RSVHub baseline model
Maryland,MD,1,wk inc rsv hosp,hosp,2026-05-30,2026-06-06,RSVHub-baseline,0,0,0,6,19,42.211058110581135,71.7026910269102,0,0,0,6,20,40,70,0,0,0,0.09757408068140533,0.30898458882445023,0.6864508649548888,1.1660540265556023,0,0,0,0.1,0.31,0.69,1.17,FALSE,FALSE,RSVHub-hub-models,2026-05-27,RSVHub baseline model
Maryland,MD,2,wk inc rsv hosp,hosp,2026-05-30,2026-06-13,RSVHub-baseline,0,0,0,6,24.41994419944202,50.96872168721698,85.820009450094,0,0,0,6,20,50,90,0,0,0,0.09757408068140533,0.3971256009252953,0.8288710270227673,1.3956347543604068,0,0,0,0.1,0.4,0.83,1.4,FALSE,FALSE,RSVHub-hub-models,2026-05-27,RSVHub baseline model
Maryland,MD,0,wk inc rsv prop ed visits,prop_ed,2026-05-30,2026-05-30,RSVHub-baseline,0,0,1.9999999999999998e-4,4e-4,6.000000000000001e-4,0.0014200000000000085,0.003352499999999999,0,0,2e-4,4e-4,6e-4,0.0014,0.0034,NA,NA,NA,NA,NA,NA,NA,NA,NA,NA,NA,NA,NA,NA,FALSE,FALSE,RSVHub-hub-models,2026-05-27,RSVHub baseline model
Maryland,MD,1,wk inc rsv prop ed visits,prop_ed,2026-05-30,2026-06-06,RSVHub-baseline,0,0,0,4e-4,0.0010000000000000009,0.0023999999999999994,0.003918328383283835,0,0,0,4e-4,0.001,0.0024,0.0039,NA,NA,NA,NA,NA,NA,NA,NA,NA,NA,NA,NA,NA,NA,FALSE,FALSE,RSVHub-hub-models,2026-05-27,RSVHub baseline model
Maryland,MD,2,wk inc rsv prop ed visits,prop_ed,2026-05-30,2026-06-13,RSVHub-baseline,0,0,0,4e-4,0.0013000000000000006,0.0028912363123631277,0.00451490262402624,0,0,0,4e-4,0.0013,0.0029,0.0045,NA,NA,NA,NA,NA,NA,NA,NA,NA,NA,NA,NA,NA,NA,FALSE,FALSE,RSVHub-hub-models,2026-05-27,RSVHub baseline model
Maryland,MD,0,wk inc rsv hosp,hosp,2026-05-30,2026-05-30,UGA_flucast-INFLAenza,1,2,3,5,8,11,15,1,2,3,5,8,10,20,0.01626234678023422,0.03252469356046844,0.048787040340702664,0.08131173390117112,0.13009877424187377,0.17888581458257646,0.24393520170351335,0.02,0.03,0.05,0.08,0.13,0.18,0.24,TRUE,FALSE,UGA_flucast,2026-05-27,INFLAenza
Maryland,MD,1,wk inc rsv hosp,hosp,2026-05-30,2026-06-06,UGA_flucast-INFLAenza,0,1,2,4,6,9,14,0,1,2,4,6,9,10,0,0.01626234678023422,0.03252469356046844,0.06504938712093689,0.09757408068140533,0.14636112102210802,0.22767285492327913,0,0.02,0.03,0.07,0.1,0.15,0.23,TRUE,FALSE,UGA_flucast,2026-05-27,INFLAenza
Maryland,MD,2,wk inc rsv hosp,hosp,2026-05-30,2026-06-13,UGA_flucast-INFLAenza,0,1,1,3,5,8,12,0,1,1,3,5,8,10,0,0.01626234678023422,0.01626234678023422,0.048787040340702664,0.08131173390117112,0.13009877424187377,0.19514816136281066,0,0.02,0.02,0.05,0.08,0.13,0.2,TRUE,FALSE,UGA_flucast,2026-05-27,INFLAenza
Maryland,MD,0,wk inc rsv prop ed visits,prop_ed,2026-05-30,2026-05-30,UGA_flucast-INFLAenza,7.440076154658233e-5,1.355982072073396e-4,2.1545367565685831e-4,3.3109287528895954e-4,4.7817240377827266e-4,6.367201909940454e-4,8.490339703502648e-4,7.4e-5,1.4e-4,2.2e-4,3.3e-4,4.8e-4,6.4e-4,8.5e-4,NA,NA,NA,NA,NA,NA,NA,NA,NA,NA,NA,NA,NA,NA,TRUE,FALSE,UGA_flucast,2026-05-27,INFLAenza
Maryland,MD,1,wk inc rsv prop ed visits,prop_ed,2026-05-30,2026-06-06,UGA_flucast-INFLAenza,5.308989894422026e-5,1.0889147028724492e-4,1.8513343313717896e-4,3.032024314791342e-4,4.415878537924116e-4,6.028062551916331e-4,8.378624435692466e-4,5.3e-5,1.1e-4,1.9e-4,3e-4,4.4e-4,6e-4,8.4e-4,NA,NA,NA,NA,NA,NA,NA,NA,NA,NA,NA,NA,NA,NA,TRUE,FALSE,UGA_flucast,2026-05-27,INFLAenza
Maryland,MD,2,wk inc rsv prop ed visits,prop_ed,2026-05-30,2026-06-13,UGA_flucast-INFLAenza,4.252639784297961e-5,9.21728745704992e-5,1.6258408901547274e-4,2.665333309141073e-4,4.112410450692759e-4,5.715097956675e-4,8.246996242753481e-4,4.3e-5,9.2e-5,1.6e-4,2.7e-4,4.1e-4,5.7e-4,8.2e-4,NA,NA,NA,NA,NA,NA,NA,NA,NA,NA,NA,NA,NA,NA,TRUE,FALSE,UGA_flucast,2026-05-27,INFLAenza
Maryland,MD,0,wk inc rsv hosp,hosp,2026-05-30,2026-05-30,RSVHub-ensemble,1.25,3,4.75,6.25,9,13.5,19,1,3,5,6,9,10,20,0.02032793347529278,0.048787040340702664,0.07724614720611256,0.10163966737646389,0.14636112102210802,0.219541681533162,0.30898458882445023,0.02,0.05,0.08,0.1,0.15,0.22,0.31,FALSE,TRUE,RSVHub,2026-05-27,Ensemble using RSVHub forecast submissions
Maryland,MD,1,wk inc rsv hosp,hosp,2026-05-30,2026-06-06,RSVHub-ensemble,1.25,2.5,4,5.75,8.75,12,19.25,1,3,4,6,9,10,20,0.02032793347529278,0.04065586695058556,0.06504938712093689,0.0935084939863468,0.14229553432704944,0.19514816136281066,0.31305017551950876,0.02,0.04,0.07,0.09,0.14,0.2,0.31,FALSE,TRUE,RSVHub,2026-05-27,Ensemble using RSVHub forecast submissions
Maryland,MD,2,wk inc rsv hosp,hosp,2026-05-30,2026-06-13,RSVHub-ensemble,1.5,2.5,3.5,5,7,9.5,19,2,3,4,5,7,10,20,0.024393520170351332,0.04065586695058556,0.05691821373081978,0.08131173390117112,0.11383642746163956,0.15449229441222512,0.30898458882445023,0.02,0.04,0.06,0.08,0.11,0.15,0.31,FALSE,TRUE,RSVHub,2026-05-27,Ensemble using RSVHub forecast submissions
Maryland,MD,0,wk inc rsv prop ed visits,prop_ed,2026-05-30,2026-05-30,RSVHub-ensemble,1.2355277967790256e-4,1.780515730004141e-4,2.502828895814015e-4,3.508811919860499e-4,4.7410625609021253e-4,6.026264254508775e-4,7.765647380368073e-4,1.2e-4,1.8e-4,2.5e-4,3.5e-4,4.7e-4,6e-4,7.8e-4,NA,NA,NA,NA,NA,NA,NA,NA,NA,NA,NA,NA,NA,NA,FALSE,TRUE,RSVHub,2026-05-27,Ensemble using RSVHub forecast submissions
Maryland,MD,1,wk inc rsv prop ed visits,prop_ed,2026-05-30,2026-06-06,RSVHub-ensemble,8.13940837646298e-5,1.4258806324463652e-4,2.1387151765916757e-4,3.1609727693027016e-4,4.4185833638232694e-4,5.894347106037148e-4,8.403034668425079e-4,8.1e-5,1.4e-4,2.1e-4,3.2e-4,4.4e-4,5.9e-4,8.4e-4,NA,NA,NA,NA,NA,NA,NA,NA,NA,NA,NA,NA,NA,NA,FALSE,TRUE,RSVHub,2026-05-27,Ensemble using RSVHub forecast submissions
Massachusetts,MA,0,wk inc rsv hosp,hosp,2026-05-30,2026-05-30,CEPH-Rtrend_rsv,5,8,13,19,28,39,53,5,8,10,20,30,40,50,0.07144864849879959,0.11431783759807936,0.18576648609687893,0.27150486429543846,0.4001124315932777,0.5572994582906369,0.7573556740872757,0.07,0.11,0.19,0.27,0.4,0.56,0.76,TRUE,FALSE,CEPH Lab at Indiana University,2026-05-27,Rtrend RSV
Massachusetts,MA,1,wk inc rsv hosp,hosp,2026-05-30,2026-06-06,CEPH-Rtrend_rsv,3,5,8,14,23,35,51,3,5,8,10,20,40,50,0.04286918909927975,0.07144864849879959,0.11431783759807936,0.20005621579663885,0.32866378309447813,0.5001405394915971,0.7287762146877558,0.04,0.07,0.11,0.2,0.33,0.5,0.73,TRUE,FALSE,CEPH Lab at Indiana University,2026-05-27,Rtrend RSV
Massachusetts,MA,2,wk inc rsv hosp,hosp,2026-05-30,2026-06-13,CEPH-Rtrend_rsv,1,3,5,10,18,29,46,1,3,5,10,20,30,50,0.01428972969975992,0.04286918909927975,0.07144864849879959,0.14289729699759918,0.2572151345956785,0.41440216129303764,0.6573275661889563,0.01,0.04,0.07,0.14,0.26,0.41,0.66,TRUE,FALSE,CEPH Lab at Indiana University,2026-05-27,Rtrend RSV
Massachusetts,MA,0,wk inc rsv prop ed visits,prop_ed,2026-05-30,2026-05-30,CFA_Pyrenew-Pyrenew_E_RSV,2.7794951026072787e-4,3.5755060282360016e-4,4.3922409911918724e-4,5.414689696635903e-4,6.512332659471837e-4,7.717456783970426e-4,9.007142243715896e-4,2.8e-4,3.6e-4,4.4e-4,5.4e-4,6.5e-4,7.7e-4,9e-4,NA,NA,NA,NA,NA,NA,NA,NA,NA,NA,NA,NA,NA,NA,TRUE,FALSE,Center for Forecasting and Outbreak Analytics (CFA/CDC) Pyrenew team,2026-05-27,Pyrenew_ED_Visits_RSV
Massachusetts,MA,1,wk inc rsv prop ed visits,prop_ed,2026-05-30,2026-06-06,CFA_Pyrenew-Pyrenew_E_RSV,0.00018430205052850769,2.5381672954429067e-4,3.351269761929606e-4,4.5217862521259076e-4,6.099702188915016e-4,7.860759951874872e-4,0.0010774831301541192,1.8e-4,2.5e-4,3.4e-4,4.5e-4,6.1e-4,7.9e-4,0.0011,NA,NA,NA,NA,NA,NA,NA,NA,NA,NA,NA,NA,NA,NA,TRUE,FALSE,Center for Forecasting and Outbreak Analytics (CFA/CDC) Pyrenew team,2026-05-27,Pyrenew_ED_Visits_RSV
Massachusetts,MA,0,wk inc rsv hosp,hosp,2026-05-30,2026-05-30,CFA_Pyrenew-Pyrenew_HE_RSV,7,10,12,16,20,23,28.024999999999864,7,10,10,20,20,20,30,0.10002810789831942,0.14289729699759918,0.171476756397119,0.2286356751961587,0.28579459399519835,0.32866378309447813,0.40046967483576973,0.1,0.14,0.17,0.23,0.29,0.33,0.4,TRUE,FALSE,Center for Forecasting and Outbreak Analytics (CFA/CDC) Pyrenew team,2026-05-27,Pyrenew_Hospital_Admissions_ED_Visits_RSV
Massachusetts,MA,1,wk inc rsv hosp,hosp,2026-05-30,2026-06-06,CFA_Pyrenew-Pyrenew_HE_RSV,4,6,9,12,16,20,25.024999999999864,4,6,9,10,20,20,30,0.05715891879903968,0.0857383781985595,0.12860756729783926,0.171476756397119,0.2286356751961587,0.28579459399519835,0.35760048573649,0.06,0.09,0.13,0.17,0.23,0.29,0.36,TRUE,FALSE,Center for Forecasting and Outbreak Analytics (CFA/CDC) Pyrenew team,2026-05-27,Pyrenew_Hospital_Admissions_ED_Visits_RSV
Massachusetts,MA,0,wk inc rsv prop ed visits,prop_ed,2026-05-30,2026-05-30,CFA_Pyrenew-Pyrenew_HE_RSV,2.5753065332598826e-4,3.196921398961226e-4,3.829431128527163e-4,4.689371479158601e-4,5.683332063990471e-4,6.706127995915832e-4,8.240273787969702e-4,2.6e-4,3.2e-4,3.8e-4,4.7e-4,5.7e-4,6.7e-4,8.2e-4,NA,NA,NA,NA,NA,NA,NA,NA,NA,NA,NA,NA,NA,NA,FALSE,FALSE,Center for Forecasting and Outbreak Analytics (CFA/CDC) Pyrenew team,2026-05-27,Pyrenew_Hospital_Admissions_ED_Visits_RSV
Massachusetts,MA,1,wk inc rsv prop ed visits,prop_ed,2026-05-30,2026-06-06,CFA_Pyrenew-Pyrenew_HE_RSV,1.5520332024152183e-4,2.12680162712753e-4,2.809648732179109e-4,3.719874328542914e-4,4.8750726882499203e-4,6.360512786783152e-4,8.161746153530911e-4,1.6e-4,2.1e-4,2.8e-4,3.7e-4,4.9e-4,6.4e-4,8.2e-4,NA,NA,NA,NA,NA,NA,NA,NA,NA,NA,NA,NA,NA,NA,FALSE,FALSE,Center for Forecasting and Outbreak Analytics (CFA/CDC) Pyrenew team,2026-05-27,Pyrenew_Hospital_Admissions_ED_Visits_RSV
Massachusetts,MA,0,wk inc rsv hosp,hosp,2026-05-30,2026-05-30,CFA_Pyrenew-Pyrenew_H_RSV,3,5,7,10,14,17,23.024999999999864,3,5,7,10,10,20,20,0.04286918909927975,0.07144864849879959,0.10002810789831942,0.14289729699759918,0.20005621579663885,0.2429254048959186,0.32902102633697017,0.04,0.07,0.1,0.14,0.2,0.24,0.33,FALSE,FALSE,Center for Forecasting and Outbreak Analytics (CFA/CDC) Pyrenew team,2026-05-27,Pyrenew_Hospital_Admissions_RSV
Massachusetts,MA,1,wk inc rsv hosp,hosp,2026-05-30,2026-06-06,CFA_Pyrenew-Pyrenew_H_RSV,1,2,4,6,9,13,19,1,2,4,6,9,10,20,0.01428972969975992,0.02857945939951984,0.05715891879903968,0.0857383781985595,0.12860756729783926,0.18576648609687893,0.27150486429543846,0.01,0.03,0.06,0.09,0.13,0.19,0.27,FALSE,FALSE,Center for Forecasting and Outbreak Analytics (CFA/CDC) Pyrenew team,2026-05-27,Pyrenew_Hospital_Admissions_RSV
Massachusetts,MA,0,wk inc rsv hosp,hosp,2026-05-30,2026-05-30,Google_SAI-RSVEns,4,7,8.5,10.5,16,26.5,47,4,7,9,10,20,30,50,0.05715891879903968,0.10002810789831942,0.1214627024479593,0.15004216184747912,0.2286356751961587,0.37867783704363783,0.6716172958887162,0.06,0.1,0.12,0.15,0.23,0.38,0.67,TRUE,FALSE,Google Science AI,2026-05-27,RSVEnsemble
Massachusetts,MA,1,wk inc rsv hosp,hosp,2026-05-30,2026-06-06,Google_SAI-RSVEns,4,5.5,7,10,15.5,23.5,35,4,6,7,10,20,20,40,0.05715891879903968,0.07859351334867955,0.10002810789831942,0.14289729699759918,0.22149081034627874,0.3358086479443581,0.5001405394915971,0.06,0.08,0.1,0.14,0.22,0.34,0.5,TRUE,FALSE,Google Science AI,2026-05-27,RSVEnsemble
Massachusetts,MA,2,wk inc rsv hosp,hosp,2026-05-30,2026-06-13,Google_SAI-RSVEns,3,4.5,6.5,8,12,20,31.5,3,5,7,8,10,20,30,0.04286918909927975,0.06430378364891963,0.092883243048439465,0.11431783759807936,0.171476756397119,0.28579459399519835,0.4501264855424374,0.04,0.06,0.09,0.11,0.17,0.29,0.45,TRUE,FALSE,Google Science AI,2026-05-27,RSVEnsemble
Massachusetts,MA,0,wk inc rsv hosp,hosp,2026-05-30,2026-05-30,RSVHub-baseline,0,0,0,9,19,42,100.19999999999985,0,0,0,9,20,40,100,0,0,0,0.12860756729783926,0.27150486429543846,0.6001686473899165,1.4318309159159417,0,0,0,0.13,0.27,0.6,1.43,FALSE,FALSE,RSVHub-hub-models,2026-05-27,RSVHub baseline model
Massachusetts,MA,1,wk inc rsv hosp,hosp,2026-05-30,2026-06-06,RSVHub-baseline,0,0,0,9,30.740632406324075,70.35315453154548,129.24929799297965,0,0,0,9,30,70,130,0,0,0,0.12860756729783926,0.43927532788605134,1.0053275617812245,1.8469375322034014,0,0,0,0.13,0.44,1.01,1.85,FALSE,FALSE,RSVHub-hub-models,2026-05-27,RSVHub baseline model
Massachusetts,MA,2,wk inc rsv hosp,hosp,2026-05-30,2026-06-13,RSVHub-baseline,0,0,0,9,38.695054450544475,87.25850958509588,160.10643056430547,0,0,0,9,40,90,160,0,0,0,0.12860756729783926,0.5529418688157726,1.2469005159749302,2.287877615957305,0,0,0,0.13,0.55,1.25,2.29,FALSE,FALSE,RSVHub-hub-models,2026-05-27,RSVHub baseline model
Massachusetts,MA,0,wk inc rsv prop ed visits,prop_ed,2026-05-30,2026-05-30,RSVHub-baseline,0,0,3.9999999999999986e-4,6e-4,8e-4,0.0017100000000000045,0.003852499999999998,0,0,4e-4,6e-4,8e-4,0.0017,0.0039,NA,NA,NA,NA,NA,NA,NA,NA,NA,NA,NA,NA,NA,NA,FALSE,FALSE,RSVHub-hub-models,2026-05-27,RSVHub baseline model
Massachusetts,MA,1,wk inc rsv prop ed visits,prop_ed,2026-05-30,2026-06-06,RSVHub-baseline,0,0,9.999999999999999e-5,6e-4,0.0013621583715837144,0.002882210322103224,0.004370038550385497,0,0,1e-4,6e-4,0.0014,0.0029,0.0044,NA,NA,NA,NA,NA,NA,NA,NA,NA,NA,NA,NA,NA,NA,FALSE,FALSE,RSVHub-hub-models,2026-05-27,RSVHub baseline model
Massachusetts,MA,2,wk inc rsv prop ed visits,prop_ed,2026-05-30,2026-06-13,RSVHub-baseline,0,0,0,6.000000000000001e-4,0.0016666889168891702,0.00335126131261313,0.0051501268012680065,0,0,0,6e-4,0.0017,0.0034,0.0052,NA,NA,NA,NA,NA,NA,NA,NA,NA,NA,NA,NA,NA,NA,FALSE,FALSE,RSVHub-hub-models,2026-05-27,RSVHub baseline model
Massachusetts,MA,0,wk inc rsv hosp,hosp,2026-05-30,2026-05-30,UGA_flucast-INFLAenza,5,8,12,17,24,32,44,5,8,10,20,20,30,40,0.07144864849879959,0.11431783759807936,0.171476756397119,0.2429254048959186,0.342953512794238,0.4572713503923174,0.6287481067894364,0.07,0.11,0.17,0.24,0.34,0.46,0.63,TRUE,FALSE,UGA_flucast,2026-05-27,INFLAenza
Massachusetts,MA,1,wk inc rsv hosp,hosp,2026-05-30,2026-06-06,UGA_flucast-INFLAenza,3,5,8,13,19,28,41,3,5,8,10,20,30,40,0.04286918909927975,0.07144864849879959,0.11431783759807936,0.18576648609687893,0.27150486429543846,0.4001124315932777,0.5858789176901567,0.04,0.07,0.11,0.19,0.27,0.4,0.59,TRUE,FALSE,UGA_flucast,2026-05-27,INFLAenza
Massachusetts,MA,2,wk inc rsv hosp,hosp,2026-05-30,2026-06-13,UGA_flucast-INFLAenza,2,4,6,10,15,23,34,2,4,6,10,20,20,30,0.02857945939951984,0.05715891879903968,0.0857383781985595,0.14289729699759918,0.2143459454963988,0.32866378309447813,0.4858508097918372,0.03,0.06,0.09,0.14,0.21,0.33,0.49,TRUE,FALSE,UGA_flucast,2026-05-27,INFLAenza
Massachusetts,MA,0,wk inc rsv prop ed visits,prop_ed,2026-05-30,2026-05-30,UGA_flucast-INFLAenza,1.770680896833587e-4,2.755307920524642e-4,3.874138556888219e-4,5.411801636366158e-4,7.370152184122119e-4,9.373496699376814e-4,0.0012448350610740225,1.8e-4,2.8e-4,3.9e-4,5.4e-4,7.4e-4,9.4e-4,0.0012,NA,NA,NA,NA,NA,NA,NA,NA,NA,NA,NA,NA,NA,NA,TRUE,FALSE,UGA_flucast,2026-05-27,INFLAenza
Massachusetts,MA,1,wk inc rsv prop ed visits,prop_ed,2026-05-30,2026-06-06,UGA_flucast-INFLAenza,1.3254458362204195e-4,2.2627610779907758e-4,3.3209121335529054e-4,4.901963494154207e-4,6.839102459690605e-4,9.084814143433459e-4,0.0012180648522452154,1.3e-4,2.3e-4,3.3e-4,4.9e-4,6.8e-4,9.1e-4,0.0012,NA,NA,NA,NA,NA,NA,NA,NA,NA,NA,NA,NA,NA,NA,TRUE,FALSE,UGA_flucast,2026-05-27,INFLAenza
Massachusetts,MA,2,wk inc rsv prop ed visits,prop_ed,2026-05-30,2026-06-13,UGA_flucast-INFLAenza,9.544117675052352e-5,1.8206317761585244e-4,2.9211484502749324e-4,4.407202582467046e-4,6.303910381275993e-4,8.606695658286452e-4,0.0011607073628789545,9.5e-5,1.8e-4,2.9e-4,4.4e-4,6.3e-4,8.6e-4,0.0012,NA,NA,NA,NA,NA,NA,NA,NA,NA,NA,NA,NA,NA,NA,TRUE,FALSE,UGA_flucast,2026-05-27,INFLAenza
Massachusetts,MA,0,wk inc rsv hosp,hosp,2026-05-30,2026-05-30,RSVHub-ensemble,5,8,12,16.5,22,29.25,45.5,5,8,10,20,20,30,50,0.07144864849879959,0.11431783759807936,0.171476756397119,0.23578054004603863,0.3143740533947182,0.4179745937179776,0.6501827013390763,0.07,0.11,0.17,0.24,0.31,0.42,0.65,FALSE,TRUE,RSVHub,2026-05-27,Ensemble using RSVHub forecast submissions
Massachusetts,MA,1,wk inc rsv hosp,hosp,2026-05-30,2026-06-06,RSVHub-ensemble,3.5,5.25,8,12.5,17.5,25.75,38,4,5,8,10,20,30,40,0.05001405394915971,0.07502108092373956,0.11431783759807936,0.17862162124699899,0.25007026974579855,0.3679605397688179,0.5430097285908769,0.05,0.08,0.11,0.18,0.25,0.37,0.54,FALSE,TRUE,RSVHub,2026-05-27,Ensemble using RSVHub forecast submissions
Massachusetts,MA,2,wk inc rsv hosp,hosp,2026-05-30,2026-06-13,RSVHub-ensemble,2,4,6,10,15,23,34,2,4,6,10,20,20,30,0.02857945939951984,0.05715891879903968,0.0857383781985595,0.14289729699759918,0.2143459454963988,0.32866378309447813,0.4858508097918372,0.03,0.06,0.09,0.14,0.21,0.33,0.49,FALSE,TRUE,RSVHub,2026-05-27,Ensemble using RSVHub forecast submissions
Massachusetts,MA,0,wk inc rsv prop ed visits,prop_ed,2026-05-30,2026-05-30,RSVHub-ensemble,2.2750879997204327e-4,3.1654069743803216e-4,4.133189774040046e-4,5.413245666501031e-4,6.941242421796978e-4,8.54547674167362e-4,0.001072774642722806,2.3e-4,3.2e-4,4.1e-4,5.4e-4,6.9e-4,8.5e-4,0.0011,NA,NA,NA,NA,NA,NA,NA,NA,NA,NA,NA,NA,NA,NA,FALSE,TRUE,RSVHub,2026-05-27,Ensemble using RSVHub forecast submissions
Massachusetts,MA,1,wk inc rsv prop ed visits,prop_ed,2026-05-30,2026-06-06,RSVHub-ensemble,1.5842331707527482e-4,2.4004641867168413e-4,3.3360909477412557e-4,4.7118748731400574e-4,6.469402324302811e-4,8.472787047654165e-4,0.0011477739911996674,1.6e-4,2.4e-4,3.3e-4,4.7e-4,6.5e-4,8.5e-4,0.0011,NA,NA,NA,NA,NA,NA,NA,NA,NA,NA,NA,NA,NA,NA,FALSE,TRUE,RSVHub,2026-05-27,Ensemble using RSVHub forecast submissions
Michigan,MI,0,wk inc rsv hosp,hosp,2026-05-30,2026-05-30,CEPH-Rtrend_rsv,5,13,21,40,61,90,127,5,10,20,40,60,90,130,0.049823837856490805,0.1295419784268761,0.20926011899726138,0.39859070285192644,0.6078508218491878,0.8968290814168345,1.2655254815548664,0.05,0.13,0.21,0.4,0.61,0.9,1.27,TRUE,FALSE,CEPH Lab at Indiana University,2026-05-27,Rtrend RSV
Michigan,MI,1,wk inc rsv hosp,hosp,2026-05-30,2026-06-06,CEPH-Rtrend_rsv,3,5,13,27,50,77,112,3,5,10,30,50,80,110,0.029894302713894483,0.049823837856490805,0.1295419784268761,0.26904872442505035,0.49823837856490805,0.7672871029899584,1.116053967985394,0.03,0.05,0.13,0.27,0.5,0.77,1.12,TRUE,FALSE,CEPH Lab at Indiana University,2026-05-27,Rtrend RSV
Michigan,MI,2,wk inc rsv hosp,hosp,2026-05-30,2026-06-13,CEPH-Rtrend_rsv,0,3,8,19,37,61,88,0,3,8,20,40,60,90,0,0.029894302713894483,0.07971814057038529,0.18933058385466506,0.36869640013803195,0.6078508218491878,0.8768995462742382,0,0.03,0.08,0.19,0.37,0.61,0.88,TRUE,FALSE,CEPH Lab at Indiana University,2026-05-27,Rtrend RSV
Michigan,MI,0,wk inc rsv prop ed visits,prop_ed,2026-05-30,2026-05-30,CFA_Pyrenew-Pyrenew_E_RSV,3.3618784578093986e-4,3.9612253203844124e-4,4.615783409058972e-4,5.354935098017886e-4,6.205493920091587e-4,7.026762119735889e-4,8.034761679830995e-4,3.4e-4,4e-4,4.6e-4,5.4e-4,6.2e-4,7e-4,8e-4,NA,NA,NA,NA,NA,NA,NA,NA,NA,NA,NA,NA,NA,NA,TRUE,FALSE,Center for Forecasting and Outbreak Analytics (CFA/CDC) Pyrenew team,2026-05-27,Pyrenew_ED_Visits_RSV
Michigan,MI,1,wk inc rsv prop ed visits,prop_ed,2026-05-30,2026-06-06,CFA_Pyrenew-Pyrenew_E_RSV,1.9069124585764576e-4,2.4132665595076233e-4,3.002524161368889e-4,3.7655200462144905e-4,4.659233253437831e-4,5.608614265401025e-4,6.865903583639034e-4,1.9e-4,2.4e-4,3e-4,3.8e-4,4.7e-4,5.6e-4,6.9e-4,NA,NA,NA,NA,NA,NA,NA,NA,NA,NA,NA,NA,NA,NA,TRUE,FALSE,Center for Forecasting and Outbreak Analytics (CFA/CDC) Pyrenew team,2026-05-27,Pyrenew_ED_Visits_RSV
Michigan,MI,0,wk inc rsv hosp,hosp,2026-05-30,2026-05-30,CFA_Pyrenew-Pyrenew_H_RSV,26,32,38,45,54,63,75.02499999999986,30,30,40,50,50,60,80,0.2590839568537522,0.31887256228154115,0.3786611677093301,0.44841454070841724,0.5380974488501007,0.6277803569917841,0.7476066870366432,0.26,0.32,0.38,0.45,0.54,0.63,0.75,FALSE,FALSE,Center for Forecasting and Outbreak Analytics (CFA/CDC) Pyrenew team,2026-05-27,Pyrenew_Hospital_Admissions_RSV
Michigan,MI,1,wk inc rsv hosp,hosp,2026-05-30,2026-06-06,CFA_Pyrenew-Pyrenew_H_RSV,16,22,30,38,49.25,63,86,20,20,30,40,50,60,90,0.15943628114077057,0.21922488656855954,0.29894302713894483,0.3786611677093301,0.4907648028864344,0.6277803569917841,0.8569700111316418,0.16,0.22,0.3,0.38,0.49,0.63,0.86,FALSE,FALSE,Center for Forecasting and Outbreak Analytics (CFA/CDC) Pyrenew team,2026-05-27,Pyrenew_Hospital_Admissions_RSV
Michigan,MI,0,wk inc rsv hosp,hosp,2026-05-30,2026-05-30,Google_SAI-RSVEns,28.5,33.5,39,45.5,53,68,97.5,30,30,40,50,50,70,100,0.2839958757819976,0.3338197136384884,0.3886259352806283,0.4533969244940663,0.5281326812788025,0.6776041948482749,0.9715648382015707,0.28,0.33,0.39,0.45,0.53,0.68,0.97,TRUE,FALSE,Google Science AI,2026-05-27,RSVEnsemble
Michigan,MI,1,wk inc rsv hosp,hosp,2026-05-30,2026-06-06,Google_SAI-RSVEns,21.5,25.5,28.5,36.5,44.5,61.5,79,20,30,30,40,40,60,80,0.21424250278291046,0.2541015730681031,0.2839958757819976,0.3637140163523829,0.44343215692276816,0.6128332056348369,0.7872166381325547,0.21,0.25,0.28,0.36,0.44,0.61,0.79,TRUE,FALSE,Google Science AI,2026-05-27,RSVEnsemble
Michigan,MI,2,wk inc rsv hosp,hosp,2026-05-30,2026-06-13,Google_SAI-RSVEns,17,22,25.5,29,33,45,64,20,20,30,30,30,50,60,0.16940104871206874,0.21922488656855954,0.2541015730681031,0.28897825956764667,0.3288373298528393,0.44841454070841724,0.6377451245630823,0.17,0.22,0.25,0.29,0.33,0.45,0.64,TRUE,FALSE,Google Science AI,2026-05-27,RSVEnsemble
Michigan,MI,0,wk inc rsv hosp,hosp,2026-05-30,2026-05-30,RSVHub-baseline,0,19.80000000000001,44.75,60,75.25,100.19999999999999,148.02499999999998,0,20,40,60,80,100,150,0,0.1973023979117037,0.4459233488155927,0.5978860542778897,0.7498487597401866,0.9984697106440756,1.47503471974141,0,0.2,0.45,0.6,0.75,1,1.48,FALSE,FALSE,RSVHub-hub-models,2026-05-27,RSVHub baseline model
Michigan,MI,1,wk inc rsv hosp,hosp,2026-05-30,2026-06-06,RSVHub-baseline,0,0,30.79931299312993,60,90.33691086910869,129.3651066510665,183.5572705727057,0,0,30,60,90,130,180,0,0,0.3069079953322032,0.5978860542778897,0.9001863199197466,1.2890932196140754,1.8291055372789,0,0,0.31,0.6,0.9,1.29,1.83,FALSE,FALSE,RSVHub-hub-models,2026-05-27,RSVHub baseline model
Michigan,MI,2,wk inc rsv hosp,hosp,2026-05-30,2026-06-13,RSVHub-baseline,0,0,21.725092250922465,60,99.68352683526835,144.69559595595945,212.72227072270726,0,0,20,60,100,140,210,0,0,0.21648549474545314,0.5978860542778897,0.993323175600712,1.4418579822916062,2.1197279849905417,0,0,0.22,0.6,0.99,1.44,2.12,FALSE,FALSE,RSVHub-hub-models,2026-05-27,RSVHub baseline model
Michigan,MI,0,wk inc rsv prop ed visits,prop_ed,2026-05-30,2026-05-30,RSVHub-baseline,0,0,6.000000000000002e-4,8e-4,0.001,0.0018100000000000045,0.003552499999999997,0,0,6e-4,8e-4,0.001,0.0018,0.0036,NA,NA,NA,NA,NA,NA,NA,NA,NA,NA,NA,NA,NA,NA,FALSE,FALSE,RSVHub-hub-models,2026-05-27,RSVHub baseline model
Michigan,MI,1,wk inc rsv prop ed visits,prop_ed,2026-05-30,2026-06-06,RSVHub-baseline,0,0,3.0000000000000003e-4,8e-4,0.0013999999999999998,0.002564692646926466,0.00440456357063569,0,0,3e-4,8e-4,0.0014,0.0026,0.0044,NA,NA,NA,NA,NA,NA,NA,NA,NA,NA,NA,NA,NA,NA,FALSE,FALSE,RSVHub-hub-models,2026-05-27,RSVHub baseline model
Michigan,MI,2,wk inc rsv prop ed visits,prop_ed,2026-05-30,2026-06-13,RSVHub-baseline,0,0,9.7751477514774907e-05,8e-4,0.0017500142501425012,0.0031768416684166837,0.0050999999999999995,0,0,9.8e-5,8e-4,0.0018,0.0032,0.0051,NA,NA,NA,NA,NA,NA,NA,NA,NA,NA,NA,NA,NA,NA,FALSE,FALSE,RSVHub-hub-models,2026-05-27,RSVHub baseline model
Michigan,MI,0,wk inc rsv hosp,hosp,2026-05-30,2026-05-30,UGA_flucast-INFLAenza,10,15,21,29,40,52,71,10,20,20,30,40,50,70,0.09964767571298161,0.14947151356947241,0.20926011899726138,0.28897825956764667,0.39859070285192644,0.5181679137075044,0.7074984975621694,0.1,0.15,0.21,0.29,0.4,0.52,0.71,TRUE,FALSE,UGA_flucast,2026-05-27,INFLAenza
Michigan,MI,1,wk inc rsv hosp,hosp,2026-05-30,2026-06-06,UGA_flucast-INFLAenza,6,10,15,22,32,45,66,6,10,20,20,30,50,70,0.059788605427788966,0.09964767571298161,0.14947151356947241,0.21922488656855954,0.31887256228154115,0.44841454070841724,0.6576746597056786,0.06,0.1,0.15,0.22,0.32,0.45,0.66,TRUE,FALSE,UGA_flucast,2026-05-27,INFLAenza
Michigan,MI,2,wk inc rsv hosp,hosp,2026-05-30,2026-06-13,UGA_flucast-INFLAenza,4,7,10,16,25,37,56,4,7,10,20,30,40,60,0.039859070285192644,0.06975337299908713,0.09964767571298161,0.15943628114077057,0.24911918928245402,0.36869640013803195,0.558026983992697,0.04,0.07,0.1,0.16,0.25,0.37,0.56,TRUE,FALSE,UGA_flucast,2026-05-27,INFLAenza
Michigan,MI,0,wk inc rsv prop ed visits,prop_ed,2026-05-30,2026-05-30,UGA_flucast-INFLAenza,3.036506722756835e-4,4.3359641449622853e-4,5.810068841353055e-4,7.869573626215843e-4,0.001022369665673367,0.0012946874577020033,0.0016435094099505523,3e-4,4.3e-4,5.8e-4,7.9e-4,0.001,0.0013,0.0016,NA,NA,NA,NA,NA,NA,NA,NA,NA,NA,NA,NA,NA,NA,TRUE,FALSE,UGA_flucast,2026-05-27,INFLAenza
Michigan,MI,1,wk inc rsv prop ed visits,prop_ed,2026-05-30,2026-06-06,UGA_flucast-INFLAenza,2.2971279998772033e-4,3.5292064942538825e-4,4.970609334324283e-4,7.027997669484176e-4,9.559869257272589e-4,0.0012356675299268446,0.0015996386549001539,2.3e-4,3.5e-4,5e-4,7e-4,9.6e-4,0.0012,0.0016,NA,NA,NA,NA,NA,NA,NA,NA,NA,NA,NA,NA,NA,NA,TRUE,FALSE,UGA_flucast,2026-05-27,INFLAenza
Michigan,MI,2,wk inc rsv prop ed visits,prop_ed,2026-05-30,2026-06-13,UGA_flucast-INFLAenza,1.74136129964925e-4,2.906741736653427e-4,4.193434771541793e-4,6.166558955499121e-4,8.762407738552904e-4,0.00114517602770463,0.0015413175833090753,1.7e-4,2.9e-4,4.2e-4,6.2e-4,8.8e-4,0.0011,0.0015,NA,NA,NA,NA,NA,NA,NA,NA,NA,NA,NA,NA,NA,NA,TRUE,FALSE,UGA_flucast,2026-05-27,INFLAenza
Michigan,MI,0,wk inc rsv hosp,hosp,2026-05-30,2026-05-30,RSVHub-ensemble,10,15,21,40,53,68,97.5,10,20,20,40,50,70,100,0.09964767571298161,0.14947151356947241,0.20926011899726138,0.39859070285192644,0.5281326812788025,0.6776041948482749,0.9715648382015707,0.1,0.15,0.21,0.4,0.53,0.68,0.97,FALSE,TRUE,RSVHub,2026-05-27,Ensemble using RSVHub forecast submissions
Michigan,MI,1,wk inc rsv hosp,hosp,2026-05-30,2026-06-06,RSVHub-ensemble,6,10,15,27,44.5,61.5,79,6,10,20,30,40,60,80,0.059788605427788966,0.09964767571298161,0.14947151356947241,0.26904872442505035,0.44343215692276816,0.6128332056348369,0.7872166381325547,0.06,0.1,0.15,0.27,0.44,0.61,0.79,FALSE,TRUE,RSVHub,2026-05-27,Ensemble using RSVHub forecast submissions
Michigan,MI,2,wk inc rsv hosp,hosp,2026-05-30,2026-06-13,RSVHub-ensemble,4,7,10,19,33,45,64,4,7,10,20,30,50,60,0.039859070285192644,0.06975337299908713,0.09964767571298161,0.18933058385466506,0.3288373298528393,0.44841454070841724,0.6377451245630823,0.04,0.07,0.1,0.19,0.33,0.45,0.64,FALSE,TRUE,RSVHub,2026-05-27,Ensemble using RSVHub forecast submissions
Michigan,MI,0,wk inc rsv prop ed visits,prop_ed,2026-05-30,2026-05-30,RSVHub-ensemble,3.199192590283117e-4,4.148594732673349e-4,5.212926125206013e-4,6.612254362116864e-4,8.21459528841263e-4,9.98681834837796e-4,0.001223492788966826,3.2e-4,4.1e-4,5.2e-4,6.6e-4,8.2e-4,0.001,0.0012,NA,NA,NA,NA,NA,NA,NA,NA,NA,NA,NA,NA,NA,NA,FALSE,TRUE,RSVHub,2026-05-27,Ensemble using RSVHub forecast submissions
Michigan,MI,1,wk inc rsv prop ed visits,prop_ed,2026-05-30,2026-06-06,RSVHub-ensemble,2.1020202292268306e-4,2.971236526880753e-4,3.9865667478465854e-4,5.396758857849333e-4,7.10955125535521e-4,8.982644782334735e-4,0.0011431145066320286,2.1e-4,3e-4,4e-4,5.4e-4,7.1e-4,9e-4,0.0011,NA,NA,NA,NA,NA,NA,NA,NA,NA,NA,NA,NA,NA,NA,FALSE,TRUE,RSVHub,2026-05-27,Ensemble using RSVHub forecast submissions
Minnesota,MN,0,wk inc rsv hosp,hosp,2026-05-30,2026-05-30,CEPH-Rtrend_rsv,14,16,20,24,29,35,41,10,20,20,20,30,40,40,0.24401709304877223,0.2788766777700254,0.34859584721253173,0.41831501665503806,0.505463978458171,0.6100427326219305,0.7146214867856902,0.24,0.28,0.35,0.42,0.51,0.61,0.71,TRUE,FALSE,CEPH Lab at Indiana University,2026-05-27,Rtrend RSV
Minnesota,MN,1,wk inc rsv hosp,hosp,2026-05-30,2026-06-06,CEPH-Rtrend_rsv,9,12,15,19,25,31,38,9,10,20,20,30,30,40,0.15686813124563928,0.20915750832751903,0.2614468854093988,0.33116605485190515,0.43574480901566465,0.5403235631794242,0.6623321097038103,0.16,0.21,0.26,0.33,0.44,0.54,0.66,TRUE,FALSE,CEPH Lab at Indiana University,2026-05-27,Rtrend RSV
Minnesota,MN,2,wk inc rsv hosp,hosp,2026-05-30,2026-06-13,CEPH-Rtrend_rsv,6,8,11,15,20,27,35,6,8,10,20,20,30,40,0.10457875416375952,0.1394383388850127,0.19172771596689245,0.2614468854093988,0.34859584721253173,0.4706043937369178,0.6100427326219305,0.1,0.14,0.19,0.26,0.35,0.47,0.61,TRUE,FALSE,CEPH Lab at Indiana University,2026-05-27,Rtrend RSV
Minnesota,MN,0,wk inc rsv prop ed visits,prop_ed,2026-05-30,2026-05-30,CFA_Pyrenew-Pyrenew_E_RSV,2.468021848884015e-4,0.00035134523184607557,4.516107780478063e-4,5.864567217489093e-4,7.47054790177381e-4,9.049181434209764e-4,0.0011076578146893368,2.5e-4,3.5e-4,4.5e-4,5.9e-4,7.5e-4,9e-4,0.0011,NA,NA,NA,NA,NA,NA,NA,NA,NA,NA,NA,NA,NA,NA,TRUE,FALSE,Center for Forecasting and Outbreak Analytics (CFA/CDC) Pyrenew team,2026-05-27,Pyrenew_ED_Visits_RSV
Minnesota,MN,1,wk inc rsv prop ed visits,prop_ed,2026-05-30,2026-06-06,CFA_Pyrenew-Pyrenew_E_RSV,1.0906098808706191e-4,1.8718823442019555e-4,2.6881432341995784e-4,3.996089149016125e-4,5.541319230603457e-4,7.279552073109454e-4,9.394956060943741e-4,1.1e-4,1.9e-4,2.7e-4,4e-4,5.5e-4,7.3e-4,9.4e-4,NA,NA,NA,NA,NA,NA,NA,NA,NA,NA,NA,NA,NA,NA,TRUE,FALSE,Center for Forecasting and Outbreak Analytics (CFA/CDC) Pyrenew team,2026-05-27,Pyrenew_ED_Visits_RSV
Minnesota,MN,0,wk inc rsv hosp,hosp,2026-05-30,2026-05-30,CFA_Pyrenew-Pyrenew_HE_RSV,6,9,12,16,20,25,31,6,9,10,20,20,30,30,0.10457875416375952,0.15686813124563928,0.20915750832751903,0.2788766777700254,0.34859584721253173,0.43574480901566465,0.5403235631794242,0.1,0.16,0.21,0.28,0.35,0.44,0.54,TRUE,FALSE,Center for Forecasting and Outbreak Analytics (CFA/CDC) Pyrenew team,2026-05-27,Pyrenew_Hospital_Admissions_ED_Visits_RSV
Minnesota,MN,1,wk inc rsv hosp,hosp,2026-05-30,2026-06-06,CFA_Pyrenew-Pyrenew_HE_RSV,4,6,8,11,15,19,25,4,6,8,10,20,20,30,0.06971916944250635,0.10457875416375952,0.1394383388850127,0.19172771596689245,0.2614468854093988,0.33116605485190515,0.43574480901566465,0.07,0.1,0.14,0.19,0.26,0.33,0.44,TRUE,FALSE,Center for Forecasting and Outbreak Analytics (CFA/CDC) Pyrenew team,2026-05-27,Pyrenew_Hospital_Admissions_ED_Visits_RSV
Minnesota,MN,0,wk inc rsv prop ed visits,prop_ed,2026-05-30,2026-05-30,CFA_Pyrenew-Pyrenew_HE_RSV,2.563579090732278e-4,3.617642625721962e-4,4.6132065493143854e-4,6.069864843084086e-4,7.731288527855349e-4,9.358289240296185e-4,0.001158502791928441,2.6e-4,3.6e-4,4.6e-4,6.1e-4,7.7e-4,9.4e-4,0.0012,NA,NA,NA,NA,NA,NA,NA,NA,NA,NA,NA,NA,NA,NA,FALSE,FALSE,Center for Forecasting and Outbreak Analytics (CFA/CDC) Pyrenew team,2026-05-27,Pyrenew_Hospital_Admissions_ED_Visits_RSV
Minnesota,MN,1,wk inc rsv prop ed visits,prop_ed,2026-05-30,2026-06-06,CFA_Pyrenew-Pyrenew_HE_RSV,1.1207842674508456e-4,1.964799449723771e-4,2.824189047206628e-4,4.159723575543294e-4,5.784644772360002e-4,7.358758913285851e-4,9.952292226866508e-4,1.1e-4,2e-4,2.8e-4,4.2e-4,5.8e-4,7.4e-4,0.001,NA,NA,NA,NA,NA,NA,NA,NA,NA,NA,NA,NA,NA,NA,FALSE,FALSE,Center for Forecasting and Outbreak Analytics (CFA/CDC) Pyrenew team,2026-05-27,Pyrenew_Hospital_Admissions_ED_Visits_RSV
Minnesota,MN,0,wk inc rsv hosp,hosp,2026-05-30,2026-05-30,CFA_Pyrenew-Pyrenew_H_RSV,6,9,12,15,20,25,32,6,9,10,20,20,30,30,0.10457875416375952,0.15686813124563928,0.20915750832751903,0.2614468854093988,0.34859584721253173,0.43574480901566465,0.5577533555400508,0.1,0.16,0.21,0.26,0.35,0.44,0.56,FALSE,FALSE,Center for Forecasting and Outbreak Analytics (CFA/CDC) Pyrenew team,2026-05-27,Pyrenew_Hospital_Admissions_RSV
Minnesota,MN,1,wk inc rsv hosp,hosp,2026-05-30,2026-06-06,CFA_Pyrenew-Pyrenew_H_RSV,2,5,7,10,15,21,30,2,5,7,10,20,20,30,0.034859584721253174,0.08714896180313293,0.12200854652438611,0.17429792360626586,0.2614468854093988,0.36602563957315837,0.5228937708187976,0.03,0.09,0.12,0.17,0.26,0.37,0.52,FALSE,FALSE,Center for Forecasting and Outbreak Analytics (CFA/CDC) Pyrenew team,2026-05-27,Pyrenew_Hospital_Admissions_RSV
Minnesota,MN,0,wk inc rsv hosp,hosp,2026-05-30,2026-05-30,Google_SAI-RSVEns,5.5,9.5,12.5,16.5,21.5,30,47.5,6,10,10,20,20,30,50,0.09586385798344622,0.16558302742595257,0.21787240450783232,0.2875915739503387,0.37474053575347166,0.5228937708187976,0.827915137129763,0.1,0.17,0.22,0.29,0.37,0.52,0.83,TRUE,FALSE,Google Science AI,2026-05-27,RSVEnsemble
Minnesota,MN,1,wk inc rsv hosp,hosp,2026-05-30,2026-06-06,Google_SAI-RSVEns,5,8,11.5,13.5,18,26,41,5,8,10,10,20,30,40,0.08714896180313293,0.1394383388850127,0.20044261214720574,0.2353021968684589,0.31373626249127856,0.45317460137629123,0.7146214867856902,0.09,0.14,0.2,0.24,0.31,0.45,0.71,TRUE,FALSE,Google Science AI,2026-05-27,RSVEnsemble
Minnesota,MN,2,wk inc rsv hosp,hosp,2026-05-30,2026-06-13,Google_SAI-RSVEns,2.5,5.5,7.5,11.5,15,23.5,38,3,6,8,10,20,20,40,0.043574480901566466,0.09586385798344622,0.1307234427046994,0.20044261214720574,0.2614468854093988,0.4096001204747248,0.6623321097038103,0.04,0.1,0.13,0.2,0.26,0.41,0.66,TRUE,FALSE,Google Science AI,2026-05-27,RSVEnsemble
Minnesota,MN,0,wk inc rsv hosp,hosp,2026-05-30,2026-05-30,RSVHub-baseline,0,0,11,19,27,42.099999999999994,59.04999999999996,0,0,10,20,30,40,60,0,0,0.19172771596689245,0.33116605485190515,0.4706043937369178,0.7337942583823792,1.0292292388949993,0,0,0.19,0.33,0.47,0.73,1.03,FALSE,FALSE,RSVHub-hub-models,2026-05-27,RSVHub baseline model
Minnesota,MN,1,wk inc rsv hosp,hosp,2026-05-30,2026-06-06,RSVHub-baseline,0,0,5,19,34,50.79810098100982,76.44618021180214,0,0,5,20,30,50,80,0,0,0.08714896180313293,0.33116605485190515,0.592612940261304,0.8854003524131429,1.3324410478547524,0,0,0.09,0.33,0.59,0.89,1.33,FALSE,FALSE,RSVHub-hub-models,2026-05-27,RSVHub baseline model
Minnesota,MN,2,wk inc rsv hosp,hosp,2026-05-30,2026-06-13,RSVHub-baseline,0,0,0.8957114571145777,19,38.25071250712507,58.60111001110013,87.56840068400686,0,0,1,20,40,60,90,0,0,0.015612064712541375,0.33116605485190515,0.6667019766452125,1.0214051795957113,1.5262990412743906,0,0,0.02,0.33,0.67,1.02,1.53,FALSE,FALSE,RSVHub-hub-models,2026-05-27,RSVHub baseline model
Minnesota,MN,0,wk inc rsv prop ed visits,prop_ed,2026-05-30,2026-05-30,RSVHub-baseline,0,0,5.999999999999998e-4,9e-4,0.0012000000000000001,0.0021100000000000042,0.003599999999999998,0,0,6e-4,9e-4,0.0012,0.0021,0.0036,NA,NA,NA,NA,NA,NA,NA,NA,NA,NA,NA,NA,NA,NA,FALSE,FALSE,RSVHub-hub-models,2026-05-27,RSVHub baseline model
Minnesota,MN,1,wk inc rsv prop ed visits,prop_ed,2026-05-30,2026-06-06,RSVHub-baseline,0,0,2.5489279892798675e-4,9e-4,0.001699999999999999,0.0027885977859778573,0.004629615771157696,0,0,2.5e-4,9e-4,0.0017,0.0028,0.0046,NA,NA,NA,NA,NA,NA,NA,NA,NA,NA,NA,NA,NA,NA,FALSE,FALSE,RSVHub-hub-models,2026-05-27,RSVHub baseline model
Minnesota,MN,2,wk inc rsv prop ed visits,prop_ed,2026-05-30,2026-06-13,RSVHub-baseline,0,0,0,9e-4,0.001999999999999999,0.003353883738837386,0.0054311176611766135,0,0,0,9e-4,0.002,0.0034,0.0054,NA,NA,NA,NA,NA,NA,NA,NA,NA,NA,NA,NA,NA,NA,FALSE,FALSE,RSVHub-hub-models,2026-05-27,RSVHub baseline model
Minnesota,MN,0,wk inc rsv hosp,hosp,2026-05-30,2026-05-30,UGA_flucast-INFLAenza,5,9,13,18,25,33,45,5,9,10,20,30,30,50,0.08714896180313293,0.15686813124563928,0.22658730068814562,0.31373626249127856,0.43574480901566465,0.5751831479006774,0.7843406562281965,0.09,0.16,0.23,0.31,0.44,0.58,0.78,TRUE,FALSE,UGA_flucast,2026-05-27,INFLAenza
Minnesota,MN,1,wk inc rsv hosp,hosp,2026-05-30,2026-06-06,UGA_flucast-INFLAenza,3,5,9,14,20,28,40,3,5,9,10,20,30,40,0.05228937708187976,0.08714896180313293,0.15686813124563928,0.24401709304877223,0.34859584721253173,0.48803418609754445,0.6971916944250635,0.05,0.09,0.16,0.24,0.35,0.49,0.7,TRUE,FALSE,UGA_flucast,2026-05-27,INFLAenza
Minnesota,MN,2,wk inc rsv hosp,hosp,2026-05-30,2026-06-13,UGA_flucast-INFLAenza,1,4,6,10,16,23,35,1,4,6,10,20,20,40,0.017429792360626587,0.06971916944250635,0.10457875416375952,0.17429792360626586,0.2788766777700254,0.4008852242944115,0.6100427326219305,0.02,0.07,0.1,0.17,0.28,0.4,0.61,TRUE,FALSE,UGA_flucast,2026-05-27,INFLAenza
Minnesota,MN,0,wk inc rsv prop ed visits,prop_ed,2026-05-30,2026-05-30,UGA_flucast-INFLAenza,3.488855244820074e-4,4.811493328564762e-4,6.313184783096705e-4,8.501273205289077e-4,0.0011033123342768605,0.001373324405726754,0.0017501778649899411,3.5e-4,4.8e-4,6.3e-4,8.5e-4,0.0011,0.0014,0.0018,NA,NA,NA,NA,NA,NA,NA,NA,NA,NA,NA,NA,NA,NA,TRUE,FALSE,UGA_flucast,2026-05-27,INFLAenza
Minnesota,MN,1,wk inc rsv prop ed visits,prop_ed,2026-05-30,2026-06-06,UGA_flucast-INFLAenza,2.453450581126505e-4,3.843381665759451e-4,5.357364832722321e-4,7.504172679499172e-4,0.0010133338924381114,0.0013062231372805797,0.0016952251383424868,2.5e-4,3.8e-4,5.4e-4,7.5e-4,0.001,0.0013,0.0017,NA,NA,NA,NA,NA,NA,NA,NA,NA,NA,NA,NA,NA,NA,TRUE,FALSE,UGA_flucast,2026-05-27,INFLAenza
Minnesota,MN,2,wk inc rsv prop ed visits,prop_ed,2026-05-30,2026-06-13,UGA_flucast-INFLAenza,1.9312788185717094e-4,3.1717106633873246e-4,4.6852827608229224e-4,6.727964509933979e-4,9.374498825468184e-4,0.0012728567412887484,0.0017114995363297655,1.9e-4,3.2e-4,4.7e-4,6.7e-4,9.4e-4,0.0013,0.0017,NA,NA,NA,NA,NA,NA,NA,NA,NA,NA,NA,NA,NA,NA,TRUE,FALSE,UGA_flucast,2026-05-27,INFLAenza
Minnesota,MN,0,wk inc rsv hosp,hosp,2026-05-30,2026-05-30,RSVHub-ensemble,5.75,9.25,12.75,17.25,23.25,31.5,43,6,9,10,20,20,30,40,0.10022130607360287,0.16122557933579593,0.222229852597989,0.3006639182208086,0.4052426723845681,0.5490384593597375,0.7494810715069433,0.1,0.16,0.22,0.3,0.41,0.55,0.75,FALSE,TRUE,RSVHub,2026-05-27,Ensemble using RSVHub forecast submissions
Minnesota,MN,1,wk inc rsv hosp,hosp,2026-05-30,2026-06-06,RSVHub-ensemble,4.5,7,10.25,13.75,19,27,39,5,7,10,10,20,30,40,0.07843406562281964,0.12200854652438611,0.17865537169642254,0.23965964495861558,0.33116605485190515,0.4706043937369178,0.6797619020644369,0.08,0.12,0.18,0.24,0.33,0.47,0.68,FALSE,TRUE,RSVHub,2026-05-27,Ensemble using RSVHub forecast submissions
Minnesota,MN,2,wk inc rsv hosp,hosp,2026-05-30,2026-06-13,RSVHub-ensemble,2.5,5.5,7.5,11.5,16,23.5,35,3,6,8,10,20,20,40,0.043574480901566466,0.09586385798344622,0.1307234427046994,0.20044261214720574,0.2788766777700254,0.4096001204747248,0.6100427326219305,0.04,0.1,0.13,0.2,0.28,0.41,0.61,FALSE,TRUE,RSVHub,2026-05-27,Ensemble using RSVHub forecast submissions
Minnesota,MN,0,wk inc rsv prop ed visits,prop_ed,2026-05-30,2026-05-30,RSVHub-ensemble,2.9784385468520445e-4,4.162472823512759e-4,5.414646281787384e-4,7.182920211389085e-4,9.251835622271208e-4,0.0011391212745738653,0.0014289178398396388,3e-4,4.2e-4,5.4e-4,7.2e-4,0.00093000000000000005,0.0011,0.0014,NA,NA,NA,NA,NA,NA,NA,NA,NA,NA,NA,NA,NA,NA,FALSE,TRUE,RSVHub,2026-05-27,Ensemble using RSVHub forecast submissions
Minnesota,MN,1,wk inc rsv prop ed visits,prop_ed,2026-05-30,2026-06-06,RSVHub-ensemble,1.772030230998562e-4,2.857632004980703e-4,4.02275403346095e-4,5.750130914257648e-4,7.837329077492285e-4,0.0010170891722957626,0.0013173603722184304,1.8e-4,2.9e-4,4e-4,5.8e-4,7.8e-4,0.001,0.0013,NA,NA,NA,NA,NA,NA,NA,NA,NA,NA,NA,NA,NA,NA,FALSE,TRUE,RSVHub,2026-05-27,Ensemble using RSVHub forecast submissions
Mississippi,MS,0,wk inc rsv hosp,hosp,2026-05-30,2026-05-30,CEPH-Rtrend_rsv,3,4,5,7,10,13,18,3,4,5,7,10,10,20,0.10249160508344697,0.13665547344459594,0.17081934180574493,0.2391470785280429,0.34163868361148986,0.4441302886949368,0.6149496305006817,0.1,0.14,0.17,0.24,0.34,0.44,0.61,TRUE,FALSE,CEPH Lab at Indiana University,2026-05-27,Rtrend RSV
Mississippi,MS,1,wk inc rsv hosp,hosp,2026-05-30,2026-06-06,CEPH-Rtrend_rsv,2,3,4,7,10,14,20,2,3,4,7,10,10,20,0.06832773672229797,0.10249160508344697,0.13665547344459594,0.2391470785280429,0.34163868361148986,0.4782941570560858,0.6832773672229797,0.07,0.1,0.14,0.24,0.34,0.48,0.68,TRUE,FALSE,CEPH Lab at Indiana University,2026-05-27,Rtrend RSV
Mississippi,MS,2,wk inc rsv hosp,hosp,2026-05-30,2026-06-13,CEPH-Rtrend_rsv,1,2,3,6,9,15,22,1,2,3,6,9,20,20,0.034163868361148986,0.06832773672229797,0.10249160508344697,0.20498321016689394,0.30747481525034087,0.5124580254172348,0.7516051039452777,0.03,0.07,0.1,0.2,0.31,0.51,0.75,TRUE,FALSE,CEPH Lab at Indiana University,2026-05-27,Rtrend RSV
Mississippi,MS,0,wk inc rsv prop ed visits,prop_ed,2026-05-30,2026-05-30,CFA_Pyrenew-Pyrenew_E_RSV,2.87335001781536e-4,3.9922537702741966e-4,5.129437530106381e-4,6.542797008457178e-4,8.056448857529878e-4,9.659910551744624e-4,0.0011758621616371923,2.9e-4,4e-4,5.1e-4,6.5e-4,8.1e-4,9.7e-4,0.0012,NA,NA,NA,NA,NA,NA,NA,NA,NA,NA,NA,NA,NA,NA,TRUE,FALSE,Center for Forecasting and Outbreak Analytics (CFA/CDC) Pyrenew team,2026-05-27,Pyrenew_ED_Visits_RSV
Mississippi,MS,1,wk inc rsv prop ed visits,prop_ed,2026-05-30,2026-06-06,CFA_Pyrenew-Pyrenew_E_RSV,1.8956628137461212e-4,2.8964170983396915e-4,4.0243567160868336e-4,5.632035967705338e-4,7.54002927156721e-4,9.578055306626746e-4,0.0013158119410139996,1.9e-4,2.9e-4,4e-4,5.6e-4,7.5e-4,9.6e-4,0.0013,NA,NA,NA,NA,NA,NA,NA,NA,NA,NA,NA,NA,NA,NA,TRUE,FALSE,Center for Forecasting and Outbreak Analytics (CFA/CDC) Pyrenew team,2026-05-27,Pyrenew_ED_Visits_RSV
Mississippi,MS,0,wk inc rsv hosp,hosp,2026-05-30,2026-05-30,CFA_Pyrenew-Pyrenew_HE_RSV,2,3,5,7,9,12,15,2,3,5,7,9,10,20,0.06832773672229797,0.10249160508344697,0.17081934180574493,0.2391470785280429,0.30747481525034087,0.4099664203337879,0.5124580254172348,0.07,0.1,0.17,0.24,0.31,0.41,0.51,TRUE,FALSE,Center for Forecasting and Outbreak Analytics (CFA/CDC) Pyrenew team,2026-05-27,Pyrenew_Hospital_Admissions_ED_Visits_RSV
Mississippi,MS,1,wk inc rsv hosp,hosp,2026-05-30,2026-06-06,CFA_Pyrenew-Pyrenew_HE_RSV,1,3,4,6,9,11,15,1,3,4,6,9,10,20,0.034163868361148986,0.10249160508344697,0.13665547344459594,0.20498321016689394,0.30747481525034087,0.37580255197263884,0.5124580254172348,0.03,0.1,0.14,0.2,0.31,0.38,0.51,TRUE,FALSE,Center for Forecasting and Outbreak Analytics (CFA/CDC) Pyrenew team,2026-05-27,Pyrenew_Hospital_Admissions_ED_Visits_RSV
Mississippi,MS,0,wk inc rsv prop ed visits,prop_ed,2026-05-30,2026-05-30,CFA_Pyrenew-Pyrenew_HE_RSV,3.392691305695813e-4,4.448244515667452e-4,5.561962600602574e-4,6.827238222760887e-4,8.404643291700987e-4,9.863096296641436e-4,0.0011979089370082571,3.4e-4,4.4e-4,5.6e-4,6.8e-4,8.4e-4,9.9e-4,0.0012,NA,NA,NA,NA,NA,NA,NA,NA,NA,NA,NA,NA,NA,NA,FALSE,FALSE,Center for Forecasting and Outbreak Analytics (CFA/CDC) Pyrenew team,2026-05-27,Pyrenew_Hospital_Admissions_ED_Visits_RSV
Mississippi,MS,1,wk inc rsv prop ed visits,prop_ed,2026-05-30,2026-06-06,CFA_Pyrenew-Pyrenew_HE_RSV,2.1588592459127865e-4,3.315388707128985e-4,4.4657467989310464e-4,6.150785746693634e-4,7.99438995325472e-4,0.0010382146083051085,0.001400321980685029,2.2e-4,3.3e-4,4.5e-4,6.2e-4,8e-4,0.001,0.0014,NA,NA,NA,NA,NA,NA,NA,NA,NA,NA,NA,NA,NA,NA,FALSE,FALSE,Center for Forecasting and Outbreak Analytics (CFA/CDC) Pyrenew team,2026-05-27,Pyrenew_Hospital_Admissions_ED_Visits_RSV
Mississippi,MS,0,wk inc rsv hosp,hosp,2026-05-30,2026-05-30,CFA_Pyrenew-Pyrenew_H_RSV,2,4,6,9,12,16,21,2,4,6,9,10,20,20,0.06832773672229797,0.13665547344459594,0.20498321016689394,0.30747481525034087,0.4099664203337879,0.5466218937783838,0.7174412355841286,0.07,0.14,0.2,0.31,0.41,0.55,0.72,FALSE,FALSE,Center for Forecasting and Outbreak Analytics (CFA/CDC) Pyrenew team,2026-05-27,Pyrenew_Hospital_Admissions_RSV
Mississippi,MS,1,wk inc rsv hosp,hosp,2026-05-30,2026-06-06,CFA_Pyrenew-Pyrenew_H_RSV,1,3,5,8,13,19,28,1,3,5,8,10,20,30,0.034163868361148986,0.10249160508344697,0.17081934180574493,0.2733109468891919,0.4441302886949368,0.6491134988618308,0.9565883141121716,0.03,0.1,0.17,0.27,0.44,0.65,0.96,FALSE,FALSE,Center for Forecasting and Outbreak Analytics (CFA/CDC) Pyrenew team,2026-05-27,Pyrenew_Hospital_Admissions_RSV
Mississippi,MS,0,wk inc rsv hosp,hosp,2026-05-30,2026-05-30,Google_SAI-RSVEns,1.5,2.5,4,6.5,9.5,13,18.5,2,3,4,7,10,10,20,0.051245802541723486,0.08540967090287246,0.13665547344459594,0.2220651443474684,0.3245567494309154,0.4441302886949368,0.6320315646812562,0.05,0.09,0.14,0.22,0.32,0.44,0.63,TRUE,FALSE,Google Science AI,2026-05-27,RSVEnsemble
Mississippi,MS,1,wk inc rsv hosp,hosp,2026-05-30,2026-06-06,Google_SAI-RSVEns,1.5,2.5,4,6,8.5,12.5,18,2,3,4,6,9,10,20,0.051245802541723486,0.08540967090287246,0.13665547344459594,0.20498321016689394,0.29039288106976635,0.4270483545143623,0.6149496305006817,0.05,0.09,0.14,0.2,0.29,0.43,0.61,TRUE,FALSE,Google Science AI,2026-05-27,RSVEnsemble
Mississippi,MS,2,wk inc rsv hosp,hosp,2026-05-30,2026-06-13,Google_SAI-RSVEns,1,2.5,4,5,7,11,15,1,3,4,5,7,10,20,0.034163868361148986,0.08540967090287246,0.13665547344459594,0.17081934180574493,0.2391470785280429,0.37580255197263884,0.5124580254172348,0.03,0.09,0.14,0.17,0.24,0.38,0.51,TRUE,FALSE,Google Science AI,2026-05-27,RSVEnsemble
Mississippi,MS,0,wk inc rsv hosp,hosp,2026-05-30,2026-05-30,RSVHub-baseline,0,0,4,8,12,20.1,29.02499999999998,0,0,4,8,10,20,30,0,0,0.13665547344459594,0.2733109468891919,0.4099664203337879,0.6866937540590946,0.9916062791823487,0,0,0.14,0.27,0.41,0.69,0.99,FALSE,FALSE,RSVHub-hub-models,2026-05-27,RSVHub baseline model
Mississippi,MS,1,wk inc rsv hosp,hosp,2026-05-30,2026-06-06,RSVHub-baseline,0,0,1,8,16,26,37.70732682326821,0,0,1,8,20,30,40,0,0,0.034163868361148986,0.2733109468891919,0.5466218937783838,0.8882605773898736,1.2882281498409573,0,0,0.03,0.27,0.55,0.89,1.29,FALSE,FALSE,RSVHub-hub-models,2026-05-27,RSVHub baseline model
Mississippi,MS,2,wk inc rsv hosp,hosp,2026-05-30,2026-06-13,RSVHub-baseline,0,0,0,8,18.19990699906999,29.19990699906999,42.43973314733143,0,0,0,8,20,30,40,0,0,0,0.2733109468891919,0.6217792269013812,0.9975817788740201,1.449905456527722,0,0,0,0.27,0.62,1,1.45,FALSE,FALSE,RSVHub-hub-models,2026-05-27,RSVHub baseline model
Mississippi,MS,0,wk inc rsv prop ed visits,prop_ed,2026-05-30,2026-05-30,RSVHub-baseline,0,0,5e-4,7.000000000000001e-4,9.000000000000002e-4,0.0015000000000000005,0.0029,0,0,5e-4,7e-4,9e-4,0.0015,0.0029,NA,NA,NA,NA,NA,NA,NA,NA,NA,NA,NA,NA,NA,NA,FALSE,FALSE,RSVHub-hub-models,2026-05-27,RSVHub baseline model
Mississippi,MS,1,wk inc rsv prop ed visits,prop_ed,2026-05-30,2026-06-06,RSVHub-baseline,0,0,2.0000000000000052e-4,7.000000000000001e-4,0.0012000000000000003,0.002199999999999999,0.003407729577295774,0,0,2e-4,7e-4,0.0012,0.0022,0.0034,NA,NA,NA,NA,NA,NA,NA,NA,NA,NA,NA,NA,NA,NA,FALSE,FALSE,RSVHub-hub-models,2026-05-27,RSVHub baseline model
Mississippi,MS,2,wk inc rsv prop ed visits,prop_ed,2026-05-30,2026-06-13,RSVHub-baseline,0,0,9.999999999999972e-5,7.000000000000001e-4,0.0015,0.0026,0.0038441206412064234,0,0,1e-4,7e-4,0.0015,0.0026,0.0038,NA,NA,NA,NA,NA,NA,NA,NA,NA,NA,NA,NA,NA,NA,FALSE,FALSE,RSVHub-hub-models,2026-05-27,RSVHub baseline model
Mississippi,MS,0,wk inc rsv hosp,hosp,2026-05-30,2026-05-30,UGA_flucast-INFLAenza,0,1,3,5,7,10,13,0,1,3,5,7,10,10,0,0.034163868361148986,0.10249160508344697,0.17081934180574493,0.2391470785280429,0.34163868361148986,0.4441302886949368,0,0.03,0.1,0.17,0.24,0.34,0.44,TRUE,FALSE,UGA_flucast,2026-05-27,INFLAenza
Mississippi,MS,1,wk inc rsv hosp,hosp,2026-05-30,2026-06-06,UGA_flucast-INFLAenza,0,1,2,4,6,8,12,0,1,2,4,6,8,10,0,0.034163868361148986,0.06832773672229797,0.13665547344459594,0.20498321016689394,0.2733109468891919,0.4099664203337879,0,0.03,0.07,0.14,0.2,0.27,0.41,TRUE,FALSE,UGA_flucast,2026-05-27,INFLAenza
Mississippi,MS,2,wk inc rsv hosp,hosp,2026-05-30,2026-06-13,UGA_flucast-INFLAenza,0,0,1,3,4,7,11,0,0,1,3,4,7,10,0,0,0.034163868361148986,0.10249160508344697,0.13665547344459594,0.2391470785280429,0.37580255197263884,0,0,0.03,0.1,0.14,0.24,0.38,TRUE,FALSE,UGA_flucast,2026-05-27,INFLAenza
Mississippi,MS,0,wk inc rsv prop ed visits,prop_ed,2026-05-30,2026-05-30,UGA_flucast-INFLAenza,1.9953598058278918e-4,3.126528491195649e-4,4.378172031293882e-4,6.095816370215151e-4,8.190302183182065e-4,0.0010311919923546766,0.0013401091505976677,2e-4,3.1e-4,4.4e-4,6.1e-4,8.2e-4,0.001,0.0013,NA,NA,NA,NA,NA,NA,NA,NA,NA,NA,NA,NA,NA,NA,TRUE,FALSE,UGA_flucast,2026-05-27,INFLAenza
Mississippi,MS,1,wk inc rsv prop ed visits,prop_ed,2026-05-30,2026-06-06,UGA_flucast-INFLAenza,1.4667994015608664e-4,2.51707722427203e-4,3.662293218213038e-4,5.34243693014594e-4,7.471588595003133e-4,9.851146486158835e-4,0.001292138480907603,1.5e-4,2.5e-4,3.7e-4,5.3e-4,7.5e-4,9.9e-4,0.0013,NA,NA,NA,NA,NA,NA,NA,NA,NA,NA,NA,NA,NA,NA,TRUE,FALSE,UGA_flucast,2026-05-27,INFLAenza
Mississippi,MS,2,wk inc rsv prop ed visits,prop_ed,2026-05-30,2026-06-13,UGA_flucast-INFLAenza,1.2318818770229258e-4,2.161161245841474e-4,3.262435607056388e-4,4.8760238232862006e-4,7.101119428304002e-4,9.613158426295711e-4,0.0012787151886741325,1.2e-4,2.2e-4,3.3e-4,4.9e-4,7.1e-4,9.6e-4,0.0013,NA,NA,NA,NA,NA,NA,NA,NA,NA,NA,NA,NA,NA,NA,TRUE,FALSE,UGA_flucast,2026-05-27,INFLAenza
Mississippi,MS,0,wk inc rsv hosp,hosp,2026-05-30,2026-05-30,RSVHub-ensemble,1.75,2.75,4.5,6.75,9.25,12.5,16.5,2,3,5,7,9,10,20,0.059786769632010725,0.09395063799315971,0.15373740762517044,0.23060611143775564,0.3160157823406281,0.4270483545143623,0.5637038279589582,0.06,0.09,0.15,0.23,0.32,0.43,0.56,FALSE,TRUE,RSVHub,2026-05-27,Ensemble using RSVHub forecast submissions
Mississippi,MS,1,wk inc rsv hosp,hosp,2026-05-30,2026-06-06,RSVHub-ensemble,1.25,2.75,4,6,8.75,11.75,16.5,1,3,4,6,9,10,20,0.04270483545143623,0.09395063799315971,0.13665547344459594,0.20498321016689394,0.29893384816005364,0.4014254532435006,0.5637038279589582,0.04,0.09,0.14,0.2,0.3,0.4,0.56,FALSE,TRUE,RSVHub,2026-05-27,Ensemble using RSVHub forecast submissions
Mississippi,MS,2,wk inc rsv hosp,hosp,2026-05-30,2026-06-13,RSVHub-ensemble,1,2,3,5,7,11,15,1,2,3,5,7,10,20,0.034163868361148986,0.06832773672229797,0.10249160508344697,0.17081934180574493,0.2391470785280429,0.37580255197263884,0.5124580254172348,0.03,0.07,0.1,0.17,0.24,0.38,0.51,FALSE,TRUE,RSVHub,2026-05-27,Ensemble using RSVHub forecast submissions
Mississippi,MS,0,wk inc rsv prop ed visits,prop_ed,2026-05-30,2026-05-30,RSVHub-ensemble,2.434354911821626e-4,3.559391130734923e-4,4.753804780700131e-4,6.319306689336165e-4,8.123375520355971e-4,9.985915237645695e-4,0.00125798565611743,2.4e-4,3.6e-4,4.8e-4,6.3e-4,8.1e-4,0.001,0.0013,NA,NA,NA,NA,NA,NA,NA,NA,NA,NA,NA,NA,NA,NA,FALSE,TRUE,RSVHub,2026-05-27,Ensemble using RSVHub forecast submissions
Mississippi,MS,1,wk inc rsv prop ed visits,prop_ed,2026-05-30,2026-06-06,RSVHub-ensemble,1.6812311076534937e-4,2.706747161305861e-4,3.843324967149936e-4,5.487236448925639e-4,7.505808933285171e-4,9.71460089639279e-4,0.0013039752109608013,1.7e-4,2.7e-4,3.8e-4,5.5e-4,7.5e-4,9.7e-4,0.0013,NA,NA,NA,NA,NA,NA,NA,NA,NA,NA,NA,NA,NA,NA,FALSE,TRUE,RSVHub,2026-05-27,Ensemble using RSVHub forecast submissions
Missouri,MO,0,wk inc rsv hosp,hosp,2026-05-30,2026-05-30,CEPH-Rtrend_rsv,7,10,15,21,29,39,52,7,10,20,20,30,40,50,0.11324291803056977,0.16177559718652823,0.24266339577979237,0.3397287540917093,0.4691492318409319,0.6309248290274602,0.8412331053699469,0.11,0.16,0.24,0.34,0.47,0.63,0.84,TRUE,FALSE,CEPH Lab at Indiana University,2026-05-27,Rtrend RSV
Missouri,MO,1,wk inc rsv hosp,hosp,2026-05-30,2026-06-06,CEPH-Rtrend_rsv,4,7,11,18,27,39,56,4,7,10,20,30,40,60,0.06471023887461129,0.11324291803056977,0.17795315690518107,0.29119607493575084,0.4367941124036262,0.6309248290274602,0.9059433442445581,0.06,0.11,0.18,0.29,0.44,0.63,0.91,TRUE,FALSE,CEPH Lab at Indiana University,2026-05-27,Rtrend RSV
Missouri,MO,2,wk inc rsv hosp,hosp,2026-05-30,2026-06-13,CEPH-Rtrend_rsv,3,5,8,15,24,38,57,3,5,8,20,20,40,60,0.04853267915595847,0.08088779859326412,0.12942047774922258,0.24266339577979237,0.38826143324766776,0.6147472693088073,0.922120903963211,0.05,0.08,0.13,0.24,0.39,0.61,0.92,TRUE,FALSE,CEPH Lab at Indiana University,2026-05-27,Rtrend RSV
Missouri,MO,0,wk inc rsv prop ed visits,prop_ed,2026-05-30,2026-05-30,CFA_Pyrenew-Pyrenew_E_RSV,2.230450600338595e-4,3.0528949078085734e-4,3.852610864247498e-4,4.8402959572913526e-4,5.942004988103588e-4,7.107619540637832e-4,8.500230809312551e-4,2.2e-4,3.1e-4,3.9e-4,4.8e-4,5.9e-4,7.1e-4,8.5e-4,NA,NA,NA,NA,NA,NA,NA,NA,NA,NA,NA,NA,NA,NA,TRUE,FALSE,Center for Forecasting and Outbreak Analytics (CFA/CDC) Pyrenew team,2026-05-27,Pyrenew_ED_Visits_RSV
Missouri,MO,1,wk inc rsv prop ed visits,prop_ed,2026-05-30,2026-06-06,CFA_Pyrenew-Pyrenew_E_RSV,1.343482696611367e-4,2.0423095481695612e-4,2.812088493614188e-4,3.8567739365552876e-4,5.260423884752385e-4,6.852154188820324e-4,9.026649725158252e-4,1.3e-4,2e-4,2.8e-4,3.9e-4,5.3e-4,6.9e-4,9e-4,NA,NA,NA,NA,NA,NA,NA,NA,NA,NA,NA,NA,NA,NA,TRUE,FALSE,Center for Forecasting and Outbreak Analytics (CFA/CDC) Pyrenew team,2026-05-27,Pyrenew_ED_Visits_RSV
Missouri,MO,0,wk inc rsv hosp,hosp,2026-05-30,2026-05-30,CFA_Pyrenew-Pyrenew_HE_RSV,3,5,7,9,12,14,17,3,5,7,9,10,10,20,0.04853267915595847,0.08088779859326412,0.11324291803056977,0.14559803746787542,0.19413071662383388,0.22648583606113953,0.27501851521709797,0.05,0.08,0.11,0.15,0.19,0.23,0.28,TRUE,FALSE,Center for Forecasting and Outbreak Analytics (CFA/CDC) Pyrenew team,2026-05-27,Pyrenew_Hospital_Admissions_ED_Visits_RSV
Missouri,MO,1,wk inc rsv hosp,hosp,2026-05-30,2026-06-06,CFA_Pyrenew-Pyrenew_HE_RSV,2,3,5,7,10,12,15,2,3,5,7,10,10,20,0.032355119437305645,0.04853267915595847,0.08088779859326412,0.11324291803056977,0.16177559718652823,0.19413071662383388,0.24266339577979237,0.03,0.05,0.08,0.11,0.16,0.19,0.24,TRUE,FALSE,Center for Forecasting and Outbreak Analytics (CFA/CDC) Pyrenew team,2026-05-27,Pyrenew_Hospital_Admissions_ED_Visits_RSV
Missouri,MO,0,wk inc rsv prop ed visits,prop_ed,2026-05-30,2026-05-30,CFA_Pyrenew-Pyrenew_HE_RSV,2.3975239480358745e-4,3.1727489078121787e-4,3.9638954917038086e-4,4.921842424250461e-4,6.042024328264688e-4,7.186441542956005e-4,8.771518186156696e-4,2.4e-4,3.2e-4,4e-4,4.9e-4,6e-4,7.2e-4,8.8e-4,NA,NA,NA,NA,NA,NA,NA,NA,NA,NA,NA,NA,NA,NA,FALSE,FALSE,Center for Forecasting and Outbreak Analytics (CFA/CDC) Pyrenew team,2026-05-27,Pyrenew_Hospital_Admissions_ED_Visits_RSV
Missouri,MO,1,wk inc rsv prop ed visits,prop_ed,2026-05-30,2026-06-06,CFA_Pyrenew-Pyrenew_HE_RSV,1.3783139141433786e-4,2.0426264206841683e-4,2.8626587580169946e-4,3.9867452029644353e-4,5.261627571424863e-4,6.652862765606575e-4,8.585919175623975e-4,1.4e-4,2e-4,2.9e-4,4e-4,5.3e-4,6.7e-4,8.6e-4,NA,NA,NA,NA,NA,NA,NA,NA,NA,NA,NA,NA,NA,NA,FALSE,FALSE,Center for Forecasting and Outbreak Analytics (CFA/CDC) Pyrenew team,2026-05-27,Pyrenew_Hospital_Admissions_ED_Visits_RSV
Missouri,MO,0,wk inc rsv hosp,hosp,2026-05-30,2026-05-30,CFA_Pyrenew-Pyrenew_H_RSV,3,5,8,11,14,18,23,3,5,8,10,10,20,20,0.04853267915595847,0.08088779859326412,0.12942047774922258,0.17795315690518107,0.22648583606113953,0.29119607493575084,0.37208387352901495,0.05,0.08,0.13,0.18,0.23,0.29,0.37,FALSE,FALSE,Center for Forecasting and Outbreak Analytics (CFA/CDC) Pyrenew team,2026-05-27,Pyrenew_Hospital_Admissions_RSV
Missouri,MO,1,wk inc rsv hosp,hosp,2026-05-30,2026-06-06,CFA_Pyrenew-Pyrenew_H_RSV,1,3,5,8,11,15,22,1,3,5,8,10,20,20,0.016177559718652822,0.04853267915595847,0.08088779859326412,0.12942047774922258,0.17795315690518107,0.24266339577979237,0.35590631381036214,0.02,0.05,0.08,0.13,0.18,0.24,0.36,FALSE,FALSE,Center for Forecasting and Outbreak Analytics (CFA/CDC) Pyrenew team,2026-05-27,Pyrenew_Hospital_Admissions_RSV
Missouri,MO,0,wk inc rsv hosp,hosp,2026-05-30,2026-05-30,Google_SAI-RSVEns,1.5,4.5,8.5,10,14.5,24.5,35,2,5,9,10,10,20,40,0.024266339577979235,0.07279901873393771,0.13750925760854898,0.16177559718652823,0.23457461592046594,0.39635021310699414,0.5662145901528488,0.02,0.07,0.14,0.16,0.23,0.4,0.57,TRUE,FALSE,Google Science AI,2026-05-27,RSVEnsemble
Missouri,MO,1,wk inc rsv hosp,hosp,2026-05-30,2026-06-06,Google_SAI-RSVEns,2,4,7,9,13.5,20,33.5,2,4,7,9,10,20,30,0.032355119437305645,0.06471023887461129,0.11324291803056977,0.14559803746787542,0.2183970562018131,0.32355119437305646,0.5419482505748696,0.03,0.06,0.11,0.15,0.22,0.32,0.54,TRUE,FALSE,Google Science AI,2026-05-27,RSVEnsemble
Missouri,MO,2,wk inc rsv hosp,hosp,2026-05-30,2026-06-13,Google_SAI-RSVEns,1.5,3.5,6.5,8.5,11.5,18,32,2,4,7,9,10,20,30,0.024266339577979235,0.056621459015284883,0.10515413817124336,0.13750925760854898,0.18604193676450748,0.29119607493575084,0.5176819109968903,0.02,0.06,0.11,0.14,0.19,0.29,0.52,TRUE,FALSE,Google Science AI,2026-05-27,RSVEnsemble
Missouri,MO,0,wk inc rsv hosp,hosp,2026-05-30,2026-05-30,RSVHub-baseline,0,0,0.7499999999999982,9,17.25,35,58.149999999999885,0,0,1,9,20,40,60,0,0,0.012133169788989588,0.14559803746787542,0.27906290514676124,0.5662145901528488,0.9407250976396598,0,0,0.01,0.15,0.28,0.57,0.94,FALSE,FALSE,RSVHub-hub-models,2026-05-27,RSVHub baseline model
Missouri,MO,1,wk inc rsv hosp,hosp,2026-05-30,2026-06-06,RSVHub-baseline,0,0,0,9,28,47.49184891848917,77.93344208442103,0,0,0,9,30,50,80,0,0,0,0.14559803746787542,0.45297167212227907,0.768302222028096,1.2607729134008925,0,0,0,0.15,0.45,0.77,1.26,FALSE,FALSE,RSVHub-hub-models,2026-05-27,RSVHub baseline model
Missouri,MO,2,wk inc rsv hosp,hosp,2026-05-30,2026-06-13,RSVHub-baseline,0,0,0,9,32.12676626766268,56.606351063510644,89.30416779167797,0,0,0,9,30,60,90,0,0,0,0.14559803746787542,0.5197326798623141,0.9157526247849702,1.4447235075744624,0,0,0,0.15,0.52,0.92,1.44,FALSE,FALSE,RSVHub-hub-models,2026-05-27,RSVHub baseline model
Missouri,MO,0,wk inc rsv hosp,hosp,2026-05-30,2026-05-30,UGA_flucast-INFLAenza,4,6,9,13,18,25,34,4,6,9,10,20,30,30,0.06471023887461129,0.09706535831191694,0.14559803746787542,0.21030827634248672,0.29119607493575084,0.4044389929663206,0.5500370304341959,0.06,0.1,0.15,0.21,0.29,0.4,0.55,TRUE,FALSE,UGA_flucast,2026-05-27,INFLAenza
Missouri,MO,1,wk inc rsv hosp,hosp,2026-05-30,2026-06-06,UGA_flucast-INFLAenza,2,4,6,10,15,21,30,2,4,6,10,20,20,30,0.032355119437305645,0.06471023887461129,0.09706535831191694,0.16177559718652823,0.24266339577979237,0.3397287540917093,0.48532679155958475,0.03,0.06,0.1,0.16,0.24,0.34,0.49,TRUE,FALSE,UGA_flucast,2026-05-27,INFLAenza
Missouri,MO,2,wk inc rsv hosp,hosp,2026-05-30,2026-06-13,UGA_flucast-INFLAenza,1,2,4,7,12,18,25,1,2,4,7,10,20,30,0.016177559718652822,0.032355119437305645,0.06471023887461129,0.11324291803056977,0.19413071662383388,0.29119607493575084,0.4044389929663206,0.02,0.03,0.06,0.11,0.19,0.29,0.4,TRUE,FALSE,UGA_flucast,2026-05-27,INFLAenza
Missouri,MO,0,wk inc rsv hosp,hosp,2026-05-30,2026-05-30,RSVHub-ensemble,3.5,5.5,8.75,11.5,16.25,24.75,34.5,4,6,9,10,20,20,30,0.056621459015284883,0.08897657845259054,0.1415536475382122,0.18604193676450748,0.2628853454281084,0.4003946030366574,0.5581258102935225,0.06,0.09,0.14,0.19,0.26,0.4,0.56,FALSE,TRUE,RSVHub,2026-05-27,Ensemble using RSVHub forecast submissions
Missouri,MO,1,wk inc rsv hosp,hosp,2026-05-30,2026-06-06,RSVHub-ensemble,2,4,6.5,9.5,14.25,20.5,31.75,2,4,7,10,10,20,30,0.032355119437305645,0.06471023887461129,0.10515413817124336,0.15368681732720182,0.23053022599080275,0.3316399742323829,0.5136375210672272,0.03,0.06,0.11,0.15,0.23,0.33,0.51,FALSE,TRUE,RSVHub,2026-05-27,Ensemble using RSVHub forecast submissions
Missouri,MO,2,wk inc rsv hosp,hosp,2026-05-30,2026-06-13,RSVHub-ensemble,1.5,3.5,6.5,8.5,12,18,32,2,4,7,9,10,20,30,0.024266339577979235,0.056621459015284883,0.10515413817124336,0.13750925760854898,0.19413071662383388,0.29119607493575084,0.5176819109968903,0.02,0.06,0.11,0.14,0.19,0.29,0.52,FALSE,TRUE,RSVHub,2026-05-27,Ensemble using RSVHub forecast submissions
Montana,MT,0,wk inc rsv hosp,hosp,2026-05-30,2026-05-30,CEPH-Rtrend_rsv,7,8,10,14,17,22,27,7,8,10,10,20,20,30,0.619753125769158,0.7082892865933234,0.8853616082416541,1.239506251538316,1.505114734010812,1.947795538131639,2.3904763422524664,0.62,0.71,0.89,1.24,1.51,1.95,2.39,TRUE,FALSE,CEPH Lab at Indiana University,2026-05-27,Rtrend RSV
Montana,MT,1,wk inc rsv hosp,hosp,2026-05-30,2026-06-06,CEPH-Rtrend_rsv,4,6,8,11,16,21,27,4,6,8,10,20,20,30,0.3541446432966617,0.5312169649449925,0.7082892865933234,0.9738977690658195,1.4165785731866467,1.8592593773074737,2.3904763422524664,0.35,0.53,0.71,0.97,1.42,1.86,2.39,TRUE,FALSE,CEPH Lab at Indiana University,2026-05-27,Rtrend RSV
Montana,MT,2,wk inc rsv hosp,hosp,2026-05-30,2026-06-13,CEPH-Rtrend_rsv,3,4,6,9,14,20,27,3,4,6,9,10,20,30,0.26560848247249624,0.3541446432966617,0.5312169649449925,0.7968254474174887,1.239506251538316,1.7707232164833082,2.3904763422524664,0.27,0.35,0.53,0.8,1.24,1.77,2.39,TRUE,FALSE,CEPH Lab at Indiana University,2026-05-27,Rtrend RSV
Montana,MT,0,wk inc rsv prop ed visits,prop_ed,2026-05-30,2026-05-30,CFA_Pyrenew-Pyrenew_E_RSV,5.922740284776184e-4,9.22714161477292e-4,0.0012501657177288533,0.0016539797263459574,0.002108046971073481,0.002558221627914706,0.0032055671925307885,5.9e-4,9.2e-4,0.0013,0.0017,0.0021,0.0026,0.0032,NA,NA,NA,NA,NA,NA,NA,NA,NA,NA,NA,NA,NA,NA,TRUE,FALSE,Center for Forecasting and Outbreak Analytics (CFA/CDC) Pyrenew team,2026-05-27,Pyrenew_ED_Visits_RSV
Montana,MT,1,wk inc rsv prop ed visits,prop_ed,2026-05-30,2026-06-06,CFA_Pyrenew-Pyrenew_E_RSV,3.497985121401541e-4,6.630214273749332e-4,9.169704003214091e-4,0.001362293217107612,0.0018761312880674974,0.002447948486896051,0.00315163958261137,3.5e-4,6.6e-4,9.2e-4,0.0014,0.0019,0.0024,0.0032,NA,NA,NA,NA,NA,NA,NA,NA,NA,NA,NA,NA,NA,NA,TRUE,FALSE,Center for Forecasting and Outbreak Analytics (CFA/CDC) Pyrenew team,2026-05-27,Pyrenew_ED_Visits_RSV
Montana,MT,0,wk inc rsv hosp,hosp,2026-05-30,2026-05-30,CFA_Pyrenew-Pyrenew_HE_RSV,3,5,7,10,13,16,20,3,5,7,10,10,20,20,0.26560848247249624,0.44268080412082705,0.619753125769158,0.8853616082416541,1.1509700907141505,1.4165785731866467,1.7707232164833082,0.27,0.44,0.62,0.89,1.15,1.42,1.77,TRUE,FALSE,Center for Forecasting and Outbreak Analytics (CFA/CDC) Pyrenew team,2026-05-27,Pyrenew_Hospital_Admissions_ED_Visits_RSV
Montana,MT,1,wk inc rsv hosp,hosp,2026-05-30,2026-06-06,CFA_Pyrenew-Pyrenew_HE_RSV,2,4,6,8,11,15,20,2,4,6,8,10,20,20,0.17707232164833084,0.3541446432966617,0.5312169649449925,0.7082892865933234,0.9738977690658195,1.3280424123624812,1.7707232164833082,0.18,0.35,0.53,0.71,0.97,1.33,1.77,TRUE,FALSE,Center for Forecasting and Outbreak Analytics (CFA/CDC) Pyrenew team,2026-05-27,Pyrenew_Hospital_Admissions_ED_Visits_RSV
Montana,MT,0,wk inc rsv prop ed visits,prop_ed,2026-05-30,2026-05-30,CFA_Pyrenew-Pyrenew_HE_RSV,7.984871347566232e-4,0.0011392697918204155,0.0014623510154873913,0.001865787400075594,0.0023369853782713194,0.002819911517977653,0.0034422537887665054,8e-4,0.0011,0.0015,0.0019,0.0023,0.0028,0.0034,NA,NA,NA,NA,NA,NA,NA,NA,NA,NA,NA,NA,NA,NA,FALSE,FALSE,Center for Forecasting and Outbreak Analytics (CFA/CDC) Pyrenew team,2026-05-27,Pyrenew_Hospital_Admissions_ED_Visits_RSV
Montana,MT,1,wk inc rsv prop ed visits,prop_ed,2026-05-30,2026-06-06,CFA_Pyrenew-Pyrenew_HE_RSV,4.626987032108719e-4,8.029056335299239e-4,0.0011209559294426768,0.001563475907475465,0.0021253099325158832,0.002786952695003701,0.0037542232633813706,4.6e-4,8e-4,0.0011,0.0016,0.0021,0.0028,0.0038,NA,NA,NA,NA,NA,NA,NA,NA,NA,NA,NA,NA,NA,NA,FALSE,FALSE,Center for Forecasting and Outbreak Analytics (CFA/CDC) Pyrenew team,2026-05-27,Pyrenew_Hospital_Admissions_ED_Visits_RSV
Montana,MT,0,wk inc rsv hosp,hosp,2026-05-30,2026-05-30,CFA_Pyrenew-Pyrenew_H_RSV,5,7,10,14,19,25,34.024999999999864,5,7,10,10,20,30,30,0.44268080412082705,0.619753125769158,0.8853616082416541,1.239506251538316,1.6821870556591427,2.213404020604135,3.0124428720422163,0.44,0.62,0.89,1.24,1.68,2.21,3.01,FALSE,FALSE,Center for Forecasting and Outbreak Analytics (CFA/CDC) Pyrenew team,2026-05-27,Pyrenew_Hospital_Admissions_RSV
Montana,MT,1,wk inc rsv hosp,hosp,2026-05-30,2026-06-06,CFA_Pyrenew-Pyrenew_H_RSV,3,6,8,13,19,28,43.024999999999864,3,6,8,10,20,30,40,0.26560848247249624,0.5312169649449925,0.7082892865933234,1.1509700907141505,1.6821870556591427,2.479012503076632,3.809268319459705,0.27,0.53,0.71,1.15,1.68,2.48,3.81,FALSE,FALSE,Center for Forecasting and Outbreak Analytics (CFA/CDC) Pyrenew team,2026-05-27,Pyrenew_Hospital_Admissions_RSV
Montana,MT,0,wk inc rsv hosp,hosp,2026-05-30,2026-05-30,Google_SAI-RSVEns,4,6.5,8,12.5,15,18,23.5,4,7,8,10,20,20,20,0.3541446432966617,0.5754850453570752,0.7082892865933234,1.1067020103020675,1.3280424123624812,1.5936508948349775,2.0805997793678874,0.35,0.58,0.71,1.11,1.33,1.59,2.08,TRUE,FALSE,Google Science AI,2026-05-27,RSVEnsemble
Montana,MT,1,wk inc rsv hosp,hosp,2026-05-30,2026-06-06,Google_SAI-RSVEns,3.5,4.5,6,9,12.5,16,22,4,5,6,9,10,20,20,0.309876562884579,0.39841272370874437,0.5312169649449925,0.7968254474174887,1.1067020103020675,1.4165785731866467,1.947795538131639,0.31,0.4,0.53,0.8,1.11,1.42,1.95,TRUE,FALSE,Google Science AI,2026-05-27,RSVEnsemble
Montana,MT,2,wk inc rsv hosp,hosp,2026-05-30,2026-06-13,Google_SAI-RSVEns,2,3,4.5,7,9.5,11.5,16,2,3,5,7,10,10,20,0.17707232164833084,0.26560848247249624,0.39841272370874437,0.619753125769158,0.8410935278295714,1.0181658494779022,1.4165785731866467,0.18,0.27,0.4,0.62,0.84,1.02,1.42,TRUE,FALSE,Google Science AI,2026-05-27,RSVEnsemble
Montana,MT,0,wk inc rsv hosp,hosp,2026-05-30,2026-05-30,RSVHub-baseline,0,6.900000000000006,14,16,18,25.1,32.12499999999991,0,7,10,20,20,30,30,0,0.6108995096867419,1.239506251538316,1.4165785731866467,1.5936508948349775,2.2222576366865523,2.8442241664763057,0,0.61,1.24,1.42,1.59,2.22,2.84,FALSE,FALSE,RSVHub-hub-models,2026-05-27,RSVHub baseline model
Montana,MT,1,wk inc rsv hosp,hosp,2026-05-30,2026-06-06,RSVHub-baseline,0,3,10.091260912609123,16,21.912459124591244,29.472699726997273,41.59223367233687,0,3,10,20,20,30,40,0,0.26560848247249624,0.8934414990773756,1.4165785731866467,1.9400450051077613,2.609399682951767,3.6824166894502848,0,0.27,0.89,1.42,1.94,2.61,3.68,FALSE,FALSE,RSVHub-hub-models,2026-05-27,RSVHub baseline model
Montana,MT,2,wk inc rsv hosp,hosp,2026-05-30,2026-06-13,RSVHub-baseline,0,0,8,16,24,33,46.50076125761256,0,0,8,20,20,30,50,0,0,0.7082892865933234,1.4165785731866467,2.12486785977997,2.9216933071974585,4.116998877150106,0,0,0.71,1.42,2.12,2.92,4.12,FALSE,FALSE,RSVHub-hub-models,2026-05-27,RSVHub baseline model
Montana,MT,0,wk inc rsv prop ed visits,prop_ed,2026-05-30,2026-05-30,RSVHub-baseline,0,6.000000000000001e-4,0.0014000000000000009,0.0017000000000000001,0.001999999999999999,0.0028000000000000004,0.005314999999999991,0,6e-4,0.0014,0.0017,0.002,0.0028,0.0053,NA,NA,NA,NA,NA,NA,NA,NA,NA,NA,NA,NA,NA,NA,FALSE,FALSE,RSVHub-hub-models,2026-05-27,RSVHub baseline model
Montana,MT,1,wk inc rsv prop ed visits,prop_ed,2026-05-30,2026-06-06,RSVHub-baseline,0,0,0.001,0.0017000000000000001,0.0024792637926379212,0.004179186091860924,0.006148937964379644,0,0,0.001,0.0017,0.0025,0.0042,0.0061,NA,NA,NA,NA,NA,NA,NA,NA,NA,NA,NA,NA,NA,NA,FALSE,FALSE,RSVHub-hub-models,2026-05-27,RSVHub baseline model
Montana,MT,2,wk inc rsv prop ed visits,prop_ed,2026-05-30,2026-06-13,RSVHub-baseline,0,0,6.924976749767505e-4,0.0017000000000000001,0.0028000000000000004,0.004748154081540819,0.007007100446004466,0,0,6.9e-4,0.0017,0.0028,0.0047,0.007,NA,NA,NA,NA,NA,NA,NA,NA,NA,NA,NA,NA,NA,NA,FALSE,FALSE,RSVHub-hub-models,2026-05-27,RSVHub baseline model
Montana,MT,0,wk inc rsv hosp,hosp,2026-05-30,2026-05-30,UGA_flucast-INFLAenza,2,3,5,8,11,16,21,2,3,5,8,10,20,20,0.17707232164833084,0.26560848247249624,0.44268080412082705,0.7082892865933234,0.9738977690658195,1.4165785731866467,1.8592593773074737,0.18,0.27,0.44,0.71,0.97,1.42,1.86,TRUE,FALSE,UGA_flucast,2026-05-27,INFLAenza
Montana,MT,1,wk inc rsv hosp,hosp,2026-05-30,2026-06-06,UGA_flucast-INFLAenza,1,2,3,6,9,13,19,1,2,3,6,9,10,20,0.08853616082416542,0.17707232164833084,0.26560848247249624,0.5312169649449925,0.7968254474174887,1.1509700907141505,1.6821870556591427,0.09,0.18,0.27,0.53,0.8,1.15,1.68,TRUE,FALSE,UGA_flucast,2026-05-27,INFLAenza
Montana,MT,2,wk inc rsv hosp,hosp,2026-05-30,2026-06-13,UGA_flucast-INFLAenza,0,1,2,4,7,10,16,0,1,2,4,7,10,20,0,0.08853616082416542,0.17707232164833084,0.3541446432966617,0.619753125769158,0.8853616082416541,1.4165785731866467,0,0.09,0.18,0.35,0.62,0.89,1.42,TRUE,FALSE,UGA_flucast,2026-05-27,INFLAenza
Montana,MT,0,wk inc rsv prop ed visits,prop_ed,2026-05-30,2026-05-30,UGA_flucast-INFLAenza,7.218740324078754e-4,9.54308535490874e-4,0.0012054021948124456,0.0015388977026325433,0.001909791895030571,0.002293096115348678,0.0027992446833310313,7.2e-4,9.5e-4,0.0012,0.0015,0.0019,0.0023,0.0028,NA,NA,NA,NA,NA,NA,NA,NA,NA,NA,NA,NA,NA,NA,TRUE,FALSE,UGA_flucast,2026-05-27,INFLAenza
Montana,MT,1,wk inc rsv prop ed visits,prop_ed,2026-05-30,2026-06-06,UGA_flucast-INFLAenza,5.312693970614199e-4,7.482257870354718e-4,9.904964118987716e-4,0.0013272816863282365,0.0017258273079920217,0.002147094474617954,0.0026991038081704043,5.3e-4,7.5e-4,9.9e-4,0.0013,0.0017,0.0021,0.0027,NA,NA,NA,NA,NA,NA,NA,NA,NA,NA,NA,NA,NA,NA,TRUE,FALSE,UGA_flucast,2026-05-27,INFLAenza
Montana,MT,2,wk inc rsv prop ed visits,prop_ed,2026-05-30,2026-06-13,UGA_flucast-INFLAenza,4.084779095488211e-4,5.998531015611186e-4,8.363852667760593e-4,0.0011651814935416016,0.001558528695414694,0.002009073786075353,0.0026180681997176433,4.1e-4,6e-4,8.4e-4,0.0012,0.0016,0.002,0.0026,NA,NA,NA,NA,NA,NA,NA,NA,NA,NA,NA,NA,NA,NA,TRUE,FALSE,UGA_flucast,2026-05-27,INFLAenza
Montana,MT,0,wk inc rsv hosp,hosp,2026-05-30,2026-05-30,RSVHub-ensemble,3.5,5.75,7.5,11.25,14,17,22.25,4,6,8,10,10,20,20,0.309876562884579,0.5090829247389511,0.6640212061812406,0.996031809271861,1.239506251538316,1.505114734010812,1.9699295783376805,0.31,0.51,0.66,1,1.24,1.51,1.97,FALSE,TRUE,RSVHub,2026-05-27,Ensemble using RSVHub forecast submissions
Montana,MT,1,wk inc rsv hosp,hosp,2026-05-30,2026-06-06,RSVHub-ensemble,2.75,4.25,6,8.5,11.75,15.5,21,3,4,6,9,10,20,20,0.24347444226645487,0.376278683502703,0.5312169649449925,0.752557367005406,1.0402998896839437,1.372310492774564,1.8592593773074737,0.24,0.38,0.53,0.75,1.04,1.37,1.86,FALSE,TRUE,RSVHub,2026-05-27,Ensemble using RSVHub forecast submissions
Montana,MT,2,wk inc rsv hosp,hosp,2026-05-30,2026-06-13,RSVHub-ensemble,2,3,4.5,7,9.5,11.5,16,2,3,5,7,10,10,20,0.17707232164833084,0.26560848247249624,0.39841272370874437,0.619753125769158,0.8410935278295714,1.0181658494779022,1.4165785731866467,0.18,0.27,0.4,0.62,0.84,1.02,1.42,FALSE,TRUE,RSVHub,2026-05-27,Ensemble using RSVHub forecast submissions
Montana,MT,0,wk inc rsv prop ed visits,prop_ed,2026-05-30,2026-05-30,RSVHub-ensemble,6.57074030442747e-4,9.38511348484083e-4,0.0012277839562706496,0.0015964387144892503,0.002008919433052026,0.002425658871631692,0.0030024059379309097,6.6e-4,9.4e-4,0.0012,0.0016,0.002,0.0024,0.003,NA,NA,NA,NA,NA,NA,NA,NA,NA,NA,NA,NA,NA,NA,FALSE,TRUE,RSVHub,2026-05-27,Ensemble using RSVHub forecast submissions
Montana,MT,1,wk inc rsv prop ed visits,prop_ed,2026-05-30,2026-06-06,RSVHub-ensemble,4.40533954600787e-4,7.056236072052024e-4,9.537334061100903e-4,0.0013447874517179242,0.0018009792980297596,0.002297521480757002,0.002925371695390887,4.4e-4,7.1e-4,9.5e-4,0.0013,0.0018,0.0023,0.0029,NA,NA,NA,NA,NA,NA,NA,NA,NA,NA,NA,NA,NA,NA,FALSE,TRUE,RSVHub,2026-05-27,Ensemble using RSVHub forecast submissions
Nebraska,NE,0,wk inc rsv hosp,hosp,2026-05-30,2026-05-30,CEPH-Rtrend_rsv,4,5,6,8,11,13,17,4,5,6,8,10,10,20,0.20284850006212238,0.2535606250776529,0.30427275009318355,0.40569700012424476,0.5578333751708365,0.6592576252018976,0.86210612526402,0.2,0.25,0.3,0.41,0.56,0.66,0.86,TRUE,FALSE,CEPH Lab at Indiana University,2026-05-27,Rtrend RSV
Nebraska,NE,1,wk inc rsv hosp,hosp,2026-05-30,2026-06-06,CEPH-Rtrend_rsv,2,3,4,6,9,11,15,2,3,4,6,9,10,20,0.10142425003106119,0.15213637504659178,0.20284850006212238,0.30427275009318355,0.4564091251397753,0.5578333751708365,0.7606818752329588,0.1,0.15,0.2,0.3,0.46,0.56,0.76,TRUE,FALSE,CEPH Lab at Indiana University,2026-05-27,Rtrend RSV
Nebraska,NE,2,wk inc rsv hosp,hosp,2026-05-30,2026-06-13,CEPH-Rtrend_rsv,1,2,3,4,7,10,13,1,2,3,4,7,10,10,0.050712125015530594,0.10142425003106119,0.15213637504659178,0.20284850006212238,0.3549848751087141,0.5071212501553058,0.6592576252018976,0.05,0.1,0.15,0.2,0.35,0.51,0.66,TRUE,FALSE,CEPH Lab at Indiana University,2026-05-27,Rtrend RSV
Nebraska,NE,0,wk inc rsv prop ed visits,prop_ed,2026-05-30,2026-05-30,CFA_Pyrenew-Pyrenew_E_RSV,3.507719141576611e-4,5.279219209926537e-4,7.402832091087543e-4,9.863817190760625e-4,0.0012845179332271238,0.0015813497734271677,0.001927496176673447,3.5e-4,5.3e-4,7.4e-4,9.9e-4,0.0013,0.0016,0.0019,NA,NA,NA,NA,NA,NA,NA,NA,NA,NA,NA,NA,NA,NA,TRUE,FALSE,Center for Forecasting and Outbreak Analytics (CFA/CDC) Pyrenew team,2026-05-27,Pyrenew_ED_Visits_RSV
Nebraska,NE,1,wk inc rsv prop ed visits,prop_ed,2026-05-30,2026-06-06,CFA_Pyrenew-Pyrenew_E_RSV,1.516141073430609e-4,2.6701085651652674e-4,4.6172662451092255e-4,7.093950141228204e-4,0.0010092803716145202,0.0013942139375727773,0.0019033945037910383,1.5e-4,2.7e-4,4.6e-4,7.1e-4,0.001,0.0014,0.0019,NA,NA,NA,NA,NA,NA,NA,NA,NA,NA,NA,NA,NA,NA,TRUE,FALSE,Center for Forecasting and Outbreak Analytics (CFA/CDC) Pyrenew team,2026-05-27,Pyrenew_ED_Visits_RSV
Nebraska,NE,0,wk inc rsv hosp,hosp,2026-05-30,2026-05-30,CFA_Pyrenew-Pyrenew_HE_RSV,3,5,8,11,15,20,25,3,5,8,10,20,20,30,0.15213637504659178,0.2535606250776529,0.40569700012424476,0.5578333751708365,0.7606818752329588,1.0142425003106117,1.2678031253882647,0.15,0.25,0.41,0.56,0.76,1.01,1.27,TRUE,FALSE,Center for Forecasting and Outbreak Analytics (CFA/CDC) Pyrenew team,2026-05-27,Pyrenew_Hospital_Admissions_ED_Visits_RSV
Nebraska,NE,1,wk inc rsv hosp,hosp,2026-05-30,2026-06-06,CFA_Pyrenew-Pyrenew_HE_RSV,2,4,6,8,12,16,23,2,4,6,8,10,20,20,0.10142425003106119,0.20284850006212238,0.30427275009318355,0.40569700012424476,0.6085455001863671,0.8113940002484895,1.1663788753572035,0.1,0.2,0.3,0.41,0.61,0.81,1.17,TRUE,FALSE,Center for Forecasting and Outbreak Analytics (CFA/CDC) Pyrenew team,2026-05-27,Pyrenew_Hospital_Admissions_ED_Visits_RSV
Nebraska,NE,0,wk inc rsv prop ed visits,prop_ed,2026-05-30,2026-05-30,CFA_Pyrenew-Pyrenew_HE_RSV,3.3180903313114336e-4,5.07317749306278e-4,6.841403810365362e-4,9.124675161336604e-4,0.0011880815276735473,0.001490895007583495,0.001869036458452311,3.3e-4,5.1e-4,6.8e-4,9.1e-4,0.0012,0.0015,0.0019,NA,NA,NA,NA,NA,NA,NA,NA,NA,NA,NA,NA,NA,NA,FALSE,FALSE,Center for Forecasting and Outbreak Analytics (CFA/CDC) Pyrenew team,2026-05-27,Pyrenew_Hospital_Admissions_ED_Visits_RSV
Nebraska,NE,1,wk inc rsv prop ed visits,prop_ed,2026-05-30,2026-06-06,CFA_Pyrenew-Pyrenew_HE_RSV,1.54496664723599e-4,2.598879483792573e-4,4.3291799507039647e-4,6.640727865760515e-4,9.3645227058232e-4,0.0012808661748380382,0.0017328390177411945,1.5e-4,2.6e-4,4.3e-4,6.6e-4,9.4e-4,0.0013,0.0017,NA,NA,NA,NA,NA,NA,NA,NA,NA,NA,NA,NA,NA,NA,FALSE,FALSE,Center for Forecasting and Outbreak Analytics (CFA/CDC) Pyrenew team,2026-05-27,Pyrenew_Hospital_Admissions_ED_Visits_RSV
Nebraska,NE,0,wk inc rsv hosp,hosp,2026-05-30,2026-05-30,CFA_Pyrenew-Pyrenew_H_RSV,2,5,7,10,14,17,23,2,5,7,10,10,20,20,0.10142425003106119,0.2535606250776529,0.3549848751087141,0.5071212501553058,0.7099697502174283,0.86210612526402,1.1663788753572035,0.1,0.25,0.35,0.51,0.71,0.86,1.17,FALSE,FALSE,Center for Forecasting and Outbreak Analytics (CFA/CDC) Pyrenew team,2026-05-27,Pyrenew_Hospital_Admissions_RSV
Nebraska,NE,1,wk inc rsv hosp,hosp,2026-05-30,2026-06-06,CFA_Pyrenew-Pyrenew_H_RSV,1,3,5,8,12,17,24,1,3,5,8,10,20,20,0.050712125015530594,0.15213637504659178,0.2535606250776529,0.40569700012424476,0.6085455001863671,0.86210612526402,1.2170910003727342,0.05,0.15,0.25,0.41,0.61,0.86,1.22,FALSE,FALSE,Center for Forecasting and Outbreak Analytics (CFA/CDC) Pyrenew team,2026-05-27,Pyrenew_Hospital_Admissions_RSV
Nebraska,NE,0,wk inc rsv hosp,hosp,2026-05-30,2026-05-30,Google_SAI-RSVEns,3.5,5,6.5,8.5,11.5,16.5,23,4,5,7,9,10,20,20,0.17749243755435706,0.2535606250776529,0.3296288126009488,0.43105306263201,0.5831894376786018,0.8367500627562547,1.1663788753572035,0.18,0.25,0.33,0.43,0.58,0.84,1.17,TRUE,FALSE,Google Science AI,2026-05-27,RSVEnsemble
Nebraska,NE,1,wk inc rsv hosp,hosp,2026-05-30,2026-06-06,Google_SAI-RSVEns,2,4,5,7,9.5,12,18.5,2,4,5,7,10,10,20,0.10142425003106119,0.20284850006212238,0.2535606250776529,0.3549848751087141,0.48176518764754056,0.6085455001863671,0.9381743127873159,0.1,0.2,0.25,0.35,0.48,0.61,0.94,TRUE,FALSE,Google Science AI,2026-05-27,RSVEnsemble
Nebraska,NE,2,wk inc rsv hosp,hosp,2026-05-30,2026-06-13,Google_SAI-RSVEns,2,3,4,6,7.5,11,15.5,2,3,4,6,8,10,20,0.10142425003106119,0.15213637504659178,0.20284850006212238,0.30427275009318355,0.3803409376164794,0.5578333751708365,0.7860379377407242,0.1,0.15,0.2,0.3,0.38,0.56,0.79,TRUE,FALSE,Google Science AI,2026-05-27,RSVEnsemble
Nebraska,NE,0,wk inc rsv hosp,hosp,2026-05-30,2026-05-30,RSVHub-baseline,0,2,10,12,14,22,35,0,2,10,10,10,20,40,0,0.10142425003106119,0.5071212501553058,0.6085455001863671,0.7099697502174283,1.115666750341673,1.7749243755435706,0,0.1,0.51,0.61,0.71,1.12,1.77,FALSE,FALSE,RSVHub-hub-models,2026-05-27,RSVHub baseline model
Nebraska,NE,1,wk inc rsv hosp,hosp,2026-05-30,2026-06-06,RSVHub-baseline,0,0,6,12,18,28.022572225722257,42.65157651576504,0,0,6,10,20,30,40,0,0,0.30427275009318355,0.6085455001863671,0.9128182502795505,1.4210841859675625,2.1629520803769453,0,0,0.3,0.61,0.91,1.42,2.16,FALSE,FALSE,RSVHub-hub-models,2026-05-27,RSVHub baseline model
Nebraska,NE,2,wk inc rsv hosp,hosp,2026-05-30,2026-06-13,RSVHub-baseline,0,0,3.9999774997749977,12,21,32.58226082260824,46.766474664746596,0,0,4,10,20,30,50,0,0,0.2028473590278992,0.6085455001863671,1.0649546253261424,1.6523156841247337,2.371627309734273,0,0,0.2,0.61,1.06,1.65,2.37,FALSE,FALSE,RSVHub-hub-models,2026-05-27,RSVHub baseline model
Nebraska,NE,0,wk inc rsv prop ed visits,prop_ed,2026-05-30,2026-05-30,RSVHub-baseline,0,5e-4,0.0013,0.0015,0.0017000000000000001,0.0025,0.0035999999999999995,0,5e-4,0.0013,0.0015,0.0017,0.0025,0.0036,NA,NA,NA,NA,NA,NA,NA,NA,NA,NA,NA,NA,NA,NA,FALSE,FALSE,RSVHub-hub-models,2026-05-27,RSVHub baseline model
Nebraska,NE,1,wk inc rsv prop ed visits,prop_ed,2026-05-30,2026-06-06,RSVHub-baseline,0,1.2442924429244576e-5,9.999999999999998e-4,0.0015,0.0020075453254532532,0.00311472414724147,0.004437502250022493,0,1.2e-5,0.001,0.0015,0.002,0.0031,0.0044,NA,NA,NA,NA,NA,NA,NA,NA,NA,NA,NA,NA,NA,NA,FALSE,FALSE,RSVHub-hub-models,2026-05-27,RSVHub baseline model
Nebraska,NE,2,wk inc rsv prop ed visits,prop_ed,2026-05-30,2026-06-13,RSVHub-baseline,0,0,6.999999999999999e-4,0.0015,0.002326758267582673,0.0035000000000000005,0.005002310473104729,0,0,7e-4,0.0015,0.0023,0.0035,0.005,NA,NA,NA,NA,NA,NA,NA,NA,NA,NA,NA,NA,NA,NA,FALSE,FALSE,RSVHub-hub-models,2026-05-27,RSVHub baseline model
Nebraska,NE,0,wk inc rsv hosp,hosp,2026-05-30,2026-05-30,UGA_flucast-INFLAenza,2,3,5,8,12,16,22,2,3,5,8,10,20,20,0.10142425003106119,0.15213637504659178,0.2535606250776529,0.40569700012424476,0.6085455001863671,0.8113940002484895,1.115666750341673,0.1,0.15,0.25,0.41,0.61,0.81,1.12,TRUE,FALSE,UGA_flucast,2026-05-27,INFLAenza
Nebraska,NE,1,wk inc rsv hosp,hosp,2026-05-30,2026-06-06,UGA_flucast-INFLAenza,1,2,4,6,9,13,19,1,2,4,6,9,10,20,0.050712125015530594,0.10142425003106119,0.20284850006212238,0.30427275009318355,0.4564091251397753,0.6592576252018976,0.9635303752950811,0.05,0.1,0.2,0.3,0.46,0.66,0.96,TRUE,FALSE,UGA_flucast,2026-05-27,INFLAenza
Nebraska,NE,2,wk inc rsv hosp,hosp,2026-05-30,2026-06-13,UGA_flucast-INFLAenza,0,1,2,4,7,11,17,0,1,2,4,7,10,20,0,0.050712125015530594,0.10142425003106119,0.20284850006212238,0.3549848751087141,0.5578333751708365,0.86210612526402,0,0.05,0.1,0.2,0.35,0.56,0.86,TRUE,FALSE,UGA_flucast,2026-05-27,INFLAenza
Nebraska,NE,0,wk inc rsv prop ed visits,prop_ed,2026-05-30,2026-05-30,UGA_flucast-INFLAenza,5.88154703506542e-4,7.832832529990372e-4,9.93419989376848e-4,0.0012781706058876618,0.0016188652857574378,0.001971335143200626,0.002455332965177611,5.9e-4,7.8e-4,9.9e-4,0.0013,0.0016,0.002,0.0025,NA,NA,NA,NA,NA,NA,NA,NA,NA,NA,NA,NA,NA,NA,TRUE,FALSE,UGA_flucast,2026-05-27,INFLAenza
Nebraska,NE,1,wk inc rsv prop ed visits,prop_ed,2026-05-30,2026-06-06,UGA_flucast-INFLAenza,4.1917603976831993e-4,6.244179765781959e-4,8.300819380974713e-4,0.0011088277136016554,0.0014643611900644682,0.0018383670938197148,0.0023505433501156154,4.2e-4,6.2e-4,8.3e-4,0.0011,0.0015,0.0018,0.0024,NA,NA,NA,NA,NA,NA,NA,NA,NA,NA,NA,NA,NA,NA,TRUE,FALSE,UGA_flucast,2026-05-27,INFLAenza
Nebraska,NE,2,wk inc rsv prop ed visits,prop_ed,2026-05-30,2026-06-13,UGA_flucast-INFLAenza,3.2696515381984984e-4,5.027020683253541e-4,7.082733256601334e-4,9.93096164809856e-4,0.0013567002308769792,0.0017355930057017948,0.0022807757855580527,3.3e-4,5e-4,7.1e-4,9.9e-4,0.0014,0.0017,0.0023,NA,NA,NA,NA,NA,NA,NA,NA,NA,NA,NA,NA,NA,NA,TRUE,FALSE,UGA_flucast,2026-05-27,INFLAenza
Nebraska,NE,0,wk inc rsv hosp,hosp,2026-05-30,2026-05-30,RSVHub-ensemble,3.25,5,6.25,8.25,11.75,16.25,22.5,3,5,6,8,10,20,20,0.1648144063004744,0.2535606250776529,0.31695078134706617,0.41837503137812737,0.5958674689324844,0.824072031502372,1.1410228128494382,0.16,0.25,0.32,0.42,0.6,0.82,1.14,FALSE,TRUE,RSVHub,2026-05-27,Ensemble using RSVHub forecast submissions
Nebraska,NE,1,wk inc rsv hosp,hosp,2026-05-30,2026-06-06,RSVHub-ensemble,2,3.5,4.5,6.5,9.25,12.5,18.75,2,4,5,7,9,10,20,0.10142425003106119,0.17749243755435706,0.22820456256988764,0.3296288126009488,0.46908715639365794,0.6339015626941323,0.9508523440411986,0.1,0.18,0.23,0.33,0.47,0.63,0.95,FALSE,TRUE,RSVHub,2026-05-27,Ensemble using RSVHub forecast submissions
Nebraska,NE,2,wk inc rsv hosp,hosp,2026-05-30,2026-06-13,RSVHub-ensemble,1,2,3,4,7,11,15.5,1,2,3,4,7,10,20,0.050712125015530594,0.10142425003106119,0.15213637504659178,0.20284850006212238,0.3549848751087141,0.5578333751708365,0.7860379377407242,0.05,0.1,0.15,0.2,0.35,0.56,0.79,FALSE,TRUE,RSVHub,2026-05-27,Ensemble using RSVHub forecast submissions
Nebraska,NE,0,wk inc rsv prop ed visits,prop_ed,2026-05-30,2026-05-30,RSVHub-ensemble,4.6946330883210154e-4,6.556025869958454e-4,8.668515992428011e-4,0.0011322761624818622,0.0014516916094922808,0.001776342458313897,0.002191414570925529,4.7e-4,6.6e-4,8.7e-4,0.0011,0.0015,0.0018,0.0022,NA,NA,NA,NA,NA,NA,NA,NA,NA,NA,NA,NA,NA,NA,FALSE,TRUE,RSVHub,2026-05-27,Ensemble using RSVHub forecast submissions
Nebraska,NE,1,wk inc rsv prop ed visits,prop_ed,2026-05-30,2026-06-06,RSVHub-ensemble,2.8539507355569043e-4,4.457144165473613e-4,6.459042813041969e-4,9.091113638622379e-4,0.0012368207808394942,0.001616290515696246,0.002126968926953327,2.9e-4,4.5e-4,6.5e-4,9.1e-4,0.0012,0.0016,0.0021,NA,NA,NA,NA,NA,NA,NA,NA,NA,NA,NA,NA,NA,NA,FALSE,TRUE,RSVHub,2026-05-27,Ensemble using RSVHub forecast submissions
Nevada,NV,0,wk inc rsv hosp,hosp,2026-05-30,2026-05-30,CEPH-Rtrend_rsv,7,9,12,16,21,27,35,7,9,10,20,20,30,40,0.21998431826074114,0.28283698062095286,0.3771159741612705,0.502821298881694,0.6599529547822234,0.8485109418628586,1.0999215913037057,0.22,0.28,0.38,0.5,0.66,0.85,1.1,TRUE,FALSE,CEPH Lab at Indiana University,2026-05-27,Rtrend RSV
Nevada,NV,1,wk inc rsv hosp,hosp,2026-05-30,2026-06-06,CEPH-Rtrend_rsv,6,8,11,16,24,33,44,6,8,10,20,20,30,40,0.18855798708063526,0.251410649440847,0.3456896429811646,0.502821298881694,0.754231948322541,1.037068928943494,1.3827585719246585,0.19,0.25,0.35,0.5,0.75,1.04,1.38,TRUE,FALSE,CEPH Lab at Indiana University,2026-05-27,Rtrend RSV
Nevada,NV,2,wk inc rsv hosp,hosp,2026-05-30,2026-06-13,CEPH-Rtrend_rsv,4,7,10,16,25,37,55,4,7,10,20,30,40,60,0.1257053247204235,0.21998431826074114,0.3142633118010587,0.502821298881694,0.7856582795026469,1.1627742536639174,1.728448214905823,0.13,0.22,0.31,0.5,0.79,1.16,1.73,TRUE,FALSE,CEPH Lab at Indiana University,2026-05-27,Rtrend RSV
Nevada,NV,0,wk inc rsv prop ed visits,prop_ed,2026-05-30,2026-05-30,CFA_Pyrenew-Pyrenew_E_RSV,1.6250291593347994e-4,2.5311412549882127e-4,3.2440239509996235e-4,4.2393359530455905e-4,5.499933904586796e-4,6.823752663996615e-4,8.244437928015537e-4,1.6e-4,2.5e-4,3.2e-4,4.2e-4,5.5e-4,6.8e-4,8.2e-4,NA,NA,NA,NA,NA,NA,NA,NA,NA,NA,NA,NA,NA,NA,TRUE,FALSE,Center for Forecasting and Outbreak Analytics (CFA/CDC) Pyrenew team,2026-05-27,Pyrenew_ED_Visits_RSV
Nevada,NV,1,wk inc rsv prop ed visits,prop_ed,2026-05-30,2026-06-06,CFA_Pyrenew-Pyrenew_E_RSV,6.516414956619671e-5,1.3062120448439506e-4,2.1596886737360412e-4,3.2123162979660766e-4,4.4696348554825176e-4,5.864513995036572e-4,7.813525005189707e-4,6.5e-5,1.3e-4,2.2e-4,3.2e-4,4.5e-4,5.9e-4,7.8e-4,NA,NA,NA,NA,NA,NA,NA,NA,NA,NA,NA,NA,NA,NA,TRUE,FALSE,Center for Forecasting and Outbreak Analytics (CFA/CDC) Pyrenew team,2026-05-27,Pyrenew_ED_Visits_RSV
Nevada,NV,0,wk inc rsv hosp,hosp,2026-05-30,2026-05-30,CFA_Pyrenew-Pyrenew_HE_RSV,1,2,4,6,8,11,15,1,2,4,6,8,10,20,0.031426331180105876,0.06285266236021175,0.1257053247204235,0.18855798708063526,0.251410649440847,0.3456896429811646,0.4713949677015881,0.03,0.06,0.13,0.19,0.25,0.35,0.47,TRUE,FALSE,Center for Forecasting and Outbreak Analytics (CFA/CDC) Pyrenew team,2026-05-27,Pyrenew_Hospital_Admissions_ED_Visits_RSV
Nevada,NV,1,wk inc rsv hosp,hosp,2026-05-30,2026-06-06,CFA_Pyrenew-Pyrenew_HE_RSV,0,1,3,4,7,9,12.024999999999864,0,1,3,4,7,9,10,0,0.031426331180105876,0.09427899354031763,0.1257053247204235,0.21998431826074114,0.28283698062095286,0.37790163244076885,0,0.03,0.09,0.13,0.22,0.28,0.38,TRUE,FALSE,Center for Forecasting and Outbreak Analytics (CFA/CDC) Pyrenew team,2026-05-27,Pyrenew_Hospital_Admissions_ED_Visits_RSV
Nevada,NV,0,wk inc rsv prop ed visits,prop_ed,2026-05-30,2026-05-30,CFA_Pyrenew-Pyrenew_HE_RSV,1.6166216830697214e-4,2.2959926858354268e-4,3.1666902433636094e-4,4.1230208300679824e-4,5.219947023695048e-4,6.372547712527578e-4,7.997784394218883e-4,1.6e-4,2.3e-4,3.2e-4,4.1e-4,5.2e-4,6.4e-4,8e-4,NA,NA,NA,NA,NA,NA,NA,NA,NA,NA,NA,NA,NA,NA,FALSE,FALSE,Center for Forecasting and Outbreak Analytics (CFA/CDC) Pyrenew team,2026-05-27,Pyrenew_Hospital_Admissions_ED_Visits_RSV
Nevada,NV,1,wk inc rsv prop ed visits,prop_ed,2026-05-30,2026-06-06,CFA_Pyrenew-Pyrenew_HE_RSV,6.484411756176832e-5,1.288601300499529e-4,1.9542796832688514e-4,2.926041000394219e-4,4.1915340155915666e-4,5.523753748704986e-4,7.462591279076299e-4,6.5e-5,1.3e-4,2e-4,2.9e-4,4.2e-4,5.5e-4,7.5e-4,NA,NA,NA,NA,NA,NA,NA,NA,NA,NA,NA,NA,NA,NA,FALSE,FALSE,Center for Forecasting and Outbreak Analytics (CFA/CDC) Pyrenew team,2026-05-27,Pyrenew_Hospital_Admissions_ED_Visits_RSV
Nevada,NV,0,wk inc rsv hosp,hosp,2026-05-30,2026-05-30,CFA_Pyrenew-Pyrenew_H_RSV,0.9750000000000014,2,3,5,8,12,17,1,2,3,5,8,10,20,0.030640672900603273,0.06285266236021175,0.09427899354031763,0.15713165590052935,0.251410649440847,0.3771159741612705,0.5342476300617999,0.03,0.06,0.09,0.16,0.25,0.38,0.53,FALSE,FALSE,Center for Forecasting and Outbreak Analytics (CFA/CDC) Pyrenew team,2026-05-27,Pyrenew_Hospital_Admissions_RSV
Nevada,NV,1,wk inc rsv hosp,hosp,2026-05-30,2026-06-06,CFA_Pyrenew-Pyrenew_H_RSV,0,1,2,4,7,11,19,0,1,2,4,7,10,20,0,0.031426331180105876,0.06285266236021175,0.1257053247204235,0.21998431826074114,0.3456896429811646,0.5971002924220116,0,0.03,0.06,0.13,0.22,0.35,0.6,FALSE,FALSE,Center for Forecasting and Outbreak Analytics (CFA/CDC) Pyrenew team,2026-05-27,Pyrenew_Hospital_Admissions_RSV
Nevada,NV,0,wk inc rsv hosp,hosp,2026-05-30,2026-05-30,Google_SAI-RSVEns,0.5,2,3,5,6.5,11,19,1,2,3,5,7,10,20,0.015713165590052938,0.06285266236021175,0.09427899354031763,0.15713165590052935,0.2042711526706882,0.3456896429811646,0.5971002924220116,0.02,0.06,0.09,0.16,0.2,0.35,0.6,TRUE,FALSE,Google Science AI,2026-05-27,RSVEnsemble
Nevada,NV,1,wk inc rsv hosp,hosp,2026-05-30,2026-06-06,Google_SAI-RSVEns,0,1,2.5,4,6.5,10.5,14.5,0,1,3,4,7,10,10,0,0.031426331180105876,0.07856582795026468,0.1257053247204235,0.2042711526706882,0.3299764773911117,0.4556818021115352,0,0.03,0.08,0.13,0.2,0.33,0.46,TRUE,FALSE,Google Science AI,2026-05-27,RSVEnsemble
Nevada,NV,2,wk inc rsv hosp,hosp,2026-05-30,2026-06-13,Google_SAI-RSVEns,0,1,2,3,4,6.5,10,0,1,2,3,4,7,10,0,0.031426331180105876,0.06285266236021175,0.09427899354031763,0.1257053247204235,0.2042711526706882,0.3142633118010587,0,0.03,0.06,0.09,0.13,0.2,0.31,TRUE,FALSE,Google Science AI,2026-05-27,RSVEnsemble
Nevada,NV,0,wk inc rsv hosp,hosp,2026-05-30,2026-05-30,RSVHub-baseline,0,0,1,5,9,17.200000000000003,37.024999999999984,0,0,1,5,9,20,40,0,0,0.031426331180105876,0.15713165590052935,0.28283698062095286,0.5405328962978212,1.1635599119434195,0,0,0.03,0.16,0.28,0.54,1.16,FALSE,FALSE,RSVHub-hub-models,2026-05-27,RSVHub baseline model
Nevada,NV,1,wk inc rsv hosp,hosp,2026-05-30,2026-06-06,RSVHub-baseline,0,0,0,5,13.574160741607415,26.514097140971423,45.85052950529499,0,0,0,5,10,30,50,0,0,0,0.15713165590052935,0.4265860709577462,0.8332407976936662,1.4409139250166163,0,0,0,0.16,0.43,0.83,1.44,FALSE,FALSE,RSVHub-hub-models,2026-05-27,RSVHub baseline model
Nevada,NV,2,wk inc rsv hosp,hosp,2026-05-30,2026-06-13,RSVHub-baseline,0,0,0,5,16,31.028047280472805,52.51581465814648,0,0,0,5,20,30,50,0,0,0,0.15713165590052935,0.502821298881694,0.9750976897081218,1.6503793836399698,0,0,0,0.16,0.5,0.98,1.65,FALSE,FALSE,RSVHub-hub-models,2026-05-27,RSVHub baseline model
Nevada,NV,0,wk inc rsv prop ed visits,prop_ed,2026-05-30,2026-05-30,RSVHub-baseline,0,0,2.999999999999999e-4,5e-4,7.000000000000001e-4,0.0013100000000000056,0.0029000000000000002,0,0,3e-4,5e-4,7e-4,0.0013,0.0029,NA,NA,NA,NA,NA,NA,NA,NA,NA,NA,NA,NA,NA,NA,FALSE,FALSE,RSVHub-hub-models,2026-05-27,RSVHub baseline model
Nevada,NV,1,wk inc rsv prop ed visits,prop_ed,2026-05-30,2026-06-06,RSVHub-baseline,0,0,9.999999999999996e-5,5e-4,0.0010999999999999998,0.0021000000000000003,0.0033885196601966022,0,0,1e-4,5e-4,0.0011,0.0021,0.0034,NA,NA,NA,NA,NA,NA,NA,NA,NA,NA,NA,NA,NA,NA,FALSE,FALSE,RSVHub-hub-models,2026-05-27,RSVHub baseline model
Nevada,NV,2,wk inc rsv prop ed visits,prop_ed,2026-05-30,2026-06-13,RSVHub-baseline,0,0,0,5e-4,0.0013460594605946086,0.002493647136471371,0.00384601623516235,0,0,0,5e-4,0.0013,0.0025,0.0038,NA,NA,NA,NA,NA,NA,NA,NA,NA,NA,NA,NA,NA,NA,FALSE,FALSE,RSVHub-hub-models,2026-05-27,RSVHub baseline model
Nevada,NV,0,wk inc rsv hosp,hosp,2026-05-30,2026-05-30,UGA_flucast-INFLAenza,1,2,3,5,8,11,15,1,2,3,5,8,10,20,0.031426331180105876,0.06285266236021175,0.09427899354031763,0.15713165590052935,0.251410649440847,0.3456896429811646,0.4713949677015881,0.03,0.06,0.09,0.16,0.25,0.35,0.47,TRUE,FALSE,UGA_flucast,2026-05-27,INFLAenza
Nevada,NV,1,wk inc rsv hosp,hosp,2026-05-30,2026-06-06,UGA_flucast-INFLAenza,0,1,2,4,6,9,14,0,1,2,4,6,9,10,0,0.031426331180105876,0.06285266236021175,0.1257053247204235,0.18855798708063526,0.28283698062095286,0.43996863652148227,0,0.03,0.06,0.13,0.19,0.28,0.44,TRUE,FALSE,UGA_flucast,2026-05-27,INFLAenza
Nevada,NV,2,wk inc rsv hosp,hosp,2026-05-30,2026-06-13,UGA_flucast-INFLAenza,0,1,1,3,5,8,12,0,1,1,3,5,8,10,0,0.031426331180105876,0.031426331180105876,0.09427899354031763,0.15713165590052935,0.251410649440847,0.3771159741612705,0,0.03,0.03,0.09,0.16,0.25,0.38,TRUE,FALSE,UGA_flucast,2026-05-27,INFLAenza
Nevada,NV,0,wk inc rsv prop ed visits,prop_ed,2026-05-30,2026-05-30,UGA_flucast-INFLAenza,1.6522499020685597e-4,2.635010013192565e-4,3.7797819933934484e-4,5.345822657336426e-4,7.181545718461159e-4,9.243829302275947e-4,0.0011865706603170455,1.7e-4,2.6e-4,3.8e-4,5.3e-4,7.2e-4,9.2e-4,0.0012,NA,NA,NA,NA,NA,NA,NA,NA,NA,NA,NA,NA,NA,NA,TRUE,FALSE,UGA_flucast,2026-05-27,INFLAenza
Nevada,NV,1,wk inc rsv prop ed visits,prop_ed,2026-05-30,2026-06-06,UGA_flucast-INFLAenza,1.2680967120571105e-4,2.1550430850162135e-4,3.238509667716458e-4,4.732072554430542e-4,6.66920979929882e-4,8.831435740607517e-4,0.0011598517259285256,1.3e-4,2.2e-4,3.2e-4,4.7e-4,6.7e-4,8.8e-4,0.0012,NA,NA,NA,NA,NA,NA,NA,NA,NA,NA,NA,NA,NA,NA,TRUE,FALSE,UGA_flucast,2026-05-27,INFLAenza
Nevada,NV,2,wk inc rsv prop ed visits,prop_ed,2026-05-30,2026-06-13,UGA_flucast-INFLAenza,9.727402330981186e-5,1.7059553813879316e-4,2.715235293509831e-4,4.2661280368756814e-4,6.162329539838819e-4,8.402821234168252e-4,0.0011395864970031955,9.7e-5,1.7e-4,2.7e-4,4.3e-4,6.2e-4,8.4e-4,0.0011,NA,NA,NA,NA,NA,NA,NA,NA,NA,NA,NA,NA,NA,NA,TRUE,FALSE,UGA_flucast,2026-05-27,INFLAenza
Nevada,NV,0,wk inc rsv hosp,hosp,2026-05-30,2026-05-30,RSVHub-ensemble,1,2,3.5,5.5,8,11,17,1,2,4,6,8,10,20,0.031426331180105876,0.06285266236021175,0.10999215913037057,0.1728448214905823,0.251410649440847,0.3456896429811646,0.5342476300617999,0.03,0.06,0.11,0.17,0.25,0.35,0.53,FALSE,TRUE,RSVHub,2026-05-27,Ensemble using RSVHub forecast submissions
Nevada,NV,1,wk inc rsv hosp,hosp,2026-05-30,2026-06-06,RSVHub-ensemble,0,1,2.75,4,6.75,9.75,14.25,0,1,3,4,7,10,10,0,0.031426331180105876,0.08642241074529115,0.1257053247204235,0.21212773546571465,0.3064067290060323,0.4478252193165087,0,0.03,0.09,0.13,0.21,0.31,0.45,FALSE,TRUE,RSVHub,2026-05-27,Ensemble using RSVHub forecast submissions
Nevada,NV,2,wk inc rsv hosp,hosp,2026-05-30,2026-06-13,RSVHub-ensemble,0,1,2,3,5,8,12,0,1,2,3,5,8,10,0,0.031426331180105876,0.06285266236021175,0.09427899354031763,0.15713165590052935,0.251410649440847,0.3771159741612705,0,0.03,0.06,0.09,0.16,0.25,0.38,FALSE,TRUE,RSVHub,2026-05-27,Ensemble using RSVHub forecast submissions
Nevada,NV,0,wk inc rsv prop ed visits,prop_ed,2026-05-30,2026-05-30,RSVHub-ensemble,1.6386395307016797e-4,2.5830756340903887e-4,3.511902972196536e-4,4.792579305191008e-4,6.340739811523978e-4,8.033790983136281e-4,0.0010055072265592996,1.6e-4,2.6e-4,3.5e-4,4.8e-4,6.3e-4,8e-4,0.001,NA,NA,NA,NA,NA,NA,NA,NA,NA,NA,NA,NA,NA,NA,FALSE,TRUE,RSVHub,2026-05-27,Ensemble using RSVHub forecast submissions
Nevada,NV,1,wk inc rsv prop ed visits,prop_ed,2026-05-30,2026-06-06,RSVHub-ensemble,9.598691038595388e-5,1.730627564930082e-4,2.6990991707262496e-4,3.9721944261983096e-4,5.569422327390669e-4,7.347974867822045e-4,9.706021132237482e-4,9.6e-5,1.7e-4,2.7e-4,4e-4,5.6e-4,7.3e-4,9.7e-4,NA,NA,NA,NA,NA,NA,NA,NA,NA,NA,NA,NA,NA,NA,FALSE,TRUE,RSVHub,2026-05-27,Ensemble using RSVHub forecast submissions
New Hampshire,NH,0,wk inc rsv hosp,hosp,2026-05-30,2026-05-30,CEPH-Rtrend_rsv,0,0,0,1,1,2,3,0,0,0,1,1,2,3,0,0,0,0.07135176634865184,0.07135176634865184,0.14270353269730368,0.21405529904595555,0,0,0,0.07,0.07,0.14,0.21,TRUE,FALSE,CEPH Lab at Indiana University,2026-05-27,Rtrend RSV
New Hampshire,NH,1,wk inc rsv hosp,hosp,2026-05-30,2026-06-06,CEPH-Rtrend_rsv,0,0,0,0,1,1,3,0,0,0,0,1,1,3,0,0,0,0,0.07135176634865184,0.07135176634865184,0.21405529904595555,0,0,0,0,0.07,0.07,0.21,TRUE,FALSE,CEPH Lab at Indiana University,2026-05-27,Rtrend RSV
New Hampshire,NH,2,wk inc rsv hosp,hosp,2026-05-30,2026-06-13,CEPH-Rtrend_rsv,0,0,0,0,0,1,2,0,0,0,0,0,1,2,0,0,0,0,0,0.07135176634865184,0.14270353269730368,0,0,0,0,0,0.07,0.14,TRUE,FALSE,CEPH Lab at Indiana University,2026-05-27,Rtrend RSV
New Hampshire,NH,0,wk inc rsv prop ed visits,prop_ed,2026-05-30,2026-05-30,CFA_Pyrenew-Pyrenew_E_RSV,0,1.417748660161632e-4,2.781909751185256e-4,4.3628606586388556e-4,6.325684127151142e-4,8.803720776129171e-4,0.0011753511508640901,0,1.4e-4,2.8e-4,4.4e-4,6.3e-4,8.8e-4,0.0012,NA,NA,NA,NA,NA,NA,NA,NA,NA,NA,NA,NA,NA,NA,TRUE,FALSE,Center for Forecasting and Outbreak Analytics (CFA/CDC) Pyrenew team,2026-05-27,Pyrenew_ED_Visits_RSV
New Hampshire,NH,1,wk inc rsv prop ed visits,prop_ed,2026-05-30,2026-06-06,CFA_Pyrenew-Pyrenew_E_RSV,0,0,1.4651302275886204e-4,2.98126497205364e-4,4.7220455538860755e-4,7.664749140882856e-4,0.0011074300817401868,0,0,1.5e-4,3e-4,4.7e-4,7.7e-4,0.0011,NA,NA,NA,NA,NA,NA,NA,NA,NA,NA,NA,NA,NA,NA,TRUE,FALSE,Center for Forecasting and Outbreak Analytics (CFA/CDC) Pyrenew team,2026-05-27,Pyrenew_ED_Visits_RSV
New Hampshire,NH,0,wk inc rsv hosp,hosp,2026-05-30,2026-05-30,CFA_Pyrenew-Pyrenew_HE_RSV,0,1,2,3,5,7,8,0,1,2,3,5,7,8,0,0.07135176634865184,0.14270353269730368,0.21405529904595555,0.35675883174325923,0.4994623644405629,0.5708141307892147,0,0.07,0.14,0.21,0.36,0.5,0.57,TRUE,FALSE,Center for Forecasting and Outbreak Analytics (CFA/CDC) Pyrenew team,2026-05-27,Pyrenew_Hospital_Admissions_ED_Visits_RSV
New Hampshire,NH,1,wk inc rsv hosp,hosp,2026-05-30,2026-06-06,CFA_Pyrenew-Pyrenew_HE_RSV,0,1,1,2,4,5,7,0,1,1,2,4,5,7,0,0.07135176634865184,0.07135176634865184,0.14270353269730368,0.28540706539460736,0.35675883174325923,0.4994623644405629,0,0.07,0.07,0.14,0.29,0.36,0.5,TRUE,FALSE,Center for Forecasting and Outbreak Analytics (CFA/CDC) Pyrenew team,2026-05-27,Pyrenew_Hospital_Admissions_ED_Visits_RSV
New Hampshire,NH,0,wk inc rsv prop ed visits,prop_ed,2026-05-30,2026-05-30,CFA_Pyrenew-Pyrenew_HE_RSV,0,0,1.485411831807858e-4,3.021390781566992e-4,5.765999818690595e-4,7.472344964365291e-4,0.0010488710364764705,0,0,1.5e-4,3e-4,5.8e-4,7.5e-4,0.001,NA,NA,NA,NA,NA,NA,NA,NA,NA,NA,NA,NA,NA,NA,FALSE,FALSE,Center for Forecasting and Outbreak Analytics (CFA/CDC) Pyrenew team,2026-05-27,Pyrenew_Hospital_Admissions_ED_Visits_RSV
New Hampshire,NH,1,wk inc rsv prop ed visits,prop_ed,2026-05-30,2026-06-06,CFA_Pyrenew-Pyrenew_HE_RSV,0,0,1.400164482958731e-4,2.6973380001676646e-4,4.3474274830554725e-4,6.130805895618828e-4,9.237272345737851e-4,0,0,1.4e-4,2.7e-4,4.3e-4,6.1e-4,9.2e-4,NA,NA,NA,NA,NA,NA,NA,NA,NA,NA,NA,NA,NA,NA,FALSE,FALSE,Center for Forecasting and Outbreak Analytics (CFA/CDC) Pyrenew team,2026-05-27,Pyrenew_Hospital_Admissions_ED_Visits_RSV
New Hampshire,NH,0,wk inc rsv hosp,hosp,2026-05-30,2026-05-30,CFA_Pyrenew-Pyrenew_H_RSV,0,0,1,2,4,6,8,0,0,1,2,4,6,8,0,0,0.07135176634865184,0.14270353269730368,0.28540706539460736,0.4281105980919111,0.5708141307892147,0,0,0.07,0.14,0.29,0.43,0.57,FALSE,FALSE,Center for Forecasting and Outbreak Analytics (CFA/CDC) Pyrenew team,2026-05-27,Pyrenew_Hospital_Admissions_RSV
New Hampshire,NH,1,wk inc rsv hosp,hosp,2026-05-30,2026-06-06,CFA_Pyrenew-Pyrenew_H_RSV,0,0,1,2,3,5,7,0,0,1,2,3,5,7,0,0,0.07135176634865184,0.14270353269730368,0.21405529904595555,0.35675883174325923,0.4994623644405629,0,0,0.07,0.14,0.21,0.36,0.5,FALSE,FALSE,Center for Forecasting and Outbreak Analytics (CFA/CDC) Pyrenew team,2026-05-27,Pyrenew_Hospital_Admissions_RSV
New Hampshire,NH,0,wk inc rsv hosp,hosp,2026-05-30,2026-05-30,Google_SAI-RSVEns,0,0.5,1,3,4.5,7.5,12.5,0,1,1,3,5,8,10,0,0.03567588317432592,0.07135176634865184,0.21405529904595555,0.3210829485689333,0.5351382476148888,0.891897079358148,0,0.04,0.07,0.21,0.32,0.54,0.89,TRUE,FALSE,Google Science AI,2026-05-27,RSVEnsemble
New Hampshire,NH,1,wk inc rsv hosp,hosp,2026-05-30,2026-06-06,Google_SAI-RSVEns,0,0,0.5,2,3.5,5.5,8,0,0,1,2,4,6,8,0,0,0.03567588317432592,0.14270353269730368,0.24973118222028146,0.39243471491758514,0.5708141307892147,0,0,0.04,0.14,0.25,0.39,0.57,TRUE,FALSE,Google Science AI,2026-05-27,RSVEnsemble
New Hampshire,NH,2,wk inc rsv hosp,hosp,2026-05-30,2026-06-13,Google_SAI-RSVEns,0,0,0.5,1.5,2.5,4,6,0,0,1,2,3,4,6,0,0,0.03567588317432592,0.10702764952297777,0.17837941587162962,0.28540706539460736,0.4281105980919111,0,0,0.04,0.11,0.18,0.29,0.43,TRUE,FALSE,Google Science AI,2026-05-27,RSVEnsemble
New Hampshire,NH,0,wk inc rsv hosp,hosp,2026-05-30,2026-05-30,RSVHub-baseline,0,0,3,5,7,14.100000000000001,19.02499999999998,0,0,3,5,7,10,20,0,0,0.21405529904595555,0.35675883174325923,0.4994623644405629,1.0060599055159911,1.3574673547831,0,0,0.21,0.36,0.5,1.01,1.36,FALSE,FALSE,RSVHub-hub-models,2026-05-27,RSVHub baseline model
New Hampshire,NH,1,wk inc rsv hosp,hosp,2026-05-30,2026-06-06,RSVHub-baseline,0,0,1,5,10.342243422434237,17,24.09644271442714,0,0,1,5,10,20,20,0,0,0.07135176634865184,0.35675883174325923,0.7379373361984091,1.2129800279270813,1.7193237503934793,0,0,0.07,0.36,0.74,1.21,1.72,FALSE,FALSE,RSVHub-hub-models,2026-05-27,RSVHub baseline model
New Hampshire,NH,2,wk inc rsv hosp,hosp,2026-05-30,2026-06-13,RSVHub-baseline,0,0,0,5,12.409841598415987,19.30836708367085,27.92027420274203,0,0,0,5,10,20,30,0,0,0,0.35675883174325923,0.8854641181539576,1.3776860967280826,1.992160881304341,0,0,0,0.36,0.89,1.38,1.99,FALSE,FALSE,RSVHub-hub-models,2026-05-27,RSVHub baseline model
New Hampshire,NH,0,wk inc rsv prop ed visits,prop_ed,2026-05-30,2026-05-30,RSVHub-baseline,0,0,3.0000000000000014e-4,7.000000000000001e-4,0.0011,0.002,0.0044,0,0,3e-4,7e-4,0.0011,0.002,0.0044,NA,NA,NA,NA,NA,NA,NA,NA,NA,NA,NA,NA,NA,NA,FALSE,FALSE,RSVHub-hub-models,2026-05-27,RSVHub baseline model
New Hampshire,NH,1,wk inc rsv prop ed visits,prop_ed,2026-05-30,2026-06-06,RSVHub-baseline,0,0,1e-4,7.000000000000001e-4,0.0015999999999999994,0.003085452354523546,0.005349159641596411,0,0,1e-4,7e-4,0.0016,0.0031,0.0053,NA,NA,NA,NA,NA,NA,NA,NA,NA,NA,NA,NA,NA,NA,FALSE,FALSE,RSVHub-hub-models,2026-05-27,RSVHub baseline model
New Hampshire,NH,2,wk inc rsv prop ed visits,prop_ed,2026-05-30,2026-06-13,RSVHub-baseline,0,0,0,7.000000000000001e-4,0.0018977599775997765,0.003754051240512403,0.005902490199901992,0,0,0,7e-4,0.0019,0.0038,0.0059,NA,NA,NA,NA,NA,NA,NA,NA,NA,NA,NA,NA,NA,NA,FALSE,FALSE,RSVHub-hub-models,2026-05-27,RSVHub baseline model
New Hampshire,NH,0,wk inc rsv hosp,hosp,2026-05-30,2026-05-30,UGA_flucast-INFLAenza,0,0,1,2,4,6,9,0,0,1,2,4,6,9,0,0,0.07135176634865184,0.14270353269730368,0.28540706539460736,0.4281105980919111,0.6421658971378666,0,0,0.07,0.14,0.29,0.43,0.64,TRUE,FALSE,UGA_flucast,2026-05-27,INFLAenza
New Hampshire,NH,1,wk inc rsv hosp,hosp,2026-05-30,2026-06-06,UGA_flucast-INFLAenza,0,0,1,2,3,5,8,0,0,1,2,3,5,8,0,0,0.07135176634865184,0.14270353269730368,0.21405529904595555,0.35675883174325923,0.5708141307892147,0,0,0.07,0.14,0.21,0.36,0.57,TRUE,FALSE,UGA_flucast,2026-05-27,INFLAenza
New Hampshire,NH,2,wk inc rsv hosp,hosp,2026-05-30,2026-06-13,UGA_flucast-INFLAenza,0,0,1,1,3,4,7,0,0,1,1,3,4,7,0,0,0.07135176634865184,0.07135176634865184,0.21405529904595555,0.28540706539460736,0.4994623644405629,0,0,0.07,0.07,0.21,0.29,0.5,TRUE,FALSE,UGA_flucast,2026-05-27,INFLAenza
New Hampshire,NH,0,wk inc rsv prop ed visits,prop_ed,2026-05-30,2026-05-30,UGA_flucast-INFLAenza,1.7326504792927614e-4,2.707075796190347e-4,3.8864004498241525e-4,5.41721120457054e-4,7.34444731848122e-4,9.387184372176866e-4,0.0012312073420658722,1.7e-4,2.7e-4,3.9e-4,5.4e-4,7.3e-4,9.4e-4,0.0012,NA,NA,NA,NA,NA,NA,NA,NA,NA,NA,NA,NA,NA,NA,TRUE,FALSE,UGA_flucast,2026-05-27,INFLAenza
New Hampshire,NH,1,wk inc rsv prop ed visits,prop_ed,2026-05-30,2026-06-06,UGA_flucast-INFLAenza,1.34143580956731e-4,2.12504210468454e-4,3.213277432698262e-4,4.8127556944771937e-4,6.8765903945805e-4,8.895799292739039e-4,0.0011794925625914583,1.3e-4,2.1e-4,3.2e-4,4.8e-4,6.9e-4,8.9e-4,0.0012,NA,NA,NA,NA,NA,NA,NA,NA,NA,NA,NA,NA,NA,NA,TRUE,FALSE,UGA_flucast,2026-05-27,INFLAenza
New Hampshire,NH,2,wk inc rsv prop ed visits,prop_ed,2026-05-30,2026-06-13,UGA_flucast-INFLAenza,9.446936759882514e-5,1.807288777877965e-4,2.8284228035082323e-4,4.335480267217952e-4,6.345586160620839e-4,8.563461812372156e-4,0.0011591583945689714,9.4e-5,1.8e-4,2.8e-4,4.3e-4,6.3e-4,8.6e-4,0.0012,NA,NA,NA,NA,NA,NA,NA,NA,NA,NA,NA,NA,NA,NA,TRUE,FALSE,UGA_flucast,2026-05-27,INFLAenza
New Hampshire,NH,0,wk inc rsv hosp,hosp,2026-05-30,2026-05-30,RSVHub-ensemble,0,0.25,1,2.5,4.25,6.5,8.5,0,0,1,3,4,7,9,0,0.01783794158716296,0.07135176634865184,0.17837941587162962,0.3032450069817703,0.46378648126623695,0.6064900139635406,0,0.02,0.07,0.18,0.3,0.46,0.61,FALSE,TRUE,RSVHub,2026-05-27,Ensemble using RSVHub forecast submissions
New Hampshire,NH,1,wk inc rsv hosp,hosp,2026-05-30,2026-06-06,RSVHub-ensemble,0,0,0.75,2,3.25,5,7.5,0,0,1,2,3,5,8,0,0,0.05351382476148889,0.14270353269730368,0.23189324063311847,0.35675883174325923,0.5351382476148888,0,0,0.05,0.14,0.23,0.36,0.54,FALSE,TRUE,RSVHub,2026-05-27,Ensemble using RSVHub forecast submissions
New Hampshire,NH,2,wk inc rsv hosp,hosp,2026-05-30,2026-06-13,RSVHub-ensemble,0,0,0.5,1,2.5,4,6,0,0,1,1,3,4,6,0,0,0.03567588317432592,0.07135176634865184,0.17837941587162962,0.28540706539460736,0.4281105980919111,0,0,0.04,0.07,0.18,0.29,0.43,FALSE,TRUE,RSVHub,2026-05-27,Ensemble using RSVHub forecast submissions
New Hampshire,NH,0,wk inc rsv prop ed visits,prop_ed,2026-05-30,2026-05-30,RSVHub-ensemble,8.663252396463807e-5,2.0624122281759895e-4,3.334155100504704e-4,4.890035931604698e-4,6.835065722816181e-4,9.095452574153018e-4,0.001203279246464981,8.7e-5,2.1e-4,3.3e-4,4.9e-4,6.8e-4,9.1e-4,0.0012,NA,NA,NA,NA,NA,NA,NA,NA,NA,NA,NA,NA,NA,NA,FALSE,TRUE,RSVHub,2026-05-27,Ensemble using RSVHub forecast submissions
New Hampshire,NH,1,wk inc rsv prop ed visits,prop_ed,2026-05-30,2026-06-06,RSVHub-ensemble,6.70717904783655e-5,1.06252105234227e-4,2.3392038301434413e-4,3.897010333265417e-4,5.799317974233288e-4,8.280274216810947e-4,0.0011434613221658226,6.7e-5,1.1e-4,2.3e-4,3.9e-4,5.8e-4,8.3e-4,0.0011,NA,NA,NA,NA,NA,NA,NA,NA,NA,NA,NA,NA,NA,NA,FALSE,TRUE,RSVHub,2026-05-27,Ensemble using RSVHub forecast submissions
New Jersey,NJ,0,wk inc rsv hosp,hosp,2026-05-30,2026-05-30,CEPH-Rtrend_rsv,4,8,14,22,35,53,76,4,8,10,20,40,50,80,0.04308732303093896,0.08617464606187791,0.15080563060828636,0.2369802766701643,0.3770140765207159,0.5709070301599412,0.8186591375878403,0.04,0.09,0.15,0.24,0.38,0.57,0.82,TRUE,FALSE,CEPH Lab at Indiana University,2026-05-27,Rtrend RSV
New Jersey,NJ,1,wk inc rsv hosp,hosp,2026-05-30,2026-06-06,CEPH-Rtrend_rsv,2,5,9,18,31,50,75,2,5,9,20,30,50,80,0.02154366151546948,0.0538591537886737,0.09694647681961266,0.19389295363922532,0.33392675348977696,0.5385915378867371,0.8078873068301055,0.02,0.05,0.1,0.19,0.33,0.54,0.81,TRUE,FALSE,CEPH Lab at Indiana University,2026-05-27,Rtrend RSV
New Jersey,NJ,2,wk inc rsv hosp,hosp,2026-05-30,2026-06-13,CEPH-Rtrend_rsv,1,3,6,13,26,45,70,1,3,6,10,30,50,70,0.01077183075773474,0.03231549227320422,0.06463098454640843,0.14003379985055162,0.28006759970110323,0.4847323840980633,0.7540281530414318,0.01,0.03,0.06,0.14,0.28,0.48,0.75,TRUE,FALSE,CEPH Lab at Indiana University,2026-05-27,Rtrend RSV
New Jersey,NJ,0,wk inc rsv prop ed visits,prop_ed,2026-05-30,2026-05-30,CFA_Pyrenew-Pyrenew_E_RSV,1.4224150598783595e-4,1.8726166237774413e-4,2.2918927215108675e-4,2.859208407547392e-4,3.527827600291663e-4,4.1621360013569246e-4,4.965907407796101e-4,1.4e-4,1.9e-4,2.3e-4,2.9e-4,3.5e-4,4.2e-4,5e-4,NA,NA,NA,NA,NA,NA,NA,NA,NA,NA,NA,NA,NA,NA,TRUE,FALSE,Center for Forecasting and Outbreak Analytics (CFA/CDC) Pyrenew team,2026-05-27,Pyrenew_ED_Visits_RSV
New Jersey,NJ,1,wk inc rsv prop ed visits,prop_ed,2026-05-30,2026-06-06,CFA_Pyrenew-Pyrenew_E_RSV,7.837438795840186e-5,1.1872918249102086e-4,1.6187785554449e-4,2.1651422928688186e-4,2.83147034464101e-4,3.5212123846606916e-4,4.3423070670215976e-4,7.8e-5,1.2e-4,1.6e-4,2.2e-4,2.8e-4,3.5e-4,4.3e-4,NA,NA,NA,NA,NA,NA,NA,NA,NA,NA,NA,NA,NA,NA,TRUE,FALSE,Center for Forecasting and Outbreak Analytics (CFA/CDC) Pyrenew team,2026-05-27,Pyrenew_ED_Visits_RSV
New Jersey,NJ,0,wk inc rsv hosp,hosp,2026-05-30,2026-05-30,CFA_Pyrenew-Pyrenew_HE_RSV,7,10,13,18,22,27,34,7,10,10,20,20,30,30,0.07540281530414318,0.1077183075773474,0.14003379985055162,0.19389295363922532,0.2369802766701643,0.290839430458838,0.36624224576298114,0.08,0.11,0.14,0.19,0.24,0.29,0.37,TRUE,FALSE,Center for Forecasting and Outbreak Analytics (CFA/CDC) Pyrenew team,2026-05-27,Pyrenew_Hospital_Admissions_ED_Visits_RSV
New Jersey,NJ,1,wk inc rsv hosp,hosp,2026-05-30,2026-06-06,CFA_Pyrenew-Pyrenew_HE_RSV,4,7,10,13,18,21,27,4,7,10,10,20,20,30,0.04308732303093896,0.07540281530414318,0.1077183075773474,0.14003379985055162,0.19389295363922532,0.22620844591242953,0.290839430458838,0.04,0.08,0.11,0.14,0.19,0.23,0.29,TRUE,FALSE,Center for Forecasting and Outbreak Analytics (CFA/CDC) Pyrenew team,2026-05-27,Pyrenew_Hospital_Admissions_ED_Visits_RSV
New Jersey,NJ,0,wk inc rsv prop ed visits,prop_ed,2026-05-30,2026-05-30,CFA_Pyrenew-Pyrenew_HE_RSV,1.4724299697521482e-4,1.939116402646891e-4,2.3723678712184529e-4,2.8960417629974867e-4,3.5567580870306454e-4,4.154901928599299e-4,4.820125803198744e-4,1.5e-4,1.9e-4,2.4e-4,2.9e-4,3.6e-4,4.2e-4,4.8e-4,NA,NA,NA,NA,NA,NA,NA,NA,NA,NA,NA,NA,NA,NA,FALSE,FALSE,Center for Forecasting and Outbreak Analytics (CFA/CDC) Pyrenew team,2026-05-27,Pyrenew_Hospital_Admissions_ED_Visits_RSV
New Jersey,NJ,1,wk inc rsv prop ed visits,prop_ed,2026-05-30,2026-06-06,CFA_Pyrenew-Pyrenew_HE_RSV,8.10158284313115e-5,1.211849118849676e-4,1.6367488354686481e-4,0.00022018306171580859,2.8630917394604225e-4,3.519938821684575e-4,4.306585351269068e-4,8.1e-5,1.2e-4,1.6e-4,2.2e-4,2.9e-4,3.5e-4,4.3e-4,NA,NA,NA,NA,NA,NA,NA,NA,NA,NA,NA,NA,NA,NA,FALSE,FALSE,Center for Forecasting and Outbreak Analytics (CFA/CDC) Pyrenew team,2026-05-27,Pyrenew_Hospital_Admissions_ED_Visits_RSV
New Jersey,NJ,0,wk inc rsv hosp,hosp,2026-05-30,2026-05-30,CFA_Pyrenew-Pyrenew_H_RSV,8,11,15,19,25,31,41,8,10,20,20,30,30,40,0.08617464606187791,0.11849013833508215,0.16157746136602108,0.20466478439696006,0.26929576894336854,0.33392675348977696,0.4416450610671243,0.09,0.12,0.16,0.2,0.27,0.33,0.44,FALSE,FALSE,Center for Forecasting and Outbreak Analytics (CFA/CDC) Pyrenew team,2026-05-27,Pyrenew_Hospital_Admissions_RSV
New Jersey,NJ,1,wk inc rsv hosp,hosp,2026-05-30,2026-06-06,CFA_Pyrenew-Pyrenew_H_RSV,4,7,11,16,22,31,43.024999999999864,4,7,10,20,20,30,40,0.04308732303093896,0.07540281530414318,0.11849013833508215,0.17234929212375583,0.2369802766701643,0.33392675348977696,0.4634580183515357,0.04,0.08,0.12,0.17,0.24,0.33,0.46,FALSE,FALSE,Center for Forecasting and Outbreak Analytics (CFA/CDC) Pyrenew team,2026-05-27,Pyrenew_Hospital_Admissions_RSV
New Jersey,NJ,0,wk inc rsv hosp,hosp,2026-05-30,2026-05-30,Google_SAI-RSVEns,8,15,17.5,22.5,26,34.5,52.5,8,20,20,20,30,30,50,0.08617464606187791,0.16157746136602108,0.18850703826035795,0.24236619204903165,0.28006759970110323,0.37162816114184855,0.5655211147810739,0.09,0.16,0.19,0.24,0.28,0.37,0.57,TRUE,FALSE,Google Science AI,2026-05-27,RSVEnsemble
New Jersey,NJ,1,wk inc rsv hosp,hosp,2026-05-30,2026-06-06,Google_SAI-RSVEns,7.5,11.5,14.5,18.5,23,31,46,8,10,10,20,20,30,50,0.08078873068301054,0.12387605371394951,0.15619154598715373,0.19927886901809266,0.24775210742789902,0.33392675348977696,0.49550421485579804,0.08,0.12,0.16,0.2,0.25,0.33,0.5,TRUE,FALSE,Google Science AI,2026-05-27,RSVEnsemble
New Jersey,NJ,2,wk inc rsv hosp,hosp,2026-05-30,2026-06-13,Google_SAI-RSVEns,7,11,14,15.5,17.5,23,35,7,10,10,20,20,20,40,0.07540281530414318,0.11849013833508215,0.15080563060828636,0.16696337674488848,0.18850703826035795,0.24775210742789902,0.3770140765207159,0.08,0.12,0.15,0.17,0.19,0.25,0.38,TRUE,FALSE,Google Science AI,2026-05-27,RSVEnsemble
New Jersey,NJ,0,wk inc rsv hosp,hosp,2026-05-30,2026-05-30,RSVHub-baseline,0,0,11.499999999999996,25,38.5,69.2,134.07499999999993,0,0,10,30,40,70,130,0,0,0.12387605371394947,0.26929576894336854,0.4147154841727875,0.745410688435244,1.4442332088432845,0,0,0.12,0.27,0.41,0.75,1.44,FALSE,FALSE,RSVHub-hub-models,2026-05-27,RSVHub baseline model
New Jersey,NJ,1,wk inc rsv hosp,hosp,2026-05-30,2026-06-06,RSVHub-baseline,0,0,2.93012930129302,25,52.743512435124345,91.4132931329314,144.3866753667537,0,0,3,30,50,90,140,0,0,0.03156285693180795,0.26929576894336854,0.5681441895196372,0.9846885226351323,1.5553088307226584,0,0,0.03,0.27,0.57,0.98,1.56,FALSE,FALSE,RSVHub-hub-models,2026-05-27,RSVHub baseline model
New Jersey,NJ,2,wk inc rsv hosp,hosp,2026-05-30,2026-06-13,RSVHub-baseline,0,0,0,25,62.672104221042275,110.23455434554353,161.1149476494766,0,0,0,30,60,110,160,0,0,0,0.26929576894336854,0.6750932999001804,1.1874279630645075,1.7355029486214546,0,0,0,0.27,0.68,1.19,1.74,FALSE,FALSE,RSVHub-hub-models,2026-05-27,RSVHub baseline model
New Jersey,NJ,0,wk inc rsv prop ed visits,prop_ed,2026-05-30,2026-05-30,RSVHub-baseline,0,0,9.999999999999999e-5,3e-4,5e-4,0.0010999999999999994,0.0021,0,0,1e-4,3e-4,5e-4,0.0011,0.0021,NA,NA,NA,NA,NA,NA,NA,NA,NA,NA,NA,NA,NA,NA,FALSE,FALSE,RSVHub-hub-models,2026-05-27,RSVHub baseline model
New Jersey,NJ,1,wk inc rsv prop ed visits,prop_ed,2026-05-30,2026-06-06,RSVHub-baseline,0,0,0,3e-4,7.999999999999994e-4,0.001569145591455917,0.002721327313273131,0,0,0,3e-4,8e-4,0.0016,0.0027,NA,NA,NA,NA,NA,NA,NA,NA,NA,NA,NA,NA,NA,NA,FALSE,FALSE,RSVHub-hub-models,2026-05-27,RSVHub baseline model
New Jersey,NJ,2,wk inc rsv prop ed visits,prop_ed,2026-05-30,2026-06-13,RSVHub-baseline,0,0,0,3e-4,9.999999999999998e-4,0.0019073402734027386,0.0030655969809698096,0,0,0,3e-4,0.001,0.0019,0.0031,NA,NA,NA,NA,NA,NA,NA,NA,NA,NA,NA,NA,NA,NA,FALSE,FALSE,RSVHub-hub-models,2026-05-27,RSVHub baseline model
New Jersey,NJ,0,wk inc rsv hosp,hosp,2026-05-30,2026-05-30,UGA_flucast-INFLAenza,4,7,10,15,21,28,39,4,7,10,20,20,30,40,0.04308732303093896,0.07540281530414318,0.1077183075773474,0.16157746136602108,0.22620844591242953,0.3016112612165727,0.4201013995516549,0.04,0.08,0.11,0.16,0.23,0.3,0.42,TRUE,FALSE,UGA_flucast,2026-05-27,INFLAenza
New Jersey,NJ,1,wk inc rsv hosp,hosp,2026-05-30,2026-06-06,UGA_flucast-INFLAenza,2,5,7,11,17,24,35,2,5,7,10,20,20,40,0.02154366151546948,0.0538591537886737,0.07540281530414318,0.11849013833508215,0.18312112288149057,0.25852393818563374,0.3770140765207159,0.02,0.05,0.08,0.12,0.18,0.26,0.38,TRUE,FALSE,UGA_flucast,2026-05-27,INFLAenza
New Jersey,NJ,2,wk inc rsv hosp,hosp,2026-05-30,2026-06-13,UGA_flucast-INFLAenza,1,3,5,9,14,20,32,1,3,5,9,10,20,30,0.01077183075773474,0.03231549227320422,0.0538591537886737,0.09694647681961266,0.15080563060828636,0.2154366151546948,0.34469858424751165,0.01,0.03,0.05,0.1,0.15,0.22,0.34,TRUE,FALSE,UGA_flucast,2026-05-27,INFLAenza
New Jersey,NJ,0,wk inc rsv prop ed visits,prop_ed,2026-05-30,2026-05-30,UGA_flucast-INFLAenza,9.109029730019184e-5,1.6046448365347732e-4,2.4402540441941246e-4,3.626778413027498e-4,5.152683775307251e-4,6.834949464839249e-4,8.738563069805287e-4,9.1e-5,1.6e-4,2.4e-4,3.6e-4,5.2e-4,6.8e-4,8.7e-4,NA,NA,NA,NA,NA,NA,NA,NA,NA,NA,NA,NA,NA,NA,TRUE,FALSE,UGA_flucast,2026-05-27,INFLAenza
New Jersey,NJ,1,wk inc rsv prop ed visits,prop_ed,2026-05-30,2026-06-06,UGA_flucast-INFLAenza,7.022657126148266e-5,1.272538758825701e-4,2.079501665170369e-4,3.289015238920343e-4,4.7833259275167434e-4,6.358140259807945e-4,8.685981030670222e-4,7e-5,1.3e-4,2.1e-4,3.3e-4,4.8e-4,6.4e-4,8.7e-4,NA,NA,NA,NA,NA,NA,NA,NA,NA,NA,NA,NA,NA,NA,TRUE,FALSE,UGA_flucast,2026-05-27,INFLAenza
New Jersey,NJ,2,wk inc rsv prop ed visits,prop_ed,2026-05-30,2026-06-13,UGA_flucast-INFLAenza,5.3009477252425534e-5,1.1034835438246582e-4,1.8436211589971317e-4,2.9837170889392725e-4,4.4767845965526206e-4,6.257805287267185e-4,8.743874497379982e-4,5.3e-5,1.1e-4,1.8e-4,3e-4,4.5e-4,6.3e-4,8.7e-4,NA,NA,NA,NA,NA,NA,NA,NA,NA,NA,NA,NA,NA,NA,TRUE,FALSE,UGA_flucast,2026-05-27,INFLAenza
New Jersey,NJ,0,wk inc rsv hosp,hosp,2026-05-30,2026-05-30,RSVHub-ensemble,5.5,9,13.5,20,24,31.25,45.75,6,9,10,20,20,30,50,0.059245069167541076,0.09694647681961266,0.145419715229419,0.2154366151546948,0.25852393818563374,0.33661971117921063,0.49281125716636437,0.06,0.1,0.15,0.22,0.26,0.34,0.49,FALSE,TRUE,RSVHub,2026-05-27,Ensemble using RSVHub forecast submissions
New Jersey,NJ,1,wk inc rsv hosp,hosp,2026-05-30,2026-06-06,RSVHub-ensemble,3,6,9.5,15.5,20.5,27.5,40.5,3,6,10,20,20,30,40,0.03231549227320422,0.06463098454640843,0.10233239219848003,0.16696337674488848,0.22082253053356216,0.2962253458377054,0.436259145688257,0.03,0.06,0.1,0.17,0.22,0.3,0.44,FALSE,TRUE,RSVHub,2026-05-27,Ensemble using RSVHub forecast submissions
New Jersey,NJ,2,wk inc rsv hosp,hosp,2026-05-30,2026-06-13,RSVHub-ensemble,1,3,6,13,17.5,23,35,1,3,6,10,20,20,40,0.01077183075773474,0.03231549227320422,0.06463098454640843,0.14003379985055162,0.18850703826035795,0.24775210742789902,0.3770140765207159,0.01,0.03,0.06,0.14,0.19,0.25,0.38,FALSE,TRUE,RSVHub,2026-05-27,Ensemble using RSVHub forecast submissions
New Jersey,NJ,0,wk inc rsv prop ed visits,prop_ed,2026-05-30,2026-05-30,RSVHub-ensemble,1.166659016440139e-4,1.7386307301561071e-4,2.366073382852496e-4,3.2429934102874453e-4,4.340255687799457e-4,5.498542733098086e-4,6.852235238800693e-4,1.2e-4,1.7e-4,2.4e-4,3.2e-4,4.3e-4,5.5e-4,6.9e-4,NA,NA,NA,NA,NA,NA,NA,NA,NA,NA,NA,NA,NA,NA,FALSE,TRUE,RSVHub,2026-05-27,Ensemble using RSVHub forecast submissions
New Jersey,NJ,1,wk inc rsv prop ed visits,prop_ed,2026-05-30,2026-06-06,RSVHub-ensemble,7.430047960994226e-5,1.229915291867955e-4,1.8491401103076346e-4,2.727078765894581e-4,3.8073981360788766e-4,4.939676322234318e-4,6.51414404884591e-4,7.4e-5,1.2e-4,1.8e-4,2.7e-4,3.8e-4,4.9e-4,6.5e-4,NA,NA,NA,NA,NA,NA,NA,NA,NA,NA,NA,NA,NA,NA,FALSE,TRUE,RSVHub,2026-05-27,Ensemble using RSVHub forecast submissions
New Mexico,NM,0,wk inc rsv hosp,hosp,2026-05-30,2026-05-30,CEPH-Rtrend_rsv,0,0,1,2,4,8,13,0,0,1,2,4,8,10,0,0,0.04759733416850789,0.09519466833701579,0.19038933667403157,0.38077867334806315,0.6187653441906026,0,0,0.05,0.1,0.19,0.38,0.62,TRUE,FALSE,CEPH Lab at Indiana University,2026-05-27,Rtrend RSV
New Mexico,NM,1,wk inc rsv hosp,hosp,2026-05-30,2026-06-06,CEPH-Rtrend_rsv,0,0,0,1,3,7,12,0,0,0,1,3,7,10,0,0,0,0.04759733416850789,0.14279200250552368,0.3331813391795552,0.5711680100220947,0,0,0,0.05,0.14,0.33,0.57,TRUE,FALSE,CEPH Lab at Indiana University,2026-05-27,Rtrend RSV
New Mexico,NM,2,wk inc rsv hosp,hosp,2026-05-30,2026-06-13,CEPH-Rtrend_rsv,0,0,0,1,3,6,11,0,0,0,1,3,6,10,0,0,0,0.04759733416850789,0.14279200250552368,0.28558400501104736,0.5235706758535867,0,0,0,0.05,0.14,0.29,0.52,TRUE,FALSE,CEPH Lab at Indiana University,2026-05-27,Rtrend RSV
New Mexico,NM,0,wk inc rsv prop ed visits,prop_ed,2026-05-30,2026-05-30,CFA_Pyrenew-Pyrenew_E_RSV,1.7702360043687543e-4,2.5031704243871005e-4,3.7112125965068005e-4,5.438745494880325e-4,7.204961208304396e-4,9.278993776834177e-4,0.0011928749169799206,1.8e-4,2.5e-4,3.7e-4,5.4e-4,7.2e-4,0.00093000000000000005,0.0012,NA,NA,NA,NA,NA,NA,NA,NA,NA,NA,NA,NA,NA,NA,TRUE,FALSE,Center for Forecasting and Outbreak Analytics (CFA/CDC) Pyrenew team,2026-05-27,Pyrenew_ED_Visits_RSV
New Mexico,NM,1,wk inc rsv prop ed visits,prop_ed,2026-05-30,2026-06-06,CFA_Pyrenew-Pyrenew_E_RSV,6.0630066007266114e-5,1.7710845654720254e-4,2.6080394898186096e-4,4.2630916574688983e-4,6.094407404926597e-4,8.864657339813269e-4,0.0012592770686312362,6.1e-5,1.8e-4,2.6e-4,4.3e-4,6.1e-4,8.9e-4,0.0013,NA,NA,NA,NA,NA,NA,NA,NA,NA,NA,NA,NA,NA,NA,TRUE,FALSE,Center for Forecasting and Outbreak Analytics (CFA/CDC) Pyrenew team,2026-05-27,Pyrenew_ED_Visits_RSV
New Mexico,NM,0,wk inc rsv hosp,hosp,2026-05-30,2026-05-30,CFA_Pyrenew-Pyrenew_HE_RSV,1,2,3,5,7,9,11,1,2,3,5,7,9,10,0.04759733416850789,0.09519466833701579,0.14279200250552368,0.23798667084253947,0.3331813391795552,0.42837600751657096,0.5235706758535867,0.05,0.1,0.14,0.24,0.33,0.43,0.52,TRUE,FALSE,Center for Forecasting and Outbreak Analytics (CFA/CDC) Pyrenew team,2026-05-27,Pyrenew_Hospital_Admissions_ED_Visits_RSV
New Mexico,NM,1,wk inc rsv hosp,hosp,2026-05-30,2026-06-06,CFA_Pyrenew-Pyrenew_HE_RSV,0,1,2,4,5,7,11,0,1,2,4,5,7,10,0,0.04759733416850789,0.09519466833701579,0.19038933667403157,0.23798667084253947,0.3331813391795552,0.5235706758535867,0,0.05,0.1,0.19,0.24,0.33,0.52,TRUE,FALSE,Center for Forecasting and Outbreak Analytics (CFA/CDC) Pyrenew team,2026-05-27,Pyrenew_Hospital_Admissions_ED_Visits_RSV
New Mexico,NM,0,wk inc rsv prop ed visits,prop_ed,2026-05-30,2026-05-30,CFA_Pyrenew-Pyrenew_HE_RSV,1.2158957065408082e-4,2.384068203831912e-4,3.134323255207996e-4,4.486499695676676e-4,6.247160448510613e-4,8.071279783802754e-4,0.0010302546989187462,1.2e-4,2.4e-4,3.1e-4,4.5e-4,6.2e-4,8.1e-4,0.001,NA,NA,NA,NA,NA,NA,NA,NA,NA,NA,NA,NA,NA,NA,FALSE,FALSE,Center for Forecasting and Outbreak Analytics (CFA/CDC) Pyrenew team,2026-05-27,Pyrenew_Hospital_Admissions_ED_Visits_RSV
New Mexico,NM,1,wk inc rsv prop ed visits,prop_ed,2026-05-30,2026-06-06,CFA_Pyrenew-Pyrenew_HE_RSV,6.041469255108812e-5,1.231305141568954e-4,2.358445374360821e-4,3.6439826732532186e-4,5.391783755934944e-4,7.450332401005949e-4,0.001051392728964672,6e-5,1.2e-4,2.4e-4,3.6e-4,5.4e-4,7.5e-4,0.0011,NA,NA,NA,NA,NA,NA,NA,NA,NA,NA,NA,NA,NA,NA,FALSE,FALSE,Center for Forecasting and Outbreak Analytics (CFA/CDC) Pyrenew team,2026-05-27,Pyrenew_Hospital_Admissions_ED_Visits_RSV
New Mexico,NM,0,wk inc rsv hosp,hosp,2026-05-30,2026-05-30,CFA_Pyrenew-Pyrenew_H_RSV,0,1,1,3,4,6,9,0,1,1,3,4,6,9,0,0.04759733416850789,0.04759733416850789,0.14279200250552368,0.19038933667403157,0.28558400501104736,0.42837600751657096,0,0.05,0.05,0.14,0.19,0.29,0.43,FALSE,FALSE,Center for Forecasting and Outbreak Analytics (CFA/CDC) Pyrenew team,2026-05-27,Pyrenew_Hospital_Admissions_RSV
New Mexico,NM,1,wk inc rsv hosp,hosp,2026-05-30,2026-06-06,CFA_Pyrenew-Pyrenew_H_RSV,0,0,1,2,3,5,8,0,0,1,2,3,5,8,0,0,0.04759733416850789,0.09519466833701579,0.14279200250552368,0.23798667084253947,0.38077867334806315,0,0,0.05,0.1,0.14,0.24,0.38,FALSE,FALSE,Center for Forecasting and Outbreak Analytics (CFA/CDC) Pyrenew team,2026-05-27,Pyrenew_Hospital_Admissions_RSV
New Mexico,NM,0,wk inc rsv hosp,hosp,2026-05-30,2026-05-30,Google_SAI-RSVEns,0,0.5,2,3.5,5.5,9.5,15.5,0,1,2,4,6,10,20,0,0.023798667084253947,0.09519466833701579,0.1665906695897776,0.26178533792679337,0.45217467460082494,0.7377586796118722,0,0.02,0.1,0.17,0.26,0.45,0.74,TRUE,FALSE,Google Science AI,2026-05-27,RSVEnsemble
New Mexico,NM,1,wk inc rsv hosp,hosp,2026-05-30,2026-06-06,Google_SAI-RSVEns,0,0.5,1.5,3,3,5,7,0,1,2,3,3,5,7,0,0.023798667084253947,0.07139600125276184,0.14279200250552368,0.14279200250552368,0.23798667084253947,0.3331813391795552,0,0.02,0.07,0.14,0.14,0.24,0.33,TRUE,FALSE,Google Science AI,2026-05-27,RSVEnsemble
New Mexico,NM,2,wk inc rsv hosp,hosp,2026-05-30,2026-06-13,Google_SAI-RSVEns,0,0,1,2,3,4.5,7,0,0,1,2,3,5,7,0,0,0.04759733416850789,0.09519466833701579,0.14279200250552368,0.21418800375828548,0.3331813391795552,0,0,0.05,0.1,0.14,0.21,0.33,TRUE,FALSE,Google Science AI,2026-05-27,RSVEnsemble
New Mexico,NM,0,wk inc rsv hosp,hosp,2026-05-30,2026-05-30,RSVHub-baseline,0,0,2.7499999999999982,5,7.25,19,34.04999999999996,0,0,3,5,7,20,30,0,0,0.1308926689633966,0.23798667084253947,0.34508067272168225,0.9043493492016499,1.620689228437692,0,0,0.13,0.24,0.35,0.9,1.62,FALSE,FALSE,RSVHub-hub-models,2026-05-27,RSVHub baseline model
New Mexico,NM,1,wk inc rsv hosp,hosp,2026-05-30,2026-06-06,RSVHub-baseline,0,0,0.9605721057210586,5,12,27.752263522635246,44.3739717397174,0,0,1,5,10,30,40,0,0,0.045720671508952516,0.23798667084253947,0.5711680100220947,1.3209337608193616,2.1120827612792543,0,0,0.05,0.24,0.57,1.32,2.11,FALSE,FALSE,RSVHub-hub-models,2026-05-27,RSVHub baseline model
New Mexico,NM,2,wk inc rsv hosp,hosp,2026-05-30,2026-06-13,RSVHub-baseline,0,0,0,5,15.626353763537644,31.9207302073021,53.9615763657636,0,0,0,5,20,30,50,0,0,0,0.23798667084253947,0.7437727819184221,1.519341662579742,2.5684271825407077,0,0,0,0.24,0.74,1.52,2.57,FALSE,FALSE,RSVHub-hub-models,2026-05-27,RSVHub baseline model
New Mexico,NM,0,wk inc rsv prop ed visits,prop_ed,2026-05-30,2026-05-30,RSVHub-baseline,0,0,4.000000000000002e-4,7.000000000000001e-4,0.001,0.0022100000000000045,0.005,0,0,4e-4,7e-4,0.001,0.0022,0.005,NA,NA,NA,NA,NA,NA,NA,NA,NA,NA,NA,NA,NA,NA,FALSE,FALSE,RSVHub-hub-models,2026-05-27,RSVHub baseline model
New Mexico,NM,1,wk inc rsv prop ed visits,prop_ed,2026-05-30,2026-06-06,RSVHub-baseline,0,0,1e-4,7.000000000000001e-4,0.0016,0.0037869532695327,0.007438558235582376,0,0,1e-4,7e-4,0.0016,0.0038,0.0074,NA,NA,NA,NA,NA,NA,NA,NA,NA,NA,NA,NA,NA,NA,FALSE,FALSE,RSVHub-hub-models,2026-05-27,RSVHub baseline model
New Mexico,NM,2,wk inc rsv prop ed visits,prop_ed,2026-05-30,2026-06-13,RSVHub-baseline,0,0,0,7.000000000000001e-4,0.002095570705707056,0.0045000000000000005,0.00864546600466004,0,0,0,7e-4,0.0021,0.0045,0.0086,NA,NA,NA,NA,NA,NA,NA,NA,NA,NA,NA,NA,NA,NA,FALSE,FALSE,RSVHub-hub-models,2026-05-27,RSVHub baseline model
New Mexico,NM,0,wk inc rsv hosp,hosp,2026-05-30,2026-05-30,UGA_flucast-INFLAenza,0,1,2,3,5,7,10,0,1,2,3,5,7,10,0,0.04759733416850789,0.09519466833701579,0.14279200250552368,0.23798667084253947,0.3331813391795552,0.47597334168507893,0,0.05,0.1,0.14,0.24,0.33,0.48,TRUE,FALSE,UGA_flucast,2026-05-27,INFLAenza
New Mexico,NM,1,wk inc rsv hosp,hosp,2026-05-30,2026-06-06,UGA_flucast-INFLAenza,0,0,1,2,4,6,9,0,0,1,2,4,6,9,0,0,0.04759733416850789,0.09519466833701579,0.19038933667403157,0.28558400501104736,0.42837600751657096,0,0,0.05,0.1,0.19,0.29,0.43,TRUE,FALSE,UGA_flucast,2026-05-27,INFLAenza
New Mexico,NM,2,wk inc rsv hosp,hosp,2026-05-30,2026-06-13,UGA_flucast-INFLAenza,0,0,1,2,3,5,8,0,0,1,2,3,5,8,0,0,0.04759733416850789,0.09519466833701579,0.14279200250552368,0.23798667084253947,0.38077867334806315,0,0,0.05,0.1,0.14,0.24,0.38,TRUE,FALSE,UGA_flucast,2026-05-27,INFLAenza
New Mexico,NM,0,wk inc rsv prop ed visits,prop_ed,2026-05-30,2026-05-30,UGA_flucast-INFLAenza,1.603052915990377e-4,2.6059603501317875e-4,3.778239597707639e-4,5.340976805470118e-4,7.234872959287689e-4,9.233579080928712e-4,0.0011950737361010734,1.6e-4,2.6e-4,3.8e-4,5.3e-4,7.2e-4,9.2e-4,0.0012,NA,NA,NA,NA,NA,NA,NA,NA,NA,NA,NA,NA,NA,NA,TRUE,FALSE,UGA_flucast,2026-05-27,INFLAenza
New Mexico,NM,1,wk inc rsv prop ed visits,prop_ed,2026-05-30,2026-06-06,UGA_flucast-INFLAenza,1.23832877866303e-4,2.125843195295657e-4,3.1808866126560245e-4,4.704356466388728e-4,6.691620535531081e-4,8.883092564323754e-4,0.0011673054099747913,1.2e-4,2.1e-4,3.2e-4,4.7e-4,6.7e-4,8.9e-4,0.0012,NA,NA,NA,NA,NA,NA,NA,NA,NA,NA,NA,NA,NA,NA,TRUE,FALSE,UGA_flucast,2026-05-27,INFLAenza
New Mexico,NM,2,wk inc rsv prop ed visits,prop_ed,2026-05-30,2026-06-13,UGA_flucast-INFLAenza,8.998716095449877e-5,1.812136470217658e-4,2.844508409700111e-4,4.330190187052482e-4,6.196213875952868e-4,8.42370120438236e-4,0.001164410251850502,9e-5,1.8e-4,2.8e-4,4.3e-4,6.2e-4,8.4e-4,0.0012,NA,NA,NA,NA,NA,NA,NA,NA,NA,NA,NA,NA,NA,NA,TRUE,FALSE,UGA_flucast,2026-05-27,INFLAenza
New Mexico,NM,0,wk inc rsv hosp,hosp,2026-05-30,2026-05-30,RSVHub-ensemble,0,0.75,2,3.25,5.25,8.5,12,0,1,2,3,5,9,10,0,0.03569800062638092,0.09519466833701579,0.15469133604765065,0.24988600438466643,0.4045773404323171,0.5711680100220947,0,0.04,0.1,0.15,0.25,0.4,0.57,FALSE,TRUE,RSVHub,2026-05-27,Ensemble using RSVHub forecast submissions
New Mexico,NM,1,wk inc rsv hosp,hosp,2026-05-30,2026-06-06,RSVHub-ensemble,0,0.25,1.25,2.5,3.5,6.5,10,0,0,1,3,4,7,10,0,0.011899333542126973,0.059496667710634867,0.11899333542126973,0.1665906695897776,0.3093826720953013,0.47597334168507893,0,0.01,0.06,0.12,0.17,0.31,0.48,FALSE,TRUE,RSVHub,2026-05-27,Ensemble using RSVHub forecast submissions
New Mexico,NM,2,wk inc rsv hosp,hosp,2026-05-30,2026-06-13,RSVHub-ensemble,0,0,1,2,3,5,8,0,0,1,2,3,5,8,0,0,0.04759733416850789,0.09519466833701579,0.14279200250552368,0.23798667084253947,0.38077867334806315,0,0,0.05,0.1,0.14,0.24,0.38,FALSE,TRUE,RSVHub,2026-05-27,Ensemble using RSVHub forecast submissions
New Mexico,NM,0,wk inc rsv prop ed visits,prop_ed,2026-05-30,2026-05-30,RSVHub-ensemble,1.6866444601795657e-4,2.5545653872594443e-4,3.7447260971072195e-4,5.389861150175222e-4,7.219917083796043e-4,9.256286428881444e-4,0.0011939743265404969,1.7e-4,2.6e-4,3.7e-4,5.4e-4,7.2e-4,0.00093000000000000005,0.0012,NA,NA,NA,NA,NA,NA,NA,NA,NA,NA,NA,NA,NA,NA,FALSE,TRUE,RSVHub,2026-05-27,Ensemble using RSVHub forecast submissions
New Mexico,NM,1,wk inc rsv prop ed visits,prop_ed,2026-05-30,2026-06-06,RSVHub-ensemble,9.223147193678455e-5,1.9484638803838412e-4,2.894463051237317e-4,4.4837240619288136e-4,6.393013970228839e-4,8.873874952068511e-4,0.0012132912393030136,9.2e-5,1.9e-4,2.9e-4,4.5e-4,6.4e-4,8.9e-4,0.0012,NA,NA,NA,NA,NA,NA,NA,NA,NA,NA,NA,NA,NA,NA,FALSE,TRUE,RSVHub,2026-05-27,Ensemble using RSVHub forecast submissions
New York,NY,0,wk inc rsv hosp,hosp,2026-05-30,2026-05-30,CEPH-Rtrend_rsv,9,18,32,50,79,114,155,9,20,30,50,80,110,160,0.04603129432430049,0.09206258864860098,0.16366682426417953,0.2557294129127805,0.4040524724021932,0.5830630614411395,0.7927611800296195,0.05,0.09,0.16,0.26,0.4,0.58,0.79,TRUE,FALSE,CEPH Lab at Indiana University,2026-05-27,Rtrend RSV
New York,NY,1,wk inc rsv hosp,hosp,2026-05-30,2026-06-06,CEPH-Rtrend_rsv,3,9,20,35,64,94,132,3,9,20,40,60,90,130,0.015343764774766832,0.04603129432430049,0.10229176516511221,0.17901058903894637,0.32733364852835906,0.4807712962760274,0.6751256500897406,0.02,0.05,0.1,0.18,0.33,0.48,0.68,TRUE,FALSE,CEPH Lab at Indiana University,2026-05-27,Rtrend RSV
New York,NY,2,wk inc rsv hosp,hosp,2026-05-30,2026-06-13,CEPH-Rtrend_rsv,0,6,12,26,47,73,108,0,6,10,30,50,70,110,0,0.030687529549533663,0.061375059099067326,0.13297929471464587,0.2403856481380137,0.37336494285265953,0.5523755318916059,0,0.03,0.06,0.13,0.24,0.37,0.55,TRUE,FALSE,CEPH Lab at Indiana University,2026-05-27,Rtrend RSV
New York,NY,0,wk inc rsv prop ed visits,prop_ed,2026-05-30,2026-05-30,CFA_Pyrenew-Pyrenew_E_RSV,1.4642103578595204e-4,1.746690564441375e-4,2.0553133857791295e-4,2.409678339917939e-4,2.807247151106728e-4,3.207948857884889e-4,3.728570493542779e-4,1.5e-4,1.7e-4,2.1e-4,2.4e-4,2.8e-4,3.2e-4,3.7e-4,NA,NA,NA,NA,NA,NA,NA,NA,NA,NA,NA,NA,NA,NA,TRUE,FALSE,Center for Forecasting and Outbreak Analytics (CFA/CDC) Pyrenew team,2026-05-27,Pyrenew_ED_Visits_RSV
New York,NY,1,wk inc rsv prop ed visits,prop_ed,2026-05-30,2026-06-06,CFA_Pyrenew-Pyrenew_E_RSV,8.12859298526482e-5,1.0719546871073367e-4,1.3361819037616536e-4,1.6965529317304682e-4,2.1134303291555997e-4,2.575236870467744e-4,3.2542680299723796e-4,8.1e-5,1.1e-4,1.3e-4,1.7e-4,2.1e-4,2.6e-4,3.3e-4,NA,NA,NA,NA,NA,NA,NA,NA,NA,NA,NA,NA,NA,NA,TRUE,FALSE,Center for Forecasting and Outbreak Analytics (CFA/CDC) Pyrenew team,2026-05-27,Pyrenew_ED_Visits_RSV
New York,NY,0,wk inc rsv hosp,hosp,2026-05-30,2026-05-30,CFA_Pyrenew-Pyrenew_HE_RSV,28,34.900000000000006,40,47,54,61,71,30,30,40,50,50,60,70,0.1432084712311571,0.17849913021312083,0.20458353033022442,0.2403856481380137,0.27618776594580297,0.3119898837535922,0.36313576633614836,0.14,0.18,0.2,0.24,0.28,0.31,0.36,TRUE,FALSE,Center for Forecasting and Outbreak Analytics (CFA/CDC) Pyrenew team,2026-05-27,Pyrenew_Hospital_Admissions_ED_Visits_RSV
New York,NY,1,wk inc rsv hosp,hosp,2026-05-30,2026-06-06,CFA_Pyrenew-Pyrenew_HE_RSV,19,23,27,33,39,46,55,20,20,30,30,40,50,60,0.0971771769068566,0.11763552993987904,0.13809388297290148,0.16878141252243514,0.19946894207196883,0.23527105987975808,0.2813023542040586,0.1,0.12,0.14,0.17,0.2,0.24,0.28,TRUE,FALSE,Center for Forecasting and Outbreak Analytics (CFA/CDC) Pyrenew team,2026-05-27,Pyrenew_Hospital_Admissions_ED_Visits_RSV
New York,NY,0,wk inc rsv prop ed visits,prop_ed,2026-05-30,2026-05-30,CFA_Pyrenew-Pyrenew_HE_RSV,1.3317048244396079e-4,1.6053863428677238e-4,1.9023302169186715e-4,2.2152192262905808e-4,2.5869532266554476e-4,2.9717563282216294e-4,3.355987455826033e-4,1.3e-4,1.6e-4,1.9e-4,2.2e-4,2.6e-4,3e-4,3.4e-4,NA,NA,NA,NA,NA,NA,NA,NA,NA,NA,NA,NA,NA,NA,FALSE,FALSE,Center for Forecasting and Outbreak Analytics (CFA/CDC) Pyrenew team,2026-05-27,Pyrenew_Hospital_Admissions_ED_Visits_RSV
New York,NY,1,wk inc rsv prop ed visits,prop_ed,2026-05-30,2026-06-06,CFA_Pyrenew-Pyrenew_HE_RSV,7.237275975376716e-5,9.616682204238527e-5,1.2310260168776075e-4,1.548030080504144e-4,1.9182050389086365e-4,2.3191637610918314e-4,2.816179364775886e-4,7.2e-5,9.6e-5,1.2e-4,1.5e-4,1.9e-4,2.3e-4,2.8e-4,NA,NA,NA,NA,NA,NA,NA,NA,NA,NA,NA,NA,NA,NA,FALSE,FALSE,Center for Forecasting and Outbreak Analytics (CFA/CDC) Pyrenew team,2026-05-27,Pyrenew_Hospital_Admissions_ED_Visits_RSV
New York,NY,0,wk inc rsv hosp,hosp,2026-05-30,2026-05-30,CFA_Pyrenew-Pyrenew_H_RSV,21,26,31,38,45,52,61,20,30,30,40,50,50,60,0.10740635342336782,0.13297929471464587,0.1585522360059239,0.1943543538137132,0.2301564716215025,0.26595858942929174,0.3119898837535922,0.11,0.13,0.16,0.19,0.23,0.27,0.31,FALSE,FALSE,Center for Forecasting and Outbreak Analytics (CFA/CDC) Pyrenew team,2026-05-27,Pyrenew_Hospital_Admissions_RSV
New York,NY,1,wk inc rsv hosp,hosp,2026-05-30,2026-06-06,CFA_Pyrenew-Pyrenew_H_RSV,12,16,21,28,36,44,56,10,20,20,30,40,40,60,0.061375059099067326,0.08183341213208976,0.10740635342336782,0.1432084712311571,0.18412517729720196,0.22504188336324685,0.2864169424623142,0.06,0.08,0.11,0.14,0.18,0.23,0.29,FALSE,FALSE,Center for Forecasting and Outbreak Analytics (CFA/CDC) Pyrenew team,2026-05-27,Pyrenew_Hospital_Admissions_RSV
New York,NY,0,wk inc rsv hosp,hosp,2026-05-30,2026-05-30,Google_SAI-RSVEns,25.5,31.5,37.5,43,53.5,79,111,30,30,40,40,50,80,110,0.13042200058551806,0.16110953013505172,0.1917970596845854,0.21992729510499123,0.27363047181667516,0.4040524724021932,0.5677192966663727,0.13,0.16,0.19,0.22,0.27,0.4,0.57,TRUE,FALSE,Google Science AI,2026-05-27,RSVEnsemble
New York,NY,1,wk inc rsv hosp,hosp,2026-05-30,2026-06-06,Google_SAI-RSVEns,22,27.5,34,41,51.5,73,105,20,30,30,40,50,70,110,0.11252094168162342,0.1406511771020293,0.17389600078069076,0.20969811858848003,0.26340129530016393,0.37336494285265953,0.5370317671168391,0.11,0.14,0.17,0.21,0.26,0.37,0.54,TRUE,FALSE,Google Science AI,2026-05-27,RSVEnsemble
New York,NY,2,wk inc rsv hosp,hosp,2026-05-30,2026-06-13,Google_SAI-RSVEns,19.5,25.5,30,36.5,43.5,61.5,94.5,20,30,30,40,40,60,90,0.09973447103598441,0.13042200058551806,0.1534376477476683,0.18668247142632977,0.22248458923411907,0.31454717788272,0.4833285904051552,0.1,0.13,0.15,0.19,0.22,0.31,0.48,TRUE,FALSE,Google Science AI,2026-05-27,RSVEnsemble
New York,NY,0,wk inc rsv hosp,hosp,2026-05-30,2026-05-30,RSVHub-baseline,0,0,17,50,83,136,212.2749999999998,0,0,20,50,80,140,210,0,0,0.08694800039034538,0.2557294129127805,0.4245108254352156,0.695584003122763,1.0856992225212088,0,0,0.09,0.26,0.42,0.7,1.09,FALSE,FALSE,RSVHub-hub-models,2026-05-27,RSVHub baseline model
New York,NY,1,wk inc rsv hosp,hosp,2026-05-30,2026-06-06,RSVHub-baseline,0,0,3.0472654726547344,50,108.60203852038524,174.2936309363094,259.2611061110608,0,0,3,50,110,170,260,0,0,0.015585508206227637,0.2557294129127805,0.5554547110389858,0.8914401582755849,1.3260138091379936,0,0,0.02,0.26,0.56,0.89,1.33,FALSE,FALSE,RSVHub-hub-models,2026-05-27,RSVHub baseline model
New York,NY,2,wk inc rsv hosp,hosp,2026-05-30,2026-06-13,RSVHub-baseline,0,0,0,50,124.52970779707799,203.69785497855008,302.2590878408782,0,0,0,50,120,200,300,0,0,0,0.2557294129127805,0.6369181813029372,1.0418306573051463,1.5459307816220065,0,0,0,0.26,0.64,1.04,1.55,FALSE,FALSE,RSVHub-hub-models,2026-05-27,RSVHub baseline model
New York,NY,0,wk inc rsv prop ed visits,prop_ed,2026-05-30,2026-05-30,RSVHub-baseline,0,0,1.749999999999999e-4,3e-4,4.249999999999987e-4,8.999999999999998e-4,0.0019049999999999965,0,0,1.8e-4,3e-4,4.3e-4,9e-4,0.0019,NA,NA,NA,NA,NA,NA,NA,NA,NA,NA,NA,NA,NA,NA,FALSE,FALSE,RSVHub-hub-models,2026-05-27,RSVHub baseline model
New York,NY,1,wk inc rsv prop ed visits,prop_ed,2026-05-30,2026-06-06,RSVHub-baseline,0,0,0,3e-4,7.000000000000001e-4,0.0013000000000000004,0.002400000000000001,0,0,0,3e-4,7e-4,0.0013,0.0024,NA,NA,NA,NA,NA,NA,NA,NA,NA,NA,NA,NA,NA,NA,FALSE,FALSE,RSVHub-hub-models,2026-05-27,RSVHub baseline model
New York,NY,2,wk inc rsv prop ed visits,prop_ed,2026-05-30,2026-06-13,RSVHub-baseline,0,0,0,3e-4,8.999999999999997e-4,0.0016000000000000007,0.0027781074560745637,0,0,0,3e-4,9e-4,0.0016,0.0028,NA,NA,NA,NA,NA,NA,NA,NA,NA,NA,NA,NA,NA,NA,FALSE,FALSE,RSVHub-hub-models,2026-05-27,RSVHub baseline model
New York,NY,0,wk inc rsv hosp,hosp,2026-05-30,2026-05-30,UGA_flucast-INFLAenza,15,23,31,42,58,76,102,20,20,30,40,60,80,100,0.07671882387383415,0.11763552993987904,0.1585522360059239,0.21481270684673565,0.2966461189788254,0.3887087076274264,0.5216880023420722,0.08,0.12,0.16,0.21,0.3,0.39,0.52,TRUE,FALSE,UGA_flucast,2026-05-27,INFLAenza
New York,NY,1,wk inc rsv hosp,hosp,2026-05-30,2026-06-06,UGA_flucast-INFLAenza,10,15,22,33,48,65,91,10,20,20,30,50,70,90,0.051145882582556104,0.07671882387383415,0.11252094168162342,0.16878141252243514,0.2455002363962693,0.33244823678661467,0.46542753150126054,0.05,0.08,0.11,0.17,0.25,0.33,0.47,TRUE,FALSE,UGA_flucast,2026-05-27,INFLAenza
New York,NY,2,wk inc rsv hosp,hosp,2026-05-30,2026-06-13,UGA_flucast-INFLAenza,6,10,16,25,38,54,83,6,10,20,30,40,50,80,0.030687529549533663,0.051145882582556104,0.08183341213208976,0.12786470645639025,0.1943543538137132,0.27618776594580297,0.4245108254352156,0.03,0.05,0.08,0.13,0.19,0.28,0.42,TRUE,FALSE,UGA_flucast,2026-05-27,INFLAenza
New York,NY,0,wk inc rsv prop ed visits,prop_ed,2026-05-30,2026-05-30,UGA_flucast-INFLAenza,8.683631962471516e-5,1.4586306470187015e-4,2.214324680673135e-4,3.4021577550016836e-4,4.878646637610704e-4,6.594078588011385e-4,8.605484456522724e-4,8.7e-5,1.5e-4,2.2e-4,3.4e-4,4.9e-4,6.6e-4,8.6e-4,NA,NA,NA,NA,NA,NA,NA,NA,NA,NA,NA,NA,NA,NA,TRUE,FALSE,UGA_flucast,2026-05-27,INFLAenza
New York,NY,1,wk inc rsv prop ed visits,prop_ed,2026-05-30,2026-06-06,UGA_flucast-INFLAenza,5.993804548951378e-5,1.135027774635703e-4,1.910016327802554e-4,3.080446974961875e-4,4.539669636285479e-4,6.248521633460913e-4,8.405750343670397e-4,6e-5,1.1e-4,1.9e-4,3.1e-4,4.5e-4,6.2e-4,8.4e-4,NA,NA,NA,NA,NA,NA,NA,NA,NA,NA,NA,NA,NA,NA,TRUE,FALSE,UGA_flucast,2026-05-27,INFLAenza
New York,NY,2,wk inc rsv prop ed visits,prop_ed,2026-05-30,2026-06-13,UGA_flucast-INFLAenza,4.503112016543836e-5,9.82924043859911e-5,1.669584113927079e-4,2.770849980966722e-4,4.2225217090322963e-4,5.980651615859632e-4,8.662992091808825e-4,4.5e-5,9.8e-5,1.7e-4,2.8e-4,4.2e-4,6e-4,8.7e-4,NA,NA,NA,NA,NA,NA,NA,NA,NA,NA,NA,NA,NA,NA,TRUE,FALSE,UGA_flucast,2026-05-27,INFLAenza
New York,NY,0,wk inc rsv hosp,hosp,2026-05-30,2026-05-30,RSVHub-ensemble,20.25,27.25,34.75,45,56,77.5,106.5,20,30,30,50,60,80,110,0.10357041222967611,0.1393725300374654,0.17773194197438247,0.2301564716215025,0.2864169424623142,0.39638059001480974,0.5447036495042225,0.1,0.14,0.18,0.23,0.29,0.4,0.54,FALSE,TRUE,RSVHub,2026-05-27,Ensemble using RSVHub forecast submissions
New York,NY,1,wk inc rsv hosp,hosp,2026-05-30,2026-06-06,RSVHub-ensemble,14.5,19,24.5,34,49.75,69,98,10,20,20,30,50,70,100,0.07416152974470636,0.0971771769068566,0.12530741232726245,0.17389600078069076,0.25445076584821663,0.35290658981963713,0.5012296493090498,0.07,0.1,0.13,0.17,0.25,0.35,0.5,FALSE,TRUE,RSVHub,2026-05-27,Ensemble using RSVHub forecast submissions
New York,NY,2,wk inc rsv hosp,hosp,2026-05-30,2026-06-13,RSVHub-ensemble,6,10,16,26,43.5,61.5,94.5,6,10,20,30,40,60,90,0.030687529549533663,0.051145882582556104,0.08183341213208976,0.13297929471464587,0.22248458923411907,0.31454717788272,0.4833285904051552,0.03,0.05,0.08,0.13,0.22,0.31,0.48,FALSE,TRUE,RSVHub,2026-05-27,Ensemble using RSVHub forecast submissions
New York,NY,0,wk inc rsv prop ed visits,prop_ed,2026-05-30,2026-05-30,RSVHub-ensemble,1.166286777053336e-4,1.602660605730038e-4,2.1348190332261323e-4,2.905918047459811e-4,3.842946894358716e-4,4.901013722948136e-4,6.167027475032752e-4,1.2e-4,1.6e-4,2.1e-4,2.9e-4,3.8e-4,4.9e-4,6.2e-4,NA,NA,NA,NA,NA,NA,NA,NA,NA,NA,NA,NA,NA,NA,FALSE,TRUE,RSVHub,2026-05-27,Ensemble using RSVHub forecast submissions
New York,NY,1,wk inc rsv prop ed visits,prop_ed,2026-05-30,2026-06-06,RSVHub-ensemble,7.0611987671081e-5,1.1034912308715199e-4,1.623099115782104e-4,2.3884999533461715e-4,3.3265499827205393e-4,4.411879251964328e-4,5.830009186821388e-4,7.1e-5,1.1e-4,1.6e-4,2.4e-4,3.3e-4,4.4e-4,5.8e-4,NA,NA,NA,NA,NA,NA,NA,NA,NA,NA,NA,NA,NA,NA,FALSE,TRUE,RSVHub,2026-05-27,Ensemble using RSVHub forecast submissions
North Carolina,NC,0,wk inc rsv hosp,hosp,2026-05-30,2026-05-30,CEPH-Rtrend_rsv,5,11,23,39,66,100,141,5,10,20,40,70,100,140,0.04657314778591255,0.10246092512900763,0.21423647981519775,0.36327055273011793,0.6147655507740457,0.9314629557182511,1.3133627675627342,0.05,0.1,0.21,0.36,0.61,0.93,1.31,TRUE,FALSE,CEPH Lab at Indiana University,2026-05-27,Rtrend RSV
North Carolina,NC,1,wk inc rsv hosp,hosp,2026-05-30,2026-06-06,CEPH-Rtrend_rsv,2,7,16,32,57,89,126,2,7,20,30,60,90,130,0.01862925911436502,0.06520240690027758,0.14903407291492016,0.2980681458298403,0.5309338847594031,0.8290020305892435,1.1736433242049964,0.02,0.07,0.15,0.3,0.53,0.83,1.17,TRUE,FALSE,CEPH Lab at Indiana University,2026-05-27,Rtrend RSV
North Carolina,NC,2,wk inc rsv hosp,hosp,2026-05-30,2026-06-13,CEPH-Rtrend_rsv,0,5,9,23,48,73,103,0,5,9,20,50,70,100,0,0.04657314778591255,0.0838316660146426,0.21423647981519775,0.4471022187447605,0.6799679576743233,0.9594068443897986,0,0.05,0.08,0.21,0.45,0.68,0.96,TRUE,FALSE,CEPH Lab at Indiana University,2026-05-27,Rtrend RSV
North Carolina,NC,0,wk inc rsv prop ed visits,prop_ed,2026-05-30,2026-05-30,CFA_Pyrenew-Pyrenew_E_RSV,4.201104439402661e-4,4.890100447546022e-4,5.564455882870378e-4,6.478376973637692e-4,7.371140096633724e-4,8.480513521148961e-4,9.552525405059939e-4,4.2e-4,4.9e-4,5.6e-4,6.5e-4,7.4e-4,8.5e-4,9.6e-4,NA,NA,NA,NA,NA,NA,NA,NA,NA,NA,NA,NA,NA,NA,TRUE,FALSE,Center for Forecasting and Outbreak Analytics (CFA/CDC) Pyrenew team,2026-05-27,Pyrenew_ED_Visits_RSV
North Carolina,NC,1,wk inc rsv prop ed visits,prop_ed,2026-05-30,2026-06-06,CFA_Pyrenew-Pyrenew_E_RSV,2.694835063841996e-4,3.37335483325124e-4,4.2354477450484295e-4,5.266301798078005e-4,6.621640964697507e-4,7.932361824104575e-4,9.94933020961895e-4,2.7e-4,3.4e-4,4.2e-4,5.3e-4,6.6e-4,7.9e-4,9.9e-4,NA,NA,NA,NA,NA,NA,NA,NA,NA,NA,NA,NA,NA,NA,TRUE,FALSE,Center for Forecasting and Outbreak Analytics (CFA/CDC) Pyrenew team,2026-05-27,Pyrenew_ED_Visits_RSV
North Carolina,NC,0,wk inc rsv hosp,hosp,2026-05-30,2026-05-30,CFA_Pyrenew-Pyrenew_HE_RSV,9,14,19,25,32,40,50,9,10,20,30,30,40,50,0.0838316660146426,0.13040481380055516,0.17697796158646772,0.23286573892956278,0.2980681458298403,0.3725851822873004,0.46573147785912555,0.08,0.13,0.18,0.23,0.3,0.37,0.47,TRUE,FALSE,Center for Forecasting and Outbreak Analytics (CFA/CDC) Pyrenew team,2026-05-27,Pyrenew_Hospital_Admissions_ED_Visits_RSV
North Carolina,NC,1,wk inc rsv hosp,hosp,2026-05-30,2026-06-06,CFA_Pyrenew-Pyrenew_HE_RSV,7,11,15,20,27,34,45,7,10,20,20,30,30,50,0.06520240690027758,0.10246092512900763,0.13971944335773767,0.1862925911436502,0.2514949980439278,0.31669740494420534,0.419158330073213,0.07,0.1,0.14,0.19,0.25,0.32,0.42,TRUE,FALSE,Center for Forecasting and Outbreak Analytics (CFA/CDC) Pyrenew team,2026-05-27,Pyrenew_Hospital_Admissions_ED_Visits_RSV
North Carolina,NC,0,wk inc rsv prop ed visits,prop_ed,2026-05-30,2026-05-30,CFA_Pyrenew-Pyrenew_HE_RSV,4.1616404733587313e-4,4.854810009786599e-4,5.54838500710911e-4,6.467757624598737e-4,7.44054675228053e-4,8.47409804788603e-4,9.675184035609476e-4,4.2e-4,4.9e-4,5.5e-4,6.5e-4,7.4e-4,8.5e-4,9.7e-4,NA,NA,NA,NA,NA,NA,NA,NA,NA,NA,NA,NA,NA,NA,FALSE,FALSE,Center for Forecasting and Outbreak Analytics (CFA/CDC) Pyrenew team,2026-05-27,Pyrenew_Hospital_Admissions_ED_Visits_RSV
North Carolina,NC,1,wk inc rsv prop ed visits,prop_ed,2026-05-30,2026-06-06,CFA_Pyrenew-Pyrenew_HE_RSV,2.653948029648303e-4,3.453924802004448e-4,4.1997462101288905e-4,5.310060650603782e-4,6.512773561160118e-4,8.037385049032897e-4,9.86624541822436e-4,2.7e-4,3.5e-4,4.2e-4,5.3e-4,6.5e-4,8e-4,9.9e-4,NA,NA,NA,NA,NA,NA,NA,NA,NA,NA,NA,NA,NA,NA,FALSE,FALSE,Center for Forecasting and Outbreak Analytics (CFA/CDC) Pyrenew team,2026-05-27,Pyrenew_Hospital_Admissions_ED_Visits_RSV
North Carolina,NC,0,wk inc rsv hosp,hosp,2026-05-30,2026-05-30,CFA_Pyrenew-Pyrenew_H_RSV,11,15,19,25,32,40,53,10,20,20,30,30,40,50,0.10246092512900763,0.13971944335773767,0.17697796158646772,0.23286573892956278,0.2980681458298403,0.3725851822873004,0.49367536653067307,0.1,0.14,0.18,0.23,0.3,0.37,0.49,FALSE,FALSE,Center for Forecasting and Outbreak Analytics (CFA/CDC) Pyrenew team,2026-05-27,Pyrenew_Hospital_Admissions_RSV
North Carolina,NC,1,wk inc rsv hosp,hosp,2026-05-30,2026-06-06,CFA_Pyrenew-Pyrenew_H_RSV,5,9,13,19,27,39,55,5,9,10,20,30,40,60,0.04657314778591255,0.0838316660146426,0.12109018424337264,0.17697796158646772,0.2514949980439278,0.36327055273011793,0.5123046256450381,0.05,0.08,0.12,0.18,0.25,0.36,0.51,FALSE,FALSE,Center for Forecasting and Outbreak Analytics (CFA/CDC) Pyrenew team,2026-05-27,Pyrenew_Hospital_Admissions_RSV
North Carolina,NC,0,wk inc rsv hosp,hosp,2026-05-30,2026-05-30,Google_SAI-RSVEns,9,14.5,18.5,24.5,30,42.5,59.5,9,10,20,20,30,40,60,0.0838316660146426,0.1350621285791464,0.17232064680787645,0.22820842415097153,0.27943888671547534,0.3958717561802568,0.5542204586523594,0.08,0.14,0.17,0.23,0.28,0.4,0.55,TRUE,FALSE,Google Science AI,2026-05-27,RSVEnsemble
North Carolina,NC,1,wk inc rsv hosp,hosp,2026-05-30,2026-06-06,Google_SAI-RSVEns,8,12.5,15.5,20.5,26.5,39.5,58.5,8,10,20,20,30,40,60,0.07451703645746008,0.11643286946478139,0.14437675813632891,0.19094990592224145,0.24683768326533653,0.3679278675087092,0.5449058290951768,0.07,0.12,0.14,0.19,0.25,0.37,0.54,TRUE,FALSE,Google Science AI,2026-05-27,RSVEnsemble
North Carolina,NC,2,wk inc rsv hosp,hosp,2026-05-30,2026-06-13,Google_SAI-RSVEns,7,11,14,16,22,32.5,53.5,7,10,10,20,20,30,50,0.06520240690027758,0.10246092512900763,0.13040481380055516,0.14903407291492016,0.20492185025801526,0.3027254606084316,0.49833268130926434,0.07,0.1,0.13,0.15,0.2,0.3,0.5,TRUE,FALSE,Google Science AI,2026-05-27,RSVEnsemble
North Carolina,NC,0,wk inc rsv hosp,hosp,2026-05-30,2026-05-30,RSVHub-baseline,0,0,13.749999999999998,29,44.25,67.2,146.34999999999974,0,0,10,30,40,70,150,0,0,0.1280761564112595,0.2701242571582928,0.41217235790532614,0.6259431062426648,1.363196035693658,0,0,0.13,0.27,0.41,0.63,1.36,FALSE,FALSE,RSVHub-hub-models,2026-05-27,RSVHub baseline model
North Carolina,NC,1,wk inc rsv hosp,hosp,2026-05-30,2026-06-06,RSVHub-baseline,0,0,4.272995229952294,29,56.39244142441423,99.06090060900608,182.23790012900142,0,0,4,30,60,100,180,0,0,0.03980136766661352,0.2701242571582928,0.5252747016935322,0.9227155927737671,1.697478530980471,0,0,0.04,0.27,0.53,0.92,1.7,FALSE,FALSE,RSVHub-hub-models,2026-05-27,RSVHub baseline model
North Carolina,NC,2,wk inc rsv hosp,hosp,2026-05-30,2026-06-13,RSVHub-baseline,0,0,0,29,66.91601416014166,122.33120331203318,208.66556340563417,0,0,0,30,70,120,210,0,0,0,0.2701242571582928,0.6232978833448989,1.1394698421359672,1.9436424244642616,0,0,0,0.27,0.62,1.14,1.94,FALSE,FALSE,RSVHub-hub-models,2026-05-27,RSVHub baseline model
North Carolina,NC,0,wk inc rsv prop ed visits,prop_ed,2026-05-30,2026-05-30,RSVHub-baseline,0,0,3.999999999999999e-4,6e-4,7.999999999999999e-4,0.0015999999999999999,0.0029999999999999996,0,0,4e-4,6e-4,8e-4,0.0016,0.003,NA,NA,NA,NA,NA,NA,NA,NA,NA,NA,NA,NA,NA,NA,FALSE,FALSE,RSVHub-hub-models,2026-05-27,RSVHub baseline model
North Carolina,NC,1,wk inc rsv prop ed visits,prop_ed,2026-05-30,2026-06-06,RSVHub-baseline,0,0,1.0000000000000015e-4,6e-4,0.0012000000000000001,0.002299999999999999,0.003987064770647695,0,0,1e-4,6e-4,0.0012,0.0023,0.004,NA,NA,NA,NA,NA,NA,NA,NA,NA,NA,NA,NA,NA,NA,FALSE,FALSE,RSVHub-hub-models,2026-05-27,RSVHub baseline model
North Carolina,NC,2,wk inc rsv prop ed visits,prop_ed,2026-05-30,2026-06-13,RSVHub-baseline,0,0,0,6e-4,0.0015,0.0027779618796187977,0.004783908439084415,0,0,0,6e-4,0.0015,0.0028,0.0048,NA,NA,NA,NA,NA,NA,NA,NA,NA,NA,NA,NA,NA,NA,FALSE,FALSE,RSVHub-hub-models,2026-05-27,RSVHub baseline model
North Carolina,NC,0,wk inc rsv hosp,hosp,2026-05-30,2026-05-30,UGA_flucast-INFLAenza,9,13,18,26,35,46,63,9,10,20,30,40,50,60,0.0838316660146426,0.12109018424337264,0.1676633320292852,0.2421803684867453,0.3260120345013879,0.4284729596303955,0.5868216621024982,0.08,0.12,0.17,0.24,0.33,0.43,0.59,TRUE,FALSE,UGA_flucast,2026-05-27,INFLAenza
North Carolina,NC,1,wk inc rsv hosp,hosp,2026-05-30,2026-06-06,UGA_flucast-INFLAenza,5,9,13,20,29,41,57,5,9,10,20,30,40,60,0.04657314778591255,0.0838316660146426,0.12109018424337264,0.1862925911436502,0.2701242571582928,0.3818998118444829,0.5309338847594031,0.05,0.08,0.12,0.19,0.27,0.38,0.53,TRUE,FALSE,UGA_flucast,2026-05-27,INFLAenza
North Carolina,NC,2,wk inc rsv hosp,hosp,2026-05-30,2026-06-13,UGA_flucast-INFLAenza,3,6,9,15,23,34,52,3,6,9,20,20,30,50,0.027943888671547533,0.055887777343095066,0.0838316660146426,0.13971944335773767,0.21423647981519775,0.31669740494420534,0.4843607369734906,0.03,0.06,0.08,0.14,0.21,0.32,0.48,TRUE,FALSE,UGA_flucast,2026-05-27,INFLAenza
North Carolina,NC,0,wk inc rsv prop ed visits,prop_ed,2026-05-30,2026-05-30,UGA_flucast-INFLAenza,2.1070589649338479e-4,3.159748343102278e-4,4.4276682758788584e-4,6.160030470576086e-4,8.240520382762137e-4,0.0010523890074702824,0.001329897214481518,2.1e-4,3.2e-4,4.4e-4,6.2e-4,8.2e-4,0.0011,0.0013,NA,NA,NA,NA,NA,NA,NA,NA,NA,NA,NA,NA,NA,NA,TRUE,FALSE,UGA_flucast,2026-05-27,INFLAenza
North Carolina,NC,1,wk inc rsv prop ed visits,prop_ed,2026-05-30,2026-06-06,UGA_flucast-INFLAenza,1.6256066194277201e-4,2.560025994893898e-4,3.816557506747327e-4,5.43096530508685e-4,7.64470909285617e-4,0.001008329613406545,0.001314203804855024,1.6e-4,2.6e-4,3.8e-4,5.4e-4,7.6e-4,0.001,0.0013,NA,NA,NA,NA,NA,NA,NA,NA,NA,NA,NA,NA,NA,NA,TRUE,FALSE,UGA_flucast,2026-05-27,INFLAenza
North Carolina,NC,2,wk inc rsv prop ed visits,prop_ed,2026-05-30,2026-06-13,UGA_flucast-INFLAenza,1.2651783031224903e-4,2.1542823179972038e-4,3.338424646740221e-4,5.024951370784061e-4,7.123616827985383e-4,9.733208384120075e-4,0.0013140450118632543,1.3e-4,2.2e-4,3.3e-4,5e-4,7.1e-4,9.7e-4,0.0013,NA,NA,NA,NA,NA,NA,NA,NA,NA,NA,NA,NA,NA,NA,TRUE,FALSE,UGA_flucast,2026-05-27,INFLAenza
North Carolina,NC,0,wk inc rsv hosp,hosp,2026-05-30,2026-05-30,RSVHub-ensemble,9,13.5,18.75,25.5,33.5,44.25,61.25,9,10,20,30,30,40,60,0.0838316660146426,0.1257474990219639,0.1746493041971721,0.23752305370815402,0.31204009016561407,0.41217235790532614,0.5705210603774288,0.08,0.13,0.17,0.24,0.31,0.41,0.57,FALSE,TRUE,RSVHub,2026-05-27,Ensemble using RSVHub forecast submissions
North Carolina,NC,1,wk inc rsv hosp,hosp,2026-05-30,2026-06-06,RSVHub-ensemble,6,10,15.25,20.25,28,40.25,57.75,6,10,20,20,30,40,60,0.055887777343095066,0.0931462955718251,0.14204810074703328,0.18862124853294585,0.2608096276011103,0.3749138396765961,0.5379198569272899,0.06,0.09,0.14,0.19,0.26,0.37,0.54,FALSE,TRUE,RSVHub,2026-05-27,Ensemble using RSVHub forecast submissions
North Carolina,NC,2,wk inc rsv hosp,hosp,2026-05-30,2026-06-13,RSVHub-ensemble,3,6,9,16,23,34,53.5,3,6,9,20,20,30,50,0.027943888671547533,0.055887777343095066,0.0838316660146426,0.14903407291492016,0.21423647981519775,0.31669740494420534,0.49833268130926434,0.03,0.06,0.08,0.15,0.21,0.32,0.5,FALSE,TRUE,RSVHub,2026-05-27,Ensemble using RSVHub forecast submissions
North Carolina,NC,0,wk inc rsv prop ed visits,prop_ed,2026-05-30,2026-05-30,RSVHub-ensemble,3.1540817021682543e-4,4.02492439532415e-4,4.996062079374618e-4,6.319203722106889e-4,7.80583023969793e-4,9.502201797925892e-4,0.001142574877493756,3.2e-4,4e-4,5e-4,6.3e-4,7.8e-4,9.5e-4,0.0011,NA,NA,NA,NA,NA,NA,NA,NA,NA,NA,NA,NA,NA,NA,FALSE,TRUE,RSVHub,2026-05-27,Ensemble using RSVHub forecast submissions
North Carolina,NC,1,wk inc rsv prop ed visits,prop_ed,2026-05-30,2026-06-06,RSVHub-ensemble,2.1602208416348582e-4,2.966690414072569e-4,4.0260026258978783e-4,5.348633551582428e-4,7.133175028776839e-4,9.007828979085013e-4,0.0011545684129084595,2.2e-4,3e-4,4e-4,5.3e-4,7.1e-4,9e-4,0.0012,NA,NA,NA,NA,NA,NA,NA,NA,NA,NA,NA,NA,NA,NA,FALSE,TRUE,RSVHub,2026-05-27,Ensemble using RSVHub forecast submissions
North Dakota,ND,0,wk inc rsv hosp,hosp,2026-05-30,2026-05-30,CEPH-Rtrend_rsv,5,6,8,10,13,15,19,5,6,8,10,10,20,20,0.6437284753291062,0.7724741703949275,1.0299655605265698,1.2874569506582123,1.673694035855676,1.9311854259873187,2.4461682062506034,0.64,0.77,1.03,1.29,1.67,1.93,2.45,TRUE,FALSE,CEPH Lab at Indiana University,2026-05-27,Rtrend RSV
North Dakota,ND,1,wk inc rsv hosp,hosp,2026-05-30,2026-06-06,CEPH-Rtrend_rsv,3,5,6,8,11,15,19,3,5,6,8,10,20,20,0.38623708519746375,0.6437284753291062,0.7724741703949275,1.0299655605265698,1.4162026457240335,1.9311854259873187,2.4461682062506034,0.39,0.64,0.77,1.03,1.42,1.93,2.45,TRUE,FALSE,CEPH Lab at Indiana University,2026-05-27,Rtrend RSV
North Dakota,ND,2,wk inc rsv hosp,hosp,2026-05-30,2026-06-13,CEPH-Rtrend_rsv,2,3,5,7,10,14,19,2,3,5,7,10,10,20,0.25749139013164246,0.38623708519746375,0.6437284753291062,0.9012198654607486,1.2874569506582123,1.8024397309214972,2.4461682062506034,0.26,0.39,0.64,0.9,1.29,1.8,2.45,TRUE,FALSE,CEPH Lab at Indiana University,2026-05-27,Rtrend RSV
North Dakota,ND,0,wk inc rsv prop ed visits,prop_ed,2026-05-30,2026-05-30,CFA_Pyrenew-Pyrenew_E_RSV,8.548559902321575e-4,0.001264832713886105,0.0017409395547131742,0.002336683182432957,0.00302860411098531,0.0038634659291073644,0.004815742825060179,8.5e-4,0.0013,0.0017,0.0023,0.003,0.0039,0.0048,NA,NA,NA,NA,NA,NA,NA,NA,NA,NA,NA,NA,NA,NA,TRUE,FALSE,Center for Forecasting and Outbreak Analytics (CFA/CDC) Pyrenew team,2026-05-27,Pyrenew_ED_Visits_RSV
North Dakota,ND,1,wk inc rsv prop ed visits,prop_ed,2026-05-30,2026-06-06,CFA_Pyrenew-Pyrenew_E_RSV,5.148181230219946e-4,9.170536357667146e-4,0.0014079492104329236,0.0020522851832603904,0.0030222041920539983,0.004101742240426129,0.005442432746818351,5.1e-4,9.2e-4,0.0014,0.0021,0.003,0.0041,0.0054,NA,NA,NA,NA,NA,NA,NA,NA,NA,NA,NA,NA,NA,NA,TRUE,FALSE,Center for Forecasting and Outbreak Analytics (CFA/CDC) Pyrenew team,2026-05-27,Pyrenew_ED_Visits_RSV
North Dakota,ND,0,wk inc rsv hosp,hosp,2026-05-30,2026-05-30,CFA_Pyrenew-Pyrenew_HE_RSV,2,4,5,7,9,12,15,2,4,5,7,9,10,20,0.25749139013164246,0.5149827802632849,0.6437284753291062,0.9012198654607486,1.158711255592391,1.544948340789855,1.9311854259873187,0.26,0.51,0.64,0.9,1.16,1.54,1.93,TRUE,FALSE,Center for Forecasting and Outbreak Analytics (CFA/CDC) Pyrenew team,2026-05-27,Pyrenew_Hospital_Admissions_ED_Visits_RSV
North Dakota,ND,1,wk inc rsv hosp,hosp,2026-05-30,2026-06-06,CFA_Pyrenew-Pyrenew_HE_RSV,1,3,4,6,8.25,11,15,1,3,4,6,8,10,20,0.12874569506582123,0.38623708519746375,0.5149827802632849,0.7724741703949275,1.0621519842930252,1.4162026457240335,1.9311854259873187,0.13,0.39,0.51,0.77,1.06,1.42,1.93,TRUE,FALSE,Center for Forecasting and Outbreak Analytics (CFA/CDC) Pyrenew team,2026-05-27,Pyrenew_Hospital_Admissions_ED_Visits_RSV
North Dakota,ND,0,wk inc rsv prop ed visits,prop_ed,2026-05-30,2026-05-30,CFA_Pyrenew-Pyrenew_HE_RSV,8.734413399845377e-4,0.0012287505282970043,0.0017039418851807948,0.002231844081556569,0.0028501323863471327,0.0035242843352797635,0.004369245518835924,8.7e-4,0.0012,0.0017,0.0022,0.0029,0.0035,0.0044,NA,NA,NA,NA,NA,NA,NA,NA,NA,NA,NA,NA,NA,NA,FALSE,FALSE,Center for Forecasting and Outbreak Analytics (CFA/CDC) Pyrenew team,2026-05-27,Pyrenew_Hospital_Admissions_ED_Visits_RSV
North Dakota,ND,1,wk inc rsv prop ed visits,prop_ed,2026-05-30,2026-06-06,CFA_Pyrenew-Pyrenew_HE_RSV,5.287005968790485e-4,8.769434596837716e-4,0.0013379427281523188,0.001932319520677831,0.0027303849617306536,0.003634738478282229,0.0048049383777542445,5.3e-4,8.8e-4,0.0013,0.0019,0.0027,0.0036,0.0048,NA,NA,NA,NA,NA,NA,NA,NA,NA,NA,NA,NA,NA,NA,FALSE,FALSE,Center for Forecasting and Outbreak Analytics (CFA/CDC) Pyrenew team,2026-05-27,Pyrenew_Hospital_Admissions_ED_Visits_RSV
North Dakota,ND,0,wk inc rsv hosp,hosp,2026-05-30,2026-05-30,CFA_Pyrenew-Pyrenew_H_RSV,1,3,4,7,9,12,16,1,3,4,7,9,10,20,0.12874569506582123,0.38623708519746375,0.5149827802632849,0.9012198654607486,1.158711255592391,1.544948340789855,2.0599311210531397,0.13,0.39,0.51,0.9,1.16,1.54,2.06,FALSE,FALSE,Center for Forecasting and Outbreak Analytics (CFA/CDC) Pyrenew team,2026-05-27,Pyrenew_Hospital_Admissions_RSV
North Dakota,ND,1,wk inc rsv hosp,hosp,2026-05-30,2026-06-06,CFA_Pyrenew-Pyrenew_H_RSV,1,2,3,5,8,11,16,1,2,3,5,8,10,20,0.12874569506582123,0.25749139013164246,0.38623708519746375,0.6437284753291062,1.0299655605265698,1.4162026457240335,2.0599311210531397,0.13,0.26,0.39,0.64,1.03,1.42,2.06,FALSE,FALSE,Center for Forecasting and Outbreak Analytics (CFA/CDC) Pyrenew team,2026-05-27,Pyrenew_Hospital_Admissions_RSV
North Dakota,ND,0,wk inc rsv hosp,hosp,2026-05-30,2026-05-30,Google_SAI-RSVEns,1,2,3,5.5,7.5,10.5,13.5,1,2,3,6,8,10,10,0.12874569506582123,0.25749139013164246,0.38623708519746375,0.7081013228620168,0.9655927129936593,1.3518297981911231,1.7380668833885868,0.13,0.26,0.39,0.71,0.97,1.35,1.74,TRUE,FALSE,Google Science AI,2026-05-27,RSVEnsemble
North Dakota,ND,1,wk inc rsv hosp,hosp,2026-05-30,2026-06-06,Google_SAI-RSVEns,0,1,2.5,4,6.5,8.5,11,0,1,3,4,7,9,10,0,0.12874569506582123,0.3218642376645531,0.5149827802632849,0.836847017927838,1.0943384080594805,1.4162026457240335,0,0.13,0.32,0.51,0.84,1.09,1.42,TRUE,FALSE,Google Science AI,2026-05-27,RSVEnsemble
North Dakota,ND,2,wk inc rsv hosp,hosp,2026-05-30,2026-06-13,Google_SAI-RSVEns,0,1,2,3.5,5.5,7.5,10,0,1,2,4,6,8,10,0,0.12874569506582123,0.25749139013164246,0.4506099327303743,0.7081013228620168,0.9655927129936593,1.2874569506582123,0,0.13,0.26,0.45,0.71,0.97,1.29,TRUE,FALSE,Google Science AI,2026-05-27,RSVEnsemble
North Dakota,ND,0,wk inc rsv hosp,hosp,2026-05-30,2026-05-30,RSVHub-baseline,0,1,4,6,8,11,18,0,1,4,6,8,10,20,0,0.12874569506582123,0.5149827802632849,0.7724741703949275,1.0299655605265698,1.4162026457240335,2.317422511184782,0,0.13,0.51,0.77,1.03,1.42,2.32,FALSE,FALSE,RSVHub-hub-models,2026-05-27,RSVHub baseline model
North Dakota,ND,1,wk inc rsv hosp,hosp,2026-05-30,2026-06-06,RSVHub-baseline,0,0,3,6,9.399026490264902,14,21,0,0,3,6,9,10,20,0,0,0.38623708519746375,0.7724741703949275,1.210084198431221,1.8024397309214972,2.7036595963822463,0,0,0.39,0.77,1.21,1.8,2.7,FALSE,FALSE,RSVHub-hub-models,2026-05-27,RSVHub baseline model
North Dakota,ND,2,wk inc rsv hosp,hosp,2026-05-30,2026-06-13,RSVHub-baseline,0,0,1.9751972519725163,6,11,16.32406624066241,24,0,0,2,6,10,20,20,0,0,0.25429814309730164,0.7724741703949275,1.4162026457240335,2.1016532544545896,3.08989668157971,0,0,0.25,0.77,1.42,2.1,3.09,FALSE,FALSE,RSVHub-hub-models,2026-05-27,RSVHub baseline model
North Dakota,ND,0,wk inc rsv prop ed visits,prop_ed,2026-05-30,2026-05-30,RSVHub-baseline,0,0.0021000000000000003,0.0031000000000000003,0.0034000000000000002,0.0037,0.0047,0.0074574999999999945,0,0.0021,0.0031,0.0034,0.0037,0.0047,0.0075,NA,NA,NA,NA,NA,NA,NA,NA,NA,NA,NA,NA,NA,NA,FALSE,FALSE,RSVHub-hub-models,2026-05-27,RSVHub baseline model
North Dakota,ND,1,wk inc rsv prop ed visits,prop_ed,2026-05-30,2026-06-06,RSVHub-baseline,0,0.0013000000000000008,0.0027,0.0034000000000000002,0.0041,0.0055,0.009318839588395852,0,0.0013,0.0027,0.0034,0.0041,0.0055,0.0093,NA,NA,NA,NA,NA,NA,NA,NA,NA,NA,NA,NA,NA,NA,FALSE,FALSE,RSVHub-hub-models,2026-05-27,RSVHub baseline model
North Dakota,ND,2,wk inc rsv prop ed visits,prop_ed,2026-05-30,2026-06-13,RSVHub-baseline,0,5.000000000000013e-4,0.0023000000000000004,0.0034000000000000002,0.0045000000000000005,0.006413922139221393,0.010064314343143406,0,5e-4,0.0023,0.0034,0.0045,0.0064,0.01,NA,NA,NA,NA,NA,NA,NA,NA,NA,NA,NA,NA,NA,NA,FALSE,FALSE,RSVHub-hub-models,2026-05-27,RSVHub baseline model
North Dakota,ND,0,wk inc rsv hosp,hosp,2026-05-30,2026-05-30,UGA_flucast-INFLAenza,1,2,4,6,9,12,17,1,2,4,6,9,10,20,0.12874569506582123,0.25749139013164246,0.5149827802632849,0.7724741703949275,1.158711255592391,1.544948340789855,2.188676816118961,0.13,0.26,0.51,0.77,1.16,1.54,2.19,TRUE,FALSE,UGA_flucast,2026-05-27,INFLAenza
North Dakota,ND,1,wk inc rsv hosp,hosp,2026-05-30,2026-06-06,UGA_flucast-INFLAenza,0,1,2,4,7,10,15,0,1,2,4,7,10,20,0,0.12874569506582123,0.25749139013164246,0.5149827802632849,0.9012198654607486,1.2874569506582123,1.9311854259873187,0,0.13,0.26,0.51,0.9,1.29,1.93,TRUE,FALSE,UGA_flucast,2026-05-27,INFLAenza
North Dakota,ND,2,wk inc rsv hosp,hosp,2026-05-30,2026-06-13,UGA_flucast-INFLAenza,0,1,2,3,5,8,12,0,1,2,3,5,8,10,0,0.12874569506582123,0.25749139013164246,0.38623708519746375,0.6437284753291062,1.0299655605265698,1.544948340789855,0,0.13,0.26,0.39,0.64,1.03,1.54,TRUE,FALSE,UGA_flucast,2026-05-27,INFLAenza
North Dakota,ND,0,wk inc rsv prop ed visits,prop_ed,2026-05-30,2026-05-30,UGA_flucast-INFLAenza,0.0012380328339859678,0.0016011853448636088,0.0019553392831221277,0.0024188720915020783,0.002948018813249081,0.003500740568512161,0.0042336987317292,0.0012,0.0016,0.002,0.0024,0.0029,0.0035,0.0042,NA,NA,NA,NA,NA,NA,NA,NA,NA,NA,NA,NA,NA,NA,TRUE,FALSE,UGA_flucast,2026-05-27,INFLAenza
North Dakota,ND,1,wk inc rsv prop ed visits,prop_ed,2026-05-30,2026-06-06,UGA_flucast-INFLAenza,9.018619037483798e-4,0.0012255221226897953,0.0015890747386235699,0.0020652114437624217,0.0026496645581943396,0.003244116286064668,0.004139183159808891,9e-4,0.0012,0.0016,0.0021,0.0026,0.0032,0.0041,NA,NA,NA,NA,NA,NA,NA,NA,NA,NA,NA,NA,NA,NA,TRUE,FALSE,UGA_flucast,2026-05-27,INFLAenza
North Dakota,ND,2,wk inc rsv prop ed visits,prop_ed,2026-05-30,2026-06-13,UGA_flucast-INFLAenza,6.686093925921627e-4,9.851562501334463e-4,0.0013212013008663186,0.0017894995907814068,0.002390579658517651,0.0030547028104804318,0.003898175953309609,6.7e-4,9.9e-4,0.0013,0.0018,0.0024,0.0031,0.0039,NA,NA,NA,NA,NA,NA,NA,NA,NA,NA,NA,NA,NA,NA,TRUE,FALSE,UGA_flucast,2026-05-27,INFLAenza
North Dakota,ND,0,wk inc rsv hosp,hosp,2026-05-30,2026-05-30,RSVHub-ensemble,1.5,3,4.5,6.5,9,12,16,2,3,5,7,9,10,20,0.19311854259873187,0.38623708519746375,0.5793556277961955,0.836847017927838,1.158711255592391,1.544948340789855,2.0599311210531397,0.19,0.39,0.58,0.84,1.16,1.54,2.06,FALSE,TRUE,RSVHub,2026-05-27,Ensemble using RSVHub forecast submissions
North Dakota,ND,1,wk inc rsv hosp,hosp,2026-05-30,2026-06-06,RSVHub-ensemble,0.5,2,3.25,5,7.625,10.5,15,1,2,3,5,8,10,20,0.06437284753291062,0.25749139013164246,0.418423508963919,0.6437284753291062,0.9816859248768869,1.3518297981911231,1.9311854259873187,0.06,0.26,0.42,0.64,0.98,1.35,1.93,FALSE,TRUE,RSVHub,2026-05-27,Ensemble using RSVHub forecast submissions
North Dakota,ND,2,wk inc rsv hosp,hosp,2026-05-30,2026-06-13,RSVHub-ensemble,0,1,2,3.5,5.5,8,12,0,1,2,4,6,8,10,0,0.12874569506582123,0.25749139013164246,0.4506099327303743,0.7081013228620168,1.0299655605265698,1.544948340789855,0,0.13,0.26,0.45,0.71,1.03,1.54,FALSE,TRUE,RSVHub,2026-05-27,Ensemble using RSVHub forecast submissions
North Dakota,ND,0,wk inc rsv prop ed visits,prop_ed,2026-05-30,2026-05-30,RSVHub-ensemble,0.0010464444121090627,0.001433009029374857,0.001848139418917651,0.002377777636967518,0.0029883114621171956,0.0036821032488097627,0.004524720778394689,0.001,0.0014,0.0018,0.0024,0.003,0.0037,0.0045,NA,NA,NA,NA,NA,NA,NA,NA,NA,NA,NA,NA,NA,NA,FALSE,TRUE,RSVHub,2026-05-27,Ensemble using RSVHub forecast submissions
North Dakota,ND,1,wk inc rsv prop ed visits,prop_ed,2026-05-30,2026-06-06,RSVHub-ensemble,7.083400133851873e-4,0.001071287879228255,0.0014985119745282468,0.002058748313511406,0.0028359343751241687,0.0036729292632453987,0.004790807953313621,7.1e-4,0.0011,0.0015,0.0021,0.0028,0.0037,0.0048,NA,NA,NA,NA,NA,NA,NA,NA,NA,NA,NA,NA,NA,NA,FALSE,TRUE,RSVHub,2026-05-27,Ensemble using RSVHub forecast submissions
Ohio,OH,0,wk inc rsv hosp,hosp,2026-05-30,2026-05-30,CEPH-Rtrend_rsv,6,11,17,28,42,58,80,6,10,20,30,40,60,80,0.05093633289474321,0.09338327697369589,0.1443196098684391,0.23770288684213497,0.3565543302632025,0.492384551315851,0.6791511052632427,0.05,0.09,0.14,0.24,0.36,0.49,0.68,TRUE,FALSE,CEPH Lab at Indiana University,2026-05-27,Rtrend RSV
Ohio,OH,1,wk inc rsv hosp,hosp,2026-05-30,2026-06-06,CEPH-Rtrend_rsv,3,6,11,19,32,48,71,3,6,10,20,30,50,70,0.025468166447371605,0.05093633289474321,0.09338327697369589,0.16129838750002018,0.2716604421052971,0.4074906631579457,0.6027466059211279,0.03,0.05,0.09,0.16,0.27,0.41,0.6,TRUE,FALSE,CEPH Lab at Indiana University,2026-05-27,Rtrend RSV
Ohio,OH,2,wk inc rsv hosp,hosp,2026-05-30,2026-06-13,CEPH-Rtrend_rsv,1,3,6,12,24,39,58,1,3,6,10,20,40,60,0.008489388815790535,0.025468166447371605,0.05093633289474321,0.10187266578948642,0.20374533157897284,0.3310861638158309,0.492384551315851,0.01,0.03,0.05,0.1,0.2,0.33,0.49,TRUE,FALSE,CEPH Lab at Indiana University,2026-05-27,Rtrend RSV
Ohio,OH,0,wk inc rsv prop ed visits,prop_ed,2026-05-30,2026-05-30,CFA_Pyrenew-Pyrenew_E_RSV,1.4138364063160397e-4,1.798882306533064e-4,2.198602333664226e-4,2.6912637787638156e-4,3.251393121352277e-4,3.8478482784333744e-4,4.5795497243870595e-4,1.4e-4,1.8e-4,2.2e-4,2.7e-4,3.3e-4,3.8e-4,4.6e-4,NA,NA,NA,NA,NA,NA,NA,NA,NA,NA,NA,NA,NA,NA,TRUE,FALSE,Center for Forecasting and Outbreak Analytics (CFA/CDC) Pyrenew team,2026-05-27,Pyrenew_ED_Visits_RSV
Ohio,OH,1,wk inc rsv prop ed visits,prop_ed,2026-05-30,2026-06-06,CFA_Pyrenew-Pyrenew_E_RSV,8.237152796914987e-5,1.1985095219697848e-4,1.5608600377580768e-4,2.1212194912178443e-4,2.7550511674368297e-4,3.5187241651021643e-4,4.6164914294410903e-4,8.2e-5,1.2e-4,1.6e-4,2.1e-4,2.8e-4,3.5e-4,4.6e-4,NA,NA,NA,NA,NA,NA,NA,NA,NA,NA,NA,NA,NA,NA,TRUE,FALSE,Center for Forecasting and Outbreak Analytics (CFA/CDC) Pyrenew team,2026-05-27,Pyrenew_ED_Visits_RSV
Ohio,OH,0,wk inc rsv hosp,hosp,2026-05-30,2026-05-30,CFA_Pyrenew-Pyrenew_H_RSV,11,16,22,30,39,52,71.02499999999986,10,20,20,30,40,50,70,0.09338327697369589,0.13583022105264855,0.18676655394739178,0.25468166447371604,0.3310861638158309,0.4414482184211079,0.6029588406415216,0.09,0.14,0.19,0.25,0.33,0.44,0.6,FALSE,FALSE,Center for Forecasting and Outbreak Analytics (CFA/CDC) Pyrenew team,2026-05-27,Pyrenew_Hospital_Admissions_RSV
Ohio,OH,1,wk inc rsv hosp,hosp,2026-05-30,2026-06-06,CFA_Pyrenew-Pyrenew_H_RSV,6,10,14,23,34,48,72,6,10,10,20,30,50,70,0.05093633289474321,0.08489388815790534,0.11885144342106749,0.1952559427631823,0.2886392197368782,0.4074906631579457,0.6112359947369185,0.05,0.08,0.12,0.2,0.29,0.41,0.61,FALSE,FALSE,Center for Forecasting and Outbreak Analytics (CFA/CDC) Pyrenew team,2026-05-27,Pyrenew_Hospital_Admissions_RSV
Ohio,OH,0,wk inc rsv hosp,hosp,2026-05-30,2026-05-30,Google_SAI-RSVEns,21,26,28.5,31.5,38,55,83.5,20,30,30,30,40,60,80,0.17827716513160125,0.22072410921055394,0.24194758125003024,0.26741574769740184,0.32259677500004036,0.4669163848684794,0.7088639661185097,0.18,0.22,0.24,0.27,0.32,0.47,0.71,TRUE,FALSE,Google Science AI,2026-05-27,RSVEnsemble
Ohio,OH,1,wk inc rsv hosp,hosp,2026-05-30,2026-06-06,Google_SAI-RSVEns,14.5,17.5,20,25,31.5,46,64,10,20,20,30,30,50,60,0.12309613782896275,0.14856430427633435,0.16978777631581068,0.21223472039476335,0.26741574769740184,0.3905118855263646,0.5433208842105942,0.12,0.15,0.17,0.21,0.27,0.39,0.54,TRUE,FALSE,Google Science AI,2026-05-27,RSVEnsemble
Ohio,OH,2,wk inc rsv hosp,hosp,2026-05-30,2026-06-13,Google_SAI-RSVEns,10.5,15,16.5,21.5,27,39,58,10,20,20,20,30,40,60,0.08913858256580062,0.12734083223685802,0.14007491546054382,0.1825218595394965,0.22921349802634444,0.3310861638158309,0.492384551315851,0.09,0.13,0.14,0.18,0.23,0.33,0.49,TRUE,FALSE,Google Science AI,2026-05-27,RSVEnsemble
Ohio,OH,0,wk inc rsv hosp,hosp,2026-05-30,2026-05-30,RSVHub-baseline,0,0,25.499999999999996,38,50.5,91.3,159.2499999999991,0,0,30,40,50,90,160,0,0,0.21647941480265862,0.32259677500004036,0.42871413519742196,0.7750811988816758,1.3519351689146348,0,0,0.22,0.32,0.43,0.78,1.35,FALSE,FALSE,RSVHub-hub-models,2026-05-27,RSVHub baseline model
Ohio,OH,1,wk inc rsv hosp,hosp,2026-05-30,2026-06-06,RSVHub-baseline,0,0,8.591463414634136,38,71.53140281402814,121.10066300663006,221.71470914709252,0,0,9,40,70,120,220,0,0,0.07293627342346859,0.32259677500004036,0.607257891027218,1.0280706141133038,1.8822223721295785,0,0,0.07,0.32,0.61,1.03,1.88,FALSE,FALSE,RSVHub-hub-models,2026-05-27,RSVHub baseline model
Ohio,OH,2,wk inc rsv hosp,hosp,2026-05-30,2026-06-13,RSVHub-baseline,0,0,0,38,84.09220592205924,145.69427894278948,240.25860408604092,0,0,0,40,80,150,240,0,0,0,0.32259677500004036,0.7138914324498843,1.2368553821815835,2.039648706425482,0,0,0,0.32,0.71,1.24,2.04,FALSE,FALSE,RSVHub-hub-models,2026-05-27,RSVHub baseline model
Ohio,OH,0,wk inc rsv prop ed visits,prop_ed,2026-05-30,2026-05-30,RSVHub-baseline,0,0,1.999999999999999e-4,3e-4,4.000000000000001e-4,0.001,0.0022049999999999965,0,0,2e-4,3e-4,4e-4,0.001,0.0022,NA,NA,NA,NA,NA,NA,NA,NA,NA,NA,NA,NA,NA,NA,FALSE,FALSE,RSVHub-hub-models,2026-05-27,RSVHub baseline model
Ohio,OH,1,wk inc rsv prop ed visits,prop_ed,2026-05-30,2026-06-06,RSVHub-baseline,0,0,0,3e-4,7.000000000000001e-4,0.0014999999999999996,0.002769947049470495,0,0,0,3e-4,7e-4,0.0015,0.0028,NA,NA,NA,NA,NA,NA,NA,NA,NA,NA,NA,NA,NA,NA,FALSE,FALSE,RSVHub-hub-models,2026-05-27,RSVHub baseline model
Ohio,OH,2,wk inc rsv prop ed visits,prop_ed,2026-05-30,2026-06-13,RSVHub-baseline,0,0,0,3e-4,9.197384473844737e-4,0.0019026945269452636,0.003179808273082728,0,0,0,3e-4,9.2e-4,0.0019,0.0032,NA,NA,NA,NA,NA,NA,NA,NA,NA,NA,NA,NA,NA,NA,FALSE,FALSE,RSVHub-hub-models,2026-05-27,RSVHub baseline model
Ohio,OH,0,wk inc rsv hosp,hosp,2026-05-30,2026-05-30,UGA_flucast-INFLAenza,10,15,21,29,40,52,70,10,20,20,30,40,50,70,0.08489388815790534,0.12734083223685802,0.17827716513160125,0.2461922756579255,0.33957555263162137,0.4414482184211079,0.5942572171053374,0.08,0.13,0.18,0.25,0.34,0.44,0.59,TRUE,FALSE,UGA_flucast,2026-05-27,INFLAenza
Ohio,OH,1,wk inc rsv hosp,hosp,2026-05-30,2026-06-06,UGA_flucast-INFLAenza,6,10,15,22,33,46,66,6,10,20,20,30,50,70,0.05093633289474321,0.08489388815790534,0.12734083223685802,0.18676655394739178,0.28014983092108764,0.3905118855263646,0.5602996618421753,0.05,0.08,0.13,0.19,0.28,0.39,0.56,TRUE,FALSE,UGA_flucast,2026-05-27,INFLAenza
Ohio,OH,2,wk inc rsv hosp,hosp,2026-05-30,2026-06-13,UGA_flucast-INFLAenza,4,7,11,17,26,39,59,4,7,10,20,30,40,60,0.03395755526316214,0.059425721710533744,0.09338327697369589,0.1443196098684391,0.22072410921055394,0.3310861638158309,0.5008739401316415,0.03,0.06,0.09,0.14,0.22,0.33,0.5,TRUE,FALSE,UGA_flucast,2026-05-27,INFLAenza
Ohio,OH,0,wk inc rsv prop ed visits,prop_ed,2026-05-30,2026-05-30,UGA_flucast-INFLAenza,8.416796988853931e-5,1.442721227919505e-4,2.2271347312187147e-4,3.343800315882047e-4,4.795065793135057e-4,6.310716668070498e-4,8.450354641758711e-4,8.4e-5,1.4e-4,2.2e-4,3.3e-4,4.8e-4,6.3e-4,8.5e-4,NA,NA,NA,NA,NA,NA,NA,NA,NA,NA,NA,NA,NA,NA,TRUE,FALSE,UGA_flucast,2026-05-27,INFLAenza
Ohio,OH,1,wk inc rsv prop ed visits,prop_ed,2026-05-30,2026-06-06,UGA_flucast-INFLAenza,5.551600306420911e-5,1.1642614630248906e-4,1.905760666567889e-4,3.051698371944112e-4,4.5041149644417847e-4,6.27949244627972e-4,8.355532121358519e-4,5.6e-5,1.2e-4,1.9e-4,3.1e-4,4.5e-4,6.3e-4,8.4e-4,NA,NA,NA,NA,NA,NA,NA,NA,NA,NA,NA,NA,NA,NA,TRUE,FALSE,UGA_flucast,2026-05-27,INFLAenza
Ohio,OH,2,wk inc rsv prop ed visits,prop_ed,2026-05-30,2026-06-13,UGA_flucast-INFLAenza,4.496061677898004e-5,9.570083102477271e-5,1.6411642351093724e-4,2.7783239458485133e-4,4.1737701953942897e-4,5.937840348304232e-4,8.094189475140121e-4,4.5e-5,9.6e-5,1.6e-4,2.8e-4,4.2e-4,5.9e-4,8.1e-4,NA,NA,NA,NA,NA,NA,NA,NA,NA,NA,NA,NA,NA,NA,TRUE,FALSE,UGA_flucast,2026-05-27,INFLAenza
Ohio,OH,0,wk inc rsv hosp,hosp,2026-05-30,2026-05-30,RSVHub-ensemble,10,15,21,29,40,55,80,10,20,20,30,40,60,80,0.08489388815790534,0.12734083223685802,0.17827716513160125,0.2461922756579255,0.33957555263162137,0.4669163848684794,0.6791511052632427,0.08,0.13,0.18,0.25,0.34,0.47,0.68,FALSE,TRUE,RSVHub,2026-05-27,Ensemble using RSVHub forecast submissions
Ohio,OH,1,wk inc rsv hosp,hosp,2026-05-30,2026-06-06,RSVHub-ensemble,6,10,15,22,32,46,66,6,10,20,20,30,50,70,0.05093633289474321,0.08489388815790534,0.12734083223685802,0.18676655394739178,0.2716604421052971,0.3905118855263646,0.5602996618421753,0.05,0.08,0.13,0.19,0.27,0.39,0.56,FALSE,TRUE,RSVHub,2026-05-27,Ensemble using RSVHub forecast submissions
Ohio,OH,2,wk inc rsv hosp,hosp,2026-05-30,2026-06-13,RSVHub-ensemble,4,7,11,17,26,39,58,4,7,10,20,30,40,60,0.03395755526316214,0.059425721710533744,0.09338327697369589,0.1443196098684391,0.22072410921055394,0.3310861638158309,0.492384551315851,0.03,0.06,0.09,0.14,0.22,0.33,0.49,FALSE,TRUE,RSVHub,2026-05-27,Ensemble using RSVHub forecast submissions
Ohio,OH,0,wk inc rsv prop ed visits,prop_ed,2026-05-30,2026-05-30,RSVHub-ensemble,1.1277580526007164e-4,1.6208017672262844e-4,2.2128685324414703e-4,3.0175320473229317e-4,4.023229457243667e-4,5.079282473251936e-4,6.514952183072885e-4,1.1e-4,1.6e-4,2.2e-4,3e-4,4e-4,5.1e-4,6.5e-4,NA,NA,NA,NA,NA,NA,NA,NA,NA,NA,NA,NA,NA,NA,FALSE,TRUE,RSVHub,2026-05-27,Ensemble using RSVHub forecast submissions
Ohio,OH,1,wk inc rsv prop ed visits,prop_ed,2026-05-30,2026-06-06,RSVHub-ensemble,6.89437655166795e-5,1.1813854924973377e-4,1.7333103521629829e-4,2.5864589315809783e-4,3.629583065939307e-4,4.899108305690943e-4,6.486011775399805e-4,6.9e-5,1.2e-4,1.7e-4,2.6e-4,3.6e-4,4.9e-4,6.5e-4,NA,NA,NA,NA,NA,NA,NA,NA,NA,NA,NA,NA,NA,NA,FALSE,TRUE,RSVHub,2026-05-27,Ensemble using RSVHub forecast submissions
Oklahoma,OK,0,wk inc rsv hosp,hosp,2026-05-30,2026-05-30,CEPH-Rtrend_rsv,3,4,6,9,13,19,26,3,4,6,9,10,20,30,0.0743404330924951,0.09912057745666014,0.1486808661849902,0.22302129927748535,0.32214187673414546,0.4708227429191357,0.6442837534682909,0.07,0.1,0.15,0.22,0.32,0.47,0.64,TRUE,FALSE,CEPH Lab at Indiana University,2026-05-27,Rtrend RSV
Oklahoma,OK,1,wk inc rsv hosp,hosp,2026-05-30,2026-06-06,CEPH-Rtrend_rsv,2,3,5,8,14,21,31,2,3,5,8,10,20,30,0.04956028872833007,0.0743404330924951,0.12390072182082518,0.19824115491332028,0.3469220210983105,0.5203830316474658,0.7681844752891162,0.05,0.07,0.12,0.2,0.35,0.52,0.77,TRUE,FALSE,CEPH Lab at Indiana University,2026-05-27,Rtrend RSV
Oklahoma,OK,2,wk inc rsv hosp,hosp,2026-05-30,2026-06-13,CEPH-Rtrend_rsv,1,2,4,8,14,23,36,1,2,4,8,10,20,40,0.024780144364165035,0.04956028872833007,0.09912057745666014,0.19824115491332028,0.3469220210983105,0.5699433203757959,0.8920851971099414,0.02,0.05,0.1,0.2,0.35,0.57,0.89,TRUE,FALSE,CEPH Lab at Indiana University,2026-05-27,Rtrend RSV
Oklahoma,OK,0,wk inc rsv prop ed visits,prop_ed,2026-05-30,2026-05-30,CFA_Pyrenew-Pyrenew_E_RSV,7.121860710954739e-5,1.4671405394320653e-4,2.859857654920811e-4,4.258746167939322e-4,5.826917593704125e-4,7.77383758957244e-4,9.938881228304993e-4,7.1e-5,1.5e-4,2.9e-4,4.3e-4,5.8e-4,7.8e-4,9.9e-4,NA,NA,NA,NA,NA,NA,NA,NA,NA,NA,NA,NA,NA,NA,TRUE,FALSE,Center for Forecasting and Outbreak Analytics (CFA/CDC) Pyrenew team,2026-05-27,Pyrenew_ED_Visits_RSV
Oklahoma,OK,1,wk inc rsv prop ed visits,prop_ed,2026-05-30,2026-06-06,CFA_Pyrenew-Pyrenew_E_RSV,0,7.240048837019851e-5,0.00014760990291828885,2.891757188846773e-4,4.407182651539205e-4,6.235233251766973e-4,8.465629040398814e-4,0,7.2e-5,1.5e-4,2.9e-4,4.4e-4,6.2e-4,8.5e-4,NA,NA,NA,NA,NA,NA,NA,NA,NA,NA,NA,NA,NA,NA,TRUE,FALSE,Center for Forecasting and Outbreak Analytics (CFA/CDC) Pyrenew team,2026-05-27,Pyrenew_ED_Visits_RSV
Oklahoma,OK,0,wk inc rsv hosp,hosp,2026-05-30,2026-05-30,CFA_Pyrenew-Pyrenew_H_RSV,1,3,5,8,11,15,21,1,3,5,8,10,20,20,0.024780144364165035,0.0743404330924951,0.12390072182082518,0.19824115491332028,0.2725815880058154,0.37170216546247553,0.5203830316474658,0.02,0.07,0.12,0.2,0.27,0.37,0.52,FALSE,FALSE,Center for Forecasting and Outbreak Analytics (CFA/CDC) Pyrenew team,2026-05-27,Pyrenew_Hospital_Admissions_RSV
Oklahoma,OK,1,wk inc rsv hosp,hosp,2026-05-30,2026-06-06,CFA_Pyrenew-Pyrenew_H_RSV,1,2,4,7,12,18,28,1,2,4,7,10,20,30,0.024780144364165035,0.04956028872833007,0.09912057745666014,0.17346101054915525,0.2973617323699804,0.4460425985549707,0.693844042196621,0.02,0.05,0.1,0.17,0.3,0.45,0.69,FALSE,FALSE,Center for Forecasting and Outbreak Analytics (CFA/CDC) Pyrenew team,2026-05-27,Pyrenew_Hospital_Admissions_RSV
Oklahoma,OK,0,wk inc rsv hosp,hosp,2026-05-30,2026-05-30,Google_SAI-RSVEns,1.5,2.5,4.5,6.5,8,12,16,2,3,5,7,8,10,20,0.03717021654624755,0.06195036091041259,0.11151064963874267,0.16107093836707273,0.19824115491332028,0.2973617323699804,0.39648230982664057,0.04,0.06,0.11,0.16,0.2,0.3,0.4,TRUE,FALSE,Google Science AI,2026-05-27,RSVEnsemble
Oklahoma,OK,1,wk inc rsv hosp,hosp,2026-05-30,2026-06-06,Google_SAI-RSVEns,1.5,2.5,4,5.5,6,8.5,10,2,3,4,6,6,9,10,0.03717021654624755,0.06195036091041259,0.09912057745666014,0.1362907940029077,0.1486808661849902,0.2106312270954028,0.24780144364165035,0.04,0.06,0.1,0.14,0.15,0.21,0.25,TRUE,FALSE,Google Science AI,2026-05-27,RSVEnsemble
Oklahoma,OK,2,wk inc rsv hosp,hosp,2026-05-30,2026-06-13,Google_SAI-RSVEns,0.5,1.5,3,4,5.5,8,12,1,2,3,4,6,8,10,0.012390072182082518,0.03717021654624755,0.0743404330924951,0.09912057745666014,0.1362907940029077,0.19824115491332028,0.2973617323699804,0.01,0.04,0.07,0.1,0.14,0.2,0.3,TRUE,FALSE,Google Science AI,2026-05-27,RSVEnsemble
Oklahoma,OK,0,wk inc rsv hosp,hosp,2026-05-30,2026-05-30,RSVHub-baseline,0,0,3.7499999999999982,9,14.25,26,41.12499999999991,0,0,4,9,10,30,40,0,0,0.09292554136561884,0.22302129927748535,0.35311705718935177,0.6442837534682909,1.019083436976285,0,0,0.09,0.22,0.35,0.64,1.02,FALSE,FALSE,RSVHub-hub-models,2026-05-27,RSVHub baseline model
Oklahoma,OK,1,wk inc rsv hosp,hosp,2026-05-30,2026-06-06,RSVHub-baseline,0,0,0.6858143581435954,9,19.94182191821919,34.77593075930767,52.87986379863797,0,0,1,9,20,30,50,0,0,0.01699457880181548,0.22302129927748535,0.49416122601794205,0.8617525846138514,1.3103706588876334,0,0,0.02,0.22,0.49,0.86,1.31,FALSE,FALSE,RSVHub-hub-models,2026-05-27,RSVHub baseline model
Oklahoma,OK,2,wk inc rsv hosp,hosp,2026-05-30,2026-06-13,RSVHub-baseline,0,0,0,9,23.956979569795635,39.92635826358266,59.6581315813157,0,0,0,9,20,40,60,0,0,0,0.22302129927748535,0.5936574122688882,0.9893809217069519,1.4783371130813565,0,0,0,0.22,0.59,0.99,1.48,FALSE,FALSE,RSVHub-hub-models,2026-05-27,RSVHub baseline model
Oklahoma,OK,0,wk inc rsv prop ed visits,prop_ed,2026-05-30,2026-05-30,RSVHub-baseline,0,0,2.999999999999999e-4,6e-4,9e-4,0.0018999999999999998,0.003199999999999999,0,0,3e-4,6e-4,9e-4,0.0019,0.0032,NA,NA,NA,NA,NA,NA,NA,NA,NA,NA,NA,NA,NA,NA,FALSE,FALSE,RSVHub-hub-models,2026-05-27,RSVHub baseline model
Oklahoma,OK,1,wk inc rsv prop ed visits,prop_ed,2026-05-30,2026-06-06,RSVHub-baseline,0,0,1e-4,6e-4,0.001345530955309553,0.002599999999999999,0.004369232167321664,0,0,1e-4,6e-4,0.0013,0.0026,0.0044,NA,NA,NA,NA,NA,NA,NA,NA,NA,NA,NA,NA,NA,NA,FALSE,FALSE,RSVHub-hub-models,2026-05-27,RSVHub baseline model
Oklahoma,OK,2,wk inc rsv prop ed visits,prop_ed,2026-05-30,2026-06-13,RSVHub-baseline,0,0,0,6e-4,0.0016166401664016669,0.003000000000000001,0.004854928624286253,0,0,0,6e-4,0.0016,0.003,0.0049,NA,NA,NA,NA,NA,NA,NA,NA,NA,NA,NA,NA,NA,NA,FALSE,FALSE,RSVHub-hub-models,2026-05-27,RSVHub baseline model
Oklahoma,OK,0,wk inc rsv hosp,hosp,2026-05-30,2026-05-30,UGA_flucast-INFLAenza,1,2,3,5,7,10,14,1,2,3,5,7,10,10,0.024780144364165035,0.04956028872833007,0.0743404330924951,0.12390072182082518,0.17346101054915525,0.24780144364165035,0.3469220210983105,0.02,0.05,0.07,0.12,0.17,0.25,0.35,TRUE,FALSE,UGA_flucast,2026-05-27,INFLAenza
Oklahoma,OK,1,wk inc rsv hosp,hosp,2026-05-30,2026-06-06,UGA_flucast-INFLAenza,0,1,2,4,6,9,13,0,1,2,4,6,9,10,0,0.024780144364165035,0.04956028872833007,0.09912057745666014,0.1486808661849902,0.22302129927748535,0.32214187673414546,0,0.02,0.05,0.1,0.15,0.22,0.32,TRUE,FALSE,UGA_flucast,2026-05-27,INFLAenza
Oklahoma,OK,2,wk inc rsv hosp,hosp,2026-05-30,2026-06-13,UGA_flucast-INFLAenza,0,0,1,3,5,7,11,0,0,1,3,5,7,10,0,0,0.024780144364165035,0.0743404330924951,0.12390072182082518,0.17346101054915525,0.2725815880058154,0,0,0.02,0.07,0.12,0.17,0.27,TRUE,FALSE,UGA_flucast,2026-05-27,INFLAenza
Oklahoma,OK,0,wk inc rsv prop ed visits,prop_ed,2026-05-30,2026-05-30,UGA_flucast-INFLAenza,1.809474589875288e-4,2.882353374068619e-4,3.9726384108754447e-4,5.628719815856554e-4,7.611622880981902e-4,9.677933361535755e-4,0.0012629094400352203,1.8e-4,2.9e-4,4e-4,5.6e-4,7.6e-4,9.7e-4,0.0013,NA,NA,NA,NA,NA,NA,NA,NA,NA,NA,NA,NA,NA,NA,TRUE,FALSE,UGA_flucast,2026-05-27,INFLAenza
Oklahoma,OK,1,wk inc rsv prop ed visits,prop_ed,2026-05-30,2026-06-06,UGA_flucast-INFLAenza,1.3619190148014647e-4,2.2482813321547635e-4,3.368466244922923e-4,5.024771058431207e-4,6.936398926062601e-4,9.13828006437543e-4,0.0012145483076450231,1.4e-4,2.2e-4,3.4e-4,5e-4,6.9e-4,9.1e-4,0.0012,NA,NA,NA,NA,NA,NA,NA,NA,NA,NA,NA,NA,NA,NA,TRUE,FALSE,UGA_flucast,2026-05-27,INFLAenza
Oklahoma,OK,2,wk inc rsv prop ed visits,prop_ed,2026-05-30,2026-06-13,UGA_flucast-INFLAenza,9.545004048040846e-5,1.8279180949012588e-4,2.9080882652327136e-4,4.4874223539309734e-4,6.533361904601529e-4,8.853609086537442e-4,0.001208541502116803,9.5e-5,1.8e-4,2.9e-4,4.5e-4,6.5e-4,8.9e-4,0.0012,NA,NA,NA,NA,NA,NA,NA,NA,NA,NA,NA,NA,NA,NA,TRUE,FALSE,UGA_flucast,2026-05-27,INFLAenza
Oklahoma,OK,0,wk inc rsv hosp,hosp,2026-05-30,2026-05-30,RSVHub-ensemble,1.5,2.5,4.5,6.5,8,12,16,2,3,5,7,8,10,20,0.03717021654624755,0.06195036091041259,0.11151064963874267,0.16107093836707273,0.19824115491332028,0.2973617323699804,0.39648230982664057,0.04,0.06,0.11,0.16,0.2,0.3,0.4,FALSE,TRUE,RSVHub,2026-05-27,Ensemble using RSVHub forecast submissions
Oklahoma,OK,1,wk inc rsv hosp,hosp,2026-05-30,2026-06-06,RSVHub-ensemble,1.5,2.5,4,5.5,6,9,13,2,3,4,6,6,9,10,0.03717021654624755,0.06195036091041259,0.09912057745666014,0.1362907940029077,0.1486808661849902,0.22302129927748535,0.32214187673414546,0.04,0.06,0.1,0.14,0.15,0.22,0.32,FALSE,TRUE,RSVHub,2026-05-27,Ensemble using RSVHub forecast submissions
Oklahoma,OK,2,wk inc rsv hosp,hosp,2026-05-30,2026-06-13,RSVHub-ensemble,0.5,1.5,3,4,5.5,8,12,1,2,3,4,6,8,10,0.012390072182082518,0.03717021654624755,0.0743404330924951,0.09912057745666014,0.1362907940029077,0.19824115491332028,0.2973617323699804,0.01,0.04,0.07,0.1,0.14,0.2,0.3,FALSE,TRUE,RSVHub,2026-05-27,Ensemble using RSVHub forecast submissions
Oklahoma,OK,0,wk inc rsv prop ed visits,prop_ed,2026-05-30,2026-05-30,RSVHub-ensemble,1.260830330485381e-4,2.1747469567503423e-4,3.416248032898128e-4,4.943732991897938e-4,6.719270237343013e-4,8.725885475554097e-4,0.00112839878143286,1.3e-4,2.2e-4,3.4e-4,4.9e-4,6.7e-4,8.7e-4,0.0011,NA,NA,NA,NA,NA,NA,NA,NA,NA,NA,NA,NA,NA,NA,FALSE,TRUE,RSVHub,2026-05-27,Ensemble using RSVHub forecast submissions
Oklahoma,OK,1,wk inc rsv prop ed visits,prop_ed,2026-05-30,2026-06-06,RSVHub-ensemble,6.809595074007323e-5,1.4861431079283744e-4,2.4222826370529058e-4,3.95826412363899e-4,5.671790788800903e-4,7.686756658071201e-4,0.0010305556058424522,6.8e-5,1.5e-4,2.4e-4,4e-4,5.7e-4,7.7e-4,0.001,NA,NA,NA,NA,NA,NA,NA,NA,NA,NA,NA,NA,NA,NA,FALSE,TRUE,RSVHub,2026-05-27,Ensemble using RSVHub forecast submissions
Oregon,OR,0,wk inc rsv hosp,hosp,2026-05-30,2026-05-30,CEPH-Rtrend_rsv,1,2,3,5,9,13,19,1,2,3,5,9,10,20,0.023629830203129108,0.047259660406258217,0.07088949060938733,0.11814915101564553,0.212668471828162,0.3071877926406784,0.4489667738594531,0.02,0.05,0.07,0.12,0.21,0.31,0.45,TRUE,FALSE,CEPH Lab at Indiana University,2026-05-27,Rtrend RSV
Oregon,OR,1,wk inc rsv hosp,hosp,2026-05-30,2026-06-06,CEPH-Rtrend_rsv,0,1,2,4,7,11,18,0,1,2,4,7,10,20,0,0.023629830203129108,0.047259660406258217,0.09451932081251643,0.16540881142190378,0.2599281322344202,0.425336943656324,0,0.02,0.05,0.09,0.17,0.26,0.43,TRUE,FALSE,CEPH Lab at Indiana University,2026-05-27,Rtrend RSV
Oregon,OR,2,wk inc rsv hosp,hosp,2026-05-30,2026-06-13,CEPH-Rtrend_rsv,0,1,1,3,5,10,17,0,1,1,3,5,10,20,0,0.023629830203129108,0.023629830203129108,0.07088949060938733,0.11814915101564553,0.23629830203129107,0.4017071134531948,0,0.02,0.02,0.07,0.12,0.24,0.4,TRUE,FALSE,CEPH Lab at Indiana University,2026-05-27,Rtrend RSV
Oregon,OR,0,wk inc rsv prop ed visits,prop_ed,2026-05-30,2026-05-30,CFA_Pyrenew-Pyrenew_E_RSV,1.1393395610167351e-4,1.7160987822318534e-4,2.2810366859854763e-4,3.104778393650491e-4,4.003588968613338e-4,5.004803069769946e-4,6.06184921645044e-4,1.1e-4,1.7e-4,2.3e-4,3.1e-4,4e-4,5e-4,6.1e-4,NA,NA,NA,NA,NA,NA,NA,NA,NA,NA,NA,NA,NA,NA,TRUE,FALSE,Center for Forecasting and Outbreak Analytics (CFA/CDC) Pyrenew team,2026-05-27,Pyrenew_ED_Visits_RSV
Oregon,OR,1,wk inc rsv prop ed visits,prop_ed,2026-05-30,2026-06-06,CFA_Pyrenew-Pyrenew_E_RSV,2.876253218826578e-5,8.427481605182143e-5,1.389700861991184e-4,1.9808304664151153e-4,2.838628919383669e-4,3.695837547165058e-4,4.907782855727978e-4,2.9e-5,8.4e-5,1.4e-4,2e-4,2.8e-4,3.7e-4,4.9e-4,NA,NA,NA,NA,NA,NA,NA,NA,NA,NA,NA,NA,NA,NA,TRUE,FALSE,Center for Forecasting and Outbreak Analytics (CFA/CDC) Pyrenew team,2026-05-27,Pyrenew_ED_Visits_RSV
Oregon,OR,0,wk inc rsv hosp,hosp,2026-05-30,2026-05-30,CFA_Pyrenew-Pyrenew_H_RSV,1,2,3,5,8,10,14,1,2,3,5,8,10,10,0.023629830203129108,0.047259660406258217,0.07088949060938733,0.11814915101564553,0.18903864162503287,0.23629830203129107,0.33081762284380756,0.02,0.05,0.07,0.12,0.19,0.24,0.33,FALSE,FALSE,Center for Forecasting and Outbreak Analytics (CFA/CDC) Pyrenew team,2026-05-27,Pyrenew_Hospital_Admissions_RSV
Oregon,OR,1,wk inc rsv hosp,hosp,2026-05-30,2026-06-06,CFA_Pyrenew-Pyrenew_H_RSV,0,1,2,4,6,9,13,0,1,2,4,6,9,10,0,0.023629830203129108,0.047259660406258217,0.09451932081251643,0.14177898121877466,0.212668471828162,0.3071877926406784,0,0.02,0.05,0.09,0.14,0.21,0.31,FALSE,FALSE,Center for Forecasting and Outbreak Analytics (CFA/CDC) Pyrenew team,2026-05-27,Pyrenew_Hospital_Admissions_RSV
Oregon,OR,0,wk inc rsv hosp,hosp,2026-05-30,2026-05-30,Google_SAI-RSVEns,1.5,3,4.5,6,9,12.5,19,2,3,5,6,9,10,20,0.035444745304693666,0.07088949060938733,0.106334235914081,0.14177898121877466,0.212668471828162,0.2953728775391139,0.4489667738594531,0.04,0.07,0.11,0.14,0.21,0.3,0.45,TRUE,FALSE,Google Science AI,2026-05-27,RSVEnsemble
Oregon,OR,1,wk inc rsv hosp,hosp,2026-05-30,2026-06-06,Google_SAI-RSVEns,1,2,4,5.5,6.5,11,17.5,1,2,4,6,7,10,20,0.023629830203129108,0.047259660406258217,0.09451932081251643,0.1299640661172101,0.1535938963203392,0.2599281322344202,0.41352202855475945,0.02,0.05,0.09,0.13,0.15,0.26,0.41,TRUE,FALSE,Google Science AI,2026-05-27,RSVEnsemble
Oregon,OR,2,wk inc rsv hosp,hosp,2026-05-30,2026-06-13,Google_SAI-RSVEns,0.5,1,3,3.5,5.5,7.5,12,1,1,3,4,6,8,10,0.011814915101564554,0.023629830203129108,0.07088949060938733,0.08270440571095189,0.1299640661172101,0.17722372652346832,0.2835579624375493,0.01,0.02,0.07,0.08,0.13,0.18,0.28,TRUE,FALSE,Google Science AI,2026-05-27,RSVEnsemble
Oregon,OR,0,wk inc rsv hosp,hosp,2026-05-30,2026-05-30,RSVHub-baseline,0,0,3,7,11,23,48.17499999999987,0,0,3,7,10,20,50,0,0,0.07088949060938733,0.16540881142190378,0.2599281322344202,0.5434860946719695,1.1383670700357418,0,0,0.07,0.17,0.26,0.54,1.14,FALSE,FALSE,RSVHub-hub-models,2026-05-27,RSVHub baseline model
Oregon,OR,1,wk inc rsv hosp,hosp,2026-05-30,2026-06-06,RSVHub-baseline,0,0,0,7,17.562370623706236,37.59802298022979,59.666617166171655,0,0,0,7,20,40,60,0,0,0,0.16540881142190378,0.4149958358026011,0.8884348989961763,1.409912032431745,0,0,0,0.17,0.41,0.89,1.41,FALSE,FALSE,RSVHub-hub-models,2026-05-27,RSVHub baseline model
Oregon,OR,2,wk inc rsv hosp,hosp,2026-05-30,2026-06-13,RSVHub-baseline,0,0,0,7,22,44.25459154591546,67.1721777217772,0,0,0,7,20,40,70,0,0,0,0.16540881142190378,0.5198562644688404,1.0457284839388152,1.5872671539400074,0,0,0,0.17,0.52,1.05,1.59,FALSE,FALSE,RSVHub-hub-models,2026-05-27,RSVHub baseline model
Oregon,OR,0,wk inc rsv prop ed visits,prop_ed,2026-05-30,2026-05-30,RSVHub-baseline,0,0,2e-4,4e-4,6.000000000000001e-4,0.0014,0.0030049999999999964,0,0,2e-4,4e-4,6e-4,0.0014,0.003,NA,NA,NA,NA,NA,NA,NA,NA,NA,NA,NA,NA,NA,NA,FALSE,FALSE,RSVHub-hub-models,2026-05-27,RSVHub baseline model
Oregon,OR,1,wk inc rsv prop ed visits,prop_ed,2026-05-30,2026-06-06,RSVHub-baseline,0,0,1.0842021724855044e-19,4e-4,0.001,0.002013291032910329,0.003508321858218586,0,0,1.1e-19,4e-4,0.001,0.002,0.0035,NA,NA,NA,NA,NA,NA,NA,NA,NA,NA,NA,NA,NA,NA,FALSE,FALSE,RSVHub-hub-models,2026-05-27,RSVHub baseline model
Oregon,OR,2,wk inc rsv prop ed visits,prop_ed,2026-05-30,2026-06-13,RSVHub-baseline,0,0,0,3.9999999999999996e-4,0.0013131253812538105,0.0025989704897048972,0.0040587126121261145,0,0,0,4e-4,0.0013,0.0026,0.0041,NA,NA,NA,NA,NA,NA,NA,NA,NA,NA,NA,NA,NA,NA,FALSE,FALSE,RSVHub-hub-models,2026-05-27,RSVHub baseline model
Oregon,OR,0,wk inc rsv hosp,hosp,2026-05-30,2026-05-30,UGA_flucast-INFLAenza,1,2,3,6,8,12,17,1,2,3,6,8,10,20,0.023629830203129108,0.047259660406258217,0.07088949060938733,0.14177898121877466,0.18903864162503287,0.2835579624375493,0.4017071134531948,0.02,0.05,0.07,0.14,0.19,0.28,0.4,TRUE,FALSE,UGA_flucast,2026-05-27,INFLAenza
Oregon,OR,1,wk inc rsv hosp,hosp,2026-05-30,2026-06-06,UGA_flucast-INFLAenza,0,1,2,4,7,10,15,0,1,2,4,7,10,20,0,0.023629830203129108,0.047259660406258217,0.09451932081251643,0.16540881142190378,0.23629830203129107,0.35444745304693664,0,0.02,0.05,0.09,0.17,0.24,0.35,TRUE,FALSE,UGA_flucast,2026-05-27,INFLAenza
Oregon,OR,2,wk inc rsv hosp,hosp,2026-05-30,2026-06-13,UGA_flucast-INFLAenza,0,1,2,3,5,8,13,0,1,2,3,5,8,10,0,0.023629830203129108,0.047259660406258217,0.07088949060938733,0.11814915101564553,0.18903864162503287,0.3071877926406784,0,0.02,0.05,0.07,0.12,0.19,0.31,TRUE,FALSE,UGA_flucast,2026-05-27,INFLAenza
Oregon,OR,0,wk inc rsv prop ed visits,prop_ed,2026-05-30,2026-05-30,UGA_flucast-INFLAenza,1.581265082949776e-4,2.481872906127656e-4,3.5739787672417483e-4,5.055762883368044e-4,6.898470602029891e-4,8.700954219551323e-4,0.001134179033159765,1.6e-4,2.5e-4,3.6e-4,5.1e-4,6.9e-4,8.7e-4,0.0011,NA,NA,NA,NA,NA,NA,NA,NA,NA,NA,NA,NA,NA,NA,TRUE,FALSE,UGA_flucast,2026-05-27,INFLAenza
Oregon,OR,1,wk inc rsv prop ed visits,prop_ed,2026-05-30,2026-06-06,UGA_flucast-INFLAenza,1.1850125602494842e-4,1.999169845647618e-4,2.9985537594985547e-4,4.439842226168844e-4,6.251033733148824e-4,8.339290378028939e-4,0.001115334928543783,1.2e-4,2e-4,3e-4,4.4e-4,6.3e-4,8.3e-4,0.0011,NA,NA,NA,NA,NA,NA,NA,NA,NA,NA,NA,NA,NA,NA,TRUE,FALSE,UGA_flucast,2026-05-27,INFLAenza
Oregon,OR,2,wk inc rsv prop ed visits,prop_ed,2026-05-30,2026-06-13,UGA_flucast-INFLAenza,8.690233090099286e-5,1.5891822664735727e-4,2.550566708630547e-4,3.985282315880769e-4,5.801676768271808e-4,7.919628756133528e-4,0.0010794560183985,8.7e-5,1.6e-4,2.6e-4,4e-4,5.8e-4,7.9e-4,0.0011,NA,NA,NA,NA,NA,NA,NA,NA,NA,NA,NA,NA,NA,NA,TRUE,FALSE,UGA_flucast,2026-05-27,INFLAenza
Oregon,OR,0,wk inc rsv hosp,hosp,2026-05-30,2026-05-30,RSVHub-ensemble,1,2,3,6,9,12.5,19,1,2,3,6,9,10,20,0.023629830203129108,0.047259660406258217,0.07088949060938733,0.14177898121877466,0.212668471828162,0.2953728775391139,0.4489667738594531,0.02,0.05,0.07,0.14,0.21,0.3,0.45,FALSE,TRUE,RSVHub,2026-05-27,Ensemble using RSVHub forecast submissions
Oregon,OR,1,wk inc rsv hosp,hosp,2026-05-30,2026-06-06,RSVHub-ensemble,0,1,2,4,7,11,17.5,0,1,2,4,7,10,20,0,0.023629830203129108,0.047259660406258217,0.09451932081251643,0.16540881142190378,0.2599281322344202,0.41352202855475945,0,0.02,0.05,0.09,0.17,0.26,0.41,FALSE,TRUE,RSVHub,2026-05-27,Ensemble using RSVHub forecast submissions
Oregon,OR,2,wk inc rsv hosp,hosp,2026-05-30,2026-06-13,RSVHub-ensemble,0,1,2,3,5,8,13,0,1,2,3,5,8,10,0,0.023629830203129108,0.047259660406258217,0.07088949060938733,0.11814915101564553,0.18903864162503287,0.3071877926406784,0,0.02,0.05,0.07,0.12,0.19,0.31,FALSE,TRUE,RSVHub,2026-05-27,Ensemble using RSVHub forecast submissions
Oregon,OR,0,wk inc rsv prop ed visits,prop_ed,2026-05-30,2026-05-30,RSVHub-ensemble,1.3603023219832555e-4,2.0989858441797547e-4,2.9275077266136126e-4,4.0802706385092676e-4,5.451029785321614e-4,6.852878644660634e-4,8.701819774024045e-4,1.4e-4,2.1e-4,2.9e-4,4.1e-4,5.5e-4,6.9e-4,8.7e-4,NA,NA,NA,NA,NA,NA,NA,NA,NA,NA,NA,NA,NA,NA,FALSE,TRUE,RSVHub,2026-05-27,Ensemble using RSVHub forecast submissions
Oregon,OR,1,wk inc rsv prop ed visits,prop_ed,2026-05-30,2026-06-06,RSVHub-ensemble,7.36318941066071e-5,1.420959003082916e-4,2.1941273107448694e-4,3.2103363462919796e-4,4.544831326266246e-4,6.017563962596999e-4,8.030566070582905e-4,7.4e-5,1.4e-4,2.2e-4,3.2e-4,4.5e-4,6e-4,8e-4,NA,NA,NA,NA,NA,NA,NA,NA,NA,NA,NA,NA,NA,NA,FALSE,TRUE,RSVHub,2026-05-27,Ensemble using RSVHub forecast submissions
Pennsylvania,PA,0,wk inc rsv hosp,hosp,2026-05-30,2026-05-30,CEPH-Rtrend_rsv,23,43,62,101,148,206,272,20,40,60,100,150,210,270,0.17748361112476535,0.33181718601586563,0.4784340821624109,0.7793845532000565,1.1420684541941422,1.589635821378333,2.098936618518964,0.18,0.33,0.48,0.78,1.14,1.59,2.1,TRUE,FALSE,CEPH Lab at Indiana University,2026-05-27,Rtrend RSV
Pennsylvania,PA,1,wk inc rsv hosp,hosp,2026-05-30,2026-06-06,CEPH-Rtrend_rsv,12,23,43,78,120,171,233,10,20,40,80,120,170,230,0.09260014493466018,0.17748361112476535,0.33181718601586563,0.6019009420752912,0.9260014493466018,1.3195520653189075,1.7979861474813186,0.09,0.18,0.33,0.6,0.93,1.32,1.8,TRUE,FALSE,CEPH Lab at Indiana University,2026-05-27,Rtrend RSV
Pennsylvania,PA,2,wk inc rsv hosp,hosp,2026-05-30,2026-06-13,CEPH-Rtrend_rsv,4,16,31,54,93,132,179,4,20,30,50,90,130,180,0.030866714978220064,0.12346685991288026,0.23921704108120545,0.4167006522059708,0.7176511232436165,1.018601594281262,1.3812854952753477,0.03,0.12,0.24,0.42,0.72,1.02,1.38,TRUE,FALSE,CEPH Lab at Indiana University,2026-05-27,Rtrend RSV
Pennsylvania,PA,0,wk inc rsv prop ed visits,prop_ed,2026-05-30,2026-05-30,CFA_Pyrenew-Pyrenew_E_RSV,1.7458362720828256e-4,2.131038028663666e-4,2.5204199645314146e-4,2.9945161427282624e-4,3.5601479822768077e-4,4.0923981948436436e-4,4.7219098768983464e-4,1.7e-4,2.1e-4,2.5e-4,3e-4,3.6e-4,4.1e-4,4.7e-4,NA,NA,NA,NA,NA,NA,NA,NA,NA,NA,NA,NA,NA,NA,TRUE,FALSE,Center for Forecasting and Outbreak Analytics (CFA/CDC) Pyrenew team,2026-05-27,Pyrenew_ED_Visits_RSV
Pennsylvania,PA,1,wk inc rsv prop ed visits,prop_ed,2026-05-30,2026-06-06,CFA_Pyrenew-Pyrenew_E_RSV,1.0436674439425974e-4,1.4402868001136927e-4,1.8184451396543723e-4,2.33526838932148e-4,2.95324995890944e-4,3.611030915685917e-4,4.4936667923982225e-4,1e-4,1.4e-4,1.8e-4,2.3e-4,3e-4,3.6e-4,4.5e-4,NA,NA,NA,NA,NA,NA,NA,NA,NA,NA,NA,NA,NA,NA,TRUE,FALSE,Center for Forecasting and Outbreak Analytics (CFA/CDC) Pyrenew team,2026-05-27,Pyrenew_ED_Visits_RSV
Pennsylvania,PA,0,wk inc rsv hosp,hosp,2026-05-30,2026-05-30,CFA_Pyrenew-Pyrenew_H_RSV,79.975,93,106,123,146,167,194,80,90,110,120,150,170,190,0.6171413825957872,0.7176511232436165,0.8179679469228316,0.9491514855802667,1.1266350967050323,1.2886853503406874,1.497035676443673,0.62,0.72,0.82,0.95,1.13,1.29,1.5,FALSE,FALSE,Center for Forecasting and Outbreak Analytics (CFA/CDC) Pyrenew team,2026-05-27,Pyrenew_Hospital_Admissions_RSV
Pennsylvania,PA,1,wk inc rsv hosp,hosp,2026-05-30,2026-06-06,CFA_Pyrenew-Pyrenew_H_RSV,62.975,77,95,119,151,188,247.02499999999986,60,80,100,120,150,190,250,0.48595784393835206,0.5941842633307362,0.7330844807327265,0.9182847706020467,1.1652184904278073,1.4507356039763428,1.9062125668737016,0.49,0.59,0.73,0.92,1.17,1.45,1.91,FALSE,FALSE,Center for Forecasting and Outbreak Analytics (CFA/CDC) Pyrenew team,2026-05-27,Pyrenew_Hospital_Admissions_RSV
Pennsylvania,PA,0,wk inc rsv hosp,hosp,2026-05-30,2026-05-30,Google_SAI-RSVEns,60,90,103.5,112,122.5,151.5,174.5,60,90,100,110,120,150,170,0.4630007246733009,0.6945010870099514,0.7986762500614442,0.8642680193901616,0.9452931462079893,1.1690768298000846,1.3465604409248502,0.46,0.69,0.8,0.86,0.95,1.17,1.35,TRUE,FALSE,Google Science AI,2026-05-27,RSVEnsemble
Pennsylvania,PA,1,wk inc rsv hosp,hosp,2026-05-30,2026-06-06,Google_SAI-RSVEns,55,73.5,81,90.5,100,127,138.5,60,70,80,90,100,130,140,0.4244173309505258,0.5671758877247937,0.6250509783089562,0.6983594263822289,0.7716678744555016,0.9800182005584869,1.0687600061208695,0.42,0.57,0.63,0.7,0.77,0.98,1.07,TRUE,FALSE,Google Science AI,2026-05-27,RSVEnsemble
Pennsylvania,PA,2,wk inc rsv hosp,hosp,2026-05-30,2026-06-13,Google_SAI-RSVEns,48,60,68.5,74.5,87.5,106,128.5,50,60,70,70,90,110,130,0.3704005797386407,0.4630007246733009,0.5285924940020186,0.5748925664693486,0.6752093901485637,0.8179679469228316,0.9915932186753195,0.37,0.46,0.53,0.57,0.68,0.82,0.99,TRUE,FALSE,Google Science AI,2026-05-27,RSVEnsemble
Pennsylvania,PA,0,wk inc rsv hosp,hosp,2026-05-30,2026-05-30,RSVHub-baseline,0,56.7,107.25,135,162.75,213.3,316.02499999999924,0,60,110,140,160,210,320,0,0.43753568481626937,0.8276137953535253,1.041751630514927,1.2558894656763286,1.6459675762135848,2.4386634002479926,0,0.44,0.83,1.04,1.26,1.65,2.44,FALSE,FALSE,RSVHub-hub-models,2026-05-27,RSVHub baseline model
Pennsylvania,PA,1,wk inc rsv hosp,hosp,2026-05-30,2026-06-06,RSVHub-baseline,0,20,76.99576995769957,135,193.62300123001228,254.57461974619744,396.0897323973235,0,20,80,140,190,250,400,0,0.1543335748911003,0.5941516214532279,1.041751630514927,1.4941264980485853,1.9644705570986571,3.0564972189269097,0,0.15,0.59,1.04,1.49,1.96,3.06,FALSE,FALSE,RSVHub-hub-models,2026-05-27,RSVHub baseline model
Pennsylvania,PA,2,wk inc rsv hosp,hosp,2026-05-30,2026-06-13,RSVHub-baseline,0,0,62.01694266942666,135,209.61381363813632,293.93843038430396,449.19081915819305,0,0,60,140,210,290,450,0,0,0.47856482329945166,1.041751630514927,1.6175224602665226,2.268228437954422,3.4662612464472837,0,0,0.48,1.04,1.62,2.27,3.47,FALSE,FALSE,RSVHub-hub-models,2026-05-27,RSVHub baseline model
Pennsylvania,PA,0,wk inc rsv prop ed visits,prop_ed,2026-05-30,2026-05-30,RSVHub-baseline,0,0,3.0000000000000003e-4,4e-4,5e-4,0.0011999999999999988,0.0026574999999999954,0,0,3e-4,4e-4,5e-4,0.0012,0.0027,NA,NA,NA,NA,NA,NA,NA,NA,NA,NA,NA,NA,NA,NA,FALSE,FALSE,RSVHub-hub-models,2026-05-27,RSVHub baseline model
Pennsylvania,PA,1,wk inc rsv prop ed visits,prop_ed,2026-05-30,2026-06-06,RSVHub-baseline,0,0,9.999999999999994e-5,4e-4,8.999999999999999e-4,0.0017027070270702722,0.003169396118961186,0,0,1e-4,4e-4,9e-4,0.0017,0.0032,NA,NA,NA,NA,NA,NA,NA,NA,NA,NA,NA,NA,NA,NA,FALSE,FALSE,RSVHub-hub-models,2026-05-27,RSVHub baseline model
Pennsylvania,PA,2,wk inc rsv prop ed visits,prop_ed,2026-05-30,2026-06-13,RSVHub-baseline,0,0,0,4e-4,0.0011,0.002199999999999999,0.0035,0,0,0,4e-4,0.0011,0.0022,0.0035,NA,NA,NA,NA,NA,NA,NA,NA,NA,NA,NA,NA,NA,NA,FALSE,FALSE,RSVHub-hub-models,2026-05-27,RSVHub baseline model
Pennsylvania,PA,0,wk inc rsv hosp,hosp,2026-05-30,2026-05-30,UGA_flucast-INFLAenza,31,43,57,76,104,136,180,30,40,60,80,100,140,180,0.23921704108120545,0.33181718601586563,0.4398506884396358,0.5864675845861811,0.8025345894337216,1.049468309259482,1.3890021740199028,0.24,0.33,0.44,0.59,0.8,1.05,1.39,TRUE,FALSE,UGA_flucast,2026-05-27,INFLAenza
Pennsylvania,PA,1,wk inc rsv hosp,hosp,2026-05-30,2026-06-06,UGA_flucast-INFLAenza,19,28,41,59,86,118,165,20,30,40,60,90,120,170,0.14661689614654527,0.2160670048475404,0.3163838285267556,0.4552840459287459,0.6636343720317313,0.9105680918574918,1.2732519928515775,0.15,0.22,0.32,0.46,0.66,0.91,1.27,TRUE,FALSE,UGA_flucast,2026-05-27,INFLAenza
Pennsylvania,PA,2,wk inc rsv hosp,hosp,2026-05-30,2026-06-13,UGA_flucast-INFLAenza,12,20,29,45,67,97,144,10,20,30,50,70,100,140,0.09260014493466018,0.1543335748911003,0.2237836835920954,0.3472505435049757,0.517017475885186,0.7485178382218365,1.1112017392159221,0.09,0.15,0.22,0.35,0.52,0.75,1.11,TRUE,FALSE,UGA_flucast,2026-05-27,INFLAenza
Pennsylvania,PA,0,wk inc rsv prop ed visits,prop_ed,2026-05-30,2026-05-30,UGA_flucast-INFLAenza,9.261475957445245e-5,1.577370501357752e-4,2.3940998107131284e-4,3.5960919032616986e-4,5.082104607430657e-4,6.685040580353944e-4,8.932524092599393e-4,9.3e-5,1.6e-4,2.4e-4,3.6e-4,5.1e-4,6.7e-4,8.9e-4,NA,NA,NA,NA,NA,NA,NA,NA,NA,NA,NA,NA,NA,NA,TRUE,FALSE,UGA_flucast,2026-05-27,INFLAenza
Pennsylvania,PA,1,wk inc rsv prop ed visits,prop_ed,2026-05-30,2026-06-06,UGA_flucast-INFLAenza,6.164885796711957e-5,1.2409936235628158e-4,1.999791715009085e-4,3.134648824434446e-4,4.739748179102849e-4,6.372068039938177e-4,8.76435539351302e-4,6.2e-5,1.2e-4,2e-4,3.1e-4,4.7e-4,6.4e-4,8.8e-4,NA,NA,NA,NA,NA,NA,NA,NA,NA,NA,NA,NA,NA,NA,TRUE,FALSE,UGA_flucast,2026-05-27,INFLAenza
Pennsylvania,PA,2,wk inc rsv prop ed visits,prop_ed,2026-05-30,2026-06-13,UGA_flucast-INFLAenza,4.691497498186588e-5,9.947124699407093e-5,1.740224905205513e-4,2.871938473105289e-4,4.321233287270338e-4,6.02920631533763e-4,8.467284397181504e-4,4.7e-5,9.9e-5,1.7e-4,2.9e-4,4.3e-4,6e-4,8.5e-4,NA,NA,NA,NA,NA,NA,NA,NA,NA,NA,NA,NA,NA,NA,TRUE,FALSE,UGA_flucast,2026-05-27,INFLAenza
Pennsylvania,PA,0,wk inc rsv hosp,hosp,2026-05-30,2026-05-30,RSVHub-ensemble,31,43,62,101,122.5,151.5,180,30,40,60,100,120,150,180,0.23921704108120545,0.33181718601586563,0.4784340821624109,0.7793845532000565,0.9452931462079893,1.1690768298000846,1.3890021740199028,0.24,0.33,0.48,0.78,0.95,1.17,1.39,FALSE,TRUE,RSVHub,2026-05-27,Ensemble using RSVHub forecast submissions
Pennsylvania,PA,1,wk inc rsv hosp,hosp,2026-05-30,2026-06-06,RSVHub-ensemble,19,28,43,78,100,127,165,20,30,40,80,100,130,170,0.14661689614654527,0.2160670048475404,0.33181718601586563,0.6019009420752912,0.7716678744555016,0.9800182005584869,1.2732519928515775,0.15,0.22,0.33,0.6,0.77,0.98,1.27,FALSE,TRUE,RSVHub,2026-05-27,Ensemble using RSVHub forecast submissions
Pennsylvania,PA,2,wk inc rsv hosp,hosp,2026-05-30,2026-06-13,RSVHub-ensemble,12,20,31,54,87.5,106,144,10,20,30,50,90,110,140,0.09260014493466018,0.1543335748911003,0.23921704108120545,0.4167006522059708,0.6752093901485637,0.8179679469228316,1.1112017392159221,0.09,0.15,0.24,0.42,0.68,0.82,1.11,FALSE,TRUE,RSVHub,2026-05-27,Ensemble using RSVHub forecast submissions
Pennsylvania,PA,0,wk inc rsv prop ed visits,prop_ed,2026-05-30,2026-05-30,RSVHub-ensemble,1.3359919339136751e-4,1.854204265010709e-4,2.457259887622272e-4,3.2953040229949805e-4,4.3211262948537324e-4,5.388719387598794e-4,6.827216984748869e-4,1.3e-4,1.9e-4,2.5e-4,3.3e-4,4.3e-4,5.4e-4,6.8e-4,NA,NA,NA,NA,NA,NA,NA,NA,NA,NA,NA,NA,NA,NA,FALSE,TRUE,RSVHub,2026-05-27,Ensemble using RSVHub forecast submissions
Pennsylvania,PA,1,wk inc rsv prop ed visits,prop_ed,2026-05-30,2026-06-06,RSVHub-ensemble,8.300780118068965e-5,1.3406402118382543e-4,1.9091184273317287e-4,2.734958606877963e-4,3.8464990690061443e-4,4.991549477812047e-4,6.629011092955621e-4,8.3e-5,1.3e-4,1.9e-4,2.7e-4,3.8e-4,5e-4,6.6e-4,NA,NA,NA,NA,NA,NA,NA,NA,NA,NA,NA,NA,NA,NA,FALSE,TRUE,RSVHub,2026-05-27,Ensemble using RSVHub forecast submissions
Puerto Rico,PR,0,wk inc rsv hosp,hosp,2026-05-30,2026-05-30,CEPH-Rtrend_rsv,1,3,6,13,24,41,65,1,3,6,10,20,40,70,0.030433303285518555,0.09129990985655567,0.18259981971311134,0.3956329427117412,0.7303992788524454,1.2477654347062608,1.978164713558706,0.03,0.09,0.18,0.4,0.73,1.25,1.98,TRUE,FALSE,CEPH Lab at Indiana University,2026-05-27,Rtrend RSV
Puerto Rico,PR,1,wk inc rsv hosp,hosp,2026-05-30,2026-06-06,CEPH-Rtrend_rsv,0,2,4,10,23,42,70,0,2,4,10,20,40,70,0,0.06086660657103711,0.12173321314207422,0.30433303285518554,0.6999659755669267,1.2781987379917794,2.130331229986299,0,0.06,0.12,0.3,0.7,1.28,2.13,TRUE,FALSE,CEPH Lab at Indiana University,2026-05-27,Rtrend RSV
Puerto Rico,PR,2,wk inc rsv hosp,hosp,2026-05-30,2026-06-13,CEPH-Rtrend_rsv,0,1,3,8,21,39,61,0,1,3,8,20,40,60,0,0.030433303285518555,0.09129990985655567,0.24346642628414844,0.6390993689958897,1.1868988281352237,1.856431500416632,0,0.03,0.09,0.24,0.64,1.19,1.86,TRUE,FALSE,CEPH Lab at Indiana University,2026-05-27,Rtrend RSV
Puerto Rico,PR,0,wk inc rsv hosp,hosp,2026-05-30,2026-05-30,Google_SAI-RSVEns,1.5,4,6,9.5,13,20,33,2,4,6,10,10,20,30,0.045649954928277836,0.12173321314207422,0.18259981971311134,0.2891163812124263,0.3956329427117412,0.6086660657103711,1.0042990084221124,0.05,0.12,0.18,0.29,0.4,0.61,1,TRUE,FALSE,Google Science AI,2026-05-27,RSVEnsemble
Puerto Rico,PR,1,wk inc rsv hosp,hosp,2026-05-30,2026-06-06,Google_SAI-RSVEns,1.5,3.5,5.5,8,12.5,18.5,33.5,2,4,6,8,10,20,30,0.045649954928277836,0.10651656149931495,0.16738316807035206,0.24346642628414844,0.38041629106898195,0.5630161107820932,1.0195156600648716,0.05,0.11,0.17,0.24,0.38,0.56,1.02,TRUE,FALSE,Google Science AI,2026-05-27,RSVEnsemble
Puerto Rico,PR,2,wk inc rsv hosp,hosp,2026-05-30,2026-06-13,Google_SAI-RSVEns,2,4,6,8.5,10.5,14.5,22,2,4,6,9,10,10,20,0.06086660657103711,0.12173321314207422,0.18259981971311134,0.2586830779269077,0.31954968449794485,0.44128289764001905,0.6695326722814082,0.06,0.12,0.18,0.26,0.32,0.44,0.67,TRUE,FALSE,Google Science AI,2026-05-27,RSVEnsemble
Puerto Rico,PR,0,wk inc rsv hosp,hosp,2026-05-30,2026-05-30,RSVHub-baseline,0,0,2,11,20,43.3,77.24999999999982,0,0,2,10,20,40,80,0,0,0.06086660657103711,0.3347663361407041,0.6086660657103711,1.3177620322629533,2.350972678806303,0,0,0.06,0.33,0.61,1.32,2.35,FALSE,FALSE,RSVHub-hub-models,2026-05-27,RSVHub baseline model
Puerto Rico,PR,1,wk inc rsv hosp,hosp,2026-05-30,2026-06-06,RSVHub-baseline,0,0,0,11,28.36844118441185,56.69376293762946,118.07690051900545,0,0,0,10,30,60,120,0,0,0,0.3347663361407041,0.8633453743026012,1.7253784818781688,3.593470124508896,0,0,0,0.33,0.86,1.73,3.59,FALSE,FALSE,RSVHub-hub-models,2026-05-27,RSVHub baseline model
Puerto Rico,PR,2,wk inc rsv hosp,hosp,2026-05-30,2026-06-13,RSVHub-baseline,0,0,0,11,36.365028650286504,71.82936729367272,156.2200769507684,0,0,0,10,40,70,160,0,0,0,0.3347663361407041,1.1067079459007407,2.186004919655249,4.754292981129781,0,0,0,0.33,1.11,2.19,4.75,FALSE,FALSE,RSVHub-hub-models,2026-05-27,RSVHub baseline model
Puerto Rico,PR,0,wk inc rsv hosp,hosp,2026-05-30,2026-05-30,UGA_flucast-INFLAenza,1,3,5,8,11,15,21,1,3,5,8,10,20,20,0.030433303285518555,0.09129990985655567,0.15216651642759277,0.24346642628414844,0.3347663361407041,0.45649954928277836,0.6390993689958897,0.03,0.09,0.15,0.24,0.33,0.46,0.64,TRUE,FALSE,UGA_flucast,2026-05-27,INFLAenza
Puerto Rico,PR,1,wk inc rsv hosp,hosp,2026-05-30,2026-06-06,UGA_flucast-INFLAenza,1,2,3,6,9,13,19,1,2,3,6,9,10,20,0.030433303285518555,0.06086660657103711,0.09129990985655567,0.18259981971311134,0.273899729569667,0.3956329427117412,0.5782327624248526,0.03,0.06,0.09,0.18,0.27,0.4,0.58,TRUE,FALSE,UGA_flucast,2026-05-27,INFLAenza
Puerto Rico,PR,2,wk inc rsv hosp,hosp,2026-05-30,2026-06-13,UGA_flucast-INFLAenza,0,1,2,4,7,11,17,0,1,2,4,7,10,20,0,0.030433303285518555,0.06086660657103711,0.12173321314207422,0.2130331229986299,0.3347663361407041,0.5173661558538154,0,0.03,0.06,0.12,0.21,0.33,0.52,TRUE,FALSE,UGA_flucast,2026-05-27,INFLAenza
Puerto Rico,PR,0,wk inc rsv hosp,hosp,2026-05-30,2026-05-30,RSVHub-ensemble,1,3,6,9.5,13,20,33,1,3,6,10,10,20,30,0.030433303285518555,0.09129990985655567,0.18259981971311134,0.2891163812124263,0.3956329427117412,0.6086660657103711,1.0042990084221124,0.03,0.09,0.18,0.29,0.4,0.61,1,FALSE,TRUE,RSVHub,2026-05-27,Ensemble using RSVHub forecast submissions
Puerto Rico,PR,1,wk inc rsv hosp,hosp,2026-05-30,2026-06-06,RSVHub-ensemble,1,2,4,8,12.5,18.5,33.5,1,2,4,8,10,20,30,0.030433303285518555,0.06086660657103711,0.12173321314207422,0.24346642628414844,0.38041629106898195,0.5630161107820932,1.0195156600648716,0.03,0.06,0.12,0.24,0.38,0.56,1.02,FALSE,TRUE,RSVHub,2026-05-27,Ensemble using RSVHub forecast submissions
Puerto Rico,PR,2,wk inc rsv hosp,hosp,2026-05-30,2026-06-13,RSVHub-ensemble,0,1,3,8,10.5,14.5,22,0,1,3,8,10,10,20,0,0.030433303285518555,0.09129990985655567,0.24346642628414844,0.31954968449794485,0.44128289764001905,0.6695326722814082,0,0.03,0.09,0.24,0.32,0.44,0.67,FALSE,TRUE,RSVHub,2026-05-27,Ensemble using RSVHub forecast submissions
Rhode Island,RI,0,wk inc rsv hosp,hosp,2026-05-30,2026-05-30,CEPH-Rtrend_rsv,1,2,3,4,7,10,14,1,2,3,4,7,10,10,0.09154139227134334,0.18308278454268667,0.27462417681403,0.36616556908537334,0.6407897458994033,0.9154139227134334,1.2815794917988066,0.09,0.18,0.27,0.37,0.64,0.92,1.28,TRUE,FALSE,CEPH Lab at Indiana University,2026-05-27,Rtrend RSV
Rhode Island,RI,1,wk inc rsv hosp,hosp,2026-05-30,2026-06-06,CEPH-Rtrend_rsv,0,1,2,3,6,10,15,0,1,2,3,6,10,20,0,0.09154139227134334,0.18308278454268667,0.27462417681403,0.54924835362806,0.9154139227134334,1.3731208840701499,0,0.09,0.18,0.27,0.55,0.92,1.37,TRUE,FALSE,CEPH Lab at Indiana University,2026-05-27,Rtrend RSV
Rhode Island,RI,2,wk inc rsv hosp,hosp,2026-05-30,2026-06-13,CEPH-Rtrend_rsv,0,1,1,3,6,9,15,0,1,1,3,6,9,20,0,0.09154139227134334,0.09154139227134334,0.27462417681403,0.54924835362806,0.82387253044209,1.3731208840701499,0,0.09,0.09,0.27,0.55,0.82,1.37,TRUE,FALSE,CEPH Lab at Indiana University,2026-05-27,Rtrend RSV
Rhode Island,RI,0,wk inc rsv prop ed visits,prop_ed,2026-05-30,2026-05-30,CFA_Pyrenew-Pyrenew_E_RSV,0,0,9.976174310237973e-5,2.6975506457441894e-4,3.8732675789042225e-4,5.590664967242532e-4,7.633948815104761e-4,0,0,1e-4,2.7e-4,3.9e-4,5.6e-4,7.6e-4,NA,NA,NA,NA,NA,NA,NA,NA,NA,NA,NA,NA,NA,NA,TRUE,FALSE,Center for Forecasting and Outbreak Analytics (CFA/CDC) Pyrenew team,2026-05-27,Pyrenew_ED_Visits_RSV
Rhode Island,RI,1,wk inc rsv prop ed visits,prop_ed,2026-05-30,2026-06-06,CFA_Pyrenew-Pyrenew_E_RSV,0,0,9.265211060695405e-5,1.8679421559771405e-4,2.9990094579648906e-4,4.933907431040841e-4,7.337478942541139e-4,0,0,9.3e-5,1.9e-4,3e-4,4.9e-4,7.3e-4,NA,NA,NA,NA,NA,NA,NA,NA,NA,NA,NA,NA,NA,NA,TRUE,FALSE,Center for Forecasting and Outbreak Analytics (CFA/CDC) Pyrenew team,2026-05-27,Pyrenew_ED_Visits_RSV
Rhode Island,RI,0,wk inc rsv hosp,hosp,2026-05-30,2026-05-30,CFA_Pyrenew-Pyrenew_HE_RSV,0,1,2,3,4,6,8,0,1,2,3,4,6,8,0,0.09154139227134334,0.18308278454268667,0.27462417681403,0.36616556908537334,0.54924835362806,0.7323311381707467,0,0.09,0.18,0.27,0.37,0.55,0.73,TRUE,FALSE,Center for Forecasting and Outbreak Analytics (CFA/CDC) Pyrenew team,2026-05-27,Pyrenew_Hospital_Admissions_ED_Visits_RSV
Rhode Island,RI,1,wk inc rsv hosp,hosp,2026-05-30,2026-06-06,CFA_Pyrenew-Pyrenew_HE_RSV,0,0,1,2,3,5,7,0,0,1,2,3,5,7,0,0,0.09154139227134334,0.18308278454268667,0.27462417681403,0.4577069613567167,0.6407897458994033,0,0,0.09,0.18,0.27,0.46,0.64,TRUE,FALSE,Center for Forecasting and Outbreak Analytics (CFA/CDC) Pyrenew team,2026-05-27,Pyrenew_Hospital_Admissions_ED_Visits_RSV
Rhode Island,RI,0,wk inc rsv prop ed visits,prop_ed,2026-05-30,2026-05-30,CFA_Pyrenew-Pyrenew_HE_RSV,0,8.828754833979599e-5,9.945813128976389e-5,2.0757930103646236e-4,3.8659578470467363e-4,5.558426969093007e-4,7.572408976721866e-4,0,8.8e-5,9.9e-5,2.1e-4,3.9e-4,5.6e-4,7.6e-4,NA,NA,NA,NA,NA,NA,NA,NA,NA,NA,NA,NA,NA,NA,FALSE,FALSE,Center for Forecasting and Outbreak Analytics (CFA/CDC) Pyrenew team,2026-05-27,Pyrenew_Hospital_Admissions_ED_Visits_RSV
Rhode Island,RI,1,wk inc rsv prop ed visits,prop_ed,2026-05-30,2026-06-06,CFA_Pyrenew-Pyrenew_HE_RSV,0,0,9.379320321636474e-5,1.9334652491926355e-4,3.127010001009684e-4,5.048451995266716e-4,7.672242468890884e-4,0,0,9.4e-5,1.9e-4,3.1e-4,5e-4,7.7e-4,NA,NA,NA,NA,NA,NA,NA,NA,NA,NA,NA,NA,NA,NA,FALSE,FALSE,Center for Forecasting and Outbreak Analytics (CFA/CDC) Pyrenew team,2026-05-27,Pyrenew_Hospital_Admissions_ED_Visits_RSV
Rhode Island,RI,0,wk inc rsv hosp,hosp,2026-05-30,2026-05-30,CFA_Pyrenew-Pyrenew_H_RSV,0,1,2,3,5,8,10,0,1,2,3,5,8,10,0,0.09154139227134334,0.18308278454268667,0.27462417681403,0.4577069613567167,0.7323311381707467,0.9154139227134334,0,0.09,0.18,0.27,0.46,0.73,0.92,FALSE,FALSE,Center for Forecasting and Outbreak Analytics (CFA/CDC) Pyrenew team,2026-05-27,Pyrenew_Hospital_Admissions_RSV
Rhode Island,RI,1,wk inc rsv hosp,hosp,2026-05-30,2026-06-06,CFA_Pyrenew-Pyrenew_H_RSV,0,0,1,3,5,7,11,0,0,1,3,5,7,10,0,0,0.09154139227134334,0.27462417681403,0.4577069613567167,0.6407897458994033,1.0069553149847765,0,0,0.09,0.27,0.46,0.64,1.01,FALSE,FALSE,Center for Forecasting and Outbreak Analytics (CFA/CDC) Pyrenew team,2026-05-27,Pyrenew_Hospital_Admissions_RSV
Rhode Island,RI,0,wk inc rsv hosp,hosp,2026-05-30,2026-05-30,Google_SAI-RSVEns,0.5,1.5,2,4,5,6.5,10,1,2,2,4,5,7,10,0.04577069613567167,0.137312088407015,0.18308278454268667,0.36616556908537334,0.4577069613567167,0.5950190497637317,0.9154139227134334,0.05,0.14,0.18,0.37,0.46,0.6,0.92,TRUE,FALSE,Google Science AI,2026-05-27,RSVEnsemble
Rhode Island,RI,1,wk inc rsv hosp,hosp,2026-05-30,2026-06-06,Google_SAI-RSVEns,0,1,2,3,4,5.5,8,0,1,2,3,4,6,8,0,0.09154139227134334,0.18308278454268667,0.27462417681403,0.36616556908537334,0.5034776574923883,0.7323311381707467,0,0.09,0.18,0.27,0.37,0.5,0.73,TRUE,FALSE,Google Science AI,2026-05-27,RSVEnsemble
Rhode Island,RI,2,wk inc rsv hosp,hosp,2026-05-30,2026-06-13,Google_SAI-RSVEns,0,0,1,2,3,4.5,6.5,0,0,1,2,3,5,7,0,0,0.09154139227134334,0.18308278454268667,0.27462417681403,0.411936265221045,0.5950190497637317,0,0,0.09,0.18,0.27,0.41,0.6,TRUE,FALSE,Google Science AI,2026-05-27,RSVEnsemble
Rhode Island,RI,0,wk inc rsv hosp,hosp,2026-05-30,2026-05-30,RSVHub-baseline,0,0,3,6,9,14,23,0,0,3,6,9,10,20,0,0,0.27462417681403,0.54924835362806,0.82387253044209,1.2815794917988066,2.105452022240897,0,0,0.27,0.55,0.82,1.28,2.11,FALSE,FALSE,RSVHub-hub-models,2026-05-27,RSVHub baseline model
Rhode Island,RI,1,wk inc rsv hosp,hosp,2026-05-30,2026-06-06,RSVHub-baseline,0,0,2,6,11,18.989532895328974,28.894675696756856,0,0,2,6,10,20,30,0,0,0.18308278454268667,0.54924835362806,1.0069553149847765,1.738328279820888,2.6450588425100703,0,0,0.18,0.55,1.01,1.74,2.65,FALSE,FALSE,RSVHub-hub-models,2026-05-27,RSVHub baseline model
Rhode Island,RI,2,wk inc rsv hosp,hosp,2026-05-30,2026-06-13,RSVHub-baseline,0,0,0,6,13.157741577415777,21.867371673716764,33.7828165781658,0,0,0,6,10,20,30,0,0,0,0.54924835362806,1.2044779831431816,2.001769648326968,3.0925260644127164,0,0,0,0.55,1.2,2,3.09,FALSE,FALSE,RSVHub-hub-models,2026-05-27,RSVHub baseline model
Rhode Island,RI,0,wk inc rsv prop ed visits,prop_ed,2026-05-30,2026-05-30,RSVHub-baseline,0,0,3e-4,5e-4,7.000000000000001e-4,0.0016100000000000036,0.0033000000000000004,0,0,3e-4,5e-4,7e-4,0.0016,0.0033,NA,NA,NA,NA,NA,NA,NA,NA,NA,NA,NA,NA,NA,NA,FALSE,FALSE,RSVHub-hub-models,2026-05-27,RSVHub baseline model
Rhode Island,RI,1,wk inc rsv prop ed visits,prop_ed,2026-05-30,2026-06-06,RSVHub-baseline,0,0,9.999999999999999e-5,5e-4,0.0011,0.0025,0.003954676246762466,0,0,1e-4,5e-4,0.0011,0.0025,0.004,NA,NA,NA,NA,NA,NA,NA,NA,NA,NA,NA,NA,NA,NA,FALSE,FALSE,RSVHub-hub-models,2026-05-27,RSVHub baseline model
Rhode Island,RI,2,wk inc rsv prop ed visits,prop_ed,2026-05-30,2026-06-13,RSVHub-baseline,0,0,0,5e-4,0.0014651006510065108,0.002965100651006511,0.004428562410624106,0,0,0,5e-4,0.0015,0.003,0.0044,NA,NA,NA,NA,NA,NA,NA,NA,NA,NA,NA,NA,NA,NA,FALSE,FALSE,RSVHub-hub-models,2026-05-27,RSVHub baseline model
Rhode Island,RI,0,wk inc rsv hosp,hosp,2026-05-30,2026-05-30,UGA_flucast-INFLAenza,0,1,2,3,4,7,10,0,1,2,3,4,7,10,0,0.09154139227134334,0.18308278454268667,0.27462417681403,0.36616556908537334,0.6407897458994033,0.9154139227134334,0,0.09,0.18,0.27,0.37,0.64,0.92,TRUE,FALSE,UGA_flucast,2026-05-27,INFLAenza
Rhode Island,RI,1,wk inc rsv hosp,hosp,2026-05-30,2026-06-06,UGA_flucast-INFLAenza,0,0,1,2,4,6,9,0,0,1,2,4,6,9,0,0,0.09154139227134334,0.18308278454268667,0.36616556908537334,0.54924835362806,0.82387253044209,0,0,0.09,0.18,0.37,0.55,0.82,TRUE,FALSE,UGA_flucast,2026-05-27,INFLAenza
Rhode Island,RI,2,wk inc rsv hosp,hosp,2026-05-30,2026-06-13,UGA_flucast-INFLAenza,0,0,1,2,3,5,8,0,0,1,2,3,5,8,0,0,0.09154139227134334,0.18308278454268667,0.27462417681403,0.4577069613567167,0.7323311381707467,0,0,0.09,0.18,0.27,0.46,0.73,TRUE,FALSE,UGA_flucast,2026-05-27,INFLAenza
Rhode Island,RI,0,wk inc rsv prop ed visits,prop_ed,2026-05-30,2026-05-30,UGA_flucast-INFLAenza,8.952766951918957e-5,1.556632344235806e-4,2.416367458754266e-4,3.574237292881822e-4,5.097512703851408e-4,6.871166334462306e-4,9.16750770622633e-4,9e-5,1.6e-4,2.4e-4,3.6e-4,5.1e-4,6.9e-4,9.2e-4,NA,NA,NA,NA,NA,NA,NA,NA,NA,NA,NA,NA,NA,NA,TRUE,FALSE,UGA_flucast,2026-05-27,INFLAenza
Rhode Island,RI,1,wk inc rsv prop ed visits,prop_ed,2026-05-30,2026-06-06,UGA_flucast-INFLAenza,6.139708901682392e-5,1.2680989273892212e-4,2.0396685492558113e-4,3.2389832108317565e-4,4.800601323950073e-4,6.355847257798876e-4,8.686523591510615e-4,6.1e-5,1.3e-4,2e-4,3.2e-4,4.8e-4,6.4e-4,8.7e-4,NA,NA,NA,NA,NA,NA,NA,NA,NA,NA,NA,NA,NA,NA,TRUE,FALSE,UGA_flucast,2026-05-27,INFLAenza
Rhode Island,RI,2,wk inc rsv prop ed visits,prop_ed,2026-05-30,2026-06-13,UGA_flucast-INFLAenza,4.757812954317615e-5,9.920979371281565e-5,1.735419174760711e-4,2.9229202195780156e-4,4.4055211752147853e-4,6.180981097516171e-4,8.77856068415075e-4,4.8e-5,9.9e-5,1.7e-4,2.9e-4,4.4e-4,6.2e-4,8.8e-4,NA,NA,NA,NA,NA,NA,NA,NA,NA,NA,NA,NA,NA,NA,TRUE,FALSE,UGA_flucast,2026-05-27,INFLAenza
Rhode Island,RI,0,wk inc rsv hosp,hosp,2026-05-30,2026-05-30,RSVHub-ensemble,0.25,1.25,2,3.5,4.5,6.75,10,0,1,2,4,5,7,10,0.022885348067835834,0.11442674033917917,0.18308278454268667,0.32039487294970165,0.411936265221045,0.6179043978315676,0.9154139227134334,0.02,0.11,0.18,0.32,0.41,0.62,0.92,FALSE,TRUE,RSVHub,2026-05-27,Ensemble using RSVHub forecast submissions
Rhode Island,RI,1,wk inc rsv hosp,hosp,2026-05-30,2026-06-06,RSVHub-ensemble,0,0.5,1.5,2.5,4,5.75,8.5,0,1,2,3,4,6,9,0,0.04577069613567167,0.137312088407015,0.22885348067835834,0.36616556908537334,0.5263630055602242,0.7781018343064183,0,0.05,0.14,0.23,0.37,0.53,0.78,FALSE,TRUE,RSVHub,2026-05-27,Ensemble using RSVHub forecast submissions
Rhode Island,RI,2,wk inc rsv hosp,hosp,2026-05-30,2026-06-13,RSVHub-ensemble,0,0,1,2,3,5,8,0,0,1,2,3,5,8,0,0,0.09154139227134334,0.18308278454268667,0.27462417681403,0.4577069613567167,0.7323311381707467,0,0,0.09,0.18,0.27,0.46,0.73,FALSE,TRUE,RSVHub,2026-05-27,Ensemble using RSVHub forecast submissions
Rhode Island,RI,0,wk inc rsv prop ed visits,prop_ed,2026-05-30,2026-05-30,RSVHub-ensemble,4.4763834759594786e-5,7.78316172117903e-5,1.7069924448890315e-4,3.1358939693130057e-4,4.485390141377815e-4,6.230915650852419e-4,8.400728260665545e-4,4.5e-5,7.8e-5,1.7e-4,3.1e-4,4.5e-4,6.2e-4,8.4e-4,NA,NA,NA,NA,NA,NA,NA,NA,NA,NA,NA,NA,NA,NA,FALSE,TRUE,RSVHub,2026-05-27,Ensemble using RSVHub forecast submissions
Rhode Island,RI,1,wk inc rsv prop ed visits,prop_ed,2026-05-30,2026-06-06,RSVHub-ensemble,3.069854450841196e-5,6.340494636946106e-5,1.483094827662676e-4,2.5534626834044485e-4,3.899805390957482e-4,5.644877344419859e-4,8.012001267025876e-4,3.1e-5,6.3e-5,1.5e-4,2.6e-4,3.9e-4,5.6e-4,8e-4,NA,NA,NA,NA,NA,NA,NA,NA,NA,NA,NA,NA,NA,NA,FALSE,TRUE,RSVHub,2026-05-27,Ensemble using RSVHub forecast submissions
South Carolina,SC,0,wk inc rsv hosp,hosp,2026-05-30,2026-05-30,CEPH-Rtrend_rsv,2,3,5,9,14,20,29,2,3,5,9,10,20,30,0.03748600834738434,0.0562290125210765,0.09371502086846084,0.16868703756322953,0.2624020584316904,0.37486008347384336,0.5435471210370729,0.04,0.06,0.09,0.17,0.26,0.37,0.54,TRUE,FALSE,CEPH Lab at Indiana University,2026-05-27,Rtrend RSV
South Carolina,SC,1,wk inc rsv hosp,hosp,2026-05-30,2026-06-06,CEPH-Rtrend_rsv,1,2,4,7,13,20,32,1,2,4,7,10,20,30,0.01874300417369217,0.03748600834738434,0.07497201669476868,0.1312010292158452,0.2436590542579982,0.37486008347384336,0.5997761335581494,0.02,0.04,0.07,0.13,0.24,0.37,0.6,TRUE,FALSE,CEPH Lab at Indiana University,2026-05-27,Rtrend RSV
South Carolina,SC,2,wk inc rsv hosp,hosp,2026-05-30,2026-06-13,CEPH-Rtrend_rsv,0,1,2,5,11,20,34,0,1,2,5,10,20,30,0,0.01874300417369217,0.03748600834738434,0.09371502086846084,0.20617304591061383,0.37486008347384336,0.6372621419055338,0,0.02,0.04,0.09,0.21,0.37,0.64,TRUE,FALSE,CEPH Lab at Indiana University,2026-05-27,Rtrend RSV
South Carolina,SC,0,wk inc rsv prop ed visits,prop_ed,2026-05-30,2026-05-30,CFA_Pyrenew-Pyrenew_E_RSV,2.2868270015019413e-4,3.134318750944139e-4,4.072901329563589e-4,5.303991191043145e-4,6.608873886990534e-4,7.984588169198608e-4,0.0010043968600373099,2.3e-4,3.1e-4,4.1e-4,5.3e-4,6.6e-4,8e-4,0.001,NA,NA,NA,NA,NA,NA,NA,NA,NA,NA,NA,NA,NA,NA,TRUE,FALSE,Center for Forecasting and Outbreak Analytics (CFA/CDC) Pyrenew team,2026-05-27,Pyrenew_ED_Visits_RSV
South Carolina,SC,1,wk inc rsv prop ed visits,prop_ed,2026-05-30,2026-06-06,CFA_Pyrenew-Pyrenew_E_RSV,1.7772110861545345e-4,2.7379044536474323e-4,3.879918488120919e-4,5.350016953360255e-4,7.29157301069954e-4,9.452588312752323e-4,0.0013318412674647624,1.8e-4,2.7e-4,3.9e-4,5.4e-4,7.3e-4,9.5e-4,0.0013,NA,NA,NA,NA,NA,NA,NA,NA,NA,NA,NA,NA,NA,NA,TRUE,FALSE,Center for Forecasting and Outbreak Analytics (CFA/CDC) Pyrenew team,2026-05-27,Pyrenew_ED_Visits_RSV
South Carolina,SC,0,wk inc rsv hosp,hosp,2026-05-30,2026-05-30,CFA_Pyrenew-Pyrenew_H_RSV,2,4,7,10,14,19,26,2,4,7,10,10,20,30,0.03748600834738434,0.07497201669476868,0.1312010292158452,0.18743004173692168,0.2624020584316904,0.3561170793001512,0.4873181085159964,0.04,0.07,0.13,0.19,0.26,0.36,0.49,FALSE,FALSE,Center for Forecasting and Outbreak Analytics (CFA/CDC) Pyrenew team,2026-05-27,Pyrenew_Hospital_Admissions_RSV
South Carolina,SC,1,wk inc rsv hosp,hosp,2026-05-30,2026-06-06,CFA_Pyrenew-Pyrenew_H_RSV,1,3,6,9,14,20,31,1,3,6,9,10,20,30,0.01874300417369217,0.0562290125210765,0.112458025042153,0.16868703756322953,0.2624020584316904,0.37486008347384336,0.5810331293844573,0.02,0.06,0.11,0.17,0.26,0.37,0.58,FALSE,FALSE,Center for Forecasting and Outbreak Analytics (CFA/CDC) Pyrenew team,2026-05-27,Pyrenew_Hospital_Admissions_RSV
South Carolina,SC,0,wk inc rsv hosp,hosp,2026-05-30,2026-05-30,Google_SAI-RSVEns,3.5,4.5,6.5,9.5,12.5,19.5,24.5,4,5,7,10,10,20,20,0.0656005146079226,0.08434351878161477,0.1218295271289991,0.1780585396500756,0.23428755217115213,0.3654885813869973,0.4592036022554581,0.07,0.08,0.12,0.18,0.23,0.37,0.46,TRUE,FALSE,Google Science AI,2026-05-27,RSVEnsemble
South Carolina,SC,1,wk inc rsv hosp,hosp,2026-05-30,2026-06-06,Google_SAI-RSVEns,3,4,6.5,8,10,15,25,3,4,7,8,10,20,30,0.0562290125210765,0.07497201669476868,0.1218295271289991,0.14994403338953735,0.18743004173692168,0.2811450626053825,0.46857510434230426,0.06,0.07,0.12,0.15,0.19,0.28,0.47,TRUE,FALSE,Google Science AI,2026-05-27,RSVEnsemble
South Carolina,SC,2,wk inc rsv hosp,hosp,2026-05-30,2026-06-13,Google_SAI-RSVEns,2,3.5,5,6.5,7.5,11,13,2,4,5,7,8,10,10,0.03748600834738434,0.0656005146079226,0.09371502086846084,0.1218295271289991,0.14057253130269126,0.20617304591061383,0.2436590542579982,0.04,0.07,0.09,0.12,0.14,0.21,0.24,TRUE,FALSE,Google Science AI,2026-05-27,RSVEnsemble
South Carolina,SC,0,wk inc rsv hosp,hosp,2026-05-30,2026-05-30,RSVHub-baseline,0,0,4,12,20,39,63.09999999999992,0,0,4,10,20,40,60,0,0,0.07497201669476868,0.224916050084306,0.37486008347384336,0.7309771627739946,1.1826835633599744,0,0,0.07,0.22,0.37,0.73,1.18,FALSE,FALSE,RSVHub-hub-models,2026-05-27,RSVHub baseline model
South Carolina,SC,1,wk inc rsv hosp,hosp,2026-05-30,2026-06-06,RSVHub-baseline,0,0,0.4582695826958272,12,27.961764617646175,49.458809588095875,83.96750742507412,0,0,0,10,30,50,80,0,0,0.008589348701144058,0.224916050084306,0.5240874709323403,0.9270066745355273,1.5738033421226925,0,0,0.01,0.22,0.52,0.93,1.57,FALSE,FALSE,RSVHub-hub-models,2026-05-27,RSVHub baseline model
South Carolina,SC,2,wk inc rsv hosp,hosp,2026-05-30,2026-06-13,RSVHub-baseline,0,0,0,12,34.03061530615306,58.56446164461646,104.55545330453269,0,0,0,10,30,60,100,0,0,0,0.224916050084306,0.6378359647165394,1.097673949035081,1.959683297669133,0,0,0,0.22,0.64,1.1,1.96,FALSE,FALSE,RSVHub-hub-models,2026-05-27,RSVHub baseline model
South Carolina,SC,0,wk inc rsv prop ed visits,prop_ed,2026-05-30,2026-05-30,RSVHub-baseline,0,0,1.9999999999999993e-4,4e-4,6.000000000000001e-4,0.0012,0.0024000000000000007,0,0,2e-4,4e-4,6e-4,0.0012,0.0024,NA,NA,NA,NA,NA,NA,NA,NA,NA,NA,NA,NA,NA,NA,FALSE,FALSE,RSVHub-hub-models,2026-05-27,RSVHub baseline model
South Carolina,SC,1,wk inc rsv prop ed visits,prop_ed,2026-05-30,2026-06-06,RSVHub-baseline,0,0,1.6562665626660366e-6,4e-4,9e-4,0.0017274220742207434,0.002899777697776977,0,0,1.7e-6,4e-4,9e-4,0.0017,0.0029,NA,NA,NA,NA,NA,NA,NA,NA,NA,NA,NA,NA,NA,NA,FALSE,FALSE,RSVHub-hub-models,2026-05-27,RSVHub baseline model
South Carolina,SC,2,wk inc rsv prop ed visits,prop_ed,2026-05-30,2026-06-13,RSVHub-baseline,0,0,0,4e-4,0.0011477072270722698,0.0021421861218612216,0.003399999999999999,0,0,0,4e-4,0.0011,0.0021,0.0034,NA,NA,NA,NA,NA,NA,NA,NA,NA,NA,NA,NA,NA,NA,FALSE,FALSE,RSVHub-hub-models,2026-05-27,RSVHub baseline model
South Carolina,SC,0,wk inc rsv hosp,hosp,2026-05-30,2026-05-30,UGA_flucast-INFLAenza,1,2,4,6,9,12,17,1,2,4,6,9,10,20,0.01874300417369217,0.03748600834738434,0.07497201669476868,0.112458025042153,0.16868703756322953,0.224916050084306,0.3186310709527669,0.02,0.04,0.07,0.11,0.17,0.22,0.32,TRUE,FALSE,UGA_flucast,2026-05-27,INFLAenza
South Carolina,SC,1,wk inc rsv hosp,hosp,2026-05-30,2026-06-06,UGA_flucast-INFLAenza,0,1,2,4,7,10,15,0,1,2,4,7,10,20,0,0.01874300417369217,0.03748600834738434,0.07497201669476868,0.1312010292158452,0.18743004173692168,0.2811450626053825,0,0.02,0.04,0.07,0.13,0.19,0.28,TRUE,FALSE,UGA_flucast,2026-05-27,INFLAenza
South Carolina,SC,2,wk inc rsv hosp,hosp,2026-05-30,2026-06-13,UGA_flucast-INFLAenza,0,1,2,3,6,9,14,0,1,2,3,6,9,10,0,0.01874300417369217,0.03748600834738434,0.0562290125210765,0.112458025042153,0.16868703756322953,0.2624020584316904,0,0.02,0.04,0.06,0.11,0.17,0.26,TRUE,FALSE,UGA_flucast,2026-05-27,INFLAenza
South Carolina,SC,0,wk inc rsv prop ed visits,prop_ed,2026-05-30,2026-05-30,UGA_flucast-INFLAenza,7.799139120214451e-5,1.422165165431726e-4,2.1655614177030333e-4,3.343873963491651e-4,4.8010053815452047e-4,6.466516843704435e-4,8.51550358244843e-4,7.8e-5,1.4e-4,2.2e-4,3.3e-4,4.8e-4,6.5e-4,8.5e-4,NA,NA,NA,NA,NA,NA,NA,NA,NA,NA,NA,NA,NA,NA,TRUE,FALSE,UGA_flucast,2026-05-27,INFLAenza
South Carolina,SC,1,wk inc rsv prop ed visits,prop_ed,2026-05-30,2026-06-06,UGA_flucast-INFLAenza,6.0714854604427096e-5,1.1495764861009713e-4,1.9075033331028877e-4,2.9837864957804063e-4,4.4630901153067646e-4,6.10034637305341e-4,8.311137290642595e-4,6.1e-5,1.1e-4,1.9e-4,3e-4,4.5e-4,6.1e-4,8.3e-4,NA,NA,NA,NA,NA,NA,NA,NA,NA,NA,NA,NA,NA,NA,TRUE,FALSE,UGA_flucast,2026-05-27,INFLAenza
South Carolina,SC,2,wk inc rsv prop ed visits,prop_ed,2026-05-30,2026-06-13,UGA_flucast-INFLAenza,4.597731506104621e-5,9.844450831127039e-5,1.6852068070687335e-4,2.77298197709892e-4,4.2496212207306214e-4,5.968400977550479e-4,8.404530402857977e-4,4.6e-5,9.8e-5,1.7e-4,2.8e-4,4.2e-4,6e-4,8.4e-4,NA,NA,NA,NA,NA,NA,NA,NA,NA,NA,NA,NA,NA,NA,TRUE,FALSE,UGA_flucast,2026-05-27,INFLAenza
South Carolina,SC,0,wk inc rsv hosp,hosp,2026-05-30,2026-05-30,RSVHub-ensemble,2,3,5,9,12.5,19.5,24.5,2,3,5,9,10,20,20,0.03748600834738434,0.0562290125210765,0.09371502086846084,0.16868703756322953,0.23428755217115213,0.3654885813869973,0.4592036022554581,0.04,0.06,0.09,0.17,0.23,0.37,0.46,FALSE,TRUE,RSVHub,2026-05-27,Ensemble using RSVHub forecast submissions
South Carolina,SC,1,wk inc rsv hosp,hosp,2026-05-30,2026-06-06,RSVHub-ensemble,1,2,4,7,10,15,25,1,2,4,7,10,20,30,0.01874300417369217,0.03748600834738434,0.07497201669476868,0.1312010292158452,0.18743004173692168,0.2811450626053825,0.46857510434230426,0.02,0.04,0.07,0.13,0.19,0.28,0.47,FALSE,TRUE,RSVHub,2026-05-27,Ensemble using RSVHub forecast submissions
South Carolina,SC,2,wk inc rsv hosp,hosp,2026-05-30,2026-06-13,RSVHub-ensemble,0,1,2,5,7.5,11,14,0,1,2,5,8,10,10,0,0.01874300417369217,0.03748600834738434,0.09371502086846084,0.14057253130269126,0.20617304591061383,0.2624020584316904,0,0.02,0.04,0.09,0.14,0.21,0.26,FALSE,TRUE,RSVHub,2026-05-27,Ensemble using RSVHub forecast submissions
South Carolina,SC,0,wk inc rsv prop ed visits,prop_ed,2026-05-30,2026-05-30,RSVHub-ensemble,1.533370456761693e-4,2.2782419581879326e-4,3.1192313736333113e-4,4.323932577267398e-4,5.70493963426787e-4,7.225552506451521e-4,9.279736091410765e-4,1.5e-4,2.3e-4,3.1e-4,4.3e-4,5.7e-4,7.2e-4,0.00093000000000000005,NA,NA,NA,NA,NA,NA,NA,NA,NA,NA,NA,NA,NA,NA,FALSE,TRUE,RSVHub,2026-05-27,Ensemble using RSVHub forecast submissions
South Carolina,SC,1,wk inc rsv prop ed visits,prop_ed,2026-05-30,2026-06-06,RSVHub-ensemble,1.1921798160994027e-4,1.9437404698742017e-4,2.8937109106119034e-4,4.166901724570331e-4,5.877331563003153e-4,7.776467342902867e-4,0.001081477498264511,1.2e-4,1.9e-4,2.9e-4,4.2e-4,5.9e-4,7.8e-4,0.0011,NA,NA,NA,NA,NA,NA,NA,NA,NA,NA,NA,NA,NA,NA,FALSE,TRUE,RSVHub,2026-05-27,Ensemble using RSVHub forecast submissions
South Dakota,SD,0,wk inc rsv hosp,hosp,2026-05-30,2026-05-30,CEPH-Rtrend_rsv,2,3,4,6,9,11,15,2,3,4,6,9,10,20,0.21833918118440274,0.3275087717766041,0.4366783623688055,0.6550175435532082,0.9825263153298123,1.200865496514215,1.6375438588830202,0.22,0.33,0.44,0.66,0.98,1.2,1.64,TRUE,FALSE,CEPH Lab at Indiana University,2026-05-27,Rtrend RSV
South Dakota,SD,1,wk inc rsv hosp,hosp,2026-05-30,2026-06-06,CEPH-Rtrend_rsv,1,2,3,5,8,11,15,1,2,3,5,8,10,20,0.10916959059220137,0.21833918118440274,0.3275087717766041,0.5458479529610067,0.873356724737611,1.200865496514215,1.6375438588830202,0.11,0.22,0.33,0.55,0.87,1.2,1.64,TRUE,FALSE,CEPH Lab at Indiana University,2026-05-27,Rtrend RSV
South Dakota,SD,2,wk inc rsv hosp,hosp,2026-05-30,2026-06-13,CEPH-Rtrend_rsv,1,1,2,4,6,10,15,1,1,2,4,6,10,20,0.10916959059220137,0.10916959059220137,0.21833918118440274,0.4366783623688055,0.6550175435532082,1.0916959059220135,1.6375438588830202,0.11,0.11,0.22,0.44,0.66,1.09,1.64,TRUE,FALSE,CEPH Lab at Indiana University,2026-05-27,Rtrend RSV
South Dakota,SD,0,wk inc rsv prop ed visits,prop_ed,2026-05-30,2026-05-30,CFA_Pyrenew-Pyrenew_E_RSV,6.88708629647656e-4,0.0011560961714134272,0.0015358989145280424,0.0021175001172299025,0.002778868408205754,0.0035099175450981545,0.004298141495695604,6.9e-4,0.0012,0.0015,0.0021,0.0028,0.0035,0.0043,NA,NA,NA,NA,NA,NA,NA,NA,NA,NA,NA,NA,NA,NA,TRUE,FALSE,Center for Forecasting and Outbreak Analytics (CFA/CDC) Pyrenew team,2026-05-27,Pyrenew_ED_Visits_RSV
South Dakota,SD,1,wk inc rsv prop ed visits,prop_ed,2026-05-30,2026-06-06,CFA_Pyrenew-Pyrenew_E_RSV,3.4651879483436914e-4,8.230306163948848e-4,0.0012082435083863295,0.0018455699959556656,0.002701082901246531,0.0037097940707001204,0.004978816497958756,3.5e-4,8.2e-4,0.0012,0.0018,0.0027,0.0037,0.005,NA,NA,NA,NA,NA,NA,NA,NA,NA,NA,NA,NA,NA,NA,TRUE,FALSE,Center for Forecasting and Outbreak Analytics (CFA/CDC) Pyrenew team,2026-05-27,Pyrenew_ED_Visits_RSV
South Dakota,SD,0,wk inc rsv hosp,hosp,2026-05-30,2026-05-30,CFA_Pyrenew-Pyrenew_HE_RSV,2,4,5,7,10,12,16,2,4,5,7,10,10,20,0.21833918118440274,0.4366783623688055,0.5458479529610067,0.7641871341454095,1.0916959059220135,1.3100350871064164,1.746713449475222,0.22,0.44,0.55,0.76,1.09,1.31,1.75,TRUE,FALSE,Center for Forecasting and Outbreak Analytics (CFA/CDC) Pyrenew team,2026-05-27,Pyrenew_Hospital_Admissions_ED_Visits_RSV
South Dakota,SD,1,wk inc rsv hosp,hosp,2026-05-30,2026-06-06,CFA_Pyrenew-Pyrenew_HE_RSV,1,3,4,6,9,12,16,1,3,4,6,9,10,20,0.10916959059220137,0.3275087717766041,0.4366783623688055,0.6550175435532082,0.9825263153298123,1.3100350871064164,1.746713449475222,0.11,0.33,0.44,0.66,0.98,1.31,1.75,TRUE,FALSE,Center for Forecasting and Outbreak Analytics (CFA/CDC) Pyrenew team,2026-05-27,Pyrenew_Hospital_Admissions_ED_Visits_RSV
South Dakota,SD,0,wk inc rsv prop ed visits,prop_ed,2026-05-30,2026-05-30,CFA_Pyrenew-Pyrenew_HE_RSV,6.862729713141647e-4,0.001155080016444741,0.001522794627716718,0.0020402649184436475,0.002672498226784282,0.003322327751761222,0.004215088154968543,6.9e-4,0.0012,0.0015,0.002,0.0027,0.0033,0.0042,NA,NA,NA,NA,NA,NA,NA,NA,NA,NA,NA,NA,NA,NA,FALSE,FALSE,Center for Forecasting and Outbreak Analytics (CFA/CDC) Pyrenew team,2026-05-27,Pyrenew_Hospital_Admissions_ED_Visits_RSV
South Dakota,SD,1,wk inc rsv prop ed visits,prop_ed,2026-05-30,2026-06-06,CFA_Pyrenew-Pyrenew_HE_RSV,4.7960649895428185e-4,8.199091556512655e-4,0.0011832277186267259,0.0017537695490358787,0.0025645933013826025,0.003453227173355821,0.0049563169250974445,4.8e-4,8.2e-4,0.0012,0.0018,0.0026,0.0035,0.005,NA,NA,NA,NA,NA,NA,NA,NA,NA,NA,NA,NA,NA,NA,FALSE,FALSE,Center for Forecasting and Outbreak Analytics (CFA/CDC) Pyrenew team,2026-05-27,Pyrenew_Hospital_Admissions_ED_Visits_RSV
South Dakota,SD,0,wk inc rsv hosp,hosp,2026-05-30,2026-05-30,CFA_Pyrenew-Pyrenew_H_RSV,1,3,5,7,10,13,17,1,3,5,7,10,10,20,0.10916959059220137,0.3275087717766041,0.5458479529610067,0.7641871341454095,1.0916959059220135,1.4192046776986176,1.8558830400674233,0.11,0.33,0.55,0.76,1.09,1.42,1.86,FALSE,FALSE,Center for Forecasting and Outbreak Analytics (CFA/CDC) Pyrenew team,2026-05-27,Pyrenew_Hospital_Admissions_RSV
South Dakota,SD,1,wk inc rsv hosp,hosp,2026-05-30,2026-06-06,CFA_Pyrenew-Pyrenew_H_RSV,1,2,4,6,9,13,19,1,2,4,6,9,10,20,0.10916959059220137,0.21833918118440274,0.4366783623688055,0.6550175435532082,0.9825263153298123,1.4192046776986176,2.074222221251826,0.11,0.22,0.44,0.66,0.98,1.42,2.07,FALSE,FALSE,Center for Forecasting and Outbreak Analytics (CFA/CDC) Pyrenew team,2026-05-27,Pyrenew_Hospital_Admissions_RSV
South Dakota,SD,0,wk inc rsv hosp,hosp,2026-05-30,2026-05-30,Google_SAI-RSVEns,2,2.5,4,6,8.5,10.5,13,2,3,4,6,9,10,10,0.21833918118440274,0.27292397648050337,0.4366783623688055,0.6550175435532082,0.9279415200337117,1.1462807012181142,1.4192046776986176,0.22,0.27,0.44,0.66,0.93,1.15,1.42,TRUE,FALSE,Google Science AI,2026-05-27,RSVEnsemble
South Dakota,SD,1,wk inc rsv hosp,hosp,2026-05-30,2026-06-06,Google_SAI-RSVEns,1.5,2.5,3,5,6,7,9.5,2,3,3,5,6,7,10,0.16375438588830205,0.27292397648050337,0.3275087717766041,0.5458479529610067,0.6550175435532082,0.7641871341454095,1.037111110625913,0.16,0.27,0.33,0.55,0.66,0.76,1.04,TRUE,FALSE,Google Science AI,2026-05-27,RSVEnsemble
South Dakota,SD,2,wk inc rsv hosp,hosp,2026-05-30,2026-06-13,Google_SAI-RSVEns,0.5,1,2.5,4,5,6,8,1,1,3,4,5,6,8,0.054584795296100684,0.10916959059220137,0.27292397648050337,0.4366783623688055,0.5458479529610067,0.6550175435532082,0.873356724737611,0.05,0.11,0.27,0.44,0.55,0.66,0.87,TRUE,FALSE,Google Science AI,2026-05-27,RSVEnsemble
South Dakota,SD,0,wk inc rsv hosp,hosp,2026-05-30,2026-05-30,RSVHub-baseline,0,2.9000000000000052,6.749999999999998,8,9.25,13.100000000000001,20.04999999999996,0,3,7,8,9,10,20,0,0.3165918127173845,0.736894736497359,0.873356724737611,1.0098187129778626,1.430121636757838,2.188850291373633,0,0.32,0.74,0.87,1.01,1.43,2.19,FALSE,FALSE,RSVHub-hub-models,2026-05-27,RSVHub baseline model
South Dakota,SD,1,wk inc rsv hosp,hosp,2026-05-30,2026-06-06,RSVHub-baseline,0,0,5,8,11.119003690036884,17.17689376893768,23.381400564005627,0,0,5,8,10,20,20,0,0,0.5458479529610067,0.873356724737611,1.2138570806345028,1.8751944604006614,2.55253792704476,0,0,0.55,0.87,1.21,1.88,2.55,FALSE,FALSE,RSVHub-hub-models,2026-05-27,RSVHub baseline model
South Dakota,SD,2,wk inc rsv hosp,hosp,2026-05-30,2026-06-13,RSVHub-baseline,0,0,3.2396873968739675,8,13,19.271211712117115,26,0,0,3,8,10,20,30,0,0,0.3536753467634456,0.873356724737611,1.4192046776986176,2.1038302928274613,2.838409355397235,0,0,0.35,0.87,1.42,2.1,2.84,FALSE,FALSE,RSVHub-hub-models,2026-05-27,RSVHub baseline model
South Dakota,SD,0,wk inc rsv prop ed visits,prop_ed,2026-05-30,2026-05-30,RSVHub-baseline,0,6.999999999999992e-4,0.0019,0.0023,0.0027,0.0039000000000000007,0.005604999999999997,0,7e-4,0.0019,0.0023,0.0027,0.0039,0.0056,NA,NA,NA,NA,NA,NA,NA,NA,NA,NA,NA,NA,NA,NA,FALSE,FALSE,RSVHub-hub-models,2026-05-27,RSVHub baseline model
South Dakota,SD,1,wk inc rsv prop ed visits,prop_ed,2026-05-30,2026-06-06,RSVHub-baseline,0,1.2106021060210473e-5,0.0013999999999999998,0.0023,0.003200000000000001,0.0048000000000000004,0.006492253622536227,0,1.2e-5,0.0014,0.0023,0.0032,0.0048,0.0065,NA,NA,NA,NA,NA,NA,NA,NA,NA,NA,NA,NA,NA,NA,FALSE,FALSE,RSVHub-hub-models,2026-05-27,RSVHub baseline model
South Dakota,SD,2,wk inc rsv prop ed visits,prop_ed,2026-05-30,2026-06-13,RSVHub-baseline,0,0,0.001,0.0023,0.003657663076630768,0.005381855918559185,0.007200000000000001,0,0,0.001,0.0023,0.0037,0.0054,0.0072,NA,NA,NA,NA,NA,NA,NA,NA,NA,NA,NA,NA,NA,NA,FALSE,FALSE,RSVHub-hub-models,2026-05-27,RSVHub baseline model
South Dakota,SD,0,wk inc rsv hosp,hosp,2026-05-30,2026-05-30,UGA_flucast-INFLAenza,0,1,3,4,7,9,13,0,1,3,4,7,9,10,0,0.10916959059220137,0.3275087717766041,0.4366783623688055,0.7641871341454095,0.9825263153298123,1.4192046776986176,0,0.11,0.33,0.44,0.76,0.98,1.42,TRUE,FALSE,UGA_flucast,2026-05-27,INFLAenza
South Dakota,SD,1,wk inc rsv hosp,hosp,2026-05-30,2026-06-06,UGA_flucast-INFLAenza,0,1,2,3,5,8,12,0,1,2,3,5,8,10,0,0.10916959059220137,0.21833918118440274,0.3275087717766041,0.5458479529610067,0.873356724737611,1.3100350871064164,0,0.11,0.22,0.33,0.55,0.87,1.31,TRUE,FALSE,UGA_flucast,2026-05-27,INFLAenza
South Dakota,SD,2,wk inc rsv hosp,hosp,2026-05-30,2026-06-13,UGA_flucast-INFLAenza,0,0,1,2,4,6,10,0,0,1,2,4,6,10,0,0,0.10916959059220137,0.21833918118440274,0.4366783623688055,0.6550175435532082,1.0916959059220135,0,0,0.11,0.22,0.44,0.66,1.09,TRUE,FALSE,UGA_flucast,2026-05-27,INFLAenza
South Dakota,SD,0,wk inc rsv prop ed visits,prop_ed,2026-05-30,2026-05-30,UGA_flucast-INFLAenza,8.258748985608245e-4,0.0011065451863935608,0.0013925898043796706,0.0017594045070459677,0.0021851092246855186,0.0026055812166946054,0.003105939371457877,8.3e-4,0.0011,0.0014,0.0018,0.0022,0.0026,0.0031,NA,NA,NA,NA,NA,NA,NA,NA,NA,NA,NA,NA,NA,NA,TRUE,FALSE,UGA_flucast,2026-05-27,INFLAenza
South Dakota,SD,1,wk inc rsv prop ed visits,prop_ed,2026-05-30,2026-06-06,UGA_flucast-INFLAenza,6.011682414244839e-4,8.520406748197748e-4,0.0011291466028291838,0.0014958835644005965,0.0019561646361056038,0.002401840741839201,0.003021216518773093,6e-4,8.5e-4,0.0011,0.0015,0.002,0.0024,0.003,NA,NA,NA,NA,NA,NA,NA,NA,NA,NA,NA,NA,NA,NA,TRUE,FALSE,UGA_flucast,2026-05-27,INFLAenza
South Dakota,SD,2,wk inc rsv prop ed visits,prop_ed,2026-05-30,2026-06-13,UGA_flucast-INFLAenza,4.6571128419956595e-4,7.023222183591588e-4,9.534816707671518e-4,0.0013166695897228386,0.001780219033171843,0.0022907736952509777,0.002972595804127315,4.7e-4,7e-4,9.5e-4,0.0013,0.0018,0.0023,0.003,NA,NA,NA,NA,NA,NA,NA,NA,NA,NA,NA,NA,NA,NA,TRUE,FALSE,UGA_flucast,2026-05-27,INFLAenza
South Dakota,SD,0,wk inc rsv hosp,hosp,2026-05-30,2026-05-30,RSVHub-ensemble,2,2.75,4,6,8.75,10.75,14,2,3,4,6,9,10,10,0.21833918118440274,0.30021637412855373,0.4366783623688055,0.6550175435532082,0.9552339176817619,1.1735730988661646,1.528374268290819,0.22,0.3,0.44,0.66,0.96,1.17,1.53,FALSE,TRUE,RSVHub,2026-05-27,Ensemble using RSVHub forecast submissions
South Dakota,SD,1,wk inc rsv hosp,hosp,2026-05-30,2026-06-06,RSVHub-ensemble,1,2.25,3,5,7,9.5,13.5,1,2,3,5,7,10,10,0.10916959059220137,0.24563157883245307,0.3275087717766041,0.5458479529610067,0.7641871341454095,1.037111110625913,1.4737894729947183,0.11,0.25,0.33,0.55,0.76,1.04,1.47,FALSE,TRUE,RSVHub,2026-05-27,Ensemble using RSVHub forecast submissions
South Dakota,SD,2,wk inc rsv hosp,hosp,2026-05-30,2026-06-13,RSVHub-ensemble,0.5,1,2,4,5,6,10,1,1,2,4,5,6,10,0.054584795296100684,0.10916959059220137,0.21833918118440274,0.4366783623688055,0.5458479529610067,0.6550175435532082,1.0916959059220135,0.05,0.11,0.22,0.44,0.55,0.66,1.09,FALSE,TRUE,RSVHub,2026-05-27,Ensemble using RSVHub forecast submissions
South Dakota,SD,0,wk inc rsv prop ed visits,prop_ed,2026-05-30,2026-05-30,RSVHub-ensemble,7.572917641042402e-4,0.001131320678903494,0.0014642443594538564,0.001938452312137935,0.002481988816445636,0.0030577493808963798,0.0037020404335767402,7.6e-4,0.0011,0.0015,0.0019,0.0025,0.0031,0.0037,NA,NA,NA,NA,NA,NA,NA,NA,NA,NA,NA,NA,NA,NA,FALSE,TRUE,RSVHub,2026-05-27,Ensemble using RSVHub forecast submissions
South Dakota,SD,1,wk inc rsv prop ed visits,prop_ed,2026-05-30,2026-06-06,RSVHub-ensemble,4.7384351812942657e-4,8.375356456073298e-4,0.0011686950556077567,0.001670726780178131,0.0023286237686760674,0.003055817406269661,0.004000016508365924,4.7e-4,8.4e-4,0.0012,0.0017,0.0023,0.0031,0.004,NA,NA,NA,NA,NA,NA,NA,NA,NA,NA,NA,NA,NA,NA,FALSE,TRUE,RSVHub,2026-05-27,Ensemble using RSVHub forecast submissions
Tennessee,TN,0,wk inc rsv hosp,hosp,2026-05-30,2026-05-30,CEPH-Rtrend_rsv,4,7,11,17,25,36,50,4,7,10,20,30,40,50,0.056284066810875825,0.0984971169190327,0.15478118372990854,0.23920728394622226,0.3517754175679739,0.5065566012978825,0.7035508351359478,0.06,0.1,0.15,0.24,0.35,0.51,0.7,TRUE,FALSE,CEPH Lab at Indiana University,2026-05-27,Rtrend RSV
Tennessee,TN,1,wk inc rsv hosp,hosp,2026-05-30,2026-06-06,CEPH-Rtrend_rsv,2,4,7,13,21,33,49,2,4,7,10,20,30,50,0.028142033405437913,0.056284066810875825,0.0984971169190327,0.18292321713534646,0.2954913507570981,0.46434355118972553,0.6894798184332289,0.03,0.06,0.1,0.18,0.3,0.46,0.69,TRUE,FALSE,CEPH Lab at Indiana University,2026-05-27,Rtrend RSV
Tennessee,TN,2,wk inc rsv hosp,hosp,2026-05-30,2026-06-13,CEPH-Rtrend_rsv,1,3,4,10,17,29,45,1,3,4,10,20,30,50,0.014071016702718956,0.04221305010815687,0.056284066810875825,0.14071016702718955,0.23920728394622226,0.40805948437884976,0.6331957516223531,0.01,0.04,0.06,0.14,0.24,0.41,0.63,TRUE,FALSE,CEPH Lab at Indiana University,2026-05-27,Rtrend RSV
Tennessee,TN,0,wk inc rsv prop ed visits,prop_ed,2026-05-30,2026-05-30,CFA_Pyrenew-Pyrenew_E_RSV,5.339987509804689e-4,6.46442113723589e-4,7.474272636997759e-4,8.630854196179458e-4,9.895030356915418e-4,0.001108139556934176,0.001285554026744316,5.3e-4,6.5e-4,7.5e-4,8.6e-4,9.9e-4,0.0011,0.0013,NA,NA,NA,NA,NA,NA,NA,NA,NA,NA,NA,NA,NA,NA,TRUE,FALSE,Center for Forecasting and Outbreak Analytics (CFA/CDC) Pyrenew team,2026-05-27,Pyrenew_ED_Visits_RSV
Tennessee,TN,1,wk inc rsv prop ed visits,prop_ed,2026-05-30,2026-06-06,CFA_Pyrenew-Pyrenew_E_RSV,3.8502870033585527e-4,4.916785997191982e-4,5.996544600049797e-4,7.444563454109209e-4,8.974730134000555e-4,0.001068285290143828,0.0013072103063829933,3.9e-4,4.9e-4,6e-4,7.4e-4,9e-4,0.0011,0.0013,NA,NA,NA,NA,NA,NA,NA,NA,NA,NA,NA,NA,NA,NA,TRUE,FALSE,Center for Forecasting and Outbreak Analytics (CFA/CDC) Pyrenew team,2026-05-27,Pyrenew_ED_Visits_RSV
Tennessee,TN,0,wk inc rsv hosp,hosp,2026-05-30,2026-05-30,CFA_Pyrenew-Pyrenew_HE_RSV,9,12,16,20,25,30,36,9,10,20,20,30,30,40,0.12663915032447062,0.16885220043262747,0.2251362672435033,0.2814203340543791,0.3517754175679739,0.4221305010815687,0.5065566012978825,0.13,0.17,0.23,0.28,0.35,0.42,0.51,TRUE,FALSE,Center for Forecasting and Outbreak Analytics (CFA/CDC) Pyrenew team,2026-05-27,Pyrenew_Hospital_Admissions_ED_Visits_RSV
Tennessee,TN,1,wk inc rsv hosp,hosp,2026-05-30,2026-06-06,CFA_Pyrenew-Pyrenew_HE_RSV,7,10,13,17,22,27,34,7,10,10,20,20,30,30,0.0984971169190327,0.14071016702718955,0.18292321713534646,0.23920728394622226,0.3095623674598171,0.3799174509734118,0.4784145678924445,0.1,0.14,0.18,0.24,0.31,0.38,0.48,TRUE,FALSE,Center for Forecasting and Outbreak Analytics (CFA/CDC) Pyrenew team,2026-05-27,Pyrenew_Hospital_Admissions_ED_Visits_RSV
Tennessee,TN,0,wk inc rsv prop ed visits,prop_ed,2026-05-30,2026-05-30,CFA_Pyrenew-Pyrenew_HE_RSV,5.598658197439747e-4,6.548578296298171e-4,7.517753914455142e-4,8.570183514469544e-4,9.756067089265181e-4,0.0011002560885595332,0.0012460021791201755,5.6e-4,6.5e-4,7.5e-4,8.6e-4,9.8e-4,0.0011,0.0012,NA,NA,NA,NA,NA,NA,NA,NA,NA,NA,NA,NA,NA,NA,FALSE,FALSE,Center for Forecasting and Outbreak Analytics (CFA/CDC) Pyrenew team,2026-05-27,Pyrenew_Hospital_Admissions_ED_Visits_RSV
Tennessee,TN,1,wk inc rsv prop ed visits,prop_ed,2026-05-30,2026-06-06,CFA_Pyrenew-Pyrenew_HE_RSV,4.153944278931276e-4,5.057421490380148e-4,6.094895319372521e-4,7.434111105862845e-4,8.848795062803396e-4,0.0010525780295085885,0.00124611728253188,4.2e-4,5.1e-4,6.1e-4,7.4e-4,8.8e-4,0.0011,0.0012,NA,NA,NA,NA,NA,NA,NA,NA,NA,NA,NA,NA,NA,NA,FALSE,FALSE,Center for Forecasting and Outbreak Analytics (CFA/CDC) Pyrenew team,2026-05-27,Pyrenew_Hospital_Admissions_ED_Visits_RSV
Tennessee,TN,0,wk inc rsv hosp,hosp,2026-05-30,2026-05-30,CFA_Pyrenew-Pyrenew_H_RSV,8,11,15,19,26,32,41,8,10,20,20,30,30,40,0.11256813362175165,0.15478118372990854,0.21106525054078434,0.2673493173516602,0.3658464342706929,0.4502725344870066,0.5769116848114773,0.11,0.15,0.21,0.27,0.37,0.45,0.58,FALSE,FALSE,Center for Forecasting and Outbreak Analytics (CFA/CDC) Pyrenew team,2026-05-27,Pyrenew_Hospital_Admissions_RSV
Tennessee,TN,1,wk inc rsv hosp,hosp,2026-05-30,2026-06-06,CFA_Pyrenew-Pyrenew_H_RSV,4,7,10,16,24,33,45,4,7,10,20,20,30,50,0.056284066810875825,0.0984971169190327,0.14071016702718955,0.2251362672435033,0.33770440086525494,0.46434355118972553,0.6331957516223531,0.06,0.1,0.14,0.23,0.34,0.46,0.63,FALSE,FALSE,Center for Forecasting and Outbreak Analytics (CFA/CDC) Pyrenew team,2026-05-27,Pyrenew_Hospital_Admissions_RSV
Tennessee,TN,0,wk inc rsv hosp,hosp,2026-05-30,2026-05-30,Google_SAI-RSVEns,7,10.5,14,18,22.5,31.5,47.5,7,10,10,20,20,30,50,0.0984971169190327,0.14774567537854905,0.1969942338380654,0.25327830064894125,0.31659787581117654,0.4432370261356471,0.6683732933791504,0.1,0.15,0.2,0.25,0.32,0.44,0.67,TRUE,FALSE,Google Science AI,2026-05-27,RSVEnsemble
Tennessee,TN,1,wk inc rsv hosp,hosp,2026-05-30,2026-06-06,Google_SAI-RSVEns,6,9.5,12.5,16.5,19.5,27.5,42,6,10,10,20,20,30,40,0.08442610021631373,0.1336746586758301,0.17588770878398696,0.23217177559486277,0.27438482570301964,0.3869529593247713,0.5909827015141962,0.08,0.13,0.18,0.23,0.27,0.39,0.59,TRUE,FALSE,Google Science AI,2026-05-27,RSVEnsemble
Tennessee,TN,2,wk inc rsv hosp,hosp,2026-05-30,2026-06-13,Google_SAI-RSVEns,5,7,9.5,13,17,24.5,34.5,5,7,10,10,20,20,30,0.07035508351359478,0.0984971169190327,0.1336746586758301,0.18292321713534646,0.23920728394622226,0.34473990921661446,0.48545007624380404,0.07,0.1,0.13,0.18,0.24,0.34,0.49,TRUE,FALSE,Google Science AI,2026-05-27,RSVEnsemble
Tennessee,TN,0,wk inc rsv hosp,hosp,2026-05-30,2026-05-30,RSVHub-baseline,0,0,16,23,30,49,85.17499999999987,0,0,20,20,30,50,90,0,0,0.2251362672435033,0.323633384162536,0.4221305010815687,0.6894798184332289,1.1984988476540852,0,0,0.23,0.32,0.42,0.69,1.2,FALSE,FALSE,RSVHub-hub-models,2026-05-27,RSVHub baseline model
Tennessee,TN,1,wk inc rsv hosp,hosp,2026-05-30,2026-06-06,RSVHub-baseline,0,0,9,23,38.36664866648667,63.52970929709294,105.95415354153533,0,0,9,20,40,60,110,0,0,0.12663915032447062,0.323633384162536,0.5398577542134839,0.8939276006382746,1.4908826642053927,0,0,0.13,0.32,0.54,0.89,1.49,FALSE,FALSE,RSVHub-hub-models,2026-05-27,RSVHub baseline model
Tennessee,TN,2,wk inc rsv hosp,hosp,2026-05-30,2026-06-13,RSVHub-baseline,0,0,3.19098190981909,23,44.98647736477368,75.5478024780247,126.11508040080327,0,0,3,20,40,80,130,0,0,0.04490035975113845,0.323633384162536,0.6330054743962187,1.063034390521998,1.7745674027844467,0,0,0.04,0.32,0.63,1.06,1.77,FALSE,FALSE,RSVHub-hub-models,2026-05-27,RSVHub baseline model
Tennessee,TN,0,wk inc rsv prop ed visits,prop_ed,2026-05-30,2026-05-30,RSVHub-baseline,0,1.0000000000000005e-4,7.999999999999999e-4,0.001,0.0012000000000000001,0.0019,0.0030524999999999975,0,1e-4,8e-4,0.001,0.0012,0.0019,0.0031,NA,NA,NA,NA,NA,NA,NA,NA,NA,NA,NA,NA,NA,NA,FALSE,FALSE,RSVHub-hub-models,2026-05-27,RSVHub baseline model
Tennessee,TN,1,wk inc rsv prop ed visits,prop_ed,2026-05-30,2026-06-06,RSVHub-baseline,0,0,4.999999999999999e-4,0.001,0.0015795660456604547,0.0026000000000000003,0.0037157881578815653,0,0,5e-4,0.001,0.0016,0.0026,0.0037,NA,NA,NA,NA,NA,NA,NA,NA,NA,NA,NA,NA,NA,NA,FALSE,FALSE,RSVHub-hub-models,2026-05-27,RSVHub baseline model
Tennessee,TN,2,wk inc rsv prop ed visits,prop_ed,2026-05-30,2026-06-13,RSVHub-baseline,0,0,2.9999999999999954e-4,0.001,0.0018000000000000013,0.0029000000000000015,0.0042654536545365445,0,0,3e-4,0.001,0.0018,0.0029,0.0043,NA,NA,NA,NA,NA,NA,NA,NA,NA,NA,NA,NA,NA,NA,FALSE,FALSE,RSVHub-hub-models,2026-05-27,RSVHub baseline model
Tennessee,TN,0,wk inc rsv hosp,hosp,2026-05-30,2026-05-30,UGA_flucast-INFLAenza,4,6,9,14,20,26,36,4,6,9,10,20,30,40,0.056284066810875825,0.08442610021631373,0.12663915032447062,0.1969942338380654,0.2814203340543791,0.3658464342706929,0.5065566012978825,0.06,0.08,0.13,0.2,0.28,0.37,0.51,TRUE,FALSE,UGA_flucast,2026-05-27,INFLAenza
Tennessee,TN,1,wk inc rsv hosp,hosp,2026-05-30,2026-06-06,UGA_flucast-INFLAenza,2,4,7,10,16,22,33,2,4,7,10,20,20,30,0.028142033405437913,0.056284066810875825,0.0984971169190327,0.14071016702718955,0.2251362672435033,0.3095623674598171,0.46434355118972553,0.03,0.06,0.1,0.14,0.23,0.31,0.46,TRUE,FALSE,UGA_flucast,2026-05-27,INFLAenza
Tennessee,TN,2,wk inc rsv hosp,hosp,2026-05-30,2026-06-13,UGA_flucast-INFLAenza,1,3,5,8,13,18,28,1,3,5,8,10,20,30,0.014071016702718956,0.04221305010815687,0.07035508351359478,0.11256813362175165,0.18292321713534646,0.25327830064894125,0.3939884676761308,0.01,0.04,0.07,0.11,0.18,0.25,0.39,TRUE,FALSE,UGA_flucast,2026-05-27,INFLAenza
Tennessee,TN,0,wk inc rsv prop ed visits,prop_ed,2026-05-30,2026-05-30,UGA_flucast-INFLAenza,2.976519720221481e-4,4.3127424155155886e-4,5.774305965110754e-4,7.85238620949169e-4,0.00102742265284979,0.0012790452512048234,0.001604162984722961,3e-4,4.3e-4,5.8e-4,7.9e-4,0.001,0.0013,0.0016,NA,NA,NA,NA,NA,NA,NA,NA,NA,NA,NA,NA,NA,NA,TRUE,FALSE,UGA_flucast,2026-05-27,INFLAenza
Tennessee,TN,1,wk inc rsv prop ed visits,prop_ed,2026-05-30,2026-06-06,UGA_flucast-INFLAenza,2.2327718630018258e-4,3.4369643806187605e-4,4.919609358046619e-4,6.86021417516963e-4,9.403919330305004e-4,0.001233642778660465,0.0016048019679191232,2.2e-4,3.4e-4,4.9e-4,6.9e-4,9.4e-4,0.0012,0.0016,NA,NA,NA,NA,NA,NA,NA,NA,NA,NA,NA,NA,NA,NA,TRUE,FALSE,UGA_flucast,2026-05-27,INFLAenza
Tennessee,TN,2,wk inc rsv prop ed visits,prop_ed,2026-05-30,2026-06-13,UGA_flucast-INFLAenza,1.7775607233638184e-4,2.9546143821696695e-4,4.330820096223964e-4,6.411752422385023e-4,8.983366194126282e-4,0.0011868518326592589,0.0015696640607088482,1.8e-4,3e-4,4.3e-4,6.4e-4,9e-4,0.0012,0.0016,NA,NA,NA,NA,NA,NA,NA,NA,NA,NA,NA,NA,NA,NA,TRUE,FALSE,UGA_flucast,2026-05-27,INFLAenza
Tennessee,TN,0,wk inc rsv hosp,hosp,2026-05-30,2026-05-30,RSVHub-ensemble,5.5,8.75,12.5,17.5,23.75,30.75,41.75,6,9,10,20,20,30,40,0.07739059186495427,0.12312139614879086,0.17588770878398696,0.24624279229758173,0.3341866466895752,0.43268376360860794,0.5874649473385164,0.08,0.12,0.18,0.25,0.33,0.43,0.59,FALSE,TRUE,RSVHub,2026-05-27,Ensemble using RSVHub forecast submissions
Tennessee,TN,1,wk inc rsv hosp,hosp,2026-05-30,2026-06-06,RSVHub-ensemble,4,6.75,9.75,14.75,20.25,27.25,38,4,7,10,10,20,30,40,0.056284066810875825,0.09497936274335295,0.13719241285150982,0.2075474963651046,0.2849380882300589,0.3834352051490916,0.5346986347033204,0.06,0.09,0.14,0.21,0.28,0.38,0.53,FALSE,TRUE,RSVHub,2026-05-27,Ensemble using RSVHub forecast submissions
Tennessee,TN,2,wk inc rsv hosp,hosp,2026-05-30,2026-06-13,RSVHub-ensemble,1,3,5,10,17,24.5,34.5,1,3,5,10,20,20,30,0.014071016702718956,0.04221305010815687,0.07035508351359478,0.14071016702718955,0.23920728394622226,0.34473990921661446,0.48545007624380404,0.01,0.04,0.07,0.14,0.24,0.34,0.49,FALSE,TRUE,RSVHub,2026-05-27,Ensemble using RSVHub forecast submissions
Tennessee,TN,0,wk inc rsv prop ed visits,prop_ed,2026-05-30,2026-05-30,RSVHub-ensemble,4.158253615013085e-4,5.388581776375739e-4,6.624289301054257e-4,8.241620202835574e-4,0.0010084628442706659,0.0011935924040694997,0.0014448585057336384,4.2e-4,5.4e-4,6.6e-4,8.2e-4,0.001,0.0012,0.0014,NA,NA,NA,NA,NA,NA,NA,NA,NA,NA,NA,NA,NA,NA,FALSE,TRUE,RSVHub,2026-05-27,Ensemble using RSVHub forecast submissions
Tennessee,TN,1,wk inc rsv prop ed visits,prop_ed,2026-05-30,2026-06-06,RSVHub-ensemble,3.0415294331801894e-4,4.176875188905371e-4,5.458076979048208e-4,7.15238881463942e-4,9.189324732152779e-4,0.0011509640344021465,0.0014560061371510582,3e-4,4.2e-4,5.5e-4,7.2e-4,9.2e-4,0.0012,0.0015,NA,NA,NA,NA,NA,NA,NA,NA,NA,NA,NA,NA,NA,NA,FALSE,TRUE,RSVHub,2026-05-27,Ensemble using RSVHub forecast submissions
Texas,TX,0,wk inc rsv hosp,hosp,2026-05-30,2026-05-30,CEPH-Rtrend_rsv,17,31,48,83,128,187,263,20,30,50,80,130,190,260,0.0559374032817619,0.10200350010203642,0.1579409033837983,0.2731061454344845,0.42117574235679545,0.6153114360993809,0.8653845331237282,0.06,0.1,0.16,0.27,0.42,0.62,0.87,TRUE,FALSE,CEPH Lab at Indiana University,2026-05-27,Rtrend RSV
Texas,TX,1,wk inc rsv hosp,hosp,2026-05-30,2026-06-06,CEPH-Rtrend_rsv,7,17,35,66,114,173,242,7,20,40,70,110,170,240,0.02303304841013725,0.0559374032817619,0.11516524205068628,0.21716874215272267,0.375109645536521,0.5692453392791064,0.7962853878933165,0.02,0.06,0.12,0.22,0.38,0.57,0.8,TRUE,FALSE,CEPH Lab at Indiana University,2026-05-27,Rtrend RSV
Texas,TX,2,wk inc rsv hosp,hosp,2026-05-30,2026-06-13,CEPH-Rtrend_rsv,3,10,24,52,93,142,197,3,10,20,50,90,140,200,0.009871306461487393,0.032904354871624644,0.07897045169189915,0.17110264533244815,0.3060105003061092,0.46724183917706996,0.6482157909710055,0.01,0.03,0.08,0.17,0.31,0.47,0.65,TRUE,FALSE,CEPH Lab at Indiana University,2026-05-27,Rtrend RSV
Texas,TX,0,wk inc rsv prop ed visits,prop_ed,2026-05-30,2026-05-30,CFA_Pyrenew-Pyrenew_E_RSV,5.095571283476802e-4,5.681325136947886e-4,6.255419686579754e-4,6.92445265512061e-4,7.712540879765723e-4,8.37436809315547e-4,9.330593416416087e-4,5.1e-4,5.7e-4,6.3e-4,6.9e-4,7.7e-4,8.4e-4,0.00093000000000000005,NA,NA,NA,NA,NA,NA,NA,NA,NA,NA,NA,NA,NA,NA,TRUE,FALSE,Center for Forecasting and Outbreak Analytics (CFA/CDC) Pyrenew team,2026-05-27,Pyrenew_ED_Visits_RSV
Texas,TX,1,wk inc rsv prop ed visits,prop_ed,2026-05-30,2026-06-06,CFA_Pyrenew-Pyrenew_E_RSV,3.389019575744754e-4,4.18038842155103e-4,5.010042634362773e-4,6.046521320081915e-4,7.169233289106643e-4,8.303597412635871e-4,9.885845977815396e-4,3.4e-4,4.2e-4,5e-4,6e-4,7.2e-4,8.3e-4,9.9e-4,NA,NA,NA,NA,NA,NA,NA,NA,NA,NA,NA,NA,NA,NA,TRUE,FALSE,Center for Forecasting and Outbreak Analytics (CFA/CDC) Pyrenew team,2026-05-27,Pyrenew_ED_Visits_RSV
Texas,TX,0,wk inc rsv hosp,hosp,2026-05-30,2026-05-30,CFA_Pyrenew-Pyrenew_H_RSV,27,35,43,54,67,81,102.02499999999986,30,40,40,50,70,80,100,0.08884175815338655,0.11516524205068628,0.14148872594798598,0.1776835163067731,0.22045917763988512,0.26652527446015967,0.33570668057775,0.09,0.12,0.14,0.18,0.22,0.27,0.34,FALSE,FALSE,Center for Forecasting and Outbreak Analytics (CFA/CDC) Pyrenew team,2026-05-27,Pyrenew_Hospital_Admissions_RSV
Texas,TX,1,wk inc rsv hosp,hosp,2026-05-30,2026-06-06,CFA_Pyrenew-Pyrenew_H_RSV,15,22,29,41,58,77,108,20,20,30,40,60,80,110,0.04935653230743697,0.07238958071757422,0.09542262912771148,0.13490785497366106,0.19084525825542295,0.2533635325115098,0.3553670326135462,0.05,0.07,0.1,0.13,0.19,0.25,0.36,FALSE,FALSE,Center for Forecasting and Outbreak Analytics (CFA/CDC) Pyrenew team,2026-05-27,Pyrenew_Hospital_Admissions_RSV
Texas,TX,0,wk inc rsv hosp,hosp,2026-05-30,2026-05-30,Google_SAI-RSVEns,31,40.5,46,51.5,68.5,97,144,30,40,50,50,70,100,140,0.10200350010203642,0.13326263723007983,0.15136003240947338,0.16945742758886692,0.22539483087062884,0.3191722422547591,0.4738227101513949,0.1,0.13,0.15,0.17,0.23,0.32,0.47,TRUE,FALSE,Google Science AI,2026-05-27,RSVEnsemble
Texas,TX,1,wk inc rsv hosp,hosp,2026-05-30,2026-06-06,Google_SAI-RSVEns,27.5,34,38.5,48,61,88,121,30,30,40,50,60,90,120,0.09048697589696778,0.1118748065635238,0.1266817662557549,0.1579409033837983,0.20071656471691035,0.28955832287029687,0.39814269394665824,0.09,0.11,0.13,0.16,0.2,0.29,0.4,TRUE,FALSE,Google Science AI,2026-05-27,RSVEnsemble
Texas,TX,2,wk inc rsv hosp,hosp,2026-05-30,2026-06-13,Google_SAI-RSVEns,20.5,27.5,34.5,40.5,50.5,72,109.5,20,30,30,40,50,70,110,0.06745392748683053,0.09048697589696778,0.11352002430710503,0.13326263723007983,0.16616699210170446,0.23691135507569744,0.3603026858442899,0.07,0.09,0.11,0.13,0.17,0.24,0.36,TRUE,FALSE,Google Science AI,2026-05-27,RSVEnsemble
Texas,TX,0,wk inc rsv hosp,hosp,2026-05-30,2026-05-30,RSVHub-baseline,0,0,34,63,92,136.2,213.2749999999998,0,0,30,60,90,140,210,0,0,0.1118748065635238,0.20729743569123527,0.30272006481894675,0.44815731335152764,0.7017676285245741,0,0,0.11,0.21,0.3,0.45,0.7,FALSE,FALSE,RSVHub-hub-models,2026-05-27,RSVHub baseline model
Texas,TX,1,wk inc rsv hosp,hosp,2026-05-30,2026-06-06,RSVHub-baseline,0,0,12.437216872168726,63,120,189.36183661836628,272.4346945969459,0,0,10,60,120,190,270,0,0,0.04092385975771973,0.20729743569123527,0.3948522584594958,0.6230829071233331,0.896428787036059,0,0,0.04,0.21,0.39,0.62,0.9,FALSE,FALSE,RSVHub-hub-models,2026-05-27,RSVHub baseline model
Texas,TX,2,wk inc rsv hosp,hosp,2026-05-30,2026-06-13,RSVHub-baseline,0,0,0,62.99999999999999,135.13788887888873,213.62547025470258,327.96343638436326,0,0,0,60,140,210,330,0,0,0,0.20729743569123524,0.4446625052273132,0.7029208282878429,1.0791425295708583,0,0,0,0.21,0.44,0.7,1.08,FALSE,FALSE,RSVHub-hub-models,2026-05-27,RSVHub baseline model
Texas,TX,0,wk inc rsv prop ed visits,prop_ed,2026-05-30,2026-05-30,RSVHub-baseline,0,0,6.000000000000002e-4,8e-4,0.001,0.001799999999999999,0.002900000000000001,0,0,6e-4,8e-4,0.001,0.0018,0.0029,NA,NA,NA,NA,NA,NA,NA,NA,NA,NA,NA,NA,NA,NA,FALSE,FALSE,RSVHub-hub-models,2026-05-27,RSVHub baseline model
Texas,TX,1,wk inc rsv prop ed visits,prop_ed,2026-05-30,2026-06-06,RSVHub-baseline,0,0,3.0000000000000014e-4,8e-4,0.0013271005210052083,0.0023000000000000004,0.003599999999999999,0,0,3e-4,8e-4,0.0013,0.0023,0.0036,NA,NA,NA,NA,NA,NA,NA,NA,NA,NA,NA,NA,NA,NA,FALSE,FALSE,RSVHub-hub-models,2026-05-27,RSVHub baseline model
Texas,TX,2,wk inc rsv prop ed visits,prop_ed,2026-05-30,2026-06-13,RSVHub-baseline,0,0,1.0000000000000005e-4,8e-4,0.001600000000000002,0.0027000000000000014,0.004034092690926907,0,0,1e-4,8e-4,0.0016,0.0027,0.004,NA,NA,NA,NA,NA,NA,NA,NA,NA,NA,NA,NA,NA,NA,FALSE,FALSE,RSVHub-hub-models,2026-05-27,RSVHub baseline model
Texas,TX,0,wk inc rsv hosp,hosp,2026-05-30,2026-05-30,UGA_flucast-INFLAenza,19,28,37,51,70,91,121,20,30,40,50,70,90,120,0.06251827425608683,0.092132193640549,0.12174611302501119,0.1678122098452857,0.23033048410137255,0.2994296293317843,0.39814269394665824,0.06,0.09,0.12,0.17,0.23,0.3,0.4,TRUE,FALSE,UGA_flucast,2026-05-27,INFLAenza
Texas,TX,1,wk inc rsv hosp,hosp,2026-05-30,2026-06-06,UGA_flucast-INFLAenza,12,18,26,39,57,78,113,10,20,30,40,60,80,110,0.03948522584594957,0.05922783876892436,0.085551322666224075,0.12832698399933612,0.1875548227682605,0.25665396799867224,0.37181921004935853,0.04,0.06,0.09,0.13,0.19,0.26,0.37,TRUE,FALSE,UGA_flucast,2026-05-27,INFLAenza
Texas,TX,2,wk inc rsv hosp,hosp,2026-05-30,2026-06-13,UGA_flucast-INFLAenza,8,12,19,29,45,64,97,8,10,20,30,50,60,100,0.026323483897299715,0.03948522584594957,0.06251827425608683,0.09542262912771148,0.14806959692231092,0.21058787117839772,0.3191722422547591,0.03,0.04,0.06,0.1,0.15,0.21,0.32,TRUE,FALSE,UGA_flucast,2026-05-27,INFLAenza
Texas,TX,0,wk inc rsv prop ed visits,prop_ed,2026-05-30,2026-05-30,UGA_flucast-INFLAenza,2.078183319172579e-4,3.2066217304534627e-4,4.4454299859880567e-4,6.206007382285148e-4,8.240618211003969e-4,0.0010554414628165315,0.001350437207195209,2.1e-4,3.2e-4,4.4e-4,6.2e-4,8.2e-4,0.0011,0.0014,NA,NA,NA,NA,NA,NA,NA,NA,NA,NA,NA,NA,NA,NA,TRUE,FALSE,UGA_flucast,2026-05-27,INFLAenza
Texas,TX,1,wk inc rsv prop ed visits,prop_ed,2026-05-30,2026-06-06,UGA_flucast-INFLAenza,1.5423864818118593e-4,2.5571705358721944e-4,3.7232910701331186e-4,5.497433091661201e-4,7.643127307413176e-4,0.0010157251521369945,0.0013129256156040865,1.5e-4,2.6e-4,3.7e-4,5.5e-4,7.6e-4,0.001,0.0013,NA,NA,NA,NA,NA,NA,NA,NA,NA,NA,NA,NA,NA,NA,TRUE,FALSE,UGA_flucast,2026-05-27,INFLAenza
Texas,TX,2,wk inc rsv prop ed visits,prop_ed,2026-05-30,2026-06-13,UGA_flucast-INFLAenza,1.3007972284106761e-4,2.209474616676416e-4,3.307724058603232e-4,5.03428322148416e-4,7.337397961266361e-4,9.865640274850155e-4,0.0013050574684828143,1.3e-4,2.2e-4,3.3e-4,5e-4,7.3e-4,9.9e-4,0.0013,NA,NA,NA,NA,NA,NA,NA,NA,NA,NA,NA,NA,NA,NA,TRUE,FALSE,UGA_flucast,2026-05-27,INFLAenza
Texas,TX,0,wk inc rsv hosp,hosp,2026-05-30,2026-05-30,RSVHub-ensemble,19,31,46,51.5,70,97,144,20,30,50,50,70,100,140,0.06251827425608683,0.10200350010203642,0.15136003240947338,0.16945742758886692,0.23033048410137255,0.3191722422547591,0.4738227101513949,0.06,0.1,0.15,0.17,0.23,0.32,0.47,FALSE,TRUE,RSVHub,2026-05-27,Ensemble using RSVHub forecast submissions
Texas,TX,1,wk inc rsv hosp,hosp,2026-05-30,2026-06-06,RSVHub-ensemble,12,18,35,48,61,88,121,10,20,40,50,60,90,120,0.03948522584594957,0.05922783876892436,0.11516524205068628,0.1579409033837983,0.20071656471691035,0.28955832287029687,0.39814269394665824,0.04,0.06,0.12,0.16,0.2,0.29,0.4,FALSE,TRUE,RSVHub,2026-05-27,Ensemble using RSVHub forecast submissions
Texas,TX,2,wk inc rsv hosp,hosp,2026-05-30,2026-06-13,RSVHub-ensemble,8,12,24,40.5,50.5,72,109.5,8,10,20,40,50,70,110,0.026323483897299715,0.03948522584594957,0.07897045169189915,0.13326263723007983,0.16616699210170446,0.23691135507569744,0.3603026858442899,0.03,0.04,0.08,0.13,0.17,0.24,0.36,FALSE,TRUE,RSVHub,2026-05-27,Ensemble using RSVHub forecast submissions
Texas,TX,0,wk inc rsv prop ed visits,prop_ed,2026-05-30,2026-05-30,RSVHub-ensemble,3.586877301324691e-4,4.443973433700674e-4,5.350424836283905e-4,6.565230018702879e-4,7.976579545384846e-4,9.464391360660392e-4,0.001141748274418409,3.6e-4,4.4e-4,5.4e-4,6.6e-4,8e-4,9.5e-4,0.0011,NA,NA,NA,NA,NA,NA,NA,NA,NA,NA,NA,NA,NA,NA,FALSE,TRUE,RSVHub,2026-05-27,Ensemble using RSVHub forecast submissions
Texas,TX,1,wk inc rsv prop ed visits,prop_ed,2026-05-30,2026-06-06,RSVHub-ensemble,2.4657030287783066e-4,3.368779478711612e-4,4.366666852247946e-4,5.771977205871558e-4,7.406180298259909e-4,9.230424467002908e-4,0.001150755106692813,2.5e-4,3.4e-4,4.4e-4,5.8e-4,7.4e-4,9.2e-4,0.0012,NA,NA,NA,NA,NA,NA,NA,NA,NA,NA,NA,NA,NA,NA,FALSE,TRUE,RSVHub,2026-05-27,Ensemble using RSVHub forecast submissions
Utah,UT,0,wk inc rsv hosp,hosp,2026-05-30,2026-05-30,CEPH-Rtrend_rsv,1,2,3,5,7,10,14,1,2,3,5,7,10,10,0.029297221187867553,0.058594442375735106,0.08789166356360265,0.14648610593933775,0.20508054831507286,0.2929722118786755,0.4101610966301457,0.03,0.06,0.09,0.15,0.21,0.29,0.41,TRUE,FALSE,CEPH Lab at Indiana University,2026-05-27,Rtrend RSV
Utah,UT,1,wk inc rsv hosp,hosp,2026-05-30,2026-06-06,CEPH-Rtrend_rsv,1,1,2,3,6,10,16,1,1,2,3,6,10,20,0.029297221187867553,0.029297221187867553,0.058594442375735106,0.08789166356360265,0.1757833271272053,0.2929722118786755,0.46875553900588085,0.03,0.03,0.06,0.09,0.18,0.29,0.47,TRUE,FALSE,CEPH Lab at Indiana University,2026-05-27,Rtrend RSV
Utah,UT,2,wk inc rsv hosp,hosp,2026-05-30,2026-06-13,CEPH-Rtrend_rsv,0,1,1,3,5,10,16,0,1,1,3,5,10,20,0,0.029297221187867553,0.029297221187867553,0.08789166356360265,0.14648610593933775,0.2929722118786755,0.46875553900588085,0,0.03,0.03,0.09,0.15,0.29,0.47,TRUE,FALSE,CEPH Lab at Indiana University,2026-05-27,Rtrend RSV
Utah,UT,0,wk inc rsv prop ed visits,prop_ed,2026-05-30,2026-05-30,CFA_Pyrenew-Pyrenew_E_RSV,9.768421895862128e-5,1.9251757955856264e-4,2.8771748966298913e-4,3.938676208681766e-4,5.599038642959625e-4,7.182538212463597e-4,9.308370322630117e-4,9.8e-5,1.9e-4,2.9e-4,3.9e-4,5.6e-4,7.2e-4,0.00093000000000000005,NA,NA,NA,NA,NA,NA,NA,NA,NA,NA,NA,NA,NA,NA,TRUE,FALSE,Center for Forecasting and Outbreak Analytics (CFA/CDC) Pyrenew team,2026-05-27,Pyrenew_ED_Visits_RSV
Utah,UT,1,wk inc rsv prop ed visits,prop_ed,2026-05-30,2026-06-06,CFA_Pyrenew-Pyrenew_E_RSV,4.782374688897606e-5,9.641758204901926e-5,1.8888683273179181e-4,2.893818437031433e-4,4.2966827585752787e-4,5.856117612173102e-4,7.928436656331454e-4,4.8e-5,9.6e-5,1.9e-4,2.9e-4,4.3e-4,5.9e-4,7.9e-4,NA,NA,NA,NA,NA,NA,NA,NA,NA,NA,NA,NA,NA,NA,TRUE,FALSE,Center for Forecasting and Outbreak Analytics (CFA/CDC) Pyrenew team,2026-05-27,Pyrenew_ED_Visits_RSV
Utah,UT,0,wk inc rsv hosp,hosp,2026-05-30,2026-05-30,CFA_Pyrenew-Pyrenew_HE_RSV,0,1,2,3,5,7,11,0,1,2,3,5,7,10,0,0.029297221187867553,0.058594442375735106,0.08789166356360265,0.14648610593933775,0.20508054831507286,0.3222694330665431,0,0.03,0.06,0.09,0.15,0.21,0.32,TRUE,FALSE,Center for Forecasting and Outbreak Analytics (CFA/CDC) Pyrenew team,2026-05-27,Pyrenew_Hospital_Admissions_ED_Visits_RSV
Utah,UT,1,wk inc rsv hosp,hosp,2026-05-30,2026-06-06,CFA_Pyrenew-Pyrenew_HE_RSV,0,0,1,2,4,6,9,0,0,1,2,4,6,9,0,0,0.029297221187867553,0.058594442375735106,0.11718888475147021,0.1757833271272053,0.26367499069080796,0,0,0.03,0.06,0.12,0.18,0.26,TRUE,FALSE,Center for Forecasting and Outbreak Analytics (CFA/CDC) Pyrenew team,2026-05-27,Pyrenew_Hospital_Admissions_ED_Visits_RSV
Utah,UT,0,wk inc rsv prop ed visits,prop_ed,2026-05-30,2026-05-30,CFA_Pyrenew-Pyrenew_HE_RSV,9.79580884908469e-5,1.933396921506744e-4,2.895586342709885e-4,4.260381640672499e-4,5.755130415277942e-4,7.377873707871338e-4,9.431541934932457e-4,9.8e-5,1.9e-4,2.9e-4,4.3e-4,5.8e-4,7.4e-4,9.4e-4,NA,NA,NA,NA,NA,NA,NA,NA,NA,NA,NA,NA,NA,NA,FALSE,FALSE,Center for Forecasting and Outbreak Analytics (CFA/CDC) Pyrenew team,2026-05-27,Pyrenew_Hospital_Admissions_ED_Visits_RSV
Utah,UT,1,wk inc rsv prop ed visits,prop_ed,2026-05-30,2026-06-06,CFA_Pyrenew-Pyrenew_HE_RSV,4.7765072066852134e-5,9.70586572128254e-5,1.9150624217681634e-4,2.914749507912006e-4,4.3720519645663235e-4,6.224680156723971e-4,8.617436959135263e-4,4.8e-5,9.7e-5,1.9e-4,2.9e-4,4.4e-4,6.2e-4,8.6e-4,NA,NA,NA,NA,NA,NA,NA,NA,NA,NA,NA,NA,NA,NA,FALSE,FALSE,Center for Forecasting and Outbreak Analytics (CFA/CDC) Pyrenew team,2026-05-27,Pyrenew_Hospital_Admissions_ED_Visits_RSV
Utah,UT,0,wk inc rsv hosp,hosp,2026-05-30,2026-05-30,CFA_Pyrenew-Pyrenew_H_RSV,0,1,2,3,5,8,11,0,1,2,3,5,8,10,0,0.029297221187867553,0.058594442375735106,0.08789166356360265,0.14648610593933775,0.23437776950294043,0.3222694330665431,0,0.03,0.06,0.09,0.15,0.23,0.32,FALSE,FALSE,Center for Forecasting and Outbreak Analytics (CFA/CDC) Pyrenew team,2026-05-27,Pyrenew_Hospital_Admissions_RSV
Utah,UT,1,wk inc rsv hosp,hosp,2026-05-30,2026-06-06,CFA_Pyrenew-Pyrenew_H_RSV,0,0,1,2,4,7.100000000000136,13,0,0,1,2,4,7,10,0,0,0.029297221187867553,0.058594442375735106,0.11718888475147021,0.2080102704338636,0.3808638754422782,0,0,0.03,0.06,0.12,0.21,0.38,FALSE,FALSE,Center for Forecasting and Outbreak Analytics (CFA/CDC) Pyrenew team,2026-05-27,Pyrenew_Hospital_Admissions_RSV
Utah,UT,0,wk inc rsv hosp,hosp,2026-05-30,2026-05-30,Google_SAI-RSVEns,0,0,1.5,2.5,4.5,8.5,13.5,0,0,2,3,5,9,10,0,0,0.04394583178180132,0.07324305296966888,0.13183749534540398,0.2490263800968742,0.395512486036212,0,0,0.04,0.07,0.13,0.25,0.4,TRUE,FALSE,Google Science AI,2026-05-27,RSVEnsemble
Utah,UT,1,wk inc rsv hosp,hosp,2026-05-30,2026-06-06,Google_SAI-RSVEns,0,0,1,2.5,3.5,5.5,12.5,0,0,1,3,4,6,10,0,0,0.029297221187867553,0.07324305296966888,0.10254027415753643,0.16113471653327155,0.36621526484834444,0,0,0.03,0.07,0.1,0.16,0.37,TRUE,FALSE,Google Science AI,2026-05-27,RSVEnsemble
Utah,UT,2,wk inc rsv hosp,hosp,2026-05-30,2026-06-13,Google_SAI-RSVEns,0,0,1,2,3.5,6,11.5,0,0,1,2,4,6,10,0,0,0.029297221187867553,0.058594442375735106,0.10254027415753643,0.1757833271272053,0.33691804366047684,0,0,0.03,0.06,0.1,0.18,0.34,TRUE,FALSE,Google Science AI,2026-05-27,RSVEnsemble
Utah,UT,0,wk inc rsv hosp,hosp,2026-05-30,2026-05-30,RSVHub-baseline,0,0,0,2,5,13.100000000000001,48.12499999999991,0,0,0,2,5,10,50,0,0,0,0.058594442375735106,0.14648610593933775,0.38379359756106496,1.4099287696661233,0,0,0,0.06,0.15,0.38,1.41,FALSE,FALSE,RSVHub-hub-models,2026-05-27,RSVHub baseline model
Utah,UT,1,wk inc rsv hosp,hosp,2026-05-30,2026-06-06,RSVHub-baseline,0,0,0,2,9.970659706597063,27.97065970659706,54.424147991479934,0,0,0,2,10,30,50,0,0,0,0.058594442375735106,0.29211262281313277,0.8194626041947486,1.594476301667625,0,0,0,0.06,0.29,0.82,1.59,FALSE,FALSE,RSVHub-hub-models,2026-05-27,RSVHub baseline model
Utah,UT,2,wk inc rsv hosp,hosp,2026-05-30,2026-06-13,RSVHub-baseline,0,0,0,2,12.651794017940176,38.48397383973837,59.635908109081065,0,0,0,2,10,40,60,0,0,0,0.058594442375735106,0.3706624077669329,1.1274734937709237,1.747166390611092,0,0,0,0.06,0.37,1.13,1.75,FALSE,FALSE,RSVHub-hub-models,2026-05-27,RSVHub baseline model
Utah,UT,0,wk inc rsv prop ed visits,prop_ed,2026-05-30,2026-05-30,RSVHub-baseline,0,0,7e-4,9e-4,0.0011,0.0022100000000000045,0.0045000000000000005,0,0,7e-4,9e-4,0.0011,0.0022,0.0045,NA,NA,NA,NA,NA,NA,NA,NA,NA,NA,NA,NA,NA,NA,FALSE,FALSE,RSVHub-hub-models,2026-05-27,RSVHub baseline model
Utah,UT,1,wk inc rsv prop ed visits,prop_ed,2026-05-30,2026-06-06,RSVHub-baseline,0,0,2.999999999999999e-4,9e-4,0.0016004392543925462,0.003300905109051093,0.0060999999999999995,0,0,3e-4,9e-4,0.0016,0.0033,0.0061,NA,NA,NA,NA,NA,NA,NA,NA,NA,NA,NA,NA,NA,NA,FALSE,FALSE,RSVHub-hub-models,2026-05-27,RSVHub baseline model
Utah,UT,2,wk inc rsv prop ed visits,prop_ed,2026-05-30,2026-06-13,RSVHub-baseline,0,0,0,9e-4,0.0021000000000000003,0.003999999999999999,0.007110407304073048,0,0,0,9e-4,0.0021,0.004,0.0071,NA,NA,NA,NA,NA,NA,NA,NA,NA,NA,NA,NA,NA,NA,FALSE,FALSE,RSVHub-hub-models,2026-05-27,RSVHub baseline model
Utah,UT,0,wk inc rsv hosp,hosp,2026-05-30,2026-05-30,UGA_flucast-INFLAenza,0,1,2,4,6,8,12,0,1,2,4,6,8,10,0,0.029297221187867553,0.058594442375735106,0.11718888475147021,0.1757833271272053,0.23437776950294043,0.3515666542544106,0,0.03,0.06,0.12,0.18,0.23,0.35,TRUE,FALSE,UGA_flucast,2026-05-27,INFLAenza
Utah,UT,1,wk inc rsv hosp,hosp,2026-05-30,2026-06-06,UGA_flucast-INFLAenza,0,1,1,3,5,7,11,0,1,1,3,5,7,10,0,0.029297221187867553,0.029297221187867553,0.08789166356360265,0.14648610593933775,0.20508054831507286,0.3222694330665431,0,0.03,0.03,0.09,0.15,0.21,0.32,TRUE,FALSE,UGA_flucast,2026-05-27,INFLAenza
Utah,UT,2,wk inc rsv hosp,hosp,2026-05-30,2026-06-13,UGA_flucast-INFLAenza,0,0,1,2,4,6,9,0,0,1,2,4,6,9,0,0,0.029297221187867553,0.058594442375735106,0.11718888475147021,0.1757833271272053,0.26367499069080796,0,0,0.03,0.06,0.12,0.18,0.26,TRUE,FALSE,UGA_flucast,2026-05-27,INFLAenza
Utah,UT,0,wk inc rsv prop ed visits,prop_ed,2026-05-30,2026-05-30,UGA_flucast-INFLAenza,2.3392046647271737e-4,3.444292463683526e-4,4.73572758557843e-4,6.50540983544106e-4,8.770804723242942e-4,0.0011109345641943501,0.0013778692608010274,2.3e-4,3.4e-4,4.7e-4,6.5e-4,8.8e-4,0.0011,0.0014,NA,NA,NA,NA,NA,NA,NA,NA,NA,NA,NA,NA,NA,NA,TRUE,FALSE,UGA_flucast,2026-05-27,INFLAenza
Utah,UT,1,wk inc rsv prop ed visits,prop_ed,2026-05-30,2026-06-06,UGA_flucast-INFLAenza,1.6912407792072406e-4,2.7023663032392026e-4,4.018721234066356e-4,5.711989593363187e-4,7.977930784657298e-4,0.0010510610084720087,0.001378307540613925,1.7e-4,2.7e-4,4e-4,5.7e-4,8e-4,0.0011,0.0014,NA,NA,NA,NA,NA,NA,NA,NA,NA,NA,NA,NA,NA,NA,TRUE,FALSE,UGA_flucast,2026-05-27,INFLAenza
Utah,UT,2,wk inc rsv prop ed visits,prop_ed,2026-05-30,2026-06-13,UGA_flucast-INFLAenza,1.2744275589797696e-4,2.209439992893814e-4,3.404447782432611e-4,5.13726343182938e-4,7.249722726580601e-4,9.723024187858057e-4,0.0013134779693571646,1.3e-4,2.2e-4,3.4e-4,5.1e-4,7.2e-4,9.7e-4,0.0013,NA,NA,NA,NA,NA,NA,NA,NA,NA,NA,NA,NA,NA,NA,TRUE,FALSE,UGA_flucast,2026-05-27,INFLAenza
Utah,UT,0,wk inc rsv hosp,hosp,2026-05-30,2026-05-30,RSVHub-ensemble,0,1,2,3.5,5.5,8.25,12.75,0,1,2,4,6,8,10,0,0.029297221187867553,0.058594442375735106,0.10254027415753643,0.16113471653327155,0.24170207479990732,0.3735395701453113,0,0.03,0.06,0.1,0.16,0.24,0.37,FALSE,TRUE,RSVHub,2026-05-27,Ensemble using RSVHub forecast submissions
Utah,UT,1,wk inc rsv hosp,hosp,2026-05-30,2026-06-06,RSVHub-ensemble,0,0.5,1,2.75,4.5,6.5,11.75,0,1,1,3,5,7,10,0,0.014648610593933777,0.029297221187867553,0.08056735826663577,0.13183749534540398,0.1904319377211391,0.3442423489574437,0,0.01,0.03,0.08,0.13,0.19,0.34,FALSE,TRUE,RSVHub,2026-05-27,Ensemble using RSVHub forecast submissions
Utah,UT,2,wk inc rsv hosp,hosp,2026-05-30,2026-06-13,RSVHub-ensemble,0,0,1,2,4,6,11.5,0,0,1,2,4,6,10,0,0,0.029297221187867553,0.058594442375735106,0.11718888475147021,0.1757833271272053,0.33691804366047684,0,0,0.03,0.06,0.12,0.18,0.34,FALSE,TRUE,RSVHub,2026-05-27,Ensemble using RSVHub forecast submissions
Utah,UT,0,wk inc rsv prop ed visits,prop_ed,2026-05-30,2026-05-30,RSVHub-ensemble,1.6580234271566932e-4,2.684734129634576e-4,3.8064512411041605e-4,5.222043022061413e-4,7.184921683101284e-4,9.14594192720355e-4,0.0011543531465320195,1.7e-4,2.7e-4,3.8e-4,5.2e-4,7.2e-4,9.1e-4,0.0012,NA,NA,NA,NA,NA,NA,NA,NA,NA,NA,NA,NA,NA,NA,FALSE,TRUE,RSVHub,2026-05-27,Ensemble using RSVHub forecast submissions
Utah,UT,1,wk inc rsv prop ed visits,prop_ed,2026-05-30,2026-06-06,RSVHub-ensemble,1.0847391240485007e-4,1.8332710618646978e-4,2.953794780692137e-4,4.30290401519731e-4,6.137306771616288e-4,8.183363848446594e-4,0.0010855756031235351,1.1e-4,1.8e-4,3e-4,4.3e-4,6.1e-4,8.2e-4,0.0011,NA,NA,NA,NA,NA,NA,NA,NA,NA,NA,NA,NA,NA,NA,FALSE,TRUE,RSVHub,2026-05-27,Ensemble using RSVHub forecast submissions
Vermont,VT,0,wk inc rsv hosp,hosp,2026-05-30,2026-05-30,CEPH-Rtrend_rsv,2,3,4,5,7,9,11,2,3,4,5,7,9,10,0.3089685856190572,0.4634528784285858,0.6179371712381144,0.7724214640476429,1.0813900496667002,1.3903586352857573,1.6993272209048143,0.31,0.46,0.62,0.77,1.08,1.39,1.7,TRUE,FALSE,CEPH Lab at Indiana University,2026-05-27,Rtrend RSV
Vermont,VT,1,wk inc rsv hosp,hosp,2026-05-30,2026-06-06,CEPH-Rtrend_rsv,1,2,3,4,6,8,11,1,2,3,4,6,8,10,0.1544842928095286,0.3089685856190572,0.4634528784285858,0.6179371712381144,0.9269057568571716,1.2358743424762288,1.6993272209048143,0.15,0.31,0.46,0.62,0.93,1.24,1.7,TRUE,FALSE,CEPH Lab at Indiana University,2026-05-27,Rtrend RSV
Vermont,VT,2,wk inc rsv hosp,hosp,2026-05-30,2026-06-13,CEPH-Rtrend_rsv,1,1,2,3,5,8,12,1,1,2,3,5,8,10,0.1544842928095286,0.1544842928095286,0.3089685856190572,0.4634528784285858,0.7724214640476429,1.2358743424762288,1.8538115137143432,0.15,0.15,0.31,0.46,0.77,1.24,1.85,TRUE,FALSE,CEPH Lab at Indiana University,2026-05-27,Rtrend RSV
Vermont,VT,0,wk inc rsv prop ed visits,prop_ed,2026-05-30,2026-05-30,CFA_Pyrenew-Pyrenew_E_RSV,0,1.8410753114766928e-4,3.6942615737959065e-4,7.111873858714732e-4,0.0010499739065058173,0.0013652073932862651,0.0018451738261133453,0,1.8e-4,3.7e-4,7.1e-4,0.001,0.0014,0.0018,NA,NA,NA,NA,NA,NA,NA,NA,NA,NA,NA,NA,NA,NA,TRUE,FALSE,Center for Forecasting and Outbreak Analytics (CFA/CDC) Pyrenew team,2026-05-27,Pyrenew_ED_Visits_RSV
Vermont,VT,1,wk inc rsv prop ed visits,prop_ed,2026-05-30,2026-06-06,CFA_Pyrenew-Pyrenew_E_RSV,0,0,1.866785879613623e-4,3.9433279642083754e-4,7.453509770904129e-4,0.0011111759119343118,0.001672043148300917,0,0,1.9e-4,3.9e-4,7.5e-4,0.0011,0.0017,NA,NA,NA,NA,NA,NA,NA,NA,NA,NA,NA,NA,NA,NA,TRUE,FALSE,Center for Forecasting and Outbreak Analytics (CFA/CDC) Pyrenew team,2026-05-27,Pyrenew_ED_Visits_RSV
Vermont,VT,0,wk inc rsv hosp,hosp,2026-05-30,2026-05-30,CFA_Pyrenew-Pyrenew_HE_RSV,0,1,1,2,3,5,6,0,1,1,2,3,5,6,0,0.1544842928095286,0.1544842928095286,0.3089685856190572,0.4634528784285858,0.7724214640476429,0.9269057568571716,0,0.15,0.15,0.31,0.46,0.77,0.93,TRUE,FALSE,Center for Forecasting and Outbreak Analytics (CFA/CDC) Pyrenew team,2026-05-27,Pyrenew_Hospital_Admissions_ED_Visits_RSV
Vermont,VT,1,wk inc rsv hosp,hosp,2026-05-30,2026-06-06,CFA_Pyrenew-Pyrenew_HE_RSV,0,0,1,2,3,4,5,0,0,1,2,3,4,5,0,0,0.1544842928095286,0.3089685856190572,0.4634528784285858,0.6179371712381144,0.7724214640476429,0,0,0.15,0.31,0.46,0.62,0.77,TRUE,FALSE,Center for Forecasting and Outbreak Analytics (CFA/CDC) Pyrenew team,2026-05-27,Pyrenew_Hospital_Admissions_ED_Visits_RSV
Vermont,VT,0,wk inc rsv prop ed visits,prop_ed,2026-05-30,2026-05-30,CFA_Pyrenew-Pyrenew_HE_RSV,0,1.8921371113185724e-4,5.229140071295249e-4,7.354735670964078e-4,0.0010911358826275713,0.0014743237330010384,0.0020129313299426035,0,1.9e-4,5.2e-4,7.4e-4,0.0011,0.0015,0.002,NA,NA,NA,NA,NA,NA,NA,NA,NA,NA,NA,NA,NA,NA,FALSE,FALSE,Center for Forecasting and Outbreak Analytics (CFA/CDC) Pyrenew team,2026-05-27,Pyrenew_Hospital_Admissions_ED_Visits_RSV
Vermont,VT,1,wk inc rsv prop ed visits,prop_ed,2026-05-30,2026-06-06,CFA_Pyrenew-Pyrenew_HE_RSV,0,1.667053447385106e-4,1.9406277686000514e-4,5.391635674657754e-4,8.772389243753466e-4,0.0012799702720692082,0.0018017642310651754,0,1.7e-4,1.9e-4,5.4e-4,8.8e-4,0.0013,0.0018,NA,NA,NA,NA,NA,NA,NA,NA,NA,NA,NA,NA,NA,NA,FALSE,FALSE,Center for Forecasting and Outbreak Analytics (CFA/CDC) Pyrenew team,2026-05-27,Pyrenew_Hospital_Admissions_ED_Visits_RSV
Vermont,VT,0,wk inc rsv hosp,hosp,2026-05-30,2026-05-30,CFA_Pyrenew-Pyrenew_H_RSV,0,1,2,3,5,7,11,0,1,2,3,5,7,10,0,0.1544842928095286,0.3089685856190572,0.4634528784285858,0.7724214640476429,1.0813900496667002,1.6993272209048143,0,0.15,0.31,0.46,0.77,1.08,1.7,FALSE,FALSE,Center for Forecasting and Outbreak Analytics (CFA/CDC) Pyrenew team,2026-05-27,Pyrenew_Hospital_Admissions_RSV
Vermont,VT,1,wk inc rsv hosp,hosp,2026-05-30,2026-06-06,CFA_Pyrenew-Pyrenew_H_RSV,0,0,1,3,4,7,10,0,0,1,3,4,7,10,0,0,0.1544842928095286,0.4634528784285858,0.6179371712381144,1.0813900496667002,1.5448429280952858,0,0,0.15,0.46,0.62,1.08,1.54,FALSE,FALSE,Center for Forecasting and Outbreak Analytics (CFA/CDC) Pyrenew team,2026-05-27,Pyrenew_Hospital_Admissions_RSV
Vermont,VT,0,wk inc rsv hosp,hosp,2026-05-30,2026-05-30,Google_SAI-RSVEns,0.5,0.5,1,2.5,3.5,6,9.5,1,1,1,3,4,6,10,0.0772421464047643,0.0772421464047643,0.1544842928095286,0.38621073202382145,0.5406950248333501,0.9269057568571716,1.4676007816905217,0.08,0.08,0.15,0.39,0.54,0.93,1.47,TRUE,FALSE,Google Science AI,2026-05-27,RSVEnsemble
Vermont,VT,1,wk inc rsv hosp,hosp,2026-05-30,2026-06-06,Google_SAI-RSVEns,0,0.5,1,1.5,2.5,5.5,9,0,1,1,2,3,6,9,0,0.0772421464047643,0.1544842928095286,0.2317264392142929,0.38621073202382145,0.8496636104524071,1.3903586352857573,0,0.08,0.15,0.23,0.39,0.85,1.39,TRUE,FALSE,Google Science AI,2026-05-27,RSVEnsemble
Vermont,VT,2,wk inc rsv hosp,hosp,2026-05-30,2026-06-13,Google_SAI-RSVEns,0,0,0.5,1.5,2.5,4,9,0,0,1,2,3,4,9,0,0,0.0772421464047643,0.2317264392142929,0.38621073202382145,0.6179371712381144,1.3903586352857573,0,0,0.08,0.23,0.39,0.62,1.39,TRUE,FALSE,Google Science AI,2026-05-27,RSVEnsemble
Vermont,VT,0,wk inc rsv hosp,hosp,2026-05-30,2026-05-30,RSVHub-baseline,0,0,0,2,4,6,10.02499999999998,0,0,0,2,4,6,10,0,0,0,0.3089685856190572,0.6179371712381144,0.9269057568571716,1.5487050354155212,0,0,0,0.31,0.62,0.93,1.55,FALSE,FALSE,RSVHub-hub-models,2026-05-27,RSVHub baseline model
Vermont,VT,1,wk inc rsv hosp,hosp,2026-05-30,2026-06-06,RSVHub-baseline,0,0,0,2,5,9,13.112785377853754,0,0,0,2,5,9,10,0,0,0,0.3089685856190572,0.7724214640476429,1.3903586352857573,2.0257193758608643,0,0,0,0.31,0.77,1.39,2.03,FALSE,FALSE,RSVHub-hub-models,2026-05-27,RSVHub baseline model
Vermont,VT,2,wk inc rsv hosp,hosp,2026-05-30,2026-06-13,RSVHub-baseline,0,0,0,2,6,10.355776557765587,15.421645216452148,0,0,0,2,6,10,20,0,0,0,0.3089685856190572,0.9269057568571716,1.599804818019911,2.3824019552230595,0,0,0,0.31,0.93,1.6,2.38,FALSE,FALSE,RSVHub-hub-models,2026-05-27,RSVHub baseline model
Vermont,VT,0,wk inc rsv prop ed visits,prop_ed,2026-05-30,2026-05-30,RSVHub-baseline,0,0,9.999999999999994e-5,5e-4,9.000000000000001e-4,0.0021,0.004657499999999993,0,0,1e-4,5e-4,9e-4,0.0021,0.0047,NA,NA,NA,NA,NA,NA,NA,NA,NA,NA,NA,NA,NA,NA,FALSE,FALSE,RSVHub-hub-models,2026-05-27,RSVHub baseline model
Vermont,VT,1,wk inc rsv prop ed visits,prop_ed,2026-05-30,2026-06-06,RSVHub-baseline,0,0,0,5e-4,0.0014702209522095195,0.0033252380523805243,0.005929240867408666,0,0,0,5e-4,0.0015,0.0033,0.0059,NA,NA,NA,NA,NA,NA,NA,NA,NA,NA,NA,NA,NA,NA,FALSE,FALSE,RSVHub-hub-models,2026-05-27,RSVHub baseline model
Vermont,VT,2,wk inc rsv prop ed visits,prop_ed,2026-05-30,2026-06-13,RSVHub-baseline,0,0,0,5e-4,0.0019231794817948186,0.0040816579165791796,0.0068671493464934705,0,0,0,5e-4,0.0019,0.0041,0.0069,NA,NA,NA,NA,NA,NA,NA,NA,NA,NA,NA,NA,NA,NA,FALSE,FALSE,RSVHub-hub-models,2026-05-27,RSVHub baseline model
Vermont,VT,0,wk inc rsv hosp,hosp,2026-05-30,2026-05-30,UGA_flucast-INFLAenza,0,1,2,3,5,7,10,0,1,2,3,5,7,10,0,0.1544842928095286,0.3089685856190572,0.4634528784285858,0.7724214640476429,1.0813900496667002,1.5448429280952858,0,0.15,0.31,0.46,0.77,1.08,1.54,TRUE,FALSE,UGA_flucast,2026-05-27,INFLAenza
Vermont,VT,1,wk inc rsv hosp,hosp,2026-05-30,2026-06-06,UGA_flucast-INFLAenza,0,0,1,2,4,6,9,0,0,1,2,4,6,9,0,0,0.1544842928095286,0.3089685856190572,0.6179371712381144,0.9269057568571716,1.3903586352857573,0,0,0.15,0.31,0.62,0.93,1.39,TRUE,FALSE,UGA_flucast,2026-05-27,INFLAenza
Vermont,VT,2,wk inc rsv hosp,hosp,2026-05-30,2026-06-13,UGA_flucast-INFLAenza,0,0,1,2,3,5,8,0,0,1,2,3,5,8,0,0,0.1544842928095286,0.3089685856190572,0.4634528784285858,0.7724214640476429,1.2358743424762288,0,0,0.15,0.31,0.46,0.77,1.24,TRUE,FALSE,UGA_flucast,2026-05-27,INFLAenza
Vermont,VT,0,wk inc rsv prop ed visits,prop_ed,2026-05-30,2026-05-30,UGA_flucast-INFLAenza,3.2696767287223363e-4,4.6527741702111485e-4,6.273231970889226e-4,8.311023303742989e-4,0.001076324426360097,0.001322513024544926,0.0016404056905189428,3.3e-4,4.7e-4,6.3e-4,8.3e-4,0.0011,0.0013,0.0016,NA,NA,NA,NA,NA,NA,NA,NA,NA,NA,NA,NA,NA,NA,TRUE,FALSE,UGA_flucast,2026-05-27,INFLAenza
Vermont,VT,1,wk inc rsv prop ed visits,prop_ed,2026-05-30,2026-06-06,UGA_flucast-INFLAenza,2.470135668096089e-4,3.688313714484771e-4,5.194451694929154e-4,7.31994907256789e-4,9.884095957327212e-4,0.0012654236664507872,0.0016276219155586327,2.5e-4,3.7e-4,5.2e-4,7.3e-4,9.9e-4,0.0013,0.0016,NA,NA,NA,NA,NA,NA,NA,NA,NA,NA,NA,NA,NA,NA,TRUE,FALSE,UGA_flucast,2026-05-27,INFLAenza
Vermont,VT,2,wk inc rsv prop ed visits,prop_ed,2026-05-30,2026-06-13,UGA_flucast-INFLAenza,1.8936059317024943e-4,3.080338010992016e-4,4.5147875119735427e-4,6.593908128422323e-4,9.155586720722423e-4,0.0012125815709738601,0.001610580546161416,1.9e-4,3.1e-4,4.5e-4,6.6e-4,9.2e-4,0.0012,0.0016,NA,NA,NA,NA,NA,NA,NA,NA,NA,NA,NA,NA,NA,NA,TRUE,FALSE,UGA_flucast,2026-05-27,INFLAenza
Vermont,VT,0,wk inc rsv hosp,hosp,2026-05-30,2026-05-30,RSVHub-ensemble,0.25,1,1.5,2.75,4.25,6.5,9.75,0,1,2,3,4,7,10,0.03862107320238215,0.1544842928095286,0.2317264392142929,0.42483180522620356,0.6565582444404965,1.0041479032619358,1.5062218548929038,0.04,0.15,0.23,0.42,0.66,1,1.51,FALSE,TRUE,RSVHub,2026-05-27,Ensemble using RSVHub forecast submissions
Vermont,VT,1,wk inc rsv hosp,hosp,2026-05-30,2026-06-06,RSVHub-ensemble,0,0.25,1,2,3.5,5.75,9,0,0,1,2,4,6,9,0,0.03862107320238215,0.1544842928095286,0.3089685856190572,0.5406950248333501,0.8882846836547894,1.3903586352857573,0,0.04,0.15,0.31,0.54,0.89,1.39,FALSE,TRUE,RSVHub,2026-05-27,Ensemble using RSVHub forecast submissions
Vermont,VT,2,wk inc rsv hosp,hosp,2026-05-30,2026-06-13,RSVHub-ensemble,0,0,1,2,3,5,9,0,0,1,2,3,5,9,0,0,0.1544842928095286,0.3089685856190572,0.4634528784285858,0.7724214640476429,1.3903586352857573,0,0,0.15,0.31,0.46,0.77,1.39,FALSE,TRUE,RSVHub,2026-05-27,Ensemble using RSVHub forecast submissions
Vermont,VT,0,wk inc rsv prop ed visits,prop_ed,2026-05-30,2026-05-30,RSVHub-ensemble,1.6348383643611681e-4,3.246924740843921e-4,4.983746772342566e-4,7.71144858122886e-4,0.001063149166432957,0.0013438602089155954,0.001742789758316144,1.6e-4,3.2e-4,5e-4,7.7e-4,0.0011,0.0013,0.0017,NA,NA,NA,NA,NA,NA,NA,NA,NA,NA,NA,NA,NA,NA,FALSE,TRUE,RSVHub,2026-05-27,Ensemble using RSVHub forecast submissions
Vermont,VT,1,wk inc rsv prop ed visits,prop_ed,2026-05-30,2026-06-06,RSVHub-ensemble,1.2350678340480444e-4,1.8441568572423854e-4,3.5306187872713885e-4,5.631638518388132e-4,8.66880286411567e-4,0.0011882997891925495,0.001649832531929775,1.2e-4,1.8e-4,3.5e-4,5.6e-4,8.7e-4,0.0012,0.0016,NA,NA,NA,NA,NA,NA,NA,NA,NA,NA,NA,NA,NA,NA,FALSE,TRUE,RSVHub,2026-05-27,Ensemble using RSVHub forecast submissions
Virginia,VA,0,wk inc rsv hosp,hosp,2026-05-30,2026-05-30,CEPH-Rtrend_rsv,8,10,13,18,23,30,37,8,10,10,20,20,30,40,0.09285072620874237,0.11606340776092795,0.15088243008920635,0.2089141339696703,0.26694583785013426,0.3481902232827839,0.42943460871543343,0.09,0.12,0.15,0.21,0.27,0.35,0.43,TRUE,FALSE,CEPH Lab at Indiana University,2026-05-27,Rtrend RSV
Virginia,VA,1,wk inc rsv hosp,hosp,2026-05-30,2026-06-06,CEPH-Rtrend_rsv,5,7,10,15,21,29,38,5,7,10,20,20,30,40,0.058031703880463976,0.08124438543264956,0.11606340776092795,0.17409511164139194,0.24373315629794867,0.3365838825066911,0.4410409494915262,0.06,0.08,0.12,0.17,0.24,0.34,0.44,TRUE,FALSE,CEPH Lab at Indiana University,2026-05-27,Rtrend RSV
Virginia,VA,2,wk inc rsv hosp,hosp,2026-05-30,2026-06-13,CEPH-Rtrend_rsv,3,5,8,12,19,27,37,3,5,8,10,20,30,40,0.03481902232827839,0.058031703880463976,0.09285072620874237,0.13927608931311355,0.2205204747457631,0.3133712009545055,0.42943460871543343,0.03,0.06,0.09,0.14,0.22,0.31,0.43,TRUE,FALSE,CEPH Lab at Indiana University,2026-05-27,Rtrend RSV
Virginia,VA,0,wk inc rsv prop ed visits,prop_ed,2026-05-30,2026-05-30,CFA_Pyrenew-Pyrenew_E_RSV,3.8310910984849284e-4,4.6193883105168744e-4,5.355940708902675e-4,6.272669268777445e-4,7.171451053675374e-4,8.217311028016158e-4,9.375166145989928e-4,3.8e-4,4.6e-4,5.4e-4,6.3e-4,7.2e-4,8.2e-4,9.4e-4,NA,NA,NA,NA,NA,NA,NA,NA,NA,NA,NA,NA,NA,NA,TRUE,FALSE,Center for Forecasting and Outbreak Analytics (CFA/CDC) Pyrenew team,2026-05-27,Pyrenew_ED_Visits_RSV
Virginia,VA,1,wk inc rsv prop ed visits,prop_ed,2026-05-30,2026-06-06,CFA_Pyrenew-Pyrenew_E_RSV,2.756731815344853e-4,3.549130649915613e-4,4.3790262247269735e-4,5.352862778888759e-4,6.37203814683011e-4,7.532799806919681e-4,9.089784598060083e-4,2.8e-4,3.5e-4,4.4e-4,5.4e-4,6.4e-4,7.5e-4,9.1e-4,NA,NA,NA,NA,NA,NA,NA,NA,NA,NA,NA,NA,NA,NA,TRUE,FALSE,Center for Forecasting and Outbreak Analytics (CFA/CDC) Pyrenew team,2026-05-27,Pyrenew_ED_Visits_RSV
Virginia,VA,0,wk inc rsv hosp,hosp,2026-05-30,2026-05-30,CFA_Pyrenew-Pyrenew_H_RSV,4,6,9,13,19,25,36,4,6,9,10,20,30,40,0.04642536310437118,0.06963804465655678,0.10445706698483515,0.15088243008920635,0.2205204747457631,0.29015851940231985,0.4178282679393406,0.05,0.07,0.1,0.15,0.22,0.29,0.42,FALSE,FALSE,Center for Forecasting and Outbreak Analytics (CFA/CDC) Pyrenew team,2026-05-27,Pyrenew_Hospital_Admissions_RSV
Virginia,VA,1,wk inc rsv hosp,hosp,2026-05-30,2026-06-06,CFA_Pyrenew-Pyrenew_H_RSV,2,4,7,11,17.25,25,36.024999999999864,2,4,7,10,20,30,40,0.02321268155218559,0.04642536310437118,0.08124438543264956,0.12766974853702076,0.20020937838760072,0.29015851940231985,0.41811842645874137,0.02,0.05,0.08,0.13,0.2,0.29,0.42,FALSE,FALSE,Center for Forecasting and Outbreak Analytics (CFA/CDC) Pyrenew team,2026-05-27,Pyrenew_Hospital_Admissions_RSV
Virginia,VA,0,wk inc rsv hosp,hosp,2026-05-30,2026-05-30,Google_SAI-RSVEns,5,6,8.5,10,15.5,24,38,5,6,9,10,20,20,40,0.058031703880463976,0.06963804465655678,0.09865389659678876,0.11606340776092795,0.17989828202943833,0.2785521786262271,0.4410409494915262,0.06,0.07,0.1,0.12,0.18,0.28,0.44,TRUE,FALSE,Google Science AI,2026-05-27,RSVEnsemble
Virginia,VA,1,wk inc rsv hosp,hosp,2026-05-30,2026-06-06,Google_SAI-RSVEns,3,4.5,6.5,8,11,17.5,28.5,3,5,7,8,10,20,30,0.03481902232827839,0.05222853349241757,0.07544121504460317,0.09285072620874237,0.12766974853702076,0.20311096358162392,0.3307807121186447,0.03,0.05,0.08,0.09,0.13,0.2,0.33,TRUE,FALSE,Google Science AI,2026-05-27,RSVEnsemble
Virginia,VA,2,wk inc rsv hosp,hosp,2026-05-30,2026-06-13,Google_SAI-RSVEns,2.5,4,5.5,7,9.5,15,27,3,4,6,7,10,20,30,0.029015851940231988,0.04642536310437118,0.06383487426851038,0.08124438543264956,0.11026023737288156,0.17409511164139194,0.3133712009545055,0.03,0.05,0.06,0.08,0.11,0.17,0.31,TRUE,FALSE,Google Science AI,2026-05-27,RSVEnsemble
Virginia,VA,0,wk inc rsv hosp,hosp,2026-05-30,2026-05-30,RSVHub-baseline,0,0,5,13,21,42.099999999999994,58.17499999999987,0,0,5,10,20,40,60,0,0,0.058031703880463976,0.15088243008920635,0.24373315629794867,0.48862694667350665,0.6751988746491968,0,0,0.06,0.15,0.24,0.49,0.68,FALSE,FALSE,RSVHub-hub-models,2026-05-27,RSVHub baseline model
Virginia,VA,1,wk inc rsv hosp,hosp,2026-05-30,2026-06-06,RSVHub-baseline,0,0,0,13,30.622161221612224,51.53843338433386,112.50472354723557,0,0,0,10,30,50,110,0,0,0,0.15088243008920635,0.3554112384384855,0.5981726209245362,1.3057681604093274,0,0,0,0.15,0.36,0.6,1.31,FALSE,FALSE,RSVHub-hub-models,2026-05-27,RSVHub baseline model
Virginia,VA,2,wk inc rsv hosp,hosp,2026-05-30,2026-06-13,RSVHub-baseline,0,0,0,13,36.49465244652447,62.15179851798522,129.64648396483975,0,0,0,10,40,60,130,0,0,0,0.15088243008920635,0.42356937279943163,0.7213549534467956,1.5047212733181803,0,0,0,0.15,0.42,0.72,1.5,FALSE,FALSE,RSVHub-hub-models,2026-05-27,RSVHub baseline model
Virginia,VA,0,wk inc rsv prop ed visits,prop_ed,2026-05-30,2026-05-30,RSVHub-baseline,0,0,5.000000000000001e-4,7.000000000000001e-4,9.000000000000001e-4,0.0014100000000000048,0.0022,0,0,5e-4,7e-4,9e-4,0.0014,0.0022,NA,NA,NA,NA,NA,NA,NA,NA,NA,NA,NA,NA,NA,NA,FALSE,FALSE,RSVHub-hub-models,2026-05-27,RSVHub baseline model
Virginia,VA,1,wk inc rsv prop ed visits,prop_ed,2026-05-30,2026-06-06,RSVHub-baseline,0,0,3.000000000000001e-4,7.000000000000001e-4,0.0011000000000000007,0.0018162645626456292,0.002796584940849409,0,0,3e-4,7e-4,0.0011,0.0018,0.0028,NA,NA,NA,NA,NA,NA,NA,NA,NA,NA,NA,NA,NA,NA,FALSE,FALSE,RSVHub-hub-models,2026-05-27,RSVHub baseline model
Virginia,VA,2,wk inc rsv prop ed visits,prop_ed,2026-05-30,2026-06-13,RSVHub-baseline,0,0,1.1021285212852003e-4,7.000000000000001e-4,0.0013000000000000012,0.0021000000000000007,0.0031483429084290825,0,0,1.1e-4,7e-4,0.0013,0.0021,0.0031,NA,NA,NA,NA,NA,NA,NA,NA,NA,NA,NA,NA,NA,NA,FALSE,FALSE,RSVHub-hub-models,2026-05-27,RSVHub baseline model
Virginia,VA,0,wk inc rsv hosp,hosp,2026-05-30,2026-05-30,UGA_flucast-INFLAenza,2,4,7,10,15,20,27,2,4,7,10,20,20,30,0.02321268155218559,0.04642536310437118,0.08124438543264956,0.11606340776092795,0.17409511164139194,0.2321268155218559,0.3133712009545055,0.02,0.05,0.08,0.12,0.17,0.23,0.31,TRUE,FALSE,UGA_flucast,2026-05-27,INFLAenza
Virginia,VA,1,wk inc rsv hosp,hosp,2026-05-30,2026-06-06,UGA_flucast-INFLAenza,1,3,5,8,12,17,24,1,3,5,8,10,20,20,0.011606340776092796,0.03481902232827839,0.058031703880463976,0.09285072620874237,0.13927608931311355,0.19730779319357752,0.2785521786262271,0.01,0.03,0.06,0.09,0.14,0.2,0.28,TRUE,FALSE,UGA_flucast,2026-05-27,INFLAenza
Virginia,VA,2,wk inc rsv hosp,hosp,2026-05-30,2026-06-13,UGA_flucast-INFLAenza,1,2,3,6,10,14,22,1,2,3,6,10,10,20,0.011606340776092796,0.02321268155218559,0.03481902232827839,0.06963804465655678,0.11606340776092795,0.16248877086529911,0.2553394970740415,0.01,0.02,0.03,0.07,0.12,0.16,0.26,TRUE,FALSE,UGA_flucast,2026-05-27,INFLAenza
Virginia,VA,0,wk inc rsv prop ed visits,prop_ed,2026-05-30,2026-05-30,UGA_flucast-INFLAenza,1.850399338215347e-4,2.833088275719095e-4,4.0151281750972243e-4,5.718730238944319e-4,7.728399485272252e-4,9.699300294418448e-4,0.001276470986613087,1.9e-4,2.8e-4,4e-4,5.7e-4,7.7e-4,9.7e-4,0.0013,NA,NA,NA,NA,NA,NA,NA,NA,NA,NA,NA,NA,NA,NA,TRUE,FALSE,UGA_flucast,2026-05-27,INFLAenza
Virginia,VA,1,wk inc rsv prop ed visits,prop_ed,2026-05-30,2026-06-06,UGA_flucast-INFLAenza,1.391637097507875e-4,2.3248322343581384e-4,3.44974986338302e-4,5.094534108199659e-4,7.152942923948199e-4,9.327560220828534e-4,0.0012417977593210552,1.4e-4,2.3e-4,3.4e-4,5.1e-4,7.2e-4,0.00093000000000000005,0.0012,NA,NA,NA,NA,NA,NA,NA,NA,NA,NA,NA,NA,NA,NA,TRUE,FALSE,UGA_flucast,2026-05-27,INFLAenza
Virginia,VA,2,wk inc rsv prop ed visits,prop_ed,2026-05-30,2026-06-13,UGA_flucast-INFLAenza,1.1193025856593724e-4,1.967977195743986e-4,3.025020136725561e-4,4.618978106083956e-4,6.741488151341928e-4,9.100586494321444e-4,0.0012198458585925569,1.1e-4,2e-4,3e-4,4.6e-4,6.7e-4,9.1e-4,0.0012,NA,NA,NA,NA,NA,NA,NA,NA,NA,NA,NA,NA,NA,NA,TRUE,FALSE,UGA_flucast,2026-05-27,INFLAenza
Virginia,VA,0,wk inc rsv hosp,hosp,2026-05-30,2026-05-30,RSVHub-ensemble,5,6,8.5,10,15.5,24,37,5,6,9,10,20,20,40,0.058031703880463976,0.06963804465655678,0.09865389659678876,0.11606340776092795,0.17989828202943833,0.2785521786262271,0.42943460871543343,0.06,0.07,0.1,0.12,0.18,0.28,0.43,FALSE,TRUE,RSVHub,2026-05-27,Ensemble using RSVHub forecast submissions
Virginia,VA,1,wk inc rsv hosp,hosp,2026-05-30,2026-06-06,RSVHub-ensemble,3,4.5,6.5,8,12,17.5,28.5,3,5,7,8,10,20,30,0.03481902232827839,0.05222853349241757,0.07544121504460317,0.09285072620874237,0.13927608931311355,0.20311096358162392,0.3307807121186447,0.03,0.05,0.08,0.09,0.14,0.2,0.33,FALSE,TRUE,RSVHub,2026-05-27,Ensemble using RSVHub forecast submissions
Virginia,VA,2,wk inc rsv hosp,hosp,2026-05-30,2026-06-13,RSVHub-ensemble,2.5,4,5.5,7,10,15,27,3,4,6,7,10,20,30,0.029015851940231988,0.04642536310437118,0.06383487426851038,0.08124438543264956,0.11606340776092795,0.17409511164139194,0.3133712009545055,0.03,0.05,0.06,0.08,0.12,0.17,0.31,FALSE,TRUE,RSVHub,2026-05-27,Ensemble using RSVHub forecast submissions
Virginia,VA,0,wk inc rsv prop ed visits,prop_ed,2026-05-30,2026-05-30,RSVHub-ensemble,2.840745218350138e-4,3.726238293117985e-4,4.6855344419999495e-4,5.995699753860882e-4,7.449925269473812e-4,8.958305661217302e-4,0.00110699380060604,2.8e-4,3.7e-4,4.7e-4,6e-4,7.4e-4,9e-4,0.0011,NA,NA,NA,NA,NA,NA,NA,NA,NA,NA,NA,NA,NA,NA,FALSE,TRUE,RSVHub,2026-05-27,Ensemble using RSVHub forecast submissions
Virginia,VA,1,wk inc rsv prop ed visits,prop_ed,2026-05-30,2026-06-06,RSVHub-ensemble,2.074184456426364e-4,2.9369814421368755e-4,3.914388044054997e-4,5.22369844354421e-4,6.762490535389155e-4,8.430180013874108e-4,0.001075388109563532,2.1e-4,2.9e-4,3.9e-4,5.2e-4,6.8e-4,8.4e-4,0.0011,NA,NA,NA,NA,NA,NA,NA,NA,NA,NA,NA,NA,NA,NA,FALSE,TRUE,RSVHub,2026-05-27,Ensemble using RSVHub forecast submissions
Washington,WA,0,wk inc rsv hosp,hosp,2026-05-30,2026-05-30,CEPH-Rtrend_rsv,2,3,4,7,11,16,22,2,3,4,7,10,20,20,0.025759648823859515,0.03863947323578927,0.05151929764771903,0.0901587708835083,0.14167806853122733,0.20607719059087612,0.28335613706245466,0.03,0.04,0.05,0.09,0.14,0.21,0.28,TRUE,FALSE,CEPH Lab at Indiana University,2026-05-27,Rtrend RSV
Washington,WA,1,wk inc rsv hosp,hosp,2026-05-30,2026-06-06,CEPH-Rtrend_rsv,0,1,3,5,8,14,20,0,1,3,5,8,10,20,0,0.012879824411929757,0.03863947323578927,0.06439912205964878,0.10303859529543806,0.1803175417670166,0.2575964882385951,0,0.01,0.04,0.06,0.1,0.18,0.26,TRUE,FALSE,CEPH Lab at Indiana University,2026-05-27,Rtrend RSV
Washington,WA,2,wk inc rsv hosp,hosp,2026-05-30,2026-06-13,CEPH-Rtrend_rsv,0,0,1,3,6,10,17,0,0,1,3,6,10,20,0,0,0.012879824411929757,0.03863947323578927,0.07727894647157854,0.12879824411929755,0.21895701500280584,0,0,0.01,0.04,0.08,0.13,0.22,TRUE,FALSE,CEPH Lab at Indiana University,2026-05-27,Rtrend RSV
Washington,WA,0,wk inc rsv prop ed visits,prop_ed,2026-05-30,2026-05-30,CFA_Pyrenew-Pyrenew_E_RSV,2.8209544469267505e-4,3.502995246333752e-4,4.201107453970056e-4,5.084901854941093e-4,6.085922481213839e-4,7.010798299814609e-4,8.404459788932016e-4,2.8e-4,3.5e-4,4.2e-4,5.1e-4,6.1e-4,7e-4,8.4e-4,NA,NA,NA,NA,NA,NA,NA,NA,NA,NA,NA,NA,NA,NA,TRUE,FALSE,Center for Forecasting and Outbreak Analytics (CFA/CDC) Pyrenew team,2026-05-27,Pyrenew_ED_Visits_RSV
Washington,WA,1,wk inc rsv prop ed visits,prop_ed,2026-05-30,2026-06-06,CFA_Pyrenew-Pyrenew_E_RSV,1.4847050262883075e-4,2.106800684622982e-4,2.800542962030485e-4,3.708056765272368e-4,4.7154574829657046e-4,5.822093804011277e-4,7.434672887325611e-4,1.5e-4,2.1e-4,2.8e-4,3.7e-4,4.7e-4,5.8e-4,7.4e-4,NA,NA,NA,NA,NA,NA,NA,NA,NA,NA,NA,NA,NA,NA,TRUE,FALSE,Center for Forecasting and Outbreak Analytics (CFA/CDC) Pyrenew team,2026-05-27,Pyrenew_ED_Visits_RSV
Washington,WA,0,wk inc rsv hosp,hosp,2026-05-30,2026-05-30,CFA_Pyrenew-Pyrenew_HE_RSV,3,5,6,8,10,13,15,3,5,6,8,10,10,20,0.03863947323578927,0.06439912205964878,0.07727894647157854,0.10303859529543806,0.12879824411929755,0.16743771735508683,0.19319736617894634,0.04,0.06,0.08,0.1,0.13,0.17,0.19,TRUE,FALSE,Center for Forecasting and Outbreak Analytics (CFA/CDC) Pyrenew team,2026-05-27,Pyrenew_Hospital_Admissions_ED_Visits_RSV
Washington,WA,1,wk inc rsv hosp,hosp,2026-05-30,2026-06-06,CFA_Pyrenew-Pyrenew_HE_RSV,2,3,4,6,8,10,12,2,3,4,6,8,10,10,0.025759648823859515,0.03863947323578927,0.05151929764771903,0.07727894647157854,0.10303859529543806,0.12879824411929755,0.15455789294315708,0.03,0.04,0.05,0.08,0.1,0.13,0.15,TRUE,FALSE,Center for Forecasting and Outbreak Analytics (CFA/CDC) Pyrenew team,2026-05-27,Pyrenew_Hospital_Admissions_ED_Visits_RSV
Washington,WA,0,wk inc rsv prop ed visits,prop_ed,2026-05-30,2026-05-30,CFA_Pyrenew-Pyrenew_HE_RSV,2.99037470786926e-4,3.6653584861908605e-4,4.3710613743504223e-4,5.274194597580525e-4,6.225824710870962e-4,7.146907942685825e-4,8.163551909723555e-4,3e-4,3.7e-4,4.4e-4,5.3e-4,6.2e-4,7.1e-4,8.2e-4,NA,NA,NA,NA,NA,NA,NA,NA,NA,NA,NA,NA,NA,NA,FALSE,FALSE,Center for Forecasting and Outbreak Analytics (CFA/CDC) Pyrenew team,2026-05-27,Pyrenew_Hospital_Admissions_ED_Visits_RSV
Washington,WA,1,wk inc rsv prop ed visits,prop_ed,2026-05-30,2026-06-06,CFA_Pyrenew-Pyrenew_HE_RSV,1.6626120454752363e-4,2.2070080791614967e-4,2.869232123143136e-4,3.8254312334855506e-4,4.737853537128837e-4,5.789342207436836e-4,7.210919401684516e-4,1.7e-4,2.2e-4,2.9e-4,3.8e-4,4.7e-4,5.8e-4,7.2e-4,NA,NA,NA,NA,NA,NA,NA,NA,NA,NA,NA,NA,NA,NA,FALSE,FALSE,Center for Forecasting and Outbreak Analytics (CFA/CDC) Pyrenew team,2026-05-27,Pyrenew_Hospital_Admissions_ED_Visits_RSV
Washington,WA,0,wk inc rsv hosp,hosp,2026-05-30,2026-05-30,CFA_Pyrenew-Pyrenew_H_RSV,3,5,8,11,14,18,22,3,5,8,10,10,20,20,0.03863947323578927,0.06439912205964878,0.10303859529543806,0.14167806853122733,0.1803175417670166,0.23183683941473562,0.28335613706245466,0.04,0.06,0.1,0.14,0.18,0.23,0.28,FALSE,FALSE,Center for Forecasting and Outbreak Analytics (CFA/CDC) Pyrenew team,2026-05-27,Pyrenew_Hospital_Admissions_RSV
Washington,WA,1,wk inc rsv hosp,hosp,2026-05-30,2026-06-06,CFA_Pyrenew-Pyrenew_H_RSV,2,3,5,8,12,15,22,2,3,5,8,10,20,20,0.025759648823859515,0.03863947323578927,0.06439912205964878,0.10303859529543806,0.15455789294315708,0.19319736617894634,0.28335613706245466,0.03,0.04,0.06,0.1,0.15,0.19,0.28,FALSE,FALSE,Center for Forecasting and Outbreak Analytics (CFA/CDC) Pyrenew team,2026-05-27,Pyrenew_Hospital_Admissions_RSV
Washington,WA,0,wk inc rsv hosp,hosp,2026-05-30,2026-05-30,Google_SAI-RSVEns,4,5.5,7.5,10,14.5,21,36.5,4,6,8,10,10,20,40,0.05151929764771903,0.07083903426561367,0.09659868308947317,0.12879824411929755,0.1867574539729815,0.2704763126505249,0.4701135910354361,0.05,0.07,0.1,0.13,0.19,0.27,0.47,TRUE,FALSE,Google Science AI,2026-05-27,RSVEnsemble
Washington,WA,1,wk inc rsv hosp,hosp,2026-05-30,2026-06-06,Google_SAI-RSVEns,3,4,6,9.5,12.5,17.5,33,3,4,6,10,10,20,30,0.03863947323578927,0.05151929764771903,0.07727894647157854,0.1223583319133327,0.16099780514912196,0.22539692720877075,0.425034205593682,0.04,0.05,0.08,0.12,0.16,0.23,0.43,TRUE,FALSE,Google Science AI,2026-05-27,RSVEnsemble
Washington,WA,2,wk inc rsv hosp,hosp,2026-05-30,2026-06-13,Google_SAI-RSVEns,2,3.5,5.5,7.5,9,12.5,16.5,2,4,6,8,9,10,20,0.025759648823859515,0.04507938544175415,0.07083903426561367,0.09659868308947317,0.11591841970736781,0.16099780514912196,0.212517102796841,0.03,0.05,0.07,0.1,0.12,0.16,0.21,TRUE,FALSE,Google Science AI,2026-05-27,RSVEnsemble
Washington,WA,0,wk inc rsv hosp,hosp,2026-05-30,2026-05-30,RSVHub-baseline,0,0,7.749999999999998,13,18.25,31,42,0,0,8,10,20,30,40,0,0,0.09981863919245558,0.16743771735508683,0.23505679551771805,0.3992745567698225,0.5409526253010498,0,0,0.1,0.17,0.24,0.4,0.54,FALSE,FALSE,RSVHub-hub-models,2026-05-27,RSVHub baseline model
Washington,WA,1,wk inc rsv hosp,hosp,2026-05-30,2026-06-06,RSVHub-baseline,0,0,2.9800648006479946,13,24.980064800647995,37.980064800647995,56.980064800647995,0,0,3,10,20,40,60,0,0,0.038382711368518625,0.16743771735508683,0.3217388484309733,0.4891765657860601,0.7338932296127255,0,0,0.04,0.17,0.32,0.49,0.73,FALSE,FALSE,RSVHub-hub-models,2026-05-27,RSVHub baseline model
Washington,WA,2,wk inc rsv hosp,hosp,2026-05-30,2026-06-13,RSVHub-baseline,0,0,0,13,27.921549215492156,43.19182191821922,66.86348738487409,0,0,0,10,30,40,70,0,0,0,0.16743771735508683,0.359624651204594,0.5563030823380026,0.8611899770864587,0,0,0,0.17,0.36,0.56,0.86,FALSE,FALSE,RSVHub-hub-models,2026-05-27,RSVHub baseline model
Washington,WA,0,wk inc rsv prop ed visits,prop_ed,2026-05-30,2026-05-30,RSVHub-baseline,0,0,3.9999999999999996e-4,6e-4,7.999999999999999e-4,0.0016999999999999993,0.0034049999999999966,0,0,4e-4,6e-4,8e-4,0.0017,0.0034,NA,NA,NA,NA,NA,NA,NA,NA,NA,NA,NA,NA,NA,NA,FALSE,FALSE,RSVHub-hub-models,2026-05-27,RSVHub baseline model
Washington,WA,1,wk inc rsv prop ed visits,prop_ed,2026-05-30,2026-06-06,RSVHub-baseline,0,0,1.000000000000001e-4,6e-4,0.0012000000000000005,0.00228135721357214,0.0048000000000000004,0,0,1e-4,6e-4,0.0012,0.0023,0.0048,NA,NA,NA,NA,NA,NA,NA,NA,NA,NA,NA,NA,NA,NA,FALSE,FALSE,RSVHub-hub-models,2026-05-27,RSVHub baseline model
Washington,WA,2,wk inc rsv prop ed visits,prop_ed,2026-05-30,2026-06-13,RSVHub-baseline,0,0,0,6e-4,0.0015598530985309837,0.002973917939179392,0.005469937449374496,0,0,0,6e-4,0.0016,0.003,0.0055,NA,NA,NA,NA,NA,NA,NA,NA,NA,NA,NA,NA,NA,NA,FALSE,FALSE,RSVHub-hub-models,2026-05-27,RSVHub baseline model
Washington,WA,0,wk inc rsv hosp,hosp,2026-05-30,2026-05-30,UGA_flucast-INFLAenza,2,4,6,9,13,17,24,2,4,6,9,10,20,20,0.025759648823859515,0.05151929764771903,0.07727894647157854,0.11591841970736781,0.16743771735508683,0.21895701500280584,0.30911578588631416,0.03,0.05,0.08,0.12,0.17,0.22,0.31,TRUE,FALSE,UGA_flucast,2026-05-27,INFLAenza
Washington,WA,1,wk inc rsv hosp,hosp,2026-05-30,2026-06-06,UGA_flucast-INFLAenza,1,2,4,7,11,15,22,1,2,4,7,10,20,20,0.012879824411929757,0.025759648823859515,0.05151929764771903,0.0901587708835083,0.14167806853122733,0.19319736617894634,0.28335613706245466,0.01,0.03,0.05,0.09,0.14,0.19,0.28,TRUE,FALSE,UGA_flucast,2026-05-27,INFLAenza
Washington,WA,2,wk inc rsv hosp,hosp,2026-05-30,2026-06-13,UGA_flucast-INFLAenza,0,2,3,5,8,13,19,0,2,3,5,8,10,20,0,0.025759648823859515,0.03863947323578927,0.06439912205964878,0.10303859529543806,0.16743771735508683,0.2447166638266654,0,0.03,0.04,0.06,0.1,0.17,0.24,TRUE,FALSE,UGA_flucast,2026-05-27,INFLAenza
Washington,WA,0,wk inc rsv prop ed visits,prop_ed,2026-05-30,2026-05-30,UGA_flucast-INFLAenza,2.1464520523916812e-4,3.150975860537619e-4,4.443863972320194e-4,6.259148128824574e-4,8.308266130960123e-4,0.0010561060738589346,0.001349996375576721,2.1e-4,3.2e-4,4.4e-4,6.3e-4,8.3e-4,0.0011,0.0013,NA,NA,NA,NA,NA,NA,NA,NA,NA,NA,NA,NA,NA,NA,TRUE,FALSE,UGA_flucast,2026-05-27,INFLAenza
Washington,WA,1,wk inc rsv prop ed visits,prop_ed,2026-05-30,2026-06-06,UGA_flucast-INFLAenza,1.5983804639614632e-4,2.607637070496578e-4,3.7954075355189584e-4,5.472948997323247e-4,7.648748142805778e-4,0.0010036613924110829,0.0013421937680511533,1.6e-4,2.6e-4,3.8e-4,5.5e-4,7.6e-4,0.001,0.0013,NA,NA,NA,NA,NA,NA,NA,NA,NA,NA,NA,NA,NA,NA,TRUE,FALSE,UGA_flucast,2026-05-27,INFLAenza
Washington,WA,2,wk inc rsv prop ed visits,prop_ed,2026-05-30,2026-06-13,UGA_flucast-INFLAenza,1.2080702689488294e-4,2.151399084759964e-4,3.312212995710026e-4,4.949525510860211e-4,7.084490854884261e-4,9.38988755526795e-4,0.0012897734060812597,1.2e-4,2.2e-4,3.3e-4,4.9e-4,7.1e-4,9.4e-4,0.0013,NA,NA,NA,NA,NA,NA,NA,NA,NA,NA,NA,NA,NA,NA,TRUE,FALSE,UGA_flucast,2026-05-27,INFLAenza
Washington,WA,0,wk inc rsv hosp,hosp,2026-05-30,2026-05-30,RSVHub-ensemble,2.5,4.5,6,8.5,12,16.5,23,3,5,6,9,10,20,20,0.03219956102982439,0.057959209853683906,0.07727894647157854,0.10947850750140292,0.15455789294315708,0.212517102796841,0.2962359614743844,0.03,0.06,0.08,0.11,0.15,0.21,0.3,FALSE,TRUE,RSVHub,2026-05-27,Ensemble using RSVHub forecast submissions
Washington,WA,1,wk inc rsv hosp,hosp,2026-05-30,2026-06-06,RSVHub-ensemble,1.5,2.5,4,6.5,9.5,14.5,21,2,3,4,7,10,10,20,0.019319736617894635,0.03219956102982439,0.05151929764771903,0.08371885867754342,0.1223583319133327,0.1867574539729815,0.2704763126505249,0.02,0.03,0.05,0.08,0.12,0.19,0.27,FALSE,TRUE,RSVHub,2026-05-27,Ensemble using RSVHub forecast submissions
Washington,WA,2,wk inc rsv hosp,hosp,2026-05-30,2026-06-13,RSVHub-ensemble,0,2,3,5,8,12.5,17,0,2,3,5,8,10,20,0,0.025759648823859515,0.03863947323578927,0.06439912205964878,0.10303859529543806,0.16099780514912196,0.21895701500280584,0,0.03,0.04,0.06,0.1,0.16,0.22,FALSE,TRUE,RSVHub,2026-05-27,Ensemble using RSVHub forecast submissions
Washington,WA,0,wk inc rsv prop ed visits,prop_ed,2026-05-30,2026-05-30,RSVHub-ensemble,2.483703249659216e-4,3.326985553435685e-4,4.322485713145125e-4,5.672024991882833e-4,7.197094306086981e-4,8.785929519201977e-4,0.0010952211772349613,2.5e-4,3.3e-4,4.3e-4,5.7e-4,7.2e-4,8.8e-4,0.0011,NA,NA,NA,NA,NA,NA,NA,NA,NA,NA,NA,NA,NA,NA,FALSE,TRUE,RSVHub,2026-05-27,Ensemble using RSVHub forecast submissions
Washington,WA,1,wk inc rsv prop ed visits,prop_ed,2026-05-30,2026-06-06,RSVHub-ensemble,1.5415427451248852e-4,2.35721887755978e-4,3.2979752487747216e-4,4.5905028812978074e-4,6.182102812885741e-4,7.929353864061053e-4,0.0010428305283918572,1.5e-4,2.4e-4,3.3e-4,4.6e-4,6.2e-4,7.9e-4,0.001,NA,NA,NA,NA,NA,NA,NA,NA,NA,NA,NA,NA,NA,NA,FALSE,TRUE,RSVHub,2026-05-27,Ensemble using RSVHub forecast submissions
West Virginia,WV,0,wk inc rsv hosp,hosp,2026-05-30,2026-05-30,CEPH-Rtrend_rsv,8,11,14,18,24,30,37,8,10,10,20,20,30,40,0.4520077903542668,0.6215107117371168,0.7910136331199669,1.0170175282971001,1.3560233710628002,1.6950292138285004,2.090536030388484,0.45,0.62,0.79,1.02,1.36,1.7,2.09,TRUE,FALSE,CEPH Lab at Indiana University,2026-05-27,Rtrend RSV
West Virginia,WV,1,wk inc rsv hosp,hosp,2026-05-30,2026-06-06,CEPH-Rtrend_rsv,5,7,10,14,19,26,34,5,7,10,10,20,30,30,0.28250486897141674,0.39550681655998343,0.5650097379428335,0.7910136331199669,1.0735185020913836,1.4690253186513669,1.9210331090056336,0.28,0.4,0.57,0.79,1.07,1.47,1.92,TRUE,FALSE,CEPH Lab at Indiana University,2026-05-27,Rtrend RSV
West Virginia,WV,2,wk inc rsv hosp,hosp,2026-05-30,2026-06-13,CEPH-Rtrend_rsv,3,5,7,10,16,22,31,3,5,7,10,20,20,30,0.16950292138285003,0.28250486897141674,0.39550681655998343,0.5650097379428335,0.9040155807085336,1.2430214234742336,1.7515301876227836,0.17,0.28,0.4,0.57,0.9,1.24,1.75,TRUE,FALSE,CEPH Lab at Indiana University,2026-05-27,Rtrend RSV
West Virginia,WV,0,wk inc rsv prop ed visits,prop_ed,2026-05-30,2026-05-30,CFA_Pyrenew-Pyrenew_E_RSV,5.620105584383721e-4,7.469657206167487e-4,9.347911462137957e-4,0.0012040623823811778,0.0015047913727244027,0.0018029902715650387,0.002178289586591084,5.6e-4,7.5e-4,0.00093000000000000005,0.0012,0.0015,0.0018,0.0022,NA,NA,NA,NA,NA,NA,NA,NA,NA,NA,NA,NA,NA,NA,TRUE,FALSE,Center for Forecasting and Outbreak Analytics (CFA/CDC) Pyrenew team,2026-05-27,Pyrenew_ED_Visits_RSV
West Virginia,WV,1,wk inc rsv prop ed visits,prop_ed,2026-05-30,2026-06-06,CFA_Pyrenew-Pyrenew_E_RSV,2.634131786940208e-4,4.3729571458061796e-4,6.058732510255825e-4,8.590009301591626e-4,0.0011669895456832588,0.001534474535887543,0.002035670354246258,2.6e-4,4.4e-4,6.1e-4,8.6e-4,0.0012,0.0015,0.002,NA,NA,NA,NA,NA,NA,NA,NA,NA,NA,NA,NA,NA,NA,TRUE,FALSE,Center for Forecasting and Outbreak Analytics (CFA/CDC) Pyrenew team,2026-05-27,Pyrenew_ED_Visits_RSV
West Virginia,WV,0,wk inc rsv hosp,hosp,2026-05-30,2026-05-30,CFA_Pyrenew-Pyrenew_HE_RSV,4,7,9,12,16,19,24,4,7,9,10,20,20,20,0.2260038951771334,0.39550681655998343,0.5085087641485501,0.6780116855314001,0.9040155807085336,1.0735185020913836,1.3560233710628002,0.23,0.4,0.51,0.68,0.9,1.07,1.36,TRUE,FALSE,Center for Forecasting and Outbreak Analytics (CFA/CDC) Pyrenew team,2026-05-27,Pyrenew_Hospital_Admissions_ED_Visits_RSV
West Virginia,WV,1,wk inc rsv hosp,hosp,2026-05-30,2026-06-06,CFA_Pyrenew-Pyrenew_HE_RSV,3,4,6,9,12,15,20.024999999999864,3,4,6,9,10,20,20,0.16950292138285003,0.2260038951771334,0.33900584276570006,0.5085087641485501,0.6780116855314001,0.8475146069142502,1.1314320002305163,0.17,0.23,0.34,0.51,0.68,0.85,1.13,TRUE,FALSE,Center for Forecasting and Outbreak Analytics (CFA/CDC) Pyrenew team,2026-05-27,Pyrenew_Hospital_Admissions_ED_Visits_RSV
West Virginia,WV,0,wk inc rsv prop ed visits,prop_ed,2026-05-30,2026-05-30,CFA_Pyrenew-Pyrenew_HE_RSV,6.08766018337872e-4,8.07752429357497e-4,9.907600550239444e-4,0.0012439355728313271,0.001536427376254037,0.0018114146282095015,0.0022443741172592452,6.1e-4,8.1e-4,9.9e-4,0.0012,0.0015,0.0018,0.0022,NA,NA,NA,NA,NA,NA,NA,NA,NA,NA,NA,NA,NA,NA,FALSE,FALSE,Center for Forecasting and Outbreak Analytics (CFA/CDC) Pyrenew team,2026-05-27,Pyrenew_Hospital_Admissions_ED_Visits_RSV
West Virginia,WV,1,wk inc rsv prop ed visits,prop_ed,2026-05-30,2026-06-06,CFA_Pyrenew-Pyrenew_HE_RSV,3.086677695431571e-4,4.574986190445569e-4,6.438924077542907e-4,8.754595961633163e-4,0.0011864589187306407,0.001540838716607399,0.0021468468644944244,3.1e-4,4.6e-4,6.4e-4,8.8e-4,0.0012,0.0015,0.0021,NA,NA,NA,NA,NA,NA,NA,NA,NA,NA,NA,NA,NA,NA,FALSE,FALSE,Center for Forecasting and Outbreak Analytics (CFA/CDC) Pyrenew team,2026-05-27,Pyrenew_Hospital_Admissions_ED_Visits_RSV
West Virginia,WV,0,wk inc rsv hosp,hosp,2026-05-30,2026-05-30,CFA_Pyrenew-Pyrenew_H_RSV,7,10,14,19,25,31,41,7,10,10,20,30,30,40,0.39550681655998343,0.5650097379428335,0.7910136331199669,1.0735185020913836,1.4125243448570837,1.7515301876227836,2.316539925565617,0.4,0.57,0.79,1.07,1.41,1.75,2.32,FALSE,FALSE,Center for Forecasting and Outbreak Analytics (CFA/CDC) Pyrenew team,2026-05-27,Pyrenew_Hospital_Admissions_RSV
West Virginia,WV,1,wk inc rsv hosp,hosp,2026-05-30,2026-06-06,CFA_Pyrenew-Pyrenew_H_RSV,4,7,10,15,23,31,45,4,7,10,20,20,30,50,0.2260038951771334,0.39550681655998343,0.5650097379428335,0.8475146069142502,1.2995223972685168,1.7515301876227836,2.5425438207427504,0.23,0.4,0.57,0.85,1.3,1.75,2.54,FALSE,FALSE,Center for Forecasting and Outbreak Analytics (CFA/CDC) Pyrenew team,2026-05-27,Pyrenew_Hospital_Admissions_RSV
West Virginia,WV,0,wk inc rsv hosp,hosp,2026-05-30,2026-05-30,Google_SAI-RSVEns,6.5,10.5,14,17.5,19.5,25.5,37,7,10,10,20,20,30,40,0.3672563296628417,0.5932602248399752,0.7910136331199669,0.9887670413999585,1.1017689889885252,1.4407748317542253,2.090536030388484,0.37,0.59,0.79,0.99,1.1,1.44,2.09,TRUE,FALSE,Google Science AI,2026-05-27,RSVEnsemble
West Virginia,WV,1,wk inc rsv hosp,hosp,2026-05-30,2026-06-06,Google_SAI-RSVEns,6,9.5,12,14.5,17,21.5,32.5,6,10,10,10,20,20,30,0.33900584276570006,0.5367592510456918,0.6780116855314001,0.8192641200171085,0.9605165545028168,1.214770936577092,1.8362816483142088,0.34,0.54,0.68,0.82,0.96,1.21,1.84,TRUE,FALSE,Google Science AI,2026-05-27,RSVEnsemble
West Virginia,WV,2,wk inc rsv hosp,hosp,2026-05-30,2026-06-13,Google_SAI-RSVEns,5,7.5,10,12,14.5,19,30.5,5,8,10,10,10,20,30,0.28250486897141674,0.4237573034571251,0.5650097379428335,0.6780116855314001,0.8192641200171085,1.0735185020913836,1.723279700725642,0.28,0.42,0.57,0.68,0.82,1.07,1.72,TRUE,FALSE,Google Science AI,2026-05-27,RSVEnsemble
West Virginia,WV,0,wk inc rsv hosp,hosp,2026-05-30,2026-05-30,RSVHub-baseline,0,5.8000000000000105,17.75,22,26.25,38.2,54.22499999999983,0,6,20,20,30,40,50,0,0.327705648006844,1.0028922848485293,1.2430214234742336,1.483150562099938,2.158337198941624,3.063765303995005,0,0.33,1,1.24,1.48,2.16,3.06,FALSE,FALSE,RSVHub-hub-models,2026-05-27,RSVHub baseline model
West Virginia,WV,1,wk inc rsv hosp,hosp,2026-05-30,2026-06-06,RSVHub-baseline,0,0,12,22,32.05465304653046,46.82587225872259,67.08743662436616,0,0,10,20,30,50,70,0,0,0.6780116855314001,1.2430214234742336,1.8111191117668624,2.6457073813845446,3.7905054986389572,0,0,0.68,1.24,1.81,2.65,3.79,FALSE,FALSE,RSVHub-hub-models,2026-05-27,RSVHub baseline model
West Virginia,WV,2,wk inc rsv hosp,hosp,2026-05-30,2026-06-13,RSVHub-baseline,0,0,8.100561005610057,22,36.32887078870788,53.021741217412234,73.32071520715203,0,0,8,20,40,50,70,0,0,0.4576895850969674,1.2430214234742336,2.0526165764086897,2.9957800110522816,4.14269180849741,0,0,0.46,1.24,2.05,3,4.14,FALSE,FALSE,RSVHub-hub-models,2026-05-27,RSVHub baseline model
West Virginia,WV,0,wk inc rsv prop ed visits,prop_ed,2026-05-30,2026-05-30,RSVHub-baseline,0,0,9e-4,0.0013,0.0017,0.0035000000000000005,0.005799999999999999,0,0,9e-4,0.0013,0.0017,0.0035,0.0058,NA,NA,NA,NA,NA,NA,NA,NA,NA,NA,NA,NA,NA,NA,FALSE,FALSE,RSVHub-hub-models,2026-05-27,RSVHub baseline model
West Virginia,WV,1,wk inc rsv prop ed visits,prop_ed,2026-05-30,2026-06-06,RSVHub-baseline,0,0,3.0000000000000003e-4,0.0013,0.0025000000000000014,0.0045000000000000005,0.007908186306863048,0,0,3e-4,0.0013,0.0025,0.0045,0.0079,NA,NA,NA,NA,NA,NA,NA,NA,NA,NA,NA,NA,NA,NA,FALSE,FALSE,RSVHub-hub-models,2026-05-27,RSVHub baseline model
West Virginia,WV,2,wk inc rsv prop ed visits,prop_ed,2026-05-30,2026-06-13,RSVHub-baseline,0,0,0,0.0013,0.003092404424044245,0.005444359943599441,0.008817251897518967,0,0,0,0.0013,0.0031,0.0054,0.0088,NA,NA,NA,NA,NA,NA,NA,NA,NA,NA,NA,NA,NA,NA,FALSE,FALSE,RSVHub-hub-models,2026-05-27,RSVHub baseline model
West Virginia,WV,0,wk inc rsv hosp,hosp,2026-05-30,2026-05-30,UGA_flucast-INFLAenza,4,7,10,15,21,28,39,4,7,10,20,20,30,40,0.2260038951771334,0.39550681655998343,0.5650097379428335,0.8475146069142502,1.1865204496799504,1.5820272662399337,2.2035379779770503,0.23,0.4,0.57,0.85,1.19,1.58,2.2,TRUE,FALSE,UGA_flucast,2026-05-27,INFLAenza
West Virginia,WV,1,wk inc rsv hosp,hosp,2026-05-30,2026-06-06,UGA_flucast-INFLAenza,2,4,7,11,17,23,34,2,4,7,10,20,20,30,0.1130019475885667,0.2260038951771334,0.39550681655998343,0.6215107117371168,0.9605165545028168,1.2995223972685168,1.9210331090056336,0.11,0.23,0.4,0.62,0.96,1.3,1.92,TRUE,FALSE,UGA_flucast,2026-05-27,INFLAenza
West Virginia,WV,2,wk inc rsv hosp,hosp,2026-05-30,2026-06-13,UGA_flucast-INFLAenza,1,3,5,8,13,19,28,1,3,5,8,10,20,30,0.05650097379428335,0.16950292138285003,0.28250486897141674,0.4520077903542668,0.7345126593256834,1.0735185020913836,1.5820272662399337,0.06,0.17,0.28,0.45,0.73,1.07,1.58,TRUE,FALSE,UGA_flucast,2026-05-27,INFLAenza
West Virginia,WV,0,wk inc rsv prop ed visits,prop_ed,2026-05-30,2026-05-30,UGA_flucast-INFLAenza,6.106419650733346e-4,8.375091714648563e-4,0.0010545497842843218,0.0013478856304456727,0.0016830508805115313,0.002036849657674878,0.002470448033680975,6.1e-4,8.4e-4,0.0011,0.0013,0.0017,0.002,0.0025,NA,NA,NA,NA,NA,NA,NA,NA,NA,NA,NA,NA,NA,NA,TRUE,FALSE,UGA_flucast,2026-05-27,INFLAenza
West Virginia,WV,1,wk inc rsv prop ed visits,prop_ed,2026-05-30,2026-06-06,UGA_flucast-INFLAenza,4.5638196508778075e-4,6.505161368221088e-4,8.692024632386215e-4,0.0011750672362625478,0.0015572630959274445,0.0019524227951205613,0.0024897189889436333,4.6e-4,6.5e-4,8.7e-4,0.0012,0.0016,0.002,0.0025,NA,NA,NA,NA,NA,NA,NA,NA,NA,NA,NA,NA,NA,NA,TRUE,FALSE,UGA_flucast,2026-05-27,INFLAenza
West Virginia,WV,2,wk inc rsv prop ed visits,prop_ed,2026-05-30,2026-06-13,UGA_flucast-INFLAenza,3.4404844712521284e-4,5.381544599841119e-4,7.463379631020748e-4,0.0010397935306762952,0.001417612966702642,0.0018433319169083604,0.0024269086686962687,3.4e-4,5.4e-4,7.5e-4,0.001,0.0014,0.0018,0.0024,NA,NA,NA,NA,NA,NA,NA,NA,NA,NA,NA,NA,NA,NA,TRUE,FALSE,UGA_flucast,2026-05-27,INFLAenza
West Virginia,WV,0,wk inc rsv hosp,hosp,2026-05-30,2026-05-30,RSVHub-ensemble,5.25,8.75,12,16.25,20.25,26.75,37,5,9,10,20,20,30,40,0.2966301124199876,0.49438352069997926,0.6780116855314001,0.9181408241571044,1.1441447193342378,1.5114010489970795,2.090536030388484,0.3,0.49,0.68,0.92,1.14,1.51,2.09,FALSE,TRUE,RSVHub,2026-05-27,Ensemble using RSVHub forecast submissions
West Virginia,WV,1,wk inc rsv hosp,hosp,2026-05-30,2026-06-06,RSVHub-ensemble,4,5.5,8.5,12.5,17,22.25,33.25,4,6,9,10,20,20,30,0.2260038951771334,0.3107553558685584,0.4802582772514084,0.7062621724285418,0.9605165545028168,1.2571466669228044,1.8786573786599214,0.23,0.31,0.48,0.71,0.96,1.26,1.88,FALSE,TRUE,RSVHub,2026-05-27,Ensemble using RSVHub forecast submissions
West Virginia,WV,2,wk inc rsv hosp,hosp,2026-05-30,2026-06-13,RSVHub-ensemble,3,5,7,10,14.5,19,30.5,3,5,7,10,10,20,30,0.16950292138285003,0.28250486897141674,0.39550681655998343,0.5650097379428335,0.8192641200171085,1.0735185020913836,1.723279700725642,0.17,0.28,0.4,0.57,0.82,1.07,1.72,FALSE,TRUE,RSVHub,2026-05-27,Ensemble using RSVHub forecast submissions
West Virginia,WV,0,wk inc rsv prop ed visits,prop_ed,2026-05-30,2026-05-30,RSVHub-ensemble,5.863262617558534e-4,7.922374460408025e-4,9.946704652490587e-4,0.0012759740064134254,0.0015939211266179669,0.0019199199646199583,0.0023243688101360297,5.9e-4,7.9e-4,9.9e-4,0.0013,0.0016,0.0019,0.0023,NA,NA,NA,NA,NA,NA,NA,NA,NA,NA,NA,NA,NA,NA,FALSE,TRUE,RSVHub,2026-05-27,Ensemble using RSVHub forecast submissions
West Virginia,WV,1,wk inc rsv prop ed visits,prop_ed,2026-05-30,2026-06-06,RSVHub-ensemble,3.5989757189090077e-4,5.439059257013633e-4,7.37537857132102e-4,0.0010170340832108553,0.0013621263208053516,0.0017434486655040521,0.0022626946715949454,3.6e-4,5.4e-4,7.4e-4,0.001,0.0014,0.0017,0.0023,NA,NA,NA,NA,NA,NA,NA,NA,NA,NA,NA,NA,NA,NA,FALSE,TRUE,RSVHub,2026-05-27,Ensemble using RSVHub forecast submissions
Wisconsin,WI,0,wk inc rsv hosp,hosp,2026-05-30,2026-05-30,CEPH-Rtrend_rsv,12,15,18,23,29,35,42,10,20,20,20,30,40,40,0.20306018466970063,0.25382523083712577,0.3045902770045509,0.38919868728359286,0.4907287796184431,0.5922588719532934,0.7107106463439522,0.2,0.25,0.3,0.39,0.49,0.59,0.71,TRUE,FALSE,CEPH Lab at Indiana University,2026-05-27,Rtrend RSV
Wisconsin,WI,1,wk inc rsv hosp,hosp,2026-05-30,2026-06-06,CEPH-Rtrend_rsv,7,10,13,17,23,29,36,7,10,10,20,20,30,40,0.1184517743906587,0.16921682055808385,0.219981866725509,0.28766859494874253,0.38919868728359286,0.4907287796184431,0.6091805540091018,0.12,0.17,0.22,0.29,0.39,0.49,0.61,TRUE,FALSE,CEPH Lab at Indiana University,2026-05-27,Rtrend RSV
Wisconsin,WI,2,wk inc rsv hosp,hosp,2026-05-30,2026-06-13,CEPH-Rtrend_rsv,4,6,9,12,18,24,31,4,6,9,10,20,20,30,0.06768672822323353,0.10153009233485032,0.15229513850227544,0.20306018466970063,0.3045902770045509,0.40612036933940127,0.5245721437300599,0.07,0.1,0.15,0.2,0.3,0.41,0.52,TRUE,FALSE,CEPH Lab at Indiana University,2026-05-27,Rtrend RSV
Wisconsin,WI,0,wk inc rsv prop ed visits,prop_ed,2026-05-30,2026-05-30,CFA_Pyrenew-Pyrenew_E_RSV,4.978827531180094e-4,5.808046939442377e-4,6.794189328909784e-4,7.982355398324546e-4,9.393349370699057e-4,0.0010729553155488188,0.0012578692465499398,5e-4,5.8e-4,6.8e-4,8e-4,9.4e-4,0.0011,0.0013,NA,NA,NA,NA,NA,NA,NA,NA,NA,NA,NA,NA,NA,NA,TRUE,FALSE,Center for Forecasting and Outbreak Analytics (CFA/CDC) Pyrenew team,2026-05-27,Pyrenew_ED_Visits_RSV
Wisconsin,WI,1,wk inc rsv prop ed visits,prop_ed,2026-05-30,2026-06-06,CFA_Pyrenew-Pyrenew_E_RSV,3.179614345088214e-4,4.1959822621254433e-4,5.306064650825115e-4,6.701862049731098e-4,8.469657666083009e-4,0.0010631261409181204,0.001342430355248087,3.2e-4,4.2e-4,5.3e-4,6.7e-4,8.5e-4,0.0011,0.0013,NA,NA,NA,NA,NA,NA,NA,NA,NA,NA,NA,NA,NA,NA,TRUE,FALSE,Center for Forecasting and Outbreak Analytics (CFA/CDC) Pyrenew team,2026-05-27,Pyrenew_ED_Visits_RSV
Wisconsin,WI,0,wk inc rsv hosp,hosp,2026-05-30,2026-05-30,CFA_Pyrenew-Pyrenew_HE_RSV,13,17,20,24,29,33,39,10,20,20,20,30,30,40,0.219981866725509,0.28766859494874253,0.3384336411161677,0.40612036933940127,0.4907287796184431,0.5584155078416767,0.6599456001765269,0.22,0.29,0.34,0.41,0.49,0.56,0.66,TRUE,FALSE,Center for Forecasting and Outbreak Analytics (CFA/CDC) Pyrenew team,2026-05-27,Pyrenew_Hospital_Admissions_ED_Visits_RSV
Wisconsin,WI,1,wk inc rsv hosp,hosp,2026-05-30,2026-06-06,CFA_Pyrenew-Pyrenew_HE_RSV,9,12,16,20,24,30,38,9,10,20,20,20,30,40,0.15229513850227544,0.20306018466970063,0.2707469128929341,0.3384336411161677,0.40612036933940127,0.5076504616742515,0.6430239181207187,0.15,0.2,0.27,0.34,0.41,0.51,0.64,TRUE,FALSE,Center for Forecasting and Outbreak Analytics (CFA/CDC) Pyrenew team,2026-05-27,Pyrenew_Hospital_Admissions_ED_Visits_RSV
Wisconsin,WI,0,wk inc rsv prop ed visits,prop_ed,2026-05-30,2026-05-30,CFA_Pyrenew-Pyrenew_HE_RSV,5.172583125606344e-4,6.434119242422384e-4,7.442063195297777e-4,8.572631000638762e-4,9.97479660337063e-4,0.0011348669273678095,0.0012863901658802497,5.2e-4,6.4e-4,7.4e-4,8.6e-4,0.001,0.0011,0.0013,NA,NA,NA,NA,NA,NA,NA,NA,NA,NA,NA,NA,NA,NA,FALSE,FALSE,Center for Forecasting and Outbreak Analytics (CFA/CDC) Pyrenew team,2026-05-27,Pyrenew_Hospital_Admissions_ED_Visits_RSV
Wisconsin,WI,1,wk inc rsv prop ed visits,prop_ed,2026-05-30,2026-06-06,CFA_Pyrenew-Pyrenew_HE_RSV,3.5228555307382175e-4,4.7095784437463405e-4,5.76276787225125e-4,7.294280517565442e-4,9.295372351073118e-4,0.0011389995413663536,0.0014236034098602383,3.5e-4,4.7e-4,5.8e-4,7.3e-4,0.00093000000000000005,0.0011,0.0014,NA,NA,NA,NA,NA,NA,NA,NA,NA,NA,NA,NA,NA,NA,FALSE,FALSE,Center for Forecasting and Outbreak Analytics (CFA/CDC) Pyrenew team,2026-05-27,Pyrenew_Hospital_Admissions_ED_Visits_RSV
Wisconsin,WI,0,wk inc rsv hosp,hosp,2026-05-30,2026-05-30,CFA_Pyrenew-Pyrenew_H_RSV,14,19,23,29,36,43,52.024999999999864,10,20,20,30,40,40,50,0.2369035487813174,0.32151195906035934,0.38919868728359286,0.4907287796184431,0.6091805540091018,0.7276323283997604,0.8803505089534289,0.24,0.32,0.39,0.49,0.61,0.73,0.88,FALSE,FALSE,Center for Forecasting and Outbreak Analytics (CFA/CDC) Pyrenew team,2026-05-27,Pyrenew_Hospital_Admissions_RSV
Wisconsin,WI,1,wk inc rsv hosp,hosp,2026-05-30,2026-06-06,CFA_Pyrenew-Pyrenew_H_RSV,9,13,17,24,31,40,56,9,10,20,20,30,40,60,0.15229513850227544,0.219981866725509,0.28766859494874253,0.40612036933940127,0.5245721437300599,0.6768672822323354,0.9476141951252696,0.15,0.22,0.29,0.41,0.52,0.68,0.95,FALSE,FALSE,Center for Forecasting and Outbreak Analytics (CFA/CDC) Pyrenew team,2026-05-27,Pyrenew_Hospital_Admissions_RSV
Wisconsin,WI,0,wk inc rsv hosp,hosp,2026-05-30,2026-05-30,Google_SAI-RSVEns,13.5,19,23.5,26.5,35,42.5,62,10,20,20,30,40,40,60,0.22844270775341316,0.32151195906035934,0.39765952831149703,0.4484245744789222,0.5922588719532934,0.7191714873718563,1.0491442874601198,0.23,0.32,0.4,0.45,0.59,0.72,1.05,TRUE,FALSE,Google Science AI,2026-05-27,RSVEnsemble
Wisconsin,WI,1,wk inc rsv hosp,hosp,2026-05-30,2026-06-06,Google_SAI-RSVEns,7.5,11,15,21.5,27,34,50,8,10,20,20,30,30,50,0.12691261541856289,0.18613850261389223,0.25382523083712577,0.3638161641998802,0.4568854155068263,0.5753371898974851,0.8460841027904192,0.13,0.19,0.25,0.36,0.46,0.58,0.85,TRUE,FALSE,Google Science AI,2026-05-27,RSVEnsemble
Wisconsin,WI,2,wk inc rsv hosp,hosp,2026-05-30,2026-06-13,Google_SAI-RSVEns,5.5,9,12.5,14.5,20,27.5,44,6,9,10,10,20,30,40,0.09306925130694611,0.15229513850227544,0.2115210256976048,0.24536438980922154,0.3384336411161677,0.46534625653473055,0.7445540104555689,0.09,0.15,0.21,0.25,0.34,0.47,0.74,TRUE,FALSE,Google Science AI,2026-05-27,RSVEnsemble
Wisconsin,WI,0,wk inc rsv hosp,hosp,2026-05-30,2026-05-30,RSVHub-baseline,0,12.900000000000006,30,37,44,61.099999999999994,77,0,10,30,40,40,60,80,0,0.21828969851992824,0.5076504616742515,0.6261022360649102,0.7445540104555689,1.0339147736098921,1.3029695182972456,0,0.22,0.51,0.63,0.74,1.03,1.3,FALSE,FALSE,RSVHub-hub-models,2026-05-27,RSVHub baseline model
Wisconsin,WI,1,wk inc rsv hosp,hosp,2026-05-30,2026-06-06,RSVHub-baseline,0,3.2711397113971166,23.09219842198422,37,51,71.4987909879099,93.25677106771067,0,3,20,40,50,70,90,0,0.05535318615639081,0.390758839666457,0.6261022360649102,0.8630057848462276,1.2098798084721092,1.5780614295591102,0,0.06,0.39,0.63,0.86,1.21,1.58,FALSE,FALSE,RSVHub-hub-models,2026-05-27,RSVHub baseline model
Wisconsin,WI,2,wk inc rsv hosp,hosp,2026-05-30,2026-06-13,RSVHub-baseline,0,0,17.84539345393454,37,56.77110521105212,77.69933099330993,104.27656451564513,0,0,20,40,60,80,100,0,0,0.30197407418828454,0.6261022360649102,0.9606625923382706,1.3148033750178088,1.7645348706057373,0,0,0.3,0.63,0.96,1.31,1.76,FALSE,FALSE,RSVHub-hub-models,2026-05-27,RSVHub baseline model
Wisconsin,WI,0,wk inc rsv prop ed visits,prop_ed,2026-05-30,2026-05-30,RSVHub-baseline,0,1.0000000000000005e-4,9.000000000000002e-4,0.0011,0.0013,0.0021000000000000003,0.003452499999999998,0,1e-4,9e-4,0.0011,0.0013,0.0021,0.0035,NA,NA,NA,NA,NA,NA,NA,NA,NA,NA,NA,NA,NA,NA,FALSE,FALSE,RSVHub-hub-models,2026-05-27,RSVHub baseline model
Wisconsin,WI,1,wk inc rsv prop ed visits,prop_ed,2026-05-30,2026-06-06,RSVHub-baseline,0,0,5.000000000000002e-4,0.0011,0.0017000000000000006,0.0027565406654066543,0.0039000000000000007,0,0,5e-4,0.0011,0.0017,0.0028,0.0039,NA,NA,NA,NA,NA,NA,NA,NA,NA,NA,NA,NA,NA,NA,FALSE,FALSE,RSVHub-hub-models,2026-05-27,RSVHub baseline model
Wisconsin,WI,2,wk inc rsv prop ed visits,prop_ed,2026-05-30,2026-06-13,RSVHub-baseline,0,0,3e-4,0.0011,0.002,0.003100000000000001,0.0044,0,0,3e-4,0.0011,0.002,0.0031,0.0044,NA,NA,NA,NA,NA,NA,NA,NA,NA,NA,NA,NA,NA,NA,FALSE,FALSE,RSVHub-hub-models,2026-05-27,RSVHub baseline model
Wisconsin,WI,0,wk inc rsv hosp,hosp,2026-05-30,2026-05-30,UGA_flucast-INFLAenza,7,10,15,21,29,39,52,7,10,20,20,30,40,50,0.1184517743906587,0.16921682055808385,0.25382523083712577,0.3553553231719761,0.4907287796184431,0.6599456001765269,0.879927466902036,0.12,0.17,0.25,0.36,0.49,0.66,0.88,TRUE,FALSE,UGA_flucast,2026-05-27,INFLAenza
Wisconsin,WI,1,wk inc rsv hosp,hosp,2026-05-30,2026-06-06,UGA_flucast-INFLAenza,4,7,10,16,23,32,46,4,7,10,20,20,30,50,0.06768672822323353,0.1184517743906587,0.16921682055808385,0.2707469128929341,0.38919868728359286,0.5414938257858682,0.7783973745671857,0.07,0.12,0.17,0.27,0.39,0.54,0.78,TRUE,FALSE,UGA_flucast,2026-05-27,INFLAenza
Wisconsin,WI,2,wk inc rsv hosp,hosp,2026-05-30,2026-06-13,UGA_flucast-INFLAenza,2,4,7,12,18,26,38,2,4,7,10,20,30,40,0.033843364111616765,0.06768672822323353,0.1184517743906587,0.20306018466970063,0.3045902770045509,0.439963733451018,0.6430239181207187,0.03,0.07,0.12,0.2,0.3,0.44,0.64,TRUE,FALSE,UGA_flucast,2026-05-27,INFLAenza
Wisconsin,WI,0,wk inc rsv prop ed visits,prop_ed,2026-05-30,2026-05-30,UGA_flucast-INFLAenza,3.406898466764531e-4,4.762164738561502e-4,6.287879897146592e-4,8.277097221406604e-4,0.0010882786880825367,0.0013671023924175941,0.001707208674567832,3.4e-4,4.8e-4,6.3e-4,8.3e-4,0.0011,0.0014,0.0017,NA,NA,NA,NA,NA,NA,NA,NA,NA,NA,NA,NA,NA,NA,TRUE,FALSE,UGA_flucast,2026-05-27,INFLAenza
Wisconsin,WI,1,wk inc rsv prop ed visits,prop_ed,2026-05-30,2026-06-06,UGA_flucast-INFLAenza,2.3868468673682563e-4,3.719044091959255e-4,5.205402002635682e-4,7.347676924611524e-4,9.945479595389142e-4,0.0012672559673663011,0.0016633070822557458,2.4e-4,3.7e-4,5.2e-4,7.3e-4,9.9e-4,0.0013,0.0017,NA,NA,NA,NA,NA,NA,NA,NA,NA,NA,NA,NA,NA,NA,TRUE,FALSE,UGA_flucast,2026-05-27,INFLAenza
Wisconsin,WI,2,wk inc rsv prop ed visits,prop_ed,2026-05-30,2026-06-13,UGA_flucast-INFLAenza,1.915695419036572e-4,3.036744355483271e-4,4.4557885766461486e-4,6.506691000488289e-4,9.081721135412115e-4,0.0011933894278033912,0.0016418331676869675,1.9e-4,3e-4,4.5e-4,6.5e-4,9.1e-4,0.0012,0.0016,NA,NA,NA,NA,NA,NA,NA,NA,NA,NA,NA,NA,NA,NA,TRUE,FALSE,UGA_flucast,2026-05-27,INFLAenza
Wisconsin,WI,0,wk inc rsv hosp,hosp,2026-05-30,2026-05-30,RSVHub-ensemble,12.5,16,19,23.5,29,37,47,10,20,20,20,30,40,50,0.2115210256976048,0.2707469128929341,0.32151195906035934,0.39765952831149703,0.4907287796184431,0.6261022360649102,0.7953190566229941,0.21,0.27,0.32,0.4,0.49,0.63,0.8,FALSE,TRUE,RSVHub,2026-05-27,Ensemble using RSVHub forecast submissions
Wisconsin,WI,1,wk inc rsv hosp,hosp,2026-05-30,2026-06-06,RSVHub-ensemble,7.25,10.5,14,18.5,23.5,31,42,7,10,10,20,20,30,40,0.12268219490461077,0.17767766158598805,0.2369035487813174,0.3130511180324551,0.39765952831149703,0.5245721437300599,0.7107106463439522,0.12,0.18,0.24,0.31,0.4,0.52,0.71,FALSE,TRUE,RSVHub,2026-05-27,Ensemble using RSVHub forecast submissions
Wisconsin,WI,2,wk inc rsv hosp,hosp,2026-05-30,2026-06-13,RSVHub-ensemble,4,6,9,12,18,26,38,4,6,9,10,20,30,40,0.06768672822323353,0.10153009233485032,0.15229513850227544,0.20306018466970063,0.3045902770045509,0.439963733451018,0.6430239181207187,0.07,0.1,0.15,0.2,0.3,0.44,0.64,FALSE,TRUE,RSVHub,2026-05-27,Ensemble using RSVHub forecast submissions
Wisconsin,WI,0,wk inc rsv prop ed visits,prop_ed,2026-05-30,2026-05-30,RSVHub-ensemble,4.1928629989723123e-4,5.285105839001939e-4,6.541034613028188e-4,8.129726309865574e-4,0.0010138068125762213,0.0012200288539832064,0.0014825389605588857,4.2e-4,5.3e-4,6.5e-4,8.1e-4,0.001,0.0012,0.0015,NA,NA,NA,NA,NA,NA,NA,NA,NA,NA,NA,NA,NA,NA,FALSE,TRUE,RSVHub,2026-05-27,Ensemble using RSVHub forecast submissions
Wisconsin,WI,1,wk inc rsv prop ed visits,prop_ed,2026-05-30,2026-06-06,RSVHub-ensemble,2.783230606228235e-4,3.9575131770423495e-4,5.255733326730398e-4,7.024769487171312e-4,9.207568630736076e-4,0.0011651910541422108,0.0015028687187519164,2.8e-4,4e-4,5.3e-4,7e-4,9.2e-4,0.0012,0.0015,NA,NA,NA,NA,NA,NA,NA,NA,NA,NA,NA,NA,NA,NA,FALSE,TRUE,RSVHub,2026-05-27,Ensemble using RSVHub forecast submissions
Wyoming,WY,0,wk inc rsv hosp,hosp,2026-05-30,2026-05-30,CEPH-Rtrend_rsv,0,1,2,3,7,11,18,0,1,2,3,7,10,20,0,0.17202939638325396,0.3440587927665079,0.5160881891497618,1.2042057746827777,1.8923233602157936,3.0965291348985713,0,0.17,0.34,0.52,1.2,1.89,3.1,TRUE,FALSE,CEPH Lab at Indiana University,2026-05-27,Rtrend RSV
Wyoming,WY,1,wk inc rsv hosp,hosp,2026-05-30,2026-06-06,CEPH-Rtrend_rsv,0,0,1,3,6,12,21,0,0,1,3,6,10,20,0,0,0.17202939638325396,0.5160881891497618,1.0321763782995237,2.0643527565990474,3.6126173240483332,0,0,0.17,0.52,1.03,2.06,3.61,TRUE,FALSE,CEPH Lab at Indiana University,2026-05-27,Rtrend RSV
Wyoming,WY,2,wk inc rsv hosp,hosp,2026-05-30,2026-06-13,CEPH-Rtrend_rsv,0,0,1,2,5,11,20,0,0,1,2,5,10,20,0,0,0.17202939638325396,0.3440587927665079,0.8601469819162698,1.8923233602157936,3.4405879276650793,0,0,0.17,0.34,0.86,1.89,3.44,TRUE,FALSE,CEPH Lab at Indiana University,2026-05-27,Rtrend RSV
Wyoming,WY,0,wk inc rsv hosp,hosp,2026-05-30,2026-05-30,CFA_Pyrenew-Pyrenew_H_RSV,0,0,1,2,4,6,8,0,0,1,2,4,6,8,0,0,0.17202939638325396,0.3440587927665079,0.6881175855330158,1.0321763782995237,1.3762351710660317,0,0,0.17,0.34,0.69,1.03,1.38,FALSE,FALSE,Center for Forecasting and Outbreak Analytics (CFA/CDC) Pyrenew team,2026-05-27,Pyrenew_Hospital_Admissions_RSV
Wyoming,WY,1,wk inc rsv hosp,hosp,2026-05-30,2026-06-06,CFA_Pyrenew-Pyrenew_H_RSV,0,0,1,2,3,5,7.024999999999864,0,0,1,2,3,5,7,0,0,0.17202939638325396,0.3440587927665079,0.5160881891497618,0.8601469819162698,1.2085065095923357,0,0,0.17,0.34,0.52,0.86,1.21,FALSE,FALSE,Center for Forecasting and Outbreak Analytics (CFA/CDC) Pyrenew team,2026-05-27,Pyrenew_Hospital_Admissions_RSV
Wyoming,WY,0,wk inc rsv hosp,hosp,2026-05-30,2026-05-30,Google_SAI-RSVEns,0,0.5,1.5,2,3.5,5,9,0,1,2,2,4,5,9,0,0.08601469819162698,0.2580440945748809,0.3440587927665079,0.6021028873413888,0.8601469819162698,1.5482645674492856,0,0.09,0.26,0.34,0.6,0.86,1.55,TRUE,FALSE,Google Science AI,2026-05-27,RSVEnsemble
Wyoming,WY,1,wk inc rsv hosp,hosp,2026-05-30,2026-06-06,Google_SAI-RSVEns,0,0,1,2,3,5.5,9,0,0,1,2,3,6,9,0,0,0.17202939638325396,0.3440587927665079,0.5160881891497618,0.9461616801078968,1.5482645674492856,0,0,0.17,0.34,0.52,0.95,1.55,TRUE,FALSE,Google Science AI,2026-05-27,RSVEnsemble
Wyoming,WY,2,wk inc rsv hosp,hosp,2026-05-30,2026-06-13,Google_SAI-RSVEns,0,0,0.5,1,2,3.5,4.5,0,0,1,1,2,4,5,0,0,0.08601469819162698,0.17202939638325396,0.3440587927665079,0.6021028873413888,0.7741322837246428,0,0,0.09,0.17,0.34,0.6,0.77,TRUE,FALSE,Google Science AI,2026-05-27,RSVEnsemble
Wyoming,WY,0,wk inc rsv hosp,hosp,2026-05-30,2026-05-30,RSVHub-baseline,0,0,1,3,5,11,16.074999999999946,0,0,1,3,5,10,20,0,0,0.17202939638325396,0.5160881891497618,0.8601469819162698,1.8923233602157936,2.765372546860798,0,0,0.17,0.52,0.86,1.89,2.77,FALSE,FALSE,RSVHub-hub-models,2026-05-27,RSVHub baseline model
Wyoming,WY,1,wk inc rsv hosp,hosp,2026-05-30,2026-06-06,RSVHub-baseline,0,0,0,3,8,14,21,0,0,0,3,8,10,20,0,0,0,0.5160881891497618,1.3762351710660317,2.4084115493655553,3.6126173240483332,0,0,0,0.52,1.38,2.41,3.61,FALSE,FALSE,RSVHub-hub-models,2026-05-27,RSVHub baseline model
Wyoming,WY,2,wk inc rsv hosp,hosp,2026-05-30,2026-06-13,RSVHub-baseline,0,0,0,3,9.66576665766658,16.34474844748448,24.587102121021204,0,0,0,3,10,20,20,0,0,0,0.5160881891497618,1.6627960036997642,2.8117772094568827,4.229704336692701,0,0,0,0.52,1.66,2.81,4.23,FALSE,FALSE,RSVHub-hub-models,2026-05-27,RSVHub baseline model
Wyoming,WY,0,wk inc rsv prop ed visits,prop_ed,2026-05-30,2026-05-30,RSVHub-baseline,0,0,3.000000000000001e-4,7.000000000000001e-4,0.0011,0.002700000000000001,0.0056524999999999995,0,0,3e-4,7e-4,0.0011,0.0027,0.0057,NA,NA,NA,NA,NA,NA,NA,NA,NA,NA,NA,NA,NA,NA,FALSE,FALSE,RSVHub-hub-models,2026-05-27,RSVHub baseline model
Wyoming,WY,1,wk inc rsv prop ed visits,prop_ed,2026-05-30,2026-06-06,RSVHub-baseline,0,0,0,7.000000000000001e-4,0.002000000000000001,0.004138040380403807,0.007648852238522362,0,0,0,7e-4,0.002,0.0041,0.0076,NA,NA,NA,NA,NA,NA,NA,NA,NA,NA,NA,NA,NA,NA,FALSE,FALSE,RSVHub-hub-models,2026-05-27,RSVHub baseline model
Wyoming,WY,2,wk inc rsv prop ed visits,prop_ed,2026-05-30,2026-06-13,RSVHub-baseline,0,0,0,7.000000000000001e-4,0.0025514510145101484,0.005133025830258309,0.008714740997409997,0,0,0,7e-4,0.0026,0.0051,0.0087,NA,NA,NA,NA,NA,NA,NA,NA,NA,NA,NA,NA,NA,NA,FALSE,FALSE,RSVHub-hub-models,2026-05-27,RSVHub baseline model
Wyoming,WY,0,wk inc rsv hosp,hosp,2026-05-30,2026-05-30,UGA_flucast-INFLAenza,0,1,1,3,5,7,9,0,1,1,3,5,7,9,0,0.17202939638325396,0.17202939638325396,0.5160881891497618,0.8601469819162698,1.2042057746827777,1.5482645674492856,0,0.17,0.17,0.52,0.86,1.2,1.55,TRUE,FALSE,UGA_flucast,2026-05-27,INFLAenza
Wyoming,WY,1,wk inc rsv hosp,hosp,2026-05-30,2026-06-06,UGA_flucast-INFLAenza,0,0,1,2,4,5,8,0,0,1,2,4,5,8,0,0,0.17202939638325396,0.3440587927665079,0.6881175855330158,0.8601469819162698,1.3762351710660317,0,0,0.17,0.34,0.69,0.86,1.38,TRUE,FALSE,UGA_flucast,2026-05-27,INFLAenza
Wyoming,WY,2,wk inc rsv hosp,hosp,2026-05-30,2026-06-13,UGA_flucast-INFLAenza,0,0,1,2,3,5,7,0,0,1,2,3,5,7,0,0,0.17202939638325396,0.3440587927665079,0.5160881891497618,0.8601469819162698,1.2042057746827777,0,0,0.17,0.34,0.52,0.86,1.2,TRUE,FALSE,UGA_flucast,2026-05-27,INFLAenza
Wyoming,WY,0,wk inc rsv hosp,hosp,2026-05-30,2026-05-30,RSVHub-ensemble,0,1,1.5,3,5,7,9,0,1,2,3,5,7,9,0,0.17202939638325396,0.2580440945748809,0.5160881891497618,0.8601469819162698,1.2042057746827777,1.5482645674492856,0,0.17,0.26,0.52,0.86,1.2,1.55,FALSE,TRUE,RSVHub,2026-05-27,Ensemble using RSVHub forecast submissions
Wyoming,WY,1,wk inc rsv hosp,hosp,2026-05-30,2026-06-06,RSVHub-ensemble,0,0,1,2,4,5.5,9,0,0,1,2,4,6,9,0,0,0.17202939638325396,0.3440587927665079,0.6881175855330158,0.9461616801078968,1.5482645674492856,0,0,0.17,0.34,0.69,0.95,1.55,FALSE,TRUE,RSVHub,2026-05-27,Ensemble using RSVHub forecast submissions
Wyoming,WY,2,wk inc rsv hosp,hosp,2026-05-30,2026-06-13,RSVHub-ensemble,0,0,1,2,3,5,7,0,0,1,2,3,5,7,0,0,0.17202939638325396,0.3440587927665079,0.5160881891497618,0.8601469819162698,1.2042057746827777,0,0,0.17,0.34,0.52,0.86,1.2,FALSE,TRUE,RSVHub,2026-05-27,Ensemble using RSVHub forecast submissions
