week_ending_date,location,location_name,target,target_data_type,count_value,rate_value
2024-11-09,02,Alaska,wk inc rsv hosp,hosp,5,0.7
2024-11-09,01,Alabama,wk inc rsv hosp,hosp,62,1.22
2024-11-09,05,Arkansas,wk inc rsv hosp,hosp,7,0.23
2024-11-09,04,Arizona,wk inc rsv hosp,hosp,7,0.09
2024-11-09,06,California,wk inc rsv hosp,hosp,117,0.3
2024-11-09,08,Colorado,wk inc rsv hosp,hosp,10,0.17
2024-11-09,09,Connecticut,wk inc rsv hosp,hosp,21,0.58
2024-11-09,11,District of Columbia,wk inc rsv hosp,hosp,15,2.22
2024-11-09,10,Delaware,wk inc rsv hosp,hosp,23,2.24
2024-11-09,12,Florida,wk inc rsv hosp,hosp,426,1.89
2024-11-09,13,Georgia,wk inc rsv hosp,hosp,175,1.59
2024-11-09,15,Hawaii,wk inc rsv hosp,hosp,15,1.08
2024-11-09,19,Iowa,wk inc rsv hosp,hosp,5,0.16
2024-11-09,16,Idaho,wk inc rsv hosp,hosp,2,0.1
2024-11-09,17,Illinois,wk inc rsv hosp,hosp,64,0.51
2024-11-09,18,Indiana,wk inc rsv hosp,hosp,17,0.25
2024-11-09,20,Kansas,wk inc rsv hosp,hosp,1,0.03
2024-11-09,21,Kentucky,wk inc rsv hosp,hosp,25,0.55
2024-11-09,22,Louisiana,wk inc rsv hosp,hosp,50,1.1
2024-11-09,25,Massachusetts,wk inc rsv hosp,hosp,31,0.44
2024-11-09,24,Maryland,wk inc rsv hosp,hosp,75,1.22
2024-11-09,23,Maine,wk inc rsv hosp,hosp,1,0.07
2024-11-09,26,Michigan,wk inc rsv hosp,hosp,40,0.4
2024-11-09,27,Minnesota,wk inc rsv hosp,hosp,14,0.24
2024-11-09,29,Missouri,wk inc rsv hosp,hosp,20,0.32
2024-11-09,28,Mississippi,wk inc rsv hosp,hosp,25,0.85
2024-11-09,30,Montana,wk inc rsv hosp,hosp,0,0
2024-11-09,37,North Carolina,wk inc rsv hosp,hosp,33,0.31
2024-11-09,38,North Dakota,wk inc rsv hosp,hosp,0,0
2024-11-09,31,Nebraska,wk inc rsv hosp,hosp,0,0
2024-11-09,33,New Hampshire,wk inc rsv hosp,hosp,2,0.14
2024-11-09,34,New Jersey,wk inc rsv hosp,hosp,101,1.09
2024-11-09,35,New Mexico,wk inc rsv hosp,hosp,6,0.29
2024-11-09,32,Nevada,wk inc rsv hosp,hosp,9,0.28
2024-11-09,36,New York,wk inc rsv hosp,hosp,179,0.92
2024-11-09,39,Ohio,wk inc rsv hosp,hosp,100,0.85
2024-11-09,40,Oklahoma,wk inc rsv hosp,hosp,0,0
2024-11-09,41,Oregon,wk inc rsv hosp,hosp,4,0.09
2024-11-09,42,Pennsylvania,wk inc rsv hosp,hosp,186,1.44
2024-11-09,72,Puerto Rico,wk inc rsv hosp,hosp,97,2.95
2024-11-09,44,Rhode Island,wk inc rsv hosp,hosp,9,0.82
2024-11-09,45,South Carolina,wk inc rsv hosp,hosp,46,0.86
2024-11-09,46,South Dakota,wk inc rsv hosp,hosp,0,0
2024-11-09,47,Tennessee,wk inc rsv hosp,hosp,91,1.28
2024-11-09,48,Texas,wk inc rsv hosp,hosp,409,1.35
2024-11-09,US,United States,wk inc rsv hosp,hosp,2605,0.77
2024-11-09,49,Utah,wk inc rsv hosp,hosp,8,0.23
2024-11-09,51,Virginia,wk inc rsv hosp,hosp,37,0.43
2024-11-09,50,Vermont,wk inc rsv hosp,hosp,0,0
2024-11-09,53,Washington,wk inc rsv hosp,hosp,13,0.17
2024-11-09,55,Wisconsin,wk inc rsv hosp,hosp,10,0.17
2024-11-09,54,West Virginia,wk inc rsv hosp,hosp,10,0.57
2024-11-09,56,Wyoming,wk inc rsv hosp,hosp,0,0
2024-11-16,02,Alaska,wk inc rsv hosp,hosp,9,1.26
2024-11-16,01,Alabama,wk inc rsv hosp,hosp,81,1.59
2024-11-16,05,Arkansas,wk inc rsv hosp,hosp,21,0.69
2024-11-16,04,Arizona,wk inc rsv hosp,hosp,6,0.08
2024-11-16,06,California,wk inc rsv hosp,hosp,146,0.38
2024-11-16,08,Colorado,wk inc rsv hosp,hosp,18,0.31
2024-11-16,09,Connecticut,wk inc rsv hosp,hosp,27,0.75
2024-11-16,11,District of Columbia,wk inc rsv hosp,hosp,3,0.44
2024-11-16,10,Delaware,wk inc rsv hosp,hosp,26,2.53
2024-11-16,12,Florida,wk inc rsv hosp,hosp,432,1.92
2024-11-16,13,Georgia,wk inc rsv hosp,hosp,299,2.73
2024-11-16,15,Hawaii,wk inc rsv hosp,hosp,26,1.86
2024-11-16,19,Iowa,wk inc rsv hosp,hosp,10,0.31
2024-11-16,16,Idaho,wk inc rsv hosp,hosp,1,0.05
2024-11-16,17,Illinois,wk inc rsv hosp,hosp,82,0.65
2024-11-16,18,Indiana,wk inc rsv hosp,hosp,30,0.44
2024-11-16,20,Kansas,wk inc rsv hosp,hosp,3,0.1
2024-11-16,21,Kentucky,wk inc rsv hosp,hosp,44,0.98
2024-11-16,22,Louisiana,wk inc rsv hosp,hosp,81,1.78
2024-11-16,25,Massachusetts,wk inc rsv hosp,hosp,60,0.86
2024-11-16,24,Maryland,wk inc rsv hosp,hosp,67,1.09
2024-11-16,23,Maine,wk inc rsv hosp,hosp,1,0.07
2024-11-16,26,Michigan,wk inc rsv hosp,hosp,46,0.46
2024-11-16,27,Minnesota,wk inc rsv hosp,hosp,13,0.23
2024-11-16,29,Missouri,wk inc rsv hosp,hosp,36,0.58
2024-11-16,28,Mississippi,wk inc rsv hosp,hosp,46,1.57
2024-11-16,30,Montana,wk inc rsv hosp,hosp,0,0
2024-11-16,37,North Carolina,wk inc rsv hosp,hosp,62,0.58
2024-11-16,38,North Dakota,wk inc rsv hosp,hosp,0,0
2024-11-16,31,Nebraska,wk inc rsv hosp,hosp,2,0.1
2024-11-16,33,New Hampshire,wk inc rsv hosp,hosp,4,0.29
2024-11-16,34,New Jersey,wk inc rsv hosp,hosp,159,1.71
2024-11-16,35,New Mexico,wk inc rsv hosp,hosp,7,0.33
2024-11-16,32,Nevada,wk inc rsv hosp,hosp,12,0.38
2024-11-16,36,New York,wk inc rsv hosp,hosp,265,1.36
2024-11-16,39,Ohio,wk inc rsv hosp,hosp,132,1.12
2024-11-16,40,Oklahoma,wk inc rsv hosp,hosp,6,0.15
2024-11-16,41,Oregon,wk inc rsv hosp,hosp,4,0.09
2024-11-16,42,Pennsylvania,wk inc rsv hosp,hosp,162,1.25
2024-11-16,72,Puerto Rico,wk inc rsv hosp,hosp,134,4.08
2024-11-16,44,Rhode Island,wk inc rsv hosp,hosp,12,1.1
2024-11-16,45,South Carolina,wk inc rsv hosp,hosp,73,1.37
2024-11-16,46,South Dakota,wk inc rsv hosp,hosp,0,0
2024-11-16,47,Tennessee,wk inc rsv hosp,hosp,129,1.82
2024-11-16,48,Texas,wk inc rsv hosp,hosp,559,1.84
2024-11-16,US,United States,wk inc rsv hosp,hosp,3444,1.02
2024-11-16,49,Utah,wk inc rsv hosp,hosp,2,0.06
2024-11-16,51,Virginia,wk inc rsv hosp,hosp,51,0.59
2024-11-16,50,Vermont,wk inc rsv hosp,hosp,3,0.46
2024-11-16,53,Washington,wk inc rsv hosp,hosp,27,0.35
2024-11-16,55,Wisconsin,wk inc rsv hosp,hosp,7,0.12
2024-11-16,54,West Virginia,wk inc rsv hosp,hosp,10,0.57
2024-11-16,56,Wyoming,wk inc rsv hosp,hosp,3,0.52
2024-11-23,02,Alaska,wk inc rsv hosp,hosp,4,0.56
2024-11-23,01,Alabama,wk inc rsv hosp,hosp,111,2.18
2024-11-23,05,Arkansas,wk inc rsv hosp,hosp,15,0.49
2024-11-23,04,Arizona,wk inc rsv hosp,hosp,31,0.42
2024-11-23,06,California,wk inc rsv hosp,hosp,214,0.55
2024-11-23,08,Colorado,wk inc rsv hosp,hosp,27,0.46
2024-11-23,09,Connecticut,wk inc rsv hosp,hosp,35,0.97
2024-11-23,11,District of Columbia,wk inc rsv hosp,hosp,6,0.89
2024-11-23,10,Delaware,wk inc rsv hosp,hosp,43,4.18
2024-11-23,12,Florida,wk inc rsv hosp,hosp,527,2.34
2024-11-23,13,Georgia,wk inc rsv hosp,hosp,332,3.03
2024-11-23,15,Hawaii,wk inc rsv hosp,hosp,25,1.79
2024-11-23,19,Iowa,wk inc rsv hosp,hosp,9,0.28
2024-11-23,16,Idaho,wk inc rsv hosp,hosp,3,0.15
2024-11-23,17,Illinois,wk inc rsv hosp,hosp,155,1.24
2024-11-23,18,Indiana,wk inc rsv hosp,hosp,67,0.98
2024-11-23,20,Kansas,wk inc rsv hosp,hosp,7,0.24
2024-11-23,21,Kentucky,wk inc rsv hosp,hosp,54,1.2
2024-11-23,22,Louisiana,wk inc rsv hosp,hosp,94,2.06
2024-11-23,25,Massachusetts,wk inc rsv hosp,hosp,125,1.79
2024-11-23,24,Maryland,wk inc rsv hosp,hosp,101,1.64
2024-11-23,23,Maine,wk inc rsv hosp,hosp,0,0
2024-11-23,26,Michigan,wk inc rsv hosp,hosp,65,0.65
2024-11-23,27,Minnesota,wk inc rsv hosp,hosp,15,0.26
2024-11-23,29,Missouri,wk inc rsv hosp,hosp,59,0.95
2024-11-23,28,Mississippi,wk inc rsv hosp,hosp,67,2.29
2024-11-23,30,Montana,wk inc rsv hosp,hosp,0,0
2024-11-23,37,North Carolina,wk inc rsv hosp,hosp,79,0.74
2024-11-23,38,North Dakota,wk inc rsv hosp,hosp,1,0.13
2024-11-23,31,Nebraska,wk inc rsv hosp,hosp,2,0.1
2024-11-23,33,New Hampshire,wk inc rsv hosp,hosp,7,0.5
2024-11-23,34,New Jersey,wk inc rsv hosp,hosp,205,2.21
2024-11-23,35,New Mexico,wk inc rsv hosp,hosp,4,0.19
2024-11-23,32,Nevada,wk inc rsv hosp,hosp,22,0.69
2024-11-23,36,New York,wk inc rsv hosp,hosp,404,2.07
2024-11-23,39,Ohio,wk inc rsv hosp,hosp,175,1.49
2024-11-23,40,Oklahoma,wk inc rsv hosp,hosp,11,0.27
2024-11-23,41,Oregon,wk inc rsv hosp,hosp,6,0.14
2024-11-23,42,Pennsylvania,wk inc rsv hosp,hosp,176,1.36
2024-11-23,72,Puerto Rico,wk inc rsv hosp,hosp,200,6.09
2024-11-23,44,Rhode Island,wk inc rsv hosp,hosp,18,1.65
2024-11-23,45,South Carolina,wk inc rsv hosp,hosp,112,2.1
2024-11-23,46,South Dakota,wk inc rsv hosp,hosp,0,0
2024-11-23,47,Tennessee,wk inc rsv hosp,hosp,145,2.04
2024-11-23,48,Texas,wk inc rsv hosp,hosp,625,2.06
2024-11-23,US,United States,wk inc rsv hosp,hosp,4523,1.34
2024-11-23,49,Utah,wk inc rsv hosp,hosp,3,0.09
2024-11-23,51,Virginia,wk inc rsv hosp,hosp,70,0.81
2024-11-23,50,Vermont,wk inc rsv hosp,hosp,0,0
2024-11-23,53,Washington,wk inc rsv hosp,hosp,38,0.49
2024-11-23,55,Wisconsin,wk inc rsv hosp,hosp,11,0.19
2024-11-23,54,West Virginia,wk inc rsv hosp,hosp,13,0.73
2024-11-23,56,Wyoming,wk inc rsv hosp,hosp,2,0.34
2024-11-30,02,Alaska,wk inc rsv hosp,hosp,13,1.83
2024-11-30,01,Alabama,wk inc rsv hosp,hosp,130,2.55
2024-11-30,05,Arkansas,wk inc rsv hosp,hosp,25,0.82
2024-11-30,04,Arizona,wk inc rsv hosp,hosp,21,0.28
2024-11-30,06,California,wk inc rsv hosp,hosp,328,0.84
2024-11-30,08,Colorado,wk inc rsv hosp,hosp,23,0.39
2024-11-30,09,Connecticut,wk inc rsv hosp,hosp,57,1.58
2024-11-30,11,District of Columbia,wk inc rsv hosp,hosp,2,0.3
2024-11-30,10,Delaware,wk inc rsv hosp,hosp,47,4.57
2024-11-30,12,Florida,wk inc rsv hosp,hosp,540,2.39
2024-11-30,13,Georgia,wk inc rsv hosp,hosp,402,3.66
2024-11-30,15,Hawaii,wk inc rsv hosp,hosp,19,1.36
2024-11-30,19,Iowa,wk inc rsv hosp,hosp,10,0.31
2024-11-30,16,Idaho,wk inc rsv hosp,hosp,3,0.15
2024-11-30,17,Illinois,wk inc rsv hosp,hosp,225,1.8
2024-11-30,18,Indiana,wk inc rsv hosp,hosp,59,0.86
2024-11-30,20,Kansas,wk inc rsv hosp,hosp,13,0.45
2024-11-30,21,Kentucky,wk inc rsv hosp,hosp,60,1.33
2024-11-30,22,Louisiana,wk inc rsv hosp,hosp,121,2.65
2024-11-30,25,Massachusetts,wk inc rsv hosp,hosp,146,2.09
2024-11-30,24,Maryland,wk inc rsv hosp,hosp,113,1.84
2024-11-30,23,Maine,wk inc rsv hosp,hosp,2,0.14
2024-11-30,26,Michigan,wk inc rsv hosp,hosp,109,1.09
2024-11-30,27,Minnesota,wk inc rsv hosp,hosp,23,0.4
2024-11-30,29,Missouri,wk inc rsv hosp,hosp,62,1
2024-11-30,28,Mississippi,wk inc rsv hosp,hosp,77,2.63
2024-11-30,30,Montana,wk inc rsv hosp,hosp,2,0.18
2024-11-30,37,North Carolina,wk inc rsv hosp,hosp,125,1.16
2024-11-30,38,North Dakota,wk inc rsv hosp,hosp,0,0
2024-11-30,31,Nebraska,wk inc rsv hosp,hosp,7,0.35
2024-11-30,33,New Hampshire,wk inc rsv hosp,hosp,6,0.43
2024-11-30,34,New Jersey,wk inc rsv hosp,hosp,283,3.05
2024-11-30,35,New Mexico,wk inc rsv hosp,hosp,6,0.29
2024-11-30,32,Nevada,wk inc rsv hosp,hosp,24,0.75
2024-11-30,36,New York,wk inc rsv hosp,hosp,563,2.88
2024-11-30,39,Ohio,wk inc rsv hosp,hosp,197,1.67
2024-11-30,40,Oklahoma,wk inc rsv hosp,hosp,15,0.37
2024-11-30,41,Oregon,wk inc rsv hosp,hosp,12,0.28
2024-11-30,42,Pennsylvania,wk inc rsv hosp,hosp,229,1.77
2024-11-30,72,Puerto Rico,wk inc rsv hosp,hosp,457,13.91
2024-11-30,44,Rhode Island,wk inc rsv hosp,hosp,35,3.2
2024-11-30,45,South Carolina,wk inc rsv hosp,hosp,121,2.27
2024-11-30,46,South Dakota,wk inc rsv hosp,hosp,0,0
2024-11-30,47,Tennessee,wk inc rsv hosp,hosp,140,1.97
2024-11-30,48,Texas,wk inc rsv hosp,hosp,764,2.51
2024-11-30,US,United States,wk inc rsv hosp,hosp,5826,1.73
2024-11-30,49,Utah,wk inc rsv hosp,hosp,11,0.32
2024-11-30,51,Virginia,wk inc rsv hosp,hosp,99,1.15
2024-11-30,50,Vermont,wk inc rsv hosp,hosp,3,0.46
2024-11-30,53,Washington,wk inc rsv hosp,hosp,44,0.57
2024-11-30,55,Wisconsin,wk inc rsv hosp,hosp,21,0.36
2024-11-30,54,West Virginia,wk inc rsv hosp,hosp,27,1.53
2024-11-30,56,Wyoming,wk inc rsv hosp,hosp,3,0.52
2024-12-07,02,Alaska,wk inc rsv hosp,hosp,3,0.42
2024-12-07,01,Alabama,wk inc rsv hosp,hosp,165,3.24
2024-12-07,05,Arkansas,wk inc rsv hosp,hosp,32,1.04
2024-12-07,04,Arizona,wk inc rsv hosp,hosp,62,0.84
2024-12-07,06,California,wk inc rsv hosp,hosp,429,1.1
2024-12-07,08,Colorado,wk inc rsv hosp,hosp,34,0.58
2024-12-07,09,Connecticut,wk inc rsv hosp,hosp,60,1.66
2024-12-07,11,District of Columbia,wk inc rsv hosp,hosp,4,0.59
2024-12-07,10,Delaware,wk inc rsv hosp,hosp,70,6.81
2024-12-07,12,Florida,wk inc rsv hosp,hosp,528,2.34
2024-12-07,13,Georgia,wk inc rsv hosp,hosp,410,3.74
2024-12-07,15,Hawaii,wk inc rsv hosp,hosp,19,1.36
2024-12-07,19,Iowa,wk inc rsv hosp,hosp,13,0.41
2024-12-07,16,Idaho,wk inc rsv hosp,hosp,5,0.25
2024-12-07,17,Illinois,wk inc rsv hosp,hosp,264,2.11
2024-12-07,18,Indiana,wk inc rsv hosp,hosp,73,1.06
2024-12-07,20,Kansas,wk inc rsv hosp,hosp,14,0.48
2024-12-07,21,Kentucky,wk inc rsv hosp,hosp,96,2.13
2024-12-07,22,Louisiana,wk inc rsv hosp,hosp,171,3.75
2024-12-07,25,Massachusetts,wk inc rsv hosp,hosp,167,2.39
2024-12-07,24,Maryland,wk inc rsv hosp,hosp,125,2.03
2024-12-07,23,Maine,wk inc rsv hosp,hosp,2,0.14
2024-12-07,26,Michigan,wk inc rsv hosp,hosp,139,1.39
2024-12-07,27,Minnesota,wk inc rsv hosp,hosp,48,0.84
2024-12-07,29,Missouri,wk inc rsv hosp,hosp,88,1.42
2024-12-07,28,Mississippi,wk inc rsv hosp,hosp,108,3.69
2024-12-07,30,Montana,wk inc rsv hosp,hosp,0,0
2024-12-07,37,North Carolina,wk inc rsv hosp,hosp,167,1.56
2024-12-07,38,North Dakota,wk inc rsv hosp,hosp,1,0.13
2024-12-07,31,Nebraska,wk inc rsv hosp,hosp,7,0.35
2024-12-07,33,New Hampshire,wk inc rsv hosp,hosp,19,1.36
2024-12-07,34,New Jersey,wk inc rsv hosp,hosp,290,3.12
2024-12-07,35,New Mexico,wk inc rsv hosp,hosp,9,0.43
2024-12-07,32,Nevada,wk inc rsv hosp,hosp,29,0.91
2024-12-07,36,New York,wk inc rsv hosp,hosp,725,3.71
2024-12-07,39,Ohio,wk inc rsv hosp,hosp,285,2.42
2024-12-07,40,Oklahoma,wk inc rsv hosp,hosp,25,0.62
2024-12-07,41,Oregon,wk inc rsv hosp,hosp,14,0.33
2024-12-07,42,Pennsylvania,wk inc rsv hosp,hosp,350,2.7
2024-12-07,72,Puerto Rico,wk inc rsv hosp,hosp,463,14.09
2024-12-07,44,Rhode Island,wk inc rsv hosp,hosp,48,4.39
2024-12-07,45,South Carolina,wk inc rsv hosp,hosp,157,2.94
2024-12-07,46,South Dakota,wk inc rsv hosp,hosp,0,0
2024-12-07,47,Tennessee,wk inc rsv hosp,hosp,156,2.2
2024-12-07,48,Texas,wk inc rsv hosp,hosp,876,2.88
2024-12-07,US,United States,wk inc rsv hosp,hosp,7001,2.07
2024-12-07,49,Utah,wk inc rsv hosp,hosp,15,0.44
2024-12-07,51,Virginia,wk inc rsv hosp,hosp,104,1.21
2024-12-07,50,Vermont,wk inc rsv hosp,hosp,5,0.77
2024-12-07,53,Washington,wk inc rsv hosp,hosp,71,0.91
2024-12-07,55,Wisconsin,wk inc rsv hosp,hosp,33,0.56
2024-12-07,54,West Virginia,wk inc rsv hosp,hosp,17,0.96
2024-12-07,56,Wyoming,wk inc rsv hosp,hosp,5,0.86
2024-12-14,02,Alaska,wk inc rsv hosp,hosp,18,2.53
2024-12-14,01,Alabama,wk inc rsv hosp,hosp,155,3.04
2024-12-14,05,Arkansas,wk inc rsv hosp,hosp,54,1.76
2024-12-14,04,Arizona,wk inc rsv hosp,hosp,58,0.78
2024-12-14,06,California,wk inc rsv hosp,hosp,485,1.25
2024-12-14,08,Colorado,wk inc rsv hosp,hosp,68,1.16
2024-12-14,09,Connecticut,wk inc rsv hosp,hosp,100,2.77
2024-12-14,11,District of Columbia,wk inc rsv hosp,hosp,14,2.07
2024-12-14,10,Delaware,wk inc rsv hosp,hosp,79,7.68
2024-12-14,12,Florida,wk inc rsv hosp,hosp,629,2.79
2024-12-14,13,Georgia,wk inc rsv hosp,hosp,409,3.73
2024-12-14,15,Hawaii,wk inc rsv hosp,hosp,30,2.15
2024-12-14,19,Iowa,wk inc rsv hosp,hosp,24,0.75
2024-12-14,16,Idaho,wk inc rsv hosp,hosp,10,0.51
2024-12-14,17,Illinois,wk inc rsv hosp,hosp,379,3.02
2024-12-14,18,Indiana,wk inc rsv hosp,hosp,142,2.07
2024-12-14,20,Kansas,wk inc rsv hosp,hosp,20,0.68
2024-12-14,21,Kentucky,wk inc rsv hosp,hosp,132,2.93
2024-12-14,22,Louisiana,wk inc rsv hosp,hosp,165,3.62
2024-12-14,25,Massachusetts,wk inc rsv hosp,hosp,271,3.87
2024-12-14,24,Maryland,wk inc rsv hosp,hosp,179,2.91
2024-12-14,23,Maine,wk inc rsv hosp,hosp,3,0.22
2024-12-14,26,Michigan,wk inc rsv hosp,hosp,185,1.84
2024-12-14,27,Minnesota,wk inc rsv hosp,hosp,60,1.05
2024-12-14,29,Missouri,wk inc rsv hosp,hosp,63,1.02
2024-12-14,28,Mississippi,wk inc rsv hosp,hosp,103,3.52
2024-12-14,30,Montana,wk inc rsv hosp,hosp,2,0.18
2024-12-14,37,North Carolina,wk inc rsv hosp,hosp,284,2.65
2024-12-14,38,North Dakota,wk inc rsv hosp,hosp,0,0
2024-12-14,31,Nebraska,wk inc rsv hosp,hosp,9,0.46
2024-12-14,33,New Hampshire,wk inc rsv hosp,hosp,28,2
2024-12-14,34,New Jersey,wk inc rsv hosp,hosp,406,4.37
2024-12-14,35,New Mexico,wk inc rsv hosp,hosp,12,0.57
2024-12-14,32,Nevada,wk inc rsv hosp,hosp,45,1.41
2024-12-14,36,New York,wk inc rsv hosp,hosp,874,4.47
2024-12-14,39,Ohio,wk inc rsv hosp,hosp,371,3.15
2024-12-14,40,Oklahoma,wk inc rsv hosp,hosp,40,0.99
2024-12-14,41,Oregon,wk inc rsv hosp,hosp,32,0.76
2024-12-14,42,Pennsylvania,wk inc rsv hosp,hosp,530,4.09
2024-12-14,72,Puerto Rico,wk inc rsv hosp,hosp,500,15.22
2024-12-14,44,Rhode Island,wk inc rsv hosp,hosp,47,4.3
2024-12-14,45,South Carolina,wk inc rsv hosp,hosp,184,3.45
2024-12-14,46,South Dakota,wk inc rsv hosp,hosp,3,0.33
2024-12-14,47,Tennessee,wk inc rsv hosp,hosp,203,2.86
2024-12-14,48,Texas,wk inc rsv hosp,hosp,905,2.98
2024-12-14,US,United States,wk inc rsv hosp,hosp,8663,2.57
2024-12-14,49,Utah,wk inc rsv hosp,hosp,21,0.62
2024-12-14,51,Virginia,wk inc rsv hosp,hosp,94,1.09
2024-12-14,50,Vermont,wk inc rsv hosp,hosp,8,1.24
2024-12-14,53,Washington,wk inc rsv hosp,hosp,125,1.61
2024-12-14,55,Wisconsin,wk inc rsv hosp,hosp,60,1.02
2024-12-14,54,West Virginia,wk inc rsv hosp,hosp,39,2.2
2024-12-14,56,Wyoming,wk inc rsv hosp,hosp,6,1.03
2024-12-21,02,Alaska,wk inc rsv hosp,hosp,20,2.81
2024-12-21,01,Alabama,wk inc rsv hosp,hosp,171,3.35
2024-12-21,05,Arkansas,wk inc rsv hosp,hosp,73,2.38
2024-12-21,04,Arizona,wk inc rsv hosp,hosp,139,1.87
2024-12-21,06,California,wk inc rsv hosp,hosp,612,1.58
2024-12-21,08,Colorado,wk inc rsv hosp,hosp,111,1.9
2024-12-21,09,Connecticut,wk inc rsv hosp,hosp,107,2.96
2024-12-21,11,District of Columbia,wk inc rsv hosp,hosp,9,1.33
2024-12-21,10,Delaware,wk inc rsv hosp,hosp,112,10.89
2024-12-21,12,Florida,wk inc rsv hosp,hosp,606,2.69
2024-12-21,13,Georgia,wk inc rsv hosp,hosp,438,3.99
2024-12-21,15,Hawaii,wk inc rsv hosp,hosp,21,1.51
2024-12-21,19,Iowa,wk inc rsv hosp,hosp,41,1.28
2024-12-21,16,Idaho,wk inc rsv hosp,hosp,28,1.43
2024-12-21,17,Illinois,wk inc rsv hosp,hosp,486,3.88
2024-12-21,18,Indiana,wk inc rsv hosp,hosp,206,3
2024-12-21,20,Kansas,wk inc rsv hosp,hosp,46,1.58
2024-12-21,21,Kentucky,wk inc rsv hosp,hosp,181,4.01
2024-12-21,22,Louisiana,wk inc rsv hosp,hosp,177,3.88
2024-12-21,25,Massachusetts,wk inc rsv hosp,hosp,244,3.49
2024-12-21,24,Maryland,wk inc rsv hosp,hosp,199,3.24
2024-12-21,23,Maine,wk inc rsv hosp,hosp,7,0.5
2024-12-21,26,Michigan,wk inc rsv hosp,hosp,224,2.23
2024-12-21,27,Minnesota,wk inc rsv hosp,hosp,109,1.9
2024-12-21,29,Missouri,wk inc rsv hosp,hosp,96,1.55
2024-12-21,28,Mississippi,wk inc rsv hosp,hosp,84,2.87
2024-12-21,30,Montana,wk inc rsv hosp,hosp,4,0.35
2024-12-21,37,North Carolina,wk inc rsv hosp,hosp,388,3.61
2024-12-21,38,North Dakota,wk inc rsv hosp,hosp,4,0.51
2024-12-21,31,Nebraska,wk inc rsv hosp,hosp,39,1.98
2024-12-21,33,New Hampshire,wk inc rsv hosp,hosp,39,2.78
2024-12-21,34,New Jersey,wk inc rsv hosp,hosp,454,4.89
2024-12-21,35,New Mexico,wk inc rsv hosp,hosp,18,0.86
2024-12-21,32,Nevada,wk inc rsv hosp,hosp,62,1.95
2024-12-21,36,New York,wk inc rsv hosp,hosp,990,5.06
2024-12-21,39,Ohio,wk inc rsv hosp,hosp,560,4.75
2024-12-21,40,Oklahoma,wk inc rsv hosp,hosp,58,1.44
2024-12-21,41,Oregon,wk inc rsv hosp,hosp,34,0.8
2024-12-21,42,Pennsylvania,wk inc rsv hosp,hosp,992,7.65
2024-12-21,72,Puerto Rico,wk inc rsv hosp,hosp,436,13.27
2024-12-21,44,Rhode Island,wk inc rsv hosp,hosp,61,5.58
2024-12-21,45,South Carolina,wk inc rsv hosp,hosp,217,4.07
2024-12-21,46,South Dakota,wk inc rsv hosp,hosp,1,0.11
2024-12-21,47,Tennessee,wk inc rsv hosp,hosp,238,3.35
2024-12-21,48,Texas,wk inc rsv hosp,hosp,978,3.22
2024-12-21,US,United States,wk inc rsv hosp,hosp,10651,3.16
2024-12-21,49,Utah,wk inc rsv hosp,hosp,33,0.97
2024-12-21,51,Virginia,wk inc rsv hosp,hosp,199,2.31
2024-12-21,50,Vermont,wk inc rsv hosp,hosp,4,0.62
2024-12-21,53,Washington,wk inc rsv hosp,hosp,146,1.88
2024-12-21,55,Wisconsin,wk inc rsv hosp,hosp,78,1.32
2024-12-21,54,West Virginia,wk inc rsv hosp,hosp,53,2.99
2024-12-21,56,Wyoming,wk inc rsv hosp,hosp,16,2.75
2024-12-28,02,Alaska,wk inc rsv hosp,hosp,28,3.93
2024-12-28,01,Alabama,wk inc rsv hosp,hosp,171,3.35
2024-12-28,05,Arkansas,wk inc rsv hosp,hosp,82,2.68
2024-12-28,04,Arizona,wk inc rsv hosp,hosp,163,2.2
2024-12-28,06,California,wk inc rsv hosp,hosp,748,1.93
2024-12-28,08,Colorado,wk inc rsv hosp,hosp,137,2.34
2024-12-28,09,Connecticut,wk inc rsv hosp,hosp,155,4.29
2024-12-28,11,District of Columbia,wk inc rsv hosp,hosp,9,1.33
2024-12-28,10,Delaware,wk inc rsv hosp,hosp,104,10.11
2024-12-28,12,Florida,wk inc rsv hosp,hosp,616,2.73
2024-12-28,13,Georgia,wk inc rsv hosp,hosp,426,3.88
2024-12-28,15,Hawaii,wk inc rsv hosp,hosp,16,1.15
2024-12-28,19,Iowa,wk inc rsv hosp,hosp,49,1.53
2024-12-28,16,Idaho,wk inc rsv hosp,hosp,30,1.53
2024-12-28,17,Illinois,wk inc rsv hosp,hosp,575,4.59
2024-12-28,18,Indiana,wk inc rsv hosp,hosp,230,3.35
2024-12-28,20,Kansas,wk inc rsv hosp,hosp,57,1.95
2024-12-28,21,Kentucky,wk inc rsv hosp,hosp,208,4.61
2024-12-28,22,Louisiana,wk inc rsv hosp,hosp,217,4.76
2024-12-28,25,Massachusetts,wk inc rsv hosp,hosp,262,3.74
2024-12-28,24,Maryland,wk inc rsv hosp,hosp,183,2.98
2024-12-28,23,Maine,wk inc rsv hosp,hosp,6,0.43
2024-12-28,26,Michigan,wk inc rsv hosp,hosp,464,4.62
2024-12-28,27,Minnesota,wk inc rsv hosp,hosp,133,2.32
2024-12-28,29,Missouri,wk inc rsv hosp,hosp,174,2.81
2024-12-28,28,Mississippi,wk inc rsv hosp,hosp,76,2.6
2024-12-28,30,Montana,wk inc rsv hosp,hosp,6,0.53
2024-12-28,37,North Carolina,wk inc rsv hosp,hosp,525,4.89
2024-12-28,38,North Dakota,wk inc rsv hosp,hosp,2,0.26
2024-12-28,31,Nebraska,wk inc rsv hosp,hosp,34,1.72
2024-12-28,33,New Hampshire,wk inc rsv hosp,hosp,49,3.5
2024-12-28,34,New Jersey,wk inc rsv hosp,hosp,501,5.4
2024-12-28,35,New Mexico,wk inc rsv hosp,hosp,34,1.62
2024-12-28,32,Nevada,wk inc rsv hosp,hosp,62,1.95
2024-12-28,36,New York,wk inc rsv hosp,hosp,1041,5.32
2024-12-28,39,Ohio,wk inc rsv hosp,hosp,569,4.83
2024-12-28,40,Oklahoma,wk inc rsv hosp,hosp,113,2.8
2024-12-28,41,Oregon,wk inc rsv hosp,hosp,90,2.13
2024-12-28,42,Pennsylvania,wk inc rsv hosp,hosp,1054,8.13
2024-12-28,72,Puerto Rico,wk inc rsv hosp,hosp,360,10.96
2024-12-28,44,Rhode Island,wk inc rsv hosp,hosp,73,6.68
2024-12-28,45,South Carolina,wk inc rsv hosp,hosp,257,4.82
2024-12-28,46,South Dakota,wk inc rsv hosp,hosp,5,0.55
2024-12-28,47,Tennessee,wk inc rsv hosp,hosp,292,4.11
2024-12-28,48,Texas,wk inc rsv hosp,hosp,1139,3.75
2024-12-28,US,United States,wk inc rsv hosp,hosp,12165,3.6
2024-12-28,49,Utah,wk inc rsv hosp,hosp,57,1.67
2024-12-28,51,Virginia,wk inc rsv hosp,hosp,177,2.05
2024-12-28,50,Vermont,wk inc rsv hosp,hosp,15,2.32
2024-12-28,53,Washington,wk inc rsv hosp,hosp,165,2.13
2024-12-28,55,Wisconsin,wk inc rsv hosp,hosp,112,1.9
2024-12-28,54,West Virginia,wk inc rsv hosp,hosp,100,5.65
2024-12-28,56,Wyoming,wk inc rsv hosp,hosp,14,2.41
2025-01-04,02,Alaska,wk inc rsv hosp,hosp,37,5.2
2025-01-04,01,Alabama,wk inc rsv hosp,hosp,171,3.35
2025-01-04,05,Arkansas,wk inc rsv hosp,hosp,108,3.52
2025-01-04,04,Arizona,wk inc rsv hosp,hosp,208,2.81
2025-01-04,06,California,wk inc rsv hosp,hosp,943,2.43
2025-01-04,08,Colorado,wk inc rsv hosp,hosp,168,2.88
2025-01-04,09,Connecticut,wk inc rsv hosp,hosp,204,5.65
2025-01-04,11,District of Columbia,wk inc rsv hosp,hosp,3,0.44
2025-01-04,10,Delaware,wk inc rsv hosp,hosp,155,15.07
2025-01-04,12,Florida,wk inc rsv hosp,hosp,799,3.54
2025-01-04,13,Georgia,wk inc rsv hosp,hosp,505,4.6
2025-01-04,15,Hawaii,wk inc rsv hosp,hosp,50,3.58
2025-01-04,19,Iowa,wk inc rsv hosp,hosp,65,2.03
2025-01-04,16,Idaho,wk inc rsv hosp,hosp,43,2.19
2025-01-04,17,Illinois,wk inc rsv hosp,hosp,771,6.15
2025-01-04,18,Indiana,wk inc rsv hosp,hosp,341,4.97
2025-01-04,20,Kansas,wk inc rsv hosp,hosp,104,3.56
2025-01-04,21,Kentucky,wk inc rsv hosp,hosp,333,7.38
2025-01-04,22,Louisiana,wk inc rsv hosp,hosp,298,6.54
2025-01-04,25,Massachusetts,wk inc rsv hosp,hosp,534,7.63
2025-01-04,24,Maryland,wk inc rsv hosp,hosp,262,4.26
2025-01-04,23,Maine,wk inc rsv hosp,hosp,15,1.08
2025-01-04,26,Michigan,wk inc rsv hosp,hosp,552,5.5
2025-01-04,27,Minnesota,wk inc rsv hosp,hosp,205,3.57
2025-01-04,29,Missouri,wk inc rsv hosp,hosp,262,4.24
2025-01-04,28,Mississippi,wk inc rsv hosp,hosp,98,3.35
2025-01-04,30,Montana,wk inc rsv hosp,hosp,16,1.42
2025-01-04,37,North Carolina,wk inc rsv hosp,hosp,738,6.87
2025-01-04,38,North Dakota,wk inc rsv hosp,hosp,13,1.67
2025-01-04,31,Nebraska,wk inc rsv hosp,hosp,47,2.38
2025-01-04,33,New Hampshire,wk inc rsv hosp,hosp,63,4.5
2025-01-04,34,New Jersey,wk inc rsv hosp,hosp,613,6.6
2025-01-04,35,New Mexico,wk inc rsv hosp,hosp,48,2.28
2025-01-04,32,Nevada,wk inc rsv hosp,hosp,112,3.52
2025-01-04,36,New York,wk inc rsv hosp,hosp,1230,6.29
2025-01-04,39,Ohio,wk inc rsv hosp,hosp,739,6.27
2025-01-04,40,Oklahoma,wk inc rsv hosp,hosp,153,3.79
2025-01-04,41,Oregon,wk inc rsv hosp,hosp,138,3.26
2025-01-04,42,Pennsylvania,wk inc rsv hosp,hosp,1301,10.04
2025-01-04,72,Puerto Rico,wk inc rsv hosp,hosp,397,12.08
2025-01-04,44,Rhode Island,wk inc rsv hosp,hosp,70,6.41
2025-01-04,45,South Carolina,wk inc rsv hosp,hosp,360,6.75
2025-01-04,46,South Dakota,wk inc rsv hosp,hosp,3,0.33
2025-01-04,47,Tennessee,wk inc rsv hosp,hosp,400,5.63
2025-01-04,48,Texas,wk inc rsv hosp,hosp,1286,4.23
2025-01-04,US,United States,wk inc rsv hosp,hosp,15944,4.72
2025-01-04,49,Utah,wk inc rsv hosp,hosp,110,3.22
2025-01-04,51,Virginia,wk inc rsv hosp,hosp,323,3.75
2025-01-04,50,Vermont,wk inc rsv hosp,hosp,18,2.78
2025-01-04,53,Washington,wk inc rsv hosp,hosp,193,2.49
2025-01-04,55,Wisconsin,wk inc rsv hosp,hosp,184,3.11
2025-01-04,54,West Virginia,wk inc rsv hosp,hosp,146,8.25
2025-01-04,56,Wyoming,wk inc rsv hosp,hosp,6,1.03
2025-01-11,02,Alaska,wk inc rsv hosp,hosp,24,3.37
2025-01-11,01,Alabama,wk inc rsv hosp,hosp,152,2.98
2025-01-11,05,Arkansas,wk inc rsv hosp,hosp,80,2.61
2025-01-11,04,Arizona,wk inc rsv hosp,hosp,272,3.67
2025-01-11,06,California,wk inc rsv hosp,hosp,810,2.09
2025-01-11,08,Colorado,wk inc rsv hosp,hosp,138,2.36
2025-01-11,09,Connecticut,wk inc rsv hosp,hosp,215,5.95
2025-01-11,11,District of Columbia,wk inc rsv hosp,hosp,5,0.74
2025-01-11,10,Delaware,wk inc rsv hosp,hosp,66,6.42
2025-01-11,12,Florida,wk inc rsv hosp,hosp,669,2.97
2025-01-11,13,Georgia,wk inc rsv hosp,hosp,322,2.93
2025-01-11,15,Hawaii,wk inc rsv hosp,hosp,28,2.01
2025-01-11,19,Iowa,wk inc rsv hosp,hosp,172,5.36
2025-01-11,16,Idaho,wk inc rsv hosp,hosp,34,1.73
2025-01-11,17,Illinois,wk inc rsv hosp,hosp,560,4.47
2025-01-11,18,Indiana,wk inc rsv hosp,hosp,232,3.38
2025-01-11,20,Kansas,wk inc rsv hosp,hosp,81,2.77
2025-01-11,21,Kentucky,wk inc rsv hosp,hosp,202,4.48
2025-01-11,22,Louisiana,wk inc rsv hosp,hosp,228,5
2025-01-11,25,Massachusetts,wk inc rsv hosp,hosp,383,5.47
2025-01-11,24,Maryland,wk inc rsv hosp,hosp,154,2.5
2025-01-11,23,Maine,wk inc rsv hosp,hosp,24,1.72
2025-01-11,26,Michigan,wk inc rsv hosp,hosp,641,6.39
2025-01-11,27,Minnesota,wk inc rsv hosp,hosp,231,4.03
2025-01-11,29,Missouri,wk inc rsv hosp,hosp,199,3.22
2025-01-11,28,Mississippi,wk inc rsv hosp,hosp,64,2.19
2025-01-11,30,Montana,wk inc rsv hosp,hosp,13,1.15
2025-01-11,37,North Carolina,wk inc rsv hosp,hosp,546,5.09
2025-01-11,38,North Dakota,wk inc rsv hosp,hosp,8,1.03
2025-01-11,31,Nebraska,wk inc rsv hosp,hosp,42,2.13
2025-01-11,33,New Hampshire,wk inc rsv hosp,hosp,61,4.35
2025-01-11,34,New Jersey,wk inc rsv hosp,hosp,504,5.43
2025-01-11,35,New Mexico,wk inc rsv hosp,hosp,43,2.05
2025-01-11,32,Nevada,wk inc rsv hosp,hosp,78,2.45
2025-01-11,36,New York,wk inc rsv hosp,hosp,889,4.55
2025-01-11,39,Ohio,wk inc rsv hosp,hosp,545,4.63
2025-01-11,40,Oklahoma,wk inc rsv hosp,hosp,134,3.32
2025-01-11,41,Oregon,wk inc rsv hosp,hosp,90,2.13
2025-01-11,42,Pennsylvania,wk inc rsv hosp,hosp,1382,10.66
2025-01-11,72,Puerto Rico,wk inc rsv hosp,hosp,300,9.13
2025-01-11,44,Rhode Island,wk inc rsv hosp,hosp,66,6.04
2025-01-11,45,South Carolina,wk inc rsv hosp,hosp,216,4.05
2025-01-11,46,South Dakota,wk inc rsv hosp,hosp,7,0.76
2025-01-11,47,Tennessee,wk inc rsv hosp,hosp,240,3.38
2025-01-11,48,Texas,wk inc rsv hosp,hosp,778,2.56
2025-01-11,US,United States,wk inc rsv hosp,hosp,12630,3.74
2025-01-11,49,Utah,wk inc rsv hosp,hosp,82,2.4
2025-01-11,51,Virginia,wk inc rsv hosp,hosp,196,2.27
2025-01-11,50,Vermont,wk inc rsv hosp,hosp,14,2.16
2025-01-11,53,Washington,wk inc rsv hosp,hosp,115,1.48
2025-01-11,55,Wisconsin,wk inc rsv hosp,hosp,182,3.08
2025-01-11,54,West Virginia,wk inc rsv hosp,hosp,99,5.59
2025-01-11,56,Wyoming,wk inc rsv hosp,hosp,14,2.41
2025-01-18,02,Alaska,wk inc rsv hosp,hosp,13,1.83
2025-01-18,01,Alabama,wk inc rsv hosp,hosp,96,1.88
2025-01-18,05,Arkansas,wk inc rsv hosp,hosp,84,2.74
2025-01-18,04,Arizona,wk inc rsv hosp,hosp,257,3.47
2025-01-18,06,California,wk inc rsv hosp,hosp,769,1.98
2025-01-18,08,Colorado,wk inc rsv hosp,hosp,196,3.35
2025-01-18,09,Connecticut,wk inc rsv hosp,hosp,170,4.71
2025-01-18,11,District of Columbia,wk inc rsv hosp,hosp,4,0.59
2025-01-18,10,Delaware,wk inc rsv hosp,hosp,48,4.67
2025-01-18,12,Florida,wk inc rsv hosp,hosp,628,2.78
2025-01-18,13,Georgia,wk inc rsv hosp,hosp,267,2.43
2025-01-18,15,Hawaii,wk inc rsv hosp,hosp,22,1.58
2025-01-18,19,Iowa,wk inc rsv hosp,hosp,88,2.74
2025-01-18,16,Idaho,wk inc rsv hosp,hosp,43,2.19
2025-01-18,17,Illinois,wk inc rsv hosp,hosp,533,4.25
2025-01-18,18,Indiana,wk inc rsv hosp,hosp,217,3.16
2025-01-18,20,Kansas,wk inc rsv hosp,hosp,70,2.4
2025-01-18,21,Kentucky,wk inc rsv hosp,hosp,175,3.88
2025-01-18,22,Louisiana,wk inc rsv hosp,hosp,148,3.25
2025-01-18,25,Massachusetts,wk inc rsv hosp,hosp,324,4.63
2025-01-18,24,Maryland,wk inc rsv hosp,hosp,127,2.07
2025-01-18,23,Maine,wk inc rsv hosp,hosp,34,2.44
2025-01-18,26,Michigan,wk inc rsv hosp,hosp,495,4.93
2025-01-18,27,Minnesota,wk inc rsv hosp,hosp,212,3.7
2025-01-18,29,Missouri,wk inc rsv hosp,hosp,187,3.03
2025-01-18,28,Mississippi,wk inc rsv hosp,hosp,49,1.67
2025-01-18,30,Montana,wk inc rsv hosp,hosp,13,1.15
2025-01-18,37,North Carolina,wk inc rsv hosp,hosp,468,4.36
2025-01-18,38,North Dakota,wk inc rsv hosp,hosp,8,1.03
2025-01-18,31,Nebraska,wk inc rsv hosp,hosp,42,2.13
2025-01-18,33,New Hampshire,wk inc rsv hosp,hosp,47,3.35
2025-01-18,34,New Jersey,wk inc rsv hosp,hosp,452,4.87
2025-01-18,35,New Mexico,wk inc rsv hosp,hosp,70,3.33
2025-01-18,32,Nevada,wk inc rsv hosp,hosp,73,2.29
2025-01-18,36,New York,wk inc rsv hosp,hosp,716,3.66
2025-01-18,39,Ohio,wk inc rsv hosp,hosp,499,4.24
2025-01-18,40,Oklahoma,wk inc rsv hosp,hosp,118,2.92
2025-01-18,41,Oregon,wk inc rsv hosp,hosp,74,1.75
2025-01-18,42,Pennsylvania,wk inc rsv hosp,hosp,1063,8.2
2025-01-18,72,Puerto Rico,wk inc rsv hosp,hosp,134,4.08
2025-01-18,44,Rhode Island,wk inc rsv hosp,hosp,37,3.39
2025-01-18,45,South Carolina,wk inc rsv hosp,hosp,176,3.3
2025-01-18,46,South Dakota,wk inc rsv hosp,hosp,7,0.76
2025-01-18,47,Tennessee,wk inc rsv hosp,hosp,171,2.41
2025-01-18,48,Texas,wk inc rsv hosp,hosp,677,2.23
2025-01-18,US,United States,wk inc rsv hosp,hosp,10789,3.2
2025-01-18,49,Utah,wk inc rsv hosp,hosp,101,2.96
2025-01-18,51,Virginia,wk inc rsv hosp,hosp,151,1.75
2025-01-18,50,Vermont,wk inc rsv hosp,hosp,11,1.7
2025-01-18,53,Washington,wk inc rsv hosp,hosp,116,1.49
2025-01-18,55,Wisconsin,wk inc rsv hosp,hosp,192,3.25
2025-01-18,54,West Virginia,wk inc rsv hosp,hosp,92,5.2
2025-01-18,56,Wyoming,wk inc rsv hosp,hosp,18,3.1
2025-01-25,02,Alaska,wk inc rsv hosp,hosp,22,3.09
2025-01-25,01,Alabama,wk inc rsv hosp,hosp,73,1.43
2025-01-25,05,Arkansas,wk inc rsv hosp,hosp,72,2.35
2025-01-25,04,Arizona,wk inc rsv hosp,hosp,257,3.47
2025-01-25,06,California,wk inc rsv hosp,hosp,748,1.93
2025-01-25,08,Colorado,wk inc rsv hosp,hosp,217,3.71
2025-01-25,09,Connecticut,wk inc rsv hosp,hosp,129,3.57
2025-01-25,11,District of Columbia,wk inc rsv hosp,hosp,8,1.18
2025-01-25,10,Delaware,wk inc rsv hosp,hosp,42,4.08
2025-01-25,12,Florida,wk inc rsv hosp,hosp,552,2.45
2025-01-25,13,Georgia,wk inc rsv hosp,hosp,174,1.59
2025-01-25,15,Hawaii,wk inc rsv hosp,hosp,20,1.43
2025-01-25,19,Iowa,wk inc rsv hosp,hosp,105,3.27
2025-01-25,16,Idaho,wk inc rsv hosp,hosp,47,2.4
2025-01-25,17,Illinois,wk inc rsv hosp,hosp,410,3.27
2025-01-25,18,Indiana,wk inc rsv hosp,hosp,205,2.99
2025-01-25,20,Kansas,wk inc rsv hosp,hosp,71,2.43
2025-01-25,21,Kentucky,wk inc rsv hosp,hosp,114,2.53
2025-01-25,22,Louisiana,wk inc rsv hosp,hosp,122,2.68
2025-01-25,25,Massachusetts,wk inc rsv hosp,hosp,336,4.8
2025-01-25,24,Maryland,wk inc rsv hosp,hosp,83,1.35
2025-01-25,23,Maine,wk inc rsv hosp,hosp,29,2.08
2025-01-25,26,Michigan,wk inc rsv hosp,hosp,512,5.1
2025-01-25,27,Minnesota,wk inc rsv hosp,hosp,197,3.43
2025-01-25,29,Missouri,wk inc rsv hosp,hosp,158,2.56
2025-01-25,28,Mississippi,wk inc rsv hosp,hosp,62,2.12
2025-01-25,30,Montana,wk inc rsv hosp,hosp,23,2.04
2025-01-25,37,North Carolina,wk inc rsv hosp,hosp,418,3.89
2025-01-25,38,North Dakota,wk inc rsv hosp,hosp,10,1.29
2025-01-25,31,Nebraska,wk inc rsv hosp,hosp,65,3.3
2025-01-25,33,New Hampshire,wk inc rsv hosp,hosp,37,2.64
2025-01-25,34,New Jersey,wk inc rsv hosp,hosp,331,3.57
2025-01-25,35,New Mexico,wk inc rsv hosp,hosp,56,2.67
2025-01-25,32,Nevada,wk inc rsv hosp,hosp,59,1.85
2025-01-25,36,New York,wk inc rsv hosp,hosp,625,3.2
2025-01-25,39,Ohio,wk inc rsv hosp,hosp,396,3.36
2025-01-25,40,Oklahoma,wk inc rsv hosp,hosp,148,3.67
2025-01-25,41,Oregon,wk inc rsv hosp,hosp,110,2.6
2025-01-25,42,Pennsylvania,wk inc rsv hosp,hosp,940,7.25
2025-01-25,72,Puerto Rico,wk inc rsv hosp,hosp,74,2.25
2025-01-25,44,Rhode Island,wk inc rsv hosp,hosp,43,3.94
2025-01-25,45,South Carolina,wk inc rsv hosp,hosp,120,2.25
2025-01-25,46,South Dakota,wk inc rsv hosp,hosp,5,0.55
2025-01-25,47,Tennessee,wk inc rsv hosp,hosp,138,1.94
2025-01-25,48,Texas,wk inc rsv hosp,hosp,536,1.76
2025-01-25,US,United States,wk inc rsv hosp,hosp,9506,2.82
2025-01-25,49,Utah,wk inc rsv hosp,hosp,114,3.34
2025-01-25,51,Virginia,wk inc rsv hosp,hosp,99,1.15
2025-01-25,50,Vermont,wk inc rsv hosp,hosp,13,2.01
2025-01-25,53,Washington,wk inc rsv hosp,hosp,94,1.21
2025-01-25,55,Wisconsin,wk inc rsv hosp,hosp,191,3.23
2025-01-25,54,West Virginia,wk inc rsv hosp,hosp,67,3.79
2025-01-25,56,Wyoming,wk inc rsv hosp,hosp,28,4.82
2025-02-01,02,Alaska,wk inc rsv hosp,hosp,30,4.22
2025-02-01,01,Alabama,wk inc rsv hosp,hosp,77,1.51
2025-02-01,05,Arkansas,wk inc rsv hosp,hosp,66,2.15
2025-02-01,04,Arizona,wk inc rsv hosp,hosp,351,4.73
2025-02-01,06,California,wk inc rsv hosp,hosp,763,1.97
2025-02-01,08,Colorado,wk inc rsv hosp,hosp,223,3.82
2025-02-01,09,Connecticut,wk inc rsv hosp,hosp,81,2.24
2025-02-01,11,District of Columbia,wk inc rsv hosp,hosp,6,0.89
2025-02-01,10,Delaware,wk inc rsv hosp,hosp,42,4.08
2025-02-01,12,Florida,wk inc rsv hosp,hosp,499,2.21
2025-02-01,13,Georgia,wk inc rsv hosp,hosp,151,1.38
2025-02-01,15,Hawaii,wk inc rsv hosp,hosp,18,1.29
2025-02-01,19,Iowa,wk inc rsv hosp,hosp,98,3.06
2025-02-01,16,Idaho,wk inc rsv hosp,hosp,42,2.14
2025-02-01,17,Illinois,wk inc rsv hosp,hosp,373,2.98
2025-02-01,18,Indiana,wk inc rsv hosp,hosp,197,2.87
2025-02-01,20,Kansas,wk inc rsv hosp,hosp,85,2.91
2025-02-01,21,Kentucky,wk inc rsv hosp,hosp,111,2.46
2025-02-01,22,Louisiana,wk inc rsv hosp,hosp,122,2.68
2025-02-01,25,Massachusetts,wk inc rsv hosp,hosp,245,3.5
2025-02-01,24,Maryland,wk inc rsv hosp,hosp,90,1.46
2025-02-01,23,Maine,wk inc rsv hosp,hosp,22,1.58
2025-02-01,26,Michigan,wk inc rsv hosp,hosp,575,5.73
2025-02-01,27,Minnesota,wk inc rsv hosp,hosp,182,3.17
2025-02-01,29,Missouri,wk inc rsv hosp,hosp,213,3.45
2025-02-01,28,Mississippi,wk inc rsv hosp,hosp,54,1.84
2025-02-01,30,Montana,wk inc rsv hosp,hosp,29,2.57
2025-02-01,37,North Carolina,wk inc rsv hosp,hosp,381,3.55
2025-02-01,38,North Dakota,wk inc rsv hosp,hosp,29,3.73
2025-02-01,31,Nebraska,wk inc rsv hosp,hosp,67,3.4
2025-02-01,33,New Hampshire,wk inc rsv hosp,hosp,33,2.35
2025-02-01,34,New Jersey,wk inc rsv hosp,hosp,297,3.2
2025-02-01,35,New Mexico,wk inc rsv hosp,hosp,81,3.86
2025-02-01,32,Nevada,wk inc rsv hosp,hosp,81,2.55
2025-02-01,36,New York,wk inc rsv hosp,hosp,611,3.13
2025-02-01,39,Ohio,wk inc rsv hosp,hosp,352,2.99
2025-02-01,40,Oklahoma,wk inc rsv hosp,hosp,176,4.36
2025-02-01,41,Oregon,wk inc rsv hosp,hosp,151,3.57
2025-02-01,42,Pennsylvania,wk inc rsv hosp,hosp,865,6.67
2025-02-01,72,Puerto Rico,wk inc rsv hosp,hosp,46,1.4
2025-02-01,44,Rhode Island,wk inc rsv hosp,hosp,55,5.03
2025-02-01,45,South Carolina,wk inc rsv hosp,hosp,127,2.38
2025-02-01,46,South Dakota,wk inc rsv hosp,hosp,23,2.51
2025-02-01,47,Tennessee,wk inc rsv hosp,hosp,141,1.98
2025-02-01,48,Texas,wk inc rsv hosp,hosp,551,1.81
2025-02-01,US,United States,wk inc rsv hosp,hosp,9539,2.83
2025-02-01,49,Utah,wk inc rsv hosp,hosp,178,5.21
2025-02-01,51,Virginia,wk inc rsv hosp,hosp,121,1.4
2025-02-01,50,Vermont,wk inc rsv hosp,hosp,22,3.4
2025-02-01,53,Washington,wk inc rsv hosp,hosp,123,1.58
2025-02-01,55,Wisconsin,wk inc rsv hosp,hosp,197,3.33
2025-02-01,54,West Virginia,wk inc rsv hosp,hosp,61,3.45
2025-02-01,56,Wyoming,wk inc rsv hosp,hosp,25,4.3
2025-02-08,02,Alaska,wk inc rsv hosp,hosp,15,2.11
2025-02-08,01,Alabama,wk inc rsv hosp,hosp,81,1.59
2025-02-08,05,Arkansas,wk inc rsv hosp,hosp,68,2.22
2025-02-08,04,Arizona,wk inc rsv hosp,hosp,426,5.75
2025-02-08,06,California,wk inc rsv hosp,hosp,723,1.86
2025-02-08,08,Colorado,wk inc rsv hosp,hosp,234,4
2025-02-08,09,Connecticut,wk inc rsv hosp,hosp,80,2.21
2025-02-08,11,District of Columbia,wk inc rsv hosp,hosp,4,0.59
2025-02-08,10,Delaware,wk inc rsv hosp,hosp,33,3.21
2025-02-08,12,Florida,wk inc rsv hosp,hosp,420,1.86
2025-02-08,13,Georgia,wk inc rsv hosp,hosp,161,1.47
2025-02-08,15,Hawaii,wk inc rsv hosp,hosp,24,1.72
2025-02-08,19,Iowa,wk inc rsv hosp,hosp,111,3.46
2025-02-08,16,Idaho,wk inc rsv hosp,hosp,67,3.42
2025-02-08,17,Illinois,wk inc rsv hosp,hosp,366,2.92
2025-02-08,18,Indiana,wk inc rsv hosp,hosp,224,3.26
2025-02-08,20,Kansas,wk inc rsv hosp,hosp,96,3.29
2025-02-08,21,Kentucky,wk inc rsv hosp,hosp,107,2.37
2025-02-08,22,Louisiana,wk inc rsv hosp,hosp,109,2.39
2025-02-08,25,Massachusetts,wk inc rsv hosp,hosp,225,3.22
2025-02-08,24,Maryland,wk inc rsv hosp,hosp,101,1.64
2025-02-08,23,Maine,wk inc rsv hosp,hosp,26,1.86
2025-02-08,26,Michigan,wk inc rsv hosp,hosp,488,4.86
2025-02-08,27,Minnesota,wk inc rsv hosp,hosp,224,3.9
2025-02-08,29,Missouri,wk inc rsv hosp,hosp,187,3.03
2025-02-08,28,Mississippi,wk inc rsv hosp,hosp,39,1.33
2025-02-08,30,Montana,wk inc rsv hosp,hosp,32,2.83
2025-02-08,37,North Carolina,wk inc rsv hosp,hosp,357,3.33
2025-02-08,38,North Dakota,wk inc rsv hosp,hosp,28,3.6
2025-02-08,31,Nebraska,wk inc rsv hosp,hosp,90,4.56
2025-02-08,33,New Hampshire,wk inc rsv hosp,hosp,30,2.14
2025-02-08,34,New Jersey,wk inc rsv hosp,hosp,218,2.35
2025-02-08,35,New Mexico,wk inc rsv hosp,hosp,112,5.33
2025-02-08,32,Nevada,wk inc rsv hosp,hosp,105,3.3
2025-02-08,36,New York,wk inc rsv hosp,hosp,522,2.67
2025-02-08,39,Ohio,wk inc rsv hosp,hosp,287,2.44
2025-02-08,40,Oklahoma,wk inc rsv hosp,hosp,167,4.14
2025-02-08,41,Oregon,wk inc rsv hosp,hosp,191,4.51
2025-02-08,42,Pennsylvania,wk inc rsv hosp,hosp,760,5.86
2025-02-08,72,Puerto Rico,wk inc rsv hosp,hosp,49,1.49
2025-02-08,44,Rhode Island,wk inc rsv hosp,hosp,22,2.01
2025-02-08,45,South Carolina,wk inc rsv hosp,hosp,115,2.16
2025-02-08,46,South Dakota,wk inc rsv hosp,hosp,37,4.04
2025-02-08,47,Tennessee,wk inc rsv hosp,hosp,140,1.97
2025-02-08,48,Texas,wk inc rsv hosp,hosp,479,1.58
2025-02-08,US,United States,wk inc rsv hosp,hosp,9191,2.72
2025-02-08,49,Utah,wk inc rsv hosp,hosp,224,6.56
2025-02-08,51,Virginia,wk inc rsv hosp,hosp,79,0.92
2025-02-08,50,Vermont,wk inc rsv hosp,hosp,11,1.7
2025-02-08,53,Washington,wk inc rsv hosp,hosp,145,1.87
2025-02-08,55,Wisconsin,wk inc rsv hosp,hosp,222,3.76
2025-02-08,54,West Virginia,wk inc rsv hosp,hosp,87,4.92
2025-02-08,56,Wyoming,wk inc rsv hosp,hosp,43,7.4
2025-02-15,02,Alaska,wk inc rsv hosp,hosp,13,1.83
2025-02-15,01,Alabama,wk inc rsv hosp,hosp,74,1.45
2025-02-15,05,Arkansas,wk inc rsv hosp,hosp,83,2.71
2025-02-15,04,Arizona,wk inc rsv hosp,hosp,426,5.75
2025-02-15,06,California,wk inc rsv hosp,hosp,678,1.75
2025-02-15,08,Colorado,wk inc rsv hosp,hosp,203,3.47
2025-02-15,09,Connecticut,wk inc rsv hosp,hosp,70,1.94
2025-02-15,11,District of Columbia,wk inc rsv hosp,hosp,3,0.44
2025-02-15,10,Delaware,wk inc rsv hosp,hosp,21,2.04
2025-02-15,12,Florida,wk inc rsv hosp,hosp,326,1.45
2025-02-15,13,Georgia,wk inc rsv hosp,hosp,116,1.06
2025-02-15,15,Hawaii,wk inc rsv hosp,hosp,14,1
2025-02-15,19,Iowa,wk inc rsv hosp,hosp,67,2.09
2025-02-15,16,Idaho,wk inc rsv hosp,hosp,76,3.88
2025-02-15,17,Illinois,wk inc rsv hosp,hosp,303,2.42
2025-02-15,18,Indiana,wk inc rsv hosp,hosp,184,2.68
2025-02-15,20,Kansas,wk inc rsv hosp,hosp,114,3.9
2025-02-15,21,Kentucky,wk inc rsv hosp,hosp,126,2.79
2025-02-15,22,Louisiana,wk inc rsv hosp,hosp,72,1.58
2025-02-15,25,Massachusetts,wk inc rsv hosp,hosp,185,2.64
2025-02-15,24,Maryland,wk inc rsv hosp,hosp,47,0.76
2025-02-15,23,Maine,wk inc rsv hosp,hosp,25,1.79
2025-02-15,26,Michigan,wk inc rsv hosp,hosp,467,4.65
2025-02-15,27,Minnesota,wk inc rsv hosp,hosp,191,3.33
2025-02-15,29,Missouri,wk inc rsv hosp,hosp,147,2.38
2025-02-15,28,Mississippi,wk inc rsv hosp,hosp,28,0.96
2025-02-15,30,Montana,wk inc rsv hosp,hosp,48,4.25
2025-02-15,37,North Carolina,wk inc rsv hosp,hosp,279,2.6
2025-02-15,38,North Dakota,wk inc rsv hosp,hosp,27,3.48
2025-02-15,31,Nebraska,wk inc rsv hosp,hosp,101,5.12
2025-02-15,33,New Hampshire,wk inc rsv hosp,hosp,41,2.93
2025-02-15,34,New Jersey,wk inc rsv hosp,hosp,180,1.94
2025-02-15,35,New Mexico,wk inc rsv hosp,hosp,119,5.66
2025-02-15,32,Nevada,wk inc rsv hosp,hosp,80,2.51
2025-02-15,36,New York,wk inc rsv hosp,hosp,426,2.18
2025-02-15,39,Ohio,wk inc rsv hosp,hosp,279,2.37
2025-02-15,40,Oklahoma,wk inc rsv hosp,hosp,137,3.39
2025-02-15,41,Oregon,wk inc rsv hosp,hosp,209,4.94
2025-02-15,42,Pennsylvania,wk inc rsv hosp,hosp,695,5.36
2025-02-15,72,Puerto Rico,wk inc rsv hosp,hosp,69,2.1
2025-02-15,44,Rhode Island,wk inc rsv hosp,hosp,26,2.38
2025-02-15,45,South Carolina,wk inc rsv hosp,hosp,60,1.12
2025-02-15,46,South Dakota,wk inc rsv hosp,hosp,29,3.17
2025-02-15,47,Tennessee,wk inc rsv hosp,hosp,128,1.8
2025-02-15,48,Texas,wk inc rsv hosp,hosp,422,1.39
2025-02-15,US,United States,wk inc rsv hosp,hosp,8177,2.42
2025-02-15,49,Utah,wk inc rsv hosp,hosp,220,6.45
2025-02-15,51,Virginia,wk inc rsv hosp,hosp,109,1.27
2025-02-15,50,Vermont,wk inc rsv hosp,hosp,9,1.39
2025-02-15,53,Washington,wk inc rsv hosp,hosp,111,1.43
2025-02-15,55,Wisconsin,wk inc rsv hosp,hosp,183,3.1
2025-02-15,54,West Virginia,wk inc rsv hosp,hosp,86,4.86
2025-02-15,56,Wyoming,wk inc rsv hosp,hosp,45,7.74
2025-02-22,02,Alaska,wk inc rsv hosp,hosp,29,4.07
2025-02-22,01,Alabama,wk inc rsv hosp,hosp,57,1.12
2025-02-22,05,Arkansas,wk inc rsv hosp,hosp,64,2.09
2025-02-22,04,Arizona,wk inc rsv hosp,hosp,473,6.38
2025-02-22,06,California,wk inc rsv hosp,hosp,624,1.61
2025-02-22,08,Colorado,wk inc rsv hosp,hosp,280,4.79
2025-02-22,09,Connecticut,wk inc rsv hosp,hosp,40,1.11
2025-02-22,11,District of Columbia,wk inc rsv hosp,hosp,21,3.11
2025-02-22,10,Delaware,wk inc rsv hosp,hosp,19,1.85
2025-02-22,12,Florida,wk inc rsv hosp,hosp,323,1.43
2025-02-22,13,Georgia,wk inc rsv hosp,hosp,89,0.81
2025-02-22,15,Hawaii,wk inc rsv hosp,hosp,10,0.72
2025-02-22,19,Iowa,wk inc rsv hosp,hosp,96,2.99
2025-02-22,16,Idaho,wk inc rsv hosp,hosp,110,5.61
2025-02-22,17,Illinois,wk inc rsv hosp,hosp,321,2.56
2025-02-22,18,Indiana,wk inc rsv hosp,hosp,149,2.17
2025-02-22,20,Kansas,wk inc rsv hosp,hosp,80,2.74
2025-02-22,21,Kentucky,wk inc rsv hosp,hosp,104,2.31
2025-02-22,22,Louisiana,wk inc rsv hosp,hosp,54,1.18
2025-02-22,25,Massachusetts,wk inc rsv hosp,hosp,188,2.69
2025-02-22,24,Maryland,wk inc rsv hosp,hosp,59,0.96
2025-02-22,23,Maine,wk inc rsv hosp,hosp,18,1.29
2025-02-22,26,Michigan,wk inc rsv hosp,hosp,449,4.47
2025-02-22,27,Minnesota,wk inc rsv hosp,hosp,175,3.05
2025-02-22,29,Missouri,wk inc rsv hosp,hosp,181,2.93
2025-02-22,28,Mississippi,wk inc rsv hosp,hosp,24,0.82
2025-02-22,30,Montana,wk inc rsv hosp,hosp,57,5.05
2025-02-22,37,North Carolina,wk inc rsv hosp,hosp,203,1.89
2025-02-22,38,North Dakota,wk inc rsv hosp,hosp,46,5.92
2025-02-22,31,Nebraska,wk inc rsv hosp,hosp,78,3.96
2025-02-22,33,New Hampshire,wk inc rsv hosp,hosp,27,1.93
2025-02-22,34,New Jersey,wk inc rsv hosp,hosp,160,1.72
2025-02-22,35,New Mexico,wk inc rsv hosp,hosp,166,7.9
2025-02-22,32,Nevada,wk inc rsv hosp,hosp,80,2.51
2025-02-22,36,New York,wk inc rsv hosp,hosp,392,2
2025-02-22,39,Ohio,wk inc rsv hosp,hosp,218,1.85
2025-02-22,40,Oklahoma,wk inc rsv hosp,hosp,129,3.2
2025-02-22,41,Oregon,wk inc rsv hosp,hosp,204,4.82
2025-02-22,42,Pennsylvania,wk inc rsv hosp,hosp,596,4.6
2025-02-22,72,Puerto Rico,wk inc rsv hosp,hosp,68,2.07
2025-02-22,44,Rhode Island,wk inc rsv hosp,hosp,18,1.65
2025-02-22,45,South Carolina,wk inc rsv hosp,hosp,75,1.41
2025-02-22,46,South Dakota,wk inc rsv hosp,hosp,34,3.71
2025-02-22,47,Tennessee,wk inc rsv hosp,hosp,97,1.36
2025-02-22,48,Texas,wk inc rsv hosp,hosp,350,1.15
2025-02-22,US,United States,wk inc rsv hosp,hosp,7782,2.31
2025-02-22,49,Utah,wk inc rsv hosp,hosp,205,6.01
2025-02-22,51,Virginia,wk inc rsv hosp,hosp,72,0.84
2025-02-22,50,Vermont,wk inc rsv hosp,hosp,8,1.24
2025-02-22,53,Washington,wk inc rsv hosp,hosp,119,1.53
2025-02-22,55,Wisconsin,wk inc rsv hosp,hosp,191,3.23
2025-02-22,54,West Virginia,wk inc rsv hosp,hosp,98,5.54
2025-02-22,56,Wyoming,wk inc rsv hosp,hosp,54,9.29
2025-03-01,02,Alaska,wk inc rsv hosp,hosp,27,3.79
2025-03-01,01,Alabama,wk inc rsv hosp,hosp,45,0.88
2025-03-01,05,Arkansas,wk inc rsv hosp,hosp,54,1.76
2025-03-01,04,Arizona,wk inc rsv hosp,hosp,386,5.21
2025-03-01,06,California,wk inc rsv hosp,hosp,535,1.38
2025-03-01,08,Colorado,wk inc rsv hosp,hosp,254,4.35
2025-03-01,09,Connecticut,wk inc rsv hosp,hosp,31,0.86
2025-03-01,11,District of Columbia,wk inc rsv hosp,hosp,4,0.59
2025-03-01,10,Delaware,wk inc rsv hosp,hosp,20,1.94
2025-03-01,12,Florida,wk inc rsv hosp,hosp,285,1.26
2025-03-01,13,Georgia,wk inc rsv hosp,hosp,87,0.79
2025-03-01,15,Hawaii,wk inc rsv hosp,hosp,18,1.29
2025-03-01,19,Iowa,wk inc rsv hosp,hosp,104,3.24
2025-03-01,16,Idaho,wk inc rsv hosp,hosp,87,4.44
2025-03-01,17,Illinois,wk inc rsv hosp,hosp,307,2.45
2025-03-01,18,Indiana,wk inc rsv hosp,hosp,194,2.83
2025-03-01,20,Kansas,wk inc rsv hosp,hosp,118,4.04
2025-03-01,21,Kentucky,wk inc rsv hosp,hosp,84,1.86
2025-03-01,22,Louisiana,wk inc rsv hosp,hosp,52,1.14
2025-03-01,25,Massachusetts,wk inc rsv hosp,hosp,120,1.71
2025-03-01,24,Maryland,wk inc rsv hosp,hosp,34,0.55
2025-03-01,23,Maine,wk inc rsv hosp,hosp,24,1.72
2025-03-01,26,Michigan,wk inc rsv hosp,hosp,482,4.8
2025-03-01,27,Minnesota,wk inc rsv hosp,hosp,213,3.71
2025-03-01,29,Missouri,wk inc rsv hosp,hosp,172,2.78
2025-03-01,28,Mississippi,wk inc rsv hosp,hosp,25,0.85
2025-03-01,30,Montana,wk inc rsv hosp,hosp,65,5.75
2025-03-01,37,North Carolina,wk inc rsv hosp,hosp,219,2.04
2025-03-01,38,North Dakota,wk inc rsv hosp,hosp,52,6.69
2025-03-01,31,Nebraska,wk inc rsv hosp,hosp,86,4.36
2025-03-01,33,New Hampshire,wk inc rsv hosp,hosp,21,1.5
2025-03-01,34,New Jersey,wk inc rsv hosp,hosp,156,1.68
2025-03-01,35,New Mexico,wk inc rsv hosp,hosp,167,7.95
2025-03-01,32,Nevada,wk inc rsv hosp,hosp,72,2.26
2025-03-01,36,New York,wk inc rsv hosp,hosp,295,1.51
2025-03-01,39,Ohio,wk inc rsv hosp,hosp,190,1.61
2025-03-01,40,Oklahoma,wk inc rsv hosp,hosp,130,3.22
2025-03-01,41,Oregon,wk inc rsv hosp,hosp,138,3.26
2025-03-01,42,Pennsylvania,wk inc rsv hosp,hosp,523,4.04
2025-03-01,72,Puerto Rico,wk inc rsv hosp,hosp,51,1.55
2025-03-01,44,Rhode Island,wk inc rsv hosp,hosp,20,1.83
2025-03-01,45,South Carolina,wk inc rsv hosp,hosp,51,0.96
2025-03-01,46,South Dakota,wk inc rsv hosp,hosp,44,4.8
2025-03-01,47,Tennessee,wk inc rsv hosp,hosp,77,1.08
2025-03-01,48,Texas,wk inc rsv hosp,hosp,335,1.1
2025-03-01,US,United States,wk inc rsv hosp,hosp,7191,2.13
2025-03-01,49,Utah,wk inc rsv hosp,hosp,212,6.21
2025-03-01,51,Virginia,wk inc rsv hosp,hosp,72,0.84
2025-03-01,50,Vermont,wk inc rsv hosp,hosp,5,0.77
2025-03-01,53,Washington,wk inc rsv hosp,hosp,102,1.31
2025-03-01,55,Wisconsin,wk inc rsv hosp,hosp,224,3.79
2025-03-01,54,West Virginia,wk inc rsv hosp,hosp,76,4.29
2025-03-01,56,Wyoming,wk inc rsv hosp,hosp,46,7.91
2025-03-08,02,Alaska,wk inc rsv hosp,hosp,19,2.67
2025-03-08,01,Alabama,wk inc rsv hosp,hosp,40,0.78
2025-03-08,05,Arkansas,wk inc rsv hosp,hosp,45,1.47
2025-03-08,04,Arizona,wk inc rsv hosp,hosp,315,4.25
2025-03-08,06,California,wk inc rsv hosp,hosp,440,1.13
2025-03-08,08,Colorado,wk inc rsv hosp,hosp,226,3.87
2025-03-08,09,Connecticut,wk inc rsv hosp,hosp,40,1.11
2025-03-08,11,District of Columbia,wk inc rsv hosp,hosp,6,0.89
2025-03-08,10,Delaware,wk inc rsv hosp,hosp,13,1.26
2025-03-08,12,Florida,wk inc rsv hosp,hosp,249,1.1
2025-03-08,13,Georgia,wk inc rsv hosp,hosp,79,0.72
2025-03-08,15,Hawaii,wk inc rsv hosp,hosp,11,0.79
2025-03-08,19,Iowa,wk inc rsv hosp,hosp,76,2.37
2025-03-08,16,Idaho,wk inc rsv hosp,hosp,74,3.77
2025-03-08,17,Illinois,wk inc rsv hosp,hosp,255,2.03
2025-03-08,18,Indiana,wk inc rsv hosp,hosp,137,2
2025-03-08,20,Kansas,wk inc rsv hosp,hosp,91,3.12
2025-03-08,21,Kentucky,wk inc rsv hosp,hosp,52,1.15
2025-03-08,22,Louisiana,wk inc rsv hosp,hosp,45,0.99
2025-03-08,25,Massachusetts,wk inc rsv hosp,hosp,97,1.39
2025-03-08,24,Maryland,wk inc rsv hosp,hosp,33,0.54
2025-03-08,23,Maine,wk inc rsv hosp,hosp,22,1.58
2025-03-08,26,Michigan,wk inc rsv hosp,hosp,404,4.03
2025-03-08,27,Minnesota,wk inc rsv hosp,hosp,206,3.59
2025-03-08,29,Missouri,wk inc rsv hosp,hosp,168,2.72
2025-03-08,28,Mississippi,wk inc rsv hosp,hosp,29,0.99
2025-03-08,30,Montana,wk inc rsv hosp,hosp,63,5.58
2025-03-08,37,North Carolina,wk inc rsv hosp,hosp,194,1.81
2025-03-08,38,North Dakota,wk inc rsv hosp,hosp,45,5.79
2025-03-08,31,Nebraska,wk inc rsv hosp,hosp,82,4.16
2025-03-08,33,New Hampshire,wk inc rsv hosp,hosp,20,1.43
2025-03-08,34,New Jersey,wk inc rsv hosp,hosp,141,1.52
2025-03-08,35,New Mexico,wk inc rsv hosp,hosp,173,8.23
2025-03-08,32,Nevada,wk inc rsv hosp,hosp,58,1.82
2025-03-08,36,New York,wk inc rsv hosp,hosp,328,1.68
2025-03-08,39,Ohio,wk inc rsv hosp,hosp,186,1.58
2025-03-08,40,Oklahoma,wk inc rsv hosp,hosp,115,2.85
2025-03-08,41,Oregon,wk inc rsv hosp,hosp,135,3.19
2025-03-08,42,Pennsylvania,wk inc rsv hosp,hosp,523,4.04
2025-03-08,72,Puerto Rico,wk inc rsv hosp,hosp,32,0.97
2025-03-08,44,Rhode Island,wk inc rsv hosp,hosp,21,1.92
2025-03-08,45,South Carolina,wk inc rsv hosp,hosp,42,0.79
2025-03-08,46,South Dakota,wk inc rsv hosp,hosp,58,6.33
2025-03-08,47,Tennessee,wk inc rsv hosp,hosp,77,1.08
2025-03-08,48,Texas,wk inc rsv hosp,hosp,326,1.07
2025-03-08,US,United States,wk inc rsv hosp,hosp,6488,1.92
2025-03-08,49,Utah,wk inc rsv hosp,hosp,184,5.39
2025-03-08,51,Virginia,wk inc rsv hosp,hosp,64,0.74
2025-03-08,50,Vermont,wk inc rsv hosp,hosp,13,2.01
2025-03-08,53,Washington,wk inc rsv hosp,hosp,103,1.33
2025-03-08,55,Wisconsin,wk inc rsv hosp,hosp,185,3.13
2025-03-08,54,West Virginia,wk inc rsv hosp,hosp,78,4.41
2025-03-08,56,Wyoming,wk inc rsv hosp,hosp,70,12.04
2025-03-15,02,Alaska,wk inc rsv hosp,hosp,12,1.69
2025-03-15,01,Alabama,wk inc rsv hosp,hosp,43,0.84
2025-03-15,05,Arkansas,wk inc rsv hosp,hosp,47,1.53
2025-03-15,04,Arizona,wk inc rsv hosp,hosp,295,3.98
2025-03-15,06,California,wk inc rsv hosp,hosp,392,1.01
2025-03-15,08,Colorado,wk inc rsv hosp,hosp,181,3.1
2025-03-15,09,Connecticut,wk inc rsv hosp,hosp,29,0.8
2025-03-15,11,District of Columbia,wk inc rsv hosp,hosp,4,0.59
2025-03-15,10,Delaware,wk inc rsv hosp,hosp,13,1.26
2025-03-15,12,Florida,wk inc rsv hosp,hosp,235,1.04
2025-03-15,13,Georgia,wk inc rsv hosp,hosp,74,0.67
2025-03-15,15,Hawaii,wk inc rsv hosp,hosp,10,0.72
2025-03-15,19,Iowa,wk inc rsv hosp,hosp,79,2.46
2025-03-15,16,Idaho,wk inc rsv hosp,hosp,68,3.47
2025-03-15,17,Illinois,wk inc rsv hosp,hosp,244,1.95
2025-03-15,18,Indiana,wk inc rsv hosp,hosp,150,2.19
2025-03-15,20,Kansas,wk inc rsv hosp,hosp,94,3.22
2025-03-15,21,Kentucky,wk inc rsv hosp,hosp,75,1.66
2025-03-15,22,Louisiana,wk inc rsv hosp,hosp,37,0.81
2025-03-15,25,Massachusetts,wk inc rsv hosp,hosp,102,1.46
2025-03-15,24,Maryland,wk inc rsv hosp,hosp,19,0.31
2025-03-15,23,Maine,wk inc rsv hosp,hosp,22,1.58
2025-03-15,26,Michigan,wk inc rsv hosp,hosp,365,3.64
2025-03-15,27,Minnesota,wk inc rsv hosp,hosp,182,3.17
2025-03-15,29,Missouri,wk inc rsv hosp,hosp,145,2.35
2025-03-15,28,Mississippi,wk inc rsv hosp,hosp,39,1.33
2025-03-15,30,Montana,wk inc rsv hosp,hosp,71,6.29
2025-03-15,37,North Carolina,wk inc rsv hosp,hosp,163,1.52
2025-03-15,38,North Dakota,wk inc rsv hosp,hosp,43,5.54
2025-03-15,31,Nebraska,wk inc rsv hosp,hosp,72,3.65
2025-03-15,33,New Hampshire,wk inc rsv hosp,hosp,23,1.64
2025-03-15,34,New Jersey,wk inc rsv hosp,hosp,114,1.23
2025-03-15,35,New Mexico,wk inc rsv hosp,hosp,96,4.57
2025-03-15,32,Nevada,wk inc rsv hosp,hosp,59,1.85
2025-03-15,36,New York,wk inc rsv hosp,hosp,256,1.31
2025-03-15,39,Ohio,wk inc rsv hosp,hosp,193,1.64
2025-03-15,40,Oklahoma,wk inc rsv hosp,hosp,78,1.93
2025-03-15,41,Oregon,wk inc rsv hosp,hosp,109,2.58
2025-03-15,42,Pennsylvania,wk inc rsv hosp,hosp,433,3.34
2025-03-15,72,Puerto Rico,wk inc rsv hosp,hosp,31,0.94
2025-03-15,44,Rhode Island,wk inc rsv hosp,hosp,17,1.56
2025-03-15,45,South Carolina,wk inc rsv hosp,hosp,41,0.77
2025-03-15,46,South Dakota,wk inc rsv hosp,hosp,46,5.02
2025-03-15,47,Tennessee,wk inc rsv hosp,hosp,66,0.93
2025-03-15,48,Texas,wk inc rsv hosp,hosp,298,0.98
2025-03-15,US,United States,wk inc rsv hosp,hosp,5766,1.71
2025-03-15,49,Utah,wk inc rsv hosp,hosp,133,3.9
2025-03-15,51,Virginia,wk inc rsv hosp,hosp,50,0.58
2025-03-15,50,Vermont,wk inc rsv hosp,hosp,8,1.24
2025-03-15,53,Washington,wk inc rsv hosp,hosp,94,1.21
2025-03-15,55,Wisconsin,wk inc rsv hosp,hosp,159,2.69
2025-03-15,54,West Virginia,wk inc rsv hosp,hosp,91,5.14
2025-03-15,56,Wyoming,wk inc rsv hosp,hosp,58,9.98
2025-03-22,02,Alaska,wk inc rsv hosp,hosp,19,2.67
2025-03-22,01,Alabama,wk inc rsv hosp,hosp,38,0.75
2025-03-22,05,Arkansas,wk inc rsv hosp,hosp,46,1.5
2025-03-22,04,Arizona,wk inc rsv hosp,hosp,163,2.2
2025-03-22,06,California,wk inc rsv hosp,hosp,348,0.9
2025-03-22,08,Colorado,wk inc rsv hosp,hosp,149,2.55
2025-03-22,09,Connecticut,wk inc rsv hosp,hosp,29,0.8
2025-03-22,11,District of Columbia,wk inc rsv hosp,hosp,1,0.15
2025-03-22,10,Delaware,wk inc rsv hosp,hosp,15,1.46
2025-03-22,12,Florida,wk inc rsv hosp,hosp,232,1.03
2025-03-22,13,Georgia,wk inc rsv hosp,hosp,45,0.41
2025-03-22,15,Hawaii,wk inc rsv hosp,hosp,8,0.57
2025-03-22,19,Iowa,wk inc rsv hosp,hosp,62,1.93
2025-03-22,16,Idaho,wk inc rsv hosp,hosp,49,2.5
2025-03-22,17,Illinois,wk inc rsv hosp,hosp,210,1.68
2025-03-22,18,Indiana,wk inc rsv hosp,hosp,95,1.38
2025-03-22,20,Kansas,wk inc rsv hosp,hosp,61,2.09
2025-03-22,21,Kentucky,wk inc rsv hosp,hosp,62,1.37
2025-03-22,22,Louisiana,wk inc rsv hosp,hosp,45,0.99
2025-03-22,25,Massachusetts,wk inc rsv hosp,hosp,69,0.99
2025-03-22,24,Maryland,wk inc rsv hosp,hosp,24,0.39
2025-03-22,23,Maine,wk inc rsv hosp,hosp,23,1.65
2025-03-22,26,Michigan,wk inc rsv hosp,hosp,261,2.6
2025-03-22,27,Minnesota,wk inc rsv hosp,hosp,157,2.74
2025-03-22,29,Missouri,wk inc rsv hosp,hosp,138,2.23
2025-03-22,28,Mississippi,wk inc rsv hosp,hosp,24,0.82
2025-03-22,30,Montana,wk inc rsv hosp,hosp,58,5.14
2025-03-22,37,North Carolina,wk inc rsv hosp,hosp,139,1.29
2025-03-22,38,North Dakota,wk inc rsv hosp,hosp,39,5.02
2025-03-22,31,Nebraska,wk inc rsv hosp,hosp,67,3.4
2025-03-22,33,New Hampshire,wk inc rsv hosp,hosp,26,1.86
2025-03-22,34,New Jersey,wk inc rsv hosp,hosp,101,1.09
2025-03-22,35,New Mexico,wk inc rsv hosp,hosp,67,3.19
2025-03-22,32,Nevada,wk inc rsv hosp,hosp,36,1.13
2025-03-22,36,New York,wk inc rsv hosp,hosp,240,1.23
2025-03-22,39,Ohio,wk inc rsv hosp,hosp,178,1.51
2025-03-22,40,Oklahoma,wk inc rsv hosp,hosp,60,1.49
2025-03-22,41,Oregon,wk inc rsv hosp,hosp,93,2.2
2025-03-22,42,Pennsylvania,wk inc rsv hosp,hosp,451,3.48
2025-03-22,72,Puerto Rico,wk inc rsv hosp,hosp,20,0.61
2025-03-22,44,Rhode Island,wk inc rsv hosp,hosp,18,1.65
2025-03-22,45,South Carolina,wk inc rsv hosp,hosp,37,0.69
2025-03-22,46,South Dakota,wk inc rsv hosp,hosp,43,4.69
2025-03-22,47,Tennessee,wk inc rsv hosp,hosp,63,0.89
2025-03-22,48,Texas,wk inc rsv hosp,hosp,219,0.72
2025-03-22,US,United States,wk inc rsv hosp,hosp,4820,1.43
2025-03-22,49,Utah,wk inc rsv hosp,hosp,127,3.72
2025-03-22,51,Virginia,wk inc rsv hosp,hosp,39,0.45
2025-03-22,50,Vermont,wk inc rsv hosp,hosp,4,0.62
2025-03-22,53,Washington,wk inc rsv hosp,hosp,81,1.04
2025-03-22,55,Wisconsin,wk inc rsv hosp,hosp,118,2
2025-03-22,54,West Virginia,wk inc rsv hosp,hosp,67,3.79
2025-03-22,56,Wyoming,wk inc rsv hosp,hosp,47,8.09
2025-03-29,02,Alaska,wk inc rsv hosp,hosp,2,0.28
2025-03-29,01,Alabama,wk inc rsv hosp,hosp,34,0.67
2025-03-29,05,Arkansas,wk inc rsv hosp,hosp,42,1.37
2025-03-29,04,Arizona,wk inc rsv hosp,hosp,158,2.13
2025-03-29,06,California,wk inc rsv hosp,hosp,256,0.66
2025-03-29,08,Colorado,wk inc rsv hosp,hosp,151,2.58
2025-03-29,09,Connecticut,wk inc rsv hosp,hosp,24,0.66
2025-03-29,11,District of Columbia,wk inc rsv hosp,hosp,0,0
2025-03-29,10,Delaware,wk inc rsv hosp,hosp,8,0.78
2025-03-29,12,Florida,wk inc rsv hosp,hosp,167,0.74
2025-03-29,13,Georgia,wk inc rsv hosp,hosp,35,0.32
2025-03-29,15,Hawaii,wk inc rsv hosp,hosp,11,0.79
2025-03-29,19,Iowa,wk inc rsv hosp,hosp,49,1.53
2025-03-29,16,Idaho,wk inc rsv hosp,hosp,48,2.45
2025-03-29,17,Illinois,wk inc rsv hosp,hosp,157,1.25
2025-03-29,18,Indiana,wk inc rsv hosp,hosp,60,0.87
2025-03-29,20,Kansas,wk inc rsv hosp,hosp,52,1.78
2025-03-29,21,Kentucky,wk inc rsv hosp,hosp,67,1.49
2025-03-29,22,Louisiana,wk inc rsv hosp,hosp,22,0.48
2025-03-29,25,Massachusetts,wk inc rsv hosp,hosp,65,0.93
2025-03-29,24,Maryland,wk inc rsv hosp,hosp,29,0.47
2025-03-29,23,Maine,wk inc rsv hosp,hosp,16,1.15
2025-03-29,26,Michigan,wk inc rsv hosp,hosp,241,2.4
2025-03-29,27,Minnesota,wk inc rsv hosp,hosp,130,2.27
2025-03-29,29,Missouri,wk inc rsv hosp,hosp,100,1.62
2025-03-29,28,Mississippi,wk inc rsv hosp,hosp,6,0.2
2025-03-29,30,Montana,wk inc rsv hosp,hosp,54,4.78
2025-03-29,37,North Carolina,wk inc rsv hosp,hosp,113,1.05
2025-03-29,38,North Dakota,wk inc rsv hosp,hosp,27,3.48
2025-03-29,31,Nebraska,wk inc rsv hosp,hosp,67,3.4
2025-03-29,33,New Hampshire,wk inc rsv hosp,hosp,7,0.5
2025-03-29,34,New Jersey,wk inc rsv hosp,hosp,81,0.87
2025-03-29,35,New Mexico,wk inc rsv hosp,hosp,46,2.19
2025-03-29,32,Nevada,wk inc rsv hosp,hosp,26,0.82
2025-03-29,36,New York,wk inc rsv hosp,hosp,195,1
2025-03-29,39,Ohio,wk inc rsv hosp,hosp,115,0.98
2025-03-29,40,Oklahoma,wk inc rsv hosp,hosp,43,1.07
2025-03-29,41,Oregon,wk inc rsv hosp,hosp,77,1.82
2025-03-29,42,Pennsylvania,wk inc rsv hosp,hosp,339,2.62
2025-03-29,72,Puerto Rico,wk inc rsv hosp,hosp,29,0.88
2025-03-29,44,Rhode Island,wk inc rsv hosp,hosp,14,1.28
2025-03-29,45,South Carolina,wk inc rsv hosp,hosp,28,0.52
2025-03-29,46,South Dakota,wk inc rsv hosp,hosp,37,4.04
2025-03-29,47,Tennessee,wk inc rsv hosp,hosp,46,0.65
2025-03-29,48,Texas,wk inc rsv hosp,hosp,156,0.51
2025-03-29,US,United States,wk inc rsv hosp,hosp,3805,1.13
2025-03-29,49,Utah,wk inc rsv hosp,hosp,76,2.23
2025-03-29,51,Virginia,wk inc rsv hosp,hosp,41,0.48
2025-03-29,50,Vermont,wk inc rsv hosp,hosp,9,1.39
2025-03-29,53,Washington,wk inc rsv hosp,hosp,55,0.71
2025-03-29,55,Wisconsin,wk inc rsv hosp,hosp,105,1.78
2025-03-29,54,West Virginia,wk inc rsv hosp,hosp,56,3.16
2025-03-29,56,Wyoming,wk inc rsv hosp,hosp,30,5.16
2025-04-05,02,Alaska,wk inc rsv hosp,hosp,14,1.97
2025-04-05,01,Alabama,wk inc rsv hosp,hosp,28,0.55
2025-04-05,05,Arkansas,wk inc rsv hosp,hosp,28,0.91
2025-04-05,04,Arizona,wk inc rsv hosp,hosp,59,0.8
2025-04-05,06,California,wk inc rsv hosp,hosp,208,0.54
2025-04-05,08,Colorado,wk inc rsv hosp,hosp,104,1.78
2025-04-05,09,Connecticut,wk inc rsv hosp,hosp,24,0.66
2025-04-05,11,District of Columbia,wk inc rsv hosp,hosp,0,0
2025-04-05,10,Delaware,wk inc rsv hosp,hosp,11,1.07
2025-04-05,12,Florida,wk inc rsv hosp,hosp,157,0.7
2025-04-05,13,Georgia,wk inc rsv hosp,hosp,40,0.36
2025-04-05,15,Hawaii,wk inc rsv hosp,hosp,5,0.36
2025-04-05,19,Iowa,wk inc rsv hosp,hosp,23,0.72
2025-04-05,16,Idaho,wk inc rsv hosp,hosp,36,1.84
2025-04-05,17,Illinois,wk inc rsv hosp,hosp,182,1.45
2025-04-05,18,Indiana,wk inc rsv hosp,hosp,65,0.95
2025-04-05,20,Kansas,wk inc rsv hosp,hosp,32,1.1
2025-04-05,21,Kentucky,wk inc rsv hosp,hosp,55,1.22
2025-04-05,22,Louisiana,wk inc rsv hosp,hosp,22,0.48
2025-04-05,25,Massachusetts,wk inc rsv hosp,hosp,64,0.91
2025-04-05,24,Maryland,wk inc rsv hosp,hosp,15,0.24
2025-04-05,23,Maine,wk inc rsv hosp,hosp,10,0.72
2025-04-05,26,Michigan,wk inc rsv hosp,hosp,225,2.24
2025-04-05,27,Minnesota,wk inc rsv hosp,hosp,104,1.81
2025-04-05,29,Missouri,wk inc rsv hosp,hosp,78,1.26
2025-04-05,28,Mississippi,wk inc rsv hosp,hosp,8,0.27
2025-04-05,30,Montana,wk inc rsv hosp,hosp,46,4.07
2025-04-05,37,North Carolina,wk inc rsv hosp,hosp,106,0.99
2025-04-05,38,North Dakota,wk inc rsv hosp,hosp,27,3.48
2025-04-05,31,Nebraska,wk inc rsv hosp,hosp,33,1.67
2025-04-05,33,New Hampshire,wk inc rsv hosp,hosp,8,0.57
2025-04-05,34,New Jersey,wk inc rsv hosp,hosp,72,0.78
2025-04-05,35,New Mexico,wk inc rsv hosp,hosp,44,2.09
2025-04-05,32,Nevada,wk inc rsv hosp,hosp,25,0.79
2025-04-05,36,New York,wk inc rsv hosp,hosp,171,0.87
2025-04-05,39,Ohio,wk inc rsv hosp,hosp,110,0.93
2025-04-05,40,Oklahoma,wk inc rsv hosp,hosp,31,0.77
2025-04-05,41,Oregon,wk inc rsv hosp,hosp,51,1.21
2025-04-05,42,Pennsylvania,wk inc rsv hosp,hosp,257,1.98
2025-04-05,72,Puerto Rico,wk inc rsv hosp,hosp,38,1.16
2025-04-05,44,Rhode Island,wk inc rsv hosp,hosp,9,0.82
2025-04-05,45,South Carolina,wk inc rsv hosp,hosp,37,0.69
2025-04-05,46,South Dakota,wk inc rsv hosp,hosp,37,4.04
2025-04-05,47,Tennessee,wk inc rsv hosp,hosp,39,0.55
2025-04-05,48,Texas,wk inc rsv hosp,hosp,123,0.4
2025-04-05,US,United States,wk inc rsv hosp,hosp,3192,0.95
2025-04-05,49,Utah,wk inc rsv hosp,hosp,70,2.05
2025-04-05,51,Virginia,wk inc rsv hosp,hosp,33,0.38
2025-04-05,50,Vermont,wk inc rsv hosp,hosp,12,1.85
2025-04-05,53,Washington,wk inc rsv hosp,hosp,39,0.5
2025-04-05,55,Wisconsin,wk inc rsv hosp,hosp,99,1.68
2025-04-05,54,West Virginia,wk inc rsv hosp,hosp,59,3.33
2025-04-05,56,Wyoming,wk inc rsv hosp,hosp,19,3.27
2025-04-12,02,Alaska,wk inc rsv hosp,hosp,7,0.98
2025-04-12,01,Alabama,wk inc rsv hosp,hosp,26,0.51
2025-04-12,05,Arkansas,wk inc rsv hosp,hosp,28,0.91
2025-04-12,04,Arizona,wk inc rsv hosp,hosp,70,0.94
2025-04-12,06,California,wk inc rsv hosp,hosp,157,0.4
2025-04-12,08,Colorado,wk inc rsv hosp,hosp,74,1.27
2025-04-12,09,Connecticut,wk inc rsv hosp,hosp,18,0.5
2025-04-12,11,District of Columbia,wk inc rsv hosp,hosp,1,0.15
2025-04-12,10,Delaware,wk inc rsv hosp,hosp,5,0.49
2025-04-12,12,Florida,wk inc rsv hosp,hosp,139,0.62
2025-04-12,13,Georgia,wk inc rsv hosp,hosp,33,0.3
2025-04-12,15,Hawaii,wk inc rsv hosp,hosp,7,0.5
2025-04-12,19,Iowa,wk inc rsv hosp,hosp,42,1.31
2025-04-12,16,Idaho,wk inc rsv hosp,hosp,21,1.07
2025-04-12,17,Illinois,wk inc rsv hosp,hosp,100,0.8
2025-04-12,18,Indiana,wk inc rsv hosp,hosp,53,0.77
2025-04-12,20,Kansas,wk inc rsv hosp,hosp,16,0.55
2025-04-12,21,Kentucky,wk inc rsv hosp,hosp,57,1.26
2025-04-12,22,Louisiana,wk inc rsv hosp,hosp,17,0.37
2025-04-12,25,Massachusetts,wk inc rsv hosp,hosp,54,0.77
2025-04-12,24,Maryland,wk inc rsv hosp,hosp,13,0.21
2025-04-12,23,Maine,wk inc rsv hosp,hosp,6,0.43
2025-04-12,26,Michigan,wk inc rsv hosp,hosp,156,1.55
2025-04-12,27,Minnesota,wk inc rsv hosp,hosp,71,1.24
2025-04-12,29,Missouri,wk inc rsv hosp,hosp,62,1
2025-04-12,28,Mississippi,wk inc rsv hosp,hosp,7,0.24
2025-04-12,30,Montana,wk inc rsv hosp,hosp,33,2.92
2025-04-12,37,North Carolina,wk inc rsv hosp,hosp,69,0.64
2025-04-12,38,North Dakota,wk inc rsv hosp,hosp,23,2.96
2025-04-12,31,Nebraska,wk inc rsv hosp,hosp,23,1.17
2025-04-12,33,New Hampshire,wk inc rsv hosp,hosp,8,0.57
2025-04-12,34,New Jersey,wk inc rsv hosp,hosp,62,0.67
2025-04-12,35,New Mexico,wk inc rsv hosp,hosp,16,0.76
2025-04-12,32,Nevada,wk inc rsv hosp,hosp,18,0.57
2025-04-12,36,New York,wk inc rsv hosp,hosp,120,0.61
2025-04-12,39,Ohio,wk inc rsv hosp,hosp,93,0.79
2025-04-12,40,Oklahoma,wk inc rsv hosp,hosp,15,0.37
2025-04-12,41,Oregon,wk inc rsv hosp,hosp,38,0.9
2025-04-12,42,Pennsylvania,wk inc rsv hosp,hosp,187,1.44
2025-04-12,72,Puerto Rico,wk inc rsv hosp,hosp,58,1.77
2025-04-12,44,Rhode Island,wk inc rsv hosp,hosp,6,0.55
2025-04-12,45,South Carolina,wk inc rsv hosp,hosp,19,0.36
2025-04-12,46,South Dakota,wk inc rsv hosp,hosp,21,2.29
2025-04-12,47,Tennessee,wk inc rsv hosp,hosp,24,0.34
2025-04-12,48,Texas,wk inc rsv hosp,hosp,116,0.38
2025-04-12,US,United States,wk inc rsv hosp,hosp,2415,0.72
2025-04-12,49,Utah,wk inc rsv hosp,hosp,28,0.82
2025-04-12,51,Virginia,wk inc rsv hosp,hosp,26,0.3
2025-04-12,50,Vermont,wk inc rsv hosp,hosp,4,0.62
2025-04-12,53,Washington,wk inc rsv hosp,hosp,38,0.49
2025-04-12,55,Wisconsin,wk inc rsv hosp,hosp,66,1.12
2025-04-12,54,West Virginia,wk inc rsv hosp,hosp,48,2.71
2025-04-12,56,Wyoming,wk inc rsv hosp,hosp,16,2.75
2025-04-19,02,Alaska,wk inc rsv hosp,hosp,6,0.84
2025-04-19,01,Alabama,wk inc rsv hosp,hosp,30,0.59
2025-04-19,05,Arkansas,wk inc rsv hosp,hosp,10,0.33
2025-04-19,04,Arizona,wk inc rsv hosp,hosp,28,0.38
2025-04-19,06,California,wk inc rsv hosp,hosp,99,0.25
2025-04-19,08,Colorado,wk inc rsv hosp,hosp,55,0.94
2025-04-19,09,Connecticut,wk inc rsv hosp,hosp,10,0.28
2025-04-19,11,District of Columbia,wk inc rsv hosp,hosp,0,0
2025-04-19,10,Delaware,wk inc rsv hosp,hosp,5,0.49
2025-04-19,12,Florida,wk inc rsv hosp,hosp,127,0.56
2025-04-19,13,Georgia,wk inc rsv hosp,hosp,18,0.16
2025-04-19,15,Hawaii,wk inc rsv hosp,hosp,6,0.43
2025-04-19,19,Iowa,wk inc rsv hosp,hosp,21,0.65
2025-04-19,16,Idaho,wk inc rsv hosp,hosp,12,0.61
2025-04-19,17,Illinois,wk inc rsv hosp,hosp,90,0.72
2025-04-19,18,Indiana,wk inc rsv hosp,hosp,25,0.36
2025-04-19,20,Kansas,wk inc rsv hosp,hosp,25,0.86
2025-04-19,21,Kentucky,wk inc rsv hosp,hosp,43,0.95
2025-04-19,22,Louisiana,wk inc rsv hosp,hosp,13,0.29
2025-04-19,25,Massachusetts,wk inc rsv hosp,hosp,48,0.69
2025-04-19,24,Maryland,wk inc rsv hosp,hosp,9,0.15
2025-04-19,23,Maine,wk inc rsv hosp,hosp,12,0.86
2025-04-19,26,Michigan,wk inc rsv hosp,hosp,174,1.73
2025-04-19,27,Minnesota,wk inc rsv hosp,hosp,50,0.87
2025-04-19,29,Missouri,wk inc rsv hosp,hosp,48,0.78
2025-04-19,28,Mississippi,wk inc rsv hosp,hosp,10,0.34
2025-04-19,30,Montana,wk inc rsv hosp,hosp,12,1.06
2025-04-19,37,North Carolina,wk inc rsv hosp,hosp,48,0.45
2025-04-19,38,North Dakota,wk inc rsv hosp,hosp,17,2.19
2025-04-19,31,Nebraska,wk inc rsv hosp,hosp,33,1.67
2025-04-19,33,New Hampshire,wk inc rsv hosp,hosp,9,0.64
2025-04-19,34,New Jersey,wk inc rsv hosp,hosp,47,0.51
2025-04-19,35,New Mexico,wk inc rsv hosp,hosp,14,0.67
2025-04-19,32,Nevada,wk inc rsv hosp,hosp,13,0.41
2025-04-19,36,New York,wk inc rsv hosp,hosp,109,0.56
2025-04-19,39,Ohio,wk inc rsv hosp,hosp,84,0.71
2025-04-19,40,Oklahoma,wk inc rsv hosp,hosp,16,0.4
2025-04-19,41,Oregon,wk inc rsv hosp,hosp,27,0.64
2025-04-19,42,Pennsylvania,wk inc rsv hosp,hosp,169,1.3
2025-04-19,72,Puerto Rico,wk inc rsv hosp,hosp,21,0.64
2025-04-19,44,Rhode Island,wk inc rsv hosp,hosp,7,0.64
2025-04-19,45,South Carolina,wk inc rsv hosp,hosp,22,0.41
2025-04-19,46,South Dakota,wk inc rsv hosp,hosp,16,1.75
2025-04-19,47,Tennessee,wk inc rsv hosp,hosp,28,0.39
2025-04-19,48,Texas,wk inc rsv hosp,hosp,107,0.35
2025-04-19,US,United States,wk inc rsv hosp,hosp,1945,0.58
2025-04-19,49,Utah,wk inc rsv hosp,hosp,17,0.5
2025-04-19,51,Virginia,wk inc rsv hosp,hosp,21,0.24
2025-04-19,50,Vermont,wk inc rsv hosp,hosp,4,0.62
2025-04-19,53,Washington,wk inc rsv hosp,hosp,22,0.28
2025-04-19,55,Wisconsin,wk inc rsv hosp,hosp,51,0.86
2025-04-19,54,West Virginia,wk inc rsv hosp,hosp,46,2.6
2025-04-19,56,Wyoming,wk inc rsv hosp,hosp,11,1.89
2025-04-26,02,Alaska,wk inc rsv hosp,hosp,1,0.14
2025-04-26,01,Alabama,wk inc rsv hosp,hosp,23,0.45
2025-04-26,05,Arkansas,wk inc rsv hosp,hosp,13,0.42
2025-04-26,04,Arizona,wk inc rsv hosp,hosp,20,0.27
2025-04-26,06,California,wk inc rsv hosp,hosp,100,0.26
2025-04-26,08,Colorado,wk inc rsv hosp,hosp,39,0.67
2025-04-26,09,Connecticut,wk inc rsv hosp,hosp,14,0.39
2025-04-26,11,District of Columbia,wk inc rsv hosp,hosp,2,0.3
2025-04-26,10,Delaware,wk inc rsv hosp,hosp,2,0.19
2025-04-26,12,Florida,wk inc rsv hosp,hosp,90,0.4
2025-04-26,13,Georgia,wk inc rsv hosp,hosp,17,0.15
2025-04-26,15,Hawaii,wk inc rsv hosp,hosp,5,0.36
2025-04-26,19,Iowa,wk inc rsv hosp,hosp,20,0.62
2025-04-26,16,Idaho,wk inc rsv hosp,hosp,18,0.92
2025-04-26,17,Illinois,wk inc rsv hosp,hosp,49,0.39
2025-04-26,18,Indiana,wk inc rsv hosp,hosp,20,0.29
2025-04-26,20,Kansas,wk inc rsv hosp,hosp,16,0.55
2025-04-26,21,Kentucky,wk inc rsv hosp,hosp,33,0.73
2025-04-26,22,Louisiana,wk inc rsv hosp,hosp,17,0.37
2025-04-26,25,Massachusetts,wk inc rsv hosp,hosp,53,0.76
2025-04-26,24,Maryland,wk inc rsv hosp,hosp,7,0.11
2025-04-26,23,Maine,wk inc rsv hosp,hosp,6,0.43
2025-04-26,26,Michigan,wk inc rsv hosp,hosp,135,1.35
2025-04-26,27,Minnesota,wk inc rsv hosp,hosp,36,0.63
2025-04-26,29,Missouri,wk inc rsv hosp,hosp,38,0.61
2025-04-26,28,Mississippi,wk inc rsv hosp,hosp,8,0.27
2025-04-26,30,Montana,wk inc rsv hosp,hosp,19,1.68
2025-04-26,37,North Carolina,wk inc rsv hosp,hosp,39,0.36
2025-04-26,38,North Dakota,wk inc rsv hosp,hosp,4,0.51
2025-04-26,31,Nebraska,wk inc rsv hosp,hosp,16,0.81
2025-04-26,33,New Hampshire,wk inc rsv hosp,hosp,9,0.64
2025-04-26,34,New Jersey,wk inc rsv hosp,hosp,35,0.38
2025-04-26,35,New Mexico,wk inc rsv hosp,hosp,10,0.48
2025-04-26,32,Nevada,wk inc rsv hosp,hosp,4,0.13
2025-04-26,36,New York,wk inc rsv hosp,hosp,95,0.49
2025-04-26,39,Ohio,wk inc rsv hosp,hosp,67,0.57
2025-04-26,40,Oklahoma,wk inc rsv hosp,hosp,10,0.25
2025-04-26,41,Oregon,wk inc rsv hosp,hosp,20,0.47
2025-04-26,42,Pennsylvania,wk inc rsv hosp,hosp,142,1.1
2025-04-26,72,Puerto Rico,wk inc rsv hosp,hosp,24,0.73
2025-04-26,44,Rhode Island,wk inc rsv hosp,hosp,3,0.27
2025-04-26,45,South Carolina,wk inc rsv hosp,hosp,20,0.37
2025-04-26,46,South Dakota,wk inc rsv hosp,hosp,12,1.31
2025-04-26,47,Tennessee,wk inc rsv hosp,hosp,28,0.39
2025-04-26,48,Texas,wk inc rsv hosp,hosp,76,0.25
2025-04-26,US,United States,wk inc rsv hosp,hosp,1545,0.46
2025-04-26,49,Utah,wk inc rsv hosp,hosp,11,0.32
2025-04-26,51,Virginia,wk inc rsv hosp,hosp,12,0.14
2025-04-26,50,Vermont,wk inc rsv hosp,hosp,3,0.46
2025-04-26,53,Washington,wk inc rsv hosp,hosp,19,0.24
2025-04-26,55,Wisconsin,wk inc rsv hosp,hosp,52,0.88
2025-04-26,54,West Virginia,wk inc rsv hosp,hosp,27,1.53
2025-04-26,56,Wyoming,wk inc rsv hosp,hosp,4,0.69
2025-05-03,02,Alaska,wk inc rsv hosp,hosp,2,0.28
2025-05-03,01,Alabama,wk inc rsv hosp,hosp,12,0.24
2025-05-03,05,Arkansas,wk inc rsv hosp,hosp,8,0.26
2025-05-03,04,Arizona,wk inc rsv hosp,hosp,30,0.4
2025-05-03,06,California,wk inc rsv hosp,hosp,68,0.18
2025-05-03,08,Colorado,wk inc rsv hosp,hosp,32,0.55
2025-05-03,09,Connecticut,wk inc rsv hosp,hosp,9,0.25
2025-05-03,11,District of Columbia,wk inc rsv hosp,hosp,0,0
2025-05-03,10,Delaware,wk inc rsv hosp,hosp,3,0.29
2025-05-03,12,Florida,wk inc rsv hosp,hosp,103,0.46
2025-05-03,13,Georgia,wk inc rsv hosp,hosp,19,0.17
2025-05-03,15,Hawaii,wk inc rsv hosp,hosp,5,0.36
2025-05-03,19,Iowa,wk inc rsv hosp,hosp,14,0.44
2025-05-03,16,Idaho,wk inc rsv hosp,hosp,8,0.41
2025-05-03,17,Illinois,wk inc rsv hosp,hosp,35,0.28
2025-05-03,18,Indiana,wk inc rsv hosp,hosp,21,0.31
2025-05-03,20,Kansas,wk inc rsv hosp,hosp,9,0.31
2025-05-03,21,Kentucky,wk inc rsv hosp,hosp,24,0.53
2025-05-03,22,Louisiana,wk inc rsv hosp,hosp,9,0.2
2025-05-03,25,Massachusetts,wk inc rsv hosp,hosp,46,0.66
2025-05-03,24,Maryland,wk inc rsv hosp,hosp,5,0.08
2025-05-03,23,Maine,wk inc rsv hosp,hosp,2,0.14
2025-05-03,26,Michigan,wk inc rsv hosp,hosp,74,0.74
2025-05-03,27,Minnesota,wk inc rsv hosp,hosp,36,0.63
2025-05-03,29,Missouri,wk inc rsv hosp,hosp,28,0.45
2025-05-03,28,Mississippi,wk inc rsv hosp,hosp,10,0.34
2025-05-03,30,Montana,wk inc rsv hosp,hosp,20,1.77
2025-05-03,37,North Carolina,wk inc rsv hosp,hosp,37,0.34
2025-05-03,38,North Dakota,wk inc rsv hosp,hosp,7,0.9
2025-05-03,31,Nebraska,wk inc rsv hosp,hosp,18,0.91
2025-05-03,33,New Hampshire,wk inc rsv hosp,hosp,8,0.57
2025-05-03,34,New Jersey,wk inc rsv hosp,hosp,34,0.37
2025-05-03,35,New Mexico,wk inc rsv hosp,hosp,13,0.62
2025-05-03,32,Nevada,wk inc rsv hosp,hosp,7,0.22
2025-05-03,36,New York,wk inc rsv hosp,hosp,60,0.31
2025-05-03,39,Ohio,wk inc rsv hosp,hosp,36,0.31
2025-05-03,40,Oklahoma,wk inc rsv hosp,hosp,5,0.12
2025-05-03,41,Oregon,wk inc rsv hosp,hosp,13,0.31
2025-05-03,42,Pennsylvania,wk inc rsv hosp,hosp,105,0.81
2025-05-03,72,Puerto Rico,wk inc rsv hosp,hosp,23,0.7
2025-05-03,44,Rhode Island,wk inc rsv hosp,hosp,5,0.46
2025-05-03,45,South Carolina,wk inc rsv hosp,hosp,19,0.36
2025-05-03,46,South Dakota,wk inc rsv hosp,hosp,4,0.44
2025-05-03,47,Tennessee,wk inc rsv hosp,hosp,27,0.38
2025-05-03,48,Texas,wk inc rsv hosp,hosp,55,0.18
2025-05-03,US,United States,wk inc rsv hosp,hosp,1196,0.35
2025-05-03,49,Utah,wk inc rsv hosp,hosp,10,0.29
2025-05-03,51,Virginia,wk inc rsv hosp,hosp,10,0.12
2025-05-03,50,Vermont,wk inc rsv hosp,hosp,2,0.31
2025-05-03,53,Washington,wk inc rsv hosp,hosp,10,0.13
2025-05-03,55,Wisconsin,wk inc rsv hosp,hosp,28,0.47
2025-05-03,54,West Virginia,wk inc rsv hosp,hosp,23,1.3
2025-05-03,56,Wyoming,wk inc rsv hosp,hosp,3,0.52
2025-05-10,02,Alaska,wk inc rsv hosp,hosp,3,0.42
2025-05-10,01,Alabama,wk inc rsv hosp,hosp,14,0.27
2025-05-10,05,Arkansas,wk inc rsv hosp,hosp,8,0.26
2025-05-10,04,Arizona,wk inc rsv hosp,hosp,6,0.08
2025-05-10,06,California,wk inc rsv hosp,hosp,46,0.12
2025-05-10,08,Colorado,wk inc rsv hosp,hosp,26,0.44
2025-05-10,09,Connecticut,wk inc rsv hosp,hosp,8,0.22
2025-05-10,11,District of Columbia,wk inc rsv hosp,hosp,0,0
2025-05-10,10,Delaware,wk inc rsv hosp,hosp,2,0.19
2025-05-10,12,Florida,wk inc rsv hosp,hosp,73,0.32
2025-05-10,13,Georgia,wk inc rsv hosp,hosp,17,0.15
2025-05-10,15,Hawaii,wk inc rsv hosp,hosp,7,0.5
2025-05-10,19,Iowa,wk inc rsv hosp,hosp,10,0.31
2025-05-10,16,Idaho,wk inc rsv hosp,hosp,6,0.31
2025-05-10,17,Illinois,wk inc rsv hosp,hosp,25,0.2
2025-05-10,18,Indiana,wk inc rsv hosp,hosp,18,0.26
2025-05-10,20,Kansas,wk inc rsv hosp,hosp,7,0.24
2025-05-10,21,Kentucky,wk inc rsv hosp,hosp,25,0.55
2025-05-10,22,Louisiana,wk inc rsv hosp,hosp,12,0.26
2025-05-10,25,Massachusetts,wk inc rsv hosp,hosp,27,0.39
2025-05-10,24,Maryland,wk inc rsv hosp,hosp,9,0.15
2025-05-10,23,Maine,wk inc rsv hosp,hosp,3,0.22
2025-05-10,26,Michigan,wk inc rsv hosp,hosp,32,0.32
2025-05-10,27,Minnesota,wk inc rsv hosp,hosp,25,0.44
2025-05-10,29,Missouri,wk inc rsv hosp,hosp,26,0.42
2025-05-10,28,Mississippi,wk inc rsv hosp,hosp,3,0.1
2025-05-10,30,Montana,wk inc rsv hosp,hosp,17,1.51
2025-05-10,37,North Carolina,wk inc rsv hosp,hosp,26,0.24
2025-05-10,38,North Dakota,wk inc rsv hosp,hosp,3,0.39
2025-05-10,31,Nebraska,wk inc rsv hosp,hosp,10,0.51
2025-05-10,33,New Hampshire,wk inc rsv hosp,hosp,6,0.43
2025-05-10,34,New Jersey,wk inc rsv hosp,hosp,17,0.18
2025-05-10,35,New Mexico,wk inc rsv hosp,hosp,5,0.24
2025-05-10,32,Nevada,wk inc rsv hosp,hosp,7,0.22
2025-05-10,36,New York,wk inc rsv hosp,hosp,58,0.3
2025-05-10,39,Ohio,wk inc rsv hosp,hosp,35,0.3
2025-05-10,40,Oklahoma,wk inc rsv hosp,hosp,7,0.17
2025-05-10,41,Oregon,wk inc rsv hosp,hosp,9,0.21
2025-05-10,42,Pennsylvania,wk inc rsv hosp,hosp,86,0.66
2025-05-10,72,Puerto Rico,wk inc rsv hosp,hosp,27,0.82
2025-05-10,44,Rhode Island,wk inc rsv hosp,hosp,2,0.18
2025-05-10,45,South Carolina,wk inc rsv hosp,hosp,14,0.26
2025-05-10,46,South Dakota,wk inc rsv hosp,hosp,6,0.66
2025-05-10,47,Tennessee,wk inc rsv hosp,hosp,10,0.14
2025-05-10,48,Texas,wk inc rsv hosp,hosp,35,0.12
2025-05-10,US,United States,wk inc rsv hosp,hosp,896,0.27
2025-05-10,49,Utah,wk inc rsv hosp,hosp,10,0.29
2025-05-10,51,Virginia,wk inc rsv hosp,hosp,14,0.16
2025-05-10,50,Vermont,wk inc rsv hosp,hosp,1,0.15
2025-05-10,53,Washington,wk inc rsv hosp,hosp,5,0.06
2025-05-10,55,Wisconsin,wk inc rsv hosp,hosp,29,0.49
2025-05-10,54,West Virginia,wk inc rsv hosp,hosp,16,0.9
2025-05-10,56,Wyoming,wk inc rsv hosp,hosp,3,0.52
2025-05-17,02,Alaska,wk inc rsv hosp,hosp,0,0
2025-05-17,01,Alabama,wk inc rsv hosp,hosp,12,0.24
2025-05-17,05,Arkansas,wk inc rsv hosp,hosp,8,0.26
2025-05-17,04,Arizona,wk inc rsv hosp,hosp,6,0.08
2025-05-17,06,California,wk inc rsv hosp,hosp,38,0.1
2025-05-17,08,Colorado,wk inc rsv hosp,hosp,15,0.26
2025-05-17,09,Connecticut,wk inc rsv hosp,hosp,9,0.25
2025-05-17,11,District of Columbia,wk inc rsv hosp,hosp,0,0
2025-05-17,10,Delaware,wk inc rsv hosp,hosp,3,0.29
2025-05-17,12,Florida,wk inc rsv hosp,hosp,80,0.35
2025-05-17,13,Georgia,wk inc rsv hosp,hosp,13,0.12
2025-05-17,15,Hawaii,wk inc rsv hosp,hosp,7,0.5
2025-05-17,19,Iowa,wk inc rsv hosp,hosp,95,2.96
2025-05-17,16,Idaho,wk inc rsv hosp,hosp,3,0.15
2025-05-17,17,Illinois,wk inc rsv hosp,hosp,20,0.16
2025-05-17,18,Indiana,wk inc rsv hosp,hosp,13,0.19
2025-05-17,20,Kansas,wk inc rsv hosp,hosp,6,0.21
2025-05-17,21,Kentucky,wk inc rsv hosp,hosp,23,0.51
2025-05-17,22,Louisiana,wk inc rsv hosp,hosp,5,0.11
2025-05-17,25,Massachusetts,wk inc rsv hosp,hosp,18,0.26
2025-05-17,24,Maryland,wk inc rsv hosp,hosp,7,0.11
2025-05-17,23,Maine,wk inc rsv hosp,hosp,6,0.43
2025-05-17,26,Michigan,wk inc rsv hosp,hosp,32,0.32
2025-05-17,27,Minnesota,wk inc rsv hosp,hosp,5,0.09
2025-05-17,29,Missouri,wk inc rsv hosp,hosp,24,0.39
2025-05-17,28,Mississippi,wk inc rsv hosp,hosp,5,0.17
2025-05-17,30,Montana,wk inc rsv hosp,hosp,5,0.44
2025-05-17,37,North Carolina,wk inc rsv hosp,hosp,29,0.27
2025-05-17,38,North Dakota,wk inc rsv hosp,hosp,2,0.26
2025-05-17,31,Nebraska,wk inc rsv hosp,hosp,4,0.2
2025-05-17,33,New Hampshire,wk inc rsv hosp,hosp,1,0.07
2025-05-17,34,New Jersey,wk inc rsv hosp,hosp,10,0.11
2025-05-17,35,New Mexico,wk inc rsv hosp,hosp,2,0.1
2025-05-17,32,Nevada,wk inc rsv hosp,hosp,2,0.06
2025-05-17,36,New York,wk inc rsv hosp,hosp,44,0.23
2025-05-17,39,Ohio,wk inc rsv hosp,hosp,19,0.16
2025-05-17,40,Oklahoma,wk inc rsv hosp,hosp,9,0.22
2025-05-17,41,Oregon,wk inc rsv hosp,hosp,8,0.19
2025-05-17,42,Pennsylvania,wk inc rsv hosp,hosp,77,0.59
2025-05-17,72,Puerto Rico,wk inc rsv hosp,hosp,12,0.37
2025-05-17,44,Rhode Island,wk inc rsv hosp,hosp,5,0.46
2025-05-17,45,South Carolina,wk inc rsv hosp,hosp,10,0.19
2025-05-17,46,South Dakota,wk inc rsv hosp,hosp,2,0.22
2025-05-17,47,Tennessee,wk inc rsv hosp,hosp,15,0.21
2025-05-17,48,Texas,wk inc rsv hosp,hosp,44,0.14
2025-05-17,US,United States,wk inc rsv hosp,hosp,802,0.24
2025-05-17,49,Utah,wk inc rsv hosp,hosp,6,0.18
2025-05-17,51,Virginia,wk inc rsv hosp,hosp,8,0.09
2025-05-17,50,Vermont,wk inc rsv hosp,hosp,0,0
2025-05-17,53,Washington,wk inc rsv hosp,hosp,7,0.09
2025-05-17,55,Wisconsin,wk inc rsv hosp,hosp,21,0.36
2025-05-17,54,West Virginia,wk inc rsv hosp,hosp,7,0.4
2025-05-17,56,Wyoming,wk inc rsv hosp,hosp,0,0
2025-05-24,02,Alaska,wk inc rsv hosp,hosp,1,0.14
2025-05-24,01,Alabama,wk inc rsv hosp,hosp,3,0.06
2025-05-24,05,Arkansas,wk inc rsv hosp,hosp,5,0.16
2025-05-24,04,Arizona,wk inc rsv hosp,hosp,10,0.13
2025-05-24,06,California,wk inc rsv hosp,hosp,33,0.08
2025-05-24,08,Colorado,wk inc rsv hosp,hosp,12,0.21
2025-05-24,09,Connecticut,wk inc rsv hosp,hosp,2,0.06
2025-05-24,11,District of Columbia,wk inc rsv hosp,hosp,0,0
2025-05-24,10,Delaware,wk inc rsv hosp,hosp,0,0
2025-05-24,12,Florida,wk inc rsv hosp,hosp,72,0.32
2025-05-24,13,Georgia,wk inc rsv hosp,hosp,15,0.14
2025-05-24,15,Hawaii,wk inc rsv hosp,hosp,4,0.29
2025-05-24,19,Iowa,wk inc rsv hosp,hosp,4,0.12
2025-05-24,16,Idaho,wk inc rsv hosp,hosp,4,0.2
2025-05-24,17,Illinois,wk inc rsv hosp,hosp,17,0.14
2025-05-24,18,Indiana,wk inc rsv hosp,hosp,9,0.13
2025-05-24,20,Kansas,wk inc rsv hosp,hosp,7,0.24
2025-05-24,21,Kentucky,wk inc rsv hosp,hosp,15,0.33
2025-05-24,22,Louisiana,wk inc rsv hosp,hosp,9,0.2
2025-05-24,25,Massachusetts,wk inc rsv hosp,hosp,13,0.19
2025-05-24,24,Maryland,wk inc rsv hosp,hosp,13,0.21
2025-05-24,23,Maine,wk inc rsv hosp,hosp,3,0.22
2025-05-24,26,Michigan,wk inc rsv hosp,hosp,12,0.12
2025-05-24,27,Minnesota,wk inc rsv hosp,hosp,7,0.12
2025-05-24,29,Missouri,wk inc rsv hosp,hosp,21,0.34
2025-05-24,28,Mississippi,wk inc rsv hosp,hosp,5,0.17
2025-05-24,30,Montana,wk inc rsv hosp,hosp,3,0.27
2025-05-24,37,North Carolina,wk inc rsv hosp,hosp,16,0.15
2025-05-24,38,North Dakota,wk inc rsv hosp,hosp,1,0.13
2025-05-24,31,Nebraska,wk inc rsv hosp,hosp,3,0.15
2025-05-24,33,New Hampshire,wk inc rsv hosp,hosp,1,0.07
2025-05-24,34,New Jersey,wk inc rsv hosp,hosp,15,0.16
2025-05-24,35,New Mexico,wk inc rsv hosp,hosp,1,0.05
2025-05-24,32,Nevada,wk inc rsv hosp,hosp,2,0.06
2025-05-24,36,New York,wk inc rsv hosp,hosp,38,0.19
2025-05-24,39,Ohio,wk inc rsv hosp,hosp,10,0.08
2025-05-24,40,Oklahoma,wk inc rsv hosp,hosp,4,0.1
2025-05-24,41,Oregon,wk inc rsv hosp,hosp,11,0.26
2025-05-24,42,Pennsylvania,wk inc rsv hosp,hosp,77,0.59
2025-05-24,72,Puerto Rico,wk inc rsv hosp,hosp,11,0.33
2025-05-24,44,Rhode Island,wk inc rsv hosp,hosp,1,0.09
2025-05-24,45,South Carolina,wk inc rsv hosp,hosp,7,0.13
2025-05-24,46,South Dakota,wk inc rsv hosp,hosp,2,0.22
2025-05-24,47,Tennessee,wk inc rsv hosp,hosp,17,0.24
2025-05-24,48,Texas,wk inc rsv hosp,hosp,54,0.18
2025-05-24,US,United States,wk inc rsv hosp,hosp,611,0.18
2025-05-24,49,Utah,wk inc rsv hosp,hosp,6,0.18
2025-05-24,51,Virginia,wk inc rsv hosp,hosp,5,0.06
2025-05-24,50,Vermont,wk inc rsv hosp,hosp,1,0.15
2025-05-24,53,Washington,wk inc rsv hosp,hosp,7,0.09
2025-05-24,55,Wisconsin,wk inc rsv hosp,hosp,10,0.17
2025-05-24,54,West Virginia,wk inc rsv hosp,hosp,6,0.34
2025-05-24,56,Wyoming,wk inc rsv hosp,hosp,6,1.03
2025-05-31,02,Alaska,wk inc rsv hosp,hosp,2,0.28
2025-05-31,01,Alabama,wk inc rsv hosp,hosp,9,0.18
2025-05-31,05,Arkansas,wk inc rsv hosp,hosp,10,0.33
2025-05-31,04,Arizona,wk inc rsv hosp,hosp,9,0.12
2025-05-31,06,California,wk inc rsv hosp,hosp,24,0.06
2025-05-31,08,Colorado,wk inc rsv hosp,hosp,9,0.15
2025-05-31,09,Connecticut,wk inc rsv hosp,hosp,2,0.06
2025-05-31,11,District of Columbia,wk inc rsv hosp,hosp,0,0
2025-05-31,10,Delaware,wk inc rsv hosp,hosp,2,0.19
2025-05-31,12,Florida,wk inc rsv hosp,hosp,81,0.36
2025-05-31,13,Georgia,wk inc rsv hosp,hosp,15,0.14
2025-05-31,15,Hawaii,wk inc rsv hosp,hosp,2,0.14
2025-05-31,19,Iowa,wk inc rsv hosp,hosp,5,0.16
2025-05-31,16,Idaho,wk inc rsv hosp,hosp,4,0.2
2025-05-31,17,Illinois,wk inc rsv hosp,hosp,11,0.09
2025-05-31,18,Indiana,wk inc rsv hosp,hosp,9,0.13
2025-05-31,20,Kansas,wk inc rsv hosp,hosp,3,0.1
2025-05-31,21,Kentucky,wk inc rsv hosp,hosp,14,0.31
2025-05-31,22,Louisiana,wk inc rsv hosp,hosp,5,0.11
2025-05-31,25,Massachusetts,wk inc rsv hosp,hosp,11,0.16
2025-05-31,24,Maryland,wk inc rsv hosp,hosp,20,0.33
2025-05-31,23,Maine,wk inc rsv hosp,hosp,0,0
2025-05-31,26,Michigan,wk inc rsv hosp,hosp,15,0.15
2025-05-31,27,Minnesota,wk inc rsv hosp,hosp,4,0.07
2025-05-31,29,Missouri,wk inc rsv hosp,hosp,26,0.42
2025-05-31,28,Mississippi,wk inc rsv hosp,hosp,1,0.03
2025-05-31,30,Montana,wk inc rsv hosp,hosp,0,0
2025-05-31,37,North Carolina,wk inc rsv hosp,hosp,9,0.08
2025-05-31,38,North Dakota,wk inc rsv hosp,hosp,3,0.39
2025-05-31,31,Nebraska,wk inc rsv hosp,hosp,3,0.15
2025-05-31,33,New Hampshire,wk inc rsv hosp,hosp,0,0
2025-05-31,34,New Jersey,wk inc rsv hosp,hosp,22,0.24
2025-05-31,35,New Mexico,wk inc rsv hosp,hosp,1,0.05
2025-05-31,32,Nevada,wk inc rsv hosp,hosp,1,0.03
2025-05-31,36,New York,wk inc rsv hosp,hosp,19,0.1
2025-05-31,39,Ohio,wk inc rsv hosp,hosp,18,0.15
2025-05-31,40,Oklahoma,wk inc rsv hosp,hosp,3,0.07
2025-05-31,41,Oregon,wk inc rsv hosp,hosp,5,0.12
2025-05-31,42,Pennsylvania,wk inc rsv hosp,hosp,134,1.03
2025-05-31,72,Puerto Rico,wk inc rsv hosp,hosp,6,0.18
2025-05-31,44,Rhode Island,wk inc rsv hosp,hosp,2,0.18
2025-05-31,45,South Carolina,wk inc rsv hosp,hosp,7,0.13
2025-05-31,46,South Dakota,wk inc rsv hosp,hosp,4,0.44
2025-05-31,47,Tennessee,wk inc rsv hosp,hosp,5,0.07
2025-05-31,48,Texas,wk inc rsv hosp,hosp,26,0.09
2025-05-31,US,United States,wk inc rsv hosp,hosp,593,0.18
2025-05-31,49,Utah,wk inc rsv hosp,hosp,2,0.06
2025-05-31,51,Virginia,wk inc rsv hosp,hosp,4,0.05
2025-05-31,50,Vermont,wk inc rsv hosp,hosp,1,0.15
2025-05-31,53,Washington,wk inc rsv hosp,hosp,4,0.05
2025-05-31,55,Wisconsin,wk inc rsv hosp,hosp,9,0.15
2025-05-31,54,West Virginia,wk inc rsv hosp,hosp,10,0.57
2025-05-31,56,Wyoming,wk inc rsv hosp,hosp,2,0.34
2025-06-07,02,Alaska,wk inc rsv hosp,hosp,2,0.28
2025-06-07,01,Alabama,wk inc rsv hosp,hosp,12,0.24
2025-06-07,05,Arkansas,wk inc rsv hosp,hosp,7,0.23
2025-06-07,04,Arizona,wk inc rsv hosp,hosp,3,0.04
2025-06-07,06,California,wk inc rsv hosp,hosp,20,0.05
2025-06-07,08,Colorado,wk inc rsv hosp,hosp,6,0.1
2025-06-07,09,Connecticut,wk inc rsv hosp,hosp,2,0.06
2025-06-07,11,District of Columbia,wk inc rsv hosp,hosp,0,0
2025-06-07,10,Delaware,wk inc rsv hosp,hosp,2,0.19
2025-06-07,12,Florida,wk inc rsv hosp,hosp,81,0.36
2025-06-07,13,Georgia,wk inc rsv hosp,hosp,9,0.08
2025-06-07,15,Hawaii,wk inc rsv hosp,hosp,6,0.43
2025-06-07,19,Iowa,wk inc rsv hosp,hosp,2,0.06
2025-06-07,16,Idaho,wk inc rsv hosp,hosp,6,0.31
2025-06-07,17,Illinois,wk inc rsv hosp,hosp,7,0.06
2025-06-07,18,Indiana,wk inc rsv hosp,hosp,2,0.03
2025-06-07,20,Kansas,wk inc rsv hosp,hosp,5,0.17
2025-06-07,21,Kentucky,wk inc rsv hosp,hosp,7,0.16
2025-06-07,22,Louisiana,wk inc rsv hosp,hosp,4,0.09
2025-06-07,25,Massachusetts,wk inc rsv hosp,hosp,15,0.21
2025-06-07,24,Maryland,wk inc rsv hosp,hosp,20,0.33
2025-06-07,23,Maine,wk inc rsv hosp,hosp,1,0.07
2025-06-07,26,Michigan,wk inc rsv hosp,hosp,10,0.1
2025-06-07,27,Minnesota,wk inc rsv hosp,hosp,2,0.03
2025-06-07,29,Missouri,wk inc rsv hosp,hosp,21,0.34
2025-06-07,28,Mississippi,wk inc rsv hosp,hosp,3,0.1
2025-06-07,30,Montana,wk inc rsv hosp,hosp,1,0.09
2025-06-07,37,North Carolina,wk inc rsv hosp,hosp,9,0.08
2025-06-07,38,North Dakota,wk inc rsv hosp,hosp,0,0
2025-06-07,31,Nebraska,wk inc rsv hosp,hosp,3,0.15
2025-06-07,33,New Hampshire,wk inc rsv hosp,hosp,0,0
2025-06-07,34,New Jersey,wk inc rsv hosp,hosp,12,0.13
2025-06-07,35,New Mexico,wk inc rsv hosp,hosp,2,0.1
2025-06-07,32,Nevada,wk inc rsv hosp,hosp,0,0
2025-06-07,36,New York,wk inc rsv hosp,hosp,26,0.13
2025-06-07,39,Ohio,wk inc rsv hosp,hosp,8,0.07
2025-06-07,40,Oklahoma,wk inc rsv hosp,hosp,5,0.12
2025-06-07,41,Oregon,wk inc rsv hosp,hosp,4,0.09
2025-06-07,42,Pennsylvania,wk inc rsv hosp,hosp,63,0.49
2025-06-07,72,Puerto Rico,wk inc rsv hosp,hosp,6,0.18
2025-06-07,44,Rhode Island,wk inc rsv hosp,hosp,2,0.18
2025-06-07,45,South Carolina,wk inc rsv hosp,hosp,13,0.24
2025-06-07,46,South Dakota,wk inc rsv hosp,hosp,2,0.22
2025-06-07,47,Tennessee,wk inc rsv hosp,hosp,11,0.15
2025-06-07,48,Texas,wk inc rsv hosp,hosp,31,0.1
2025-06-07,US,United States,wk inc rsv hosp,hosp,481,0.14
2025-06-07,49,Utah,wk inc rsv hosp,hosp,4,0.12
2025-06-07,51,Virginia,wk inc rsv hosp,hosp,4,0.05
2025-06-07,50,Vermont,wk inc rsv hosp,hosp,0,0
2025-06-07,53,Washington,wk inc rsv hosp,hosp,2,0.03
2025-06-07,55,Wisconsin,wk inc rsv hosp,hosp,6,0.1
2025-06-07,54,West Virginia,wk inc rsv hosp,hosp,10,0.57
2025-06-07,56,Wyoming,wk inc rsv hosp,hosp,1,0.17
2025-06-14,02,Alaska,wk inc rsv hosp,hosp,3,0.42
2025-06-14,01,Alabama,wk inc rsv hosp,hosp,9,0.18
2025-06-14,05,Arkansas,wk inc rsv hosp,hosp,6,0.2
2025-06-14,04,Arizona,wk inc rsv hosp,hosp,14,0.19
2025-06-14,06,California,wk inc rsv hosp,hosp,16,0.04
2025-06-14,08,Colorado,wk inc rsv hosp,hosp,0,0
2025-06-14,09,Connecticut,wk inc rsv hosp,hosp,4,0.11
2025-06-14,11,District of Columbia,wk inc rsv hosp,hosp,0,0
2025-06-14,10,Delaware,wk inc rsv hosp,hosp,2,0.19
2025-06-14,12,Florida,wk inc rsv hosp,hosp,80,0.35
2025-06-14,13,Georgia,wk inc rsv hosp,hosp,10,0.09
2025-06-14,15,Hawaii,wk inc rsv hosp,hosp,5,0.36
2025-06-14,19,Iowa,wk inc rsv hosp,hosp,3,0.09
2025-06-14,16,Idaho,wk inc rsv hosp,hosp,0,0
2025-06-14,17,Illinois,wk inc rsv hosp,hosp,3,0.02
2025-06-14,18,Indiana,wk inc rsv hosp,hosp,7,0.1
2025-06-14,20,Kansas,wk inc rsv hosp,hosp,3,0.1
2025-06-14,21,Kentucky,wk inc rsv hosp,hosp,8,0.18
2025-06-14,22,Louisiana,wk inc rsv hosp,hosp,4,0.09
2025-06-14,25,Massachusetts,wk inc rsv hosp,hosp,16,0.23
2025-06-14,24,Maryland,wk inc rsv hosp,hosp,9,0.15
2025-06-14,23,Maine,wk inc rsv hosp,hosp,0,0
2025-06-14,26,Michigan,wk inc rsv hosp,hosp,19,0.19
2025-06-14,27,Minnesota,wk inc rsv hosp,hosp,2,0.03
2025-06-14,29,Missouri,wk inc rsv hosp,hosp,18,0.29
2025-06-14,28,Mississippi,wk inc rsv hosp,hosp,6,0.2
2025-06-14,30,Montana,wk inc rsv hosp,hosp,1,0.09
2025-06-14,37,North Carolina,wk inc rsv hosp,hosp,11,0.1
2025-06-14,38,North Dakota,wk inc rsv hosp,hosp,2,0.26
2025-06-14,31,Nebraska,wk inc rsv hosp,hosp,3,0.15
2025-06-14,33,New Hampshire,wk inc rsv hosp,hosp,0,0
2025-06-14,34,New Jersey,wk inc rsv hosp,hosp,13,0.14
2025-06-14,35,New Mexico,wk inc rsv hosp,hosp,1,0.05
2025-06-14,32,Nevada,wk inc rsv hosp,hosp,1,0.03
2025-06-14,36,New York,wk inc rsv hosp,hosp,23,0.12
2025-06-14,39,Ohio,wk inc rsv hosp,hosp,5,0.04
2025-06-14,40,Oklahoma,wk inc rsv hosp,hosp,3,0.07
2025-06-14,41,Oregon,wk inc rsv hosp,hosp,0,0
2025-06-14,42,Pennsylvania,wk inc rsv hosp,hosp,42,0.32
2025-06-14,72,Puerto Rico,wk inc rsv hosp,hosp,16,0.49
2025-06-14,44,Rhode Island,wk inc rsv hosp,hosp,0,0
2025-06-14,45,South Carolina,wk inc rsv hosp,hosp,7,0.13
2025-06-14,46,South Dakota,wk inc rsv hosp,hosp,0,0
2025-06-14,47,Tennessee,wk inc rsv hosp,hosp,3,0.04
2025-06-14,48,Texas,wk inc rsv hosp,hosp,21,0.07
2025-06-14,US,United States,wk inc rsv hosp,hosp,419,0.12
2025-06-14,49,Utah,wk inc rsv hosp,hosp,4,0.12
2025-06-14,51,Virginia,wk inc rsv hosp,hosp,2,0.02
2025-06-14,50,Vermont,wk inc rsv hosp,hosp,1,0.15
2025-06-14,53,Washington,wk inc rsv hosp,hosp,2,0.03
2025-06-14,55,Wisconsin,wk inc rsv hosp,hosp,2,0.03
2025-06-14,54,West Virginia,wk inc rsv hosp,hosp,9,0.51
2025-06-14,56,Wyoming,wk inc rsv hosp,hosp,0,0
2025-06-21,02,Alaska,wk inc rsv hosp,hosp,4,0.56
2025-06-21,01,Alabama,wk inc rsv hosp,hosp,7,0.14
2025-06-21,05,Arkansas,wk inc rsv hosp,hosp,4,0.13
2025-06-21,04,Arizona,wk inc rsv hosp,hosp,2,0.03
2025-06-21,06,California,wk inc rsv hosp,hosp,9,0.02
2025-06-21,08,Colorado,wk inc rsv hosp,hosp,0,0
2025-06-21,09,Connecticut,wk inc rsv hosp,hosp,1,0.03
2025-06-21,11,District of Columbia,wk inc rsv hosp,hosp,0,0
2025-06-21,10,Delaware,wk inc rsv hosp,hosp,0,0
2025-06-21,12,Florida,wk inc rsv hosp,hosp,62,0.27
2025-06-21,13,Georgia,wk inc rsv hosp,hosp,6,0.05
2025-06-21,15,Hawaii,wk inc rsv hosp,hosp,1,0.07
2025-06-21,19,Iowa,wk inc rsv hosp,hosp,1,0.03
2025-06-21,16,Idaho,wk inc rsv hosp,hosp,0,0
2025-06-21,17,Illinois,wk inc rsv hosp,hosp,6,0.05
2025-06-21,18,Indiana,wk inc rsv hosp,hosp,3,0.04
2025-06-21,20,Kansas,wk inc rsv hosp,hosp,3,0.1
2025-06-21,21,Kentucky,wk inc rsv hosp,hosp,8,0.18
2025-06-21,22,Louisiana,wk inc rsv hosp,hosp,3,0.07
2025-06-21,25,Massachusetts,wk inc rsv hosp,hosp,7,0.1
2025-06-21,24,Maryland,wk inc rsv hosp,hosp,8,0.13
2025-06-21,23,Maine,wk inc rsv hosp,hosp,0,0
2025-06-21,26,Michigan,wk inc rsv hosp,hosp,4,0.04
2025-06-21,27,Minnesota,wk inc rsv hosp,hosp,4,0.07
2025-06-21,29,Missouri,wk inc rsv hosp,hosp,16,0.26
2025-06-21,28,Mississippi,wk inc rsv hosp,hosp,1,0.03
2025-06-21,30,Montana,wk inc rsv hosp,hosp,1,0.09
2025-06-21,37,North Carolina,wk inc rsv hosp,hosp,9,0.08
2025-06-21,38,North Dakota,wk inc rsv hosp,hosp,2,0.26
2025-06-21,31,Nebraska,wk inc rsv hosp,hosp,2,0.1
2025-06-21,33,New Hampshire,wk inc rsv hosp,hosp,0,0
2025-06-21,34,New Jersey,wk inc rsv hosp,hosp,10,0.11
2025-06-21,35,New Mexico,wk inc rsv hosp,hosp,0,0
2025-06-21,32,Nevada,wk inc rsv hosp,hosp,1,0.03
2025-06-21,36,New York,wk inc rsv hosp,hosp,12,0.06
2025-06-21,39,Ohio,wk inc rsv hosp,hosp,8,0.07
2025-06-21,40,Oklahoma,wk inc rsv hosp,hosp,6,0.15
2025-06-21,41,Oregon,wk inc rsv hosp,hosp,0,0
2025-06-21,42,Pennsylvania,wk inc rsv hosp,hosp,35,0.27
2025-06-21,72,Puerto Rico,wk inc rsv hosp,hosp,3,0.09
2025-06-21,44,Rhode Island,wk inc rsv hosp,hosp,1,0.09
2025-06-21,45,South Carolina,wk inc rsv hosp,hosp,6,0.11
2025-06-21,46,South Dakota,wk inc rsv hosp,hosp,0,0
2025-06-21,47,Tennessee,wk inc rsv hosp,hosp,2,0.03
2025-06-21,48,Texas,wk inc rsv hosp,hosp,24,0.08
2025-06-21,US,United States,wk inc rsv hosp,hosp,309,0.09
2025-06-21,49,Utah,wk inc rsv hosp,hosp,2,0.06
2025-06-21,51,Virginia,wk inc rsv hosp,hosp,5,0.06
2025-06-21,50,Vermont,wk inc rsv hosp,hosp,1,0.15
2025-06-21,53,Washington,wk inc rsv hosp,hosp,0,0
2025-06-21,55,Wisconsin,wk inc rsv hosp,hosp,3,0.05
2025-06-21,54,West Virginia,wk inc rsv hosp,hosp,13,0.73
2025-06-21,56,Wyoming,wk inc rsv hosp,hosp,0,0
2025-06-28,02,Alaska,wk inc rsv hosp,hosp,2,0.28
2025-06-28,01,Alabama,wk inc rsv hosp,hosp,6,0.12
2025-06-28,05,Arkansas,wk inc rsv hosp,hosp,4,0.13
2025-06-28,04,Arizona,wk inc rsv hosp,hosp,0,0
2025-06-28,06,California,wk inc rsv hosp,hosp,6,0.02
2025-06-28,08,Colorado,wk inc rsv hosp,hosp,0,0
2025-06-28,09,Connecticut,wk inc rsv hosp,hosp,2,0.06
2025-06-28,11,District of Columbia,wk inc rsv hosp,hosp,0,0
2025-06-28,10,Delaware,wk inc rsv hosp,hosp,1,0.1
2025-06-28,12,Florida,wk inc rsv hosp,hosp,53,0.24
2025-06-28,13,Georgia,wk inc rsv hosp,hosp,6,0.05
2025-06-28,15,Hawaii,wk inc rsv hosp,hosp,4,0.29
2025-06-28,19,Iowa,wk inc rsv hosp,hosp,3,0.09
2025-06-28,16,Idaho,wk inc rsv hosp,hosp,0,0
2025-06-28,17,Illinois,wk inc rsv hosp,hosp,5,0.04
2025-06-28,18,Indiana,wk inc rsv hosp,hosp,2,0.03
2025-06-28,20,Kansas,wk inc rsv hosp,hosp,2,0.07
2025-06-28,21,Kentucky,wk inc rsv hosp,hosp,10,0.22
2025-06-28,22,Louisiana,wk inc rsv hosp,hosp,4,0.09
2025-06-28,25,Massachusetts,wk inc rsv hosp,hosp,7,0.1
2025-06-28,24,Maryland,wk inc rsv hosp,hosp,3,0.05
2025-06-28,23,Maine,wk inc rsv hosp,hosp,0,0
2025-06-28,26,Michigan,wk inc rsv hosp,hosp,3,0.03
2025-06-28,27,Minnesota,wk inc rsv hosp,hosp,3,0.05
2025-06-28,29,Missouri,wk inc rsv hosp,hosp,18,0.29
2025-06-28,28,Mississippi,wk inc rsv hosp,hosp,1,0.03
2025-06-28,30,Montana,wk inc rsv hosp,hosp,0,0
2025-06-28,37,North Carolina,wk inc rsv hosp,hosp,10,0.09
2025-06-28,38,North Dakota,wk inc rsv hosp,hosp,0,0
2025-06-28,31,Nebraska,wk inc rsv hosp,hosp,1,0.05
2025-06-28,33,New Hampshire,wk inc rsv hosp,hosp,1,0.07
2025-06-28,34,New Jersey,wk inc rsv hosp,hosp,7,0.08
2025-06-28,35,New Mexico,wk inc rsv hosp,hosp,0,0
2025-06-28,32,Nevada,wk inc rsv hosp,hosp,0,0
2025-06-28,36,New York,wk inc rsv hosp,hosp,13,0.07
2025-06-28,39,Ohio,wk inc rsv hosp,hosp,4,0.03
2025-06-28,40,Oklahoma,wk inc rsv hosp,hosp,4,0.1
2025-06-28,41,Oregon,wk inc rsv hosp,hosp,1,0.02
2025-06-28,42,Pennsylvania,wk inc rsv hosp,hosp,41,0.32
2025-06-28,72,Puerto Rico,wk inc rsv hosp,hosp,2,0.06
2025-06-28,44,Rhode Island,wk inc rsv hosp,hosp,0,0
2025-06-28,45,South Carolina,wk inc rsv hosp,hosp,3,0.06
2025-06-28,46,South Dakota,wk inc rsv hosp,hosp,0,0
2025-06-28,47,Tennessee,wk inc rsv hosp,hosp,5,0.07
2025-06-28,48,Texas,wk inc rsv hosp,hosp,15,0.05
2025-06-28,US,United States,wk inc rsv hosp,hosp,266,0.08
2025-06-28,49,Utah,wk inc rsv hosp,hosp,0,0
2025-06-28,51,Virginia,wk inc rsv hosp,hosp,5,0.06
2025-06-28,50,Vermont,wk inc rsv hosp,hosp,0,0
2025-06-28,53,Washington,wk inc rsv hosp,hosp,0,0
2025-06-28,55,Wisconsin,wk inc rsv hosp,hosp,2,0.03
2025-06-28,54,West Virginia,wk inc rsv hosp,hosp,6,0.34
2025-06-28,56,Wyoming,wk inc rsv hosp,hosp,0,0
2025-07-05,02,Alaska,wk inc rsv hosp,hosp,0,0
2025-07-05,01,Alabama,wk inc rsv hosp,hosp,3,0.06
2025-07-05,05,Arkansas,wk inc rsv hosp,hosp,2,0.07
2025-07-05,04,Arizona,wk inc rsv hosp,hosp,1,0.01
2025-07-05,06,California,wk inc rsv hosp,hosp,12,0.03
2025-07-05,08,Colorado,wk inc rsv hosp,hosp,2,0.03
2025-07-05,09,Connecticut,wk inc rsv hosp,hosp,2,0.06
2025-07-05,11,District of Columbia,wk inc rsv hosp,hosp,0,0
2025-07-05,10,Delaware,wk inc rsv hosp,hosp,0,0
2025-07-05,12,Florida,wk inc rsv hosp,hosp,65,0.29
2025-07-05,13,Georgia,wk inc rsv hosp,hosp,6,0.05
2025-07-05,15,Hawaii,wk inc rsv hosp,hosp,1,0.07
2025-07-05,19,Iowa,wk inc rsv hosp,hosp,1,0.03
2025-07-05,16,Idaho,wk inc rsv hosp,hosp,0,0
2025-07-05,17,Illinois,wk inc rsv hosp,hosp,3,0.02
2025-07-05,18,Indiana,wk inc rsv hosp,hosp,1,0.01
2025-07-05,20,Kansas,wk inc rsv hosp,hosp,0,0
2025-07-05,21,Kentucky,wk inc rsv hosp,hosp,3,0.07
2025-07-05,22,Louisiana,wk inc rsv hosp,hosp,4,0.09
2025-07-05,25,Massachusetts,wk inc rsv hosp,hosp,14,0.2
2025-07-05,24,Maryland,wk inc rsv hosp,hosp,5,0.08
2025-07-05,23,Maine,wk inc rsv hosp,hosp,0,0
2025-07-05,26,Michigan,wk inc rsv hosp,hosp,5,0.05
2025-07-05,27,Minnesota,wk inc rsv hosp,hosp,3,0.05
2025-07-05,29,Missouri,wk inc rsv hosp,hosp,2,0.03
2025-07-05,28,Mississippi,wk inc rsv hosp,hosp,0,0
2025-07-05,30,Montana,wk inc rsv hosp,hosp,1,0.09
2025-07-05,37,North Carolina,wk inc rsv hosp,hosp,11,0.1
2025-07-05,38,North Dakota,wk inc rsv hosp,hosp,0,0
2025-07-05,31,Nebraska,wk inc rsv hosp,hosp,1,0.05
2025-07-05,33,New Hampshire,wk inc rsv hosp,hosp,0,0
2025-07-05,34,New Jersey,wk inc rsv hosp,hosp,3,0.03
2025-07-05,35,New Mexico,wk inc rsv hosp,hosp,0,0
2025-07-05,32,Nevada,wk inc rsv hosp,hosp,0,0
2025-07-05,36,New York,wk inc rsv hosp,hosp,16,0.08
2025-07-05,39,Ohio,wk inc rsv hosp,hosp,4,0.03
2025-07-05,40,Oklahoma,wk inc rsv hosp,hosp,1,0.02
2025-07-05,41,Oregon,wk inc rsv hosp,hosp,0,0
2025-07-05,42,Pennsylvania,wk inc rsv hosp,hosp,22,0.17
2025-07-05,72,Puerto Rico,wk inc rsv hosp,hosp,6,0.18
2025-07-05,44,Rhode Island,wk inc rsv hosp,hosp,0,0
2025-07-05,45,South Carolina,wk inc rsv hosp,hosp,3,0.06
2025-07-05,46,South Dakota,wk inc rsv hosp,hosp,0,0
2025-07-05,47,Tennessee,wk inc rsv hosp,hosp,5,0.07
2025-07-05,48,Texas,wk inc rsv hosp,hosp,19,0.06
2025-07-05,US,United States,wk inc rsv hosp,hosp,239,0.07
2025-07-05,49,Utah,wk inc rsv hosp,hosp,1,0.03
2025-07-05,51,Virginia,wk inc rsv hosp,hosp,1,0.01
2025-07-05,50,Vermont,wk inc rsv hosp,hosp,0,0
2025-07-05,53,Washington,wk inc rsv hosp,hosp,1,0.01
2025-07-05,55,Wisconsin,wk inc rsv hosp,hosp,5,0.08
2025-07-05,54,West Virginia,wk inc rsv hosp,hosp,1,0.06
2025-07-05,56,Wyoming,wk inc rsv hosp,hosp,0,0
2025-07-12,02,Alaska,wk inc rsv hosp,hosp,0,0
2025-07-12,01,Alabama,wk inc rsv hosp,hosp,7,0.14
2025-07-12,05,Arkansas,wk inc rsv hosp,hosp,0,0
2025-07-12,04,Arizona,wk inc rsv hosp,hosp,1,0.01
2025-07-12,06,California,wk inc rsv hosp,hosp,10,0.03
2025-07-12,08,Colorado,wk inc rsv hosp,hosp,1,0.02
2025-07-12,09,Connecticut,wk inc rsv hosp,hosp,1,0.03
2025-07-12,11,District of Columbia,wk inc rsv hosp,hosp,0,0
2025-07-12,10,Delaware,wk inc rsv hosp,hosp,0,0
2025-07-12,12,Florida,wk inc rsv hosp,hosp,77,0.34
2025-07-12,13,Georgia,wk inc rsv hosp,hosp,5,0.05
2025-07-12,15,Hawaii,wk inc rsv hosp,hosp,5,0.36
2025-07-12,19,Iowa,wk inc rsv hosp,hosp,1,0.03
2025-07-12,16,Idaho,wk inc rsv hosp,hosp,0,0
2025-07-12,17,Illinois,wk inc rsv hosp,hosp,2,0.02
2025-07-12,18,Indiana,wk inc rsv hosp,hosp,1,0.01
2025-07-12,20,Kansas,wk inc rsv hosp,hosp,1,0.03
2025-07-12,21,Kentucky,wk inc rsv hosp,hosp,2,0.04
2025-07-12,22,Louisiana,wk inc rsv hosp,hosp,5,0.11
2025-07-12,25,Massachusetts,wk inc rsv hosp,hosp,9,0.13
2025-07-12,24,Maryland,wk inc rsv hosp,hosp,0,0
2025-07-12,23,Maine,wk inc rsv hosp,hosp,0,0
2025-07-12,26,Michigan,wk inc rsv hosp,hosp,2,0.02
2025-07-12,27,Minnesota,wk inc rsv hosp,hosp,1,0.02
2025-07-12,29,Missouri,wk inc rsv hosp,hosp,1,0.02
2025-07-12,28,Mississippi,wk inc rsv hosp,hosp,2,0.07
2025-07-12,30,Montana,wk inc rsv hosp,hosp,0,0
2025-07-12,37,North Carolina,wk inc rsv hosp,hosp,7,0.07
2025-07-12,38,North Dakota,wk inc rsv hosp,hosp,1,0.13
2025-07-12,31,Nebraska,wk inc rsv hosp,hosp,0,0
2025-07-12,33,New Hampshire,wk inc rsv hosp,hosp,0,0
2025-07-12,34,New Jersey,wk inc rsv hosp,hosp,10,0.11
2025-07-12,35,New Mexico,wk inc rsv hosp,hosp,1,0.05
2025-07-12,32,Nevada,wk inc rsv hosp,hosp,0,0
2025-07-12,36,New York,wk inc rsv hosp,hosp,14,0.07
2025-07-12,39,Ohio,wk inc rsv hosp,hosp,7,0.06
2025-07-12,40,Oklahoma,wk inc rsv hosp,hosp,0,0
2025-07-12,41,Oregon,wk inc rsv hosp,hosp,0,0
2025-07-12,42,Pennsylvania,wk inc rsv hosp,hosp,38,0.29
2025-07-12,72,Puerto Rico,wk inc rsv hosp,hosp,1,0.03
2025-07-12,44,Rhode Island,wk inc rsv hosp,hosp,0,0
2025-07-12,45,South Carolina,wk inc rsv hosp,hosp,2,0.04
2025-07-12,46,South Dakota,wk inc rsv hosp,hosp,0,0
2025-07-12,47,Tennessee,wk inc rsv hosp,hosp,1,0.01
2025-07-12,48,Texas,wk inc rsv hosp,hosp,16,0.05
2025-07-12,US,United States,wk inc rsv hosp,hosp,243,0.07
2025-07-12,49,Utah,wk inc rsv hosp,hosp,2,0.06
2025-07-12,51,Virginia,wk inc rsv hosp,hosp,3,0.03
2025-07-12,50,Vermont,wk inc rsv hosp,hosp,0,0
2025-07-12,53,Washington,wk inc rsv hosp,hosp,1,0.01
2025-07-12,55,Wisconsin,wk inc rsv hosp,hosp,1,0.02
2025-07-12,54,West Virginia,wk inc rsv hosp,hosp,4,0.23
2025-07-12,56,Wyoming,wk inc rsv hosp,hosp,0,0
2025-07-19,02,Alaska,wk inc rsv hosp,hosp,0,0
2025-07-19,01,Alabama,wk inc rsv hosp,hosp,8,0.16
2025-07-19,05,Arkansas,wk inc rsv hosp,hosp,0,0
2025-07-19,04,Arizona,wk inc rsv hosp,hosp,0,0
2025-07-19,06,California,wk inc rsv hosp,hosp,4,0.01
2025-07-19,08,Colorado,wk inc rsv hosp,hosp,2,0.03
2025-07-19,09,Connecticut,wk inc rsv hosp,hosp,1,0.03
2025-07-19,11,District of Columbia,wk inc rsv hosp,hosp,0,0
2025-07-19,10,Delaware,wk inc rsv hosp,hosp,0,0
2025-07-19,12,Florida,wk inc rsv hosp,hosp,81,0.36
2025-07-19,13,Georgia,wk inc rsv hosp,hosp,12,0.11
2025-07-19,15,Hawaii,wk inc rsv hosp,hosp,2,0.14
2025-07-19,19,Iowa,wk inc rsv hosp,hosp,1,0.03
2025-07-19,16,Idaho,wk inc rsv hosp,hosp,0,0
2025-07-19,17,Illinois,wk inc rsv hosp,hosp,2,0.02
2025-07-19,18,Indiana,wk inc rsv hosp,hosp,0,0
2025-07-19,20,Kansas,wk inc rsv hosp,hosp,0,0
2025-07-19,21,Kentucky,wk inc rsv hosp,hosp,4,0.09
2025-07-19,22,Louisiana,wk inc rsv hosp,hosp,3,0.07
2025-07-19,25,Massachusetts,wk inc rsv hosp,hosp,5,0.07
2025-07-19,24,Maryland,wk inc rsv hosp,hosp,7,0.11
2025-07-19,23,Maine,wk inc rsv hosp,hosp,0,0
2025-07-19,26,Michigan,wk inc rsv hosp,hosp,1,0.01
2025-07-19,27,Minnesota,wk inc rsv hosp,hosp,3,0.05
2025-07-19,29,Missouri,wk inc rsv hosp,hosp,3,0.05
2025-07-19,28,Mississippi,wk inc rsv hosp,hosp,2,0.07
2025-07-19,30,Montana,wk inc rsv hosp,hosp,0,0
2025-07-19,37,North Carolina,wk inc rsv hosp,hosp,7,0.07
2025-07-19,38,North Dakota,wk inc rsv hosp,hosp,0,0
2025-07-19,31,Nebraska,wk inc rsv hosp,hosp,2,0.1
2025-07-19,33,New Hampshire,wk inc rsv hosp,hosp,0,0
2025-07-19,34,New Jersey,wk inc rsv hosp,hosp,6,0.06
2025-07-19,35,New Mexico,wk inc rsv hosp,hosp,1,0.05
2025-07-19,32,Nevada,wk inc rsv hosp,hosp,0,0
2025-07-19,36,New York,wk inc rsv hosp,hosp,14,0.07
2025-07-19,39,Ohio,wk inc rsv hosp,hosp,10,0.08
2025-07-19,40,Oklahoma,wk inc rsv hosp,hosp,11,0.27
2025-07-19,41,Oregon,wk inc rsv hosp,hosp,0,0
2025-07-19,42,Pennsylvania,wk inc rsv hosp,hosp,38,0.29
2025-07-19,72,Puerto Rico,wk inc rsv hosp,hosp,0,0
2025-07-19,44,Rhode Island,wk inc rsv hosp,hosp,0,0
2025-07-19,45,South Carolina,wk inc rsv hosp,hosp,0,0
2025-07-19,46,South Dakota,wk inc rsv hosp,hosp,0,0
2025-07-19,47,Tennessee,wk inc rsv hosp,hosp,1,0.01
2025-07-19,48,Texas,wk inc rsv hosp,hosp,10,0.03
2025-07-19,US,United States,wk inc rsv hosp,hosp,249,0.07
2025-07-19,49,Utah,wk inc rsv hosp,hosp,0,0
2025-07-19,51,Virginia,wk inc rsv hosp,hosp,2,0.02
2025-07-19,50,Vermont,wk inc rsv hosp,hosp,1,0.15
2025-07-19,53,Washington,wk inc rsv hosp,hosp,0,0
2025-07-19,55,Wisconsin,wk inc rsv hosp,hosp,1,0.02
2025-07-19,54,West Virginia,wk inc rsv hosp,hosp,3,0.17
2025-07-19,56,Wyoming,wk inc rsv hosp,hosp,0,0
2025-07-26,02,Alaska,wk inc rsv hosp,hosp,1,0.14
2025-07-26,01,Alabama,wk inc rsv hosp,hosp,2,0.04
2025-07-26,05,Arkansas,wk inc rsv hosp,hosp,5,0.16
2025-07-26,04,Arizona,wk inc rsv hosp,hosp,1,0.01
2025-07-26,06,California,wk inc rsv hosp,hosp,20,0.05
2025-07-26,08,Colorado,wk inc rsv hosp,hosp,3,0.05
2025-07-26,09,Connecticut,wk inc rsv hosp,hosp,1,0.03
2025-07-26,11,District of Columbia,wk inc rsv hosp,hosp,0,0
2025-07-26,10,Delaware,wk inc rsv hosp,hosp,1,0.1
2025-07-26,12,Florida,wk inc rsv hosp,hosp,76,0.34
2025-07-26,13,Georgia,wk inc rsv hosp,hosp,4,0.04
2025-07-26,15,Hawaii,wk inc rsv hosp,hosp,2,0.14
2025-07-26,19,Iowa,wk inc rsv hosp,hosp,1,0.03
2025-07-26,16,Idaho,wk inc rsv hosp,hosp,0,0
2025-07-26,17,Illinois,wk inc rsv hosp,hosp,3,0.02
2025-07-26,18,Indiana,wk inc rsv hosp,hosp,0,0
2025-07-26,20,Kansas,wk inc rsv hosp,hosp,1,0.03
2025-07-26,21,Kentucky,wk inc rsv hosp,hosp,3,0.07
2025-07-26,22,Louisiana,wk inc rsv hosp,hosp,5,0.11
2025-07-26,25,Massachusetts,wk inc rsv hosp,hosp,10,0.14
2025-07-26,24,Maryland,wk inc rsv hosp,hosp,12,0.2
2025-07-26,23,Maine,wk inc rsv hosp,hosp,0,0
2025-07-26,26,Michigan,wk inc rsv hosp,hosp,0,0
2025-07-26,27,Minnesota,wk inc rsv hosp,hosp,5,0.09
2025-07-26,29,Missouri,wk inc rsv hosp,hosp,2,0.03
2025-07-26,28,Mississippi,wk inc rsv hosp,hosp,1,0.03
2025-07-26,30,Montana,wk inc rsv hosp,hosp,0,0
2025-07-26,37,North Carolina,wk inc rsv hosp,hosp,8,0.07
2025-07-26,38,North Dakota,wk inc rsv hosp,hosp,0,0
2025-07-26,31,Nebraska,wk inc rsv hosp,hosp,0,0
2025-07-26,33,New Hampshire,wk inc rsv hosp,hosp,0,0
2025-07-26,34,New Jersey,wk inc rsv hosp,hosp,4,0.04
2025-07-26,35,New Mexico,wk inc rsv hosp,hosp,1,0.05
2025-07-26,32,Nevada,wk inc rsv hosp,hosp,0,0
2025-07-26,36,New York,wk inc rsv hosp,hosp,16,0.08
2025-07-26,39,Ohio,wk inc rsv hosp,hosp,4,0.03
2025-07-26,40,Oklahoma,wk inc rsv hosp,hosp,1,0.02
2025-07-26,41,Oregon,wk inc rsv hosp,hosp,1,0.02
2025-07-26,42,Pennsylvania,wk inc rsv hosp,hosp,34,0.26
2025-07-26,72,Puerto Rico,wk inc rsv hosp,hosp,6,0.18
2025-07-26,44,Rhode Island,wk inc rsv hosp,hosp,1,0.09
2025-07-26,45,South Carolina,wk inc rsv hosp,hosp,2,0.04
2025-07-26,46,South Dakota,wk inc rsv hosp,hosp,0,0
2025-07-26,47,Tennessee,wk inc rsv hosp,hosp,2,0.03
2025-07-26,48,Texas,wk inc rsv hosp,hosp,18,0.06
2025-07-26,US,United States,wk inc rsv hosp,hosp,264,0.08
2025-07-26,49,Utah,wk inc rsv hosp,hosp,0,0
2025-07-26,51,Virginia,wk inc rsv hosp,hosp,2,0.02
2025-07-26,50,Vermont,wk inc rsv hosp,hosp,0,0
2025-07-26,53,Washington,wk inc rsv hosp,hosp,0,0
2025-07-26,55,Wisconsin,wk inc rsv hosp,hosp,4,0.07
2025-07-26,54,West Virginia,wk inc rsv hosp,hosp,1,0.06
2025-07-26,56,Wyoming,wk inc rsv hosp,hosp,0,0
2025-08-02,02,Alaska,wk inc rsv hosp,hosp,0,0
2025-08-02,01,Alabama,wk inc rsv hosp,hosp,2,0.04
2025-08-02,05,Arkansas,wk inc rsv hosp,hosp,1,0.03
2025-08-02,04,Arizona,wk inc rsv hosp,hosp,10,0.13
2025-08-02,06,California,wk inc rsv hosp,hosp,10,0.03
2025-08-02,08,Colorado,wk inc rsv hosp,hosp,1,0.02
2025-08-02,09,Connecticut,wk inc rsv hosp,hosp,1,0.03
2025-08-02,11,District of Columbia,wk inc rsv hosp,hosp,0,0
2025-08-02,10,Delaware,wk inc rsv hosp,hosp,0,0
2025-08-02,12,Florida,wk inc rsv hosp,hosp,59,0.26
2025-08-02,13,Georgia,wk inc rsv hosp,hosp,5,0.05
2025-08-02,15,Hawaii,wk inc rsv hosp,hosp,3,0.22
2025-08-02,19,Iowa,wk inc rsv hosp,hosp,0,0
2025-08-02,16,Idaho,wk inc rsv hosp,hosp,0,0
2025-08-02,17,Illinois,wk inc rsv hosp,hosp,2,0.02
2025-08-02,18,Indiana,wk inc rsv hosp,hosp,4,0.06
2025-08-02,20,Kansas,wk inc rsv hosp,hosp,0,0
2025-08-02,21,Kentucky,wk inc rsv hosp,hosp,1,0.02
2025-08-02,22,Louisiana,wk inc rsv hosp,hosp,6,0.13
2025-08-02,25,Massachusetts,wk inc rsv hosp,hosp,4,0.06
2025-08-02,24,Maryland,wk inc rsv hosp,hosp,3,0.05
2025-08-02,23,Maine,wk inc rsv hosp,hosp,0,0
2025-08-02,26,Michigan,wk inc rsv hosp,hosp,0,0
2025-08-02,27,Minnesota,wk inc rsv hosp,hosp,1,0.02
2025-08-02,29,Missouri,wk inc rsv hosp,hosp,1,0.02
2025-08-02,28,Mississippi,wk inc rsv hosp,hosp,2,0.07
2025-08-02,30,Montana,wk inc rsv hosp,hosp,0,0
2025-08-02,37,North Carolina,wk inc rsv hosp,hosp,8,0.07
2025-08-02,38,North Dakota,wk inc rsv hosp,hosp,0,0
2025-08-02,31,Nebraska,wk inc rsv hosp,hosp,1,0.05
2025-08-02,33,New Hampshire,wk inc rsv hosp,hosp,0,0
2025-08-02,34,New Jersey,wk inc rsv hosp,hosp,4,0.04
2025-08-02,35,New Mexico,wk inc rsv hosp,hosp,2,0.1
2025-08-02,32,Nevada,wk inc rsv hosp,hosp,0,0
2025-08-02,36,New York,wk inc rsv hosp,hosp,10,0.05
2025-08-02,39,Ohio,wk inc rsv hosp,hosp,6,0.05
2025-08-02,40,Oklahoma,wk inc rsv hosp,hosp,2,0.05
2025-08-02,41,Oregon,wk inc rsv hosp,hosp,1,0.02
2025-08-02,42,Pennsylvania,wk inc rsv hosp,hosp,52,0.4
2025-08-02,72,Puerto Rico,wk inc rsv hosp,hosp,6,0.18
2025-08-02,44,Rhode Island,wk inc rsv hosp,hosp,3,0.27
2025-08-02,45,South Carolina,wk inc rsv hosp,hosp,1,0.02
2025-08-02,46,South Dakota,wk inc rsv hosp,hosp,1,0.11
2025-08-02,47,Tennessee,wk inc rsv hosp,hosp,2,0.03
2025-08-02,48,Texas,wk inc rsv hosp,hosp,17,0.06
2025-08-02,US,United States,wk inc rsv hosp,hosp,239,0.07
2025-08-02,49,Utah,wk inc rsv hosp,hosp,0,0
2025-08-02,51,Virginia,wk inc rsv hosp,hosp,0,0
2025-08-02,50,Vermont,wk inc rsv hosp,hosp,0,0
2025-08-02,53,Washington,wk inc rsv hosp,hosp,2,0.03
2025-08-02,55,Wisconsin,wk inc rsv hosp,hosp,1,0.02
2025-08-02,54,West Virginia,wk inc rsv hosp,hosp,4,0.23
2025-08-02,56,Wyoming,wk inc rsv hosp,hosp,0,0
2025-08-09,02,Alaska,wk inc rsv hosp,hosp,0,0
2025-08-09,01,Alabama,wk inc rsv hosp,hosp,1,0.02
2025-08-09,05,Arkansas,wk inc rsv hosp,hosp,0,0
2025-08-09,04,Arizona,wk inc rsv hosp,hosp,2,0.03
2025-08-09,06,California,wk inc rsv hosp,hosp,10,0.03
2025-08-09,08,Colorado,wk inc rsv hosp,hosp,2,0.03
2025-08-09,09,Connecticut,wk inc rsv hosp,hosp,1,0.03
2025-08-09,11,District of Columbia,wk inc rsv hosp,hosp,0,0
2025-08-09,10,Delaware,wk inc rsv hosp,hosp,0,0
2025-08-09,12,Florida,wk inc rsv hosp,hosp,46,0.2
2025-08-09,13,Georgia,wk inc rsv hosp,hosp,10,0.09
2025-08-09,15,Hawaii,wk inc rsv hosp,hosp,2,0.14
2025-08-09,19,Iowa,wk inc rsv hosp,hosp,1,0.03
2025-08-09,16,Idaho,wk inc rsv hosp,hosp,0,0
2025-08-09,17,Illinois,wk inc rsv hosp,hosp,23,0.18
2025-08-09,18,Indiana,wk inc rsv hosp,hosp,1,0.01
2025-08-09,20,Kansas,wk inc rsv hosp,hosp,0,0
2025-08-09,21,Kentucky,wk inc rsv hosp,hosp,2,0.04
2025-08-09,22,Louisiana,wk inc rsv hosp,hosp,9,0.2
2025-08-09,25,Massachusetts,wk inc rsv hosp,hosp,1,0.01
2025-08-09,24,Maryland,wk inc rsv hosp,hosp,2,0.03
2025-08-09,23,Maine,wk inc rsv hosp,hosp,0,0
2025-08-09,26,Michigan,wk inc rsv hosp,hosp,0,0
2025-08-09,27,Minnesota,wk inc rsv hosp,hosp,3,0.05
2025-08-09,29,Missouri,wk inc rsv hosp,hosp,0,0
2025-08-09,28,Mississippi,wk inc rsv hosp,hosp,0,0
2025-08-09,30,Montana,wk inc rsv hosp,hosp,0,0
2025-08-09,37,North Carolina,wk inc rsv hosp,hosp,6,0.06
2025-08-09,38,North Dakota,wk inc rsv hosp,hosp,1,0.13
2025-08-09,31,Nebraska,wk inc rsv hosp,hosp,2,0.1
2025-08-09,33,New Hampshire,wk inc rsv hosp,hosp,0,0
2025-08-09,34,New Jersey,wk inc rsv hosp,hosp,5,0.05
2025-08-09,35,New Mexico,wk inc rsv hosp,hosp,2,0.1
2025-08-09,32,Nevada,wk inc rsv hosp,hosp,0,0
2025-08-09,36,New York,wk inc rsv hosp,hosp,17,0.09
2025-08-09,39,Ohio,wk inc rsv hosp,hosp,4,0.03
2025-08-09,40,Oklahoma,wk inc rsv hosp,hosp,0,0
2025-08-09,41,Oregon,wk inc rsv hosp,hosp,0,0
2025-08-09,42,Pennsylvania,wk inc rsv hosp,hosp,33,0.25
2025-08-09,72,Puerto Rico,wk inc rsv hosp,hosp,2,0.06
2025-08-09,44,Rhode Island,wk inc rsv hosp,hosp,0,0
2025-08-09,45,South Carolina,wk inc rsv hosp,hosp,0,0
2025-08-09,46,South Dakota,wk inc rsv hosp,hosp,0,0
2025-08-09,47,Tennessee,wk inc rsv hosp,hosp,2,0.03
2025-08-09,48,Texas,wk inc rsv hosp,hosp,11,0.04
2025-08-09,US,United States,wk inc rsv hosp,hosp,208,0.06
2025-08-09,49,Utah,wk inc rsv hosp,hosp,0,0
2025-08-09,51,Virginia,wk inc rsv hosp,hosp,4,0.05
2025-08-09,50,Vermont,wk inc rsv hosp,hosp,0,0
2025-08-09,53,Washington,wk inc rsv hosp,hosp,0,0
2025-08-09,55,Wisconsin,wk inc rsv hosp,hosp,1,0.02
2025-08-09,54,West Virginia,wk inc rsv hosp,hosp,0,0
2025-08-09,56,Wyoming,wk inc rsv hosp,hosp,0,0
2025-08-16,02,Alaska,wk inc rsv hosp,hosp,1,0.14
2025-08-16,01,Alabama,wk inc rsv hosp,hosp,3,0.06
2025-08-16,05,Arkansas,wk inc rsv hosp,hosp,2,0.07
2025-08-16,04,Arizona,wk inc rsv hosp,hosp,0,0
2025-08-16,06,California,wk inc rsv hosp,hosp,10,0.03
2025-08-16,08,Colorado,wk inc rsv hosp,hosp,1,0.02
2025-08-16,09,Connecticut,wk inc rsv hosp,hosp,1,0.03
2025-08-16,11,District of Columbia,wk inc rsv hosp,hosp,0,0
2025-08-16,10,Delaware,wk inc rsv hosp,hosp,0,0
2025-08-16,12,Florida,wk inc rsv hosp,hosp,59,0.26
2025-08-16,13,Georgia,wk inc rsv hosp,hosp,24,0.22
2025-08-16,15,Hawaii,wk inc rsv hosp,hosp,2,0.14
2025-08-16,19,Iowa,wk inc rsv hosp,hosp,0,0
2025-08-16,16,Idaho,wk inc rsv hosp,hosp,0,0
2025-08-16,17,Illinois,wk inc rsv hosp,hosp,1,0.01
2025-08-16,18,Indiana,wk inc rsv hosp,hosp,1,0.01
2025-08-16,20,Kansas,wk inc rsv hosp,hosp,0,0
2025-08-16,21,Kentucky,wk inc rsv hosp,hosp,2,0.04
2025-08-16,22,Louisiana,wk inc rsv hosp,hosp,3,0.07
2025-08-16,25,Massachusetts,wk inc rsv hosp,hosp,11,0.16
2025-08-16,24,Maryland,wk inc rsv hosp,hosp,0,0
2025-08-16,23,Maine,wk inc rsv hosp,hosp,0,0
2025-08-16,26,Michigan,wk inc rsv hosp,hosp,2,0.02
2025-08-16,27,Minnesota,wk inc rsv hosp,hosp,5,0.09
2025-08-16,29,Missouri,wk inc rsv hosp,hosp,3,0.05
2025-08-16,28,Mississippi,wk inc rsv hosp,hosp,0,0
2025-08-16,30,Montana,wk inc rsv hosp,hosp,0,0
2025-08-16,37,North Carolina,wk inc rsv hosp,hosp,4,0.04
2025-08-16,38,North Dakota,wk inc rsv hosp,hosp,1,0.13
2025-08-16,31,Nebraska,wk inc rsv hosp,hosp,3,0.15
2025-08-16,33,New Hampshire,wk inc rsv hosp,hosp,0,0
2025-08-16,34,New Jersey,wk inc rsv hosp,hosp,7,0.08
2025-08-16,35,New Mexico,wk inc rsv hosp,hosp,0,0
2025-08-16,32,Nevada,wk inc rsv hosp,hosp,1,0.03
2025-08-16,36,New York,wk inc rsv hosp,hosp,12,0.06
2025-08-16,39,Ohio,wk inc rsv hosp,hosp,2,0.02
2025-08-16,40,Oklahoma,wk inc rsv hosp,hosp,2,0.05
2025-08-16,41,Oregon,wk inc rsv hosp,hosp,1,0.02
2025-08-16,42,Pennsylvania,wk inc rsv hosp,hosp,42,0.32
2025-08-16,72,Puerto Rico,wk inc rsv hosp,hosp,3,0.09
2025-08-16,44,Rhode Island,wk inc rsv hosp,hosp,0,0
2025-08-16,45,South Carolina,wk inc rsv hosp,hosp,7,0.13
2025-08-16,46,South Dakota,wk inc rsv hosp,hosp,0,0
2025-08-16,47,Tennessee,wk inc rsv hosp,hosp,3,0.04
2025-08-16,48,Texas,wk inc rsv hosp,hosp,15,0.05
2025-08-16,US,United States,wk inc rsv hosp,hosp,241,0.07
2025-08-16,49,Utah,wk inc rsv hosp,hosp,0,0
2025-08-16,51,Virginia,wk inc rsv hosp,hosp,1,0.01
2025-08-16,50,Vermont,wk inc rsv hosp,hosp,0,0
2025-08-16,53,Washington,wk inc rsv hosp,hosp,2,0.03
2025-08-16,55,Wisconsin,wk inc rsv hosp,hosp,2,0.03
2025-08-16,54,West Virginia,wk inc rsv hosp,hosp,2,0.11
2025-08-16,56,Wyoming,wk inc rsv hosp,hosp,0,0
2025-08-23,02,Alaska,wk inc rsv hosp,hosp,0,0
2025-08-23,01,Alabama,wk inc rsv hosp,hosp,3,0.06
2025-08-23,05,Arkansas,wk inc rsv hosp,hosp,1,0.03
2025-08-23,04,Arizona,wk inc rsv hosp,hosp,2,0.03
2025-08-23,06,California,wk inc rsv hosp,hosp,12,0.03
2025-08-23,08,Colorado,wk inc rsv hosp,hosp,0,0
2025-08-23,09,Connecticut,wk inc rsv hosp,hosp,1,0.03
2025-08-23,11,District of Columbia,wk inc rsv hosp,hosp,0,0
2025-08-23,10,Delaware,wk inc rsv hosp,hosp,0,0
2025-08-23,12,Florida,wk inc rsv hosp,hosp,71,0.31
2025-08-23,13,Georgia,wk inc rsv hosp,hosp,14,0.13
2025-08-23,15,Hawaii,wk inc rsv hosp,hosp,4,0.29
2025-08-23,19,Iowa,wk inc rsv hosp,hosp,2,0.06
2025-08-23,16,Idaho,wk inc rsv hosp,hosp,0,0
2025-08-23,17,Illinois,wk inc rsv hosp,hosp,5,0.04
2025-08-23,18,Indiana,wk inc rsv hosp,hosp,2,0.03
2025-08-23,20,Kansas,wk inc rsv hosp,hosp,0,0
2025-08-23,21,Kentucky,wk inc rsv hosp,hosp,3,0.07
2025-08-23,22,Louisiana,wk inc rsv hosp,hosp,2,0.04
2025-08-23,25,Massachusetts,wk inc rsv hosp,hosp,2,0.03
2025-08-23,24,Maryland,wk inc rsv hosp,hosp,2,0.03
2025-08-23,23,Maine,wk inc rsv hosp,hosp,1,0.07
2025-08-23,26,Michigan,wk inc rsv hosp,hosp,1,0.01
2025-08-23,27,Minnesota,wk inc rsv hosp,hosp,5,0.09
2025-08-23,29,Missouri,wk inc rsv hosp,hosp,1,0.02
2025-08-23,28,Mississippi,wk inc rsv hosp,hosp,0,0
2025-08-23,30,Montana,wk inc rsv hosp,hosp,0,0
2025-08-23,37,North Carolina,wk inc rsv hosp,hosp,3,0.03
2025-08-23,38,North Dakota,wk inc rsv hosp,hosp,0,0
2025-08-23,31,Nebraska,wk inc rsv hosp,hosp,1,0.05
2025-08-23,33,New Hampshire,wk inc rsv hosp,hosp,0,0
2025-08-23,34,New Jersey,wk inc rsv hosp,hosp,4,0.04
2025-08-23,35,New Mexico,wk inc rsv hosp,hosp,0,0
2025-08-23,32,Nevada,wk inc rsv hosp,hosp,0,0
2025-08-23,36,New York,wk inc rsv hosp,hosp,13,0.07
2025-08-23,39,Ohio,wk inc rsv hosp,hosp,6,0.05
2025-08-23,40,Oklahoma,wk inc rsv hosp,hosp,0,0
2025-08-23,41,Oregon,wk inc rsv hosp,hosp,0,0
2025-08-23,42,Pennsylvania,wk inc rsv hosp,hosp,35,0.27
2025-08-23,72,Puerto Rico,wk inc rsv hosp,hosp,2,0.06
2025-08-23,44,Rhode Island,wk inc rsv hosp,hosp,1,0.09
2025-08-23,45,South Carolina,wk inc rsv hosp,hosp,6,0.11
2025-08-23,46,South Dakota,wk inc rsv hosp,hosp,0,0
2025-08-23,47,Tennessee,wk inc rsv hosp,hosp,0,0
2025-08-23,48,Texas,wk inc rsv hosp,hosp,24,0.08
2025-08-23,US,United States,wk inc rsv hosp,hosp,238,0.07
2025-08-23,49,Utah,wk inc rsv hosp,hosp,0,0
2025-08-23,51,Virginia,wk inc rsv hosp,hosp,4,0.05
2025-08-23,50,Vermont,wk inc rsv hosp,hosp,0,0
2025-08-23,53,Washington,wk inc rsv hosp,hosp,0,0
2025-08-23,55,Wisconsin,wk inc rsv hosp,hosp,3,0.05
2025-08-23,54,West Virginia,wk inc rsv hosp,hosp,1,0.06
2025-08-23,56,Wyoming,wk inc rsv hosp,hosp,0,0
2025-08-30,02,Alaska,wk inc rsv hosp,hosp,0,0
2025-08-30,01,Alabama,wk inc rsv hosp,hosp,6,0.12
2025-08-30,05,Arkansas,wk inc rsv hosp,hosp,1,0.03
2025-08-30,04,Arizona,wk inc rsv hosp,hosp,9,0.12
2025-08-30,06,California,wk inc rsv hosp,hosp,12,0.03
2025-08-30,08,Colorado,wk inc rsv hosp,hosp,0,0
2025-08-30,09,Connecticut,wk inc rsv hosp,hosp,2,0.06
2025-08-30,11,District of Columbia,wk inc rsv hosp,hosp,0,0
2025-08-30,10,Delaware,wk inc rsv hosp,hosp,0,0
2025-08-30,12,Florida,wk inc rsv hosp,hosp,93,0.41
2025-08-30,13,Georgia,wk inc rsv hosp,hosp,15,0.14
2025-08-30,15,Hawaii,wk inc rsv hosp,hosp,2,0.14
2025-08-30,19,Iowa,wk inc rsv hosp,hosp,1,0.03
2025-08-30,16,Idaho,wk inc rsv hosp,hosp,0,0
2025-08-30,17,Illinois,wk inc rsv hosp,hosp,3,0.02
2025-08-30,18,Indiana,wk inc rsv hosp,hosp,4,0.06
2025-08-30,20,Kansas,wk inc rsv hosp,hosp,1,0.03
2025-08-30,21,Kentucky,wk inc rsv hosp,hosp,1,0.02
2025-08-30,22,Louisiana,wk inc rsv hosp,hosp,4,0.09
2025-08-30,25,Massachusetts,wk inc rsv hosp,hosp,5,0.07
2025-08-30,24,Maryland,wk inc rsv hosp,hosp,0,0
2025-08-30,23,Maine,wk inc rsv hosp,hosp,0,0
2025-08-30,26,Michigan,wk inc rsv hosp,hosp,1,0.01
2025-08-30,27,Minnesota,wk inc rsv hosp,hosp,3,0.05
2025-08-30,29,Missouri,wk inc rsv hosp,hosp,1,0.02
2025-08-30,28,Mississippi,wk inc rsv hosp,hosp,0,0
2025-08-30,30,Montana,wk inc rsv hosp,hosp,0,0
2025-08-30,37,North Carolina,wk inc rsv hosp,hosp,4,0.04
2025-08-30,38,North Dakota,wk inc rsv hosp,hosp,0,0
2025-08-30,31,Nebraska,wk inc rsv hosp,hosp,1,0.05
2025-08-30,33,New Hampshire,wk inc rsv hosp,hosp,1,0.07
2025-08-30,34,New Jersey,wk inc rsv hosp,hosp,5,0.05
2025-08-30,35,New Mexico,wk inc rsv hosp,hosp,0,0
2025-08-30,32,Nevada,wk inc rsv hosp,hosp,0,0
2025-08-30,36,New York,wk inc rsv hosp,hosp,19,0.1
2025-08-30,39,Ohio,wk inc rsv hosp,hosp,4,0.03
2025-08-30,40,Oklahoma,wk inc rsv hosp,hosp,0,0
2025-08-30,41,Oregon,wk inc rsv hosp,hosp,0,0
2025-08-30,42,Pennsylvania,wk inc rsv hosp,hosp,32,0.25
2025-08-30,72,Puerto Rico,wk inc rsv hosp,hosp,6,0.18
2025-08-30,44,Rhode Island,wk inc rsv hosp,hosp,0,0
2025-08-30,45,South Carolina,wk inc rsv hosp,hosp,0,0
2025-08-30,46,South Dakota,wk inc rsv hosp,hosp,0,0
2025-08-30,47,Tennessee,wk inc rsv hosp,hosp,2,0.03
2025-08-30,48,Texas,wk inc rsv hosp,hosp,8,0.03
2025-08-30,US,United States,wk inc rsv hosp,hosp,254,0.08
2025-08-30,49,Utah,wk inc rsv hosp,hosp,0,0
2025-08-30,51,Virginia,wk inc rsv hosp,hosp,1,0.01
2025-08-30,50,Vermont,wk inc rsv hosp,hosp,0,0
2025-08-30,53,Washington,wk inc rsv hosp,hosp,0,0
2025-08-30,55,Wisconsin,wk inc rsv hosp,hosp,2,0.03
2025-08-30,54,West Virginia,wk inc rsv hosp,hosp,1,0.06
2025-08-30,56,Wyoming,wk inc rsv hosp,hosp,0,0
2025-09-06,02,Alaska,wk inc rsv hosp,hosp,0,0
2025-09-06,01,Alabama,wk inc rsv hosp,hosp,7,0.14
2025-09-06,05,Arkansas,wk inc rsv hosp,hosp,2,0.07
2025-09-06,04,Arizona,wk inc rsv hosp,hosp,1,0.01
2025-09-06,06,California,wk inc rsv hosp,hosp,10,0.03
2025-09-06,08,Colorado,wk inc rsv hosp,hosp,1,0.02
2025-09-06,09,Connecticut,wk inc rsv hosp,hosp,2,0.06
2025-09-06,11,District of Columbia,wk inc rsv hosp,hosp,0,0
2025-09-06,10,Delaware,wk inc rsv hosp,hosp,1,0.1
2025-09-06,12,Florida,wk inc rsv hosp,hosp,83,0.37
2025-09-06,13,Georgia,wk inc rsv hosp,hosp,13,0.12
2025-09-06,15,Hawaii,wk inc rsv hosp,hosp,4,0.29
2025-09-06,19,Iowa,wk inc rsv hosp,hosp,3,0.09
2025-09-06,16,Idaho,wk inc rsv hosp,hosp,0,0
2025-09-06,17,Illinois,wk inc rsv hosp,hosp,8,0.06
2025-09-06,18,Indiana,wk inc rsv hosp,hosp,6,0.09
2025-09-06,20,Kansas,wk inc rsv hosp,hosp,2,0.07
2025-09-06,21,Kentucky,wk inc rsv hosp,hosp,3,0.07
2025-09-06,22,Louisiana,wk inc rsv hosp,hosp,2,0.04
2025-09-06,25,Massachusetts,wk inc rsv hosp,hosp,7,0.1
2025-09-06,24,Maryland,wk inc rsv hosp,hosp,3,0.05
2025-09-06,23,Maine,wk inc rsv hosp,hosp,2,0.14
2025-09-06,26,Michigan,wk inc rsv hosp,hosp,1,0.01
2025-09-06,27,Minnesota,wk inc rsv hosp,hosp,5,0.09
2025-09-06,29,Missouri,wk inc rsv hosp,hosp,0,0
2025-09-06,28,Mississippi,wk inc rsv hosp,hosp,0,0
2025-09-06,30,Montana,wk inc rsv hosp,hosp,33,2.92
2025-09-06,37,North Carolina,wk inc rsv hosp,hosp,3,0.03
2025-09-06,38,North Dakota,wk inc rsv hosp,hosp,0,0
2025-09-06,31,Nebraska,wk inc rsv hosp,hosp,0,0
2025-09-06,33,New Hampshire,wk inc rsv hosp,hosp,0,0
2025-09-06,34,New Jersey,wk inc rsv hosp,hosp,12,0.13
2025-09-06,35,New Mexico,wk inc rsv hosp,hosp,1,0.05
2025-09-06,32,Nevada,wk inc rsv hosp,hosp,0,0
2025-09-06,36,New York,wk inc rsv hosp,hosp,27,0.14
2025-09-06,39,Ohio,wk inc rsv hosp,hosp,3,0.03
2025-09-06,40,Oklahoma,wk inc rsv hosp,hosp,1,0.02
2025-09-06,41,Oregon,wk inc rsv hosp,hosp,1,0.02
2025-09-06,42,Pennsylvania,wk inc rsv hosp,hosp,36,0.28
2025-09-06,72,Puerto Rico,wk inc rsv hosp,hosp,11,0.33
2025-09-06,44,Rhode Island,wk inc rsv hosp,hosp,0,0
2025-09-06,45,South Carolina,wk inc rsv hosp,hosp,0,0
2025-09-06,46,South Dakota,wk inc rsv hosp,hosp,0,0
2025-09-06,47,Tennessee,wk inc rsv hosp,hosp,3,0.04
2025-09-06,48,Texas,wk inc rsv hosp,hosp,19,0.06
2025-09-06,US,United States,wk inc rsv hosp,hosp,326,0.1
2025-09-06,49,Utah,wk inc rsv hosp,hosp,0,0
2025-09-06,51,Virginia,wk inc rsv hosp,hosp,4,0.05
2025-09-06,50,Vermont,wk inc rsv hosp,hosp,0,0
2025-09-06,53,Washington,wk inc rsv hosp,hosp,0,0
2025-09-06,55,Wisconsin,wk inc rsv hosp,hosp,6,0.1
2025-09-06,54,West Virginia,wk inc rsv hosp,hosp,0,0
2025-09-06,56,Wyoming,wk inc rsv hosp,hosp,0,0
2025-09-13,02,Alaska,wk inc rsv hosp,hosp,2,0.28
2025-09-13,01,Alabama,wk inc rsv hosp,hosp,7,0.14
2025-09-13,05,Arkansas,wk inc rsv hosp,hosp,2,0.07
2025-09-13,04,Arizona,wk inc rsv hosp,hosp,1,0.01
2025-09-13,06,California,wk inc rsv hosp,hosp,20,0.05
2025-09-13,08,Colorado,wk inc rsv hosp,hosp,0,0
2025-09-13,09,Connecticut,wk inc rsv hosp,hosp,3,0.08
2025-09-13,11,District of Columbia,wk inc rsv hosp,hosp,0,0
2025-09-13,10,Delaware,wk inc rsv hosp,hosp,1,0.1
2025-09-13,12,Florida,wk inc rsv hosp,hosp,101,0.45
2025-09-13,13,Georgia,wk inc rsv hosp,hosp,22,0.2
2025-09-13,15,Hawaii,wk inc rsv hosp,hosp,3,0.22
2025-09-13,19,Iowa,wk inc rsv hosp,hosp,0,0
2025-09-13,16,Idaho,wk inc rsv hosp,hosp,0,0
2025-09-13,17,Illinois,wk inc rsv hosp,hosp,3,0.02
2025-09-13,18,Indiana,wk inc rsv hosp,hosp,6,0.09
2025-09-13,20,Kansas,wk inc rsv hosp,hosp,1,0.03
2025-09-13,21,Kentucky,wk inc rsv hosp,hosp,2,0.04
2025-09-13,22,Louisiana,wk inc rsv hosp,hosp,2,0.04
2025-09-13,25,Massachusetts,wk inc rsv hosp,hosp,6,0.09
2025-09-13,24,Maryland,wk inc rsv hosp,hosp,3,0.05
2025-09-13,23,Maine,wk inc rsv hosp,hosp,1,0.07
2025-09-13,26,Michigan,wk inc rsv hosp,hosp,1,0.01
2025-09-13,27,Minnesota,wk inc rsv hosp,hosp,3,0.05
2025-09-13,29,Missouri,wk inc rsv hosp,hosp,0,0
2025-09-13,28,Mississippi,wk inc rsv hosp,hosp,2,0.07
2025-09-13,30,Montana,wk inc rsv hosp,hosp,0,0
2025-09-13,37,North Carolina,wk inc rsv hosp,hosp,9,0.08
2025-09-13,38,North Dakota,wk inc rsv hosp,hosp,0,0
2025-09-13,31,Nebraska,wk inc rsv hosp,hosp,3,0.15
2025-09-13,33,New Hampshire,wk inc rsv hosp,hosp,0,0
2025-09-13,34,New Jersey,wk inc rsv hosp,hosp,13,0.14
2025-09-13,35,New Mexico,wk inc rsv hosp,hosp,0,0
2025-09-13,32,Nevada,wk inc rsv hosp,hosp,1,0.03
2025-09-13,36,New York,wk inc rsv hosp,hosp,31,0.16
2025-09-13,39,Ohio,wk inc rsv hosp,hosp,5,0.04
2025-09-13,40,Oklahoma,wk inc rsv hosp,hosp,1,0.02
2025-09-13,41,Oregon,wk inc rsv hosp,hosp,0,0
2025-09-13,42,Pennsylvania,wk inc rsv hosp,hosp,41,0.32
2025-09-13,72,Puerto Rico,wk inc rsv hosp,hosp,22,0.67
2025-09-13,44,Rhode Island,wk inc rsv hosp,hosp,0,0
2025-09-13,45,South Carolina,wk inc rsv hosp,hosp,2,0.04
2025-09-13,46,South Dakota,wk inc rsv hosp,hosp,0,0
2025-09-13,47,Tennessee,wk inc rsv hosp,hosp,2,0.03
2025-09-13,48,Texas,wk inc rsv hosp,hosp,28,0.09
2025-09-13,US,United States,wk inc rsv hosp,hosp,360,0.11
2025-09-13,49,Utah,wk inc rsv hosp,hosp,0,0
2025-09-13,51,Virginia,wk inc rsv hosp,hosp,6,0.07
2025-09-13,50,Vermont,wk inc rsv hosp,hosp,0,0
2025-09-13,53,Washington,wk inc rsv hosp,hosp,1,0.01
2025-09-13,55,Wisconsin,wk inc rsv hosp,hosp,0,0
2025-09-13,54,West Virginia,wk inc rsv hosp,hosp,2,0.11
2025-09-13,56,Wyoming,wk inc rsv hosp,hosp,0,0
2025-09-20,02,Alaska,wk inc rsv hosp,hosp,0,0
2025-09-20,01,Alabama,wk inc rsv hosp,hosp,9,0.18
2025-09-20,05,Arkansas,wk inc rsv hosp,hosp,4,0.13
2025-09-20,04,Arizona,wk inc rsv hosp,hosp,1,0.01
2025-09-20,06,California,wk inc rsv hosp,hosp,21,0.05
2025-09-20,08,Colorado,wk inc rsv hosp,hosp,0,0
2025-09-20,09,Connecticut,wk inc rsv hosp,hosp,0,0
2025-09-20,11,District of Columbia,wk inc rsv hosp,hosp,2,0.3
2025-09-20,10,Delaware,wk inc rsv hosp,hosp,1,0.1
2025-09-20,12,Florida,wk inc rsv hosp,hosp,121,0.54
2025-09-20,13,Georgia,wk inc rsv hosp,hosp,17,0.15
2025-09-20,15,Hawaii,wk inc rsv hosp,hosp,6,0.43
2025-09-20,19,Iowa,wk inc rsv hosp,hosp,1,0.03
2025-09-20,16,Idaho,wk inc rsv hosp,hosp,1,0.05
2025-09-20,17,Illinois,wk inc rsv hosp,hosp,2,0.02
2025-09-20,18,Indiana,wk inc rsv hosp,hosp,2,0.03
2025-09-20,20,Kansas,wk inc rsv hosp,hosp,2,0.07
2025-09-20,21,Kentucky,wk inc rsv hosp,hosp,2,0.04
2025-09-20,22,Louisiana,wk inc rsv hosp,hosp,4,0.09
2025-09-20,25,Massachusetts,wk inc rsv hosp,hosp,11,0.16
2025-09-20,24,Maryland,wk inc rsv hosp,hosp,2,0.03
2025-09-20,23,Maine,wk inc rsv hosp,hosp,0,0
2025-09-20,26,Michigan,wk inc rsv hosp,hosp,2,0.02
2025-09-20,27,Minnesota,wk inc rsv hosp,hosp,3,0.05
2025-09-20,29,Missouri,wk inc rsv hosp,hosp,1,0.02
2025-09-20,28,Mississippi,wk inc rsv hosp,hosp,0,0
2025-09-20,30,Montana,wk inc rsv hosp,hosp,0,0
2025-09-20,37,North Carolina,wk inc rsv hosp,hosp,6,0.06
2025-09-20,38,North Dakota,wk inc rsv hosp,hosp,0,0
2025-09-20,31,Nebraska,wk inc rsv hosp,hosp,1,0.05
2025-09-20,33,New Hampshire,wk inc rsv hosp,hosp,0,0
2025-09-20,34,New Jersey,wk inc rsv hosp,hosp,8,0.09
2025-09-20,35,New Mexico,wk inc rsv hosp,hosp,0,0
2025-09-20,32,Nevada,wk inc rsv hosp,hosp,0,0
2025-09-20,36,New York,wk inc rsv hosp,hosp,30,0.15
2025-09-20,39,Ohio,wk inc rsv hosp,hosp,2,0.02
2025-09-20,40,Oklahoma,wk inc rsv hosp,hosp,0,0
2025-09-20,41,Oregon,wk inc rsv hosp,hosp,1,0.02
2025-09-20,42,Pennsylvania,wk inc rsv hosp,hosp,33,0.25
2025-09-20,72,Puerto Rico,wk inc rsv hosp,hosp,16,0.49
2025-09-20,44,Rhode Island,wk inc rsv hosp,hosp,3,0.27
2025-09-20,45,South Carolina,wk inc rsv hosp,hosp,4,0.07
2025-09-20,46,South Dakota,wk inc rsv hosp,hosp,0,0
2025-09-20,47,Tennessee,wk inc rsv hosp,hosp,0,0
2025-09-20,48,Texas,wk inc rsv hosp,hosp,30,0.1
2025-09-20,US,United States,wk inc rsv hosp,hosp,360,0.11
2025-09-20,49,Utah,wk inc rsv hosp,hosp,0,0
2025-09-20,51,Virginia,wk inc rsv hosp,hosp,3,0.03
2025-09-20,50,Vermont,wk inc rsv hosp,hosp,0,0
2025-09-20,53,Washington,wk inc rsv hosp,hosp,1,0.01
2025-09-20,55,Wisconsin,wk inc rsv hosp,hosp,5,0.08
2025-09-20,54,West Virginia,wk inc rsv hosp,hosp,0,0
2025-09-20,56,Wyoming,wk inc rsv hosp,hosp,0,0
2025-09-27,02,Alaska,wk inc rsv hosp,hosp,0,0
2025-09-27,01,Alabama,wk inc rsv hosp,hosp,14,0.27
2025-09-27,05,Arkansas,wk inc rsv hosp,hosp,4,0.13
2025-09-27,04,Arizona,wk inc rsv hosp,hosp,2,0.03
2025-09-27,06,California,wk inc rsv hosp,hosp,9,0.02
2025-09-27,08,Colorado,wk inc rsv hosp,hosp,0,0
2025-09-27,09,Connecticut,wk inc rsv hosp,hosp,0,0
2025-09-27,11,District of Columbia,wk inc rsv hosp,hosp,0,0
2025-09-27,10,Delaware,wk inc rsv hosp,hosp,1,0.1
2025-09-27,12,Florida,wk inc rsv hosp,hosp,154,0.68
2025-09-27,13,Georgia,wk inc rsv hosp,hosp,23,0.21
2025-09-27,15,Hawaii,wk inc rsv hosp,hosp,3,0.22
2025-09-27,19,Iowa,wk inc rsv hosp,hosp,1,0.03
2025-09-27,16,Idaho,wk inc rsv hosp,hosp,0,0
2025-09-27,17,Illinois,wk inc rsv hosp,hosp,6,0.05
2025-09-27,18,Indiana,wk inc rsv hosp,hosp,2,0.03
2025-09-27,20,Kansas,wk inc rsv hosp,hosp,0,0
2025-09-27,21,Kentucky,wk inc rsv hosp,hosp,5,0.11
2025-09-27,22,Louisiana,wk inc rsv hosp,hosp,5,0.11
2025-09-27,25,Massachusetts,wk inc rsv hosp,hosp,9,0.13
2025-09-27,24,Maryland,wk inc rsv hosp,hosp,8,0.13
2025-09-27,23,Maine,wk inc rsv hosp,hosp,0,0
2025-09-27,26,Michigan,wk inc rsv hosp,hosp,2,0.02
2025-09-27,27,Minnesota,wk inc rsv hosp,hosp,3,0.05
2025-09-27,29,Missouri,wk inc rsv hosp,hosp,1,0.02
2025-09-27,28,Mississippi,wk inc rsv hosp,hosp,1,0.03
2025-09-27,30,Montana,wk inc rsv hosp,hosp,0,0
2025-09-27,37,North Carolina,wk inc rsv hosp,hosp,4,0.04
2025-09-27,38,North Dakota,wk inc rsv hosp,hosp,0,0
2025-09-27,31,Nebraska,wk inc rsv hosp,hosp,0,0
2025-09-27,33,New Hampshire,wk inc rsv hosp,hosp,0,0
2025-09-27,34,New Jersey,wk inc rsv hosp,hosp,14,0.15
2025-09-27,35,New Mexico,wk inc rsv hosp,hosp,0,0
2025-09-27,32,Nevada,wk inc rsv hosp,hosp,0,0
2025-09-27,36,New York,wk inc rsv hosp,hosp,45,0.23
2025-09-27,39,Ohio,wk inc rsv hosp,hosp,4,0.03
2025-09-27,40,Oklahoma,wk inc rsv hosp,hosp,1,0.02
2025-09-27,41,Oregon,wk inc rsv hosp,hosp,1,0.02
2025-09-27,42,Pennsylvania,wk inc rsv hosp,hosp,35,0.27
2025-09-27,72,Puerto Rico,wk inc rsv hosp,hosp,13,0.4
2025-09-27,44,Rhode Island,wk inc rsv hosp,hosp,2,0.18
2025-09-27,45,South Carolina,wk inc rsv hosp,hosp,8,0.15
2025-09-27,46,South Dakota,wk inc rsv hosp,hosp,0,0
2025-09-27,47,Tennessee,wk inc rsv hosp,hosp,4,0.06
2025-09-27,48,Texas,wk inc rsv hosp,hosp,33,0.11
2025-09-27,US,United States,wk inc rsv hosp,hosp,450,0.13
2025-09-27,49,Utah,wk inc rsv hosp,hosp,0,0
2025-09-27,51,Virginia,wk inc rsv hosp,hosp,16,0.19
2025-09-27,50,Vermont,wk inc rsv hosp,hosp,0,0
2025-09-27,53,Washington,wk inc rsv hosp,hosp,4,0.05
2025-09-27,55,Wisconsin,wk inc rsv hosp,hosp,8,0.14
2025-09-27,54,West Virginia,wk inc rsv hosp,hosp,1,0.06
2025-09-27,56,Wyoming,wk inc rsv hosp,hosp,0,0
2025-10-04,02,Alaska,wk inc rsv hosp,hosp,1,0.14
2025-10-04,01,Alabama,wk inc rsv hosp,hosp,15,0.29
2025-10-04,05,Arkansas,wk inc rsv hosp,hosp,6,0.2
2025-10-04,04,Arizona,wk inc rsv hosp,hosp,13,0.18
2025-10-04,06,California,wk inc rsv hosp,hosp,18,0.05
2025-10-04,08,Colorado,wk inc rsv hosp,hosp,2,0.03
2025-10-04,09,Connecticut,wk inc rsv hosp,hosp,2,0.06
2025-10-04,11,District of Columbia,wk inc rsv hosp,hosp,0,0
2025-10-04,10,Delaware,wk inc rsv hosp,hosp,2,0.19
2025-10-04,12,Florida,wk inc rsv hosp,hosp,180,0.8
2025-10-04,13,Georgia,wk inc rsv hosp,hosp,26,0.24
2025-10-04,15,Hawaii,wk inc rsv hosp,hosp,5,0.36
2025-10-04,19,Iowa,wk inc rsv hosp,hosp,1,0.03
2025-10-04,16,Idaho,wk inc rsv hosp,hosp,1,0.05
2025-10-04,17,Illinois,wk inc rsv hosp,hosp,6,0.05
2025-10-04,18,Indiana,wk inc rsv hosp,hosp,4,0.06
2025-10-04,20,Kansas,wk inc rsv hosp,hosp,1,0.03
2025-10-04,21,Kentucky,wk inc rsv hosp,hosp,4,0.09
2025-10-04,22,Louisiana,wk inc rsv hosp,hosp,8,0.18
2025-10-04,25,Massachusetts,wk inc rsv hosp,hosp,24,0.34
2025-10-04,24,Maryland,wk inc rsv hosp,hosp,5,0.08
2025-10-04,23,Maine,wk inc rsv hosp,hosp,1,0.07
2025-10-04,26,Michigan,wk inc rsv hosp,hosp,2,0.02
2025-10-04,27,Minnesota,wk inc rsv hosp,hosp,2,0.03
2025-10-04,29,Missouri,wk inc rsv hosp,hosp,1,0.02
2025-10-04,28,Mississippi,wk inc rsv hosp,hosp,3,0.1
2025-10-04,30,Montana,wk inc rsv hosp,hosp,1,0.09
2025-10-04,37,North Carolina,wk inc rsv hosp,hosp,8,0.07
2025-10-04,38,North Dakota,wk inc rsv hosp,hosp,1,0.13
2025-10-04,31,Nebraska,wk inc rsv hosp,hosp,2,0.1
2025-10-04,33,New Hampshire,wk inc rsv hosp,hosp,1,0.07
2025-10-04,34,New Jersey,wk inc rsv hosp,hosp,19,0.2
2025-10-04,35,New Mexico,wk inc rsv hosp,hosp,0,0
2025-10-04,32,Nevada,wk inc rsv hosp,hosp,1,0.03
2025-10-04,36,New York,wk inc rsv hosp,hosp,30,0.15
2025-10-04,39,Ohio,wk inc rsv hosp,hosp,4,0.03
2025-10-04,40,Oklahoma,wk inc rsv hosp,hosp,2,0.05
2025-10-04,41,Oregon,wk inc rsv hosp,hosp,1,0.02
2025-10-04,42,Pennsylvania,wk inc rsv hosp,hosp,51,0.39
2025-10-04,72,Puerto Rico,wk inc rsv hosp,hosp,16,0.49
2025-10-04,44,Rhode Island,wk inc rsv hosp,hosp,1,0.09
2025-10-04,45,South Carolina,wk inc rsv hosp,hosp,12,0.22
2025-10-04,46,South Dakota,wk inc rsv hosp,hosp,0,0
2025-10-04,47,Tennessee,wk inc rsv hosp,hosp,4,0.06
2025-10-04,48,Texas,wk inc rsv hosp,hosp,42,0.14
2025-10-04,US,United States,wk inc rsv hosp,hosp,546,0.16
2025-10-04,49,Utah,wk inc rsv hosp,hosp,0,0
2025-10-04,51,Virginia,wk inc rsv hosp,hosp,10,0.12
2025-10-04,50,Vermont,wk inc rsv hosp,hosp,0,0
2025-10-04,53,Washington,wk inc rsv hosp,hosp,0,0
2025-10-04,55,Wisconsin,wk inc rsv hosp,hosp,5,0.08
2025-10-04,54,West Virginia,wk inc rsv hosp,hosp,1,0.06
2025-10-04,56,Wyoming,wk inc rsv hosp,hosp,0,0
2025-10-11,02,Alaska,wk inc rsv hosp,hosp,0,0
2025-10-11,01,Alabama,wk inc rsv hosp,hosp,20,0.39
2025-10-11,05,Arkansas,wk inc rsv hosp,hosp,8,0.26
2025-10-11,04,Arizona,wk inc rsv hosp,hosp,2,0.03
2025-10-11,06,California,wk inc rsv hosp,hosp,21,0.05
2025-10-11,08,Colorado,wk inc rsv hosp,hosp,1,0.02
2025-10-11,09,Connecticut,wk inc rsv hosp,hosp,0,0
2025-10-11,11,District of Columbia,wk inc rsv hosp,hosp,1,0.15
2025-10-11,10,Delaware,wk inc rsv hosp,hosp,1,0.1
2025-10-11,12,Florida,wk inc rsv hosp,hosp,215,0.95
2025-10-11,13,Georgia,wk inc rsv hosp,hosp,30,0.27
2025-10-11,15,Hawaii,wk inc rsv hosp,hosp,6,0.43
2025-10-11,19,Iowa,wk inc rsv hosp,hosp,0,0
2025-10-11,16,Idaho,wk inc rsv hosp,hosp,1,0.05
2025-10-11,17,Illinois,wk inc rsv hosp,hosp,4,0.03
2025-10-11,18,Indiana,wk inc rsv hosp,hosp,5,0.07
2025-10-11,20,Kansas,wk inc rsv hosp,hosp,1,0.03
2025-10-11,21,Kentucky,wk inc rsv hosp,hosp,1,0.02
2025-10-11,22,Louisiana,wk inc rsv hosp,hosp,10,0.22
2025-10-11,25,Massachusetts,wk inc rsv hosp,hosp,16,0.23
2025-10-11,24,Maryland,wk inc rsv hosp,hosp,6,0.1
2025-10-11,23,Maine,wk inc rsv hosp,hosp,1,0.07
2025-10-11,26,Michigan,wk inc rsv hosp,hosp,4,0.04
2025-10-11,27,Minnesota,wk inc rsv hosp,hosp,6,0.1
2025-10-11,29,Missouri,wk inc rsv hosp,hosp,9,0.15
2025-10-11,28,Mississippi,wk inc rsv hosp,hosp,4,0.14
2025-10-11,30,Montana,wk inc rsv hosp,hosp,0,0
2025-10-11,37,North Carolina,wk inc rsv hosp,hosp,9,0.08
2025-10-11,38,North Dakota,wk inc rsv hosp,hosp,0,0
2025-10-11,31,Nebraska,wk inc rsv hosp,hosp,1,0.05
2025-10-11,33,New Hampshire,wk inc rsv hosp,hosp,0,0
2025-10-11,34,New Jersey,wk inc rsv hosp,hosp,13,0.14
2025-10-11,35,New Mexico,wk inc rsv hosp,hosp,0,0
2025-10-11,32,Nevada,wk inc rsv hosp,hosp,1,0.03
2025-10-11,36,New York,wk inc rsv hosp,hosp,47,0.24
2025-10-11,39,Ohio,wk inc rsv hosp,hosp,8,0.07
2025-10-11,40,Oklahoma,wk inc rsv hosp,hosp,2,0.05
2025-10-11,41,Oregon,wk inc rsv hosp,hosp,1,0.02
2025-10-11,42,Pennsylvania,wk inc rsv hosp,hosp,41,0.32
2025-10-11,72,Puerto Rico,wk inc rsv hosp,hosp,28,0.85
2025-10-11,44,Rhode Island,wk inc rsv hosp,hosp,4,0.37
2025-10-11,45,South Carolina,wk inc rsv hosp,hosp,11,0.21
2025-10-11,46,South Dakota,wk inc rsv hosp,hosp,0,0
2025-10-11,47,Tennessee,wk inc rsv hosp,hosp,3,0.04
2025-10-11,48,Texas,wk inc rsv hosp,hosp,45,0.15
2025-10-11,US,United States,wk inc rsv hosp,hosp,613,0.18
2025-10-11,49,Utah,wk inc rsv hosp,hosp,1,0.03
2025-10-11,51,Virginia,wk inc rsv hosp,hosp,11,0.13
2025-10-11,50,Vermont,wk inc rsv hosp,hosp,0,0
2025-10-11,53,Washington,wk inc rsv hosp,hosp,2,0.03
2025-10-11,55,Wisconsin,wk inc rsv hosp,hosp,5,0.08
2025-10-11,54,West Virginia,wk inc rsv hosp,hosp,0,0
2025-10-11,56,Wyoming,wk inc rsv hosp,hosp,0,0
2025-10-18,02,Alaska,wk inc rsv hosp,hosp,1,0.14
2025-10-18,01,Alabama,wk inc rsv hosp,hosp,21,0.41
2025-10-18,05,Arkansas,wk inc rsv hosp,hosp,6,0.2
2025-10-18,04,Arizona,wk inc rsv hosp,hosp,3,0.04
2025-10-18,06,California,wk inc rsv hosp,hosp,26,0.07
2025-10-18,08,Colorado,wk inc rsv hosp,hosp,2,0.03
2025-10-18,09,Connecticut,wk inc rsv hosp,hosp,0,0
2025-10-18,11,District of Columbia,wk inc rsv hosp,hosp,1,0.15
2025-10-18,10,Delaware,wk inc rsv hosp,hosp,3,0.29
2025-10-18,12,Florida,wk inc rsv hosp,hosp,249,1.1
2025-10-18,13,Georgia,wk inc rsv hosp,hosp,39,0.36
2025-10-18,15,Hawaii,wk inc rsv hosp,hosp,3,0.22
2025-10-18,19,Iowa,wk inc rsv hosp,hosp,1,0.03
2025-10-18,16,Idaho,wk inc rsv hosp,hosp,1,0.05
2025-10-18,17,Illinois,wk inc rsv hosp,hosp,12,0.1
2025-10-18,18,Indiana,wk inc rsv hosp,hosp,5,0.07
2025-10-18,20,Kansas,wk inc rsv hosp,hosp,0,0
2025-10-18,21,Kentucky,wk inc rsv hosp,hosp,4,0.09
2025-10-18,22,Louisiana,wk inc rsv hosp,hosp,10,0.22
2025-10-18,25,Massachusetts,wk inc rsv hosp,hosp,12,0.17
2025-10-18,24,Maryland,wk inc rsv hosp,hosp,8,0.13
2025-10-18,23,Maine,wk inc rsv hosp,hosp,0,0
2025-10-18,26,Michigan,wk inc rsv hosp,hosp,6,0.06
2025-10-18,27,Minnesota,wk inc rsv hosp,hosp,9,0.16
2025-10-18,29,Missouri,wk inc rsv hosp,hosp,2,0.03
2025-10-18,28,Mississippi,wk inc rsv hosp,hosp,0,0
2025-10-18,30,Montana,wk inc rsv hosp,hosp,2,0.18
2025-10-18,37,North Carolina,wk inc rsv hosp,hosp,4,0.04
2025-10-18,38,North Dakota,wk inc rsv hosp,hosp,1,0.13
2025-10-18,31,Nebraska,wk inc rsv hosp,hosp,0,0
2025-10-18,33,New Hampshire,wk inc rsv hosp,hosp,1,0.07
2025-10-18,34,New Jersey,wk inc rsv hosp,hosp,15,0.16
2025-10-18,35,New Mexico,wk inc rsv hosp,hosp,1,0.05
2025-10-18,32,Nevada,wk inc rsv hosp,hosp,2,0.06
2025-10-18,36,New York,wk inc rsv hosp,hosp,37,0.19
2025-10-18,39,Ohio,wk inc rsv hosp,hosp,11,0.09
2025-10-18,40,Oklahoma,wk inc rsv hosp,hosp,1,0.02
2025-10-18,41,Oregon,wk inc rsv hosp,hosp,4,0.09
2025-10-18,42,Pennsylvania,wk inc rsv hosp,hosp,48,0.37
2025-10-18,72,Puerto Rico,wk inc rsv hosp,hosp,31,0.94
2025-10-18,44,Rhode Island,wk inc rsv hosp,hosp,3,0.27
2025-10-18,45,South Carolina,wk inc rsv hosp,hosp,14,0.26
2025-10-18,46,South Dakota,wk inc rsv hosp,hosp,0,0
2025-10-18,47,Tennessee,wk inc rsv hosp,hosp,4,0.06
2025-10-18,48,Texas,wk inc rsv hosp,hosp,84,0.28
2025-10-18,US,United States,wk inc rsv hosp,hosp,734,0.22
2025-10-18,49,Utah,wk inc rsv hosp,hosp,0,0
2025-10-18,51,Virginia,wk inc rsv hosp,hosp,25,0.29
2025-10-18,50,Vermont,wk inc rsv hosp,hosp,1,0.15
2025-10-18,53,Washington,wk inc rsv hosp,hosp,7,0.09
2025-10-18,55,Wisconsin,wk inc rsv hosp,hosp,9,0.15
2025-10-18,54,West Virginia,wk inc rsv hosp,hosp,3,0.17
2025-10-18,56,Wyoming,wk inc rsv hosp,hosp,0,0
2025-10-25,02,Alaska,wk inc rsv hosp,hosp,0,0
2025-10-25,01,Alabama,wk inc rsv hosp,hosp,19,0.37
2025-10-25,05,Arkansas,wk inc rsv hosp,hosp,13,0.42
2025-10-25,04,Arizona,wk inc rsv hosp,hosp,2,0.03
2025-10-25,06,California,wk inc rsv hosp,hosp,22,0.06
2025-10-25,08,Colorado,wk inc rsv hosp,hosp,2,0.03
2025-10-25,09,Connecticut,wk inc rsv hosp,hosp,2,0.06
2025-10-25,11,District of Columbia,wk inc rsv hosp,hosp,0,0
2025-10-25,10,Delaware,wk inc rsv hosp,hosp,4,0.39
2025-10-25,12,Florida,wk inc rsv hosp,hosp,277,1.23
2025-10-25,13,Georgia,wk inc rsv hosp,hosp,48,0.44
2025-10-25,15,Hawaii,wk inc rsv hosp,hosp,7,0.5
2025-10-25,19,Iowa,wk inc rsv hosp,hosp,4,0.12
2025-10-25,16,Idaho,wk inc rsv hosp,hosp,1,0.05
2025-10-25,17,Illinois,wk inc rsv hosp,hosp,7,0.06
2025-10-25,18,Indiana,wk inc rsv hosp,hosp,6,0.09
2025-10-25,20,Kansas,wk inc rsv hosp,hosp,1,0.03
2025-10-25,21,Kentucky,wk inc rsv hosp,hosp,4,0.09
2025-10-25,22,Louisiana,wk inc rsv hosp,hosp,18,0.39
2025-10-25,25,Massachusetts,wk inc rsv hosp,hosp,22,0.31
2025-10-25,24,Maryland,wk inc rsv hosp,hosp,7,0.11
2025-10-25,23,Maine,wk inc rsv hosp,hosp,0,0
2025-10-25,26,Michigan,wk inc rsv hosp,hosp,7,0.07
2025-10-25,27,Minnesota,wk inc rsv hosp,hosp,10,0.17
2025-10-25,29,Missouri,wk inc rsv hosp,hosp,4,0.06
2025-10-25,28,Mississippi,wk inc rsv hosp,hosp,0,0
2025-10-25,30,Montana,wk inc rsv hosp,hosp,0,0
2025-10-25,37,North Carolina,wk inc rsv hosp,hosp,16,0.15
2025-10-25,38,North Dakota,wk inc rsv hosp,hosp,0,0
2025-10-25,31,Nebraska,wk inc rsv hosp,hosp,2,0.1
2025-10-25,33,New Hampshire,wk inc rsv hosp,hosp,0,0
2025-10-25,34,New Jersey,wk inc rsv hosp,hosp,22,0.24
2025-10-25,35,New Mexico,wk inc rsv hosp,hosp,0,0
2025-10-25,32,Nevada,wk inc rsv hosp,hosp,4,0.13
2025-10-25,36,New York,wk inc rsv hosp,hosp,48,0.25
2025-10-25,39,Ohio,wk inc rsv hosp,hosp,8,0.07
2025-10-25,40,Oklahoma,wk inc rsv hosp,hosp,1,0.02
2025-10-25,41,Oregon,wk inc rsv hosp,hosp,0,0
2025-10-25,42,Pennsylvania,wk inc rsv hosp,hosp,55,0.42
2025-10-25,72,Puerto Rico,wk inc rsv hosp,hosp,30,0.91
2025-10-25,44,Rhode Island,wk inc rsv hosp,hosp,5,0.46
2025-10-25,45,South Carolina,wk inc rsv hosp,hosp,25,0.47
2025-10-25,46,South Dakota,wk inc rsv hosp,hosp,0,0
2025-10-25,47,Tennessee,wk inc rsv hosp,hosp,6,0.08
2025-10-25,48,Texas,wk inc rsv hosp,hosp,91,0.3
2025-10-25,US,United States,wk inc rsv hosp,hosp,836,0.25
2025-10-25,49,Utah,wk inc rsv hosp,hosp,1,0.03
2025-10-25,51,Virginia,wk inc rsv hosp,hosp,20,0.23
2025-10-25,50,Vermont,wk inc rsv hosp,hosp,0,0
2025-10-25,53,Washington,wk inc rsv hosp,hosp,5,0.06
2025-10-25,55,Wisconsin,wk inc rsv hosp,hosp,2,0.03
2025-10-25,54,West Virginia,wk inc rsv hosp,hosp,3,0.17
2025-10-25,56,Wyoming,wk inc rsv hosp,hosp,0,0
2025-11-01,02,Alaska,wk inc rsv hosp,hosp,3,0.42
2025-11-01,01,Alabama,wk inc rsv hosp,hosp,24,0.47
2025-11-01,05,Arkansas,wk inc rsv hosp,hosp,6,0.2
2025-11-01,04,Arizona,wk inc rsv hosp,hosp,1,0.01
2025-11-01,06,California,wk inc rsv hosp,hosp,43,0.11
2025-11-01,08,Colorado,wk inc rsv hosp,hosp,1,0.02
2025-11-01,09,Connecticut,wk inc rsv hosp,hosp,5,0.14
2025-11-01,11,District of Columbia,wk inc rsv hosp,hosp,0,0
2025-11-01,10,Delaware,wk inc rsv hosp,hosp,4,0.39
2025-11-01,12,Florida,wk inc rsv hosp,hosp,349,1.55
2025-11-01,13,Georgia,wk inc rsv hosp,hosp,50,0.46
2025-11-01,15,Hawaii,wk inc rsv hosp,hosp,7,0.5
2025-11-01,19,Iowa,wk inc rsv hosp,hosp,3,0.09
2025-11-01,16,Idaho,wk inc rsv hosp,hosp,1,0.05
2025-11-01,17,Illinois,wk inc rsv hosp,hosp,14,0.11
2025-11-01,18,Indiana,wk inc rsv hosp,hosp,7,0.1
2025-11-01,20,Kansas,wk inc rsv hosp,hosp,8,0.27
2025-11-01,21,Kentucky,wk inc rsv hosp,hosp,5,0.11
2025-11-01,22,Louisiana,wk inc rsv hosp,hosp,15,0.33
2025-11-01,25,Massachusetts,wk inc rsv hosp,hosp,32,0.46
2025-11-01,24,Maryland,wk inc rsv hosp,hosp,14,0.23
2025-11-01,23,Maine,wk inc rsv hosp,hosp,0,0
2025-11-01,26,Michigan,wk inc rsv hosp,hosp,14,0.14
2025-11-01,27,Minnesota,wk inc rsv hosp,hosp,13,0.23
2025-11-01,29,Missouri,wk inc rsv hosp,hosp,3,0.05
2025-11-01,28,Mississippi,wk inc rsv hosp,hosp,2,0.07
2025-11-01,30,Montana,wk inc rsv hosp,hosp,0,0
2025-11-01,37,North Carolina,wk inc rsv hosp,hosp,24,0.22
2025-11-01,38,North Dakota,wk inc rsv hosp,hosp,0,0
2025-11-01,31,Nebraska,wk inc rsv hosp,hosp,1,0.05
2025-11-01,33,New Hampshire,wk inc rsv hosp,hosp,2,0.14
2025-11-01,34,New Jersey,wk inc rsv hosp,hosp,32,0.34
2025-11-01,35,New Mexico,wk inc rsv hosp,hosp,0,0
2025-11-01,32,Nevada,wk inc rsv hosp,hosp,2,0.06
2025-11-01,36,New York,wk inc rsv hosp,hosp,57,0.29
2025-11-01,39,Ohio,wk inc rsv hosp,hosp,13,0.11
2025-11-01,40,Oklahoma,wk inc rsv hosp,hosp,0,0
2025-11-01,41,Oregon,wk inc rsv hosp,hosp,0,0
2025-11-01,42,Pennsylvania,wk inc rsv hosp,hosp,48,0.37
2025-11-01,72,Puerto Rico,wk inc rsv hosp,hosp,40,1.22
2025-11-01,44,Rhode Island,wk inc rsv hosp,hosp,5,0.46
2025-11-01,45,South Carolina,wk inc rsv hosp,hosp,28,0.52
2025-11-01,46,South Dakota,wk inc rsv hosp,hosp,0,0
2025-11-01,47,Tennessee,wk inc rsv hosp,hosp,11,0.15
2025-11-01,48,Texas,wk inc rsv hosp,hosp,113,0.37
2025-11-01,US,United States,wk inc rsv hosp,hosp,1044,0.31
2025-11-01,49,Utah,wk inc rsv hosp,hosp,0,0
2025-11-01,51,Virginia,wk inc rsv hosp,hosp,30,0.35
2025-11-01,50,Vermont,wk inc rsv hosp,hosp,0,0
2025-11-01,53,Washington,wk inc rsv hosp,hosp,4,0.05
2025-11-01,55,Wisconsin,wk inc rsv hosp,hosp,7,0.12
2025-11-01,54,West Virginia,wk inc rsv hosp,hosp,1,0.06
2025-11-01,56,Wyoming,wk inc rsv hosp,hosp,0,0
2025-11-08,02,Alaska,wk inc rsv hosp,hosp,3,0.42
2025-11-08,01,Alabama,wk inc rsv hosp,hosp,37,0.73
2025-11-08,05,Arkansas,wk inc rsv hosp,hosp,21,0.69
2025-11-08,04,Arizona,wk inc rsv hosp,hosp,6,0.08
2025-11-08,06,California,wk inc rsv hosp,hosp,38,0.1
2025-11-08,08,Colorado,wk inc rsv hosp,hosp,3,0.05
2025-11-08,09,Connecticut,wk inc rsv hosp,hosp,4,0.11
2025-11-08,11,District of Columbia,wk inc rsv hosp,hosp,1,0.15
2025-11-08,10,Delaware,wk inc rsv hosp,hosp,4,0.39
2025-11-08,12,Florida,wk inc rsv hosp,hosp,321,1.42
2025-11-08,13,Georgia,wk inc rsv hosp,hosp,78,0.71
2025-11-08,15,Hawaii,wk inc rsv hosp,hosp,2,0.14
2025-11-08,19,Iowa,wk inc rsv hosp,hosp,2,0.06
2025-11-08,16,Idaho,wk inc rsv hosp,hosp,2,0.1
2025-11-08,17,Illinois,wk inc rsv hosp,hosp,16,0.13
2025-11-08,18,Indiana,wk inc rsv hosp,hosp,17,0.25
2025-11-08,20,Kansas,wk inc rsv hosp,hosp,3,0.1
2025-11-08,21,Kentucky,wk inc rsv hosp,hosp,12,0.27
2025-11-08,22,Louisiana,wk inc rsv hosp,hosp,24,0.53
2025-11-08,25,Massachusetts,wk inc rsv hosp,hosp,23,0.33
2025-11-08,24,Maryland,wk inc rsv hosp,hosp,16,0.26
2025-11-08,23,Maine,wk inc rsv hosp,hosp,1,0.07
2025-11-08,26,Michigan,wk inc rsv hosp,hosp,10,0.1
2025-11-08,27,Minnesota,wk inc rsv hosp,hosp,10,0.17
2025-11-08,29,Missouri,wk inc rsv hosp,hosp,4,0.06
2025-11-08,28,Mississippi,wk inc rsv hosp,hosp,1,0.03
2025-11-08,30,Montana,wk inc rsv hosp,hosp,0,0
2025-11-08,37,North Carolina,wk inc rsv hosp,hosp,36,0.34
2025-11-08,38,North Dakota,wk inc rsv hosp,hosp,0,0
2025-11-08,31,Nebraska,wk inc rsv hosp,hosp,2,0.1
2025-11-08,33,New Hampshire,wk inc rsv hosp,hosp,1,0.07
2025-11-08,34,New Jersey,wk inc rsv hosp,hosp,42,0.45
2025-11-08,35,New Mexico,wk inc rsv hosp,hosp,0,0
2025-11-08,32,Nevada,wk inc rsv hosp,hosp,3,0.09
2025-11-08,36,New York,wk inc rsv hosp,hosp,66,0.34
2025-11-08,39,Ohio,wk inc rsv hosp,hosp,27,0.23
2025-11-08,40,Oklahoma,wk inc rsv hosp,hosp,1,0.02
2025-11-08,41,Oregon,wk inc rsv hosp,hosp,2,0.05
2025-11-08,42,Pennsylvania,wk inc rsv hosp,hosp,39,0.3
2025-11-08,72,Puerto Rico,wk inc rsv hosp,hosp,81,2.47
2025-11-08,44,Rhode Island,wk inc rsv hosp,hosp,5,0.46
2025-11-08,45,South Carolina,wk inc rsv hosp,hosp,41,0.77
2025-11-08,46,South Dakota,wk inc rsv hosp,hosp,1,0.11
2025-11-08,47,Tennessee,wk inc rsv hosp,hosp,14,0.2
2025-11-08,48,Texas,wk inc rsv hosp,hosp,185,0.61
2025-11-08,US,United States,wk inc rsv hosp,hosp,1260,0.37
2025-11-08,49,Utah,wk inc rsv hosp,hosp,0,0
2025-11-08,51,Virginia,wk inc rsv hosp,hosp,30,0.35
2025-11-08,50,Vermont,wk inc rsv hosp,hosp,0,0
2025-11-08,53,Washington,wk inc rsv hosp,hosp,10,0.13
2025-11-08,55,Wisconsin,wk inc rsv hosp,hosp,6,0.1
2025-11-08,54,West Virginia,wk inc rsv hosp,hosp,5,0.28
2025-11-08,56,Wyoming,wk inc rsv hosp,hosp,0,0
2025-11-15,02,Alaska,wk inc rsv hosp,hosp,3,0.42
2025-11-15,01,Alabama,wk inc rsv hosp,hosp,40,0.78
2025-11-15,05,Arkansas,wk inc rsv hosp,hosp,29,0.95
2025-11-15,04,Arizona,wk inc rsv hosp,hosp,4,0.05
2025-11-15,06,California,wk inc rsv hosp,hosp,71,0.18
2025-11-15,08,Colorado,wk inc rsv hosp,hosp,6,0.1
2025-11-15,09,Connecticut,wk inc rsv hosp,hosp,4,0.11
2025-11-15,11,District of Columbia,wk inc rsv hosp,hosp,2,0.3
2025-11-15,10,Delaware,wk inc rsv hosp,hosp,12,1.17
2025-11-15,12,Florida,wk inc rsv hosp,hosp,329,1.46
2025-11-15,13,Georgia,wk inc rsv hosp,hosp,105,0.96
2025-11-15,15,Hawaii,wk inc rsv hosp,hosp,9,0.65
2025-11-15,19,Iowa,wk inc rsv hosp,hosp,1,0.03
2025-11-15,16,Idaho,wk inc rsv hosp,hosp,1,0.05
2025-11-15,17,Illinois,wk inc rsv hosp,hosp,19,0.15
2025-11-15,18,Indiana,wk inc rsv hosp,hosp,14,0.2
2025-11-15,20,Kansas,wk inc rsv hosp,hosp,4,0.14
2025-11-15,21,Kentucky,wk inc rsv hosp,hosp,14,0.31
2025-11-15,22,Louisiana,wk inc rsv hosp,hosp,32,0.7
2025-11-15,25,Massachusetts,wk inc rsv hosp,hosp,20,0.29
2025-11-15,24,Maryland,wk inc rsv hosp,hosp,27,0.44
2025-11-15,23,Maine,wk inc rsv hosp,hosp,0,0
2025-11-15,26,Michigan,wk inc rsv hosp,hosp,9,0.09
2025-11-15,27,Minnesota,wk inc rsv hosp,hosp,18,0.31
2025-11-15,29,Missouri,wk inc rsv hosp,hosp,9,0.15
2025-11-15,28,Mississippi,wk inc rsv hosp,hosp,6,0.2
2025-11-15,30,Montana,wk inc rsv hosp,hosp,0,0
2025-11-15,37,North Carolina,wk inc rsv hosp,hosp,30,0.28
2025-11-15,38,North Dakota,wk inc rsv hosp,hosp,0,0
2025-11-15,31,Nebraska,wk inc rsv hosp,hosp,6,0.3
2025-11-15,33,New Hampshire,wk inc rsv hosp,hosp,5,0.36
2025-11-15,34,New Jersey,wk inc rsv hosp,hosp,46,0.5
2025-11-15,35,New Mexico,wk inc rsv hosp,hosp,2,0.1
2025-11-15,32,Nevada,wk inc rsv hosp,hosp,2,0.06
2025-11-15,36,New York,wk inc rsv hosp,hosp,106,0.54
2025-11-15,39,Ohio,wk inc rsv hosp,hosp,35,0.3
2025-11-15,40,Oklahoma,wk inc rsv hosp,hosp,1,0.02
2025-11-15,41,Oregon,wk inc rsv hosp,hosp,6,0.14
2025-11-15,42,Pennsylvania,wk inc rsv hosp,hosp,100,0.77
2025-11-15,72,Puerto Rico,wk inc rsv hosp,hosp,97,2.95
2025-11-15,44,Rhode Island,wk inc rsv hosp,hosp,4,0.37
2025-11-15,45,South Carolina,wk inc rsv hosp,hosp,53,0.99
2025-11-15,46,South Dakota,wk inc rsv hosp,hosp,0,0
2025-11-15,47,Tennessee,wk inc rsv hosp,hosp,15,0.21
2025-11-15,48,Texas,wk inc rsv hosp,hosp,202,0.66
2025-11-15,US,United States,wk inc rsv hosp,hosp,1550,0.46
2025-11-15,49,Utah,wk inc rsv hosp,hosp,0,0
2025-11-15,51,Virginia,wk inc rsv hosp,hosp,38,0.44
2025-11-15,50,Vermont,wk inc rsv hosp,hosp,0,0
2025-11-15,53,Washington,wk inc rsv hosp,hosp,4,0.05
2025-11-15,55,Wisconsin,wk inc rsv hosp,hosp,5,0.08
2025-11-15,54,West Virginia,wk inc rsv hosp,hosp,4,0.23
2025-11-15,56,Wyoming,wk inc rsv hosp,hosp,0,0
2025-11-22,02,Alaska,wk inc rsv hosp,hosp,2,0.28
2025-11-22,01,Alabama,wk inc rsv hosp,hosp,56,1.1
2025-11-22,05,Arkansas,wk inc rsv hosp,hosp,23,0.75
2025-11-22,04,Arizona,wk inc rsv hosp,hosp,9,0.12
2025-11-22,06,California,wk inc rsv hosp,hosp,73,0.19
2025-11-22,08,Colorado,wk inc rsv hosp,hosp,8,0.14
2025-11-22,09,Connecticut,wk inc rsv hosp,hosp,9,0.25
2025-11-22,11,District of Columbia,wk inc rsv hosp,hosp,3,0.44
2025-11-22,10,Delaware,wk inc rsv hosp,hosp,14,1.36
2025-11-22,12,Florida,wk inc rsv hosp,hosp,387,1.72
2025-11-22,13,Georgia,wk inc rsv hosp,hosp,108,0.98
2025-11-22,15,Hawaii,wk inc rsv hosp,hosp,6,0.43
2025-11-22,19,Iowa,wk inc rsv hosp,hosp,2,0.06
2025-11-22,16,Idaho,wk inc rsv hosp,hosp,0,0
2025-11-22,17,Illinois,wk inc rsv hosp,hosp,32,0.26
2025-11-22,18,Indiana,wk inc rsv hosp,hosp,26,0.38
2025-11-22,20,Kansas,wk inc rsv hosp,hosp,4,0.14
2025-11-22,21,Kentucky,wk inc rsv hosp,hosp,17,0.38
2025-11-22,22,Louisiana,wk inc rsv hosp,hosp,53,1.16
2025-11-22,25,Massachusetts,wk inc rsv hosp,hosp,15,0.21
2025-11-22,24,Maryland,wk inc rsv hosp,hosp,18,0.29
2025-11-22,23,Maine,wk inc rsv hosp,hosp,2,0.14
2025-11-22,26,Michigan,wk inc rsv hosp,hosp,10,0.1
2025-11-22,27,Minnesota,wk inc rsv hosp,hosp,25,0.44
2025-11-22,29,Missouri,wk inc rsv hosp,hosp,10,0.16
2025-11-22,28,Mississippi,wk inc rsv hosp,hosp,11,0.38
2025-11-22,30,Montana,wk inc rsv hosp,hosp,2,0.18
2025-11-22,37,North Carolina,wk inc rsv hosp,hosp,48,0.45
2025-11-22,38,North Dakota,wk inc rsv hosp,hosp,1,0.13
2025-11-22,31,Nebraska,wk inc rsv hosp,hosp,2,0.1
2025-11-22,33,New Hampshire,wk inc rsv hosp,hosp,3,0.21
2025-11-22,34,New Jersey,wk inc rsv hosp,hosp,68,0.73
2025-11-22,35,New Mexico,wk inc rsv hosp,hosp,1,0.05
2025-11-22,32,Nevada,wk inc rsv hosp,hosp,3,0.09
2025-11-22,36,New York,wk inc rsv hosp,hosp,134,0.69
2025-11-22,39,Ohio,wk inc rsv hosp,hosp,33,0.28
2025-11-22,40,Oklahoma,wk inc rsv hosp,hosp,2,0.05
2025-11-22,41,Oregon,wk inc rsv hosp,hosp,2,0.05
2025-11-22,42,Pennsylvania,wk inc rsv hosp,hosp,89,0.69
2025-11-22,72,Puerto Rico,wk inc rsv hosp,hosp,117,3.56
2025-11-22,44,Rhode Island,wk inc rsv hosp,hosp,11,1.01
2025-11-22,45,South Carolina,wk inc rsv hosp,hosp,54,1.01
2025-11-22,46,South Dakota,wk inc rsv hosp,hosp,0,0
2025-11-22,47,Tennessee,wk inc rsv hosp,hosp,24,0.34
2025-11-22,48,Texas,wk inc rsv hosp,hosp,255,0.84
2025-11-22,US,United States,wk inc rsv hosp,hosp,1847,0.55
2025-11-22,49,Utah,wk inc rsv hosp,hosp,2,0.06
2025-11-22,51,Virginia,wk inc rsv hosp,hosp,39,0.45
2025-11-22,50,Vermont,wk inc rsv hosp,hosp,1,0.15
2025-11-22,53,Washington,wk inc rsv hosp,hosp,13,0.17
2025-11-22,55,Wisconsin,wk inc rsv hosp,hosp,11,0.19
2025-11-22,54,West Virginia,wk inc rsv hosp,hosp,9,0.51
2025-11-22,56,Wyoming,wk inc rsv hosp,hosp,0,0
2025-11-29,02,Alaska,wk inc rsv hosp,hosp,0,0
2025-11-29,01,Alabama,wk inc rsv hosp,hosp,51,1
2025-11-29,05,Arkansas,wk inc rsv hosp,hosp,27,0.88
2025-11-29,04,Arizona,wk inc rsv hosp,hosp,8,0.11
2025-11-29,06,California,wk inc rsv hosp,hosp,96,0.25
2025-11-29,08,Colorado,wk inc rsv hosp,hosp,10,0.17
2025-11-29,09,Connecticut,wk inc rsv hosp,hosp,14,0.39
2025-11-29,11,District of Columbia,wk inc rsv hosp,hosp,2,0.3
2025-11-29,10,Delaware,wk inc rsv hosp,hosp,15,1.46
2025-11-29,12,Florida,wk inc rsv hosp,hosp,423,1.88
2025-11-29,13,Georgia,wk inc rsv hosp,hosp,153,1.39
2025-11-29,15,Hawaii,wk inc rsv hosp,hosp,13,0.93
2025-11-29,19,Iowa,wk inc rsv hosp,hosp,4,0.12
2025-11-29,16,Idaho,wk inc rsv hosp,hosp,5,0.25
2025-11-29,17,Illinois,wk inc rsv hosp,hosp,33,0.26
2025-11-29,18,Indiana,wk inc rsv hosp,hosp,36,0.52
2025-11-29,20,Kansas,wk inc rsv hosp,hosp,0,0
2025-11-29,21,Kentucky,wk inc rsv hosp,hosp,27,0.6
2025-11-29,22,Louisiana,wk inc rsv hosp,hosp,62,1.36
2025-11-29,25,Massachusetts,wk inc rsv hosp,hosp,21,0.3
2025-11-29,24,Maryland,wk inc rsv hosp,hosp,39,0.63
2025-11-29,23,Maine,wk inc rsv hosp,hosp,0,0
2025-11-29,26,Michigan,wk inc rsv hosp,hosp,22,0.22
2025-11-29,27,Minnesota,wk inc rsv hosp,hosp,19,0.33
2025-11-29,29,Missouri,wk inc rsv hosp,hosp,13,0.21
2025-11-29,28,Mississippi,wk inc rsv hosp,hosp,12,0.41
2025-11-29,30,Montana,wk inc rsv hosp,hosp,0,0
2025-11-29,37,North Carolina,wk inc rsv hosp,hosp,77,0.72
2025-11-29,38,North Dakota,wk inc rsv hosp,hosp,1,0.13
2025-11-29,31,Nebraska,wk inc rsv hosp,hosp,4,0.2
2025-11-29,33,New Hampshire,wk inc rsv hosp,hosp,6,0.43
2025-11-29,34,New Jersey,wk inc rsv hosp,hosp,84,0.9
2025-11-29,35,New Mexico,wk inc rsv hosp,hosp,2,0.1
2025-11-29,32,Nevada,wk inc rsv hosp,hosp,5,0.16
2025-11-29,36,New York,wk inc rsv hosp,hosp,207,1.06
2025-11-29,39,Ohio,wk inc rsv hosp,hosp,57,0.48
2025-11-29,40,Oklahoma,wk inc rsv hosp,hosp,9,0.22
2025-11-29,41,Oregon,wk inc rsv hosp,hosp,4,0.09
2025-11-29,42,Pennsylvania,wk inc rsv hosp,hosp,141,1.09
2025-11-29,72,Puerto Rico,wk inc rsv hosp,hosp,149,4.53
2025-11-29,44,Rhode Island,wk inc rsv hosp,hosp,13,1.19
2025-11-29,45,South Carolina,wk inc rsv hosp,hosp,71,1.33
2025-11-29,46,South Dakota,wk inc rsv hosp,hosp,0,0
2025-11-29,47,Tennessee,wk inc rsv hosp,hosp,20,0.28
2025-11-29,48,Texas,wk inc rsv hosp,hosp,316,1.04
2025-11-29,US,United States,wk inc rsv hosp,hosp,2366,0.7
2025-11-29,49,Utah,wk inc rsv hosp,hosp,2,0.06
2025-11-29,51,Virginia,wk inc rsv hosp,hosp,46,0.53
2025-11-29,50,Vermont,wk inc rsv hosp,hosp,1,0.15
2025-11-29,53,Washington,wk inc rsv hosp,hosp,8,0.1
2025-11-29,55,Wisconsin,wk inc rsv hosp,hosp,9,0.15
2025-11-29,54,West Virginia,wk inc rsv hosp,hosp,23,1.3
2025-11-29,56,Wyoming,wk inc rsv hosp,hosp,0,0
2025-12-06,02,Alaska,wk inc rsv hosp,hosp,1,0.14
2025-12-06,01,Alabama,wk inc rsv hosp,hosp,78,1.53
2025-12-06,05,Arkansas,wk inc rsv hosp,hosp,30,0.98
2025-12-06,04,Arizona,wk inc rsv hosp,hosp,3,0.04
2025-12-06,06,California,wk inc rsv hosp,hosp,136,0.35
2025-12-06,08,Colorado,wk inc rsv hosp,hosp,12,0.21
2025-12-06,09,Connecticut,wk inc rsv hosp,hosp,13,0.36
2025-12-06,11,District of Columbia,wk inc rsv hosp,hosp,2,0.3
2025-12-06,10,Delaware,wk inc rsv hosp,hosp,13,1.26
2025-12-06,12,Florida,wk inc rsv hosp,hosp,426,1.89
2025-12-06,13,Georgia,wk inc rsv hosp,hosp,160,1.46
2025-12-06,15,Hawaii,wk inc rsv hosp,hosp,7,0.5
2025-12-06,19,Iowa,wk inc rsv hosp,hosp,6,0.19
2025-12-06,16,Idaho,wk inc rsv hosp,hosp,5,0.25
2025-12-06,17,Illinois,wk inc rsv hosp,hosp,56,0.45
2025-12-06,18,Indiana,wk inc rsv hosp,hosp,44,0.64
2025-12-06,20,Kansas,wk inc rsv hosp,hosp,5,0.17
2025-12-06,21,Kentucky,wk inc rsv hosp,hosp,31,0.69
2025-12-06,22,Louisiana,wk inc rsv hosp,hosp,81,1.78
2025-12-06,25,Massachusetts,wk inc rsv hosp,hosp,63,0.9
2025-12-06,24,Maryland,wk inc rsv hosp,hosp,49,0.8
2025-12-06,23,Maine,wk inc rsv hosp,hosp,3,0.22
2025-12-06,26,Michigan,wk inc rsv hosp,hosp,25,0.25
2025-12-06,27,Minnesota,wk inc rsv hosp,hosp,27,0.47
2025-12-06,29,Missouri,wk inc rsv hosp,hosp,18,0.29
2025-12-06,28,Mississippi,wk inc rsv hosp,hosp,15,0.51
2025-12-06,30,Montana,wk inc rsv hosp,hosp,2,0.18
2025-12-06,37,North Carolina,wk inc rsv hosp,hosp,107,1
2025-12-06,38,North Dakota,wk inc rsv hosp,hosp,3,0.39
2025-12-06,31,Nebraska,wk inc rsv hosp,hosp,4,0.2
2025-12-06,33,New Hampshire,wk inc rsv hosp,hosp,4,0.29
2025-12-06,34,New Jersey,wk inc rsv hosp,hosp,114,1.23
2025-12-06,35,New Mexico,wk inc rsv hosp,hosp,4,0.19
2025-12-06,32,Nevada,wk inc rsv hosp,hosp,9,0.28
2025-12-06,36,New York,wk inc rsv hosp,hosp,281,1.44
2025-12-06,39,Ohio,wk inc rsv hosp,hosp,102,0.87
2025-12-06,40,Oklahoma,wk inc rsv hosp,hosp,12,0.3
2025-12-06,41,Oregon,wk inc rsv hosp,hosp,10,0.24
2025-12-06,42,Pennsylvania,wk inc rsv hosp,hosp,152,1.17
2025-12-06,72,Puerto Rico,wk inc rsv hosp,hosp,158,4.81
2025-12-06,44,Rhode Island,wk inc rsv hosp,hosp,13,1.19
2025-12-06,45,South Carolina,wk inc rsv hosp,hosp,97,1.82
2025-12-06,46,South Dakota,wk inc rsv hosp,hosp,1,0.11
2025-12-06,47,Tennessee,wk inc rsv hosp,hosp,46,0.65
2025-12-06,48,Texas,wk inc rsv hosp,hosp,348,1.15
2025-12-06,US,United States,wk inc rsv hosp,hosp,2916,0.86
2025-12-06,49,Utah,wk inc rsv hosp,hosp,2,0.06
2025-12-06,51,Virginia,wk inc rsv hosp,hosp,70,0.81
2025-12-06,50,Vermont,wk inc rsv hosp,hosp,0,0
2025-12-06,53,Washington,wk inc rsv hosp,hosp,30,0.39
2025-12-06,55,Wisconsin,wk inc rsv hosp,hosp,17,0.29
2025-12-06,54,West Virginia,wk inc rsv hosp,hosp,20,1.13
2025-12-06,56,Wyoming,wk inc rsv hosp,hosp,1,0.17
2025-12-13,02,Alaska,wk inc rsv hosp,hosp,3,0.42
2025-12-13,01,Alabama,wk inc rsv hosp,hosp,84,1.65
2025-12-13,05,Arkansas,wk inc rsv hosp,hosp,30,0.98
2025-12-13,04,Arizona,wk inc rsv hosp,hosp,8,0.11
2025-12-13,06,California,wk inc rsv hosp,hosp,150,0.39
2025-12-13,08,Colorado,wk inc rsv hosp,hosp,28,0.48
2025-12-13,09,Connecticut,wk inc rsv hosp,hosp,27,0.75
2025-12-13,11,District of Columbia,wk inc rsv hosp,hosp,3,0.44
2025-12-13,10,Delaware,wk inc rsv hosp,hosp,24,2.33
2025-12-13,12,Florida,wk inc rsv hosp,hosp,435,1.93
2025-12-13,13,Georgia,wk inc rsv hosp,hosp,193,1.76
2025-12-13,15,Hawaii,wk inc rsv hosp,hosp,10,0.72
2025-12-13,19,Iowa,wk inc rsv hosp,hosp,5,0.16
2025-12-13,16,Idaho,wk inc rsv hosp,hosp,3,0.15
2025-12-13,17,Illinois,wk inc rsv hosp,hosp,90,0.72
2025-12-13,18,Indiana,wk inc rsv hosp,hosp,70,1.02
2025-12-13,20,Kansas,wk inc rsv hosp,hosp,16,0.55
2025-12-13,21,Kentucky,wk inc rsv hosp,hosp,40,0.89
2025-12-13,22,Louisiana,wk inc rsv hosp,hosp,94,2.06
2025-12-13,25,Massachusetts,wk inc rsv hosp,hosp,41,0.59
2025-12-13,24,Maryland,wk inc rsv hosp,hosp,90,1.46
2025-12-13,23,Maine,wk inc rsv hosp,hosp,0,0
2025-12-13,26,Michigan,wk inc rsv hosp,hosp,42,0.42
2025-12-13,27,Minnesota,wk inc rsv hosp,hosp,38,0.66
2025-12-13,29,Missouri,wk inc rsv hosp,hosp,27,0.44
2025-12-13,28,Mississippi,wk inc rsv hosp,hosp,24,0.82
2025-12-13,30,Montana,wk inc rsv hosp,hosp,2,0.18
2025-12-13,37,North Carolina,wk inc rsv hosp,hosp,143,1.33
2025-12-13,38,North Dakota,wk inc rsv hosp,hosp,1,0.13
2025-12-13,31,Nebraska,wk inc rsv hosp,hosp,5,0.25
2025-12-13,33,New Hampshire,wk inc rsv hosp,hosp,6,0.43
2025-12-13,34,New Jersey,wk inc rsv hosp,hosp,168,1.81
2025-12-13,35,New Mexico,wk inc rsv hosp,hosp,6,0.29
2025-12-13,32,Nevada,wk inc rsv hosp,hosp,16,0.5
2025-12-13,36,New York,wk inc rsv hosp,hosp,364,1.86
2025-12-13,39,Ohio,wk inc rsv hosp,hosp,111,0.94
2025-12-13,40,Oklahoma,wk inc rsv hosp,hosp,7,0.17
2025-12-13,41,Oregon,wk inc rsv hosp,hosp,12,0.28
2025-12-13,42,Pennsylvania,wk inc rsv hosp,hosp,230,1.77
2025-12-13,72,Puerto Rico,wk inc rsv hosp,hosp,123,3.74
2025-12-13,44,Rhode Island,wk inc rsv hosp,hosp,23,2.11
2025-12-13,45,South Carolina,wk inc rsv hosp,hosp,106,1.99
2025-12-13,46,South Dakota,wk inc rsv hosp,hosp,1,0.11
2025-12-13,47,Tennessee,wk inc rsv hosp,hosp,51,0.72
2025-12-13,48,Texas,wk inc rsv hosp,hosp,436,1.43
2025-12-13,US,United States,wk inc rsv hosp,hosp,3526,1.04
2025-12-13,49,Utah,wk inc rsv hosp,hosp,0,0
2025-12-13,51,Virginia,wk inc rsv hosp,hosp,78,0.91
2025-12-13,50,Vermont,wk inc rsv hosp,hosp,2,0.31
2025-12-13,53,Washington,wk inc rsv hosp,hosp,33,0.43
2025-12-13,55,Wisconsin,wk inc rsv hosp,hosp,10,0.17
2025-12-13,54,West Virginia,wk inc rsv hosp,hosp,15,0.85
2025-12-13,56,Wyoming,wk inc rsv hosp,hosp,1,0.17
2025-12-20,02,Alaska,wk inc rsv hosp,hosp,4,0.56
2025-12-20,01,Alabama,wk inc rsv hosp,hosp,92,1.8
2025-12-20,05,Arkansas,wk inc rsv hosp,hosp,55,1.8
2025-12-20,04,Arizona,wk inc rsv hosp,hosp,18,0.24
2025-12-20,06,California,wk inc rsv hosp,hosp,191,0.49
2025-12-20,08,Colorado,wk inc rsv hosp,hosp,41,0.7
2025-12-20,09,Connecticut,wk inc rsv hosp,hosp,25,0.69
2025-12-20,11,District of Columbia,wk inc rsv hosp,hosp,4,0.59
2025-12-20,10,Delaware,wk inc rsv hosp,hosp,36,3.5
2025-12-20,12,Florida,wk inc rsv hosp,hosp,410,1.82
2025-12-20,13,Georgia,wk inc rsv hosp,hosp,219,2
2025-12-20,15,Hawaii,wk inc rsv hosp,hosp,4,0.29
2025-12-20,19,Iowa,wk inc rsv hosp,hosp,16,0.5
2025-12-20,16,Idaho,wk inc rsv hosp,hosp,5,0.25
2025-12-20,17,Illinois,wk inc rsv hosp,hosp,126,1.01
2025-12-20,18,Indiana,wk inc rsv hosp,hosp,76,1.11
2025-12-20,20,Kansas,wk inc rsv hosp,hosp,24,0.82
2025-12-20,21,Kentucky,wk inc rsv hosp,hosp,58,1.29
2025-12-20,22,Louisiana,wk inc rsv hosp,hosp,116,2.54
2025-12-20,25,Massachusetts,wk inc rsv hosp,hosp,55,0.79
2025-12-20,24,Maryland,wk inc rsv hosp,hosp,90,1.46
2025-12-20,23,Maine,wk inc rsv hosp,hosp,4,0.29
2025-12-20,26,Michigan,wk inc rsv hosp,hosp,79,0.79
2025-12-20,27,Minnesota,wk inc rsv hosp,hosp,53,0.92
2025-12-20,29,Missouri,wk inc rsv hosp,hosp,52,0.84
2025-12-20,28,Mississippi,wk inc rsv hosp,hosp,32,1.09
2025-12-20,30,Montana,wk inc rsv hosp,hosp,7,0.62
2025-12-20,37,North Carolina,wk inc rsv hosp,hosp,166,1.55
2025-12-20,38,North Dakota,wk inc rsv hosp,hosp,2,0.26
2025-12-20,31,Nebraska,wk inc rsv hosp,hosp,9,0.46
2025-12-20,33,New Hampshire,wk inc rsv hosp,hosp,8,0.57
2025-12-20,34,New Jersey,wk inc rsv hosp,hosp,206,2.22
2025-12-20,35,New Mexico,wk inc rsv hosp,hosp,14,0.67
2025-12-20,32,Nevada,wk inc rsv hosp,hosp,25,0.79
2025-12-20,36,New York,wk inc rsv hosp,hosp,390,1.99
2025-12-20,39,Ohio,wk inc rsv hosp,hosp,164,1.39
2025-12-20,40,Oklahoma,wk inc rsv hosp,hosp,14,0.35
2025-12-20,41,Oregon,wk inc rsv hosp,hosp,13,0.31
2025-12-20,42,Pennsylvania,wk inc rsv hosp,hosp,291,2.25
2025-12-20,72,Puerto Rico,wk inc rsv hosp,hosp,106,3.23
2025-12-20,44,Rhode Island,wk inc rsv hosp,hosp,22,2.01
2025-12-20,45,South Carolina,wk inc rsv hosp,hosp,131,2.46
2025-12-20,46,South Dakota,wk inc rsv hosp,hosp,3,0.33
2025-12-20,47,Tennessee,wk inc rsv hosp,hosp,101,1.42
2025-12-20,48,Texas,wk inc rsv hosp,hosp,511,1.68
2025-12-20,US,United States,wk inc rsv hosp,hosp,4281,1.27
2025-12-20,49,Utah,wk inc rsv hosp,hosp,7,0.21
2025-12-20,51,Virginia,wk inc rsv hosp,hosp,109,1.27
2025-12-20,50,Vermont,wk inc rsv hosp,hosp,0,0
2025-12-20,53,Washington,wk inc rsv hosp,hosp,47,0.61
2025-12-20,55,Wisconsin,wk inc rsv hosp,hosp,28,0.47
2025-12-20,54,West Virginia,wk inc rsv hosp,hosp,18,1.02
2025-12-20,56,Wyoming,wk inc rsv hosp,hosp,1,0.17
2025-12-27,02,Alaska,wk inc rsv hosp,hosp,8,1.12
2025-12-27,01,Alabama,wk inc rsv hosp,hosp,109,2.14
2025-12-27,05,Arkansas,wk inc rsv hosp,hosp,70,2.28
2025-12-27,04,Arizona,wk inc rsv hosp,hosp,23,0.31
2025-12-27,06,California,wk inc rsv hosp,hosp,278,0.72
2025-12-27,08,Colorado,wk inc rsv hosp,hosp,60,1.03
2025-12-27,09,Connecticut,wk inc rsv hosp,hosp,40,1.11
2025-12-27,11,District of Columbia,wk inc rsv hosp,hosp,5,0.74
2025-12-27,10,Delaware,wk inc rsv hosp,hosp,49,4.76
2025-12-27,12,Florida,wk inc rsv hosp,hosp,482,2.14
2025-12-27,13,Georgia,wk inc rsv hosp,hosp,261,2.38
2025-12-27,15,Hawaii,wk inc rsv hosp,hosp,8,0.57
2025-12-27,19,Iowa,wk inc rsv hosp,hosp,19,0.59
2025-12-27,16,Idaho,wk inc rsv hosp,hosp,13,0.66
2025-12-27,17,Illinois,wk inc rsv hosp,hosp,166,1.32
2025-12-27,18,Indiana,wk inc rsv hosp,hosp,108,1.57
2025-12-27,20,Kansas,wk inc rsv hosp,hosp,24,0.82
2025-12-27,21,Kentucky,wk inc rsv hosp,hosp,65,1.44
2025-12-27,22,Louisiana,wk inc rsv hosp,hosp,125,2.74
2025-12-27,25,Massachusetts,wk inc rsv hosp,hosp,76,1.09
2025-12-27,24,Maryland,wk inc rsv hosp,hosp,114,1.85
2025-12-27,23,Maine,wk inc rsv hosp,hosp,2,0.14
2025-12-27,26,Michigan,wk inc rsv hosp,hosp,92,0.92
2025-12-27,27,Minnesota,wk inc rsv hosp,hosp,66,1.15
2025-12-27,29,Missouri,wk inc rsv hosp,hosp,101,1.63
2025-12-27,28,Mississippi,wk inc rsv hosp,hosp,49,1.67
2025-12-27,30,Montana,wk inc rsv hosp,hosp,3,0.27
2025-12-27,37,North Carolina,wk inc rsv hosp,hosp,224,2.09
2025-12-27,38,North Dakota,wk inc rsv hosp,hosp,5,0.64
2025-12-27,31,Nebraska,wk inc rsv hosp,hosp,9,0.46
2025-12-27,33,New Hampshire,wk inc rsv hosp,hosp,10,0.71
2025-12-27,34,New Jersey,wk inc rsv hosp,hosp,229,2.47
2025-12-27,35,New Mexico,wk inc rsv hosp,hosp,11,0.52
2025-12-27,32,Nevada,wk inc rsv hosp,hosp,22,0.69
2025-12-27,36,New York,wk inc rsv hosp,hosp,468,2.39
2025-12-27,39,Ohio,wk inc rsv hosp,hosp,238,2.02
2025-12-27,40,Oklahoma,wk inc rsv hosp,hosp,28,0.69
2025-12-27,41,Oregon,wk inc rsv hosp,hosp,37,0.87
2025-12-27,42,Pennsylvania,wk inc rsv hosp,hosp,388,2.99
2025-12-27,72,Puerto Rico,wk inc rsv hosp,hosp,60,1.83
2025-12-27,44,Rhode Island,wk inc rsv hosp,hosp,25,2.29
2025-12-27,45,South Carolina,wk inc rsv hosp,hosp,158,2.96
2025-12-27,46,South Dakota,wk inc rsv hosp,hosp,4,0.44
2025-12-27,47,Tennessee,wk inc rsv hosp,hosp,109,1.53
2025-12-27,48,Texas,wk inc rsv hosp,hosp,686,2.26
2025-12-27,US,United States,wk inc rsv hosp,hosp,5384,1.6
2025-12-27,49,Utah,wk inc rsv hosp,hosp,8,0.23
2025-12-27,51,Virginia,wk inc rsv hosp,hosp,135,1.57
2025-12-27,50,Vermont,wk inc rsv hosp,hosp,4,0.62
2025-12-27,53,Washington,wk inc rsv hosp,hosp,58,0.75
2025-12-27,55,Wisconsin,wk inc rsv hosp,hosp,29,0.49
2025-12-27,54,West Virginia,wk inc rsv hosp,hosp,19,1.07
2025-12-27,56,Wyoming,wk inc rsv hosp,hosp,2,0.34
2026-01-03,02,Alaska,wk inc rsv hosp,hosp,6,0.84
2026-01-03,01,Alabama,wk inc rsv hosp,hosp,113,2.22
2026-01-03,05,Arkansas,wk inc rsv hosp,hosp,82,2.68
2026-01-03,04,Arizona,wk inc rsv hosp,hosp,40,0.54
2026-01-03,06,California,wk inc rsv hosp,hosp,409,1.05
2026-01-03,08,Colorado,wk inc rsv hosp,hosp,46,0.79
2026-01-03,09,Connecticut,wk inc rsv hosp,hosp,70,1.94
2026-01-03,11,District of Columbia,wk inc rsv hosp,hosp,11,1.63
2026-01-03,10,Delaware,wk inc rsv hosp,hosp,74,7.2
2026-01-03,12,Florida,wk inc rsv hosp,hosp,509,2.26
2026-01-03,13,Georgia,wk inc rsv hosp,hosp,250,2.28
2026-01-03,15,Hawaii,wk inc rsv hosp,hosp,23,1.65
2026-01-03,19,Iowa,wk inc rsv hosp,hosp,30,0.94
2026-01-03,16,Idaho,wk inc rsv hosp,hosp,16,0.82
2026-01-03,17,Illinois,wk inc rsv hosp,hosp,241,1.92
2026-01-03,18,Indiana,wk inc rsv hosp,hosp,158,2.3
2026-01-03,20,Kansas,wk inc rsv hosp,hosp,42,1.44
2026-01-03,21,Kentucky,wk inc rsv hosp,hosp,79,1.75
2026-01-03,22,Louisiana,wk inc rsv hosp,hosp,144,3.16
2026-01-03,25,Massachusetts,wk inc rsv hosp,hosp,109,1.56
2026-01-03,24,Maryland,wk inc rsv hosp,hosp,169,2.75
2026-01-03,23,Maine,wk inc rsv hosp,hosp,2,0.14
2026-01-03,26,Michigan,wk inc rsv hosp,hosp,127,1.27
2026-01-03,27,Minnesota,wk inc rsv hosp,hosp,80,1.39
2026-01-03,29,Missouri,wk inc rsv hosp,hosp,106,1.71
2026-01-03,28,Mississippi,wk inc rsv hosp,hosp,39,1.33
2026-01-03,30,Montana,wk inc rsv hosp,hosp,4,0.35
2026-01-03,37,North Carolina,wk inc rsv hosp,hosp,287,2.67
2026-01-03,38,North Dakota,wk inc rsv hosp,hosp,6,0.77
2026-01-03,31,Nebraska,wk inc rsv hosp,hosp,19,0.96
2026-01-03,33,New Hampshire,wk inc rsv hosp,hosp,18,1.28
2026-01-03,34,New Jersey,wk inc rsv hosp,hosp,311,3.35
2026-01-03,35,New Mexico,wk inc rsv hosp,hosp,18,0.86
2026-01-03,32,Nevada,wk inc rsv hosp,hosp,29,0.91
2026-01-03,36,New York,wk inc rsv hosp,hosp,552,2.82
2026-01-03,39,Ohio,wk inc rsv hosp,hosp,333,2.83
2026-01-03,40,Oklahoma,wk inc rsv hosp,hosp,34,0.84
2026-01-03,41,Oregon,wk inc rsv hosp,hosp,22,0.52
2026-01-03,42,Pennsylvania,wk inc rsv hosp,hosp,493,3.8
2026-01-03,72,Puerto Rico,wk inc rsv hosp,hosp,68,2.07
2026-01-03,44,Rhode Island,wk inc rsv hosp,hosp,34,3.11
2026-01-03,45,South Carolina,wk inc rsv hosp,hosp,177,3.32
2026-01-03,46,South Dakota,wk inc rsv hosp,hosp,6,0.66
2026-01-03,47,Tennessee,wk inc rsv hosp,hosp,171,2.41
2026-01-03,48,Texas,wk inc rsv hosp,hosp,685,2.25
2026-01-03,US,United States,wk inc rsv hosp,hosp,6581,1.95
2026-01-03,49,Utah,wk inc rsv hosp,hosp,7,0.21
2026-01-03,51,Virginia,wk inc rsv hosp,hosp,155,1.8
2026-01-03,50,Vermont,wk inc rsv hosp,hosp,2,0.31
2026-01-03,53,Washington,wk inc rsv hosp,hosp,53,0.68
2026-01-03,55,Wisconsin,wk inc rsv hosp,hosp,60,1.02
2026-01-03,54,West Virginia,wk inc rsv hosp,hosp,60,3.39
2026-01-03,56,Wyoming,wk inc rsv hosp,hosp,2,0.34
2026-01-10,02,Alaska,wk inc rsv hosp,hosp,8,1.12
2026-01-10,01,Alabama,wk inc rsv hosp,hosp,121,2.37
2026-01-10,05,Arkansas,wk inc rsv hosp,hosp,55,1.8
2026-01-10,04,Arizona,wk inc rsv hosp,hosp,41,0.55
2026-01-10,06,California,wk inc rsv hosp,hosp,407,1.05
2026-01-10,08,Colorado,wk inc rsv hosp,hosp,76,1.3
2026-01-10,09,Connecticut,wk inc rsv hosp,hosp,62,1.72
2026-01-10,11,District of Columbia,wk inc rsv hosp,hosp,8,1.18
2026-01-10,10,Delaware,wk inc rsv hosp,hosp,54,5.25
2026-01-10,12,Florida,wk inc rsv hosp,hosp,498,2.21
2026-01-10,13,Georgia,wk inc rsv hosp,hosp,263,2.4
2026-01-10,15,Hawaii,wk inc rsv hosp,hosp,23,1.65
2026-01-10,19,Iowa,wk inc rsv hosp,hosp,30,0.94
2026-01-10,16,Idaho,wk inc rsv hosp,hosp,21,1.07
2026-01-10,17,Illinois,wk inc rsv hosp,hosp,219,1.75
2026-01-10,18,Indiana,wk inc rsv hosp,hosp,153,2.23
2026-01-10,20,Kansas,wk inc rsv hosp,hosp,38,1.3
2026-01-10,21,Kentucky,wk inc rsv hosp,hosp,115,2.55
2026-01-10,22,Louisiana,wk inc rsv hosp,hosp,121,2.65
2026-01-10,25,Massachusetts,wk inc rsv hosp,hosp,117,1.67
2026-01-10,24,Maryland,wk inc rsv hosp,hosp,160,2.6
2026-01-10,23,Maine,wk inc rsv hosp,hosp,1,0.07
2026-01-10,26,Michigan,wk inc rsv hosp,hosp,130,1.3
2026-01-10,27,Minnesota,wk inc rsv hosp,hosp,77,1.34
2026-01-10,29,Missouri,wk inc rsv hosp,hosp,84,1.36
2026-01-10,28,Mississippi,wk inc rsv hosp,hosp,67,2.29
2026-01-10,30,Montana,wk inc rsv hosp,hosp,5,0.44
2026-01-10,37,North Carolina,wk inc rsv hosp,hosp,273,2.54
2026-01-10,38,North Dakota,wk inc rsv hosp,hosp,8,1.03
2026-01-10,31,Nebraska,wk inc rsv hosp,hosp,21,1.06
2026-01-10,33,New Hampshire,wk inc rsv hosp,hosp,8,0.57
2026-01-10,34,New Jersey,wk inc rsv hosp,hosp,279,3.01
2026-01-10,35,New Mexico,wk inc rsv hosp,hosp,20,0.95
2026-01-10,32,Nevada,wk inc rsv hosp,hosp,20,0.63
2026-01-10,36,New York,wk inc rsv hosp,hosp,549,2.81
2026-01-10,39,Ohio,wk inc rsv hosp,hosp,289,2.45
2026-01-10,40,Oklahoma,wk inc rsv hosp,hosp,62,1.54
2026-01-10,41,Oregon,wk inc rsv hosp,hosp,30,0.71
2026-01-10,42,Pennsylvania,wk inc rsv hosp,hosp,429,3.31
2026-01-10,72,Puerto Rico,wk inc rsv hosp,hosp,33,1
2026-01-10,44,Rhode Island,wk inc rsv hosp,hosp,37,3.39
2026-01-10,45,South Carolina,wk inc rsv hosp,hosp,140,2.62
2026-01-10,46,South Dakota,wk inc rsv hosp,hosp,4,0.44
2026-01-10,47,Tennessee,wk inc rsv hosp,hosp,157,2.21
2026-01-10,48,Texas,wk inc rsv hosp,hosp,549,1.81
2026-01-10,US,United States,wk inc rsv hosp,hosp,6272,1.86
2026-01-10,49,Utah,wk inc rsv hosp,hosp,16,0.47
2026-01-10,51,Virginia,wk inc rsv hosp,hosp,182,2.11
2026-01-10,50,Vermont,wk inc rsv hosp,hosp,4,0.62
2026-01-10,53,Washington,wk inc rsv hosp,hosp,74,0.95
2026-01-10,55,Wisconsin,wk inc rsv hosp,hosp,73,1.24
2026-01-10,54,West Virginia,wk inc rsv hosp,hosp,57,3.22
2026-01-10,56,Wyoming,wk inc rsv hosp,hosp,3,0.52
2026-01-17,02,Alaska,wk inc rsv hosp,hosp,12,1.69
2026-01-17,01,Alabama,wk inc rsv hosp,hosp,69,1.35
2026-01-17,05,Arkansas,wk inc rsv hosp,hosp,56,1.83
2026-01-17,04,Arizona,wk inc rsv hosp,hosp,29,0.39
2026-01-17,06,California,wk inc rsv hosp,hosp,428,1.1
2026-01-17,08,Colorado,wk inc rsv hosp,hosp,76,1.3
2026-01-17,09,Connecticut,wk inc rsv hosp,hosp,80,2.21
2026-01-17,11,District of Columbia,wk inc rsv hosp,hosp,12,1.78
2026-01-17,10,Delaware,wk inc rsv hosp,hosp,58,5.64
2026-01-17,12,Florida,wk inc rsv hosp,hosp,437,1.94
2026-01-17,13,Georgia,wk inc rsv hosp,hosp,195,1.78
2026-01-17,15,Hawaii,wk inc rsv hosp,hosp,20,1.43
2026-01-17,19,Iowa,wk inc rsv hosp,hosp,57,1.78
2026-01-17,16,Idaho,wk inc rsv hosp,hosp,19,0.97
2026-01-17,17,Illinois,wk inc rsv hosp,hosp,243,1.94
2026-01-17,18,Indiana,wk inc rsv hosp,hosp,140,2.04
2026-01-17,20,Kansas,wk inc rsv hosp,hosp,33,1.13
2026-01-17,21,Kentucky,wk inc rsv hosp,hosp,99,2.2
2026-01-17,22,Louisiana,wk inc rsv hosp,hosp,126,2.76
2026-01-17,25,Massachusetts,wk inc rsv hosp,hosp,102,1.46
2026-01-17,24,Maryland,wk inc rsv hosp,hosp,165,2.68
2026-01-17,23,Maine,wk inc rsv hosp,hosp,5,0.36
2026-01-17,26,Michigan,wk inc rsv hosp,hosp,133,1.33
2026-01-17,27,Minnesota,wk inc rsv hosp,hosp,94,1.64
2026-01-17,29,Missouri,wk inc rsv hosp,hosp,126,2.04
2026-01-17,28,Mississippi,wk inc rsv hosp,hosp,67,2.29
2026-01-17,30,Montana,wk inc rsv hosp,hosp,0,0
2026-01-17,37,North Carolina,wk inc rsv hosp,hosp,229,2.13
2026-01-17,38,North Dakota,wk inc rsv hosp,hosp,3,0.39
2026-01-17,31,Nebraska,wk inc rsv hosp,hosp,17,0.86
2026-01-17,33,New Hampshire,wk inc rsv hosp,hosp,23,1.64
2026-01-17,34,New Jersey,wk inc rsv hosp,hosp,290,3.12
2026-01-17,35,New Mexico,wk inc rsv hosp,hosp,41,1.95
2026-01-17,32,Nevada,wk inc rsv hosp,hosp,34,1.07
2026-01-17,36,New York,wk inc rsv hosp,hosp,631,3.23
2026-01-17,39,Ohio,wk inc rsv hosp,hosp,292,2.48
2026-01-17,40,Oklahoma,wk inc rsv hosp,hosp,30,0.74
2026-01-17,41,Oregon,wk inc rsv hosp,hosp,40,0.95
2026-01-17,42,Pennsylvania,wk inc rsv hosp,hosp,480,3.7
2026-01-17,72,Puerto Rico,wk inc rsv hosp,hosp,38,1.16
2026-01-17,44,Rhode Island,wk inc rsv hosp,hosp,31,2.84
2026-01-17,45,South Carolina,wk inc rsv hosp,hosp,107,2.01
2026-01-17,46,South Dakota,wk inc rsv hosp,hosp,10,1.09
2026-01-17,47,Tennessee,wk inc rsv hosp,hosp,131,1.84
2026-01-17,48,Texas,wk inc rsv hosp,hosp,492,1.62
2026-01-17,US,United States,wk inc rsv hosp,hosp,6189,1.83
2026-01-17,49,Utah,wk inc rsv hosp,hosp,13,0.38
2026-01-17,51,Virginia,wk inc rsv hosp,hosp,155,1.8
2026-01-17,50,Vermont,wk inc rsv hosp,hosp,4,0.62
2026-01-17,53,Washington,wk inc rsv hosp,hosp,67,0.86
2026-01-17,55,Wisconsin,wk inc rsv hosp,hosp,95,1.61
2026-01-17,54,West Virginia,wk inc rsv hosp,hosp,48,2.71
2026-01-17,56,Wyoming,wk inc rsv hosp,hosp,6,1.03
2026-01-24,02,Alaska,wk inc rsv hosp,hosp,9,1.26
2026-01-24,01,Alabama,wk inc rsv hosp,hosp,86,1.69
2026-01-24,05,Arkansas,wk inc rsv hosp,hosp,62,2.02
2026-01-24,04,Arizona,wk inc rsv hosp,hosp,55,0.74
2026-01-24,06,California,wk inc rsv hosp,hosp,459,1.18
2026-01-24,08,Colorado,wk inc rsv hosp,hosp,99,1.69
2026-01-24,09,Connecticut,wk inc rsv hosp,hosp,82,2.27
2026-01-24,11,District of Columbia,wk inc rsv hosp,hosp,11,1.63
2026-01-24,10,Delaware,wk inc rsv hosp,hosp,53,5.15
2026-01-24,12,Florida,wk inc rsv hosp,hosp,364,1.61
2026-01-24,13,Georgia,wk inc rsv hosp,hosp,164,1.49
2026-01-24,15,Hawaii,wk inc rsv hosp,hosp,22,1.58
2026-01-24,19,Iowa,wk inc rsv hosp,hosp,59,1.84
2026-01-24,16,Idaho,wk inc rsv hosp,hosp,17,0.87
2026-01-24,17,Illinois,wk inc rsv hosp,hosp,239,1.91
2026-01-24,18,Indiana,wk inc rsv hosp,hosp,150,2.19
2026-01-24,20,Kansas,wk inc rsv hosp,hosp,40,1.37
2026-01-24,21,Kentucky,wk inc rsv hosp,hosp,73,1.62
2026-01-24,22,Louisiana,wk inc rsv hosp,hosp,126,2.76
2026-01-24,25,Massachusetts,wk inc rsv hosp,hosp,201,2.87
2026-01-24,24,Maryland,wk inc rsv hosp,hosp,135,2.2
2026-01-24,23,Maine,wk inc rsv hosp,hosp,5,0.36
2026-01-24,26,Michigan,wk inc rsv hosp,hosp,129,1.29
2026-01-24,27,Minnesota,wk inc rsv hosp,hosp,95,1.66
2026-01-24,29,Missouri,wk inc rsv hosp,hosp,115,1.86
2026-01-24,28,Mississippi,wk inc rsv hosp,hosp,56,1.91
2026-01-24,30,Montana,wk inc rsv hosp,hosp,3,0.27
2026-01-24,37,North Carolina,wk inc rsv hosp,hosp,257,2.39
2026-01-24,38,North Dakota,wk inc rsv hosp,hosp,7,0.9
2026-01-24,31,Nebraska,wk inc rsv hosp,hosp,22,1.12
2026-01-24,33,New Hampshire,wk inc rsv hosp,hosp,31,2.21
2026-01-24,34,New Jersey,wk inc rsv hosp,hosp,310,3.34
2026-01-24,35,New Mexico,wk inc rsv hosp,hosp,42,2
2026-01-24,32,Nevada,wk inc rsv hosp,hosp,39,1.23
2026-01-24,36,New York,wk inc rsv hosp,hosp,598,3.06
2026-01-24,39,Ohio,wk inc rsv hosp,hosp,337,2.86
2026-01-24,40,Oklahoma,wk inc rsv hosp,hosp,24,0.59
2026-01-24,41,Oregon,wk inc rsv hosp,hosp,40,0.95
2026-01-24,42,Pennsylvania,wk inc rsv hosp,hosp,435,3.36
2026-01-24,72,Puerto Rico,wk inc rsv hosp,hosp,33,1
2026-01-24,44,Rhode Island,wk inc rsv hosp,hosp,33,3.02
2026-01-24,45,South Carolina,wk inc rsv hosp,hosp,96,1.8
2026-01-24,46,South Dakota,wk inc rsv hosp,hosp,13,1.42
2026-01-24,47,Tennessee,wk inc rsv hosp,hosp,138,1.94
2026-01-24,48,Texas,wk inc rsv hosp,hosp,554,1.82
2026-01-24,US,United States,wk inc rsv hosp,hosp,6303,1.87
2026-01-24,49,Utah,wk inc rsv hosp,hosp,18,0.53
2026-01-24,51,Virginia,wk inc rsv hosp,hosp,161,1.87
2026-01-24,50,Vermont,wk inc rsv hosp,hosp,12,1.85
2026-01-24,53,Washington,wk inc rsv hosp,hosp,53,0.68
2026-01-24,55,Wisconsin,wk inc rsv hosp,hosp,84,1.42
2026-01-24,54,West Virginia,wk inc rsv hosp,hosp,51,2.88
2026-01-24,56,Wyoming,wk inc rsv hosp,hosp,3,0.52
2026-01-31,02,Alaska,wk inc rsv hosp,hosp,15,2.11
2026-01-31,01,Alabama,wk inc rsv hosp,hosp,72,1.41
2026-01-31,05,Arkansas,wk inc rsv hosp,hosp,66,2.15
2026-01-31,04,Arizona,wk inc rsv hosp,hosp,60,0.81
2026-01-31,06,California,wk inc rsv hosp,hosp,521,1.34
2026-01-31,08,Colorado,wk inc rsv hosp,hosp,138,2.36
2026-01-31,09,Connecticut,wk inc rsv hosp,hosp,82,2.27
2026-01-31,11,District of Columbia,wk inc rsv hosp,hosp,5,0.74
2026-01-31,10,Delaware,wk inc rsv hosp,hosp,55,5.35
2026-01-31,12,Florida,wk inc rsv hosp,hosp,385,1.71
2026-01-31,13,Georgia,wk inc rsv hosp,hosp,168,1.53
2026-01-31,15,Hawaii,wk inc rsv hosp,hosp,33,2.37
2026-01-31,19,Iowa,wk inc rsv hosp,hosp,51,1.59
2026-01-31,16,Idaho,wk inc rsv hosp,hosp,21,1.07
2026-01-31,17,Illinois,wk inc rsv hosp,hosp,217,1.73
2026-01-31,18,Indiana,wk inc rsv hosp,hosp,131,1.91
2026-01-31,20,Kansas,wk inc rsv hosp,hosp,32,1.1
2026-01-31,21,Kentucky,wk inc rsv hosp,hosp,86,1.91
2026-01-31,22,Louisiana,wk inc rsv hosp,hosp,128,2.81
2026-01-31,25,Massachusetts,wk inc rsv hosp,hosp,114,1.63
2026-01-31,24,Maryland,wk inc rsv hosp,hosp,111,1.81
2026-01-31,23,Maine,wk inc rsv hosp,hosp,6,0.43
2026-01-31,26,Michigan,wk inc rsv hosp,hosp,142,1.41
2026-01-31,27,Minnesota,wk inc rsv hosp,hosp,108,1.88
2026-01-31,29,Missouri,wk inc rsv hosp,hosp,138,2.23
2026-01-31,28,Mississippi,wk inc rsv hosp,hosp,59,2.02
2026-01-31,30,Montana,wk inc rsv hosp,hosp,13,1.15
2026-01-31,37,North Carolina,wk inc rsv hosp,hosp,242,2.25
2026-01-31,38,North Dakota,wk inc rsv hosp,hosp,7,0.9
2026-01-31,31,Nebraska,wk inc rsv hosp,hosp,21,1.06
2026-01-31,33,New Hampshire,wk inc rsv hosp,hosp,29,2.07
2026-01-31,34,New Jersey,wk inc rsv hosp,hosp,289,3.11
2026-01-31,35,New Mexico,wk inc rsv hosp,hosp,49,2.33
2026-01-31,32,Nevada,wk inc rsv hosp,hosp,51,1.6
2026-01-31,36,New York,wk inc rsv hosp,hosp,640,3.27
2026-01-31,39,Ohio,wk inc rsv hosp,hosp,305,2.59
2026-01-31,40,Oklahoma,wk inc rsv hosp,hosp,44,1.09
2026-01-31,41,Oregon,wk inc rsv hosp,hosp,52,1.23
2026-01-31,42,Pennsylvania,wk inc rsv hosp,hosp,523,4.04
2026-01-31,72,Puerto Rico,wk inc rsv hosp,hosp,30,0.91
2026-01-31,44,Rhode Island,wk inc rsv hosp,hosp,28,2.56
2026-01-31,45,South Carolina,wk inc rsv hosp,hosp,76,1.42
2026-01-31,46,South Dakota,wk inc rsv hosp,hosp,14,1.53
2026-01-31,47,Tennessee,wk inc rsv hosp,hosp,129,1.82
2026-01-31,48,Texas,wk inc rsv hosp,hosp,544,1.79
2026-01-31,US,United States,wk inc rsv hosp,hosp,6386,1.89
2026-01-31,49,Utah,wk inc rsv hosp,hosp,30,0.88
2026-01-31,51,Virginia,wk inc rsv hosp,hosp,125,1.45
2026-01-31,50,Vermont,wk inc rsv hosp,hosp,5,0.77
2026-01-31,53,Washington,wk inc rsv hosp,hosp,82,1.06
2026-01-31,55,Wisconsin,wk inc rsv hosp,hosp,72,1.22
2026-01-31,54,West Virginia,wk inc rsv hosp,hosp,35,1.98
2026-01-31,56,Wyoming,wk inc rsv hosp,hosp,6,1.03
2026-02-07,02,Alaska,wk inc rsv hosp,hosp,8,1.12
2026-02-07,01,Alabama,wk inc rsv hosp,hosp,73,1.43
2026-02-07,05,Arkansas,wk inc rsv hosp,hosp,53,1.73
2026-02-07,04,Arizona,wk inc rsv hosp,hosp,91,1.23
2026-02-07,06,California,wk inc rsv hosp,hosp,584,1.5
2026-02-07,08,Colorado,wk inc rsv hosp,hosp,180,3.08
2026-02-07,09,Connecticut,wk inc rsv hosp,hosp,90,2.49
2026-02-07,11,District of Columbia,wk inc rsv hosp,hosp,10,1.48
2026-02-07,10,Delaware,wk inc rsv hosp,hosp,46,4.47
2026-02-07,12,Florida,wk inc rsv hosp,hosp,328,1.45
2026-02-07,13,Georgia,wk inc rsv hosp,hosp,172,1.57
2026-02-07,15,Hawaii,wk inc rsv hosp,hosp,26,1.86
2026-02-07,19,Iowa,wk inc rsv hosp,hosp,71,2.21
2026-02-07,16,Idaho,wk inc rsv hosp,hosp,30,1.53
2026-02-07,17,Illinois,wk inc rsv hosp,hosp,279,2.23
2026-02-07,18,Indiana,wk inc rsv hosp,hosp,135,1.97
2026-02-07,20,Kansas,wk inc rsv hosp,hosp,65,2.23
2026-02-07,21,Kentucky,wk inc rsv hosp,hosp,83,1.84
2026-02-07,22,Louisiana,wk inc rsv hosp,hosp,107,2.35
2026-02-07,25,Massachusetts,wk inc rsv hosp,hosp,174,2.49
2026-02-07,24,Maryland,wk inc rsv hosp,hosp,108,1.76
2026-02-07,23,Maine,wk inc rsv hosp,hosp,6,0.43
2026-02-07,26,Michigan,wk inc rsv hosp,hosp,139,1.39
2026-02-07,27,Minnesota,wk inc rsv hosp,hosp,122,2.13
2026-02-07,29,Missouri,wk inc rsv hosp,hosp,97,1.57
2026-02-07,28,Mississippi,wk inc rsv hosp,hosp,51,1.74
2026-02-07,30,Montana,wk inc rsv hosp,hosp,11,0.97
2026-02-07,37,North Carolina,wk inc rsv hosp,hosp,258,2.4
2026-02-07,38,North Dakota,wk inc rsv hosp,hosp,10,1.29
2026-02-07,31,Nebraska,wk inc rsv hosp,hosp,34,1.72
2026-02-07,33,New Hampshire,wk inc rsv hosp,hosp,34,2.43
2026-02-07,34,New Jersey,wk inc rsv hosp,hosp,291,3.13
2026-02-07,35,New Mexico,wk inc rsv hosp,hosp,75,3.57
2026-02-07,32,Nevada,wk inc rsv hosp,hosp,83,2.61
2026-02-07,36,New York,wk inc rsv hosp,hosp,744,3.81
2026-02-07,39,Ohio,wk inc rsv hosp,hosp,290,2.46
2026-02-07,40,Oklahoma,wk inc rsv hosp,hosp,61,1.51
2026-02-07,41,Oregon,wk inc rsv hosp,hosp,65,1.54
2026-02-07,42,Pennsylvania,wk inc rsv hosp,hosp,533,4.11
2026-02-07,72,Puerto Rico,wk inc rsv hosp,hosp,34,1.03
2026-02-07,44,Rhode Island,wk inc rsv hosp,hosp,24,2.2
2026-02-07,45,South Carolina,wk inc rsv hosp,hosp,86,1.61
2026-02-07,46,South Dakota,wk inc rsv hosp,hosp,18,1.97
2026-02-07,47,Tennessee,wk inc rsv hosp,hosp,137,1.93
2026-02-07,48,Texas,wk inc rsv hosp,hosp,529,1.74
2026-02-07,US,United States,wk inc rsv hosp,hosp,6866,2.03
2026-02-07,49,Utah,wk inc rsv hosp,hosp,42,1.23
2026-02-07,51,Virginia,wk inc rsv hosp,hosp,131,1.52
2026-02-07,50,Vermont,wk inc rsv hosp,hosp,8,1.24
2026-02-07,53,Washington,wk inc rsv hosp,hosp,83,1.07
2026-02-07,55,Wisconsin,wk inc rsv hosp,hosp,112,1.9
2026-02-07,54,West Virginia,wk inc rsv hosp,hosp,36,2.03
2026-02-07,56,Wyoming,wk inc rsv hosp,hosp,8,1.38
2026-02-14,02,Alaska,wk inc rsv hosp,hosp,13,1.83
2026-02-14,01,Alabama,wk inc rsv hosp,hosp,72,1.41
2026-02-14,05,Arkansas,wk inc rsv hosp,hosp,60,1.96
2026-02-14,04,Arizona,wk inc rsv hosp,hosp,110,1.48
2026-02-14,06,California,wk inc rsv hosp,hosp,565,1.46
2026-02-14,08,Colorado,wk inc rsv hosp,hosp,192,3.29
2026-02-14,09,Connecticut,wk inc rsv hosp,hosp,107,2.96
2026-02-14,11,District of Columbia,wk inc rsv hosp,hosp,7,1.04
2026-02-14,10,Delaware,wk inc rsv hosp,hosp,51,4.96
2026-02-14,12,Florida,wk inc rsv hosp,hosp,391,1.73
2026-02-14,13,Georgia,wk inc rsv hosp,hosp,219,2
2026-02-14,15,Hawaii,wk inc rsv hosp,hosp,18,1.29
2026-02-14,19,Iowa,wk inc rsv hosp,hosp,96,2.99
2026-02-14,16,Idaho,wk inc rsv hosp,hosp,46,2.35
2026-02-14,17,Illinois,wk inc rsv hosp,hosp,339,2.7
2026-02-14,18,Indiana,wk inc rsv hosp,hosp,138,2.01
2026-02-14,20,Kansas,wk inc rsv hosp,hosp,58,1.99
2026-02-14,21,Kentucky,wk inc rsv hosp,hosp,99,2.2
2026-02-14,22,Louisiana,wk inc rsv hosp,hosp,119,2.61
2026-02-14,25,Massachusetts,wk inc rsv hosp,hosp,201,2.87
2026-02-14,24,Maryland,wk inc rsv hosp,hosp,125,2.03
2026-02-14,23,Maine,wk inc rsv hosp,hosp,9,0.65
2026-02-14,26,Michigan,wk inc rsv hosp,hosp,172,1.71
2026-02-14,27,Minnesota,wk inc rsv hosp,hosp,162,2.82
2026-02-14,29,Missouri,wk inc rsv hosp,hosp,124,2.01
2026-02-14,28,Mississippi,wk inc rsv hosp,hosp,58,1.98
2026-02-14,30,Montana,wk inc rsv hosp,hosp,22,1.95
2026-02-14,37,North Carolina,wk inc rsv hosp,hosp,248,2.31
2026-02-14,38,North Dakota,wk inc rsv hosp,hosp,11,1.42
2026-02-14,31,Nebraska,wk inc rsv hosp,hosp,47,2.38
2026-02-14,33,New Hampshire,wk inc rsv hosp,hosp,44,3.14
2026-02-14,34,New Jersey,wk inc rsv hosp,hosp,329,3.54
2026-02-14,35,New Mexico,wk inc rsv hosp,hosp,78,3.71
2026-02-14,32,Nevada,wk inc rsv hosp,hosp,66,2.07
2026-02-14,36,New York,wk inc rsv hosp,hosp,757,3.87
2026-02-14,39,Ohio,wk inc rsv hosp,hosp,322,2.73
2026-02-14,40,Oklahoma,wk inc rsv hosp,hosp,71,1.76
2026-02-14,41,Oregon,wk inc rsv hosp,hosp,97,2.29
2026-02-14,42,Pennsylvania,wk inc rsv hosp,hosp,502,3.87
2026-02-14,72,Puerto Rico,wk inc rsv hosp,hosp,61,1.86
2026-02-14,44,Rhode Island,wk inc rsv hosp,hosp,39,3.57
2026-02-14,45,South Carolina,wk inc rsv hosp,hosp,86,1.61
2026-02-14,46,South Dakota,wk inc rsv hosp,hosp,29,3.17
2026-02-14,47,Tennessee,wk inc rsv hosp,hosp,133,1.87
2026-02-14,48,Texas,wk inc rsv hosp,hosp,567,1.87
2026-02-14,US,United States,wk inc rsv hosp,hosp,7474,2.21
2026-02-14,49,Utah,wk inc rsv hosp,hosp,44,1.29
2026-02-14,51,Virginia,wk inc rsv hosp,hosp,91,1.06
2026-02-14,50,Vermont,wk inc rsv hosp,hosp,8,1.24
2026-02-14,53,Washington,wk inc rsv hosp,hosp,95,1.22
2026-02-14,55,Wisconsin,wk inc rsv hosp,hosp,112,1.9
2026-02-14,54,West Virginia,wk inc rsv hosp,hosp,40,2.26
2026-02-14,56,Wyoming,wk inc rsv hosp,hosp,24,4.13
2026-02-21,02,Alaska,wk inc rsv hosp,hosp,8,1.12
2026-02-21,01,Alabama,wk inc rsv hosp,hosp,79,1.55
2026-02-21,05,Arkansas,wk inc rsv hosp,hosp,71,2.32
2026-02-21,04,Arizona,wk inc rsv hosp,hosp,118,1.59
2026-02-21,06,California,wk inc rsv hosp,hosp,597,1.54
2026-02-21,08,Colorado,wk inc rsv hosp,hosp,253,4.33
2026-02-21,09,Connecticut,wk inc rsv hosp,hosp,119,3.29
2026-02-21,11,District of Columbia,wk inc rsv hosp,hosp,16,2.37
2026-02-21,10,Delaware,wk inc rsv hosp,hosp,49,4.76
2026-02-21,12,Florida,wk inc rsv hosp,hosp,374,1.66
2026-02-21,13,Georgia,wk inc rsv hosp,hosp,222,2.02
2026-02-21,15,Hawaii,wk inc rsv hosp,hosp,22,1.58
2026-02-21,19,Iowa,wk inc rsv hosp,hosp,84,2.62
2026-02-21,16,Idaho,wk inc rsv hosp,hosp,48,2.45
2026-02-21,17,Illinois,wk inc rsv hosp,hosp,366,2.92
2026-02-21,18,Indiana,wk inc rsv hosp,hosp,171,2.49
2026-02-21,20,Kansas,wk inc rsv hosp,hosp,92,3.15
2026-02-21,21,Kentucky,wk inc rsv hosp,hosp,95,2.11
2026-02-21,22,Louisiana,wk inc rsv hosp,hosp,139,3.05
2026-02-21,25,Massachusetts,wk inc rsv hosp,hosp,221,3.16
2026-02-21,24,Maryland,wk inc rsv hosp,hosp,111,1.81
2026-02-21,23,Maine,wk inc rsv hosp,hosp,7,0.5
2026-02-21,26,Michigan,wk inc rsv hosp,hosp,251,2.5
2026-02-21,27,Minnesota,wk inc rsv hosp,hosp,149,2.6
2026-02-21,29,Missouri,wk inc rsv hosp,hosp,149,2.41
2026-02-21,28,Mississippi,wk inc rsv hosp,hosp,46,1.57
2026-02-21,30,Montana,wk inc rsv hosp,hosp,12,1.06
2026-02-21,37,North Carolina,wk inc rsv hosp,hosp,286,2.66
2026-02-21,38,North Dakota,wk inc rsv hosp,hosp,15,1.93
2026-02-21,31,Nebraska,wk inc rsv hosp,hosp,48,2.43
2026-02-21,33,New Hampshire,wk inc rsv hosp,hosp,29,2.07
2026-02-21,34,New Jersey,wk inc rsv hosp,hosp,373,4.02
2026-02-21,35,New Mexico,wk inc rsv hosp,hosp,84,4
2026-02-21,32,Nevada,wk inc rsv hosp,hosp,99,3.11
2026-02-21,36,New York,wk inc rsv hosp,hosp,795,4.07
2026-02-21,39,Ohio,wk inc rsv hosp,hosp,442,3.75
2026-02-21,40,Oklahoma,wk inc rsv hosp,hosp,91,2.25
2026-02-21,41,Oregon,wk inc rsv hosp,hosp,105,2.48
2026-02-21,42,Pennsylvania,wk inc rsv hosp,hosp,548,4.23
2026-02-21,72,Puerto Rico,wk inc rsv hosp,hosp,18,0.55
2026-02-21,44,Rhode Island,wk inc rsv hosp,hosp,33,3.02
2026-02-21,45,South Carolina,wk inc rsv hosp,hosp,70,1.31
2026-02-21,46,South Dakota,wk inc rsv hosp,hosp,34,3.71
2026-02-21,47,Tennessee,wk inc rsv hosp,hosp,149,2.1
2026-02-21,48,Texas,wk inc rsv hosp,hosp,615,2.02
2026-02-21,US,United States,wk inc rsv hosp,hosp,8229,2.44
2026-02-21,49,Utah,wk inc rsv hosp,hosp,54,1.58
2026-02-21,51,Virginia,wk inc rsv hosp,hosp,125,1.45
2026-02-21,50,Vermont,wk inc rsv hosp,hosp,12,1.85
2026-02-21,53,Washington,wk inc rsv hosp,hosp,84,1.08
2026-02-21,55,Wisconsin,wk inc rsv hosp,hosp,152,2.57
2026-02-21,54,West Virginia,wk inc rsv hosp,hosp,72,4.07
2026-02-21,56,Wyoming,wk inc rsv hosp,hosp,26,4.47
2026-02-28,02,Alaska,wk inc rsv hosp,hosp,7,0.98
2026-02-28,01,Alabama,wk inc rsv hosp,hosp,61,1.2
2026-02-28,05,Arkansas,wk inc rsv hosp,hosp,47,1.53
2026-02-28,04,Arizona,wk inc rsv hosp,hosp,123,1.66
2026-02-28,06,California,wk inc rsv hosp,hosp,559,1.44
2026-02-28,08,Colorado,wk inc rsv hosp,hosp,266,4.55
2026-02-28,09,Connecticut,wk inc rsv hosp,hosp,113,3.13
2026-02-28,11,District of Columbia,wk inc rsv hosp,hosp,9,1.33
2026-02-28,10,Delaware,wk inc rsv hosp,hosp,50,4.86
2026-02-28,12,Florida,wk inc rsv hosp,hosp,290,1.29
2026-02-28,13,Georgia,wk inc rsv hosp,hosp,168,1.53
2026-02-28,15,Hawaii,wk inc rsv hosp,hosp,17,1.22
2026-02-28,19,Iowa,wk inc rsv hosp,hosp,118,3.68
2026-02-28,16,Idaho,wk inc rsv hosp,hosp,36,1.84
2026-02-28,17,Illinois,wk inc rsv hosp,hosp,361,2.88
2026-02-28,18,Indiana,wk inc rsv hosp,hosp,173,2.52
2026-02-28,20,Kansas,wk inc rsv hosp,hosp,87,2.98
2026-02-28,21,Kentucky,wk inc rsv hosp,hosp,84,1.86
2026-02-28,22,Louisiana,wk inc rsv hosp,hosp,95,2.08
2026-02-28,25,Massachusetts,wk inc rsv hosp,hosp,210,3
2026-02-28,24,Maryland,wk inc rsv hosp,hosp,86,1.4
2026-02-28,23,Maine,wk inc rsv hosp,hosp,14,1
2026-02-28,26,Michigan,wk inc rsv hosp,hosp,255,2.54
2026-02-28,27,Minnesota,wk inc rsv hosp,hosp,168,2.93
2026-02-28,29,Missouri,wk inc rsv hosp,hosp,153,2.48
2026-02-28,28,Mississippi,wk inc rsv hosp,hosp,47,1.61
2026-02-28,30,Montana,wk inc rsv hosp,hosp,28,2.48
2026-02-28,37,North Carolina,wk inc rsv hosp,hosp,246,2.29
2026-02-28,38,North Dakota,wk inc rsv hosp,hosp,24,3.09
2026-02-28,31,Nebraska,wk inc rsv hosp,hosp,66,3.35
2026-02-28,33,New Hampshire,wk inc rsv hosp,hosp,40,2.85
2026-02-28,34,New Jersey,wk inc rsv hosp,hosp,333,3.59
2026-02-28,35,New Mexico,wk inc rsv hosp,hosp,98,4.66
2026-02-28,32,Nevada,wk inc rsv hosp,hosp,78,2.45
2026-02-28,36,New York,wk inc rsv hosp,hosp,748,3.83
2026-02-28,39,Ohio,wk inc rsv hosp,hosp,383,3.25
2026-02-28,40,Oklahoma,wk inc rsv hosp,hosp,82,2.03
2026-02-28,41,Oregon,wk inc rsv hosp,hosp,80,1.89
2026-02-28,42,Pennsylvania,wk inc rsv hosp,hosp,612,4.72
2026-02-28,72,Puerto Rico,wk inc rsv hosp,hosp,37,1.13
2026-02-28,44,Rhode Island,wk inc rsv hosp,hosp,45,4.12
2026-02-28,45,South Carolina,wk inc rsv hosp,hosp,71,1.33
2026-02-28,46,South Dakota,wk inc rsv hosp,hosp,27,2.95
2026-02-28,47,Tennessee,wk inc rsv hosp,hosp,113,1.59
2026-02-28,48,Texas,wk inc rsv hosp,hosp,496,1.63
2026-02-28,US,United States,wk inc rsv hosp,hosp,7774,2.3
2026-02-28,49,Utah,wk inc rsv hosp,hosp,56,1.64
2026-02-28,51,Virginia,wk inc rsv hosp,hosp,92,1.07
2026-02-28,50,Vermont,wk inc rsv hosp,hosp,26,4.02
2026-02-28,53,Washington,wk inc rsv hosp,hosp,88,1.13
2026-02-28,55,Wisconsin,wk inc rsv hosp,hosp,187,3.16
2026-02-28,54,West Virginia,wk inc rsv hosp,hosp,90,5.09
2026-02-28,56,Wyoming,wk inc rsv hosp,hosp,17,2.92
2026-03-07,02,Alaska,wk inc rsv hosp,hosp,11,1.55
2026-03-07,01,Alabama,wk inc rsv hosp,hosp,57,1.12
2026-03-07,05,Arkansas,wk inc rsv hosp,hosp,56,1.83
2026-03-07,04,Arizona,wk inc rsv hosp,hosp,132,1.78
2026-03-07,06,California,wk inc rsv hosp,hosp,510,1.31
2026-03-07,08,Colorado,wk inc rsv hosp,hosp,232,3.97
2026-03-07,09,Connecticut,wk inc rsv hosp,hosp,115,3.18
2026-03-07,11,District of Columbia,wk inc rsv hosp,hosp,6,0.89
2026-03-07,10,Delaware,wk inc rsv hosp,hosp,41,3.99
2026-03-07,12,Florida,wk inc rsv hosp,hosp,257,1.14
2026-03-07,13,Georgia,wk inc rsv hosp,hosp,154,1.4
2026-03-07,15,Hawaii,wk inc rsv hosp,hosp,23,1.65
2026-03-07,19,Iowa,wk inc rsv hosp,hosp,123,3.84
2026-03-07,16,Idaho,wk inc rsv hosp,hosp,53,2.7
2026-03-07,17,Illinois,wk inc rsv hosp,hosp,342,2.73
2026-03-07,18,Indiana,wk inc rsv hosp,hosp,192,2.8
2026-03-07,20,Kansas,wk inc rsv hosp,hosp,87,2.98
2026-03-07,21,Kentucky,wk inc rsv hosp,hosp,86,1.91
2026-03-07,22,Louisiana,wk inc rsv hosp,hosp,82,1.8
2026-03-07,25,Massachusetts,wk inc rsv hosp,hosp,133,1.9
2026-03-07,24,Maryland,wk inc rsv hosp,hosp,88,1.43
2026-03-07,23,Maine,wk inc rsv hosp,hosp,12,0.86
2026-03-07,26,Michigan,wk inc rsv hosp,hosp,273,2.72
2026-03-07,27,Minnesota,wk inc rsv hosp,hosp,173,3.02
2026-03-07,29,Missouri,wk inc rsv hosp,hosp,128,2.07
2026-03-07,28,Mississippi,wk inc rsv hosp,hosp,53,1.81
2026-03-07,30,Montana,wk inc rsv hosp,hosp,35,3.1
2026-03-07,37,North Carolina,wk inc rsv hosp,hosp,253,2.36
2026-03-07,38,North Dakota,wk inc rsv hosp,hosp,16,2.06
2026-03-07,31,Nebraska,wk inc rsv hosp,hosp,58,2.94
2026-03-07,33,New Hampshire,wk inc rsv hosp,hosp,41,2.93
2026-03-07,34,New Jersey,wk inc rsv hosp,hosp,278,2.99
2026-03-07,35,New Mexico,wk inc rsv hosp,hosp,83,3.95
2026-03-07,32,Nevada,wk inc rsv hosp,hosp,87,2.73
2026-03-07,36,New York,wk inc rsv hosp,hosp,662,3.39
2026-03-07,39,Ohio,wk inc rsv hosp,hosp,391,3.32
2026-03-07,40,Oklahoma,wk inc rsv hosp,hosp,91,2.25
2026-03-07,41,Oregon,wk inc rsv hosp,hosp,77,1.82
2026-03-07,42,Pennsylvania,wk inc rsv hosp,hosp,629,4.85
2026-03-07,72,Puerto Rico,wk inc rsv hosp,hosp,26,0.79
2026-03-07,44,Rhode Island,wk inc rsv hosp,hosp,29,2.65
2026-03-07,45,South Carolina,wk inc rsv hosp,hosp,40,0.75
2026-03-07,46,South Dakota,wk inc rsv hosp,hosp,39,4.26
2026-03-07,47,Tennessee,wk inc rsv hosp,hosp,138,1.94
2026-03-07,48,Texas,wk inc rsv hosp,hosp,521,1.71
2026-03-07,US,United States,wk inc rsv hosp,hosp,7433,2.2
2026-03-07,49,Utah,wk inc rsv hosp,hosp,49,1.44
2026-03-07,51,Virginia,wk inc rsv hosp,hosp,86,1
2026-03-07,50,Vermont,wk inc rsv hosp,hosp,22,3.4
2026-03-07,53,Washington,wk inc rsv hosp,hosp,62,0.8
2026-03-07,55,Wisconsin,wk inc rsv hosp,hosp,198,3.35
2026-03-07,54,West Virginia,wk inc rsv hosp,hosp,79,4.46
2026-03-07,56,Wyoming,wk inc rsv hosp,hosp,23,3.96
2026-03-14,02,Alaska,wk inc rsv hosp,hosp,10,1.41
2026-03-14,01,Alabama,wk inc rsv hosp,hosp,42,0.82
2026-03-14,05,Arkansas,wk inc rsv hosp,hosp,57,1.86
2026-03-14,04,Arizona,wk inc rsv hosp,hosp,94,1.27
2026-03-14,06,California,wk inc rsv hosp,hosp,448,1.15
2026-03-14,08,Colorado,wk inc rsv hosp,hosp,243,4.16
2026-03-14,09,Connecticut,wk inc rsv hosp,hosp,99,2.74
2026-03-14,11,District of Columbia,wk inc rsv hosp,hosp,8,1.18
2026-03-14,10,Delaware,wk inc rsv hosp,hosp,39,3.79
2026-03-14,12,Florida,wk inc rsv hosp,hosp,300,1.33
2026-03-14,13,Georgia,wk inc rsv hosp,hosp,123,1.12
2026-03-14,15,Hawaii,wk inc rsv hosp,hosp,17,1.22
2026-03-14,19,Iowa,wk inc rsv hosp,hosp,94,2.93
2026-03-14,16,Idaho,wk inc rsv hosp,hosp,43,2.19
2026-03-14,17,Illinois,wk inc rsv hosp,hosp,350,2.79
2026-03-14,18,Indiana,wk inc rsv hosp,hosp,175,2.55
2026-03-14,20,Kansas,wk inc rsv hosp,hosp,100,3.42
2026-03-14,21,Kentucky,wk inc rsv hosp,hosp,112,2.48
2026-03-14,22,Louisiana,wk inc rsv hosp,hosp,81,1.78
2026-03-14,25,Massachusetts,wk inc rsv hosp,hosp,169,2.41
2026-03-14,24,Maryland,wk inc rsv hosp,hosp,103,1.68
2026-03-14,23,Maine,wk inc rsv hosp,hosp,28,2.01
2026-03-14,26,Michigan,wk inc rsv hosp,hosp,313,3.12
2026-03-14,27,Minnesota,wk inc rsv hosp,hosp,150,2.61
2026-03-14,29,Missouri,wk inc rsv hosp,hosp,126,2.04
2026-03-14,28,Mississippi,wk inc rsv hosp,hosp,52,1.78
2026-03-14,30,Montana,wk inc rsv hosp,hosp,40,3.54
2026-03-14,37,North Carolina,wk inc rsv hosp,hosp,226,2.11
2026-03-14,38,North Dakota,wk inc rsv hosp,hosp,24,3.09
2026-03-14,31,Nebraska,wk inc rsv hosp,hosp,61,3.09
2026-03-14,33,New Hampshire,wk inc rsv hosp,hosp,48,3.42
2026-03-14,34,New Jersey,wk inc rsv hosp,hosp,293,3.16
2026-03-14,35,New Mexico,wk inc rsv hosp,hosp,76,3.62
2026-03-14,32,Nevada,wk inc rsv hosp,hosp,79,2.48
2026-03-14,36,New York,wk inc rsv hosp,hosp,707,3.62
2026-03-14,39,Ohio,wk inc rsv hosp,hosp,389,3.3
2026-03-14,40,Oklahoma,wk inc rsv hosp,hosp,102,2.53
2026-03-14,41,Oregon,wk inc rsv hosp,hosp,77,1.82
2026-03-14,42,Pennsylvania,wk inc rsv hosp,hosp,615,4.75
2026-03-14,72,Puerto Rico,wk inc rsv hosp,hosp,26,0.79
2026-03-14,44,Rhode Island,wk inc rsv hosp,hosp,39,3.57
2026-03-14,45,South Carolina,wk inc rsv hosp,hosp,34,0.64
2026-03-14,46,South Dakota,wk inc rsv hosp,hosp,35,3.82
2026-03-14,47,Tennessee,wk inc rsv hosp,hosp,106,1.49
2026-03-14,48,Texas,wk inc rsv hosp,hosp,402,1.32
2026-03-14,US,United States,wk inc rsv hosp,hosp,7286,2.16
2026-03-14,49,Utah,wk inc rsv hosp,hosp,59,1.73
2026-03-14,51,Virginia,wk inc rsv hosp,hosp,99,1.15
2026-03-14,50,Vermont,wk inc rsv hosp,hosp,16,2.47
2026-03-14,53,Washington,wk inc rsv hosp,hosp,57,0.73
2026-03-14,55,Wisconsin,wk inc rsv hosp,hosp,182,3.08
2026-03-14,54,West Virginia,wk inc rsv hosp,hosp,82,4.63
2026-03-14,56,Wyoming,wk inc rsv hosp,hosp,36,6.19
2026-03-21,02,Alaska,wk inc rsv hosp,hosp,22,3.09
2026-03-21,01,Alabama,wk inc rsv hosp,hosp,35,0.69
2026-03-21,05,Arkansas,wk inc rsv hosp,hosp,44,1.44
2026-03-21,04,Arizona,wk inc rsv hosp,hosp,105,1.42
2026-03-21,06,California,wk inc rsv hosp,hosp,453,1.17
2026-03-21,08,Colorado,wk inc rsv hosp,hosp,180,3.08
2026-03-21,09,Connecticut,wk inc rsv hosp,hosp,92,2.55
2026-03-21,11,District of Columbia,wk inc rsv hosp,hosp,4,0.59
2026-03-21,10,Delaware,wk inc rsv hosp,hosp,28,2.72
2026-03-21,12,Florida,wk inc rsv hosp,hosp,279,1.24
2026-03-21,13,Georgia,wk inc rsv hosp,hosp,109,0.99
2026-03-21,15,Hawaii,wk inc rsv hosp,hosp,21,1.51
2026-03-21,19,Iowa,wk inc rsv hosp,hosp,80,2.49
2026-03-21,16,Idaho,wk inc rsv hosp,hosp,44,2.24
2026-03-21,17,Illinois,wk inc rsv hosp,hosp,304,2.43
2026-03-21,18,Indiana,wk inc rsv hosp,hosp,164,2.39
2026-03-21,20,Kansas,wk inc rsv hosp,hosp,54,1.85
2026-03-21,21,Kentucky,wk inc rsv hosp,hosp,97,2.15
2026-03-21,22,Louisiana,wk inc rsv hosp,hosp,82,1.8
2026-03-21,25,Massachusetts,wk inc rsv hosp,hosp,169,2.41
2026-03-21,24,Maryland,wk inc rsv hosp,hosp,58,0.94
2026-03-21,23,Maine,wk inc rsv hosp,hosp,22,1.58
2026-03-21,26,Michigan,wk inc rsv hosp,hosp,282,2.81
2026-03-21,27,Minnesota,wk inc rsv hosp,hosp,143,2.49
2026-03-21,29,Missouri,wk inc rsv hosp,hosp,125,2.02
2026-03-21,28,Mississippi,wk inc rsv hosp,hosp,35,1.2
2026-03-21,30,Montana,wk inc rsv hosp,hosp,33,2.92
2026-03-21,37,North Carolina,wk inc rsv hosp,hosp,205,1.91
2026-03-21,38,North Dakota,wk inc rsv hosp,hosp,29,3.73
2026-03-21,31,Nebraska,wk inc rsv hosp,hosp,66,3.35
2026-03-21,33,New Hampshire,wk inc rsv hosp,hosp,42,3
2026-03-21,34,New Jersey,wk inc rsv hosp,hosp,230,2.48
2026-03-21,35,New Mexico,wk inc rsv hosp,hosp,77,3.66
2026-03-21,32,Nevada,wk inc rsv hosp,hosp,75,2.36
2026-03-21,36,New York,wk inc rsv hosp,hosp,601,3.07
2026-03-21,39,Ohio,wk inc rsv hosp,hosp,320,2.72
2026-03-21,40,Oklahoma,wk inc rsv hosp,hosp,81,2.01
2026-03-21,41,Oregon,wk inc rsv hosp,hosp,68,1.61
2026-03-21,42,Pennsylvania,wk inc rsv hosp,hosp,547,4.22
2026-03-21,72,Puerto Rico,wk inc rsv hosp,hosp,13,0.4
2026-03-21,44,Rhode Island,wk inc rsv hosp,hosp,39,3.57
2026-03-21,45,South Carolina,wk inc rsv hosp,hosp,66,1.24
2026-03-21,46,South Dakota,wk inc rsv hosp,hosp,32,3.49
2026-03-21,47,Tennessee,wk inc rsv hosp,hosp,120,1.69
2026-03-21,48,Texas,wk inc rsv hosp,hosp,397,1.31
2026-03-21,US,United States,wk inc rsv hosp,hosp,6567,1.95
2026-03-21,49,Utah,wk inc rsv hosp,hosp,49,1.44
2026-03-21,51,Virginia,wk inc rsv hosp,hosp,56,0.65
2026-03-21,50,Vermont,wk inc rsv hosp,hosp,14,2.16
2026-03-21,53,Washington,wk inc rsv hosp,hosp,71,0.91
2026-03-21,55,Wisconsin,wk inc rsv hosp,hosp,191,3.23
2026-03-21,54,West Virginia,wk inc rsv hosp,hosp,91,5.14
2026-03-21,56,Wyoming,wk inc rsv hosp,hosp,23,3.96
2026-03-28,02,Alaska,wk inc rsv hosp,hosp,6,0.84
2026-03-28,01,Alabama,wk inc rsv hosp,hosp,38,0.75
2026-03-28,05,Arkansas,wk inc rsv hosp,hosp,38,1.24
2026-03-28,04,Arizona,wk inc rsv hosp,hosp,69,0.93
2026-03-28,06,California,wk inc rsv hosp,hosp,362,0.93
2026-03-28,08,Colorado,wk inc rsv hosp,hosp,70,1.2
2026-03-28,09,Connecticut,wk inc rsv hosp,hosp,77,2.13
2026-03-28,11,District of Columbia,wk inc rsv hosp,hosp,1,0.15
2026-03-28,10,Delaware,wk inc rsv hosp,hosp,15,1.46
2026-03-28,12,Florida,wk inc rsv hosp,hosp,194,0.86
2026-03-28,13,Georgia,wk inc rsv hosp,hosp,66,0.6
2026-03-28,15,Hawaii,wk inc rsv hosp,hosp,5,0.36
2026-03-28,19,Iowa,wk inc rsv hosp,hosp,55,1.72
2026-03-28,16,Idaho,wk inc rsv hosp,hosp,47,2.4
2026-03-28,17,Illinois,wk inc rsv hosp,hosp,195,1.56
2026-03-28,18,Indiana,wk inc rsv hosp,hosp,74,1.08
2026-03-28,20,Kansas,wk inc rsv hosp,hosp,40,1.37
2026-03-28,21,Kentucky,wk inc rsv hosp,hosp,61,1.35
2026-03-28,22,Louisiana,wk inc rsv hosp,hosp,25,0.55
2026-03-28,25,Massachusetts,wk inc rsv hosp,hosp,140,2
2026-03-28,24,Maryland,wk inc rsv hosp,hosp,20,0.33
2026-03-28,23,Maine,wk inc rsv hosp,hosp,16,1.15
2026-03-28,26,Michigan,wk inc rsv hosp,hosp,218,2.17
2026-03-28,27,Minnesota,wk inc rsv hosp,hosp,63,1.1
2026-03-28,29,Missouri,wk inc rsv hosp,hosp,104,1.68
2026-03-28,28,Mississippi,wk inc rsv hosp,hosp,17,0.58
2026-03-28,30,Montana,wk inc rsv hosp,hosp,11,0.97
2026-03-28,37,North Carolina,wk inc rsv hosp,hosp,74,0.69
2026-03-28,38,North Dakota,wk inc rsv hosp,hosp,27,3.48
2026-03-28,31,Nebraska,wk inc rsv hosp,hosp,31,1.57
2026-03-28,33,New Hampshire,wk inc rsv hosp,hosp,18,1.28
2026-03-28,34,New Jersey,wk inc rsv hosp,hosp,100,1.08
2026-03-28,35,New Mexico,wk inc rsv hosp,hosp,45,2.14
2026-03-28,32,Nevada,wk inc rsv hosp,hosp,17,0.53
2026-03-28,36,New York,wk inc rsv hosp,hosp,401,2.05
2026-03-28,39,Ohio,wk inc rsv hosp,hosp,102,0.87
2026-03-28,40,Oklahoma,wk inc rsv hosp,hosp,35,0.87
2026-03-28,41,Oregon,wk inc rsv hosp,hosp,33,0.78
2026-03-28,42,Pennsylvania,wk inc rsv hosp,hosp,326,2.52
2026-03-28,72,Puerto Rico,wk inc rsv hosp,hosp,7,0.21
2026-03-28,44,Rhode Island,wk inc rsv hosp,hosp,29,2.65
2026-03-28,45,South Carolina,wk inc rsv hosp,hosp,15,0.28
2026-03-28,46,South Dakota,wk inc rsv hosp,hosp,23,2.51
2026-03-28,47,Tennessee,wk inc rsv hosp,hosp,50,0.7
2026-03-28,48,Texas,wk inc rsv hosp,hosp,193,0.64
2026-03-28,US,United States,wk inc rsv hosp,hosp,3865,1.15
2026-03-28,49,Utah,wk inc rsv hosp,hosp,12,0.35
2026-03-28,51,Virginia,wk inc rsv hosp,hosp,20,0.23
2026-03-28,50,Vermont,wk inc rsv hosp,hosp,13,2.01
2026-03-28,53,Washington,wk inc rsv hosp,hosp,53,0.68
2026-03-28,55,Wisconsin,wk inc rsv hosp,hosp,126,2.13
2026-03-28,54,West Virginia,wk inc rsv hosp,hosp,59,3.33
2026-03-28,56,Wyoming,wk inc rsv hosp,hosp,28,4.82
2026-04-04,02,Alaska,wk inc rsv hosp,hosp,6,0.84
2026-04-04,01,Alabama,wk inc rsv hosp,hosp,28,0.55
2026-04-04,05,Arkansas,wk inc rsv hosp,hosp,30,0.98
2026-04-04,04,Arizona,wk inc rsv hosp,hosp,55,0.74
2026-04-04,06,California,wk inc rsv hosp,hosp,272,0.7
2026-04-04,08,Colorado,wk inc rsv hosp,hosp,71,1.22
2026-04-04,09,Connecticut,wk inc rsv hosp,hosp,59,1.63
2026-04-04,11,District of Columbia,wk inc rsv hosp,hosp,0,0
2026-04-04,10,Delaware,wk inc rsv hosp,hosp,9,0.88
2026-04-04,12,Florida,wk inc rsv hosp,hosp,148,0.66
2026-04-04,13,Georgia,wk inc rsv hosp,hosp,58,0.53
2026-04-04,15,Hawaii,wk inc rsv hosp,hosp,5,0.36
2026-04-04,19,Iowa,wk inc rsv hosp,hosp,53,1.65
2026-04-04,16,Idaho,wk inc rsv hosp,hosp,31,1.58
2026-04-04,17,Illinois,wk inc rsv hosp,hosp,125,1
2026-04-04,18,Indiana,wk inc rsv hosp,hosp,86,1.25
2026-04-04,20,Kansas,wk inc rsv hosp,hosp,34,1.16
2026-04-04,21,Kentucky,wk inc rsv hosp,hosp,45,1
2026-04-04,22,Louisiana,wk inc rsv hosp,hosp,18,0.39
2026-04-04,25,Massachusetts,wk inc rsv hosp,hosp,123,1.76
2026-04-04,24,Maryland,wk inc rsv hosp,hosp,11,0.18
2026-04-04,23,Maine,wk inc rsv hosp,hosp,12,0.86
2026-04-04,26,Michigan,wk inc rsv hosp,hosp,167,1.66
2026-04-04,27,Minnesota,wk inc rsv hosp,hosp,58,1.01
2026-04-04,29,Missouri,wk inc rsv hosp,hosp,73,1.18
2026-04-04,28,Mississippi,wk inc rsv hosp,hosp,14,0.48
2026-04-04,30,Montana,wk inc rsv hosp,hosp,19,1.68
2026-04-04,37,North Carolina,wk inc rsv hosp,hosp,57,0.53
2026-04-04,38,North Dakota,wk inc rsv hosp,hosp,31,3.99
2026-04-04,31,Nebraska,wk inc rsv hosp,hosp,16,0.81
2026-04-04,33,New Hampshire,wk inc rsv hosp,hosp,21,1.5
2026-04-04,34,New Jersey,wk inc rsv hosp,hosp,76,0.82
2026-04-04,35,New Mexico,wk inc rsv hosp,hosp,31,1.48
2026-04-04,32,Nevada,wk inc rsv hosp,hosp,10,0.31
2026-04-04,36,New York,wk inc rsv hosp,hosp,330,1.69
2026-04-04,39,Ohio,wk inc rsv hosp,hosp,75,0.64
2026-04-04,40,Oklahoma,wk inc rsv hosp,hosp,35,0.87
2026-04-04,41,Oregon,wk inc rsv hosp,hosp,24,0.57
2026-04-04,42,Pennsylvania,wk inc rsv hosp,hosp,296,2.28
2026-04-04,72,Puerto Rico,wk inc rsv hosp,hosp,17,0.52
2026-04-04,44,Rhode Island,wk inc rsv hosp,hosp,24,2.2
2026-04-04,45,South Carolina,wk inc rsv hosp,hosp,6,0.11
2026-04-04,46,South Dakota,wk inc rsv hosp,hosp,13,1.42
2026-04-04,47,Tennessee,wk inc rsv hosp,hosp,41,0.58
2026-04-04,48,Texas,wk inc rsv hosp,hosp,128,0.42
2026-04-04,US,United States,wk inc rsv hosp,hosp,3159,0.94
2026-04-04,49,Utah,wk inc rsv hosp,hosp,3,0.09
2026-04-04,51,Virginia,wk inc rsv hosp,hosp,32,0.37
2026-04-04,50,Vermont,wk inc rsv hosp,hosp,17,2.63
2026-04-04,53,Washington,wk inc rsv hosp,hosp,49,0.63
2026-04-04,55,Wisconsin,wk inc rsv hosp,hosp,135,2.28
2026-04-04,54,West Virginia,wk inc rsv hosp,hosp,55,3.11
2026-04-04,56,Wyoming,wk inc rsv hosp,hosp,27,4.64
2026-04-11,02,Alaska,wk inc rsv hosp,hosp,10,1.41
2026-04-11,01,Alabama,wk inc rsv hosp,hosp,23,0.45
2026-04-11,05,Arkansas,wk inc rsv hosp,hosp,26,0.85
2026-04-11,04,Arizona,wk inc rsv hosp,hosp,49,0.66
2026-04-11,06,California,wk inc rsv hosp,hosp,226,0.58
2026-04-11,08,Colorado,wk inc rsv hosp,hosp,43,0.74
2026-04-11,09,Connecticut,wk inc rsv hosp,hosp,48,1.33
2026-04-11,11,District of Columbia,wk inc rsv hosp,hosp,1,0.15
2026-04-11,10,Delaware,wk inc rsv hosp,hosp,9,0.88
2026-04-11,12,Florida,wk inc rsv hosp,hosp,141,0.63
2026-04-11,13,Georgia,wk inc rsv hosp,hosp,44,0.4
2026-04-11,15,Hawaii,wk inc rsv hosp,hosp,2,0.14
2026-04-11,19,Iowa,wk inc rsv hosp,hosp,40,1.25
2026-04-11,16,Idaho,wk inc rsv hosp,hosp,15,0.76
2026-04-11,17,Illinois,wk inc rsv hosp,hosp,175,1.4
2026-04-11,18,Indiana,wk inc rsv hosp,hosp,58,0.85
2026-04-11,20,Kansas,wk inc rsv hosp,hosp,29,0.99
2026-04-11,21,Kentucky,wk inc rsv hosp,hosp,49,1.09
2026-04-11,22,Louisiana,wk inc rsv hosp,hosp,12,0.26
2026-04-11,25,Massachusetts,wk inc rsv hosp,hosp,117,1.67
2026-04-11,24,Maryland,wk inc rsv hosp,hosp,11,0.18
2026-04-11,23,Maine,wk inc rsv hosp,hosp,13,0.93
2026-04-11,26,Michigan,wk inc rsv hosp,hosp,181,1.8
2026-04-11,27,Minnesota,wk inc rsv hosp,hosp,51,0.89
2026-04-11,29,Missouri,wk inc rsv hosp,hosp,34,0.55
2026-04-11,28,Mississippi,wk inc rsv hosp,hosp,8,0.27
2026-04-11,30,Montana,wk inc rsv hosp,hosp,34,3.01
2026-04-11,37,North Carolina,wk inc rsv hosp,hosp,54,0.5
2026-04-11,38,North Dakota,wk inc rsv hosp,hosp,27,3.48
2026-04-11,31,Nebraska,wk inc rsv hosp,hosp,31,1.57
2026-04-11,33,New Hampshire,wk inc rsv hosp,hosp,28,2
2026-04-11,34,New Jersey,wk inc rsv hosp,hosp,70,0.75
2026-04-11,35,New Mexico,wk inc rsv hosp,hosp,21,1
2026-04-11,32,Nevada,wk inc rsv hosp,hosp,14,0.44
2026-04-11,36,New York,wk inc rsv hosp,hosp,291,1.49
2026-04-11,39,Ohio,wk inc rsv hosp,hosp,87,0.74
2026-04-11,40,Oklahoma,wk inc rsv hosp,hosp,18,0.45
2026-04-11,41,Oregon,wk inc rsv hosp,hosp,18,0.43
2026-04-11,42,Pennsylvania,wk inc rsv hosp,hosp,290,2.24
2026-04-11,72,Puerto Rico,wk inc rsv hosp,hosp,20,0.61
2026-04-11,44,Rhode Island,wk inc rsv hosp,hosp,30,2.75
2026-04-11,45,South Carolina,wk inc rsv hosp,hosp,13,0.24
2026-04-11,46,South Dakota,wk inc rsv hosp,hosp,14,1.53
2026-04-11,47,Tennessee,wk inc rsv hosp,hosp,43,0.61
2026-04-11,48,Texas,wk inc rsv hosp,hosp,99,0.33
2026-04-11,US,United States,wk inc rsv hosp,hosp,2860,0.85
2026-04-11,49,Utah,wk inc rsv hosp,hosp,4,0.12
2026-04-11,51,Virginia,wk inc rsv hosp,hosp,16,0.19
2026-04-11,50,Vermont,wk inc rsv hosp,hosp,10,1.54
2026-04-11,53,Washington,wk inc rsv hosp,hosp,42,0.54
2026-04-11,55,Wisconsin,wk inc rsv hosp,hosp,97,1.64
2026-04-11,54,West Virginia,wk inc rsv hosp,hosp,50,2.83
2026-04-11,56,Wyoming,wk inc rsv hosp,hosp,24,4.13
2026-04-18,02,Alaska,wk inc rsv hosp,hosp,6,0.84
2026-04-18,01,Alabama,wk inc rsv hosp,hosp,29,0.57
2026-04-18,05,Arkansas,wk inc rsv hosp,hosp,24,0.78
2026-04-18,04,Arizona,wk inc rsv hosp,hosp,38,0.51
2026-04-18,06,California,wk inc rsv hosp,hosp,188,0.48
2026-04-18,08,Colorado,wk inc rsv hosp,hosp,36,0.62
2026-04-18,09,Connecticut,wk inc rsv hosp,hosp,30,0.83
2026-04-18,11,District of Columbia,wk inc rsv hosp,hosp,0,0
2026-04-18,10,Delaware,wk inc rsv hosp,hosp,5,0.49
2026-04-18,12,Florida,wk inc rsv hosp,hosp,126,0.56
2026-04-18,13,Georgia,wk inc rsv hosp,hosp,43,0.39
2026-04-18,15,Hawaii,wk inc rsv hosp,hosp,2,0.14
2026-04-18,19,Iowa,wk inc rsv hosp,hosp,35,1.09
2026-04-18,16,Idaho,wk inc rsv hosp,hosp,24,1.22
2026-04-18,17,Illinois,wk inc rsv hosp,hosp,136,1.09
2026-04-18,18,Indiana,wk inc rsv hosp,hosp,66,0.96
2026-04-18,20,Kansas,wk inc rsv hosp,hosp,20,0.68
2026-04-18,21,Kentucky,wk inc rsv hosp,hosp,34,0.75
2026-04-18,22,Louisiana,wk inc rsv hosp,hosp,30,0.66
2026-04-18,25,Massachusetts,wk inc rsv hosp,hosp,81,1.16
2026-04-18,24,Maryland,wk inc rsv hosp,hosp,10,0.16
2026-04-18,23,Maine,wk inc rsv hosp,hosp,7,0.5
2026-04-18,26,Michigan,wk inc rsv hosp,hosp,153,1.52
2026-04-18,27,Minnesota,wk inc rsv hosp,hosp,44,0.77
2026-04-18,29,Missouri,wk inc rsv hosp,hosp,48,0.78
2026-04-18,28,Mississippi,wk inc rsv hosp,hosp,12,0.41
2026-04-18,30,Montana,wk inc rsv hosp,hosp,19,1.68
2026-04-18,37,North Carolina,wk inc rsv hosp,hosp,43,0.4
2026-04-18,38,North Dakota,wk inc rsv hosp,hosp,15,1.93
2026-04-18,31,Nebraska,wk inc rsv hosp,hosp,32,1.62
2026-04-18,33,New Hampshire,wk inc rsv hosp,hosp,19,1.36
2026-04-18,34,New Jersey,wk inc rsv hosp,hosp,39,0.42
2026-04-18,35,New Mexico,wk inc rsv hosp,hosp,25,1.19
2026-04-18,32,Nevada,wk inc rsv hosp,hosp,6,0.19
2026-04-18,36,New York,wk inc rsv hosp,hosp,253,1.29
2026-04-18,39,Ohio,wk inc rsv hosp,hosp,65,0.55
2026-04-18,40,Oklahoma,wk inc rsv hosp,hosp,9,0.22
2026-04-18,41,Oregon,wk inc rsv hosp,hosp,33,0.78
2026-04-18,42,Pennsylvania,wk inc rsv hosp,hosp,234,1.81
2026-04-18,72,Puerto Rico,wk inc rsv hosp,hosp,18,0.55
2026-04-18,44,Rhode Island,wk inc rsv hosp,hosp,16,1.46
2026-04-18,45,South Carolina,wk inc rsv hosp,hosp,13,0.24
2026-04-18,46,South Dakota,wk inc rsv hosp,hosp,15,1.64
2026-04-18,47,Tennessee,wk inc rsv hosp,hosp,25,0.35
2026-04-18,48,Texas,wk inc rsv hosp,hosp,91,0.3
2026-04-18,US,United States,wk inc rsv hosp,hosp,2454,0.73
2026-04-18,49,Utah,wk inc rsv hosp,hosp,7,0.21
2026-04-18,51,Virginia,wk inc rsv hosp,hosp,12,0.14
2026-04-18,50,Vermont,wk inc rsv hosp,hosp,14,2.16
2026-04-18,53,Washington,wk inc rsv hosp,hosp,40,0.52
2026-04-18,55,Wisconsin,wk inc rsv hosp,hosp,90,1.52
2026-04-18,54,West Virginia,wk inc rsv hosp,hosp,74,4.18
2026-04-18,56,Wyoming,wk inc rsv hosp,hosp,20,3.44
2026-04-25,02,Alaska,wk inc rsv hosp,hosp,7,0.98
2026-04-25,01,Alabama,wk inc rsv hosp,hosp,8,0.16
2026-04-25,05,Arkansas,wk inc rsv hosp,hosp,16,0.52
2026-04-25,04,Arizona,wk inc rsv hosp,hosp,50,0.67
2026-04-25,06,California,wk inc rsv hosp,hosp,167,0.43
2026-04-25,08,Colorado,wk inc rsv hosp,hosp,63,1.08
2026-04-25,09,Connecticut,wk inc rsv hosp,hosp,24,0.66
2026-04-25,11,District of Columbia,wk inc rsv hosp,hosp,0,0
2026-04-25,10,Delaware,wk inc rsv hosp,hosp,8,0.78
2026-04-25,12,Florida,wk inc rsv hosp,hosp,168,0.74
2026-04-25,13,Georgia,wk inc rsv hosp,hosp,40,0.36
2026-04-25,15,Hawaii,wk inc rsv hosp,hosp,11,0.79
2026-04-25,19,Iowa,wk inc rsv hosp,hosp,40,1.25
2026-04-25,16,Idaho,wk inc rsv hosp,hosp,16,0.82
2026-04-25,17,Illinois,wk inc rsv hosp,hosp,105,0.84
2026-04-25,18,Indiana,wk inc rsv hosp,hosp,66,0.96
2026-04-25,20,Kansas,wk inc rsv hosp,hosp,19,0.65
2026-04-25,21,Kentucky,wk inc rsv hosp,hosp,53,1.18
2026-04-25,22,Louisiana,wk inc rsv hosp,hosp,16,0.35
2026-04-25,25,Massachusetts,wk inc rsv hosp,hosp,69,0.99
2026-04-25,24,Maryland,wk inc rsv hosp,hosp,15,0.24
2026-04-25,23,Maine,wk inc rsv hosp,hosp,17,1.22
2026-04-25,26,Michigan,wk inc rsv hosp,hosp,113,1.13
2026-04-25,27,Minnesota,wk inc rsv hosp,hosp,73,1.27
2026-04-25,29,Missouri,wk inc rsv hosp,hosp,39,0.63
2026-04-25,28,Mississippi,wk inc rsv hosp,hosp,17,0.58
2026-04-25,30,Montana,wk inc rsv hosp,hosp,23,2.04
2026-04-25,37,North Carolina,wk inc rsv hosp,hosp,80,0.75
2026-04-25,38,North Dakota,wk inc rsv hosp,hosp,21,2.7
2026-04-25,31,Nebraska,wk inc rsv hosp,hosp,39,1.98
2026-04-25,33,New Hampshire,wk inc rsv hosp,hosp,22,1.57
2026-04-25,34,New Jersey,wk inc rsv hosp,hosp,57,0.61
2026-04-25,35,New Mexico,wk inc rsv hosp,hosp,19,0.9
2026-04-25,32,Nevada,wk inc rsv hosp,hosp,15,0.47
2026-04-25,36,New York,wk inc rsv hosp,hosp,187,0.96
2026-04-25,39,Ohio,wk inc rsv hosp,hosp,121,1.03
2026-04-25,40,Oklahoma,wk inc rsv hosp,hosp,14,0.35
2026-04-25,41,Oregon,wk inc rsv hosp,hosp,31,0.73
2026-04-25,42,Pennsylvania,wk inc rsv hosp,hosp,193,1.49
2026-04-25,72,Puerto Rico,wk inc rsv hosp,hosp,26,0.79
2026-04-25,44,Rhode Island,wk inc rsv hosp,hosp,4,0.37
2026-04-25,45,South Carolina,wk inc rsv hosp,hosp,26,0.49
2026-04-25,46,South Dakota,wk inc rsv hosp,hosp,17,1.86
2026-04-25,47,Tennessee,wk inc rsv hosp,hosp,54,0.76
2026-04-25,48,Texas,wk inc rsv hosp,hosp,163,0.54
2026-04-25,US,United States,wk inc rsv hosp,hosp,2586,0.77
2026-04-25,49,Utah,wk inc rsv hosp,hosp,14,0.41
2026-04-25,51,Virginia,wk inc rsv hosp,hosp,46,0.53
2026-04-25,50,Vermont,wk inc rsv hosp,hosp,11,1.7
2026-04-25,53,Washington,wk inc rsv hosp,hosp,28,0.36
2026-04-25,55,Wisconsin,wk inc rsv hosp,hosp,88,1.49
2026-04-25,54,West Virginia,wk inc rsv hosp,hosp,53,2.99
2026-04-25,56,Wyoming,wk inc rsv hosp,hosp,14,2.41
2026-05-02,02,Alaska,wk inc rsv hosp,hosp,2,0.28
2026-05-02,01,Alabama,wk inc rsv hosp,hosp,11,0.22
2026-05-02,05,Arkansas,wk inc rsv hosp,hosp,16,0.52
2026-05-02,04,Arizona,wk inc rsv hosp,hosp,30,0.4
2026-05-02,06,California,wk inc rsv hosp,hosp,113,0.29
2026-05-02,08,Colorado,wk inc rsv hosp,hosp,42,0.72
2026-05-02,09,Connecticut,wk inc rsv hosp,hosp,27,0.75
2026-05-02,11,District of Columbia,wk inc rsv hosp,hosp,1,0.15
2026-05-02,10,Delaware,wk inc rsv hosp,hosp,8,0.78
2026-05-02,12,Florida,wk inc rsv hosp,hosp,157,0.7
2026-05-02,13,Georgia,wk inc rsv hosp,hosp,29,0.26
2026-05-02,15,Hawaii,wk inc rsv hosp,hosp,11,0.79
2026-05-02,19,Iowa,wk inc rsv hosp,hosp,23,0.72
2026-05-02,16,Idaho,wk inc rsv hosp,hosp,10,0.51
2026-05-02,17,Illinois,wk inc rsv hosp,hosp,76,0.61
2026-05-02,18,Indiana,wk inc rsv hosp,hosp,49,0.71
2026-05-02,20,Kansas,wk inc rsv hosp,hosp,13,0.45
2026-05-02,21,Kentucky,wk inc rsv hosp,hosp,40,0.89
2026-05-02,22,Louisiana,wk inc rsv hosp,hosp,16,0.35
2026-05-02,25,Massachusetts,wk inc rsv hosp,hosp,60,0.86
2026-05-02,24,Maryland,wk inc rsv hosp,hosp,9,0.15
2026-05-02,23,Maine,wk inc rsv hosp,hosp,11,0.79
2026-05-02,26,Michigan,wk inc rsv hosp,hosp,104,1.04
2026-05-02,27,Minnesota,wk inc rsv hosp,hosp,57,0.99
2026-05-02,29,Missouri,wk inc rsv hosp,hosp,32,0.52
2026-05-02,28,Mississippi,wk inc rsv hosp,hosp,10,0.34
2026-05-02,30,Montana,wk inc rsv hosp,hosp,26,2.3
2026-05-02,37,North Carolina,wk inc rsv hosp,hosp,67,0.62
2026-05-02,38,North Dakota,wk inc rsv hosp,hosp,15,1.93
2026-05-02,31,Nebraska,wk inc rsv hosp,hosp,23,1.17
2026-05-02,33,New Hampshire,wk inc rsv hosp,hosp,16,1.14
2026-05-02,34,New Jersey,wk inc rsv hosp,hosp,55,0.59
2026-05-02,35,New Mexico,wk inc rsv hosp,hosp,16,0.76
2026-05-02,32,Nevada,wk inc rsv hosp,hosp,23,0.72
2026-05-02,36,New York,wk inc rsv hosp,hosp,118,0.6
2026-05-02,39,Ohio,wk inc rsv hosp,hosp,109,0.93
2026-05-02,40,Oklahoma,wk inc rsv hosp,hosp,10,0.25
2026-05-02,41,Oregon,wk inc rsv hosp,hosp,22,0.52
2026-05-02,42,Pennsylvania,wk inc rsv hosp,hosp,180,1.39
2026-05-02,72,Puerto Rico,wk inc rsv hosp,hosp,24,0.73
2026-05-02,44,Rhode Island,wk inc rsv hosp,hosp,7,0.64
2026-05-02,45,South Carolina,wk inc rsv hosp,hosp,18,0.34
2026-05-02,46,South Dakota,wk inc rsv hosp,hosp,17,1.86
2026-05-02,47,Tennessee,wk inc rsv hosp,hosp,50,0.7
2026-05-02,48,Texas,wk inc rsv hosp,hosp,101,0.33
2026-05-02,US,United States,wk inc rsv hosp,hosp,2049,0.61
2026-05-02,49,Utah,wk inc rsv hosp,hosp,13,0.38
2026-05-02,51,Virginia,wk inc rsv hosp,hosp,33,0.38
2026-05-02,50,Vermont,wk inc rsv hosp,hosp,7,1.08
2026-05-02,53,Washington,wk inc rsv hosp,hosp,34,0.44
2026-05-02,55,Wisconsin,wk inc rsv hosp,hosp,70,1.18
2026-05-02,54,West Virginia,wk inc rsv hosp,hosp,33,1.86
2026-05-02,56,Wyoming,wk inc rsv hosp,hosp,5,0.86
2026-05-09,02,Alaska,wk inc rsv hosp,hosp,2,0.28
2026-05-09,01,Alabama,wk inc rsv hosp,hosp,17,0.33
2026-05-09,05,Arkansas,wk inc rsv hosp,hosp,13,0.42
2026-05-09,04,Arizona,wk inc rsv hosp,hosp,22,0.3
2026-05-09,06,California,wk inc rsv hosp,hosp,96,0.25
2026-05-09,08,Colorado,wk inc rsv hosp,hosp,34,0.58
2026-05-09,09,Connecticut,wk inc rsv hosp,hosp,16,0.44
2026-05-09,11,District of Columbia,wk inc rsv hosp,hosp,1,0.15
2026-05-09,10,Delaware,wk inc rsv hosp,hosp,7,0.68
2026-05-09,12,Florida,wk inc rsv hosp,hosp,86,0.38
2026-05-09,13,Georgia,wk inc rsv hosp,hosp,27,0.25
2026-05-09,15,Hawaii,wk inc rsv hosp,hosp,9,0.65
2026-05-09,19,Iowa,wk inc rsv hosp,hosp,20,0.62
2026-05-09,16,Idaho,wk inc rsv hosp,hosp,11,0.56
2026-05-09,17,Illinois,wk inc rsv hosp,hosp,51,0.41
2026-05-09,18,Indiana,wk inc rsv hosp,hosp,38,0.55
2026-05-09,20,Kansas,wk inc rsv hosp,hosp,12,0.41
2026-05-09,21,Kentucky,wk inc rsv hosp,hosp,38,0.84
2026-05-09,22,Louisiana,wk inc rsv hosp,hosp,20,0.44
2026-05-09,25,Massachusetts,wk inc rsv hosp,hosp,39,0.56
2026-05-09,24,Maryland,wk inc rsv hosp,hosp,8,0.13
2026-05-09,23,Maine,wk inc rsv hosp,hosp,8,0.57
2026-05-09,26,Michigan,wk inc rsv hosp,hosp,84,0.84
2026-05-09,27,Minnesota,wk inc rsv hosp,hosp,43,0.75
2026-05-09,29,Missouri,wk inc rsv hosp,hosp,27,0.44
2026-05-09,28,Mississippi,wk inc rsv hosp,hosp,3,0.1
2026-05-09,30,Montana,wk inc rsv hosp,hosp,17,1.51
2026-05-09,37,North Carolina,wk inc rsv hosp,hosp,52,0.48
2026-05-09,38,North Dakota,wk inc rsv hosp,hosp,11,1.42
2026-05-09,31,Nebraska,wk inc rsv hosp,hosp,15,0.76
2026-05-09,33,New Hampshire,wk inc rsv hosp,hosp,5,0.36
2026-05-09,34,New Jersey,wk inc rsv hosp,hosp,38,0.41
2026-05-09,35,New Mexico,wk inc rsv hosp,hosp,3,0.14
2026-05-09,32,Nevada,wk inc rsv hosp,hosp,15,0.47
2026-05-09,36,New York,wk inc rsv hosp,hosp,94,0.48
2026-05-09,39,Ohio,wk inc rsv hosp,hosp,65,0.55
2026-05-09,40,Oklahoma,wk inc rsv hosp,hosp,10,0.25
2026-05-09,41,Oregon,wk inc rsv hosp,hosp,15,0.35
2026-05-09,42,Pennsylvania,wk inc rsv hosp,hosp,122,0.94
2026-05-09,72,Puerto Rico,wk inc rsv hosp,hosp,21,0.64
2026-05-09,44,Rhode Island,wk inc rsv hosp,hosp,7,0.64
2026-05-09,45,South Carolina,wk inc rsv hosp,hosp,17,0.32
2026-05-09,46,South Dakota,wk inc rsv hosp,hosp,10,1.09
2026-05-09,47,Tennessee,wk inc rsv hosp,hosp,38,0.53
2026-05-09,48,Texas,wk inc rsv hosp,hosp,130,0.43
2026-05-09,US,United States,wk inc rsv hosp,hosp,1582,0.47
2026-05-09,49,Utah,wk inc rsv hosp,hosp,6,0.18
2026-05-09,51,Virginia,wk inc rsv hosp,hosp,21,0.24
2026-05-09,50,Vermont,wk inc rsv hosp,hosp,6,0.93
2026-05-09,53,Washington,wk inc rsv hosp,hosp,30,0.39
2026-05-09,55,Wisconsin,wk inc rsv hosp,hosp,52,0.88
2026-05-09,54,West Virginia,wk inc rsv hosp,hosp,40,2.26
2026-05-09,56,Wyoming,wk inc rsv hosp,hosp,10,1.72
2026-05-16,02,Alaska,wk inc rsv hosp,hosp,0,0
2026-05-16,01,Alabama,wk inc rsv hosp,hosp,6,0.12
2026-05-16,05,Arkansas,wk inc rsv hosp,hosp,8,0.26
2026-05-16,04,Arizona,wk inc rsv hosp,hosp,19,0.26
2026-05-16,06,California,wk inc rsv hosp,hosp,64,0.16
2026-05-16,08,Colorado,wk inc rsv hosp,hosp,18,0.31
2026-05-16,09,Connecticut,wk inc rsv hosp,hosp,13,0.36
2026-05-16,11,District of Columbia,wk inc rsv hosp,hosp,0,0
2026-05-16,10,Delaware,wk inc rsv hosp,hosp,4,0.39
2026-05-16,12,Florida,wk inc rsv hosp,hosp,77,0.34
2026-05-16,13,Georgia,wk inc rsv hosp,hosp,18,0.16
2026-05-16,15,Hawaii,wk inc rsv hosp,hosp,10,0.72
2026-05-16,19,Iowa,wk inc rsv hosp,hosp,20,0.62
2026-05-16,16,Idaho,wk inc rsv hosp,hosp,4,0.2
2026-05-16,17,Illinois,wk inc rsv hosp,hosp,37,0.3
2026-05-16,18,Indiana,wk inc rsv hosp,hosp,24,0.35
2026-05-16,20,Kansas,wk inc rsv hosp,hosp,9,0.31
2026-05-16,21,Kentucky,wk inc rsv hosp,hosp,33,0.73
2026-05-16,22,Louisiana,wk inc rsv hosp,hosp,15,0.33
2026-05-16,25,Massachusetts,wk inc rsv hosp,hosp,30,0.43
2026-05-16,24,Maryland,wk inc rsv hosp,hosp,12,0.2
2026-05-16,23,Maine,wk inc rsv hosp,hosp,2,0.14
2026-05-16,26,Michigan,wk inc rsv hosp,hosp,51,0.51
2026-05-16,27,Minnesota,wk inc rsv hosp,hosp,33,0.58
2026-05-16,29,Missouri,wk inc rsv hosp,hosp,26,0.42
2026-05-16,28,Mississippi,wk inc rsv hosp,hosp,13,0.44
2026-05-16,30,Montana,wk inc rsv hosp,hosp,17,1.51
2026-05-16,37,North Carolina,wk inc rsv hosp,hosp,44,0.41
2026-05-16,38,North Dakota,wk inc rsv hosp,hosp,14,1.8
2026-05-16,31,Nebraska,wk inc rsv hosp,hosp,15,0.76
2026-05-16,33,New Hampshire,wk inc rsv hosp,hosp,1,0.07
2026-05-16,34,New Jersey,wk inc rsv hosp,hosp,26,0.28
2026-05-16,35,New Mexico,wk inc rsv hosp,hosp,5,0.24
2026-05-16,32,Nevada,wk inc rsv hosp,hosp,8,0.25
2026-05-16,36,New York,wk inc rsv hosp,hosp,68,0.35
2026-05-16,39,Ohio,wk inc rsv hosp,hosp,44,0.37
2026-05-16,40,Oklahoma,wk inc rsv hosp,hosp,9,0.22
2026-05-16,41,Oregon,wk inc rsv hosp,hosp,8,0.19
2026-05-16,42,Pennsylvania,wk inc rsv hosp,hosp,141,1.09
2026-05-16,72,Puerto Rico,wk inc rsv hosp,hosp,11,0.33
2026-05-16,44,Rhode Island,wk inc rsv hosp,hosp,5,0.46
2026-05-16,45,South Carolina,wk inc rsv hosp,hosp,9,0.17
2026-05-16,46,South Dakota,wk inc rsv hosp,hosp,2,0.22
2026-05-16,47,Tennessee,wk inc rsv hosp,hosp,24,0.34
2026-05-16,48,Texas,wk inc rsv hosp,hosp,87,0.29
2026-05-16,US,United States,wk inc rsv hosp,hosp,1210,0.36
2026-05-16,49,Utah,wk inc rsv hosp,hosp,8,0.23
2026-05-16,51,Virginia,wk inc rsv hosp,hosp,22,0.26
2026-05-16,50,Vermont,wk inc rsv hosp,hosp,9,1.39
2026-05-16,53,Washington,wk inc rsv hosp,hosp,15,0.19
2026-05-16,55,Wisconsin,wk inc rsv hosp,hosp,40,0.68
2026-05-16,54,West Virginia,wk inc rsv hosp,hosp,28,1.58
2026-05-16,56,Wyoming,wk inc rsv hosp,hosp,4,0.69
2022-10-01,01,Alabama,wk inc rsv prop ed visits,prop_ed,0.0072,NA
2022-10-01,02,Alaska,wk inc rsv prop ed visits,prop_ed,9e-4,NA
2022-10-01,04,Arizona,wk inc rsv prop ed visits,prop_ed,0.0021,NA
2022-10-01,05,Arkansas,wk inc rsv prop ed visits,prop_ed,0.0112,NA
2022-10-01,06,California,wk inc rsv prop ed visits,prop_ed,0.0013,NA
2022-10-01,08,Colorado,wk inc rsv prop ed visits,prop_ed,0.0016,NA
2022-10-01,09,Connecticut,wk inc rsv prop ed visits,prop_ed,0.002,NA
2022-10-01,10,Delaware,wk inc rsv prop ed visits,prop_ed,0.0088,NA
2022-10-01,11,District of Columbia,wk inc rsv prop ed visits,prop_ed,0.0128,NA
2022-10-01,12,Florida,wk inc rsv prop ed visits,prop_ed,0.0064,NA
2022-10-01,13,Georgia,wk inc rsv prop ed visits,prop_ed,0.0054,NA
2022-10-01,15,Hawaii,wk inc rsv prop ed visits,prop_ed,0.0088,NA
2022-10-01,16,Idaho,wk inc rsv prop ed visits,prop_ed,8e-4,NA
2022-10-01,17,Illinois,wk inc rsv prop ed visits,prop_ed,0.0088,NA
2022-10-01,18,Indiana,wk inc rsv prop ed visits,prop_ed,0.0133,NA
2022-10-01,19,Iowa,wk inc rsv prop ed visits,prop_ed,0.0041,NA
2022-10-01,20,Kansas,wk inc rsv prop ed visits,prop_ed,0.0035,NA
2022-10-01,21,Kentucky,wk inc rsv prop ed visits,prop_ed,0.0115,NA
2022-10-01,22,Louisiana,wk inc rsv prop ed visits,prop_ed,0.0079,NA
2022-10-01,23,Maine,wk inc rsv prop ed visits,prop_ed,0.0021,NA
2022-10-01,24,Maryland,wk inc rsv prop ed visits,prop_ed,0.0093,NA
2022-10-01,25,Massachusetts,wk inc rsv prop ed visits,prop_ed,0.0047,NA
2022-10-01,26,Michigan,wk inc rsv prop ed visits,prop_ed,0.0021,NA
2022-10-01,27,Minnesota,wk inc rsv prop ed visits,prop_ed,0.0018,NA
2022-10-01,28,Mississippi,wk inc rsv prop ed visits,prop_ed,0.01,NA
2022-10-01,30,Montana,wk inc rsv prop ed visits,prop_ed,0.0011,NA
2022-10-01,31,Nebraska,wk inc rsv prop ed visits,prop_ed,0.0065,NA
2022-10-01,32,Nevada,wk inc rsv prop ed visits,prop_ed,0.0014,NA
2022-10-01,33,New Hampshire,wk inc rsv prop ed visits,prop_ed,0.0024,NA
2022-10-01,34,New Jersey,wk inc rsv prop ed visits,prop_ed,0.003,NA
2022-10-01,35,New Mexico,wk inc rsv prop ed visits,prop_ed,0.0018,NA
2022-10-01,36,New York,wk inc rsv prop ed visits,prop_ed,0.0017,NA
2022-10-01,37,North Carolina,wk inc rsv prop ed visits,prop_ed,0.0095,NA
2022-10-01,38,North Dakota,wk inc rsv prop ed visits,prop_ed,0.004,NA
2022-10-01,39,Ohio,wk inc rsv prop ed visits,prop_ed,0.0033,NA
2022-10-01,40,Oklahoma,wk inc rsv prop ed visits,prop_ed,0.0064,NA
2022-10-01,41,Oregon,wk inc rsv prop ed visits,prop_ed,4e-4,NA
2022-10-01,42,Pennsylvania,wk inc rsv prop ed visits,prop_ed,0.0033,NA
2022-10-01,44,Rhode Island,wk inc rsv prop ed visits,prop_ed,0.0024,NA
2022-10-01,45,South Carolina,wk inc rsv prop ed visits,prop_ed,0.0116,NA
2022-10-01,46,South Dakota,wk inc rsv prop ed visits,prop_ed,0.001,NA
2022-10-01,47,Tennessee,wk inc rsv prop ed visits,prop_ed,0.0136,NA
2022-10-01,48,Texas,wk inc rsv prop ed visits,prop_ed,0.0078,NA
2022-10-01,49,Utah,wk inc rsv prop ed visits,prop_ed,0.0017,NA
2022-10-01,50,Vermont,wk inc rsv prop ed visits,prop_ed,0.0026,NA
2022-10-01,51,Virginia,wk inc rsv prop ed visits,prop_ed,0.0091,NA
2022-10-01,53,Washington,wk inc rsv prop ed visits,prop_ed,0.0018,NA
2022-10-01,54,West Virginia,wk inc rsv prop ed visits,prop_ed,0.0077,NA
2022-10-01,55,Wisconsin,wk inc rsv prop ed visits,prop_ed,0.0016,NA
2022-10-01,56,Wyoming,wk inc rsv prop ed visits,prop_ed,3e-4,NA
2022-10-01,US,United States,wk inc rsv prop ed visits,prop_ed,0.0055,NA
2022-10-08,01,Alabama,wk inc rsv prop ed visits,prop_ed,0.0059,NA
2022-10-08,02,Alaska,wk inc rsv prop ed visits,prop_ed,0.0026,NA
2022-10-08,04,Arizona,wk inc rsv prop ed visits,prop_ed,0.0026,NA
2022-10-08,05,Arkansas,wk inc rsv prop ed visits,prop_ed,0.0112,NA
2022-10-08,06,California,wk inc rsv prop ed visits,prop_ed,0.0023,NA
2022-10-08,08,Colorado,wk inc rsv prop ed visits,prop_ed,0.002,NA
2022-10-08,09,Connecticut,wk inc rsv prop ed visits,prop_ed,0.0033,NA
2022-10-08,10,Delaware,wk inc rsv prop ed visits,prop_ed,0.0129,NA
2022-10-08,11,District of Columbia,wk inc rsv prop ed visits,prop_ed,0.0164,NA
2022-10-08,12,Florida,wk inc rsv prop ed visits,prop_ed,0.0047,NA
2022-10-08,13,Georgia,wk inc rsv prop ed visits,prop_ed,0.004,NA
2022-10-08,15,Hawaii,wk inc rsv prop ed visits,prop_ed,0.0107,NA
2022-10-08,16,Idaho,wk inc rsv prop ed visits,prop_ed,4e-4,NA
2022-10-08,17,Illinois,wk inc rsv prop ed visits,prop_ed,0.0118,NA
2022-10-08,18,Indiana,wk inc rsv prop ed visits,prop_ed,0.0141,NA
2022-10-08,19,Iowa,wk inc rsv prop ed visits,prop_ed,0.0047,NA
2022-10-08,20,Kansas,wk inc rsv prop ed visits,prop_ed,0.0041,NA
2022-10-08,21,Kentucky,wk inc rsv prop ed visits,prop_ed,0.013,NA
2022-10-08,22,Louisiana,wk inc rsv prop ed visits,prop_ed,0.0071,NA
2022-10-08,23,Maine,wk inc rsv prop ed visits,prop_ed,0.0028,NA
2022-10-08,24,Maryland,wk inc rsv prop ed visits,prop_ed,0.0101,NA
2022-10-08,25,Massachusetts,wk inc rsv prop ed visits,prop_ed,0.0075,NA
2022-10-08,26,Michigan,wk inc rsv prop ed visits,prop_ed,0.0038,NA
2022-10-08,27,Minnesota,wk inc rsv prop ed visits,prop_ed,0.0036,NA
2022-10-08,28,Mississippi,wk inc rsv prop ed visits,prop_ed,0.0071,NA
2022-10-08,30,Montana,wk inc rsv prop ed visits,prop_ed,0.0013,NA
2022-10-08,31,Nebraska,wk inc rsv prop ed visits,prop_ed,0.0069,NA
2022-10-08,32,Nevada,wk inc rsv prop ed visits,prop_ed,0.0028,NA
2022-10-08,33,New Hampshire,wk inc rsv prop ed visits,prop_ed,0.0033,NA
2022-10-08,34,New Jersey,wk inc rsv prop ed visits,prop_ed,0.0035,NA
2022-10-08,35,New Mexico,wk inc rsv prop ed visits,prop_ed,0.0029,NA
2022-10-08,36,New York,wk inc rsv prop ed visits,prop_ed,0.0021,NA
2022-10-08,37,North Carolina,wk inc rsv prop ed visits,prop_ed,0.0105,NA
2022-10-08,38,North Dakota,wk inc rsv prop ed visits,prop_ed,0.0049,NA
2022-10-08,39,Ohio,wk inc rsv prop ed visits,prop_ed,0.0037,NA
2022-10-08,40,Oklahoma,wk inc rsv prop ed visits,prop_ed,0.0058,NA
2022-10-08,41,Oregon,wk inc rsv prop ed visits,prop_ed,6e-4,NA
2022-10-08,42,Pennsylvania,wk inc rsv prop ed visits,prop_ed,0.0049,NA
2022-10-08,44,Rhode Island,wk inc rsv prop ed visits,prop_ed,0.0028,NA
2022-10-08,45,South Carolina,wk inc rsv prop ed visits,prop_ed,0.0094,NA
2022-10-08,46,South Dakota,wk inc rsv prop ed visits,prop_ed,4e-4,NA
2022-10-08,47,Tennessee,wk inc rsv prop ed visits,prop_ed,0.013,NA
2022-10-08,48,Texas,wk inc rsv prop ed visits,prop_ed,0.0088,NA
2022-10-08,49,Utah,wk inc rsv prop ed visits,prop_ed,0.002,NA
2022-10-08,50,Vermont,wk inc rsv prop ed visits,prop_ed,0.0061,NA
2022-10-08,51,Virginia,wk inc rsv prop ed visits,prop_ed,0.0106,NA
2022-10-08,53,Washington,wk inc rsv prop ed visits,prop_ed,0.0025,NA
2022-10-08,54,West Virginia,wk inc rsv prop ed visits,prop_ed,0.0099,NA
2022-10-08,55,Wisconsin,wk inc rsv prop ed visits,prop_ed,0.0023,NA
2022-10-08,56,Wyoming,wk inc rsv prop ed visits,prop_ed,6e-4,NA
2022-10-08,US,United States,wk inc rsv prop ed visits,prop_ed,0.006,NA
2022-10-15,01,Alabama,wk inc rsv prop ed visits,prop_ed,0.0057,NA
2022-10-15,02,Alaska,wk inc rsv prop ed visits,prop_ed,0.0038,NA
2022-10-15,04,Arizona,wk inc rsv prop ed visits,prop_ed,0.003,NA
2022-10-15,05,Arkansas,wk inc rsv prop ed visits,prop_ed,0.0118,NA
2022-10-15,06,California,wk inc rsv prop ed visits,prop_ed,0.0039,NA
2022-10-15,08,Colorado,wk inc rsv prop ed visits,prop_ed,0.0039,NA
2022-10-15,09,Connecticut,wk inc rsv prop ed visits,prop_ed,0.0042,NA
2022-10-15,10,Delaware,wk inc rsv prop ed visits,prop_ed,0.0202,NA
2022-10-15,11,District of Columbia,wk inc rsv prop ed visits,prop_ed,0.0178,NA
2022-10-15,12,Florida,wk inc rsv prop ed visits,prop_ed,0.0044,NA
2022-10-15,13,Georgia,wk inc rsv prop ed visits,prop_ed,0.004,NA
2022-10-15,15,Hawaii,wk inc rsv prop ed visits,prop_ed,0.0161,NA
2022-10-15,16,Idaho,wk inc rsv prop ed visits,prop_ed,0.0012,NA
2022-10-15,17,Illinois,wk inc rsv prop ed visits,prop_ed,0.0159,NA
2022-10-15,18,Indiana,wk inc rsv prop ed visits,prop_ed,0.015,NA
2022-10-15,19,Iowa,wk inc rsv prop ed visits,prop_ed,0.0065,NA
2022-10-15,20,Kansas,wk inc rsv prop ed visits,prop_ed,0.0052,NA
2022-10-15,21,Kentucky,wk inc rsv prop ed visits,prop_ed,0.0143,NA
2022-10-15,22,Louisiana,wk inc rsv prop ed visits,prop_ed,0.007,NA
2022-10-15,23,Maine,wk inc rsv prop ed visits,prop_ed,0.0037,NA
2022-10-15,24,Maryland,wk inc rsv prop ed visits,prop_ed,0.0159,NA
2022-10-15,25,Massachusetts,wk inc rsv prop ed visits,prop_ed,0.0102,NA
2022-10-15,26,Michigan,wk inc rsv prop ed visits,prop_ed,0.0057,NA
2022-10-15,27,Minnesota,wk inc rsv prop ed visits,prop_ed,0.0081,NA
2022-10-15,28,Mississippi,wk inc rsv prop ed visits,prop_ed,0.0048,NA
2022-10-15,30,Montana,wk inc rsv prop ed visits,prop_ed,0.0012,NA
2022-10-15,31,Nebraska,wk inc rsv prop ed visits,prop_ed,0.0081,NA
2022-10-15,32,Nevada,wk inc rsv prop ed visits,prop_ed,0.0039,NA
2022-10-15,33,New Hampshire,wk inc rsv prop ed visits,prop_ed,0.0038,NA
2022-10-15,34,New Jersey,wk inc rsv prop ed visits,prop_ed,0.0055,NA
2022-10-15,35,New Mexico,wk inc rsv prop ed visits,prop_ed,0.0049,NA
2022-10-15,36,New York,wk inc rsv prop ed visits,prop_ed,0.0039,NA
2022-10-15,37,North Carolina,wk inc rsv prop ed visits,prop_ed,0.0126,NA
2022-10-15,38,North Dakota,wk inc rsv prop ed visits,prop_ed,0.006,NA
2022-10-15,39,Ohio,wk inc rsv prop ed visits,prop_ed,0.0052,NA
2022-10-15,40,Oklahoma,wk inc rsv prop ed visits,prop_ed,0.0073,NA
2022-10-15,41,Oregon,wk inc rsv prop ed visits,prop_ed,0.0012,NA
2022-10-15,42,Pennsylvania,wk inc rsv prop ed visits,prop_ed,0.0073,NA
2022-10-15,44,Rhode Island,wk inc rsv prop ed visits,prop_ed,0.0046,NA
2022-10-15,45,South Carolina,wk inc rsv prop ed visits,prop_ed,0.01,NA
2022-10-15,46,South Dakota,wk inc rsv prop ed visits,prop_ed,0.0021,NA
2022-10-15,47,Tennessee,wk inc rsv prop ed visits,prop_ed,0.0124,NA
2022-10-15,48,Texas,wk inc rsv prop ed visits,prop_ed,0.0099,NA
2022-10-15,49,Utah,wk inc rsv prop ed visits,prop_ed,0.0026,NA
2022-10-15,50,Vermont,wk inc rsv prop ed visits,prop_ed,0.0084,NA
2022-10-15,51,Virginia,wk inc rsv prop ed visits,prop_ed,0.0116,NA
2022-10-15,53,Washington,wk inc rsv prop ed visits,prop_ed,0.004,NA
2022-10-15,54,West Virginia,wk inc rsv prop ed visits,prop_ed,0.0176,NA
2022-10-15,55,Wisconsin,wk inc rsv prop ed visits,prop_ed,0.0041,NA
2022-10-15,56,Wyoming,wk inc rsv prop ed visits,prop_ed,0.0016,NA
2022-10-15,US,United States,wk inc rsv prop ed visits,prop_ed,0.0073,NA
2022-10-22,01,Alabama,wk inc rsv prop ed visits,prop_ed,0.0047,NA
2022-10-22,02,Alaska,wk inc rsv prop ed visits,prop_ed,0.0045,NA
2022-10-22,04,Arizona,wk inc rsv prop ed visits,prop_ed,0.0039,NA
2022-10-22,05,Arkansas,wk inc rsv prop ed visits,prop_ed,0.0096,NA
2022-10-22,06,California,wk inc rsv prop ed visits,prop_ed,0.006,NA
2022-10-22,08,Colorado,wk inc rsv prop ed visits,prop_ed,0.0059,NA
2022-10-22,09,Connecticut,wk inc rsv prop ed visits,prop_ed,0.0058,NA
2022-10-22,10,Delaware,wk inc rsv prop ed visits,prop_ed,0.0237,NA
2022-10-22,11,District of Columbia,wk inc rsv prop ed visits,prop_ed,0.0197,NA
2022-10-22,12,Florida,wk inc rsv prop ed visits,prop_ed,0.0044,NA
2022-10-22,13,Georgia,wk inc rsv prop ed visits,prop_ed,0.0027,NA
2022-10-22,15,Hawaii,wk inc rsv prop ed visits,prop_ed,0.0097,NA
2022-10-22,16,Idaho,wk inc rsv prop ed visits,prop_ed,0.0019,NA
2022-10-22,17,Illinois,wk inc rsv prop ed visits,prop_ed,0.0189,NA
2022-10-22,18,Indiana,wk inc rsv prop ed visits,prop_ed,0.0165,NA
2022-10-22,19,Iowa,wk inc rsv prop ed visits,prop_ed,0.0095,NA
2022-10-22,20,Kansas,wk inc rsv prop ed visits,prop_ed,0.0076,NA
2022-10-22,21,Kentucky,wk inc rsv prop ed visits,prop_ed,0.0139,NA
2022-10-22,22,Louisiana,wk inc rsv prop ed visits,prop_ed,0.0073,NA
2022-10-22,23,Maine,wk inc rsv prop ed visits,prop_ed,0.0057,NA
2022-10-22,24,Maryland,wk inc rsv prop ed visits,prop_ed,0.0194,NA
2022-10-22,25,Massachusetts,wk inc rsv prop ed visits,prop_ed,0.0137,NA
2022-10-22,26,Michigan,wk inc rsv prop ed visits,prop_ed,0.0091,NA
2022-10-22,27,Minnesota,wk inc rsv prop ed visits,prop_ed,0.0115,NA
2022-10-22,28,Mississippi,wk inc rsv prop ed visits,prop_ed,0.0035,NA
2022-10-22,30,Montana,wk inc rsv prop ed visits,prop_ed,0.0016,NA
2022-10-22,31,Nebraska,wk inc rsv prop ed visits,prop_ed,0.0096,NA
2022-10-22,32,Nevada,wk inc rsv prop ed visits,prop_ed,0.0057,NA
2022-10-22,33,New Hampshire,wk inc rsv prop ed visits,prop_ed,0.0065,NA
2022-10-22,34,New Jersey,wk inc rsv prop ed visits,prop_ed,0.0067,NA
2022-10-22,35,New Mexico,wk inc rsv prop ed visits,prop_ed,0.0083,NA
2022-10-22,36,New York,wk inc rsv prop ed visits,prop_ed,0.0046,NA
2022-10-22,37,North Carolina,wk inc rsv prop ed visits,prop_ed,0.0137,NA
2022-10-22,38,North Dakota,wk inc rsv prop ed visits,prop_ed,0.0076,NA
2022-10-22,39,Ohio,wk inc rsv prop ed visits,prop_ed,0.0073,NA
2022-10-22,40,Oklahoma,wk inc rsv prop ed visits,prop_ed,0.0083,NA
2022-10-22,41,Oregon,wk inc rsv prop ed visits,prop_ed,0.0022,NA
2022-10-22,42,Pennsylvania,wk inc rsv prop ed visits,prop_ed,0.0091,NA
2022-10-22,44,Rhode Island,wk inc rsv prop ed visits,prop_ed,0.007,NA
2022-10-22,45,South Carolina,wk inc rsv prop ed visits,prop_ed,0.0082,NA
2022-10-22,46,South Dakota,wk inc rsv prop ed visits,prop_ed,0.0053,NA
2022-10-22,47,Tennessee,wk inc rsv prop ed visits,prop_ed,0.0106,NA
2022-10-22,48,Texas,wk inc rsv prop ed visits,prop_ed,0.0097,NA
2022-10-22,49,Utah,wk inc rsv prop ed visits,prop_ed,0.0044,NA
2022-10-22,50,Vermont,wk inc rsv prop ed visits,prop_ed,0.0101,NA
2022-10-22,51,Virginia,wk inc rsv prop ed visits,prop_ed,0.011,NA
2022-10-22,53,Washington,wk inc rsv prop ed visits,prop_ed,0.0069,NA
2022-10-22,54,West Virginia,wk inc rsv prop ed visits,prop_ed,0.0244,NA
2022-10-22,55,Wisconsin,wk inc rsv prop ed visits,prop_ed,0.0068,NA
2022-10-22,56,Wyoming,wk inc rsv prop ed visits,prop_ed,0.0021,NA
2022-10-22,US,United States,wk inc rsv prop ed visits,prop_ed,0.0084,NA
2022-10-29,01,Alabama,wk inc rsv prop ed visits,prop_ed,0.0044,NA
2022-10-29,02,Alaska,wk inc rsv prop ed visits,prop_ed,0.0115,NA
2022-10-29,04,Arizona,wk inc rsv prop ed visits,prop_ed,0.0062,NA
2022-10-29,05,Arkansas,wk inc rsv prop ed visits,prop_ed,0.0124,NA
2022-10-29,06,California,wk inc rsv prop ed visits,prop_ed,0.008,NA
2022-10-29,08,Colorado,wk inc rsv prop ed visits,prop_ed,0.0084,NA
2022-10-29,09,Connecticut,wk inc rsv prop ed visits,prop_ed,0.0074,NA
2022-10-29,10,Delaware,wk inc rsv prop ed visits,prop_ed,0.0243,NA
2022-10-29,11,District of Columbia,wk inc rsv prop ed visits,prop_ed,0.0211,NA
2022-10-29,12,Florida,wk inc rsv prop ed visits,prop_ed,0.0048,NA
2022-10-29,13,Georgia,wk inc rsv prop ed visits,prop_ed,0.0025,NA
2022-10-29,15,Hawaii,wk inc rsv prop ed visits,prop_ed,0.0094,NA
2022-10-29,16,Idaho,wk inc rsv prop ed visits,prop_ed,0.0043,NA
2022-10-29,17,Illinois,wk inc rsv prop ed visits,prop_ed,0.02,NA
2022-10-29,18,Indiana,wk inc rsv prop ed visits,prop_ed,0.0146,NA
2022-10-29,19,Iowa,wk inc rsv prop ed visits,prop_ed,0.0117,NA
2022-10-29,20,Kansas,wk inc rsv prop ed visits,prop_ed,0.0109,NA
2022-10-29,21,Kentucky,wk inc rsv prop ed visits,prop_ed,0.0166,NA
2022-10-29,22,Louisiana,wk inc rsv prop ed visits,prop_ed,0.0059,NA
2022-10-29,23,Maine,wk inc rsv prop ed visits,prop_ed,0.011,NA
2022-10-29,24,Maryland,wk inc rsv prop ed visits,prop_ed,0.0226,NA
2022-10-29,25,Massachusetts,wk inc rsv prop ed visits,prop_ed,0.0203,NA
2022-10-29,26,Michigan,wk inc rsv prop ed visits,prop_ed,0.0137,NA
2022-10-29,27,Minnesota,wk inc rsv prop ed visits,prop_ed,0.0114,NA
2022-10-29,28,Mississippi,wk inc rsv prop ed visits,prop_ed,0.0032,NA
2022-10-29,30,Montana,wk inc rsv prop ed visits,prop_ed,0.0016,NA
2022-10-29,31,Nebraska,wk inc rsv prop ed visits,prop_ed,0.0115,NA
2022-10-29,32,Nevada,wk inc rsv prop ed visits,prop_ed,0.0085,NA
2022-10-29,33,New Hampshire,wk inc rsv prop ed visits,prop_ed,0.0111,NA
2022-10-29,34,New Jersey,wk inc rsv prop ed visits,prop_ed,0.0088,NA
2022-10-29,35,New Mexico,wk inc rsv prop ed visits,prop_ed,0.0162,NA
2022-10-29,36,New York,wk inc rsv prop ed visits,prop_ed,0.0071,NA
2022-10-29,37,North Carolina,wk inc rsv prop ed visits,prop_ed,0.0143,NA
2022-10-29,38,North Dakota,wk inc rsv prop ed visits,prop_ed,0.0147,NA
2022-10-29,39,Ohio,wk inc rsv prop ed visits,prop_ed,0.0095,NA
2022-10-29,40,Oklahoma,wk inc rsv prop ed visits,prop_ed,0.0105,NA
2022-10-29,41,Oregon,wk inc rsv prop ed visits,prop_ed,0.005,NA
2022-10-29,42,Pennsylvania,wk inc rsv prop ed visits,prop_ed,0.0124,NA
2022-10-29,44,Rhode Island,wk inc rsv prop ed visits,prop_ed,0.0103,NA
2022-10-29,45,South Carolina,wk inc rsv prop ed visits,prop_ed,0.0075,NA
2022-10-29,46,South Dakota,wk inc rsv prop ed visits,prop_ed,0.0064,NA
2022-10-29,47,Tennessee,wk inc rsv prop ed visits,prop_ed,0.0082,NA
2022-10-29,48,Texas,wk inc rsv prop ed visits,prop_ed,0.0108,NA
2022-10-29,49,Utah,wk inc rsv prop ed visits,prop_ed,0.0069,NA
2022-10-29,50,Vermont,wk inc rsv prop ed visits,prop_ed,0.012,NA
2022-10-29,51,Virginia,wk inc rsv prop ed visits,prop_ed,0.0111,NA
2022-10-29,53,Washington,wk inc rsv prop ed visits,prop_ed,0.0127,NA
2022-10-29,54,West Virginia,wk inc rsv prop ed visits,prop_ed,0.0279,NA
2022-10-29,55,Wisconsin,wk inc rsv prop ed visits,prop_ed,0.0092,NA
2022-10-29,56,Wyoming,wk inc rsv prop ed visits,prop_ed,0.0054,NA
2022-10-29,US,United States,wk inc rsv prop ed visits,prop_ed,0.01,NA
2022-11-05,01,Alabama,wk inc rsv prop ed visits,prop_ed,0.0029,NA
2022-11-05,02,Alaska,wk inc rsv prop ed visits,prop_ed,0.0175,NA
2022-11-05,04,Arizona,wk inc rsv prop ed visits,prop_ed,0.0096,NA
2022-11-05,05,Arkansas,wk inc rsv prop ed visits,prop_ed,0.0092,NA
2022-11-05,06,California,wk inc rsv prop ed visits,prop_ed,0.0096,NA
2022-11-05,08,Colorado,wk inc rsv prop ed visits,prop_ed,0.0133,NA
2022-11-05,09,Connecticut,wk inc rsv prop ed visits,prop_ed,0.0088,NA
2022-11-05,10,Delaware,wk inc rsv prop ed visits,prop_ed,0.0261,NA
2022-11-05,11,District of Columbia,wk inc rsv prop ed visits,prop_ed,0.02,NA
2022-11-05,12,Florida,wk inc rsv prop ed visits,prop_ed,0.0046,NA
2022-11-05,13,Georgia,wk inc rsv prop ed visits,prop_ed,0.0018,NA
2022-11-05,15,Hawaii,wk inc rsv prop ed visits,prop_ed,0.0098,NA
2022-11-05,16,Idaho,wk inc rsv prop ed visits,prop_ed,0.0096,NA
2022-11-05,17,Illinois,wk inc rsv prop ed visits,prop_ed,0.0202,NA
2022-11-05,18,Indiana,wk inc rsv prop ed visits,prop_ed,0.0146,NA
2022-11-05,19,Iowa,wk inc rsv prop ed visits,prop_ed,0.0163,NA
2022-11-05,20,Kansas,wk inc rsv prop ed visits,prop_ed,0.0159,NA
2022-11-05,21,Kentucky,wk inc rsv prop ed visits,prop_ed,0.017,NA
2022-11-05,22,Louisiana,wk inc rsv prop ed visits,prop_ed,0.0056,NA
2022-11-05,23,Maine,wk inc rsv prop ed visits,prop_ed,0.0144,NA
2022-11-05,24,Maryland,wk inc rsv prop ed visits,prop_ed,0.0212,NA
2022-11-05,25,Massachusetts,wk inc rsv prop ed visits,prop_ed,0.0238,NA
2022-11-05,26,Michigan,wk inc rsv prop ed visits,prop_ed,0.0195,NA
2022-11-05,27,Minnesota,wk inc rsv prop ed visits,prop_ed,0.0187,NA
2022-11-05,28,Mississippi,wk inc rsv prop ed visits,prop_ed,0.0026,NA
2022-11-05,30,Montana,wk inc rsv prop ed visits,prop_ed,0.0025,NA
2022-11-05,31,Nebraska,wk inc rsv prop ed visits,prop_ed,0.0171,NA
2022-11-05,32,Nevada,wk inc rsv prop ed visits,prop_ed,0.0111,NA
2022-11-05,33,New Hampshire,wk inc rsv prop ed visits,prop_ed,0.0141,NA
2022-11-05,34,New Jersey,wk inc rsv prop ed visits,prop_ed,0.0115,NA
2022-11-05,35,New Mexico,wk inc rsv prop ed visits,prop_ed,0.0234,NA
2022-11-05,36,New York,wk inc rsv prop ed visits,prop_ed,0.0098,NA
2022-11-05,37,North Carolina,wk inc rsv prop ed visits,prop_ed,0.013,NA
2022-11-05,38,North Dakota,wk inc rsv prop ed visits,prop_ed,0.0209,NA
2022-11-05,39,Ohio,wk inc rsv prop ed visits,prop_ed,0.0123,NA
2022-11-05,40,Oklahoma,wk inc rsv prop ed visits,prop_ed,0.0089,NA
2022-11-05,41,Oregon,wk inc rsv prop ed visits,prop_ed,0.0081,NA
2022-11-05,42,Pennsylvania,wk inc rsv prop ed visits,prop_ed,0.0151,NA
2022-11-05,44,Rhode Island,wk inc rsv prop ed visits,prop_ed,0.0119,NA
2022-11-05,45,South Carolina,wk inc rsv prop ed visits,prop_ed,0.0066,NA
2022-11-05,46,South Dakota,wk inc rsv prop ed visits,prop_ed,0.0083,NA
2022-11-05,47,Tennessee,wk inc rsv prop ed visits,prop_ed,0.0074,NA
2022-11-05,48,Texas,wk inc rsv prop ed visits,prop_ed,0.0109,NA
2022-11-05,49,Utah,wk inc rsv prop ed visits,prop_ed,0.0127,NA
2022-11-05,50,Vermont,wk inc rsv prop ed visits,prop_ed,0.0186,NA
2022-11-05,51,Virginia,wk inc rsv prop ed visits,prop_ed,0.0101,NA
2022-11-05,53,Washington,wk inc rsv prop ed visits,prop_ed,0.017,NA
2022-11-05,54,West Virginia,wk inc rsv prop ed visits,prop_ed,0.0307,NA
2022-11-05,55,Wisconsin,wk inc rsv prop ed visits,prop_ed,0.0132,NA
2022-11-05,56,Wyoming,wk inc rsv prop ed visits,prop_ed,0.0113,NA
2022-11-05,US,United States,wk inc rsv prop ed visits,prop_ed,0.0114,NA
2022-11-12,01,Alabama,wk inc rsv prop ed visits,prop_ed,0.0032,NA
2022-11-12,02,Alaska,wk inc rsv prop ed visits,prop_ed,0.0213,NA
2022-11-12,04,Arizona,wk inc rsv prop ed visits,prop_ed,0.0131,NA
2022-11-12,05,Arkansas,wk inc rsv prop ed visits,prop_ed,0.0082,NA
2022-11-12,06,California,wk inc rsv prop ed visits,prop_ed,0.0118,NA
2022-11-12,08,Colorado,wk inc rsv prop ed visits,prop_ed,0.0206,NA
2022-11-12,09,Connecticut,wk inc rsv prop ed visits,prop_ed,0.0084,NA
2022-11-12,10,Delaware,wk inc rsv prop ed visits,prop_ed,0.0213,NA
2022-11-12,11,District of Columbia,wk inc rsv prop ed visits,prop_ed,0.0177,NA
2022-11-12,12,Florida,wk inc rsv prop ed visits,prop_ed,0.0049,NA
2022-11-12,13,Georgia,wk inc rsv prop ed visits,prop_ed,0.0019,NA
2022-11-12,15,Hawaii,wk inc rsv prop ed visits,prop_ed,0.0065,NA
2022-11-12,16,Idaho,wk inc rsv prop ed visits,prop_ed,0.0135,NA
2022-11-12,17,Illinois,wk inc rsv prop ed visits,prop_ed,0.0179,NA
2022-11-12,18,Indiana,wk inc rsv prop ed visits,prop_ed,0.0127,NA
2022-11-12,19,Iowa,wk inc rsv prop ed visits,prop_ed,0.0167,NA
2022-11-12,20,Kansas,wk inc rsv prop ed visits,prop_ed,0.0148,NA
2022-11-12,21,Kentucky,wk inc rsv prop ed visits,prop_ed,0.0148,NA
2022-11-12,22,Louisiana,wk inc rsv prop ed visits,prop_ed,0.0051,NA
2022-11-12,23,Maine,wk inc rsv prop ed visits,prop_ed,0.0194,NA
2022-11-12,24,Maryland,wk inc rsv prop ed visits,prop_ed,0.0194,NA
2022-11-12,25,Massachusetts,wk inc rsv prop ed visits,prop_ed,0.0246,NA
2022-11-12,26,Michigan,wk inc rsv prop ed visits,prop_ed,0.0235,NA
2022-11-12,27,Minnesota,wk inc rsv prop ed visits,prop_ed,0.0199,NA
2022-11-12,28,Mississippi,wk inc rsv prop ed visits,prop_ed,0.0026,NA
2022-11-12,30,Montana,wk inc rsv prop ed visits,prop_ed,0.0066,NA
2022-11-12,31,Nebraska,wk inc rsv prop ed visits,prop_ed,0.0182,NA
2022-11-12,32,Nevada,wk inc rsv prop ed visits,prop_ed,0.0153,NA
2022-11-12,33,New Hampshire,wk inc rsv prop ed visits,prop_ed,0.0158,NA
2022-11-12,34,New Jersey,wk inc rsv prop ed visits,prop_ed,0.0115,NA
2022-11-12,35,New Mexico,wk inc rsv prop ed visits,prop_ed,0.0326,NA
2022-11-12,36,New York,wk inc rsv prop ed visits,prop_ed,0.0108,NA
2022-11-12,37,North Carolina,wk inc rsv prop ed visits,prop_ed,0.012,NA
2022-11-12,38,North Dakota,wk inc rsv prop ed visits,prop_ed,0.0221,NA
2022-11-12,39,Ohio,wk inc rsv prop ed visits,prop_ed,0.0127,NA
2022-11-12,40,Oklahoma,wk inc rsv prop ed visits,prop_ed,0.0083,NA
2022-11-12,41,Oregon,wk inc rsv prop ed visits,prop_ed,0.013,NA
2022-11-12,42,Pennsylvania,wk inc rsv prop ed visits,prop_ed,0.0141,NA
2022-11-12,44,Rhode Island,wk inc rsv prop ed visits,prop_ed,0.0113,NA
2022-11-12,45,South Carolina,wk inc rsv prop ed visits,prop_ed,0.0054,NA
2022-11-12,46,South Dakota,wk inc rsv prop ed visits,prop_ed,0.0132,NA
2022-11-12,47,Tennessee,wk inc rsv prop ed visits,prop_ed,0.0071,NA
2022-11-12,48,Texas,wk inc rsv prop ed visits,prop_ed,0.0112,NA
2022-11-12,49,Utah,wk inc rsv prop ed visits,prop_ed,0.0199,NA
2022-11-12,50,Vermont,wk inc rsv prop ed visits,prop_ed,0.0238,NA
2022-11-12,51,Virginia,wk inc rsv prop ed visits,prop_ed,0.0083,NA
2022-11-12,53,Washington,wk inc rsv prop ed visits,prop_ed,0.0228,NA
2022-11-12,54,West Virginia,wk inc rsv prop ed visits,prop_ed,0.0246,NA
2022-11-12,55,Wisconsin,wk inc rsv prop ed visits,prop_ed,0.0149,NA
2022-11-12,56,Wyoming,wk inc rsv prop ed visits,prop_ed,0.0124,NA
2022-11-12,US,United States,wk inc rsv prop ed visits,prop_ed,0.0121,NA
2022-11-19,01,Alabama,wk inc rsv prop ed visits,prop_ed,0.0031,NA
2022-11-19,02,Alaska,wk inc rsv prop ed visits,prop_ed,0.0247,NA
2022-11-19,04,Arizona,wk inc rsv prop ed visits,prop_ed,0.0141,NA
2022-11-19,05,Arkansas,wk inc rsv prop ed visits,prop_ed,0.0058,NA
2022-11-19,06,California,wk inc rsv prop ed visits,prop_ed,0.0118,NA
2022-11-19,08,Colorado,wk inc rsv prop ed visits,prop_ed,0.0254,NA
2022-11-19,09,Connecticut,wk inc rsv prop ed visits,prop_ed,0.0062,NA
2022-11-19,10,Delaware,wk inc rsv prop ed visits,prop_ed,0.012,NA
2022-11-19,11,District of Columbia,wk inc rsv prop ed visits,prop_ed,0.0126,NA
2022-11-19,12,Florida,wk inc rsv prop ed visits,prop_ed,0.0042,NA
2022-11-19,13,Georgia,wk inc rsv prop ed visits,prop_ed,0.0018,NA
2022-11-19,15,Hawaii,wk inc rsv prop ed visits,prop_ed,0.0051,NA
2022-11-19,16,Idaho,wk inc rsv prop ed visits,prop_ed,0.0202,NA
2022-11-19,17,Illinois,wk inc rsv prop ed visits,prop_ed,0.0136,NA
2022-11-19,18,Indiana,wk inc rsv prop ed visits,prop_ed,0.012,NA
2022-11-19,19,Iowa,wk inc rsv prop ed visits,prop_ed,0.0207,NA
2022-11-19,20,Kansas,wk inc rsv prop ed visits,prop_ed,0.0134,NA
2022-11-19,21,Kentucky,wk inc rsv prop ed visits,prop_ed,0.0122,NA
2022-11-19,22,Louisiana,wk inc rsv prop ed visits,prop_ed,0.0049,NA
2022-11-19,23,Maine,wk inc rsv prop ed visits,prop_ed,0.0197,NA
2022-11-19,24,Maryland,wk inc rsv prop ed visits,prop_ed,0.0147,NA
2022-11-19,25,Massachusetts,wk inc rsv prop ed visits,prop_ed,0.0209,NA
2022-11-19,26,Michigan,wk inc rsv prop ed visits,prop_ed,0.0211,NA
2022-11-19,27,Minnesota,wk inc rsv prop ed visits,prop_ed,0.024,NA
2022-11-19,28,Mississippi,wk inc rsv prop ed visits,prop_ed,0.0023,NA
2022-11-19,30,Montana,wk inc rsv prop ed visits,prop_ed,0.009,NA
2022-11-19,31,Nebraska,wk inc rsv prop ed visits,prop_ed,0.0154,NA
2022-11-19,32,Nevada,wk inc rsv prop ed visits,prop_ed,0.0145,NA
2022-11-19,33,New Hampshire,wk inc rsv prop ed visits,prop_ed,0.0142,NA
2022-11-19,34,New Jersey,wk inc rsv prop ed visits,prop_ed,0.0104,NA
2022-11-19,35,New Mexico,wk inc rsv prop ed visits,prop_ed,0.0351,NA
2022-11-19,36,New York,wk inc rsv prop ed visits,prop_ed,0.0101,NA
2022-11-19,37,North Carolina,wk inc rsv prop ed visits,prop_ed,0.0098,NA
2022-11-19,38,North Dakota,wk inc rsv prop ed visits,prop_ed,0.0222,NA
2022-11-19,39,Ohio,wk inc rsv prop ed visits,prop_ed,0.011,NA
2022-11-19,40,Oklahoma,wk inc rsv prop ed visits,prop_ed,0.0102,NA
2022-11-19,41,Oregon,wk inc rsv prop ed visits,prop_ed,0.016,NA
2022-11-19,42,Pennsylvania,wk inc rsv prop ed visits,prop_ed,0.0115,NA
2022-11-19,44,Rhode Island,wk inc rsv prop ed visits,prop_ed,0.0098,NA
2022-11-19,45,South Carolina,wk inc rsv prop ed visits,prop_ed,0.0046,NA
2022-11-19,46,South Dakota,wk inc rsv prop ed visits,prop_ed,0.0148,NA
2022-11-19,47,Tennessee,wk inc rsv prop ed visits,prop_ed,0.0054,NA
2022-11-19,48,Texas,wk inc rsv prop ed visits,prop_ed,0.0101,NA
2022-11-19,49,Utah,wk inc rsv prop ed visits,prop_ed,0.0246,NA
2022-11-19,50,Vermont,wk inc rsv prop ed visits,prop_ed,0.0307,NA
2022-11-19,51,Virginia,wk inc rsv prop ed visits,prop_ed,0.0069,NA
2022-11-19,53,Washington,wk inc rsv prop ed visits,prop_ed,0.0233,NA
2022-11-19,54,West Virginia,wk inc rsv prop ed visits,prop_ed,0.0203,NA
2022-11-19,55,Wisconsin,wk inc rsv prop ed visits,prop_ed,0.0141,NA
2022-11-19,56,Wyoming,wk inc rsv prop ed visits,prop_ed,0.0175,NA
2022-11-19,US,United States,wk inc rsv prop ed visits,prop_ed,0.0111,NA
2022-11-26,01,Alabama,wk inc rsv prop ed visits,prop_ed,0.0035,NA
2022-11-26,02,Alaska,wk inc rsv prop ed visits,prop_ed,0.028,NA
2022-11-26,04,Arizona,wk inc rsv prop ed visits,prop_ed,0.0135,NA
2022-11-26,05,Arkansas,wk inc rsv prop ed visits,prop_ed,0.0058,NA
2022-11-26,06,California,wk inc rsv prop ed visits,prop_ed,0.0128,NA
2022-11-26,08,Colorado,wk inc rsv prop ed visits,prop_ed,0.0253,NA
2022-11-26,09,Connecticut,wk inc rsv prop ed visits,prop_ed,0.0052,NA
2022-11-26,10,Delaware,wk inc rsv prop ed visits,prop_ed,0.01,NA
2022-11-26,11,District of Columbia,wk inc rsv prop ed visits,prop_ed,0.0098,NA
2022-11-26,12,Florida,wk inc rsv prop ed visits,prop_ed,0.0042,NA
2022-11-26,13,Georgia,wk inc rsv prop ed visits,prop_ed,0.0015,NA
2022-11-26,15,Hawaii,wk inc rsv prop ed visits,prop_ed,0.0013,NA
2022-11-26,16,Idaho,wk inc rsv prop ed visits,prop_ed,0.0274,NA
2022-11-26,17,Illinois,wk inc rsv prop ed visits,prop_ed,0.0105,NA
2022-11-26,18,Indiana,wk inc rsv prop ed visits,prop_ed,0.0098,NA
2022-11-26,19,Iowa,wk inc rsv prop ed visits,prop_ed,0.0213,NA
2022-11-26,20,Kansas,wk inc rsv prop ed visits,prop_ed,0.0142,NA
2022-11-26,21,Kentucky,wk inc rsv prop ed visits,prop_ed,0.0093,NA
2022-11-26,22,Louisiana,wk inc rsv prop ed visits,prop_ed,0.0046,NA
2022-11-26,23,Maine,wk inc rsv prop ed visits,prop_ed,0.0141,NA
2022-11-26,24,Maryland,wk inc rsv prop ed visits,prop_ed,0.0109,NA
2022-11-26,25,Massachusetts,wk inc rsv prop ed visits,prop_ed,0.0172,NA
2022-11-26,26,Michigan,wk inc rsv prop ed visits,prop_ed,0.0183,NA
2022-11-26,27,Minnesota,wk inc rsv prop ed visits,prop_ed,0.0224,NA
2022-11-26,28,Mississippi,wk inc rsv prop ed visits,prop_ed,0.0025,NA
2022-11-26,30,Montana,wk inc rsv prop ed visits,prop_ed,0.0132,NA
2022-11-26,31,Nebraska,wk inc rsv prop ed visits,prop_ed,0.0157,NA
2022-11-26,32,Nevada,wk inc rsv prop ed visits,prop_ed,0.0171,NA
2022-11-26,33,New Hampshire,wk inc rsv prop ed visits,prop_ed,0.014,NA
2022-11-26,34,New Jersey,wk inc rsv prop ed visits,prop_ed,0.0075,NA
2022-11-26,35,New Mexico,wk inc rsv prop ed visits,prop_ed,0.0314,NA
2022-11-26,36,New York,wk inc rsv prop ed visits,prop_ed,0.0084,NA
2022-11-26,37,North Carolina,wk inc rsv prop ed visits,prop_ed,0.0074,NA
2022-11-26,38,North Dakota,wk inc rsv prop ed visits,prop_ed,0.0265,NA
2022-11-26,39,Ohio,wk inc rsv prop ed visits,prop_ed,0.0092,NA
2022-11-26,40,Oklahoma,wk inc rsv prop ed visits,prop_ed,0.0081,NA
2022-11-26,41,Oregon,wk inc rsv prop ed visits,prop_ed,0.0196,NA
2022-11-26,42,Pennsylvania,wk inc rsv prop ed visits,prop_ed,0.0085,NA
2022-11-26,44,Rhode Island,wk inc rsv prop ed visits,prop_ed,0.0058,NA
2022-11-26,45,South Carolina,wk inc rsv prop ed visits,prop_ed,0.0039,NA
2022-11-26,46,South Dakota,wk inc rsv prop ed visits,prop_ed,0.0139,NA
2022-11-26,47,Tennessee,wk inc rsv prop ed visits,prop_ed,0.0047,NA
2022-11-26,48,Texas,wk inc rsv prop ed visits,prop_ed,0.0097,NA
2022-11-26,49,Utah,wk inc rsv prop ed visits,prop_ed,0.0314,NA
2022-11-26,50,Vermont,wk inc rsv prop ed visits,prop_ed,0.0301,NA
2022-11-26,51,Virginia,wk inc rsv prop ed visits,prop_ed,0.0052,NA
2022-11-26,53,Washington,wk inc rsv prop ed visits,prop_ed,0.0237,NA
2022-11-26,54,West Virginia,wk inc rsv prop ed visits,prop_ed,0.0174,NA
2022-11-26,55,Wisconsin,wk inc rsv prop ed visits,prop_ed,0.0153,NA
2022-11-26,56,Wyoming,wk inc rsv prop ed visits,prop_ed,0.0246,NA
2022-11-26,US,United States,wk inc rsv prop ed visits,prop_ed,0.0102,NA
2022-12-03,01,Alabama,wk inc rsv prop ed visits,prop_ed,0.003,NA
2022-12-03,02,Alaska,wk inc rsv prop ed visits,prop_ed,0.0237,NA
2022-12-03,04,Arizona,wk inc rsv prop ed visits,prop_ed,0.0116,NA
2022-12-03,05,Arkansas,wk inc rsv prop ed visits,prop_ed,0.0047,NA
2022-12-03,06,California,wk inc rsv prop ed visits,prop_ed,0.0094,NA
2022-12-03,08,Colorado,wk inc rsv prop ed visits,prop_ed,0.0192,NA
2022-12-03,09,Connecticut,wk inc rsv prop ed visits,prop_ed,0.0031,NA
2022-12-03,10,Delaware,wk inc rsv prop ed visits,prop_ed,0.0095,NA
2022-12-03,11,District of Columbia,wk inc rsv prop ed visits,prop_ed,0.0071,NA
2022-12-03,12,Florida,wk inc rsv prop ed visits,prop_ed,0.0035,NA
2022-12-03,13,Georgia,wk inc rsv prop ed visits,prop_ed,0.0018,NA
2022-12-03,15,Hawaii,wk inc rsv prop ed visits,prop_ed,0.0022,NA
2022-12-03,16,Idaho,wk inc rsv prop ed visits,prop_ed,0.0302,NA
2022-12-03,17,Illinois,wk inc rsv prop ed visits,prop_ed,0.0081,NA
2022-12-03,18,Indiana,wk inc rsv prop ed visits,prop_ed,0.0071,NA
2022-12-03,19,Iowa,wk inc rsv prop ed visits,prop_ed,0.0206,NA
2022-12-03,20,Kansas,wk inc rsv prop ed visits,prop_ed,0.013,NA
2022-12-03,21,Kentucky,wk inc rsv prop ed visits,prop_ed,0.0073,NA
2022-12-03,22,Louisiana,wk inc rsv prop ed visits,prop_ed,0.0031,NA
2022-12-03,23,Maine,wk inc rsv prop ed visits,prop_ed,0.0118,NA
2022-12-03,24,Maryland,wk inc rsv prop ed visits,prop_ed,0.0084,NA
2022-12-03,25,Massachusetts,wk inc rsv prop ed visits,prop_ed,0.0121,NA
2022-12-03,26,Michigan,wk inc rsv prop ed visits,prop_ed,0.0154,NA
2022-12-03,27,Minnesota,wk inc rsv prop ed visits,prop_ed,0.0209,NA
2022-12-03,28,Mississippi,wk inc rsv prop ed visits,prop_ed,0.0018,NA
2022-12-03,30,Montana,wk inc rsv prop ed visits,prop_ed,0.0123,NA
2022-12-03,31,Nebraska,wk inc rsv prop ed visits,prop_ed,0.0118,NA
2022-12-03,32,Nevada,wk inc rsv prop ed visits,prop_ed,0.0147,NA
2022-12-03,33,New Hampshire,wk inc rsv prop ed visits,prop_ed,0.0108,NA
2022-12-03,34,New Jersey,wk inc rsv prop ed visits,prop_ed,0.0057,NA
2022-12-03,35,New Mexico,wk inc rsv prop ed visits,prop_ed,0.0271,NA
2022-12-03,36,New York,wk inc rsv prop ed visits,prop_ed,0.0055,NA
2022-12-03,37,North Carolina,wk inc rsv prop ed visits,prop_ed,0.0066,NA
2022-12-03,38,North Dakota,wk inc rsv prop ed visits,prop_ed,0.0304,NA
2022-12-03,39,Ohio,wk inc rsv prop ed visits,prop_ed,0.0065,NA
2022-12-03,40,Oklahoma,wk inc rsv prop ed visits,prop_ed,0.0072,NA
2022-12-03,41,Oregon,wk inc rsv prop ed visits,prop_ed,0.0182,NA
2022-12-03,42,Pennsylvania,wk inc rsv prop ed visits,prop_ed,0.0061,NA
2022-12-03,44,Rhode Island,wk inc rsv prop ed visits,prop_ed,0.0055,NA
2022-12-03,45,South Carolina,wk inc rsv prop ed visits,prop_ed,0.0034,NA
2022-12-03,46,South Dakota,wk inc rsv prop ed visits,prop_ed,0.0138,NA
2022-12-03,47,Tennessee,wk inc rsv prop ed visits,prop_ed,0.0035,NA
2022-12-03,48,Texas,wk inc rsv prop ed visits,prop_ed,0.0078,NA
2022-12-03,49,Utah,wk inc rsv prop ed visits,prop_ed,0.0341,NA
2022-12-03,50,Vermont,wk inc rsv prop ed visits,prop_ed,0.0198,NA
2022-12-03,51,Virginia,wk inc rsv prop ed visits,prop_ed,0.0046,NA
2022-12-03,53,Washington,wk inc rsv prop ed visits,prop_ed,0.0205,NA
2022-12-03,54,West Virginia,wk inc rsv prop ed visits,prop_ed,0.0118,NA
2022-12-03,55,Wisconsin,wk inc rsv prop ed visits,prop_ed,0.0128,NA
2022-12-03,56,Wyoming,wk inc rsv prop ed visits,prop_ed,0.0243,NA
2022-12-03,US,United States,wk inc rsv prop ed visits,prop_ed,0.0082,NA
2022-12-10,01,Alabama,wk inc rsv prop ed visits,prop_ed,0.0021,NA
2022-12-10,02,Alaska,wk inc rsv prop ed visits,prop_ed,0.0199,NA
2022-12-10,04,Arizona,wk inc rsv prop ed visits,prop_ed,0.0103,NA
2022-12-10,05,Arkansas,wk inc rsv prop ed visits,prop_ed,0.0032,NA
2022-12-10,06,California,wk inc rsv prop ed visits,prop_ed,0.0078,NA
2022-12-10,08,Colorado,wk inc rsv prop ed visits,prop_ed,0.0146,NA
2022-12-10,09,Connecticut,wk inc rsv prop ed visits,prop_ed,0.0026,NA
2022-12-10,10,Delaware,wk inc rsv prop ed visits,prop_ed,0.006,NA
2022-12-10,11,District of Columbia,wk inc rsv prop ed visits,prop_ed,0.0061,NA
2022-12-10,12,Florida,wk inc rsv prop ed visits,prop_ed,0.0027,NA
2022-12-10,13,Georgia,wk inc rsv prop ed visits,prop_ed,0.0015,NA
2022-12-10,15,Hawaii,wk inc rsv prop ed visits,prop_ed,0.0031,NA
2022-12-10,16,Idaho,wk inc rsv prop ed visits,prop_ed,0.0198,NA
2022-12-10,17,Illinois,wk inc rsv prop ed visits,prop_ed,0.0061,NA
2022-12-10,18,Indiana,wk inc rsv prop ed visits,prop_ed,0.005,NA
2022-12-10,19,Iowa,wk inc rsv prop ed visits,prop_ed,0.0162,NA
2022-12-10,20,Kansas,wk inc rsv prop ed visits,prop_ed,0.0109,NA
2022-12-10,21,Kentucky,wk inc rsv prop ed visits,prop_ed,0.006,NA
2022-12-10,22,Louisiana,wk inc rsv prop ed visits,prop_ed,0.003,NA
2022-12-10,23,Maine,wk inc rsv prop ed visits,prop_ed,0.0082,NA
2022-12-10,24,Maryland,wk inc rsv prop ed visits,prop_ed,0.0062,NA
2022-12-10,25,Massachusetts,wk inc rsv prop ed visits,prop_ed,0.0086,NA
2022-12-10,26,Michigan,wk inc rsv prop ed visits,prop_ed,0.0108,NA
2022-12-10,27,Minnesota,wk inc rsv prop ed visits,prop_ed,0.0195,NA
2022-12-10,28,Mississippi,wk inc rsv prop ed visits,prop_ed,0.0017,NA
2022-12-10,30,Montana,wk inc rsv prop ed visits,prop_ed,0.0194,NA
2022-12-10,31,Nebraska,wk inc rsv prop ed visits,prop_ed,0.0091,NA
2022-12-10,32,Nevada,wk inc rsv prop ed visits,prop_ed,0.0113,NA
2022-12-10,33,New Hampshire,wk inc rsv prop ed visits,prop_ed,0.0072,NA
2022-12-10,34,New Jersey,wk inc rsv prop ed visits,prop_ed,0.0045,NA
2022-12-10,35,New Mexico,wk inc rsv prop ed visits,prop_ed,0.0177,NA
2022-12-10,36,New York,wk inc rsv prop ed visits,prop_ed,0.0042,NA
2022-12-10,37,North Carolina,wk inc rsv prop ed visits,prop_ed,0.0053,NA
2022-12-10,38,North Dakota,wk inc rsv prop ed visits,prop_ed,0.0272,NA
2022-12-10,39,Ohio,wk inc rsv prop ed visits,prop_ed,0.0055,NA
2022-12-10,40,Oklahoma,wk inc rsv prop ed visits,prop_ed,0.0055,NA
2022-12-10,41,Oregon,wk inc rsv prop ed visits,prop_ed,0.0158,NA
2022-12-10,42,Pennsylvania,wk inc rsv prop ed visits,prop_ed,0.0044,NA
2022-12-10,44,Rhode Island,wk inc rsv prop ed visits,prop_ed,0.0027,NA
2022-12-10,45,South Carolina,wk inc rsv prop ed visits,prop_ed,0.0035,NA
2022-12-10,46,South Dakota,wk inc rsv prop ed visits,prop_ed,0.0155,NA
2022-12-10,47,Tennessee,wk inc rsv prop ed visits,prop_ed,0.0036,NA
2022-12-10,48,Texas,wk inc rsv prop ed visits,prop_ed,0.0057,NA
2022-12-10,49,Utah,wk inc rsv prop ed visits,prop_ed,0.033,NA
2022-12-10,50,Vermont,wk inc rsv prop ed visits,prop_ed,0.0158,NA
2022-12-10,51,Virginia,wk inc rsv prop ed visits,prop_ed,0.0033,NA
2022-12-10,53,Washington,wk inc rsv prop ed visits,prop_ed,0.0159,NA
2022-12-10,54,West Virginia,wk inc rsv prop ed visits,prop_ed,0.0087,NA
2022-12-10,55,Wisconsin,wk inc rsv prop ed visits,prop_ed,0.01,NA
2022-12-10,56,Wyoming,wk inc rsv prop ed visits,prop_ed,0.0223,NA
2022-12-10,US,United States,wk inc rsv prop ed visits,prop_ed,0.0065,NA
2022-12-17,01,Alabama,wk inc rsv prop ed visits,prop_ed,0.003,NA
2022-12-17,02,Alaska,wk inc rsv prop ed visits,prop_ed,0.0191,NA
2022-12-17,04,Arizona,wk inc rsv prop ed visits,prop_ed,0.0082,NA
2022-12-17,05,Arkansas,wk inc rsv prop ed visits,prop_ed,0.003,NA
2022-12-17,06,California,wk inc rsv prop ed visits,prop_ed,0.0065,NA
2022-12-17,08,Colorado,wk inc rsv prop ed visits,prop_ed,0.0125,NA
2022-12-17,09,Connecticut,wk inc rsv prop ed visits,prop_ed,0.0019,NA
2022-12-17,10,Delaware,wk inc rsv prop ed visits,prop_ed,0.0053,NA
2022-12-17,11,District of Columbia,wk inc rsv prop ed visits,prop_ed,0.0062,NA
2022-12-17,12,Florida,wk inc rsv prop ed visits,prop_ed,0.0026,NA
2022-12-17,13,Georgia,wk inc rsv prop ed visits,prop_ed,0.0015,NA
2022-12-17,15,Hawaii,wk inc rsv prop ed visits,prop_ed,0.0032,NA
2022-12-17,16,Idaho,wk inc rsv prop ed visits,prop_ed,0.022,NA
2022-12-17,17,Illinois,wk inc rsv prop ed visits,prop_ed,0.0047,NA
2022-12-17,18,Indiana,wk inc rsv prop ed visits,prop_ed,0.0035,NA
2022-12-17,19,Iowa,wk inc rsv prop ed visits,prop_ed,0.0133,NA
2022-12-17,20,Kansas,wk inc rsv prop ed visits,prop_ed,0.0081,NA
2022-12-17,21,Kentucky,wk inc rsv prop ed visits,prop_ed,0.0055,NA
2022-12-17,22,Louisiana,wk inc rsv prop ed visits,prop_ed,0.0024,NA
2022-12-17,23,Maine,wk inc rsv prop ed visits,prop_ed,0.0065,NA
2022-12-17,24,Maryland,wk inc rsv prop ed visits,prop_ed,0.0059,NA
2022-12-17,25,Massachusetts,wk inc rsv prop ed visits,prop_ed,0.0065,NA
2022-12-17,26,Michigan,wk inc rsv prop ed visits,prop_ed,0.0085,NA
2022-12-17,27,Minnesota,wk inc rsv prop ed visits,prop_ed,0.0138,NA
2022-12-17,28,Mississippi,wk inc rsv prop ed visits,prop_ed,0.0013,NA
2022-12-17,30,Montana,wk inc rsv prop ed visits,prop_ed,0.0195,NA
2022-12-17,31,Nebraska,wk inc rsv prop ed visits,prop_ed,0.0071,NA
2022-12-17,32,Nevada,wk inc rsv prop ed visits,prop_ed,0.0084,NA
2022-12-17,33,New Hampshire,wk inc rsv prop ed visits,prop_ed,0.0049,NA
2022-12-17,34,New Jersey,wk inc rsv prop ed visits,prop_ed,0.0036,NA
2022-12-17,35,New Mexico,wk inc rsv prop ed visits,prop_ed,0.0153,NA
2022-12-17,36,New York,wk inc rsv prop ed visits,prop_ed,0.003,NA
2022-12-17,37,North Carolina,wk inc rsv prop ed visits,prop_ed,0.0044,NA
2022-12-17,38,North Dakota,wk inc rsv prop ed visits,prop_ed,0.0308,NA
2022-12-17,39,Ohio,wk inc rsv prop ed visits,prop_ed,0.0039,NA
2022-12-17,40,Oklahoma,wk inc rsv prop ed visits,prop_ed,0.0041,NA
2022-12-17,41,Oregon,wk inc rsv prop ed visits,prop_ed,0.0135,NA
2022-12-17,42,Pennsylvania,wk inc rsv prop ed visits,prop_ed,0.0035,NA
2022-12-17,44,Rhode Island,wk inc rsv prop ed visits,prop_ed,0.0027,NA
2022-12-17,45,South Carolina,wk inc rsv prop ed visits,prop_ed,0.0023,NA
2022-12-17,46,South Dakota,wk inc rsv prop ed visits,prop_ed,0.0138,NA
2022-12-17,47,Tennessee,wk inc rsv prop ed visits,prop_ed,0.0028,NA
2022-12-17,48,Texas,wk inc rsv prop ed visits,prop_ed,0.005,NA
2022-12-17,49,Utah,wk inc rsv prop ed visits,prop_ed,0.0224,NA
2022-12-17,50,Vermont,wk inc rsv prop ed visits,prop_ed,0.0161,NA
2022-12-17,51,Virginia,wk inc rsv prop ed visits,prop_ed,0.0037,NA
2022-12-17,53,Washington,wk inc rsv prop ed visits,prop_ed,0.0106,NA
2022-12-17,54,West Virginia,wk inc rsv prop ed visits,prop_ed,0.0076,NA
2022-12-17,55,Wisconsin,wk inc rsv prop ed visits,prop_ed,0.0078,NA
2022-12-17,56,Wyoming,wk inc rsv prop ed visits,prop_ed,0.0321,NA
2022-12-17,US,United States,wk inc rsv prop ed visits,prop_ed,0.0054,NA
2022-12-24,01,Alabama,wk inc rsv prop ed visits,prop_ed,0.0027,NA
2022-12-24,02,Alaska,wk inc rsv prop ed visits,prop_ed,0.0153,NA
2022-12-24,04,Arizona,wk inc rsv prop ed visits,prop_ed,0.0073,NA
2022-12-24,05,Arkansas,wk inc rsv prop ed visits,prop_ed,0.0025,NA
2022-12-24,06,California,wk inc rsv prop ed visits,prop_ed,0.0063,NA
2022-12-24,08,Colorado,wk inc rsv prop ed visits,prop_ed,0.0093,NA
2022-12-24,09,Connecticut,wk inc rsv prop ed visits,prop_ed,0.0017,NA
2022-12-24,10,Delaware,wk inc rsv prop ed visits,prop_ed,0.0036,NA
2022-12-24,11,District of Columbia,wk inc rsv prop ed visits,prop_ed,0.0051,NA
2022-12-24,12,Florida,wk inc rsv prop ed visits,prop_ed,0.0027,NA
2022-12-24,13,Georgia,wk inc rsv prop ed visits,prop_ed,0.0013,NA
2022-12-24,15,Hawaii,wk inc rsv prop ed visits,prop_ed,0.0013,NA
2022-12-24,16,Idaho,wk inc rsv prop ed visits,prop_ed,0.0181,NA
2022-12-24,17,Illinois,wk inc rsv prop ed visits,prop_ed,0.0037,NA
2022-12-24,18,Indiana,wk inc rsv prop ed visits,prop_ed,0.0031,NA
2022-12-24,19,Iowa,wk inc rsv prop ed visits,prop_ed,0.0114,NA
2022-12-24,20,Kansas,wk inc rsv prop ed visits,prop_ed,0.008,NA
2022-12-24,21,Kentucky,wk inc rsv prop ed visits,prop_ed,0.0046,NA
2022-12-24,22,Louisiana,wk inc rsv prop ed visits,prop_ed,0.003,NA
2022-12-24,23,Maine,wk inc rsv prop ed visits,prop_ed,0.0045,NA
2022-12-24,24,Maryland,wk inc rsv prop ed visits,prop_ed,0.0039,NA
2022-12-24,25,Massachusetts,wk inc rsv prop ed visits,prop_ed,0.0041,NA
2022-12-24,26,Michigan,wk inc rsv prop ed visits,prop_ed,0.0058,NA
2022-12-24,27,Minnesota,wk inc rsv prop ed visits,prop_ed,0.0134,NA
2022-12-24,28,Mississippi,wk inc rsv prop ed visits,prop_ed,0.0014,NA
2022-12-24,30,Montana,wk inc rsv prop ed visits,prop_ed,0.0211,NA
2022-12-24,31,Nebraska,wk inc rsv prop ed visits,prop_ed,0.0054,NA
2022-12-24,32,Nevada,wk inc rsv prop ed visits,prop_ed,0.0087,NA
2022-12-24,33,New Hampshire,wk inc rsv prop ed visits,prop_ed,0.0037,NA
2022-12-24,34,New Jersey,wk inc rsv prop ed visits,prop_ed,0.0026,NA
2022-12-24,35,New Mexico,wk inc rsv prop ed visits,prop_ed,0.012,NA
2022-12-24,36,New York,wk inc rsv prop ed visits,prop_ed,0.0022,NA
2022-12-24,37,North Carolina,wk inc rsv prop ed visits,prop_ed,0.0042,NA
2022-12-24,38,North Dakota,wk inc rsv prop ed visits,prop_ed,0.0205,NA
2022-12-24,39,Ohio,wk inc rsv prop ed visits,prop_ed,0.0028,NA
2022-12-24,40,Oklahoma,wk inc rsv prop ed visits,prop_ed,0.0045,NA
2022-12-24,41,Oregon,wk inc rsv prop ed visits,prop_ed,0.0123,NA
2022-12-24,42,Pennsylvania,wk inc rsv prop ed visits,prop_ed,0.0028,NA
2022-12-24,44,Rhode Island,wk inc rsv prop ed visits,prop_ed,0.0023,NA
2022-12-24,45,South Carolina,wk inc rsv prop ed visits,prop_ed,0.0022,NA
2022-12-24,46,South Dakota,wk inc rsv prop ed visits,prop_ed,0.0109,NA
2022-12-24,47,Tennessee,wk inc rsv prop ed visits,prop_ed,0.0035,NA
2022-12-24,48,Texas,wk inc rsv prop ed visits,prop_ed,0.0049,NA
2022-12-24,49,Utah,wk inc rsv prop ed visits,prop_ed,0.0186,NA
2022-12-24,50,Vermont,wk inc rsv prop ed visits,prop_ed,0.0134,NA
2022-12-24,51,Virginia,wk inc rsv prop ed visits,prop_ed,0.0027,NA
2022-12-24,53,Washington,wk inc rsv prop ed visits,prop_ed,0.0101,NA
2022-12-24,54,West Virginia,wk inc rsv prop ed visits,prop_ed,0.0061,NA
2022-12-24,55,Wisconsin,wk inc rsv prop ed visits,prop_ed,0.0055,NA
2022-12-24,56,Wyoming,wk inc rsv prop ed visits,prop_ed,0.0252,NA
2022-12-24,US,United States,wk inc rsv prop ed visits,prop_ed,0.0046,NA
2022-12-31,01,Alabama,wk inc rsv prop ed visits,prop_ed,0.002,NA
2022-12-31,02,Alaska,wk inc rsv prop ed visits,prop_ed,0.014,NA
2022-12-31,04,Arizona,wk inc rsv prop ed visits,prop_ed,0.0063,NA
2022-12-31,05,Arkansas,wk inc rsv prop ed visits,prop_ed,0.0024,NA
2022-12-31,06,California,wk inc rsv prop ed visits,prop_ed,0.006,NA
2022-12-31,08,Colorado,wk inc rsv prop ed visits,prop_ed,0.0087,NA
2022-12-31,09,Connecticut,wk inc rsv prop ed visits,prop_ed,0.0013,NA
2022-12-31,10,Delaware,wk inc rsv prop ed visits,prop_ed,0.0028,NA
2022-12-31,11,District of Columbia,wk inc rsv prop ed visits,prop_ed,0.005,NA
2022-12-31,12,Florida,wk inc rsv prop ed visits,prop_ed,0.0024,NA
2022-12-31,13,Georgia,wk inc rsv prop ed visits,prop_ed,0.0011,NA
2022-12-31,15,Hawaii,wk inc rsv prop ed visits,prop_ed,0.0012,NA
2022-12-31,16,Idaho,wk inc rsv prop ed visits,prop_ed,0.0151,NA
2022-12-31,17,Illinois,wk inc rsv prop ed visits,prop_ed,0.0032,NA
2022-12-31,18,Indiana,wk inc rsv prop ed visits,prop_ed,0.0029,NA
2022-12-31,19,Iowa,wk inc rsv prop ed visits,prop_ed,0.007,NA
2022-12-31,20,Kansas,wk inc rsv prop ed visits,prop_ed,0.0064,NA
2022-12-31,21,Kentucky,wk inc rsv prop ed visits,prop_ed,0.0048,NA
2022-12-31,22,Louisiana,wk inc rsv prop ed visits,prop_ed,0.0019,NA
2022-12-31,23,Maine,wk inc rsv prop ed visits,prop_ed,0.0047,NA
2022-12-31,24,Maryland,wk inc rsv prop ed visits,prop_ed,0.0035,NA
2022-12-31,25,Massachusetts,wk inc rsv prop ed visits,prop_ed,0.0031,NA
2022-12-31,26,Michigan,wk inc rsv prop ed visits,prop_ed,0.0044,NA
2022-12-31,27,Minnesota,wk inc rsv prop ed visits,prop_ed,0.0121,NA
2022-12-31,28,Mississippi,wk inc rsv prop ed visits,prop_ed,0.0013,NA
2022-12-31,30,Montana,wk inc rsv prop ed visits,prop_ed,0.0184,NA
2022-12-31,31,Nebraska,wk inc rsv prop ed visits,prop_ed,0.0053,NA
2022-12-31,32,Nevada,wk inc rsv prop ed visits,prop_ed,0.0068,NA
2022-12-31,33,New Hampshire,wk inc rsv prop ed visits,prop_ed,0.004,NA
2022-12-31,34,New Jersey,wk inc rsv prop ed visits,prop_ed,0.0029,NA
2022-12-31,35,New Mexico,wk inc rsv prop ed visits,prop_ed,0.0104,NA
2022-12-31,36,New York,wk inc rsv prop ed visits,prop_ed,0.002,NA
2022-12-31,37,North Carolina,wk inc rsv prop ed visits,prop_ed,0.0035,NA
2022-12-31,38,North Dakota,wk inc rsv prop ed visits,prop_ed,0.0126,NA
2022-12-31,39,Ohio,wk inc rsv prop ed visits,prop_ed,0.0025,NA
2022-12-31,40,Oklahoma,wk inc rsv prop ed visits,prop_ed,0.0042,NA
2022-12-31,41,Oregon,wk inc rsv prop ed visits,prop_ed,0.0124,NA
2022-12-31,42,Pennsylvania,wk inc rsv prop ed visits,prop_ed,0.0027,NA
2022-12-31,44,Rhode Island,wk inc rsv prop ed visits,prop_ed,0.0014,NA
2022-12-31,45,South Carolina,wk inc rsv prop ed visits,prop_ed,0.0017,NA
2022-12-31,46,South Dakota,wk inc rsv prop ed visits,prop_ed,0.0087,NA
2022-12-31,47,Tennessee,wk inc rsv prop ed visits,prop_ed,0.0031,NA
2022-12-31,48,Texas,wk inc rsv prop ed visits,prop_ed,0.0039,NA
2022-12-31,49,Utah,wk inc rsv prop ed visits,prop_ed,0.0178,NA
2022-12-31,50,Vermont,wk inc rsv prop ed visits,prop_ed,0.0106,NA
2022-12-31,51,Virginia,wk inc rsv prop ed visits,prop_ed,0.0025,NA
2022-12-31,53,Washington,wk inc rsv prop ed visits,prop_ed,0.0101,NA
2022-12-31,54,West Virginia,wk inc rsv prop ed visits,prop_ed,0.0055,NA
2022-12-31,55,Wisconsin,wk inc rsv prop ed visits,prop_ed,0.0051,NA
2022-12-31,56,Wyoming,wk inc rsv prop ed visits,prop_ed,0.027,NA
2022-12-31,US,United States,wk inc rsv prop ed visits,prop_ed,0.004,NA
2023-01-07,01,Alabama,wk inc rsv prop ed visits,prop_ed,0.0018,NA
2023-01-07,02,Alaska,wk inc rsv prop ed visits,prop_ed,0.0144,NA
2023-01-07,04,Arizona,wk inc rsv prop ed visits,prop_ed,0.006,NA
2023-01-07,05,Arkansas,wk inc rsv prop ed visits,prop_ed,0.0025,NA
2023-01-07,06,California,wk inc rsv prop ed visits,prop_ed,0.0046,NA
2023-01-07,08,Colorado,wk inc rsv prop ed visits,prop_ed,0.0065,NA
2023-01-07,09,Connecticut,wk inc rsv prop ed visits,prop_ed,0.0012,NA
2023-01-07,10,Delaware,wk inc rsv prop ed visits,prop_ed,0.0039,NA
2023-01-07,11,District of Columbia,wk inc rsv prop ed visits,prop_ed,0.0045,NA
2023-01-07,12,Florida,wk inc rsv prop ed visits,prop_ed,0.0022,NA
2023-01-07,13,Georgia,wk inc rsv prop ed visits,prop_ed,0.0015,NA
2023-01-07,15,Hawaii,wk inc rsv prop ed visits,prop_ed,0.0013,NA
2023-01-07,16,Idaho,wk inc rsv prop ed visits,prop_ed,0.0123,NA
2023-01-07,17,Illinois,wk inc rsv prop ed visits,prop_ed,0.0031,NA
2023-01-07,18,Indiana,wk inc rsv prop ed visits,prop_ed,0.0024,NA
2023-01-07,19,Iowa,wk inc rsv prop ed visits,prop_ed,0.0068,NA
2023-01-07,20,Kansas,wk inc rsv prop ed visits,prop_ed,0.0049,NA
2023-01-07,21,Kentucky,wk inc rsv prop ed visits,prop_ed,0.0036,NA
2023-01-07,22,Louisiana,wk inc rsv prop ed visits,prop_ed,0.0017,NA
2023-01-07,23,Maine,wk inc rsv prop ed visits,prop_ed,0.0043,NA
2023-01-07,24,Maryland,wk inc rsv prop ed visits,prop_ed,0.0038,NA
2023-01-07,25,Massachusetts,wk inc rsv prop ed visits,prop_ed,0.0027,NA
2023-01-07,26,Michigan,wk inc rsv prop ed visits,prop_ed,0.0039,NA
2023-01-07,27,Minnesota,wk inc rsv prop ed visits,prop_ed,0.0098,NA
2023-01-07,28,Mississippi,wk inc rsv prop ed visits,prop_ed,0.0012,NA
2023-01-07,30,Montana,wk inc rsv prop ed visits,prop_ed,0.014,NA
2023-01-07,31,Nebraska,wk inc rsv prop ed visits,prop_ed,0.0029,NA
2023-01-07,32,Nevada,wk inc rsv prop ed visits,prop_ed,0.0072,NA
2023-01-07,33,New Hampshire,wk inc rsv prop ed visits,prop_ed,0.0029,NA
2023-01-07,34,New Jersey,wk inc rsv prop ed visits,prop_ed,0.0022,NA
2023-01-07,35,New Mexico,wk inc rsv prop ed visits,prop_ed,0.0091,NA
2023-01-07,36,New York,wk inc rsv prop ed visits,prop_ed,0.0015,NA
2023-01-07,37,North Carolina,wk inc rsv prop ed visits,prop_ed,0.0033,NA
2023-01-07,38,North Dakota,wk inc rsv prop ed visits,prop_ed,0.0132,NA
2023-01-07,39,Ohio,wk inc rsv prop ed visits,prop_ed,0.0021,NA
2023-01-07,40,Oklahoma,wk inc rsv prop ed visits,prop_ed,0.0036,NA
2023-01-07,41,Oregon,wk inc rsv prop ed visits,prop_ed,0.0099,NA
2023-01-07,42,Pennsylvania,wk inc rsv prop ed visits,prop_ed,0.0021,NA
2023-01-07,44,Rhode Island,wk inc rsv prop ed visits,prop_ed,0.0022,NA
2023-01-07,45,South Carolina,wk inc rsv prop ed visits,prop_ed,0.0014,NA
2023-01-07,46,South Dakota,wk inc rsv prop ed visits,prop_ed,0.0081,NA
2023-01-07,47,Tennessee,wk inc rsv prop ed visits,prop_ed,0.0028,NA
2023-01-07,48,Texas,wk inc rsv prop ed visits,prop_ed,0.0031,NA
2023-01-07,49,Utah,wk inc rsv prop ed visits,prop_ed,0.0135,NA
2023-01-07,50,Vermont,wk inc rsv prop ed visits,prop_ed,0.0102,NA
2023-01-07,51,Virginia,wk inc rsv prop ed visits,prop_ed,0.002,NA
2023-01-07,53,Washington,wk inc rsv prop ed visits,prop_ed,0.0074,NA
2023-01-07,54,West Virginia,wk inc rsv prop ed visits,prop_ed,0.0036,NA
2023-01-07,55,Wisconsin,wk inc rsv prop ed visits,prop_ed,0.0037,NA
2023-01-07,56,Wyoming,wk inc rsv prop ed visits,prop_ed,0.0139,NA
2023-01-07,US,United States,wk inc rsv prop ed visits,prop_ed,0.0033,NA
2023-01-14,01,Alabama,wk inc rsv prop ed visits,prop_ed,0.0011,NA
2023-01-14,02,Alaska,wk inc rsv prop ed visits,prop_ed,0.0102,NA
2023-01-14,04,Arizona,wk inc rsv prop ed visits,prop_ed,0.0042,NA
2023-01-14,05,Arkansas,wk inc rsv prop ed visits,prop_ed,0.0015,NA
2023-01-14,06,California,wk inc rsv prop ed visits,prop_ed,0.0033,NA
2023-01-14,08,Colorado,wk inc rsv prop ed visits,prop_ed,0.0032,NA
2023-01-14,09,Connecticut,wk inc rsv prop ed visits,prop_ed,9e-4,NA
2023-01-14,10,Delaware,wk inc rsv prop ed visits,prop_ed,0.0016,NA
2023-01-14,11,District of Columbia,wk inc rsv prop ed visits,prop_ed,0.0036,NA
2023-01-14,12,Florida,wk inc rsv prop ed visits,prop_ed,0.0016,NA
2023-01-14,13,Georgia,wk inc rsv prop ed visits,prop_ed,9e-4,NA
2023-01-14,15,Hawaii,wk inc rsv prop ed visits,prop_ed,6e-4,NA
2023-01-14,16,Idaho,wk inc rsv prop ed visits,prop_ed,0.0073,NA
2023-01-14,17,Illinois,wk inc rsv prop ed visits,prop_ed,0.0019,NA
2023-01-14,18,Indiana,wk inc rsv prop ed visits,prop_ed,0.0018,NA
2023-01-14,19,Iowa,wk inc rsv prop ed visits,prop_ed,0.004,NA
2023-01-14,20,Kansas,wk inc rsv prop ed visits,prop_ed,0.0035,NA
2023-01-14,21,Kentucky,wk inc rsv prop ed visits,prop_ed,0.0026,NA
2023-01-14,22,Louisiana,wk inc rsv prop ed visits,prop_ed,0.0011,NA
2023-01-14,23,Maine,wk inc rsv prop ed visits,prop_ed,0.0026,NA
2023-01-14,24,Maryland,wk inc rsv prop ed visits,prop_ed,0.0024,NA
2023-01-14,25,Massachusetts,wk inc rsv prop ed visits,prop_ed,0.0022,NA
2023-01-14,26,Michigan,wk inc rsv prop ed visits,prop_ed,0.0024,NA
2023-01-14,27,Minnesota,wk inc rsv prop ed visits,prop_ed,0.0061,NA
2023-01-14,28,Mississippi,wk inc rsv prop ed visits,prop_ed,0.001,NA
2023-01-14,30,Montana,wk inc rsv prop ed visits,prop_ed,0.01,NA
2023-01-14,31,Nebraska,wk inc rsv prop ed visits,prop_ed,0.0029,NA
2023-01-14,32,Nevada,wk inc rsv prop ed visits,prop_ed,0.0042,NA
2023-01-14,33,New Hampshire,wk inc rsv prop ed visits,prop_ed,0.0013,NA
2023-01-14,34,New Jersey,wk inc rsv prop ed visits,prop_ed,0.0019,NA
2023-01-14,35,New Mexico,wk inc rsv prop ed visits,prop_ed,0.0048,NA
2023-01-14,36,New York,wk inc rsv prop ed visits,prop_ed,0.0012,NA
2023-01-14,37,North Carolina,wk inc rsv prop ed visits,prop_ed,0.0022,NA
2023-01-14,38,North Dakota,wk inc rsv prop ed visits,prop_ed,0.007,NA
2023-01-14,39,Ohio,wk inc rsv prop ed visits,prop_ed,0.0012,NA
2023-01-14,40,Oklahoma,wk inc rsv prop ed visits,prop_ed,0.0023,NA
2023-01-14,41,Oregon,wk inc rsv prop ed visits,prop_ed,0.0071,NA
2023-01-14,42,Pennsylvania,wk inc rsv prop ed visits,prop_ed,0.0013,NA
2023-01-14,44,Rhode Island,wk inc rsv prop ed visits,prop_ed,0.0016,NA
2023-01-14,45,South Carolina,wk inc rsv prop ed visits,prop_ed,0.001,NA
2023-01-14,46,South Dakota,wk inc rsv prop ed visits,prop_ed,0.006,NA
2023-01-14,47,Tennessee,wk inc rsv prop ed visits,prop_ed,0.0018,NA
2023-01-14,48,Texas,wk inc rsv prop ed visits,prop_ed,0.0022,NA
2023-01-14,49,Utah,wk inc rsv prop ed visits,prop_ed,0.0077,NA
2023-01-14,50,Vermont,wk inc rsv prop ed visits,prop_ed,0.0058,NA
2023-01-14,51,Virginia,wk inc rsv prop ed visits,prop_ed,0.0016,NA
2023-01-14,53,Washington,wk inc rsv prop ed visits,prop_ed,0.0051,NA
2023-01-14,54,West Virginia,wk inc rsv prop ed visits,prop_ed,0.0032,NA
2023-01-14,55,Wisconsin,wk inc rsv prop ed visits,prop_ed,0.0026,NA
2023-01-14,56,Wyoming,wk inc rsv prop ed visits,prop_ed,0.0063,NA
2023-01-14,US,United States,wk inc rsv prop ed visits,prop_ed,0.0023,NA
2023-01-21,01,Alabama,wk inc rsv prop ed visits,prop_ed,0.001,NA
2023-01-21,02,Alaska,wk inc rsv prop ed visits,prop_ed,0.0111,NA
2023-01-21,04,Arizona,wk inc rsv prop ed visits,prop_ed,0.0028,NA
2023-01-21,05,Arkansas,wk inc rsv prop ed visits,prop_ed,0.0016,NA
2023-01-21,06,California,wk inc rsv prop ed visits,prop_ed,0.0025,NA
2023-01-21,08,Colorado,wk inc rsv prop ed visits,prop_ed,0.0035,NA
2023-01-21,09,Connecticut,wk inc rsv prop ed visits,prop_ed,7e-4,NA
2023-01-21,10,Delaware,wk inc rsv prop ed visits,prop_ed,0.0015,NA
2023-01-21,11,District of Columbia,wk inc rsv prop ed visits,prop_ed,0.0027,NA
2023-01-21,12,Florida,wk inc rsv prop ed visits,prop_ed,0.0014,NA
2023-01-21,13,Georgia,wk inc rsv prop ed visits,prop_ed,7e-4,NA
2023-01-21,15,Hawaii,wk inc rsv prop ed visits,prop_ed,0.0011,NA
2023-01-21,16,Idaho,wk inc rsv prop ed visits,prop_ed,0.0049,NA
2023-01-21,17,Illinois,wk inc rsv prop ed visits,prop_ed,0.0017,NA
2023-01-21,18,Indiana,wk inc rsv prop ed visits,prop_ed,0.0016,NA
2023-01-21,19,Iowa,wk inc rsv prop ed visits,prop_ed,0.0033,NA
2023-01-21,20,Kansas,wk inc rsv prop ed visits,prop_ed,0.0027,NA
2023-01-21,21,Kentucky,wk inc rsv prop ed visits,prop_ed,0.0021,NA
2023-01-21,22,Louisiana,wk inc rsv prop ed visits,prop_ed,0.0012,NA
2023-01-21,23,Maine,wk inc rsv prop ed visits,prop_ed,0.0023,NA
2023-01-21,24,Maryland,wk inc rsv prop ed visits,prop_ed,0.0014,NA
2023-01-21,25,Massachusetts,wk inc rsv prop ed visits,prop_ed,0.0015,NA
2023-01-21,26,Michigan,wk inc rsv prop ed visits,prop_ed,0.0013,NA
2023-01-21,27,Minnesota,wk inc rsv prop ed visits,prop_ed,0.0055,NA
2023-01-21,28,Mississippi,wk inc rsv prop ed visits,prop_ed,0.001,NA
2023-01-21,30,Montana,wk inc rsv prop ed visits,prop_ed,0.0083,NA
2023-01-21,31,Nebraska,wk inc rsv prop ed visits,prop_ed,0.0012,NA
2023-01-21,32,Nevada,wk inc rsv prop ed visits,prop_ed,0.0031,NA
2023-01-21,33,New Hampshire,wk inc rsv prop ed visits,prop_ed,0.0014,NA
2023-01-21,34,New Jersey,wk inc rsv prop ed visits,prop_ed,0.0013,NA
2023-01-21,35,New Mexico,wk inc rsv prop ed visits,prop_ed,0.0039,NA
2023-01-21,36,New York,wk inc rsv prop ed visits,prop_ed,0.0011,NA
2023-01-21,37,North Carolina,wk inc rsv prop ed visits,prop_ed,0.0013,NA
2023-01-21,38,North Dakota,wk inc rsv prop ed visits,prop_ed,0.0071,NA
2023-01-21,39,Ohio,wk inc rsv prop ed visits,prop_ed,9e-4,NA
2023-01-21,40,Oklahoma,wk inc rsv prop ed visits,prop_ed,0.0022,NA
2023-01-21,41,Oregon,wk inc rsv prop ed visits,prop_ed,0.0042,NA
2023-01-21,42,Pennsylvania,wk inc rsv prop ed visits,prop_ed,0.0012,NA
2023-01-21,44,Rhode Island,wk inc rsv prop ed visits,prop_ed,0.001,NA
2023-01-21,45,South Carolina,wk inc rsv prop ed visits,prop_ed,7e-4,NA
2023-01-21,46,South Dakota,wk inc rsv prop ed visits,prop_ed,0.0052,NA
2023-01-21,47,Tennessee,wk inc rsv prop ed visits,prop_ed,0.0015,NA
2023-01-21,48,Texas,wk inc rsv prop ed visits,prop_ed,0.0017,NA
2023-01-21,49,Utah,wk inc rsv prop ed visits,prop_ed,0.0059,NA
2023-01-21,50,Vermont,wk inc rsv prop ed visits,prop_ed,0.0062,NA
2023-01-21,51,Virginia,wk inc rsv prop ed visits,prop_ed,0.0011,NA
2023-01-21,53,Washington,wk inc rsv prop ed visits,prop_ed,0.0045,NA
2023-01-21,54,West Virginia,wk inc rsv prop ed visits,prop_ed,0.0021,NA
2023-01-21,55,Wisconsin,wk inc rsv prop ed visits,prop_ed,0.0019,NA
2023-01-21,56,Wyoming,wk inc rsv prop ed visits,prop_ed,0.0088,NA
2023-01-21,US,United States,wk inc rsv prop ed visits,prop_ed,0.0018,NA
2023-01-28,01,Alabama,wk inc rsv prop ed visits,prop_ed,0.001,NA
2023-01-28,02,Alaska,wk inc rsv prop ed visits,prop_ed,0.0088,NA
2023-01-28,04,Arizona,wk inc rsv prop ed visits,prop_ed,0.0024,NA
2023-01-28,05,Arkansas,wk inc rsv prop ed visits,prop_ed,0.0014,NA
2023-01-28,06,California,wk inc rsv prop ed visits,prop_ed,0.0018,NA
2023-01-28,08,Colorado,wk inc rsv prop ed visits,prop_ed,0.0032,NA
2023-01-28,09,Connecticut,wk inc rsv prop ed visits,prop_ed,4e-4,NA
2023-01-28,10,Delaware,wk inc rsv prop ed visits,prop_ed,0.0018,NA
2023-01-28,11,District of Columbia,wk inc rsv prop ed visits,prop_ed,0.002,NA
2023-01-28,12,Florida,wk inc rsv prop ed visits,prop_ed,0.0012,NA
2023-01-28,13,Georgia,wk inc rsv prop ed visits,prop_ed,7e-4,NA
2023-01-28,15,Hawaii,wk inc rsv prop ed visits,prop_ed,6e-4,NA
2023-01-28,16,Idaho,wk inc rsv prop ed visits,prop_ed,0.0052,NA
2023-01-28,17,Illinois,wk inc rsv prop ed visits,prop_ed,0.0016,NA
2023-01-28,18,Indiana,wk inc rsv prop ed visits,prop_ed,8e-4,NA
2023-01-28,19,Iowa,wk inc rsv prop ed visits,prop_ed,0.0038,NA
2023-01-28,20,Kansas,wk inc rsv prop ed visits,prop_ed,0.0024,NA
2023-01-28,21,Kentucky,wk inc rsv prop ed visits,prop_ed,0.0017,NA
2023-01-28,22,Louisiana,wk inc rsv prop ed visits,prop_ed,8e-4,NA
2023-01-28,23,Maine,wk inc rsv prop ed visits,prop_ed,0.0011,NA
2023-01-28,24,Maryland,wk inc rsv prop ed visits,prop_ed,0.0013,NA
2023-01-28,25,Massachusetts,wk inc rsv prop ed visits,prop_ed,0.0015,NA
2023-01-28,26,Michigan,wk inc rsv prop ed visits,prop_ed,0.0011,NA
2023-01-28,27,Minnesota,wk inc rsv prop ed visits,prop_ed,0.0038,NA
2023-01-28,28,Mississippi,wk inc rsv prop ed visits,prop_ed,8e-4,NA
2023-01-28,30,Montana,wk inc rsv prop ed visits,prop_ed,0.0076,NA
2023-01-28,31,Nebraska,wk inc rsv prop ed visits,prop_ed,0.0017,NA
2023-01-28,32,Nevada,wk inc rsv prop ed visits,prop_ed,0.0023,NA
2023-01-28,33,New Hampshire,wk inc rsv prop ed visits,prop_ed,0.0012,NA
2023-01-28,34,New Jersey,wk inc rsv prop ed visits,prop_ed,0.0013,NA
2023-01-28,35,New Mexico,wk inc rsv prop ed visits,prop_ed,0.0033,NA
2023-01-28,36,New York,wk inc rsv prop ed visits,prop_ed,9e-4,NA
2023-01-28,37,North Carolina,wk inc rsv prop ed visits,prop_ed,0.0012,NA
2023-01-28,38,North Dakota,wk inc rsv prop ed visits,prop_ed,0.0053,NA
2023-01-28,39,Ohio,wk inc rsv prop ed visits,prop_ed,6e-4,NA
2023-01-28,40,Oklahoma,wk inc rsv prop ed visits,prop_ed,0.0023,NA
2023-01-28,41,Oregon,wk inc rsv prop ed visits,prop_ed,0.0036,NA
2023-01-28,42,Pennsylvania,wk inc rsv prop ed visits,prop_ed,0.0011,NA
2023-01-28,44,Rhode Island,wk inc rsv prop ed visits,prop_ed,0.001,NA
2023-01-28,45,South Carolina,wk inc rsv prop ed visits,prop_ed,7e-4,NA
2023-01-28,46,South Dakota,wk inc rsv prop ed visits,prop_ed,0.0058,NA
2023-01-28,47,Tennessee,wk inc rsv prop ed visits,prop_ed,0.0015,NA
2023-01-28,48,Texas,wk inc rsv prop ed visits,prop_ed,0.0014,NA
2023-01-28,49,Utah,wk inc rsv prop ed visits,prop_ed,0.0032,NA
2023-01-28,50,Vermont,wk inc rsv prop ed visits,prop_ed,0.0042,NA
2023-01-28,51,Virginia,wk inc rsv prop ed visits,prop_ed,0.0011,NA
2023-01-28,53,Washington,wk inc rsv prop ed visits,prop_ed,0.0028,NA
2023-01-28,54,West Virginia,wk inc rsv prop ed visits,prop_ed,0.0016,NA
2023-01-28,55,Wisconsin,wk inc rsv prop ed visits,prop_ed,0.0015,NA
2023-01-28,56,Wyoming,wk inc rsv prop ed visits,prop_ed,0.0039,NA
2023-01-28,US,United States,wk inc rsv prop ed visits,prop_ed,0.0015,NA
2023-02-04,01,Alabama,wk inc rsv prop ed visits,prop_ed,9e-4,NA
2023-02-04,02,Alaska,wk inc rsv prop ed visits,prop_ed,0.0069,NA
2023-02-04,04,Arizona,wk inc rsv prop ed visits,prop_ed,0.0018,NA
2023-02-04,05,Arkansas,wk inc rsv prop ed visits,prop_ed,0.0012,NA
2023-02-04,06,California,wk inc rsv prop ed visits,prop_ed,0.0015,NA
2023-02-04,08,Colorado,wk inc rsv prop ed visits,prop_ed,0.0026,NA
2023-02-04,09,Connecticut,wk inc rsv prop ed visits,prop_ed,6e-4,NA
2023-02-04,10,Delaware,wk inc rsv prop ed visits,prop_ed,0.0015,NA
2023-02-04,11,District of Columbia,wk inc rsv prop ed visits,prop_ed,7e-4,NA
2023-02-04,12,Florida,wk inc rsv prop ed visits,prop_ed,0.0011,NA
2023-02-04,13,Georgia,wk inc rsv prop ed visits,prop_ed,6e-4,NA
2023-02-04,15,Hawaii,wk inc rsv prop ed visits,prop_ed,0.0014,NA
2023-02-04,16,Idaho,wk inc rsv prop ed visits,prop_ed,0.0024,NA
2023-02-04,17,Illinois,wk inc rsv prop ed visits,prop_ed,0.0012,NA
2023-02-04,18,Indiana,wk inc rsv prop ed visits,prop_ed,9e-4,NA
2023-02-04,19,Iowa,wk inc rsv prop ed visits,prop_ed,0.0026,NA
2023-02-04,20,Kansas,wk inc rsv prop ed visits,prop_ed,0.0015,NA
2023-02-04,21,Kentucky,wk inc rsv prop ed visits,prop_ed,0.0014,NA
2023-02-04,22,Louisiana,wk inc rsv prop ed visits,prop_ed,7e-4,NA
2023-02-04,23,Maine,wk inc rsv prop ed visits,prop_ed,6e-4,NA
2023-02-04,24,Maryland,wk inc rsv prop ed visits,prop_ed,0.0011,NA
2023-02-04,25,Massachusetts,wk inc rsv prop ed visits,prop_ed,0.0013,NA
2023-02-04,26,Michigan,wk inc rsv prop ed visits,prop_ed,0.001,NA
2023-02-04,27,Minnesota,wk inc rsv prop ed visits,prop_ed,0.0038,NA
2023-02-04,28,Mississippi,wk inc rsv prop ed visits,prop_ed,9e-4,NA
2023-02-04,30,Montana,wk inc rsv prop ed visits,prop_ed,0.0076,NA
2023-02-04,31,Nebraska,wk inc rsv prop ed visits,prop_ed,0.0014,NA
2023-02-04,32,Nevada,wk inc rsv prop ed visits,prop_ed,0.0018,NA
2023-02-04,33,New Hampshire,wk inc rsv prop ed visits,prop_ed,0.0018,NA
2023-02-04,34,New Jersey,wk inc rsv prop ed visits,prop_ed,0.0011,NA
2023-02-04,35,New Mexico,wk inc rsv prop ed visits,prop_ed,0.0016,NA
2023-02-04,36,New York,wk inc rsv prop ed visits,prop_ed,9e-4,NA
2023-02-04,37,North Carolina,wk inc rsv prop ed visits,prop_ed,0.0011,NA
2023-02-04,38,North Dakota,wk inc rsv prop ed visits,prop_ed,0.0035,NA
2023-02-04,39,Ohio,wk inc rsv prop ed visits,prop_ed,6e-4,NA
2023-02-04,40,Oklahoma,wk inc rsv prop ed visits,prop_ed,0.0014,NA
2023-02-04,41,Oregon,wk inc rsv prop ed visits,prop_ed,0.0036,NA
2023-02-04,42,Pennsylvania,wk inc rsv prop ed visits,prop_ed,8e-4,NA
2023-02-04,44,Rhode Island,wk inc rsv prop ed visits,prop_ed,6e-4,NA
2023-02-04,45,South Carolina,wk inc rsv prop ed visits,prop_ed,5e-4,NA
2023-02-04,46,South Dakota,wk inc rsv prop ed visits,prop_ed,0.0026,NA
2023-02-04,47,Tennessee,wk inc rsv prop ed visits,prop_ed,0.0012,NA
2023-02-04,48,Texas,wk inc rsv prop ed visits,prop_ed,0.0015,NA
2023-02-04,49,Utah,wk inc rsv prop ed visits,prop_ed,0.0021,NA
2023-02-04,50,Vermont,wk inc rsv prop ed visits,prop_ed,0.0038,NA
2023-02-04,51,Virginia,wk inc rsv prop ed visits,prop_ed,9e-4,NA
2023-02-04,53,Washington,wk inc rsv prop ed visits,prop_ed,0.0024,NA
2023-02-04,54,West Virginia,wk inc rsv prop ed visits,prop_ed,0.0013,NA
2023-02-04,55,Wisconsin,wk inc rsv prop ed visits,prop_ed,0.0014,NA
2023-02-04,56,Wyoming,wk inc rsv prop ed visits,prop_ed,0.0046,NA
2023-02-04,US,United States,wk inc rsv prop ed visits,prop_ed,0.0012,NA
2023-02-11,01,Alabama,wk inc rsv prop ed visits,prop_ed,0.0011,NA
2023-02-11,02,Alaska,wk inc rsv prop ed visits,prop_ed,0.0072,NA
2023-02-11,04,Arizona,wk inc rsv prop ed visits,prop_ed,0.0017,NA
2023-02-11,05,Arkansas,wk inc rsv prop ed visits,prop_ed,7e-4,NA
2023-02-11,06,California,wk inc rsv prop ed visits,prop_ed,0.0013,NA
2023-02-11,08,Colorado,wk inc rsv prop ed visits,prop_ed,0.0022,NA
2023-02-11,09,Connecticut,wk inc rsv prop ed visits,prop_ed,6e-4,NA
2023-02-11,10,Delaware,wk inc rsv prop ed visits,prop_ed,0.001,NA
2023-02-11,11,District of Columbia,wk inc rsv prop ed visits,prop_ed,0.0012,NA
2023-02-11,12,Florida,wk inc rsv prop ed visits,prop_ed,0.0011,NA
2023-02-11,13,Georgia,wk inc rsv prop ed visits,prop_ed,5e-4,NA
2023-02-11,15,Hawaii,wk inc rsv prop ed visits,prop_ed,6e-4,NA
2023-02-11,16,Idaho,wk inc rsv prop ed visits,prop_ed,0.0018,NA
2023-02-11,17,Illinois,wk inc rsv prop ed visits,prop_ed,9e-4,NA
2023-02-11,18,Indiana,wk inc rsv prop ed visits,prop_ed,0.001,NA
2023-02-11,19,Iowa,wk inc rsv prop ed visits,prop_ed,0.0026,NA
2023-02-11,20,Kansas,wk inc rsv prop ed visits,prop_ed,0.0013,NA
2023-02-11,21,Kentucky,wk inc rsv prop ed visits,prop_ed,0.0015,NA
2023-02-11,22,Louisiana,wk inc rsv prop ed visits,prop_ed,5e-4,NA
2023-02-11,23,Maine,wk inc rsv prop ed visits,prop_ed,8e-4,NA
2023-02-11,24,Maryland,wk inc rsv prop ed visits,prop_ed,0.001,NA
2023-02-11,25,Massachusetts,wk inc rsv prop ed visits,prop_ed,9e-4,NA
2023-02-11,26,Michigan,wk inc rsv prop ed visits,prop_ed,9e-4,NA
2023-02-11,27,Minnesota,wk inc rsv prop ed visits,prop_ed,0.0032,NA
2023-02-11,28,Mississippi,wk inc rsv prop ed visits,prop_ed,7e-4,NA
2023-02-11,30,Montana,wk inc rsv prop ed visits,prop_ed,0.0033,NA
2023-02-11,31,Nebraska,wk inc rsv prop ed visits,prop_ed,0.0012,NA
2023-02-11,32,Nevada,wk inc rsv prop ed visits,prop_ed,0.001,NA
2023-02-11,33,New Hampshire,wk inc rsv prop ed visits,prop_ed,9e-4,NA
2023-02-11,34,New Jersey,wk inc rsv prop ed visits,prop_ed,0.001,NA
2023-02-11,35,New Mexico,wk inc rsv prop ed visits,prop_ed,0.0022,NA
2023-02-11,36,New York,wk inc rsv prop ed visits,prop_ed,6e-4,NA
2023-02-11,37,North Carolina,wk inc rsv prop ed visits,prop_ed,8e-4,NA
2023-02-11,38,North Dakota,wk inc rsv prop ed visits,prop_ed,0.0044,NA
2023-02-11,39,Ohio,wk inc rsv prop ed visits,prop_ed,5e-4,NA
2023-02-11,40,Oklahoma,wk inc rsv prop ed visits,prop_ed,0.0016,NA
2023-02-11,41,Oregon,wk inc rsv prop ed visits,prop_ed,0.0021,NA
2023-02-11,42,Pennsylvania,wk inc rsv prop ed visits,prop_ed,6e-4,NA
2023-02-11,44,Rhode Island,wk inc rsv prop ed visits,prop_ed,0.001,NA
2023-02-11,45,South Carolina,wk inc rsv prop ed visits,prop_ed,7e-4,NA
2023-02-11,46,South Dakota,wk inc rsv prop ed visits,prop_ed,0.002,NA
2023-02-11,47,Tennessee,wk inc rsv prop ed visits,prop_ed,8e-4,NA
2023-02-11,48,Texas,wk inc rsv prop ed visits,prop_ed,0.0013,NA
2023-02-11,49,Utah,wk inc rsv prop ed visits,prop_ed,0.0018,NA
2023-02-11,50,Vermont,wk inc rsv prop ed visits,prop_ed,0.0026,NA
2023-02-11,51,Virginia,wk inc rsv prop ed visits,prop_ed,0.001,NA
2023-02-11,53,Washington,wk inc rsv prop ed visits,prop_ed,0.0021,NA
2023-02-11,54,West Virginia,wk inc rsv prop ed visits,prop_ed,0.0018,NA
2023-02-11,55,Wisconsin,wk inc rsv prop ed visits,prop_ed,9e-4,NA
2023-02-11,56,Wyoming,wk inc rsv prop ed visits,prop_ed,0.0023,NA
2023-02-11,US,United States,wk inc rsv prop ed visits,prop_ed,0.0011,NA
2023-02-18,01,Alabama,wk inc rsv prop ed visits,prop_ed,4e-4,NA
2023-02-18,02,Alaska,wk inc rsv prop ed visits,prop_ed,0.0037,NA
2023-02-18,04,Arizona,wk inc rsv prop ed visits,prop_ed,0.0014,NA
2023-02-18,05,Arkansas,wk inc rsv prop ed visits,prop_ed,0.001,NA
2023-02-18,06,California,wk inc rsv prop ed visits,prop_ed,0.0011,NA
2023-02-18,08,Colorado,wk inc rsv prop ed visits,prop_ed,0.002,NA
2023-02-18,09,Connecticut,wk inc rsv prop ed visits,prop_ed,3e-4,NA
2023-02-18,10,Delaware,wk inc rsv prop ed visits,prop_ed,0.0015,NA
2023-02-18,11,District of Columbia,wk inc rsv prop ed visits,prop_ed,9e-4,NA
2023-02-18,12,Florida,wk inc rsv prop ed visits,prop_ed,0.001,NA
2023-02-18,13,Georgia,wk inc rsv prop ed visits,prop_ed,4e-4,NA
2023-02-18,15,Hawaii,wk inc rsv prop ed visits,prop_ed,3e-4,NA
2023-02-18,16,Idaho,wk inc rsv prop ed visits,prop_ed,0.0026,NA
2023-02-18,17,Illinois,wk inc rsv prop ed visits,prop_ed,0.001,NA
2023-02-18,18,Indiana,wk inc rsv prop ed visits,prop_ed,8e-4,NA
2023-02-18,19,Iowa,wk inc rsv prop ed visits,prop_ed,0.0017,NA
2023-02-18,20,Kansas,wk inc rsv prop ed visits,prop_ed,0.0012,NA
2023-02-18,21,Kentucky,wk inc rsv prop ed visits,prop_ed,0.0013,NA
2023-02-18,22,Louisiana,wk inc rsv prop ed visits,prop_ed,4e-4,NA
2023-02-18,23,Maine,wk inc rsv prop ed visits,prop_ed,7e-4,NA
2023-02-18,24,Maryland,wk inc rsv prop ed visits,prop_ed,9e-4,NA
2023-02-18,25,Massachusetts,wk inc rsv prop ed visits,prop_ed,8e-4,NA
2023-02-18,26,Michigan,wk inc rsv prop ed visits,prop_ed,6e-4,NA
2023-02-18,27,Minnesota,wk inc rsv prop ed visits,prop_ed,0.0025,NA
2023-02-18,28,Mississippi,wk inc rsv prop ed visits,prop_ed,5e-4,NA
2023-02-18,30,Montana,wk inc rsv prop ed visits,prop_ed,0.0038,NA
2023-02-18,31,Nebraska,wk inc rsv prop ed visits,prop_ed,0.0014,NA
2023-02-18,32,Nevada,wk inc rsv prop ed visits,prop_ed,0.0015,NA
2023-02-18,33,New Hampshire,wk inc rsv prop ed visits,prop_ed,4e-4,NA
2023-02-18,34,New Jersey,wk inc rsv prop ed visits,prop_ed,8e-4,NA
2023-02-18,35,New Mexico,wk inc rsv prop ed visits,prop_ed,0.0017,NA
2023-02-18,36,New York,wk inc rsv prop ed visits,prop_ed,5e-4,NA
2023-02-18,37,North Carolina,wk inc rsv prop ed visits,prop_ed,0.001,NA
2023-02-18,38,North Dakota,wk inc rsv prop ed visits,prop_ed,0.0031,NA
2023-02-18,39,Ohio,wk inc rsv prop ed visits,prop_ed,4e-4,NA
2023-02-18,40,Oklahoma,wk inc rsv prop ed visits,prop_ed,0.0012,NA
2023-02-18,41,Oregon,wk inc rsv prop ed visits,prop_ed,0.0019,NA
2023-02-18,42,Pennsylvania,wk inc rsv prop ed visits,prop_ed,6e-4,NA
2023-02-18,44,Rhode Island,wk inc rsv prop ed visits,prop_ed,3e-4,NA
2023-02-18,45,South Carolina,wk inc rsv prop ed visits,prop_ed,3e-4,NA
2023-02-18,46,South Dakota,wk inc rsv prop ed visits,prop_ed,0.0016,NA
2023-02-18,47,Tennessee,wk inc rsv prop ed visits,prop_ed,0.001,NA
2023-02-18,48,Texas,wk inc rsv prop ed visits,prop_ed,0.001,NA
2023-02-18,49,Utah,wk inc rsv prop ed visits,prop_ed,0.002,NA
2023-02-18,50,Vermont,wk inc rsv prop ed visits,prop_ed,0.0022,NA
2023-02-18,51,Virginia,wk inc rsv prop ed visits,prop_ed,8e-4,NA
2023-02-18,53,Washington,wk inc rsv prop ed visits,prop_ed,0.0019,NA
2023-02-18,54,West Virginia,wk inc rsv prop ed visits,prop_ed,0.0013,NA
2023-02-18,55,Wisconsin,wk inc rsv prop ed visits,prop_ed,9e-4,NA
2023-02-18,56,Wyoming,wk inc rsv prop ed visits,prop_ed,0.0036,NA
2023-02-18,US,United States,wk inc rsv prop ed visits,prop_ed,9e-4,NA
2023-02-25,01,Alabama,wk inc rsv prop ed visits,prop_ed,6e-4,NA
2023-02-25,02,Alaska,wk inc rsv prop ed visits,prop_ed,0.0047,NA
2023-02-25,04,Arizona,wk inc rsv prop ed visits,prop_ed,0.0013,NA
2023-02-25,05,Arkansas,wk inc rsv prop ed visits,prop_ed,9e-4,NA
2023-02-25,06,California,wk inc rsv prop ed visits,prop_ed,9e-4,NA
2023-02-25,08,Colorado,wk inc rsv prop ed visits,prop_ed,0.0015,NA
2023-02-25,09,Connecticut,wk inc rsv prop ed visits,prop_ed,4e-4,NA
2023-02-25,10,Delaware,wk inc rsv prop ed visits,prop_ed,7e-4,NA
2023-02-25,11,District of Columbia,wk inc rsv prop ed visits,prop_ed,8e-4,NA
2023-02-25,12,Florida,wk inc rsv prop ed visits,prop_ed,9e-4,NA
2023-02-25,13,Georgia,wk inc rsv prop ed visits,prop_ed,5e-4,NA
2023-02-25,15,Hawaii,wk inc rsv prop ed visits,prop_ed,6e-4,NA
2023-02-25,16,Idaho,wk inc rsv prop ed visits,prop_ed,0.002,NA
2023-02-25,17,Illinois,wk inc rsv prop ed visits,prop_ed,8e-4,NA
2023-02-25,18,Indiana,wk inc rsv prop ed visits,prop_ed,4e-4,NA
2023-02-25,19,Iowa,wk inc rsv prop ed visits,prop_ed,0.0017,NA
2023-02-25,20,Kansas,wk inc rsv prop ed visits,prop_ed,0.0015,NA
2023-02-25,21,Kentucky,wk inc rsv prop ed visits,prop_ed,9e-4,NA
2023-02-25,22,Louisiana,wk inc rsv prop ed visits,prop_ed,6e-4,NA
2023-02-25,23,Maine,wk inc rsv prop ed visits,prop_ed,3e-4,NA
2023-02-25,24,Maryland,wk inc rsv prop ed visits,prop_ed,9e-4,NA
2023-02-25,25,Massachusetts,wk inc rsv prop ed visits,prop_ed,9e-4,NA
2023-02-25,26,Michigan,wk inc rsv prop ed visits,prop_ed,5e-4,NA
2023-02-25,27,Minnesota,wk inc rsv prop ed visits,prop_ed,0.0019,NA
2023-02-25,28,Mississippi,wk inc rsv prop ed visits,prop_ed,6e-4,NA
2023-02-25,30,Montana,wk inc rsv prop ed visits,prop_ed,0.003,NA
2023-02-25,31,Nebraska,wk inc rsv prop ed visits,prop_ed,7e-4,NA
2023-02-25,32,Nevada,wk inc rsv prop ed visits,prop_ed,9e-4,NA
2023-02-25,33,New Hampshire,wk inc rsv prop ed visits,prop_ed,9e-4,NA
2023-02-25,34,New Jersey,wk inc rsv prop ed visits,prop_ed,7e-4,NA
2023-02-25,35,New Mexico,wk inc rsv prop ed visits,prop_ed,0.001,NA
2023-02-25,36,New York,wk inc rsv prop ed visits,prop_ed,5e-4,NA
2023-02-25,37,North Carolina,wk inc rsv prop ed visits,prop_ed,6e-4,NA
2023-02-25,38,North Dakota,wk inc rsv prop ed visits,prop_ed,0.0018,NA
2023-02-25,39,Ohio,wk inc rsv prop ed visits,prop_ed,3e-4,NA
2023-02-25,40,Oklahoma,wk inc rsv prop ed visits,prop_ed,0.001,NA
2023-02-25,41,Oregon,wk inc rsv prop ed visits,prop_ed,0.002,NA
2023-02-25,42,Pennsylvania,wk inc rsv prop ed visits,prop_ed,5e-4,NA
2023-02-25,44,Rhode Island,wk inc rsv prop ed visits,prop_ed,0.0011,NA
2023-02-25,45,South Carolina,wk inc rsv prop ed visits,prop_ed,4e-4,NA
2023-02-25,46,South Dakota,wk inc rsv prop ed visits,prop_ed,0.0017,NA
2023-02-25,47,Tennessee,wk inc rsv prop ed visits,prop_ed,0.0011,NA
2023-02-25,48,Texas,wk inc rsv prop ed visits,prop_ed,0.0011,NA
2023-02-25,49,Utah,wk inc rsv prop ed visits,prop_ed,0.0016,NA
2023-02-25,50,Vermont,wk inc rsv prop ed visits,prop_ed,0.003,NA
2023-02-25,51,Virginia,wk inc rsv prop ed visits,prop_ed,8e-4,NA
2023-02-25,53,Washington,wk inc rsv prop ed visits,prop_ed,0.0011,NA
2023-02-25,54,West Virginia,wk inc rsv prop ed visits,prop_ed,8e-4,NA
2023-02-25,55,Wisconsin,wk inc rsv prop ed visits,prop_ed,8e-4,NA
2023-02-25,56,Wyoming,wk inc rsv prop ed visits,prop_ed,0.0055,NA
2023-02-25,US,United States,wk inc rsv prop ed visits,prop_ed,8e-4,NA
2023-03-04,01,Alabama,wk inc rsv prop ed visits,prop_ed,7e-4,NA
2023-03-04,02,Alaska,wk inc rsv prop ed visits,prop_ed,0.003,NA
2023-03-04,04,Arizona,wk inc rsv prop ed visits,prop_ed,0.0011,NA
2023-03-04,05,Arkansas,wk inc rsv prop ed visits,prop_ed,6e-4,NA
2023-03-04,06,California,wk inc rsv prop ed visits,prop_ed,8e-4,NA
2023-03-04,08,Colorado,wk inc rsv prop ed visits,prop_ed,0.001,NA
2023-03-04,09,Connecticut,wk inc rsv prop ed visits,prop_ed,3e-4,NA
2023-03-04,10,Delaware,wk inc rsv prop ed visits,prop_ed,6e-4,NA
2023-03-04,11,District of Columbia,wk inc rsv prop ed visits,prop_ed,8e-4,NA
2023-03-04,12,Florida,wk inc rsv prop ed visits,prop_ed,8e-4,NA
2023-03-04,13,Georgia,wk inc rsv prop ed visits,prop_ed,5e-4,NA
2023-03-04,15,Hawaii,wk inc rsv prop ed visits,prop_ed,5e-4,NA
2023-03-04,16,Idaho,wk inc rsv prop ed visits,prop_ed,0.001,NA
2023-03-04,17,Illinois,wk inc rsv prop ed visits,prop_ed,8e-4,NA
2023-03-04,18,Indiana,wk inc rsv prop ed visits,prop_ed,7e-4,NA
2023-03-04,19,Iowa,wk inc rsv prop ed visits,prop_ed,0.0023,NA
2023-03-04,20,Kansas,wk inc rsv prop ed visits,prop_ed,0.001,NA
2023-03-04,21,Kentucky,wk inc rsv prop ed visits,prop_ed,8e-4,NA
2023-03-04,22,Louisiana,wk inc rsv prop ed visits,prop_ed,4e-4,NA
2023-03-04,23,Maine,wk inc rsv prop ed visits,prop_ed,2e-4,NA
2023-03-04,24,Maryland,wk inc rsv prop ed visits,prop_ed,5e-4,NA
2023-03-04,25,Massachusetts,wk inc rsv prop ed visits,prop_ed,0.001,NA
2023-03-04,26,Michigan,wk inc rsv prop ed visits,prop_ed,6e-4,NA
2023-03-04,27,Minnesota,wk inc rsv prop ed visits,prop_ed,0.0011,NA
2023-03-04,28,Mississippi,wk inc rsv prop ed visits,prop_ed,7e-4,NA
2023-03-04,30,Montana,wk inc rsv prop ed visits,prop_ed,0.0019,NA
2023-03-04,31,Nebraska,wk inc rsv prop ed visits,prop_ed,8e-4,NA
2023-03-04,32,Nevada,wk inc rsv prop ed visits,prop_ed,8e-4,NA
2023-03-04,33,New Hampshire,wk inc rsv prop ed visits,prop_ed,6e-4,NA
2023-03-04,34,New Jersey,wk inc rsv prop ed visits,prop_ed,5e-4,NA
2023-03-04,35,New Mexico,wk inc rsv prop ed visits,prop_ed,0.0012,NA
2023-03-04,36,New York,wk inc rsv prop ed visits,prop_ed,4e-4,NA
2023-03-04,37,North Carolina,wk inc rsv prop ed visits,prop_ed,6e-4,NA
2023-03-04,38,North Dakota,wk inc rsv prop ed visits,prop_ed,0.0015,NA
2023-03-04,39,Ohio,wk inc rsv prop ed visits,prop_ed,3e-4,NA
2023-03-04,40,Oklahoma,wk inc rsv prop ed visits,prop_ed,5e-4,NA
2023-03-04,41,Oregon,wk inc rsv prop ed visits,prop_ed,0.0013,NA
2023-03-04,42,Pennsylvania,wk inc rsv prop ed visits,prop_ed,4e-4,NA
2023-03-04,44,Rhode Island,wk inc rsv prop ed visits,prop_ed,0.0013,NA
2023-03-04,45,South Carolina,wk inc rsv prop ed visits,prop_ed,2e-4,NA
2023-03-04,46,South Dakota,wk inc rsv prop ed visits,prop_ed,6e-4,NA
2023-03-04,47,Tennessee,wk inc rsv prop ed visits,prop_ed,0.001,NA
2023-03-04,48,Texas,wk inc rsv prop ed visits,prop_ed,9e-4,NA
2023-03-04,49,Utah,wk inc rsv prop ed visits,prop_ed,0.0011,NA
2023-03-04,50,Vermont,wk inc rsv prop ed visits,prop_ed,0.0022,NA
2023-03-04,51,Virginia,wk inc rsv prop ed visits,prop_ed,6e-4,NA
2023-03-04,53,Washington,wk inc rsv prop ed visits,prop_ed,0.0011,NA
2023-03-04,54,West Virginia,wk inc rsv prop ed visits,prop_ed,9e-4,NA
2023-03-04,55,Wisconsin,wk inc rsv prop ed visits,prop_ed,7e-4,NA
2023-03-04,56,Wyoming,wk inc rsv prop ed visits,prop_ed,0.0016,NA
2023-03-04,US,United States,wk inc rsv prop ed visits,prop_ed,7e-4,NA
2023-03-11,01,Alabama,wk inc rsv prop ed visits,prop_ed,5e-4,NA
2023-03-11,02,Alaska,wk inc rsv prop ed visits,prop_ed,0.0046,NA
2023-03-11,04,Arizona,wk inc rsv prop ed visits,prop_ed,6e-4,NA
2023-03-11,05,Arkansas,wk inc rsv prop ed visits,prop_ed,7e-4,NA
2023-03-11,06,California,wk inc rsv prop ed visits,prop_ed,6e-4,NA
2023-03-11,08,Colorado,wk inc rsv prop ed visits,prop_ed,9e-4,NA
2023-03-11,09,Connecticut,wk inc rsv prop ed visits,prop_ed,1e-4,NA
2023-03-11,10,Delaware,wk inc rsv prop ed visits,prop_ed,5e-4,NA
2023-03-11,11,District of Columbia,wk inc rsv prop ed visits,prop_ed,8e-4,NA
2023-03-11,12,Florida,wk inc rsv prop ed visits,prop_ed,9e-4,NA
2023-03-11,13,Georgia,wk inc rsv prop ed visits,prop_ed,4e-4,NA
2023-03-11,15,Hawaii,wk inc rsv prop ed visits,prop_ed,0,NA
2023-03-11,16,Idaho,wk inc rsv prop ed visits,prop_ed,8e-4,NA
2023-03-11,17,Illinois,wk inc rsv prop ed visits,prop_ed,6e-4,NA
2023-03-11,18,Indiana,wk inc rsv prop ed visits,prop_ed,7e-4,NA
2023-03-11,19,Iowa,wk inc rsv prop ed visits,prop_ed,0.0014,NA
2023-03-11,20,Kansas,wk inc rsv prop ed visits,prop_ed,7e-4,NA
2023-03-11,21,Kentucky,wk inc rsv prop ed visits,prop_ed,6e-4,NA
2023-03-11,22,Louisiana,wk inc rsv prop ed visits,prop_ed,4e-4,NA
2023-03-11,23,Maine,wk inc rsv prop ed visits,prop_ed,7e-4,NA
2023-03-11,24,Maryland,wk inc rsv prop ed visits,prop_ed,6e-4,NA
2023-03-11,25,Massachusetts,wk inc rsv prop ed visits,prop_ed,6e-4,NA
2023-03-11,26,Michigan,wk inc rsv prop ed visits,prop_ed,5e-4,NA
2023-03-11,27,Minnesota,wk inc rsv prop ed visits,prop_ed,8e-4,NA
2023-03-11,28,Mississippi,wk inc rsv prop ed visits,prop_ed,4e-4,NA
2023-03-11,30,Montana,wk inc rsv prop ed visits,prop_ed,0.0011,NA
2023-03-11,31,Nebraska,wk inc rsv prop ed visits,prop_ed,7e-4,NA
2023-03-11,32,Nevada,wk inc rsv prop ed visits,prop_ed,4e-4,NA
2023-03-11,33,New Hampshire,wk inc rsv prop ed visits,prop_ed,5e-4,NA
2023-03-11,34,New Jersey,wk inc rsv prop ed visits,prop_ed,5e-4,NA
2023-03-11,35,New Mexico,wk inc rsv prop ed visits,prop_ed,0.001,NA
2023-03-11,36,New York,wk inc rsv prop ed visits,prop_ed,4e-4,NA
2023-03-11,37,North Carolina,wk inc rsv prop ed visits,prop_ed,5e-4,NA
2023-03-11,38,North Dakota,wk inc rsv prop ed visits,prop_ed,0.0013,NA
2023-03-11,39,Ohio,wk inc rsv prop ed visits,prop_ed,2e-4,NA
2023-03-11,40,Oklahoma,wk inc rsv prop ed visits,prop_ed,0.0012,NA
2023-03-11,41,Oregon,wk inc rsv prop ed visits,prop_ed,0.001,NA
2023-03-11,42,Pennsylvania,wk inc rsv prop ed visits,prop_ed,5e-4,NA
2023-03-11,44,Rhode Island,wk inc rsv prop ed visits,prop_ed,6e-4,NA
2023-03-11,45,South Carolina,wk inc rsv prop ed visits,prop_ed,5e-4,NA
2023-03-11,46,South Dakota,wk inc rsv prop ed visits,prop_ed,4e-4,NA
2023-03-11,47,Tennessee,wk inc rsv prop ed visits,prop_ed,0.0013,NA
2023-03-11,48,Texas,wk inc rsv prop ed visits,prop_ed,0.001,NA
2023-03-11,49,Utah,wk inc rsv prop ed visits,prop_ed,0.0011,NA
2023-03-11,50,Vermont,wk inc rsv prop ed visits,prop_ed,0.0018,NA
2023-03-11,51,Virginia,wk inc rsv prop ed visits,prop_ed,7e-4,NA
2023-03-11,53,Washington,wk inc rsv prop ed visits,prop_ed,0.001,NA
2023-03-11,54,West Virginia,wk inc rsv prop ed visits,prop_ed,9e-4,NA
2023-03-11,55,Wisconsin,wk inc rsv prop ed visits,prop_ed,6e-4,NA
2023-03-11,56,Wyoming,wk inc rsv prop ed visits,prop_ed,0.0013,NA
2023-03-11,US,United States,wk inc rsv prop ed visits,prop_ed,7e-4,NA
2023-03-18,01,Alabama,wk inc rsv prop ed visits,prop_ed,6e-4,NA
2023-03-18,02,Alaska,wk inc rsv prop ed visits,prop_ed,0.0031,NA
2023-03-18,04,Arizona,wk inc rsv prop ed visits,prop_ed,8e-4,NA
2023-03-18,05,Arkansas,wk inc rsv prop ed visits,prop_ed,5e-4,NA
2023-03-18,06,California,wk inc rsv prop ed visits,prop_ed,6e-4,NA
2023-03-18,08,Colorado,wk inc rsv prop ed visits,prop_ed,6e-4,NA
2023-03-18,09,Connecticut,wk inc rsv prop ed visits,prop_ed,3e-4,NA
2023-03-18,10,Delaware,wk inc rsv prop ed visits,prop_ed,9e-4,NA
2023-03-18,11,District of Columbia,wk inc rsv prop ed visits,prop_ed,0.0012,NA
2023-03-18,12,Florida,wk inc rsv prop ed visits,prop_ed,8e-4,NA
2023-03-18,13,Georgia,wk inc rsv prop ed visits,prop_ed,3e-4,NA
2023-03-18,15,Hawaii,wk inc rsv prop ed visits,prop_ed,2e-4,NA
2023-03-18,16,Idaho,wk inc rsv prop ed visits,prop_ed,9e-4,NA
2023-03-18,17,Illinois,wk inc rsv prop ed visits,prop_ed,4e-4,NA
2023-03-18,18,Indiana,wk inc rsv prop ed visits,prop_ed,4e-4,NA
2023-03-18,19,Iowa,wk inc rsv prop ed visits,prop_ed,0.0016,NA
2023-03-18,20,Kansas,wk inc rsv prop ed visits,prop_ed,0.0011,NA
2023-03-18,21,Kentucky,wk inc rsv prop ed visits,prop_ed,6e-4,NA
2023-03-18,22,Louisiana,wk inc rsv prop ed visits,prop_ed,3e-4,NA
2023-03-18,23,Maine,wk inc rsv prop ed visits,prop_ed,3e-4,NA
2023-03-18,24,Maryland,wk inc rsv prop ed visits,prop_ed,4e-4,NA
2023-03-18,25,Massachusetts,wk inc rsv prop ed visits,prop_ed,7e-4,NA
2023-03-18,26,Michigan,wk inc rsv prop ed visits,prop_ed,6e-4,NA
2023-03-18,27,Minnesota,wk inc rsv prop ed visits,prop_ed,0.0013,NA
2023-03-18,28,Mississippi,wk inc rsv prop ed visits,prop_ed,3e-4,NA
2023-03-18,30,Montana,wk inc rsv prop ed visits,prop_ed,0.001,NA
2023-03-18,31,Nebraska,wk inc rsv prop ed visits,prop_ed,4e-4,NA
2023-03-18,32,Nevada,wk inc rsv prop ed visits,prop_ed,7e-4,NA
2023-03-18,33,New Hampshire,wk inc rsv prop ed visits,prop_ed,0.0011,NA
2023-03-18,34,New Jersey,wk inc rsv prop ed visits,prop_ed,3e-4,NA
2023-03-18,35,New Mexico,wk inc rsv prop ed visits,prop_ed,7e-4,NA
2023-03-18,36,New York,wk inc rsv prop ed visits,prop_ed,3e-4,NA
2023-03-18,37,North Carolina,wk inc rsv prop ed visits,prop_ed,5e-4,NA
2023-03-18,38,North Dakota,wk inc rsv prop ed visits,prop_ed,0.001,NA
2023-03-18,39,Ohio,wk inc rsv prop ed visits,prop_ed,1e-4,NA
2023-03-18,40,Oklahoma,wk inc rsv prop ed visits,prop_ed,8e-4,NA
2023-03-18,41,Oregon,wk inc rsv prop ed visits,prop_ed,8e-4,NA
2023-03-18,42,Pennsylvania,wk inc rsv prop ed visits,prop_ed,3e-4,NA
2023-03-18,44,Rhode Island,wk inc rsv prop ed visits,prop_ed,2e-4,NA
2023-03-18,45,South Carolina,wk inc rsv prop ed visits,prop_ed,3e-4,NA
2023-03-18,46,South Dakota,wk inc rsv prop ed visits,prop_ed,8e-4,NA
2023-03-18,47,Tennessee,wk inc rsv prop ed visits,prop_ed,0.001,NA
2023-03-18,48,Texas,wk inc rsv prop ed visits,prop_ed,9e-4,NA
2023-03-18,49,Utah,wk inc rsv prop ed visits,prop_ed,0.0011,NA
2023-03-18,50,Vermont,wk inc rsv prop ed visits,prop_ed,8e-4,NA
2023-03-18,51,Virginia,wk inc rsv prop ed visits,prop_ed,5e-4,NA
2023-03-18,53,Washington,wk inc rsv prop ed visits,prop_ed,7e-4,NA
2023-03-18,54,West Virginia,wk inc rsv prop ed visits,prop_ed,7e-4,NA
2023-03-18,55,Wisconsin,wk inc rsv prop ed visits,prop_ed,4e-4,NA
2023-03-18,56,Wyoming,wk inc rsv prop ed visits,prop_ed,0.002,NA
2023-03-18,US,United States,wk inc rsv prop ed visits,prop_ed,6e-4,NA
2023-03-25,01,Alabama,wk inc rsv prop ed visits,prop_ed,4e-4,NA
2023-03-25,02,Alaska,wk inc rsv prop ed visits,prop_ed,0.003,NA
2023-03-25,04,Arizona,wk inc rsv prop ed visits,prop_ed,5e-4,NA
2023-03-25,05,Arkansas,wk inc rsv prop ed visits,prop_ed,7e-4,NA
2023-03-25,06,California,wk inc rsv prop ed visits,prop_ed,5e-4,NA
2023-03-25,08,Colorado,wk inc rsv prop ed visits,prop_ed,5e-4,NA
2023-03-25,09,Connecticut,wk inc rsv prop ed visits,prop_ed,2e-4,NA
2023-03-25,10,Delaware,wk inc rsv prop ed visits,prop_ed,3e-4,NA
2023-03-25,11,District of Columbia,wk inc rsv prop ed visits,prop_ed,6e-4,NA
2023-03-25,12,Florida,wk inc rsv prop ed visits,prop_ed,7e-4,NA
2023-03-25,13,Georgia,wk inc rsv prop ed visits,prop_ed,2e-4,NA
2023-03-25,15,Hawaii,wk inc rsv prop ed visits,prop_ed,1e-4,NA
2023-03-25,16,Idaho,wk inc rsv prop ed visits,prop_ed,6e-4,NA
2023-03-25,17,Illinois,wk inc rsv prop ed visits,prop_ed,6e-4,NA
2023-03-25,18,Indiana,wk inc rsv prop ed visits,prop_ed,7e-4,NA
2023-03-25,19,Iowa,wk inc rsv prop ed visits,prop_ed,0.0015,NA
2023-03-25,20,Kansas,wk inc rsv prop ed visits,prop_ed,5e-4,NA
2023-03-25,21,Kentucky,wk inc rsv prop ed visits,prop_ed,6e-4,NA
2023-03-25,22,Louisiana,wk inc rsv prop ed visits,prop_ed,5e-4,NA
2023-03-25,23,Maine,wk inc rsv prop ed visits,prop_ed,2e-4,NA
2023-03-25,24,Maryland,wk inc rsv prop ed visits,prop_ed,2e-4,NA
2023-03-25,25,Massachusetts,wk inc rsv prop ed visits,prop_ed,5e-4,NA
2023-03-25,26,Michigan,wk inc rsv prop ed visits,prop_ed,3e-4,NA
2023-03-25,27,Minnesota,wk inc rsv prop ed visits,prop_ed,0.0012,NA
2023-03-25,28,Mississippi,wk inc rsv prop ed visits,prop_ed,2e-4,NA
2023-03-25,30,Montana,wk inc rsv prop ed visits,prop_ed,0.001,NA
2023-03-25,31,Nebraska,wk inc rsv prop ed visits,prop_ed,2e-4,NA
2023-03-25,32,Nevada,wk inc rsv prop ed visits,prop_ed,1e-4,NA
2023-03-25,33,New Hampshire,wk inc rsv prop ed visits,prop_ed,4e-4,NA
2023-03-25,34,New Jersey,wk inc rsv prop ed visits,prop_ed,2e-4,NA
2023-03-25,35,New Mexico,wk inc rsv prop ed visits,prop_ed,2e-4,NA
2023-03-25,36,New York,wk inc rsv prop ed visits,prop_ed,3e-4,NA
2023-03-25,37,North Carolina,wk inc rsv prop ed visits,prop_ed,4e-4,NA
2023-03-25,38,North Dakota,wk inc rsv prop ed visits,prop_ed,4e-4,NA
2023-03-25,39,Ohio,wk inc rsv prop ed visits,prop_ed,2e-4,NA
2023-03-25,40,Oklahoma,wk inc rsv prop ed visits,prop_ed,7e-4,NA
2023-03-25,41,Oregon,wk inc rsv prop ed visits,prop_ed,7e-4,NA
2023-03-25,42,Pennsylvania,wk inc rsv prop ed visits,prop_ed,3e-4,NA
2023-03-25,44,Rhode Island,wk inc rsv prop ed visits,prop_ed,7e-4,NA
2023-03-25,45,South Carolina,wk inc rsv prop ed visits,prop_ed,2e-4,NA
2023-03-25,46,South Dakota,wk inc rsv prop ed visits,prop_ed,6e-4,NA
2023-03-25,47,Tennessee,wk inc rsv prop ed visits,prop_ed,9e-4,NA
2023-03-25,48,Texas,wk inc rsv prop ed visits,prop_ed,7e-4,NA
2023-03-25,49,Utah,wk inc rsv prop ed visits,prop_ed,7e-4,NA
2023-03-25,50,Vermont,wk inc rsv prop ed visits,prop_ed,4e-4,NA
2023-03-25,51,Virginia,wk inc rsv prop ed visits,prop_ed,3e-4,NA
2023-03-25,53,Washington,wk inc rsv prop ed visits,prop_ed,6e-4,NA
2023-03-25,54,West Virginia,wk inc rsv prop ed visits,prop_ed,6e-4,NA
2023-03-25,55,Wisconsin,wk inc rsv prop ed visits,prop_ed,5e-4,NA
2023-03-25,56,Wyoming,wk inc rsv prop ed visits,prop_ed,0.003,NA
2023-03-25,US,United States,wk inc rsv prop ed visits,prop_ed,5e-4,NA
2023-04-01,01,Alabama,wk inc rsv prop ed visits,prop_ed,3e-4,NA
2023-04-01,02,Alaska,wk inc rsv prop ed visits,prop_ed,0.001,NA
2023-04-01,04,Arizona,wk inc rsv prop ed visits,prop_ed,5e-4,NA
2023-04-01,05,Arkansas,wk inc rsv prop ed visits,prop_ed,5e-4,NA
2023-04-01,06,California,wk inc rsv prop ed visits,prop_ed,4e-4,NA
2023-04-01,08,Colorado,wk inc rsv prop ed visits,prop_ed,4e-4,NA
2023-04-01,09,Connecticut,wk inc rsv prop ed visits,prop_ed,1e-4,NA
2023-04-01,10,Delaware,wk inc rsv prop ed visits,prop_ed,1e-4,NA
2023-04-01,11,District of Columbia,wk inc rsv prop ed visits,prop_ed,9e-4,NA
2023-04-01,12,Florida,wk inc rsv prop ed visits,prop_ed,6e-4,NA
2023-04-01,13,Georgia,wk inc rsv prop ed visits,prop_ed,3e-4,NA
2023-04-01,15,Hawaii,wk inc rsv prop ed visits,prop_ed,9e-4,NA
2023-04-01,16,Idaho,wk inc rsv prop ed visits,prop_ed,0.001,NA
2023-04-01,17,Illinois,wk inc rsv prop ed visits,prop_ed,5e-4,NA
2023-04-01,18,Indiana,wk inc rsv prop ed visits,prop_ed,5e-4,NA
2023-04-01,19,Iowa,wk inc rsv prop ed visits,prop_ed,9e-4,NA
2023-04-01,20,Kansas,wk inc rsv prop ed visits,prop_ed,4e-4,NA
2023-04-01,21,Kentucky,wk inc rsv prop ed visits,prop_ed,5e-4,NA
2023-04-01,22,Louisiana,wk inc rsv prop ed visits,prop_ed,3e-4,NA
2023-04-01,23,Maine,wk inc rsv prop ed visits,prop_ed,2e-4,NA
2023-04-01,24,Maryland,wk inc rsv prop ed visits,prop_ed,3e-4,NA
2023-04-01,25,Massachusetts,wk inc rsv prop ed visits,prop_ed,6e-4,NA
2023-04-01,26,Michigan,wk inc rsv prop ed visits,prop_ed,3e-4,NA
2023-04-01,27,Minnesota,wk inc rsv prop ed visits,prop_ed,6e-4,NA
2023-04-01,28,Mississippi,wk inc rsv prop ed visits,prop_ed,3e-4,NA
2023-04-01,30,Montana,wk inc rsv prop ed visits,prop_ed,4e-4,NA
2023-04-01,31,Nebraska,wk inc rsv prop ed visits,prop_ed,3e-4,NA
2023-04-01,32,Nevada,wk inc rsv prop ed visits,prop_ed,4e-4,NA
2023-04-01,33,New Hampshire,wk inc rsv prop ed visits,prop_ed,9e-4,NA
2023-04-01,34,New Jersey,wk inc rsv prop ed visits,prop_ed,2e-4,NA
2023-04-01,35,New Mexico,wk inc rsv prop ed visits,prop_ed,4e-4,NA
2023-04-01,36,New York,wk inc rsv prop ed visits,prop_ed,2e-4,NA
2023-04-01,37,North Carolina,wk inc rsv prop ed visits,prop_ed,3e-4,NA
2023-04-01,38,North Dakota,wk inc rsv prop ed visits,prop_ed,4e-4,NA
2023-04-01,39,Ohio,wk inc rsv prop ed visits,prop_ed,2e-4,NA
2023-04-01,40,Oklahoma,wk inc rsv prop ed visits,prop_ed,7e-4,NA
2023-04-01,41,Oregon,wk inc rsv prop ed visits,prop_ed,6e-4,NA
2023-04-01,42,Pennsylvania,wk inc rsv prop ed visits,prop_ed,3e-4,NA
2023-04-01,44,Rhode Island,wk inc rsv prop ed visits,prop_ed,2e-4,NA
2023-04-01,45,South Carolina,wk inc rsv prop ed visits,prop_ed,2e-4,NA
2023-04-01,46,South Dakota,wk inc rsv prop ed visits,prop_ed,4e-4,NA
2023-04-01,47,Tennessee,wk inc rsv prop ed visits,prop_ed,6e-4,NA
2023-04-01,48,Texas,wk inc rsv prop ed visits,prop_ed,7e-4,NA
2023-04-01,49,Utah,wk inc rsv prop ed visits,prop_ed,4e-4,NA
2023-04-01,50,Vermont,wk inc rsv prop ed visits,prop_ed,4e-4,NA
2023-04-01,51,Virginia,wk inc rsv prop ed visits,prop_ed,4e-4,NA
2023-04-01,53,Washington,wk inc rsv prop ed visits,prop_ed,6e-4,NA
2023-04-01,54,West Virginia,wk inc rsv prop ed visits,prop_ed,5e-4,NA
2023-04-01,55,Wisconsin,wk inc rsv prop ed visits,prop_ed,4e-4,NA
2023-04-01,56,Wyoming,wk inc rsv prop ed visits,prop_ed,7e-4,NA
2023-04-01,US,United States,wk inc rsv prop ed visits,prop_ed,4e-4,NA
2023-04-08,01,Alabama,wk inc rsv prop ed visits,prop_ed,4e-4,NA
2023-04-08,02,Alaska,wk inc rsv prop ed visits,prop_ed,0.0019,NA
2023-04-08,04,Arizona,wk inc rsv prop ed visits,prop_ed,3e-4,NA
2023-04-08,05,Arkansas,wk inc rsv prop ed visits,prop_ed,6e-4,NA
2023-04-08,06,California,wk inc rsv prop ed visits,prop_ed,2e-4,NA
2023-04-08,08,Colorado,wk inc rsv prop ed visits,prop_ed,5e-4,NA
2023-04-08,09,Connecticut,wk inc rsv prop ed visits,prop_ed,1e-4,NA
2023-04-08,10,Delaware,wk inc rsv prop ed visits,prop_ed,1e-4,NA
2023-04-08,11,District of Columbia,wk inc rsv prop ed visits,prop_ed,3e-4,NA
2023-04-08,12,Florida,wk inc rsv prop ed visits,prop_ed,5e-4,NA
2023-04-08,13,Georgia,wk inc rsv prop ed visits,prop_ed,2e-4,NA
2023-04-08,15,Hawaii,wk inc rsv prop ed visits,prop_ed,4e-4,NA
2023-04-08,16,Idaho,wk inc rsv prop ed visits,prop_ed,2e-4,NA
2023-04-08,17,Illinois,wk inc rsv prop ed visits,prop_ed,4e-4,NA
2023-04-08,18,Indiana,wk inc rsv prop ed visits,prop_ed,3e-4,NA
2023-04-08,19,Iowa,wk inc rsv prop ed visits,prop_ed,0.0017,NA
2023-04-08,20,Kansas,wk inc rsv prop ed visits,prop_ed,2e-4,NA
2023-04-08,21,Kentucky,wk inc rsv prop ed visits,prop_ed,6e-4,NA
2023-04-08,22,Louisiana,wk inc rsv prop ed visits,prop_ed,3e-4,NA
2023-04-08,23,Maine,wk inc rsv prop ed visits,prop_ed,1e-4,NA
2023-04-08,24,Maryland,wk inc rsv prop ed visits,prop_ed,2e-4,NA
2023-04-08,25,Massachusetts,wk inc rsv prop ed visits,prop_ed,5e-4,NA
2023-04-08,26,Michigan,wk inc rsv prop ed visits,prop_ed,3e-4,NA
2023-04-08,27,Minnesota,wk inc rsv prop ed visits,prop_ed,2e-4,NA
2023-04-08,28,Mississippi,wk inc rsv prop ed visits,prop_ed,5e-4,NA
2023-04-08,30,Montana,wk inc rsv prop ed visits,prop_ed,6e-4,NA
2023-04-08,31,Nebraska,wk inc rsv prop ed visits,prop_ed,2e-4,NA
2023-04-08,32,Nevada,wk inc rsv prop ed visits,prop_ed,3e-4,NA
2023-04-08,33,New Hampshire,wk inc rsv prop ed visits,prop_ed,4e-4,NA
2023-04-08,34,New Jersey,wk inc rsv prop ed visits,prop_ed,3e-4,NA
2023-04-08,35,New Mexico,wk inc rsv prop ed visits,prop_ed,3e-4,NA
2023-04-08,36,New York,wk inc rsv prop ed visits,prop_ed,2e-4,NA
2023-04-08,37,North Carolina,wk inc rsv prop ed visits,prop_ed,3e-4,NA
2023-04-08,38,North Dakota,wk inc rsv prop ed visits,prop_ed,2e-4,NA
2023-04-08,39,Ohio,wk inc rsv prop ed visits,prop_ed,1e-4,NA
2023-04-08,40,Oklahoma,wk inc rsv prop ed visits,prop_ed,6e-4,NA
2023-04-08,41,Oregon,wk inc rsv prop ed visits,prop_ed,2e-4,NA
2023-04-08,42,Pennsylvania,wk inc rsv prop ed visits,prop_ed,2e-4,NA
2023-04-08,44,Rhode Island,wk inc rsv prop ed visits,prop_ed,5e-4,NA
2023-04-08,45,South Carolina,wk inc rsv prop ed visits,prop_ed,5e-4,NA
2023-04-08,46,South Dakota,wk inc rsv prop ed visits,prop_ed,4e-4,NA
2023-04-08,47,Tennessee,wk inc rsv prop ed visits,prop_ed,7e-4,NA
2023-04-08,48,Texas,wk inc rsv prop ed visits,prop_ed,6e-4,NA
2023-04-08,49,Utah,wk inc rsv prop ed visits,prop_ed,4e-4,NA
2023-04-08,50,Vermont,wk inc rsv prop ed visits,prop_ed,0,NA
2023-04-08,51,Virginia,wk inc rsv prop ed visits,prop_ed,3e-4,NA
2023-04-08,53,Washington,wk inc rsv prop ed visits,prop_ed,4e-4,NA
2023-04-08,54,West Virginia,wk inc rsv prop ed visits,prop_ed,3e-4,NA
2023-04-08,55,Wisconsin,wk inc rsv prop ed visits,prop_ed,2e-4,NA
2023-04-08,56,Wyoming,wk inc rsv prop ed visits,prop_ed,7e-4,NA
2023-04-08,US,United States,wk inc rsv prop ed visits,prop_ed,4e-4,NA
2023-04-15,01,Alabama,wk inc rsv prop ed visits,prop_ed,3e-4,NA
2023-04-15,02,Alaska,wk inc rsv prop ed visits,prop_ed,0.0024,NA
2023-04-15,04,Arizona,wk inc rsv prop ed visits,prop_ed,3e-4,NA
2023-04-15,05,Arkansas,wk inc rsv prop ed visits,prop_ed,5e-4,NA
2023-04-15,06,California,wk inc rsv prop ed visits,prop_ed,2e-4,NA
2023-04-15,08,Colorado,wk inc rsv prop ed visits,prop_ed,3e-4,NA
2023-04-15,09,Connecticut,wk inc rsv prop ed visits,prop_ed,1e-4,NA
2023-04-15,10,Delaware,wk inc rsv prop ed visits,prop_ed,3e-4,NA
2023-04-15,11,District of Columbia,wk inc rsv prop ed visits,prop_ed,5e-4,NA
2023-04-15,12,Florida,wk inc rsv prop ed visits,prop_ed,6e-4,NA
2023-04-15,13,Georgia,wk inc rsv prop ed visits,prop_ed,2e-4,NA
2023-04-15,15,Hawaii,wk inc rsv prop ed visits,prop_ed,5e-4,NA
2023-04-15,16,Idaho,wk inc rsv prop ed visits,prop_ed,5e-4,NA
2023-04-15,17,Illinois,wk inc rsv prop ed visits,prop_ed,3e-4,NA
2023-04-15,18,Indiana,wk inc rsv prop ed visits,prop_ed,2e-4,NA
2023-04-15,19,Iowa,wk inc rsv prop ed visits,prop_ed,6e-4,NA
2023-04-15,20,Kansas,wk inc rsv prop ed visits,prop_ed,1e-4,NA
2023-04-15,21,Kentucky,wk inc rsv prop ed visits,prop_ed,4e-4,NA
2023-04-15,22,Louisiana,wk inc rsv prop ed visits,prop_ed,3e-4,NA
2023-04-15,23,Maine,wk inc rsv prop ed visits,prop_ed,0,NA
2023-04-15,24,Maryland,wk inc rsv prop ed visits,prop_ed,2e-4,NA
2023-04-15,25,Massachusetts,wk inc rsv prop ed visits,prop_ed,4e-4,NA
2023-04-15,26,Michigan,wk inc rsv prop ed visits,prop_ed,3e-4,NA
2023-04-15,27,Minnesota,wk inc rsv prop ed visits,prop_ed,3e-4,NA
2023-04-15,28,Mississippi,wk inc rsv prop ed visits,prop_ed,3e-4,NA
2023-04-15,30,Montana,wk inc rsv prop ed visits,prop_ed,8e-4,NA
2023-04-15,31,Nebraska,wk inc rsv prop ed visits,prop_ed,3e-4,NA
2023-04-15,32,Nevada,wk inc rsv prop ed visits,prop_ed,4e-4,NA
2023-04-15,33,New Hampshire,wk inc rsv prop ed visits,prop_ed,2e-4,NA
2023-04-15,34,New Jersey,wk inc rsv prop ed visits,prop_ed,3e-4,NA
2023-04-15,35,New Mexico,wk inc rsv prop ed visits,prop_ed,1e-4,NA
2023-04-15,36,New York,wk inc rsv prop ed visits,prop_ed,2e-4,NA
2023-04-15,37,North Carolina,wk inc rsv prop ed visits,prop_ed,2e-4,NA
2023-04-15,38,North Dakota,wk inc rsv prop ed visits,prop_ed,2e-4,NA
2023-04-15,39,Ohio,wk inc rsv prop ed visits,prop_ed,1e-4,NA
2023-04-15,40,Oklahoma,wk inc rsv prop ed visits,prop_ed,5e-4,NA
2023-04-15,41,Oregon,wk inc rsv prop ed visits,prop_ed,1e-4,NA
2023-04-15,42,Pennsylvania,wk inc rsv prop ed visits,prop_ed,1e-4,NA
2023-04-15,44,Rhode Island,wk inc rsv prop ed visits,prop_ed,0,NA
2023-04-15,45,South Carolina,wk inc rsv prop ed visits,prop_ed,2e-4,NA
2023-04-15,46,South Dakota,wk inc rsv prop ed visits,prop_ed,4e-4,NA
2023-04-15,47,Tennessee,wk inc rsv prop ed visits,prop_ed,7e-4,NA
2023-04-15,48,Texas,wk inc rsv prop ed visits,prop_ed,6e-4,NA
2023-04-15,49,Utah,wk inc rsv prop ed visits,prop_ed,1e-4,NA
2023-04-15,50,Vermont,wk inc rsv prop ed visits,prop_ed,0,NA
2023-04-15,51,Virginia,wk inc rsv prop ed visits,prop_ed,2e-4,NA
2023-04-15,53,Washington,wk inc rsv prop ed visits,prop_ed,3e-4,NA
2023-04-15,54,West Virginia,wk inc rsv prop ed visits,prop_ed,2e-4,NA
2023-04-15,55,Wisconsin,wk inc rsv prop ed visits,prop_ed,3e-4,NA
2023-04-15,56,Wyoming,wk inc rsv prop ed visits,prop_ed,0,NA
2023-04-15,US,United States,wk inc rsv prop ed visits,prop_ed,3e-4,NA
2023-04-22,01,Alabama,wk inc rsv prop ed visits,prop_ed,3e-4,NA
2023-04-22,02,Alaska,wk inc rsv prop ed visits,prop_ed,0.0028,NA
2023-04-22,04,Arizona,wk inc rsv prop ed visits,prop_ed,2e-4,NA
2023-04-22,05,Arkansas,wk inc rsv prop ed visits,prop_ed,3e-4,NA
2023-04-22,06,California,wk inc rsv prop ed visits,prop_ed,2e-4,NA
2023-04-22,08,Colorado,wk inc rsv prop ed visits,prop_ed,2e-4,NA
2023-04-22,09,Connecticut,wk inc rsv prop ed visits,prop_ed,1e-4,NA
2023-04-22,10,Delaware,wk inc rsv prop ed visits,prop_ed,4e-4,NA
2023-04-22,11,District of Columbia,wk inc rsv prop ed visits,prop_ed,6e-4,NA
2023-04-22,12,Florida,wk inc rsv prop ed visits,prop_ed,7e-4,NA
2023-04-22,13,Georgia,wk inc rsv prop ed visits,prop_ed,1e-4,NA
2023-04-22,15,Hawaii,wk inc rsv prop ed visits,prop_ed,3e-4,NA
2023-04-22,16,Idaho,wk inc rsv prop ed visits,prop_ed,3e-4,NA
2023-04-22,17,Illinois,wk inc rsv prop ed visits,prop_ed,3e-4,NA
2023-04-22,18,Indiana,wk inc rsv prop ed visits,prop_ed,3e-4,NA
2023-04-22,19,Iowa,wk inc rsv prop ed visits,prop_ed,9e-4,NA
2023-04-22,20,Kansas,wk inc rsv prop ed visits,prop_ed,3e-4,NA
2023-04-22,21,Kentucky,wk inc rsv prop ed visits,prop_ed,4e-4,NA
2023-04-22,22,Louisiana,wk inc rsv prop ed visits,prop_ed,1e-4,NA
2023-04-22,23,Maine,wk inc rsv prop ed visits,prop_ed,2e-4,NA
2023-04-22,24,Maryland,wk inc rsv prop ed visits,prop_ed,1e-4,NA
2023-04-22,25,Massachusetts,wk inc rsv prop ed visits,prop_ed,2e-4,NA
2023-04-22,26,Michigan,wk inc rsv prop ed visits,prop_ed,2e-4,NA
2023-04-22,27,Minnesota,wk inc rsv prop ed visits,prop_ed,2e-4,NA
2023-04-22,28,Mississippi,wk inc rsv prop ed visits,prop_ed,3e-4,NA
2023-04-22,30,Montana,wk inc rsv prop ed visits,prop_ed,7e-4,NA
2023-04-22,31,Nebraska,wk inc rsv prop ed visits,prop_ed,2e-4,NA
2023-04-22,32,Nevada,wk inc rsv prop ed visits,prop_ed,2e-4,NA
2023-04-22,33,New Hampshire,wk inc rsv prop ed visits,prop_ed,4e-4,NA
2023-04-22,34,New Jersey,wk inc rsv prop ed visits,prop_ed,3e-4,NA
2023-04-22,35,New Mexico,wk inc rsv prop ed visits,prop_ed,5e-4,NA
2023-04-22,36,New York,wk inc rsv prop ed visits,prop_ed,2e-4,NA
2023-04-22,37,North Carolina,wk inc rsv prop ed visits,prop_ed,2e-4,NA
2023-04-22,38,North Dakota,wk inc rsv prop ed visits,prop_ed,0,NA
2023-04-22,39,Ohio,wk inc rsv prop ed visits,prop_ed,1e-4,NA
2023-04-22,40,Oklahoma,wk inc rsv prop ed visits,prop_ed,2e-4,NA
2023-04-22,41,Oregon,wk inc rsv prop ed visits,prop_ed,2e-4,NA
2023-04-22,42,Pennsylvania,wk inc rsv prop ed visits,prop_ed,1e-4,NA
2023-04-22,44,Rhode Island,wk inc rsv prop ed visits,prop_ed,1e-4,NA
2023-04-22,45,South Carolina,wk inc rsv prop ed visits,prop_ed,2e-4,NA
2023-04-22,46,South Dakota,wk inc rsv prop ed visits,prop_ed,2e-4,NA
2023-04-22,47,Tennessee,wk inc rsv prop ed visits,prop_ed,6e-4,NA
2023-04-22,48,Texas,wk inc rsv prop ed visits,prop_ed,6e-4,NA
2023-04-22,49,Utah,wk inc rsv prop ed visits,prop_ed,2e-4,NA
2023-04-22,50,Vermont,wk inc rsv prop ed visits,prop_ed,6e-4,NA
2023-04-22,51,Virginia,wk inc rsv prop ed visits,prop_ed,2e-4,NA
2023-04-22,53,Washington,wk inc rsv prop ed visits,prop_ed,2e-4,NA
2023-04-22,54,West Virginia,wk inc rsv prop ed visits,prop_ed,4e-4,NA
2023-04-22,55,Wisconsin,wk inc rsv prop ed visits,prop_ed,2e-4,NA
2023-04-22,56,Wyoming,wk inc rsv prop ed visits,prop_ed,3e-4,NA
2023-04-22,US,United States,wk inc rsv prop ed visits,prop_ed,3e-4,NA
2023-04-29,01,Alabama,wk inc rsv prop ed visits,prop_ed,3e-4,NA
2023-04-29,02,Alaska,wk inc rsv prop ed visits,prop_ed,0.0013,NA
2023-04-29,04,Arizona,wk inc rsv prop ed visits,prop_ed,3e-4,NA
2023-04-29,05,Arkansas,wk inc rsv prop ed visits,prop_ed,2e-4,NA
2023-04-29,06,California,wk inc rsv prop ed visits,prop_ed,2e-4,NA
2023-04-29,08,Colorado,wk inc rsv prop ed visits,prop_ed,2e-4,NA
2023-04-29,09,Connecticut,wk inc rsv prop ed visits,prop_ed,1e-4,NA
2023-04-29,10,Delaware,wk inc rsv prop ed visits,prop_ed,1e-4,NA
2023-04-29,11,District of Columbia,wk inc rsv prop ed visits,prop_ed,6e-4,NA
2023-04-29,12,Florida,wk inc rsv prop ed visits,prop_ed,6e-4,NA
2023-04-29,13,Georgia,wk inc rsv prop ed visits,prop_ed,2e-4,NA
2023-04-29,15,Hawaii,wk inc rsv prop ed visits,prop_ed,5e-4,NA
2023-04-29,16,Idaho,wk inc rsv prop ed visits,prop_ed,2e-4,NA
2023-04-29,17,Illinois,wk inc rsv prop ed visits,prop_ed,2e-4,NA
2023-04-29,18,Indiana,wk inc rsv prop ed visits,prop_ed,3e-4,NA
2023-04-29,19,Iowa,wk inc rsv prop ed visits,prop_ed,7e-4,NA
2023-04-29,20,Kansas,wk inc rsv prop ed visits,prop_ed,3e-4,NA
2023-04-29,21,Kentucky,wk inc rsv prop ed visits,prop_ed,3e-4,NA
2023-04-29,22,Louisiana,wk inc rsv prop ed visits,prop_ed,2e-4,NA
2023-04-29,23,Maine,wk inc rsv prop ed visits,prop_ed,2e-4,NA
2023-04-29,24,Maryland,wk inc rsv prop ed visits,prop_ed,3e-4,NA
2023-04-29,25,Massachusetts,wk inc rsv prop ed visits,prop_ed,3e-4,NA
2023-04-29,26,Michigan,wk inc rsv prop ed visits,prop_ed,2e-4,NA
2023-04-29,27,Minnesota,wk inc rsv prop ed visits,prop_ed,0,NA
2023-04-29,28,Mississippi,wk inc rsv prop ed visits,prop_ed,4e-4,NA
2023-04-29,30,Montana,wk inc rsv prop ed visits,prop_ed,7e-4,NA
2023-04-29,31,Nebraska,wk inc rsv prop ed visits,prop_ed,0,NA
2023-04-29,32,Nevada,wk inc rsv prop ed visits,prop_ed,3e-4,NA
2023-04-29,33,New Hampshire,wk inc rsv prop ed visits,prop_ed,0,NA
2023-04-29,34,New Jersey,wk inc rsv prop ed visits,prop_ed,1e-4,NA
2023-04-29,35,New Mexico,wk inc rsv prop ed visits,prop_ed,2e-4,NA
2023-04-29,36,New York,wk inc rsv prop ed visits,prop_ed,2e-4,NA
2023-04-29,37,North Carolina,wk inc rsv prop ed visits,prop_ed,2e-4,NA
2023-04-29,38,North Dakota,wk inc rsv prop ed visits,prop_ed,0,NA
2023-04-29,39,Ohio,wk inc rsv prop ed visits,prop_ed,1e-4,NA
2023-04-29,40,Oklahoma,wk inc rsv prop ed visits,prop_ed,6e-4,NA
2023-04-29,41,Oregon,wk inc rsv prop ed visits,prop_ed,2e-4,NA
2023-04-29,42,Pennsylvania,wk inc rsv prop ed visits,prop_ed,1e-4,NA
2023-04-29,44,Rhode Island,wk inc rsv prop ed visits,prop_ed,1e-4,NA
2023-04-29,45,South Carolina,wk inc rsv prop ed visits,prop_ed,1e-4,NA
2023-04-29,46,South Dakota,wk inc rsv prop ed visits,prop_ed,0,NA
2023-04-29,47,Tennessee,wk inc rsv prop ed visits,prop_ed,8e-4,NA
2023-04-29,48,Texas,wk inc rsv prop ed visits,prop_ed,7e-4,NA
2023-04-29,49,Utah,wk inc rsv prop ed visits,prop_ed,1e-4,NA
2023-04-29,50,Vermont,wk inc rsv prop ed visits,prop_ed,0,NA
2023-04-29,51,Virginia,wk inc rsv prop ed visits,prop_ed,3e-4,NA
2023-04-29,53,Washington,wk inc rsv prop ed visits,prop_ed,1e-4,NA
2023-04-29,54,West Virginia,wk inc rsv prop ed visits,prop_ed,0,NA
2023-04-29,55,Wisconsin,wk inc rsv prop ed visits,prop_ed,1e-4,NA
2023-04-29,56,Wyoming,wk inc rsv prop ed visits,prop_ed,3e-4,NA
2023-04-29,US,United States,wk inc rsv prop ed visits,prop_ed,3e-4,NA
2023-05-06,01,Alabama,wk inc rsv prop ed visits,prop_ed,3e-4,NA
2023-05-06,02,Alaska,wk inc rsv prop ed visits,prop_ed,0.0021,NA
2023-05-06,04,Arizona,wk inc rsv prop ed visits,prop_ed,2e-4,NA
2023-05-06,05,Arkansas,wk inc rsv prop ed visits,prop_ed,4e-4,NA
2023-05-06,06,California,wk inc rsv prop ed visits,prop_ed,1e-4,NA
2023-05-06,08,Colorado,wk inc rsv prop ed visits,prop_ed,3e-4,NA
2023-05-06,09,Connecticut,wk inc rsv prop ed visits,prop_ed,1e-4,NA
2023-05-06,10,Delaware,wk inc rsv prop ed visits,prop_ed,2e-4,NA
2023-05-06,11,District of Columbia,wk inc rsv prop ed visits,prop_ed,4e-4,NA
2023-05-06,12,Florida,wk inc rsv prop ed visits,prop_ed,6e-4,NA
2023-05-06,13,Georgia,wk inc rsv prop ed visits,prop_ed,2e-4,NA
2023-05-06,15,Hawaii,wk inc rsv prop ed visits,prop_ed,8e-4,NA
2023-05-06,16,Idaho,wk inc rsv prop ed visits,prop_ed,3e-4,NA
2023-05-06,17,Illinois,wk inc rsv prop ed visits,prop_ed,2e-4,NA
2023-05-06,18,Indiana,wk inc rsv prop ed visits,prop_ed,4e-4,NA
2023-05-06,19,Iowa,wk inc rsv prop ed visits,prop_ed,8e-4,NA
2023-05-06,20,Kansas,wk inc rsv prop ed visits,prop_ed,2e-4,NA
2023-05-06,21,Kentucky,wk inc rsv prop ed visits,prop_ed,4e-4,NA
2023-05-06,22,Louisiana,wk inc rsv prop ed visits,prop_ed,2e-4,NA
2023-05-06,23,Maine,wk inc rsv prop ed visits,prop_ed,1e-4,NA
2023-05-06,24,Maryland,wk inc rsv prop ed visits,prop_ed,1e-4,NA
2023-05-06,25,Massachusetts,wk inc rsv prop ed visits,prop_ed,2e-4,NA
2023-05-06,26,Michigan,wk inc rsv prop ed visits,prop_ed,2e-4,NA
2023-05-06,27,Minnesota,wk inc rsv prop ed visits,prop_ed,0,NA
2023-05-06,28,Mississippi,wk inc rsv prop ed visits,prop_ed,3e-4,NA
2023-05-06,30,Montana,wk inc rsv prop ed visits,prop_ed,2e-4,NA
2023-05-06,31,Nebraska,wk inc rsv prop ed visits,prop_ed,0,NA
2023-05-06,32,Nevada,wk inc rsv prop ed visits,prop_ed,1e-4,NA
2023-05-06,33,New Hampshire,wk inc rsv prop ed visits,prop_ed,2e-4,NA
2023-05-06,34,New Jersey,wk inc rsv prop ed visits,prop_ed,1e-4,NA
2023-05-06,35,New Mexico,wk inc rsv prop ed visits,prop_ed,3e-4,NA
2023-05-06,36,New York,wk inc rsv prop ed visits,prop_ed,2e-4,NA
2023-05-06,37,North Carolina,wk inc rsv prop ed visits,prop_ed,1e-4,NA
2023-05-06,38,North Dakota,wk inc rsv prop ed visits,prop_ed,4e-4,NA
2023-05-06,39,Ohio,wk inc rsv prop ed visits,prop_ed,0,NA
2023-05-06,40,Oklahoma,wk inc rsv prop ed visits,prop_ed,4e-4,NA
2023-05-06,41,Oregon,wk inc rsv prop ed visits,prop_ed,2e-4,NA
2023-05-06,42,Pennsylvania,wk inc rsv prop ed visits,prop_ed,1e-4,NA
2023-05-06,44,Rhode Island,wk inc rsv prop ed visits,prop_ed,0,NA
2023-05-06,45,South Carolina,wk inc rsv prop ed visits,prop_ed,3e-4,NA
2023-05-06,46,South Dakota,wk inc rsv prop ed visits,prop_ed,0,NA
2023-05-06,47,Tennessee,wk inc rsv prop ed visits,prop_ed,7e-4,NA
2023-05-06,48,Texas,wk inc rsv prop ed visits,prop_ed,6e-4,NA
2023-05-06,49,Utah,wk inc rsv prop ed visits,prop_ed,0,NA
2023-05-06,50,Vermont,wk inc rsv prop ed visits,prop_ed,2e-4,NA
2023-05-06,51,Virginia,wk inc rsv prop ed visits,prop_ed,2e-4,NA
2023-05-06,53,Washington,wk inc rsv prop ed visits,prop_ed,2e-4,NA
2023-05-06,54,West Virginia,wk inc rsv prop ed visits,prop_ed,2e-4,NA
2023-05-06,55,Wisconsin,wk inc rsv prop ed visits,prop_ed,1e-4,NA
2023-05-06,56,Wyoming,wk inc rsv prop ed visits,prop_ed,3e-4,NA
2023-05-06,US,United States,wk inc rsv prop ed visits,prop_ed,3e-4,NA
2023-05-13,01,Alabama,wk inc rsv prop ed visits,prop_ed,3e-4,NA
2023-05-13,02,Alaska,wk inc rsv prop ed visits,prop_ed,5e-4,NA
2023-05-13,04,Arizona,wk inc rsv prop ed visits,prop_ed,2e-4,NA
2023-05-13,05,Arkansas,wk inc rsv prop ed visits,prop_ed,3e-4,NA
2023-05-13,06,California,wk inc rsv prop ed visits,prop_ed,1e-4,NA
2023-05-13,08,Colorado,wk inc rsv prop ed visits,prop_ed,2e-4,NA
2023-05-13,09,Connecticut,wk inc rsv prop ed visits,prop_ed,1e-4,NA
2023-05-13,10,Delaware,wk inc rsv prop ed visits,prop_ed,5e-4,NA
2023-05-13,11,District of Columbia,wk inc rsv prop ed visits,prop_ed,2e-4,NA
2023-05-13,12,Florida,wk inc rsv prop ed visits,prop_ed,5e-4,NA
2023-05-13,13,Georgia,wk inc rsv prop ed visits,prop_ed,2e-4,NA
2023-05-13,15,Hawaii,wk inc rsv prop ed visits,prop_ed,0,NA
2023-05-13,16,Idaho,wk inc rsv prop ed visits,prop_ed,2e-4,NA
2023-05-13,17,Illinois,wk inc rsv prop ed visits,prop_ed,2e-4,NA
2023-05-13,18,Indiana,wk inc rsv prop ed visits,prop_ed,1e-4,NA
2023-05-13,19,Iowa,wk inc rsv prop ed visits,prop_ed,5e-4,NA
2023-05-13,20,Kansas,wk inc rsv prop ed visits,prop_ed,2e-4,NA
2023-05-13,21,Kentucky,wk inc rsv prop ed visits,prop_ed,3e-4,NA
2023-05-13,22,Louisiana,wk inc rsv prop ed visits,prop_ed,2e-4,NA
2023-05-13,23,Maine,wk inc rsv prop ed visits,prop_ed,1e-4,NA
2023-05-13,24,Maryland,wk inc rsv prop ed visits,prop_ed,2e-4,NA
2023-05-13,25,Massachusetts,wk inc rsv prop ed visits,prop_ed,1e-4,NA
2023-05-13,26,Michigan,wk inc rsv prop ed visits,prop_ed,2e-4,NA
2023-05-13,27,Minnesota,wk inc rsv prop ed visits,prop_ed,2e-4,NA
2023-05-13,28,Mississippi,wk inc rsv prop ed visits,prop_ed,3e-4,NA
2023-05-13,30,Montana,wk inc rsv prop ed visits,prop_ed,0,NA
2023-05-13,31,Nebraska,wk inc rsv prop ed visits,prop_ed,1e-4,NA
2023-05-13,32,Nevada,wk inc rsv prop ed visits,prop_ed,2e-4,NA
2023-05-13,33,New Hampshire,wk inc rsv prop ed visits,prop_ed,7e-4,NA
2023-05-13,34,New Jersey,wk inc rsv prop ed visits,prop_ed,2e-4,NA
2023-05-13,35,New Mexico,wk inc rsv prop ed visits,prop_ed,2e-4,NA
2023-05-13,36,New York,wk inc rsv prop ed visits,prop_ed,2e-4,NA
2023-05-13,37,North Carolina,wk inc rsv prop ed visits,prop_ed,3e-4,NA
2023-05-13,38,North Dakota,wk inc rsv prop ed visits,prop_ed,2e-4,NA
2023-05-13,39,Ohio,wk inc rsv prop ed visits,prop_ed,1e-4,NA
2023-05-13,40,Oklahoma,wk inc rsv prop ed visits,prop_ed,1e-4,NA
2023-05-13,41,Oregon,wk inc rsv prop ed visits,prop_ed,0,NA
2023-05-13,42,Pennsylvania,wk inc rsv prop ed visits,prop_ed,1e-4,NA
2023-05-13,44,Rhode Island,wk inc rsv prop ed visits,prop_ed,1e-4,NA
2023-05-13,45,South Carolina,wk inc rsv prop ed visits,prop_ed,2e-4,NA
2023-05-13,46,South Dakota,wk inc rsv prop ed visits,prop_ed,0,NA
2023-05-13,47,Tennessee,wk inc rsv prop ed visits,prop_ed,5e-4,NA
2023-05-13,48,Texas,wk inc rsv prop ed visits,prop_ed,6e-4,NA
2023-05-13,49,Utah,wk inc rsv prop ed visits,prop_ed,3e-4,NA
2023-05-13,50,Vermont,wk inc rsv prop ed visits,prop_ed,0,NA
2023-05-13,51,Virginia,wk inc rsv prop ed visits,prop_ed,4e-4,NA
2023-05-13,53,Washington,wk inc rsv prop ed visits,prop_ed,1e-4,NA
2023-05-13,54,West Virginia,wk inc rsv prop ed visits,prop_ed,2e-4,NA
2023-05-13,55,Wisconsin,wk inc rsv prop ed visits,prop_ed,1e-4,NA
2023-05-13,56,Wyoming,wk inc rsv prop ed visits,prop_ed,3e-4,NA
2023-05-13,US,United States,wk inc rsv prop ed visits,prop_ed,3e-4,NA
2023-05-20,01,Alabama,wk inc rsv prop ed visits,prop_ed,4e-4,NA
2023-05-20,02,Alaska,wk inc rsv prop ed visits,prop_ed,5e-4,NA
2023-05-20,04,Arizona,wk inc rsv prop ed visits,prop_ed,1e-4,NA
2023-05-20,05,Arkansas,wk inc rsv prop ed visits,prop_ed,4e-4,NA
2023-05-20,06,California,wk inc rsv prop ed visits,prop_ed,1e-4,NA
2023-05-20,08,Colorado,wk inc rsv prop ed visits,prop_ed,1e-4,NA
2023-05-20,09,Connecticut,wk inc rsv prop ed visits,prop_ed,2e-4,NA
2023-05-20,10,Delaware,wk inc rsv prop ed visits,prop_ed,0,NA
2023-05-20,11,District of Columbia,wk inc rsv prop ed visits,prop_ed,4e-4,NA
2023-05-20,12,Florida,wk inc rsv prop ed visits,prop_ed,6e-4,NA
2023-05-20,13,Georgia,wk inc rsv prop ed visits,prop_ed,1e-4,NA
2023-05-20,15,Hawaii,wk inc rsv prop ed visits,prop_ed,5e-4,NA
2023-05-20,16,Idaho,wk inc rsv prop ed visits,prop_ed,3e-4,NA
2023-05-20,17,Illinois,wk inc rsv prop ed visits,prop_ed,1e-4,NA
2023-05-20,18,Indiana,wk inc rsv prop ed visits,prop_ed,3e-4,NA
2023-05-20,19,Iowa,wk inc rsv prop ed visits,prop_ed,4e-4,NA
2023-05-20,20,Kansas,wk inc rsv prop ed visits,prop_ed,1e-4,NA
2023-05-20,21,Kentucky,wk inc rsv prop ed visits,prop_ed,4e-4,NA
2023-05-20,22,Louisiana,wk inc rsv prop ed visits,prop_ed,3e-4,NA
2023-05-20,23,Maine,wk inc rsv prop ed visits,prop_ed,3e-4,NA
2023-05-20,24,Maryland,wk inc rsv prop ed visits,prop_ed,1e-4,NA
2023-05-20,25,Massachusetts,wk inc rsv prop ed visits,prop_ed,1e-4,NA
2023-05-20,26,Michigan,wk inc rsv prop ed visits,prop_ed,2e-4,NA
2023-05-20,27,Minnesota,wk inc rsv prop ed visits,prop_ed,0,NA
2023-05-20,28,Mississippi,wk inc rsv prop ed visits,prop_ed,5e-4,NA
2023-05-20,30,Montana,wk inc rsv prop ed visits,prop_ed,0,NA
2023-05-20,31,Nebraska,wk inc rsv prop ed visits,prop_ed,0,NA
2023-05-20,32,Nevada,wk inc rsv prop ed visits,prop_ed,1e-4,NA
2023-05-20,33,New Hampshire,wk inc rsv prop ed visits,prop_ed,3e-4,NA
2023-05-20,34,New Jersey,wk inc rsv prop ed visits,prop_ed,1e-4,NA
2023-05-20,35,New Mexico,wk inc rsv prop ed visits,prop_ed,2e-4,NA
2023-05-20,36,New York,wk inc rsv prop ed visits,prop_ed,1e-4,NA
2023-05-20,37,North Carolina,wk inc rsv prop ed visits,prop_ed,2e-4,NA
2023-05-20,38,North Dakota,wk inc rsv prop ed visits,prop_ed,8e-4,NA
2023-05-20,39,Ohio,wk inc rsv prop ed visits,prop_ed,1e-4,NA
2023-05-20,40,Oklahoma,wk inc rsv prop ed visits,prop_ed,2e-4,NA
2023-05-20,41,Oregon,wk inc rsv prop ed visits,prop_ed,0,NA
2023-05-20,42,Pennsylvania,wk inc rsv prop ed visits,prop_ed,1e-4,NA
2023-05-20,44,Rhode Island,wk inc rsv prop ed visits,prop_ed,2e-4,NA
2023-05-20,45,South Carolina,wk inc rsv prop ed visits,prop_ed,3e-4,NA
2023-05-20,46,South Dakota,wk inc rsv prop ed visits,prop_ed,0,NA
2023-05-20,47,Tennessee,wk inc rsv prop ed visits,prop_ed,4e-4,NA
2023-05-20,48,Texas,wk inc rsv prop ed visits,prop_ed,5e-4,NA
2023-05-20,49,Utah,wk inc rsv prop ed visits,prop_ed,2e-4,NA
2023-05-20,50,Vermont,wk inc rsv prop ed visits,prop_ed,2e-4,NA
2023-05-20,51,Virginia,wk inc rsv prop ed visits,prop_ed,1e-4,NA
2023-05-20,53,Washington,wk inc rsv prop ed visits,prop_ed,1e-4,NA
2023-05-20,54,West Virginia,wk inc rsv prop ed visits,prop_ed,0,NA
2023-05-20,55,Wisconsin,wk inc rsv prop ed visits,prop_ed,0,NA
2023-05-20,56,Wyoming,wk inc rsv prop ed visits,prop_ed,3e-4,NA
2023-05-20,US,United States,wk inc rsv prop ed visits,prop_ed,2e-4,NA
2023-05-27,01,Alabama,wk inc rsv prop ed visits,prop_ed,3e-4,NA
2023-05-27,02,Alaska,wk inc rsv prop ed visits,prop_ed,6e-4,NA
2023-05-27,04,Arizona,wk inc rsv prop ed visits,prop_ed,1e-4,NA
2023-05-27,05,Arkansas,wk inc rsv prop ed visits,prop_ed,3e-4,NA
2023-05-27,06,California,wk inc rsv prop ed visits,prop_ed,1e-4,NA
2023-05-27,08,Colorado,wk inc rsv prop ed visits,prop_ed,1e-4,NA
2023-05-27,09,Connecticut,wk inc rsv prop ed visits,prop_ed,0,NA
2023-05-27,10,Delaware,wk inc rsv prop ed visits,prop_ed,0,NA
2023-05-27,11,District of Columbia,wk inc rsv prop ed visits,prop_ed,2e-4,NA
2023-05-27,12,Florida,wk inc rsv prop ed visits,prop_ed,6e-4,NA
2023-05-27,13,Georgia,wk inc rsv prop ed visits,prop_ed,3e-4,NA
2023-05-27,15,Hawaii,wk inc rsv prop ed visits,prop_ed,3e-4,NA
2023-05-27,16,Idaho,wk inc rsv prop ed visits,prop_ed,2e-4,NA
2023-05-27,17,Illinois,wk inc rsv prop ed visits,prop_ed,1e-4,NA
2023-05-27,18,Indiana,wk inc rsv prop ed visits,prop_ed,2e-4,NA
2023-05-27,19,Iowa,wk inc rsv prop ed visits,prop_ed,6e-4,NA
2023-05-27,20,Kansas,wk inc rsv prop ed visits,prop_ed,1e-4,NA
2023-05-27,21,Kentucky,wk inc rsv prop ed visits,prop_ed,2e-4,NA
2023-05-27,22,Louisiana,wk inc rsv prop ed visits,prop_ed,2e-4,NA
2023-05-27,23,Maine,wk inc rsv prop ed visits,prop_ed,0,NA
2023-05-27,24,Maryland,wk inc rsv prop ed visits,prop_ed,1e-4,NA
2023-05-27,25,Massachusetts,wk inc rsv prop ed visits,prop_ed,2e-4,NA
2023-05-27,26,Michigan,wk inc rsv prop ed visits,prop_ed,1e-4,NA
2023-05-27,27,Minnesota,wk inc rsv prop ed visits,prop_ed,0,NA
2023-05-27,28,Mississippi,wk inc rsv prop ed visits,prop_ed,1e-4,NA
2023-05-27,30,Montana,wk inc rsv prop ed visits,prop_ed,0,NA
2023-05-27,31,Nebraska,wk inc rsv prop ed visits,prop_ed,1e-4,NA
2023-05-27,32,Nevada,wk inc rsv prop ed visits,prop_ed,2e-4,NA
2023-05-27,33,New Hampshire,wk inc rsv prop ed visits,prop_ed,2e-4,NA
2023-05-27,34,New Jersey,wk inc rsv prop ed visits,prop_ed,2e-4,NA
2023-05-27,35,New Mexico,wk inc rsv prop ed visits,prop_ed,1e-4,NA
2023-05-27,36,New York,wk inc rsv prop ed visits,prop_ed,1e-4,NA
2023-05-27,37,North Carolina,wk inc rsv prop ed visits,prop_ed,2e-4,NA
2023-05-27,38,North Dakota,wk inc rsv prop ed visits,prop_ed,0,NA
2023-05-27,39,Ohio,wk inc rsv prop ed visits,prop_ed,1e-4,NA
2023-05-27,40,Oklahoma,wk inc rsv prop ed visits,prop_ed,0,NA
2023-05-27,41,Oregon,wk inc rsv prop ed visits,prop_ed,0,NA
2023-05-27,42,Pennsylvania,wk inc rsv prop ed visits,prop_ed,0,NA
2023-05-27,44,Rhode Island,wk inc rsv prop ed visits,prop_ed,1e-4,NA
2023-05-27,45,South Carolina,wk inc rsv prop ed visits,prop_ed,3e-4,NA
2023-05-27,46,South Dakota,wk inc rsv prop ed visits,prop_ed,0,NA
2023-05-27,47,Tennessee,wk inc rsv prop ed visits,prop_ed,5e-4,NA
2023-05-27,48,Texas,wk inc rsv prop ed visits,prop_ed,7e-4,NA
2023-05-27,49,Utah,wk inc rsv prop ed visits,prop_ed,1e-4,NA
2023-05-27,50,Vermont,wk inc rsv prop ed visits,prop_ed,0,NA
2023-05-27,51,Virginia,wk inc rsv prop ed visits,prop_ed,2e-4,NA
2023-05-27,53,Washington,wk inc rsv prop ed visits,prop_ed,1e-4,NA
2023-05-27,54,West Virginia,wk inc rsv prop ed visits,prop_ed,2e-4,NA
2023-05-27,55,Wisconsin,wk inc rsv prop ed visits,prop_ed,1e-4,NA
2023-05-27,56,Wyoming,wk inc rsv prop ed visits,prop_ed,3e-4,NA
2023-05-27,US,United States,wk inc rsv prop ed visits,prop_ed,2e-4,NA
2023-06-03,01,Alabama,wk inc rsv prop ed visits,prop_ed,2e-4,NA
2023-06-03,02,Alaska,wk inc rsv prop ed visits,prop_ed,9e-4,NA
2023-06-03,04,Arizona,wk inc rsv prop ed visits,prop_ed,1e-4,NA
2023-06-03,05,Arkansas,wk inc rsv prop ed visits,prop_ed,3e-4,NA
2023-06-03,06,California,wk inc rsv prop ed visits,prop_ed,1e-4,NA
2023-06-03,08,Colorado,wk inc rsv prop ed visits,prop_ed,1e-4,NA
2023-06-03,09,Connecticut,wk inc rsv prop ed visits,prop_ed,1e-4,NA
2023-06-03,10,Delaware,wk inc rsv prop ed visits,prop_ed,2e-4,NA
2023-06-03,11,District of Columbia,wk inc rsv prop ed visits,prop_ed,5e-4,NA
2023-06-03,12,Florida,wk inc rsv prop ed visits,prop_ed,8e-4,NA
2023-06-03,13,Georgia,wk inc rsv prop ed visits,prop_ed,2e-4,NA
2023-06-03,15,Hawaii,wk inc rsv prop ed visits,prop_ed,8e-4,NA
2023-06-03,16,Idaho,wk inc rsv prop ed visits,prop_ed,0,NA
2023-06-03,17,Illinois,wk inc rsv prop ed visits,prop_ed,2e-4,NA
2023-06-03,18,Indiana,wk inc rsv prop ed visits,prop_ed,2e-4,NA
2023-06-03,19,Iowa,wk inc rsv prop ed visits,prop_ed,5e-4,NA
2023-06-03,20,Kansas,wk inc rsv prop ed visits,prop_ed,1e-4,NA
2023-06-03,21,Kentucky,wk inc rsv prop ed visits,prop_ed,2e-4,NA
2023-06-03,22,Louisiana,wk inc rsv prop ed visits,prop_ed,3e-4,NA
2023-06-03,23,Maine,wk inc rsv prop ed visits,prop_ed,0,NA
2023-06-03,24,Maryland,wk inc rsv prop ed visits,prop_ed,1e-4,NA
2023-06-03,25,Massachusetts,wk inc rsv prop ed visits,prop_ed,1e-4,NA
2023-06-03,26,Michigan,wk inc rsv prop ed visits,prop_ed,1e-4,NA
2023-06-03,27,Minnesota,wk inc rsv prop ed visits,prop_ed,3e-4,NA
2023-06-03,28,Mississippi,wk inc rsv prop ed visits,prop_ed,3e-4,NA
2023-06-03,30,Montana,wk inc rsv prop ed visits,prop_ed,0,NA
2023-06-03,31,Nebraska,wk inc rsv prop ed visits,prop_ed,2e-4,NA
2023-06-03,32,Nevada,wk inc rsv prop ed visits,prop_ed,2e-4,NA
2023-06-03,33,New Hampshire,wk inc rsv prop ed visits,prop_ed,0,NA
2023-06-03,34,New Jersey,wk inc rsv prop ed visits,prop_ed,0,NA
2023-06-03,35,New Mexico,wk inc rsv prop ed visits,prop_ed,0,NA
2023-06-03,36,New York,wk inc rsv prop ed visits,prop_ed,1e-4,NA
2023-06-03,37,North Carolina,wk inc rsv prop ed visits,prop_ed,1e-4,NA
2023-06-03,38,North Dakota,wk inc rsv prop ed visits,prop_ed,7e-4,NA
2023-06-03,39,Ohio,wk inc rsv prop ed visits,prop_ed,1e-4,NA
2023-06-03,40,Oklahoma,wk inc rsv prop ed visits,prop_ed,1e-4,NA
2023-06-03,41,Oregon,wk inc rsv prop ed visits,prop_ed,1e-4,NA
2023-06-03,42,Pennsylvania,wk inc rsv prop ed visits,prop_ed,1e-4,NA
2023-06-03,44,Rhode Island,wk inc rsv prop ed visits,prop_ed,1e-4,NA
2023-06-03,45,South Carolina,wk inc rsv prop ed visits,prop_ed,5e-4,NA
2023-06-03,46,South Dakota,wk inc rsv prop ed visits,prop_ed,2e-4,NA
2023-06-03,47,Tennessee,wk inc rsv prop ed visits,prop_ed,5e-4,NA
2023-06-03,48,Texas,wk inc rsv prop ed visits,prop_ed,5e-4,NA
2023-06-03,49,Utah,wk inc rsv prop ed visits,prop_ed,1e-4,NA
2023-06-03,50,Vermont,wk inc rsv prop ed visits,prop_ed,0,NA
2023-06-03,51,Virginia,wk inc rsv prop ed visits,prop_ed,2e-4,NA
2023-06-03,53,Washington,wk inc rsv prop ed visits,prop_ed,1e-4,NA
2023-06-03,54,West Virginia,wk inc rsv prop ed visits,prop_ed,2e-4,NA
2023-06-03,55,Wisconsin,wk inc rsv prop ed visits,prop_ed,0,NA
2023-06-03,56,Wyoming,wk inc rsv prop ed visits,prop_ed,3e-4,NA
2023-06-03,US,United States,wk inc rsv prop ed visits,prop_ed,2e-4,NA
2023-06-10,01,Alabama,wk inc rsv prop ed visits,prop_ed,2e-4,NA
2023-06-10,02,Alaska,wk inc rsv prop ed visits,prop_ed,4e-4,NA
2023-06-10,04,Arizona,wk inc rsv prop ed visits,prop_ed,1e-4,NA
2023-06-10,05,Arkansas,wk inc rsv prop ed visits,prop_ed,5e-4,NA
2023-06-10,06,California,wk inc rsv prop ed visits,prop_ed,2e-4,NA
2023-06-10,08,Colorado,wk inc rsv prop ed visits,prop_ed,1e-4,NA
2023-06-10,09,Connecticut,wk inc rsv prop ed visits,prop_ed,0,NA
2023-06-10,10,Delaware,wk inc rsv prop ed visits,prop_ed,1e-4,NA
2023-06-10,11,District of Columbia,wk inc rsv prop ed visits,prop_ed,5e-4,NA
2023-06-10,12,Florida,wk inc rsv prop ed visits,prop_ed,8e-4,NA
2023-06-10,13,Georgia,wk inc rsv prop ed visits,prop_ed,2e-4,NA
2023-06-10,15,Hawaii,wk inc rsv prop ed visits,prop_ed,3e-4,NA
2023-06-10,16,Idaho,wk inc rsv prop ed visits,prop_ed,0,NA
2023-06-10,17,Illinois,wk inc rsv prop ed visits,prop_ed,1e-4,NA
2023-06-10,18,Indiana,wk inc rsv prop ed visits,prop_ed,1e-4,NA
2023-06-10,19,Iowa,wk inc rsv prop ed visits,prop_ed,4e-4,NA
2023-06-10,20,Kansas,wk inc rsv prop ed visits,prop_ed,0,NA
2023-06-10,21,Kentucky,wk inc rsv prop ed visits,prop_ed,2e-4,NA
2023-06-10,22,Louisiana,wk inc rsv prop ed visits,prop_ed,2e-4,NA
2023-06-10,23,Maine,wk inc rsv prop ed visits,prop_ed,0,NA
2023-06-10,24,Maryland,wk inc rsv prop ed visits,prop_ed,1e-4,NA
2023-06-10,25,Massachusetts,wk inc rsv prop ed visits,prop_ed,1e-4,NA
2023-06-10,26,Michigan,wk inc rsv prop ed visits,prop_ed,1e-4,NA
2023-06-10,27,Minnesota,wk inc rsv prop ed visits,prop_ed,1e-4,NA
2023-06-10,28,Mississippi,wk inc rsv prop ed visits,prop_ed,4e-4,NA
2023-06-10,30,Montana,wk inc rsv prop ed visits,prop_ed,0,NA
2023-06-10,31,Nebraska,wk inc rsv prop ed visits,prop_ed,0,NA
2023-06-10,32,Nevada,wk inc rsv prop ed visits,prop_ed,0,NA
2023-06-10,33,New Hampshire,wk inc rsv prop ed visits,prop_ed,0,NA
2023-06-10,34,New Jersey,wk inc rsv prop ed visits,prop_ed,1e-4,NA
2023-06-10,35,New Mexico,wk inc rsv prop ed visits,prop_ed,1e-4,NA
2023-06-10,36,New York,wk inc rsv prop ed visits,prop_ed,0,NA
2023-06-10,37,North Carolina,wk inc rsv prop ed visits,prop_ed,2e-4,NA
2023-06-10,38,North Dakota,wk inc rsv prop ed visits,prop_ed,4e-4,NA
2023-06-10,39,Ohio,wk inc rsv prop ed visits,prop_ed,1e-4,NA
2023-06-10,40,Oklahoma,wk inc rsv prop ed visits,prop_ed,2e-4,NA
2023-06-10,41,Oregon,wk inc rsv prop ed visits,prop_ed,1e-4,NA
2023-06-10,42,Pennsylvania,wk inc rsv prop ed visits,prop_ed,0,NA
2023-06-10,44,Rhode Island,wk inc rsv prop ed visits,prop_ed,1e-4,NA
2023-06-10,45,South Carolina,wk inc rsv prop ed visits,prop_ed,3e-4,NA
2023-06-10,46,South Dakota,wk inc rsv prop ed visits,prop_ed,0,NA
2023-06-10,47,Tennessee,wk inc rsv prop ed visits,prop_ed,4e-4,NA
2023-06-10,48,Texas,wk inc rsv prop ed visits,prop_ed,6e-4,NA
2023-06-10,49,Utah,wk inc rsv prop ed visits,prop_ed,1e-4,NA
2023-06-10,50,Vermont,wk inc rsv prop ed visits,prop_ed,4e-4,NA
2023-06-10,51,Virginia,wk inc rsv prop ed visits,prop_ed,2e-4,NA
2023-06-10,53,Washington,wk inc rsv prop ed visits,prop_ed,1e-4,NA
2023-06-10,54,West Virginia,wk inc rsv prop ed visits,prop_ed,2e-4,NA
2023-06-10,55,Wisconsin,wk inc rsv prop ed visits,prop_ed,1e-4,NA
2023-06-10,56,Wyoming,wk inc rsv prop ed visits,prop_ed,0,NA
2023-06-10,US,United States,wk inc rsv prop ed visits,prop_ed,2e-4,NA
2023-06-17,01,Alabama,wk inc rsv prop ed visits,prop_ed,2e-4,NA
2023-06-17,02,Alaska,wk inc rsv prop ed visits,prop_ed,5e-4,NA
2023-06-17,04,Arizona,wk inc rsv prop ed visits,prop_ed,1e-4,NA
2023-06-17,05,Arkansas,wk inc rsv prop ed visits,prop_ed,3e-4,NA
2023-06-17,06,California,wk inc rsv prop ed visits,prop_ed,1e-4,NA
2023-06-17,08,Colorado,wk inc rsv prop ed visits,prop_ed,1e-4,NA
2023-06-17,09,Connecticut,wk inc rsv prop ed visits,prop_ed,0,NA
2023-06-17,10,Delaware,wk inc rsv prop ed visits,prop_ed,0,NA
2023-06-17,11,District of Columbia,wk inc rsv prop ed visits,prop_ed,1e-4,NA
2023-06-17,12,Florida,wk inc rsv prop ed visits,prop_ed,8e-4,NA
2023-06-17,13,Georgia,wk inc rsv prop ed visits,prop_ed,3e-4,NA
2023-06-17,15,Hawaii,wk inc rsv prop ed visits,prop_ed,3e-4,NA
2023-06-17,16,Idaho,wk inc rsv prop ed visits,prop_ed,1e-4,NA
2023-06-17,17,Illinois,wk inc rsv prop ed visits,prop_ed,1e-4,NA
2023-06-17,18,Indiana,wk inc rsv prop ed visits,prop_ed,2e-4,NA
2023-06-17,19,Iowa,wk inc rsv prop ed visits,prop_ed,7e-4,NA
2023-06-17,20,Kansas,wk inc rsv prop ed visits,prop_ed,0,NA
2023-06-17,21,Kentucky,wk inc rsv prop ed visits,prop_ed,2e-4,NA
2023-06-17,22,Louisiana,wk inc rsv prop ed visits,prop_ed,4e-4,NA
2023-06-17,23,Maine,wk inc rsv prop ed visits,prop_ed,1e-4,NA
2023-06-17,24,Maryland,wk inc rsv prop ed visits,prop_ed,1e-4,NA
2023-06-17,25,Massachusetts,wk inc rsv prop ed visits,prop_ed,1e-4,NA
2023-06-17,26,Michigan,wk inc rsv prop ed visits,prop_ed,1e-4,NA
2023-06-17,27,Minnesota,wk inc rsv prop ed visits,prop_ed,3e-4,NA
2023-06-17,28,Mississippi,wk inc rsv prop ed visits,prop_ed,5e-4,NA
2023-06-17,30,Montana,wk inc rsv prop ed visits,prop_ed,0,NA
2023-06-17,31,Nebraska,wk inc rsv prop ed visits,prop_ed,0,NA
2023-06-17,32,Nevada,wk inc rsv prop ed visits,prop_ed,0,NA
2023-06-17,33,New Hampshire,wk inc rsv prop ed visits,prop_ed,0,NA
2023-06-17,34,New Jersey,wk inc rsv prop ed visits,prop_ed,1e-4,NA
2023-06-17,35,New Mexico,wk inc rsv prop ed visits,prop_ed,2e-4,NA
2023-06-17,36,New York,wk inc rsv prop ed visits,prop_ed,0,NA
2023-06-17,37,North Carolina,wk inc rsv prop ed visits,prop_ed,2e-4,NA
2023-06-17,38,North Dakota,wk inc rsv prop ed visits,prop_ed,0,NA
2023-06-17,39,Ohio,wk inc rsv prop ed visits,prop_ed,0,NA
2023-06-17,40,Oklahoma,wk inc rsv prop ed visits,prop_ed,0,NA
2023-06-17,41,Oregon,wk inc rsv prop ed visits,prop_ed,1e-4,NA
2023-06-17,42,Pennsylvania,wk inc rsv prop ed visits,prop_ed,0,NA
2023-06-17,44,Rhode Island,wk inc rsv prop ed visits,prop_ed,2e-4,NA
2023-06-17,45,South Carolina,wk inc rsv prop ed visits,prop_ed,3e-4,NA
2023-06-17,46,South Dakota,wk inc rsv prop ed visits,prop_ed,0,NA
2023-06-17,47,Tennessee,wk inc rsv prop ed visits,prop_ed,3e-4,NA
2023-06-17,48,Texas,wk inc rsv prop ed visits,prop_ed,5e-4,NA
2023-06-17,49,Utah,wk inc rsv prop ed visits,prop_ed,2e-4,NA
2023-06-17,50,Vermont,wk inc rsv prop ed visits,prop_ed,0,NA
2023-06-17,51,Virginia,wk inc rsv prop ed visits,prop_ed,2e-4,NA
2023-06-17,53,Washington,wk inc rsv prop ed visits,prop_ed,1e-4,NA
2023-06-17,54,West Virginia,wk inc rsv prop ed visits,prop_ed,3e-4,NA
2023-06-17,55,Wisconsin,wk inc rsv prop ed visits,prop_ed,0,NA
2023-06-17,56,Wyoming,wk inc rsv prop ed visits,prop_ed,0,NA
2023-06-17,US,United States,wk inc rsv prop ed visits,prop_ed,2e-4,NA
2023-06-24,01,Alabama,wk inc rsv prop ed visits,prop_ed,5e-4,NA
2023-06-24,02,Alaska,wk inc rsv prop ed visits,prop_ed,1e-4,NA
2023-06-24,04,Arizona,wk inc rsv prop ed visits,prop_ed,1e-4,NA
2023-06-24,05,Arkansas,wk inc rsv prop ed visits,prop_ed,1e-4,NA
2023-06-24,06,California,wk inc rsv prop ed visits,prop_ed,1e-4,NA
2023-06-24,08,Colorado,wk inc rsv prop ed visits,prop_ed,0,NA
2023-06-24,09,Connecticut,wk inc rsv prop ed visits,prop_ed,1e-4,NA
2023-06-24,10,Delaware,wk inc rsv prop ed visits,prop_ed,2e-4,NA
2023-06-24,11,District of Columbia,wk inc rsv prop ed visits,prop_ed,1e-4,NA
2023-06-24,12,Florida,wk inc rsv prop ed visits,prop_ed,9e-4,NA
2023-06-24,13,Georgia,wk inc rsv prop ed visits,prop_ed,3e-4,NA
2023-06-24,15,Hawaii,wk inc rsv prop ed visits,prop_ed,1e-4,NA
2023-06-24,16,Idaho,wk inc rsv prop ed visits,prop_ed,0,NA
2023-06-24,17,Illinois,wk inc rsv prop ed visits,prop_ed,1e-4,NA
2023-06-24,18,Indiana,wk inc rsv prop ed visits,prop_ed,3e-4,NA
2023-06-24,19,Iowa,wk inc rsv prop ed visits,prop_ed,5e-4,NA
2023-06-24,20,Kansas,wk inc rsv prop ed visits,prop_ed,0,NA
2023-06-24,21,Kentucky,wk inc rsv prop ed visits,prop_ed,4e-4,NA
2023-06-24,22,Louisiana,wk inc rsv prop ed visits,prop_ed,3e-4,NA
2023-06-24,23,Maine,wk inc rsv prop ed visits,prop_ed,0,NA
2023-06-24,24,Maryland,wk inc rsv prop ed visits,prop_ed,1e-4,NA
2023-06-24,25,Massachusetts,wk inc rsv prop ed visits,prop_ed,1e-4,NA
2023-06-24,26,Michigan,wk inc rsv prop ed visits,prop_ed,0,NA
2023-06-24,27,Minnesota,wk inc rsv prop ed visits,prop_ed,1e-4,NA
2023-06-24,28,Mississippi,wk inc rsv prop ed visits,prop_ed,2e-4,NA
2023-06-24,30,Montana,wk inc rsv prop ed visits,prop_ed,0,NA
2023-06-24,31,Nebraska,wk inc rsv prop ed visits,prop_ed,0,NA
2023-06-24,32,Nevada,wk inc rsv prop ed visits,prop_ed,2e-4,NA
2023-06-24,33,New Hampshire,wk inc rsv prop ed visits,prop_ed,0,NA
2023-06-24,34,New Jersey,wk inc rsv prop ed visits,prop_ed,0,NA
2023-06-24,35,New Mexico,wk inc rsv prop ed visits,prop_ed,1e-4,NA
2023-06-24,36,New York,wk inc rsv prop ed visits,prop_ed,1e-4,NA
2023-06-24,37,North Carolina,wk inc rsv prop ed visits,prop_ed,1e-4,NA
2023-06-24,38,North Dakota,wk inc rsv prop ed visits,prop_ed,4e-4,NA
2023-06-24,39,Ohio,wk inc rsv prop ed visits,prop_ed,0,NA
2023-06-24,40,Oklahoma,wk inc rsv prop ed visits,prop_ed,2e-4,NA
2023-06-24,41,Oregon,wk inc rsv prop ed visits,prop_ed,0,NA
2023-06-24,42,Pennsylvania,wk inc rsv prop ed visits,prop_ed,0,NA
2023-06-24,44,Rhode Island,wk inc rsv prop ed visits,prop_ed,3e-4,NA
2023-06-24,45,South Carolina,wk inc rsv prop ed visits,prop_ed,3e-4,NA
2023-06-24,46,South Dakota,wk inc rsv prop ed visits,prop_ed,2e-4,NA
2023-06-24,47,Tennessee,wk inc rsv prop ed visits,prop_ed,3e-4,NA
2023-06-24,48,Texas,wk inc rsv prop ed visits,prop_ed,6e-4,NA
2023-06-24,49,Utah,wk inc rsv prop ed visits,prop_ed,1e-4,NA
2023-06-24,50,Vermont,wk inc rsv prop ed visits,prop_ed,4e-4,NA
2023-06-24,51,Virginia,wk inc rsv prop ed visits,prop_ed,2e-4,NA
2023-06-24,53,Washington,wk inc rsv prop ed visits,prop_ed,0,NA
2023-06-24,54,West Virginia,wk inc rsv prop ed visits,prop_ed,1e-4,NA
2023-06-24,55,Wisconsin,wk inc rsv prop ed visits,prop_ed,0,NA
2023-06-24,56,Wyoming,wk inc rsv prop ed visits,prop_ed,0,NA
2023-06-24,US,United States,wk inc rsv prop ed visits,prop_ed,2e-4,NA
2023-07-01,01,Alabama,wk inc rsv prop ed visits,prop_ed,2e-4,NA
2023-07-01,02,Alaska,wk inc rsv prop ed visits,prop_ed,3e-4,NA
2023-07-01,04,Arizona,wk inc rsv prop ed visits,prop_ed,1e-4,NA
2023-07-01,05,Arkansas,wk inc rsv prop ed visits,prop_ed,2e-4,NA
2023-07-01,06,California,wk inc rsv prop ed visits,prop_ed,1e-4,NA
2023-07-01,08,Colorado,wk inc rsv prop ed visits,prop_ed,0,NA
2023-07-01,09,Connecticut,wk inc rsv prop ed visits,prop_ed,1e-4,NA
2023-07-01,10,Delaware,wk inc rsv prop ed visits,prop_ed,0,NA
2023-07-01,11,District of Columbia,wk inc rsv prop ed visits,prop_ed,3e-4,NA
2023-07-01,12,Florida,wk inc rsv prop ed visits,prop_ed,9e-4,NA
2023-07-01,13,Georgia,wk inc rsv prop ed visits,prop_ed,3e-4,NA
2023-07-01,15,Hawaii,wk inc rsv prop ed visits,prop_ed,4e-4,NA
2023-07-01,16,Idaho,wk inc rsv prop ed visits,prop_ed,0,NA
2023-07-01,17,Illinois,wk inc rsv prop ed visits,prop_ed,2e-4,NA
2023-07-01,18,Indiana,wk inc rsv prop ed visits,prop_ed,1e-4,NA
2023-07-01,19,Iowa,wk inc rsv prop ed visits,prop_ed,4e-4,NA
2023-07-01,20,Kansas,wk inc rsv prop ed visits,prop_ed,0,NA
2023-07-01,21,Kentucky,wk inc rsv prop ed visits,prop_ed,3e-4,NA
2023-07-01,22,Louisiana,wk inc rsv prop ed visits,prop_ed,4e-4,NA
2023-07-01,23,Maine,wk inc rsv prop ed visits,prop_ed,0,NA
2023-07-01,24,Maryland,wk inc rsv prop ed visits,prop_ed,1e-4,NA
2023-07-01,25,Massachusetts,wk inc rsv prop ed visits,prop_ed,1e-4,NA
2023-07-01,26,Michigan,wk inc rsv prop ed visits,prop_ed,1e-4,NA
2023-07-01,27,Minnesota,wk inc rsv prop ed visits,prop_ed,1e-4,NA
2023-07-01,28,Mississippi,wk inc rsv prop ed visits,prop_ed,3e-4,NA
2023-07-01,30,Montana,wk inc rsv prop ed visits,prop_ed,0,NA
2023-07-01,31,Nebraska,wk inc rsv prop ed visits,prop_ed,2e-4,NA
2023-07-01,32,Nevada,wk inc rsv prop ed visits,prop_ed,1e-4,NA
2023-07-01,33,New Hampshire,wk inc rsv prop ed visits,prop_ed,0,NA
2023-07-01,34,New Jersey,wk inc rsv prop ed visits,prop_ed,1e-4,NA
2023-07-01,35,New Mexico,wk inc rsv prop ed visits,prop_ed,0,NA
2023-07-01,36,New York,wk inc rsv prop ed visits,prop_ed,1e-4,NA
2023-07-01,37,North Carolina,wk inc rsv prop ed visits,prop_ed,1e-4,NA
2023-07-01,38,North Dakota,wk inc rsv prop ed visits,prop_ed,8e-4,NA
2023-07-01,39,Ohio,wk inc rsv prop ed visits,prop_ed,1e-4,NA
2023-07-01,40,Oklahoma,wk inc rsv prop ed visits,prop_ed,0,NA
2023-07-01,41,Oregon,wk inc rsv prop ed visits,prop_ed,1e-4,NA
2023-07-01,42,Pennsylvania,wk inc rsv prop ed visits,prop_ed,1e-4,NA
2023-07-01,44,Rhode Island,wk inc rsv prop ed visits,prop_ed,2e-4,NA
2023-07-01,45,South Carolina,wk inc rsv prop ed visits,prop_ed,4e-4,NA
2023-07-01,46,South Dakota,wk inc rsv prop ed visits,prop_ed,0,NA
2023-07-01,47,Tennessee,wk inc rsv prop ed visits,prop_ed,3e-4,NA
2023-07-01,48,Texas,wk inc rsv prop ed visits,prop_ed,6e-4,NA
2023-07-01,49,Utah,wk inc rsv prop ed visits,prop_ed,1e-4,NA
2023-07-01,50,Vermont,wk inc rsv prop ed visits,prop_ed,0,NA
2023-07-01,51,Virginia,wk inc rsv prop ed visits,prop_ed,2e-4,NA
2023-07-01,53,Washington,wk inc rsv prop ed visits,prop_ed,0,NA
2023-07-01,54,West Virginia,wk inc rsv prop ed visits,prop_ed,0,NA
2023-07-01,55,Wisconsin,wk inc rsv prop ed visits,prop_ed,0,NA
2023-07-01,56,Wyoming,wk inc rsv prop ed visits,prop_ed,0,NA
2023-07-01,US,United States,wk inc rsv prop ed visits,prop_ed,2e-4,NA
2023-07-08,01,Alabama,wk inc rsv prop ed visits,prop_ed,2e-4,NA
2023-07-08,02,Alaska,wk inc rsv prop ed visits,prop_ed,0,NA
2023-07-08,04,Arizona,wk inc rsv prop ed visits,prop_ed,1e-4,NA
2023-07-08,05,Arkansas,wk inc rsv prop ed visits,prop_ed,2e-4,NA
2023-07-08,06,California,wk inc rsv prop ed visits,prop_ed,1e-4,NA
2023-07-08,08,Colorado,wk inc rsv prop ed visits,prop_ed,1e-4,NA
2023-07-08,09,Connecticut,wk inc rsv prop ed visits,prop_ed,0,NA
2023-07-08,10,Delaware,wk inc rsv prop ed visits,prop_ed,3e-4,NA
2023-07-08,11,District of Columbia,wk inc rsv prop ed visits,prop_ed,4e-4,NA
2023-07-08,12,Florida,wk inc rsv prop ed visits,prop_ed,0.001,NA
2023-07-08,13,Georgia,wk inc rsv prop ed visits,prop_ed,3e-4,NA
2023-07-08,15,Hawaii,wk inc rsv prop ed visits,prop_ed,1e-4,NA
2023-07-08,16,Idaho,wk inc rsv prop ed visits,prop_ed,0,NA
2023-07-08,17,Illinois,wk inc rsv prop ed visits,prop_ed,2e-4,NA
2023-07-08,18,Indiana,wk inc rsv prop ed visits,prop_ed,0,NA
2023-07-08,19,Iowa,wk inc rsv prop ed visits,prop_ed,2e-4,NA
2023-07-08,20,Kansas,wk inc rsv prop ed visits,prop_ed,3e-4,NA
2023-07-08,21,Kentucky,wk inc rsv prop ed visits,prop_ed,4e-4,NA
2023-07-08,22,Louisiana,wk inc rsv prop ed visits,prop_ed,2e-4,NA
2023-07-08,23,Maine,wk inc rsv prop ed visits,prop_ed,0,NA
2023-07-08,24,Maryland,wk inc rsv prop ed visits,prop_ed,2e-4,NA
2023-07-08,25,Massachusetts,wk inc rsv prop ed visits,prop_ed,1e-4,NA
2023-07-08,26,Michigan,wk inc rsv prop ed visits,prop_ed,0,NA
2023-07-08,27,Minnesota,wk inc rsv prop ed visits,prop_ed,1e-4,NA
2023-07-08,28,Mississippi,wk inc rsv prop ed visits,prop_ed,2e-4,NA
2023-07-08,30,Montana,wk inc rsv prop ed visits,prop_ed,4e-4,NA
2023-07-08,31,Nebraska,wk inc rsv prop ed visits,prop_ed,0,NA
2023-07-08,32,Nevada,wk inc rsv prop ed visits,prop_ed,1e-4,NA
2023-07-08,33,New Hampshire,wk inc rsv prop ed visits,prop_ed,2e-4,NA
2023-07-08,34,New Jersey,wk inc rsv prop ed visits,prop_ed,0,NA
2023-07-08,35,New Mexico,wk inc rsv prop ed visits,prop_ed,2e-4,NA
2023-07-08,36,New York,wk inc rsv prop ed visits,prop_ed,1e-4,NA
2023-07-08,37,North Carolina,wk inc rsv prop ed visits,prop_ed,2e-4,NA
2023-07-08,38,North Dakota,wk inc rsv prop ed visits,prop_ed,2e-4,NA
2023-07-08,39,Ohio,wk inc rsv prop ed visits,prop_ed,0,NA
2023-07-08,40,Oklahoma,wk inc rsv prop ed visits,prop_ed,3e-4,NA
2023-07-08,41,Oregon,wk inc rsv prop ed visits,prop_ed,0,NA
2023-07-08,42,Pennsylvania,wk inc rsv prop ed visits,prop_ed,0,NA
2023-07-08,44,Rhode Island,wk inc rsv prop ed visits,prop_ed,0,NA
2023-07-08,45,South Carolina,wk inc rsv prop ed visits,prop_ed,3e-4,NA
2023-07-08,46,South Dakota,wk inc rsv prop ed visits,prop_ed,0,NA
2023-07-08,47,Tennessee,wk inc rsv prop ed visits,prop_ed,4e-4,NA
2023-07-08,48,Texas,wk inc rsv prop ed visits,prop_ed,5e-4,NA
2023-07-08,49,Utah,wk inc rsv prop ed visits,prop_ed,1e-4,NA
2023-07-08,50,Vermont,wk inc rsv prop ed visits,prop_ed,0,NA
2023-07-08,51,Virginia,wk inc rsv prop ed visits,prop_ed,1e-4,NA
2023-07-08,53,Washington,wk inc rsv prop ed visits,prop_ed,1e-4,NA
2023-07-08,54,West Virginia,wk inc rsv prop ed visits,prop_ed,0,NA
2023-07-08,55,Wisconsin,wk inc rsv prop ed visits,prop_ed,1e-4,NA
2023-07-08,56,Wyoming,wk inc rsv prop ed visits,prop_ed,0,NA
2023-07-08,US,United States,wk inc rsv prop ed visits,prop_ed,2e-4,NA
2023-07-15,01,Alabama,wk inc rsv prop ed visits,prop_ed,4e-4,NA
2023-07-15,02,Alaska,wk inc rsv prop ed visits,prop_ed,1e-4,NA
2023-07-15,04,Arizona,wk inc rsv prop ed visits,prop_ed,1e-4,NA
2023-07-15,05,Arkansas,wk inc rsv prop ed visits,prop_ed,3e-4,NA
2023-07-15,06,California,wk inc rsv prop ed visits,prop_ed,1e-4,NA
2023-07-15,08,Colorado,wk inc rsv prop ed visits,prop_ed,0,NA
2023-07-15,09,Connecticut,wk inc rsv prop ed visits,prop_ed,0,NA
2023-07-15,10,Delaware,wk inc rsv prop ed visits,prop_ed,2e-4,NA
2023-07-15,11,District of Columbia,wk inc rsv prop ed visits,prop_ed,3e-4,NA
2023-07-15,12,Florida,wk inc rsv prop ed visits,prop_ed,0.001,NA
2023-07-15,13,Georgia,wk inc rsv prop ed visits,prop_ed,2e-4,NA
2023-07-15,15,Hawaii,wk inc rsv prop ed visits,prop_ed,0,NA
2023-07-15,16,Idaho,wk inc rsv prop ed visits,prop_ed,2e-4,NA
2023-07-15,17,Illinois,wk inc rsv prop ed visits,prop_ed,1e-4,NA
2023-07-15,18,Indiana,wk inc rsv prop ed visits,prop_ed,1e-4,NA
2023-07-15,19,Iowa,wk inc rsv prop ed visits,prop_ed,3e-4,NA
2023-07-15,20,Kansas,wk inc rsv prop ed visits,prop_ed,2e-4,NA
2023-07-15,21,Kentucky,wk inc rsv prop ed visits,prop_ed,2e-4,NA
2023-07-15,22,Louisiana,wk inc rsv prop ed visits,prop_ed,2e-4,NA
2023-07-15,23,Maine,wk inc rsv prop ed visits,prop_ed,0,NA
2023-07-15,24,Maryland,wk inc rsv prop ed visits,prop_ed,1e-4,NA
2023-07-15,25,Massachusetts,wk inc rsv prop ed visits,prop_ed,1e-4,NA
2023-07-15,26,Michigan,wk inc rsv prop ed visits,prop_ed,1e-4,NA
2023-07-15,27,Minnesota,wk inc rsv prop ed visits,prop_ed,2e-4,NA
2023-07-15,28,Mississippi,wk inc rsv prop ed visits,prop_ed,2e-4,NA
2023-07-15,30,Montana,wk inc rsv prop ed visits,prop_ed,1e-4,NA
2023-07-15,31,Nebraska,wk inc rsv prop ed visits,prop_ed,1e-4,NA
2023-07-15,32,Nevada,wk inc rsv prop ed visits,prop_ed,1e-4,NA
2023-07-15,33,New Hampshire,wk inc rsv prop ed visits,prop_ed,0,NA
2023-07-15,34,New Jersey,wk inc rsv prop ed visits,prop_ed,1e-4,NA
2023-07-15,35,New Mexico,wk inc rsv prop ed visits,prop_ed,0,NA
2023-07-15,36,New York,wk inc rsv prop ed visits,prop_ed,1e-4,NA
2023-07-15,37,North Carolina,wk inc rsv prop ed visits,prop_ed,1e-4,NA
2023-07-15,38,North Dakota,wk inc rsv prop ed visits,prop_ed,2e-4,NA
2023-07-15,39,Ohio,wk inc rsv prop ed visits,prop_ed,0,NA
2023-07-15,40,Oklahoma,wk inc rsv prop ed visits,prop_ed,0,NA
2023-07-15,41,Oregon,wk inc rsv prop ed visits,prop_ed,1e-4,NA
2023-07-15,42,Pennsylvania,wk inc rsv prop ed visits,prop_ed,1e-4,NA
2023-07-15,44,Rhode Island,wk inc rsv prop ed visits,prop_ed,2e-4,NA
2023-07-15,45,South Carolina,wk inc rsv prop ed visits,prop_ed,1e-4,NA
2023-07-15,46,South Dakota,wk inc rsv prop ed visits,prop_ed,0,NA
2023-07-15,47,Tennessee,wk inc rsv prop ed visits,prop_ed,3e-4,NA
2023-07-15,48,Texas,wk inc rsv prop ed visits,prop_ed,5e-4,NA
2023-07-15,49,Utah,wk inc rsv prop ed visits,prop_ed,0,NA
2023-07-15,50,Vermont,wk inc rsv prop ed visits,prop_ed,0,NA
2023-07-15,51,Virginia,wk inc rsv prop ed visits,prop_ed,2e-4,NA
2023-07-15,53,Washington,wk inc rsv prop ed visits,prop_ed,1e-4,NA
2023-07-15,54,West Virginia,wk inc rsv prop ed visits,prop_ed,1e-4,NA
2023-07-15,55,Wisconsin,wk inc rsv prop ed visits,prop_ed,1e-4,NA
2023-07-15,56,Wyoming,wk inc rsv prop ed visits,prop_ed,0,NA
2023-07-15,US,United States,wk inc rsv prop ed visits,prop_ed,2e-4,NA
2023-07-22,01,Alabama,wk inc rsv prop ed visits,prop_ed,4e-4,NA
2023-07-22,02,Alaska,wk inc rsv prop ed visits,prop_ed,0,NA
2023-07-22,04,Arizona,wk inc rsv prop ed visits,prop_ed,1e-4,NA
2023-07-22,05,Arkansas,wk inc rsv prop ed visits,prop_ed,3e-4,NA
2023-07-22,06,California,wk inc rsv prop ed visits,prop_ed,1e-4,NA
2023-07-22,08,Colorado,wk inc rsv prop ed visits,prop_ed,0,NA
2023-07-22,09,Connecticut,wk inc rsv prop ed visits,prop_ed,0,NA
2023-07-22,10,Delaware,wk inc rsv prop ed visits,prop_ed,0,NA
2023-07-22,11,District of Columbia,wk inc rsv prop ed visits,prop_ed,4e-4,NA
2023-07-22,12,Florida,wk inc rsv prop ed visits,prop_ed,0.001,NA
2023-07-22,13,Georgia,wk inc rsv prop ed visits,prop_ed,3e-4,NA
2023-07-22,15,Hawaii,wk inc rsv prop ed visits,prop_ed,1e-4,NA
2023-07-22,16,Idaho,wk inc rsv prop ed visits,prop_ed,1e-4,NA
2023-07-22,17,Illinois,wk inc rsv prop ed visits,prop_ed,1e-4,NA
2023-07-22,18,Indiana,wk inc rsv prop ed visits,prop_ed,1e-4,NA
2023-07-22,19,Iowa,wk inc rsv prop ed visits,prop_ed,5e-4,NA
2023-07-22,20,Kansas,wk inc rsv prop ed visits,prop_ed,1e-4,NA
2023-07-22,21,Kentucky,wk inc rsv prop ed visits,prop_ed,2e-4,NA
2023-07-22,22,Louisiana,wk inc rsv prop ed visits,prop_ed,2e-4,NA
2023-07-22,23,Maine,wk inc rsv prop ed visits,prop_ed,1e-4,NA
2023-07-22,24,Maryland,wk inc rsv prop ed visits,prop_ed,3e-4,NA
2023-07-22,25,Massachusetts,wk inc rsv prop ed visits,prop_ed,1e-4,NA
2023-07-22,26,Michigan,wk inc rsv prop ed visits,prop_ed,0,NA
2023-07-22,27,Minnesota,wk inc rsv prop ed visits,prop_ed,2e-4,NA
2023-07-22,28,Mississippi,wk inc rsv prop ed visits,prop_ed,4e-4,NA
2023-07-22,30,Montana,wk inc rsv prop ed visits,prop_ed,0,NA
2023-07-22,31,Nebraska,wk inc rsv prop ed visits,prop_ed,1e-4,NA
2023-07-22,32,Nevada,wk inc rsv prop ed visits,prop_ed,1e-4,NA
2023-07-22,33,New Hampshire,wk inc rsv prop ed visits,prop_ed,2e-4,NA
2023-07-22,34,New Jersey,wk inc rsv prop ed visits,prop_ed,1e-4,NA
2023-07-22,35,New Mexico,wk inc rsv prop ed visits,prop_ed,1e-4,NA
2023-07-22,36,New York,wk inc rsv prop ed visits,prop_ed,1e-4,NA
2023-07-22,37,North Carolina,wk inc rsv prop ed visits,prop_ed,1e-4,NA
2023-07-22,38,North Dakota,wk inc rsv prop ed visits,prop_ed,2e-4,NA
2023-07-22,39,Ohio,wk inc rsv prop ed visits,prop_ed,0,NA
2023-07-22,40,Oklahoma,wk inc rsv prop ed visits,prop_ed,2e-4,NA
2023-07-22,41,Oregon,wk inc rsv prop ed visits,prop_ed,0,NA
2023-07-22,42,Pennsylvania,wk inc rsv prop ed visits,prop_ed,1e-4,NA
2023-07-22,44,Rhode Island,wk inc rsv prop ed visits,prop_ed,3e-4,NA
2023-07-22,45,South Carolina,wk inc rsv prop ed visits,prop_ed,2e-4,NA
2023-07-22,46,South Dakota,wk inc rsv prop ed visits,prop_ed,0,NA
2023-07-22,47,Tennessee,wk inc rsv prop ed visits,prop_ed,2e-4,NA
2023-07-22,48,Texas,wk inc rsv prop ed visits,prop_ed,6e-4,NA
2023-07-22,49,Utah,wk inc rsv prop ed visits,prop_ed,2e-4,NA
2023-07-22,50,Vermont,wk inc rsv prop ed visits,prop_ed,0,NA
2023-07-22,51,Virginia,wk inc rsv prop ed visits,prop_ed,1e-4,NA
2023-07-22,53,Washington,wk inc rsv prop ed visits,prop_ed,1e-4,NA
2023-07-22,54,West Virginia,wk inc rsv prop ed visits,prop_ed,3e-4,NA
2023-07-22,55,Wisconsin,wk inc rsv prop ed visits,prop_ed,0,NA
2023-07-22,56,Wyoming,wk inc rsv prop ed visits,prop_ed,0,NA
2023-07-22,US,United States,wk inc rsv prop ed visits,prop_ed,2e-4,NA
2023-07-29,01,Alabama,wk inc rsv prop ed visits,prop_ed,1e-4,NA
2023-07-29,02,Alaska,wk inc rsv prop ed visits,prop_ed,0,NA
2023-07-29,04,Arizona,wk inc rsv prop ed visits,prop_ed,2e-4,NA
2023-07-29,05,Arkansas,wk inc rsv prop ed visits,prop_ed,3e-4,NA
2023-07-29,06,California,wk inc rsv prop ed visits,prop_ed,1e-4,NA
2023-07-29,08,Colorado,wk inc rsv prop ed visits,prop_ed,2e-4,NA
2023-07-29,09,Connecticut,wk inc rsv prop ed visits,prop_ed,0,NA
2023-07-29,10,Delaware,wk inc rsv prop ed visits,prop_ed,2e-4,NA
2023-07-29,11,District of Columbia,wk inc rsv prop ed visits,prop_ed,1e-4,NA
2023-07-29,12,Florida,wk inc rsv prop ed visits,prop_ed,0.0012,NA
2023-07-29,13,Georgia,wk inc rsv prop ed visits,prop_ed,4e-4,NA
2023-07-29,15,Hawaii,wk inc rsv prop ed visits,prop_ed,3e-4,NA
2023-07-29,16,Idaho,wk inc rsv prop ed visits,prop_ed,1e-4,NA
2023-07-29,17,Illinois,wk inc rsv prop ed visits,prop_ed,2e-4,NA
2023-07-29,18,Indiana,wk inc rsv prop ed visits,prop_ed,2e-4,NA
2023-07-29,19,Iowa,wk inc rsv prop ed visits,prop_ed,4e-4,NA
2023-07-29,20,Kansas,wk inc rsv prop ed visits,prop_ed,0,NA
2023-07-29,21,Kentucky,wk inc rsv prop ed visits,prop_ed,1e-4,NA
2023-07-29,22,Louisiana,wk inc rsv prop ed visits,prop_ed,4e-4,NA
2023-07-29,23,Maine,wk inc rsv prop ed visits,prop_ed,0,NA
2023-07-29,24,Maryland,wk inc rsv prop ed visits,prop_ed,2e-4,NA
2023-07-29,25,Massachusetts,wk inc rsv prop ed visits,prop_ed,1e-4,NA
2023-07-29,26,Michigan,wk inc rsv prop ed visits,prop_ed,1e-4,NA
2023-07-29,27,Minnesota,wk inc rsv prop ed visits,prop_ed,1e-4,NA
2023-07-29,28,Mississippi,wk inc rsv prop ed visits,prop_ed,5e-4,NA
2023-07-29,30,Montana,wk inc rsv prop ed visits,prop_ed,0,NA
2023-07-29,31,Nebraska,wk inc rsv prop ed visits,prop_ed,2e-4,NA
2023-07-29,32,Nevada,wk inc rsv prop ed visits,prop_ed,0,NA
2023-07-29,33,New Hampshire,wk inc rsv prop ed visits,prop_ed,2e-4,NA
2023-07-29,34,New Jersey,wk inc rsv prop ed visits,prop_ed,1e-4,NA
2023-07-29,35,New Mexico,wk inc rsv prop ed visits,prop_ed,1e-4,NA
2023-07-29,36,New York,wk inc rsv prop ed visits,prop_ed,1e-4,NA
2023-07-29,37,North Carolina,wk inc rsv prop ed visits,prop_ed,2e-4,NA
2023-07-29,38,North Dakota,wk inc rsv prop ed visits,prop_ed,2e-4,NA
2023-07-29,39,Ohio,wk inc rsv prop ed visits,prop_ed,1e-4,NA
2023-07-29,40,Oklahoma,wk inc rsv prop ed visits,prop_ed,1e-4,NA
2023-07-29,41,Oregon,wk inc rsv prop ed visits,prop_ed,0,NA
2023-07-29,42,Pennsylvania,wk inc rsv prop ed visits,prop_ed,1e-4,NA
2023-07-29,44,Rhode Island,wk inc rsv prop ed visits,prop_ed,0,NA
2023-07-29,45,South Carolina,wk inc rsv prop ed visits,prop_ed,1e-4,NA
2023-07-29,46,South Dakota,wk inc rsv prop ed visits,prop_ed,0,NA
2023-07-29,47,Tennessee,wk inc rsv prop ed visits,prop_ed,5e-4,NA
2023-07-29,48,Texas,wk inc rsv prop ed visits,prop_ed,8e-4,NA
2023-07-29,49,Utah,wk inc rsv prop ed visits,prop_ed,0,NA
2023-07-29,50,Vermont,wk inc rsv prop ed visits,prop_ed,0,NA
2023-07-29,51,Virginia,wk inc rsv prop ed visits,prop_ed,2e-4,NA
2023-07-29,53,Washington,wk inc rsv prop ed visits,prop_ed,1e-4,NA
2023-07-29,54,West Virginia,wk inc rsv prop ed visits,prop_ed,2e-4,NA
2023-07-29,55,Wisconsin,wk inc rsv prop ed visits,prop_ed,1e-4,NA
2023-07-29,56,Wyoming,wk inc rsv prop ed visits,prop_ed,0,NA
2023-07-29,US,United States,wk inc rsv prop ed visits,prop_ed,3e-4,NA
2023-08-05,01,Alabama,wk inc rsv prop ed visits,prop_ed,4e-4,NA
2023-08-05,02,Alaska,wk inc rsv prop ed visits,prop_ed,0,NA
2023-08-05,04,Arizona,wk inc rsv prop ed visits,prop_ed,3e-4,NA
2023-08-05,05,Arkansas,wk inc rsv prop ed visits,prop_ed,3e-4,NA
2023-08-05,06,California,wk inc rsv prop ed visits,prop_ed,1e-4,NA
2023-08-05,08,Colorado,wk inc rsv prop ed visits,prop_ed,1e-4,NA
2023-08-05,09,Connecticut,wk inc rsv prop ed visits,prop_ed,1e-4,NA
2023-08-05,10,Delaware,wk inc rsv prop ed visits,prop_ed,3e-4,NA
2023-08-05,11,District of Columbia,wk inc rsv prop ed visits,prop_ed,3e-4,NA
2023-08-05,12,Florida,wk inc rsv prop ed visits,prop_ed,0.0014,NA
2023-08-05,13,Georgia,wk inc rsv prop ed visits,prop_ed,4e-4,NA
2023-08-05,15,Hawaii,wk inc rsv prop ed visits,prop_ed,5e-4,NA
2023-08-05,16,Idaho,wk inc rsv prop ed visits,prop_ed,0,NA
2023-08-05,17,Illinois,wk inc rsv prop ed visits,prop_ed,2e-4,NA
2023-08-05,18,Indiana,wk inc rsv prop ed visits,prop_ed,2e-4,NA
2023-08-05,19,Iowa,wk inc rsv prop ed visits,prop_ed,2e-4,NA
2023-08-05,20,Kansas,wk inc rsv prop ed visits,prop_ed,2e-4,NA
2023-08-05,21,Kentucky,wk inc rsv prop ed visits,prop_ed,4e-4,NA
2023-08-05,22,Louisiana,wk inc rsv prop ed visits,prop_ed,6e-4,NA
2023-08-05,23,Maine,wk inc rsv prop ed visits,prop_ed,1e-4,NA
2023-08-05,24,Maryland,wk inc rsv prop ed visits,prop_ed,4e-4,NA
2023-08-05,25,Massachusetts,wk inc rsv prop ed visits,prop_ed,2e-4,NA
2023-08-05,26,Michigan,wk inc rsv prop ed visits,prop_ed,1e-4,NA
2023-08-05,27,Minnesota,wk inc rsv prop ed visits,prop_ed,1e-4,NA
2023-08-05,28,Mississippi,wk inc rsv prop ed visits,prop_ed,5e-4,NA
2023-08-05,30,Montana,wk inc rsv prop ed visits,prop_ed,0,NA
2023-08-05,31,Nebraska,wk inc rsv prop ed visits,prop_ed,0,NA
2023-08-05,32,Nevada,wk inc rsv prop ed visits,prop_ed,0,NA
2023-08-05,33,New Hampshire,wk inc rsv prop ed visits,prop_ed,0,NA
2023-08-05,34,New Jersey,wk inc rsv prop ed visits,prop_ed,3e-4,NA
2023-08-05,35,New Mexico,wk inc rsv prop ed visits,prop_ed,2e-4,NA
2023-08-05,36,New York,wk inc rsv prop ed visits,prop_ed,2e-4,NA
2023-08-05,37,North Carolina,wk inc rsv prop ed visits,prop_ed,2e-4,NA
2023-08-05,38,North Dakota,wk inc rsv prop ed visits,prop_ed,2e-4,NA
2023-08-05,39,Ohio,wk inc rsv prop ed visits,prop_ed,1e-4,NA
2023-08-05,40,Oklahoma,wk inc rsv prop ed visits,prop_ed,1e-4,NA
2023-08-05,41,Oregon,wk inc rsv prop ed visits,prop_ed,0,NA
2023-08-05,42,Pennsylvania,wk inc rsv prop ed visits,prop_ed,1e-4,NA
2023-08-05,44,Rhode Island,wk inc rsv prop ed visits,prop_ed,0,NA
2023-08-05,45,South Carolina,wk inc rsv prop ed visits,prop_ed,3e-4,NA
2023-08-05,46,South Dakota,wk inc rsv prop ed visits,prop_ed,0,NA
2023-08-05,47,Tennessee,wk inc rsv prop ed visits,prop_ed,3e-4,NA
2023-08-05,48,Texas,wk inc rsv prop ed visits,prop_ed,8e-4,NA
2023-08-05,49,Utah,wk inc rsv prop ed visits,prop_ed,1e-4,NA
2023-08-05,50,Vermont,wk inc rsv prop ed visits,prop_ed,0,NA
2023-08-05,51,Virginia,wk inc rsv prop ed visits,prop_ed,3e-4,NA
2023-08-05,53,Washington,wk inc rsv prop ed visits,prop_ed,1e-4,NA
2023-08-05,54,West Virginia,wk inc rsv prop ed visits,prop_ed,2e-4,NA
2023-08-05,55,Wisconsin,wk inc rsv prop ed visits,prop_ed,1e-4,NA
2023-08-05,56,Wyoming,wk inc rsv prop ed visits,prop_ed,0,NA
2023-08-05,US,United States,wk inc rsv prop ed visits,prop_ed,4e-4,NA
2023-08-12,01,Alabama,wk inc rsv prop ed visits,prop_ed,5e-4,NA
2023-08-12,02,Alaska,wk inc rsv prop ed visits,prop_ed,7e-4,NA
2023-08-12,04,Arizona,wk inc rsv prop ed visits,prop_ed,2e-4,NA
2023-08-12,05,Arkansas,wk inc rsv prop ed visits,prop_ed,2e-4,NA
2023-08-12,06,California,wk inc rsv prop ed visits,prop_ed,1e-4,NA
2023-08-12,08,Colorado,wk inc rsv prop ed visits,prop_ed,2e-4,NA
2023-08-12,09,Connecticut,wk inc rsv prop ed visits,prop_ed,0,NA
2023-08-12,10,Delaware,wk inc rsv prop ed visits,prop_ed,2e-4,NA
2023-08-12,11,District of Columbia,wk inc rsv prop ed visits,prop_ed,8e-4,NA
2023-08-12,12,Florida,wk inc rsv prop ed visits,prop_ed,0.0014,NA
2023-08-12,13,Georgia,wk inc rsv prop ed visits,prop_ed,5e-4,NA
2023-08-12,15,Hawaii,wk inc rsv prop ed visits,prop_ed,6e-4,NA
2023-08-12,16,Idaho,wk inc rsv prop ed visits,prop_ed,1e-4,NA
2023-08-12,17,Illinois,wk inc rsv prop ed visits,prop_ed,2e-4,NA
2023-08-12,18,Indiana,wk inc rsv prop ed visits,prop_ed,2e-4,NA
2023-08-12,19,Iowa,wk inc rsv prop ed visits,prop_ed,5e-4,NA
2023-08-12,20,Kansas,wk inc rsv prop ed visits,prop_ed,3e-4,NA
2023-08-12,21,Kentucky,wk inc rsv prop ed visits,prop_ed,5e-4,NA
2023-08-12,22,Louisiana,wk inc rsv prop ed visits,prop_ed,4e-4,NA
2023-08-12,23,Maine,wk inc rsv prop ed visits,prop_ed,1e-4,NA
2023-08-12,24,Maryland,wk inc rsv prop ed visits,prop_ed,4e-4,NA
2023-08-12,25,Massachusetts,wk inc rsv prop ed visits,prop_ed,2e-4,NA
2023-08-12,26,Michigan,wk inc rsv prop ed visits,prop_ed,1e-4,NA
2023-08-12,27,Minnesota,wk inc rsv prop ed visits,prop_ed,3e-4,NA
2023-08-12,28,Mississippi,wk inc rsv prop ed visits,prop_ed,6e-4,NA
2023-08-12,30,Montana,wk inc rsv prop ed visits,prop_ed,1e-4,NA
2023-08-12,31,Nebraska,wk inc rsv prop ed visits,prop_ed,1e-4,NA
2023-08-12,32,Nevada,wk inc rsv prop ed visits,prop_ed,2e-4,NA
2023-08-12,33,New Hampshire,wk inc rsv prop ed visits,prop_ed,0,NA
2023-08-12,34,New Jersey,wk inc rsv prop ed visits,prop_ed,1e-4,NA
2023-08-12,35,New Mexico,wk inc rsv prop ed visits,prop_ed,1e-4,NA
2023-08-12,36,New York,wk inc rsv prop ed visits,prop_ed,1e-4,NA
2023-08-12,37,North Carolina,wk inc rsv prop ed visits,prop_ed,3e-4,NA
2023-08-12,38,North Dakota,wk inc rsv prop ed visits,prop_ed,2e-4,NA
2023-08-12,39,Ohio,wk inc rsv prop ed visits,prop_ed,0,NA
2023-08-12,40,Oklahoma,wk inc rsv prop ed visits,prop_ed,0,NA
2023-08-12,41,Oregon,wk inc rsv prop ed visits,prop_ed,1e-4,NA
2023-08-12,42,Pennsylvania,wk inc rsv prop ed visits,prop_ed,1e-4,NA
2023-08-12,44,Rhode Island,wk inc rsv prop ed visits,prop_ed,1e-4,NA
2023-08-12,45,South Carolina,wk inc rsv prop ed visits,prop_ed,5e-4,NA
2023-08-12,46,South Dakota,wk inc rsv prop ed visits,prop_ed,4e-4,NA
2023-08-12,47,Tennessee,wk inc rsv prop ed visits,prop_ed,6e-4,NA
2023-08-12,48,Texas,wk inc rsv prop ed visits,prop_ed,7e-4,NA
2023-08-12,49,Utah,wk inc rsv prop ed visits,prop_ed,1e-4,NA
2023-08-12,50,Vermont,wk inc rsv prop ed visits,prop_ed,0,NA
2023-08-12,51,Virginia,wk inc rsv prop ed visits,prop_ed,4e-4,NA
2023-08-12,53,Washington,wk inc rsv prop ed visits,prop_ed,1e-4,NA
2023-08-12,54,West Virginia,wk inc rsv prop ed visits,prop_ed,1e-4,NA
2023-08-12,55,Wisconsin,wk inc rsv prop ed visits,prop_ed,1e-4,NA
2023-08-12,56,Wyoming,wk inc rsv prop ed visits,prop_ed,0,NA
2023-08-12,US,United States,wk inc rsv prop ed visits,prop_ed,4e-4,NA
2023-08-19,01,Alabama,wk inc rsv prop ed visits,prop_ed,6e-4,NA
2023-08-19,02,Alaska,wk inc rsv prop ed visits,prop_ed,1e-4,NA
2023-08-19,04,Arizona,wk inc rsv prop ed visits,prop_ed,2e-4,NA
2023-08-19,05,Arkansas,wk inc rsv prop ed visits,prop_ed,3e-4,NA
2023-08-19,06,California,wk inc rsv prop ed visits,prop_ed,1e-4,NA
2023-08-19,08,Colorado,wk inc rsv prop ed visits,prop_ed,1e-4,NA
2023-08-19,09,Connecticut,wk inc rsv prop ed visits,prop_ed,0,NA
2023-08-19,10,Delaware,wk inc rsv prop ed visits,prop_ed,5e-4,NA
2023-08-19,11,District of Columbia,wk inc rsv prop ed visits,prop_ed,7e-4,NA
2023-08-19,12,Florida,wk inc rsv prop ed visits,prop_ed,0.0017,NA
2023-08-19,13,Georgia,wk inc rsv prop ed visits,prop_ed,6e-4,NA
2023-08-19,15,Hawaii,wk inc rsv prop ed visits,prop_ed,7e-4,NA
2023-08-19,16,Idaho,wk inc rsv prop ed visits,prop_ed,0,NA
2023-08-19,17,Illinois,wk inc rsv prop ed visits,prop_ed,3e-4,NA
2023-08-19,18,Indiana,wk inc rsv prop ed visits,prop_ed,2e-4,NA
2023-08-19,19,Iowa,wk inc rsv prop ed visits,prop_ed,3e-4,NA
2023-08-19,20,Kansas,wk inc rsv prop ed visits,prop_ed,1e-4,NA
2023-08-19,21,Kentucky,wk inc rsv prop ed visits,prop_ed,6e-4,NA
2023-08-19,22,Louisiana,wk inc rsv prop ed visits,prop_ed,6e-4,NA
2023-08-19,23,Maine,wk inc rsv prop ed visits,prop_ed,0,NA
2023-08-19,24,Maryland,wk inc rsv prop ed visits,prop_ed,3e-4,NA
2023-08-19,25,Massachusetts,wk inc rsv prop ed visits,prop_ed,4e-4,NA
2023-08-19,26,Michigan,wk inc rsv prop ed visits,prop_ed,1e-4,NA
2023-08-19,27,Minnesota,wk inc rsv prop ed visits,prop_ed,3e-4,NA
2023-08-19,28,Mississippi,wk inc rsv prop ed visits,prop_ed,0.0012,NA
2023-08-19,30,Montana,wk inc rsv prop ed visits,prop_ed,1e-4,NA
2023-08-19,31,Nebraska,wk inc rsv prop ed visits,prop_ed,1e-4,NA
2023-08-19,32,Nevada,wk inc rsv prop ed visits,prop_ed,1e-4,NA
2023-08-19,33,New Hampshire,wk inc rsv prop ed visits,prop_ed,0,NA
2023-08-19,34,New Jersey,wk inc rsv prop ed visits,prop_ed,2e-4,NA
2023-08-19,35,New Mexico,wk inc rsv prop ed visits,prop_ed,0,NA
2023-08-19,36,New York,wk inc rsv prop ed visits,prop_ed,1e-4,NA
2023-08-19,37,North Carolina,wk inc rsv prop ed visits,prop_ed,3e-4,NA
2023-08-19,38,North Dakota,wk inc rsv prop ed visits,prop_ed,4e-4,NA
2023-08-19,39,Ohio,wk inc rsv prop ed visits,prop_ed,1e-4,NA
2023-08-19,40,Oklahoma,wk inc rsv prop ed visits,prop_ed,2e-4,NA
2023-08-19,41,Oregon,wk inc rsv prop ed visits,prop_ed,1e-4,NA
2023-08-19,42,Pennsylvania,wk inc rsv prop ed visits,prop_ed,1e-4,NA
2023-08-19,44,Rhode Island,wk inc rsv prop ed visits,prop_ed,0,NA
2023-08-19,45,South Carolina,wk inc rsv prop ed visits,prop_ed,6e-4,NA
2023-08-19,46,South Dakota,wk inc rsv prop ed visits,prop_ed,0,NA
2023-08-19,47,Tennessee,wk inc rsv prop ed visits,prop_ed,8e-4,NA
2023-08-19,48,Texas,wk inc rsv prop ed visits,prop_ed,9e-4,NA
2023-08-19,49,Utah,wk inc rsv prop ed visits,prop_ed,1e-4,NA
2023-08-19,50,Vermont,wk inc rsv prop ed visits,prop_ed,0,NA
2023-08-19,51,Virginia,wk inc rsv prop ed visits,prop_ed,5e-4,NA
2023-08-19,53,Washington,wk inc rsv prop ed visits,prop_ed,2e-4,NA
2023-08-19,54,West Virginia,wk inc rsv prop ed visits,prop_ed,1e-4,NA
2023-08-19,55,Wisconsin,wk inc rsv prop ed visits,prop_ed,1e-4,NA
2023-08-19,56,Wyoming,wk inc rsv prop ed visits,prop_ed,0,NA
2023-08-19,US,United States,wk inc rsv prop ed visits,prop_ed,5e-4,NA
2023-08-26,01,Alabama,wk inc rsv prop ed visits,prop_ed,7e-4,NA
2023-08-26,02,Alaska,wk inc rsv prop ed visits,prop_ed,7e-4,NA
2023-08-26,04,Arizona,wk inc rsv prop ed visits,prop_ed,3e-4,NA
2023-08-26,05,Arkansas,wk inc rsv prop ed visits,prop_ed,4e-4,NA
2023-08-26,06,California,wk inc rsv prop ed visits,prop_ed,2e-4,NA
2023-08-26,08,Colorado,wk inc rsv prop ed visits,prop_ed,0,NA
2023-08-26,09,Connecticut,wk inc rsv prop ed visits,prop_ed,2e-4,NA
2023-08-26,10,Delaware,wk inc rsv prop ed visits,prop_ed,3e-4,NA
2023-08-26,11,District of Columbia,wk inc rsv prop ed visits,prop_ed,0.0017,NA
2023-08-26,12,Florida,wk inc rsv prop ed visits,prop_ed,0.0021,NA
2023-08-26,13,Georgia,wk inc rsv prop ed visits,prop_ed,9e-4,NA
2023-08-26,15,Hawaii,wk inc rsv prop ed visits,prop_ed,9e-4,NA
2023-08-26,16,Idaho,wk inc rsv prop ed visits,prop_ed,0,NA
2023-08-26,17,Illinois,wk inc rsv prop ed visits,prop_ed,3e-4,NA
2023-08-26,18,Indiana,wk inc rsv prop ed visits,prop_ed,2e-4,NA
2023-08-26,19,Iowa,wk inc rsv prop ed visits,prop_ed,7e-4,NA
2023-08-26,20,Kansas,wk inc rsv prop ed visits,prop_ed,2e-4,NA
2023-08-26,21,Kentucky,wk inc rsv prop ed visits,prop_ed,6e-4,NA
2023-08-26,22,Louisiana,wk inc rsv prop ed visits,prop_ed,7e-4,NA
2023-08-26,23,Maine,wk inc rsv prop ed visits,prop_ed,1e-4,NA
2023-08-26,24,Maryland,wk inc rsv prop ed visits,prop_ed,2e-4,NA
2023-08-26,25,Massachusetts,wk inc rsv prop ed visits,prop_ed,4e-4,NA
2023-08-26,26,Michigan,wk inc rsv prop ed visits,prop_ed,0,NA
2023-08-26,27,Minnesota,wk inc rsv prop ed visits,prop_ed,2e-4,NA
2023-08-26,28,Mississippi,wk inc rsv prop ed visits,prop_ed,0.001,NA
2023-08-26,30,Montana,wk inc rsv prop ed visits,prop_ed,1e-4,NA
2023-08-26,31,Nebraska,wk inc rsv prop ed visits,prop_ed,2e-4,NA
2023-08-26,32,Nevada,wk inc rsv prop ed visits,prop_ed,2e-4,NA
2023-08-26,33,New Hampshire,wk inc rsv prop ed visits,prop_ed,0,NA
2023-08-26,34,New Jersey,wk inc rsv prop ed visits,prop_ed,2e-4,NA
2023-08-26,35,New Mexico,wk inc rsv prop ed visits,prop_ed,1e-4,NA
2023-08-26,36,New York,wk inc rsv prop ed visits,prop_ed,1e-4,NA
2023-08-26,37,North Carolina,wk inc rsv prop ed visits,prop_ed,3e-4,NA
2023-08-26,38,North Dakota,wk inc rsv prop ed visits,prop_ed,2e-4,NA
2023-08-26,39,Ohio,wk inc rsv prop ed visits,prop_ed,1e-4,NA
2023-08-26,40,Oklahoma,wk inc rsv prop ed visits,prop_ed,2e-4,NA
2023-08-26,41,Oregon,wk inc rsv prop ed visits,prop_ed,1e-4,NA
2023-08-26,42,Pennsylvania,wk inc rsv prop ed visits,prop_ed,1e-4,NA
2023-08-26,44,Rhode Island,wk inc rsv prop ed visits,prop_ed,2e-4,NA
2023-08-26,45,South Carolina,wk inc rsv prop ed visits,prop_ed,6e-4,NA
2023-08-26,46,South Dakota,wk inc rsv prop ed visits,prop_ed,0,NA
2023-08-26,47,Tennessee,wk inc rsv prop ed visits,prop_ed,5e-4,NA
2023-08-26,48,Texas,wk inc rsv prop ed visits,prop_ed,0.0011,NA
2023-08-26,49,Utah,wk inc rsv prop ed visits,prop_ed,2e-4,NA
2023-08-26,50,Vermont,wk inc rsv prop ed visits,prop_ed,0,NA
2023-08-26,51,Virginia,wk inc rsv prop ed visits,prop_ed,5e-4,NA
2023-08-26,53,Washington,wk inc rsv prop ed visits,prop_ed,1e-4,NA
2023-08-26,54,West Virginia,wk inc rsv prop ed visits,prop_ed,6e-4,NA
2023-08-26,55,Wisconsin,wk inc rsv prop ed visits,prop_ed,1e-4,NA
2023-08-26,56,Wyoming,wk inc rsv prop ed visits,prop_ed,0,NA
2023-08-26,US,United States,wk inc rsv prop ed visits,prop_ed,5e-4,NA
2023-09-02,01,Alabama,wk inc rsv prop ed visits,prop_ed,0.001,NA
2023-09-02,02,Alaska,wk inc rsv prop ed visits,prop_ed,3e-4,NA
2023-09-02,04,Arizona,wk inc rsv prop ed visits,prop_ed,2e-4,NA
2023-09-02,05,Arkansas,wk inc rsv prop ed visits,prop_ed,4e-4,NA
2023-09-02,06,California,wk inc rsv prop ed visits,prop_ed,2e-4,NA
2023-09-02,08,Colorado,wk inc rsv prop ed visits,prop_ed,0,NA
2023-09-02,09,Connecticut,wk inc rsv prop ed visits,prop_ed,2e-4,NA
2023-09-02,10,Delaware,wk inc rsv prop ed visits,prop_ed,5e-4,NA
2023-09-02,11,District of Columbia,wk inc rsv prop ed visits,prop_ed,0.002,NA
2023-09-02,12,Florida,wk inc rsv prop ed visits,prop_ed,0.0025,NA
2023-09-02,13,Georgia,wk inc rsv prop ed visits,prop_ed,0.0013,NA
2023-09-02,15,Hawaii,wk inc rsv prop ed visits,prop_ed,2e-4,NA
2023-09-02,16,Idaho,wk inc rsv prop ed visits,prop_ed,2e-4,NA
2023-09-02,17,Illinois,wk inc rsv prop ed visits,prop_ed,4e-4,NA
2023-09-02,18,Indiana,wk inc rsv prop ed visits,prop_ed,4e-4,NA
2023-09-02,19,Iowa,wk inc rsv prop ed visits,prop_ed,4e-4,NA
2023-09-02,20,Kansas,wk inc rsv prop ed visits,prop_ed,2e-4,NA
2023-09-02,21,Kentucky,wk inc rsv prop ed visits,prop_ed,8e-4,NA
2023-09-02,22,Louisiana,wk inc rsv prop ed visits,prop_ed,4e-4,NA
2023-09-02,23,Maine,wk inc rsv prop ed visits,prop_ed,0,NA
2023-09-02,24,Maryland,wk inc rsv prop ed visits,prop_ed,5e-4,NA
2023-09-02,25,Massachusetts,wk inc rsv prop ed visits,prop_ed,7e-4,NA
2023-09-02,26,Michigan,wk inc rsv prop ed visits,prop_ed,1e-4,NA
2023-09-02,27,Minnesota,wk inc rsv prop ed visits,prop_ed,2e-4,NA
2023-09-02,28,Mississippi,wk inc rsv prop ed visits,prop_ed,0.0012,NA
2023-09-02,30,Montana,wk inc rsv prop ed visits,prop_ed,3e-4,NA
2023-09-02,31,Nebraska,wk inc rsv prop ed visits,prop_ed,1e-4,NA
2023-09-02,32,Nevada,wk inc rsv prop ed visits,prop_ed,4e-4,NA
2023-09-02,33,New Hampshire,wk inc rsv prop ed visits,prop_ed,2e-4,NA
2023-09-02,34,New Jersey,wk inc rsv prop ed visits,prop_ed,3e-4,NA
2023-09-02,35,New Mexico,wk inc rsv prop ed visits,prop_ed,1e-4,NA
2023-09-02,36,New York,wk inc rsv prop ed visits,prop_ed,1e-4,NA
2023-09-02,37,North Carolina,wk inc rsv prop ed visits,prop_ed,4e-4,NA
2023-09-02,38,North Dakota,wk inc rsv prop ed visits,prop_ed,2e-4,NA
2023-09-02,39,Ohio,wk inc rsv prop ed visits,prop_ed,0,NA
2023-09-02,40,Oklahoma,wk inc rsv prop ed visits,prop_ed,3e-4,NA
2023-09-02,41,Oregon,wk inc rsv prop ed visits,prop_ed,2e-4,NA
2023-09-02,42,Pennsylvania,wk inc rsv prop ed visits,prop_ed,1e-4,NA
2023-09-02,44,Rhode Island,wk inc rsv prop ed visits,prop_ed,0,NA
2023-09-02,45,South Carolina,wk inc rsv prop ed visits,prop_ed,0.0011,NA
2023-09-02,46,South Dakota,wk inc rsv prop ed visits,prop_ed,0,NA
2023-09-02,47,Tennessee,wk inc rsv prop ed visits,prop_ed,0.001,NA
2023-09-02,48,Texas,wk inc rsv prop ed visits,prop_ed,0.0011,NA
2023-09-02,49,Utah,wk inc rsv prop ed visits,prop_ed,1e-4,NA
2023-09-02,50,Vermont,wk inc rsv prop ed visits,prop_ed,2e-4,NA
2023-09-02,51,Virginia,wk inc rsv prop ed visits,prop_ed,6e-4,NA
2023-09-02,53,Washington,wk inc rsv prop ed visits,prop_ed,1e-4,NA
2023-09-02,54,West Virginia,wk inc rsv prop ed visits,prop_ed,4e-4,NA
2023-09-02,55,Wisconsin,wk inc rsv prop ed visits,prop_ed,1e-4,NA
2023-09-02,56,Wyoming,wk inc rsv prop ed visits,prop_ed,3e-4,NA
2023-09-02,US,United States,wk inc rsv prop ed visits,prop_ed,6e-4,NA
2023-09-09,01,Alabama,wk inc rsv prop ed visits,prop_ed,0.001,NA
2023-09-09,02,Alaska,wk inc rsv prop ed visits,prop_ed,6e-4,NA
2023-09-09,04,Arizona,wk inc rsv prop ed visits,prop_ed,3e-4,NA
2023-09-09,05,Arkansas,wk inc rsv prop ed visits,prop_ed,3e-4,NA
2023-09-09,06,California,wk inc rsv prop ed visits,prop_ed,3e-4,NA
2023-09-09,08,Colorado,wk inc rsv prop ed visits,prop_ed,2e-4,NA
2023-09-09,09,Connecticut,wk inc rsv prop ed visits,prop_ed,1e-4,NA
2023-09-09,10,Delaware,wk inc rsv prop ed visits,prop_ed,7e-4,NA
2023-09-09,11,District of Columbia,wk inc rsv prop ed visits,prop_ed,0.0019,NA
2023-09-09,12,Florida,wk inc rsv prop ed visits,prop_ed,0.0028,NA
2023-09-09,13,Georgia,wk inc rsv prop ed visits,prop_ed,0.0017,NA
2023-09-09,15,Hawaii,wk inc rsv prop ed visits,prop_ed,0.001,NA
2023-09-09,16,Idaho,wk inc rsv prop ed visits,prop_ed,1e-4,NA
2023-09-09,17,Illinois,wk inc rsv prop ed visits,prop_ed,5e-4,NA
2023-09-09,18,Indiana,wk inc rsv prop ed visits,prop_ed,4e-4,NA
2023-09-09,19,Iowa,wk inc rsv prop ed visits,prop_ed,6e-4,NA
2023-09-09,20,Kansas,wk inc rsv prop ed visits,prop_ed,2e-4,NA
2023-09-09,21,Kentucky,wk inc rsv prop ed visits,prop_ed,9e-4,NA
2023-09-09,22,Louisiana,wk inc rsv prop ed visits,prop_ed,0.0012,NA
2023-09-09,23,Maine,wk inc rsv prop ed visits,prop_ed,1e-4,NA
2023-09-09,24,Maryland,wk inc rsv prop ed visits,prop_ed,8e-4,NA
2023-09-09,25,Massachusetts,wk inc rsv prop ed visits,prop_ed,7e-4,NA
2023-09-09,26,Michigan,wk inc rsv prop ed visits,prop_ed,2e-4,NA
2023-09-09,27,Minnesota,wk inc rsv prop ed visits,prop_ed,4e-4,NA
2023-09-09,28,Mississippi,wk inc rsv prop ed visits,prop_ed,0.0019,NA
2023-09-09,30,Montana,wk inc rsv prop ed visits,prop_ed,1e-4,NA
2023-09-09,31,Nebraska,wk inc rsv prop ed visits,prop_ed,3e-4,NA
2023-09-09,32,Nevada,wk inc rsv prop ed visits,prop_ed,1e-4,NA
2023-09-09,33,New Hampshire,wk inc rsv prop ed visits,prop_ed,3e-4,NA
2023-09-09,34,New Jersey,wk inc rsv prop ed visits,prop_ed,3e-4,NA
2023-09-09,35,New Mexico,wk inc rsv prop ed visits,prop_ed,3e-4,NA
2023-09-09,36,New York,wk inc rsv prop ed visits,prop_ed,3e-4,NA
2023-09-09,37,North Carolina,wk inc rsv prop ed visits,prop_ed,6e-4,NA
2023-09-09,38,North Dakota,wk inc rsv prop ed visits,prop_ed,7e-4,NA
2023-09-09,39,Ohio,wk inc rsv prop ed visits,prop_ed,3e-4,NA
2023-09-09,40,Oklahoma,wk inc rsv prop ed visits,prop_ed,4e-4,NA
2023-09-09,41,Oregon,wk inc rsv prop ed visits,prop_ed,4e-4,NA
2023-09-09,42,Pennsylvania,wk inc rsv prop ed visits,prop_ed,2e-4,NA
2023-09-09,44,Rhode Island,wk inc rsv prop ed visits,prop_ed,9e-4,NA
2023-09-09,45,South Carolina,wk inc rsv prop ed visits,prop_ed,0.001,NA
2023-09-09,46,South Dakota,wk inc rsv prop ed visits,prop_ed,0,NA
2023-09-09,47,Tennessee,wk inc rsv prop ed visits,prop_ed,0.001,NA
2023-09-09,48,Texas,wk inc rsv prop ed visits,prop_ed,0.0012,NA
2023-09-09,49,Utah,wk inc rsv prop ed visits,prop_ed,3e-4,NA
2023-09-09,50,Vermont,wk inc rsv prop ed visits,prop_ed,0,NA
2023-09-09,51,Virginia,wk inc rsv prop ed visits,prop_ed,7e-4,NA
2023-09-09,53,Washington,wk inc rsv prop ed visits,prop_ed,1e-4,NA
2023-09-09,54,West Virginia,wk inc rsv prop ed visits,prop_ed,4e-4,NA
2023-09-09,55,Wisconsin,wk inc rsv prop ed visits,prop_ed,1e-4,NA
2023-09-09,56,Wyoming,wk inc rsv prop ed visits,prop_ed,0,NA
2023-09-09,US,United States,wk inc rsv prop ed visits,prop_ed,8e-4,NA
2023-09-16,01,Alabama,wk inc rsv prop ed visits,prop_ed,0.0013,NA
2023-09-16,02,Alaska,wk inc rsv prop ed visits,prop_ed,5e-4,NA
2023-09-16,04,Arizona,wk inc rsv prop ed visits,prop_ed,3e-4,NA
2023-09-16,05,Arkansas,wk inc rsv prop ed visits,prop_ed,2e-4,NA
2023-09-16,06,California,wk inc rsv prop ed visits,prop_ed,3e-4,NA
2023-09-16,08,Colorado,wk inc rsv prop ed visits,prop_ed,2e-4,NA
2023-09-16,09,Connecticut,wk inc rsv prop ed visits,prop_ed,1e-4,NA
2023-09-16,10,Delaware,wk inc rsv prop ed visits,prop_ed,0.0014,NA
2023-09-16,11,District of Columbia,wk inc rsv prop ed visits,prop_ed,0.0022,NA
2023-09-16,12,Florida,wk inc rsv prop ed visits,prop_ed,0.0028,NA
2023-09-16,13,Georgia,wk inc rsv prop ed visits,prop_ed,0.0021,NA
2023-09-16,15,Hawaii,wk inc rsv prop ed visits,prop_ed,0.001,NA
2023-09-16,16,Idaho,wk inc rsv prop ed visits,prop_ed,0,NA
2023-09-16,17,Illinois,wk inc rsv prop ed visits,prop_ed,5e-4,NA
2023-09-16,18,Indiana,wk inc rsv prop ed visits,prop_ed,6e-4,NA
2023-09-16,19,Iowa,wk inc rsv prop ed visits,prop_ed,8e-4,NA
2023-09-16,20,Kansas,wk inc rsv prop ed visits,prop_ed,2e-4,NA
2023-09-16,21,Kentucky,wk inc rsv prop ed visits,prop_ed,0.001,NA
2023-09-16,22,Louisiana,wk inc rsv prop ed visits,prop_ed,0.0014,NA
2023-09-16,23,Maine,wk inc rsv prop ed visits,prop_ed,0,NA
2023-09-16,24,Maryland,wk inc rsv prop ed visits,prop_ed,9e-4,NA
2023-09-16,25,Massachusetts,wk inc rsv prop ed visits,prop_ed,6e-4,NA
2023-09-16,26,Michigan,wk inc rsv prop ed visits,prop_ed,2e-4,NA
2023-09-16,27,Minnesota,wk inc rsv prop ed visits,prop_ed,3e-4,NA
2023-09-16,28,Mississippi,wk inc rsv prop ed visits,prop_ed,0.0018,NA
2023-09-16,30,Montana,wk inc rsv prop ed visits,prop_ed,2e-4,NA
2023-09-16,31,Nebraska,wk inc rsv prop ed visits,prop_ed,2e-4,NA
2023-09-16,32,Nevada,wk inc rsv prop ed visits,prop_ed,3e-4,NA
2023-09-16,33,New Hampshire,wk inc rsv prop ed visits,prop_ed,5e-4,NA
2023-09-16,34,New Jersey,wk inc rsv prop ed visits,prop_ed,5e-4,NA
2023-09-16,35,New Mexico,wk inc rsv prop ed visits,prop_ed,2e-4,NA
2023-09-16,36,New York,wk inc rsv prop ed visits,prop_ed,3e-4,NA
2023-09-16,37,North Carolina,wk inc rsv prop ed visits,prop_ed,5e-4,NA
2023-09-16,38,North Dakota,wk inc rsv prop ed visits,prop_ed,5e-4,NA
2023-09-16,39,Ohio,wk inc rsv prop ed visits,prop_ed,2e-4,NA
2023-09-16,40,Oklahoma,wk inc rsv prop ed visits,prop_ed,1e-4,NA
2023-09-16,41,Oregon,wk inc rsv prop ed visits,prop_ed,2e-4,NA
2023-09-16,42,Pennsylvania,wk inc rsv prop ed visits,prop_ed,3e-4,NA
2023-09-16,44,Rhode Island,wk inc rsv prop ed visits,prop_ed,3e-4,NA
2023-09-16,45,South Carolina,wk inc rsv prop ed visits,prop_ed,0.0015,NA
2023-09-16,46,South Dakota,wk inc rsv prop ed visits,prop_ed,0,NA
2023-09-16,47,Tennessee,wk inc rsv prop ed visits,prop_ed,0.0013,NA
2023-09-16,48,Texas,wk inc rsv prop ed visits,prop_ed,0.0016,NA
2023-09-16,49,Utah,wk inc rsv prop ed visits,prop_ed,4e-4,NA
2023-09-16,50,Vermont,wk inc rsv prop ed visits,prop_ed,0,NA
2023-09-16,51,Virginia,wk inc rsv prop ed visits,prop_ed,9e-4,NA
2023-09-16,53,Washington,wk inc rsv prop ed visits,prop_ed,2e-4,NA
2023-09-16,54,West Virginia,wk inc rsv prop ed visits,prop_ed,4e-4,NA
2023-09-16,55,Wisconsin,wk inc rsv prop ed visits,prop_ed,1e-4,NA
2023-09-16,56,Wyoming,wk inc rsv prop ed visits,prop_ed,0,NA
2023-09-16,US,United States,wk inc rsv prop ed visits,prop_ed,9e-4,NA
2023-09-23,01,Alabama,wk inc rsv prop ed visits,prop_ed,0.002,NA
2023-09-23,02,Alaska,wk inc rsv prop ed visits,prop_ed,7e-4,NA
2023-09-23,04,Arizona,wk inc rsv prop ed visits,prop_ed,5e-4,NA
2023-09-23,05,Arkansas,wk inc rsv prop ed visits,prop_ed,8e-4,NA
2023-09-23,06,California,wk inc rsv prop ed visits,prop_ed,5e-4,NA
2023-09-23,08,Colorado,wk inc rsv prop ed visits,prop_ed,2e-4,NA
2023-09-23,09,Connecticut,wk inc rsv prop ed visits,prop_ed,4e-4,NA
2023-09-23,10,Delaware,wk inc rsv prop ed visits,prop_ed,0.0016,NA
2023-09-23,11,District of Columbia,wk inc rsv prop ed visits,prop_ed,0.0027,NA
2023-09-23,12,Florida,wk inc rsv prop ed visits,prop_ed,0.0041,NA
2023-09-23,13,Georgia,wk inc rsv prop ed visits,prop_ed,0.003,NA
2023-09-23,15,Hawaii,wk inc rsv prop ed visits,prop_ed,0.0021,NA
2023-09-23,16,Idaho,wk inc rsv prop ed visits,prop_ed,1e-4,NA
2023-09-23,17,Illinois,wk inc rsv prop ed visits,prop_ed,8e-4,NA
2023-09-23,18,Indiana,wk inc rsv prop ed visits,prop_ed,6e-4,NA
2023-09-23,19,Iowa,wk inc rsv prop ed visits,prop_ed,7e-4,NA
2023-09-23,20,Kansas,wk inc rsv prop ed visits,prop_ed,2e-4,NA
2023-09-23,21,Kentucky,wk inc rsv prop ed visits,prop_ed,0.0011,NA
2023-09-23,22,Louisiana,wk inc rsv prop ed visits,prop_ed,0.0021,NA
2023-09-23,23,Maine,wk inc rsv prop ed visits,prop_ed,4e-4,NA
2023-09-23,24,Maryland,wk inc rsv prop ed visits,prop_ed,7e-4,NA
2023-09-23,25,Massachusetts,wk inc rsv prop ed visits,prop_ed,0.0012,NA
2023-09-23,26,Michigan,wk inc rsv prop ed visits,prop_ed,3e-4,NA
2023-09-23,27,Minnesota,wk inc rsv prop ed visits,prop_ed,2e-4,NA
2023-09-23,28,Mississippi,wk inc rsv prop ed visits,prop_ed,0.0044,NA
2023-09-23,30,Montana,wk inc rsv prop ed visits,prop_ed,1e-4,NA
2023-09-23,31,Nebraska,wk inc rsv prop ed visits,prop_ed,1e-4,NA
2023-09-23,32,Nevada,wk inc rsv prop ed visits,prop_ed,3e-4,NA
2023-09-23,33,New Hampshire,wk inc rsv prop ed visits,prop_ed,7e-4,NA
2023-09-23,34,New Jersey,wk inc rsv prop ed visits,prop_ed,6e-4,NA
2023-09-23,35,New Mexico,wk inc rsv prop ed visits,prop_ed,8e-4,NA
2023-09-23,36,New York,wk inc rsv prop ed visits,prop_ed,4e-4,NA
2023-09-23,37,North Carolina,wk inc rsv prop ed visits,prop_ed,8e-4,NA
2023-09-23,38,North Dakota,wk inc rsv prop ed visits,prop_ed,7e-4,NA
2023-09-23,39,Ohio,wk inc rsv prop ed visits,prop_ed,4e-4,NA
2023-09-23,40,Oklahoma,wk inc rsv prop ed visits,prop_ed,4e-4,NA
2023-09-23,41,Oregon,wk inc rsv prop ed visits,prop_ed,4e-4,NA
2023-09-23,42,Pennsylvania,wk inc rsv prop ed visits,prop_ed,2e-4,NA
2023-09-23,44,Rhode Island,wk inc rsv prop ed visits,prop_ed,6e-4,NA
2023-09-23,45,South Carolina,wk inc rsv prop ed visits,prop_ed,0.0023,NA
2023-09-23,46,South Dakota,wk inc rsv prop ed visits,prop_ed,0,NA
2023-09-23,47,Tennessee,wk inc rsv prop ed visits,prop_ed,0.0027,NA
2023-09-23,48,Texas,wk inc rsv prop ed visits,prop_ed,0.0021,NA
2023-09-23,49,Utah,wk inc rsv prop ed visits,prop_ed,5e-4,NA
2023-09-23,50,Vermont,wk inc rsv prop ed visits,prop_ed,2e-4,NA
2023-09-23,51,Virginia,wk inc rsv prop ed visits,prop_ed,0.0012,NA
2023-09-23,53,Washington,wk inc rsv prop ed visits,prop_ed,3e-4,NA
2023-09-23,54,West Virginia,wk inc rsv prop ed visits,prop_ed,4e-4,NA
2023-09-23,55,Wisconsin,wk inc rsv prop ed visits,prop_ed,2e-4,NA
2023-09-23,56,Wyoming,wk inc rsv prop ed visits,prop_ed,0.0016,NA
2023-09-23,US,United States,wk inc rsv prop ed visits,prop_ed,0.0013,NA
2023-09-30,01,Alabama,wk inc rsv prop ed visits,prop_ed,0.0035,NA
2023-09-30,02,Alaska,wk inc rsv prop ed visits,prop_ed,5e-4,NA
2023-09-30,04,Arizona,wk inc rsv prop ed visits,prop_ed,4e-4,NA
2023-09-30,05,Arkansas,wk inc rsv prop ed visits,prop_ed,0.0011,NA
2023-09-30,06,California,wk inc rsv prop ed visits,prop_ed,6e-4,NA
2023-09-30,08,Colorado,wk inc rsv prop ed visits,prop_ed,3e-4,NA
2023-09-30,09,Connecticut,wk inc rsv prop ed visits,prop_ed,3e-4,NA
2023-09-30,10,Delaware,wk inc rsv prop ed visits,prop_ed,0.002,NA
2023-09-30,11,District of Columbia,wk inc rsv prop ed visits,prop_ed,0.0032,NA
2023-09-30,12,Florida,wk inc rsv prop ed visits,prop_ed,0.005,NA
2023-09-30,13,Georgia,wk inc rsv prop ed visits,prop_ed,0.004,NA
2023-09-30,15,Hawaii,wk inc rsv prop ed visits,prop_ed,0.0011,NA
2023-09-30,16,Idaho,wk inc rsv prop ed visits,prop_ed,4e-4,NA
2023-09-30,17,Illinois,wk inc rsv prop ed visits,prop_ed,0.0013,NA
2023-09-30,18,Indiana,wk inc rsv prop ed visits,prop_ed,8e-4,NA
2023-09-30,19,Iowa,wk inc rsv prop ed visits,prop_ed,5e-4,NA
2023-09-30,20,Kansas,wk inc rsv prop ed visits,prop_ed,3e-4,NA
2023-09-30,21,Kentucky,wk inc rsv prop ed visits,prop_ed,0.0015,NA
2023-09-30,22,Louisiana,wk inc rsv prop ed visits,prop_ed,0.0031,NA
2023-09-30,23,Maine,wk inc rsv prop ed visits,prop_ed,1e-4,NA
2023-09-30,24,Maryland,wk inc rsv prop ed visits,prop_ed,0.0019,NA
2023-09-30,25,Massachusetts,wk inc rsv prop ed visits,prop_ed,0.0016,NA
2023-09-30,26,Michigan,wk inc rsv prop ed visits,prop_ed,4e-4,NA
2023-09-30,27,Minnesota,wk inc rsv prop ed visits,prop_ed,1e-4,NA
2023-09-30,28,Mississippi,wk inc rsv prop ed visits,prop_ed,0.0052,NA
2023-09-30,30,Montana,wk inc rsv prop ed visits,prop_ed,0,NA
2023-09-30,31,Nebraska,wk inc rsv prop ed visits,prop_ed,2e-4,NA
2023-09-30,32,Nevada,wk inc rsv prop ed visits,prop_ed,3e-4,NA
2023-09-30,33,New Hampshire,wk inc rsv prop ed visits,prop_ed,3e-4,NA
2023-09-30,34,New Jersey,wk inc rsv prop ed visits,prop_ed,0.001,NA
2023-09-30,35,New Mexico,wk inc rsv prop ed visits,prop_ed,8e-4,NA
2023-09-30,36,New York,wk inc rsv prop ed visits,prop_ed,6e-4,NA
2023-09-30,37,North Carolina,wk inc rsv prop ed visits,prop_ed,0.0012,NA
2023-09-30,38,North Dakota,wk inc rsv prop ed visits,prop_ed,4e-4,NA
2023-09-30,39,Ohio,wk inc rsv prop ed visits,prop_ed,3e-4,NA
2023-09-30,40,Oklahoma,wk inc rsv prop ed visits,prop_ed,5e-4,NA
2023-09-30,41,Oregon,wk inc rsv prop ed visits,prop_ed,2e-4,NA
2023-09-30,42,Pennsylvania,wk inc rsv prop ed visits,prop_ed,4e-4,NA
2023-09-30,44,Rhode Island,wk inc rsv prop ed visits,prop_ed,5e-4,NA
2023-09-30,45,South Carolina,wk inc rsv prop ed visits,prop_ed,0.0023,NA
2023-09-30,46,South Dakota,wk inc rsv prop ed visits,prop_ed,0,NA
2023-09-30,47,Tennessee,wk inc rsv prop ed visits,prop_ed,0.0034,NA
2023-09-30,48,Texas,wk inc rsv prop ed visits,prop_ed,0.0029,NA
2023-09-30,49,Utah,wk inc rsv prop ed visits,prop_ed,3e-4,NA
2023-09-30,50,Vermont,wk inc rsv prop ed visits,prop_ed,2e-4,NA
2023-09-30,51,Virginia,wk inc rsv prop ed visits,prop_ed,0.002,NA
2023-09-30,53,Washington,wk inc rsv prop ed visits,prop_ed,3e-4,NA
2023-09-30,54,West Virginia,wk inc rsv prop ed visits,prop_ed,4e-4,NA
2023-09-30,55,Wisconsin,wk inc rsv prop ed visits,prop_ed,2e-4,NA
2023-09-30,56,Wyoming,wk inc rsv prop ed visits,prop_ed,7e-4,NA
2023-09-30,US,United States,wk inc rsv prop ed visits,prop_ed,0.0017,NA
2023-10-07,01,Alabama,wk inc rsv prop ed visits,prop_ed,0.0045,NA
2023-10-07,02,Alaska,wk inc rsv prop ed visits,prop_ed,9e-4,NA
2023-10-07,04,Arizona,wk inc rsv prop ed visits,prop_ed,4e-4,NA
2023-10-07,05,Arkansas,wk inc rsv prop ed visits,prop_ed,0.0018,NA
2023-10-07,06,California,wk inc rsv prop ed visits,prop_ed,7e-4,NA
2023-10-07,08,Colorado,wk inc rsv prop ed visits,prop_ed,5e-4,NA
2023-10-07,09,Connecticut,wk inc rsv prop ed visits,prop_ed,9e-4,NA
2023-10-07,10,Delaware,wk inc rsv prop ed visits,prop_ed,0.004,NA
2023-10-07,11,District of Columbia,wk inc rsv prop ed visits,prop_ed,0.0072,NA
2023-10-07,12,Florida,wk inc rsv prop ed visits,prop_ed,0.0063,NA
2023-10-07,13,Georgia,wk inc rsv prop ed visits,prop_ed,0.0054,NA
2023-10-07,15,Hawaii,wk inc rsv prop ed visits,prop_ed,0.0023,NA
2023-10-07,16,Idaho,wk inc rsv prop ed visits,prop_ed,5e-4,NA
2023-10-07,17,Illinois,wk inc rsv prop ed visits,prop_ed,0.0017,NA
2023-10-07,18,Indiana,wk inc rsv prop ed visits,prop_ed,0.0014,NA
2023-10-07,19,Iowa,wk inc rsv prop ed visits,prop_ed,9e-4,NA
2023-10-07,20,Kansas,wk inc rsv prop ed visits,prop_ed,2e-4,NA
2023-10-07,21,Kentucky,wk inc rsv prop ed visits,prop_ed,0.0018,NA
2023-10-07,22,Louisiana,wk inc rsv prop ed visits,prop_ed,0.0039,NA
2023-10-07,23,Maine,wk inc rsv prop ed visits,prop_ed,1e-4,NA
2023-10-07,24,Maryland,wk inc rsv prop ed visits,prop_ed,0.0025,NA
2023-10-07,25,Massachusetts,wk inc rsv prop ed visits,prop_ed,0.0024,NA
2023-10-07,26,Michigan,wk inc rsv prop ed visits,prop_ed,5e-4,NA
2023-10-07,27,Minnesota,wk inc rsv prop ed visits,prop_ed,2e-4,NA
2023-10-07,28,Mississippi,wk inc rsv prop ed visits,prop_ed,0.0074,NA
2023-10-07,30,Montana,wk inc rsv prop ed visits,prop_ed,1e-4,NA
2023-10-07,31,Nebraska,wk inc rsv prop ed visits,prop_ed,3e-4,NA
2023-10-07,32,Nevada,wk inc rsv prop ed visits,prop_ed,6e-4,NA
2023-10-07,33,New Hampshire,wk inc rsv prop ed visits,prop_ed,0.001,NA
2023-10-07,34,New Jersey,wk inc rsv prop ed visits,prop_ed,0.0013,NA
2023-10-07,35,New Mexico,wk inc rsv prop ed visits,prop_ed,8e-4,NA
2023-10-07,36,New York,wk inc rsv prop ed visits,prop_ed,8e-4,NA
2023-10-07,37,North Carolina,wk inc rsv prop ed visits,prop_ed,0.002,NA
2023-10-07,38,North Dakota,wk inc rsv prop ed visits,prop_ed,6e-4,NA
2023-10-07,39,Ohio,wk inc rsv prop ed visits,prop_ed,4e-4,NA
2023-10-07,40,Oklahoma,wk inc rsv prop ed visits,prop_ed,0.001,NA
2023-10-07,41,Oregon,wk inc rsv prop ed visits,prop_ed,6e-4,NA
2023-10-07,42,Pennsylvania,wk inc rsv prop ed visits,prop_ed,5e-4,NA
2023-10-07,44,Rhode Island,wk inc rsv prop ed visits,prop_ed,7e-4,NA
2023-10-07,45,South Carolina,wk inc rsv prop ed visits,prop_ed,0.0034,NA
2023-10-07,46,South Dakota,wk inc rsv prop ed visits,prop_ed,7e-4,NA
2023-10-07,47,Tennessee,wk inc rsv prop ed visits,prop_ed,0.005,NA
2023-10-07,48,Texas,wk inc rsv prop ed visits,prop_ed,0.004,NA
2023-10-07,49,Utah,wk inc rsv prop ed visits,prop_ed,5e-4,NA
2023-10-07,50,Vermont,wk inc rsv prop ed visits,prop_ed,0,NA
2023-10-07,51,Virginia,wk inc rsv prop ed visits,prop_ed,0.0024,NA
2023-10-07,53,Washington,wk inc rsv prop ed visits,prop_ed,5e-4,NA
2023-10-07,54,West Virginia,wk inc rsv prop ed visits,prop_ed,5e-4,NA
2023-10-07,55,Wisconsin,wk inc rsv prop ed visits,prop_ed,4e-4,NA
2023-10-07,56,Wyoming,wk inc rsv prop ed visits,prop_ed,8e-4,NA
2023-10-07,US,United States,wk inc rsv prop ed visits,prop_ed,0.0023,NA
2023-10-14,01,Alabama,wk inc rsv prop ed visits,prop_ed,0.0065,NA
2023-10-14,02,Alaska,wk inc rsv prop ed visits,prop_ed,0.0015,NA
2023-10-14,04,Arizona,wk inc rsv prop ed visits,prop_ed,6e-4,NA
2023-10-14,05,Arkansas,wk inc rsv prop ed visits,prop_ed,0.0019,NA
2023-10-14,06,California,wk inc rsv prop ed visits,prop_ed,0.0012,NA
2023-10-14,08,Colorado,wk inc rsv prop ed visits,prop_ed,7e-4,NA
2023-10-14,09,Connecticut,wk inc rsv prop ed visits,prop_ed,0.0013,NA
2023-10-14,10,Delaware,wk inc rsv prop ed visits,prop_ed,0.0051,NA
2023-10-14,11,District of Columbia,wk inc rsv prop ed visits,prop_ed,0.0102,NA
2023-10-14,12,Florida,wk inc rsv prop ed visits,prop_ed,0.0071,NA
2023-10-14,13,Georgia,wk inc rsv prop ed visits,prop_ed,0.0059,NA
2023-10-14,15,Hawaii,wk inc rsv prop ed visits,prop_ed,0.0048,NA
2023-10-14,16,Idaho,wk inc rsv prop ed visits,prop_ed,3e-4,NA
2023-10-14,17,Illinois,wk inc rsv prop ed visits,prop_ed,0.0025,NA
2023-10-14,18,Indiana,wk inc rsv prop ed visits,prop_ed,0.002,NA
2023-10-14,19,Iowa,wk inc rsv prop ed visits,prop_ed,0.0015,NA
2023-10-14,20,Kansas,wk inc rsv prop ed visits,prop_ed,6e-4,NA
2023-10-14,21,Kentucky,wk inc rsv prop ed visits,prop_ed,0.0029,NA
2023-10-14,22,Louisiana,wk inc rsv prop ed visits,prop_ed,0.0047,NA
2023-10-14,23,Maine,wk inc rsv prop ed visits,prop_ed,3e-4,NA
2023-10-14,24,Maryland,wk inc rsv prop ed visits,prop_ed,0.0038,NA
2023-10-14,25,Massachusetts,wk inc rsv prop ed visits,prop_ed,0.0025,NA
2023-10-14,26,Michigan,wk inc rsv prop ed visits,prop_ed,6e-4,NA
2023-10-14,27,Minnesota,wk inc rsv prop ed visits,prop_ed,7e-4,NA
2023-10-14,28,Mississippi,wk inc rsv prop ed visits,prop_ed,0.0087,NA
2023-10-14,30,Montana,wk inc rsv prop ed visits,prop_ed,2e-4,NA
2023-10-14,31,Nebraska,wk inc rsv prop ed visits,prop_ed,5e-4,NA
2023-10-14,32,Nevada,wk inc rsv prop ed visits,prop_ed,4e-4,NA
2023-10-14,33,New Hampshire,wk inc rsv prop ed visits,prop_ed,7e-4,NA
2023-10-14,34,New Jersey,wk inc rsv prop ed visits,prop_ed,0.0023,NA
2023-10-14,35,New Mexico,wk inc rsv prop ed visits,prop_ed,0.0012,NA
2023-10-14,36,New York,wk inc rsv prop ed visits,prop_ed,0.0012,NA
2023-10-14,37,North Carolina,wk inc rsv prop ed visits,prop_ed,0.0029,NA
2023-10-14,38,North Dakota,wk inc rsv prop ed visits,prop_ed,4e-4,NA
2023-10-14,39,Ohio,wk inc rsv prop ed visits,prop_ed,6e-4,NA
2023-10-14,40,Oklahoma,wk inc rsv prop ed visits,prop_ed,0.0014,NA
2023-10-14,41,Oregon,wk inc rsv prop ed visits,prop_ed,5e-4,NA
2023-10-14,42,Pennsylvania,wk inc rsv prop ed visits,prop_ed,9e-4,NA
2023-10-14,44,Rhode Island,wk inc rsv prop ed visits,prop_ed,0.0011,NA
2023-10-14,45,South Carolina,wk inc rsv prop ed visits,prop_ed,0.0046,NA
2023-10-14,46,South Dakota,wk inc rsv prop ed visits,prop_ed,4e-4,NA
2023-10-14,47,Tennessee,wk inc rsv prop ed visits,prop_ed,0.0062,NA
2023-10-14,48,Texas,wk inc rsv prop ed visits,prop_ed,0.0055,NA
2023-10-14,49,Utah,wk inc rsv prop ed visits,prop_ed,5e-4,NA
2023-10-14,50,Vermont,wk inc rsv prop ed visits,prop_ed,2e-4,NA
2023-10-14,51,Virginia,wk inc rsv prop ed visits,prop_ed,0.0039,NA
2023-10-14,53,Washington,wk inc rsv prop ed visits,prop_ed,8e-4,NA
2023-10-14,54,West Virginia,wk inc rsv prop ed visits,prop_ed,0.0012,NA
2023-10-14,55,Wisconsin,wk inc rsv prop ed visits,prop_ed,8e-4,NA
2023-10-14,56,Wyoming,wk inc rsv prop ed visits,prop_ed,0,NA
2023-10-14,US,United States,wk inc rsv prop ed visits,prop_ed,0.0029,NA
2023-10-21,01,Alabama,wk inc rsv prop ed visits,prop_ed,0.0078,NA
2023-10-21,02,Alaska,wk inc rsv prop ed visits,prop_ed,0.0018,NA
2023-10-21,04,Arizona,wk inc rsv prop ed visits,prop_ed,9e-4,NA
2023-10-21,05,Arkansas,wk inc rsv prop ed visits,prop_ed,0.0032,NA
2023-10-21,06,California,wk inc rsv prop ed visits,prop_ed,0.0014,NA
2023-10-21,08,Colorado,wk inc rsv prop ed visits,prop_ed,8e-4,NA
2023-10-21,09,Connecticut,wk inc rsv prop ed visits,prop_ed,0.0018,NA
2023-10-21,10,Delaware,wk inc rsv prop ed visits,prop_ed,0.0076,NA
2023-10-21,11,District of Columbia,wk inc rsv prop ed visits,prop_ed,0.0138,NA
2023-10-21,12,Florida,wk inc rsv prop ed visits,prop_ed,0.0077,NA
2023-10-21,13,Georgia,wk inc rsv prop ed visits,prop_ed,0.007,NA
2023-10-21,15,Hawaii,wk inc rsv prop ed visits,prop_ed,0.0063,NA
2023-10-21,16,Idaho,wk inc rsv prop ed visits,prop_ed,6e-4,NA
2023-10-21,17,Illinois,wk inc rsv prop ed visits,prop_ed,0.0034,NA
2023-10-21,18,Indiana,wk inc rsv prop ed visits,prop_ed,0.0025,NA
2023-10-21,19,Iowa,wk inc rsv prop ed visits,prop_ed,0.0019,NA
2023-10-21,20,Kansas,wk inc rsv prop ed visits,prop_ed,6e-4,NA
2023-10-21,21,Kentucky,wk inc rsv prop ed visits,prop_ed,0.0037,NA
2023-10-21,22,Louisiana,wk inc rsv prop ed visits,prop_ed,0.0071,NA
2023-10-21,23,Maine,wk inc rsv prop ed visits,prop_ed,9e-4,NA
2023-10-21,24,Maryland,wk inc rsv prop ed visits,prop_ed,0.0051,NA
2023-10-21,25,Massachusetts,wk inc rsv prop ed visits,prop_ed,0.0039,NA
2023-10-21,26,Michigan,wk inc rsv prop ed visits,prop_ed,0.0012,NA
2023-10-21,27,Minnesota,wk inc rsv prop ed visits,prop_ed,0.0014,NA
2023-10-21,28,Mississippi,wk inc rsv prop ed visits,prop_ed,0.0085,NA
2023-10-21,30,Montana,wk inc rsv prop ed visits,prop_ed,1e-4,NA
2023-10-21,31,Nebraska,wk inc rsv prop ed visits,prop_ed,5e-4,NA
2023-10-21,32,Nevada,wk inc rsv prop ed visits,prop_ed,9e-4,NA
2023-10-21,33,New Hampshire,wk inc rsv prop ed visits,prop_ed,5e-4,NA
2023-10-21,34,New Jersey,wk inc rsv prop ed visits,prop_ed,0.0029,NA
2023-10-21,35,New Mexico,wk inc rsv prop ed visits,prop_ed,0.0021,NA
2023-10-21,36,New York,wk inc rsv prop ed visits,prop_ed,0.0018,NA
2023-10-21,37,North Carolina,wk inc rsv prop ed visits,prop_ed,0.0042,NA
2023-10-21,38,North Dakota,wk inc rsv prop ed visits,prop_ed,5e-4,NA
2023-10-21,39,Ohio,wk inc rsv prop ed visits,prop_ed,0.001,NA
2023-10-21,40,Oklahoma,wk inc rsv prop ed visits,prop_ed,0.0011,NA
2023-10-21,41,Oregon,wk inc rsv prop ed visits,prop_ed,8e-4,NA
2023-10-21,42,Pennsylvania,wk inc rsv prop ed visits,prop_ed,0.0016,NA
2023-10-21,44,Rhode Island,wk inc rsv prop ed visits,prop_ed,0.0013,NA
2023-10-21,45,South Carolina,wk inc rsv prop ed visits,prop_ed,0.0064,NA
2023-10-21,46,South Dakota,wk inc rsv prop ed visits,prop_ed,5e-4,NA
2023-10-21,47,Tennessee,wk inc rsv prop ed visits,prop_ed,0.008,NA
2023-10-21,48,Texas,wk inc rsv prop ed visits,prop_ed,0.0073,NA
2023-10-21,49,Utah,wk inc rsv prop ed visits,prop_ed,4e-4,NA
2023-10-21,50,Vermont,wk inc rsv prop ed visits,prop_ed,0.001,NA
2023-10-21,51,Virginia,wk inc rsv prop ed visits,prop_ed,0.005,NA
2023-10-21,53,Washington,wk inc rsv prop ed visits,prop_ed,0.0012,NA
2023-10-21,54,West Virginia,wk inc rsv prop ed visits,prop_ed,0.0022,NA
2023-10-21,55,Wisconsin,wk inc rsv prop ed visits,prop_ed,9e-4,NA
2023-10-21,56,Wyoming,wk inc rsv prop ed visits,prop_ed,0,NA
2023-10-21,US,United States,wk inc rsv prop ed visits,prop_ed,0.0038,NA
2023-10-28,01,Alabama,wk inc rsv prop ed visits,prop_ed,0.0087,NA
2023-10-28,02,Alaska,wk inc rsv prop ed visits,prop_ed,0.0039,NA
2023-10-28,04,Arizona,wk inc rsv prop ed visits,prop_ed,0.0011,NA
2023-10-28,05,Arkansas,wk inc rsv prop ed visits,prop_ed,0.0055,NA
2023-10-28,06,California,wk inc rsv prop ed visits,prop_ed,0.002,NA
2023-10-28,08,Colorado,wk inc rsv prop ed visits,prop_ed,7e-4,NA
2023-10-28,09,Connecticut,wk inc rsv prop ed visits,prop_ed,0.0025,NA
2023-10-28,10,Delaware,wk inc rsv prop ed visits,prop_ed,0.0123,NA
2023-10-28,11,District of Columbia,wk inc rsv prop ed visits,prop_ed,0.0152,NA
2023-10-28,12,Florida,wk inc rsv prop ed visits,prop_ed,0.0083,NA
2023-10-28,13,Georgia,wk inc rsv prop ed visits,prop_ed,0.0068,NA
2023-10-28,15,Hawaii,wk inc rsv prop ed visits,prop_ed,0.0059,NA
2023-10-28,16,Idaho,wk inc rsv prop ed visits,prop_ed,7e-4,NA
2023-10-28,17,Illinois,wk inc rsv prop ed visits,prop_ed,0.0053,NA
2023-10-28,18,Indiana,wk inc rsv prop ed visits,prop_ed,0.0029,NA
2023-10-28,19,Iowa,wk inc rsv prop ed visits,prop_ed,0.0021,NA
2023-10-28,20,Kansas,wk inc rsv prop ed visits,prop_ed,5e-4,NA
2023-10-28,21,Kentucky,wk inc rsv prop ed visits,prop_ed,0.0043,NA
2023-10-28,22,Louisiana,wk inc rsv prop ed visits,prop_ed,0.0082,NA
2023-10-28,23,Maine,wk inc rsv prop ed visits,prop_ed,7e-4,NA
2023-10-28,24,Maryland,wk inc rsv prop ed visits,prop_ed,0.0078,NA
2023-10-28,25,Massachusetts,wk inc rsv prop ed visits,prop_ed,0.0066,NA
2023-10-28,26,Michigan,wk inc rsv prop ed visits,prop_ed,0.0015,NA
2023-10-28,27,Minnesota,wk inc rsv prop ed visits,prop_ed,0.0023,NA
2023-10-28,28,Mississippi,wk inc rsv prop ed visits,prop_ed,0.0097,NA
2023-10-28,30,Montana,wk inc rsv prop ed visits,prop_ed,7e-4,NA
2023-10-28,31,Nebraska,wk inc rsv prop ed visits,prop_ed,0.0016,NA
2023-10-28,32,Nevada,wk inc rsv prop ed visits,prop_ed,0.0013,NA
2023-10-28,33,New Hampshire,wk inc rsv prop ed visits,prop_ed,0.0023,NA
2023-10-28,34,New Jersey,wk inc rsv prop ed visits,prop_ed,0.0041,NA
2023-10-28,35,New Mexico,wk inc rsv prop ed visits,prop_ed,0.0023,NA
2023-10-28,36,New York,wk inc rsv prop ed visits,prop_ed,0.0029,NA
2023-10-28,37,North Carolina,wk inc rsv prop ed visits,prop_ed,0.006,NA
2023-10-28,38,North Dakota,wk inc rsv prop ed visits,prop_ed,0.001,NA
2023-10-28,39,Ohio,wk inc rsv prop ed visits,prop_ed,0.0014,NA
2023-10-28,40,Oklahoma,wk inc rsv prop ed visits,prop_ed,0.0019,NA
2023-10-28,41,Oregon,wk inc rsv prop ed visits,prop_ed,0.0012,NA
2023-10-28,42,Pennsylvania,wk inc rsv prop ed visits,prop_ed,0.0023,NA
2023-10-28,44,Rhode Island,wk inc rsv prop ed visits,prop_ed,0.0039,NA
2023-10-28,45,South Carolina,wk inc rsv prop ed visits,prop_ed,0.0077,NA
2023-10-28,46,South Dakota,wk inc rsv prop ed visits,prop_ed,6e-4,NA
2023-10-28,47,Tennessee,wk inc rsv prop ed visits,prop_ed,0.0084,NA
2023-10-28,48,Texas,wk inc rsv prop ed visits,prop_ed,0.0097,NA
2023-10-28,49,Utah,wk inc rsv prop ed visits,prop_ed,6e-4,NA
2023-10-28,50,Vermont,wk inc rsv prop ed visits,prop_ed,6e-4,NA
2023-10-28,51,Virginia,wk inc rsv prop ed visits,prop_ed,0.0063,NA
2023-10-28,53,Washington,wk inc rsv prop ed visits,prop_ed,0.0014,NA
2023-10-28,54,West Virginia,wk inc rsv prop ed visits,prop_ed,0.0025,NA
2023-10-28,55,Wisconsin,wk inc rsv prop ed visits,prop_ed,0.0013,NA
2023-10-28,56,Wyoming,wk inc rsv prop ed visits,prop_ed,0,NA
2023-10-28,US,United States,wk inc rsv prop ed visits,prop_ed,0.0048,NA
2023-11-04,01,Alabama,wk inc rsv prop ed visits,prop_ed,0.0109,NA
2023-11-04,02,Alaska,wk inc rsv prop ed visits,prop_ed,0.006,NA
2023-11-04,04,Arizona,wk inc rsv prop ed visits,prop_ed,0.0014,NA
2023-11-04,05,Arkansas,wk inc rsv prop ed visits,prop_ed,0.0069,NA
2023-11-04,06,California,wk inc rsv prop ed visits,prop_ed,0.0026,NA
2023-11-04,08,Colorado,wk inc rsv prop ed visits,prop_ed,0.001,NA
2023-11-04,09,Connecticut,wk inc rsv prop ed visits,prop_ed,0.0033,NA
2023-11-04,10,Delaware,wk inc rsv prop ed visits,prop_ed,0.0141,NA
2023-11-04,11,District of Columbia,wk inc rsv prop ed visits,prop_ed,0.0144,NA
2023-11-04,12,Florida,wk inc rsv prop ed visits,prop_ed,0.0083,NA
2023-11-04,13,Georgia,wk inc rsv prop ed visits,prop_ed,0.0073,NA
2023-11-04,15,Hawaii,wk inc rsv prop ed visits,prop_ed,0.0053,NA
2023-11-04,16,Idaho,wk inc rsv prop ed visits,prop_ed,0.001,NA
2023-11-04,17,Illinois,wk inc rsv prop ed visits,prop_ed,0.0061,NA
2023-11-04,18,Indiana,wk inc rsv prop ed visits,prop_ed,0.0041,NA
2023-11-04,19,Iowa,wk inc rsv prop ed visits,prop_ed,0.0021,NA
2023-11-04,20,Kansas,wk inc rsv prop ed visits,prop_ed,0.0013,NA
2023-11-04,21,Kentucky,wk inc rsv prop ed visits,prop_ed,0.0078,NA
2023-11-04,22,Louisiana,wk inc rsv prop ed visits,prop_ed,0.0095,NA
2023-11-04,23,Maine,wk inc rsv prop ed visits,prop_ed,0.0011,NA
2023-11-04,24,Maryland,wk inc rsv prop ed visits,prop_ed,0.0095,NA
2023-11-04,25,Massachusetts,wk inc rsv prop ed visits,prop_ed,0.0079,NA
2023-11-04,26,Michigan,wk inc rsv prop ed visits,prop_ed,0.0025,NA
2023-11-04,27,Minnesota,wk inc rsv prop ed visits,prop_ed,0.003,NA
2023-11-04,28,Mississippi,wk inc rsv prop ed visits,prop_ed,0.0116,NA
2023-11-04,30,Montana,wk inc rsv prop ed visits,prop_ed,5e-4,NA
2023-11-04,31,Nebraska,wk inc rsv prop ed visits,prop_ed,0.0021,NA
2023-11-04,32,Nevada,wk inc rsv prop ed visits,prop_ed,0.0016,NA
2023-11-04,33,New Hampshire,wk inc rsv prop ed visits,prop_ed,0.003,NA
2023-11-04,34,New Jersey,wk inc rsv prop ed visits,prop_ed,0.005,NA
2023-11-04,35,New Mexico,wk inc rsv prop ed visits,prop_ed,0.0038,NA
2023-11-04,36,New York,wk inc rsv prop ed visits,prop_ed,0.0039,NA
2023-11-04,37,North Carolina,wk inc rsv prop ed visits,prop_ed,0.0078,NA
2023-11-04,38,North Dakota,wk inc rsv prop ed visits,prop_ed,6e-4,NA
2023-11-04,39,Ohio,wk inc rsv prop ed visits,prop_ed,0.0019,NA
2023-11-04,40,Oklahoma,wk inc rsv prop ed visits,prop_ed,0.0036,NA
2023-11-04,41,Oregon,wk inc rsv prop ed visits,prop_ed,0.0018,NA
2023-11-04,42,Pennsylvania,wk inc rsv prop ed visits,prop_ed,0.0032,NA
2023-11-04,44,Rhode Island,wk inc rsv prop ed visits,prop_ed,0.0036,NA
2023-11-04,45,South Carolina,wk inc rsv prop ed visits,prop_ed,0.009,NA
2023-11-04,46,South Dakota,wk inc rsv prop ed visits,prop_ed,6e-4,NA
2023-11-04,47,Tennessee,wk inc rsv prop ed visits,prop_ed,0.01,NA
2023-11-04,48,Texas,wk inc rsv prop ed visits,prop_ed,0.0117,NA
2023-11-04,49,Utah,wk inc rsv prop ed visits,prop_ed,7e-4,NA
2023-11-04,50,Vermont,wk inc rsv prop ed visits,prop_ed,0.0016,NA
2023-11-04,51,Virginia,wk inc rsv prop ed visits,prop_ed,0.0077,NA
2023-11-04,53,Washington,wk inc rsv prop ed visits,prop_ed,0.0019,NA
2023-11-04,54,West Virginia,wk inc rsv prop ed visits,prop_ed,0.0043,NA
2023-11-04,55,Wisconsin,wk inc rsv prop ed visits,prop_ed,0.0014,NA
2023-11-04,56,Wyoming,wk inc rsv prop ed visits,prop_ed,0.0012,NA
2023-11-04,US,United States,wk inc rsv prop ed visits,prop_ed,0.0057,NA
2023-11-11,01,Alabama,wk inc rsv prop ed visits,prop_ed,0.0142,NA
2023-11-11,02,Alaska,wk inc rsv prop ed visits,prop_ed,0.0084,NA
2023-11-11,04,Arizona,wk inc rsv prop ed visits,prop_ed,0.0017,NA
2023-11-11,05,Arkansas,wk inc rsv prop ed visits,prop_ed,0.0094,NA
2023-11-11,06,California,wk inc rsv prop ed visits,prop_ed,0.0036,NA
2023-11-11,08,Colorado,wk inc rsv prop ed visits,prop_ed,0.0022,NA
2023-11-11,09,Connecticut,wk inc rsv prop ed visits,prop_ed,0.0048,NA
2023-11-11,10,Delaware,wk inc rsv prop ed visits,prop_ed,0.0208,NA
2023-11-11,11,District of Columbia,wk inc rsv prop ed visits,prop_ed,0.0164,NA
2023-11-11,12,Florida,wk inc rsv prop ed visits,prop_ed,0.0081,NA
2023-11-11,13,Georgia,wk inc rsv prop ed visits,prop_ed,0.0077,NA
2023-11-11,15,Hawaii,wk inc rsv prop ed visits,prop_ed,0.0054,NA
2023-11-11,16,Idaho,wk inc rsv prop ed visits,prop_ed,8e-4,NA
2023-11-11,17,Illinois,wk inc rsv prop ed visits,prop_ed,0.0082,NA
2023-11-11,18,Indiana,wk inc rsv prop ed visits,prop_ed,0.0056,NA
2023-11-11,19,Iowa,wk inc rsv prop ed visits,prop_ed,0.0024,NA
2023-11-11,20,Kansas,wk inc rsv prop ed visits,prop_ed,0.0017,NA
2023-11-11,21,Kentucky,wk inc rsv prop ed visits,prop_ed,0.0111,NA
2023-11-11,22,Louisiana,wk inc rsv prop ed visits,prop_ed,0.0122,NA
2023-11-11,23,Maine,wk inc rsv prop ed visits,prop_ed,0.0011,NA
2023-11-11,24,Maryland,wk inc rsv prop ed visits,prop_ed,0.0129,NA
2023-11-11,25,Massachusetts,wk inc rsv prop ed visits,prop_ed,0.0096,NA
2023-11-11,26,Michigan,wk inc rsv prop ed visits,prop_ed,0.0034,NA
2023-11-11,27,Minnesota,wk inc rsv prop ed visits,prop_ed,0.0047,NA
2023-11-11,28,Mississippi,wk inc rsv prop ed visits,prop_ed,0.0118,NA
2023-11-11,30,Montana,wk inc rsv prop ed visits,prop_ed,8e-4,NA
2023-11-11,31,Nebraska,wk inc rsv prop ed visits,prop_ed,0.0031,NA
2023-11-11,32,Nevada,wk inc rsv prop ed visits,prop_ed,0.0027,NA
2023-11-11,33,New Hampshire,wk inc rsv prop ed visits,prop_ed,0.0038,NA
2023-11-11,34,New Jersey,wk inc rsv prop ed visits,prop_ed,0.0077,NA
2023-11-11,35,New Mexico,wk inc rsv prop ed visits,prop_ed,0.0044,NA
2023-11-11,36,New York,wk inc rsv prop ed visits,prop_ed,0.0052,NA
2023-11-11,37,North Carolina,wk inc rsv prop ed visits,prop_ed,0.0103,NA
2023-11-11,38,North Dakota,wk inc rsv prop ed visits,prop_ed,0.0013,NA
2023-11-11,39,Ohio,wk inc rsv prop ed visits,prop_ed,0.003,NA
2023-11-11,40,Oklahoma,wk inc rsv prop ed visits,prop_ed,0.0055,NA
2023-11-11,41,Oregon,wk inc rsv prop ed visits,prop_ed,0.0024,NA
2023-11-11,42,Pennsylvania,wk inc rsv prop ed visits,prop_ed,0.0052,NA
2023-11-11,44,Rhode Island,wk inc rsv prop ed visits,prop_ed,0.0064,NA
2023-11-11,45,South Carolina,wk inc rsv prop ed visits,prop_ed,0.0108,NA
2023-11-11,46,South Dakota,wk inc rsv prop ed visits,prop_ed,0.0013,NA
2023-11-11,47,Tennessee,wk inc rsv prop ed visits,prop_ed,0.0132,NA
2023-11-11,48,Texas,wk inc rsv prop ed visits,prop_ed,0.0135,NA
2023-11-11,49,Utah,wk inc rsv prop ed visits,prop_ed,0.0015,NA
2023-11-11,50,Vermont,wk inc rsv prop ed visits,prop_ed,0.0014,NA
2023-11-11,51,Virginia,wk inc rsv prop ed visits,prop_ed,0.0085,NA
2023-11-11,53,Washington,wk inc rsv prop ed visits,prop_ed,0.0046,NA
2023-11-11,54,West Virginia,wk inc rsv prop ed visits,prop_ed,0.0057,NA
2023-11-11,55,Wisconsin,wk inc rsv prop ed visits,prop_ed,0.002,NA
2023-11-11,56,Wyoming,wk inc rsv prop ed visits,prop_ed,0.0017,NA
2023-11-11,US,United States,wk inc rsv prop ed visits,prop_ed,0.0072,NA
2023-11-18,01,Alabama,wk inc rsv prop ed visits,prop_ed,0.0162,NA
2023-11-18,02,Alaska,wk inc rsv prop ed visits,prop_ed,0.0109,NA
2023-11-18,04,Arizona,wk inc rsv prop ed visits,prop_ed,0.0027,NA
2023-11-18,05,Arkansas,wk inc rsv prop ed visits,prop_ed,0.0153,NA
2023-11-18,06,California,wk inc rsv prop ed visits,prop_ed,0.0048,NA
2023-11-18,08,Colorado,wk inc rsv prop ed visits,prop_ed,0.0026,NA
2023-11-18,09,Connecticut,wk inc rsv prop ed visits,prop_ed,0.007,NA
2023-11-18,10,Delaware,wk inc rsv prop ed visits,prop_ed,0.0228,NA
2023-11-18,11,District of Columbia,wk inc rsv prop ed visits,prop_ed,0.0146,NA
2023-11-18,12,Florida,wk inc rsv prop ed visits,prop_ed,0.0072,NA
2023-11-18,13,Georgia,wk inc rsv prop ed visits,prop_ed,0.0067,NA
2023-11-18,15,Hawaii,wk inc rsv prop ed visits,prop_ed,0.0067,NA
2023-11-18,16,Idaho,wk inc rsv prop ed visits,prop_ed,0.0015,NA
2023-11-18,17,Illinois,wk inc rsv prop ed visits,prop_ed,0.0109,NA
2023-11-18,18,Indiana,wk inc rsv prop ed visits,prop_ed,0.0064,NA
2023-11-18,19,Iowa,wk inc rsv prop ed visits,prop_ed,0.0037,NA
2023-11-18,20,Kansas,wk inc rsv prop ed visits,prop_ed,0.0023,NA
2023-11-18,21,Kentucky,wk inc rsv prop ed visits,prop_ed,0.0144,NA
2023-11-18,22,Louisiana,wk inc rsv prop ed visits,prop_ed,0.0146,NA
2023-11-18,23,Maine,wk inc rsv prop ed visits,prop_ed,0.0024,NA
2023-11-18,24,Maryland,wk inc rsv prop ed visits,prop_ed,0.0149,NA
2023-11-18,25,Massachusetts,wk inc rsv prop ed visits,prop_ed,0.0121,NA
2023-11-18,26,Michigan,wk inc rsv prop ed visits,prop_ed,0.0045,NA
2023-11-18,27,Minnesota,wk inc rsv prop ed visits,prop_ed,0.006,NA
2023-11-18,28,Mississippi,wk inc rsv prop ed visits,prop_ed,0.0124,NA
2023-11-18,30,Montana,wk inc rsv prop ed visits,prop_ed,8e-4,NA
2023-11-18,31,Nebraska,wk inc rsv prop ed visits,prop_ed,0.0038,NA
2023-11-18,32,Nevada,wk inc rsv prop ed visits,prop_ed,0.0037,NA
2023-11-18,33,New Hampshire,wk inc rsv prop ed visits,prop_ed,0.0047,NA
2023-11-18,34,New Jersey,wk inc rsv prop ed visits,prop_ed,0.0081,NA
2023-11-18,35,New Mexico,wk inc rsv prop ed visits,prop_ed,0.0065,NA
2023-11-18,36,New York,wk inc rsv prop ed visits,prop_ed,0.007,NA
2023-11-18,37,North Carolina,wk inc rsv prop ed visits,prop_ed,0.0122,NA
2023-11-18,38,North Dakota,wk inc rsv prop ed visits,prop_ed,0.0011,NA
2023-11-18,39,Ohio,wk inc rsv prop ed visits,prop_ed,0.0039,NA
2023-11-18,40,Oklahoma,wk inc rsv prop ed visits,prop_ed,0.0085,NA
2023-11-18,41,Oregon,wk inc rsv prop ed visits,prop_ed,0.0033,NA
2023-11-18,42,Pennsylvania,wk inc rsv prop ed visits,prop_ed,0.0073,NA
2023-11-18,44,Rhode Island,wk inc rsv prop ed visits,prop_ed,0.0084,NA
2023-11-18,45,South Carolina,wk inc rsv prop ed visits,prop_ed,0.0103,NA
2023-11-18,46,South Dakota,wk inc rsv prop ed visits,prop_ed,0.0013,NA
2023-11-18,47,Tennessee,wk inc rsv prop ed visits,prop_ed,0.015,NA
2023-11-18,48,Texas,wk inc rsv prop ed visits,prop_ed,0.0149,NA
2023-11-18,49,Utah,wk inc rsv prop ed visits,prop_ed,0.0022,NA
2023-11-18,50,Vermont,wk inc rsv prop ed visits,prop_ed,0.0026,NA
2023-11-18,51,Virginia,wk inc rsv prop ed visits,prop_ed,0.0097,NA
2023-11-18,53,Washington,wk inc rsv prop ed visits,prop_ed,0.0058,NA
2023-11-18,54,West Virginia,wk inc rsv prop ed visits,prop_ed,0.0083,NA
2023-11-18,55,Wisconsin,wk inc rsv prop ed visits,prop_ed,0.0031,NA
2023-11-18,56,Wyoming,wk inc rsv prop ed visits,prop_ed,0.002,NA
2023-11-18,US,United States,wk inc rsv prop ed visits,prop_ed,0.0083,NA
2023-11-25,01,Alabama,wk inc rsv prop ed visits,prop_ed,0.0179,NA
2023-11-25,02,Alaska,wk inc rsv prop ed visits,prop_ed,0.0104,NA
2023-11-25,04,Arizona,wk inc rsv prop ed visits,prop_ed,0.0041,NA
2023-11-25,05,Arkansas,wk inc rsv prop ed visits,prop_ed,0.0208,NA
2023-11-25,06,California,wk inc rsv prop ed visits,prop_ed,0.0065,NA
2023-11-25,08,Colorado,wk inc rsv prop ed visits,prop_ed,0.0055,NA
2023-11-25,09,Connecticut,wk inc rsv prop ed visits,prop_ed,0.0093,NA
2023-11-25,10,Delaware,wk inc rsv prop ed visits,prop_ed,0.023,NA
2023-11-25,11,District of Columbia,wk inc rsv prop ed visits,prop_ed,0.0162,NA
2023-11-25,12,Florida,wk inc rsv prop ed visits,prop_ed,0.0071,NA
2023-11-25,13,Georgia,wk inc rsv prop ed visits,prop_ed,0.0068,NA
2023-11-25,15,Hawaii,wk inc rsv prop ed visits,prop_ed,0.0061,NA
2023-11-25,16,Idaho,wk inc rsv prop ed visits,prop_ed,0.0025,NA
2023-11-25,17,Illinois,wk inc rsv prop ed visits,prop_ed,0.0129,NA
2023-11-25,18,Indiana,wk inc rsv prop ed visits,prop_ed,0.0094,NA
2023-11-25,19,Iowa,wk inc rsv prop ed visits,prop_ed,0.0054,NA
2023-11-25,20,Kansas,wk inc rsv prop ed visits,prop_ed,0.0044,NA
2023-11-25,21,Kentucky,wk inc rsv prop ed visits,prop_ed,0.0185,NA
2023-11-25,22,Louisiana,wk inc rsv prop ed visits,prop_ed,0.0164,NA
2023-11-25,23,Maine,wk inc rsv prop ed visits,prop_ed,0.0045,NA
2023-11-25,24,Maryland,wk inc rsv prop ed visits,prop_ed,0.0159,NA
2023-11-25,25,Massachusetts,wk inc rsv prop ed visits,prop_ed,0.014,NA
2023-11-25,26,Michigan,wk inc rsv prop ed visits,prop_ed,0.0068,NA
2023-11-25,27,Minnesota,wk inc rsv prop ed visits,prop_ed,0.008,NA
2023-11-25,28,Mississippi,wk inc rsv prop ed visits,prop_ed,0.0117,NA
2023-11-25,30,Montana,wk inc rsv prop ed visits,prop_ed,0.0017,NA
2023-11-25,31,Nebraska,wk inc rsv prop ed visits,prop_ed,0.0054,NA
2023-11-25,32,Nevada,wk inc rsv prop ed visits,prop_ed,0.0051,NA
2023-11-25,33,New Hampshire,wk inc rsv prop ed visits,prop_ed,0.0094,NA
2023-11-25,34,New Jersey,wk inc rsv prop ed visits,prop_ed,0.0087,NA
2023-11-25,35,New Mexico,wk inc rsv prop ed visits,prop_ed,0.0119,NA
2023-11-25,36,New York,wk inc rsv prop ed visits,prop_ed,0.008,NA
2023-11-25,37,North Carolina,wk inc rsv prop ed visits,prop_ed,0.015,NA
2023-11-25,38,North Dakota,wk inc rsv prop ed visits,prop_ed,0.0014,NA
2023-11-25,39,Ohio,wk inc rsv prop ed visits,prop_ed,0.0056,NA
2023-11-25,40,Oklahoma,wk inc rsv prop ed visits,prop_ed,0.0122,NA
2023-11-25,41,Oregon,wk inc rsv prop ed visits,prop_ed,0.0043,NA
2023-11-25,42,Pennsylvania,wk inc rsv prop ed visits,prop_ed,0.0097,NA
2023-11-25,44,Rhode Island,wk inc rsv prop ed visits,prop_ed,0.0112,NA
2023-11-25,45,South Carolina,wk inc rsv prop ed visits,prop_ed,0.0127,NA
2023-11-25,46,South Dakota,wk inc rsv prop ed visits,prop_ed,0.0015,NA
2023-11-25,47,Tennessee,wk inc rsv prop ed visits,prop_ed,0.0169,NA
2023-11-25,48,Texas,wk inc rsv prop ed visits,prop_ed,0.017,NA
2023-11-25,49,Utah,wk inc rsv prop ed visits,prop_ed,0.0028,NA
2023-11-25,50,Vermont,wk inc rsv prop ed visits,prop_ed,0.0056,NA
2023-11-25,51,Virginia,wk inc rsv prop ed visits,prop_ed,0.0111,NA
2023-11-25,53,Washington,wk inc rsv prop ed visits,prop_ed,0.009,NA
2023-11-25,54,West Virginia,wk inc rsv prop ed visits,prop_ed,0.0128,NA
2023-11-25,55,Wisconsin,wk inc rsv prop ed visits,prop_ed,0.0051,NA
2023-11-25,56,Wyoming,wk inc rsv prop ed visits,prop_ed,0.0046,NA
2023-11-25,US,United States,wk inc rsv prop ed visits,prop_ed,0.01,NA
2023-12-02,01,Alabama,wk inc rsv prop ed visits,prop_ed,0.014,NA
2023-12-02,02,Alaska,wk inc rsv prop ed visits,prop_ed,0.0132,NA
2023-12-02,04,Arizona,wk inc rsv prop ed visits,prop_ed,0.004,NA
2023-12-02,05,Arkansas,wk inc rsv prop ed visits,prop_ed,0.0231,NA
2023-12-02,06,California,wk inc rsv prop ed visits,prop_ed,0.0065,NA
2023-12-02,08,Colorado,wk inc rsv prop ed visits,prop_ed,0.0057,NA
2023-12-02,09,Connecticut,wk inc rsv prop ed visits,prop_ed,0.0086,NA
2023-12-02,10,Delaware,wk inc rsv prop ed visits,prop_ed,0.0202,NA
2023-12-02,11,District of Columbia,wk inc rsv prop ed visits,prop_ed,0.0126,NA
2023-12-02,12,Florida,wk inc rsv prop ed visits,prop_ed,0.0059,NA
2023-12-02,13,Georgia,wk inc rsv prop ed visits,prop_ed,0.0055,NA
2023-12-02,15,Hawaii,wk inc rsv prop ed visits,prop_ed,0.0059,NA
2023-12-02,16,Idaho,wk inc rsv prop ed visits,prop_ed,0.0029,NA
2023-12-02,17,Illinois,wk inc rsv prop ed visits,prop_ed,0.0132,NA
2023-12-02,18,Indiana,wk inc rsv prop ed visits,prop_ed,0.0101,NA
2023-12-02,19,Iowa,wk inc rsv prop ed visits,prop_ed,0.0065,NA
2023-12-02,20,Kansas,wk inc rsv prop ed visits,prop_ed,0.0058,NA
2023-12-02,21,Kentucky,wk inc rsv prop ed visits,prop_ed,0.0194,NA
2023-12-02,22,Louisiana,wk inc rsv prop ed visits,prop_ed,0.013,NA
2023-12-02,23,Maine,wk inc rsv prop ed visits,prop_ed,0.0046,NA
2023-12-02,24,Maryland,wk inc rsv prop ed visits,prop_ed,0.0152,NA
2023-12-02,25,Massachusetts,wk inc rsv prop ed visits,prop_ed,0.0136,NA
2023-12-02,26,Michigan,wk inc rsv prop ed visits,prop_ed,0.0077,NA
2023-12-02,27,Minnesota,wk inc rsv prop ed visits,prop_ed,0.0105,NA
2023-12-02,28,Mississippi,wk inc rsv prop ed visits,prop_ed,0.0103,NA
2023-12-02,30,Montana,wk inc rsv prop ed visits,prop_ed,0.0014,NA
2023-12-02,31,Nebraska,wk inc rsv prop ed visits,prop_ed,0.0064,NA
2023-12-02,32,Nevada,wk inc rsv prop ed visits,prop_ed,0.007,NA
2023-12-02,33,New Hampshire,wk inc rsv prop ed visits,prop_ed,0.0085,NA
2023-12-02,34,New Jersey,wk inc rsv prop ed visits,prop_ed,0.0091,NA
2023-12-02,35,New Mexico,wk inc rsv prop ed visits,prop_ed,0.0106,NA
2023-12-02,36,New York,wk inc rsv prop ed visits,prop_ed,0.0089,NA
2023-12-02,37,North Carolina,wk inc rsv prop ed visits,prop_ed,0.0149,NA
2023-12-02,38,North Dakota,wk inc rsv prop ed visits,prop_ed,0.0029,NA
2023-12-02,39,Ohio,wk inc rsv prop ed visits,prop_ed,0.0067,NA
2023-12-02,40,Oklahoma,wk inc rsv prop ed visits,prop_ed,0.0116,NA
2023-12-02,41,Oregon,wk inc rsv prop ed visits,prop_ed,0.0056,NA
2023-12-02,42,Pennsylvania,wk inc rsv prop ed visits,prop_ed,0.0104,NA
2023-12-02,44,Rhode Island,wk inc rsv prop ed visits,prop_ed,0.0092,NA
2023-12-02,45,South Carolina,wk inc rsv prop ed visits,prop_ed,0.0103,NA
2023-12-02,46,South Dakota,wk inc rsv prop ed visits,prop_ed,0.0029,NA
2023-12-02,47,Tennessee,wk inc rsv prop ed visits,prop_ed,0.0143,NA
2023-12-02,48,Texas,wk inc rsv prop ed visits,prop_ed,0.0138,NA
2023-12-02,49,Utah,wk inc rsv prop ed visits,prop_ed,0.0032,NA
2023-12-02,50,Vermont,wk inc rsv prop ed visits,prop_ed,0.0052,NA
2023-12-02,51,Virginia,wk inc rsv prop ed visits,prop_ed,0.01,NA
2023-12-02,53,Washington,wk inc rsv prop ed visits,prop_ed,0.0101,NA
2023-12-02,54,West Virginia,wk inc rsv prop ed visits,prop_ed,0.0167,NA
2023-12-02,55,Wisconsin,wk inc rsv prop ed visits,prop_ed,0.0055,NA
2023-12-02,56,Wyoming,wk inc rsv prop ed visits,prop_ed,0.0042,NA
2023-12-02,US,United States,wk inc rsv prop ed visits,prop_ed,0.0096,NA
2023-12-09,01,Alabama,wk inc rsv prop ed visits,prop_ed,0.0114,NA
2023-12-09,02,Alaska,wk inc rsv prop ed visits,prop_ed,0.0138,NA
2023-12-09,04,Arizona,wk inc rsv prop ed visits,prop_ed,0.0045,NA
2023-12-09,05,Arkansas,wk inc rsv prop ed visits,prop_ed,0.0214,NA
2023-12-09,06,California,wk inc rsv prop ed visits,prop_ed,0.007,NA
2023-12-09,08,Colorado,wk inc rsv prop ed visits,prop_ed,0.0063,NA
2023-12-09,09,Connecticut,wk inc rsv prop ed visits,prop_ed,0.0078,NA
2023-12-09,10,Delaware,wk inc rsv prop ed visits,prop_ed,0.0178,NA
2023-12-09,11,District of Columbia,wk inc rsv prop ed visits,prop_ed,0.0089,NA
2023-12-09,12,Florida,wk inc rsv prop ed visits,prop_ed,0.0052,NA
2023-12-09,13,Georgia,wk inc rsv prop ed visits,prop_ed,0.0045,NA
2023-12-09,15,Hawaii,wk inc rsv prop ed visits,prop_ed,0.0058,NA
2023-12-09,16,Idaho,wk inc rsv prop ed visits,prop_ed,0.0055,NA
2023-12-09,17,Illinois,wk inc rsv prop ed visits,prop_ed,0.0122,NA
2023-12-09,18,Indiana,wk inc rsv prop ed visits,prop_ed,0.0109,NA
2023-12-09,19,Iowa,wk inc rsv prop ed visits,prop_ed,0.0095,NA
2023-12-09,20,Kansas,wk inc rsv prop ed visits,prop_ed,0.0096,NA
2023-12-09,21,Kentucky,wk inc rsv prop ed visits,prop_ed,0.0204,NA
2023-12-09,22,Louisiana,wk inc rsv prop ed visits,prop_ed,0.0105,NA
2023-12-09,23,Maine,wk inc rsv prop ed visits,prop_ed,0.008,NA
2023-12-09,24,Maryland,wk inc rsv prop ed visits,prop_ed,0.0122,NA
2023-12-09,25,Massachusetts,wk inc rsv prop ed visits,prop_ed,0.0146,NA
2023-12-09,26,Michigan,wk inc rsv prop ed visits,prop_ed,0.0095,NA
2023-12-09,27,Minnesota,wk inc rsv prop ed visits,prop_ed,0.0132,NA
2023-12-09,28,Mississippi,wk inc rsv prop ed visits,prop_ed,0.0075,NA
2023-12-09,30,Montana,wk inc rsv prop ed visits,prop_ed,0.0024,NA
2023-12-09,31,Nebraska,wk inc rsv prop ed visits,prop_ed,0.0063,NA
2023-12-09,32,Nevada,wk inc rsv prop ed visits,prop_ed,0.006,NA
2023-12-09,33,New Hampshire,wk inc rsv prop ed visits,prop_ed,0.0128,NA
2023-12-09,34,New Jersey,wk inc rsv prop ed visits,prop_ed,0.0079,NA
2023-12-09,35,New Mexico,wk inc rsv prop ed visits,prop_ed,0.0167,NA
2023-12-09,36,New York,wk inc rsv prop ed visits,prop_ed,0.0087,NA
2023-12-09,37,North Carolina,wk inc rsv prop ed visits,prop_ed,0.0146,NA
2023-12-09,38,North Dakota,wk inc rsv prop ed visits,prop_ed,0.0028,NA
2023-12-09,39,Ohio,wk inc rsv prop ed visits,prop_ed,0.0074,NA
2023-12-09,40,Oklahoma,wk inc rsv prop ed visits,prop_ed,0.0121,NA
2023-12-09,41,Oregon,wk inc rsv prop ed visits,prop_ed,0.007,NA
2023-12-09,42,Pennsylvania,wk inc rsv prop ed visits,prop_ed,0.0106,NA
2023-12-09,44,Rhode Island,wk inc rsv prop ed visits,prop_ed,0.0131,NA
2023-12-09,45,South Carolina,wk inc rsv prop ed visits,prop_ed,0.0081,NA
2023-12-09,46,South Dakota,wk inc rsv prop ed visits,prop_ed,0.0039,NA
2023-12-09,47,Tennessee,wk inc rsv prop ed visits,prop_ed,0.0131,NA
2023-12-09,48,Texas,wk inc rsv prop ed visits,prop_ed,0.0107,NA
2023-12-09,49,Utah,wk inc rsv prop ed visits,prop_ed,0.0052,NA
2023-12-09,50,Vermont,wk inc rsv prop ed visits,prop_ed,0.0101,NA
2023-12-09,51,Virginia,wk inc rsv prop ed visits,prop_ed,0.0092,NA
2023-12-09,53,Washington,wk inc rsv prop ed visits,prop_ed,0.0113,NA
2023-12-09,54,West Virginia,wk inc rsv prop ed visits,prop_ed,0.0166,NA
2023-12-09,55,Wisconsin,wk inc rsv prop ed visits,prop_ed,0.008,NA
2023-12-09,56,Wyoming,wk inc rsv prop ed visits,prop_ed,0.0089,NA
2023-12-09,US,United States,wk inc rsv prop ed visits,prop_ed,0.0093,NA
2023-12-16,01,Alabama,wk inc rsv prop ed visits,prop_ed,0.0105,NA
2023-12-16,02,Alaska,wk inc rsv prop ed visits,prop_ed,0.018,NA
2023-12-16,04,Arizona,wk inc rsv prop ed visits,prop_ed,0.0061,NA
2023-12-16,05,Arkansas,wk inc rsv prop ed visits,prop_ed,0.0215,NA
2023-12-16,06,California,wk inc rsv prop ed visits,prop_ed,0.008,NA
2023-12-16,08,Colorado,wk inc rsv prop ed visits,prop_ed,0.0104,NA
2023-12-16,09,Connecticut,wk inc rsv prop ed visits,prop_ed,0.008,NA
2023-12-16,10,Delaware,wk inc rsv prop ed visits,prop_ed,0.0115,NA
2023-12-16,11,District of Columbia,wk inc rsv prop ed visits,prop_ed,0.0095,NA
2023-12-16,12,Florida,wk inc rsv prop ed visits,prop_ed,0.0045,NA
2023-12-16,13,Georgia,wk inc rsv prop ed visits,prop_ed,0.0036,NA
2023-12-16,15,Hawaii,wk inc rsv prop ed visits,prop_ed,0.0048,NA
2023-12-16,16,Idaho,wk inc rsv prop ed visits,prop_ed,0.0064,NA
2023-12-16,17,Illinois,wk inc rsv prop ed visits,prop_ed,0.013,NA
2023-12-16,18,Indiana,wk inc rsv prop ed visits,prop_ed,0.0108,NA
2023-12-16,19,Iowa,wk inc rsv prop ed visits,prop_ed,0.0134,NA
2023-12-16,20,Kansas,wk inc rsv prop ed visits,prop_ed,0.0092,NA
2023-12-16,21,Kentucky,wk inc rsv prop ed visits,prop_ed,0.02,NA
2023-12-16,22,Louisiana,wk inc rsv prop ed visits,prop_ed,0.0093,NA
2023-12-16,23,Maine,wk inc rsv prop ed visits,prop_ed,0.0089,NA
2023-12-16,24,Maryland,wk inc rsv prop ed visits,prop_ed,0.0115,NA
2023-12-16,25,Massachusetts,wk inc rsv prop ed visits,prop_ed,0.0136,NA
2023-12-16,26,Michigan,wk inc rsv prop ed visits,prop_ed,0.0117,NA
2023-12-16,27,Minnesota,wk inc rsv prop ed visits,prop_ed,0.0163,NA
2023-12-16,28,Mississippi,wk inc rsv prop ed visits,prop_ed,0.0058,NA
2023-12-16,30,Montana,wk inc rsv prop ed visits,prop_ed,0.0051,NA
2023-12-16,31,Nebraska,wk inc rsv prop ed visits,prop_ed,0.0079,NA
2023-12-16,32,Nevada,wk inc rsv prop ed visits,prop_ed,0.0076,NA
2023-12-16,33,New Hampshire,wk inc rsv prop ed visits,prop_ed,0.0165,NA
2023-12-16,34,New Jersey,wk inc rsv prop ed visits,prop_ed,0.0083,NA
2023-12-16,35,New Mexico,wk inc rsv prop ed visits,prop_ed,0.0224,NA
2023-12-16,36,New York,wk inc rsv prop ed visits,prop_ed,0.009,NA
2023-12-16,37,North Carolina,wk inc rsv prop ed visits,prop_ed,0.0139,NA
2023-12-16,38,North Dakota,wk inc rsv prop ed visits,prop_ed,0.007,NA
2023-12-16,39,Ohio,wk inc rsv prop ed visits,prop_ed,0.0082,NA
2023-12-16,40,Oklahoma,wk inc rsv prop ed visits,prop_ed,0.0144,NA
2023-12-16,41,Oregon,wk inc rsv prop ed visits,prop_ed,0.009,NA
2023-12-16,42,Pennsylvania,wk inc rsv prop ed visits,prop_ed,0.0106,NA
2023-12-16,44,Rhode Island,wk inc rsv prop ed visits,prop_ed,0.0099,NA
2023-12-16,45,South Carolina,wk inc rsv prop ed visits,prop_ed,0.0074,NA
2023-12-16,46,South Dakota,wk inc rsv prop ed visits,prop_ed,0.0047,NA
2023-12-16,47,Tennessee,wk inc rsv prop ed visits,prop_ed,0.0109,NA
2023-12-16,48,Texas,wk inc rsv prop ed visits,prop_ed,0.0098,NA
2023-12-16,49,Utah,wk inc rsv prop ed visits,prop_ed,0.0077,NA
2023-12-16,50,Vermont,wk inc rsv prop ed visits,prop_ed,0.0091,NA
2023-12-16,51,Virginia,wk inc rsv prop ed visits,prop_ed,0.0079,NA
2023-12-16,53,Washington,wk inc rsv prop ed visits,prop_ed,0.0122,NA
2023-12-16,54,West Virginia,wk inc rsv prop ed visits,prop_ed,0.0235,NA
2023-12-16,55,Wisconsin,wk inc rsv prop ed visits,prop_ed,0.0106,NA
2023-12-16,56,Wyoming,wk inc rsv prop ed visits,prop_ed,0.0039,NA
2023-12-16,US,United States,wk inc rsv prop ed visits,prop_ed,0.0095,NA
2023-12-23,01,Alabama,wk inc rsv prop ed visits,prop_ed,0.0087,NA
2023-12-23,02,Alaska,wk inc rsv prop ed visits,prop_ed,0.0191,NA
2023-12-23,04,Arizona,wk inc rsv prop ed visits,prop_ed,0.0088,NA
2023-12-23,05,Arkansas,wk inc rsv prop ed visits,prop_ed,0.0216,NA
2023-12-23,06,California,wk inc rsv prop ed visits,prop_ed,0.0087,NA
2023-12-23,08,Colorado,wk inc rsv prop ed visits,prop_ed,0.0104,NA
2023-12-23,09,Connecticut,wk inc rsv prop ed visits,prop_ed,0.0074,NA
2023-12-23,10,Delaware,wk inc rsv prop ed visits,prop_ed,0.0095,NA
2023-12-23,11,District of Columbia,wk inc rsv prop ed visits,prop_ed,0.0072,NA
2023-12-23,12,Florida,wk inc rsv prop ed visits,prop_ed,0.0041,NA
2023-12-23,13,Georgia,wk inc rsv prop ed visits,prop_ed,0.003,NA
2023-12-23,15,Hawaii,wk inc rsv prop ed visits,prop_ed,0.0063,NA
2023-12-23,16,Idaho,wk inc rsv prop ed visits,prop_ed,0.0091,NA
2023-12-23,17,Illinois,wk inc rsv prop ed visits,prop_ed,0.0128,NA
2023-12-23,18,Indiana,wk inc rsv prop ed visits,prop_ed,0.0111,NA
2023-12-23,19,Iowa,wk inc rsv prop ed visits,prop_ed,0.016,NA
2023-12-23,20,Kansas,wk inc rsv prop ed visits,prop_ed,0.0134,NA
2023-12-23,21,Kentucky,wk inc rsv prop ed visits,prop_ed,0.0179,NA
2023-12-23,22,Louisiana,wk inc rsv prop ed visits,prop_ed,0.007,NA
2023-12-23,23,Maine,wk inc rsv prop ed visits,prop_ed,0.0104,NA
2023-12-23,24,Maryland,wk inc rsv prop ed visits,prop_ed,0.01,NA
2023-12-23,25,Massachusetts,wk inc rsv prop ed visits,prop_ed,0.0124,NA
2023-12-23,26,Michigan,wk inc rsv prop ed visits,prop_ed,0.0119,NA
2023-12-23,27,Minnesota,wk inc rsv prop ed visits,prop_ed,0.0183,NA
2023-12-23,28,Mississippi,wk inc rsv prop ed visits,prop_ed,0.0048,NA
2023-12-23,30,Montana,wk inc rsv prop ed visits,prop_ed,0.0059,NA
2023-12-23,31,Nebraska,wk inc rsv prop ed visits,prop_ed,0.0113,NA
2023-12-23,32,Nevada,wk inc rsv prop ed visits,prop_ed,0.0095,NA
2023-12-23,33,New Hampshire,wk inc rsv prop ed visits,prop_ed,0.0105,NA
2023-12-23,34,New Jersey,wk inc rsv prop ed visits,prop_ed,0.0073,NA
2023-12-23,35,New Mexico,wk inc rsv prop ed visits,prop_ed,0.0262,NA
2023-12-23,36,New York,wk inc rsv prop ed visits,prop_ed,0.0084,NA
2023-12-23,37,North Carolina,wk inc rsv prop ed visits,prop_ed,0.0137,NA
2023-12-23,38,North Dakota,wk inc rsv prop ed visits,prop_ed,0.0063,NA
2023-12-23,39,Ohio,wk inc rsv prop ed visits,prop_ed,0.0097,NA
2023-12-23,40,Oklahoma,wk inc rsv prop ed visits,prop_ed,0.014,NA
2023-12-23,41,Oregon,wk inc rsv prop ed visits,prop_ed,0.0101,NA
2023-12-23,42,Pennsylvania,wk inc rsv prop ed visits,prop_ed,0.0114,NA
2023-12-23,44,Rhode Island,wk inc rsv prop ed visits,prop_ed,0.0111,NA
2023-12-23,45,South Carolina,wk inc rsv prop ed visits,prop_ed,0.006,NA
2023-12-23,46,South Dakota,wk inc rsv prop ed visits,prop_ed,0.0079,NA
2023-12-23,47,Tennessee,wk inc rsv prop ed visits,prop_ed,0.0106,NA
2023-12-23,48,Texas,wk inc rsv prop ed visits,prop_ed,0.0086,NA
2023-12-23,49,Utah,wk inc rsv prop ed visits,prop_ed,0.0107,NA
2023-12-23,50,Vermont,wk inc rsv prop ed visits,prop_ed,0.0148,NA
2023-12-23,51,Virginia,wk inc rsv prop ed visits,prop_ed,0.0076,NA
2023-12-23,53,Washington,wk inc rsv prop ed visits,prop_ed,0.0144,NA
2023-12-23,54,West Virginia,wk inc rsv prop ed visits,prop_ed,0.028,NA
2023-12-23,55,Wisconsin,wk inc rsv prop ed visits,prop_ed,0.0124,NA
2023-12-23,56,Wyoming,wk inc rsv prop ed visits,prop_ed,0.0075,NA
2023-12-23,US,United States,wk inc rsv prop ed visits,prop_ed,0.0096,NA
2023-12-30,01,Alabama,wk inc rsv prop ed visits,prop_ed,0.0073,NA
2023-12-30,02,Alaska,wk inc rsv prop ed visits,prop_ed,0.0218,NA
2023-12-30,04,Arizona,wk inc rsv prop ed visits,prop_ed,0.0102,NA
2023-12-30,05,Arkansas,wk inc rsv prop ed visits,prop_ed,0.0194,NA
2023-12-30,06,California,wk inc rsv prop ed visits,prop_ed,0.0094,NA
2023-12-30,08,Colorado,wk inc rsv prop ed visits,prop_ed,0.0119,NA
2023-12-30,09,Connecticut,wk inc rsv prop ed visits,prop_ed,0.0071,NA
2023-12-30,10,Delaware,wk inc rsv prop ed visits,prop_ed,0.0085,NA
2023-12-30,11,District of Columbia,wk inc rsv prop ed visits,prop_ed,0.007,NA
2023-12-30,12,Florida,wk inc rsv prop ed visits,prop_ed,0.004,NA
2023-12-30,13,Georgia,wk inc rsv prop ed visits,prop_ed,0.0029,NA
2023-12-30,15,Hawaii,wk inc rsv prop ed visits,prop_ed,0.0054,NA
2023-12-30,16,Idaho,wk inc rsv prop ed visits,prop_ed,0.0099,NA
2023-12-30,17,Illinois,wk inc rsv prop ed visits,prop_ed,0.0128,NA
2023-12-30,18,Indiana,wk inc rsv prop ed visits,prop_ed,0.012,NA
2023-12-30,19,Iowa,wk inc rsv prop ed visits,prop_ed,0.0206,NA
2023-12-30,20,Kansas,wk inc rsv prop ed visits,prop_ed,0.0143,NA
2023-12-30,21,Kentucky,wk inc rsv prop ed visits,prop_ed,0.0153,NA
2023-12-30,22,Louisiana,wk inc rsv prop ed visits,prop_ed,0.0065,NA
2023-12-30,23,Maine,wk inc rsv prop ed visits,prop_ed,0.0111,NA
2023-12-30,24,Maryland,wk inc rsv prop ed visits,prop_ed,0.0085,NA
2023-12-30,25,Massachusetts,wk inc rsv prop ed visits,prop_ed,0.0108,NA
2023-12-30,26,Michigan,wk inc rsv prop ed visits,prop_ed,0.0136,NA
2023-12-30,27,Minnesota,wk inc rsv prop ed visits,prop_ed,0.0181,NA
2023-12-30,28,Mississippi,wk inc rsv prop ed visits,prop_ed,0.0038,NA
2023-12-30,30,Montana,wk inc rsv prop ed visits,prop_ed,0.0085,NA
2023-12-30,31,Nebraska,wk inc rsv prop ed visits,prop_ed,0.0109,NA
2023-12-30,32,Nevada,wk inc rsv prop ed visits,prop_ed,0.0122,NA
2023-12-30,33,New Hampshire,wk inc rsv prop ed visits,prop_ed,0.0132,NA
2023-12-30,34,New Jersey,wk inc rsv prop ed visits,prop_ed,0.0066,NA
2023-12-30,35,New Mexico,wk inc rsv prop ed visits,prop_ed,0.0281,NA
2023-12-30,36,New York,wk inc rsv prop ed visits,prop_ed,0.0086,NA
2023-12-30,37,North Carolina,wk inc rsv prop ed visits,prop_ed,0.0128,NA
2023-12-30,38,North Dakota,wk inc rsv prop ed visits,prop_ed,0.0072,NA
2023-12-30,39,Ohio,wk inc rsv prop ed visits,prop_ed,0.0092,NA
2023-12-30,40,Oklahoma,wk inc rsv prop ed visits,prop_ed,0.0182,NA
2023-12-30,41,Oregon,wk inc rsv prop ed visits,prop_ed,0.0112,NA
2023-12-30,42,Pennsylvania,wk inc rsv prop ed visits,prop_ed,0.0103,NA
2023-12-30,44,Rhode Island,wk inc rsv prop ed visits,prop_ed,0.009,NA
2023-12-30,45,South Carolina,wk inc rsv prop ed visits,prop_ed,0.0056,NA
2023-12-30,46,South Dakota,wk inc rsv prop ed visits,prop_ed,0.0093,NA
2023-12-30,47,Tennessee,wk inc rsv prop ed visits,prop_ed,0.0093,NA
2023-12-30,48,Texas,wk inc rsv prop ed visits,prop_ed,0.0082,NA
2023-12-30,49,Utah,wk inc rsv prop ed visits,prop_ed,0.0146,NA
2023-12-30,50,Vermont,wk inc rsv prop ed visits,prop_ed,0.0185,NA
2023-12-30,51,Virginia,wk inc rsv prop ed visits,prop_ed,0.0068,NA
2023-12-30,53,Washington,wk inc rsv prop ed visits,prop_ed,0.0157,NA
2023-12-30,54,West Virginia,wk inc rsv prop ed visits,prop_ed,0.0309,NA
2023-12-30,55,Wisconsin,wk inc rsv prop ed visits,prop_ed,0.0151,NA
2023-12-30,56,Wyoming,wk inc rsv prop ed visits,prop_ed,0.0081,NA
2023-12-30,US,United States,wk inc rsv prop ed visits,prop_ed,0.0097,NA
2024-01-06,01,Alabama,wk inc rsv prop ed visits,prop_ed,0.0046,NA
2024-01-06,02,Alaska,wk inc rsv prop ed visits,prop_ed,0.0172,NA
2024-01-06,04,Arizona,wk inc rsv prop ed visits,prop_ed,0.0101,NA
2024-01-06,05,Arkansas,wk inc rsv prop ed visits,prop_ed,0.0149,NA
2024-01-06,06,California,wk inc rsv prop ed visits,prop_ed,0.0087,NA
2024-01-06,08,Colorado,wk inc rsv prop ed visits,prop_ed,0.0108,NA
2024-01-06,09,Connecticut,wk inc rsv prop ed visits,prop_ed,0.0057,NA
2024-01-06,10,Delaware,wk inc rsv prop ed visits,prop_ed,0.0087,NA
2024-01-06,11,District of Columbia,wk inc rsv prop ed visits,prop_ed,0.0055,NA
2024-01-06,12,Florida,wk inc rsv prop ed visits,prop_ed,0.0033,NA
2024-01-06,13,Georgia,wk inc rsv prop ed visits,prop_ed,0.0026,NA
2024-01-06,15,Hawaii,wk inc rsv prop ed visits,prop_ed,0.0058,NA
2024-01-06,16,Idaho,wk inc rsv prop ed visits,prop_ed,0.0141,NA
2024-01-06,17,Illinois,wk inc rsv prop ed visits,prop_ed,0.0127,NA
2024-01-06,18,Indiana,wk inc rsv prop ed visits,prop_ed,0.0105,NA
2024-01-06,19,Iowa,wk inc rsv prop ed visits,prop_ed,0.0184,NA
2024-01-06,20,Kansas,wk inc rsv prop ed visits,prop_ed,0.0144,NA
2024-01-06,21,Kentucky,wk inc rsv prop ed visits,prop_ed,0.0136,NA
2024-01-06,22,Louisiana,wk inc rsv prop ed visits,prop_ed,0.0045,NA
2024-01-06,23,Maine,wk inc rsv prop ed visits,prop_ed,0.0106,NA
2024-01-06,24,Maryland,wk inc rsv prop ed visits,prop_ed,0.0077,NA
2024-01-06,25,Massachusetts,wk inc rsv prop ed visits,prop_ed,0.0086,NA
2024-01-06,26,Michigan,wk inc rsv prop ed visits,prop_ed,0.0124,NA
2024-01-06,27,Minnesota,wk inc rsv prop ed visits,prop_ed,0.0164,NA
2024-01-06,28,Mississippi,wk inc rsv prop ed visits,prop_ed,0.0032,NA
2024-01-06,30,Montana,wk inc rsv prop ed visits,prop_ed,0.0083,NA
2024-01-06,31,Nebraska,wk inc rsv prop ed visits,prop_ed,0.0088,NA
2024-01-06,32,Nevada,wk inc rsv prop ed visits,prop_ed,0.0098,NA
2024-01-06,33,New Hampshire,wk inc rsv prop ed visits,prop_ed,0.0084,NA
2024-01-06,34,New Jersey,wk inc rsv prop ed visits,prop_ed,0.005,NA
2024-01-06,35,New Mexico,wk inc rsv prop ed visits,prop_ed,0.0242,NA
2024-01-06,36,New York,wk inc rsv prop ed visits,prop_ed,0.0071,NA
2024-01-06,37,North Carolina,wk inc rsv prop ed visits,prop_ed,0.0099,NA
2024-01-06,38,North Dakota,wk inc rsv prop ed visits,prop_ed,0.0067,NA
2024-01-06,39,Ohio,wk inc rsv prop ed visits,prop_ed,0.0088,NA
2024-01-06,40,Oklahoma,wk inc rsv prop ed visits,prop_ed,0.0133,NA
2024-01-06,41,Oregon,wk inc rsv prop ed visits,prop_ed,0.0112,NA
2024-01-06,42,Pennsylvania,wk inc rsv prop ed visits,prop_ed,0.0093,NA
2024-01-06,44,Rhode Island,wk inc rsv prop ed visits,prop_ed,0.0076,NA
2024-01-06,45,South Carolina,wk inc rsv prop ed visits,prop_ed,0.0047,NA
2024-01-06,46,South Dakota,wk inc rsv prop ed visits,prop_ed,0.0085,NA
2024-01-06,47,Tennessee,wk inc rsv prop ed visits,prop_ed,0.0084,NA
2024-01-06,48,Texas,wk inc rsv prop ed visits,prop_ed,0.0066,NA
2024-01-06,49,Utah,wk inc rsv prop ed visits,prop_ed,0.017,NA
2024-01-06,50,Vermont,wk inc rsv prop ed visits,prop_ed,0.0198,NA
2024-01-06,51,Virginia,wk inc rsv prop ed visits,prop_ed,0.0057,NA
2024-01-06,53,Washington,wk inc rsv prop ed visits,prop_ed,0.0142,NA
2024-01-06,54,West Virginia,wk inc rsv prop ed visits,prop_ed,0.0328,NA
2024-01-06,55,Wisconsin,wk inc rsv prop ed visits,prop_ed,0.0142,NA
2024-01-06,56,Wyoming,wk inc rsv prop ed visits,prop_ed,0.0032,NA
2024-01-06,US,United States,wk inc rsv prop ed visits,prop_ed,0.0086,NA
2024-01-13,01,Alabama,wk inc rsv prop ed visits,prop_ed,0.0032,NA
2024-01-13,02,Alaska,wk inc rsv prop ed visits,prop_ed,0.0109,NA
2024-01-13,04,Arizona,wk inc rsv prop ed visits,prop_ed,0.0072,NA
2024-01-13,05,Arkansas,wk inc rsv prop ed visits,prop_ed,0.0089,NA
2024-01-13,06,California,wk inc rsv prop ed visits,prop_ed,0.0059,NA
2024-01-13,08,Colorado,wk inc rsv prop ed visits,prop_ed,0.0089,NA
2024-01-13,09,Connecticut,wk inc rsv prop ed visits,prop_ed,0.003,NA
2024-01-13,10,Delaware,wk inc rsv prop ed visits,prop_ed,0.0044,NA
2024-01-13,11,District of Columbia,wk inc rsv prop ed visits,prop_ed,0.0051,NA
2024-01-13,12,Florida,wk inc rsv prop ed visits,prop_ed,0.0027,NA
2024-01-13,13,Georgia,wk inc rsv prop ed visits,prop_ed,0.0018,NA
2024-01-13,15,Hawaii,wk inc rsv prop ed visits,prop_ed,0.0051,NA
2024-01-13,16,Idaho,wk inc rsv prop ed visits,prop_ed,0.0086,NA
2024-01-13,17,Illinois,wk inc rsv prop ed visits,prop_ed,0.009,NA
2024-01-13,18,Indiana,wk inc rsv prop ed visits,prop_ed,0.0068,NA
2024-01-13,19,Iowa,wk inc rsv prop ed visits,prop_ed,0.0202,NA
2024-01-13,20,Kansas,wk inc rsv prop ed visits,prop_ed,0.011,NA
2024-01-13,21,Kentucky,wk inc rsv prop ed visits,prop_ed,0.0092,NA
2024-01-13,22,Louisiana,wk inc rsv prop ed visits,prop_ed,0.0024,NA
2024-01-13,23,Maine,wk inc rsv prop ed visits,prop_ed,0.009,NA
2024-01-13,24,Maryland,wk inc rsv prop ed visits,prop_ed,0.0048,NA
2024-01-13,25,Massachusetts,wk inc rsv prop ed visits,prop_ed,0.0053,NA
2024-01-13,26,Michigan,wk inc rsv prop ed visits,prop_ed,0.0089,NA
2024-01-13,27,Minnesota,wk inc rsv prop ed visits,prop_ed,0.0137,NA
2024-01-13,28,Mississippi,wk inc rsv prop ed visits,prop_ed,0.0022,NA
2024-01-13,30,Montana,wk inc rsv prop ed visits,prop_ed,0.0074,NA
2024-01-13,31,Nebraska,wk inc rsv prop ed visits,prop_ed,0.0061,NA
2024-01-13,32,Nevada,wk inc rsv prop ed visits,prop_ed,0.0079,NA
2024-01-13,33,New Hampshire,wk inc rsv prop ed visits,prop_ed,0.0065,NA
2024-01-13,34,New Jersey,wk inc rsv prop ed visits,prop_ed,0.0035,NA
2024-01-13,35,New Mexico,wk inc rsv prop ed visits,prop_ed,0.0149,NA
2024-01-13,36,New York,wk inc rsv prop ed visits,prop_ed,0.0045,NA
2024-01-13,37,North Carolina,wk inc rsv prop ed visits,prop_ed,0.0073,NA
2024-01-13,38,North Dakota,wk inc rsv prop ed visits,prop_ed,0.0067,NA
2024-01-13,39,Ohio,wk inc rsv prop ed visits,prop_ed,0.005,NA
2024-01-13,40,Oklahoma,wk inc rsv prop ed visits,prop_ed,0.0111,NA
2024-01-13,41,Oregon,wk inc rsv prop ed visits,prop_ed,0.0096,NA
2024-01-13,42,Pennsylvania,wk inc rsv prop ed visits,prop_ed,0.006,NA
2024-01-13,44,Rhode Island,wk inc rsv prop ed visits,prop_ed,0.004,NA
2024-01-13,45,South Carolina,wk inc rsv prop ed visits,prop_ed,0.0037,NA
2024-01-13,46,South Dakota,wk inc rsv prop ed visits,prop_ed,0.01,NA
2024-01-13,47,Tennessee,wk inc rsv prop ed visits,prop_ed,0.0054,NA
2024-01-13,48,Texas,wk inc rsv prop ed visits,prop_ed,0.0041,NA
2024-01-13,49,Utah,wk inc rsv prop ed visits,prop_ed,0.0134,NA
2024-01-13,50,Vermont,wk inc rsv prop ed visits,prop_ed,0.0168,NA
2024-01-13,51,Virginia,wk inc rsv prop ed visits,prop_ed,0.0032,NA
2024-01-13,53,Washington,wk inc rsv prop ed visits,prop_ed,0.0099,NA
2024-01-13,54,West Virginia,wk inc rsv prop ed visits,prop_ed,0.0185,NA
2024-01-13,55,Wisconsin,wk inc rsv prop ed visits,prop_ed,0.0128,NA
2024-01-13,56,Wyoming,wk inc rsv prop ed visits,prop_ed,0.0065,NA
2024-01-13,US,United States,wk inc rsv prop ed visits,prop_ed,0.0059,NA
2024-01-20,01,Alabama,wk inc rsv prop ed visits,prop_ed,0.0028,NA
2024-01-20,02,Alaska,wk inc rsv prop ed visits,prop_ed,0.0103,NA
2024-01-20,04,Arizona,wk inc rsv prop ed visits,prop_ed,0.0069,NA
2024-01-20,05,Arkansas,wk inc rsv prop ed visits,prop_ed,0.008,NA
2024-01-20,06,California,wk inc rsv prop ed visits,prop_ed,0.0051,NA
2024-01-20,08,Colorado,wk inc rsv prop ed visits,prop_ed,0.0067,NA
2024-01-20,09,Connecticut,wk inc rsv prop ed visits,prop_ed,0.002,NA
2024-01-20,10,Delaware,wk inc rsv prop ed visits,prop_ed,0.0046,NA
2024-01-20,11,District of Columbia,wk inc rsv prop ed visits,prop_ed,0.0022,NA
2024-01-20,12,Florida,wk inc rsv prop ed visits,prop_ed,0.0021,NA
2024-01-20,13,Georgia,wk inc rsv prop ed visits,prop_ed,0.0014,NA
2024-01-20,15,Hawaii,wk inc rsv prop ed visits,prop_ed,0.0029,NA
2024-01-20,16,Idaho,wk inc rsv prop ed visits,prop_ed,0.01,NA
2024-01-20,17,Illinois,wk inc rsv prop ed visits,prop_ed,0.0068,NA
2024-01-20,18,Indiana,wk inc rsv prop ed visits,prop_ed,0.005,NA
2024-01-20,19,Iowa,wk inc rsv prop ed visits,prop_ed,0.0142,NA
2024-01-20,20,Kansas,wk inc rsv prop ed visits,prop_ed,0.0073,NA
2024-01-20,21,Kentucky,wk inc rsv prop ed visits,prop_ed,0.0074,NA
2024-01-20,22,Louisiana,wk inc rsv prop ed visits,prop_ed,0.0021,NA
2024-01-20,23,Maine,wk inc rsv prop ed visits,prop_ed,0.0057,NA
2024-01-20,24,Maryland,wk inc rsv prop ed visits,prop_ed,0.0031,NA
2024-01-20,25,Massachusetts,wk inc rsv prop ed visits,prop_ed,0.0039,NA
2024-01-20,26,Michigan,wk inc rsv prop ed visits,prop_ed,0.0063,NA
2024-01-20,27,Minnesota,wk inc rsv prop ed visits,prop_ed,0.0149,NA
2024-01-20,28,Mississippi,wk inc rsv prop ed visits,prop_ed,0.0021,NA
2024-01-20,30,Montana,wk inc rsv prop ed visits,prop_ed,0.0074,NA
2024-01-20,31,Nebraska,wk inc rsv prop ed visits,prop_ed,0.0053,NA
2024-01-20,32,Nevada,wk inc rsv prop ed visits,prop_ed,0.0059,NA
2024-01-20,33,New Hampshire,wk inc rsv prop ed visits,prop_ed,0.0056,NA
2024-01-20,34,New Jersey,wk inc rsv prop ed visits,prop_ed,0.0027,NA
2024-01-20,35,New Mexico,wk inc rsv prop ed visits,prop_ed,0.0128,NA
2024-01-20,36,New York,wk inc rsv prop ed visits,prop_ed,0.0037,NA
2024-01-20,37,North Carolina,wk inc rsv prop ed visits,prop_ed,0.0049,NA
2024-01-20,38,North Dakota,wk inc rsv prop ed visits,prop_ed,0.0094,NA
2024-01-20,39,Ohio,wk inc rsv prop ed visits,prop_ed,0.0048,NA
2024-01-20,40,Oklahoma,wk inc rsv prop ed visits,prop_ed,0.007,NA
2024-01-20,41,Oregon,wk inc rsv prop ed visits,prop_ed,0.006,NA
2024-01-20,42,Pennsylvania,wk inc rsv prop ed visits,prop_ed,0.0046,NA
2024-01-20,44,Rhode Island,wk inc rsv prop ed visits,prop_ed,0.0021,NA
2024-01-20,45,South Carolina,wk inc rsv prop ed visits,prop_ed,0.0026,NA
2024-01-20,46,South Dakota,wk inc rsv prop ed visits,prop_ed,0.0085,NA
2024-01-20,47,Tennessee,wk inc rsv prop ed visits,prop_ed,0.0048,NA
2024-01-20,48,Texas,wk inc rsv prop ed visits,prop_ed,0.0033,NA
2024-01-20,49,Utah,wk inc rsv prop ed visits,prop_ed,0.0126,NA
2024-01-20,50,Vermont,wk inc rsv prop ed visits,prop_ed,0.0122,NA
2024-01-20,51,Virginia,wk inc rsv prop ed visits,prop_ed,0.0025,NA
2024-01-20,53,Washington,wk inc rsv prop ed visits,prop_ed,0.007,NA
2024-01-20,54,West Virginia,wk inc rsv prop ed visits,prop_ed,0.0159,NA
2024-01-20,55,Wisconsin,wk inc rsv prop ed visits,prop_ed,0.0098,NA
2024-01-20,56,Wyoming,wk inc rsv prop ed visits,prop_ed,0.0078,NA
2024-01-20,US,United States,wk inc rsv prop ed visits,prop_ed,0.0047,NA
2024-01-27,01,Alabama,wk inc rsv prop ed visits,prop_ed,0.0025,NA
2024-01-27,02,Alaska,wk inc rsv prop ed visits,prop_ed,0.007,NA
2024-01-27,04,Arizona,wk inc rsv prop ed visits,prop_ed,0.0067,NA
2024-01-27,05,Arkansas,wk inc rsv prop ed visits,prop_ed,0.0046,NA
2024-01-27,06,California,wk inc rsv prop ed visits,prop_ed,0.0046,NA
2024-01-27,08,Colorado,wk inc rsv prop ed visits,prop_ed,0.0064,NA
2024-01-27,09,Connecticut,wk inc rsv prop ed visits,prop_ed,0.0013,NA
2024-01-27,10,Delaware,wk inc rsv prop ed visits,prop_ed,0.0032,NA
2024-01-27,11,District of Columbia,wk inc rsv prop ed visits,prop_ed,0.0017,NA
2024-01-27,12,Florida,wk inc rsv prop ed visits,prop_ed,0.0019,NA
2024-01-27,13,Georgia,wk inc rsv prop ed visits,prop_ed,0.0013,NA
2024-01-27,15,Hawaii,wk inc rsv prop ed visits,prop_ed,0.0026,NA
2024-01-27,16,Idaho,wk inc rsv prop ed visits,prop_ed,0.0101,NA
2024-01-27,17,Illinois,wk inc rsv prop ed visits,prop_ed,0.0045,NA
2024-01-27,18,Indiana,wk inc rsv prop ed visits,prop_ed,0.0037,NA
2024-01-27,19,Iowa,wk inc rsv prop ed visits,prop_ed,0.0119,NA
2024-01-27,20,Kansas,wk inc rsv prop ed visits,prop_ed,0.0067,NA
2024-01-27,21,Kentucky,wk inc rsv prop ed visits,prop_ed,0.0049,NA
2024-01-27,22,Louisiana,wk inc rsv prop ed visits,prop_ed,0.0013,NA
2024-01-27,23,Maine,wk inc rsv prop ed visits,prop_ed,0.0051,NA
2024-01-27,24,Maryland,wk inc rsv prop ed visits,prop_ed,0.0022,NA
2024-01-27,25,Massachusetts,wk inc rsv prop ed visits,prop_ed,0.0031,NA
2024-01-27,26,Michigan,wk inc rsv prop ed visits,prop_ed,0.0047,NA
2024-01-27,27,Minnesota,wk inc rsv prop ed visits,prop_ed,0.0116,NA
2024-01-27,28,Mississippi,wk inc rsv prop ed visits,prop_ed,0.0013,NA
2024-01-27,30,Montana,wk inc rsv prop ed visits,prop_ed,0.0067,NA
2024-01-27,31,Nebraska,wk inc rsv prop ed visits,prop_ed,0.0052,NA
2024-01-27,32,Nevada,wk inc rsv prop ed visits,prop_ed,0.0054,NA
2024-01-27,33,New Hampshire,wk inc rsv prop ed visits,prop_ed,0.0067,NA
2024-01-27,34,New Jersey,wk inc rsv prop ed visits,prop_ed,0.0021,NA
2024-01-27,35,New Mexico,wk inc rsv prop ed visits,prop_ed,0.0118,NA
2024-01-27,36,New York,wk inc rsv prop ed visits,prop_ed,0.0027,NA
2024-01-27,37,North Carolina,wk inc rsv prop ed visits,prop_ed,0.0041,NA
2024-01-27,38,North Dakota,wk inc rsv prop ed visits,prop_ed,0.0093,NA
2024-01-27,39,Ohio,wk inc rsv prop ed visits,prop_ed,0.0031,NA
2024-01-27,40,Oklahoma,wk inc rsv prop ed visits,prop_ed,0.0056,NA
2024-01-27,41,Oregon,wk inc rsv prop ed visits,prop_ed,0.0054,NA
2024-01-27,42,Pennsylvania,wk inc rsv prop ed visits,prop_ed,0.0031,NA
2024-01-27,44,Rhode Island,wk inc rsv prop ed visits,prop_ed,0.0024,NA
2024-01-27,45,South Carolina,wk inc rsv prop ed visits,prop_ed,0.0022,NA
2024-01-27,46,South Dakota,wk inc rsv prop ed visits,prop_ed,0.0097,NA
2024-01-27,47,Tennessee,wk inc rsv prop ed visits,prop_ed,0.0028,NA
2024-01-27,48,Texas,wk inc rsv prop ed visits,prop_ed,0.0026,NA
2024-01-27,49,Utah,wk inc rsv prop ed visits,prop_ed,0.0134,NA
2024-01-27,50,Vermont,wk inc rsv prop ed visits,prop_ed,0.0115,NA
2024-01-27,51,Virginia,wk inc rsv prop ed visits,prop_ed,0.002,NA
2024-01-27,53,Washington,wk inc rsv prop ed visits,prop_ed,0.0058,NA
2024-01-27,54,West Virginia,wk inc rsv prop ed visits,prop_ed,0.0127,NA
2024-01-27,55,Wisconsin,wk inc rsv prop ed visits,prop_ed,0.0083,NA
2024-01-27,56,Wyoming,wk inc rsv prop ed visits,prop_ed,0.0073,NA
2024-01-27,US,United States,wk inc rsv prop ed visits,prop_ed,0.0038,NA
2024-02-03,01,Alabama,wk inc rsv prop ed visits,prop_ed,0.0016,NA
2024-02-03,02,Alaska,wk inc rsv prop ed visits,prop_ed,0.01,NA
2024-02-03,04,Arizona,wk inc rsv prop ed visits,prop_ed,0.0066,NA
2024-02-03,05,Arkansas,wk inc rsv prop ed visits,prop_ed,0.0039,NA
2024-02-03,06,California,wk inc rsv prop ed visits,prop_ed,0.0037,NA
2024-02-03,08,Colorado,wk inc rsv prop ed visits,prop_ed,0.006,NA
2024-02-03,09,Connecticut,wk inc rsv prop ed visits,prop_ed,0.0015,NA
2024-02-03,10,Delaware,wk inc rsv prop ed visits,prop_ed,0.002,NA
2024-02-03,11,District of Columbia,wk inc rsv prop ed visits,prop_ed,0.0021,NA
2024-02-03,12,Florida,wk inc rsv prop ed visits,prop_ed,0.0017,NA
2024-02-03,13,Georgia,wk inc rsv prop ed visits,prop_ed,0.0012,NA
2024-02-03,15,Hawaii,wk inc rsv prop ed visits,prop_ed,0.0029,NA
2024-02-03,16,Idaho,wk inc rsv prop ed visits,prop_ed,0.0075,NA
2024-02-03,17,Illinois,wk inc rsv prop ed visits,prop_ed,0.0045,NA
2024-02-03,18,Indiana,wk inc rsv prop ed visits,prop_ed,0.0028,NA
2024-02-03,19,Iowa,wk inc rsv prop ed visits,prop_ed,0.0118,NA
2024-02-03,20,Kansas,wk inc rsv prop ed visits,prop_ed,0.006,NA
2024-02-03,21,Kentucky,wk inc rsv prop ed visits,prop_ed,0.0036,NA
2024-02-03,22,Louisiana,wk inc rsv prop ed visits,prop_ed,0.0011,NA
2024-02-03,23,Maine,wk inc rsv prop ed visits,prop_ed,0.0048,NA
2024-02-03,24,Maryland,wk inc rsv prop ed visits,prop_ed,0.0016,NA
2024-02-03,25,Massachusetts,wk inc rsv prop ed visits,prop_ed,0.0031,NA
2024-02-03,26,Michigan,wk inc rsv prop ed visits,prop_ed,0.0042,NA
2024-02-03,27,Minnesota,wk inc rsv prop ed visits,prop_ed,0.0117,NA
2024-02-03,28,Mississippi,wk inc rsv prop ed visits,prop_ed,8e-4,NA
2024-02-03,30,Montana,wk inc rsv prop ed visits,prop_ed,0.0075,NA
2024-02-03,31,Nebraska,wk inc rsv prop ed visits,prop_ed,0.0055,NA
2024-02-03,32,Nevada,wk inc rsv prop ed visits,prop_ed,0.0053,NA
2024-02-03,33,New Hampshire,wk inc rsv prop ed visits,prop_ed,0.0043,NA
2024-02-03,34,New Jersey,wk inc rsv prop ed visits,prop_ed,0.0017,NA
2024-02-03,35,New Mexico,wk inc rsv prop ed visits,prop_ed,0.011,NA
2024-02-03,36,New York,wk inc rsv prop ed visits,prop_ed,0.0025,NA
2024-02-03,37,North Carolina,wk inc rsv prop ed visits,prop_ed,0.0037,NA
2024-02-03,38,North Dakota,wk inc rsv prop ed visits,prop_ed,0.01,NA
2024-02-03,39,Ohio,wk inc rsv prop ed visits,prop_ed,0.0026,NA
2024-02-03,40,Oklahoma,wk inc rsv prop ed visits,prop_ed,0.0049,NA
2024-02-03,41,Oregon,wk inc rsv prop ed visits,prop_ed,0.0052,NA
2024-02-03,42,Pennsylvania,wk inc rsv prop ed visits,prop_ed,0.0027,NA
2024-02-03,44,Rhode Island,wk inc rsv prop ed visits,prop_ed,0.0021,NA
2024-02-03,45,South Carolina,wk inc rsv prop ed visits,prop_ed,0.0019,NA
2024-02-03,46,South Dakota,wk inc rsv prop ed visits,prop_ed,0.0128,NA
2024-02-03,47,Tennessee,wk inc rsv prop ed visits,prop_ed,0.0017,NA
2024-02-03,48,Texas,wk inc rsv prop ed visits,prop_ed,0.0024,NA
2024-02-03,49,Utah,wk inc rsv prop ed visits,prop_ed,0.0129,NA
2024-02-03,50,Vermont,wk inc rsv prop ed visits,prop_ed,0.0152,NA
2024-02-03,51,Virginia,wk inc rsv prop ed visits,prop_ed,0.0016,NA
2024-02-03,53,Washington,wk inc rsv prop ed visits,prop_ed,0.0059,NA
2024-02-03,54,West Virginia,wk inc rsv prop ed visits,prop_ed,0.0095,NA
2024-02-03,55,Wisconsin,wk inc rsv prop ed visits,prop_ed,0.0083,NA
2024-02-03,56,Wyoming,wk inc rsv prop ed visits,prop_ed,0.0099,NA
2024-02-03,US,United States,wk inc rsv prop ed visits,prop_ed,0.0034,NA
2024-02-10,01,Alabama,wk inc rsv prop ed visits,prop_ed,0.0016,NA
2024-02-10,02,Alaska,wk inc rsv prop ed visits,prop_ed,0.0055,NA
2024-02-10,04,Arizona,wk inc rsv prop ed visits,prop_ed,0.0058,NA
2024-02-10,05,Arkansas,wk inc rsv prop ed visits,prop_ed,0.003,NA
2024-02-10,06,California,wk inc rsv prop ed visits,prop_ed,0.0032,NA
2024-02-10,08,Colorado,wk inc rsv prop ed visits,prop_ed,0.0053,NA
2024-02-10,09,Connecticut,wk inc rsv prop ed visits,prop_ed,0.0011,NA
2024-02-10,10,Delaware,wk inc rsv prop ed visits,prop_ed,0.0029,NA
2024-02-10,11,District of Columbia,wk inc rsv prop ed visits,prop_ed,0.001,NA
2024-02-10,12,Florida,wk inc rsv prop ed visits,prop_ed,0.0013,NA
2024-02-10,13,Georgia,wk inc rsv prop ed visits,prop_ed,0.001,NA
2024-02-10,15,Hawaii,wk inc rsv prop ed visits,prop_ed,0.0021,NA
2024-02-10,16,Idaho,wk inc rsv prop ed visits,prop_ed,0.01,NA
2024-02-10,17,Illinois,wk inc rsv prop ed visits,prop_ed,0.0043,NA
2024-02-10,18,Indiana,wk inc rsv prop ed visits,prop_ed,0.0029,NA
2024-02-10,19,Iowa,wk inc rsv prop ed visits,prop_ed,0.0117,NA
2024-02-10,20,Kansas,wk inc rsv prop ed visits,prop_ed,0.0054,NA
2024-02-10,21,Kentucky,wk inc rsv prop ed visits,prop_ed,0.0026,NA
2024-02-10,22,Louisiana,wk inc rsv prop ed visits,prop_ed,0.0011,NA
2024-02-10,23,Maine,wk inc rsv prop ed visits,prop_ed,0.0046,NA
2024-02-10,24,Maryland,wk inc rsv prop ed visits,prop_ed,0.0017,NA
2024-02-10,25,Massachusetts,wk inc rsv prop ed visits,prop_ed,0.0021,NA
2024-02-10,26,Michigan,wk inc rsv prop ed visits,prop_ed,0.0034,NA
2024-02-10,27,Minnesota,wk inc rsv prop ed visits,prop_ed,0.0109,NA
2024-02-10,28,Mississippi,wk inc rsv prop ed visits,prop_ed,8e-4,NA
2024-02-10,30,Montana,wk inc rsv prop ed visits,prop_ed,0.0099,NA
2024-02-10,31,Nebraska,wk inc rsv prop ed visits,prop_ed,0.0055,NA
2024-02-10,32,Nevada,wk inc rsv prop ed visits,prop_ed,0.0045,NA
2024-02-10,33,New Hampshire,wk inc rsv prop ed visits,prop_ed,0.003,NA
2024-02-10,34,New Jersey,wk inc rsv prop ed visits,prop_ed,0.0015,NA
2024-02-10,35,New Mexico,wk inc rsv prop ed visits,prop_ed,0.0086,NA
2024-02-10,36,New York,wk inc rsv prop ed visits,prop_ed,0.002,NA
2024-02-10,37,North Carolina,wk inc rsv prop ed visits,prop_ed,0.0027,NA
2024-02-10,38,North Dakota,wk inc rsv prop ed visits,prop_ed,0.0086,NA
2024-02-10,39,Ohio,wk inc rsv prop ed visits,prop_ed,0.0023,NA
2024-02-10,40,Oklahoma,wk inc rsv prop ed visits,prop_ed,0.005,NA
2024-02-10,41,Oregon,wk inc rsv prop ed visits,prop_ed,0.0053,NA
2024-02-10,42,Pennsylvania,wk inc rsv prop ed visits,prop_ed,0.0023,NA
2024-02-10,44,Rhode Island,wk inc rsv prop ed visits,prop_ed,0.001,NA
2024-02-10,45,South Carolina,wk inc rsv prop ed visits,prop_ed,0.0017,NA
2024-02-10,46,South Dakota,wk inc rsv prop ed visits,prop_ed,0.009,NA
2024-02-10,47,Tennessee,wk inc rsv prop ed visits,prop_ed,0.002,NA
2024-02-10,48,Texas,wk inc rsv prop ed visits,prop_ed,0.002,NA
2024-02-10,49,Utah,wk inc rsv prop ed visits,prop_ed,0.012,NA
2024-02-10,50,Vermont,wk inc rsv prop ed visits,prop_ed,0.0118,NA
2024-02-10,51,Virginia,wk inc rsv prop ed visits,prop_ed,0.0011,NA
2024-02-10,53,Washington,wk inc rsv prop ed visits,prop_ed,0.0056,NA
2024-02-10,54,West Virginia,wk inc rsv prop ed visits,prop_ed,0.0061,NA
2024-02-10,55,Wisconsin,wk inc rsv prop ed visits,prop_ed,0.0077,NA
2024-02-10,56,Wyoming,wk inc rsv prop ed visits,prop_ed,0.0142,NA
2024-02-10,US,United States,wk inc rsv prop ed visits,prop_ed,0.003,NA
2024-02-17,01,Alabama,wk inc rsv prop ed visits,prop_ed,0.0015,NA
2024-02-17,02,Alaska,wk inc rsv prop ed visits,prop_ed,0.0046,NA
2024-02-17,04,Arizona,wk inc rsv prop ed visits,prop_ed,0.0045,NA
2024-02-17,05,Arkansas,wk inc rsv prop ed visits,prop_ed,0.002,NA
2024-02-17,06,California,wk inc rsv prop ed visits,prop_ed,0.0024,NA
2024-02-17,08,Colorado,wk inc rsv prop ed visits,prop_ed,0.0051,NA
2024-02-17,09,Connecticut,wk inc rsv prop ed visits,prop_ed,0.0014,NA
2024-02-17,10,Delaware,wk inc rsv prop ed visits,prop_ed,0.0016,NA
2024-02-17,11,District of Columbia,wk inc rsv prop ed visits,prop_ed,0.0014,NA
2024-02-17,12,Florida,wk inc rsv prop ed visits,prop_ed,0.0011,NA
2024-02-17,13,Georgia,wk inc rsv prop ed visits,prop_ed,0.0011,NA
2024-02-17,15,Hawaii,wk inc rsv prop ed visits,prop_ed,0.0017,NA
2024-02-17,16,Idaho,wk inc rsv prop ed visits,prop_ed,0.0088,NA
2024-02-17,17,Illinois,wk inc rsv prop ed visits,prop_ed,0.0034,NA
2024-02-17,18,Indiana,wk inc rsv prop ed visits,prop_ed,0.0024,NA
2024-02-17,19,Iowa,wk inc rsv prop ed visits,prop_ed,0.0106,NA
2024-02-17,20,Kansas,wk inc rsv prop ed visits,prop_ed,0.0049,NA
2024-02-17,21,Kentucky,wk inc rsv prop ed visits,prop_ed,0.002,NA
2024-02-17,22,Louisiana,wk inc rsv prop ed visits,prop_ed,0.001,NA
2024-02-17,23,Maine,wk inc rsv prop ed visits,prop_ed,0.0046,NA
2024-02-17,24,Maryland,wk inc rsv prop ed visits,prop_ed,0.0017,NA
2024-02-17,25,Massachusetts,wk inc rsv prop ed visits,prop_ed,0.002,NA
2024-02-17,26,Michigan,wk inc rsv prop ed visits,prop_ed,0.0034,NA
2024-02-17,27,Minnesota,wk inc rsv prop ed visits,prop_ed,0.0091,NA
2024-02-17,28,Mississippi,wk inc rsv prop ed visits,prop_ed,9e-4,NA
2024-02-17,30,Montana,wk inc rsv prop ed visits,prop_ed,0.0119,NA
2024-02-17,31,Nebraska,wk inc rsv prop ed visits,prop_ed,0.0049,NA
2024-02-17,32,Nevada,wk inc rsv prop ed visits,prop_ed,0.0043,NA
2024-02-17,33,New Hampshire,wk inc rsv prop ed visits,prop_ed,0.0023,NA
2024-02-17,34,New Jersey,wk inc rsv prop ed visits,prop_ed,0.0012,NA
2024-02-17,35,New Mexico,wk inc rsv prop ed visits,prop_ed,0.0065,NA
2024-02-17,36,New York,wk inc rsv prop ed visits,prop_ed,0.0016,NA
2024-02-17,37,North Carolina,wk inc rsv prop ed visits,prop_ed,0.0024,NA
2024-02-17,38,North Dakota,wk inc rsv prop ed visits,prop_ed,0.0086,NA
2024-02-17,39,Ohio,wk inc rsv prop ed visits,prop_ed,0.002,NA
2024-02-17,40,Oklahoma,wk inc rsv prop ed visits,prop_ed,0.0033,NA
2024-02-17,41,Oregon,wk inc rsv prop ed visits,prop_ed,0.0038,NA
2024-02-17,42,Pennsylvania,wk inc rsv prop ed visits,prop_ed,0.0019,NA
2024-02-17,44,Rhode Island,wk inc rsv prop ed visits,prop_ed,0.0012,NA
2024-02-17,45,South Carolina,wk inc rsv prop ed visits,prop_ed,0.0014,NA
2024-02-17,46,South Dakota,wk inc rsv prop ed visits,prop_ed,0.0128,NA
2024-02-17,47,Tennessee,wk inc rsv prop ed visits,prop_ed,0.0017,NA
2024-02-17,48,Texas,wk inc rsv prop ed visits,prop_ed,0.0018,NA
2024-02-17,49,Utah,wk inc rsv prop ed visits,prop_ed,0.01,NA
2024-02-17,50,Vermont,wk inc rsv prop ed visits,prop_ed,0.0111,NA
2024-02-17,51,Virginia,wk inc rsv prop ed visits,prop_ed,0.0011,NA
2024-02-17,53,Washington,wk inc rsv prop ed visits,prop_ed,0.0047,NA
2024-02-17,54,West Virginia,wk inc rsv prop ed visits,prop_ed,0.0076,NA
2024-02-17,55,Wisconsin,wk inc rsv prop ed visits,prop_ed,0.0065,NA
2024-02-17,56,Wyoming,wk inc rsv prop ed visits,prop_ed,0.0113,NA
2024-02-17,US,United States,wk inc rsv prop ed visits,prop_ed,0.0026,NA
2024-02-24,01,Alabama,wk inc rsv prop ed visits,prop_ed,0.0012,NA
2024-02-24,02,Alaska,wk inc rsv prop ed visits,prop_ed,0.0053,NA
2024-02-24,04,Arizona,wk inc rsv prop ed visits,prop_ed,0.0041,NA
2024-02-24,05,Arkansas,wk inc rsv prop ed visits,prop_ed,0.0029,NA
2024-02-24,06,California,wk inc rsv prop ed visits,prop_ed,0.0021,NA
2024-02-24,08,Colorado,wk inc rsv prop ed visits,prop_ed,0.0037,NA
2024-02-24,09,Connecticut,wk inc rsv prop ed visits,prop_ed,5e-4,NA
2024-02-24,10,Delaware,wk inc rsv prop ed visits,prop_ed,0.0013,NA
2024-02-24,11,District of Columbia,wk inc rsv prop ed visits,prop_ed,0.0012,NA
2024-02-24,12,Florida,wk inc rsv prop ed visits,prop_ed,0.0011,NA
2024-02-24,13,Georgia,wk inc rsv prop ed visits,prop_ed,9e-4,NA
2024-02-24,15,Hawaii,wk inc rsv prop ed visits,prop_ed,0.0014,NA
2024-02-24,16,Idaho,wk inc rsv prop ed visits,prop_ed,0.0076,NA
2024-02-24,17,Illinois,wk inc rsv prop ed visits,prop_ed,0.0033,NA
2024-02-24,18,Indiana,wk inc rsv prop ed visits,prop_ed,0.0021,NA
2024-02-24,19,Iowa,wk inc rsv prop ed visits,prop_ed,0.011,NA
2024-02-24,20,Kansas,wk inc rsv prop ed visits,prop_ed,0.0037,NA
2024-02-24,21,Kentucky,wk inc rsv prop ed visits,prop_ed,0.0024,NA
2024-02-24,22,Louisiana,wk inc rsv prop ed visits,prop_ed,7e-4,NA
2024-02-24,23,Maine,wk inc rsv prop ed visits,prop_ed,0.0034,NA
2024-02-24,24,Maryland,wk inc rsv prop ed visits,prop_ed,0.0012,NA
2024-02-24,25,Massachusetts,wk inc rsv prop ed visits,prop_ed,0.0017,NA
2024-02-24,26,Michigan,wk inc rsv prop ed visits,prop_ed,0.003,NA
2024-02-24,27,Minnesota,wk inc rsv prop ed visits,prop_ed,0.008,NA
2024-02-24,28,Mississippi,wk inc rsv prop ed visits,prop_ed,7e-4,NA
2024-02-24,30,Montana,wk inc rsv prop ed visits,prop_ed,0.0116,NA
2024-02-24,31,Nebraska,wk inc rsv prop ed visits,prop_ed,0.0037,NA
2024-02-24,32,Nevada,wk inc rsv prop ed visits,prop_ed,0.0036,NA
2024-02-24,33,New Hampshire,wk inc rsv prop ed visits,prop_ed,0.0014,NA
2024-02-24,34,New Jersey,wk inc rsv prop ed visits,prop_ed,9e-4,NA
2024-02-24,35,New Mexico,wk inc rsv prop ed visits,prop_ed,0.006,NA
2024-02-24,36,New York,wk inc rsv prop ed visits,prop_ed,0.0015,NA
2024-02-24,37,North Carolina,wk inc rsv prop ed visits,prop_ed,0.0019,NA
2024-02-24,38,North Dakota,wk inc rsv prop ed visits,prop_ed,0.0074,NA
2024-02-24,39,Ohio,wk inc rsv prop ed visits,prop_ed,0.0017,NA
2024-02-24,40,Oklahoma,wk inc rsv prop ed visits,prop_ed,0.0035,NA
2024-02-24,41,Oregon,wk inc rsv prop ed visits,prop_ed,0.003,NA
2024-02-24,42,Pennsylvania,wk inc rsv prop ed visits,prop_ed,0.0015,NA
2024-02-24,44,Rhode Island,wk inc rsv prop ed visits,prop_ed,8e-4,NA
2024-02-24,45,South Carolina,wk inc rsv prop ed visits,prop_ed,0.0011,NA
2024-02-24,46,South Dakota,wk inc rsv prop ed visits,prop_ed,0.0145,NA
2024-02-24,47,Tennessee,wk inc rsv prop ed visits,prop_ed,0.0016,NA
2024-02-24,48,Texas,wk inc rsv prop ed visits,prop_ed,0.0016,NA
2024-02-24,49,Utah,wk inc rsv prop ed visits,prop_ed,0.0089,NA
2024-02-24,50,Vermont,wk inc rsv prop ed visits,prop_ed,0.0083,NA
2024-02-24,51,Virginia,wk inc rsv prop ed visits,prop_ed,0.001,NA
2024-02-24,53,Washington,wk inc rsv prop ed visits,prop_ed,0.0048,NA
2024-02-24,54,West Virginia,wk inc rsv prop ed visits,prop_ed,0.0047,NA
2024-02-24,55,Wisconsin,wk inc rsv prop ed visits,prop_ed,0.0059,NA
2024-02-24,56,Wyoming,wk inc rsv prop ed visits,prop_ed,0.0088,NA
2024-02-24,US,United States,wk inc rsv prop ed visits,prop_ed,0.0023,NA
2024-03-02,01,Alabama,wk inc rsv prop ed visits,prop_ed,0.0012,NA
2024-03-02,02,Alaska,wk inc rsv prop ed visits,prop_ed,0.0045,NA
2024-03-02,04,Arizona,wk inc rsv prop ed visits,prop_ed,0.0033,NA
2024-03-02,05,Arkansas,wk inc rsv prop ed visits,prop_ed,0.0017,NA
2024-03-02,06,California,wk inc rsv prop ed visits,prop_ed,0.0017,NA
2024-03-02,08,Colorado,wk inc rsv prop ed visits,prop_ed,0.0039,NA
2024-03-02,09,Connecticut,wk inc rsv prop ed visits,prop_ed,6e-4,NA
2024-03-02,10,Delaware,wk inc rsv prop ed visits,prop_ed,0.0012,NA
2024-03-02,11,District of Columbia,wk inc rsv prop ed visits,prop_ed,0.0016,NA
2024-03-02,12,Florida,wk inc rsv prop ed visits,prop_ed,9e-4,NA
2024-03-02,13,Georgia,wk inc rsv prop ed visits,prop_ed,8e-4,NA
2024-03-02,15,Hawaii,wk inc rsv prop ed visits,prop_ed,0.0011,NA
2024-03-02,16,Idaho,wk inc rsv prop ed visits,prop_ed,0.0064,NA
2024-03-02,17,Illinois,wk inc rsv prop ed visits,prop_ed,0.0029,NA
2024-03-02,18,Indiana,wk inc rsv prop ed visits,prop_ed,0.0018,NA
2024-03-02,19,Iowa,wk inc rsv prop ed visits,prop_ed,0.0083,NA
2024-03-02,20,Kansas,wk inc rsv prop ed visits,prop_ed,0.0032,NA
2024-03-02,21,Kentucky,wk inc rsv prop ed visits,prop_ed,0.0022,NA
2024-03-02,22,Louisiana,wk inc rsv prop ed visits,prop_ed,8e-4,NA
2024-03-02,23,Maine,wk inc rsv prop ed visits,prop_ed,0.0032,NA
2024-03-02,24,Maryland,wk inc rsv prop ed visits,prop_ed,0.0011,NA
2024-03-02,25,Massachusetts,wk inc rsv prop ed visits,prop_ed,0.0014,NA
2024-03-02,26,Michigan,wk inc rsv prop ed visits,prop_ed,0.0025,NA
2024-03-02,27,Minnesota,wk inc rsv prop ed visits,prop_ed,0.006,NA
2024-03-02,28,Mississippi,wk inc rsv prop ed visits,prop_ed,0.0011,NA
2024-03-02,30,Montana,wk inc rsv prop ed visits,prop_ed,0.0083,NA
2024-03-02,31,Nebraska,wk inc rsv prop ed visits,prop_ed,0.0034,NA
2024-03-02,32,Nevada,wk inc rsv prop ed visits,prop_ed,0.0031,NA
2024-03-02,33,New Hampshire,wk inc rsv prop ed visits,prop_ed,0.0034,NA
2024-03-02,34,New Jersey,wk inc rsv prop ed visits,prop_ed,9e-4,NA
2024-03-02,35,New Mexico,wk inc rsv prop ed visits,prop_ed,0.0066,NA
2024-03-02,36,New York,wk inc rsv prop ed visits,prop_ed,0.0012,NA
2024-03-02,37,North Carolina,wk inc rsv prop ed visits,prop_ed,0.0019,NA
2024-03-02,38,North Dakota,wk inc rsv prop ed visits,prop_ed,0.0074,NA
2024-03-02,39,Ohio,wk inc rsv prop ed visits,prop_ed,0.0014,NA
2024-03-02,40,Oklahoma,wk inc rsv prop ed visits,prop_ed,0.0027,NA
2024-03-02,41,Oregon,wk inc rsv prop ed visits,prop_ed,0.0032,NA
2024-03-02,42,Pennsylvania,wk inc rsv prop ed visits,prop_ed,0.0015,NA
2024-03-02,44,Rhode Island,wk inc rsv prop ed visits,prop_ed,0.001,NA
2024-03-02,45,South Carolina,wk inc rsv prop ed visits,prop_ed,9e-4,NA
2024-03-02,46,South Dakota,wk inc rsv prop ed visits,prop_ed,0.0124,NA
2024-03-02,47,Tennessee,wk inc rsv prop ed visits,prop_ed,0.0012,NA
2024-03-02,48,Texas,wk inc rsv prop ed visits,prop_ed,0.0014,NA
2024-03-02,49,Utah,wk inc rsv prop ed visits,prop_ed,0.0068,NA
2024-03-02,50,Vermont,wk inc rsv prop ed visits,prop_ed,0.0067,NA
2024-03-02,51,Virginia,wk inc rsv prop ed visits,prop_ed,7e-4,NA
2024-03-02,53,Washington,wk inc rsv prop ed visits,prop_ed,0.0037,NA
2024-03-02,54,West Virginia,wk inc rsv prop ed visits,prop_ed,0.0046,NA
2024-03-02,55,Wisconsin,wk inc rsv prop ed visits,prop_ed,0.0052,NA
2024-03-02,56,Wyoming,wk inc rsv prop ed visits,prop_ed,0.0077,NA
2024-03-02,US,United States,wk inc rsv prop ed visits,prop_ed,0.002,NA
2024-03-09,01,Alabama,wk inc rsv prop ed visits,prop_ed,0.001,NA
2024-03-09,02,Alaska,wk inc rsv prop ed visits,prop_ed,0.0021,NA
2024-03-09,04,Arizona,wk inc rsv prop ed visits,prop_ed,0.0021,NA
2024-03-09,05,Arkansas,wk inc rsv prop ed visits,prop_ed,0.0015,NA
2024-03-09,06,California,wk inc rsv prop ed visits,prop_ed,0.0014,NA
2024-03-09,08,Colorado,wk inc rsv prop ed visits,prop_ed,0.0036,NA
2024-03-09,09,Connecticut,wk inc rsv prop ed visits,prop_ed,5e-4,NA
2024-03-09,10,Delaware,wk inc rsv prop ed visits,prop_ed,0.0021,NA
2024-03-09,11,District of Columbia,wk inc rsv prop ed visits,prop_ed,0.0011,NA
2024-03-09,12,Florida,wk inc rsv prop ed visits,prop_ed,8e-4,NA
2024-03-09,13,Georgia,wk inc rsv prop ed visits,prop_ed,8e-4,NA
2024-03-09,15,Hawaii,wk inc rsv prop ed visits,prop_ed,0.0015,NA
2024-03-09,16,Idaho,wk inc rsv prop ed visits,prop_ed,0.005,NA
2024-03-09,17,Illinois,wk inc rsv prop ed visits,prop_ed,0.0023,NA
2024-03-09,18,Indiana,wk inc rsv prop ed visits,prop_ed,0.0016,NA
2024-03-09,19,Iowa,wk inc rsv prop ed visits,prop_ed,0.0067,NA
2024-03-09,20,Kansas,wk inc rsv prop ed visits,prop_ed,0.0028,NA
2024-03-09,21,Kentucky,wk inc rsv prop ed visits,prop_ed,0.0016,NA
2024-03-09,22,Louisiana,wk inc rsv prop ed visits,prop_ed,6e-4,NA
2024-03-09,23,Maine,wk inc rsv prop ed visits,prop_ed,0.0023,NA
2024-03-09,24,Maryland,wk inc rsv prop ed visits,prop_ed,0.001,NA
2024-03-09,25,Massachusetts,wk inc rsv prop ed visits,prop_ed,9e-4,NA
2024-03-09,26,Michigan,wk inc rsv prop ed visits,prop_ed,0.0021,NA
2024-03-09,27,Minnesota,wk inc rsv prop ed visits,prop_ed,0.0045,NA
2024-03-09,28,Mississippi,wk inc rsv prop ed visits,prop_ed,8e-4,NA
2024-03-09,30,Montana,wk inc rsv prop ed visits,prop_ed,0.0077,NA
2024-03-09,31,Nebraska,wk inc rsv prop ed visits,prop_ed,0.0032,NA
2024-03-09,32,Nevada,wk inc rsv prop ed visits,prop_ed,0.0024,NA
2024-03-09,33,New Hampshire,wk inc rsv prop ed visits,prop_ed,0.0022,NA
2024-03-09,34,New Jersey,wk inc rsv prop ed visits,prop_ed,9e-4,NA
2024-03-09,35,New Mexico,wk inc rsv prop ed visits,prop_ed,0.0045,NA
2024-03-09,36,New York,wk inc rsv prop ed visits,prop_ed,9e-4,NA
2024-03-09,37,North Carolina,wk inc rsv prop ed visits,prop_ed,0.0017,NA
2024-03-09,38,North Dakota,wk inc rsv prop ed visits,prop_ed,0.0056,NA
2024-03-09,39,Ohio,wk inc rsv prop ed visits,prop_ed,0.0012,NA
2024-03-09,40,Oklahoma,wk inc rsv prop ed visits,prop_ed,0.0023,NA
2024-03-09,41,Oregon,wk inc rsv prop ed visits,prop_ed,0.0029,NA
2024-03-09,42,Pennsylvania,wk inc rsv prop ed visits,prop_ed,0.0012,NA
2024-03-09,44,Rhode Island,wk inc rsv prop ed visits,prop_ed,2e-4,NA
2024-03-09,45,South Carolina,wk inc rsv prop ed visits,prop_ed,8e-4,NA
2024-03-09,46,South Dakota,wk inc rsv prop ed visits,prop_ed,0.0101,NA
2024-03-09,47,Tennessee,wk inc rsv prop ed visits,prop_ed,0.0015,NA
2024-03-09,48,Texas,wk inc rsv prop ed visits,prop_ed,0.0011,NA
2024-03-09,49,Utah,wk inc rsv prop ed visits,prop_ed,0.0048,NA
2024-03-09,50,Vermont,wk inc rsv prop ed visits,prop_ed,0.0056,NA
2024-03-09,51,Virginia,wk inc rsv prop ed visits,prop_ed,8e-4,NA
2024-03-09,53,Washington,wk inc rsv prop ed visits,prop_ed,0.0026,NA
2024-03-09,54,West Virginia,wk inc rsv prop ed visits,prop_ed,0.0043,NA
2024-03-09,55,Wisconsin,wk inc rsv prop ed visits,prop_ed,0.0043,NA
2024-03-09,56,Wyoming,wk inc rsv prop ed visits,prop_ed,0.0079,NA
2024-03-09,US,United States,wk inc rsv prop ed visits,prop_ed,0.0016,NA
2024-03-16,01,Alabama,wk inc rsv prop ed visits,prop_ed,7e-4,NA
2024-03-16,02,Alaska,wk inc rsv prop ed visits,prop_ed,0.0012,NA
2024-03-16,04,Arizona,wk inc rsv prop ed visits,prop_ed,0.0018,NA
2024-03-16,05,Arkansas,wk inc rsv prop ed visits,prop_ed,0.0013,NA
2024-03-16,06,California,wk inc rsv prop ed visits,prop_ed,0.001,NA
2024-03-16,08,Colorado,wk inc rsv prop ed visits,prop_ed,0.0028,NA
2024-03-16,09,Connecticut,wk inc rsv prop ed visits,prop_ed,3e-4,NA
2024-03-16,10,Delaware,wk inc rsv prop ed visits,prop_ed,7e-4,NA
2024-03-16,11,District of Columbia,wk inc rsv prop ed visits,prop_ed,0.0017,NA
2024-03-16,12,Florida,wk inc rsv prop ed visits,prop_ed,8e-4,NA
2024-03-16,13,Georgia,wk inc rsv prop ed visits,prop_ed,9e-4,NA
2024-03-16,15,Hawaii,wk inc rsv prop ed visits,prop_ed,6e-4,NA
2024-03-16,16,Idaho,wk inc rsv prop ed visits,prop_ed,0.0036,NA
2024-03-16,17,Illinois,wk inc rsv prop ed visits,prop_ed,0.0022,NA
2024-03-16,18,Indiana,wk inc rsv prop ed visits,prop_ed,0.0013,NA
2024-03-16,19,Iowa,wk inc rsv prop ed visits,prop_ed,0.0072,NA
2024-03-16,20,Kansas,wk inc rsv prop ed visits,prop_ed,0.0024,NA
2024-03-16,21,Kentucky,wk inc rsv prop ed visits,prop_ed,0.0012,NA
2024-03-16,22,Louisiana,wk inc rsv prop ed visits,prop_ed,6e-4,NA
2024-03-16,23,Maine,wk inc rsv prop ed visits,prop_ed,0.0028,NA
2024-03-16,24,Maryland,wk inc rsv prop ed visits,prop_ed,0.001,NA
2024-03-16,25,Massachusetts,wk inc rsv prop ed visits,prop_ed,0.001,NA
2024-03-16,26,Michigan,wk inc rsv prop ed visits,prop_ed,0.0015,NA
2024-03-16,27,Minnesota,wk inc rsv prop ed visits,prop_ed,0.0036,NA
2024-03-16,28,Mississippi,wk inc rsv prop ed visits,prop_ed,4e-4,NA
2024-03-16,30,Montana,wk inc rsv prop ed visits,prop_ed,0.0107,NA
2024-03-16,31,Nebraska,wk inc rsv prop ed visits,prop_ed,0.0037,NA
2024-03-16,32,Nevada,wk inc rsv prop ed visits,prop_ed,0.0016,NA
2024-03-16,33,New Hampshire,wk inc rsv prop ed visits,prop_ed,0.0018,NA
2024-03-16,34,New Jersey,wk inc rsv prop ed visits,prop_ed,6e-4,NA
2024-03-16,35,New Mexico,wk inc rsv prop ed visits,prop_ed,0.0035,NA
2024-03-16,36,New York,wk inc rsv prop ed visits,prop_ed,7e-4,NA
2024-03-16,37,North Carolina,wk inc rsv prop ed visits,prop_ed,0.0014,NA
2024-03-16,38,North Dakota,wk inc rsv prop ed visits,prop_ed,0.0061,NA
2024-03-16,39,Ohio,wk inc rsv prop ed visits,prop_ed,0.0012,NA
2024-03-16,40,Oklahoma,wk inc rsv prop ed visits,prop_ed,0.0013,NA
2024-03-16,41,Oregon,wk inc rsv prop ed visits,prop_ed,0.0025,NA
2024-03-16,42,Pennsylvania,wk inc rsv prop ed visits,prop_ed,9e-4,NA
2024-03-16,44,Rhode Island,wk inc rsv prop ed visits,prop_ed,4e-4,NA
2024-03-16,45,South Carolina,wk inc rsv prop ed visits,prop_ed,8e-4,NA
2024-03-16,46,South Dakota,wk inc rsv prop ed visits,prop_ed,0.0094,NA
2024-03-16,47,Tennessee,wk inc rsv prop ed visits,prop_ed,0.0012,NA
2024-03-16,48,Texas,wk inc rsv prop ed visits,prop_ed,0.001,NA
2024-03-16,49,Utah,wk inc rsv prop ed visits,prop_ed,0.0049,NA
2024-03-16,50,Vermont,wk inc rsv prop ed visits,prop_ed,0.0027,NA
2024-03-16,51,Virginia,wk inc rsv prop ed visits,prop_ed,7e-4,NA
2024-03-16,53,Washington,wk inc rsv prop ed visits,prop_ed,0.002,NA
2024-03-16,54,West Virginia,wk inc rsv prop ed visits,prop_ed,0.0031,NA
2024-03-16,55,Wisconsin,wk inc rsv prop ed visits,prop_ed,0.0033,NA
2024-03-16,56,Wyoming,wk inc rsv prop ed visits,prop_ed,0.0081,NA
2024-03-16,US,United States,wk inc rsv prop ed visits,prop_ed,0.0014,NA
2024-03-23,01,Alabama,wk inc rsv prop ed visits,prop_ed,8e-4,NA
2024-03-23,02,Alaska,wk inc rsv prop ed visits,prop_ed,0.0018,NA
2024-03-23,04,Arizona,wk inc rsv prop ed visits,prop_ed,0.0015,NA
2024-03-23,05,Arkansas,wk inc rsv prop ed visits,prop_ed,0.0012,NA
2024-03-23,06,California,wk inc rsv prop ed visits,prop_ed,9e-4,NA
2024-03-23,08,Colorado,wk inc rsv prop ed visits,prop_ed,0.0024,NA
2024-03-23,09,Connecticut,wk inc rsv prop ed visits,prop_ed,1e-4,NA
2024-03-23,10,Delaware,wk inc rsv prop ed visits,prop_ed,0.001,NA
2024-03-23,11,District of Columbia,wk inc rsv prop ed visits,prop_ed,4e-4,NA
2024-03-23,12,Florida,wk inc rsv prop ed visits,prop_ed,9e-4,NA
2024-03-23,13,Georgia,wk inc rsv prop ed visits,prop_ed,6e-4,NA
2024-03-23,15,Hawaii,wk inc rsv prop ed visits,prop_ed,9e-4,NA
2024-03-23,16,Idaho,wk inc rsv prop ed visits,prop_ed,0.0037,NA
2024-03-23,17,Illinois,wk inc rsv prop ed visits,prop_ed,0.0015,NA
2024-03-23,18,Indiana,wk inc rsv prop ed visits,prop_ed,0.0011,NA
2024-03-23,19,Iowa,wk inc rsv prop ed visits,prop_ed,0.0049,NA
2024-03-23,20,Kansas,wk inc rsv prop ed visits,prop_ed,0.0019,NA
2024-03-23,21,Kentucky,wk inc rsv prop ed visits,prop_ed,0.0011,NA
2024-03-23,22,Louisiana,wk inc rsv prop ed visits,prop_ed,5e-4,NA
2024-03-23,23,Maine,wk inc rsv prop ed visits,prop_ed,0.0011,NA
2024-03-23,24,Maryland,wk inc rsv prop ed visits,prop_ed,7e-4,NA
2024-03-23,25,Massachusetts,wk inc rsv prop ed visits,prop_ed,8e-4,NA
2024-03-23,26,Michigan,wk inc rsv prop ed visits,prop_ed,0.0015,NA
2024-03-23,27,Minnesota,wk inc rsv prop ed visits,prop_ed,0.0037,NA
2024-03-23,28,Mississippi,wk inc rsv prop ed visits,prop_ed,5e-4,NA
2024-03-23,30,Montana,wk inc rsv prop ed visits,prop_ed,0.0077,NA
2024-03-23,31,Nebraska,wk inc rsv prop ed visits,prop_ed,0.0019,NA
2024-03-23,32,Nevada,wk inc rsv prop ed visits,prop_ed,0.0015,NA
2024-03-23,33,New Hampshire,wk inc rsv prop ed visits,prop_ed,0.0012,NA
2024-03-23,34,New Jersey,wk inc rsv prop ed visits,prop_ed,6e-4,NA
2024-03-23,35,New Mexico,wk inc rsv prop ed visits,prop_ed,0.0029,NA
2024-03-23,36,New York,wk inc rsv prop ed visits,prop_ed,6e-4,NA
2024-03-23,37,North Carolina,wk inc rsv prop ed visits,prop_ed,0.0011,NA
2024-03-23,38,North Dakota,wk inc rsv prop ed visits,prop_ed,0.004,NA
2024-03-23,39,Ohio,wk inc rsv prop ed visits,prop_ed,8e-4,NA
2024-03-23,40,Oklahoma,wk inc rsv prop ed visits,prop_ed,0.0018,NA
2024-03-23,41,Oregon,wk inc rsv prop ed visits,prop_ed,0.0025,NA
2024-03-23,42,Pennsylvania,wk inc rsv prop ed visits,prop_ed,6e-4,NA
2024-03-23,44,Rhode Island,wk inc rsv prop ed visits,prop_ed,5e-4,NA
2024-03-23,45,South Carolina,wk inc rsv prop ed visits,prop_ed,4e-4,NA
2024-03-23,46,South Dakota,wk inc rsv prop ed visits,prop_ed,0.0087,NA
2024-03-23,47,Tennessee,wk inc rsv prop ed visits,prop_ed,0.001,NA
2024-03-23,48,Texas,wk inc rsv prop ed visits,prop_ed,8e-4,NA
2024-03-23,49,Utah,wk inc rsv prop ed visits,prop_ed,0.0033,NA
2024-03-23,50,Vermont,wk inc rsv prop ed visits,prop_ed,0.0028,NA
2024-03-23,51,Virginia,wk inc rsv prop ed visits,prop_ed,5e-4,NA
2024-03-23,53,Washington,wk inc rsv prop ed visits,prop_ed,0.0017,NA
2024-03-23,54,West Virginia,wk inc rsv prop ed visits,prop_ed,0.0026,NA
2024-03-23,55,Wisconsin,wk inc rsv prop ed visits,prop_ed,0.0026,NA
2024-03-23,56,Wyoming,wk inc rsv prop ed visits,prop_ed,0.0052,NA
2024-03-23,US,United States,wk inc rsv prop ed visits,prop_ed,0.0011,NA
2024-03-30,01,Alabama,wk inc rsv prop ed visits,prop_ed,9e-4,NA
2024-03-30,02,Alaska,wk inc rsv prop ed visits,prop_ed,0.004,NA
2024-03-30,04,Arizona,wk inc rsv prop ed visits,prop_ed,0.0012,NA
2024-03-30,05,Arkansas,wk inc rsv prop ed visits,prop_ed,8e-4,NA
2024-03-30,06,California,wk inc rsv prop ed visits,prop_ed,7e-4,NA
2024-03-30,08,Colorado,wk inc rsv prop ed visits,prop_ed,0.0019,NA
2024-03-30,09,Connecticut,wk inc rsv prop ed visits,prop_ed,2e-4,NA
2024-03-30,10,Delaware,wk inc rsv prop ed visits,prop_ed,8e-4,NA
2024-03-30,11,District of Columbia,wk inc rsv prop ed visits,prop_ed,5e-4,NA
2024-03-30,12,Florida,wk inc rsv prop ed visits,prop_ed,7e-4,NA
2024-03-30,13,Georgia,wk inc rsv prop ed visits,prop_ed,5e-4,NA
2024-03-30,15,Hawaii,wk inc rsv prop ed visits,prop_ed,5e-4,NA
2024-03-30,16,Idaho,wk inc rsv prop ed visits,prop_ed,0.0028,NA
2024-03-30,17,Illinois,wk inc rsv prop ed visits,prop_ed,0.0017,NA
2024-03-30,18,Indiana,wk inc rsv prop ed visits,prop_ed,0.001,NA
2024-03-30,19,Iowa,wk inc rsv prop ed visits,prop_ed,0.0046,NA
2024-03-30,20,Kansas,wk inc rsv prop ed visits,prop_ed,0.0019,NA
2024-03-30,21,Kentucky,wk inc rsv prop ed visits,prop_ed,9e-4,NA
2024-03-30,22,Louisiana,wk inc rsv prop ed visits,prop_ed,8e-4,NA
2024-03-30,23,Maine,wk inc rsv prop ed visits,prop_ed,0.0011,NA
2024-03-30,24,Maryland,wk inc rsv prop ed visits,prop_ed,5e-4,NA
2024-03-30,25,Massachusetts,wk inc rsv prop ed visits,prop_ed,9e-4,NA
2024-03-30,26,Michigan,wk inc rsv prop ed visits,prop_ed,0.0012,NA
2024-03-30,27,Minnesota,wk inc rsv prop ed visits,prop_ed,0.0032,NA
2024-03-30,28,Mississippi,wk inc rsv prop ed visits,prop_ed,4e-4,NA
2024-03-30,30,Montana,wk inc rsv prop ed visits,prop_ed,0.0055,NA
2024-03-30,31,Nebraska,wk inc rsv prop ed visits,prop_ed,0.0025,NA
2024-03-30,32,Nevada,wk inc rsv prop ed visits,prop_ed,9e-4,NA
2024-03-30,33,New Hampshire,wk inc rsv prop ed visits,prop_ed,0.001,NA
2024-03-30,34,New Jersey,wk inc rsv prop ed visits,prop_ed,5e-4,NA
2024-03-30,35,New Mexico,wk inc rsv prop ed visits,prop_ed,0.0014,NA
2024-03-30,36,New York,wk inc rsv prop ed visits,prop_ed,4e-4,NA
2024-03-30,37,North Carolina,wk inc rsv prop ed visits,prop_ed,9e-4,NA
2024-03-30,38,North Dakota,wk inc rsv prop ed visits,prop_ed,0.0037,NA
2024-03-30,39,Ohio,wk inc rsv prop ed visits,prop_ed,8e-4,NA
2024-03-30,40,Oklahoma,wk inc rsv prop ed visits,prop_ed,9e-4,NA
2024-03-30,41,Oregon,wk inc rsv prop ed visits,prop_ed,0.0012,NA
2024-03-30,42,Pennsylvania,wk inc rsv prop ed visits,prop_ed,5e-4,NA
2024-03-30,44,Rhode Island,wk inc rsv prop ed visits,prop_ed,4e-4,NA
2024-03-30,45,South Carolina,wk inc rsv prop ed visits,prop_ed,8e-4,NA
2024-03-30,46,South Dakota,wk inc rsv prop ed visits,prop_ed,0.007,NA
2024-03-30,47,Tennessee,wk inc rsv prop ed visits,prop_ed,0.001,NA
2024-03-30,48,Texas,wk inc rsv prop ed visits,prop_ed,7e-4,NA
2024-03-30,49,Utah,wk inc rsv prop ed visits,prop_ed,0.0025,NA
2024-03-30,50,Vermont,wk inc rsv prop ed visits,prop_ed,0.0014,NA
2024-03-30,51,Virginia,wk inc rsv prop ed visits,prop_ed,4e-4,NA
2024-03-30,53,Washington,wk inc rsv prop ed visits,prop_ed,0.0012,NA
2024-03-30,54,West Virginia,wk inc rsv prop ed visits,prop_ed,0.0017,NA
2024-03-30,55,Wisconsin,wk inc rsv prop ed visits,prop_ed,0.0019,NA
2024-03-30,56,Wyoming,wk inc rsv prop ed visits,prop_ed,0.0039,NA
2024-03-30,US,United States,wk inc rsv prop ed visits,prop_ed,0.001,NA
2024-04-06,01,Alabama,wk inc rsv prop ed visits,prop_ed,8e-4,NA
2024-04-06,02,Alaska,wk inc rsv prop ed visits,prop_ed,0.0013,NA
2024-04-06,04,Arizona,wk inc rsv prop ed visits,prop_ed,9e-4,NA
2024-04-06,05,Arkansas,wk inc rsv prop ed visits,prop_ed,4e-4,NA
2024-04-06,06,California,wk inc rsv prop ed visits,prop_ed,6e-4,NA
2024-04-06,08,Colorado,wk inc rsv prop ed visits,prop_ed,0.0013,NA
2024-04-06,09,Connecticut,wk inc rsv prop ed visits,prop_ed,1e-4,NA
2024-04-06,10,Delaware,wk inc rsv prop ed visits,prop_ed,0.0011,NA
2024-04-06,11,District of Columbia,wk inc rsv prop ed visits,prop_ed,5e-4,NA
2024-04-06,12,Florida,wk inc rsv prop ed visits,prop_ed,7e-4,NA
2024-04-06,13,Georgia,wk inc rsv prop ed visits,prop_ed,5e-4,NA
2024-04-06,15,Hawaii,wk inc rsv prop ed visits,prop_ed,6e-4,NA
2024-04-06,16,Idaho,wk inc rsv prop ed visits,prop_ed,0.0019,NA
2024-04-06,17,Illinois,wk inc rsv prop ed visits,prop_ed,0.0013,NA
2024-04-06,18,Indiana,wk inc rsv prop ed visits,prop_ed,0.0012,NA
2024-04-06,19,Iowa,wk inc rsv prop ed visits,prop_ed,0.0043,NA
2024-04-06,20,Kansas,wk inc rsv prop ed visits,prop_ed,0.0016,NA
2024-04-06,21,Kentucky,wk inc rsv prop ed visits,prop_ed,9e-4,NA
2024-04-06,22,Louisiana,wk inc rsv prop ed visits,prop_ed,5e-4,NA
2024-04-06,23,Maine,wk inc rsv prop ed visits,prop_ed,0.0011,NA
2024-04-06,24,Maryland,wk inc rsv prop ed visits,prop_ed,6e-4,NA
2024-04-06,25,Massachusetts,wk inc rsv prop ed visits,prop_ed,6e-4,NA
2024-04-06,26,Michigan,wk inc rsv prop ed visits,prop_ed,0.001,NA
2024-04-06,27,Minnesota,wk inc rsv prop ed visits,prop_ed,0.0028,NA
2024-04-06,28,Mississippi,wk inc rsv prop ed visits,prop_ed,4e-4,NA
2024-04-06,30,Montana,wk inc rsv prop ed visits,prop_ed,0.0055,NA
2024-04-06,31,Nebraska,wk inc rsv prop ed visits,prop_ed,0.0017,NA
2024-04-06,32,Nevada,wk inc rsv prop ed visits,prop_ed,6e-4,NA
2024-04-06,33,New Hampshire,wk inc rsv prop ed visits,prop_ed,7e-4,NA
2024-04-06,34,New Jersey,wk inc rsv prop ed visits,prop_ed,5e-4,NA
2024-04-06,35,New Mexico,wk inc rsv prop ed visits,prop_ed,0.0016,NA
2024-04-06,36,New York,wk inc rsv prop ed visits,prop_ed,5e-4,NA
2024-04-06,37,North Carolina,wk inc rsv prop ed visits,prop_ed,7e-4,NA
2024-04-06,38,North Dakota,wk inc rsv prop ed visits,prop_ed,0.0041,NA
2024-04-06,39,Ohio,wk inc rsv prop ed visits,prop_ed,6e-4,NA
2024-04-06,40,Oklahoma,wk inc rsv prop ed visits,prop_ed,0.0011,NA
2024-04-06,41,Oregon,wk inc rsv prop ed visits,prop_ed,0.0012,NA
2024-04-06,42,Pennsylvania,wk inc rsv prop ed visits,prop_ed,4e-4,NA
2024-04-06,44,Rhode Island,wk inc rsv prop ed visits,prop_ed,2e-4,NA
2024-04-06,45,South Carolina,wk inc rsv prop ed visits,prop_ed,5e-4,NA
2024-04-06,46,South Dakota,wk inc rsv prop ed visits,prop_ed,0.006,NA
2024-04-06,47,Tennessee,wk inc rsv prop ed visits,prop_ed,9e-4,NA
2024-04-06,48,Texas,wk inc rsv prop ed visits,prop_ed,7e-4,NA
2024-04-06,49,Utah,wk inc rsv prop ed visits,prop_ed,0.0024,NA
2024-04-06,50,Vermont,wk inc rsv prop ed visits,prop_ed,0.0013,NA
2024-04-06,51,Virginia,wk inc rsv prop ed visits,prop_ed,6e-4,NA
2024-04-06,53,Washington,wk inc rsv prop ed visits,prop_ed,0.001,NA
2024-04-06,54,West Virginia,wk inc rsv prop ed visits,prop_ed,0.0015,NA
2024-04-06,55,Wisconsin,wk inc rsv prop ed visits,prop_ed,0.0018,NA
2024-04-06,56,Wyoming,wk inc rsv prop ed visits,prop_ed,0.0049,NA
2024-04-06,US,United States,wk inc rsv prop ed visits,prop_ed,9e-4,NA
2024-04-13,01,Alabama,wk inc rsv prop ed visits,prop_ed,5e-4,NA
2024-04-13,02,Alaska,wk inc rsv prop ed visits,prop_ed,0.0012,NA
2024-04-13,04,Arizona,wk inc rsv prop ed visits,prop_ed,8e-4,NA
2024-04-13,05,Arkansas,wk inc rsv prop ed visits,prop_ed,5e-4,NA
2024-04-13,06,California,wk inc rsv prop ed visits,prop_ed,5e-4,NA
2024-04-13,08,Colorado,wk inc rsv prop ed visits,prop_ed,0.0011,NA
2024-04-13,09,Connecticut,wk inc rsv prop ed visits,prop_ed,2e-4,NA
2024-04-13,10,Delaware,wk inc rsv prop ed visits,prop_ed,0.001,NA
2024-04-13,11,District of Columbia,wk inc rsv prop ed visits,prop_ed,9e-4,NA
2024-04-13,12,Florida,wk inc rsv prop ed visits,prop_ed,4e-4,NA
2024-04-13,13,Georgia,wk inc rsv prop ed visits,prop_ed,4e-4,NA
2024-04-13,15,Hawaii,wk inc rsv prop ed visits,prop_ed,4e-4,NA
2024-04-13,16,Idaho,wk inc rsv prop ed visits,prop_ed,0.0024,NA
2024-04-13,17,Illinois,wk inc rsv prop ed visits,prop_ed,0.0012,NA
2024-04-13,18,Indiana,wk inc rsv prop ed visits,prop_ed,7e-4,NA
2024-04-13,19,Iowa,wk inc rsv prop ed visits,prop_ed,0.0033,NA
2024-04-13,20,Kansas,wk inc rsv prop ed visits,prop_ed,9e-4,NA
2024-04-13,21,Kentucky,wk inc rsv prop ed visits,prop_ed,7e-4,NA
2024-04-13,22,Louisiana,wk inc rsv prop ed visits,prop_ed,2e-4,NA
2024-04-13,23,Maine,wk inc rsv prop ed visits,prop_ed,4e-4,NA
2024-04-13,24,Maryland,wk inc rsv prop ed visits,prop_ed,3e-4,NA
2024-04-13,25,Massachusetts,wk inc rsv prop ed visits,prop_ed,6e-4,NA
2024-04-13,26,Michigan,wk inc rsv prop ed visits,prop_ed,7e-4,NA
2024-04-13,27,Minnesota,wk inc rsv prop ed visits,prop_ed,0.0018,NA
2024-04-13,28,Mississippi,wk inc rsv prop ed visits,prop_ed,4e-4,NA
2024-04-13,30,Montana,wk inc rsv prop ed visits,prop_ed,0.0027,NA
2024-04-13,31,Nebraska,wk inc rsv prop ed visits,prop_ed,0.0015,NA
2024-04-13,32,Nevada,wk inc rsv prop ed visits,prop_ed,8e-4,NA
2024-04-13,33,New Hampshire,wk inc rsv prop ed visits,prop_ed,8e-4,NA
2024-04-13,34,New Jersey,wk inc rsv prop ed visits,prop_ed,4e-4,NA
2024-04-13,35,New Mexico,wk inc rsv prop ed visits,prop_ed,0.0013,NA
2024-04-13,36,New York,wk inc rsv prop ed visits,prop_ed,4e-4,NA
2024-04-13,37,North Carolina,wk inc rsv prop ed visits,prop_ed,5e-4,NA
2024-04-13,38,North Dakota,wk inc rsv prop ed visits,prop_ed,0.0014,NA
2024-04-13,39,Ohio,wk inc rsv prop ed visits,prop_ed,7e-4,NA
2024-04-13,40,Oklahoma,wk inc rsv prop ed visits,prop_ed,9e-4,NA
2024-04-13,41,Oregon,wk inc rsv prop ed visits,prop_ed,0.001,NA
2024-04-13,42,Pennsylvania,wk inc rsv prop ed visits,prop_ed,4e-4,NA
2024-04-13,44,Rhode Island,wk inc rsv prop ed visits,prop_ed,2e-4,NA
2024-04-13,45,South Carolina,wk inc rsv prop ed visits,prop_ed,3e-4,NA
2024-04-13,46,South Dakota,wk inc rsv prop ed visits,prop_ed,0.0047,NA
2024-04-13,47,Tennessee,wk inc rsv prop ed visits,prop_ed,7e-4,NA
2024-04-13,48,Texas,wk inc rsv prop ed visits,prop_ed,6e-4,NA
2024-04-13,49,Utah,wk inc rsv prop ed visits,prop_ed,0.001,NA
2024-04-13,50,Vermont,wk inc rsv prop ed visits,prop_ed,0.0021,NA
2024-04-13,51,Virginia,wk inc rsv prop ed visits,prop_ed,3e-4,NA
2024-04-13,53,Washington,wk inc rsv prop ed visits,prop_ed,9e-4,NA
2024-04-13,54,West Virginia,wk inc rsv prop ed visits,prop_ed,0.0014,NA
2024-04-13,55,Wisconsin,wk inc rsv prop ed visits,prop_ed,0.0015,NA
2024-04-13,56,Wyoming,wk inc rsv prop ed visits,prop_ed,8e-4,NA
2024-04-13,US,United States,wk inc rsv prop ed visits,prop_ed,7e-4,NA
2024-04-20,01,Alabama,wk inc rsv prop ed visits,prop_ed,6e-4,NA
2024-04-20,02,Alaska,wk inc rsv prop ed visits,prop_ed,0.0012,NA
2024-04-20,04,Arizona,wk inc rsv prop ed visits,prop_ed,5e-4,NA
2024-04-20,05,Arkansas,wk inc rsv prop ed visits,prop_ed,3e-4,NA
2024-04-20,06,California,wk inc rsv prop ed visits,prop_ed,3e-4,NA
2024-04-20,08,Colorado,wk inc rsv prop ed visits,prop_ed,8e-4,NA
2024-04-20,09,Connecticut,wk inc rsv prop ed visits,prop_ed,1e-4,NA
2024-04-20,10,Delaware,wk inc rsv prop ed visits,prop_ed,4e-4,NA
2024-04-20,11,District of Columbia,wk inc rsv prop ed visits,prop_ed,3e-4,NA
2024-04-20,12,Florida,wk inc rsv prop ed visits,prop_ed,5e-4,NA
2024-04-20,13,Georgia,wk inc rsv prop ed visits,prop_ed,3e-4,NA
2024-04-20,15,Hawaii,wk inc rsv prop ed visits,prop_ed,0,NA
2024-04-20,16,Idaho,wk inc rsv prop ed visits,prop_ed,3e-4,NA
2024-04-20,17,Illinois,wk inc rsv prop ed visits,prop_ed,9e-4,NA
2024-04-20,18,Indiana,wk inc rsv prop ed visits,prop_ed,6e-4,NA
2024-04-20,19,Iowa,wk inc rsv prop ed visits,prop_ed,0.0019,NA
2024-04-20,20,Kansas,wk inc rsv prop ed visits,prop_ed,7e-4,NA
2024-04-20,21,Kentucky,wk inc rsv prop ed visits,prop_ed,3e-4,NA
2024-04-20,22,Louisiana,wk inc rsv prop ed visits,prop_ed,3e-4,NA
2024-04-20,23,Maine,wk inc rsv prop ed visits,prop_ed,5e-4,NA
2024-04-20,24,Maryland,wk inc rsv prop ed visits,prop_ed,3e-4,NA
2024-04-20,25,Massachusetts,wk inc rsv prop ed visits,prop_ed,5e-4,NA
2024-04-20,26,Michigan,wk inc rsv prop ed visits,prop_ed,7e-4,NA
2024-04-20,27,Minnesota,wk inc rsv prop ed visits,prop_ed,0.0014,NA
2024-04-20,28,Mississippi,wk inc rsv prop ed visits,prop_ed,4e-4,NA
2024-04-20,30,Montana,wk inc rsv prop ed visits,prop_ed,0.0025,NA
2024-04-20,31,Nebraska,wk inc rsv prop ed visits,prop_ed,0.0011,NA
2024-04-20,32,Nevada,wk inc rsv prop ed visits,prop_ed,5e-4,NA
2024-04-20,33,New Hampshire,wk inc rsv prop ed visits,prop_ed,0.0013,NA
2024-04-20,34,New Jersey,wk inc rsv prop ed visits,prop_ed,3e-4,NA
2024-04-20,35,New Mexico,wk inc rsv prop ed visits,prop_ed,0.001,NA
2024-04-20,36,New York,wk inc rsv prop ed visits,prop_ed,3e-4,NA
2024-04-20,37,North Carolina,wk inc rsv prop ed visits,prop_ed,6e-4,NA
2024-04-20,38,North Dakota,wk inc rsv prop ed visits,prop_ed,0.0012,NA
2024-04-20,39,Ohio,wk inc rsv prop ed visits,prop_ed,4e-4,NA
2024-04-20,40,Oklahoma,wk inc rsv prop ed visits,prop_ed,5e-4,NA
2024-04-20,41,Oregon,wk inc rsv prop ed visits,prop_ed,8e-4,NA
2024-04-20,42,Pennsylvania,wk inc rsv prop ed visits,prop_ed,3e-4,NA
2024-04-20,44,Rhode Island,wk inc rsv prop ed visits,prop_ed,3e-4,NA
2024-04-20,45,South Carolina,wk inc rsv prop ed visits,prop_ed,5e-4,NA
2024-04-20,46,South Dakota,wk inc rsv prop ed visits,prop_ed,0.0034,NA
2024-04-20,47,Tennessee,wk inc rsv prop ed visits,prop_ed,7e-4,NA
2024-04-20,48,Texas,wk inc rsv prop ed visits,prop_ed,5e-4,NA
2024-04-20,49,Utah,wk inc rsv prop ed visits,prop_ed,6e-4,NA
2024-04-20,50,Vermont,wk inc rsv prop ed visits,prop_ed,9e-4,NA
2024-04-20,51,Virginia,wk inc rsv prop ed visits,prop_ed,3e-4,NA
2024-04-20,53,Washington,wk inc rsv prop ed visits,prop_ed,6e-4,NA
2024-04-20,54,West Virginia,wk inc rsv prop ed visits,prop_ed,8e-4,NA
2024-04-20,55,Wisconsin,wk inc rsv prop ed visits,prop_ed,8e-4,NA
2024-04-20,56,Wyoming,wk inc rsv prop ed visits,prop_ed,0.0024,NA
2024-04-20,US,United States,wk inc rsv prop ed visits,prop_ed,5e-4,NA
2024-04-27,01,Alabama,wk inc rsv prop ed visits,prop_ed,4e-4,NA
2024-04-27,02,Alaska,wk inc rsv prop ed visits,prop_ed,0.0015,NA
2024-04-27,04,Arizona,wk inc rsv prop ed visits,prop_ed,3e-4,NA
2024-04-27,05,Arkansas,wk inc rsv prop ed visits,prop_ed,5e-4,NA
2024-04-27,06,California,wk inc rsv prop ed visits,prop_ed,3e-4,NA
2024-04-27,08,Colorado,wk inc rsv prop ed visits,prop_ed,8e-4,NA
2024-04-27,09,Connecticut,wk inc rsv prop ed visits,prop_ed,2e-4,NA
2024-04-27,10,Delaware,wk inc rsv prop ed visits,prop_ed,3e-4,NA
2024-04-27,11,District of Columbia,wk inc rsv prop ed visits,prop_ed,1e-4,NA
2024-04-27,12,Florida,wk inc rsv prop ed visits,prop_ed,5e-4,NA
2024-04-27,13,Georgia,wk inc rsv prop ed visits,prop_ed,5e-4,NA
2024-04-27,15,Hawaii,wk inc rsv prop ed visits,prop_ed,1e-4,NA
2024-04-27,16,Idaho,wk inc rsv prop ed visits,prop_ed,0.001,NA
2024-04-27,17,Illinois,wk inc rsv prop ed visits,prop_ed,7e-4,NA
2024-04-27,18,Indiana,wk inc rsv prop ed visits,prop_ed,4e-4,NA
2024-04-27,19,Iowa,wk inc rsv prop ed visits,prop_ed,0.0011,NA
2024-04-27,20,Kansas,wk inc rsv prop ed visits,prop_ed,0.001,NA
2024-04-27,21,Kentucky,wk inc rsv prop ed visits,prop_ed,4e-4,NA
2024-04-27,22,Louisiana,wk inc rsv prop ed visits,prop_ed,3e-4,NA
2024-04-27,23,Maine,wk inc rsv prop ed visits,prop_ed,4e-4,NA
2024-04-27,24,Maryland,wk inc rsv prop ed visits,prop_ed,4e-4,NA
2024-04-27,25,Massachusetts,wk inc rsv prop ed visits,prop_ed,5e-4,NA
2024-04-27,26,Michigan,wk inc rsv prop ed visits,prop_ed,6e-4,NA
2024-04-27,27,Minnesota,wk inc rsv prop ed visits,prop_ed,8e-4,NA
2024-04-27,28,Mississippi,wk inc rsv prop ed visits,prop_ed,3e-4,NA
2024-04-27,30,Montana,wk inc rsv prop ed visits,prop_ed,8e-4,NA
2024-04-27,31,Nebraska,wk inc rsv prop ed visits,prop_ed,0.0011,NA
2024-04-27,32,Nevada,wk inc rsv prop ed visits,prop_ed,4e-4,NA
2024-04-27,33,New Hampshire,wk inc rsv prop ed visits,prop_ed,2e-4,NA
2024-04-27,34,New Jersey,wk inc rsv prop ed visits,prop_ed,2e-4,NA
2024-04-27,35,New Mexico,wk inc rsv prop ed visits,prop_ed,7e-4,NA
2024-04-27,36,New York,wk inc rsv prop ed visits,prop_ed,3e-4,NA
2024-04-27,37,North Carolina,wk inc rsv prop ed visits,prop_ed,4e-4,NA
2024-04-27,38,North Dakota,wk inc rsv prop ed visits,prop_ed,5e-4,NA
2024-04-27,39,Ohio,wk inc rsv prop ed visits,prop_ed,3e-4,NA
2024-04-27,40,Oklahoma,wk inc rsv prop ed visits,prop_ed,4e-4,NA
2024-04-27,41,Oregon,wk inc rsv prop ed visits,prop_ed,5e-4,NA
2024-04-27,42,Pennsylvania,wk inc rsv prop ed visits,prop_ed,3e-4,NA
2024-04-27,44,Rhode Island,wk inc rsv prop ed visits,prop_ed,2e-4,NA
2024-04-27,45,South Carolina,wk inc rsv prop ed visits,prop_ed,3e-4,NA
2024-04-27,46,South Dakota,wk inc rsv prop ed visits,prop_ed,0.0021,NA
2024-04-27,47,Tennessee,wk inc rsv prop ed visits,prop_ed,6e-4,NA
2024-04-27,48,Texas,wk inc rsv prop ed visits,prop_ed,5e-4,NA
2024-04-27,49,Utah,wk inc rsv prop ed visits,prop_ed,7e-4,NA
2024-04-27,50,Vermont,wk inc rsv prop ed visits,prop_ed,9e-4,NA
2024-04-27,51,Virginia,wk inc rsv prop ed visits,prop_ed,2e-4,NA
2024-04-27,53,Washington,wk inc rsv prop ed visits,prop_ed,4e-4,NA
2024-04-27,54,West Virginia,wk inc rsv prop ed visits,prop_ed,6e-4,NA
2024-04-27,55,Wisconsin,wk inc rsv prop ed visits,prop_ed,8e-4,NA
2024-04-27,56,Wyoming,wk inc rsv prop ed visits,prop_ed,0.0016,NA
2024-04-27,US,United States,wk inc rsv prop ed visits,prop_ed,4e-4,NA
2024-05-04,01,Alabama,wk inc rsv prop ed visits,prop_ed,6e-4,NA
2024-05-04,02,Alaska,wk inc rsv prop ed visits,prop_ed,0.0015,NA
2024-05-04,04,Arizona,wk inc rsv prop ed visits,prop_ed,3e-4,NA
2024-05-04,05,Arkansas,wk inc rsv prop ed visits,prop_ed,2e-4,NA
2024-05-04,06,California,wk inc rsv prop ed visits,prop_ed,1e-4,NA
2024-05-04,08,Colorado,wk inc rsv prop ed visits,prop_ed,6e-4,NA
2024-05-04,09,Connecticut,wk inc rsv prop ed visits,prop_ed,1e-4,NA
2024-05-04,10,Delaware,wk inc rsv prop ed visits,prop_ed,4e-4,NA
2024-05-04,11,District of Columbia,wk inc rsv prop ed visits,prop_ed,0,NA
2024-05-04,12,Florida,wk inc rsv prop ed visits,prop_ed,4e-4,NA
2024-05-04,13,Georgia,wk inc rsv prop ed visits,prop_ed,3e-4,NA
2024-05-04,15,Hawaii,wk inc rsv prop ed visits,prop_ed,1e-4,NA
2024-05-04,16,Idaho,wk inc rsv prop ed visits,prop_ed,9e-4,NA
2024-05-04,17,Illinois,wk inc rsv prop ed visits,prop_ed,7e-4,NA
2024-05-04,18,Indiana,wk inc rsv prop ed visits,prop_ed,3e-4,NA
2024-05-04,19,Iowa,wk inc rsv prop ed visits,prop_ed,0.0013,NA
2024-05-04,20,Kansas,wk inc rsv prop ed visits,prop_ed,5e-4,NA
2024-05-04,21,Kentucky,wk inc rsv prop ed visits,prop_ed,6e-4,NA
2024-05-04,22,Louisiana,wk inc rsv prop ed visits,prop_ed,2e-4,NA
2024-05-04,23,Maine,wk inc rsv prop ed visits,prop_ed,1e-4,NA
2024-05-04,24,Maryland,wk inc rsv prop ed visits,prop_ed,2e-4,NA
2024-05-04,25,Massachusetts,wk inc rsv prop ed visits,prop_ed,3e-4,NA
2024-05-04,26,Michigan,wk inc rsv prop ed visits,prop_ed,4e-4,NA
2024-05-04,27,Minnesota,wk inc rsv prop ed visits,prop_ed,5e-4,NA
2024-05-04,28,Mississippi,wk inc rsv prop ed visits,prop_ed,2e-4,NA
2024-05-04,30,Montana,wk inc rsv prop ed visits,prop_ed,0.0016,NA
2024-05-04,31,Nebraska,wk inc rsv prop ed visits,prop_ed,5e-4,NA
2024-05-04,32,Nevada,wk inc rsv prop ed visits,prop_ed,5e-4,NA
2024-05-04,33,New Hampshire,wk inc rsv prop ed visits,prop_ed,2e-4,NA
2024-05-04,34,New Jersey,wk inc rsv prop ed visits,prop_ed,2e-4,NA
2024-05-04,35,New Mexico,wk inc rsv prop ed visits,prop_ed,4e-4,NA
2024-05-04,36,New York,wk inc rsv prop ed visits,prop_ed,2e-4,NA
2024-05-04,37,North Carolina,wk inc rsv prop ed visits,prop_ed,4e-4,NA
2024-05-04,38,North Dakota,wk inc rsv prop ed visits,prop_ed,7e-4,NA
2024-05-04,39,Ohio,wk inc rsv prop ed visits,prop_ed,3e-4,NA
2024-05-04,40,Oklahoma,wk inc rsv prop ed visits,prop_ed,1e-4,NA
2024-05-04,41,Oregon,wk inc rsv prop ed visits,prop_ed,4e-4,NA
2024-05-04,42,Pennsylvania,wk inc rsv prop ed visits,prop_ed,2e-4,NA
2024-05-04,44,Rhode Island,wk inc rsv prop ed visits,prop_ed,1e-4,NA
2024-05-04,45,South Carolina,wk inc rsv prop ed visits,prop_ed,2e-4,NA
2024-05-04,46,South Dakota,wk inc rsv prop ed visits,prop_ed,0.0016,NA
2024-05-04,47,Tennessee,wk inc rsv prop ed visits,prop_ed,6e-4,NA
2024-05-04,48,Texas,wk inc rsv prop ed visits,prop_ed,4e-4,NA
2024-05-04,49,Utah,wk inc rsv prop ed visits,prop_ed,4e-4,NA
2024-05-04,50,Vermont,wk inc rsv prop ed visits,prop_ed,4e-4,NA
2024-05-04,51,Virginia,wk inc rsv prop ed visits,prop_ed,1e-4,NA
2024-05-04,53,Washington,wk inc rsv prop ed visits,prop_ed,4e-4,NA
2024-05-04,54,West Virginia,wk inc rsv prop ed visits,prop_ed,7e-4,NA
2024-05-04,55,Wisconsin,wk inc rsv prop ed visits,prop_ed,5e-4,NA
2024-05-04,56,Wyoming,wk inc rsv prop ed visits,prop_ed,0.0016,NA
2024-05-04,US,United States,wk inc rsv prop ed visits,prop_ed,3e-4,NA
2024-05-11,01,Alabama,wk inc rsv prop ed visits,prop_ed,4e-4,NA
2024-05-11,02,Alaska,wk inc rsv prop ed visits,prop_ed,0.0012,NA
2024-05-11,04,Arizona,wk inc rsv prop ed visits,prop_ed,3e-4,NA
2024-05-11,05,Arkansas,wk inc rsv prop ed visits,prop_ed,3e-4,NA
2024-05-11,06,California,wk inc rsv prop ed visits,prop_ed,1e-4,NA
2024-05-11,08,Colorado,wk inc rsv prop ed visits,prop_ed,3e-4,NA
2024-05-11,09,Connecticut,wk inc rsv prop ed visits,prop_ed,0,NA
2024-05-11,10,Delaware,wk inc rsv prop ed visits,prop_ed,1e-4,NA
2024-05-11,11,District of Columbia,wk inc rsv prop ed visits,prop_ed,3e-4,NA
2024-05-11,12,Florida,wk inc rsv prop ed visits,prop_ed,4e-4,NA
2024-05-11,13,Georgia,wk inc rsv prop ed visits,prop_ed,3e-4,NA
2024-05-11,15,Hawaii,wk inc rsv prop ed visits,prop_ed,3e-4,NA
2024-05-11,16,Idaho,wk inc rsv prop ed visits,prop_ed,5e-4,NA
2024-05-11,17,Illinois,wk inc rsv prop ed visits,prop_ed,5e-4,NA
2024-05-11,18,Indiana,wk inc rsv prop ed visits,prop_ed,3e-4,NA
2024-05-11,19,Iowa,wk inc rsv prop ed visits,prop_ed,9e-4,NA
2024-05-11,20,Kansas,wk inc rsv prop ed visits,prop_ed,6e-4,NA
2024-05-11,21,Kentucky,wk inc rsv prop ed visits,prop_ed,3e-4,NA
2024-05-11,22,Louisiana,wk inc rsv prop ed visits,prop_ed,4e-4,NA
2024-05-11,23,Maine,wk inc rsv prop ed visits,prop_ed,2e-4,NA
2024-05-11,24,Maryland,wk inc rsv prop ed visits,prop_ed,1e-4,NA
2024-05-11,25,Massachusetts,wk inc rsv prop ed visits,prop_ed,3e-4,NA
2024-05-11,26,Michigan,wk inc rsv prop ed visits,prop_ed,3e-4,NA
2024-05-11,27,Minnesota,wk inc rsv prop ed visits,prop_ed,5e-4,NA
2024-05-11,28,Mississippi,wk inc rsv prop ed visits,prop_ed,4e-4,NA
2024-05-11,30,Montana,wk inc rsv prop ed visits,prop_ed,0.0011,NA
2024-05-11,31,Nebraska,wk inc rsv prop ed visits,prop_ed,7e-4,NA
2024-05-11,32,Nevada,wk inc rsv prop ed visits,prop_ed,3e-4,NA
2024-05-11,33,New Hampshire,wk inc rsv prop ed visits,prop_ed,0,NA
2024-05-11,34,New Jersey,wk inc rsv prop ed visits,prop_ed,1e-4,NA
2024-05-11,35,New Mexico,wk inc rsv prop ed visits,prop_ed,4e-4,NA
2024-05-11,36,New York,wk inc rsv prop ed visits,prop_ed,2e-4,NA
2024-05-11,37,North Carolina,wk inc rsv prop ed visits,prop_ed,3e-4,NA
2024-05-11,38,North Dakota,wk inc rsv prop ed visits,prop_ed,7e-4,NA
2024-05-11,39,Ohio,wk inc rsv prop ed visits,prop_ed,2e-4,NA
2024-05-11,40,Oklahoma,wk inc rsv prop ed visits,prop_ed,2e-4,NA
2024-05-11,41,Oregon,wk inc rsv prop ed visits,prop_ed,4e-4,NA
2024-05-11,42,Pennsylvania,wk inc rsv prop ed visits,prop_ed,1e-4,NA
2024-05-11,44,Rhode Island,wk inc rsv prop ed visits,prop_ed,2e-4,NA
2024-05-11,45,South Carolina,wk inc rsv prop ed visits,prop_ed,3e-4,NA
2024-05-11,46,South Dakota,wk inc rsv prop ed visits,prop_ed,0.0018,NA
2024-05-11,47,Tennessee,wk inc rsv prop ed visits,prop_ed,4e-4,NA
2024-05-11,48,Texas,wk inc rsv prop ed visits,prop_ed,4e-4,NA
2024-05-11,49,Utah,wk inc rsv prop ed visits,prop_ed,6e-4,NA
2024-05-11,50,Vermont,wk inc rsv prop ed visits,prop_ed,3e-4,NA
2024-05-11,51,Virginia,wk inc rsv prop ed visits,prop_ed,2e-4,NA
2024-05-11,53,Washington,wk inc rsv prop ed visits,prop_ed,2e-4,NA
2024-05-11,54,West Virginia,wk inc rsv prop ed visits,prop_ed,7e-4,NA
2024-05-11,55,Wisconsin,wk inc rsv prop ed visits,prop_ed,6e-4,NA
2024-05-11,56,Wyoming,wk inc rsv prop ed visits,prop_ed,0.0033,NA
2024-05-11,US,United States,wk inc rsv prop ed visits,prop_ed,3e-4,NA
2024-05-18,01,Alabama,wk inc rsv prop ed visits,prop_ed,2e-4,NA
2024-05-18,02,Alaska,wk inc rsv prop ed visits,prop_ed,3e-4,NA
2024-05-18,04,Arizona,wk inc rsv prop ed visits,prop_ed,2e-4,NA
2024-05-18,05,Arkansas,wk inc rsv prop ed visits,prop_ed,4e-4,NA
2024-05-18,06,California,wk inc rsv prop ed visits,prop_ed,1e-4,NA
2024-05-18,08,Colorado,wk inc rsv prop ed visits,prop_ed,5e-4,NA
2024-05-18,09,Connecticut,wk inc rsv prop ed visits,prop_ed,0,NA
2024-05-18,10,Delaware,wk inc rsv prop ed visits,prop_ed,5e-4,NA
2024-05-18,11,District of Columbia,wk inc rsv prop ed visits,prop_ed,4e-4,NA
2024-05-18,12,Florida,wk inc rsv prop ed visits,prop_ed,3e-4,NA
2024-05-18,13,Georgia,wk inc rsv prop ed visits,prop_ed,2e-4,NA
2024-05-18,15,Hawaii,wk inc rsv prop ed visits,prop_ed,2e-4,NA
2024-05-18,16,Idaho,wk inc rsv prop ed visits,prop_ed,0.001,NA
2024-05-18,17,Illinois,wk inc rsv prop ed visits,prop_ed,3e-4,NA
2024-05-18,18,Indiana,wk inc rsv prop ed visits,prop_ed,2e-4,NA
2024-05-18,19,Iowa,wk inc rsv prop ed visits,prop_ed,5e-4,NA
2024-05-18,20,Kansas,wk inc rsv prop ed visits,prop_ed,5e-4,NA
2024-05-18,21,Kentucky,wk inc rsv prop ed visits,prop_ed,3e-4,NA
2024-05-18,22,Louisiana,wk inc rsv prop ed visits,prop_ed,1e-4,NA
2024-05-18,23,Maine,wk inc rsv prop ed visits,prop_ed,1e-4,NA
2024-05-18,24,Maryland,wk inc rsv prop ed visits,prop_ed,3e-4,NA
2024-05-18,25,Massachusetts,wk inc rsv prop ed visits,prop_ed,3e-4,NA
2024-05-18,26,Michigan,wk inc rsv prop ed visits,prop_ed,3e-4,NA
2024-05-18,27,Minnesota,wk inc rsv prop ed visits,prop_ed,5e-4,NA
2024-05-18,28,Mississippi,wk inc rsv prop ed visits,prop_ed,3e-4,NA
2024-05-18,30,Montana,wk inc rsv prop ed visits,prop_ed,7e-4,NA
2024-05-18,31,Nebraska,wk inc rsv prop ed visits,prop_ed,2e-4,NA
2024-05-18,32,Nevada,wk inc rsv prop ed visits,prop_ed,2e-4,NA
2024-05-18,33,New Hampshire,wk inc rsv prop ed visits,prop_ed,3e-4,NA
2024-05-18,34,New Jersey,wk inc rsv prop ed visits,prop_ed,1e-4,NA
2024-05-18,35,New Mexico,wk inc rsv prop ed visits,prop_ed,2e-4,NA
2024-05-18,36,New York,wk inc rsv prop ed visits,prop_ed,1e-4,NA
2024-05-18,37,North Carolina,wk inc rsv prop ed visits,prop_ed,3e-4,NA
2024-05-18,38,North Dakota,wk inc rsv prop ed visits,prop_ed,5e-4,NA
2024-05-18,39,Ohio,wk inc rsv prop ed visits,prop_ed,1e-4,NA
2024-05-18,40,Oklahoma,wk inc rsv prop ed visits,prop_ed,4e-4,NA
2024-05-18,41,Oregon,wk inc rsv prop ed visits,prop_ed,2e-4,NA
2024-05-18,42,Pennsylvania,wk inc rsv prop ed visits,prop_ed,2e-4,NA
2024-05-18,44,Rhode Island,wk inc rsv prop ed visits,prop_ed,1e-4,NA
2024-05-18,45,South Carolina,wk inc rsv prop ed visits,prop_ed,2e-4,NA
2024-05-18,46,South Dakota,wk inc rsv prop ed visits,prop_ed,0.0013,NA
2024-05-18,47,Tennessee,wk inc rsv prop ed visits,prop_ed,4e-4,NA
2024-05-18,48,Texas,wk inc rsv prop ed visits,prop_ed,4e-4,NA
2024-05-18,49,Utah,wk inc rsv prop ed visits,prop_ed,2e-4,NA
2024-05-18,50,Vermont,wk inc rsv prop ed visits,prop_ed,0,NA
2024-05-18,51,Virginia,wk inc rsv prop ed visits,prop_ed,2e-4,NA
2024-05-18,53,Washington,wk inc rsv prop ed visits,prop_ed,4e-4,NA
2024-05-18,54,West Virginia,wk inc rsv prop ed visits,prop_ed,6e-4,NA
2024-05-18,55,Wisconsin,wk inc rsv prop ed visits,prop_ed,4e-4,NA
2024-05-18,56,Wyoming,wk inc rsv prop ed visits,prop_ed,0.0012,NA
2024-05-18,US,United States,wk inc rsv prop ed visits,prop_ed,3e-4,NA
2024-05-25,01,Alabama,wk inc rsv prop ed visits,prop_ed,3e-4,NA
2024-05-25,02,Alaska,wk inc rsv prop ed visits,prop_ed,1e-4,NA
2024-05-25,04,Arizona,wk inc rsv prop ed visits,prop_ed,2e-4,NA
2024-05-25,05,Arkansas,wk inc rsv prop ed visits,prop_ed,4e-4,NA
2024-05-25,06,California,wk inc rsv prop ed visits,prop_ed,1e-4,NA
2024-05-25,08,Colorado,wk inc rsv prop ed visits,prop_ed,3e-4,NA
2024-05-25,09,Connecticut,wk inc rsv prop ed visits,prop_ed,0,NA
2024-05-25,10,Delaware,wk inc rsv prop ed visits,prop_ed,2e-4,NA
2024-05-25,11,District of Columbia,wk inc rsv prop ed visits,prop_ed,1e-4,NA
2024-05-25,12,Florida,wk inc rsv prop ed visits,prop_ed,4e-4,NA
2024-05-25,13,Georgia,wk inc rsv prop ed visits,prop_ed,2e-4,NA
2024-05-25,15,Hawaii,wk inc rsv prop ed visits,prop_ed,3e-4,NA
2024-05-25,16,Idaho,wk inc rsv prop ed visits,prop_ed,2e-4,NA
2024-05-25,17,Illinois,wk inc rsv prop ed visits,prop_ed,3e-4,NA
2024-05-25,18,Indiana,wk inc rsv prop ed visits,prop_ed,2e-4,NA
2024-05-25,19,Iowa,wk inc rsv prop ed visits,prop_ed,4e-4,NA
2024-05-25,20,Kansas,wk inc rsv prop ed visits,prop_ed,5e-4,NA
2024-05-25,21,Kentucky,wk inc rsv prop ed visits,prop_ed,2e-4,NA
2024-05-25,22,Louisiana,wk inc rsv prop ed visits,prop_ed,3e-4,NA
2024-05-25,23,Maine,wk inc rsv prop ed visits,prop_ed,2e-4,NA
2024-05-25,24,Maryland,wk inc rsv prop ed visits,prop_ed,2e-4,NA
2024-05-25,25,Massachusetts,wk inc rsv prop ed visits,prop_ed,2e-4,NA
2024-05-25,26,Michigan,wk inc rsv prop ed visits,prop_ed,1e-4,NA
2024-05-25,27,Minnesota,wk inc rsv prop ed visits,prop_ed,4e-4,NA
2024-05-25,28,Mississippi,wk inc rsv prop ed visits,prop_ed,1e-4,NA
2024-05-25,30,Montana,wk inc rsv prop ed visits,prop_ed,5e-4,NA
2024-05-25,31,Nebraska,wk inc rsv prop ed visits,prop_ed,5e-4,NA
2024-05-25,32,Nevada,wk inc rsv prop ed visits,prop_ed,2e-4,NA
2024-05-25,33,New Hampshire,wk inc rsv prop ed visits,prop_ed,0,NA
2024-05-25,34,New Jersey,wk inc rsv prop ed visits,prop_ed,1e-4,NA
2024-05-25,35,New Mexico,wk inc rsv prop ed visits,prop_ed,0,NA
2024-05-25,36,New York,wk inc rsv prop ed visits,prop_ed,2e-4,NA
2024-05-25,37,North Carolina,wk inc rsv prop ed visits,prop_ed,2e-4,NA
2024-05-25,38,North Dakota,wk inc rsv prop ed visits,prop_ed,2e-4,NA
2024-05-25,39,Ohio,wk inc rsv prop ed visits,prop_ed,1e-4,NA
2024-05-25,40,Oklahoma,wk inc rsv prop ed visits,prop_ed,1e-4,NA
2024-05-25,41,Oregon,wk inc rsv prop ed visits,prop_ed,2e-4,NA
2024-05-25,42,Pennsylvania,wk inc rsv prop ed visits,prop_ed,1e-4,NA
2024-05-25,44,Rhode Island,wk inc rsv prop ed visits,prop_ed,0,NA
2024-05-25,45,South Carolina,wk inc rsv prop ed visits,prop_ed,1e-4,NA
2024-05-25,46,South Dakota,wk inc rsv prop ed visits,prop_ed,5e-4,NA
2024-05-25,47,Tennessee,wk inc rsv prop ed visits,prop_ed,4e-4,NA
2024-05-25,48,Texas,wk inc rsv prop ed visits,prop_ed,4e-4,NA
2024-05-25,49,Utah,wk inc rsv prop ed visits,prop_ed,2e-4,NA
2024-05-25,50,Vermont,wk inc rsv prop ed visits,prop_ed,3e-4,NA
2024-05-25,51,Virginia,wk inc rsv prop ed visits,prop_ed,2e-4,NA
2024-05-25,53,Washington,wk inc rsv prop ed visits,prop_ed,2e-4,NA
2024-05-25,54,West Virginia,wk inc rsv prop ed visits,prop_ed,5e-4,NA
2024-05-25,55,Wisconsin,wk inc rsv prop ed visits,prop_ed,2e-4,NA
2024-05-25,56,Wyoming,wk inc rsv prop ed visits,prop_ed,0.0012,NA
2024-05-25,US,United States,wk inc rsv prop ed visits,prop_ed,2e-4,NA
2024-06-01,01,Alabama,wk inc rsv prop ed visits,prop_ed,1e-4,NA
2024-06-01,02,Alaska,wk inc rsv prop ed visits,prop_ed,1e-4,NA
2024-06-01,04,Arizona,wk inc rsv prop ed visits,prop_ed,1e-4,NA
2024-06-01,05,Arkansas,wk inc rsv prop ed visits,prop_ed,3e-4,NA
2024-06-01,06,California,wk inc rsv prop ed visits,prop_ed,1e-4,NA
2024-06-01,08,Colorado,wk inc rsv prop ed visits,prop_ed,1e-4,NA
2024-06-01,09,Connecticut,wk inc rsv prop ed visits,prop_ed,0,NA
2024-06-01,10,Delaware,wk inc rsv prop ed visits,prop_ed,2e-4,NA
2024-06-01,11,District of Columbia,wk inc rsv prop ed visits,prop_ed,1e-4,NA
2024-06-01,12,Florida,wk inc rsv prop ed visits,prop_ed,3e-4,NA
2024-06-01,13,Georgia,wk inc rsv prop ed visits,prop_ed,3e-4,NA
2024-06-01,15,Hawaii,wk inc rsv prop ed visits,prop_ed,1e-4,NA
2024-06-01,16,Idaho,wk inc rsv prop ed visits,prop_ed,2e-4,NA
2024-06-01,17,Illinois,wk inc rsv prop ed visits,prop_ed,2e-4,NA
2024-06-01,18,Indiana,wk inc rsv prop ed visits,prop_ed,2e-4,NA
2024-06-01,19,Iowa,wk inc rsv prop ed visits,prop_ed,3e-4,NA
2024-06-01,20,Kansas,wk inc rsv prop ed visits,prop_ed,2e-4,NA
2024-06-01,21,Kentucky,wk inc rsv prop ed visits,prop_ed,2e-4,NA
2024-06-01,22,Louisiana,wk inc rsv prop ed visits,prop_ed,3e-4,NA
2024-06-01,23,Maine,wk inc rsv prop ed visits,prop_ed,1e-4,NA
2024-06-01,24,Maryland,wk inc rsv prop ed visits,prop_ed,1e-4,NA
2024-06-01,25,Massachusetts,wk inc rsv prop ed visits,prop_ed,2e-4,NA
2024-06-01,26,Michigan,wk inc rsv prop ed visits,prop_ed,1e-4,NA
2024-06-01,27,Minnesota,wk inc rsv prop ed visits,prop_ed,3e-4,NA
2024-06-01,28,Mississippi,wk inc rsv prop ed visits,prop_ed,5e-4,NA
2024-06-01,30,Montana,wk inc rsv prop ed visits,prop_ed,2e-4,NA
2024-06-01,31,Nebraska,wk inc rsv prop ed visits,prop_ed,3e-4,NA
2024-06-01,32,Nevada,wk inc rsv prop ed visits,prop_ed,2e-4,NA
2024-06-01,33,New Hampshire,wk inc rsv prop ed visits,prop_ed,0,NA
2024-06-01,34,New Jersey,wk inc rsv prop ed visits,prop_ed,1e-4,NA
2024-06-01,35,New Mexico,wk inc rsv prop ed visits,prop_ed,3e-4,NA
2024-06-01,36,New York,wk inc rsv prop ed visits,prop_ed,1e-4,NA
2024-06-01,37,North Carolina,wk inc rsv prop ed visits,prop_ed,1e-4,NA
2024-06-01,38,North Dakota,wk inc rsv prop ed visits,prop_ed,0,NA
2024-06-01,39,Ohio,wk inc rsv prop ed visits,prop_ed,1e-4,NA
2024-06-01,40,Oklahoma,wk inc rsv prop ed visits,prop_ed,1e-4,NA
2024-06-01,41,Oregon,wk inc rsv prop ed visits,prop_ed,2e-4,NA
2024-06-01,42,Pennsylvania,wk inc rsv prop ed visits,prop_ed,1e-4,NA
2024-06-01,44,Rhode Island,wk inc rsv prop ed visits,prop_ed,0,NA
2024-06-01,45,South Carolina,wk inc rsv prop ed visits,prop_ed,1e-4,NA
2024-06-01,46,South Dakota,wk inc rsv prop ed visits,prop_ed,4e-4,NA
2024-06-01,47,Tennessee,wk inc rsv prop ed visits,prop_ed,3e-4,NA
2024-06-01,48,Texas,wk inc rsv prop ed visits,prop_ed,4e-4,NA
2024-06-01,49,Utah,wk inc rsv prop ed visits,prop_ed,1e-4,NA
2024-06-01,50,Vermont,wk inc rsv prop ed visits,prop_ed,7e-4,NA
2024-06-01,51,Virginia,wk inc rsv prop ed visits,prop_ed,2e-4,NA
2024-06-01,53,Washington,wk inc rsv prop ed visits,prop_ed,1e-4,NA
2024-06-01,54,West Virginia,wk inc rsv prop ed visits,prop_ed,1e-4,NA
2024-06-01,55,Wisconsin,wk inc rsv prop ed visits,prop_ed,1e-4,NA
2024-06-01,56,Wyoming,wk inc rsv prop ed visits,prop_ed,0.0011,NA
2024-06-01,US,United States,wk inc rsv prop ed visits,prop_ed,2e-4,NA
2024-06-08,01,Alabama,wk inc rsv prop ed visits,prop_ed,3e-4,NA
2024-06-08,02,Alaska,wk inc rsv prop ed visits,prop_ed,1e-4,NA
2024-06-08,04,Arizona,wk inc rsv prop ed visits,prop_ed,1e-4,NA
2024-06-08,05,Arkansas,wk inc rsv prop ed visits,prop_ed,2e-4,NA
2024-06-08,06,California,wk inc rsv prop ed visits,prop_ed,1e-4,NA
2024-06-08,08,Colorado,wk inc rsv prop ed visits,prop_ed,1e-4,NA
2024-06-08,09,Connecticut,wk inc rsv prop ed visits,prop_ed,0,NA
2024-06-08,10,Delaware,wk inc rsv prop ed visits,prop_ed,2e-4,NA
2024-06-08,11,District of Columbia,wk inc rsv prop ed visits,prop_ed,3e-4,NA
2024-06-08,12,Florida,wk inc rsv prop ed visits,prop_ed,2e-4,NA
2024-06-08,13,Georgia,wk inc rsv prop ed visits,prop_ed,1e-4,NA
2024-06-08,15,Hawaii,wk inc rsv prop ed visits,prop_ed,3e-4,NA
2024-06-08,16,Idaho,wk inc rsv prop ed visits,prop_ed,4e-4,NA
2024-06-08,17,Illinois,wk inc rsv prop ed visits,prop_ed,2e-4,NA
2024-06-08,18,Indiana,wk inc rsv prop ed visits,prop_ed,1e-4,NA
2024-06-08,19,Iowa,wk inc rsv prop ed visits,prop_ed,3e-4,NA
2024-06-08,20,Kansas,wk inc rsv prop ed visits,prop_ed,3e-4,NA
2024-06-08,21,Kentucky,wk inc rsv prop ed visits,prop_ed,2e-4,NA
2024-06-08,22,Louisiana,wk inc rsv prop ed visits,prop_ed,3e-4,NA
2024-06-08,23,Maine,wk inc rsv prop ed visits,prop_ed,1e-4,NA
2024-06-08,24,Maryland,wk inc rsv prop ed visits,prop_ed,2e-4,NA
2024-06-08,25,Massachusetts,wk inc rsv prop ed visits,prop_ed,1e-4,NA
2024-06-08,26,Michigan,wk inc rsv prop ed visits,prop_ed,1e-4,NA
2024-06-08,27,Minnesota,wk inc rsv prop ed visits,prop_ed,2e-4,NA
2024-06-08,28,Mississippi,wk inc rsv prop ed visits,prop_ed,5e-4,NA
2024-06-08,30,Montana,wk inc rsv prop ed visits,prop_ed,2e-4,NA
2024-06-08,31,Nebraska,wk inc rsv prop ed visits,prop_ed,1e-4,NA
2024-06-08,32,Nevada,wk inc rsv prop ed visits,prop_ed,1e-4,NA
2024-06-08,33,New Hampshire,wk inc rsv prop ed visits,prop_ed,0,NA
2024-06-08,34,New Jersey,wk inc rsv prop ed visits,prop_ed,1e-4,NA
2024-06-08,35,New Mexico,wk inc rsv prop ed visits,prop_ed,1e-4,NA
2024-06-08,36,New York,wk inc rsv prop ed visits,prop_ed,1e-4,NA
2024-06-08,37,North Carolina,wk inc rsv prop ed visits,prop_ed,3e-4,NA
2024-06-08,38,North Dakota,wk inc rsv prop ed visits,prop_ed,0,NA
2024-06-08,39,Ohio,wk inc rsv prop ed visits,prop_ed,1e-4,NA
2024-06-08,40,Oklahoma,wk inc rsv prop ed visits,prop_ed,1e-4,NA
2024-06-08,41,Oregon,wk inc rsv prop ed visits,prop_ed,2e-4,NA
2024-06-08,42,Pennsylvania,wk inc rsv prop ed visits,prop_ed,1e-4,NA
2024-06-08,44,Rhode Island,wk inc rsv prop ed visits,prop_ed,0,NA
2024-06-08,45,South Carolina,wk inc rsv prop ed visits,prop_ed,2e-4,NA
2024-06-08,46,South Dakota,wk inc rsv prop ed visits,prop_ed,0,NA
2024-06-08,47,Tennessee,wk inc rsv prop ed visits,prop_ed,4e-4,NA
2024-06-08,48,Texas,wk inc rsv prop ed visits,prop_ed,3e-4,NA
2024-06-08,49,Utah,wk inc rsv prop ed visits,prop_ed,1e-4,NA
2024-06-08,50,Vermont,wk inc rsv prop ed visits,prop_ed,0,NA
2024-06-08,51,Virginia,wk inc rsv prop ed visits,prop_ed,1e-4,NA
2024-06-08,53,Washington,wk inc rsv prop ed visits,prop_ed,2e-4,NA
2024-06-08,54,West Virginia,wk inc rsv prop ed visits,prop_ed,3e-4,NA
2024-06-08,55,Wisconsin,wk inc rsv prop ed visits,prop_ed,2e-4,NA
2024-06-08,56,Wyoming,wk inc rsv prop ed visits,prop_ed,7e-4,NA
2024-06-08,US,United States,wk inc rsv prop ed visits,prop_ed,2e-4,NA
2024-06-15,01,Alabama,wk inc rsv prop ed visits,prop_ed,4e-4,NA
2024-06-15,02,Alaska,wk inc rsv prop ed visits,prop_ed,3e-4,NA
2024-06-15,04,Arizona,wk inc rsv prop ed visits,prop_ed,1e-4,NA
2024-06-15,05,Arkansas,wk inc rsv prop ed visits,prop_ed,4e-4,NA
2024-06-15,06,California,wk inc rsv prop ed visits,prop_ed,1e-4,NA
2024-06-15,08,Colorado,wk inc rsv prop ed visits,prop_ed,1e-4,NA
2024-06-15,09,Connecticut,wk inc rsv prop ed visits,prop_ed,0,NA
2024-06-15,10,Delaware,wk inc rsv prop ed visits,prop_ed,0,NA
2024-06-15,11,District of Columbia,wk inc rsv prop ed visits,prop_ed,1e-4,NA
2024-06-15,12,Florida,wk inc rsv prop ed visits,prop_ed,4e-4,NA
2024-06-15,13,Georgia,wk inc rsv prop ed visits,prop_ed,2e-4,NA
2024-06-15,15,Hawaii,wk inc rsv prop ed visits,prop_ed,2e-4,NA
2024-06-15,16,Idaho,wk inc rsv prop ed visits,prop_ed,1e-4,NA
2024-06-15,17,Illinois,wk inc rsv prop ed visits,prop_ed,2e-4,NA
2024-06-15,18,Indiana,wk inc rsv prop ed visits,prop_ed,0,NA
2024-06-15,19,Iowa,wk inc rsv prop ed visits,prop_ed,2e-4,NA
2024-06-15,20,Kansas,wk inc rsv prop ed visits,prop_ed,1e-4,NA
2024-06-15,21,Kentucky,wk inc rsv prop ed visits,prop_ed,2e-4,NA
2024-06-15,22,Louisiana,wk inc rsv prop ed visits,prop_ed,0,NA
2024-06-15,23,Maine,wk inc rsv prop ed visits,prop_ed,1e-4,NA
2024-06-15,24,Maryland,wk inc rsv prop ed visits,prop_ed,1e-4,NA
2024-06-15,25,Massachusetts,wk inc rsv prop ed visits,prop_ed,2e-4,NA
2024-06-15,26,Michigan,wk inc rsv prop ed visits,prop_ed,1e-4,NA
2024-06-15,27,Minnesota,wk inc rsv prop ed visits,prop_ed,3e-4,NA
2024-06-15,28,Mississippi,wk inc rsv prop ed visits,prop_ed,3e-4,NA
2024-06-15,30,Montana,wk inc rsv prop ed visits,prop_ed,5e-4,NA
2024-06-15,31,Nebraska,wk inc rsv prop ed visits,prop_ed,1e-4,NA
2024-06-15,32,Nevada,wk inc rsv prop ed visits,prop_ed,2e-4,NA
2024-06-15,33,New Hampshire,wk inc rsv prop ed visits,prop_ed,0,NA
2024-06-15,34,New Jersey,wk inc rsv prop ed visits,prop_ed,1e-4,NA
2024-06-15,35,New Mexico,wk inc rsv prop ed visits,prop_ed,1e-4,NA
2024-06-15,36,New York,wk inc rsv prop ed visits,prop_ed,1e-4,NA
2024-06-15,37,North Carolina,wk inc rsv prop ed visits,prop_ed,1e-4,NA
2024-06-15,38,North Dakota,wk inc rsv prop ed visits,prop_ed,3e-4,NA
2024-06-15,39,Ohio,wk inc rsv prop ed visits,prop_ed,0,NA
2024-06-15,40,Oklahoma,wk inc rsv prop ed visits,prop_ed,1e-4,NA
2024-06-15,41,Oregon,wk inc rsv prop ed visits,prop_ed,1e-4,NA
2024-06-15,42,Pennsylvania,wk inc rsv prop ed visits,prop_ed,1e-4,NA
2024-06-15,44,Rhode Island,wk inc rsv prop ed visits,prop_ed,1e-4,NA
2024-06-15,45,South Carolina,wk inc rsv prop ed visits,prop_ed,1e-4,NA
2024-06-15,46,South Dakota,wk inc rsv prop ed visits,prop_ed,5e-4,NA
2024-06-15,47,Tennessee,wk inc rsv prop ed visits,prop_ed,2e-4,NA
2024-06-15,48,Texas,wk inc rsv prop ed visits,prop_ed,3e-4,NA
2024-06-15,49,Utah,wk inc rsv prop ed visits,prop_ed,2e-4,NA
2024-06-15,50,Vermont,wk inc rsv prop ed visits,prop_ed,2e-4,NA
2024-06-15,51,Virginia,wk inc rsv prop ed visits,prop_ed,2e-4,NA
2024-06-15,53,Washington,wk inc rsv prop ed visits,prop_ed,1e-4,NA
2024-06-15,54,West Virginia,wk inc rsv prop ed visits,prop_ed,0,NA
2024-06-15,55,Wisconsin,wk inc rsv prop ed visits,prop_ed,1e-4,NA
2024-06-15,56,Wyoming,wk inc rsv prop ed visits,prop_ed,0,NA
2024-06-15,US,United States,wk inc rsv prop ed visits,prop_ed,2e-4,NA
2024-06-22,01,Alabama,wk inc rsv prop ed visits,prop_ed,3e-4,NA
2024-06-22,02,Alaska,wk inc rsv prop ed visits,prop_ed,3e-4,NA
2024-06-22,04,Arizona,wk inc rsv prop ed visits,prop_ed,0,NA
2024-06-22,05,Arkansas,wk inc rsv prop ed visits,prop_ed,4e-4,NA
2024-06-22,06,California,wk inc rsv prop ed visits,prop_ed,1e-4,NA
2024-06-22,08,Colorado,wk inc rsv prop ed visits,prop_ed,1e-4,NA
2024-06-22,09,Connecticut,wk inc rsv prop ed visits,prop_ed,1e-4,NA
2024-06-22,10,Delaware,wk inc rsv prop ed visits,prop_ed,2e-4,NA
2024-06-22,11,District of Columbia,wk inc rsv prop ed visits,prop_ed,0,NA
2024-06-22,12,Florida,wk inc rsv prop ed visits,prop_ed,4e-4,NA
2024-06-22,13,Georgia,wk inc rsv prop ed visits,prop_ed,1e-4,NA
2024-06-22,15,Hawaii,wk inc rsv prop ed visits,prop_ed,2e-4,NA
2024-06-22,16,Idaho,wk inc rsv prop ed visits,prop_ed,2e-4,NA
2024-06-22,17,Illinois,wk inc rsv prop ed visits,prop_ed,2e-4,NA
2024-06-22,18,Indiana,wk inc rsv prop ed visits,prop_ed,1e-4,NA
2024-06-22,19,Iowa,wk inc rsv prop ed visits,prop_ed,1e-4,NA
2024-06-22,20,Kansas,wk inc rsv prop ed visits,prop_ed,1e-4,NA
2024-06-22,21,Kentucky,wk inc rsv prop ed visits,prop_ed,1e-4,NA
2024-06-22,22,Louisiana,wk inc rsv prop ed visits,prop_ed,1e-4,NA
2024-06-22,23,Maine,wk inc rsv prop ed visits,prop_ed,2e-4,NA
2024-06-22,24,Maryland,wk inc rsv prop ed visits,prop_ed,2e-4,NA
2024-06-22,25,Massachusetts,wk inc rsv prop ed visits,prop_ed,1e-4,NA
2024-06-22,26,Michigan,wk inc rsv prop ed visits,prop_ed,0,NA
2024-06-22,27,Minnesota,wk inc rsv prop ed visits,prop_ed,1e-4,NA
2024-06-22,28,Mississippi,wk inc rsv prop ed visits,prop_ed,3e-4,NA
2024-06-22,30,Montana,wk inc rsv prop ed visits,prop_ed,0,NA
2024-06-22,31,Nebraska,wk inc rsv prop ed visits,prop_ed,1e-4,NA
2024-06-22,32,Nevada,wk inc rsv prop ed visits,prop_ed,2e-4,NA
2024-06-22,33,New Hampshire,wk inc rsv prop ed visits,prop_ed,0,NA
2024-06-22,34,New Jersey,wk inc rsv prop ed visits,prop_ed,2e-4,NA
2024-06-22,35,New Mexico,wk inc rsv prop ed visits,prop_ed,0,NA
2024-06-22,36,New York,wk inc rsv prop ed visits,prop_ed,1e-4,NA
2024-06-22,37,North Carolina,wk inc rsv prop ed visits,prop_ed,1e-4,NA
2024-06-22,38,North Dakota,wk inc rsv prop ed visits,prop_ed,3e-4,NA
2024-06-22,39,Ohio,wk inc rsv prop ed visits,prop_ed,1e-4,NA
2024-06-22,40,Oklahoma,wk inc rsv prop ed visits,prop_ed,1e-4,NA
2024-06-22,41,Oregon,wk inc rsv prop ed visits,prop_ed,2e-4,NA
2024-06-22,42,Pennsylvania,wk inc rsv prop ed visits,prop_ed,0,NA
2024-06-22,44,Rhode Island,wk inc rsv prop ed visits,prop_ed,1e-4,NA
2024-06-22,45,South Carolina,wk inc rsv prop ed visits,prop_ed,0,NA
2024-06-22,46,South Dakota,wk inc rsv prop ed visits,prop_ed,0,NA
2024-06-22,47,Tennessee,wk inc rsv prop ed visits,prop_ed,2e-4,NA
2024-06-22,48,Texas,wk inc rsv prop ed visits,prop_ed,3e-4,NA
2024-06-22,49,Utah,wk inc rsv prop ed visits,prop_ed,1e-4,NA
2024-06-22,50,Vermont,wk inc rsv prop ed visits,prop_ed,2e-4,NA
2024-06-22,51,Virginia,wk inc rsv prop ed visits,prop_ed,1e-4,NA
2024-06-22,53,Washington,wk inc rsv prop ed visits,prop_ed,1e-4,NA
2024-06-22,54,West Virginia,wk inc rsv prop ed visits,prop_ed,1e-4,NA
2024-06-22,55,Wisconsin,wk inc rsv prop ed visits,prop_ed,2e-4,NA
2024-06-22,56,Wyoming,wk inc rsv prop ed visits,prop_ed,0,NA
2024-06-22,US,United States,wk inc rsv prop ed visits,prop_ed,2e-4,NA
2024-06-29,01,Alabama,wk inc rsv prop ed visits,prop_ed,0,NA
2024-06-29,02,Alaska,wk inc rsv prop ed visits,prop_ed,0,NA
2024-06-29,04,Arizona,wk inc rsv prop ed visits,prop_ed,1e-4,NA
2024-06-29,05,Arkansas,wk inc rsv prop ed visits,prop_ed,2e-4,NA
2024-06-29,06,California,wk inc rsv prop ed visits,prop_ed,1e-4,NA
2024-06-29,08,Colorado,wk inc rsv prop ed visits,prop_ed,0,NA
2024-06-29,09,Connecticut,wk inc rsv prop ed visits,prop_ed,0,NA
2024-06-29,10,Delaware,wk inc rsv prop ed visits,prop_ed,2e-4,NA
2024-06-29,11,District of Columbia,wk inc rsv prop ed visits,prop_ed,4e-4,NA
2024-06-29,12,Florida,wk inc rsv prop ed visits,prop_ed,4e-4,NA
2024-06-29,13,Georgia,wk inc rsv prop ed visits,prop_ed,2e-4,NA
2024-06-29,15,Hawaii,wk inc rsv prop ed visits,prop_ed,3e-4,NA
2024-06-29,16,Idaho,wk inc rsv prop ed visits,prop_ed,5e-4,NA
2024-06-29,17,Illinois,wk inc rsv prop ed visits,prop_ed,1e-4,NA
2024-06-29,18,Indiana,wk inc rsv prop ed visits,prop_ed,1e-4,NA
2024-06-29,19,Iowa,wk inc rsv prop ed visits,prop_ed,0,NA
2024-06-29,20,Kansas,wk inc rsv prop ed visits,prop_ed,0,NA
2024-06-29,21,Kentucky,wk inc rsv prop ed visits,prop_ed,0,NA
2024-06-29,22,Louisiana,wk inc rsv prop ed visits,prop_ed,2e-4,NA
2024-06-29,23,Maine,wk inc rsv prop ed visits,prop_ed,1e-4,NA
2024-06-29,24,Maryland,wk inc rsv prop ed visits,prop_ed,2e-4,NA
2024-06-29,25,Massachusetts,wk inc rsv prop ed visits,prop_ed,1e-4,NA
2024-06-29,26,Michigan,wk inc rsv prop ed visits,prop_ed,1e-4,NA
2024-06-29,27,Minnesota,wk inc rsv prop ed visits,prop_ed,1e-4,NA
2024-06-29,28,Mississippi,wk inc rsv prop ed visits,prop_ed,2e-4,NA
2024-06-29,30,Montana,wk inc rsv prop ed visits,prop_ed,0,NA
2024-06-29,31,Nebraska,wk inc rsv prop ed visits,prop_ed,1e-4,NA
2024-06-29,32,Nevada,wk inc rsv prop ed visits,prop_ed,1e-4,NA
2024-06-29,33,New Hampshire,wk inc rsv prop ed visits,prop_ed,0,NA
2024-06-29,34,New Jersey,wk inc rsv prop ed visits,prop_ed,1e-4,NA
2024-06-29,35,New Mexico,wk inc rsv prop ed visits,prop_ed,0,NA
2024-06-29,36,New York,wk inc rsv prop ed visits,prop_ed,1e-4,NA
2024-06-29,37,North Carolina,wk inc rsv prop ed visits,prop_ed,0,NA
2024-06-29,38,North Dakota,wk inc rsv prop ed visits,prop_ed,0,NA
2024-06-29,39,Ohio,wk inc rsv prop ed visits,prop_ed,1e-4,NA
2024-06-29,40,Oklahoma,wk inc rsv prop ed visits,prop_ed,0,NA
2024-06-29,41,Oregon,wk inc rsv prop ed visits,prop_ed,1e-4,NA
2024-06-29,42,Pennsylvania,wk inc rsv prop ed visits,prop_ed,0,NA
2024-06-29,44,Rhode Island,wk inc rsv prop ed visits,prop_ed,1e-4,NA
2024-06-29,45,South Carolina,wk inc rsv prop ed visits,prop_ed,2e-4,NA
2024-06-29,46,South Dakota,wk inc rsv prop ed visits,prop_ed,3e-4,NA
2024-06-29,47,Tennessee,wk inc rsv prop ed visits,prop_ed,3e-4,NA
2024-06-29,48,Texas,wk inc rsv prop ed visits,prop_ed,2e-4,NA
2024-06-29,49,Utah,wk inc rsv prop ed visits,prop_ed,0,NA
2024-06-29,50,Vermont,wk inc rsv prop ed visits,prop_ed,3e-4,NA
2024-06-29,51,Virginia,wk inc rsv prop ed visits,prop_ed,1e-4,NA
2024-06-29,53,Washington,wk inc rsv prop ed visits,prop_ed,1e-4,NA
2024-06-29,54,West Virginia,wk inc rsv prop ed visits,prop_ed,2e-4,NA
2024-06-29,55,Wisconsin,wk inc rsv prop ed visits,prop_ed,1e-4,NA
2024-06-29,56,Wyoming,wk inc rsv prop ed visits,prop_ed,0,NA
2024-06-29,US,United States,wk inc rsv prop ed visits,prop_ed,1e-4,NA
2024-07-06,01,Alabama,wk inc rsv prop ed visits,prop_ed,1e-4,NA
2024-07-06,02,Alaska,wk inc rsv prop ed visits,prop_ed,0,NA
2024-07-06,04,Arizona,wk inc rsv prop ed visits,prop_ed,1e-4,NA
2024-07-06,05,Arkansas,wk inc rsv prop ed visits,prop_ed,1e-4,NA
2024-07-06,06,California,wk inc rsv prop ed visits,prop_ed,0,NA
2024-07-06,08,Colorado,wk inc rsv prop ed visits,prop_ed,0,NA
2024-07-06,09,Connecticut,wk inc rsv prop ed visits,prop_ed,0,NA
2024-07-06,10,Delaware,wk inc rsv prop ed visits,prop_ed,1e-4,NA
2024-07-06,11,District of Columbia,wk inc rsv prop ed visits,prop_ed,3e-4,NA
2024-07-06,12,Florida,wk inc rsv prop ed visits,prop_ed,4e-4,NA
2024-07-06,13,Georgia,wk inc rsv prop ed visits,prop_ed,0,NA
2024-07-06,15,Hawaii,wk inc rsv prop ed visits,prop_ed,0,NA
2024-07-06,16,Idaho,wk inc rsv prop ed visits,prop_ed,2e-4,NA
2024-07-06,17,Illinois,wk inc rsv prop ed visits,prop_ed,2e-4,NA
2024-07-06,18,Indiana,wk inc rsv prop ed visits,prop_ed,0,NA
2024-07-06,19,Iowa,wk inc rsv prop ed visits,prop_ed,2e-4,NA
2024-07-06,20,Kansas,wk inc rsv prop ed visits,prop_ed,0,NA
2024-07-06,21,Kentucky,wk inc rsv prop ed visits,prop_ed,2e-4,NA
2024-07-06,22,Louisiana,wk inc rsv prop ed visits,prop_ed,1e-4,NA
2024-07-06,23,Maine,wk inc rsv prop ed visits,prop_ed,0,NA
2024-07-06,24,Maryland,wk inc rsv prop ed visits,prop_ed,2e-4,NA
2024-07-06,25,Massachusetts,wk inc rsv prop ed visits,prop_ed,1e-4,NA
2024-07-06,26,Michigan,wk inc rsv prop ed visits,prop_ed,0,NA
2024-07-06,27,Minnesota,wk inc rsv prop ed visits,prop_ed,1e-4,NA
2024-07-06,28,Mississippi,wk inc rsv prop ed visits,prop_ed,4e-4,NA
2024-07-06,30,Montana,wk inc rsv prop ed visits,prop_ed,2e-4,NA
2024-07-06,31,Nebraska,wk inc rsv prop ed visits,prop_ed,1e-4,NA
2024-07-06,32,Nevada,wk inc rsv prop ed visits,prop_ed,1e-4,NA
2024-07-06,33,New Hampshire,wk inc rsv prop ed visits,prop_ed,0,NA
2024-07-06,34,New Jersey,wk inc rsv prop ed visits,prop_ed,0,NA
2024-07-06,35,New Mexico,wk inc rsv prop ed visits,prop_ed,1e-4,NA
2024-07-06,36,New York,wk inc rsv prop ed visits,prop_ed,2e-4,NA
2024-07-06,37,North Carolina,wk inc rsv prop ed visits,prop_ed,2e-4,NA
2024-07-06,38,North Dakota,wk inc rsv prop ed visits,prop_ed,0,NA
2024-07-06,39,Ohio,wk inc rsv prop ed visits,prop_ed,1e-4,NA
2024-07-06,40,Oklahoma,wk inc rsv prop ed visits,prop_ed,3e-4,NA
2024-07-06,41,Oregon,wk inc rsv prop ed visits,prop_ed,1e-4,NA
2024-07-06,42,Pennsylvania,wk inc rsv prop ed visits,prop_ed,0,NA
2024-07-06,44,Rhode Island,wk inc rsv prop ed visits,prop_ed,0,NA
2024-07-06,45,South Carolina,wk inc rsv prop ed visits,prop_ed,2e-4,NA
2024-07-06,46,South Dakota,wk inc rsv prop ed visits,prop_ed,3e-4,NA
2024-07-06,47,Tennessee,wk inc rsv prop ed visits,prop_ed,2e-4,NA
2024-07-06,48,Texas,wk inc rsv prop ed visits,prop_ed,3e-4,NA
2024-07-06,49,Utah,wk inc rsv prop ed visits,prop_ed,2e-4,NA
2024-07-06,50,Vermont,wk inc rsv prop ed visits,prop_ed,0,NA
2024-07-06,51,Virginia,wk inc rsv prop ed visits,prop_ed,1e-4,NA
2024-07-06,53,Washington,wk inc rsv prop ed visits,prop_ed,0,NA
2024-07-06,54,West Virginia,wk inc rsv prop ed visits,prop_ed,1e-4,NA
2024-07-06,55,Wisconsin,wk inc rsv prop ed visits,prop_ed,1e-4,NA
2024-07-06,56,Wyoming,wk inc rsv prop ed visits,prop_ed,0,NA
2024-07-06,US,United States,wk inc rsv prop ed visits,prop_ed,1e-4,NA
2024-07-13,01,Alabama,wk inc rsv prop ed visits,prop_ed,3e-4,NA
2024-07-13,02,Alaska,wk inc rsv prop ed visits,prop_ed,1e-4,NA
2024-07-13,04,Arizona,wk inc rsv prop ed visits,prop_ed,1e-4,NA
2024-07-13,05,Arkansas,wk inc rsv prop ed visits,prop_ed,2e-4,NA
2024-07-13,06,California,wk inc rsv prop ed visits,prop_ed,0,NA
2024-07-13,08,Colorado,wk inc rsv prop ed visits,prop_ed,0,NA
2024-07-13,09,Connecticut,wk inc rsv prop ed visits,prop_ed,0,NA
2024-07-13,10,Delaware,wk inc rsv prop ed visits,prop_ed,1e-4,NA
2024-07-13,11,District of Columbia,wk inc rsv prop ed visits,prop_ed,0,NA
2024-07-13,12,Florida,wk inc rsv prop ed visits,prop_ed,4e-4,NA
2024-07-13,13,Georgia,wk inc rsv prop ed visits,prop_ed,0,NA
2024-07-13,15,Hawaii,wk inc rsv prop ed visits,prop_ed,0,NA
2024-07-13,16,Idaho,wk inc rsv prop ed visits,prop_ed,1e-4,NA
2024-07-13,17,Illinois,wk inc rsv prop ed visits,prop_ed,1e-4,NA
2024-07-13,18,Indiana,wk inc rsv prop ed visits,prop_ed,0,NA
2024-07-13,19,Iowa,wk inc rsv prop ed visits,prop_ed,2e-4,NA
2024-07-13,20,Kansas,wk inc rsv prop ed visits,prop_ed,1e-4,NA
2024-07-13,21,Kentucky,wk inc rsv prop ed visits,prop_ed,2e-4,NA
2024-07-13,22,Louisiana,wk inc rsv prop ed visits,prop_ed,2e-4,NA
2024-07-13,23,Maine,wk inc rsv prop ed visits,prop_ed,0,NA
2024-07-13,24,Maryland,wk inc rsv prop ed visits,prop_ed,1e-4,NA
2024-07-13,25,Massachusetts,wk inc rsv prop ed visits,prop_ed,0,NA
2024-07-13,26,Michigan,wk inc rsv prop ed visits,prop_ed,1e-4,NA
2024-07-13,27,Minnesota,wk inc rsv prop ed visits,prop_ed,1e-4,NA
2024-07-13,28,Mississippi,wk inc rsv prop ed visits,prop_ed,2e-4,NA
2024-07-13,30,Montana,wk inc rsv prop ed visits,prop_ed,0,NA
2024-07-13,31,Nebraska,wk inc rsv prop ed visits,prop_ed,0,NA
2024-07-13,32,Nevada,wk inc rsv prop ed visits,prop_ed,0,NA
2024-07-13,33,New Hampshire,wk inc rsv prop ed visits,prop_ed,0,NA
2024-07-13,34,New Jersey,wk inc rsv prop ed visits,prop_ed,1e-4,NA
2024-07-13,35,New Mexico,wk inc rsv prop ed visits,prop_ed,2e-4,NA
2024-07-13,36,New York,wk inc rsv prop ed visits,prop_ed,1e-4,NA
2024-07-13,37,North Carolina,wk inc rsv prop ed visits,prop_ed,1e-4,NA
2024-07-13,38,North Dakota,wk inc rsv prop ed visits,prop_ed,0,NA
2024-07-13,39,Ohio,wk inc rsv prop ed visits,prop_ed,0,NA
2024-07-13,40,Oklahoma,wk inc rsv prop ed visits,prop_ed,0,NA
2024-07-13,41,Oregon,wk inc rsv prop ed visits,prop_ed,1e-4,NA
2024-07-13,42,Pennsylvania,wk inc rsv prop ed visits,prop_ed,0,NA
2024-07-13,44,Rhode Island,wk inc rsv prop ed visits,prop_ed,1e-4,NA
2024-07-13,45,South Carolina,wk inc rsv prop ed visits,prop_ed,1e-4,NA
2024-07-13,46,South Dakota,wk inc rsv prop ed visits,prop_ed,0,NA
2024-07-13,47,Tennessee,wk inc rsv prop ed visits,prop_ed,1e-4,NA
2024-07-13,48,Texas,wk inc rsv prop ed visits,prop_ed,2e-4,NA
2024-07-13,49,Utah,wk inc rsv prop ed visits,prop_ed,0,NA
2024-07-13,50,Vermont,wk inc rsv prop ed visits,prop_ed,0,NA
2024-07-13,51,Virginia,wk inc rsv prop ed visits,prop_ed,1e-4,NA
2024-07-13,53,Washington,wk inc rsv prop ed visits,prop_ed,1e-4,NA
2024-07-13,54,West Virginia,wk inc rsv prop ed visits,prop_ed,0,NA
2024-07-13,55,Wisconsin,wk inc rsv prop ed visits,prop_ed,1e-4,NA
2024-07-13,56,Wyoming,wk inc rsv prop ed visits,prop_ed,0,NA
2024-07-13,US,United States,wk inc rsv prop ed visits,prop_ed,1e-4,NA
2024-07-20,01,Alabama,wk inc rsv prop ed visits,prop_ed,4e-4,NA
2024-07-20,02,Alaska,wk inc rsv prop ed visits,prop_ed,1e-4,NA
2024-07-20,04,Arizona,wk inc rsv prop ed visits,prop_ed,0,NA
2024-07-20,05,Arkansas,wk inc rsv prop ed visits,prop_ed,1e-4,NA
2024-07-20,06,California,wk inc rsv prop ed visits,prop_ed,1e-4,NA
2024-07-20,08,Colorado,wk inc rsv prop ed visits,prop_ed,0,NA
2024-07-20,09,Connecticut,wk inc rsv prop ed visits,prop_ed,1e-4,NA
2024-07-20,10,Delaware,wk inc rsv prop ed visits,prop_ed,3e-4,NA
2024-07-20,11,District of Columbia,wk inc rsv prop ed visits,prop_ed,3e-4,NA
2024-07-20,12,Florida,wk inc rsv prop ed visits,prop_ed,4e-4,NA
2024-07-20,13,Georgia,wk inc rsv prop ed visits,prop_ed,1e-4,NA
2024-07-20,15,Hawaii,wk inc rsv prop ed visits,prop_ed,1e-4,NA
2024-07-20,16,Idaho,wk inc rsv prop ed visits,prop_ed,2e-4,NA
2024-07-20,17,Illinois,wk inc rsv prop ed visits,prop_ed,1e-4,NA
2024-07-20,18,Indiana,wk inc rsv prop ed visits,prop_ed,1e-4,NA
2024-07-20,19,Iowa,wk inc rsv prop ed visits,prop_ed,0,NA
2024-07-20,20,Kansas,wk inc rsv prop ed visits,prop_ed,2e-4,NA
2024-07-20,21,Kentucky,wk inc rsv prop ed visits,prop_ed,1e-4,NA
2024-07-20,22,Louisiana,wk inc rsv prop ed visits,prop_ed,1e-4,NA
2024-07-20,23,Maine,wk inc rsv prop ed visits,prop_ed,0,NA
2024-07-20,24,Maryland,wk inc rsv prop ed visits,prop_ed,0,NA
2024-07-20,25,Massachusetts,wk inc rsv prop ed visits,prop_ed,1e-4,NA
2024-07-20,26,Michigan,wk inc rsv prop ed visits,prop_ed,0,NA
2024-07-20,27,Minnesota,wk inc rsv prop ed visits,prop_ed,0,NA
2024-07-20,28,Mississippi,wk inc rsv prop ed visits,prop_ed,3e-4,NA
2024-07-20,30,Montana,wk inc rsv prop ed visits,prop_ed,2e-4,NA
2024-07-20,31,Nebraska,wk inc rsv prop ed visits,prop_ed,0,NA
2024-07-20,32,Nevada,wk inc rsv prop ed visits,prop_ed,1e-4,NA
2024-07-20,33,New Hampshire,wk inc rsv prop ed visits,prop_ed,0,NA
2024-07-20,34,New Jersey,wk inc rsv prop ed visits,prop_ed,1e-4,NA
2024-07-20,35,New Mexico,wk inc rsv prop ed visits,prop_ed,0,NA
2024-07-20,36,New York,wk inc rsv prop ed visits,prop_ed,1e-4,NA
2024-07-20,37,North Carolina,wk inc rsv prop ed visits,prop_ed,1e-4,NA
2024-07-20,38,North Dakota,wk inc rsv prop ed visits,prop_ed,0,NA
2024-07-20,39,Ohio,wk inc rsv prop ed visits,prop_ed,0,NA
2024-07-20,40,Oklahoma,wk inc rsv prop ed visits,prop_ed,0,NA
2024-07-20,41,Oregon,wk inc rsv prop ed visits,prop_ed,0,NA
2024-07-20,42,Pennsylvania,wk inc rsv prop ed visits,prop_ed,1e-4,NA
2024-07-20,44,Rhode Island,wk inc rsv prop ed visits,prop_ed,0,NA
2024-07-20,45,South Carolina,wk inc rsv prop ed visits,prop_ed,1e-4,NA
2024-07-20,46,South Dakota,wk inc rsv prop ed visits,prop_ed,0,NA
2024-07-20,47,Tennessee,wk inc rsv prop ed visits,prop_ed,2e-4,NA
2024-07-20,48,Texas,wk inc rsv prop ed visits,prop_ed,2e-4,NA
2024-07-20,49,Utah,wk inc rsv prop ed visits,prop_ed,1e-4,NA
2024-07-20,50,Vermont,wk inc rsv prop ed visits,prop_ed,5e-4,NA
2024-07-20,51,Virginia,wk inc rsv prop ed visits,prop_ed,1e-4,NA
2024-07-20,53,Washington,wk inc rsv prop ed visits,prop_ed,0,NA
2024-07-20,54,West Virginia,wk inc rsv prop ed visits,prop_ed,0,NA
2024-07-20,55,Wisconsin,wk inc rsv prop ed visits,prop_ed,0,NA
2024-07-20,56,Wyoming,wk inc rsv prop ed visits,prop_ed,0,NA
2024-07-20,US,United States,wk inc rsv prop ed visits,prop_ed,1e-4,NA
2024-07-27,01,Alabama,wk inc rsv prop ed visits,prop_ed,2e-4,NA
2024-07-27,02,Alaska,wk inc rsv prop ed visits,prop_ed,1e-4,NA
2024-07-27,04,Arizona,wk inc rsv prop ed visits,prop_ed,0,NA
2024-07-27,05,Arkansas,wk inc rsv prop ed visits,prop_ed,2e-4,NA
2024-07-27,06,California,wk inc rsv prop ed visits,prop_ed,0,NA
2024-07-27,08,Colorado,wk inc rsv prop ed visits,prop_ed,1e-4,NA
2024-07-27,09,Connecticut,wk inc rsv prop ed visits,prop_ed,0,NA
2024-07-27,10,Delaware,wk inc rsv prop ed visits,prop_ed,0,NA
2024-07-27,11,District of Columbia,wk inc rsv prop ed visits,prop_ed,0,NA
2024-07-27,12,Florida,wk inc rsv prop ed visits,prop_ed,4e-4,NA
2024-07-27,13,Georgia,wk inc rsv prop ed visits,prop_ed,2e-4,NA
2024-07-27,15,Hawaii,wk inc rsv prop ed visits,prop_ed,3e-4,NA
2024-07-27,16,Idaho,wk inc rsv prop ed visits,prop_ed,1e-4,NA
2024-07-27,17,Illinois,wk inc rsv prop ed visits,prop_ed,1e-4,NA
2024-07-27,18,Indiana,wk inc rsv prop ed visits,prop_ed,0,NA
2024-07-27,19,Iowa,wk inc rsv prop ed visits,prop_ed,2e-4,NA
2024-07-27,20,Kansas,wk inc rsv prop ed visits,prop_ed,0,NA
2024-07-27,21,Kentucky,wk inc rsv prop ed visits,prop_ed,2e-4,NA
2024-07-27,22,Louisiana,wk inc rsv prop ed visits,prop_ed,1e-4,NA
2024-07-27,23,Maine,wk inc rsv prop ed visits,prop_ed,1e-4,NA
2024-07-27,24,Maryland,wk inc rsv prop ed visits,prop_ed,2e-4,NA
2024-07-27,25,Massachusetts,wk inc rsv prop ed visits,prop_ed,1e-4,NA
2024-07-27,26,Michigan,wk inc rsv prop ed visits,prop_ed,1e-4,NA
2024-07-27,27,Minnesota,wk inc rsv prop ed visits,prop_ed,0,NA
2024-07-27,28,Mississippi,wk inc rsv prop ed visits,prop_ed,3e-4,NA
2024-07-27,30,Montana,wk inc rsv prop ed visits,prop_ed,0,NA
2024-07-27,31,Nebraska,wk inc rsv prop ed visits,prop_ed,1e-4,NA
2024-07-27,32,Nevada,wk inc rsv prop ed visits,prop_ed,1e-4,NA
2024-07-27,33,New Hampshire,wk inc rsv prop ed visits,prop_ed,0,NA
2024-07-27,34,New Jersey,wk inc rsv prop ed visits,prop_ed,1e-4,NA
2024-07-27,35,New Mexico,wk inc rsv prop ed visits,prop_ed,1e-4,NA
2024-07-27,36,New York,wk inc rsv prop ed visits,prop_ed,1e-4,NA
2024-07-27,37,North Carolina,wk inc rsv prop ed visits,prop_ed,1e-4,NA
2024-07-27,38,North Dakota,wk inc rsv prop ed visits,prop_ed,0,NA
2024-07-27,39,Ohio,wk inc rsv prop ed visits,prop_ed,0,NA
2024-07-27,40,Oklahoma,wk inc rsv prop ed visits,prop_ed,1e-4,NA
2024-07-27,41,Oregon,wk inc rsv prop ed visits,prop_ed,0,NA
2024-07-27,42,Pennsylvania,wk inc rsv prop ed visits,prop_ed,0,NA
2024-07-27,44,Rhode Island,wk inc rsv prop ed visits,prop_ed,0,NA
2024-07-27,45,South Carolina,wk inc rsv prop ed visits,prop_ed,1e-4,NA
2024-07-27,46,South Dakota,wk inc rsv prop ed visits,prop_ed,0,NA
2024-07-27,47,Tennessee,wk inc rsv prop ed visits,prop_ed,2e-4,NA
2024-07-27,48,Texas,wk inc rsv prop ed visits,prop_ed,3e-4,NA
2024-07-27,49,Utah,wk inc rsv prop ed visits,prop_ed,1e-4,NA
2024-07-27,50,Vermont,wk inc rsv prop ed visits,prop_ed,0,NA
2024-07-27,51,Virginia,wk inc rsv prop ed visits,prop_ed,1e-4,NA
2024-07-27,53,Washington,wk inc rsv prop ed visits,prop_ed,1e-4,NA
2024-07-27,54,West Virginia,wk inc rsv prop ed visits,prop_ed,1e-4,NA
2024-07-27,55,Wisconsin,wk inc rsv prop ed visits,prop_ed,0,NA
2024-07-27,56,Wyoming,wk inc rsv prop ed visits,prop_ed,0,NA
2024-07-27,US,United States,wk inc rsv prop ed visits,prop_ed,1e-4,NA
2024-08-03,01,Alabama,wk inc rsv prop ed visits,prop_ed,3e-4,NA
2024-08-03,02,Alaska,wk inc rsv prop ed visits,prop_ed,7e-4,NA
2024-08-03,04,Arizona,wk inc rsv prop ed visits,prop_ed,0,NA
2024-08-03,05,Arkansas,wk inc rsv prop ed visits,prop_ed,3e-4,NA
2024-08-03,06,California,wk inc rsv prop ed visits,prop_ed,1e-4,NA
2024-08-03,08,Colorado,wk inc rsv prop ed visits,prop_ed,1e-4,NA
2024-08-03,09,Connecticut,wk inc rsv prop ed visits,prop_ed,1e-4,NA
2024-08-03,10,Delaware,wk inc rsv prop ed visits,prop_ed,1e-4,NA
2024-08-03,11,District of Columbia,wk inc rsv prop ed visits,prop_ed,0,NA
2024-08-03,12,Florida,wk inc rsv prop ed visits,prop_ed,5e-4,NA
2024-08-03,13,Georgia,wk inc rsv prop ed visits,prop_ed,2e-4,NA
2024-08-03,15,Hawaii,wk inc rsv prop ed visits,prop_ed,1e-4,NA
2024-08-03,16,Idaho,wk inc rsv prop ed visits,prop_ed,1e-4,NA
2024-08-03,17,Illinois,wk inc rsv prop ed visits,prop_ed,1e-4,NA
2024-08-03,18,Indiana,wk inc rsv prop ed visits,prop_ed,1e-4,NA
2024-08-03,19,Iowa,wk inc rsv prop ed visits,prop_ed,1e-4,NA
2024-08-03,20,Kansas,wk inc rsv prop ed visits,prop_ed,2e-4,NA
2024-08-03,21,Kentucky,wk inc rsv prop ed visits,prop_ed,2e-4,NA
2024-08-03,22,Louisiana,wk inc rsv prop ed visits,prop_ed,1e-4,NA
2024-08-03,23,Maine,wk inc rsv prop ed visits,prop_ed,0,NA
2024-08-03,24,Maryland,wk inc rsv prop ed visits,prop_ed,1e-4,NA
2024-08-03,25,Massachusetts,wk inc rsv prop ed visits,prop_ed,2e-4,NA
2024-08-03,26,Michigan,wk inc rsv prop ed visits,prop_ed,1e-4,NA
2024-08-03,27,Minnesota,wk inc rsv prop ed visits,prop_ed,0,NA
2024-08-03,28,Mississippi,wk inc rsv prop ed visits,prop_ed,2e-4,NA
2024-08-03,30,Montana,wk inc rsv prop ed visits,prop_ed,0,NA
2024-08-03,31,Nebraska,wk inc rsv prop ed visits,prop_ed,1e-4,NA
2024-08-03,32,Nevada,wk inc rsv prop ed visits,prop_ed,0,NA
2024-08-03,33,New Hampshire,wk inc rsv prop ed visits,prop_ed,0,NA
2024-08-03,34,New Jersey,wk inc rsv prop ed visits,prop_ed,1e-4,NA
2024-08-03,35,New Mexico,wk inc rsv prop ed visits,prop_ed,0,NA
2024-08-03,36,New York,wk inc rsv prop ed visits,prop_ed,1e-4,NA
2024-08-03,37,North Carolina,wk inc rsv prop ed visits,prop_ed,1e-4,NA
2024-08-03,38,North Dakota,wk inc rsv prop ed visits,prop_ed,0,NA
2024-08-03,39,Ohio,wk inc rsv prop ed visits,prop_ed,1e-4,NA
2024-08-03,40,Oklahoma,wk inc rsv prop ed visits,prop_ed,0,NA
2024-08-03,41,Oregon,wk inc rsv prop ed visits,prop_ed,1e-4,NA
2024-08-03,42,Pennsylvania,wk inc rsv prop ed visits,prop_ed,0,NA
2024-08-03,44,Rhode Island,wk inc rsv prop ed visits,prop_ed,0,NA
2024-08-03,45,South Carolina,wk inc rsv prop ed visits,prop_ed,1e-4,NA
2024-08-03,46,South Dakota,wk inc rsv prop ed visits,prop_ed,0,NA
2024-08-03,47,Tennessee,wk inc rsv prop ed visits,prop_ed,2e-4,NA
2024-08-03,48,Texas,wk inc rsv prop ed visits,prop_ed,2e-4,NA
2024-08-03,49,Utah,wk inc rsv prop ed visits,prop_ed,1e-4,NA
2024-08-03,50,Vermont,wk inc rsv prop ed visits,prop_ed,2e-4,NA
2024-08-03,51,Virginia,wk inc rsv prop ed visits,prop_ed,1e-4,NA
2024-08-03,53,Washington,wk inc rsv prop ed visits,prop_ed,1e-4,NA
2024-08-03,54,West Virginia,wk inc rsv prop ed visits,prop_ed,2e-4,NA
2024-08-03,55,Wisconsin,wk inc rsv prop ed visits,prop_ed,1e-4,NA
2024-08-03,56,Wyoming,wk inc rsv prop ed visits,prop_ed,0,NA
2024-08-03,US,United States,wk inc rsv prop ed visits,prop_ed,1e-4,NA
2024-08-10,01,Alabama,wk inc rsv prop ed visits,prop_ed,2e-4,NA
2024-08-10,02,Alaska,wk inc rsv prop ed visits,prop_ed,3e-4,NA
2024-08-10,04,Arizona,wk inc rsv prop ed visits,prop_ed,0,NA
2024-08-10,05,Arkansas,wk inc rsv prop ed visits,prop_ed,1e-4,NA
2024-08-10,06,California,wk inc rsv prop ed visits,prop_ed,1e-4,NA
2024-08-10,08,Colorado,wk inc rsv prop ed visits,prop_ed,0,NA
2024-08-10,09,Connecticut,wk inc rsv prop ed visits,prop_ed,1e-4,NA
2024-08-10,10,Delaware,wk inc rsv prop ed visits,prop_ed,1e-4,NA
2024-08-10,11,District of Columbia,wk inc rsv prop ed visits,prop_ed,1e-4,NA
2024-08-10,12,Florida,wk inc rsv prop ed visits,prop_ed,5e-4,NA
2024-08-10,13,Georgia,wk inc rsv prop ed visits,prop_ed,2e-4,NA
2024-08-10,15,Hawaii,wk inc rsv prop ed visits,prop_ed,1e-4,NA
2024-08-10,16,Idaho,wk inc rsv prop ed visits,prop_ed,5e-4,NA
2024-08-10,17,Illinois,wk inc rsv prop ed visits,prop_ed,1e-4,NA
2024-08-10,18,Indiana,wk inc rsv prop ed visits,prop_ed,1e-4,NA
2024-08-10,19,Iowa,wk inc rsv prop ed visits,prop_ed,0,NA
2024-08-10,20,Kansas,wk inc rsv prop ed visits,prop_ed,0,NA
2024-08-10,21,Kentucky,wk inc rsv prop ed visits,prop_ed,2e-4,NA
2024-08-10,22,Louisiana,wk inc rsv prop ed visits,prop_ed,2e-4,NA
2024-08-10,23,Maine,wk inc rsv prop ed visits,prop_ed,0,NA
2024-08-10,24,Maryland,wk inc rsv prop ed visits,prop_ed,4e-4,NA
2024-08-10,25,Massachusetts,wk inc rsv prop ed visits,prop_ed,1e-4,NA
2024-08-10,26,Michigan,wk inc rsv prop ed visits,prop_ed,1e-4,NA
2024-08-10,27,Minnesota,wk inc rsv prop ed visits,prop_ed,1e-4,NA
2024-08-10,28,Mississippi,wk inc rsv prop ed visits,prop_ed,3e-4,NA
2024-08-10,30,Montana,wk inc rsv prop ed visits,prop_ed,0,NA
2024-08-10,31,Nebraska,wk inc rsv prop ed visits,prop_ed,0,NA
2024-08-10,32,Nevada,wk inc rsv prop ed visits,prop_ed,1e-4,NA
2024-08-10,33,New Hampshire,wk inc rsv prop ed visits,prop_ed,0,NA
2024-08-10,34,New Jersey,wk inc rsv prop ed visits,prop_ed,2e-4,NA
2024-08-10,35,New Mexico,wk inc rsv prop ed visits,prop_ed,2e-4,NA
2024-08-10,36,New York,wk inc rsv prop ed visits,prop_ed,1e-4,NA
2024-08-10,37,North Carolina,wk inc rsv prop ed visits,prop_ed,1e-4,NA
2024-08-10,38,North Dakota,wk inc rsv prop ed visits,prop_ed,0,NA
2024-08-10,39,Ohio,wk inc rsv prop ed visits,prop_ed,1e-4,NA
2024-08-10,40,Oklahoma,wk inc rsv prop ed visits,prop_ed,1e-4,NA
2024-08-10,41,Oregon,wk inc rsv prop ed visits,prop_ed,0,NA
2024-08-10,42,Pennsylvania,wk inc rsv prop ed visits,prop_ed,1e-4,NA
2024-08-10,44,Rhode Island,wk inc rsv prop ed visits,prop_ed,2e-4,NA
2024-08-10,45,South Carolina,wk inc rsv prop ed visits,prop_ed,1e-4,NA
2024-08-10,46,South Dakota,wk inc rsv prop ed visits,prop_ed,0,NA
2024-08-10,47,Tennessee,wk inc rsv prop ed visits,prop_ed,3e-4,NA
2024-08-10,48,Texas,wk inc rsv prop ed visits,prop_ed,3e-4,NA
2024-08-10,49,Utah,wk inc rsv prop ed visits,prop_ed,1e-4,NA
2024-08-10,50,Vermont,wk inc rsv prop ed visits,prop_ed,2e-4,NA
2024-08-10,51,Virginia,wk inc rsv prop ed visits,prop_ed,1e-4,NA
2024-08-10,53,Washington,wk inc rsv prop ed visits,prop_ed,2e-4,NA
2024-08-10,54,West Virginia,wk inc rsv prop ed visits,prop_ed,1e-4,NA
2024-08-10,55,Wisconsin,wk inc rsv prop ed visits,prop_ed,0,NA
2024-08-10,56,Wyoming,wk inc rsv prop ed visits,prop_ed,0,NA
2024-08-10,US,United States,wk inc rsv prop ed visits,prop_ed,2e-4,NA
2024-08-17,01,Alabama,wk inc rsv prop ed visits,prop_ed,4e-4,NA
2024-08-17,02,Alaska,wk inc rsv prop ed visits,prop_ed,0,NA
2024-08-17,04,Arizona,wk inc rsv prop ed visits,prop_ed,1e-4,NA
2024-08-17,05,Arkansas,wk inc rsv prop ed visits,prop_ed,2e-4,NA
2024-08-17,06,California,wk inc rsv prop ed visits,prop_ed,1e-4,NA
2024-08-17,08,Colorado,wk inc rsv prop ed visits,prop_ed,0,NA
2024-08-17,09,Connecticut,wk inc rsv prop ed visits,prop_ed,1e-4,NA
2024-08-17,10,Delaware,wk inc rsv prop ed visits,prop_ed,1e-4,NA
2024-08-17,11,District of Columbia,wk inc rsv prop ed visits,prop_ed,1e-4,NA
2024-08-17,12,Florida,wk inc rsv prop ed visits,prop_ed,5e-4,NA
2024-08-17,13,Georgia,wk inc rsv prop ed visits,prop_ed,2e-4,NA
2024-08-17,15,Hawaii,wk inc rsv prop ed visits,prop_ed,0,NA
2024-08-17,16,Idaho,wk inc rsv prop ed visits,prop_ed,0,NA
2024-08-17,17,Illinois,wk inc rsv prop ed visits,prop_ed,2e-4,NA
2024-08-17,18,Indiana,wk inc rsv prop ed visits,prop_ed,0,NA
2024-08-17,19,Iowa,wk inc rsv prop ed visits,prop_ed,1e-4,NA
2024-08-17,20,Kansas,wk inc rsv prop ed visits,prop_ed,3e-4,NA
2024-08-17,21,Kentucky,wk inc rsv prop ed visits,prop_ed,2e-4,NA
2024-08-17,22,Louisiana,wk inc rsv prop ed visits,prop_ed,2e-4,NA
2024-08-17,23,Maine,wk inc rsv prop ed visits,prop_ed,0,NA
2024-08-17,24,Maryland,wk inc rsv prop ed visits,prop_ed,2e-4,NA
2024-08-17,25,Massachusetts,wk inc rsv prop ed visits,prop_ed,1e-4,NA
2024-08-17,26,Michigan,wk inc rsv prop ed visits,prop_ed,0,NA
2024-08-17,27,Minnesota,wk inc rsv prop ed visits,prop_ed,1e-4,NA
2024-08-17,28,Mississippi,wk inc rsv prop ed visits,prop_ed,5e-4,NA
2024-08-17,30,Montana,wk inc rsv prop ed visits,prop_ed,0,NA
2024-08-17,31,Nebraska,wk inc rsv prop ed visits,prop_ed,1e-4,NA
2024-08-17,32,Nevada,wk inc rsv prop ed visits,prop_ed,0,NA
2024-08-17,33,New Hampshire,wk inc rsv prop ed visits,prop_ed,0,NA
2024-08-17,34,New Jersey,wk inc rsv prop ed visits,prop_ed,2e-4,NA
2024-08-17,35,New Mexico,wk inc rsv prop ed visits,prop_ed,0,NA
2024-08-17,36,New York,wk inc rsv prop ed visits,prop_ed,1e-4,NA
2024-08-17,37,North Carolina,wk inc rsv prop ed visits,prop_ed,1e-4,NA
2024-08-17,38,North Dakota,wk inc rsv prop ed visits,prop_ed,0,NA
2024-08-17,39,Ohio,wk inc rsv prop ed visits,prop_ed,1e-4,NA
2024-08-17,40,Oklahoma,wk inc rsv prop ed visits,prop_ed,1e-4,NA
2024-08-17,41,Oregon,wk inc rsv prop ed visits,prop_ed,1e-4,NA
2024-08-17,42,Pennsylvania,wk inc rsv prop ed visits,prop_ed,0,NA
2024-08-17,44,Rhode Island,wk inc rsv prop ed visits,prop_ed,0,NA
2024-08-17,45,South Carolina,wk inc rsv prop ed visits,prop_ed,1e-4,NA
2024-08-17,46,South Dakota,wk inc rsv prop ed visits,prop_ed,0,NA
2024-08-17,47,Tennessee,wk inc rsv prop ed visits,prop_ed,3e-4,NA
2024-08-17,48,Texas,wk inc rsv prop ed visits,prop_ed,4e-4,NA
2024-08-17,49,Utah,wk inc rsv prop ed visits,prop_ed,1e-4,NA
2024-08-17,50,Vermont,wk inc rsv prop ed visits,prop_ed,2e-4,NA
2024-08-17,51,Virginia,wk inc rsv prop ed visits,prop_ed,1e-4,NA
2024-08-17,53,Washington,wk inc rsv prop ed visits,prop_ed,1e-4,NA
2024-08-17,54,West Virginia,wk inc rsv prop ed visits,prop_ed,0,NA
2024-08-17,55,Wisconsin,wk inc rsv prop ed visits,prop_ed,0,NA
2024-08-17,56,Wyoming,wk inc rsv prop ed visits,prop_ed,0,NA
2024-08-17,US,United States,wk inc rsv prop ed visits,prop_ed,2e-4,NA
2024-08-24,01,Alabama,wk inc rsv prop ed visits,prop_ed,3e-4,NA
2024-08-24,02,Alaska,wk inc rsv prop ed visits,prop_ed,1e-4,NA
2024-08-24,04,Arizona,wk inc rsv prop ed visits,prop_ed,1e-4,NA
2024-08-24,05,Arkansas,wk inc rsv prop ed visits,prop_ed,2e-4,NA
2024-08-24,06,California,wk inc rsv prop ed visits,prop_ed,1e-4,NA
2024-08-24,08,Colorado,wk inc rsv prop ed visits,prop_ed,1e-4,NA
2024-08-24,09,Connecticut,wk inc rsv prop ed visits,prop_ed,0,NA
2024-08-24,10,Delaware,wk inc rsv prop ed visits,prop_ed,3e-4,NA
2024-08-24,11,District of Columbia,wk inc rsv prop ed visits,prop_ed,1e-4,NA
2024-08-24,12,Florida,wk inc rsv prop ed visits,prop_ed,6e-4,NA
2024-08-24,13,Georgia,wk inc rsv prop ed visits,prop_ed,2e-4,NA
2024-08-24,15,Hawaii,wk inc rsv prop ed visits,prop_ed,7e-4,NA
2024-08-24,16,Idaho,wk inc rsv prop ed visits,prop_ed,3e-4,NA
2024-08-24,17,Illinois,wk inc rsv prop ed visits,prop_ed,1e-4,NA
2024-08-24,18,Indiana,wk inc rsv prop ed visits,prop_ed,1e-4,NA
2024-08-24,19,Iowa,wk inc rsv prop ed visits,prop_ed,3e-4,NA
2024-08-24,20,Kansas,wk inc rsv prop ed visits,prop_ed,2e-4,NA
2024-08-24,21,Kentucky,wk inc rsv prop ed visits,prop_ed,2e-4,NA
2024-08-24,22,Louisiana,wk inc rsv prop ed visits,prop_ed,2e-4,NA
2024-08-24,23,Maine,wk inc rsv prop ed visits,prop_ed,0,NA
2024-08-24,24,Maryland,wk inc rsv prop ed visits,prop_ed,2e-4,NA
2024-08-24,25,Massachusetts,wk inc rsv prop ed visits,prop_ed,1e-4,NA
2024-08-24,26,Michigan,wk inc rsv prop ed visits,prop_ed,1e-4,NA
2024-08-24,27,Minnesota,wk inc rsv prop ed visits,prop_ed,1e-4,NA
2024-08-24,28,Mississippi,wk inc rsv prop ed visits,prop_ed,3e-4,NA
2024-08-24,30,Montana,wk inc rsv prop ed visits,prop_ed,0,NA
2024-08-24,31,Nebraska,wk inc rsv prop ed visits,prop_ed,1e-4,NA
2024-08-24,32,Nevada,wk inc rsv prop ed visits,prop_ed,1e-4,NA
2024-08-24,33,New Hampshire,wk inc rsv prop ed visits,prop_ed,0,NA
2024-08-24,34,New Jersey,wk inc rsv prop ed visits,prop_ed,2e-4,NA
2024-08-24,35,New Mexico,wk inc rsv prop ed visits,prop_ed,0,NA
2024-08-24,36,New York,wk inc rsv prop ed visits,prop_ed,1e-4,NA
2024-08-24,37,North Carolina,wk inc rsv prop ed visits,prop_ed,1e-4,NA
2024-08-24,38,North Dakota,wk inc rsv prop ed visits,prop_ed,0,NA
2024-08-24,39,Ohio,wk inc rsv prop ed visits,prop_ed,1e-4,NA
2024-08-24,40,Oklahoma,wk inc rsv prop ed visits,prop_ed,0,NA
2024-08-24,41,Oregon,wk inc rsv prop ed visits,prop_ed,0,NA
2024-08-24,42,Pennsylvania,wk inc rsv prop ed visits,prop_ed,1e-4,NA
2024-08-24,44,Rhode Island,wk inc rsv prop ed visits,prop_ed,0,NA
2024-08-24,45,South Carolina,wk inc rsv prop ed visits,prop_ed,2e-4,NA
2024-08-24,46,South Dakota,wk inc rsv prop ed visits,prop_ed,2e-4,NA
2024-08-24,47,Tennessee,wk inc rsv prop ed visits,prop_ed,3e-4,NA
2024-08-24,48,Texas,wk inc rsv prop ed visits,prop_ed,4e-4,NA
2024-08-24,49,Utah,wk inc rsv prop ed visits,prop_ed,1e-4,NA
2024-08-24,50,Vermont,wk inc rsv prop ed visits,prop_ed,0,NA
2024-08-24,51,Virginia,wk inc rsv prop ed visits,prop_ed,1e-4,NA
2024-08-24,53,Washington,wk inc rsv prop ed visits,prop_ed,1e-4,NA
2024-08-24,54,West Virginia,wk inc rsv prop ed visits,prop_ed,0,NA
2024-08-24,55,Wisconsin,wk inc rsv prop ed visits,prop_ed,1e-4,NA
2024-08-24,56,Wyoming,wk inc rsv prop ed visits,prop_ed,0,NA
2024-08-24,US,United States,wk inc rsv prop ed visits,prop_ed,2e-4,NA
2024-08-31,01,Alabama,wk inc rsv prop ed visits,prop_ed,4e-4,NA
2024-08-31,02,Alaska,wk inc rsv prop ed visits,prop_ed,3e-4,NA
2024-08-31,04,Arizona,wk inc rsv prop ed visits,prop_ed,1e-4,NA
2024-08-31,05,Arkansas,wk inc rsv prop ed visits,prop_ed,4e-4,NA
2024-08-31,06,California,wk inc rsv prop ed visits,prop_ed,1e-4,NA
2024-08-31,08,Colorado,wk inc rsv prop ed visits,prop_ed,1e-4,NA
2024-08-31,09,Connecticut,wk inc rsv prop ed visits,prop_ed,2e-4,NA
2024-08-31,10,Delaware,wk inc rsv prop ed visits,prop_ed,3e-4,NA
2024-08-31,11,District of Columbia,wk inc rsv prop ed visits,prop_ed,4e-4,NA
2024-08-31,12,Florida,wk inc rsv prop ed visits,prop_ed,9e-4,NA
2024-08-31,13,Georgia,wk inc rsv prop ed visits,prop_ed,3e-4,NA
2024-08-31,15,Hawaii,wk inc rsv prop ed visits,prop_ed,3e-4,NA
2024-08-31,16,Idaho,wk inc rsv prop ed visits,prop_ed,1e-4,NA
2024-08-31,17,Illinois,wk inc rsv prop ed visits,prop_ed,1e-4,NA
2024-08-31,18,Indiana,wk inc rsv prop ed visits,prop_ed,1e-4,NA
2024-08-31,19,Iowa,wk inc rsv prop ed visits,prop_ed,1e-4,NA
2024-08-31,20,Kansas,wk inc rsv prop ed visits,prop_ed,2e-4,NA
2024-08-31,21,Kentucky,wk inc rsv prop ed visits,prop_ed,4e-4,NA
2024-08-31,22,Louisiana,wk inc rsv prop ed visits,prop_ed,2e-4,NA
2024-08-31,23,Maine,wk inc rsv prop ed visits,prop_ed,0,NA
2024-08-31,24,Maryland,wk inc rsv prop ed visits,prop_ed,3e-4,NA
2024-08-31,25,Massachusetts,wk inc rsv prop ed visits,prop_ed,1e-4,NA
2024-08-31,26,Michigan,wk inc rsv prop ed visits,prop_ed,0,NA
2024-08-31,27,Minnesota,wk inc rsv prop ed visits,prop_ed,1e-4,NA
2024-08-31,28,Mississippi,wk inc rsv prop ed visits,prop_ed,3e-4,NA
2024-08-31,30,Montana,wk inc rsv prop ed visits,prop_ed,0,NA
2024-08-31,31,Nebraska,wk inc rsv prop ed visits,prop_ed,1e-4,NA
2024-08-31,32,Nevada,wk inc rsv prop ed visits,prop_ed,1e-4,NA
2024-08-31,33,New Hampshire,wk inc rsv prop ed visits,prop_ed,2e-4,NA
2024-08-31,34,New Jersey,wk inc rsv prop ed visits,prop_ed,2e-4,NA
2024-08-31,35,New Mexico,wk inc rsv prop ed visits,prop_ed,0,NA
2024-08-31,36,New York,wk inc rsv prop ed visits,prop_ed,1e-4,NA
2024-08-31,37,North Carolina,wk inc rsv prop ed visits,prop_ed,1e-4,NA
2024-08-31,38,North Dakota,wk inc rsv prop ed visits,prop_ed,0,NA
2024-08-31,39,Ohio,wk inc rsv prop ed visits,prop_ed,1e-4,NA
2024-08-31,40,Oklahoma,wk inc rsv prop ed visits,prop_ed,1e-4,NA
2024-08-31,41,Oregon,wk inc rsv prop ed visits,prop_ed,1e-4,NA
2024-08-31,42,Pennsylvania,wk inc rsv prop ed visits,prop_ed,1e-4,NA
2024-08-31,44,Rhode Island,wk inc rsv prop ed visits,prop_ed,0,NA
2024-08-31,45,South Carolina,wk inc rsv prop ed visits,prop_ed,2e-4,NA
2024-08-31,46,South Dakota,wk inc rsv prop ed visits,prop_ed,2e-4,NA
2024-08-31,47,Tennessee,wk inc rsv prop ed visits,prop_ed,5e-4,NA
2024-08-31,48,Texas,wk inc rsv prop ed visits,prop_ed,4e-4,NA
2024-08-31,49,Utah,wk inc rsv prop ed visits,prop_ed,0,NA
2024-08-31,50,Vermont,wk inc rsv prop ed visits,prop_ed,2e-4,NA
2024-08-31,51,Virginia,wk inc rsv prop ed visits,prop_ed,1e-4,NA
2024-08-31,53,Washington,wk inc rsv prop ed visits,prop_ed,0,NA
2024-08-31,54,West Virginia,wk inc rsv prop ed visits,prop_ed,2e-4,NA
2024-08-31,55,Wisconsin,wk inc rsv prop ed visits,prop_ed,0,NA
2024-08-31,56,Wyoming,wk inc rsv prop ed visits,prop_ed,6e-4,NA
2024-08-31,US,United States,wk inc rsv prop ed visits,prop_ed,2e-4,NA
2024-09-07,01,Alabama,wk inc rsv prop ed visits,prop_ed,5e-4,NA
2024-09-07,02,Alaska,wk inc rsv prop ed visits,prop_ed,7e-4,NA
2024-09-07,04,Arizona,wk inc rsv prop ed visits,prop_ed,1e-4,NA
2024-09-07,05,Arkansas,wk inc rsv prop ed visits,prop_ed,3e-4,NA
2024-09-07,06,California,wk inc rsv prop ed visits,prop_ed,1e-4,NA
2024-09-07,08,Colorado,wk inc rsv prop ed visits,prop_ed,1e-4,NA
2024-09-07,09,Connecticut,wk inc rsv prop ed visits,prop_ed,0,NA
2024-09-07,10,Delaware,wk inc rsv prop ed visits,prop_ed,5e-4,NA
2024-09-07,11,District of Columbia,wk inc rsv prop ed visits,prop_ed,5e-4,NA
2024-09-07,12,Florida,wk inc rsv prop ed visits,prop_ed,0.0011,NA
2024-09-07,13,Georgia,wk inc rsv prop ed visits,prop_ed,4e-4,NA
2024-09-07,15,Hawaii,wk inc rsv prop ed visits,prop_ed,4e-4,NA
2024-09-07,16,Idaho,wk inc rsv prop ed visits,prop_ed,3e-4,NA
2024-09-07,17,Illinois,wk inc rsv prop ed visits,prop_ed,2e-4,NA
2024-09-07,18,Indiana,wk inc rsv prop ed visits,prop_ed,1e-4,NA
2024-09-07,19,Iowa,wk inc rsv prop ed visits,prop_ed,1e-4,NA
2024-09-07,20,Kansas,wk inc rsv prop ed visits,prop_ed,1e-4,NA
2024-09-07,21,Kentucky,wk inc rsv prop ed visits,prop_ed,2e-4,NA
2024-09-07,22,Louisiana,wk inc rsv prop ed visits,prop_ed,2e-4,NA
2024-09-07,23,Maine,wk inc rsv prop ed visits,prop_ed,0,NA
2024-09-07,24,Maryland,wk inc rsv prop ed visits,prop_ed,4e-4,NA
2024-09-07,25,Massachusetts,wk inc rsv prop ed visits,prop_ed,1e-4,NA
2024-09-07,26,Michigan,wk inc rsv prop ed visits,prop_ed,0,NA
2024-09-07,27,Minnesota,wk inc rsv prop ed visits,prop_ed,0,NA
2024-09-07,28,Mississippi,wk inc rsv prop ed visits,prop_ed,7e-4,NA
2024-09-07,30,Montana,wk inc rsv prop ed visits,prop_ed,1e-4,NA
2024-09-07,31,Nebraska,wk inc rsv prop ed visits,prop_ed,1e-4,NA
2024-09-07,32,Nevada,wk inc rsv prop ed visits,prop_ed,1e-4,NA
2024-09-07,33,New Hampshire,wk inc rsv prop ed visits,prop_ed,1e-4,NA
2024-09-07,34,New Jersey,wk inc rsv prop ed visits,prop_ed,2e-4,NA
2024-09-07,35,New Mexico,wk inc rsv prop ed visits,prop_ed,0,NA
2024-09-07,36,New York,wk inc rsv prop ed visits,prop_ed,1e-4,NA
2024-09-07,37,North Carolina,wk inc rsv prop ed visits,prop_ed,1e-4,NA
2024-09-07,38,North Dakota,wk inc rsv prop ed visits,prop_ed,0,NA
2024-09-07,39,Ohio,wk inc rsv prop ed visits,prop_ed,1e-4,NA
2024-09-07,40,Oklahoma,wk inc rsv prop ed visits,prop_ed,2e-4,NA
2024-09-07,41,Oregon,wk inc rsv prop ed visits,prop_ed,0,NA
2024-09-07,42,Pennsylvania,wk inc rsv prop ed visits,prop_ed,1e-4,NA
2024-09-07,44,Rhode Island,wk inc rsv prop ed visits,prop_ed,0,NA
2024-09-07,45,South Carolina,wk inc rsv prop ed visits,prop_ed,2e-4,NA
2024-09-07,46,South Dakota,wk inc rsv prop ed visits,prop_ed,2e-4,NA
2024-09-07,47,Tennessee,wk inc rsv prop ed visits,prop_ed,4e-4,NA
2024-09-07,48,Texas,wk inc rsv prop ed visits,prop_ed,5e-4,NA
2024-09-07,49,Utah,wk inc rsv prop ed visits,prop_ed,0,NA
2024-09-07,50,Vermont,wk inc rsv prop ed visits,prop_ed,2e-4,NA
2024-09-07,51,Virginia,wk inc rsv prop ed visits,prop_ed,3e-4,NA
2024-09-07,53,Washington,wk inc rsv prop ed visits,prop_ed,1e-4,NA
2024-09-07,54,West Virginia,wk inc rsv prop ed visits,prop_ed,1e-4,NA
2024-09-07,55,Wisconsin,wk inc rsv prop ed visits,prop_ed,0,NA
2024-09-07,56,Wyoming,wk inc rsv prop ed visits,prop_ed,0,NA
2024-09-07,US,United States,wk inc rsv prop ed visits,prop_ed,3e-4,NA
2024-09-14,01,Alabama,wk inc rsv prop ed visits,prop_ed,8e-4,NA
2024-09-14,02,Alaska,wk inc rsv prop ed visits,prop_ed,8e-4,NA
2024-09-14,04,Arizona,wk inc rsv prop ed visits,prop_ed,1e-4,NA
2024-09-14,05,Arkansas,wk inc rsv prop ed visits,prop_ed,5e-4,NA
2024-09-14,06,California,wk inc rsv prop ed visits,prop_ed,1e-4,NA
2024-09-14,08,Colorado,wk inc rsv prop ed visits,prop_ed,1e-4,NA
2024-09-14,09,Connecticut,wk inc rsv prop ed visits,prop_ed,0,NA
2024-09-14,10,Delaware,wk inc rsv prop ed visits,prop_ed,5e-4,NA
2024-09-14,11,District of Columbia,wk inc rsv prop ed visits,prop_ed,4e-4,NA
2024-09-14,12,Florida,wk inc rsv prop ed visits,prop_ed,0.0011,NA
2024-09-14,13,Georgia,wk inc rsv prop ed visits,prop_ed,5e-4,NA
2024-09-14,15,Hawaii,wk inc rsv prop ed visits,prop_ed,7e-4,NA
2024-09-14,16,Idaho,wk inc rsv prop ed visits,prop_ed,4e-4,NA
2024-09-14,17,Illinois,wk inc rsv prop ed visits,prop_ed,2e-4,NA
2024-09-14,18,Indiana,wk inc rsv prop ed visits,prop_ed,1e-4,NA
2024-09-14,19,Iowa,wk inc rsv prop ed visits,prop_ed,2e-4,NA
2024-09-14,20,Kansas,wk inc rsv prop ed visits,prop_ed,2e-4,NA
2024-09-14,21,Kentucky,wk inc rsv prop ed visits,prop_ed,0,NA
2024-09-14,22,Louisiana,wk inc rsv prop ed visits,prop_ed,4e-4,NA
2024-09-14,23,Maine,wk inc rsv prop ed visits,prop_ed,0,NA
2024-09-14,24,Maryland,wk inc rsv prop ed visits,prop_ed,2e-4,NA
2024-09-14,25,Massachusetts,wk inc rsv prop ed visits,prop_ed,1e-4,NA
2024-09-14,26,Michigan,wk inc rsv prop ed visits,prop_ed,1e-4,NA
2024-09-14,27,Minnesota,wk inc rsv prop ed visits,prop_ed,1e-4,NA
2024-09-14,28,Mississippi,wk inc rsv prop ed visits,prop_ed,5e-4,NA
2024-09-14,30,Montana,wk inc rsv prop ed visits,prop_ed,1e-4,NA
2024-09-14,31,Nebraska,wk inc rsv prop ed visits,prop_ed,0,NA
2024-09-14,32,Nevada,wk inc rsv prop ed visits,prop_ed,1e-4,NA
2024-09-14,33,New Hampshire,wk inc rsv prop ed visits,prop_ed,1e-4,NA
2024-09-14,34,New Jersey,wk inc rsv prop ed visits,prop_ed,3e-4,NA
2024-09-14,35,New Mexico,wk inc rsv prop ed visits,prop_ed,0,NA
2024-09-14,36,New York,wk inc rsv prop ed visits,prop_ed,2e-4,NA
2024-09-14,37,North Carolina,wk inc rsv prop ed visits,prop_ed,2e-4,NA
2024-09-14,38,North Dakota,wk inc rsv prop ed visits,prop_ed,0,NA
2024-09-14,39,Ohio,wk inc rsv prop ed visits,prop_ed,1e-4,NA
2024-09-14,40,Oklahoma,wk inc rsv prop ed visits,prop_ed,1e-4,NA
2024-09-14,41,Oregon,wk inc rsv prop ed visits,prop_ed,1e-4,NA
2024-09-14,42,Pennsylvania,wk inc rsv prop ed visits,prop_ed,0,NA
2024-09-14,44,Rhode Island,wk inc rsv prop ed visits,prop_ed,2e-4,NA
2024-09-14,45,South Carolina,wk inc rsv prop ed visits,prop_ed,3e-4,NA
2024-09-14,46,South Dakota,wk inc rsv prop ed visits,prop_ed,0,NA
2024-09-14,47,Tennessee,wk inc rsv prop ed visits,prop_ed,4e-4,NA
2024-09-14,48,Texas,wk inc rsv prop ed visits,prop_ed,5e-4,NA
2024-09-14,49,Utah,wk inc rsv prop ed visits,prop_ed,1e-4,NA
2024-09-14,50,Vermont,wk inc rsv prop ed visits,prop_ed,5e-4,NA
2024-09-14,51,Virginia,wk inc rsv prop ed visits,prop_ed,2e-4,NA
2024-09-14,53,Washington,wk inc rsv prop ed visits,prop_ed,2e-4,NA
2024-09-14,54,West Virginia,wk inc rsv prop ed visits,prop_ed,1e-4,NA
2024-09-14,55,Wisconsin,wk inc rsv prop ed visits,prop_ed,1e-4,NA
2024-09-14,56,Wyoming,wk inc rsv prop ed visits,prop_ed,3e-4,NA
2024-09-14,US,United States,wk inc rsv prop ed visits,prop_ed,3e-4,NA
2024-09-21,01,Alabama,wk inc rsv prop ed visits,prop_ed,9e-4,NA
2024-09-21,02,Alaska,wk inc rsv prop ed visits,prop_ed,0.0013,NA
2024-09-21,04,Arizona,wk inc rsv prop ed visits,prop_ed,1e-4,NA
2024-09-21,05,Arkansas,wk inc rsv prop ed visits,prop_ed,5e-4,NA
2024-09-21,06,California,wk inc rsv prop ed visits,prop_ed,1e-4,NA
2024-09-21,08,Colorado,wk inc rsv prop ed visits,prop_ed,1e-4,NA
2024-09-21,09,Connecticut,wk inc rsv prop ed visits,prop_ed,1e-4,NA
2024-09-21,10,Delaware,wk inc rsv prop ed visits,prop_ed,0.001,NA
2024-09-21,11,District of Columbia,wk inc rsv prop ed visits,prop_ed,5e-4,NA
2024-09-21,12,Florida,wk inc rsv prop ed visits,prop_ed,0.0015,NA
2024-09-21,13,Georgia,wk inc rsv prop ed visits,prop_ed,7e-4,NA
2024-09-21,15,Hawaii,wk inc rsv prop ed visits,prop_ed,9e-4,NA
2024-09-21,16,Idaho,wk inc rsv prop ed visits,prop_ed,8e-4,NA
2024-09-21,17,Illinois,wk inc rsv prop ed visits,prop_ed,2e-4,NA
2024-09-21,18,Indiana,wk inc rsv prop ed visits,prop_ed,1e-4,NA
2024-09-21,19,Iowa,wk inc rsv prop ed visits,prop_ed,2e-4,NA
2024-09-21,20,Kansas,wk inc rsv prop ed visits,prop_ed,3e-4,NA
2024-09-21,21,Kentucky,wk inc rsv prop ed visits,prop_ed,1e-4,NA
2024-09-21,22,Louisiana,wk inc rsv prop ed visits,prop_ed,2e-4,NA
2024-09-21,23,Maine,wk inc rsv prop ed visits,prop_ed,1e-4,NA
2024-09-21,24,Maryland,wk inc rsv prop ed visits,prop_ed,2e-4,NA
2024-09-21,25,Massachusetts,wk inc rsv prop ed visits,prop_ed,2e-4,NA
2024-09-21,26,Michigan,wk inc rsv prop ed visits,prop_ed,2e-4,NA
2024-09-21,27,Minnesota,wk inc rsv prop ed visits,prop_ed,1e-4,NA
2024-09-21,28,Mississippi,wk inc rsv prop ed visits,prop_ed,5e-4,NA
2024-09-21,30,Montana,wk inc rsv prop ed visits,prop_ed,1e-4,NA
2024-09-21,31,Nebraska,wk inc rsv prop ed visits,prop_ed,0,NA
2024-09-21,32,Nevada,wk inc rsv prop ed visits,prop_ed,0,NA
2024-09-21,33,New Hampshire,wk inc rsv prop ed visits,prop_ed,0,NA
2024-09-21,34,New Jersey,wk inc rsv prop ed visits,prop_ed,4e-4,NA
2024-09-21,35,New Mexico,wk inc rsv prop ed visits,prop_ed,0,NA
2024-09-21,36,New York,wk inc rsv prop ed visits,prop_ed,2e-4,NA
2024-09-21,37,North Carolina,wk inc rsv prop ed visits,prop_ed,2e-4,NA
2024-09-21,38,North Dakota,wk inc rsv prop ed visits,prop_ed,0,NA
2024-09-21,39,Ohio,wk inc rsv prop ed visits,prop_ed,1e-4,NA
2024-09-21,40,Oklahoma,wk inc rsv prop ed visits,prop_ed,2e-4,NA
2024-09-21,41,Oregon,wk inc rsv prop ed visits,prop_ed,1e-4,NA
2024-09-21,42,Pennsylvania,wk inc rsv prop ed visits,prop_ed,1e-4,NA
2024-09-21,44,Rhode Island,wk inc rsv prop ed visits,prop_ed,0,NA
2024-09-21,45,South Carolina,wk inc rsv prop ed visits,prop_ed,4e-4,NA
2024-09-21,46,South Dakota,wk inc rsv prop ed visits,prop_ed,0,NA
2024-09-21,47,Tennessee,wk inc rsv prop ed visits,prop_ed,4e-4,NA
2024-09-21,48,Texas,wk inc rsv prop ed visits,prop_ed,7e-4,NA
2024-09-21,49,Utah,wk inc rsv prop ed visits,prop_ed,1e-4,NA
2024-09-21,50,Vermont,wk inc rsv prop ed visits,prop_ed,0.0011,NA
2024-09-21,51,Virginia,wk inc rsv prop ed visits,prop_ed,2e-4,NA
2024-09-21,53,Washington,wk inc rsv prop ed visits,prop_ed,2e-4,NA
2024-09-21,54,West Virginia,wk inc rsv prop ed visits,prop_ed,1e-4,NA
2024-09-21,55,Wisconsin,wk inc rsv prop ed visits,prop_ed,0,NA
2024-09-21,56,Wyoming,wk inc rsv prop ed visits,prop_ed,3e-4,NA
2024-09-21,US,United States,wk inc rsv prop ed visits,prop_ed,4e-4,NA
2024-09-28,01,Alabama,wk inc rsv prop ed visits,prop_ed,0.001,NA
2024-09-28,02,Alaska,wk inc rsv prop ed visits,prop_ed,0.0012,NA
2024-09-28,04,Arizona,wk inc rsv prop ed visits,prop_ed,1e-4,NA
2024-09-28,05,Arkansas,wk inc rsv prop ed visits,prop_ed,2e-4,NA
2024-09-28,06,California,wk inc rsv prop ed visits,prop_ed,2e-4,NA
2024-09-28,08,Colorado,wk inc rsv prop ed visits,prop_ed,1e-4,NA
2024-09-28,09,Connecticut,wk inc rsv prop ed visits,prop_ed,3e-4,NA
2024-09-28,10,Delaware,wk inc rsv prop ed visits,prop_ed,7e-4,NA
2024-09-28,11,District of Columbia,wk inc rsv prop ed visits,prop_ed,1e-4,NA
2024-09-28,12,Florida,wk inc rsv prop ed visits,prop_ed,0.0021,NA
2024-09-28,13,Georgia,wk inc rsv prop ed visits,prop_ed,7e-4,NA
2024-09-28,15,Hawaii,wk inc rsv prop ed visits,prop_ed,0.0013,NA
2024-09-28,16,Idaho,wk inc rsv prop ed visits,prop_ed,3e-4,NA
2024-09-28,17,Illinois,wk inc rsv prop ed visits,prop_ed,2e-4,NA
2024-09-28,18,Indiana,wk inc rsv prop ed visits,prop_ed,1e-4,NA
2024-09-28,19,Iowa,wk inc rsv prop ed visits,prop_ed,3e-4,NA
2024-09-28,20,Kansas,wk inc rsv prop ed visits,prop_ed,5e-4,NA
2024-09-28,21,Kentucky,wk inc rsv prop ed visits,prop_ed,2e-4,NA
2024-09-28,22,Louisiana,wk inc rsv prop ed visits,prop_ed,8e-4,NA
2024-09-28,23,Maine,wk inc rsv prop ed visits,prop_ed,1e-4,NA
2024-09-28,24,Maryland,wk inc rsv prop ed visits,prop_ed,5e-4,NA
2024-09-28,25,Massachusetts,wk inc rsv prop ed visits,prop_ed,3e-4,NA
2024-09-28,26,Michigan,wk inc rsv prop ed visits,prop_ed,2e-4,NA
2024-09-28,27,Minnesota,wk inc rsv prop ed visits,prop_ed,1e-4,NA
2024-09-28,28,Mississippi,wk inc rsv prop ed visits,prop_ed,8e-4,NA
2024-09-28,30,Montana,wk inc rsv prop ed visits,prop_ed,2e-4,NA
2024-09-28,31,Nebraska,wk inc rsv prop ed visits,prop_ed,1e-4,NA
2024-09-28,32,Nevada,wk inc rsv prop ed visits,prop_ed,2e-4,NA
2024-09-28,33,New Hampshire,wk inc rsv prop ed visits,prop_ed,1e-4,NA
2024-09-28,34,New Jersey,wk inc rsv prop ed visits,prop_ed,4e-4,NA
2024-09-28,35,New Mexico,wk inc rsv prop ed visits,prop_ed,1e-4,NA
2024-09-28,36,New York,wk inc rsv prop ed visits,prop_ed,3e-4,NA
2024-09-28,37,North Carolina,wk inc rsv prop ed visits,prop_ed,2e-4,NA
2024-09-28,38,North Dakota,wk inc rsv prop ed visits,prop_ed,2e-4,NA
2024-09-28,39,Ohio,wk inc rsv prop ed visits,prop_ed,2e-4,NA
2024-09-28,40,Oklahoma,wk inc rsv prop ed visits,prop_ed,1e-4,NA
2024-09-28,41,Oregon,wk inc rsv prop ed visits,prop_ed,0,NA
2024-09-28,42,Pennsylvania,wk inc rsv prop ed visits,prop_ed,2e-4,NA
2024-09-28,44,Rhode Island,wk inc rsv prop ed visits,prop_ed,1e-4,NA
2024-09-28,45,South Carolina,wk inc rsv prop ed visits,prop_ed,7e-4,NA
2024-09-28,46,South Dakota,wk inc rsv prop ed visits,prop_ed,2e-4,NA
2024-09-28,47,Tennessee,wk inc rsv prop ed visits,prop_ed,6e-4,NA
2024-09-28,48,Texas,wk inc rsv prop ed visits,prop_ed,0.001,NA
2024-09-28,49,Utah,wk inc rsv prop ed visits,prop_ed,0,NA
2024-09-28,50,Vermont,wk inc rsv prop ed visits,prop_ed,0,NA
2024-09-28,51,Virginia,wk inc rsv prop ed visits,prop_ed,3e-4,NA
2024-09-28,53,Washington,wk inc rsv prop ed visits,prop_ed,2e-4,NA
2024-09-28,54,West Virginia,wk inc rsv prop ed visits,prop_ed,1e-4,NA
2024-09-28,55,Wisconsin,wk inc rsv prop ed visits,prop_ed,0,NA
2024-09-28,56,Wyoming,wk inc rsv prop ed visits,prop_ed,0,NA
2024-09-28,US,United States,wk inc rsv prop ed visits,prop_ed,5e-4,NA
2024-10-05,01,Alabama,wk inc rsv prop ed visits,prop_ed,0.0011,NA
2024-10-05,02,Alaska,wk inc rsv prop ed visits,prop_ed,5e-4,NA
2024-10-05,04,Arizona,wk inc rsv prop ed visits,prop_ed,1e-4,NA
2024-10-05,05,Arkansas,wk inc rsv prop ed visits,prop_ed,5e-4,NA
2024-10-05,06,California,wk inc rsv prop ed visits,prop_ed,2e-4,NA
2024-10-05,08,Colorado,wk inc rsv prop ed visits,prop_ed,1e-4,NA
2024-10-05,09,Connecticut,wk inc rsv prop ed visits,prop_ed,3e-4,NA
2024-10-05,10,Delaware,wk inc rsv prop ed visits,prop_ed,5e-4,NA
2024-10-05,11,District of Columbia,wk inc rsv prop ed visits,prop_ed,4e-4,NA
2024-10-05,12,Florida,wk inc rsv prop ed visits,prop_ed,0.0026,NA
2024-10-05,13,Georgia,wk inc rsv prop ed visits,prop_ed,0.0012,NA
2024-10-05,15,Hawaii,wk inc rsv prop ed visits,prop_ed,0.0013,NA
2024-10-05,16,Idaho,wk inc rsv prop ed visits,prop_ed,2e-4,NA
2024-10-05,17,Illinois,wk inc rsv prop ed visits,prop_ed,3e-4,NA
2024-10-05,18,Indiana,wk inc rsv prop ed visits,prop_ed,1e-4,NA
2024-10-05,19,Iowa,wk inc rsv prop ed visits,prop_ed,2e-4,NA
2024-10-05,20,Kansas,wk inc rsv prop ed visits,prop_ed,4e-4,NA
2024-10-05,21,Kentucky,wk inc rsv prop ed visits,prop_ed,5e-4,NA
2024-10-05,22,Louisiana,wk inc rsv prop ed visits,prop_ed,8e-4,NA
2024-10-05,23,Maine,wk inc rsv prop ed visits,prop_ed,1e-4,NA
2024-10-05,24,Maryland,wk inc rsv prop ed visits,prop_ed,3e-4,NA
2024-10-05,25,Massachusetts,wk inc rsv prop ed visits,prop_ed,4e-4,NA
2024-10-05,26,Michigan,wk inc rsv prop ed visits,prop_ed,4e-4,NA
2024-10-05,27,Minnesota,wk inc rsv prop ed visits,prop_ed,2e-4,NA
2024-10-05,28,Mississippi,wk inc rsv prop ed visits,prop_ed,0.0015,NA
2024-10-05,30,Montana,wk inc rsv prop ed visits,prop_ed,0,NA
2024-10-05,31,Nebraska,wk inc rsv prop ed visits,prop_ed,0,NA
2024-10-05,32,Nevada,wk inc rsv prop ed visits,prop_ed,2e-4,NA
2024-10-05,33,New Hampshire,wk inc rsv prop ed visits,prop_ed,3e-4,NA
2024-10-05,34,New Jersey,wk inc rsv prop ed visits,prop_ed,6e-4,NA
2024-10-05,35,New Mexico,wk inc rsv prop ed visits,prop_ed,0,NA
2024-10-05,36,New York,wk inc rsv prop ed visits,prop_ed,4e-4,NA
2024-10-05,37,North Carolina,wk inc rsv prop ed visits,prop_ed,3e-4,NA
2024-10-05,38,North Dakota,wk inc rsv prop ed visits,prop_ed,0,NA
2024-10-05,39,Ohio,wk inc rsv prop ed visits,prop_ed,1e-4,NA
2024-10-05,40,Oklahoma,wk inc rsv prop ed visits,prop_ed,1e-4,NA
2024-10-05,41,Oregon,wk inc rsv prop ed visits,prop_ed,2e-4,NA
2024-10-05,42,Pennsylvania,wk inc rsv prop ed visits,prop_ed,2e-4,NA
2024-10-05,44,Rhode Island,wk inc rsv prop ed visits,prop_ed,2e-4,NA
2024-10-05,45,South Carolina,wk inc rsv prop ed visits,prop_ed,6e-4,NA
2024-10-05,46,South Dakota,wk inc rsv prop ed visits,prop_ed,4e-4,NA
2024-10-05,47,Tennessee,wk inc rsv prop ed visits,prop_ed,0.0013,NA
2024-10-05,48,Texas,wk inc rsv prop ed visits,prop_ed,0.0014,NA
2024-10-05,49,Utah,wk inc rsv prop ed visits,prop_ed,1e-4,NA
2024-10-05,50,Vermont,wk inc rsv prop ed visits,prop_ed,2e-4,NA
2024-10-05,51,Virginia,wk inc rsv prop ed visits,prop_ed,4e-4,NA
2024-10-05,53,Washington,wk inc rsv prop ed visits,prop_ed,3e-4,NA
2024-10-05,54,West Virginia,wk inc rsv prop ed visits,prop_ed,0,NA
2024-10-05,55,Wisconsin,wk inc rsv prop ed visits,prop_ed,0,NA
2024-10-05,56,Wyoming,wk inc rsv prop ed visits,prop_ed,3e-4,NA
2024-10-05,US,United States,wk inc rsv prop ed visits,prop_ed,7e-4,NA
2024-10-12,01,Alabama,wk inc rsv prop ed visits,prop_ed,0.0015,NA
2024-10-12,02,Alaska,wk inc rsv prop ed visits,prop_ed,4e-4,NA
2024-10-12,04,Arizona,wk inc rsv prop ed visits,prop_ed,1e-4,NA
2024-10-12,05,Arkansas,wk inc rsv prop ed visits,prop_ed,8e-4,NA
2024-10-12,06,California,wk inc rsv prop ed visits,prop_ed,2e-4,NA
2024-10-12,08,Colorado,wk inc rsv prop ed visits,prop_ed,2e-4,NA
2024-10-12,09,Connecticut,wk inc rsv prop ed visits,prop_ed,6e-4,NA
2024-10-12,10,Delaware,wk inc rsv prop ed visits,prop_ed,0.001,NA
2024-10-12,11,District of Columbia,wk inc rsv prop ed visits,prop_ed,2e-4,NA
2024-10-12,12,Florida,wk inc rsv prop ed visits,prop_ed,0.0034,NA
2024-10-12,13,Georgia,wk inc rsv prop ed visits,prop_ed,0.0017,NA
2024-10-12,15,Hawaii,wk inc rsv prop ed visits,prop_ed,0.0027,NA
2024-10-12,16,Idaho,wk inc rsv prop ed visits,prop_ed,0.0011,NA
2024-10-12,17,Illinois,wk inc rsv prop ed visits,prop_ed,4e-4,NA
2024-10-12,18,Indiana,wk inc rsv prop ed visits,prop_ed,2e-4,NA
2024-10-12,19,Iowa,wk inc rsv prop ed visits,prop_ed,2e-4,NA
2024-10-12,20,Kansas,wk inc rsv prop ed visits,prop_ed,4e-4,NA
2024-10-12,21,Kentucky,wk inc rsv prop ed visits,prop_ed,9e-4,NA
2024-10-12,22,Louisiana,wk inc rsv prop ed visits,prop_ed,0.0012,NA
2024-10-12,23,Maine,wk inc rsv prop ed visits,prop_ed,1e-4,NA
2024-10-12,24,Maryland,wk inc rsv prop ed visits,prop_ed,9e-4,NA
2024-10-12,25,Massachusetts,wk inc rsv prop ed visits,prop_ed,5e-4,NA
2024-10-12,26,Michigan,wk inc rsv prop ed visits,prop_ed,5e-4,NA
2024-10-12,27,Minnesota,wk inc rsv prop ed visits,prop_ed,1e-4,NA
2024-10-12,28,Mississippi,wk inc rsv prop ed visits,prop_ed,0.002,NA
2024-10-12,30,Montana,wk inc rsv prop ed visits,prop_ed,1e-4,NA
2024-10-12,31,Nebraska,wk inc rsv prop ed visits,prop_ed,0,NA
2024-10-12,32,Nevada,wk inc rsv prop ed visits,prop_ed,2e-4,NA
2024-10-12,33,New Hampshire,wk inc rsv prop ed visits,prop_ed,0,NA
2024-10-12,34,New Jersey,wk inc rsv prop ed visits,prop_ed,8e-4,NA
2024-10-12,35,New Mexico,wk inc rsv prop ed visits,prop_ed,1e-4,NA
2024-10-12,36,New York,wk inc rsv prop ed visits,prop_ed,5e-4,NA
2024-10-12,37,North Carolina,wk inc rsv prop ed visits,prop_ed,4e-4,NA
2024-10-12,38,North Dakota,wk inc rsv prop ed visits,prop_ed,2e-4,NA
2024-10-12,39,Ohio,wk inc rsv prop ed visits,prop_ed,3e-4,NA
2024-10-12,40,Oklahoma,wk inc rsv prop ed visits,prop_ed,1e-4,NA
2024-10-12,41,Oregon,wk inc rsv prop ed visits,prop_ed,1e-4,NA
2024-10-12,42,Pennsylvania,wk inc rsv prop ed visits,prop_ed,3e-4,NA
2024-10-12,44,Rhode Island,wk inc rsv prop ed visits,prop_ed,4e-4,NA
2024-10-12,45,South Carolina,wk inc rsv prop ed visits,prop_ed,0.001,NA
2024-10-12,46,South Dakota,wk inc rsv prop ed visits,prop_ed,5e-4,NA
2024-10-12,47,Tennessee,wk inc rsv prop ed visits,prop_ed,0.0014,NA
2024-10-12,48,Texas,wk inc rsv prop ed visits,prop_ed,0.002,NA
2024-10-12,49,Utah,wk inc rsv prop ed visits,prop_ed,2e-4,NA
2024-10-12,50,Vermont,wk inc rsv prop ed visits,prop_ed,3e-4,NA
2024-10-12,51,Virginia,wk inc rsv prop ed visits,prop_ed,8e-4,NA
2024-10-12,53,Washington,wk inc rsv prop ed visits,prop_ed,3e-4,NA
2024-10-12,54,West Virginia,wk inc rsv prop ed visits,prop_ed,0,NA
2024-10-12,55,Wisconsin,wk inc rsv prop ed visits,prop_ed,1e-4,NA
2024-10-12,56,Wyoming,wk inc rsv prop ed visits,prop_ed,0,NA
2024-10-12,US,United States,wk inc rsv prop ed visits,prop_ed,9e-4,NA
2024-10-19,01,Alabama,wk inc rsv prop ed visits,prop_ed,0.0032,NA
2024-10-19,02,Alaska,wk inc rsv prop ed visits,prop_ed,9e-4,NA
2024-10-19,04,Arizona,wk inc rsv prop ed visits,prop_ed,2e-4,NA
2024-10-19,05,Arkansas,wk inc rsv prop ed visits,prop_ed,0.001,NA
2024-10-19,06,California,wk inc rsv prop ed visits,prop_ed,3e-4,NA
2024-10-19,08,Colorado,wk inc rsv prop ed visits,prop_ed,3e-4,NA
2024-10-19,09,Connecticut,wk inc rsv prop ed visits,prop_ed,7e-4,NA
2024-10-19,10,Delaware,wk inc rsv prop ed visits,prop_ed,0.0014,NA
2024-10-19,11,District of Columbia,wk inc rsv prop ed visits,prop_ed,0.001,NA
2024-10-19,12,Florida,wk inc rsv prop ed visits,prop_ed,0.0035,NA
2024-10-19,13,Georgia,wk inc rsv prop ed visits,prop_ed,0.0017,NA
2024-10-19,15,Hawaii,wk inc rsv prop ed visits,prop_ed,0.002,NA
2024-10-19,16,Idaho,wk inc rsv prop ed visits,prop_ed,6e-4,NA
2024-10-19,17,Illinois,wk inc rsv prop ed visits,prop_ed,7e-4,NA
2024-10-19,18,Indiana,wk inc rsv prop ed visits,prop_ed,2e-4,NA
2024-10-19,19,Iowa,wk inc rsv prop ed visits,prop_ed,1e-4,NA
2024-10-19,20,Kansas,wk inc rsv prop ed visits,prop_ed,1e-4,NA
2024-10-19,21,Kentucky,wk inc rsv prop ed visits,prop_ed,8e-4,NA
2024-10-19,22,Louisiana,wk inc rsv prop ed visits,prop_ed,0.0014,NA
2024-10-19,23,Maine,wk inc rsv prop ed visits,prop_ed,0,NA
2024-10-19,24,Maryland,wk inc rsv prop ed visits,prop_ed,0.0016,NA
2024-10-19,25,Massachusetts,wk inc rsv prop ed visits,prop_ed,8e-4,NA
2024-10-19,26,Michigan,wk inc rsv prop ed visits,prop_ed,5e-4,NA
2024-10-19,27,Minnesota,wk inc rsv prop ed visits,prop_ed,1e-4,NA
2024-10-19,28,Mississippi,wk inc rsv prop ed visits,prop_ed,0.0022,NA
2024-10-19,30,Montana,wk inc rsv prop ed visits,prop_ed,1e-4,NA
2024-10-19,31,Nebraska,wk inc rsv prop ed visits,prop_ed,0,NA
2024-10-19,32,Nevada,wk inc rsv prop ed visits,prop_ed,2e-4,NA
2024-10-19,33,New Hampshire,wk inc rsv prop ed visits,prop_ed,2e-4,NA
2024-10-19,34,New Jersey,wk inc rsv prop ed visits,prop_ed,0.001,NA
2024-10-19,35,New Mexico,wk inc rsv prop ed visits,prop_ed,1e-4,NA
2024-10-19,36,New York,wk inc rsv prop ed visits,prop_ed,6e-4,NA
2024-10-19,37,North Carolina,wk inc rsv prop ed visits,prop_ed,6e-4,NA
2024-10-19,38,North Dakota,wk inc rsv prop ed visits,prop_ed,0,NA
2024-10-19,39,Ohio,wk inc rsv prop ed visits,prop_ed,4e-4,NA
2024-10-19,40,Oklahoma,wk inc rsv prop ed visits,prop_ed,5e-4,NA
2024-10-19,41,Oregon,wk inc rsv prop ed visits,prop_ed,2e-4,NA
2024-10-19,42,Pennsylvania,wk inc rsv prop ed visits,prop_ed,3e-4,NA
2024-10-19,44,Rhode Island,wk inc rsv prop ed visits,prop_ed,4e-4,NA
2024-10-19,45,South Carolina,wk inc rsv prop ed visits,prop_ed,0.0011,NA
2024-10-19,46,South Dakota,wk inc rsv prop ed visits,prop_ed,2e-4,NA
2024-10-19,47,Tennessee,wk inc rsv prop ed visits,prop_ed,0.0022,NA
2024-10-19,48,Texas,wk inc rsv prop ed visits,prop_ed,0.0026,NA
2024-10-19,49,Utah,wk inc rsv prop ed visits,prop_ed,2e-4,NA
2024-10-19,50,Vermont,wk inc rsv prop ed visits,prop_ed,0,NA
2024-10-19,51,Virginia,wk inc rsv prop ed visits,prop_ed,9e-4,NA
2024-10-19,53,Washington,wk inc rsv prop ed visits,prop_ed,4e-4,NA
2024-10-19,54,West Virginia,wk inc rsv prop ed visits,prop_ed,1e-4,NA
2024-10-19,55,Wisconsin,wk inc rsv prop ed visits,prop_ed,1e-4,NA
2024-10-19,56,Wyoming,wk inc rsv prop ed visits,prop_ed,0,NA
2024-10-19,US,United States,wk inc rsv prop ed visits,prop_ed,0.0011,NA
2024-10-26,01,Alabama,wk inc rsv prop ed visits,prop_ed,0.0037,NA
2024-10-26,02,Alaska,wk inc rsv prop ed visits,prop_ed,8e-4,NA
2024-10-26,04,Arizona,wk inc rsv prop ed visits,prop_ed,1e-4,NA
2024-10-26,05,Arkansas,wk inc rsv prop ed visits,prop_ed,0.0011,NA
2024-10-26,06,California,wk inc rsv prop ed visits,prop_ed,4e-4,NA
2024-10-26,08,Colorado,wk inc rsv prop ed visits,prop_ed,1e-4,NA
2024-10-26,09,Connecticut,wk inc rsv prop ed visits,prop_ed,7e-4,NA
2024-10-26,10,Delaware,wk inc rsv prop ed visits,prop_ed,0.0017,NA
2024-10-26,11,District of Columbia,wk inc rsv prop ed visits,prop_ed,0.0016,NA
2024-10-26,12,Florida,wk inc rsv prop ed visits,prop_ed,0.0039,NA
2024-10-26,13,Georgia,wk inc rsv prop ed visits,prop_ed,0.0032,NA
2024-10-26,15,Hawaii,wk inc rsv prop ed visits,prop_ed,0.0026,NA
2024-10-26,16,Idaho,wk inc rsv prop ed visits,prop_ed,0.001,NA
2024-10-26,17,Illinois,wk inc rsv prop ed visits,prop_ed,8e-4,NA
2024-10-26,18,Indiana,wk inc rsv prop ed visits,prop_ed,4e-4,NA
2024-10-26,19,Iowa,wk inc rsv prop ed visits,prop_ed,4e-4,NA
2024-10-26,20,Kansas,wk inc rsv prop ed visits,prop_ed,2e-4,NA
2024-10-26,21,Kentucky,wk inc rsv prop ed visits,prop_ed,0.001,NA
2024-10-26,22,Louisiana,wk inc rsv prop ed visits,prop_ed,0.0016,NA
2024-10-26,23,Maine,wk inc rsv prop ed visits,prop_ed,3e-4,NA
2024-10-26,24,Maryland,wk inc rsv prop ed visits,prop_ed,0.0024,NA
2024-10-26,25,Massachusetts,wk inc rsv prop ed visits,prop_ed,0.001,NA
2024-10-26,26,Michigan,wk inc rsv prop ed visits,prop_ed,9e-4,NA
2024-10-26,27,Minnesota,wk inc rsv prop ed visits,prop_ed,3e-4,NA
2024-10-26,28,Mississippi,wk inc rsv prop ed visits,prop_ed,0.003,NA
2024-10-26,30,Montana,wk inc rsv prop ed visits,prop_ed,4e-4,NA
2024-10-26,31,Nebraska,wk inc rsv prop ed visits,prop_ed,1e-4,NA
2024-10-26,32,Nevada,wk inc rsv prop ed visits,prop_ed,3e-4,NA
2024-10-26,33,New Hampshire,wk inc rsv prop ed visits,prop_ed,6e-4,NA
2024-10-26,34,New Jersey,wk inc rsv prop ed visits,prop_ed,0.0014,NA
2024-10-26,35,New Mexico,wk inc rsv prop ed visits,prop_ed,1e-4,NA
2024-10-26,36,New York,wk inc rsv prop ed visits,prop_ed,9e-4,NA
2024-10-26,37,North Carolina,wk inc rsv prop ed visits,prop_ed,7e-4,NA
2024-10-26,38,North Dakota,wk inc rsv prop ed visits,prop_ed,0,NA
2024-10-26,39,Ohio,wk inc rsv prop ed visits,prop_ed,5e-4,NA
2024-10-26,40,Oklahoma,wk inc rsv prop ed visits,prop_ed,5e-4,NA
2024-10-26,41,Oregon,wk inc rsv prop ed visits,prop_ed,2e-4,NA
2024-10-26,42,Pennsylvania,wk inc rsv prop ed visits,prop_ed,6e-4,NA
2024-10-26,44,Rhode Island,wk inc rsv prop ed visits,prop_ed,6e-4,NA
2024-10-26,45,South Carolina,wk inc rsv prop ed visits,prop_ed,0.0012,NA
2024-10-26,46,South Dakota,wk inc rsv prop ed visits,prop_ed,4e-4,NA
2024-10-26,47,Tennessee,wk inc rsv prop ed visits,prop_ed,0.0023,NA
2024-10-26,48,Texas,wk inc rsv prop ed visits,prop_ed,0.0032,NA
2024-10-26,49,Utah,wk inc rsv prop ed visits,prop_ed,4e-4,NA
2024-10-26,50,Vermont,wk inc rsv prop ed visits,prop_ed,3e-4,NA
2024-10-26,51,Virginia,wk inc rsv prop ed visits,prop_ed,0.0014,NA
2024-10-26,53,Washington,wk inc rsv prop ed visits,prop_ed,7e-4,NA
2024-10-26,54,West Virginia,wk inc rsv prop ed visits,prop_ed,3e-4,NA
2024-10-26,55,Wisconsin,wk inc rsv prop ed visits,prop_ed,1e-4,NA
2024-10-26,56,Wyoming,wk inc rsv prop ed visits,prop_ed,0,NA
2024-10-26,US,United States,wk inc rsv prop ed visits,prop_ed,0.0014,NA
2024-11-02,01,Alabama,wk inc rsv prop ed visits,prop_ed,0.0047,NA
2024-11-02,02,Alaska,wk inc rsv prop ed visits,prop_ed,0.0011,NA
2024-11-02,04,Arizona,wk inc rsv prop ed visits,prop_ed,1e-4,NA
2024-11-02,05,Arkansas,wk inc rsv prop ed visits,prop_ed,0.0017,NA
2024-11-02,06,California,wk inc rsv prop ed visits,prop_ed,5e-4,NA
2024-11-02,08,Colorado,wk inc rsv prop ed visits,prop_ed,1e-4,NA
2024-11-02,09,Connecticut,wk inc rsv prop ed visits,prop_ed,0.001,NA
2024-11-02,10,Delaware,wk inc rsv prop ed visits,prop_ed,0.0027,NA
2024-11-02,11,District of Columbia,wk inc rsv prop ed visits,prop_ed,0.0014,NA
2024-11-02,12,Florida,wk inc rsv prop ed visits,prop_ed,0.0047,NA
2024-11-02,13,Georgia,wk inc rsv prop ed visits,prop_ed,0.0038,NA
2024-11-02,15,Hawaii,wk inc rsv prop ed visits,prop_ed,0.0039,NA
2024-11-02,16,Idaho,wk inc rsv prop ed visits,prop_ed,6e-4,NA
2024-11-02,17,Illinois,wk inc rsv prop ed visits,prop_ed,0.0012,NA
2024-11-02,18,Indiana,wk inc rsv prop ed visits,prop_ed,7e-4,NA
2024-11-02,19,Iowa,wk inc rsv prop ed visits,prop_ed,4e-4,NA
2024-11-02,20,Kansas,wk inc rsv prop ed visits,prop_ed,3e-4,NA
2024-11-02,21,Kentucky,wk inc rsv prop ed visits,prop_ed,0.0014,NA
2024-11-02,22,Louisiana,wk inc rsv prop ed visits,prop_ed,0.0024,NA
2024-11-02,23,Maine,wk inc rsv prop ed visits,prop_ed,1e-4,NA
2024-11-02,24,Maryland,wk inc rsv prop ed visits,prop_ed,0.0028,NA
2024-11-02,25,Massachusetts,wk inc rsv prop ed visits,prop_ed,0.0015,NA
2024-11-02,26,Michigan,wk inc rsv prop ed visits,prop_ed,0.0012,NA
2024-11-02,27,Minnesota,wk inc rsv prop ed visits,prop_ed,2e-4,NA
2024-11-02,28,Mississippi,wk inc rsv prop ed visits,prop_ed,0.0049,NA
2024-11-02,30,Montana,wk inc rsv prop ed visits,prop_ed,0,NA
2024-11-02,31,Nebraska,wk inc rsv prop ed visits,prop_ed,1e-4,NA
2024-11-02,32,Nevada,wk inc rsv prop ed visits,prop_ed,3e-4,NA
2024-11-02,33,New Hampshire,wk inc rsv prop ed visits,prop_ed,2e-4,NA
2024-11-02,34,New Jersey,wk inc rsv prop ed visits,prop_ed,0.0019,NA
2024-11-02,35,New Mexico,wk inc rsv prop ed visits,prop_ed,1e-4,NA
2024-11-02,36,New York,wk inc rsv prop ed visits,prop_ed,0.0012,NA
2024-11-02,37,North Carolina,wk inc rsv prop ed visits,prop_ed,0.001,NA
2024-11-02,38,North Dakota,wk inc rsv prop ed visits,prop_ed,2e-4,NA
2024-11-02,39,Ohio,wk inc rsv prop ed visits,prop_ed,5e-4,NA
2024-11-02,40,Oklahoma,wk inc rsv prop ed visits,prop_ed,3e-4,NA
2024-11-02,41,Oregon,wk inc rsv prop ed visits,prop_ed,3e-4,NA
2024-11-02,42,Pennsylvania,wk inc rsv prop ed visits,prop_ed,6e-4,NA
2024-11-02,44,Rhode Island,wk inc rsv prop ed visits,prop_ed,8e-4,NA
2024-11-02,45,South Carolina,wk inc rsv prop ed visits,prop_ed,0.0019,NA
2024-11-02,46,South Dakota,wk inc rsv prop ed visits,prop_ed,2e-4,NA
2024-11-02,47,Tennessee,wk inc rsv prop ed visits,prop_ed,0.0039,NA
2024-11-02,48,Texas,wk inc rsv prop ed visits,prop_ed,0.0046,NA
2024-11-02,49,Utah,wk inc rsv prop ed visits,prop_ed,5e-4,NA
2024-11-02,50,Vermont,wk inc rsv prop ed visits,prop_ed,9e-4,NA
2024-11-02,51,Virginia,wk inc rsv prop ed visits,prop_ed,0.0021,NA
2024-11-02,53,Washington,wk inc rsv prop ed visits,prop_ed,6e-4,NA
2024-11-02,54,West Virginia,wk inc rsv prop ed visits,prop_ed,3e-4,NA
2024-11-02,55,Wisconsin,wk inc rsv prop ed visits,prop_ed,1e-4,NA
2024-11-02,56,Wyoming,wk inc rsv prop ed visits,prop_ed,3e-4,NA
2024-11-02,US,United States,wk inc rsv prop ed visits,prop_ed,0.0019,NA
2024-11-09,01,Alabama,wk inc rsv prop ed visits,prop_ed,0.0066,NA
2024-11-09,02,Alaska,wk inc rsv prop ed visits,prop_ed,0.003,NA
2024-11-09,04,Arizona,wk inc rsv prop ed visits,prop_ed,5e-4,NA
2024-11-09,05,Arkansas,wk inc rsv prop ed visits,prop_ed,0.0021,NA
2024-11-09,06,California,wk inc rsv prop ed visits,prop_ed,8e-4,NA
2024-11-09,08,Colorado,wk inc rsv prop ed visits,prop_ed,5e-4,NA
2024-11-09,09,Connecticut,wk inc rsv prop ed visits,prop_ed,0.0014,NA
2024-11-09,10,Delaware,wk inc rsv prop ed visits,prop_ed,0.0042,NA
2024-11-09,11,District of Columbia,wk inc rsv prop ed visits,prop_ed,0.0032,NA
2024-11-09,12,Florida,wk inc rsv prop ed visits,prop_ed,0.005,NA
2024-11-09,13,Georgia,wk inc rsv prop ed visits,prop_ed,0.0052,NA
2024-11-09,15,Hawaii,wk inc rsv prop ed visits,prop_ed,0.0041,NA
2024-11-09,16,Idaho,wk inc rsv prop ed visits,prop_ed,8e-4,NA
2024-11-09,17,Illinois,wk inc rsv prop ed visits,prop_ed,0.0018,NA
2024-11-09,18,Indiana,wk inc rsv prop ed visits,prop_ed,8e-4,NA
2024-11-09,19,Iowa,wk inc rsv prop ed visits,prop_ed,6e-4,NA
2024-11-09,20,Kansas,wk inc rsv prop ed visits,prop_ed,5e-4,NA
2024-11-09,21,Kentucky,wk inc rsv prop ed visits,prop_ed,0.0022,NA
2024-11-09,22,Louisiana,wk inc rsv prop ed visits,prop_ed,0.0049,NA
2024-11-09,23,Maine,wk inc rsv prop ed visits,prop_ed,3e-4,NA
2024-11-09,24,Maryland,wk inc rsv prop ed visits,prop_ed,0.0049,NA
2024-11-09,25,Massachusetts,wk inc rsv prop ed visits,prop_ed,0.0024,NA
2024-11-09,26,Michigan,wk inc rsv prop ed visits,prop_ed,0.0018,NA
2024-11-09,27,Minnesota,wk inc rsv prop ed visits,prop_ed,4e-4,NA
2024-11-09,28,Mississippi,wk inc rsv prop ed visits,prop_ed,0.0061,NA
2024-11-09,30,Montana,wk inc rsv prop ed visits,prop_ed,1e-4,NA
2024-11-09,31,Nebraska,wk inc rsv prop ed visits,prop_ed,1e-4,NA
2024-11-09,32,Nevada,wk inc rsv prop ed visits,prop_ed,6e-4,NA
2024-11-09,33,New Hampshire,wk inc rsv prop ed visits,prop_ed,5e-4,NA
2024-11-09,34,New Jersey,wk inc rsv prop ed visits,prop_ed,0.0031,NA
2024-11-09,35,New Mexico,wk inc rsv prop ed visits,prop_ed,4e-4,NA
2024-11-09,36,New York,wk inc rsv prop ed visits,prop_ed,0.002,NA
2024-11-09,37,North Carolina,wk inc rsv prop ed visits,prop_ed,0.0017,NA
2024-11-09,38,North Dakota,wk inc rsv prop ed visits,prop_ed,0,NA
2024-11-09,39,Ohio,wk inc rsv prop ed visits,prop_ed,0.001,NA
2024-11-09,40,Oklahoma,wk inc rsv prop ed visits,prop_ed,5e-4,NA
2024-11-09,41,Oregon,wk inc rsv prop ed visits,prop_ed,4e-4,NA
2024-11-09,42,Pennsylvania,wk inc rsv prop ed visits,prop_ed,0.0011,NA
2024-11-09,44,Rhode Island,wk inc rsv prop ed visits,prop_ed,8e-4,NA
2024-11-09,45,South Carolina,wk inc rsv prop ed visits,prop_ed,0.003,NA
2024-11-09,46,South Dakota,wk inc rsv prop ed visits,prop_ed,4e-4,NA
2024-11-09,47,Tennessee,wk inc rsv prop ed visits,prop_ed,0.0053,NA
2024-11-09,48,Texas,wk inc rsv prop ed visits,prop_ed,0.0062,NA
2024-11-09,49,Utah,wk inc rsv prop ed visits,prop_ed,5e-4,NA
2024-11-09,50,Vermont,wk inc rsv prop ed visits,prop_ed,7e-4,NA
2024-11-09,51,Virginia,wk inc rsv prop ed visits,prop_ed,0.0029,NA
2024-11-09,53,Washington,wk inc rsv prop ed visits,prop_ed,0.0013,NA
2024-11-09,54,West Virginia,wk inc rsv prop ed visits,prop_ed,9e-4,NA
2024-11-09,55,Wisconsin,wk inc rsv prop ed visits,prop_ed,2e-4,NA
2024-11-09,56,Wyoming,wk inc rsv prop ed visits,prop_ed,0,NA
2024-11-09,US,United States,wk inc rsv prop ed visits,prop_ed,0.0026,NA
2024-11-16,01,Alabama,wk inc rsv prop ed visits,prop_ed,0.0086,NA
2024-11-16,02,Alaska,wk inc rsv prop ed visits,prop_ed,0.0035,NA
2024-11-16,04,Arizona,wk inc rsv prop ed visits,prop_ed,4e-4,NA
2024-11-16,05,Arkansas,wk inc rsv prop ed visits,prop_ed,0.0046,NA
2024-11-16,06,California,wk inc rsv prop ed visits,prop_ed,0.0011,NA
2024-11-16,08,Colorado,wk inc rsv prop ed visits,prop_ed,5e-4,NA
2024-11-16,09,Connecticut,wk inc rsv prop ed visits,prop_ed,0.0017,NA
2024-11-16,10,Delaware,wk inc rsv prop ed visits,prop_ed,0.0049,NA
2024-11-16,11,District of Columbia,wk inc rsv prop ed visits,prop_ed,0.0054,NA
2024-11-16,12,Florida,wk inc rsv prop ed visits,prop_ed,0.0062,NA
2024-11-16,13,Georgia,wk inc rsv prop ed visits,prop_ed,0.0065,NA
2024-11-16,15,Hawaii,wk inc rsv prop ed visits,prop_ed,0.0064,NA
2024-11-16,16,Idaho,wk inc rsv prop ed visits,prop_ed,9e-4,NA
2024-11-16,17,Illinois,wk inc rsv prop ed visits,prop_ed,0.003,NA
2024-11-16,18,Indiana,wk inc rsv prop ed visits,prop_ed,0.0013,NA
2024-11-16,19,Iowa,wk inc rsv prop ed visits,prop_ed,0.001,NA
2024-11-16,20,Kansas,wk inc rsv prop ed visits,prop_ed,0.001,NA
2024-11-16,21,Kentucky,wk inc rsv prop ed visits,prop_ed,0.003,NA
2024-11-16,22,Louisiana,wk inc rsv prop ed visits,prop_ed,0.0058,NA
2024-11-16,23,Maine,wk inc rsv prop ed visits,prop_ed,4e-4,NA
2024-11-16,24,Maryland,wk inc rsv prop ed visits,prop_ed,0.0056,NA
2024-11-16,25,Massachusetts,wk inc rsv prop ed visits,prop_ed,0.0038,NA
2024-11-16,26,Michigan,wk inc rsv prop ed visits,prop_ed,0.0022,NA
2024-11-16,27,Minnesota,wk inc rsv prop ed visits,prop_ed,9e-4,NA
2024-11-16,28,Mississippi,wk inc rsv prop ed visits,prop_ed,0.0089,NA
2024-11-16,30,Montana,wk inc rsv prop ed visits,prop_ed,0,NA
2024-11-16,31,Nebraska,wk inc rsv prop ed visits,prop_ed,4e-4,NA
2024-11-16,32,Nevada,wk inc rsv prop ed visits,prop_ed,0.0012,NA
2024-11-16,33,New Hampshire,wk inc rsv prop ed visits,prop_ed,0.0021,NA
2024-11-16,34,New Jersey,wk inc rsv prop ed visits,prop_ed,0.0041,NA
2024-11-16,35,New Mexico,wk inc rsv prop ed visits,prop_ed,4e-4,NA
2024-11-16,36,New York,wk inc rsv prop ed visits,prop_ed,0.0028,NA
2024-11-16,37,North Carolina,wk inc rsv prop ed visits,prop_ed,0.0023,NA
2024-11-16,38,North Dakota,wk inc rsv prop ed visits,prop_ed,0,NA
2024-11-16,39,Ohio,wk inc rsv prop ed visits,prop_ed,0.0014,NA
2024-11-16,40,Oklahoma,wk inc rsv prop ed visits,prop_ed,8e-4,NA
2024-11-16,41,Oregon,wk inc rsv prop ed visits,prop_ed,8e-4,NA
2024-11-16,42,Pennsylvania,wk inc rsv prop ed visits,prop_ed,0.0019,NA
2024-11-16,44,Rhode Island,wk inc rsv prop ed visits,prop_ed,0.0018,NA
2024-11-16,45,South Carolina,wk inc rsv prop ed visits,prop_ed,0.0052,NA
2024-11-16,46,South Dakota,wk inc rsv prop ed visits,prop_ed,0,NA
2024-11-16,47,Tennessee,wk inc rsv prop ed visits,prop_ed,0.0073,NA
2024-11-16,48,Texas,wk inc rsv prop ed visits,prop_ed,0.0089,NA
2024-11-16,49,Utah,wk inc rsv prop ed visits,prop_ed,4e-4,NA
2024-11-16,50,Vermont,wk inc rsv prop ed visits,prop_ed,2e-4,NA
2024-11-16,51,Virginia,wk inc rsv prop ed visits,prop_ed,0.0036,NA
2024-11-16,53,Washington,wk inc rsv prop ed visits,prop_ed,0.002,NA
2024-11-16,54,West Virginia,wk inc rsv prop ed visits,prop_ed,0.0013,NA
2024-11-16,55,Wisconsin,wk inc rsv prop ed visits,prop_ed,2e-4,NA
2024-11-16,56,Wyoming,wk inc rsv prop ed visits,prop_ed,9e-4,NA
2024-11-16,US,United States,wk inc rsv prop ed visits,prop_ed,0.0036,NA
2024-11-23,01,Alabama,wk inc rsv prop ed visits,prop_ed,0.0101,NA
2024-11-23,02,Alaska,wk inc rsv prop ed visits,prop_ed,0.0058,NA
2024-11-23,04,Arizona,wk inc rsv prop ed visits,prop_ed,6e-4,NA
2024-11-23,05,Arkansas,wk inc rsv prop ed visits,prop_ed,0.004,NA
2024-11-23,06,California,wk inc rsv prop ed visits,prop_ed,0.0017,NA
2024-11-23,08,Colorado,wk inc rsv prop ed visits,prop_ed,8e-4,NA
2024-11-23,09,Connecticut,wk inc rsv prop ed visits,prop_ed,0.0026,NA
2024-11-23,10,Delaware,wk inc rsv prop ed visits,prop_ed,0.0088,NA
2024-11-23,11,District of Columbia,wk inc rsv prop ed visits,prop_ed,0.0074,NA
2024-11-23,12,Florida,wk inc rsv prop ed visits,prop_ed,0.0067,NA
2024-11-23,13,Georgia,wk inc rsv prop ed visits,prop_ed,0.0088,NA
2024-11-23,15,Hawaii,wk inc rsv prop ed visits,prop_ed,0.0051,NA
2024-11-23,16,Idaho,wk inc rsv prop ed visits,prop_ed,0.0012,NA
2024-11-23,17,Illinois,wk inc rsv prop ed visits,prop_ed,0.0045,NA
2024-11-23,18,Indiana,wk inc rsv prop ed visits,prop_ed,0.0021,NA
2024-11-23,19,Iowa,wk inc rsv prop ed visits,prop_ed,0.0015,NA
2024-11-23,20,Kansas,wk inc rsv prop ed visits,prop_ed,0.0011,NA
2024-11-23,21,Kentucky,wk inc rsv prop ed visits,prop_ed,0.0044,NA
2024-11-23,22,Louisiana,wk inc rsv prop ed visits,prop_ed,0.009,NA
2024-11-23,23,Maine,wk inc rsv prop ed visits,prop_ed,2e-4,NA
2024-11-23,24,Maryland,wk inc rsv prop ed visits,prop_ed,0.0082,NA
2024-11-23,25,Massachusetts,wk inc rsv prop ed visits,prop_ed,0.0052,NA
2024-11-23,26,Michigan,wk inc rsv prop ed visits,prop_ed,0.003,NA
2024-11-23,27,Minnesota,wk inc rsv prop ed visits,prop_ed,8e-4,NA
2024-11-23,28,Mississippi,wk inc rsv prop ed visits,prop_ed,0.0113,NA
2024-11-23,30,Montana,wk inc rsv prop ed visits,prop_ed,4e-4,NA
2024-11-23,31,Nebraska,wk inc rsv prop ed visits,prop_ed,4e-4,NA
2024-11-23,32,Nevada,wk inc rsv prop ed visits,prop_ed,0.0022,NA
2024-11-23,33,New Hampshire,wk inc rsv prop ed visits,prop_ed,0.0016,NA
2024-11-23,34,New Jersey,wk inc rsv prop ed visits,prop_ed,0.0054,NA
2024-11-23,35,New Mexico,wk inc rsv prop ed visits,prop_ed,6e-4,NA
2024-11-23,36,New York,wk inc rsv prop ed visits,prop_ed,0.0034,NA
2024-11-23,37,North Carolina,wk inc rsv prop ed visits,prop_ed,0.0037,NA
2024-11-23,38,North Dakota,wk inc rsv prop ed visits,prop_ed,5e-4,NA
2024-11-23,39,Ohio,wk inc rsv prop ed visits,prop_ed,0.0023,NA
2024-11-23,40,Oklahoma,wk inc rsv prop ed visits,prop_ed,0.0017,NA
2024-11-23,41,Oregon,wk inc rsv prop ed visits,prop_ed,0.001,NA
2024-11-23,42,Pennsylvania,wk inc rsv prop ed visits,prop_ed,0.0026,NA
2024-11-23,44,Rhode Island,wk inc rsv prop ed visits,prop_ed,0.002,NA
2024-11-23,45,South Carolina,wk inc rsv prop ed visits,prop_ed,0.0066,NA
2024-11-23,46,South Dakota,wk inc rsv prop ed visits,prop_ed,5e-4,NA
2024-11-23,47,Tennessee,wk inc rsv prop ed visits,prop_ed,0.0094,NA
2024-11-23,48,Texas,wk inc rsv prop ed visits,prop_ed,0.0102,NA
2024-11-23,49,Utah,wk inc rsv prop ed visits,prop_ed,6e-4,NA
2024-11-23,50,Vermont,wk inc rsv prop ed visits,prop_ed,3e-4,NA
2024-11-23,51,Virginia,wk inc rsv prop ed visits,prop_ed,0.0054,NA
2024-11-23,53,Washington,wk inc rsv prop ed visits,prop_ed,0.0027,NA
2024-11-23,54,West Virginia,wk inc rsv prop ed visits,prop_ed,0.0021,NA
2024-11-23,55,Wisconsin,wk inc rsv prop ed visits,prop_ed,5e-4,NA
2024-11-23,56,Wyoming,wk inc rsv prop ed visits,prop_ed,0.0012,NA
2024-11-23,US,United States,wk inc rsv prop ed visits,prop_ed,0.0046,NA
2024-11-30,01,Alabama,wk inc rsv prop ed visits,prop_ed,0.0126,NA
2024-11-30,02,Alaska,wk inc rsv prop ed visits,prop_ed,0.0068,NA
2024-11-30,04,Arizona,wk inc rsv prop ed visits,prop_ed,8e-4,NA
2024-11-30,05,Arkansas,wk inc rsv prop ed visits,prop_ed,0.0053,NA
2024-11-30,06,California,wk inc rsv prop ed visits,prop_ed,0.0026,NA
2024-11-30,08,Colorado,wk inc rsv prop ed visits,prop_ed,0.0012,NA
2024-11-30,09,Connecticut,wk inc rsv prop ed visits,prop_ed,0.004,NA
2024-11-30,10,Delaware,wk inc rsv prop ed visits,prop_ed,0.0127,NA
2024-11-30,11,District of Columbia,wk inc rsv prop ed visits,prop_ed,0.0112,NA
2024-11-30,12,Florida,wk inc rsv prop ed visits,prop_ed,0.0076,NA
2024-11-30,13,Georgia,wk inc rsv prop ed visits,prop_ed,0.0098,NA
2024-11-30,15,Hawaii,wk inc rsv prop ed visits,prop_ed,0.0051,NA
2024-11-30,16,Idaho,wk inc rsv prop ed visits,prop_ed,0.0016,NA
2024-11-30,17,Illinois,wk inc rsv prop ed visits,prop_ed,0.0066,NA
2024-11-30,18,Indiana,wk inc rsv prop ed visits,prop_ed,0.0034,NA
2024-11-30,19,Iowa,wk inc rsv prop ed visits,prop_ed,0.0018,NA
2024-11-30,20,Kansas,wk inc rsv prop ed visits,prop_ed,0.0019,NA
2024-11-30,21,Kentucky,wk inc rsv prop ed visits,prop_ed,0.0056,NA
2024-11-30,22,Louisiana,wk inc rsv prop ed visits,prop_ed,0.0121,NA
2024-11-30,23,Maine,wk inc rsv prop ed visits,prop_ed,6e-4,NA
2024-11-30,24,Maryland,wk inc rsv prop ed visits,prop_ed,0.0105,NA
2024-11-30,25,Massachusetts,wk inc rsv prop ed visits,prop_ed,0.0084,NA
2024-11-30,26,Michigan,wk inc rsv prop ed visits,prop_ed,0.0043,NA
2024-11-30,27,Minnesota,wk inc rsv prop ed visits,prop_ed,0.0014,NA
2024-11-30,28,Mississippi,wk inc rsv prop ed visits,prop_ed,0.0135,NA
2024-11-30,30,Montana,wk inc rsv prop ed visits,prop_ed,5e-4,NA
2024-11-30,31,Nebraska,wk inc rsv prop ed visits,prop_ed,8e-4,NA
2024-11-30,32,Nevada,wk inc rsv prop ed visits,prop_ed,0.0031,NA
2024-11-30,33,New Hampshire,wk inc rsv prop ed visits,prop_ed,0.0032,NA
2024-11-30,34,New Jersey,wk inc rsv prop ed visits,prop_ed,0.0071,NA
2024-11-30,35,New Mexico,wk inc rsv prop ed visits,prop_ed,8e-4,NA
2024-11-30,36,New York,wk inc rsv prop ed visits,prop_ed,0.0052,NA
2024-11-30,37,North Carolina,wk inc rsv prop ed visits,prop_ed,0.006,NA
2024-11-30,38,North Dakota,wk inc rsv prop ed visits,prop_ed,2e-4,NA
2024-11-30,39,Ohio,wk inc rsv prop ed visits,prop_ed,0.0031,NA
2024-11-30,40,Oklahoma,wk inc rsv prop ed visits,prop_ed,0.002,NA
2024-11-30,41,Oregon,wk inc rsv prop ed visits,prop_ed,0.0013,NA
2024-11-30,42,Pennsylvania,wk inc rsv prop ed visits,prop_ed,0.0042,NA
2024-11-30,44,Rhode Island,wk inc rsv prop ed visits,prop_ed,0.0051,NA
2024-11-30,45,South Carolina,wk inc rsv prop ed visits,prop_ed,0.0097,NA
2024-11-30,46,South Dakota,wk inc rsv prop ed visits,prop_ed,8e-4,NA
2024-11-30,47,Tennessee,wk inc rsv prop ed visits,prop_ed,0.011,NA
2024-11-30,48,Texas,wk inc rsv prop ed visits,prop_ed,0.0129,NA
2024-11-30,49,Utah,wk inc rsv prop ed visits,prop_ed,6e-4,NA
2024-11-30,50,Vermont,wk inc rsv prop ed visits,prop_ed,0.0015,NA
2024-11-30,51,Virginia,wk inc rsv prop ed visits,prop_ed,0.0071,NA
2024-11-30,53,Washington,wk inc rsv prop ed visits,prop_ed,0.0039,NA
2024-11-30,54,West Virginia,wk inc rsv prop ed visits,prop_ed,0.004,NA
2024-11-30,55,Wisconsin,wk inc rsv prop ed visits,prop_ed,0.001,NA
2024-11-30,56,Wyoming,wk inc rsv prop ed visits,prop_ed,9e-4,NA
2024-11-30,US,United States,wk inc rsv prop ed visits,prop_ed,0.0061,NA
2024-12-07,01,Alabama,wk inc rsv prop ed visits,prop_ed,0.0123,NA
2024-12-07,02,Alaska,wk inc rsv prop ed visits,prop_ed,0.0084,NA
2024-12-07,04,Arizona,wk inc rsv prop ed visits,prop_ed,0.0011,NA
2024-12-07,05,Arkansas,wk inc rsv prop ed visits,prop_ed,0.0084,NA
2024-12-07,06,California,wk inc rsv prop ed visits,prop_ed,0.0026,NA
2024-12-07,08,Colorado,wk inc rsv prop ed visits,prop_ed,0.0014,NA
2024-12-07,09,Connecticut,wk inc rsv prop ed visits,prop_ed,0.0053,NA
2024-12-07,10,Delaware,wk inc rsv prop ed visits,prop_ed,0.0134,NA
2024-12-07,11,District of Columbia,wk inc rsv prop ed visits,prop_ed,0.01,NA
2024-12-07,12,Florida,wk inc rsv prop ed visits,prop_ed,0.0067,NA
2024-12-07,13,Georgia,wk inc rsv prop ed visits,prop_ed,0.0092,NA
2024-12-07,15,Hawaii,wk inc rsv prop ed visits,prop_ed,0.006,NA
2024-12-07,16,Idaho,wk inc rsv prop ed visits,prop_ed,0.0013,NA
2024-12-07,17,Illinois,wk inc rsv prop ed visits,prop_ed,0.0085,NA
2024-12-07,18,Indiana,wk inc rsv prop ed visits,prop_ed,0.004,NA
2024-12-07,19,Iowa,wk inc rsv prop ed visits,prop_ed,0.0029,NA
2024-12-07,20,Kansas,wk inc rsv prop ed visits,prop_ed,0.0019,NA
2024-12-07,21,Kentucky,wk inc rsv prop ed visits,prop_ed,0.008,NA
2024-12-07,22,Louisiana,wk inc rsv prop ed visits,prop_ed,0.0124,NA
2024-12-07,23,Maine,wk inc rsv prop ed visits,prop_ed,0.001,NA
2024-12-07,24,Maryland,wk inc rsv prop ed visits,prop_ed,0.0103,NA
2024-12-07,25,Massachusetts,wk inc rsv prop ed visits,prop_ed,0.0115,NA
2024-12-07,26,Michigan,wk inc rsv prop ed visits,prop_ed,0.0048,NA
2024-12-07,27,Minnesota,wk inc rsv prop ed visits,prop_ed,0.002,NA
2024-12-07,28,Mississippi,wk inc rsv prop ed visits,prop_ed,0.0101,NA
2024-12-07,30,Montana,wk inc rsv prop ed visits,prop_ed,3e-4,NA
2024-12-07,31,Nebraska,wk inc rsv prop ed visits,prop_ed,8e-4,NA
2024-12-07,32,Nevada,wk inc rsv prop ed visits,prop_ed,0.0048,NA
2024-12-07,33,New Hampshire,wk inc rsv prop ed visits,prop_ed,0.007,NA
2024-12-07,34,New Jersey,wk inc rsv prop ed visits,prop_ed,0.0094,NA
2024-12-07,35,New Mexico,wk inc rsv prop ed visits,prop_ed,9e-4,NA
2024-12-07,36,New York,wk inc rsv prop ed visits,prop_ed,0.0063,NA
2024-12-07,37,North Carolina,wk inc rsv prop ed visits,prop_ed,0.0072,NA
2024-12-07,38,North Dakota,wk inc rsv prop ed visits,prop_ed,5e-4,NA
2024-12-07,39,Ohio,wk inc rsv prop ed visits,prop_ed,0.0039,NA
2024-12-07,40,Oklahoma,wk inc rsv prop ed visits,prop_ed,0.0039,NA
2024-12-07,41,Oregon,wk inc rsv prop ed visits,prop_ed,0.0021,NA
2024-12-07,42,Pennsylvania,wk inc rsv prop ed visits,prop_ed,0.0051,NA
2024-12-07,44,Rhode Island,wk inc rsv prop ed visits,prop_ed,0.0061,NA
2024-12-07,45,South Carolina,wk inc rsv prop ed visits,prop_ed,0.0096,NA
2024-12-07,46,South Dakota,wk inc rsv prop ed visits,prop_ed,0.0013,NA
2024-12-07,47,Tennessee,wk inc rsv prop ed visits,prop_ed,0.0105,NA
2024-12-07,48,Texas,wk inc rsv prop ed visits,prop_ed,0.0116,NA
2024-12-07,49,Utah,wk inc rsv prop ed visits,prop_ed,0.0015,NA
2024-12-07,50,Vermont,wk inc rsv prop ed visits,prop_ed,0.002,NA
2024-12-07,51,Virginia,wk inc rsv prop ed visits,prop_ed,0.007,NA
2024-12-07,53,Washington,wk inc rsv prop ed visits,prop_ed,0.0054,NA
2024-12-07,54,West Virginia,wk inc rsv prop ed visits,prop_ed,0.0048,NA
2024-12-07,55,Wisconsin,wk inc rsv prop ed visits,prop_ed,0.0013,NA
2024-12-07,56,Wyoming,wk inc rsv prop ed visits,prop_ed,0.0018,NA
2024-12-07,US,United States,wk inc rsv prop ed visits,prop_ed,0.0064,NA
2024-12-14,01,Alabama,wk inc rsv prop ed visits,prop_ed,0.0118,NA
2024-12-14,02,Alaska,wk inc rsv prop ed visits,prop_ed,0.0123,NA
2024-12-14,04,Arizona,wk inc rsv prop ed visits,prop_ed,0.0013,NA
2024-12-14,05,Arkansas,wk inc rsv prop ed visits,prop_ed,0.0125,NA
2024-12-14,06,California,wk inc rsv prop ed visits,prop_ed,0.003,NA
2024-12-14,08,Colorado,wk inc rsv prop ed visits,prop_ed,0.0022,NA
2024-12-14,09,Connecticut,wk inc rsv prop ed visits,prop_ed,0.0083,NA
2024-12-14,10,Delaware,wk inc rsv prop ed visits,prop_ed,0.0176,NA
2024-12-14,11,District of Columbia,wk inc rsv prop ed visits,prop_ed,0.0148,NA
2024-12-14,12,Florida,wk inc rsv prop ed visits,prop_ed,0.0065,NA
2024-12-14,13,Georgia,wk inc rsv prop ed visits,prop_ed,0.0077,NA
2024-12-14,15,Hawaii,wk inc rsv prop ed visits,prop_ed,0.006,NA
2024-12-14,16,Idaho,wk inc rsv prop ed visits,prop_ed,0.0015,NA
2024-12-14,17,Illinois,wk inc rsv prop ed visits,prop_ed,0.0111,NA
2024-12-14,18,Indiana,wk inc rsv prop ed visits,prop_ed,0.0056,NA
2024-12-14,19,Iowa,wk inc rsv prop ed visits,prop_ed,0.0038,NA
2024-12-14,20,Kansas,wk inc rsv prop ed visits,prop_ed,0.0031,NA
2024-12-14,21,Kentucky,wk inc rsv prop ed visits,prop_ed,0.0101,NA
2024-12-14,22,Louisiana,wk inc rsv prop ed visits,prop_ed,0.0119,NA
2024-12-14,23,Maine,wk inc rsv prop ed visits,prop_ed,0.0013,NA
2024-12-14,24,Maryland,wk inc rsv prop ed visits,prop_ed,0.0118,NA
2024-12-14,25,Massachusetts,wk inc rsv prop ed visits,prop_ed,0.0129,NA
2024-12-14,26,Michigan,wk inc rsv prop ed visits,prop_ed,0.0065,NA
2024-12-14,27,Minnesota,wk inc rsv prop ed visits,prop_ed,0.0031,NA
2024-12-14,28,Mississippi,wk inc rsv prop ed visits,prop_ed,0.0096,NA
2024-12-14,30,Montana,wk inc rsv prop ed visits,prop_ed,8e-4,NA
2024-12-14,31,Nebraska,wk inc rsv prop ed visits,prop_ed,0.001,NA
2024-12-14,32,Nevada,wk inc rsv prop ed visits,prop_ed,0.0055,NA
2024-12-14,33,New Hampshire,wk inc rsv prop ed visits,prop_ed,0.0098,NA
2024-12-14,34,New Jersey,wk inc rsv prop ed visits,prop_ed,0.0115,NA
2024-12-14,35,New Mexico,wk inc rsv prop ed visits,prop_ed,0.002,NA
2024-12-14,36,New York,wk inc rsv prop ed visits,prop_ed,0.0068,NA
2024-12-14,37,North Carolina,wk inc rsv prop ed visits,prop_ed,0.0113,NA
2024-12-14,38,North Dakota,wk inc rsv prop ed visits,prop_ed,5e-4,NA
2024-12-14,39,Ohio,wk inc rsv prop ed visits,prop_ed,0.0059,NA
2024-12-14,40,Oklahoma,wk inc rsv prop ed visits,prop_ed,0.0048,NA
2024-12-14,41,Oregon,wk inc rsv prop ed visits,prop_ed,0.0034,NA
2024-12-14,42,Pennsylvania,wk inc rsv prop ed visits,prop_ed,0.0061,NA
2024-12-14,44,Rhode Island,wk inc rsv prop ed visits,prop_ed,0.006,NA
2024-12-14,45,South Carolina,wk inc rsv prop ed visits,prop_ed,0.0107,NA
2024-12-14,46,South Dakota,wk inc rsv prop ed visits,prop_ed,0.0016,NA
2024-12-14,47,Tennessee,wk inc rsv prop ed visits,prop_ed,0.0116,NA
2024-12-14,48,Texas,wk inc rsv prop ed visits,prop_ed,0.0112,NA
2024-12-14,49,Utah,wk inc rsv prop ed visits,prop_ed,0.0014,NA
2024-12-14,50,Vermont,wk inc rsv prop ed visits,prop_ed,0.0033,NA
2024-12-14,51,Virginia,wk inc rsv prop ed visits,prop_ed,0.008,NA
2024-12-14,53,Washington,wk inc rsv prop ed visits,prop_ed,0.0066,NA
2024-12-14,54,West Virginia,wk inc rsv prop ed visits,prop_ed,0.006,NA
2024-12-14,55,Wisconsin,wk inc rsv prop ed visits,prop_ed,0.002,NA
2024-12-14,56,Wyoming,wk inc rsv prop ed visits,prop_ed,9e-4,NA
2024-12-14,US,United States,wk inc rsv prop ed visits,prop_ed,0.0073,NA
2024-12-21,01,Alabama,wk inc rsv prop ed visits,prop_ed,0.0131,NA
2024-12-21,02,Alaska,wk inc rsv prop ed visits,prop_ed,0.0159,NA
2024-12-21,04,Arizona,wk inc rsv prop ed visits,prop_ed,0.0022,NA
2024-12-21,05,Arkansas,wk inc rsv prop ed visits,prop_ed,0.0184,NA
2024-12-21,06,California,wk inc rsv prop ed visits,prop_ed,0.0045,NA
2024-12-21,08,Colorado,wk inc rsv prop ed visits,prop_ed,0.0036,NA
2024-12-21,09,Connecticut,wk inc rsv prop ed visits,prop_ed,0.0092,NA
2024-12-21,10,Delaware,wk inc rsv prop ed visits,prop_ed,0.0252,NA
2024-12-21,11,District of Columbia,wk inc rsv prop ed visits,prop_ed,0.0164,NA
2024-12-21,12,Florida,wk inc rsv prop ed visits,prop_ed,0.0065,NA
2024-12-21,13,Georgia,wk inc rsv prop ed visits,prop_ed,0.0085,NA
2024-12-21,15,Hawaii,wk inc rsv prop ed visits,prop_ed,0.0051,NA
2024-12-21,16,Idaho,wk inc rsv prop ed visits,prop_ed,0.0026,NA
2024-12-21,17,Illinois,wk inc rsv prop ed visits,prop_ed,0.0141,NA
2024-12-21,18,Indiana,wk inc rsv prop ed visits,prop_ed,0.0086,NA
2024-12-21,19,Iowa,wk inc rsv prop ed visits,prop_ed,0.005,NA
2024-12-21,20,Kansas,wk inc rsv prop ed visits,prop_ed,0.0042,NA
2024-12-21,21,Kentucky,wk inc rsv prop ed visits,prop_ed,0.0139,NA
2024-12-21,22,Louisiana,wk inc rsv prop ed visits,prop_ed,0.0134,NA
2024-12-21,23,Maine,wk inc rsv prop ed visits,prop_ed,0.0026,NA
2024-12-21,24,Maryland,wk inc rsv prop ed visits,prop_ed,0.0127,NA
2024-12-21,25,Massachusetts,wk inc rsv prop ed visits,prop_ed,0.0153,NA
2024-12-21,26,Michigan,wk inc rsv prop ed visits,prop_ed,0.0088,NA
2024-12-21,27,Minnesota,wk inc rsv prop ed visits,prop_ed,0.0048,NA
2024-12-21,28,Mississippi,wk inc rsv prop ed visits,prop_ed,0.0116,NA
2024-12-21,30,Montana,wk inc rsv prop ed visits,prop_ed,0.0016,NA
2024-12-21,31,Nebraska,wk inc rsv prop ed visits,prop_ed,0.0018,NA
2024-12-21,32,Nevada,wk inc rsv prop ed visits,prop_ed,0.0067,NA
2024-12-21,33,New Hampshire,wk inc rsv prop ed visits,prop_ed,0.0149,NA
2024-12-21,34,New Jersey,wk inc rsv prop ed visits,prop_ed,0.0115,NA
2024-12-21,35,New Mexico,wk inc rsv prop ed visits,prop_ed,0.0033,NA
2024-12-21,36,New York,wk inc rsv prop ed visits,prop_ed,0.0085,NA
2024-12-21,37,North Carolina,wk inc rsv prop ed visits,prop_ed,0.0159,NA
2024-12-21,38,North Dakota,wk inc rsv prop ed visits,prop_ed,8e-4,NA
2024-12-21,39,Ohio,wk inc rsv prop ed visits,prop_ed,0.0081,NA
2024-12-21,40,Oklahoma,wk inc rsv prop ed visits,prop_ed,0.0082,NA
2024-12-21,41,Oregon,wk inc rsv prop ed visits,prop_ed,0.0042,NA
2024-12-21,42,Pennsylvania,wk inc rsv prop ed visits,prop_ed,0.0089,NA
2024-12-21,44,Rhode Island,wk inc rsv prop ed visits,prop_ed,0.0074,NA
2024-12-21,45,South Carolina,wk inc rsv prop ed visits,prop_ed,0.0111,NA
2024-12-21,46,South Dakota,wk inc rsv prop ed visits,prop_ed,0.0011,NA
2024-12-21,47,Tennessee,wk inc rsv prop ed visits,prop_ed,0.0131,NA
2024-12-21,48,Texas,wk inc rsv prop ed visits,prop_ed,0.013,NA
2024-12-21,49,Utah,wk inc rsv prop ed visits,prop_ed,0.0026,NA
2024-12-21,50,Vermont,wk inc rsv prop ed visits,prop_ed,0.0057,NA
2024-12-21,51,Virginia,wk inc rsv prop ed visits,prop_ed,0.0103,NA
2024-12-21,53,Washington,wk inc rsv prop ed visits,prop_ed,0.0089,NA
2024-12-21,54,West Virginia,wk inc rsv prop ed visits,prop_ed,0.0114,NA
2024-12-21,55,Wisconsin,wk inc rsv prop ed visits,prop_ed,0.0037,NA
2024-12-21,56,Wyoming,wk inc rsv prop ed visits,prop_ed,0.0038,NA
2024-12-21,US,United States,wk inc rsv prop ed visits,prop_ed,0.0091,NA
2024-12-28,01,Alabama,wk inc rsv prop ed visits,prop_ed,0.0126,NA
2024-12-28,02,Alaska,wk inc rsv prop ed visits,prop_ed,0.0214,NA
2024-12-28,04,Arizona,wk inc rsv prop ed visits,prop_ed,0.0038,NA
2024-12-28,05,Arkansas,wk inc rsv prop ed visits,prop_ed,0.0225,NA
2024-12-28,06,California,wk inc rsv prop ed visits,prop_ed,0.0061,NA
2024-12-28,08,Colorado,wk inc rsv prop ed visits,prop_ed,0.0054,NA
2024-12-28,09,Connecticut,wk inc rsv prop ed visits,prop_ed,0.0102,NA
2024-12-28,10,Delaware,wk inc rsv prop ed visits,prop_ed,0.0256,NA
2024-12-28,11,District of Columbia,wk inc rsv prop ed visits,prop_ed,0.016,NA
2024-12-28,12,Florida,wk inc rsv prop ed visits,prop_ed,0.0072,NA
2024-12-28,13,Georgia,wk inc rsv prop ed visits,prop_ed,0.0076,NA
2024-12-28,15,Hawaii,wk inc rsv prop ed visits,prop_ed,0.008,NA
2024-12-28,16,Idaho,wk inc rsv prop ed visits,prop_ed,0.0044,NA
2024-12-28,17,Illinois,wk inc rsv prop ed visits,prop_ed,0.0172,NA
2024-12-28,18,Indiana,wk inc rsv prop ed visits,prop_ed,0.012,NA
2024-12-28,19,Iowa,wk inc rsv prop ed visits,prop_ed,0.0099,NA
2024-12-28,20,Kansas,wk inc rsv prop ed visits,prop_ed,0.0069,NA
2024-12-28,21,Kentucky,wk inc rsv prop ed visits,prop_ed,0.0161,NA
2024-12-28,22,Louisiana,wk inc rsv prop ed visits,prop_ed,0.0148,NA
2024-12-28,23,Maine,wk inc rsv prop ed visits,prop_ed,0.0033,NA
2024-12-28,24,Maryland,wk inc rsv prop ed visits,prop_ed,0.0151,NA
2024-12-28,25,Massachusetts,wk inc rsv prop ed visits,prop_ed,0.0168,NA
2024-12-28,26,Michigan,wk inc rsv prop ed visits,prop_ed,0.0121,NA
2024-12-28,27,Minnesota,wk inc rsv prop ed visits,prop_ed,0.0079,NA
2024-12-28,28,Mississippi,wk inc rsv prop ed visits,prop_ed,0.0103,NA
2024-12-28,30,Montana,wk inc rsv prop ed visits,prop_ed,0.0017,NA
2024-12-28,31,Nebraska,wk inc rsv prop ed visits,prop_ed,0.0034,NA
2024-12-28,32,Nevada,wk inc rsv prop ed visits,prop_ed,0.0095,NA
2024-12-28,33,New Hampshire,wk inc rsv prop ed visits,prop_ed,0.0188,NA
2024-12-28,34,New Jersey,wk inc rsv prop ed visits,prop_ed,0.0122,NA
2024-12-28,35,New Mexico,wk inc rsv prop ed visits,prop_ed,0.0065,NA
2024-12-28,36,New York,wk inc rsv prop ed visits,prop_ed,0.009,NA
2024-12-28,37,North Carolina,wk inc rsv prop ed visits,prop_ed,0.0208,NA
2024-12-28,38,North Dakota,wk inc rsv prop ed visits,prop_ed,0.0018,NA
2024-12-28,39,Ohio,wk inc rsv prop ed visits,prop_ed,0.0106,NA
2024-12-28,40,Oklahoma,wk inc rsv prop ed visits,prop_ed,0.0128,NA
2024-12-28,41,Oregon,wk inc rsv prop ed visits,prop_ed,0.0071,NA
2024-12-28,42,Pennsylvania,wk inc rsv prop ed visits,prop_ed,0.0108,NA
2024-12-28,44,Rhode Island,wk inc rsv prop ed visits,prop_ed,0.0093,NA
2024-12-28,45,South Carolina,wk inc rsv prop ed visits,prop_ed,0.0134,NA
2024-12-28,46,South Dakota,wk inc rsv prop ed visits,prop_ed,0.0039,NA
2024-12-28,47,Tennessee,wk inc rsv prop ed visits,prop_ed,0.0147,NA
2024-12-28,48,Texas,wk inc rsv prop ed visits,prop_ed,0.0145,NA
2024-12-28,49,Utah,wk inc rsv prop ed visits,prop_ed,0.0045,NA
2024-12-28,50,Vermont,wk inc rsv prop ed visits,prop_ed,0.0109,NA
2024-12-28,51,Virginia,wk inc rsv prop ed visits,prop_ed,0.0105,NA
2024-12-28,53,Washington,wk inc rsv prop ed visits,prop_ed,0.0108,NA
2024-12-28,54,West Virginia,wk inc rsv prop ed visits,prop_ed,0.0178,NA
2024-12-28,55,Wisconsin,wk inc rsv prop ed visits,prop_ed,0.0065,NA
2024-12-28,56,Wyoming,wk inc rsv prop ed visits,prop_ed,0.0057,NA
2024-12-28,US,United States,wk inc rsv prop ed visits,prop_ed,0.0108,NA
2025-01-04,01,Alabama,wk inc rsv prop ed visits,prop_ed,0.0112,NA
2025-01-04,02,Alaska,wk inc rsv prop ed visits,prop_ed,0.0168,NA
2025-01-04,04,Arizona,wk inc rsv prop ed visits,prop_ed,0.0046,NA
2025-01-04,05,Arkansas,wk inc rsv prop ed visits,prop_ed,0.0199,NA
2025-01-04,06,California,wk inc rsv prop ed visits,prop_ed,0.0071,NA
2025-01-04,08,Colorado,wk inc rsv prop ed visits,prop_ed,0.006,NA
2025-01-04,09,Connecticut,wk inc rsv prop ed visits,prop_ed,0.0092,NA
2025-01-04,10,Delaware,wk inc rsv prop ed visits,prop_ed,0.0222,NA
2025-01-04,11,District of Columbia,wk inc rsv prop ed visits,prop_ed,0.0153,NA
2025-01-04,12,Florida,wk inc rsv prop ed visits,prop_ed,0.0072,NA
2025-01-04,13,Georgia,wk inc rsv prop ed visits,prop_ed,0.007,NA
2025-01-04,15,Hawaii,wk inc rsv prop ed visits,prop_ed,0.0074,NA
2025-01-04,16,Idaho,wk inc rsv prop ed visits,prop_ed,0.0045,NA
2025-01-04,17,Illinois,wk inc rsv prop ed visits,prop_ed,0.0174,NA
2025-01-04,18,Indiana,wk inc rsv prop ed visits,prop_ed,0.0124,NA
2025-01-04,19,Iowa,wk inc rsv prop ed visits,prop_ed,0.0106,NA
2025-01-04,20,Kansas,wk inc rsv prop ed visits,prop_ed,0.0098,NA
2025-01-04,21,Kentucky,wk inc rsv prop ed visits,prop_ed,0.0168,NA
2025-01-04,22,Louisiana,wk inc rsv prop ed visits,prop_ed,0.013,NA
2025-01-04,23,Maine,wk inc rsv prop ed visits,prop_ed,0.0045,NA
2025-01-04,24,Maryland,wk inc rsv prop ed visits,prop_ed,0.0119,NA
2025-01-04,25,Massachusetts,wk inc rsv prop ed visits,prop_ed,0.0151,NA
2025-01-04,26,Michigan,wk inc rsv prop ed visits,prop_ed,0.0131,NA
2025-01-04,27,Minnesota,wk inc rsv prop ed visits,prop_ed,0.0102,NA
2025-01-04,28,Mississippi,wk inc rsv prop ed visits,prop_ed,0.0081,NA
2025-01-04,30,Montana,wk inc rsv prop ed visits,prop_ed,0.0026,NA
2025-01-04,31,Nebraska,wk inc rsv prop ed visits,prop_ed,0.0027,NA
2025-01-04,32,Nevada,wk inc rsv prop ed visits,prop_ed,0.0087,NA
2025-01-04,33,New Hampshire,wk inc rsv prop ed visits,prop_ed,0.0134,NA
2025-01-04,34,New Jersey,wk inc rsv prop ed visits,prop_ed,0.0104,NA
2025-01-04,35,New Mexico,wk inc rsv prop ed visits,prop_ed,0.0069,NA
2025-01-04,36,New York,wk inc rsv prop ed visits,prop_ed,0.008,NA
2025-01-04,37,North Carolina,wk inc rsv prop ed visits,prop_ed,0.0202,NA
2025-01-04,38,North Dakota,wk inc rsv prop ed visits,prop_ed,0.0031,NA
2025-01-04,39,Ohio,wk inc rsv prop ed visits,prop_ed,0.0111,NA
2025-01-04,40,Oklahoma,wk inc rsv prop ed visits,prop_ed,0.016,NA
2025-01-04,41,Oregon,wk inc rsv prop ed visits,prop_ed,0.0085,NA
2025-01-04,42,Pennsylvania,wk inc rsv prop ed visits,prop_ed,0.0107,NA
2025-01-04,44,Rhode Island,wk inc rsv prop ed visits,prop_ed,0.0077,NA
2025-01-04,45,South Carolina,wk inc rsv prop ed visits,prop_ed,0.0114,NA
2025-01-04,46,South Dakota,wk inc rsv prop ed visits,prop_ed,0.0041,NA
2025-01-04,47,Tennessee,wk inc rsv prop ed visits,prop_ed,0.0135,NA
2025-01-04,48,Texas,wk inc rsv prop ed visits,prop_ed,0.0133,NA
2025-01-04,49,Utah,wk inc rsv prop ed visits,prop_ed,0.006,NA
2025-01-04,50,Vermont,wk inc rsv prop ed visits,prop_ed,0.0118,NA
2025-01-04,51,Virginia,wk inc rsv prop ed visits,prop_ed,0.0101,NA
2025-01-04,53,Washington,wk inc rsv prop ed visits,prop_ed,0.0107,NA
2025-01-04,54,West Virginia,wk inc rsv prop ed visits,prop_ed,0.0222,NA
2025-01-04,55,Wisconsin,wk inc rsv prop ed visits,prop_ed,0.0076,NA
2025-01-04,56,Wyoming,wk inc rsv prop ed visits,prop_ed,0.0032,NA
2025-01-04,US,United States,wk inc rsv prop ed visits,prop_ed,0.0106,NA
2025-01-11,01,Alabama,wk inc rsv prop ed visits,prop_ed,0.0077,NA
2025-01-11,02,Alaska,wk inc rsv prop ed visits,prop_ed,0.012,NA
2025-01-11,04,Arizona,wk inc rsv prop ed visits,prop_ed,0.0049,NA
2025-01-11,05,Arkansas,wk inc rsv prop ed visits,prop_ed,0.0143,NA
2025-01-11,06,California,wk inc rsv prop ed visits,prop_ed,0.0055,NA
2025-01-11,08,Colorado,wk inc rsv prop ed visits,prop_ed,0.0065,NA
2025-01-11,09,Connecticut,wk inc rsv prop ed visits,prop_ed,0.0073,NA
2025-01-11,10,Delaware,wk inc rsv prop ed visits,prop_ed,0.0159,NA
2025-01-11,11,District of Columbia,wk inc rsv prop ed visits,prop_ed,0.0084,NA
2025-01-11,12,Florida,wk inc rsv prop ed visits,prop_ed,0.0053,NA
2025-01-11,13,Georgia,wk inc rsv prop ed visits,prop_ed,0.0051,NA
2025-01-11,15,Hawaii,wk inc rsv prop ed visits,prop_ed,0.0054,NA
2025-01-11,16,Idaho,wk inc rsv prop ed visits,prop_ed,0.0063,NA
2025-01-11,17,Illinois,wk inc rsv prop ed visits,prop_ed,0.0109,NA
2025-01-11,18,Indiana,wk inc rsv prop ed visits,prop_ed,0.0094,NA
2025-01-11,19,Iowa,wk inc rsv prop ed visits,prop_ed,0.0101,NA
2025-01-11,20,Kansas,wk inc rsv prop ed visits,prop_ed,0.008,NA
2025-01-11,21,Kentucky,wk inc rsv prop ed visits,prop_ed,0.013,NA
2025-01-11,22,Louisiana,wk inc rsv prop ed visits,prop_ed,0.0083,NA
2025-01-11,23,Maine,wk inc rsv prop ed visits,prop_ed,0.0046,NA
2025-01-11,24,Maryland,wk inc rsv prop ed visits,prop_ed,0.0085,NA
2025-01-11,25,Massachusetts,wk inc rsv prop ed visits,prop_ed,0.0111,NA
2025-01-11,26,Michigan,wk inc rsv prop ed visits,prop_ed,0.0099,NA
2025-01-11,27,Minnesota,wk inc rsv prop ed visits,prop_ed,0.0102,NA
2025-01-11,28,Mississippi,wk inc rsv prop ed visits,prop_ed,0.0049,NA
2025-01-11,30,Montana,wk inc rsv prop ed visits,prop_ed,0.0029,NA
2025-01-11,31,Nebraska,wk inc rsv prop ed visits,prop_ed,0.0036,NA
2025-01-11,32,Nevada,wk inc rsv prop ed visits,prop_ed,0.0071,NA
2025-01-11,33,New Hampshire,wk inc rsv prop ed visits,prop_ed,0.0124,NA
2025-01-11,34,New Jersey,wk inc rsv prop ed visits,prop_ed,0.0076,NA
2025-01-11,35,New Mexico,wk inc rsv prop ed visits,prop_ed,0.0061,NA
2025-01-11,36,New York,wk inc rsv prop ed visits,prop_ed,0.0059,NA
2025-01-11,37,North Carolina,wk inc rsv prop ed visits,prop_ed,0.0151,NA
2025-01-11,38,North Dakota,wk inc rsv prop ed visits,prop_ed,0.0019,NA
2025-01-11,39,Ohio,wk inc rsv prop ed visits,prop_ed,0.0077,NA
2025-01-11,40,Oklahoma,wk inc rsv prop ed visits,prop_ed,0.0185,NA
2025-01-11,41,Oregon,wk inc rsv prop ed visits,prop_ed,0.0076,NA
2025-01-11,42,Pennsylvania,wk inc rsv prop ed visits,prop_ed,0.0079,NA
2025-01-11,44,Rhode Island,wk inc rsv prop ed visits,prop_ed,0.008,NA
2025-01-11,45,South Carolina,wk inc rsv prop ed visits,prop_ed,0.0068,NA
2025-01-11,46,South Dakota,wk inc rsv prop ed visits,prop_ed,0.0045,NA
2025-01-11,47,Tennessee,wk inc rsv prop ed visits,prop_ed,0.009,NA
2025-01-11,48,Texas,wk inc rsv prop ed visits,prop_ed,0.0093,NA
2025-01-11,49,Utah,wk inc rsv prop ed visits,prop_ed,0.0059,NA
2025-01-11,50,Vermont,wk inc rsv prop ed visits,prop_ed,0.0109,NA
2025-01-11,51,Virginia,wk inc rsv prop ed visits,prop_ed,0.0069,NA
2025-01-11,53,Washington,wk inc rsv prop ed visits,prop_ed,0.008,NA
2025-01-11,54,West Virginia,wk inc rsv prop ed visits,prop_ed,0.0144,NA
2025-01-11,55,Wisconsin,wk inc rsv prop ed visits,prop_ed,0.0074,NA
2025-01-11,56,Wyoming,wk inc rsv prop ed visits,prop_ed,0.0033,NA
2025-01-11,US,United States,wk inc rsv prop ed visits,prop_ed,0.0079,NA
2025-01-18,01,Alabama,wk inc rsv prop ed visits,prop_ed,0.0047,NA
2025-01-18,02,Alaska,wk inc rsv prop ed visits,prop_ed,0.0123,NA
2025-01-18,04,Arizona,wk inc rsv prop ed visits,prop_ed,0.0046,NA
2025-01-18,05,Arkansas,wk inc rsv prop ed visits,prop_ed,0.0106,NA
2025-01-18,06,California,wk inc rsv prop ed visits,prop_ed,0.0048,NA
2025-01-18,08,Colorado,wk inc rsv prop ed visits,prop_ed,0.0063,NA
2025-01-18,09,Connecticut,wk inc rsv prop ed visits,prop_ed,0.0048,NA
2025-01-18,10,Delaware,wk inc rsv prop ed visits,prop_ed,0.01,NA
2025-01-18,11,District of Columbia,wk inc rsv prop ed visits,prop_ed,0.0076,NA
2025-01-18,12,Florida,wk inc rsv prop ed visits,prop_ed,0.0043,NA
2025-01-18,13,Georgia,wk inc rsv prop ed visits,prop_ed,0.0032,NA
2025-01-18,15,Hawaii,wk inc rsv prop ed visits,prop_ed,0.0047,NA
2025-01-18,16,Idaho,wk inc rsv prop ed visits,prop_ed,0.0065,NA
2025-01-18,17,Illinois,wk inc rsv prop ed visits,prop_ed,0.0088,NA
2025-01-18,18,Indiana,wk inc rsv prop ed visits,prop_ed,0.007,NA
2025-01-18,19,Iowa,wk inc rsv prop ed visits,prop_ed,0.0136,NA
2025-01-18,20,Kansas,wk inc rsv prop ed visits,prop_ed,0.0077,NA
2025-01-18,21,Kentucky,wk inc rsv prop ed visits,prop_ed,0.0068,NA
2025-01-18,22,Louisiana,wk inc rsv prop ed visits,prop_ed,0.0058,NA
2025-01-18,23,Maine,wk inc rsv prop ed visits,prop_ed,0.0063,NA
2025-01-18,24,Maryland,wk inc rsv prop ed visits,prop_ed,0.0053,NA
2025-01-18,25,Massachusetts,wk inc rsv prop ed visits,prop_ed,0.0088,NA
2025-01-18,26,Michigan,wk inc rsv prop ed visits,prop_ed,0.0089,NA
2025-01-18,27,Minnesota,wk inc rsv prop ed visits,prop_ed,0.0115,NA
2025-01-18,28,Mississippi,wk inc rsv prop ed visits,prop_ed,0.0034,NA
2025-01-18,30,Montana,wk inc rsv prop ed visits,prop_ed,0.004,NA
2025-01-18,31,Nebraska,wk inc rsv prop ed visits,prop_ed,0.0044,NA
2025-01-18,32,Nevada,wk inc rsv prop ed visits,prop_ed,0.0063,NA
2025-01-18,33,New Hampshire,wk inc rsv prop ed visits,prop_ed,0.0115,NA
2025-01-18,34,New Jersey,wk inc rsv prop ed visits,prop_ed,0.0052,NA
2025-01-18,35,New Mexico,wk inc rsv prop ed visits,prop_ed,0.0081,NA
2025-01-18,36,New York,wk inc rsv prop ed visits,prop_ed,0.0047,NA
2025-01-18,37,North Carolina,wk inc rsv prop ed visits,prop_ed,0.0117,NA
2025-01-18,38,North Dakota,wk inc rsv prop ed visits,prop_ed,0.0033,NA
2025-01-18,39,Ohio,wk inc rsv prop ed visits,prop_ed,0.0057,NA
2025-01-18,40,Oklahoma,wk inc rsv prop ed visits,prop_ed,0.015,NA
2025-01-18,41,Oregon,wk inc rsv prop ed visits,prop_ed,0.0066,NA
2025-01-18,42,Pennsylvania,wk inc rsv prop ed visits,prop_ed,0.0067,NA
2025-01-18,44,Rhode Island,wk inc rsv prop ed visits,prop_ed,0.0046,NA
2025-01-18,45,South Carolina,wk inc rsv prop ed visits,prop_ed,0.0052,NA
2025-01-18,46,South Dakota,wk inc rsv prop ed visits,prop_ed,0.0063,NA
2025-01-18,47,Tennessee,wk inc rsv prop ed visits,prop_ed,0.0057,NA
2025-01-18,48,Texas,wk inc rsv prop ed visits,prop_ed,0.0063,NA
2025-01-18,49,Utah,wk inc rsv prop ed visits,prop_ed,0.0065,NA
2025-01-18,50,Vermont,wk inc rsv prop ed visits,prop_ed,0.0118,NA
2025-01-18,51,Virginia,wk inc rsv prop ed visits,prop_ed,0.0045,NA
2025-01-18,53,Washington,wk inc rsv prop ed visits,prop_ed,0.0074,NA
2025-01-18,54,West Virginia,wk inc rsv prop ed visits,prop_ed,0.011,NA
2025-01-18,55,Wisconsin,wk inc rsv prop ed visits,prop_ed,0.0094,NA
2025-01-18,56,Wyoming,wk inc rsv prop ed visits,prop_ed,0.0086,NA
2025-01-18,US,United States,wk inc rsv prop ed visits,prop_ed,0.0063,NA
2025-01-25,01,Alabama,wk inc rsv prop ed visits,prop_ed,0.0037,NA
2025-01-25,02,Alaska,wk inc rsv prop ed visits,prop_ed,0.0094,NA
2025-01-25,04,Arizona,wk inc rsv prop ed visits,prop_ed,0.0057,NA
2025-01-25,05,Arkansas,wk inc rsv prop ed visits,prop_ed,0.0105,NA
2025-01-25,06,California,wk inc rsv prop ed visits,prop_ed,0.0048,NA
2025-01-25,08,Colorado,wk inc rsv prop ed visits,prop_ed,0.0085,NA
2025-01-25,09,Connecticut,wk inc rsv prop ed visits,prop_ed,0.0042,NA
2025-01-25,10,Delaware,wk inc rsv prop ed visits,prop_ed,0.0083,NA
2025-01-25,11,District of Columbia,wk inc rsv prop ed visits,prop_ed,0.0044,NA
2025-01-25,12,Florida,wk inc rsv prop ed visits,prop_ed,0.0039,NA
2025-01-25,13,Georgia,wk inc rsv prop ed visits,prop_ed,0.0025,NA
2025-01-25,15,Hawaii,wk inc rsv prop ed visits,prop_ed,0.0033,NA
2025-01-25,16,Idaho,wk inc rsv prop ed visits,prop_ed,0.0076,NA
2025-01-25,17,Illinois,wk inc rsv prop ed visits,prop_ed,0.0077,NA
2025-01-25,18,Indiana,wk inc rsv prop ed visits,prop_ed,0.0074,NA
2025-01-25,19,Iowa,wk inc rsv prop ed visits,prop_ed,0.012,NA
2025-01-25,20,Kansas,wk inc rsv prop ed visits,prop_ed,0.0075,NA
2025-01-25,21,Kentucky,wk inc rsv prop ed visits,prop_ed,0.0065,NA
2025-01-25,22,Louisiana,wk inc rsv prop ed visits,prop_ed,0.0055,NA
2025-01-25,23,Maine,wk inc rsv prop ed visits,prop_ed,0.0067,NA
2025-01-25,24,Maryland,wk inc rsv prop ed visits,prop_ed,0.0041,NA
2025-01-25,25,Massachusetts,wk inc rsv prop ed visits,prop_ed,0.0066,NA
2025-01-25,26,Michigan,wk inc rsv prop ed visits,prop_ed,0.0094,NA
2025-01-25,27,Minnesota,wk inc rsv prop ed visits,prop_ed,0.0121,NA
2025-01-25,28,Mississippi,wk inc rsv prop ed visits,prop_ed,0.0035,NA
2025-01-25,30,Montana,wk inc rsv prop ed visits,prop_ed,0.0058,NA
2025-01-25,31,Nebraska,wk inc rsv prop ed visits,prop_ed,0.0054,NA
2025-01-25,32,Nevada,wk inc rsv prop ed visits,prop_ed,0.0068,NA
2025-01-25,33,New Hampshire,wk inc rsv prop ed visits,prop_ed,0.0093,NA
2025-01-25,34,New Jersey,wk inc rsv prop ed visits,prop_ed,0.0049,NA
2025-01-25,35,New Mexico,wk inc rsv prop ed visits,prop_ed,0.0121,NA
2025-01-25,36,New York,wk inc rsv prop ed visits,prop_ed,0.0043,NA
2025-01-25,37,North Carolina,wk inc rsv prop ed visits,prop_ed,0.0113,NA
2025-01-25,38,North Dakota,wk inc rsv prop ed visits,prop_ed,0.0035,NA
2025-01-25,39,Ohio,wk inc rsv prop ed visits,prop_ed,0.0052,NA
2025-01-25,40,Oklahoma,wk inc rsv prop ed visits,prop_ed,0.0148,NA
2025-01-25,41,Oregon,wk inc rsv prop ed visits,prop_ed,0.0077,NA
2025-01-25,42,Pennsylvania,wk inc rsv prop ed visits,prop_ed,0.0067,NA
2025-01-25,44,Rhode Island,wk inc rsv prop ed visits,prop_ed,0.0048,NA
2025-01-25,45,South Carolina,wk inc rsv prop ed visits,prop_ed,0.0041,NA
2025-01-25,46,South Dakota,wk inc rsv prop ed visits,prop_ed,0.0053,NA
2025-01-25,47,Tennessee,wk inc rsv prop ed visits,prop_ed,0.0051,NA
2025-01-25,48,Texas,wk inc rsv prop ed visits,prop_ed,0.0057,NA
2025-01-25,49,Utah,wk inc rsv prop ed visits,prop_ed,0.0084,NA
2025-01-25,50,Vermont,wk inc rsv prop ed visits,prop_ed,0.0101,NA
2025-01-25,51,Virginia,wk inc rsv prop ed visits,prop_ed,0.0041,NA
2025-01-25,53,Washington,wk inc rsv prop ed visits,prop_ed,0.0073,NA
2025-01-25,54,West Virginia,wk inc rsv prop ed visits,prop_ed,0.0125,NA
2025-01-25,55,Wisconsin,wk inc rsv prop ed visits,prop_ed,0.0101,NA
2025-01-25,56,Wyoming,wk inc rsv prop ed visits,prop_ed,0.0082,NA
2025-01-25,US,United States,wk inc rsv prop ed visits,prop_ed,0.0061,NA
2025-02-01,01,Alabama,wk inc rsv prop ed visits,prop_ed,0.0033,NA
2025-02-01,02,Alaska,wk inc rsv prop ed visits,prop_ed,0.0127,NA
2025-02-01,04,Arizona,wk inc rsv prop ed visits,prop_ed,0.0065,NA
2025-02-01,05,Arkansas,wk inc rsv prop ed visits,prop_ed,0.0074,NA
2025-02-01,06,California,wk inc rsv prop ed visits,prop_ed,0.0052,NA
2025-02-01,08,Colorado,wk inc rsv prop ed visits,prop_ed,0.008,NA
2025-02-01,09,Connecticut,wk inc rsv prop ed visits,prop_ed,0.0031,NA
2025-02-01,10,Delaware,wk inc rsv prop ed visits,prop_ed,0.006,NA
2025-02-01,11,District of Columbia,wk inc rsv prop ed visits,prop_ed,0.0045,NA
2025-02-01,12,Florida,wk inc rsv prop ed visits,prop_ed,0.0032,NA
2025-02-01,13,Georgia,wk inc rsv prop ed visits,prop_ed,0.0017,NA
2025-02-01,15,Hawaii,wk inc rsv prop ed visits,prop_ed,0.0041,NA
2025-02-01,16,Idaho,wk inc rsv prop ed visits,prop_ed,0.0083,NA
2025-02-01,17,Illinois,wk inc rsv prop ed visits,prop_ed,0.0068,NA
2025-02-01,18,Indiana,wk inc rsv prop ed visits,prop_ed,0.0056,NA
2025-02-01,19,Iowa,wk inc rsv prop ed visits,prop_ed,0.0114,NA
2025-02-01,20,Kansas,wk inc rsv prop ed visits,prop_ed,0.0091,NA
2025-02-01,21,Kentucky,wk inc rsv prop ed visits,prop_ed,0.0052,NA
2025-02-01,22,Louisiana,wk inc rsv prop ed visits,prop_ed,0.0038,NA
2025-02-01,23,Maine,wk inc rsv prop ed visits,prop_ed,0.0068,NA
2025-02-01,24,Maryland,wk inc rsv prop ed visits,prop_ed,0.0035,NA
2025-02-01,25,Massachusetts,wk inc rsv prop ed visits,prop_ed,0.0061,NA
2025-02-01,26,Michigan,wk inc rsv prop ed visits,prop_ed,0.0089,NA
2025-02-01,27,Minnesota,wk inc rsv prop ed visits,prop_ed,0.0111,NA
2025-02-01,28,Mississippi,wk inc rsv prop ed visits,prop_ed,0.002,NA
2025-02-01,30,Montana,wk inc rsv prop ed visits,prop_ed,0.0091,NA
2025-02-01,31,Nebraska,wk inc rsv prop ed visits,prop_ed,0.0054,NA
2025-02-01,32,Nevada,wk inc rsv prop ed visits,prop_ed,0.0069,NA
2025-02-01,33,New Hampshire,wk inc rsv prop ed visits,prop_ed,0.0102,NA
2025-02-01,34,New Jersey,wk inc rsv prop ed visits,prop_ed,0.0038,NA
2025-02-01,35,New Mexico,wk inc rsv prop ed visits,prop_ed,0.0133,NA
2025-02-01,36,New York,wk inc rsv prop ed visits,prop_ed,0.0036,NA
2025-02-01,37,North Carolina,wk inc rsv prop ed visits,prop_ed,0.0097,NA
2025-02-01,38,North Dakota,wk inc rsv prop ed visits,prop_ed,0.0053,NA
2025-02-01,39,Ohio,wk inc rsv prop ed visits,prop_ed,0.0042,NA
2025-02-01,40,Oklahoma,wk inc rsv prop ed visits,prop_ed,0.0153,NA
2025-02-01,41,Oregon,wk inc rsv prop ed visits,prop_ed,0.0104,NA
2025-02-01,42,Pennsylvania,wk inc rsv prop ed visits,prop_ed,0.0058,NA
2025-02-01,44,Rhode Island,wk inc rsv prop ed visits,prop_ed,0.0038,NA
2025-02-01,45,South Carolina,wk inc rsv prop ed visits,prop_ed,0.0028,NA
2025-02-01,46,South Dakota,wk inc rsv prop ed visits,prop_ed,0.0096,NA
2025-02-01,47,Tennessee,wk inc rsv prop ed visits,prop_ed,0.0048,NA
2025-02-01,48,Texas,wk inc rsv prop ed visits,prop_ed,0.0044,NA
2025-02-01,49,Utah,wk inc rsv prop ed visits,prop_ed,0.0118,NA
2025-02-01,50,Vermont,wk inc rsv prop ed visits,prop_ed,0.0111,NA
2025-02-01,51,Virginia,wk inc rsv prop ed visits,prop_ed,0.0033,NA
2025-02-01,53,Washington,wk inc rsv prop ed visits,prop_ed,0.0074,NA
2025-02-01,54,West Virginia,wk inc rsv prop ed visits,prop_ed,0.0102,NA
2025-02-01,55,Wisconsin,wk inc rsv prop ed visits,prop_ed,0.0099,NA
2025-02-01,56,Wyoming,wk inc rsv prop ed visits,prop_ed,0.0054,NA
2025-02-01,US,United States,wk inc rsv prop ed visits,prop_ed,0.0055,NA
2025-02-08,01,Alabama,wk inc rsv prop ed visits,prop_ed,0.0033,NA
2025-02-08,02,Alaska,wk inc rsv prop ed visits,prop_ed,0.007,NA
2025-02-08,04,Arizona,wk inc rsv prop ed visits,prop_ed,0.008,NA
2025-02-08,05,Arkansas,wk inc rsv prop ed visits,prop_ed,0.0057,NA
2025-02-08,06,California,wk inc rsv prop ed visits,prop_ed,0.005,NA
2025-02-08,08,Colorado,wk inc rsv prop ed visits,prop_ed,0.0097,NA
2025-02-08,09,Connecticut,wk inc rsv prop ed visits,prop_ed,0.0026,NA
2025-02-08,10,Delaware,wk inc rsv prop ed visits,prop_ed,0.005,NA
2025-02-08,11,District of Columbia,wk inc rsv prop ed visits,prop_ed,0.003,NA
2025-02-08,12,Florida,wk inc rsv prop ed visits,prop_ed,0.0027,NA
2025-02-08,13,Georgia,wk inc rsv prop ed visits,prop_ed,0.0017,NA
2025-02-08,15,Hawaii,wk inc rsv prop ed visits,prop_ed,0.0048,NA
2025-02-08,16,Idaho,wk inc rsv prop ed visits,prop_ed,0.0112,NA
2025-02-08,17,Illinois,wk inc rsv prop ed visits,prop_ed,0.0061,NA
2025-02-08,18,Indiana,wk inc rsv prop ed visits,prop_ed,0.0063,NA
2025-02-08,19,Iowa,wk inc rsv prop ed visits,prop_ed,0.0123,NA
2025-02-08,20,Kansas,wk inc rsv prop ed visits,prop_ed,0.0094,NA
2025-02-08,21,Kentucky,wk inc rsv prop ed visits,prop_ed,0.0053,NA
2025-02-08,22,Louisiana,wk inc rsv prop ed visits,prop_ed,0.0027,NA
2025-02-08,23,Maine,wk inc rsv prop ed visits,prop_ed,0.0084,NA
2025-02-08,24,Maryland,wk inc rsv prop ed visits,prop_ed,0.0031,NA
2025-02-08,25,Massachusetts,wk inc rsv prop ed visits,prop_ed,0.0051,NA
2025-02-08,26,Michigan,wk inc rsv prop ed visits,prop_ed,0.0078,NA
2025-02-08,27,Minnesota,wk inc rsv prop ed visits,prop_ed,0.012,NA
2025-02-08,28,Mississippi,wk inc rsv prop ed visits,prop_ed,0.0016,NA
2025-02-08,30,Montana,wk inc rsv prop ed visits,prop_ed,0.013,NA
2025-02-08,31,Nebraska,wk inc rsv prop ed visits,prop_ed,0.0069,NA
2025-02-08,32,Nevada,wk inc rsv prop ed visits,prop_ed,0.0075,NA
2025-02-08,33,New Hampshire,wk inc rsv prop ed visits,prop_ed,0.008,NA
2025-02-08,34,New Jersey,wk inc rsv prop ed visits,prop_ed,0.003,NA
2025-02-08,35,New Mexico,wk inc rsv prop ed visits,prop_ed,0.0176,NA
2025-02-08,36,New York,wk inc rsv prop ed visits,prop_ed,0.0031,NA
2025-02-08,37,North Carolina,wk inc rsv prop ed visits,prop_ed,0.0081,NA
2025-02-08,38,North Dakota,wk inc rsv prop ed visits,prop_ed,0.0066,NA
2025-02-08,39,Ohio,wk inc rsv prop ed visits,prop_ed,0.0036,NA
2025-02-08,40,Oklahoma,wk inc rsv prop ed visits,prop_ed,0.0149,NA
2025-02-08,41,Oregon,wk inc rsv prop ed visits,prop_ed,0.0126,NA
2025-02-08,42,Pennsylvania,wk inc rsv prop ed visits,prop_ed,0.005,NA
2025-02-08,44,Rhode Island,wk inc rsv prop ed visits,prop_ed,0.0034,NA
2025-02-08,45,South Carolina,wk inc rsv prop ed visits,prop_ed,0.0026,NA
2025-02-08,46,South Dakota,wk inc rsv prop ed visits,prop_ed,0.0098,NA
2025-02-08,47,Tennessee,wk inc rsv prop ed visits,prop_ed,0.0044,NA
2025-02-08,48,Texas,wk inc rsv prop ed visits,prop_ed,0.0038,NA
2025-02-08,49,Utah,wk inc rsv prop ed visits,prop_ed,0.0132,NA
2025-02-08,50,Vermont,wk inc rsv prop ed visits,prop_ed,0.0106,NA
2025-02-08,51,Virginia,wk inc rsv prop ed visits,prop_ed,0.0028,NA
2025-02-08,53,Washington,wk inc rsv prop ed visits,prop_ed,0.0089,NA
2025-02-08,54,West Virginia,wk inc rsv prop ed visits,prop_ed,0.0126,NA
2025-02-08,55,Wisconsin,wk inc rsv prop ed visits,prop_ed,0.0111,NA
2025-02-08,56,Wyoming,wk inc rsv prop ed visits,prop_ed,0.0126,NA
2025-02-08,US,United States,wk inc rsv prop ed visits,prop_ed,0.0054,NA
2025-02-15,01,Alabama,wk inc rsv prop ed visits,prop_ed,0.0033,NA
2025-02-15,02,Alaska,wk inc rsv prop ed visits,prop_ed,0.0085,NA
2025-02-15,04,Arizona,wk inc rsv prop ed visits,prop_ed,0.0079,NA
2025-02-15,05,Arkansas,wk inc rsv prop ed visits,prop_ed,0.0063,NA
2025-02-15,06,California,wk inc rsv prop ed visits,prop_ed,0.0049,NA
2025-02-15,08,Colorado,wk inc rsv prop ed visits,prop_ed,0.0093,NA
2025-02-15,09,Connecticut,wk inc rsv prop ed visits,prop_ed,0.0021,NA
2025-02-15,10,Delaware,wk inc rsv prop ed visits,prop_ed,0.0037,NA
2025-02-15,11,District of Columbia,wk inc rsv prop ed visits,prop_ed,0.0026,NA
2025-02-15,12,Florida,wk inc rsv prop ed visits,prop_ed,0.0027,NA
2025-02-15,13,Georgia,wk inc rsv prop ed visits,prop_ed,0.0016,NA
2025-02-15,15,Hawaii,wk inc rsv prop ed visits,prop_ed,0.0036,NA
2025-02-15,16,Idaho,wk inc rsv prop ed visits,prop_ed,0.0132,NA
2025-02-15,17,Illinois,wk inc rsv prop ed visits,prop_ed,0.0056,NA
2025-02-15,18,Indiana,wk inc rsv prop ed visits,prop_ed,0.0053,NA
2025-02-15,19,Iowa,wk inc rsv prop ed visits,prop_ed,0.0115,NA
2025-02-15,20,Kansas,wk inc rsv prop ed visits,prop_ed,0.0096,NA
2025-02-15,21,Kentucky,wk inc rsv prop ed visits,prop_ed,0.0058,NA
2025-02-15,22,Louisiana,wk inc rsv prop ed visits,prop_ed,0.0029,NA
2025-02-15,23,Maine,wk inc rsv prop ed visits,prop_ed,0.0058,NA
2025-02-15,24,Maryland,wk inc rsv prop ed visits,prop_ed,0.0024,NA
2025-02-15,25,Massachusetts,wk inc rsv prop ed visits,prop_ed,0.0041,NA
2025-02-15,26,Michigan,wk inc rsv prop ed visits,prop_ed,0.008,NA
2025-02-15,27,Minnesota,wk inc rsv prop ed visits,prop_ed,0.0127,NA
2025-02-15,28,Mississippi,wk inc rsv prop ed visits,prop_ed,0.0019,NA
2025-02-15,30,Montana,wk inc rsv prop ed visits,prop_ed,0.0105,NA
2025-02-15,31,Nebraska,wk inc rsv prop ed visits,prop_ed,0.0063,NA
2025-02-15,32,Nevada,wk inc rsv prop ed visits,prop_ed,0.0076,NA
2025-02-15,33,New Hampshire,wk inc rsv prop ed visits,prop_ed,0.0062,NA
2025-02-15,34,New Jersey,wk inc rsv prop ed visits,prop_ed,0.0026,NA
2025-02-15,35,New Mexico,wk inc rsv prop ed visits,prop_ed,0.0186,NA
2025-02-15,36,New York,wk inc rsv prop ed visits,prop_ed,0.0026,NA
2025-02-15,37,North Carolina,wk inc rsv prop ed visits,prop_ed,0.0072,NA
2025-02-15,38,North Dakota,wk inc rsv prop ed visits,prop_ed,0.0062,NA
2025-02-15,39,Ohio,wk inc rsv prop ed visits,prop_ed,0.0032,NA
2025-02-15,40,Oklahoma,wk inc rsv prop ed visits,prop_ed,0.0123,NA
2025-02-15,41,Oregon,wk inc rsv prop ed visits,prop_ed,0.0125,NA
2025-02-15,42,Pennsylvania,wk inc rsv prop ed visits,prop_ed,0.0045,NA
2025-02-15,44,Rhode Island,wk inc rsv prop ed visits,prop_ed,0.0022,NA
2025-02-15,45,South Carolina,wk inc rsv prop ed visits,prop_ed,0.0021,NA
2025-02-15,46,South Dakota,wk inc rsv prop ed visits,prop_ed,0.0082,NA
2025-02-15,47,Tennessee,wk inc rsv prop ed visits,prop_ed,0.0039,NA
2025-02-15,48,Texas,wk inc rsv prop ed visits,prop_ed,0.0038,NA
2025-02-15,49,Utah,wk inc rsv prop ed visits,prop_ed,0.0138,NA
2025-02-15,50,Vermont,wk inc rsv prop ed visits,prop_ed,0.0071,NA
2025-02-15,51,Virginia,wk inc rsv prop ed visits,prop_ed,0.0027,NA
2025-02-15,53,Washington,wk inc rsv prop ed visits,prop_ed,0.0072,NA
2025-02-15,54,West Virginia,wk inc rsv prop ed visits,prop_ed,0.0149,NA
2025-02-15,55,Wisconsin,wk inc rsv prop ed visits,prop_ed,0.0106,NA
2025-02-15,56,Wyoming,wk inc rsv prop ed visits,prop_ed,0.0113,NA
2025-02-15,US,United States,wk inc rsv prop ed visits,prop_ed,0.0051,NA
2025-02-22,01,Alabama,wk inc rsv prop ed visits,prop_ed,0.0034,NA
2025-02-22,02,Alaska,wk inc rsv prop ed visits,prop_ed,0.0072,NA
2025-02-22,04,Arizona,wk inc rsv prop ed visits,prop_ed,0.007,NA
2025-02-22,05,Arkansas,wk inc rsv prop ed visits,prop_ed,0.0053,NA
2025-02-22,06,California,wk inc rsv prop ed visits,prop_ed,0.0044,NA
2025-02-22,08,Colorado,wk inc rsv prop ed visits,prop_ed,0.0092,NA
2025-02-22,09,Connecticut,wk inc rsv prop ed visits,prop_ed,0.0017,NA
2025-02-22,10,Delaware,wk inc rsv prop ed visits,prop_ed,0.0025,NA
2025-02-22,11,District of Columbia,wk inc rsv prop ed visits,prop_ed,0.0018,NA
2025-02-22,12,Florida,wk inc rsv prop ed visits,prop_ed,0.0024,NA
2025-02-22,13,Georgia,wk inc rsv prop ed visits,prop_ed,0.0015,NA
2025-02-22,15,Hawaii,wk inc rsv prop ed visits,prop_ed,0.0028,NA
2025-02-22,16,Idaho,wk inc rsv prop ed visits,prop_ed,0.0147,NA
2025-02-22,17,Illinois,wk inc rsv prop ed visits,prop_ed,0.0045,NA
2025-02-22,18,Indiana,wk inc rsv prop ed visits,prop_ed,0.005,NA
2025-02-22,19,Iowa,wk inc rsv prop ed visits,prop_ed,0.0122,NA
2025-02-22,20,Kansas,wk inc rsv prop ed visits,prop_ed,0.008,NA
2025-02-22,21,Kentucky,wk inc rsv prop ed visits,prop_ed,0.0043,NA
2025-02-22,22,Louisiana,wk inc rsv prop ed visits,prop_ed,0.0025,NA
2025-02-22,23,Maine,wk inc rsv prop ed visits,prop_ed,0.0055,NA
2025-02-22,24,Maryland,wk inc rsv prop ed visits,prop_ed,0.0019,NA
2025-02-22,25,Massachusetts,wk inc rsv prop ed visits,prop_ed,0.0034,NA
2025-02-22,26,Michigan,wk inc rsv prop ed visits,prop_ed,0.0069,NA
2025-02-22,27,Minnesota,wk inc rsv prop ed visits,prop_ed,0.0117,NA
2025-02-22,28,Mississippi,wk inc rsv prop ed visits,prop_ed,0.0013,NA
2025-02-22,30,Montana,wk inc rsv prop ed visits,prop_ed,0.013,NA
2025-02-22,31,Nebraska,wk inc rsv prop ed visits,prop_ed,0.005,NA
2025-02-22,32,Nevada,wk inc rsv prop ed visits,prop_ed,0.0071,NA
2025-02-22,33,New Hampshire,wk inc rsv prop ed visits,prop_ed,0.0047,NA
2025-02-22,34,New Jersey,wk inc rsv prop ed visits,prop_ed,0.0022,NA
2025-02-22,35,New Mexico,wk inc rsv prop ed visits,prop_ed,0.0177,NA
2025-02-22,36,New York,wk inc rsv prop ed visits,prop_ed,0.0024,NA
2025-02-22,37,North Carolina,wk inc rsv prop ed visits,prop_ed,0.0065,NA
2025-02-22,38,North Dakota,wk inc rsv prop ed visits,prop_ed,0.0115,NA
2025-02-22,39,Ohio,wk inc rsv prop ed visits,prop_ed,0.003,NA
2025-02-22,40,Oklahoma,wk inc rsv prop ed visits,prop_ed,0.0117,NA
2025-02-22,41,Oregon,wk inc rsv prop ed visits,prop_ed,0.0112,NA
2025-02-22,42,Pennsylvania,wk inc rsv prop ed visits,prop_ed,0.004,NA
2025-02-22,44,Rhode Island,wk inc rsv prop ed visits,prop_ed,0.0021,NA
2025-02-22,45,South Carolina,wk inc rsv prop ed visits,prop_ed,0.0017,NA
2025-02-22,46,South Dakota,wk inc rsv prop ed visits,prop_ed,0.0123,NA
2025-02-22,47,Tennessee,wk inc rsv prop ed visits,prop_ed,0.0038,NA
2025-02-22,48,Texas,wk inc rsv prop ed visits,prop_ed,0.0033,NA
2025-02-22,49,Utah,wk inc rsv prop ed visits,prop_ed,0.0123,NA
2025-02-22,50,Vermont,wk inc rsv prop ed visits,prop_ed,0.0069,NA
2025-02-22,51,Virginia,wk inc rsv prop ed visits,prop_ed,0.0018,NA
2025-02-22,53,Washington,wk inc rsv prop ed visits,prop_ed,0.0084,NA
2025-02-22,54,West Virginia,wk inc rsv prop ed visits,prop_ed,0.0121,NA
2025-02-22,55,Wisconsin,wk inc rsv prop ed visits,prop_ed,0.0092,NA
2025-02-22,56,Wyoming,wk inc rsv prop ed visits,prop_ed,0.011,NA
2025-02-22,US,United States,wk inc rsv prop ed visits,prop_ed,0.0047,NA
2025-03-01,01,Alabama,wk inc rsv prop ed visits,prop_ed,0.0023,NA
2025-03-01,02,Alaska,wk inc rsv prop ed visits,prop_ed,0.008,NA
2025-03-01,04,Arizona,wk inc rsv prop ed visits,prop_ed,0.0055,NA
2025-03-01,05,Arkansas,wk inc rsv prop ed visits,prop_ed,0.0044,NA
2025-03-01,06,California,wk inc rsv prop ed visits,prop_ed,0.0037,NA
2025-03-01,08,Colorado,wk inc rsv prop ed visits,prop_ed,0.0091,NA
2025-03-01,09,Connecticut,wk inc rsv prop ed visits,prop_ed,0.0013,NA
2025-03-01,10,Delaware,wk inc rsv prop ed visits,prop_ed,0.0016,NA
2025-03-01,11,District of Columbia,wk inc rsv prop ed visits,prop_ed,0.001,NA
2025-03-01,12,Florida,wk inc rsv prop ed visits,prop_ed,0.0023,NA
2025-03-01,13,Georgia,wk inc rsv prop ed visits,prop_ed,0.0011,NA
2025-03-01,15,Hawaii,wk inc rsv prop ed visits,prop_ed,0.0034,NA
2025-03-01,16,Idaho,wk inc rsv prop ed visits,prop_ed,0.0132,NA
2025-03-01,17,Illinois,wk inc rsv prop ed visits,prop_ed,0.0038,NA
2025-03-01,18,Indiana,wk inc rsv prop ed visits,prop_ed,0.0042,NA
2025-03-01,19,Iowa,wk inc rsv prop ed visits,prop_ed,0.0109,NA
2025-03-01,20,Kansas,wk inc rsv prop ed visits,prop_ed,0.0062,NA
2025-03-01,21,Kentucky,wk inc rsv prop ed visits,prop_ed,0.0034,NA
2025-03-01,22,Louisiana,wk inc rsv prop ed visits,prop_ed,0.0019,NA
2025-03-01,23,Maine,wk inc rsv prop ed visits,prop_ed,0.0061,NA
2025-03-01,24,Maryland,wk inc rsv prop ed visits,prop_ed,0.0013,NA
2025-03-01,25,Massachusetts,wk inc rsv prop ed visits,prop_ed,0.0027,NA
2025-03-01,26,Michigan,wk inc rsv prop ed visits,prop_ed,0.0057,NA
2025-03-01,27,Minnesota,wk inc rsv prop ed visits,prop_ed,0.011,NA
2025-03-01,28,Mississippi,wk inc rsv prop ed visits,prop_ed,0.0013,NA
2025-03-01,30,Montana,wk inc rsv prop ed visits,prop_ed,0.0146,NA
2025-03-01,31,Nebraska,wk inc rsv prop ed visits,prop_ed,0.0039,NA
2025-03-01,32,Nevada,wk inc rsv prop ed visits,prop_ed,0.005,NA
2025-03-01,33,New Hampshire,wk inc rsv prop ed visits,prop_ed,0.0047,NA
2025-03-01,34,New Jersey,wk inc rsv prop ed visits,prop_ed,0.0021,NA
2025-03-01,35,New Mexico,wk inc rsv prop ed visits,prop_ed,0.0151,NA
2025-03-01,36,New York,wk inc rsv prop ed visits,prop_ed,0.0019,NA
2025-03-01,37,North Carolina,wk inc rsv prop ed visits,prop_ed,0.0054,NA
2025-03-01,38,North Dakota,wk inc rsv prop ed visits,prop_ed,0.009,NA
2025-03-01,39,Ohio,wk inc rsv prop ed visits,prop_ed,0.0023,NA
2025-03-01,40,Oklahoma,wk inc rsv prop ed visits,prop_ed,0.0091,NA
2025-03-01,41,Oregon,wk inc rsv prop ed visits,prop_ed,0.009,NA
2025-03-01,42,Pennsylvania,wk inc rsv prop ed visits,prop_ed,0.0032,NA
2025-03-01,44,Rhode Island,wk inc rsv prop ed visits,prop_ed,0.0024,NA
2025-03-01,45,South Carolina,wk inc rsv prop ed visits,prop_ed,0.0018,NA
2025-03-01,46,South Dakota,wk inc rsv prop ed visits,prop_ed,0.0147,NA
2025-03-01,47,Tennessee,wk inc rsv prop ed visits,prop_ed,0.0023,NA
2025-03-01,48,Texas,wk inc rsv prop ed visits,prop_ed,0.0027,NA
2025-03-01,49,Utah,wk inc rsv prop ed visits,prop_ed,0.0129,NA
2025-03-01,50,Vermont,wk inc rsv prop ed visits,prop_ed,0.0071,NA
2025-03-01,51,Virginia,wk inc rsv prop ed visits,prop_ed,0.0016,NA
2025-03-01,53,Washington,wk inc rsv prop ed visits,prop_ed,0.0073,NA
2025-03-01,54,West Virginia,wk inc rsv prop ed visits,prop_ed,0.0099,NA
2025-03-01,55,Wisconsin,wk inc rsv prop ed visits,prop_ed,0.0093,NA
2025-03-01,56,Wyoming,wk inc rsv prop ed visits,prop_ed,0.0095,NA
2025-03-01,US,United States,wk inc rsv prop ed visits,prop_ed,0.004,NA
2025-03-08,01,Alabama,wk inc rsv prop ed visits,prop_ed,0.0021,NA
2025-03-08,02,Alaska,wk inc rsv prop ed visits,prop_ed,0.0051,NA
2025-03-08,04,Arizona,wk inc rsv prop ed visits,prop_ed,0.0046,NA
2025-03-08,05,Arkansas,wk inc rsv prop ed visits,prop_ed,0.0039,NA
2025-03-08,06,California,wk inc rsv prop ed visits,prop_ed,0.0032,NA
2025-03-08,08,Colorado,wk inc rsv prop ed visits,prop_ed,0.0078,NA
2025-03-08,09,Connecticut,wk inc rsv prop ed visits,prop_ed,0.0012,NA
2025-03-08,10,Delaware,wk inc rsv prop ed visits,prop_ed,0.0027,NA
2025-03-08,11,District of Columbia,wk inc rsv prop ed visits,prop_ed,0.0016,NA
2025-03-08,12,Florida,wk inc rsv prop ed visits,prop_ed,0.0023,NA
2025-03-08,13,Georgia,wk inc rsv prop ed visits,prop_ed,0.0013,NA
2025-03-08,15,Hawaii,wk inc rsv prop ed visits,prop_ed,0.0031,NA
2025-03-08,16,Idaho,wk inc rsv prop ed visits,prop_ed,0.0124,NA
2025-03-08,17,Illinois,wk inc rsv prop ed visits,prop_ed,0.0034,NA
2025-03-08,18,Indiana,wk inc rsv prop ed visits,prop_ed,0.0039,NA
2025-03-08,19,Iowa,wk inc rsv prop ed visits,prop_ed,0.0107,NA
2025-03-08,20,Kansas,wk inc rsv prop ed visits,prop_ed,0.0062,NA
2025-03-08,21,Kentucky,wk inc rsv prop ed visits,prop_ed,0.0028,NA
2025-03-08,22,Louisiana,wk inc rsv prop ed visits,prop_ed,0.0015,NA
2025-03-08,23,Maine,wk inc rsv prop ed visits,prop_ed,0.0053,NA
2025-03-08,24,Maryland,wk inc rsv prop ed visits,prop_ed,0.0012,NA
2025-03-08,25,Massachusetts,wk inc rsv prop ed visits,prop_ed,0.0026,NA
2025-03-08,26,Michigan,wk inc rsv prop ed visits,prop_ed,0.0055,NA
2025-03-08,27,Minnesota,wk inc rsv prop ed visits,prop_ed,0.0094,NA
2025-03-08,28,Mississippi,wk inc rsv prop ed visits,prop_ed,0.0011,NA
2025-03-08,30,Montana,wk inc rsv prop ed visits,prop_ed,0.0161,NA
2025-03-08,31,Nebraska,wk inc rsv prop ed visits,prop_ed,0.0068,NA
2025-03-08,32,Nevada,wk inc rsv prop ed visits,prop_ed,0.0039,NA
2025-03-08,33,New Hampshire,wk inc rsv prop ed visits,prop_ed,0.0047,NA
2025-03-08,34,New Jersey,wk inc rsv prop ed visits,prop_ed,0.0016,NA
2025-03-08,35,New Mexico,wk inc rsv prop ed visits,prop_ed,0.0144,NA
2025-03-08,36,New York,wk inc rsv prop ed visits,prop_ed,0.0016,NA
2025-03-08,37,North Carolina,wk inc rsv prop ed visits,prop_ed,0.0039,NA
2025-03-08,38,North Dakota,wk inc rsv prop ed visits,prop_ed,0.0099,NA
2025-03-08,39,Ohio,wk inc rsv prop ed visits,prop_ed,0.0025,NA
2025-03-08,40,Oklahoma,wk inc rsv prop ed visits,prop_ed,0.0076,NA
2025-03-08,41,Oregon,wk inc rsv prop ed visits,prop_ed,0.0081,NA
2025-03-08,42,Pennsylvania,wk inc rsv prop ed visits,prop_ed,0.0032,NA
2025-03-08,44,Rhode Island,wk inc rsv prop ed visits,prop_ed,0.0026,NA
2025-03-08,45,South Carolina,wk inc rsv prop ed visits,prop_ed,0.0012,NA
2025-03-08,46,South Dakota,wk inc rsv prop ed visits,prop_ed,0.0166,NA
2025-03-08,47,Tennessee,wk inc rsv prop ed visits,prop_ed,0.0025,NA
2025-03-08,48,Texas,wk inc rsv prop ed visits,prop_ed,0.0023,NA
2025-03-08,49,Utah,wk inc rsv prop ed visits,prop_ed,0.0117,NA
2025-03-08,50,Vermont,wk inc rsv prop ed visits,prop_ed,0.0064,NA
2025-03-08,51,Virginia,wk inc rsv prop ed visits,prop_ed,0.0014,NA
2025-03-08,53,Washington,wk inc rsv prop ed visits,prop_ed,0.0059,NA
2025-03-08,54,West Virginia,wk inc rsv prop ed visits,prop_ed,0.0121,NA
2025-03-08,55,Wisconsin,wk inc rsv prop ed visits,prop_ed,0.0077,NA
2025-03-08,56,Wyoming,wk inc rsv prop ed visits,prop_ed,0.0107,NA
2025-03-08,US,United States,wk inc rsv prop ed visits,prop_ed,0.0036,NA
2025-03-15,01,Alabama,wk inc rsv prop ed visits,prop_ed,0.0019,NA
2025-03-15,02,Alaska,wk inc rsv prop ed visits,prop_ed,0.004,NA
2025-03-15,04,Arizona,wk inc rsv prop ed visits,prop_ed,0.0034,NA
2025-03-15,05,Arkansas,wk inc rsv prop ed visits,prop_ed,0.0034,NA
2025-03-15,06,California,wk inc rsv prop ed visits,prop_ed,0.0023,NA
2025-03-15,08,Colorado,wk inc rsv prop ed visits,prop_ed,0.0061,NA
2025-03-15,09,Connecticut,wk inc rsv prop ed visits,prop_ed,8e-4,NA
2025-03-15,10,Delaware,wk inc rsv prop ed visits,prop_ed,0.0024,NA
2025-03-15,11,District of Columbia,wk inc rsv prop ed visits,prop_ed,0.0012,NA
2025-03-15,12,Florida,wk inc rsv prop ed visits,prop_ed,0.0017,NA
2025-03-15,13,Georgia,wk inc rsv prop ed visits,prop_ed,0.0012,NA
2025-03-15,15,Hawaii,wk inc rsv prop ed visits,prop_ed,0.0024,NA
2025-03-15,16,Idaho,wk inc rsv prop ed visits,prop_ed,0.0094,NA
2025-03-15,17,Illinois,wk inc rsv prop ed visits,prop_ed,0.0031,NA
2025-03-15,18,Indiana,wk inc rsv prop ed visits,prop_ed,0.004,NA
2025-03-15,19,Iowa,wk inc rsv prop ed visits,prop_ed,0.0087,NA
2025-03-15,20,Kansas,wk inc rsv prop ed visits,prop_ed,0.0049,NA
2025-03-15,21,Kentucky,wk inc rsv prop ed visits,prop_ed,0.0027,NA
2025-03-15,22,Louisiana,wk inc rsv prop ed visits,prop_ed,0.0018,NA
2025-03-15,23,Maine,wk inc rsv prop ed visits,prop_ed,0.0037,NA
2025-03-15,24,Maryland,wk inc rsv prop ed visits,prop_ed,0.0014,NA
2025-03-15,25,Massachusetts,wk inc rsv prop ed visits,prop_ed,0.0022,NA
2025-03-15,26,Michigan,wk inc rsv prop ed visits,prop_ed,0.0048,NA
2025-03-15,27,Minnesota,wk inc rsv prop ed visits,prop_ed,0.0089,NA
2025-03-15,28,Mississippi,wk inc rsv prop ed visits,prop_ed,0.0014,NA
2025-03-15,30,Montana,wk inc rsv prop ed visits,prop_ed,0.0161,NA
2025-03-15,31,Nebraska,wk inc rsv prop ed visits,prop_ed,0.0049,NA
2025-03-15,32,Nevada,wk inc rsv prop ed visits,prop_ed,0.0034,NA
2025-03-15,33,New Hampshire,wk inc rsv prop ed visits,prop_ed,0.0049,NA
2025-03-15,34,New Jersey,wk inc rsv prop ed visits,prop_ed,0.0012,NA
2025-03-15,35,New Mexico,wk inc rsv prop ed visits,prop_ed,0.0104,NA
2025-03-15,36,New York,wk inc rsv prop ed visits,prop_ed,0.0014,NA
2025-03-15,37,North Carolina,wk inc rsv prop ed visits,prop_ed,0.0036,NA
2025-03-15,38,North Dakota,wk inc rsv prop ed visits,prop_ed,0.0078,NA
2025-03-15,39,Ohio,wk inc rsv prop ed visits,prop_ed,0.0018,NA
2025-03-15,40,Oklahoma,wk inc rsv prop ed visits,prop_ed,0.0051,NA
2025-03-15,41,Oregon,wk inc rsv prop ed visits,prop_ed,0.0063,NA
2025-03-15,42,Pennsylvania,wk inc rsv prop ed visits,prop_ed,0.0026,NA
2025-03-15,44,Rhode Island,wk inc rsv prop ed visits,prop_ed,0.0011,NA
2025-03-15,45,South Carolina,wk inc rsv prop ed visits,prop_ed,0.0014,NA
2025-03-15,46,South Dakota,wk inc rsv prop ed visits,prop_ed,0.0139,NA
2025-03-15,47,Tennessee,wk inc rsv prop ed visits,prop_ed,0.0019,NA
2025-03-15,48,Texas,wk inc rsv prop ed visits,prop_ed,0.0022,NA
2025-03-15,49,Utah,wk inc rsv prop ed visits,prop_ed,0.0084,NA
2025-03-15,50,Vermont,wk inc rsv prop ed visits,prop_ed,0.0036,NA
2025-03-15,51,Virginia,wk inc rsv prop ed visits,prop_ed,0.0014,NA
2025-03-15,53,Washington,wk inc rsv prop ed visits,prop_ed,0.0055,NA
2025-03-15,54,West Virginia,wk inc rsv prop ed visits,prop_ed,0.0116,NA
2025-03-15,55,Wisconsin,wk inc rsv prop ed visits,prop_ed,0.0069,NA
2025-03-15,56,Wyoming,wk inc rsv prop ed visits,prop_ed,0.0075,NA
2025-03-15,US,United States,wk inc rsv prop ed visits,prop_ed,0.0031,NA
2025-03-22,01,Alabama,wk inc rsv prop ed visits,prop_ed,0.0017,NA
2025-03-22,02,Alaska,wk inc rsv prop ed visits,prop_ed,0.0035,NA
2025-03-22,04,Arizona,wk inc rsv prop ed visits,prop_ed,0.0024,NA
2025-03-22,05,Arkansas,wk inc rsv prop ed visits,prop_ed,0.0027,NA
2025-03-22,06,California,wk inc rsv prop ed visits,prop_ed,0.0021,NA
2025-03-22,08,Colorado,wk inc rsv prop ed visits,prop_ed,0.005,NA
2025-03-22,09,Connecticut,wk inc rsv prop ed visits,prop_ed,0.001,NA
2025-03-22,10,Delaware,wk inc rsv prop ed visits,prop_ed,0.0025,NA
2025-03-22,11,District of Columbia,wk inc rsv prop ed visits,prop_ed,0.0019,NA
2025-03-22,12,Florida,wk inc rsv prop ed visits,prop_ed,0.0019,NA
2025-03-22,13,Georgia,wk inc rsv prop ed visits,prop_ed,6e-4,NA
2025-03-22,15,Hawaii,wk inc rsv prop ed visits,prop_ed,0.0016,NA
2025-03-22,16,Idaho,wk inc rsv prop ed visits,prop_ed,0.0076,NA
2025-03-22,17,Illinois,wk inc rsv prop ed visits,prop_ed,0.0026,NA
2025-03-22,18,Indiana,wk inc rsv prop ed visits,prop_ed,0.0032,NA
2025-03-22,19,Iowa,wk inc rsv prop ed visits,prop_ed,0.0076,NA
2025-03-22,20,Kansas,wk inc rsv prop ed visits,prop_ed,0.0048,NA
2025-03-22,21,Kentucky,wk inc rsv prop ed visits,prop_ed,0.0029,NA
2025-03-22,22,Louisiana,wk inc rsv prop ed visits,prop_ed,0.0011,NA
2025-03-22,23,Maine,wk inc rsv prop ed visits,prop_ed,0.0042,NA
2025-03-22,24,Maryland,wk inc rsv prop ed visits,prop_ed,9e-4,NA
2025-03-22,25,Massachusetts,wk inc rsv prop ed visits,prop_ed,0.002,NA
2025-03-22,26,Michigan,wk inc rsv prop ed visits,prop_ed,0.0038,NA
2025-03-22,27,Minnesota,wk inc rsv prop ed visits,prop_ed,0.0072,NA
2025-03-22,28,Mississippi,wk inc rsv prop ed visits,prop_ed,9e-4,NA
2025-03-22,30,Montana,wk inc rsv prop ed visits,prop_ed,0.0106,NA
2025-03-22,31,Nebraska,wk inc rsv prop ed visits,prop_ed,0.005,NA
2025-03-22,32,Nevada,wk inc rsv prop ed visits,prop_ed,0.0022,NA
2025-03-22,33,New Hampshire,wk inc rsv prop ed visits,prop_ed,0.0028,NA
2025-03-22,34,New Jersey,wk inc rsv prop ed visits,prop_ed,0.0015,NA
2025-03-22,35,New Mexico,wk inc rsv prop ed visits,prop_ed,0.0081,NA
2025-03-22,36,New York,wk inc rsv prop ed visits,prop_ed,0.0012,NA
2025-03-22,37,North Carolina,wk inc rsv prop ed visits,prop_ed,0.0033,NA
2025-03-22,38,North Dakota,wk inc rsv prop ed visits,prop_ed,0.0074,NA
2025-03-22,39,Ohio,wk inc rsv prop ed visits,prop_ed,0.0015,NA
2025-03-22,40,Oklahoma,wk inc rsv prop ed visits,prop_ed,0.0042,NA
2025-03-22,41,Oregon,wk inc rsv prop ed visits,prop_ed,0.0055,NA
2025-03-22,42,Pennsylvania,wk inc rsv prop ed visits,prop_ed,0.0021,NA
2025-03-22,44,Rhode Island,wk inc rsv prop ed visits,prop_ed,0.0012,NA
2025-03-22,45,South Carolina,wk inc rsv prop ed visits,prop_ed,9e-4,NA
2025-03-22,46,South Dakota,wk inc rsv prop ed visits,prop_ed,0.0137,NA
2025-03-22,47,Tennessee,wk inc rsv prop ed visits,prop_ed,0.0019,NA
2025-03-22,48,Texas,wk inc rsv prop ed visits,prop_ed,0.0016,NA
2025-03-22,49,Utah,wk inc rsv prop ed visits,prop_ed,0.0084,NA
2025-03-22,50,Vermont,wk inc rsv prop ed visits,prop_ed,0.0044,NA
2025-03-22,51,Virginia,wk inc rsv prop ed visits,prop_ed,0.0012,NA
2025-03-22,53,Washington,wk inc rsv prop ed visits,prop_ed,0.0042,NA
2025-03-22,54,West Virginia,wk inc rsv prop ed visits,prop_ed,0.0094,NA
2025-03-22,55,Wisconsin,wk inc rsv prop ed visits,prop_ed,0.0049,NA
2025-03-22,56,Wyoming,wk inc rsv prop ed visits,prop_ed,0.0095,NA
2025-03-22,US,United States,wk inc rsv prop ed visits,prop_ed,0.0026,NA
2025-03-29,01,Alabama,wk inc rsv prop ed visits,prop_ed,0.0012,NA
2025-03-29,02,Alaska,wk inc rsv prop ed visits,prop_ed,0.0015,NA
2025-03-29,04,Arizona,wk inc rsv prop ed visits,prop_ed,0.0017,NA
2025-03-29,05,Arkansas,wk inc rsv prop ed visits,prop_ed,0.0025,NA
2025-03-29,06,California,wk inc rsv prop ed visits,prop_ed,0.0017,NA
2025-03-29,08,Colorado,wk inc rsv prop ed visits,prop_ed,0.0043,NA
2025-03-29,09,Connecticut,wk inc rsv prop ed visits,prop_ed,6e-4,NA
2025-03-29,10,Delaware,wk inc rsv prop ed visits,prop_ed,0.0015,NA
2025-03-29,11,District of Columbia,wk inc rsv prop ed visits,prop_ed,8e-4,NA
2025-03-29,12,Florida,wk inc rsv prop ed visits,prop_ed,0.0014,NA
2025-03-29,13,Georgia,wk inc rsv prop ed visits,prop_ed,6e-4,NA
2025-03-29,15,Hawaii,wk inc rsv prop ed visits,prop_ed,0.0013,NA
2025-03-29,16,Idaho,wk inc rsv prop ed visits,prop_ed,0.0051,NA
2025-03-29,17,Illinois,wk inc rsv prop ed visits,prop_ed,0.0022,NA
2025-03-29,18,Indiana,wk inc rsv prop ed visits,prop_ed,0.0022,NA
2025-03-29,19,Iowa,wk inc rsv prop ed visits,prop_ed,0.005,NA
2025-03-29,20,Kansas,wk inc rsv prop ed visits,prop_ed,0.0035,NA
2025-03-29,21,Kentucky,wk inc rsv prop ed visits,prop_ed,0.0029,NA
2025-03-29,22,Louisiana,wk inc rsv prop ed visits,prop_ed,0.001,NA
2025-03-29,23,Maine,wk inc rsv prop ed visits,prop_ed,0.0041,NA
2025-03-29,24,Maryland,wk inc rsv prop ed visits,prop_ed,0.0011,NA
2025-03-29,25,Massachusetts,wk inc rsv prop ed visits,prop_ed,0.0016,NA
2025-03-29,26,Michigan,wk inc rsv prop ed visits,prop_ed,0.0034,NA
2025-03-29,27,Minnesota,wk inc rsv prop ed visits,prop_ed,0.0054,NA
2025-03-29,28,Mississippi,wk inc rsv prop ed visits,prop_ed,7e-4,NA
2025-03-29,30,Montana,wk inc rsv prop ed visits,prop_ed,0.0136,NA
2025-03-29,31,Nebraska,wk inc rsv prop ed visits,prop_ed,0.0032,NA
2025-03-29,32,Nevada,wk inc rsv prop ed visits,prop_ed,0.0018,NA
2025-03-29,33,New Hampshire,wk inc rsv prop ed visits,prop_ed,0.0012,NA
2025-03-29,34,New Jersey,wk inc rsv prop ed visits,prop_ed,0.0011,NA
2025-03-29,35,New Mexico,wk inc rsv prop ed visits,prop_ed,0.0048,NA
2025-03-29,36,New York,wk inc rsv prop ed visits,prop_ed,0.0011,NA
2025-03-29,37,North Carolina,wk inc rsv prop ed visits,prop_ed,0.0026,NA
2025-03-29,38,North Dakota,wk inc rsv prop ed visits,prop_ed,0.006,NA
2025-03-29,39,Ohio,wk inc rsv prop ed visits,prop_ed,0.0012,NA
2025-03-29,40,Oklahoma,wk inc rsv prop ed visits,prop_ed,0.0027,NA
2025-03-29,41,Oregon,wk inc rsv prop ed visits,prop_ed,0.0043,NA
2025-03-29,42,Pennsylvania,wk inc rsv prop ed visits,prop_ed,0.0018,NA
2025-03-29,44,Rhode Island,wk inc rsv prop ed visits,prop_ed,0.0013,NA
2025-03-29,45,South Carolina,wk inc rsv prop ed visits,prop_ed,7e-4,NA
2025-03-29,46,South Dakota,wk inc rsv prop ed visits,prop_ed,0.0095,NA
2025-03-29,47,Tennessee,wk inc rsv prop ed visits,prop_ed,0.0011,NA
2025-03-29,48,Texas,wk inc rsv prop ed visits,prop_ed,0.0012,NA
2025-03-29,49,Utah,wk inc rsv prop ed visits,prop_ed,0.0048,NA
2025-03-29,50,Vermont,wk inc rsv prop ed visits,prop_ed,0.0041,NA
2025-03-29,51,Virginia,wk inc rsv prop ed visits,prop_ed,0.0013,NA
2025-03-29,53,Washington,wk inc rsv prop ed visits,prop_ed,0.0037,NA
2025-03-29,54,West Virginia,wk inc rsv prop ed visits,prop_ed,0.0089,NA
2025-03-29,55,Wisconsin,wk inc rsv prop ed visits,prop_ed,0.0041,NA
2025-03-29,56,Wyoming,wk inc rsv prop ed visits,prop_ed,0.0099,NA
2025-03-29,US,United States,wk inc rsv prop ed visits,prop_ed,0.0021,NA
2025-04-05,01,Alabama,wk inc rsv prop ed visits,prop_ed,0.001,NA
2025-04-05,02,Alaska,wk inc rsv prop ed visits,prop_ed,0.0022,NA
2025-04-05,04,Arizona,wk inc rsv prop ed visits,prop_ed,0.0013,NA
2025-04-05,05,Arkansas,wk inc rsv prop ed visits,prop_ed,0.0014,NA
2025-04-05,06,California,wk inc rsv prop ed visits,prop_ed,0.0013,NA
2025-04-05,08,Colorado,wk inc rsv prop ed visits,prop_ed,0.0028,NA
2025-04-05,09,Connecticut,wk inc rsv prop ed visits,prop_ed,7e-4,NA
2025-04-05,10,Delaware,wk inc rsv prop ed visits,prop_ed,0.0014,NA
2025-04-05,11,District of Columbia,wk inc rsv prop ed visits,prop_ed,1e-4,NA
2025-04-05,12,Florida,wk inc rsv prop ed visits,prop_ed,0.0012,NA
2025-04-05,13,Georgia,wk inc rsv prop ed visits,prop_ed,7e-4,NA
2025-04-05,15,Hawaii,wk inc rsv prop ed visits,prop_ed,0.0012,NA
2025-04-05,16,Idaho,wk inc rsv prop ed visits,prop_ed,0.0043,NA
2025-04-05,17,Illinois,wk inc rsv prop ed visits,prop_ed,0.002,NA
2025-04-05,18,Indiana,wk inc rsv prop ed visits,prop_ed,0.0021,NA
2025-04-05,19,Iowa,wk inc rsv prop ed visits,prop_ed,0.0037,NA
2025-04-05,20,Kansas,wk inc rsv prop ed visits,prop_ed,0.0026,NA
2025-04-05,21,Kentucky,wk inc rsv prop ed visits,prop_ed,0.0023,NA
2025-04-05,22,Louisiana,wk inc rsv prop ed visits,prop_ed,8e-4,NA
2025-04-05,23,Maine,wk inc rsv prop ed visits,prop_ed,0.0024,NA
2025-04-05,24,Maryland,wk inc rsv prop ed visits,prop_ed,8e-4,NA
2025-04-05,25,Massachusetts,wk inc rsv prop ed visits,prop_ed,0.0013,NA
2025-04-05,26,Michigan,wk inc rsv prop ed visits,prop_ed,0.003,NA
2025-04-05,27,Minnesota,wk inc rsv prop ed visits,prop_ed,0.0037,NA
2025-04-05,28,Mississippi,wk inc rsv prop ed visits,prop_ed,0.0012,NA
2025-04-05,30,Montana,wk inc rsv prop ed visits,prop_ed,0.0081,NA
2025-04-05,31,Nebraska,wk inc rsv prop ed visits,prop_ed,0.003,NA
2025-04-05,32,Nevada,wk inc rsv prop ed visits,prop_ed,0.0014,NA
2025-04-05,33,New Hampshire,wk inc rsv prop ed visits,prop_ed,0.0023,NA
2025-04-05,34,New Jersey,wk inc rsv prop ed visits,prop_ed,9e-4,NA
2025-04-05,35,New Mexico,wk inc rsv prop ed visits,prop_ed,0.0034,NA
2025-04-05,36,New York,wk inc rsv prop ed visits,prop_ed,9e-4,NA
2025-04-05,37,North Carolina,wk inc rsv prop ed visits,prop_ed,0.002,NA
2025-04-05,38,North Dakota,wk inc rsv prop ed visits,prop_ed,0.0053,NA
2025-04-05,39,Ohio,wk inc rsv prop ed visits,prop_ed,0.0015,NA
2025-04-05,40,Oklahoma,wk inc rsv prop ed visits,prop_ed,0.0023,NA
2025-04-05,41,Oregon,wk inc rsv prop ed visits,prop_ed,0.003,NA
2025-04-05,42,Pennsylvania,wk inc rsv prop ed visits,prop_ed,0.0015,NA
2025-04-05,44,Rhode Island,wk inc rsv prop ed visits,prop_ed,0.0012,NA
2025-04-05,45,South Carolina,wk inc rsv prop ed visits,prop_ed,0.0012,NA
2025-04-05,46,South Dakota,wk inc rsv prop ed visits,prop_ed,0.0071,NA
2025-04-05,47,Tennessee,wk inc rsv prop ed visits,prop_ed,0.0011,NA
2025-04-05,48,Texas,wk inc rsv prop ed visits,prop_ed,0.0011,NA
2025-04-05,49,Utah,wk inc rsv prop ed visits,prop_ed,0.0035,NA
2025-04-05,50,Vermont,wk inc rsv prop ed visits,prop_ed,0.0041,NA
2025-04-05,51,Virginia,wk inc rsv prop ed visits,prop_ed,0.0011,NA
2025-04-05,53,Washington,wk inc rsv prop ed visits,prop_ed,0.0026,NA
2025-04-05,54,West Virginia,wk inc rsv prop ed visits,prop_ed,0.0069,NA
2025-04-05,55,Wisconsin,wk inc rsv prop ed visits,prop_ed,0.0035,NA
2025-04-05,56,Wyoming,wk inc rsv prop ed visits,prop_ed,0.0067,NA
2025-04-05,US,United States,wk inc rsv prop ed visits,prop_ed,0.0017,NA
2025-04-12,01,Alabama,wk inc rsv prop ed visits,prop_ed,0.0011,NA
2025-04-12,02,Alaska,wk inc rsv prop ed visits,prop_ed,0.0016,NA
2025-04-12,04,Arizona,wk inc rsv prop ed visits,prop_ed,0.0013,NA
2025-04-12,05,Arkansas,wk inc rsv prop ed visits,prop_ed,0.0013,NA
2025-04-12,06,California,wk inc rsv prop ed visits,prop_ed,0.001,NA
2025-04-12,08,Colorado,wk inc rsv prop ed visits,prop_ed,0.0026,NA
2025-04-12,09,Connecticut,wk inc rsv prop ed visits,prop_ed,5e-4,NA
2025-04-12,10,Delaware,wk inc rsv prop ed visits,prop_ed,7e-4,NA
2025-04-12,11,District of Columbia,wk inc rsv prop ed visits,prop_ed,9e-4,NA
2025-04-12,12,Florida,wk inc rsv prop ed visits,prop_ed,0.0011,NA
2025-04-12,13,Georgia,wk inc rsv prop ed visits,prop_ed,7e-4,NA
2025-04-12,15,Hawaii,wk inc rsv prop ed visits,prop_ed,0.0015,NA
2025-04-12,16,Idaho,wk inc rsv prop ed visits,prop_ed,0.0026,NA
2025-04-12,17,Illinois,wk inc rsv prop ed visits,prop_ed,0.0015,NA
2025-04-12,18,Indiana,wk inc rsv prop ed visits,prop_ed,0.0016,NA
2025-04-12,19,Iowa,wk inc rsv prop ed visits,prop_ed,0.0037,NA
2025-04-12,20,Kansas,wk inc rsv prop ed visits,prop_ed,0.0024,NA
2025-04-12,21,Kentucky,wk inc rsv prop ed visits,prop_ed,0.0021,NA
2025-04-12,22,Louisiana,wk inc rsv prop ed visits,prop_ed,9e-4,NA
2025-04-12,23,Maine,wk inc rsv prop ed visits,prop_ed,0.002,NA
2025-04-12,24,Maryland,wk inc rsv prop ed visits,prop_ed,6e-4,NA
2025-04-12,25,Massachusetts,wk inc rsv prop ed visits,prop_ed,9e-4,NA
2025-04-12,26,Michigan,wk inc rsv prop ed visits,prop_ed,0.002,NA
2025-04-12,27,Minnesota,wk inc rsv prop ed visits,prop_ed,0.0024,NA
2025-04-12,28,Mississippi,wk inc rsv prop ed visits,prop_ed,7e-4,NA
2025-04-12,30,Montana,wk inc rsv prop ed visits,prop_ed,0.0038,NA
2025-04-12,31,Nebraska,wk inc rsv prop ed visits,prop_ed,0.0019,NA
2025-04-12,32,Nevada,wk inc rsv prop ed visits,prop_ed,8e-4,NA
2025-04-12,33,New Hampshire,wk inc rsv prop ed visits,prop_ed,0.0023,NA
2025-04-12,34,New Jersey,wk inc rsv prop ed visits,prop_ed,8e-4,NA
2025-04-12,35,New Mexico,wk inc rsv prop ed visits,prop_ed,0.0027,NA
2025-04-12,36,New York,wk inc rsv prop ed visits,prop_ed,9e-4,NA
2025-04-12,37,North Carolina,wk inc rsv prop ed visits,prop_ed,0.0018,NA
2025-04-12,38,North Dakota,wk inc rsv prop ed visits,prop_ed,0.0038,NA
2025-04-12,39,Ohio,wk inc rsv prop ed visits,prop_ed,0.001,NA
2025-04-12,40,Oklahoma,wk inc rsv prop ed visits,prop_ed,0.0011,NA
2025-04-12,41,Oregon,wk inc rsv prop ed visits,prop_ed,0.0024,NA
2025-04-12,42,Pennsylvania,wk inc rsv prop ed visits,prop_ed,0.0013,NA
2025-04-12,44,Rhode Island,wk inc rsv prop ed visits,prop_ed,4e-4,NA
2025-04-12,45,South Carolina,wk inc rsv prop ed visits,prop_ed,9e-4,NA
2025-04-12,46,South Dakota,wk inc rsv prop ed visits,prop_ed,0.0057,NA
2025-04-12,47,Tennessee,wk inc rsv prop ed visits,prop_ed,0.001,NA
2025-04-12,48,Texas,wk inc rsv prop ed visits,prop_ed,0.001,NA
2025-04-12,49,Utah,wk inc rsv prop ed visits,prop_ed,0.0019,NA
2025-04-12,50,Vermont,wk inc rsv prop ed visits,prop_ed,0.0023,NA
2025-04-12,51,Virginia,wk inc rsv prop ed visits,prop_ed,0.001,NA
2025-04-12,53,Washington,wk inc rsv prop ed visits,prop_ed,0.0019,NA
2025-04-12,54,West Virginia,wk inc rsv prop ed visits,prop_ed,0.0069,NA
2025-04-12,55,Wisconsin,wk inc rsv prop ed visits,prop_ed,0.0028,NA
2025-04-12,56,Wyoming,wk inc rsv prop ed visits,prop_ed,0.0047,NA
2025-04-12,US,United States,wk inc rsv prop ed visits,prop_ed,0.0014,NA
2025-04-19,01,Alabama,wk inc rsv prop ed visits,prop_ed,0.001,NA
2025-04-19,02,Alaska,wk inc rsv prop ed visits,prop_ed,0.0019,NA
2025-04-19,04,Arizona,wk inc rsv prop ed visits,prop_ed,6e-4,NA
2025-04-19,05,Arkansas,wk inc rsv prop ed visits,prop_ed,6e-4,NA
2025-04-19,06,California,wk inc rsv prop ed visits,prop_ed,6e-4,NA
2025-04-19,08,Colorado,wk inc rsv prop ed visits,prop_ed,0.002,NA
2025-04-19,09,Connecticut,wk inc rsv prop ed visits,prop_ed,5e-4,NA
2025-04-19,10,Delaware,wk inc rsv prop ed visits,prop_ed,0.0017,NA
2025-04-19,11,District of Columbia,wk inc rsv prop ed visits,prop_ed,1e-4,NA
2025-04-19,12,Florida,wk inc rsv prop ed visits,prop_ed,9e-4,NA
2025-04-19,13,Georgia,wk inc rsv prop ed visits,prop_ed,4e-4,NA
2025-04-19,15,Hawaii,wk inc rsv prop ed visits,prop_ed,0.0012,NA
2025-04-19,16,Idaho,wk inc rsv prop ed visits,prop_ed,0.0016,NA
2025-04-19,17,Illinois,wk inc rsv prop ed visits,prop_ed,0.0013,NA
2025-04-19,18,Indiana,wk inc rsv prop ed visits,prop_ed,8e-4,NA
2025-04-19,19,Iowa,wk inc rsv prop ed visits,prop_ed,0.0025,NA
2025-04-19,20,Kansas,wk inc rsv prop ed visits,prop_ed,0.001,NA
2025-04-19,21,Kentucky,wk inc rsv prop ed visits,prop_ed,0.002,NA
2025-04-19,22,Louisiana,wk inc rsv prop ed visits,prop_ed,6e-4,NA
2025-04-19,23,Maine,wk inc rsv prop ed visits,prop_ed,0.0017,NA
2025-04-19,24,Maryland,wk inc rsv prop ed visits,prop_ed,7e-4,NA
2025-04-19,25,Massachusetts,wk inc rsv prop ed visits,prop_ed,0.0011,NA
2025-04-19,26,Michigan,wk inc rsv prop ed visits,prop_ed,0.0021,NA
2025-04-19,27,Minnesota,wk inc rsv prop ed visits,prop_ed,0.0019,NA
2025-04-19,28,Mississippi,wk inc rsv prop ed visits,prop_ed,7e-4,NA
2025-04-19,30,Montana,wk inc rsv prop ed visits,prop_ed,0.0034,NA
2025-04-19,31,Nebraska,wk inc rsv prop ed visits,prop_ed,0.0013,NA
2025-04-19,32,Nevada,wk inc rsv prop ed visits,prop_ed,8e-4,NA
2025-04-19,33,New Hampshire,wk inc rsv prop ed visits,prop_ed,0.0019,NA
2025-04-19,34,New Jersey,wk inc rsv prop ed visits,prop_ed,5e-4,NA
2025-04-19,35,New Mexico,wk inc rsv prop ed visits,prop_ed,0.0019,NA
2025-04-19,36,New York,wk inc rsv prop ed visits,prop_ed,5e-4,NA
2025-04-19,37,North Carolina,wk inc rsv prop ed visits,prop_ed,0.0014,NA
2025-04-19,38,North Dakota,wk inc rsv prop ed visits,prop_ed,0.0012,NA
2025-04-19,39,Ohio,wk inc rsv prop ed visits,prop_ed,7e-4,NA
2025-04-19,40,Oklahoma,wk inc rsv prop ed visits,prop_ed,0.001,NA
2025-04-19,41,Oregon,wk inc rsv prop ed visits,prop_ed,0.0011,NA
2025-04-19,42,Pennsylvania,wk inc rsv prop ed visits,prop_ed,8e-4,NA
2025-04-19,44,Rhode Island,wk inc rsv prop ed visits,prop_ed,5e-4,NA
2025-04-19,45,South Carolina,wk inc rsv prop ed visits,prop_ed,8e-4,NA
2025-04-19,46,South Dakota,wk inc rsv prop ed visits,prop_ed,0.0039,NA
2025-04-19,47,Tennessee,wk inc rsv prop ed visits,prop_ed,0.001,NA
2025-04-19,48,Texas,wk inc rsv prop ed visits,prop_ed,7e-4,NA
2025-04-19,49,Utah,wk inc rsv prop ed visits,prop_ed,0.0014,NA
2025-04-19,50,Vermont,wk inc rsv prop ed visits,prop_ed,0.0015,NA
2025-04-19,51,Virginia,wk inc rsv prop ed visits,prop_ed,0.001,NA
2025-04-19,53,Washington,wk inc rsv prop ed visits,prop_ed,0.0014,NA
2025-04-19,54,West Virginia,wk inc rsv prop ed visits,prop_ed,0.0058,NA
2025-04-19,55,Wisconsin,wk inc rsv prop ed visits,prop_ed,0.002,NA
2025-04-19,56,Wyoming,wk inc rsv prop ed visits,prop_ed,0.0037,NA
2025-04-19,US,United States,wk inc rsv prop ed visits,prop_ed,0.0011,NA
2025-04-26,01,Alabama,wk inc rsv prop ed visits,prop_ed,0.0011,NA
2025-04-26,02,Alaska,wk inc rsv prop ed visits,prop_ed,8e-4,NA
2025-04-26,04,Arizona,wk inc rsv prop ed visits,prop_ed,5e-4,NA
2025-04-26,05,Arkansas,wk inc rsv prop ed visits,prop_ed,6e-4,NA
2025-04-26,06,California,wk inc rsv prop ed visits,prop_ed,6e-4,NA
2025-04-26,08,Colorado,wk inc rsv prop ed visits,prop_ed,0.001,NA
2025-04-26,09,Connecticut,wk inc rsv prop ed visits,prop_ed,3e-4,NA
2025-04-26,10,Delaware,wk inc rsv prop ed visits,prop_ed,0.0011,NA
2025-04-26,11,District of Columbia,wk inc rsv prop ed visits,prop_ed,4e-4,NA
2025-04-26,12,Florida,wk inc rsv prop ed visits,prop_ed,0.001,NA
2025-04-26,13,Georgia,wk inc rsv prop ed visits,prop_ed,4e-4,NA
2025-04-26,15,Hawaii,wk inc rsv prop ed visits,prop_ed,0.0014,NA
2025-04-26,16,Idaho,wk inc rsv prop ed visits,prop_ed,0.0012,NA
2025-04-26,17,Illinois,wk inc rsv prop ed visits,prop_ed,9e-4,NA
2025-04-26,18,Indiana,wk inc rsv prop ed visits,prop_ed,5e-4,NA
2025-04-26,19,Iowa,wk inc rsv prop ed visits,prop_ed,0.0019,NA
2025-04-26,20,Kansas,wk inc rsv prop ed visits,prop_ed,0.0012,NA
2025-04-26,21,Kentucky,wk inc rsv prop ed visits,prop_ed,0.0012,NA
2025-04-26,22,Louisiana,wk inc rsv prop ed visits,prop_ed,5e-4,NA
2025-04-26,23,Maine,wk inc rsv prop ed visits,prop_ed,0.0016,NA
2025-04-26,24,Maryland,wk inc rsv prop ed visits,prop_ed,6e-4,NA
2025-04-26,25,Massachusetts,wk inc rsv prop ed visits,prop_ed,9e-4,NA
2025-04-26,26,Michigan,wk inc rsv prop ed visits,prop_ed,0.0015,NA
2025-04-26,27,Minnesota,wk inc rsv prop ed visits,prop_ed,0.0016,NA
2025-04-26,28,Mississippi,wk inc rsv prop ed visits,prop_ed,3e-4,NA
2025-04-26,30,Montana,wk inc rsv prop ed visits,prop_ed,0.0041,NA
2025-04-26,31,Nebraska,wk inc rsv prop ed visits,prop_ed,0.0011,NA
2025-04-26,32,Nevada,wk inc rsv prop ed visits,prop_ed,7e-4,NA
2025-04-26,33,New Hampshire,wk inc rsv prop ed visits,prop_ed,0.001,NA
2025-04-26,34,New Jersey,wk inc rsv prop ed visits,prop_ed,5e-4,NA
2025-04-26,35,New Mexico,wk inc rsv prop ed visits,prop_ed,0.0014,NA
2025-04-26,36,New York,wk inc rsv prop ed visits,prop_ed,4e-4,NA
2025-04-26,37,North Carolina,wk inc rsv prop ed visits,prop_ed,0.0011,NA
2025-04-26,38,North Dakota,wk inc rsv prop ed visits,prop_ed,0.0013,NA
2025-04-26,39,Ohio,wk inc rsv prop ed visits,prop_ed,6e-4,NA
2025-04-26,40,Oklahoma,wk inc rsv prop ed visits,prop_ed,9e-4,NA
2025-04-26,41,Oregon,wk inc rsv prop ed visits,prop_ed,0.0011,NA
2025-04-26,42,Pennsylvania,wk inc rsv prop ed visits,prop_ed,6e-4,NA
2025-04-26,44,Rhode Island,wk inc rsv prop ed visits,prop_ed,3e-4,NA
2025-04-26,45,South Carolina,wk inc rsv prop ed visits,prop_ed,8e-4,NA
2025-04-26,46,South Dakota,wk inc rsv prop ed visits,prop_ed,0.0046,NA
2025-04-26,47,Tennessee,wk inc rsv prop ed visits,prop_ed,7e-4,NA
2025-04-26,48,Texas,wk inc rsv prop ed visits,prop_ed,6e-4,NA
2025-04-26,49,Utah,wk inc rsv prop ed visits,prop_ed,9e-4,NA
2025-04-26,50,Vermont,wk inc rsv prop ed visits,prop_ed,0.0023,NA
2025-04-26,51,Virginia,wk inc rsv prop ed visits,prop_ed,8e-4,NA
2025-04-26,53,Washington,wk inc rsv prop ed visits,prop_ed,0.001,NA
2025-04-26,54,West Virginia,wk inc rsv prop ed visits,prop_ed,0.0043,NA
2025-04-26,55,Wisconsin,wk inc rsv prop ed visits,prop_ed,0.0014,NA
2025-04-26,56,Wyoming,wk inc rsv prop ed visits,prop_ed,0.0018,NA
2025-04-26,US,United States,wk inc rsv prop ed visits,prop_ed,9e-4,NA
2025-05-03,01,Alabama,wk inc rsv prop ed visits,prop_ed,9e-4,NA
2025-05-03,02,Alaska,wk inc rsv prop ed visits,prop_ed,0.001,NA
2025-05-03,04,Arizona,wk inc rsv prop ed visits,prop_ed,5e-4,NA
2025-05-03,05,Arkansas,wk inc rsv prop ed visits,prop_ed,9e-4,NA
2025-05-03,06,California,wk inc rsv prop ed visits,prop_ed,5e-4,NA
2025-05-03,08,Colorado,wk inc rsv prop ed visits,prop_ed,0.0011,NA
2025-05-03,09,Connecticut,wk inc rsv prop ed visits,prop_ed,5e-4,NA
2025-05-03,10,Delaware,wk inc rsv prop ed visits,prop_ed,5e-4,NA
2025-05-03,11,District of Columbia,wk inc rsv prop ed visits,prop_ed,3e-4,NA
2025-05-03,12,Florida,wk inc rsv prop ed visits,prop_ed,8e-4,NA
2025-05-03,13,Georgia,wk inc rsv prop ed visits,prop_ed,5e-4,NA
2025-05-03,15,Hawaii,wk inc rsv prop ed visits,prop_ed,0.0012,NA
2025-05-03,16,Idaho,wk inc rsv prop ed visits,prop_ed,9e-4,NA
2025-05-03,17,Illinois,wk inc rsv prop ed visits,prop_ed,7e-4,NA
2025-05-03,18,Indiana,wk inc rsv prop ed visits,prop_ed,9e-4,NA
2025-05-03,19,Iowa,wk inc rsv prop ed visits,prop_ed,0.0014,NA
2025-05-03,20,Kansas,wk inc rsv prop ed visits,prop_ed,7e-4,NA
2025-05-03,21,Kentucky,wk inc rsv prop ed visits,prop_ed,0.0014,NA
2025-05-03,22,Louisiana,wk inc rsv prop ed visits,prop_ed,5e-4,NA
2025-05-03,23,Maine,wk inc rsv prop ed visits,prop_ed,9e-4,NA
2025-05-03,24,Maryland,wk inc rsv prop ed visits,prop_ed,3e-4,NA
2025-05-03,25,Massachusetts,wk inc rsv prop ed visits,prop_ed,5e-4,NA
2025-05-03,26,Michigan,wk inc rsv prop ed visits,prop_ed,9e-4,NA
2025-05-03,27,Minnesota,wk inc rsv prop ed visits,prop_ed,0.001,NA
2025-05-03,28,Mississippi,wk inc rsv prop ed visits,prop_ed,3e-4,NA
2025-05-03,30,Montana,wk inc rsv prop ed visits,prop_ed,0.0023,NA
2025-05-03,31,Nebraska,wk inc rsv prop ed visits,prop_ed,8e-4,NA
2025-05-03,32,Nevada,wk inc rsv prop ed visits,prop_ed,6e-4,NA
2025-05-03,33,New Hampshire,wk inc rsv prop ed visits,prop_ed,8e-4,NA
2025-05-03,34,New Jersey,wk inc rsv prop ed visits,prop_ed,3e-4,NA
2025-05-03,35,New Mexico,wk inc rsv prop ed visits,prop_ed,0.001,NA
2025-05-03,36,New York,wk inc rsv prop ed visits,prop_ed,3e-4,NA
2025-05-03,37,North Carolina,wk inc rsv prop ed visits,prop_ed,0.001,NA
2025-05-03,38,North Dakota,wk inc rsv prop ed visits,prop_ed,0.001,NA
2025-05-03,39,Ohio,wk inc rsv prop ed visits,prop_ed,4e-4,NA
2025-05-03,40,Oklahoma,wk inc rsv prop ed visits,prop_ed,7e-4,NA
2025-05-03,41,Oregon,wk inc rsv prop ed visits,prop_ed,8e-4,NA
2025-05-03,42,Pennsylvania,wk inc rsv prop ed visits,prop_ed,5e-4,NA
2025-05-03,44,Rhode Island,wk inc rsv prop ed visits,prop_ed,3e-4,NA
2025-05-03,45,South Carolina,wk inc rsv prop ed visits,prop_ed,5e-4,NA
2025-05-03,46,South Dakota,wk inc rsv prop ed visits,prop_ed,0.0018,NA
2025-05-03,47,Tennessee,wk inc rsv prop ed visits,prop_ed,6e-4,NA
2025-05-03,48,Texas,wk inc rsv prop ed visits,prop_ed,5e-4,NA
2025-05-03,49,Utah,wk inc rsv prop ed visits,prop_ed,0.0011,NA
2025-05-03,50,Vermont,wk inc rsv prop ed visits,prop_ed,5e-4,NA
2025-05-03,51,Virginia,wk inc rsv prop ed visits,prop_ed,6e-4,NA
2025-05-03,53,Washington,wk inc rsv prop ed visits,prop_ed,0.0011,NA
2025-05-03,54,West Virginia,wk inc rsv prop ed visits,prop_ed,0.0032,NA
2025-05-03,55,Wisconsin,wk inc rsv prop ed visits,prop_ed,0.0011,NA
2025-05-03,56,Wyoming,wk inc rsv prop ed visits,prop_ed,0.002,NA
2025-05-03,US,United States,wk inc rsv prop ed visits,prop_ed,7e-4,NA
2025-05-10,01,Alabama,wk inc rsv prop ed visits,prop_ed,8e-4,NA
2025-05-10,02,Alaska,wk inc rsv prop ed visits,prop_ed,7e-4,NA
2025-05-10,04,Arizona,wk inc rsv prop ed visits,prop_ed,3e-4,NA
2025-05-10,05,Arkansas,wk inc rsv prop ed visits,prop_ed,6e-4,NA
2025-05-10,06,California,wk inc rsv prop ed visits,prop_ed,3e-4,NA
2025-05-10,08,Colorado,wk inc rsv prop ed visits,prop_ed,7e-4,NA
2025-05-10,09,Connecticut,wk inc rsv prop ed visits,prop_ed,2e-4,NA
2025-05-10,10,Delaware,wk inc rsv prop ed visits,prop_ed,3e-4,NA
2025-05-10,11,District of Columbia,wk inc rsv prop ed visits,prop_ed,1e-4,NA
2025-05-10,12,Florida,wk inc rsv prop ed visits,prop_ed,6e-4,NA
2025-05-10,13,Georgia,wk inc rsv prop ed visits,prop_ed,2e-4,NA
2025-05-10,15,Hawaii,wk inc rsv prop ed visits,prop_ed,0.0016,NA
2025-05-10,16,Idaho,wk inc rsv prop ed visits,prop_ed,7e-4,NA
2025-05-10,17,Illinois,wk inc rsv prop ed visits,prop_ed,4e-4,NA
2025-05-10,18,Indiana,wk inc rsv prop ed visits,prop_ed,5e-4,NA
2025-05-10,19,Iowa,wk inc rsv prop ed visits,prop_ed,0.0011,NA
2025-05-10,20,Kansas,wk inc rsv prop ed visits,prop_ed,5e-4,NA
2025-05-10,21,Kentucky,wk inc rsv prop ed visits,prop_ed,0.0013,NA
2025-05-10,22,Louisiana,wk inc rsv prop ed visits,prop_ed,5e-4,NA
2025-05-10,23,Maine,wk inc rsv prop ed visits,prop_ed,8e-4,NA
2025-05-10,24,Maryland,wk inc rsv prop ed visits,prop_ed,4e-4,NA
2025-05-10,25,Massachusetts,wk inc rsv prop ed visits,prop_ed,3e-4,NA
2025-05-10,26,Michigan,wk inc rsv prop ed visits,prop_ed,6e-4,NA
2025-05-10,27,Minnesota,wk inc rsv prop ed visits,prop_ed,8e-4,NA
2025-05-10,28,Mississippi,wk inc rsv prop ed visits,prop_ed,3e-4,NA
2025-05-10,30,Montana,wk inc rsv prop ed visits,prop_ed,0.0015,NA
2025-05-10,31,Nebraska,wk inc rsv prop ed visits,prop_ed,3e-4,NA
2025-05-10,32,Nevada,wk inc rsv prop ed visits,prop_ed,3e-4,NA
2025-05-10,33,New Hampshire,wk inc rsv prop ed visits,prop_ed,0.0015,NA
2025-05-10,34,New Jersey,wk inc rsv prop ed visits,prop_ed,3e-4,NA
2025-05-10,35,New Mexico,wk inc rsv prop ed visits,prop_ed,4e-4,NA
2025-05-10,36,New York,wk inc rsv prop ed visits,prop_ed,2e-4,NA
2025-05-10,37,North Carolina,wk inc rsv prop ed visits,prop_ed,5e-4,NA
2025-05-10,38,North Dakota,wk inc rsv prop ed visits,prop_ed,5e-4,NA
2025-05-10,39,Ohio,wk inc rsv prop ed visits,prop_ed,3e-4,NA
2025-05-10,40,Oklahoma,wk inc rsv prop ed visits,prop_ed,4e-4,NA
2025-05-10,41,Oregon,wk inc rsv prop ed visits,prop_ed,5e-4,NA
2025-05-10,42,Pennsylvania,wk inc rsv prop ed visits,prop_ed,3e-4,NA
2025-05-10,44,Rhode Island,wk inc rsv prop ed visits,prop_ed,2e-4,NA
2025-05-10,45,South Carolina,wk inc rsv prop ed visits,prop_ed,7e-4,NA
2025-05-10,46,South Dakota,wk inc rsv prop ed visits,prop_ed,7e-4,NA
2025-05-10,47,Tennessee,wk inc rsv prop ed visits,prop_ed,4e-4,NA
2025-05-10,48,Texas,wk inc rsv prop ed visits,prop_ed,4e-4,NA
2025-05-10,49,Utah,wk inc rsv prop ed visits,prop_ed,5e-4,NA
2025-05-10,50,Vermont,wk inc rsv prop ed visits,prop_ed,3e-4,NA
2025-05-10,51,Virginia,wk inc rsv prop ed visits,prop_ed,6e-4,NA
2025-05-10,53,Washington,wk inc rsv prop ed visits,prop_ed,7e-4,NA
2025-05-10,54,West Virginia,wk inc rsv prop ed visits,prop_ed,0.002,NA
2025-05-10,55,Wisconsin,wk inc rsv prop ed visits,prop_ed,7e-4,NA
2025-05-10,56,Wyoming,wk inc rsv prop ed visits,prop_ed,6e-4,NA
2025-05-10,US,United States,wk inc rsv prop ed visits,prop_ed,5e-4,NA
2025-05-17,01,Alabama,wk inc rsv prop ed visits,prop_ed,0.001,NA
2025-05-17,02,Alaska,wk inc rsv prop ed visits,prop_ed,1e-4,NA
2025-05-17,04,Arizona,wk inc rsv prop ed visits,prop_ed,2e-4,NA
2025-05-17,05,Arkansas,wk inc rsv prop ed visits,prop_ed,5e-4,NA
2025-05-17,06,California,wk inc rsv prop ed visits,prop_ed,3e-4,NA
2025-05-17,08,Colorado,wk inc rsv prop ed visits,prop_ed,6e-4,NA
2025-05-17,09,Connecticut,wk inc rsv prop ed visits,prop_ed,1e-4,NA
2025-05-17,10,Delaware,wk inc rsv prop ed visits,prop_ed,6e-4,NA
2025-05-17,11,District of Columbia,wk inc rsv prop ed visits,prop_ed,1e-4,NA
2025-05-17,12,Florida,wk inc rsv prop ed visits,prop_ed,8e-4,NA
2025-05-17,13,Georgia,wk inc rsv prop ed visits,prop_ed,2e-4,NA
2025-05-17,15,Hawaii,wk inc rsv prop ed visits,prop_ed,9e-4,NA
2025-05-17,16,Idaho,wk inc rsv prop ed visits,prop_ed,5e-4,NA
2025-05-17,17,Illinois,wk inc rsv prop ed visits,prop_ed,3e-4,NA
2025-05-17,18,Indiana,wk inc rsv prop ed visits,prop_ed,3e-4,NA
2025-05-17,19,Iowa,wk inc rsv prop ed visits,prop_ed,4e-4,NA
2025-05-17,20,Kansas,wk inc rsv prop ed visits,prop_ed,4e-4,NA
2025-05-17,21,Kentucky,wk inc rsv prop ed visits,prop_ed,0.001,NA
2025-05-17,22,Louisiana,wk inc rsv prop ed visits,prop_ed,5e-4,NA
2025-05-17,23,Maine,wk inc rsv prop ed visits,prop_ed,8e-4,NA
2025-05-17,24,Maryland,wk inc rsv prop ed visits,prop_ed,3e-4,NA
2025-05-17,25,Massachusetts,wk inc rsv prop ed visits,prop_ed,3e-4,NA
2025-05-17,26,Michigan,wk inc rsv prop ed visits,prop_ed,6e-4,NA
2025-05-17,27,Minnesota,wk inc rsv prop ed visits,prop_ed,3e-4,NA
2025-05-17,28,Mississippi,wk inc rsv prop ed visits,prop_ed,7e-4,NA
2025-05-17,30,Montana,wk inc rsv prop ed visits,prop_ed,5e-4,NA
2025-05-17,31,Nebraska,wk inc rsv prop ed visits,prop_ed,2e-4,NA
2025-05-17,32,Nevada,wk inc rsv prop ed visits,prop_ed,3e-4,NA
2025-05-17,33,New Hampshire,wk inc rsv prop ed visits,prop_ed,4e-4,NA
2025-05-17,34,New Jersey,wk inc rsv prop ed visits,prop_ed,3e-4,NA
2025-05-17,35,New Mexico,wk inc rsv prop ed visits,prop_ed,3e-4,NA
2025-05-17,36,New York,wk inc rsv prop ed visits,prop_ed,2e-4,NA
2025-05-17,37,North Carolina,wk inc rsv prop ed visits,prop_ed,6e-4,NA
2025-05-17,38,North Dakota,wk inc rsv prop ed visits,prop_ed,5e-4,NA
2025-05-17,39,Ohio,wk inc rsv prop ed visits,prop_ed,2e-4,NA
2025-05-17,40,Oklahoma,wk inc rsv prop ed visits,prop_ed,2e-4,NA
2025-05-17,41,Oregon,wk inc rsv prop ed visits,prop_ed,3e-4,NA
2025-05-17,42,Pennsylvania,wk inc rsv prop ed visits,prop_ed,2e-4,NA
2025-05-17,44,Rhode Island,wk inc rsv prop ed visits,prop_ed,2e-4,NA
2025-05-17,45,South Carolina,wk inc rsv prop ed visits,prop_ed,4e-4,NA
2025-05-17,46,South Dakota,wk inc rsv prop ed visits,prop_ed,0.001,NA
2025-05-17,47,Tennessee,wk inc rsv prop ed visits,prop_ed,4e-4,NA
2025-05-17,48,Texas,wk inc rsv prop ed visits,prop_ed,4e-4,NA
2025-05-17,49,Utah,wk inc rsv prop ed visits,prop_ed,6e-4,NA
2025-05-17,50,Vermont,wk inc rsv prop ed visits,prop_ed,5e-4,NA
2025-05-17,51,Virginia,wk inc rsv prop ed visits,prop_ed,6e-4,NA
2025-05-17,53,Washington,wk inc rsv prop ed visits,prop_ed,4e-4,NA
2025-05-17,54,West Virginia,wk inc rsv prop ed visits,prop_ed,0.0013,NA
2025-05-17,55,Wisconsin,wk inc rsv prop ed visits,prop_ed,5e-4,NA
2025-05-17,56,Wyoming,wk inc rsv prop ed visits,prop_ed,8e-4,NA
2025-05-17,US,United States,wk inc rsv prop ed visits,prop_ed,4e-4,NA
2025-05-24,01,Alabama,wk inc rsv prop ed visits,prop_ed,6e-4,NA
2025-05-24,02,Alaska,wk inc rsv prop ed visits,prop_ed,4e-4,NA
2025-05-24,04,Arizona,wk inc rsv prop ed visits,prop_ed,2e-4,NA
2025-05-24,05,Arkansas,wk inc rsv prop ed visits,prop_ed,8e-4,NA
2025-05-24,06,California,wk inc rsv prop ed visits,prop_ed,2e-4,NA
2025-05-24,08,Colorado,wk inc rsv prop ed visits,prop_ed,5e-4,NA
2025-05-24,09,Connecticut,wk inc rsv prop ed visits,prop_ed,2e-4,NA
2025-05-24,10,Delaware,wk inc rsv prop ed visits,prop_ed,4e-4,NA
2025-05-24,11,District of Columbia,wk inc rsv prop ed visits,prop_ed,1e-4,NA
2025-05-24,12,Florida,wk inc rsv prop ed visits,prop_ed,6e-4,NA
2025-05-24,13,Georgia,wk inc rsv prop ed visits,prop_ed,2e-4,NA
2025-05-24,15,Hawaii,wk inc rsv prop ed visits,prop_ed,0.001,NA
2025-05-24,16,Idaho,wk inc rsv prop ed visits,prop_ed,2e-4,NA
2025-05-24,17,Illinois,wk inc rsv prop ed visits,prop_ed,2e-4,NA
2025-05-24,18,Indiana,wk inc rsv prop ed visits,prop_ed,2e-4,NA
2025-05-24,19,Iowa,wk inc rsv prop ed visits,prop_ed,4e-4,NA
2025-05-24,20,Kansas,wk inc rsv prop ed visits,prop_ed,5e-4,NA
2025-05-24,21,Kentucky,wk inc rsv prop ed visits,prop_ed,9e-4,NA
2025-05-24,22,Louisiana,wk inc rsv prop ed visits,prop_ed,3e-4,NA
2025-05-24,23,Maine,wk inc rsv prop ed visits,prop_ed,7e-4,NA
2025-05-24,24,Maryland,wk inc rsv prop ed visits,prop_ed,4e-4,NA
2025-05-24,25,Massachusetts,wk inc rsv prop ed visits,prop_ed,4e-4,NA
2025-05-24,26,Michigan,wk inc rsv prop ed visits,prop_ed,4e-4,NA
2025-05-24,27,Minnesota,wk inc rsv prop ed visits,prop_ed,3e-4,NA
2025-05-24,28,Mississippi,wk inc rsv prop ed visits,prop_ed,4e-4,NA
2025-05-24,30,Montana,wk inc rsv prop ed visits,prop_ed,7e-4,NA
2025-05-24,31,Nebraska,wk inc rsv prop ed visits,prop_ed,3e-4,NA
2025-05-24,32,Nevada,wk inc rsv prop ed visits,prop_ed,3e-4,NA
2025-05-24,33,New Hampshire,wk inc rsv prop ed visits,prop_ed,0,NA
2025-05-24,34,New Jersey,wk inc rsv prop ed visits,prop_ed,2e-4,NA
2025-05-24,35,New Mexico,wk inc rsv prop ed visits,prop_ed,4e-4,NA
2025-05-24,36,New York,wk inc rsv prop ed visits,prop_ed,2e-4,NA
2025-05-24,37,North Carolina,wk inc rsv prop ed visits,prop_ed,5e-4,NA
2025-05-24,38,North Dakota,wk inc rsv prop ed visits,prop_ed,2e-4,NA
2025-05-24,39,Ohio,wk inc rsv prop ed visits,prop_ed,1e-4,NA
2025-05-24,40,Oklahoma,wk inc rsv prop ed visits,prop_ed,1e-4,NA
2025-05-24,41,Oregon,wk inc rsv prop ed visits,prop_ed,5e-4,NA
2025-05-24,42,Pennsylvania,wk inc rsv prop ed visits,prop_ed,2e-4,NA
2025-05-24,44,Rhode Island,wk inc rsv prop ed visits,prop_ed,0,NA
2025-05-24,45,South Carolina,wk inc rsv prop ed visits,prop_ed,3e-4,NA
2025-05-24,46,South Dakota,wk inc rsv prop ed visits,prop_ed,0.0011,NA
2025-05-24,47,Tennessee,wk inc rsv prop ed visits,prop_ed,4e-4,NA
2025-05-24,48,Texas,wk inc rsv prop ed visits,prop_ed,3e-4,NA
2025-05-24,49,Utah,wk inc rsv prop ed visits,prop_ed,2e-4,NA
2025-05-24,50,Vermont,wk inc rsv prop ed visits,prop_ed,4e-4,NA
2025-05-24,51,Virginia,wk inc rsv prop ed visits,prop_ed,2e-4,NA
2025-05-24,53,Washington,wk inc rsv prop ed visits,prop_ed,4e-4,NA
2025-05-24,54,West Virginia,wk inc rsv prop ed visits,prop_ed,0.001,NA
2025-05-24,55,Wisconsin,wk inc rsv prop ed visits,prop_ed,2e-4,NA
2025-05-24,56,Wyoming,wk inc rsv prop ed visits,prop_ed,3e-4,NA
2025-05-24,US,United States,wk inc rsv prop ed visits,prop_ed,3e-4,NA
2025-05-31,01,Alabama,wk inc rsv prop ed visits,prop_ed,7e-4,NA
2025-05-31,02,Alaska,wk inc rsv prop ed visits,prop_ed,1e-4,NA
2025-05-31,04,Arizona,wk inc rsv prop ed visits,prop_ed,1e-4,NA
2025-05-31,05,Arkansas,wk inc rsv prop ed visits,prop_ed,5e-4,NA
2025-05-31,06,California,wk inc rsv prop ed visits,prop_ed,2e-4,NA
2025-05-31,08,Colorado,wk inc rsv prop ed visits,prop_ed,3e-4,NA
2025-05-31,09,Connecticut,wk inc rsv prop ed visits,prop_ed,3e-4,NA
2025-05-31,10,Delaware,wk inc rsv prop ed visits,prop_ed,2e-4,NA
2025-05-31,11,District of Columbia,wk inc rsv prop ed visits,prop_ed,4e-4,NA
2025-05-31,12,Florida,wk inc rsv prop ed visits,prop_ed,8e-4,NA
2025-05-31,13,Georgia,wk inc rsv prop ed visits,prop_ed,4e-4,NA
2025-05-31,15,Hawaii,wk inc rsv prop ed visits,prop_ed,7e-4,NA
2025-05-31,16,Idaho,wk inc rsv prop ed visits,prop_ed,3e-4,NA
2025-05-31,17,Illinois,wk inc rsv prop ed visits,prop_ed,3e-4,NA
2025-05-31,18,Indiana,wk inc rsv prop ed visits,prop_ed,1e-4,NA
2025-05-31,19,Iowa,wk inc rsv prop ed visits,prop_ed,2e-4,NA
2025-05-31,20,Kansas,wk inc rsv prop ed visits,prop_ed,2e-4,NA
2025-05-31,21,Kentucky,wk inc rsv prop ed visits,prop_ed,9e-4,NA
2025-05-31,22,Louisiana,wk inc rsv prop ed visits,prop_ed,3e-4,NA
2025-05-31,23,Maine,wk inc rsv prop ed visits,prop_ed,3e-4,NA
2025-05-31,24,Maryland,wk inc rsv prop ed visits,prop_ed,2e-4,NA
2025-05-31,25,Massachusetts,wk inc rsv prop ed visits,prop_ed,1e-4,NA
2025-05-31,26,Michigan,wk inc rsv prop ed visits,prop_ed,3e-4,NA
2025-05-31,27,Minnesota,wk inc rsv prop ed visits,prop_ed,3e-4,NA
2025-05-31,28,Mississippi,wk inc rsv prop ed visits,prop_ed,3e-4,NA
2025-05-31,30,Montana,wk inc rsv prop ed visits,prop_ed,4e-4,NA
2025-05-31,31,Nebraska,wk inc rsv prop ed visits,prop_ed,4e-4,NA
2025-05-31,32,Nevada,wk inc rsv prop ed visits,prop_ed,2e-4,NA
2025-05-31,33,New Hampshire,wk inc rsv prop ed visits,prop_ed,1e-4,NA
2025-05-31,34,New Jersey,wk inc rsv prop ed visits,prop_ed,3e-4,NA
2025-05-31,35,New Mexico,wk inc rsv prop ed visits,prop_ed,4e-4,NA
2025-05-31,36,New York,wk inc rsv prop ed visits,prop_ed,2e-4,NA
2025-05-31,37,North Carolina,wk inc rsv prop ed visits,prop_ed,4e-4,NA
2025-05-31,38,North Dakota,wk inc rsv prop ed visits,prop_ed,2e-4,NA
2025-05-31,39,Ohio,wk inc rsv prop ed visits,prop_ed,1e-4,NA
2025-05-31,40,Oklahoma,wk inc rsv prop ed visits,prop_ed,2e-4,NA
2025-05-31,41,Oregon,wk inc rsv prop ed visits,prop_ed,2e-4,NA
2025-05-31,42,Pennsylvania,wk inc rsv prop ed visits,prop_ed,1e-4,NA
2025-05-31,44,Rhode Island,wk inc rsv prop ed visits,prop_ed,2e-4,NA
2025-05-31,45,South Carolina,wk inc rsv prop ed visits,prop_ed,2e-4,NA
2025-05-31,46,South Dakota,wk inc rsv prop ed visits,prop_ed,8e-4,NA
2025-05-31,47,Tennessee,wk inc rsv prop ed visits,prop_ed,3e-4,NA
2025-05-31,48,Texas,wk inc rsv prop ed visits,prop_ed,4e-4,NA
2025-05-31,49,Utah,wk inc rsv prop ed visits,prop_ed,2e-4,NA
2025-05-31,50,Vermont,wk inc rsv prop ed visits,prop_ed,2e-4,NA
2025-05-31,51,Virginia,wk inc rsv prop ed visits,prop_ed,2e-4,NA
2025-05-31,53,Washington,wk inc rsv prop ed visits,prop_ed,3e-4,NA
2025-05-31,54,West Virginia,wk inc rsv prop ed visits,prop_ed,8e-4,NA
2025-05-31,55,Wisconsin,wk inc rsv prop ed visits,prop_ed,2e-4,NA
2025-05-31,56,Wyoming,wk inc rsv prop ed visits,prop_ed,3e-4,NA
2025-05-31,US,United States,wk inc rsv prop ed visits,prop_ed,3e-4,NA
2025-06-07,01,Alabama,wk inc rsv prop ed visits,prop_ed,6e-4,NA
2025-06-07,02,Alaska,wk inc rsv prop ed visits,prop_ed,1e-4,NA
2025-06-07,04,Arizona,wk inc rsv prop ed visits,prop_ed,1e-4,NA
2025-06-07,05,Arkansas,wk inc rsv prop ed visits,prop_ed,7e-4,NA
2025-06-07,06,California,wk inc rsv prop ed visits,prop_ed,2e-4,NA
2025-06-07,08,Colorado,wk inc rsv prop ed visits,prop_ed,2e-4,NA
2025-06-07,09,Connecticut,wk inc rsv prop ed visits,prop_ed,1e-4,NA
2025-06-07,10,Delaware,wk inc rsv prop ed visits,prop_ed,4e-4,NA
2025-06-07,11,District of Columbia,wk inc rsv prop ed visits,prop_ed,3e-4,NA
2025-06-07,12,Florida,wk inc rsv prop ed visits,prop_ed,8e-4,NA
2025-06-07,13,Georgia,wk inc rsv prop ed visits,prop_ed,2e-4,NA
2025-06-07,15,Hawaii,wk inc rsv prop ed visits,prop_ed,7e-4,NA
2025-06-07,16,Idaho,wk inc rsv prop ed visits,prop_ed,2e-4,NA
2025-06-07,17,Illinois,wk inc rsv prop ed visits,prop_ed,2e-4,NA
2025-06-07,18,Indiana,wk inc rsv prop ed visits,prop_ed,1e-4,NA
2025-06-07,19,Iowa,wk inc rsv prop ed visits,prop_ed,1e-4,NA
2025-06-07,20,Kansas,wk inc rsv prop ed visits,prop_ed,2e-4,NA
2025-06-07,21,Kentucky,wk inc rsv prop ed visits,prop_ed,5e-4,NA
2025-06-07,22,Louisiana,wk inc rsv prop ed visits,prop_ed,2e-4,NA
2025-06-07,23,Maine,wk inc rsv prop ed visits,prop_ed,1e-4,NA
2025-06-07,24,Maryland,wk inc rsv prop ed visits,prop_ed,2e-4,NA
2025-06-07,25,Massachusetts,wk inc rsv prop ed visits,prop_ed,1e-4,NA
2025-06-07,26,Michigan,wk inc rsv prop ed visits,prop_ed,3e-4,NA
2025-06-07,27,Minnesota,wk inc rsv prop ed visits,prop_ed,3e-4,NA
2025-06-07,28,Mississippi,wk inc rsv prop ed visits,prop_ed,3e-4,NA
2025-06-07,30,Montana,wk inc rsv prop ed visits,prop_ed,2e-4,NA
2025-06-07,31,Nebraska,wk inc rsv prop ed visits,prop_ed,0,NA
2025-06-07,32,Nevada,wk inc rsv prop ed visits,prop_ed,1e-4,NA
2025-06-07,33,New Hampshire,wk inc rsv prop ed visits,prop_ed,0,NA
2025-06-07,34,New Jersey,wk inc rsv prop ed visits,prop_ed,2e-4,NA
2025-06-07,35,New Mexico,wk inc rsv prop ed visits,prop_ed,2e-4,NA
2025-06-07,36,New York,wk inc rsv prop ed visits,prop_ed,2e-4,NA
2025-06-07,37,North Carolina,wk inc rsv prop ed visits,prop_ed,3e-4,NA
2025-06-07,38,North Dakota,wk inc rsv prop ed visits,prop_ed,0,NA
2025-06-07,39,Ohio,wk inc rsv prop ed visits,prop_ed,1e-4,NA
2025-06-07,40,Oklahoma,wk inc rsv prop ed visits,prop_ed,0,NA
2025-06-07,41,Oregon,wk inc rsv prop ed visits,prop_ed,3e-4,NA
2025-06-07,42,Pennsylvania,wk inc rsv prop ed visits,prop_ed,1e-4,NA
2025-06-07,44,Rhode Island,wk inc rsv prop ed visits,prop_ed,3e-4,NA
2025-06-07,45,South Carolina,wk inc rsv prop ed visits,prop_ed,1e-4,NA
2025-06-07,46,South Dakota,wk inc rsv prop ed visits,prop_ed,3e-4,NA
2025-06-07,47,Tennessee,wk inc rsv prop ed visits,prop_ed,3e-4,NA
2025-06-07,48,Texas,wk inc rsv prop ed visits,prop_ed,3e-4,NA
2025-06-07,49,Utah,wk inc rsv prop ed visits,prop_ed,2e-4,NA
2025-06-07,50,Vermont,wk inc rsv prop ed visits,prop_ed,2e-4,NA
2025-06-07,51,Virginia,wk inc rsv prop ed visits,prop_ed,2e-4,NA
2025-06-07,53,Washington,wk inc rsv prop ed visits,prop_ed,2e-4,NA
2025-06-07,54,West Virginia,wk inc rsv prop ed visits,prop_ed,9e-4,NA
2025-06-07,55,Wisconsin,wk inc rsv prop ed visits,prop_ed,1e-4,NA
2025-06-07,56,Wyoming,wk inc rsv prop ed visits,prop_ed,9e-4,NA
2025-06-07,US,United States,wk inc rsv prop ed visits,prop_ed,3e-4,NA
2025-06-14,01,Alabama,wk inc rsv prop ed visits,prop_ed,3e-4,NA
2025-06-14,02,Alaska,wk inc rsv prop ed visits,prop_ed,4e-4,NA
2025-06-14,04,Arizona,wk inc rsv prop ed visits,prop_ed,1e-4,NA
2025-06-14,05,Arkansas,wk inc rsv prop ed visits,prop_ed,1e-4,NA
2025-06-14,06,California,wk inc rsv prop ed visits,prop_ed,2e-4,NA
2025-06-14,08,Colorado,wk inc rsv prop ed visits,prop_ed,1e-4,NA
2025-06-14,09,Connecticut,wk inc rsv prop ed visits,prop_ed,1e-4,NA
2025-06-14,10,Delaware,wk inc rsv prop ed visits,prop_ed,4e-4,NA
2025-06-14,11,District of Columbia,wk inc rsv prop ed visits,prop_ed,1e-4,NA
2025-06-14,12,Florida,wk inc rsv prop ed visits,prop_ed,8e-4,NA
2025-06-14,13,Georgia,wk inc rsv prop ed visits,prop_ed,2e-4,NA
2025-06-14,15,Hawaii,wk inc rsv prop ed visits,prop_ed,2e-4,NA
2025-06-14,16,Idaho,wk inc rsv prop ed visits,prop_ed,3e-4,NA
2025-06-14,17,Illinois,wk inc rsv prop ed visits,prop_ed,1e-4,NA
2025-06-14,18,Indiana,wk inc rsv prop ed visits,prop_ed,1e-4,NA
2025-06-14,19,Iowa,wk inc rsv prop ed visits,prop_ed,0,NA
2025-06-14,20,Kansas,wk inc rsv prop ed visits,prop_ed,0,NA
2025-06-14,21,Kentucky,wk inc rsv prop ed visits,prop_ed,4e-4,NA
2025-06-14,22,Louisiana,wk inc rsv prop ed visits,prop_ed,2e-4,NA
2025-06-14,23,Maine,wk inc rsv prop ed visits,prop_ed,0,NA
2025-06-14,24,Maryland,wk inc rsv prop ed visits,prop_ed,1e-4,NA
2025-06-14,25,Massachusetts,wk inc rsv prop ed visits,prop_ed,2e-4,NA
2025-06-14,26,Michigan,wk inc rsv prop ed visits,prop_ed,2e-4,NA
2025-06-14,27,Minnesota,wk inc rsv prop ed visits,prop_ed,1e-4,NA
2025-06-14,28,Mississippi,wk inc rsv prop ed visits,prop_ed,3e-4,NA
2025-06-14,30,Montana,wk inc rsv prop ed visits,prop_ed,0,NA
2025-06-14,31,Nebraska,wk inc rsv prop ed visits,prop_ed,3e-4,NA
2025-06-14,32,Nevada,wk inc rsv prop ed visits,prop_ed,1e-4,NA
2025-06-14,33,New Hampshire,wk inc rsv prop ed visits,prop_ed,1e-4,NA
2025-06-14,34,New Jersey,wk inc rsv prop ed visits,prop_ed,1e-4,NA
2025-06-14,35,New Mexico,wk inc rsv prop ed visits,prop_ed,1e-4,NA
2025-06-14,36,New York,wk inc rsv prop ed visits,prop_ed,1e-4,NA
2025-06-14,37,North Carolina,wk inc rsv prop ed visits,prop_ed,4e-4,NA
2025-06-14,38,North Dakota,wk inc rsv prop ed visits,prop_ed,3e-4,NA
2025-06-14,39,Ohio,wk inc rsv prop ed visits,prop_ed,1e-4,NA
2025-06-14,40,Oklahoma,wk inc rsv prop ed visits,prop_ed,1e-4,NA
2025-06-14,41,Oregon,wk inc rsv prop ed visits,prop_ed,1e-4,NA
2025-06-14,42,Pennsylvania,wk inc rsv prop ed visits,prop_ed,1e-4,NA
2025-06-14,44,Rhode Island,wk inc rsv prop ed visits,prop_ed,2e-4,NA
2025-06-14,45,South Carolina,wk inc rsv prop ed visits,prop_ed,3e-4,NA
2025-06-14,46,South Dakota,wk inc rsv prop ed visits,prop_ed,3e-4,NA
2025-06-14,47,Tennessee,wk inc rsv prop ed visits,prop_ed,3e-4,NA
2025-06-14,48,Texas,wk inc rsv prop ed visits,prop_ed,2e-4,NA
2025-06-14,49,Utah,wk inc rsv prop ed visits,prop_ed,2e-4,NA
2025-06-14,50,Vermont,wk inc rsv prop ed visits,prop_ed,0,NA
2025-06-14,51,Virginia,wk inc rsv prop ed visits,prop_ed,1e-4,NA
2025-06-14,53,Washington,wk inc rsv prop ed visits,prop_ed,1e-4,NA
2025-06-14,54,West Virginia,wk inc rsv prop ed visits,prop_ed,5e-4,NA
2025-06-14,55,Wisconsin,wk inc rsv prop ed visits,prop_ed,1e-4,NA
2025-06-14,56,Wyoming,wk inc rsv prop ed visits,prop_ed,3e-4,NA
2025-06-14,US,United States,wk inc rsv prop ed visits,prop_ed,2e-4,NA
2025-06-21,01,Alabama,wk inc rsv prop ed visits,prop_ed,7e-4,NA
2025-06-21,02,Alaska,wk inc rsv prop ed visits,prop_ed,3e-4,NA
2025-06-21,04,Arizona,wk inc rsv prop ed visits,prop_ed,0,NA
2025-06-21,05,Arkansas,wk inc rsv prop ed visits,prop_ed,3e-4,NA
2025-06-21,06,California,wk inc rsv prop ed visits,prop_ed,1e-4,NA
2025-06-21,08,Colorado,wk inc rsv prop ed visits,prop_ed,1e-4,NA
2025-06-21,09,Connecticut,wk inc rsv prop ed visits,prop_ed,1e-4,NA
2025-06-21,10,Delaware,wk inc rsv prop ed visits,prop_ed,3e-4,NA
2025-06-21,11,District of Columbia,wk inc rsv prop ed visits,prop_ed,3e-4,NA
2025-06-21,12,Florida,wk inc rsv prop ed visits,prop_ed,6e-4,NA
2025-06-21,13,Georgia,wk inc rsv prop ed visits,prop_ed,1e-4,NA
2025-06-21,15,Hawaii,wk inc rsv prop ed visits,prop_ed,4e-4,NA
2025-06-21,16,Idaho,wk inc rsv prop ed visits,prop_ed,1e-4,NA
2025-06-21,17,Illinois,wk inc rsv prop ed visits,prop_ed,1e-4,NA
2025-06-21,18,Indiana,wk inc rsv prop ed visits,prop_ed,1e-4,NA
2025-06-21,19,Iowa,wk inc rsv prop ed visits,prop_ed,1e-4,NA
2025-06-21,20,Kansas,wk inc rsv prop ed visits,prop_ed,0,NA
2025-06-21,21,Kentucky,wk inc rsv prop ed visits,prop_ed,4e-4,NA
2025-06-21,22,Louisiana,wk inc rsv prop ed visits,prop_ed,1e-4,NA
2025-06-21,23,Maine,wk inc rsv prop ed visits,prop_ed,2e-4,NA
2025-06-21,24,Maryland,wk inc rsv prop ed visits,prop_ed,2e-4,NA
2025-06-21,25,Massachusetts,wk inc rsv prop ed visits,prop_ed,1e-4,NA
2025-06-21,26,Michigan,wk inc rsv prop ed visits,prop_ed,2e-4,NA
2025-06-21,27,Minnesota,wk inc rsv prop ed visits,prop_ed,1e-4,NA
2025-06-21,28,Mississippi,wk inc rsv prop ed visits,prop_ed,1e-4,NA
2025-06-21,30,Montana,wk inc rsv prop ed visits,prop_ed,1e-4,NA
2025-06-21,31,Nebraska,wk inc rsv prop ed visits,prop_ed,1e-4,NA
2025-06-21,32,Nevada,wk inc rsv prop ed visits,prop_ed,0,NA
2025-06-21,33,New Hampshire,wk inc rsv prop ed visits,prop_ed,0,NA
2025-06-21,34,New Jersey,wk inc rsv prop ed visits,prop_ed,2e-4,NA
2025-06-21,35,New Mexico,wk inc rsv prop ed visits,prop_ed,1e-4,NA
2025-06-21,36,New York,wk inc rsv prop ed visits,prop_ed,1e-4,NA
2025-06-21,37,North Carolina,wk inc rsv prop ed visits,prop_ed,3e-4,NA
2025-06-21,38,North Dakota,wk inc rsv prop ed visits,prop_ed,2e-4,NA
2025-06-21,39,Ohio,wk inc rsv prop ed visits,prop_ed,1e-4,NA
2025-06-21,40,Oklahoma,wk inc rsv prop ed visits,prop_ed,1e-4,NA
2025-06-21,41,Oregon,wk inc rsv prop ed visits,prop_ed,1e-4,NA
2025-06-21,42,Pennsylvania,wk inc rsv prop ed visits,prop_ed,1e-4,NA
2025-06-21,44,Rhode Island,wk inc rsv prop ed visits,prop_ed,1e-4,NA
2025-06-21,45,South Carolina,wk inc rsv prop ed visits,prop_ed,1e-4,NA
2025-06-21,46,South Dakota,wk inc rsv prop ed visits,prop_ed,3e-4,NA
2025-06-21,47,Tennessee,wk inc rsv prop ed visits,prop_ed,1e-4,NA
2025-06-21,48,Texas,wk inc rsv prop ed visits,prop_ed,3e-4,NA
2025-06-21,49,Utah,wk inc rsv prop ed visits,prop_ed,0,NA
2025-06-21,50,Vermont,wk inc rsv prop ed visits,prop_ed,5e-4,NA
2025-06-21,51,Virginia,wk inc rsv prop ed visits,prop_ed,1e-4,NA
2025-06-21,53,Washington,wk inc rsv prop ed visits,prop_ed,1e-4,NA
2025-06-21,54,West Virginia,wk inc rsv prop ed visits,prop_ed,7e-4,NA
2025-06-21,55,Wisconsin,wk inc rsv prop ed visits,prop_ed,1e-4,NA
2025-06-21,56,Wyoming,wk inc rsv prop ed visits,prop_ed,0,NA
2025-06-21,US,United States,wk inc rsv prop ed visits,prop_ed,2e-4,NA
2025-06-28,01,Alabama,wk inc rsv prop ed visits,prop_ed,5e-4,NA
2025-06-28,02,Alaska,wk inc rsv prop ed visits,prop_ed,0,NA
2025-06-28,04,Arizona,wk inc rsv prop ed visits,prop_ed,1e-4,NA
2025-06-28,05,Arkansas,wk inc rsv prop ed visits,prop_ed,3e-4,NA
2025-06-28,06,California,wk inc rsv prop ed visits,prop_ed,1e-4,NA
2025-06-28,08,Colorado,wk inc rsv prop ed visits,prop_ed,1e-4,NA
2025-06-28,09,Connecticut,wk inc rsv prop ed visits,prop_ed,1e-4,NA
2025-06-28,10,Delaware,wk inc rsv prop ed visits,prop_ed,3e-4,NA
2025-06-28,11,District of Columbia,wk inc rsv prop ed visits,prop_ed,1e-4,NA
2025-06-28,12,Florida,wk inc rsv prop ed visits,prop_ed,6e-4,NA
2025-06-28,13,Georgia,wk inc rsv prop ed visits,prop_ed,1e-4,NA
2025-06-28,15,Hawaii,wk inc rsv prop ed visits,prop_ed,6e-4,NA
2025-06-28,16,Idaho,wk inc rsv prop ed visits,prop_ed,2e-4,NA
2025-06-28,17,Illinois,wk inc rsv prop ed visits,prop_ed,1e-4,NA
2025-06-28,18,Indiana,wk inc rsv prop ed visits,prop_ed,1e-4,NA
2025-06-28,19,Iowa,wk inc rsv prop ed visits,prop_ed,2e-4,NA
2025-06-28,20,Kansas,wk inc rsv prop ed visits,prop_ed,1e-4,NA
2025-06-28,21,Kentucky,wk inc rsv prop ed visits,prop_ed,4e-4,NA
2025-06-28,22,Louisiana,wk inc rsv prop ed visits,prop_ed,2e-4,NA
2025-06-28,23,Maine,wk inc rsv prop ed visits,prop_ed,0,NA
2025-06-28,24,Maryland,wk inc rsv prop ed visits,prop_ed,2e-4,NA
2025-06-28,25,Massachusetts,wk inc rsv prop ed visits,prop_ed,1e-4,NA
2025-06-28,26,Michigan,wk inc rsv prop ed visits,prop_ed,1e-4,NA
2025-06-28,27,Minnesota,wk inc rsv prop ed visits,prop_ed,1e-4,NA
2025-06-28,28,Mississippi,wk inc rsv prop ed visits,prop_ed,2e-4,NA
2025-06-28,30,Montana,wk inc rsv prop ed visits,prop_ed,1e-4,NA
2025-06-28,31,Nebraska,wk inc rsv prop ed visits,prop_ed,0,NA
2025-06-28,32,Nevada,wk inc rsv prop ed visits,prop_ed,1e-4,NA
2025-06-28,33,New Hampshire,wk inc rsv prop ed visits,prop_ed,0,NA
2025-06-28,34,New Jersey,wk inc rsv prop ed visits,prop_ed,2e-4,NA
2025-06-28,35,New Mexico,wk inc rsv prop ed visits,prop_ed,2e-4,NA
2025-06-28,36,New York,wk inc rsv prop ed visits,prop_ed,1e-4,NA
2025-06-28,37,North Carolina,wk inc rsv prop ed visits,prop_ed,4e-4,NA
2025-06-28,38,North Dakota,wk inc rsv prop ed visits,prop_ed,0,NA
2025-06-28,39,Ohio,wk inc rsv prop ed visits,prop_ed,1e-4,NA
2025-06-28,40,Oklahoma,wk inc rsv prop ed visits,prop_ed,1e-4,NA
2025-06-28,41,Oregon,wk inc rsv prop ed visits,prop_ed,1e-4,NA
2025-06-28,42,Pennsylvania,wk inc rsv prop ed visits,prop_ed,1e-4,NA
2025-06-28,44,Rhode Island,wk inc rsv prop ed visits,prop_ed,0,NA
2025-06-28,45,South Carolina,wk inc rsv prop ed visits,prop_ed,1e-4,NA
2025-06-28,46,South Dakota,wk inc rsv prop ed visits,prop_ed,2e-4,NA
2025-06-28,47,Tennessee,wk inc rsv prop ed visits,prop_ed,2e-4,NA
2025-06-28,48,Texas,wk inc rsv prop ed visits,prop_ed,2e-4,NA
2025-06-28,49,Utah,wk inc rsv prop ed visits,prop_ed,0,NA
2025-06-28,50,Vermont,wk inc rsv prop ed visits,prop_ed,2e-4,NA
2025-06-28,51,Virginia,wk inc rsv prop ed visits,prop_ed,2e-4,NA
2025-06-28,53,Washington,wk inc rsv prop ed visits,prop_ed,1e-4,NA
2025-06-28,54,West Virginia,wk inc rsv prop ed visits,prop_ed,3e-4,NA
2025-06-28,55,Wisconsin,wk inc rsv prop ed visits,prop_ed,1e-4,NA
2025-06-28,56,Wyoming,wk inc rsv prop ed visits,prop_ed,3e-4,NA
2025-06-28,US,United States,wk inc rsv prop ed visits,prop_ed,2e-4,NA
2025-07-05,01,Alabama,wk inc rsv prop ed visits,prop_ed,5e-4,NA
2025-07-05,02,Alaska,wk inc rsv prop ed visits,prop_ed,3e-4,NA
2025-07-05,04,Arizona,wk inc rsv prop ed visits,prop_ed,0,NA
2025-07-05,05,Arkansas,wk inc rsv prop ed visits,prop_ed,3e-4,NA
2025-07-05,06,California,wk inc rsv prop ed visits,prop_ed,1e-4,NA
2025-07-05,08,Colorado,wk inc rsv prop ed visits,prop_ed,1e-4,NA
2025-07-05,09,Connecticut,wk inc rsv prop ed visits,prop_ed,0,NA
2025-07-05,10,Delaware,wk inc rsv prop ed visits,prop_ed,0,NA
2025-07-05,11,District of Columbia,wk inc rsv prop ed visits,prop_ed,4e-4,NA
2025-07-05,12,Florida,wk inc rsv prop ed visits,prop_ed,6e-4,NA
2025-07-05,13,Georgia,wk inc rsv prop ed visits,prop_ed,2e-4,NA
2025-07-05,15,Hawaii,wk inc rsv prop ed visits,prop_ed,7e-4,NA
2025-07-05,16,Idaho,wk inc rsv prop ed visits,prop_ed,0,NA
2025-07-05,17,Illinois,wk inc rsv prop ed visits,prop_ed,0,NA
2025-07-05,18,Indiana,wk inc rsv prop ed visits,prop_ed,0,NA
2025-07-05,19,Iowa,wk inc rsv prop ed visits,prop_ed,0,NA
2025-07-05,20,Kansas,wk inc rsv prop ed visits,prop_ed,1e-4,NA
2025-07-05,21,Kentucky,wk inc rsv prop ed visits,prop_ed,2e-4,NA
2025-07-05,22,Louisiana,wk inc rsv prop ed visits,prop_ed,1e-4,NA
2025-07-05,23,Maine,wk inc rsv prop ed visits,prop_ed,1e-4,NA
2025-07-05,24,Maryland,wk inc rsv prop ed visits,prop_ed,1e-4,NA
2025-07-05,25,Massachusetts,wk inc rsv prop ed visits,prop_ed,1e-4,NA
2025-07-05,26,Michigan,wk inc rsv prop ed visits,prop_ed,1e-4,NA
2025-07-05,27,Minnesota,wk inc rsv prop ed visits,prop_ed,1e-4,NA
2025-07-05,28,Mississippi,wk inc rsv prop ed visits,prop_ed,2e-4,NA
2025-07-05,30,Montana,wk inc rsv prop ed visits,prop_ed,1e-4,NA
2025-07-05,31,Nebraska,wk inc rsv prop ed visits,prop_ed,1e-4,NA
2025-07-05,32,Nevada,wk inc rsv prop ed visits,prop_ed,1e-4,NA
2025-07-05,33,New Hampshire,wk inc rsv prop ed visits,prop_ed,0,NA
2025-07-05,34,New Jersey,wk inc rsv prop ed visits,prop_ed,1e-4,NA
2025-07-05,35,New Mexico,wk inc rsv prop ed visits,prop_ed,1e-4,NA
2025-07-05,36,New York,wk inc rsv prop ed visits,prop_ed,1e-4,NA
2025-07-05,37,North Carolina,wk inc rsv prop ed visits,prop_ed,2e-4,NA
2025-07-05,38,North Dakota,wk inc rsv prop ed visits,prop_ed,0,NA
2025-07-05,39,Ohio,wk inc rsv prop ed visits,prop_ed,0,NA
2025-07-05,40,Oklahoma,wk inc rsv prop ed visits,prop_ed,2e-4,NA
2025-07-05,41,Oregon,wk inc rsv prop ed visits,prop_ed,1e-4,NA
2025-07-05,42,Pennsylvania,wk inc rsv prop ed visits,prop_ed,1e-4,NA
2025-07-05,44,Rhode Island,wk inc rsv prop ed visits,prop_ed,2e-4,NA
2025-07-05,45,South Carolina,wk inc rsv prop ed visits,prop_ed,1e-4,NA
2025-07-05,46,South Dakota,wk inc rsv prop ed visits,prop_ed,0,NA
2025-07-05,47,Tennessee,wk inc rsv prop ed visits,prop_ed,2e-4,NA
2025-07-05,48,Texas,wk inc rsv prop ed visits,prop_ed,2e-4,NA
2025-07-05,49,Utah,wk inc rsv prop ed visits,prop_ed,1e-4,NA
2025-07-05,50,Vermont,wk inc rsv prop ed visits,prop_ed,2e-4,NA
2025-07-05,51,Virginia,wk inc rsv prop ed visits,prop_ed,2e-4,NA
2025-07-05,53,Washington,wk inc rsv prop ed visits,prop_ed,1e-4,NA
2025-07-05,54,West Virginia,wk inc rsv prop ed visits,prop_ed,1e-4,NA
2025-07-05,55,Wisconsin,wk inc rsv prop ed visits,prop_ed,1e-4,NA
2025-07-05,56,Wyoming,wk inc rsv prop ed visits,prop_ed,0,NA
2025-07-05,US,United States,wk inc rsv prop ed visits,prop_ed,2e-4,NA
2025-07-12,01,Alabama,wk inc rsv prop ed visits,prop_ed,3e-4,NA
2025-07-12,02,Alaska,wk inc rsv prop ed visits,prop_ed,0,NA
2025-07-12,04,Arizona,wk inc rsv prop ed visits,prop_ed,0,NA
2025-07-12,05,Arkansas,wk inc rsv prop ed visits,prop_ed,6e-4,NA
2025-07-12,06,California,wk inc rsv prop ed visits,prop_ed,1e-4,NA
2025-07-12,08,Colorado,wk inc rsv prop ed visits,prop_ed,1e-4,NA
2025-07-12,09,Connecticut,wk inc rsv prop ed visits,prop_ed,1e-4,NA
2025-07-12,10,Delaware,wk inc rsv prop ed visits,prop_ed,1e-4,NA
2025-07-12,11,District of Columbia,wk inc rsv prop ed visits,prop_ed,0,NA
2025-07-12,12,Florida,wk inc rsv prop ed visits,prop_ed,6e-4,NA
2025-07-12,13,Georgia,wk inc rsv prop ed visits,prop_ed,2e-4,NA
2025-07-12,15,Hawaii,wk inc rsv prop ed visits,prop_ed,5e-4,NA
2025-07-12,16,Idaho,wk inc rsv prop ed visits,prop_ed,0,NA
2025-07-12,17,Illinois,wk inc rsv prop ed visits,prop_ed,1e-4,NA
2025-07-12,18,Indiana,wk inc rsv prop ed visits,prop_ed,1e-4,NA
2025-07-12,19,Iowa,wk inc rsv prop ed visits,prop_ed,0,NA
2025-07-12,20,Kansas,wk inc rsv prop ed visits,prop_ed,0,NA
2025-07-12,21,Kentucky,wk inc rsv prop ed visits,prop_ed,1e-4,NA
2025-07-12,22,Louisiana,wk inc rsv prop ed visits,prop_ed,1e-4,NA
2025-07-12,23,Maine,wk inc rsv prop ed visits,prop_ed,1e-4,NA
2025-07-12,24,Maryland,wk inc rsv prop ed visits,prop_ed,2e-4,NA
2025-07-12,25,Massachusetts,wk inc rsv prop ed visits,prop_ed,1e-4,NA
2025-07-12,26,Michigan,wk inc rsv prop ed visits,prop_ed,1e-4,NA
2025-07-12,27,Minnesota,wk inc rsv prop ed visits,prop_ed,1e-4,NA
2025-07-12,28,Mississippi,wk inc rsv prop ed visits,prop_ed,1e-4,NA
2025-07-12,30,Montana,wk inc rsv prop ed visits,prop_ed,2e-4,NA
2025-07-12,31,Nebraska,wk inc rsv prop ed visits,prop_ed,0,NA
2025-07-12,32,Nevada,wk inc rsv prop ed visits,prop_ed,1e-4,NA
2025-07-12,33,New Hampshire,wk inc rsv prop ed visits,prop_ed,0,NA
2025-07-12,34,New Jersey,wk inc rsv prop ed visits,prop_ed,1e-4,NA
2025-07-12,35,New Mexico,wk inc rsv prop ed visits,prop_ed,1e-4,NA
2025-07-12,36,New York,wk inc rsv prop ed visits,prop_ed,1e-4,NA
2025-07-12,37,North Carolina,wk inc rsv prop ed visits,prop_ed,2e-4,NA
2025-07-12,38,North Dakota,wk inc rsv prop ed visits,prop_ed,1e-4,NA
2025-07-12,39,Ohio,wk inc rsv prop ed visits,prop_ed,1e-4,NA
2025-07-12,40,Oklahoma,wk inc rsv prop ed visits,prop_ed,1e-4,NA
2025-07-12,41,Oregon,wk inc rsv prop ed visits,prop_ed,1e-4,NA
2025-07-12,42,Pennsylvania,wk inc rsv prop ed visits,prop_ed,1e-4,NA
2025-07-12,44,Rhode Island,wk inc rsv prop ed visits,prop_ed,1e-4,NA
2025-07-12,45,South Carolina,wk inc rsv prop ed visits,prop_ed,1e-4,NA
2025-07-12,46,South Dakota,wk inc rsv prop ed visits,prop_ed,2e-4,NA
2025-07-12,47,Tennessee,wk inc rsv prop ed visits,prop_ed,1e-4,NA
2025-07-12,48,Texas,wk inc rsv prop ed visits,prop_ed,2e-4,NA
2025-07-12,49,Utah,wk inc rsv prop ed visits,prop_ed,1e-4,NA
2025-07-12,50,Vermont,wk inc rsv prop ed visits,prop_ed,0,NA
2025-07-12,51,Virginia,wk inc rsv prop ed visits,prop_ed,2e-4,NA
2025-07-12,53,Washington,wk inc rsv prop ed visits,prop_ed,0,NA
2025-07-12,54,West Virginia,wk inc rsv prop ed visits,prop_ed,1e-4,NA
2025-07-12,55,Wisconsin,wk inc rsv prop ed visits,prop_ed,0,NA
2025-07-12,56,Wyoming,wk inc rsv prop ed visits,prop_ed,0,NA
2025-07-12,US,United States,wk inc rsv prop ed visits,prop_ed,1e-4,NA
2025-07-19,01,Alabama,wk inc rsv prop ed visits,prop_ed,3e-4,NA
2025-07-19,02,Alaska,wk inc rsv prop ed visits,prop_ed,0,NA
2025-07-19,04,Arizona,wk inc rsv prop ed visits,prop_ed,1e-4,NA
2025-07-19,05,Arkansas,wk inc rsv prop ed visits,prop_ed,1e-4,NA
2025-07-19,06,California,wk inc rsv prop ed visits,prop_ed,1e-4,NA
2025-07-19,08,Colorado,wk inc rsv prop ed visits,prop_ed,0,NA
2025-07-19,09,Connecticut,wk inc rsv prop ed visits,prop_ed,1e-4,NA
2025-07-19,10,Delaware,wk inc rsv prop ed visits,prop_ed,1e-4,NA
2025-07-19,11,District of Columbia,wk inc rsv prop ed visits,prop_ed,1e-4,NA
2025-07-19,12,Florida,wk inc rsv prop ed visits,prop_ed,7e-4,NA
2025-07-19,13,Georgia,wk inc rsv prop ed visits,prop_ed,2e-4,NA
2025-07-19,15,Hawaii,wk inc rsv prop ed visits,prop_ed,2e-4,NA
2025-07-19,16,Idaho,wk inc rsv prop ed visits,prop_ed,2e-4,NA
2025-07-19,17,Illinois,wk inc rsv prop ed visits,prop_ed,0,NA
2025-07-19,18,Indiana,wk inc rsv prop ed visits,prop_ed,0,NA
2025-07-19,19,Iowa,wk inc rsv prop ed visits,prop_ed,1e-4,NA
2025-07-19,20,Kansas,wk inc rsv prop ed visits,prop_ed,1e-4,NA
2025-07-19,21,Kentucky,wk inc rsv prop ed visits,prop_ed,2e-4,NA
2025-07-19,22,Louisiana,wk inc rsv prop ed visits,prop_ed,1e-4,NA
2025-07-19,23,Maine,wk inc rsv prop ed visits,prop_ed,1e-4,NA
2025-07-19,24,Maryland,wk inc rsv prop ed visits,prop_ed,2e-4,NA
2025-07-19,25,Massachusetts,wk inc rsv prop ed visits,prop_ed,1e-4,NA
2025-07-19,26,Michigan,wk inc rsv prop ed visits,prop_ed,0,NA
2025-07-19,27,Minnesota,wk inc rsv prop ed visits,prop_ed,1e-4,NA
2025-07-19,28,Mississippi,wk inc rsv prop ed visits,prop_ed,1e-4,NA
2025-07-19,30,Montana,wk inc rsv prop ed visits,prop_ed,0,NA
2025-07-19,31,Nebraska,wk inc rsv prop ed visits,prop_ed,1e-4,NA
2025-07-19,32,Nevada,wk inc rsv prop ed visits,prop_ed,0,NA
2025-07-19,33,New Hampshire,wk inc rsv prop ed visits,prop_ed,1e-4,NA
2025-07-19,34,New Jersey,wk inc rsv prop ed visits,prop_ed,1e-4,NA
2025-07-19,35,New Mexico,wk inc rsv prop ed visits,prop_ed,1e-4,NA
2025-07-19,36,New York,wk inc rsv prop ed visits,prop_ed,1e-4,NA
2025-07-19,37,North Carolina,wk inc rsv prop ed visits,prop_ed,2e-4,NA
2025-07-19,38,North Dakota,wk inc rsv prop ed visits,prop_ed,2e-4,NA
2025-07-19,39,Ohio,wk inc rsv prop ed visits,prop_ed,1e-4,NA
2025-07-19,40,Oklahoma,wk inc rsv prop ed visits,prop_ed,0,NA
2025-07-19,41,Oregon,wk inc rsv prop ed visits,prop_ed,0,NA
2025-07-19,42,Pennsylvania,wk inc rsv prop ed visits,prop_ed,0,NA
2025-07-19,44,Rhode Island,wk inc rsv prop ed visits,prop_ed,0,NA
2025-07-19,45,South Carolina,wk inc rsv prop ed visits,prop_ed,1e-4,NA
2025-07-19,46,South Dakota,wk inc rsv prop ed visits,prop_ed,0,NA
2025-07-19,47,Tennessee,wk inc rsv prop ed visits,prop_ed,2e-4,NA
2025-07-19,48,Texas,wk inc rsv prop ed visits,prop_ed,2e-4,NA
2025-07-19,49,Utah,wk inc rsv prop ed visits,prop_ed,2e-4,NA
2025-07-19,50,Vermont,wk inc rsv prop ed visits,prop_ed,2e-4,NA
2025-07-19,51,Virginia,wk inc rsv prop ed visits,prop_ed,1e-4,NA
2025-07-19,53,Washington,wk inc rsv prop ed visits,prop_ed,1e-4,NA
2025-07-19,54,West Virginia,wk inc rsv prop ed visits,prop_ed,3e-4,NA
2025-07-19,55,Wisconsin,wk inc rsv prop ed visits,prop_ed,0,NA
2025-07-19,56,Wyoming,wk inc rsv prop ed visits,prop_ed,0,NA
2025-07-19,US,United States,wk inc rsv prop ed visits,prop_ed,2e-4,NA
2025-07-26,01,Alabama,wk inc rsv prop ed visits,prop_ed,4e-4,NA
2025-07-26,02,Alaska,wk inc rsv prop ed visits,prop_ed,1e-4,NA
2025-07-26,04,Arizona,wk inc rsv prop ed visits,prop_ed,0,NA
2025-07-26,05,Arkansas,wk inc rsv prop ed visits,prop_ed,3e-4,NA
2025-07-26,06,California,wk inc rsv prop ed visits,prop_ed,1e-4,NA
2025-07-26,08,Colorado,wk inc rsv prop ed visits,prop_ed,1e-4,NA
2025-07-26,09,Connecticut,wk inc rsv prop ed visits,prop_ed,0,NA
2025-07-26,10,Delaware,wk inc rsv prop ed visits,prop_ed,0,NA
2025-07-26,11,District of Columbia,wk inc rsv prop ed visits,prop_ed,0,NA
2025-07-26,12,Florida,wk inc rsv prop ed visits,prop_ed,7e-4,NA
2025-07-26,13,Georgia,wk inc rsv prop ed visits,prop_ed,1e-4,NA
2025-07-26,15,Hawaii,wk inc rsv prop ed visits,prop_ed,5e-4,NA
2025-07-26,16,Idaho,wk inc rsv prop ed visits,prop_ed,2e-4,NA
2025-07-26,17,Illinois,wk inc rsv prop ed visits,prop_ed,0,NA
2025-07-26,18,Indiana,wk inc rsv prop ed visits,prop_ed,0,NA
2025-07-26,19,Iowa,wk inc rsv prop ed visits,prop_ed,0,NA
2025-07-26,20,Kansas,wk inc rsv prop ed visits,prop_ed,0,NA
2025-07-26,21,Kentucky,wk inc rsv prop ed visits,prop_ed,1e-4,NA
2025-07-26,22,Louisiana,wk inc rsv prop ed visits,prop_ed,1e-4,NA
2025-07-26,23,Maine,wk inc rsv prop ed visits,prop_ed,0,NA
2025-07-26,24,Maryland,wk inc rsv prop ed visits,prop_ed,2e-4,NA
2025-07-26,25,Massachusetts,wk inc rsv prop ed visits,prop_ed,0,NA
2025-07-26,26,Michigan,wk inc rsv prop ed visits,prop_ed,0,NA
2025-07-26,27,Minnesota,wk inc rsv prop ed visits,prop_ed,1e-4,NA
2025-07-26,28,Mississippi,wk inc rsv prop ed visits,prop_ed,2e-4,NA
2025-07-26,30,Montana,wk inc rsv prop ed visits,prop_ed,1e-4,NA
2025-07-26,31,Nebraska,wk inc rsv prop ed visits,prop_ed,1e-4,NA
2025-07-26,32,Nevada,wk inc rsv prop ed visits,prop_ed,1e-4,NA
2025-07-26,33,New Hampshire,wk inc rsv prop ed visits,prop_ed,0,NA
2025-07-26,34,New Jersey,wk inc rsv prop ed visits,prop_ed,1e-4,NA
2025-07-26,35,New Mexico,wk inc rsv prop ed visits,prop_ed,0,NA
2025-07-26,36,New York,wk inc rsv prop ed visits,prop_ed,2e-4,NA
2025-07-26,37,North Carolina,wk inc rsv prop ed visits,prop_ed,2e-4,NA
2025-07-26,38,North Dakota,wk inc rsv prop ed visits,prop_ed,2e-4,NA
2025-07-26,39,Ohio,wk inc rsv prop ed visits,prop_ed,0,NA
2025-07-26,40,Oklahoma,wk inc rsv prop ed visits,prop_ed,3e-4,NA
2025-07-26,41,Oregon,wk inc rsv prop ed visits,prop_ed,0,NA
2025-07-26,42,Pennsylvania,wk inc rsv prop ed visits,prop_ed,1e-4,NA
2025-07-26,44,Rhode Island,wk inc rsv prop ed visits,prop_ed,1e-4,NA
2025-07-26,45,South Carolina,wk inc rsv prop ed visits,prop_ed,2e-4,NA
2025-07-26,46,South Dakota,wk inc rsv prop ed visits,prop_ed,0,NA
2025-07-26,47,Tennessee,wk inc rsv prop ed visits,prop_ed,1e-4,NA
2025-07-26,48,Texas,wk inc rsv prop ed visits,prop_ed,2e-4,NA
2025-07-26,49,Utah,wk inc rsv prop ed visits,prop_ed,1e-4,NA
2025-07-26,50,Vermont,wk inc rsv prop ed visits,prop_ed,0,NA
2025-07-26,51,Virginia,wk inc rsv prop ed visits,prop_ed,1e-4,NA
2025-07-26,53,Washington,wk inc rsv prop ed visits,prop_ed,1e-4,NA
2025-07-26,54,West Virginia,wk inc rsv prop ed visits,prop_ed,2e-4,NA
2025-07-26,55,Wisconsin,wk inc rsv prop ed visits,prop_ed,0,NA
2025-07-26,56,Wyoming,wk inc rsv prop ed visits,prop_ed,0,NA
2025-07-26,US,United States,wk inc rsv prop ed visits,prop_ed,2e-4,NA
2025-08-02,01,Alabama,wk inc rsv prop ed visits,prop_ed,3e-4,NA
2025-08-02,02,Alaska,wk inc rsv prop ed visits,prop_ed,0,NA
2025-08-02,04,Arizona,wk inc rsv prop ed visits,prop_ed,1e-4,NA
2025-08-02,05,Arkansas,wk inc rsv prop ed visits,prop_ed,0,NA
2025-08-02,06,California,wk inc rsv prop ed visits,prop_ed,1e-4,NA
2025-08-02,08,Colorado,wk inc rsv prop ed visits,prop_ed,0,NA
2025-08-02,09,Connecticut,wk inc rsv prop ed visits,prop_ed,0,NA
2025-08-02,10,Delaware,wk inc rsv prop ed visits,prop_ed,3e-4,NA
2025-08-02,11,District of Columbia,wk inc rsv prop ed visits,prop_ed,0,NA
2025-08-02,12,Florida,wk inc rsv prop ed visits,prop_ed,7e-4,NA
2025-08-02,13,Georgia,wk inc rsv prop ed visits,prop_ed,2e-4,NA
2025-08-02,15,Hawaii,wk inc rsv prop ed visits,prop_ed,4e-4,NA
2025-08-02,16,Idaho,wk inc rsv prop ed visits,prop_ed,1e-4,NA
2025-08-02,17,Illinois,wk inc rsv prop ed visits,prop_ed,1e-4,NA
2025-08-02,18,Indiana,wk inc rsv prop ed visits,prop_ed,1e-4,NA
2025-08-02,19,Iowa,wk inc rsv prop ed visits,prop_ed,1e-4,NA
2025-08-02,20,Kansas,wk inc rsv prop ed visits,prop_ed,2e-4,NA
2025-08-02,21,Kentucky,wk inc rsv prop ed visits,prop_ed,2e-4,NA
2025-08-02,22,Louisiana,wk inc rsv prop ed visits,prop_ed,2e-4,NA
2025-08-02,23,Maine,wk inc rsv prop ed visits,prop_ed,1e-4,NA
2025-08-02,24,Maryland,wk inc rsv prop ed visits,prop_ed,1e-4,NA
2025-08-02,25,Massachusetts,wk inc rsv prop ed visits,prop_ed,1e-4,NA
2025-08-02,26,Michigan,wk inc rsv prop ed visits,prop_ed,1e-4,NA
2025-08-02,27,Minnesota,wk inc rsv prop ed visits,prop_ed,3e-4,NA
2025-08-02,28,Mississippi,wk inc rsv prop ed visits,prop_ed,2e-4,NA
2025-08-02,30,Montana,wk inc rsv prop ed visits,prop_ed,2e-4,NA
2025-08-02,31,Nebraska,wk inc rsv prop ed visits,prop_ed,0,NA
2025-08-02,32,Nevada,wk inc rsv prop ed visits,prop_ed,1e-4,NA
2025-08-02,33,New Hampshire,wk inc rsv prop ed visits,prop_ed,1e-4,NA
2025-08-02,34,New Jersey,wk inc rsv prop ed visits,prop_ed,2e-4,NA
2025-08-02,35,New Mexico,wk inc rsv prop ed visits,prop_ed,1e-4,NA
2025-08-02,36,New York,wk inc rsv prop ed visits,prop_ed,1e-4,NA
2025-08-02,37,North Carolina,wk inc rsv prop ed visits,prop_ed,2e-4,NA
2025-08-02,38,North Dakota,wk inc rsv prop ed visits,prop_ed,2e-4,NA
2025-08-02,39,Ohio,wk inc rsv prop ed visits,prop_ed,0,NA
2025-08-02,40,Oklahoma,wk inc rsv prop ed visits,prop_ed,1e-4,NA
2025-08-02,41,Oregon,wk inc rsv prop ed visits,prop_ed,1e-4,NA
2025-08-02,42,Pennsylvania,wk inc rsv prop ed visits,prop_ed,0,NA
2025-08-02,44,Rhode Island,wk inc rsv prop ed visits,prop_ed,0,NA
2025-08-02,45,South Carolina,wk inc rsv prop ed visits,prop_ed,1e-4,NA
2025-08-02,46,South Dakota,wk inc rsv prop ed visits,prop_ed,0,NA
2025-08-02,47,Tennessee,wk inc rsv prop ed visits,prop_ed,1e-4,NA
2025-08-02,48,Texas,wk inc rsv prop ed visits,prop_ed,2e-4,NA
2025-08-02,49,Utah,wk inc rsv prop ed visits,prop_ed,0,NA
2025-08-02,50,Vermont,wk inc rsv prop ed visits,prop_ed,0,NA
2025-08-02,51,Virginia,wk inc rsv prop ed visits,prop_ed,1e-4,NA
2025-08-02,53,Washington,wk inc rsv prop ed visits,prop_ed,1e-4,NA
2025-08-02,54,West Virginia,wk inc rsv prop ed visits,prop_ed,3e-4,NA
2025-08-02,55,Wisconsin,wk inc rsv prop ed visits,prop_ed,0,NA
2025-08-02,56,Wyoming,wk inc rsv prop ed visits,prop_ed,0,NA
2025-08-02,US,United States,wk inc rsv prop ed visits,prop_ed,2e-4,NA
2025-08-09,01,Alabama,wk inc rsv prop ed visits,prop_ed,5e-4,NA
2025-08-09,02,Alaska,wk inc rsv prop ed visits,prop_ed,0,NA
2025-08-09,04,Arizona,wk inc rsv prop ed visits,prop_ed,0,NA
2025-08-09,05,Arkansas,wk inc rsv prop ed visits,prop_ed,2e-4,NA
2025-08-09,06,California,wk inc rsv prop ed visits,prop_ed,1e-4,NA
2025-08-09,08,Colorado,wk inc rsv prop ed visits,prop_ed,0,NA
2025-08-09,09,Connecticut,wk inc rsv prop ed visits,prop_ed,0,NA
2025-08-09,10,Delaware,wk inc rsv prop ed visits,prop_ed,0,NA
2025-08-09,11,District of Columbia,wk inc rsv prop ed visits,prop_ed,4e-4,NA
2025-08-09,12,Florida,wk inc rsv prop ed visits,prop_ed,6e-4,NA
2025-08-09,13,Georgia,wk inc rsv prop ed visits,prop_ed,3e-4,NA
2025-08-09,15,Hawaii,wk inc rsv prop ed visits,prop_ed,7e-4,NA
2025-08-09,16,Idaho,wk inc rsv prop ed visits,prop_ed,0,NA
2025-08-09,17,Illinois,wk inc rsv prop ed visits,prop_ed,1e-4,NA
2025-08-09,18,Indiana,wk inc rsv prop ed visits,prop_ed,1e-4,NA
2025-08-09,19,Iowa,wk inc rsv prop ed visits,prop_ed,0,NA
2025-08-09,20,Kansas,wk inc rsv prop ed visits,prop_ed,0,NA
2025-08-09,21,Kentucky,wk inc rsv prop ed visits,prop_ed,1e-4,NA
2025-08-09,22,Louisiana,wk inc rsv prop ed visits,prop_ed,1e-4,NA
2025-08-09,23,Maine,wk inc rsv prop ed visits,prop_ed,1e-4,NA
2025-08-09,24,Maryland,wk inc rsv prop ed visits,prop_ed,3e-4,NA
2025-08-09,25,Massachusetts,wk inc rsv prop ed visits,prop_ed,1e-4,NA
2025-08-09,26,Michigan,wk inc rsv prop ed visits,prop_ed,1e-4,NA
2025-08-09,27,Minnesota,wk inc rsv prop ed visits,prop_ed,2e-4,NA
2025-08-09,28,Mississippi,wk inc rsv prop ed visits,prop_ed,3e-4,NA
2025-08-09,30,Montana,wk inc rsv prop ed visits,prop_ed,0,NA
2025-08-09,31,Nebraska,wk inc rsv prop ed visits,prop_ed,3e-4,NA
2025-08-09,32,Nevada,wk inc rsv prop ed visits,prop_ed,0,NA
2025-08-09,33,New Hampshire,wk inc rsv prop ed visits,prop_ed,0,NA
2025-08-09,34,New Jersey,wk inc rsv prop ed visits,prop_ed,1e-4,NA
2025-08-09,35,New Mexico,wk inc rsv prop ed visits,prop_ed,0,NA
2025-08-09,36,New York,wk inc rsv prop ed visits,prop_ed,1e-4,NA
2025-08-09,37,North Carolina,wk inc rsv prop ed visits,prop_ed,2e-4,NA
2025-08-09,38,North Dakota,wk inc rsv prop ed visits,prop_ed,5e-4,NA
2025-08-09,39,Ohio,wk inc rsv prop ed visits,prop_ed,1e-4,NA
2025-08-09,40,Oklahoma,wk inc rsv prop ed visits,prop_ed,1e-4,NA
2025-08-09,41,Oregon,wk inc rsv prop ed visits,prop_ed,0,NA
2025-08-09,42,Pennsylvania,wk inc rsv prop ed visits,prop_ed,0,NA
2025-08-09,44,Rhode Island,wk inc rsv prop ed visits,prop_ed,0,NA
2025-08-09,45,South Carolina,wk inc rsv prop ed visits,prop_ed,1e-4,NA
2025-08-09,46,South Dakota,wk inc rsv prop ed visits,prop_ed,0,NA
2025-08-09,47,Tennessee,wk inc rsv prop ed visits,prop_ed,0,NA
2025-08-09,48,Texas,wk inc rsv prop ed visits,prop_ed,2e-4,NA
2025-08-09,49,Utah,wk inc rsv prop ed visits,prop_ed,0,NA
2025-08-09,50,Vermont,wk inc rsv prop ed visits,prop_ed,3e-4,NA
2025-08-09,51,Virginia,wk inc rsv prop ed visits,prop_ed,2e-4,NA
2025-08-09,53,Washington,wk inc rsv prop ed visits,prop_ed,0,NA
2025-08-09,54,West Virginia,wk inc rsv prop ed visits,prop_ed,0,NA
2025-08-09,55,Wisconsin,wk inc rsv prop ed visits,prop_ed,1e-4,NA
2025-08-09,56,Wyoming,wk inc rsv prop ed visits,prop_ed,0,NA
2025-08-09,US,United States,wk inc rsv prop ed visits,prop_ed,2e-4,NA
2025-08-16,01,Alabama,wk inc rsv prop ed visits,prop_ed,5e-4,NA
2025-08-16,02,Alaska,wk inc rsv prop ed visits,prop_ed,0,NA
2025-08-16,04,Arizona,wk inc rsv prop ed visits,prop_ed,0,NA
2025-08-16,05,Arkansas,wk inc rsv prop ed visits,prop_ed,1e-4,NA
2025-08-16,06,California,wk inc rsv prop ed visits,prop_ed,1e-4,NA
2025-08-16,08,Colorado,wk inc rsv prop ed visits,prop_ed,1e-4,NA
2025-08-16,09,Connecticut,wk inc rsv prop ed visits,prop_ed,0,NA
2025-08-16,10,Delaware,wk inc rsv prop ed visits,prop_ed,0,NA
2025-08-16,11,District of Columbia,wk inc rsv prop ed visits,prop_ed,6e-4,NA
2025-08-16,12,Florida,wk inc rsv prop ed visits,prop_ed,6e-4,NA
2025-08-16,13,Georgia,wk inc rsv prop ed visits,prop_ed,2e-4,NA
2025-08-16,15,Hawaii,wk inc rsv prop ed visits,prop_ed,6e-4,NA
2025-08-16,16,Idaho,wk inc rsv prop ed visits,prop_ed,1e-4,NA
2025-08-16,17,Illinois,wk inc rsv prop ed visits,prop_ed,1e-4,NA
2025-08-16,18,Indiana,wk inc rsv prop ed visits,prop_ed,1e-4,NA
2025-08-16,19,Iowa,wk inc rsv prop ed visits,prop_ed,1e-4,NA
2025-08-16,20,Kansas,wk inc rsv prop ed visits,prop_ed,0,NA
2025-08-16,21,Kentucky,wk inc rsv prop ed visits,prop_ed,2e-4,NA
2025-08-16,22,Louisiana,wk inc rsv prop ed visits,prop_ed,1e-4,NA
2025-08-16,23,Maine,wk inc rsv prop ed visits,prop_ed,1e-4,NA
2025-08-16,24,Maryland,wk inc rsv prop ed visits,prop_ed,1e-4,NA
2025-08-16,25,Massachusetts,wk inc rsv prop ed visits,prop_ed,0,NA
2025-08-16,26,Michigan,wk inc rsv prop ed visits,prop_ed,1e-4,NA
2025-08-16,27,Minnesota,wk inc rsv prop ed visits,prop_ed,3e-4,NA
2025-08-16,28,Mississippi,wk inc rsv prop ed visits,prop_ed,3e-4,NA
2025-08-16,30,Montana,wk inc rsv prop ed visits,prop_ed,1e-4,NA
2025-08-16,31,Nebraska,wk inc rsv prop ed visits,prop_ed,1e-4,NA
2025-08-16,32,Nevada,wk inc rsv prop ed visits,prop_ed,0,NA
2025-08-16,33,New Hampshire,wk inc rsv prop ed visits,prop_ed,0,NA
2025-08-16,34,New Jersey,wk inc rsv prop ed visits,prop_ed,1e-4,NA
2025-08-16,35,New Mexico,wk inc rsv prop ed visits,prop_ed,1e-4,NA
2025-08-16,36,New York,wk inc rsv prop ed visits,prop_ed,1e-4,NA
2025-08-16,37,North Carolina,wk inc rsv prop ed visits,prop_ed,2e-4,NA
2025-08-16,38,North Dakota,wk inc rsv prop ed visits,prop_ed,3e-4,NA
2025-08-16,39,Ohio,wk inc rsv prop ed visits,prop_ed,0,NA
2025-08-16,40,Oklahoma,wk inc rsv prop ed visits,prop_ed,1e-4,NA
2025-08-16,41,Oregon,wk inc rsv prop ed visits,prop_ed,0,NA
2025-08-16,42,Pennsylvania,wk inc rsv prop ed visits,prop_ed,1e-4,NA
2025-08-16,44,Rhode Island,wk inc rsv prop ed visits,prop_ed,4e-4,NA
2025-08-16,45,South Carolina,wk inc rsv prop ed visits,prop_ed,1e-4,NA
2025-08-16,46,South Dakota,wk inc rsv prop ed visits,prop_ed,0,NA
2025-08-16,47,Tennessee,wk inc rsv prop ed visits,prop_ed,1e-4,NA
2025-08-16,48,Texas,wk inc rsv prop ed visits,prop_ed,2e-4,NA
2025-08-16,49,Utah,wk inc rsv prop ed visits,prop_ed,0,NA
2025-08-16,50,Vermont,wk inc rsv prop ed visits,prop_ed,0,NA
2025-08-16,51,Virginia,wk inc rsv prop ed visits,prop_ed,1e-4,NA
2025-08-16,53,Washington,wk inc rsv prop ed visits,prop_ed,1e-4,NA
2025-08-16,54,West Virginia,wk inc rsv prop ed visits,prop_ed,1e-4,NA
2025-08-16,55,Wisconsin,wk inc rsv prop ed visits,prop_ed,1e-4,NA
2025-08-16,56,Wyoming,wk inc rsv prop ed visits,prop_ed,0,NA
2025-08-16,US,United States,wk inc rsv prop ed visits,prop_ed,2e-4,NA
2025-08-23,01,Alabama,wk inc rsv prop ed visits,prop_ed,6e-4,NA
2025-08-23,02,Alaska,wk inc rsv prop ed visits,prop_ed,0,NA
2025-08-23,04,Arizona,wk inc rsv prop ed visits,prop_ed,0,NA
2025-08-23,05,Arkansas,wk inc rsv prop ed visits,prop_ed,1e-4,NA
2025-08-23,06,California,wk inc rsv prop ed visits,prop_ed,1e-4,NA
2025-08-23,08,Colorado,wk inc rsv prop ed visits,prop_ed,1e-4,NA
2025-08-23,09,Connecticut,wk inc rsv prop ed visits,prop_ed,0,NA
2025-08-23,10,Delaware,wk inc rsv prop ed visits,prop_ed,1e-4,NA
2025-08-23,11,District of Columbia,wk inc rsv prop ed visits,prop_ed,1e-4,NA
2025-08-23,12,Florida,wk inc rsv prop ed visits,prop_ed,8e-4,NA
2025-08-23,13,Georgia,wk inc rsv prop ed visits,prop_ed,3e-4,NA
2025-08-23,15,Hawaii,wk inc rsv prop ed visits,prop_ed,4e-4,NA
2025-08-23,16,Idaho,wk inc rsv prop ed visits,prop_ed,3e-4,NA
2025-08-23,17,Illinois,wk inc rsv prop ed visits,prop_ed,1e-4,NA
2025-08-23,18,Indiana,wk inc rsv prop ed visits,prop_ed,1e-4,NA
2025-08-23,19,Iowa,wk inc rsv prop ed visits,prop_ed,3e-4,NA
2025-08-23,20,Kansas,wk inc rsv prop ed visits,prop_ed,0,NA
2025-08-23,21,Kentucky,wk inc rsv prop ed visits,prop_ed,4e-4,NA
2025-08-23,22,Louisiana,wk inc rsv prop ed visits,prop_ed,1e-4,NA
2025-08-23,23,Maine,wk inc rsv prop ed visits,prop_ed,1e-4,NA
2025-08-23,24,Maryland,wk inc rsv prop ed visits,prop_ed,3e-4,NA
2025-08-23,25,Massachusetts,wk inc rsv prop ed visits,prop_ed,1e-4,NA
2025-08-23,26,Michigan,wk inc rsv prop ed visits,prop_ed,0,NA
2025-08-23,27,Minnesota,wk inc rsv prop ed visits,prop_ed,2e-4,NA
2025-08-23,28,Mississippi,wk inc rsv prop ed visits,prop_ed,2e-4,NA
2025-08-23,30,Montana,wk inc rsv prop ed visits,prop_ed,1e-4,NA
2025-08-23,31,Nebraska,wk inc rsv prop ed visits,prop_ed,2e-4,NA
2025-08-23,32,Nevada,wk inc rsv prop ed visits,prop_ed,1e-4,NA
2025-08-23,33,New Hampshire,wk inc rsv prop ed visits,prop_ed,0,NA
2025-08-23,34,New Jersey,wk inc rsv prop ed visits,prop_ed,1e-4,NA
2025-08-23,35,New Mexico,wk inc rsv prop ed visits,prop_ed,1e-4,NA
2025-08-23,36,New York,wk inc rsv prop ed visits,prop_ed,1e-4,NA
2025-08-23,37,North Carolina,wk inc rsv prop ed visits,prop_ed,2e-4,NA
2025-08-23,38,North Dakota,wk inc rsv prop ed visits,prop_ed,0,NA
2025-08-23,39,Ohio,wk inc rsv prop ed visits,prop_ed,0,NA
2025-08-23,40,Oklahoma,wk inc rsv prop ed visits,prop_ed,2e-4,NA
2025-08-23,41,Oregon,wk inc rsv prop ed visits,prop_ed,0,NA
2025-08-23,42,Pennsylvania,wk inc rsv prop ed visits,prop_ed,1e-4,NA
2025-08-23,44,Rhode Island,wk inc rsv prop ed visits,prop_ed,0,NA
2025-08-23,45,South Carolina,wk inc rsv prop ed visits,prop_ed,0,NA
2025-08-23,46,South Dakota,wk inc rsv prop ed visits,prop_ed,0,NA
2025-08-23,47,Tennessee,wk inc rsv prop ed visits,prop_ed,2e-4,NA
2025-08-23,48,Texas,wk inc rsv prop ed visits,prop_ed,3e-4,NA
2025-08-23,49,Utah,wk inc rsv prop ed visits,prop_ed,0,NA
2025-08-23,50,Vermont,wk inc rsv prop ed visits,prop_ed,0,NA
2025-08-23,51,Virginia,wk inc rsv prop ed visits,prop_ed,2e-4,NA
2025-08-23,53,Washington,wk inc rsv prop ed visits,prop_ed,1e-4,NA
2025-08-23,54,West Virginia,wk inc rsv prop ed visits,prop_ed,2e-4,NA
2025-08-23,55,Wisconsin,wk inc rsv prop ed visits,prop_ed,0,NA
2025-08-23,56,Wyoming,wk inc rsv prop ed visits,prop_ed,0,NA
2025-08-23,US,United States,wk inc rsv prop ed visits,prop_ed,2e-4,NA
2025-08-30,01,Alabama,wk inc rsv prop ed visits,prop_ed,6e-4,NA
2025-08-30,02,Alaska,wk inc rsv prop ed visits,prop_ed,0,NA
2025-08-30,04,Arizona,wk inc rsv prop ed visits,prop_ed,0,NA
2025-08-30,05,Arkansas,wk inc rsv prop ed visits,prop_ed,2e-4,NA
2025-08-30,06,California,wk inc rsv prop ed visits,prop_ed,1e-4,NA
2025-08-30,08,Colorado,wk inc rsv prop ed visits,prop_ed,0,NA
2025-08-30,09,Connecticut,wk inc rsv prop ed visits,prop_ed,1e-4,NA
2025-08-30,10,Delaware,wk inc rsv prop ed visits,prop_ed,3e-4,NA
2025-08-30,11,District of Columbia,wk inc rsv prop ed visits,prop_ed,7e-4,NA
2025-08-30,12,Florida,wk inc rsv prop ed visits,prop_ed,0.0011,NA
2025-08-30,13,Georgia,wk inc rsv prop ed visits,prop_ed,4e-4,NA
2025-08-30,15,Hawaii,wk inc rsv prop ed visits,prop_ed,7e-4,NA
2025-08-30,16,Idaho,wk inc rsv prop ed visits,prop_ed,1e-4,NA
2025-08-30,17,Illinois,wk inc rsv prop ed visits,prop_ed,1e-4,NA
2025-08-30,18,Indiana,wk inc rsv prop ed visits,prop_ed,2e-4,NA
2025-08-30,19,Iowa,wk inc rsv prop ed visits,prop_ed,2e-4,NA
2025-08-30,20,Kansas,wk inc rsv prop ed visits,prop_ed,1e-4,NA
2025-08-30,21,Kentucky,wk inc rsv prop ed visits,prop_ed,2e-4,NA
2025-08-30,22,Louisiana,wk inc rsv prop ed visits,prop_ed,2e-4,NA
2025-08-30,23,Maine,wk inc rsv prop ed visits,prop_ed,0,NA
2025-08-30,24,Maryland,wk inc rsv prop ed visits,prop_ed,2e-4,NA
2025-08-30,25,Massachusetts,wk inc rsv prop ed visits,prop_ed,1e-4,NA
2025-08-30,26,Michigan,wk inc rsv prop ed visits,prop_ed,1e-4,NA
2025-08-30,27,Minnesota,wk inc rsv prop ed visits,prop_ed,2e-4,NA
2025-08-30,28,Mississippi,wk inc rsv prop ed visits,prop_ed,2e-4,NA
2025-08-30,30,Montana,wk inc rsv prop ed visits,prop_ed,0,NA
2025-08-30,31,Nebraska,wk inc rsv prop ed visits,prop_ed,2e-4,NA
2025-08-30,32,Nevada,wk inc rsv prop ed visits,prop_ed,0,NA
2025-08-30,33,New Hampshire,wk inc rsv prop ed visits,prop_ed,2e-4,NA
2025-08-30,34,New Jersey,wk inc rsv prop ed visits,prop_ed,2e-4,NA
2025-08-30,35,New Mexico,wk inc rsv prop ed visits,prop_ed,2e-4,NA
2025-08-30,36,New York,wk inc rsv prop ed visits,prop_ed,1e-4,NA
2025-08-30,37,North Carolina,wk inc rsv prop ed visits,prop_ed,2e-4,NA
2025-08-30,38,North Dakota,wk inc rsv prop ed visits,prop_ed,0,NA
2025-08-30,39,Ohio,wk inc rsv prop ed visits,prop_ed,0,NA
2025-08-30,40,Oklahoma,wk inc rsv prop ed visits,prop_ed,1e-4,NA
2025-08-30,41,Oregon,wk inc rsv prop ed visits,prop_ed,0,NA
2025-08-30,42,Pennsylvania,wk inc rsv prop ed visits,prop_ed,1e-4,NA
2025-08-30,44,Rhode Island,wk inc rsv prop ed visits,prop_ed,0,NA
2025-08-30,45,South Carolina,wk inc rsv prop ed visits,prop_ed,1e-4,NA
2025-08-30,46,South Dakota,wk inc rsv prop ed visits,prop_ed,0,NA
2025-08-30,47,Tennessee,wk inc rsv prop ed visits,prop_ed,2e-4,NA
2025-08-30,48,Texas,wk inc rsv prop ed visits,prop_ed,3e-4,NA
2025-08-30,49,Utah,wk inc rsv prop ed visits,prop_ed,0,NA
2025-08-30,50,Vermont,wk inc rsv prop ed visits,prop_ed,3e-4,NA
2025-08-30,51,Virginia,wk inc rsv prop ed visits,prop_ed,2e-4,NA
2025-08-30,53,Washington,wk inc rsv prop ed visits,prop_ed,1e-4,NA
2025-08-30,54,West Virginia,wk inc rsv prop ed visits,prop_ed,0,NA
2025-08-30,55,Wisconsin,wk inc rsv prop ed visits,prop_ed,1e-4,NA
2025-08-30,56,Wyoming,wk inc rsv prop ed visits,prop_ed,3e-4,NA
2025-08-30,US,United States,wk inc rsv prop ed visits,prop_ed,2e-4,NA
2025-09-06,01,Alabama,wk inc rsv prop ed visits,prop_ed,7e-4,NA
2025-09-06,02,Alaska,wk inc rsv prop ed visits,prop_ed,3e-4,NA
2025-09-06,04,Arizona,wk inc rsv prop ed visits,prop_ed,0,NA
2025-09-06,05,Arkansas,wk inc rsv prop ed visits,prop_ed,1e-4,NA
2025-09-06,06,California,wk inc rsv prop ed visits,prop_ed,1e-4,NA
2025-09-06,08,Colorado,wk inc rsv prop ed visits,prop_ed,2e-4,NA
2025-09-06,09,Connecticut,wk inc rsv prop ed visits,prop_ed,2e-4,NA
2025-09-06,10,Delaware,wk inc rsv prop ed visits,prop_ed,5e-4,NA
2025-09-06,11,District of Columbia,wk inc rsv prop ed visits,prop_ed,1e-4,NA
2025-09-06,12,Florida,wk inc rsv prop ed visits,prop_ed,0.001,NA
2025-09-06,13,Georgia,wk inc rsv prop ed visits,prop_ed,3e-4,NA
2025-09-06,15,Hawaii,wk inc rsv prop ed visits,prop_ed,6e-4,NA
2025-09-06,16,Idaho,wk inc rsv prop ed visits,prop_ed,1e-4,NA
2025-09-06,17,Illinois,wk inc rsv prop ed visits,prop_ed,2e-4,NA
2025-09-06,18,Indiana,wk inc rsv prop ed visits,prop_ed,1e-4,NA
2025-09-06,19,Iowa,wk inc rsv prop ed visits,prop_ed,1e-4,NA
2025-09-06,20,Kansas,wk inc rsv prop ed visits,prop_ed,2e-4,NA
2025-09-06,21,Kentucky,wk inc rsv prop ed visits,prop_ed,3e-4,NA
2025-09-06,22,Louisiana,wk inc rsv prop ed visits,prop_ed,2e-4,NA
2025-09-06,23,Maine,wk inc rsv prop ed visits,prop_ed,1e-4,NA
2025-09-06,24,Maryland,wk inc rsv prop ed visits,prop_ed,3e-4,NA
2025-09-06,25,Massachusetts,wk inc rsv prop ed visits,prop_ed,2e-4,NA
2025-09-06,26,Michigan,wk inc rsv prop ed visits,prop_ed,1e-4,NA
2025-09-06,27,Minnesota,wk inc rsv prop ed visits,prop_ed,3e-4,NA
2025-09-06,28,Mississippi,wk inc rsv prop ed visits,prop_ed,1e-4,NA
2025-09-06,30,Montana,wk inc rsv prop ed visits,prop_ed,1e-4,NA
2025-09-06,31,Nebraska,wk inc rsv prop ed visits,prop_ed,1e-4,NA
2025-09-06,32,Nevada,wk inc rsv prop ed visits,prop_ed,1e-4,NA
2025-09-06,33,New Hampshire,wk inc rsv prop ed visits,prop_ed,1e-4,NA
2025-09-06,34,New Jersey,wk inc rsv prop ed visits,prop_ed,2e-4,NA
2025-09-06,35,New Mexico,wk inc rsv prop ed visits,prop_ed,1e-4,NA
2025-09-06,36,New York,wk inc rsv prop ed visits,prop_ed,1e-4,NA
2025-09-06,37,North Carolina,wk inc rsv prop ed visits,prop_ed,3e-4,NA
2025-09-06,38,North Dakota,wk inc rsv prop ed visits,prop_ed,0,NA
2025-09-06,39,Ohio,wk inc rsv prop ed visits,prop_ed,1e-4,NA
2025-09-06,40,Oklahoma,wk inc rsv prop ed visits,prop_ed,1e-4,NA
2025-09-06,41,Oregon,wk inc rsv prop ed visits,prop_ed,0,NA
2025-09-06,42,Pennsylvania,wk inc rsv prop ed visits,prop_ed,2e-4,NA
2025-09-06,44,Rhode Island,wk inc rsv prop ed visits,prop_ed,0,NA
2025-09-06,45,South Carolina,wk inc rsv prop ed visits,prop_ed,0,NA
2025-09-06,46,South Dakota,wk inc rsv prop ed visits,prop_ed,2e-4,NA
2025-09-06,47,Tennessee,wk inc rsv prop ed visits,prop_ed,3e-4,NA
2025-09-06,48,Texas,wk inc rsv prop ed visits,prop_ed,3e-4,NA
2025-09-06,49,Utah,wk inc rsv prop ed visits,prop_ed,2e-4,NA
2025-09-06,50,Vermont,wk inc rsv prop ed visits,prop_ed,0,NA
2025-09-06,51,Virginia,wk inc rsv prop ed visits,prop_ed,2e-4,NA
2025-09-06,53,Washington,wk inc rsv prop ed visits,prop_ed,1e-4,NA
2025-09-06,54,West Virginia,wk inc rsv prop ed visits,prop_ed,0,NA
2025-09-06,55,Wisconsin,wk inc rsv prop ed visits,prop_ed,1e-4,NA
2025-09-06,56,Wyoming,wk inc rsv prop ed visits,prop_ed,3e-4,NA
2025-09-06,US,United States,wk inc rsv prop ed visits,prop_ed,3e-4,NA
2025-09-13,01,Alabama,wk inc rsv prop ed visits,prop_ed,9e-4,NA
2025-09-13,02,Alaska,wk inc rsv prop ed visits,prop_ed,1e-4,NA
2025-09-13,04,Arizona,wk inc rsv prop ed visits,prop_ed,0,NA
2025-09-13,05,Arkansas,wk inc rsv prop ed visits,prop_ed,3e-4,NA
2025-09-13,06,California,wk inc rsv prop ed visits,prop_ed,1e-4,NA
2025-09-13,08,Colorado,wk inc rsv prop ed visits,prop_ed,0,NA
2025-09-13,09,Connecticut,wk inc rsv prop ed visits,prop_ed,1e-4,NA
2025-09-13,10,Delaware,wk inc rsv prop ed visits,prop_ed,0,NA
2025-09-13,11,District of Columbia,wk inc rsv prop ed visits,prop_ed,7e-4,NA
2025-09-13,12,Florida,wk inc rsv prop ed visits,prop_ed,0.0013,NA
2025-09-13,13,Georgia,wk inc rsv prop ed visits,prop_ed,5e-4,NA
2025-09-13,15,Hawaii,wk inc rsv prop ed visits,prop_ed,6e-4,NA
2025-09-13,16,Idaho,wk inc rsv prop ed visits,prop_ed,3e-4,NA
2025-09-13,17,Illinois,wk inc rsv prop ed visits,prop_ed,2e-4,NA
2025-09-13,18,Indiana,wk inc rsv prop ed visits,prop_ed,2e-4,NA
2025-09-13,19,Iowa,wk inc rsv prop ed visits,prop_ed,2e-4,NA
2025-09-13,20,Kansas,wk inc rsv prop ed visits,prop_ed,3e-4,NA
2025-09-13,21,Kentucky,wk inc rsv prop ed visits,prop_ed,1e-4,NA
2025-09-13,22,Louisiana,wk inc rsv prop ed visits,prop_ed,2e-4,NA
2025-09-13,23,Maine,wk inc rsv prop ed visits,prop_ed,5e-4,NA
2025-09-13,24,Maryland,wk inc rsv prop ed visits,prop_ed,1e-4,NA
2025-09-13,25,Massachusetts,wk inc rsv prop ed visits,prop_ed,2e-4,NA
2025-09-13,26,Michigan,wk inc rsv prop ed visits,prop_ed,1e-4,NA
2025-09-13,27,Minnesota,wk inc rsv prop ed visits,prop_ed,2e-4,NA
2025-09-13,28,Mississippi,wk inc rsv prop ed visits,prop_ed,1e-4,NA
2025-09-13,30,Montana,wk inc rsv prop ed visits,prop_ed,0,NA
2025-09-13,31,Nebraska,wk inc rsv prop ed visits,prop_ed,1e-4,NA
2025-09-13,32,Nevada,wk inc rsv prop ed visits,prop_ed,1e-4,NA
2025-09-13,33,New Hampshire,wk inc rsv prop ed visits,prop_ed,0,NA
2025-09-13,34,New Jersey,wk inc rsv prop ed visits,prop_ed,2e-4,NA
2025-09-13,35,New Mexico,wk inc rsv prop ed visits,prop_ed,1e-4,NA
2025-09-13,36,New York,wk inc rsv prop ed visits,prop_ed,2e-4,NA
2025-09-13,37,North Carolina,wk inc rsv prop ed visits,prop_ed,2e-4,NA
2025-09-13,38,North Dakota,wk inc rsv prop ed visits,prop_ed,0,NA
2025-09-13,39,Ohio,wk inc rsv prop ed visits,prop_ed,0,NA
2025-09-13,40,Oklahoma,wk inc rsv prop ed visits,prop_ed,4e-4,NA
2025-09-13,41,Oregon,wk inc rsv prop ed visits,prop_ed,0,NA
2025-09-13,42,Pennsylvania,wk inc rsv prop ed visits,prop_ed,1e-4,NA
2025-09-13,44,Rhode Island,wk inc rsv prop ed visits,prop_ed,1e-4,NA
2025-09-13,45,South Carolina,wk inc rsv prop ed visits,prop_ed,1e-4,NA
2025-09-13,46,South Dakota,wk inc rsv prop ed visits,prop_ed,3e-4,NA
2025-09-13,47,Tennessee,wk inc rsv prop ed visits,prop_ed,3e-4,NA
2025-09-13,48,Texas,wk inc rsv prop ed visits,prop_ed,4e-4,NA
2025-09-13,49,Utah,wk inc rsv prop ed visits,prop_ed,2e-4,NA
2025-09-13,50,Vermont,wk inc rsv prop ed visits,prop_ed,0,NA
2025-09-13,51,Virginia,wk inc rsv prop ed visits,prop_ed,2e-4,NA
2025-09-13,53,Washington,wk inc rsv prop ed visits,prop_ed,2e-4,NA
2025-09-13,54,West Virginia,wk inc rsv prop ed visits,prop_ed,3e-4,NA
2025-09-13,55,Wisconsin,wk inc rsv prop ed visits,prop_ed,1e-4,NA
2025-09-13,56,Wyoming,wk inc rsv prop ed visits,prop_ed,0,NA
2025-09-13,US,United States,wk inc rsv prop ed visits,prop_ed,3e-4,NA
2025-09-20,01,Alabama,wk inc rsv prop ed visits,prop_ed,0.0011,NA
2025-09-20,02,Alaska,wk inc rsv prop ed visits,prop_ed,0,NA
2025-09-20,04,Arizona,wk inc rsv prop ed visits,prop_ed,1e-4,NA
2025-09-20,05,Arkansas,wk inc rsv prop ed visits,prop_ed,7e-4,NA
2025-09-20,06,California,wk inc rsv prop ed visits,prop_ed,1e-4,NA
2025-09-20,08,Colorado,wk inc rsv prop ed visits,prop_ed,1e-4,NA
2025-09-20,09,Connecticut,wk inc rsv prop ed visits,prop_ed,2e-4,NA
2025-09-20,10,Delaware,wk inc rsv prop ed visits,prop_ed,2e-4,NA
2025-09-20,11,District of Columbia,wk inc rsv prop ed visits,prop_ed,4e-4,NA
2025-09-20,12,Florida,wk inc rsv prop ed visits,prop_ed,0.0015,NA
2025-09-20,13,Georgia,wk inc rsv prop ed visits,prop_ed,5e-4,NA
2025-09-20,15,Hawaii,wk inc rsv prop ed visits,prop_ed,0.0015,NA
2025-09-20,16,Idaho,wk inc rsv prop ed visits,prop_ed,2e-4,NA
2025-09-20,17,Illinois,wk inc rsv prop ed visits,prop_ed,2e-4,NA
2025-09-20,18,Indiana,wk inc rsv prop ed visits,prop_ed,2e-4,NA
2025-09-20,19,Iowa,wk inc rsv prop ed visits,prop_ed,1e-4,NA
2025-09-20,20,Kansas,wk inc rsv prop ed visits,prop_ed,3e-4,NA
2025-09-20,21,Kentucky,wk inc rsv prop ed visits,prop_ed,2e-4,NA
2025-09-20,22,Louisiana,wk inc rsv prop ed visits,prop_ed,2e-4,NA
2025-09-20,23,Maine,wk inc rsv prop ed visits,prop_ed,3e-4,NA
2025-09-20,24,Maryland,wk inc rsv prop ed visits,prop_ed,3e-4,NA
2025-09-20,25,Massachusetts,wk inc rsv prop ed visits,prop_ed,2e-4,NA
2025-09-20,26,Michigan,wk inc rsv prop ed visits,prop_ed,0,NA
2025-09-20,27,Minnesota,wk inc rsv prop ed visits,prop_ed,0,NA
2025-09-20,28,Mississippi,wk inc rsv prop ed visits,prop_ed,4e-4,NA
2025-09-20,30,Montana,wk inc rsv prop ed visits,prop_ed,0,NA
2025-09-20,31,Nebraska,wk inc rsv prop ed visits,prop_ed,1e-4,NA
2025-09-20,32,Nevada,wk inc rsv prop ed visits,prop_ed,1e-4,NA
2025-09-20,33,New Hampshire,wk inc rsv prop ed visits,prop_ed,1e-4,NA
2025-09-20,34,New Jersey,wk inc rsv prop ed visits,prop_ed,3e-4,NA
2025-09-20,35,New Mexico,wk inc rsv prop ed visits,prop_ed,0,NA
2025-09-20,36,New York,wk inc rsv prop ed visits,prop_ed,2e-4,NA
2025-09-20,37,North Carolina,wk inc rsv prop ed visits,prop_ed,3e-4,NA
2025-09-20,38,North Dakota,wk inc rsv prop ed visits,prop_ed,2e-4,NA
2025-09-20,39,Ohio,wk inc rsv prop ed visits,prop_ed,1e-4,NA
2025-09-20,40,Oklahoma,wk inc rsv prop ed visits,prop_ed,1e-4,NA
2025-09-20,41,Oregon,wk inc rsv prop ed visits,prop_ed,0,NA
2025-09-20,42,Pennsylvania,wk inc rsv prop ed visits,prop_ed,1e-4,NA
2025-09-20,44,Rhode Island,wk inc rsv prop ed visits,prop_ed,4e-4,NA
2025-09-20,45,South Carolina,wk inc rsv prop ed visits,prop_ed,2e-4,NA
2025-09-20,46,South Dakota,wk inc rsv prop ed visits,prop_ed,3e-4,NA
2025-09-20,47,Tennessee,wk inc rsv prop ed visits,prop_ed,2e-4,NA
2025-09-20,48,Texas,wk inc rsv prop ed visits,prop_ed,3e-4,NA
2025-09-20,49,Utah,wk inc rsv prop ed visits,prop_ed,0,NA
2025-09-20,50,Vermont,wk inc rsv prop ed visits,prop_ed,0,NA
2025-09-20,51,Virginia,wk inc rsv prop ed visits,prop_ed,4e-4,NA
2025-09-20,53,Washington,wk inc rsv prop ed visits,prop_ed,1e-4,NA
2025-09-20,54,West Virginia,wk inc rsv prop ed visits,prop_ed,2e-4,NA
2025-09-20,55,Wisconsin,wk inc rsv prop ed visits,prop_ed,1e-4,NA
2025-09-20,56,Wyoming,wk inc rsv prop ed visits,prop_ed,3e-4,NA
2025-09-20,US,United States,wk inc rsv prop ed visits,prop_ed,3e-4,NA
2025-09-27,01,Alabama,wk inc rsv prop ed visits,prop_ed,0.001,NA
2025-09-27,02,Alaska,wk inc rsv prop ed visits,prop_ed,3e-4,NA
2025-09-27,04,Arizona,wk inc rsv prop ed visits,prop_ed,1e-4,NA
2025-09-27,05,Arkansas,wk inc rsv prop ed visits,prop_ed,8e-4,NA
2025-09-27,06,California,wk inc rsv prop ed visits,prop_ed,2e-4,NA
2025-09-27,08,Colorado,wk inc rsv prop ed visits,prop_ed,2e-4,NA
2025-09-27,09,Connecticut,wk inc rsv prop ed visits,prop_ed,1e-4,NA
2025-09-27,10,Delaware,wk inc rsv prop ed visits,prop_ed,4e-4,NA
2025-09-27,11,District of Columbia,wk inc rsv prop ed visits,prop_ed,3e-4,NA
2025-09-27,12,Florida,wk inc rsv prop ed visits,prop_ed,0.0019,NA
2025-09-27,13,Georgia,wk inc rsv prop ed visits,prop_ed,4e-4,NA
2025-09-27,15,Hawaii,wk inc rsv prop ed visits,prop_ed,7e-4,NA
2025-09-27,16,Idaho,wk inc rsv prop ed visits,prop_ed,1e-4,NA
2025-09-27,17,Illinois,wk inc rsv prop ed visits,prop_ed,2e-4,NA
2025-09-27,18,Indiana,wk inc rsv prop ed visits,prop_ed,2e-4,NA
2025-09-27,19,Iowa,wk inc rsv prop ed visits,prop_ed,1e-4,NA
2025-09-27,20,Kansas,wk inc rsv prop ed visits,prop_ed,2e-4,NA
2025-09-27,21,Kentucky,wk inc rsv prop ed visits,prop_ed,5e-4,NA
2025-09-27,22,Louisiana,wk inc rsv prop ed visits,prop_ed,3e-4,NA
2025-09-27,23,Maine,wk inc rsv prop ed visits,prop_ed,4e-4,NA
2025-09-27,24,Maryland,wk inc rsv prop ed visits,prop_ed,3e-4,NA
2025-09-27,25,Massachusetts,wk inc rsv prop ed visits,prop_ed,4e-4,NA
2025-09-27,26,Michigan,wk inc rsv prop ed visits,prop_ed,1e-4,NA
2025-09-27,27,Minnesota,wk inc rsv prop ed visits,prop_ed,2e-4,NA
2025-09-27,28,Mississippi,wk inc rsv prop ed visits,prop_ed,4e-4,NA
2025-09-27,30,Montana,wk inc rsv prop ed visits,prop_ed,0,NA
2025-09-27,31,Nebraska,wk inc rsv prop ed visits,prop_ed,1e-4,NA
2025-09-27,32,Nevada,wk inc rsv prop ed visits,prop_ed,0,NA
2025-09-27,33,New Hampshire,wk inc rsv prop ed visits,prop_ed,0,NA
2025-09-27,34,New Jersey,wk inc rsv prop ed visits,prop_ed,3e-4,NA
2025-09-27,35,New Mexico,wk inc rsv prop ed visits,prop_ed,1e-4,NA
2025-09-27,36,New York,wk inc rsv prop ed visits,prop_ed,2e-4,NA
2025-09-27,37,North Carolina,wk inc rsv prop ed visits,prop_ed,3e-4,NA
2025-09-27,38,North Dakota,wk inc rsv prop ed visits,prop_ed,1e-4,NA
2025-09-27,39,Ohio,wk inc rsv prop ed visits,prop_ed,0,NA
2025-09-27,40,Oklahoma,wk inc rsv prop ed visits,prop_ed,1e-4,NA
2025-09-27,41,Oregon,wk inc rsv prop ed visits,prop_ed,1e-4,NA
2025-09-27,42,Pennsylvania,wk inc rsv prop ed visits,prop_ed,1e-4,NA
2025-09-27,44,Rhode Island,wk inc rsv prop ed visits,prop_ed,2e-4,NA
2025-09-27,45,South Carolina,wk inc rsv prop ed visits,prop_ed,3e-4,NA
2025-09-27,46,South Dakota,wk inc rsv prop ed visits,prop_ed,0,NA
2025-09-27,47,Tennessee,wk inc rsv prop ed visits,prop_ed,3e-4,NA
2025-09-27,48,Texas,wk inc rsv prop ed visits,prop_ed,4e-4,NA
2025-09-27,49,Utah,wk inc rsv prop ed visits,prop_ed,0,NA
2025-09-27,50,Vermont,wk inc rsv prop ed visits,prop_ed,3e-4,NA
2025-09-27,51,Virginia,wk inc rsv prop ed visits,prop_ed,4e-4,NA
2025-09-27,53,Washington,wk inc rsv prop ed visits,prop_ed,1e-4,NA
2025-09-27,54,West Virginia,wk inc rsv prop ed visits,prop_ed,2e-4,NA
2025-09-27,55,Wisconsin,wk inc rsv prop ed visits,prop_ed,1e-4,NA
2025-09-27,56,Wyoming,wk inc rsv prop ed visits,prop_ed,3e-4,NA
2025-09-27,US,United States,wk inc rsv prop ed visits,prop_ed,4e-4,NA
2025-10-04,01,Alabama,wk inc rsv prop ed visits,prop_ed,0.0011,NA
2025-10-04,02,Alaska,wk inc rsv prop ed visits,prop_ed,0,NA
2025-10-04,04,Arizona,wk inc rsv prop ed visits,prop_ed,1e-4,NA
2025-10-04,05,Arkansas,wk inc rsv prop ed visits,prop_ed,0.0011,NA
2025-10-04,06,California,wk inc rsv prop ed visits,prop_ed,2e-4,NA
2025-10-04,08,Colorado,wk inc rsv prop ed visits,prop_ed,1e-4,NA
2025-10-04,09,Connecticut,wk inc rsv prop ed visits,prop_ed,2e-4,NA
2025-10-04,10,Delaware,wk inc rsv prop ed visits,prop_ed,3e-4,NA
2025-10-04,11,District of Columbia,wk inc rsv prop ed visits,prop_ed,9e-4,NA
2025-10-04,12,Florida,wk inc rsv prop ed visits,prop_ed,0.0022,NA
2025-10-04,13,Georgia,wk inc rsv prop ed visits,prop_ed,6e-4,NA
2025-10-04,15,Hawaii,wk inc rsv prop ed visits,prop_ed,0.001,NA
2025-10-04,16,Idaho,wk inc rsv prop ed visits,prop_ed,4e-4,NA
2025-10-04,17,Illinois,wk inc rsv prop ed visits,prop_ed,3e-4,NA
2025-10-04,18,Indiana,wk inc rsv prop ed visits,prop_ed,3e-4,NA
2025-10-04,19,Iowa,wk inc rsv prop ed visits,prop_ed,1e-4,NA
2025-10-04,20,Kansas,wk inc rsv prop ed visits,prop_ed,1e-4,NA
2025-10-04,21,Kentucky,wk inc rsv prop ed visits,prop_ed,5e-4,NA
2025-10-04,22,Louisiana,wk inc rsv prop ed visits,prop_ed,5e-4,NA
2025-10-04,23,Maine,wk inc rsv prop ed visits,prop_ed,1e-4,NA
2025-10-04,24,Maryland,wk inc rsv prop ed visits,prop_ed,5e-4,NA
2025-10-04,25,Massachusetts,wk inc rsv prop ed visits,prop_ed,2e-4,NA
2025-10-04,26,Michigan,wk inc rsv prop ed visits,prop_ed,1e-4,NA
2025-10-04,27,Minnesota,wk inc rsv prop ed visits,prop_ed,2e-4,NA
2025-10-04,28,Mississippi,wk inc rsv prop ed visits,prop_ed,4e-4,NA
2025-10-04,30,Montana,wk inc rsv prop ed visits,prop_ed,1e-4,NA
2025-10-04,31,Nebraska,wk inc rsv prop ed visits,prop_ed,1e-4,NA
2025-10-04,32,Nevada,wk inc rsv prop ed visits,prop_ed,2e-4,NA
2025-10-04,33,New Hampshire,wk inc rsv prop ed visits,prop_ed,2e-4,NA
2025-10-04,34,New Jersey,wk inc rsv prop ed visits,prop_ed,4e-4,NA
2025-10-04,35,New Mexico,wk inc rsv prop ed visits,prop_ed,1e-4,NA
2025-10-04,36,New York,wk inc rsv prop ed visits,prop_ed,2e-4,NA
2025-10-04,37,North Carolina,wk inc rsv prop ed visits,prop_ed,4e-4,NA
2025-10-04,38,North Dakota,wk inc rsv prop ed visits,prop_ed,0,NA
2025-10-04,39,Ohio,wk inc rsv prop ed visits,prop_ed,1e-4,NA
2025-10-04,40,Oklahoma,wk inc rsv prop ed visits,prop_ed,2e-4,NA
2025-10-04,41,Oregon,wk inc rsv prop ed visits,prop_ed,0,NA
2025-10-04,42,Pennsylvania,wk inc rsv prop ed visits,prop_ed,1e-4,NA
2025-10-04,44,Rhode Island,wk inc rsv prop ed visits,prop_ed,0,NA
2025-10-04,45,South Carolina,wk inc rsv prop ed visits,prop_ed,8e-4,NA
2025-10-04,46,South Dakota,wk inc rsv prop ed visits,prop_ed,0,NA
2025-10-04,47,Tennessee,wk inc rsv prop ed visits,prop_ed,4e-4,NA
2025-10-04,48,Texas,wk inc rsv prop ed visits,prop_ed,6e-4,NA
2025-10-04,49,Utah,wk inc rsv prop ed visits,prop_ed,1e-4,NA
2025-10-04,50,Vermont,wk inc rsv prop ed visits,prop_ed,0,NA
2025-10-04,51,Virginia,wk inc rsv prop ed visits,prop_ed,6e-4,NA
2025-10-04,53,Washington,wk inc rsv prop ed visits,prop_ed,2e-4,NA
2025-10-04,54,West Virginia,wk inc rsv prop ed visits,prop_ed,3e-4,NA
2025-10-04,55,Wisconsin,wk inc rsv prop ed visits,prop_ed,0,NA
2025-10-04,56,Wyoming,wk inc rsv prop ed visits,prop_ed,3e-4,NA
2025-10-04,US,United States,wk inc rsv prop ed visits,prop_ed,5e-4,NA
2025-10-11,01,Alabama,wk inc rsv prop ed visits,prop_ed,0.0016,NA
2025-10-11,02,Alaska,wk inc rsv prop ed visits,prop_ed,2e-4,NA
2025-10-11,04,Arizona,wk inc rsv prop ed visits,prop_ed,1e-4,NA
2025-10-11,05,Arkansas,wk inc rsv prop ed visits,prop_ed,0.0014,NA
2025-10-11,06,California,wk inc rsv prop ed visits,prop_ed,3e-4,NA
2025-10-11,08,Colorado,wk inc rsv prop ed visits,prop_ed,1e-4,NA
2025-10-11,09,Connecticut,wk inc rsv prop ed visits,prop_ed,1e-4,NA
2025-10-11,10,Delaware,wk inc rsv prop ed visits,prop_ed,4e-4,NA
2025-10-11,11,District of Columbia,wk inc rsv prop ed visits,prop_ed,0.0012,NA
2025-10-11,12,Florida,wk inc rsv prop ed visits,prop_ed,0.0029,NA
2025-10-11,13,Georgia,wk inc rsv prop ed visits,prop_ed,0.0011,NA
2025-10-11,15,Hawaii,wk inc rsv prop ed visits,prop_ed,0.0021,NA
2025-10-11,16,Idaho,wk inc rsv prop ed visits,prop_ed,3e-4,NA
2025-10-11,17,Illinois,wk inc rsv prop ed visits,prop_ed,2e-4,NA
2025-10-11,18,Indiana,wk inc rsv prop ed visits,prop_ed,4e-4,NA
2025-10-11,19,Iowa,wk inc rsv prop ed visits,prop_ed,1e-4,NA
2025-10-11,20,Kansas,wk inc rsv prop ed visits,prop_ed,3e-4,NA
2025-10-11,21,Kentucky,wk inc rsv prop ed visits,prop_ed,6e-4,NA
2025-10-11,22,Louisiana,wk inc rsv prop ed visits,prop_ed,7e-4,NA
2025-10-11,23,Maine,wk inc rsv prop ed visits,prop_ed,3e-4,NA
2025-10-11,24,Maryland,wk inc rsv prop ed visits,prop_ed,5e-4,NA
2025-10-11,25,Massachusetts,wk inc rsv prop ed visits,prop_ed,3e-4,NA
2025-10-11,26,Michigan,wk inc rsv prop ed visits,prop_ed,1e-4,NA
2025-10-11,27,Minnesota,wk inc rsv prop ed visits,prop_ed,5e-4,NA
2025-10-11,28,Mississippi,wk inc rsv prop ed visits,prop_ed,4e-4,NA
2025-10-11,30,Montana,wk inc rsv prop ed visits,prop_ed,2e-4,NA
2025-10-11,31,Nebraska,wk inc rsv prop ed visits,prop_ed,1e-4,NA
2025-10-11,32,Nevada,wk inc rsv prop ed visits,prop_ed,2e-4,NA
2025-10-11,33,New Hampshire,wk inc rsv prop ed visits,prop_ed,1e-4,NA
2025-10-11,34,New Jersey,wk inc rsv prop ed visits,prop_ed,4e-4,NA
2025-10-11,35,New Mexico,wk inc rsv prop ed visits,prop_ed,0,NA
2025-10-11,36,New York,wk inc rsv prop ed visits,prop_ed,3e-4,NA
2025-10-11,37,North Carolina,wk inc rsv prop ed visits,prop_ed,4e-4,NA
2025-10-11,38,North Dakota,wk inc rsv prop ed visits,prop_ed,0,NA
2025-10-11,39,Ohio,wk inc rsv prop ed visits,prop_ed,1e-4,NA
2025-10-11,40,Oklahoma,wk inc rsv prop ed visits,prop_ed,2e-4,NA
2025-10-11,41,Oregon,wk inc rsv prop ed visits,prop_ed,0,NA
2025-10-11,42,Pennsylvania,wk inc rsv prop ed visits,prop_ed,1e-4,NA
2025-10-11,44,Rhode Island,wk inc rsv prop ed visits,prop_ed,4e-4,NA
2025-10-11,45,South Carolina,wk inc rsv prop ed visits,prop_ed,0.001,NA
2025-10-11,46,South Dakota,wk inc rsv prop ed visits,prop_ed,0,NA
2025-10-11,47,Tennessee,wk inc rsv prop ed visits,prop_ed,6e-4,NA
2025-10-11,48,Texas,wk inc rsv prop ed visits,prop_ed,9e-4,NA
2025-10-11,49,Utah,wk inc rsv prop ed visits,prop_ed,1e-4,NA
2025-10-11,50,Vermont,wk inc rsv prop ed visits,prop_ed,0,NA
2025-10-11,51,Virginia,wk inc rsv prop ed visits,prop_ed,8e-4,NA
2025-10-11,53,Washington,wk inc rsv prop ed visits,prop_ed,3e-4,NA
2025-10-11,54,West Virginia,wk inc rsv prop ed visits,prop_ed,3e-4,NA
2025-10-11,55,Wisconsin,wk inc rsv prop ed visits,prop_ed,1e-4,NA
2025-10-11,56,Wyoming,wk inc rsv prop ed visits,prop_ed,0,NA
2025-10-11,US,United States,wk inc rsv prop ed visits,prop_ed,7e-4,NA
2025-10-18,01,Alabama,wk inc rsv prop ed visits,prop_ed,0.0014,NA
2025-10-18,02,Alaska,wk inc rsv prop ed visits,prop_ed,7e-4,NA
2025-10-18,04,Arizona,wk inc rsv prop ed visits,prop_ed,1e-4,NA
2025-10-18,05,Arkansas,wk inc rsv prop ed visits,prop_ed,0.0016,NA
2025-10-18,06,California,wk inc rsv prop ed visits,prop_ed,3e-4,NA
2025-10-18,08,Colorado,wk inc rsv prop ed visits,prop_ed,1e-4,NA
2025-10-18,09,Connecticut,wk inc rsv prop ed visits,prop_ed,3e-4,NA
2025-10-18,10,Delaware,wk inc rsv prop ed visits,prop_ed,8e-4,NA
2025-10-18,11,District of Columbia,wk inc rsv prop ed visits,prop_ed,1e-4,NA
2025-10-18,12,Florida,wk inc rsv prop ed visits,prop_ed,0.0033,NA
2025-10-18,13,Georgia,wk inc rsv prop ed visits,prop_ed,0.0013,NA
2025-10-18,15,Hawaii,wk inc rsv prop ed visits,prop_ed,0.0022,NA
2025-10-18,16,Idaho,wk inc rsv prop ed visits,prop_ed,2e-4,NA
2025-10-18,17,Illinois,wk inc rsv prop ed visits,prop_ed,3e-4,NA
2025-10-18,18,Indiana,wk inc rsv prop ed visits,prop_ed,3e-4,NA
2025-10-18,19,Iowa,wk inc rsv prop ed visits,prop_ed,2e-4,NA
2025-10-18,20,Kansas,wk inc rsv prop ed visits,prop_ed,1e-4,NA
2025-10-18,21,Kentucky,wk inc rsv prop ed visits,prop_ed,4e-4,NA
2025-10-18,22,Louisiana,wk inc rsv prop ed visits,prop_ed,0.001,NA
2025-10-18,23,Maine,wk inc rsv prop ed visits,prop_ed,1e-4,NA
2025-10-18,24,Maryland,wk inc rsv prop ed visits,prop_ed,8e-4,NA
2025-10-18,25,Massachusetts,wk inc rsv prop ed visits,prop_ed,6e-4,NA
2025-10-18,26,Michigan,wk inc rsv prop ed visits,prop_ed,1e-4,NA
2025-10-18,27,Minnesota,wk inc rsv prop ed visits,prop_ed,5e-4,NA
2025-10-18,28,Mississippi,wk inc rsv prop ed visits,prop_ed,6e-4,NA
2025-10-18,30,Montana,wk inc rsv prop ed visits,prop_ed,0,NA
2025-10-18,31,Nebraska,wk inc rsv prop ed visits,prop_ed,0,NA
2025-10-18,32,Nevada,wk inc rsv prop ed visits,prop_ed,2e-4,NA
2025-10-18,33,New Hampshire,wk inc rsv prop ed visits,prop_ed,3e-4,NA
2025-10-18,34,New Jersey,wk inc rsv prop ed visits,prop_ed,4e-4,NA
2025-10-18,35,New Mexico,wk inc rsv prop ed visits,prop_ed,1e-4,NA
2025-10-18,36,New York,wk inc rsv prop ed visits,prop_ed,3e-4,NA
2025-10-18,37,North Carolina,wk inc rsv prop ed visits,prop_ed,4e-4,NA
2025-10-18,38,North Dakota,wk inc rsv prop ed visits,prop_ed,0,NA
2025-10-18,39,Ohio,wk inc rsv prop ed visits,prop_ed,1e-4,NA
2025-10-18,40,Oklahoma,wk inc rsv prop ed visits,prop_ed,5e-4,NA
2025-10-18,41,Oregon,wk inc rsv prop ed visits,prop_ed,1e-4,NA
2025-10-18,42,Pennsylvania,wk inc rsv prop ed visits,prop_ed,2e-4,NA
2025-10-18,44,Rhode Island,wk inc rsv prop ed visits,prop_ed,2e-4,NA
2025-10-18,45,South Carolina,wk inc rsv prop ed visits,prop_ed,0.0014,NA
2025-10-18,46,South Dakota,wk inc rsv prop ed visits,prop_ed,2e-4,NA
2025-10-18,47,Tennessee,wk inc rsv prop ed visits,prop_ed,6e-4,NA
2025-10-18,48,Texas,wk inc rsv prop ed visits,prop_ed,0.0012,NA
2025-10-18,49,Utah,wk inc rsv prop ed visits,prop_ed,2e-4,NA
2025-10-18,50,Vermont,wk inc rsv prop ed visits,prop_ed,0,NA
2025-10-18,51,Virginia,wk inc rsv prop ed visits,prop_ed,0.001,NA
2025-10-18,53,Washington,wk inc rsv prop ed visits,prop_ed,3e-4,NA
2025-10-18,54,West Virginia,wk inc rsv prop ed visits,prop_ed,2e-4,NA
2025-10-18,55,Wisconsin,wk inc rsv prop ed visits,prop_ed,2e-4,NA
2025-10-18,56,Wyoming,wk inc rsv prop ed visits,prop_ed,0,NA
2025-10-18,US,United States,wk inc rsv prop ed visits,prop_ed,8e-4,NA
2025-10-25,01,Alabama,wk inc rsv prop ed visits,prop_ed,0.002,NA
2025-10-25,02,Alaska,wk inc rsv prop ed visits,prop_ed,1e-4,NA
2025-10-25,04,Arizona,wk inc rsv prop ed visits,prop_ed,1e-4,NA
2025-10-25,05,Arkansas,wk inc rsv prop ed visits,prop_ed,0.0022,NA
2025-10-25,06,California,wk inc rsv prop ed visits,prop_ed,3e-4,NA
2025-10-25,08,Colorado,wk inc rsv prop ed visits,prop_ed,0,NA
2025-10-25,09,Connecticut,wk inc rsv prop ed visits,prop_ed,3e-4,NA
2025-10-25,10,Delaware,wk inc rsv prop ed visits,prop_ed,6e-4,NA
2025-10-25,11,District of Columbia,wk inc rsv prop ed visits,prop_ed,8e-4,NA
2025-10-25,12,Florida,wk inc rsv prop ed visits,prop_ed,0.0036,NA
2025-10-25,13,Georgia,wk inc rsv prop ed visits,prop_ed,0.0017,NA
2025-10-25,15,Hawaii,wk inc rsv prop ed visits,prop_ed,0.0016,NA
2025-10-25,16,Idaho,wk inc rsv prop ed visits,prop_ed,2e-4,NA
2025-10-25,17,Illinois,wk inc rsv prop ed visits,prop_ed,4e-4,NA
2025-10-25,18,Indiana,wk inc rsv prop ed visits,prop_ed,4e-4,NA
2025-10-25,19,Iowa,wk inc rsv prop ed visits,prop_ed,4e-4,NA
2025-10-25,20,Kansas,wk inc rsv prop ed visits,prop_ed,0,NA
2025-10-25,21,Kentucky,wk inc rsv prop ed visits,prop_ed,8e-4,NA
2025-10-25,22,Louisiana,wk inc rsv prop ed visits,prop_ed,0.001,NA
2025-10-25,23,Maine,wk inc rsv prop ed visits,prop_ed,1e-4,NA
2025-10-25,24,Maryland,wk inc rsv prop ed visits,prop_ed,6e-4,NA
2025-10-25,25,Massachusetts,wk inc rsv prop ed visits,prop_ed,7e-4,NA
2025-10-25,26,Michigan,wk inc rsv prop ed visits,prop_ed,1e-4,NA
2025-10-25,27,Minnesota,wk inc rsv prop ed visits,prop_ed,4e-4,NA
2025-10-25,28,Mississippi,wk inc rsv prop ed visits,prop_ed,6e-4,NA
2025-10-25,30,Montana,wk inc rsv prop ed visits,prop_ed,1e-4,NA
2025-10-25,31,Nebraska,wk inc rsv prop ed visits,prop_ed,2e-4,NA
2025-10-25,32,Nevada,wk inc rsv prop ed visits,prop_ed,3e-4,NA
2025-10-25,33,New Hampshire,wk inc rsv prop ed visits,prop_ed,2e-4,NA
2025-10-25,34,New Jersey,wk inc rsv prop ed visits,prop_ed,7e-4,NA
2025-10-25,35,New Mexico,wk inc rsv prop ed visits,prop_ed,2e-4,NA
2025-10-25,36,New York,wk inc rsv prop ed visits,prop_ed,5e-4,NA
2025-10-25,37,North Carolina,wk inc rsv prop ed visits,prop_ed,7e-4,NA
2025-10-25,38,North Dakota,wk inc rsv prop ed visits,prop_ed,0,NA
2025-10-25,39,Ohio,wk inc rsv prop ed visits,prop_ed,2e-4,NA
2025-10-25,40,Oklahoma,wk inc rsv prop ed visits,prop_ed,3e-4,NA
2025-10-25,41,Oregon,wk inc rsv prop ed visits,prop_ed,0,NA
2025-10-25,42,Pennsylvania,wk inc rsv prop ed visits,prop_ed,2e-4,NA
2025-10-25,44,Rhode Island,wk inc rsv prop ed visits,prop_ed,4e-4,NA
2025-10-25,45,South Carolina,wk inc rsv prop ed visits,prop_ed,0.0012,NA
2025-10-25,46,South Dakota,wk inc rsv prop ed visits,prop_ed,3e-4,NA
2025-10-25,47,Tennessee,wk inc rsv prop ed visits,prop_ed,5e-4,NA
2025-10-25,48,Texas,wk inc rsv prop ed visits,prop_ed,0.0011,NA
2025-10-25,49,Utah,wk inc rsv prop ed visits,prop_ed,0,NA
2025-10-25,50,Vermont,wk inc rsv prop ed visits,prop_ed,0,NA
2025-10-25,51,Virginia,wk inc rsv prop ed visits,prop_ed,9e-4,NA
2025-10-25,53,Washington,wk inc rsv prop ed visits,prop_ed,3e-4,NA
2025-10-25,54,West Virginia,wk inc rsv prop ed visits,prop_ed,7e-4,NA
2025-10-25,55,Wisconsin,wk inc rsv prop ed visits,prop_ed,1e-4,NA
2025-10-25,56,Wyoming,wk inc rsv prop ed visits,prop_ed,3e-4,NA
2025-10-25,US,United States,wk inc rsv prop ed visits,prop_ed,8e-4,NA
2025-11-01,01,Alabama,wk inc rsv prop ed visits,prop_ed,0.0022,NA
2025-11-01,02,Alaska,wk inc rsv prop ed visits,prop_ed,9e-4,NA
2025-11-01,04,Arizona,wk inc rsv prop ed visits,prop_ed,1e-4,NA
2025-11-01,05,Arkansas,wk inc rsv prop ed visits,prop_ed,0.002,NA
2025-11-01,06,California,wk inc rsv prop ed visits,prop_ed,4e-4,NA
2025-11-01,08,Colorado,wk inc rsv prop ed visits,prop_ed,2e-4,NA
2025-11-01,09,Connecticut,wk inc rsv prop ed visits,prop_ed,1e-4,NA
2025-11-01,10,Delaware,wk inc rsv prop ed visits,prop_ed,7e-4,NA
2025-11-01,11,District of Columbia,wk inc rsv prop ed visits,prop_ed,8e-4,NA
2025-11-01,12,Florida,wk inc rsv prop ed visits,prop_ed,0.0044,NA
2025-11-01,13,Georgia,wk inc rsv prop ed visits,prop_ed,0.0016,NA
2025-11-01,15,Hawaii,wk inc rsv prop ed visits,prop_ed,0.0015,NA
2025-11-01,16,Idaho,wk inc rsv prop ed visits,prop_ed,3e-4,NA
2025-11-01,17,Illinois,wk inc rsv prop ed visits,prop_ed,5e-4,NA
2025-11-01,18,Indiana,wk inc rsv prop ed visits,prop_ed,6e-4,NA
2025-11-01,19,Iowa,wk inc rsv prop ed visits,prop_ed,4e-4,NA
2025-11-01,20,Kansas,wk inc rsv prop ed visits,prop_ed,1e-4,NA
2025-11-01,21,Kentucky,wk inc rsv prop ed visits,prop_ed,6e-4,NA
2025-11-01,22,Louisiana,wk inc rsv prop ed visits,prop_ed,0.0013,NA
2025-11-01,23,Maine,wk inc rsv prop ed visits,prop_ed,1e-4,NA
2025-11-01,24,Maryland,wk inc rsv prop ed visits,prop_ed,8e-4,NA
2025-11-01,25,Massachusetts,wk inc rsv prop ed visits,prop_ed,8e-4,NA
2025-11-01,26,Michigan,wk inc rsv prop ed visits,prop_ed,3e-4,NA
2025-11-01,27,Minnesota,wk inc rsv prop ed visits,prop_ed,9e-4,NA
2025-11-01,28,Mississippi,wk inc rsv prop ed visits,prop_ed,5e-4,NA
2025-11-01,30,Montana,wk inc rsv prop ed visits,prop_ed,0,NA
2025-11-01,31,Nebraska,wk inc rsv prop ed visits,prop_ed,1e-4,NA
2025-11-01,32,Nevada,wk inc rsv prop ed visits,prop_ed,2e-4,NA
2025-11-01,33,New Hampshire,wk inc rsv prop ed visits,prop_ed,2e-4,NA
2025-11-01,34,New Jersey,wk inc rsv prop ed visits,prop_ed,9e-4,NA
2025-11-01,35,New Mexico,wk inc rsv prop ed visits,prop_ed,1e-4,NA
2025-11-01,36,New York,wk inc rsv prop ed visits,prop_ed,6e-4,NA
2025-11-01,37,North Carolina,wk inc rsv prop ed visits,prop_ed,0.001,NA
2025-11-01,38,North Dakota,wk inc rsv prop ed visits,prop_ed,0,NA
2025-11-01,39,Ohio,wk inc rsv prop ed visits,prop_ed,3e-4,NA
2025-11-01,40,Oklahoma,wk inc rsv prop ed visits,prop_ed,2e-4,NA
2025-11-01,41,Oregon,wk inc rsv prop ed visits,prop_ed,3e-4,NA
2025-11-01,42,Pennsylvania,wk inc rsv prop ed visits,prop_ed,2e-4,NA
2025-11-01,44,Rhode Island,wk inc rsv prop ed visits,prop_ed,3e-4,NA
2025-11-01,45,South Carolina,wk inc rsv prop ed visits,prop_ed,0.0012,NA
2025-11-01,46,South Dakota,wk inc rsv prop ed visits,prop_ed,4e-4,NA
2025-11-01,47,Tennessee,wk inc rsv prop ed visits,prop_ed,4e-4,NA
2025-11-01,48,Texas,wk inc rsv prop ed visits,prop_ed,0.0016,NA
2025-11-01,49,Utah,wk inc rsv prop ed visits,prop_ed,1e-4,NA
2025-11-01,50,Vermont,wk inc rsv prop ed visits,prop_ed,4e-4,NA
2025-11-01,51,Virginia,wk inc rsv prop ed visits,prop_ed,0.0016,NA
2025-11-01,53,Washington,wk inc rsv prop ed visits,prop_ed,5e-4,NA
2025-11-01,54,West Virginia,wk inc rsv prop ed visits,prop_ed,0.001,NA
2025-11-01,55,Wisconsin,wk inc rsv prop ed visits,prop_ed,2e-4,NA
2025-11-01,56,Wyoming,wk inc rsv prop ed visits,prop_ed,3e-4,NA
2025-11-01,US,United States,wk inc rsv prop ed visits,prop_ed,0.0011,NA
2025-11-08,01,Alabama,wk inc rsv prop ed visits,prop_ed,0.0031,NA
2025-11-08,02,Alaska,wk inc rsv prop ed visits,prop_ed,6e-4,NA
2025-11-08,04,Arizona,wk inc rsv prop ed visits,prop_ed,2e-4,NA
2025-11-08,05,Arkansas,wk inc rsv prop ed visits,prop_ed,0.0034,NA
2025-11-08,06,California,wk inc rsv prop ed visits,prop_ed,6e-4,NA
2025-11-08,08,Colorado,wk inc rsv prop ed visits,prop_ed,2e-4,NA
2025-11-08,09,Connecticut,wk inc rsv prop ed visits,prop_ed,2e-4,NA
2025-11-08,10,Delaware,wk inc rsv prop ed visits,prop_ed,0.001,NA
2025-11-08,11,District of Columbia,wk inc rsv prop ed visits,prop_ed,0.0014,NA
2025-11-08,12,Florida,wk inc rsv prop ed visits,prop_ed,0.0048,NA
2025-11-08,13,Georgia,wk inc rsv prop ed visits,prop_ed,0.0022,NA
2025-11-08,15,Hawaii,wk inc rsv prop ed visits,prop_ed,0.0012,NA
2025-11-08,16,Idaho,wk inc rsv prop ed visits,prop_ed,4e-4,NA
2025-11-08,17,Illinois,wk inc rsv prop ed visits,prop_ed,6e-4,NA
2025-11-08,18,Indiana,wk inc rsv prop ed visits,prop_ed,5e-4,NA
2025-11-08,19,Iowa,wk inc rsv prop ed visits,prop_ed,4e-4,NA
2025-11-08,20,Kansas,wk inc rsv prop ed visits,prop_ed,1e-4,NA
2025-11-08,21,Kentucky,wk inc rsv prop ed visits,prop_ed,0.0011,NA
2025-11-08,22,Louisiana,wk inc rsv prop ed visits,prop_ed,0.0015,NA
2025-11-08,23,Maine,wk inc rsv prop ed visits,prop_ed,2e-4,NA
2025-11-08,24,Maryland,wk inc rsv prop ed visits,prop_ed,0.0014,NA
2025-11-08,25,Massachusetts,wk inc rsv prop ed visits,prop_ed,0.001,NA
2025-11-08,26,Michigan,wk inc rsv prop ed visits,prop_ed,3e-4,NA
2025-11-08,27,Minnesota,wk inc rsv prop ed visits,prop_ed,8e-4,NA
2025-11-08,28,Mississippi,wk inc rsv prop ed visits,prop_ed,7e-4,NA
2025-11-08,30,Montana,wk inc rsv prop ed visits,prop_ed,2e-4,NA
2025-11-08,31,Nebraska,wk inc rsv prop ed visits,prop_ed,0,NA
2025-11-08,32,Nevada,wk inc rsv prop ed visits,prop_ed,2e-4,NA
2025-11-08,33,New Hampshire,wk inc rsv prop ed visits,prop_ed,2e-4,NA
2025-11-08,34,New Jersey,wk inc rsv prop ed visits,prop_ed,0.0012,NA
2025-11-08,35,New Mexico,wk inc rsv prop ed visits,prop_ed,1e-4,NA
2025-11-08,36,New York,wk inc rsv prop ed visits,prop_ed,8e-4,NA
2025-11-08,37,North Carolina,wk inc rsv prop ed visits,prop_ed,0.0013,NA
2025-11-08,38,North Dakota,wk inc rsv prop ed visits,prop_ed,0,NA
2025-11-08,39,Ohio,wk inc rsv prop ed visits,prop_ed,3e-4,NA
2025-11-08,40,Oklahoma,wk inc rsv prop ed visits,prop_ed,3e-4,NA
2025-11-08,41,Oregon,wk inc rsv prop ed visits,prop_ed,2e-4,NA
2025-11-08,42,Pennsylvania,wk inc rsv prop ed visits,prop_ed,5e-4,NA
2025-11-08,44,Rhode Island,wk inc rsv prop ed visits,prop_ed,9e-4,NA
2025-11-08,45,South Carolina,wk inc rsv prop ed visits,prop_ed,0.0021,NA
2025-11-08,46,South Dakota,wk inc rsv prop ed visits,prop_ed,0,NA
2025-11-08,47,Tennessee,wk inc rsv prop ed visits,prop_ed,0.0011,NA
2025-11-08,48,Texas,wk inc rsv prop ed visits,prop_ed,0.0026,NA
2025-11-08,49,Utah,wk inc rsv prop ed visits,prop_ed,2e-4,NA
2025-11-08,50,Vermont,wk inc rsv prop ed visits,prop_ed,2e-4,NA
2025-11-08,51,Virginia,wk inc rsv prop ed visits,prop_ed,0.0015,NA
2025-11-08,53,Washington,wk inc rsv prop ed visits,prop_ed,6e-4,NA
2025-11-08,54,West Virginia,wk inc rsv prop ed visits,prop_ed,9e-4,NA
2025-11-08,55,Wisconsin,wk inc rsv prop ed visits,prop_ed,3e-4,NA
2025-11-08,56,Wyoming,wk inc rsv prop ed visits,prop_ed,0,NA
2025-11-08,US,United States,wk inc rsv prop ed visits,prop_ed,0.0014,NA
2025-11-15,01,Alabama,wk inc rsv prop ed visits,prop_ed,0.0035,NA
2025-11-15,02,Alaska,wk inc rsv prop ed visits,prop_ed,4e-4,NA
2025-11-15,04,Arizona,wk inc rsv prop ed visits,prop_ed,2e-4,NA
2025-11-15,05,Arkansas,wk inc rsv prop ed visits,prop_ed,0.0053,NA
2025-11-15,06,California,wk inc rsv prop ed visits,prop_ed,8e-4,NA
2025-11-15,08,Colorado,wk inc rsv prop ed visits,prop_ed,4e-4,NA
2025-11-15,09,Connecticut,wk inc rsv prop ed visits,prop_ed,4e-4,NA
2025-11-15,10,Delaware,wk inc rsv prop ed visits,prop_ed,0.0018,NA
2025-11-15,11,District of Columbia,wk inc rsv prop ed visits,prop_ed,0.0023,NA
2025-11-15,12,Florida,wk inc rsv prop ed visits,prop_ed,0.0053,NA
2025-11-15,13,Georgia,wk inc rsv prop ed visits,prop_ed,0.0021,NA
2025-11-15,15,Hawaii,wk inc rsv prop ed visits,prop_ed,0.0019,NA
2025-11-15,16,Idaho,wk inc rsv prop ed visits,prop_ed,2e-4,NA
2025-11-15,17,Illinois,wk inc rsv prop ed visits,prop_ed,6e-4,NA
2025-11-15,18,Indiana,wk inc rsv prop ed visits,prop_ed,6e-4,NA
2025-11-15,19,Iowa,wk inc rsv prop ed visits,prop_ed,4e-4,NA
2025-11-15,20,Kansas,wk inc rsv prop ed visits,prop_ed,3e-4,NA
2025-11-15,21,Kentucky,wk inc rsv prop ed visits,prop_ed,0.0013,NA
2025-11-15,22,Louisiana,wk inc rsv prop ed visits,prop_ed,0.0027,NA
2025-11-15,23,Maine,wk inc rsv prop ed visits,prop_ed,2e-4,NA
2025-11-15,24,Maryland,wk inc rsv prop ed visits,prop_ed,0.0014,NA
2025-11-15,25,Massachusetts,wk inc rsv prop ed visits,prop_ed,0.001,NA
2025-11-15,26,Michigan,wk inc rsv prop ed visits,prop_ed,4e-4,NA
2025-11-15,27,Minnesota,wk inc rsv prop ed visits,prop_ed,8e-4,NA
2025-11-15,28,Mississippi,wk inc rsv prop ed visits,prop_ed,0.0012,NA
2025-11-15,30,Montana,wk inc rsv prop ed visits,prop_ed,0,NA
2025-11-15,31,Nebraska,wk inc rsv prop ed visits,prop_ed,1e-4,NA
2025-11-15,32,Nevada,wk inc rsv prop ed visits,prop_ed,2e-4,NA
2025-11-15,33,New Hampshire,wk inc rsv prop ed visits,prop_ed,4e-4,NA
2025-11-15,34,New Jersey,wk inc rsv prop ed visits,prop_ed,0.0012,NA
2025-11-15,35,New Mexico,wk inc rsv prop ed visits,prop_ed,2e-4,NA
2025-11-15,36,New York,wk inc rsv prop ed visits,prop_ed,8e-4,NA
2025-11-15,37,North Carolina,wk inc rsv prop ed visits,prop_ed,0.0017,NA
2025-11-15,38,North Dakota,wk inc rsv prop ed visits,prop_ed,2e-4,NA
2025-11-15,39,Ohio,wk inc rsv prop ed visits,prop_ed,5e-4,NA
2025-11-15,40,Oklahoma,wk inc rsv prop ed visits,prop_ed,3e-4,NA
2025-11-15,41,Oregon,wk inc rsv prop ed visits,prop_ed,4e-4,NA
2025-11-15,42,Pennsylvania,wk inc rsv prop ed visits,prop_ed,7e-4,NA
2025-11-15,44,Rhode Island,wk inc rsv prop ed visits,prop_ed,0.0011,NA
2025-11-15,45,South Carolina,wk inc rsv prop ed visits,prop_ed,0.0028,NA
2025-11-15,46,South Dakota,wk inc rsv prop ed visits,prop_ed,0,NA
2025-11-15,47,Tennessee,wk inc rsv prop ed visits,prop_ed,9e-4,NA
2025-11-15,48,Texas,wk inc rsv prop ed visits,prop_ed,0.0027,NA
2025-11-15,49,Utah,wk inc rsv prop ed visits,prop_ed,1e-4,NA
2025-11-15,50,Vermont,wk inc rsv prop ed visits,prop_ed,2e-4,NA
2025-11-15,51,Virginia,wk inc rsv prop ed visits,prop_ed,0.002,NA
2025-11-15,53,Washington,wk inc rsv prop ed visits,prop_ed,0.0011,NA
2025-11-15,54,West Virginia,wk inc rsv prop ed visits,prop_ed,0.0013,NA
2025-11-15,55,Wisconsin,wk inc rsv prop ed visits,prop_ed,2e-4,NA
2025-11-15,56,Wyoming,wk inc rsv prop ed visits,prop_ed,3e-4,NA
2025-11-15,US,United States,wk inc rsv prop ed visits,prop_ed,0.0016,NA
2025-11-22,01,Alabama,wk inc rsv prop ed visits,prop_ed,0.0041,NA
2025-11-22,02,Alaska,wk inc rsv prop ed visits,prop_ed,4e-4,NA
2025-11-22,04,Arizona,wk inc rsv prop ed visits,prop_ed,2e-4,NA
2025-11-22,05,Arkansas,wk inc rsv prop ed visits,prop_ed,0.0053,NA
2025-11-22,06,California,wk inc rsv prop ed visits,prop_ed,7e-4,NA
2025-11-22,08,Colorado,wk inc rsv prop ed visits,prop_ed,6e-4,NA
2025-11-22,09,Connecticut,wk inc rsv prop ed visits,prop_ed,6e-4,NA
2025-11-22,10,Delaware,wk inc rsv prop ed visits,prop_ed,0.0021,NA
2025-11-22,11,District of Columbia,wk inc rsv prop ed visits,prop_ed,0.0014,NA
2025-11-22,12,Florida,wk inc rsv prop ed visits,prop_ed,0.0056,NA
2025-11-22,13,Georgia,wk inc rsv prop ed visits,prop_ed,0.0029,NA
2025-11-22,15,Hawaii,wk inc rsv prop ed visits,prop_ed,0.0021,NA
2025-11-22,16,Idaho,wk inc rsv prop ed visits,prop_ed,2e-4,NA
2025-11-22,17,Illinois,wk inc rsv prop ed visits,prop_ed,0.0013,NA
2025-11-22,18,Indiana,wk inc rsv prop ed visits,prop_ed,0.0011,NA
2025-11-22,19,Iowa,wk inc rsv prop ed visits,prop_ed,5e-4,NA
2025-11-22,20,Kansas,wk inc rsv prop ed visits,prop_ed,7e-4,NA
2025-11-22,21,Kentucky,wk inc rsv prop ed visits,prop_ed,0.0019,NA
2025-11-22,22,Louisiana,wk inc rsv prop ed visits,prop_ed,0.0035,NA
2025-11-22,23,Maine,wk inc rsv prop ed visits,prop_ed,0,NA
2025-11-22,24,Maryland,wk inc rsv prop ed visits,prop_ed,0.0026,NA
2025-11-22,25,Massachusetts,wk inc rsv prop ed visits,prop_ed,0.0014,NA
2025-11-22,26,Michigan,wk inc rsv prop ed visits,prop_ed,5e-4,NA
2025-11-22,27,Minnesota,wk inc rsv prop ed visits,prop_ed,0.0011,NA
2025-11-22,28,Mississippi,wk inc rsv prop ed visits,prop_ed,9e-4,NA
2025-11-22,30,Montana,wk inc rsv prop ed visits,prop_ed,2e-4,NA
2025-11-22,31,Nebraska,wk inc rsv prop ed visits,prop_ed,1e-4,NA
2025-11-22,32,Nevada,wk inc rsv prop ed visits,prop_ed,6e-4,NA
2025-11-22,33,New Hampshire,wk inc rsv prop ed visits,prop_ed,0.0013,NA
2025-11-22,34,New Jersey,wk inc rsv prop ed visits,prop_ed,0.0019,NA
2025-11-22,35,New Mexico,wk inc rsv prop ed visits,prop_ed,3e-4,NA
2025-11-22,36,New York,wk inc rsv prop ed visits,prop_ed,0.0013,NA
2025-11-22,37,North Carolina,wk inc rsv prop ed visits,prop_ed,0.0023,NA
2025-11-22,38,North Dakota,wk inc rsv prop ed visits,prop_ed,3e-4,NA
2025-11-22,39,Ohio,wk inc rsv prop ed visits,prop_ed,5e-4,NA
2025-11-22,40,Oklahoma,wk inc rsv prop ed visits,prop_ed,7e-4,NA
2025-11-22,41,Oregon,wk inc rsv prop ed visits,prop_ed,5e-4,NA
2025-11-22,42,Pennsylvania,wk inc rsv prop ed visits,prop_ed,8e-4,NA
2025-11-22,44,Rhode Island,wk inc rsv prop ed visits,prop_ed,0.002,NA
2025-11-22,45,South Carolina,wk inc rsv prop ed visits,prop_ed,0.0035,NA
2025-11-22,46,South Dakota,wk inc rsv prop ed visits,prop_ed,0,NA
2025-11-22,47,Tennessee,wk inc rsv prop ed visits,prop_ed,0.0014,NA
2025-11-22,48,Texas,wk inc rsv prop ed visits,prop_ed,0.0036,NA
2025-11-22,49,Utah,wk inc rsv prop ed visits,prop_ed,2e-4,NA
2025-11-22,50,Vermont,wk inc rsv prop ed visits,prop_ed,2e-4,NA
2025-11-22,51,Virginia,wk inc rsv prop ed visits,prop_ed,0.0029,NA
2025-11-22,53,Washington,wk inc rsv prop ed visits,prop_ed,0.0013,NA
2025-11-22,54,West Virginia,wk inc rsv prop ed visits,prop_ed,0.0022,NA
2025-11-22,55,Wisconsin,wk inc rsv prop ed visits,prop_ed,1e-4,NA
2025-11-22,56,Wyoming,wk inc rsv prop ed visits,prop_ed,3e-4,NA
2025-11-22,US,United States,wk inc rsv prop ed visits,prop_ed,0.002,NA
2025-11-29,01,Alabama,wk inc rsv prop ed visits,prop_ed,0.0068,NA
2025-11-29,02,Alaska,wk inc rsv prop ed visits,prop_ed,0.0014,NA
2025-11-29,04,Arizona,wk inc rsv prop ed visits,prop_ed,3e-4,NA
2025-11-29,05,Arkansas,wk inc rsv prop ed visits,prop_ed,0.0052,NA
2025-11-29,06,California,wk inc rsv prop ed visits,prop_ed,0.001,NA
2025-11-29,08,Colorado,wk inc rsv prop ed visits,prop_ed,6e-4,NA
2025-11-29,09,Connecticut,wk inc rsv prop ed visits,prop_ed,7e-4,NA
2025-11-29,10,Delaware,wk inc rsv prop ed visits,prop_ed,0.0046,NA
2025-11-29,11,District of Columbia,wk inc rsv prop ed visits,prop_ed,0.0025,NA
2025-11-29,12,Florida,wk inc rsv prop ed visits,prop_ed,0.0063,NA
2025-11-29,13,Georgia,wk inc rsv prop ed visits,prop_ed,0.0041,NA
2025-11-29,15,Hawaii,wk inc rsv prop ed visits,prop_ed,0.0029,NA
2025-11-29,16,Idaho,wk inc rsv prop ed visits,prop_ed,6e-4,NA
2025-11-29,17,Illinois,wk inc rsv prop ed visits,prop_ed,0.0017,NA
2025-11-29,18,Indiana,wk inc rsv prop ed visits,prop_ed,0.0016,NA
2025-11-29,19,Iowa,wk inc rsv prop ed visits,prop_ed,8e-4,NA
2025-11-29,20,Kansas,wk inc rsv prop ed visits,prop_ed,5e-4,NA
2025-11-29,21,Kentucky,wk inc rsv prop ed visits,prop_ed,0.0027,NA
2025-11-29,22,Louisiana,wk inc rsv prop ed visits,prop_ed,0.0046,NA
2025-11-29,23,Maine,wk inc rsv prop ed visits,prop_ed,0,NA
2025-11-29,24,Maryland,wk inc rsv prop ed visits,prop_ed,0.0029,NA
2025-11-29,25,Massachusetts,wk inc rsv prop ed visits,prop_ed,0.0021,NA
2025-11-29,26,Michigan,wk inc rsv prop ed visits,prop_ed,7e-4,NA
2025-11-29,27,Minnesota,wk inc rsv prop ed visits,prop_ed,0.0014,NA
2025-11-29,28,Mississippi,wk inc rsv prop ed visits,prop_ed,0.0019,NA
2025-11-29,30,Montana,wk inc rsv prop ed visits,prop_ed,4e-4,NA
2025-11-29,31,Nebraska,wk inc rsv prop ed visits,prop_ed,1e-4,NA
2025-11-29,32,Nevada,wk inc rsv prop ed visits,prop_ed,6e-4,NA
2025-11-29,33,New Hampshire,wk inc rsv prop ed visits,prop_ed,0.001,NA
2025-11-29,34,New Jersey,wk inc rsv prop ed visits,prop_ed,0.0026,NA
2025-11-29,35,New Mexico,wk inc rsv prop ed visits,prop_ed,3e-4,NA
2025-11-29,36,New York,wk inc rsv prop ed visits,prop_ed,0.002,NA
2025-11-29,37,North Carolina,wk inc rsv prop ed visits,prop_ed,0.0035,NA
2025-11-29,38,North Dakota,wk inc rsv prop ed visits,prop_ed,4e-4,NA
2025-11-29,39,Ohio,wk inc rsv prop ed visits,prop_ed,0.001,NA
2025-11-29,40,Oklahoma,wk inc rsv prop ed visits,prop_ed,0.0017,NA
2025-11-29,41,Oregon,wk inc rsv prop ed visits,prop_ed,8e-4,NA
2025-11-29,42,Pennsylvania,wk inc rsv prop ed visits,prop_ed,0.0013,NA
2025-11-29,44,Rhode Island,wk inc rsv prop ed visits,prop_ed,0.0026,NA
2025-11-29,45,South Carolina,wk inc rsv prop ed visits,prop_ed,0.0052,NA
2025-11-29,46,South Dakota,wk inc rsv prop ed visits,prop_ed,0,NA
2025-11-29,47,Tennessee,wk inc rsv prop ed visits,prop_ed,0.0023,NA
2025-11-29,48,Texas,wk inc rsv prop ed visits,prop_ed,0.0051,NA
2025-11-29,49,Utah,wk inc rsv prop ed visits,prop_ed,4e-4,NA
2025-11-29,50,Vermont,wk inc rsv prop ed visits,prop_ed,4e-4,NA
2025-11-29,51,Virginia,wk inc rsv prop ed visits,prop_ed,0.0038,NA
2025-11-29,53,Washington,wk inc rsv prop ed visits,prop_ed,0.0017,NA
2025-11-29,54,West Virginia,wk inc rsv prop ed visits,prop_ed,0.0029,NA
2025-11-29,55,Wisconsin,wk inc rsv prop ed visits,prop_ed,4e-4,NA
2025-11-29,56,Wyoming,wk inc rsv prop ed visits,prop_ed,0,NA
2025-11-29,US,United States,wk inc rsv prop ed visits,prop_ed,0.0027,NA
2025-12-06,01,Alabama,wk inc rsv prop ed visits,prop_ed,0.0056,NA
2025-12-06,02,Alaska,wk inc rsv prop ed visits,prop_ed,0.0019,NA
2025-12-06,04,Arizona,wk inc rsv prop ed visits,prop_ed,3e-4,NA
2025-12-06,05,Arkansas,wk inc rsv prop ed visits,prop_ed,0.006,NA
2025-12-06,06,California,wk inc rsv prop ed visits,prop_ed,0.001,NA
2025-12-06,08,Colorado,wk inc rsv prop ed visits,prop_ed,7e-4,NA
2025-12-06,09,Connecticut,wk inc rsv prop ed visits,prop_ed,0.0013,NA
2025-12-06,10,Delaware,wk inc rsv prop ed visits,prop_ed,0.0041,NA
2025-12-06,11,District of Columbia,wk inc rsv prop ed visits,prop_ed,0.0015,NA
2025-12-06,12,Florida,wk inc rsv prop ed visits,prop_ed,0.0052,NA
2025-12-06,13,Georgia,wk inc rsv prop ed visits,prop_ed,0.0038,NA
2025-12-06,15,Hawaii,wk inc rsv prop ed visits,prop_ed,0.0028,NA
2025-12-06,16,Idaho,wk inc rsv prop ed visits,prop_ed,0.001,NA
2025-12-06,17,Illinois,wk inc rsv prop ed visits,prop_ed,0.002,NA
2025-12-06,18,Indiana,wk inc rsv prop ed visits,prop_ed,0.0018,NA
2025-12-06,19,Iowa,wk inc rsv prop ed visits,prop_ed,0.001,NA
2025-12-06,20,Kansas,wk inc rsv prop ed visits,prop_ed,0.001,NA
2025-12-06,21,Kentucky,wk inc rsv prop ed visits,prop_ed,0.0038,NA
2025-12-06,22,Louisiana,wk inc rsv prop ed visits,prop_ed,0.0042,NA
2025-12-06,23,Maine,wk inc rsv prop ed visits,prop_ed,2e-4,NA
2025-12-06,24,Maryland,wk inc rsv prop ed visits,prop_ed,0.0039,NA
2025-12-06,25,Massachusetts,wk inc rsv prop ed visits,prop_ed,0.0023,NA
2025-12-06,26,Michigan,wk inc rsv prop ed visits,prop_ed,0.001,NA
2025-12-06,27,Minnesota,wk inc rsv prop ed visits,prop_ed,0.0024,NA
2025-12-06,28,Mississippi,wk inc rsv prop ed visits,prop_ed,0.0021,NA
2025-12-06,30,Montana,wk inc rsv prop ed visits,prop_ed,1e-4,NA
2025-12-06,31,Nebraska,wk inc rsv prop ed visits,prop_ed,4e-4,NA
2025-12-06,32,Nevada,wk inc rsv prop ed visits,prop_ed,5e-4,NA
2025-12-06,33,New Hampshire,wk inc rsv prop ed visits,prop_ed,0.0016,NA
2025-12-06,34,New Jersey,wk inc rsv prop ed visits,prop_ed,0.0032,NA
2025-12-06,35,New Mexico,wk inc rsv prop ed visits,prop_ed,7e-4,NA
2025-12-06,36,New York,wk inc rsv prop ed visits,prop_ed,0.0023,NA
2025-12-06,37,North Carolina,wk inc rsv prop ed visits,prop_ed,0.0042,NA
2025-12-06,38,North Dakota,wk inc rsv prop ed visits,prop_ed,5e-4,NA
2025-12-06,39,Ohio,wk inc rsv prop ed visits,prop_ed,0.0011,NA
2025-12-06,40,Oklahoma,wk inc rsv prop ed visits,prop_ed,0.0016,NA
2025-12-06,41,Oregon,wk inc rsv prop ed visits,prop_ed,7e-4,NA
2025-12-06,42,Pennsylvania,wk inc rsv prop ed visits,prop_ed,0.0021,NA
2025-12-06,44,Rhode Island,wk inc rsv prop ed visits,prop_ed,0.0022,NA
2025-12-06,45,South Carolina,wk inc rsv prop ed visits,prop_ed,0.0055,NA
2025-12-06,46,South Dakota,wk inc rsv prop ed visits,prop_ed,4e-4,NA
2025-12-06,47,Tennessee,wk inc rsv prop ed visits,prop_ed,0.0028,NA
2025-12-06,48,Texas,wk inc rsv prop ed visits,prop_ed,0.005,NA
2025-12-06,49,Utah,wk inc rsv prop ed visits,prop_ed,4e-4,NA
2025-12-06,50,Vermont,wk inc rsv prop ed visits,prop_ed,2e-4,NA
2025-12-06,51,Virginia,wk inc rsv prop ed visits,prop_ed,0.0044,NA
2025-12-06,53,Washington,wk inc rsv prop ed visits,prop_ed,0.0024,NA
2025-12-06,54,West Virginia,wk inc rsv prop ed visits,prop_ed,0.003,NA
2025-12-06,55,Wisconsin,wk inc rsv prop ed visits,prop_ed,7e-4,NA
2025-12-06,56,Wyoming,wk inc rsv prop ed visits,prop_ed,0,NA
2025-12-06,US,United States,wk inc rsv prop ed visits,prop_ed,0.0028,NA
2025-12-13,01,Alabama,wk inc rsv prop ed visits,prop_ed,0.0057,NA
2025-12-13,02,Alaska,wk inc rsv prop ed visits,prop_ed,0.0026,NA
2025-12-13,04,Arizona,wk inc rsv prop ed visits,prop_ed,4e-4,NA
2025-12-13,05,Arkansas,wk inc rsv prop ed visits,prop_ed,0.0064,NA
2025-12-13,06,California,wk inc rsv prop ed visits,prop_ed,0.0013,NA
2025-12-13,08,Colorado,wk inc rsv prop ed visits,prop_ed,0.0011,NA
2025-12-13,09,Connecticut,wk inc rsv prop ed visits,prop_ed,0.0017,NA
2025-12-13,10,Delaware,wk inc rsv prop ed visits,prop_ed,0.0051,NA
2025-12-13,11,District of Columbia,wk inc rsv prop ed visits,prop_ed,0.0033,NA
2025-12-13,12,Florida,wk inc rsv prop ed visits,prop_ed,0.0053,NA
2025-12-13,13,Georgia,wk inc rsv prop ed visits,prop_ed,0.0041,NA
2025-12-13,15,Hawaii,wk inc rsv prop ed visits,prop_ed,0.0047,NA
2025-12-13,16,Idaho,wk inc rsv prop ed visits,prop_ed,0.0011,NA
2025-12-13,17,Illinois,wk inc rsv prop ed visits,prop_ed,0.0027,NA
2025-12-13,18,Indiana,wk inc rsv prop ed visits,prop_ed,0.0028,NA
2025-12-13,19,Iowa,wk inc rsv prop ed visits,prop_ed,0.0012,NA
2025-12-13,20,Kansas,wk inc rsv prop ed visits,prop_ed,0.0022,NA
2025-12-13,21,Kentucky,wk inc rsv prop ed visits,prop_ed,0.0042,NA
2025-12-13,22,Louisiana,wk inc rsv prop ed visits,prop_ed,0.0051,NA
2025-12-13,23,Maine,wk inc rsv prop ed visits,prop_ed,5e-4,NA
2025-12-13,24,Maryland,wk inc rsv prop ed visits,prop_ed,0.0045,NA
2025-12-13,25,Massachusetts,wk inc rsv prop ed visits,prop_ed,0.0031,NA
2025-12-13,26,Michigan,wk inc rsv prop ed visits,prop_ed,0.0013,NA
2025-12-13,27,Minnesota,wk inc rsv prop ed visits,prop_ed,0.0021,NA
2025-12-13,28,Mississippi,wk inc rsv prop ed visits,prop_ed,0.0034,NA
2025-12-13,30,Montana,wk inc rsv prop ed visits,prop_ed,7e-4,NA
2025-12-13,31,Nebraska,wk inc rsv prop ed visits,prop_ed,1e-4,NA
2025-12-13,32,Nevada,wk inc rsv prop ed visits,prop_ed,0.0013,NA
2025-12-13,33,New Hampshire,wk inc rsv prop ed visits,prop_ed,0.0024,NA
2025-12-13,34,New Jersey,wk inc rsv prop ed visits,prop_ed,0.0038,NA
2025-12-13,35,New Mexico,wk inc rsv prop ed visits,prop_ed,6e-4,NA
2025-12-13,36,New York,wk inc rsv prop ed visits,prop_ed,0.003,NA
2025-12-13,37,North Carolina,wk inc rsv prop ed visits,prop_ed,0.0047,NA
2025-12-13,38,North Dakota,wk inc rsv prop ed visits,prop_ed,7e-4,NA
2025-12-13,39,Ohio,wk inc rsv prop ed visits,prop_ed,0.0016,NA
2025-12-13,40,Oklahoma,wk inc rsv prop ed visits,prop_ed,0.0014,NA
2025-12-13,41,Oregon,wk inc rsv prop ed visits,prop_ed,0.001,NA
2025-12-13,42,Pennsylvania,wk inc rsv prop ed visits,prop_ed,0.0021,NA
2025-12-13,44,Rhode Island,wk inc rsv prop ed visits,prop_ed,0.0037,NA
2025-12-13,45,South Carolina,wk inc rsv prop ed visits,prop_ed,0.0058,NA
2025-12-13,46,South Dakota,wk inc rsv prop ed visits,prop_ed,4e-4,NA
2025-12-13,47,Tennessee,wk inc rsv prop ed visits,prop_ed,0.0035,NA
2025-12-13,48,Texas,wk inc rsv prop ed visits,prop_ed,0.0055,NA
2025-12-13,49,Utah,wk inc rsv prop ed visits,prop_ed,4e-4,NA
2025-12-13,50,Vermont,wk inc rsv prop ed visits,prop_ed,0.0011,NA
2025-12-13,51,Virginia,wk inc rsv prop ed visits,prop_ed,0.0048,NA
2025-12-13,53,Washington,wk inc rsv prop ed visits,prop_ed,0.003,NA
2025-12-13,54,West Virginia,wk inc rsv prop ed visits,prop_ed,0.0026,NA
2025-12-13,55,Wisconsin,wk inc rsv prop ed visits,prop_ed,8e-4,NA
2025-12-13,56,Wyoming,wk inc rsv prop ed visits,prop_ed,0.0012,NA
2025-12-13,US,United States,wk inc rsv prop ed visits,prop_ed,0.0033,NA
2025-12-20,01,Alabama,wk inc rsv prop ed visits,prop_ed,0.0066,NA
2025-12-20,02,Alaska,wk inc rsv prop ed visits,prop_ed,0.0049,NA
2025-12-20,04,Arizona,wk inc rsv prop ed visits,prop_ed,8e-4,NA
2025-12-20,05,Arkansas,wk inc rsv prop ed visits,prop_ed,0.009,NA
2025-12-20,06,California,wk inc rsv prop ed visits,prop_ed,0.0019,NA
2025-12-20,08,Colorado,wk inc rsv prop ed visits,prop_ed,0.0016,NA
2025-12-20,09,Connecticut,wk inc rsv prop ed visits,prop_ed,0.0025,NA
2025-12-20,10,Delaware,wk inc rsv prop ed visits,prop_ed,0.0091,NA
2025-12-20,11,District of Columbia,wk inc rsv prop ed visits,prop_ed,0.0026,NA
2025-12-20,12,Florida,wk inc rsv prop ed visits,prop_ed,0.0053,NA
2025-12-20,13,Georgia,wk inc rsv prop ed visits,prop_ed,0.0049,NA
2025-12-20,15,Hawaii,wk inc rsv prop ed visits,prop_ed,0.0029,NA
2025-12-20,16,Idaho,wk inc rsv prop ed visits,prop_ed,0.0019,NA
2025-12-20,17,Illinois,wk inc rsv prop ed visits,prop_ed,0.0046,NA
2025-12-20,18,Indiana,wk inc rsv prop ed visits,prop_ed,0.0034,NA
2025-12-20,19,Iowa,wk inc rsv prop ed visits,prop_ed,0.0022,NA
2025-12-20,20,Kansas,wk inc rsv prop ed visits,prop_ed,0.0021,NA
2025-12-20,21,Kentucky,wk inc rsv prop ed visits,prop_ed,0.006,NA
2025-12-20,22,Louisiana,wk inc rsv prop ed visits,prop_ed,0.0065,NA
2025-12-20,23,Maine,wk inc rsv prop ed visits,prop_ed,6e-4,NA
2025-12-20,24,Maryland,wk inc rsv prop ed visits,prop_ed,0.0072,NA
2025-12-20,25,Massachusetts,wk inc rsv prop ed visits,prop_ed,0.004,NA
2025-12-20,26,Michigan,wk inc rsv prop ed visits,prop_ed,0.002,NA
2025-12-20,27,Minnesota,wk inc rsv prop ed visits,prop_ed,0.0029,NA
2025-12-20,28,Mississippi,wk inc rsv prop ed visits,prop_ed,0.0047,NA
2025-12-20,30,Montana,wk inc rsv prop ed visits,prop_ed,0.0016,NA
2025-12-20,31,Nebraska,wk inc rsv prop ed visits,prop_ed,3e-4,NA
2025-12-20,32,Nevada,wk inc rsv prop ed visits,prop_ed,0.0021,NA
2025-12-20,33,New Hampshire,wk inc rsv prop ed visits,prop_ed,0.0032,NA
2025-12-20,34,New Jersey,wk inc rsv prop ed visits,prop_ed,0.0053,NA
2025-12-20,35,New Mexico,wk inc rsv prop ed visits,prop_ed,8e-4,NA
2025-12-20,36,New York,wk inc rsv prop ed visits,prop_ed,0.0033,NA
2025-12-20,37,North Carolina,wk inc rsv prop ed visits,prop_ed,0.0064,NA
2025-12-20,38,North Dakota,wk inc rsv prop ed visits,prop_ed,8e-4,NA
2025-12-20,39,Ohio,wk inc rsv prop ed visits,prop_ed,0.0025,NA
2025-12-20,40,Oklahoma,wk inc rsv prop ed visits,prop_ed,0.0032,NA
2025-12-20,41,Oregon,wk inc rsv prop ed visits,prop_ed,0.0015,NA
2025-12-20,42,Pennsylvania,wk inc rsv prop ed visits,prop_ed,0.003,NA
2025-12-20,44,Rhode Island,wk inc rsv prop ed visits,prop_ed,0.0023,NA
2025-12-20,45,South Carolina,wk inc rsv prop ed visits,prop_ed,0.0067,NA
2025-12-20,46,South Dakota,wk inc rsv prop ed visits,prop_ed,0.001,NA
2025-12-20,47,Tennessee,wk inc rsv prop ed visits,prop_ed,0.0051,NA
2025-12-20,48,Texas,wk inc rsv prop ed visits,prop_ed,0.0069,NA
2025-12-20,49,Utah,wk inc rsv prop ed visits,prop_ed,7e-4,NA
2025-12-20,50,Vermont,wk inc rsv prop ed visits,prop_ed,0.0013,NA
2025-12-20,51,Virginia,wk inc rsv prop ed visits,prop_ed,0.0055,NA
2025-12-20,53,Washington,wk inc rsv prop ed visits,prop_ed,0.0041,NA
2025-12-20,54,West Virginia,wk inc rsv prop ed visits,prop_ed,0.0037,NA
2025-12-20,55,Wisconsin,wk inc rsv prop ed visits,prop_ed,0.0013,NA
2025-12-20,56,Wyoming,wk inc rsv prop ed visits,prop_ed,3e-4,NA
2025-12-20,US,United States,wk inc rsv prop ed visits,prop_ed,0.0042,NA
2025-12-27,01,Alabama,wk inc rsv prop ed visits,prop_ed,0.0073,NA
2025-12-27,02,Alaska,wk inc rsv prop ed visits,prop_ed,0.008,NA
2025-12-27,04,Arizona,wk inc rsv prop ed visits,prop_ed,0.0013,NA
2025-12-27,05,Arkansas,wk inc rsv prop ed visits,prop_ed,0.0105,NA
2025-12-27,06,California,wk inc rsv prop ed visits,prop_ed,0.0028,NA
2025-12-27,08,Colorado,wk inc rsv prop ed visits,prop_ed,0.002,NA
2025-12-27,09,Connecticut,wk inc rsv prop ed visits,prop_ed,0.0029,NA
2025-12-27,10,Delaware,wk inc rsv prop ed visits,prop_ed,0.013,NA
2025-12-27,11,District of Columbia,wk inc rsv prop ed visits,prop_ed,0.0055,NA
2025-12-27,12,Florida,wk inc rsv prop ed visits,prop_ed,0.0061,NA
2025-12-27,13,Georgia,wk inc rsv prop ed visits,prop_ed,0.006,NA
2025-12-27,15,Hawaii,wk inc rsv prop ed visits,prop_ed,0.005,NA
2025-12-27,16,Idaho,wk inc rsv prop ed visits,prop_ed,0.0024,NA
2025-12-27,17,Illinois,wk inc rsv prop ed visits,prop_ed,0.0058,NA
2025-12-27,18,Indiana,wk inc rsv prop ed visits,prop_ed,0.0042,NA
2025-12-27,19,Iowa,wk inc rsv prop ed visits,prop_ed,0.0038,NA
2025-12-27,20,Kansas,wk inc rsv prop ed visits,prop_ed,0.0024,NA
2025-12-27,21,Kentucky,wk inc rsv prop ed visits,prop_ed,0.0081,NA
2025-12-27,22,Louisiana,wk inc rsv prop ed visits,prop_ed,0.0072,NA
2025-12-27,23,Maine,wk inc rsv prop ed visits,prop_ed,5e-4,NA
2025-12-27,24,Maryland,wk inc rsv prop ed visits,prop_ed,0.0079,NA
2025-12-27,25,Massachusetts,wk inc rsv prop ed visits,prop_ed,0.0046,NA
2025-12-27,26,Michigan,wk inc rsv prop ed visits,prop_ed,0.0028,NA
2025-12-27,27,Minnesota,wk inc rsv prop ed visits,prop_ed,0.004,NA
2025-12-27,28,Mississippi,wk inc rsv prop ed visits,prop_ed,0.0055,NA
2025-12-27,30,Montana,wk inc rsv prop ed visits,prop_ed,0.0013,NA
2025-12-27,31,Nebraska,wk inc rsv prop ed visits,prop_ed,0.001,NA
2025-12-27,32,Nevada,wk inc rsv prop ed visits,prop_ed,0.0023,NA
2025-12-27,33,New Hampshire,wk inc rsv prop ed visits,prop_ed,0.0041,NA
2025-12-27,34,New Jersey,wk inc rsv prop ed visits,prop_ed,0.0068,NA
2025-12-27,35,New Mexico,wk inc rsv prop ed visits,prop_ed,0.0016,NA
2025-12-27,36,New York,wk inc rsv prop ed visits,prop_ed,0.0041,NA
2025-12-27,37,North Carolina,wk inc rsv prop ed visits,prop_ed,0.0081,NA
2025-12-27,38,North Dakota,wk inc rsv prop ed visits,prop_ed,0.0011,NA
2025-12-27,39,Ohio,wk inc rsv prop ed visits,prop_ed,0.0039,NA
2025-12-27,40,Oklahoma,wk inc rsv prop ed visits,prop_ed,0.0043,NA
2025-12-27,41,Oregon,wk inc rsv prop ed visits,prop_ed,0.0024,NA
2025-12-27,42,Pennsylvania,wk inc rsv prop ed visits,prop_ed,0.0043,NA
2025-12-27,44,Rhode Island,wk inc rsv prop ed visits,prop_ed,0.0048,NA
2025-12-27,45,South Carolina,wk inc rsv prop ed visits,prop_ed,0.0087,NA
2025-12-27,46,South Dakota,wk inc rsv prop ed visits,prop_ed,0.0019,NA
2025-12-27,47,Tennessee,wk inc rsv prop ed visits,prop_ed,0.007,NA
2025-12-27,48,Texas,wk inc rsv prop ed visits,prop_ed,0.0084,NA
2025-12-27,49,Utah,wk inc rsv prop ed visits,prop_ed,0.0012,NA
2025-12-27,50,Vermont,wk inc rsv prop ed visits,prop_ed,0.0029,NA
2025-12-27,51,Virginia,wk inc rsv prop ed visits,prop_ed,0.0068,NA
2025-12-27,53,Washington,wk inc rsv prop ed visits,prop_ed,0.0053,NA
2025-12-27,54,West Virginia,wk inc rsv prop ed visits,prop_ed,0.0067,NA
2025-12-27,55,Wisconsin,wk inc rsv prop ed visits,prop_ed,0.0018,NA
2025-12-27,56,Wyoming,wk inc rsv prop ed visits,prop_ed,0.0021,NA
2025-12-27,US,United States,wk inc rsv prop ed visits,prop_ed,0.0054,NA
2026-01-03,01,Alabama,wk inc rsv prop ed visits,prop_ed,0.0072,NA
2026-01-03,02,Alaska,wk inc rsv prop ed visits,prop_ed,0.0044,NA
2026-01-03,04,Arizona,wk inc rsv prop ed visits,prop_ed,0.0013,NA
2026-01-03,05,Arkansas,wk inc rsv prop ed visits,prop_ed,0.0088,NA
2026-01-03,06,California,wk inc rsv prop ed visits,prop_ed,0.0035,NA
2026-01-03,08,Colorado,wk inc rsv prop ed visits,prop_ed,0.0023,NA
2026-01-03,09,Connecticut,wk inc rsv prop ed visits,prop_ed,0.0036,NA
2026-01-03,10,Delaware,wk inc rsv prop ed visits,prop_ed,0.0144,NA
2026-01-03,11,District of Columbia,wk inc rsv prop ed visits,prop_ed,0.0067,NA
2026-01-03,12,Florida,wk inc rsv prop ed visits,prop_ed,0.0058,NA
2026-01-03,13,Georgia,wk inc rsv prop ed visits,prop_ed,0.0061,NA
2026-01-03,15,Hawaii,wk inc rsv prop ed visits,prop_ed,0.0046,NA
2026-01-03,16,Idaho,wk inc rsv prop ed visits,prop_ed,0.0024,NA
2026-01-03,17,Illinois,wk inc rsv prop ed visits,prop_ed,0.0066,NA
2026-01-03,18,Indiana,wk inc rsv prop ed visits,prop_ed,0.0046,NA
2026-01-03,19,Iowa,wk inc rsv prop ed visits,prop_ed,0.0048,NA
2026-01-03,20,Kansas,wk inc rsv prop ed visits,prop_ed,0.0036,NA
2026-01-03,21,Kentucky,wk inc rsv prop ed visits,prop_ed,0.0087,NA
2026-01-03,22,Louisiana,wk inc rsv prop ed visits,prop_ed,0.0067,NA
2026-01-03,23,Maine,wk inc rsv prop ed visits,prop_ed,9e-4,NA
2026-01-03,24,Maryland,wk inc rsv prop ed visits,prop_ed,0.0086,NA
2026-01-03,25,Massachusetts,wk inc rsv prop ed visits,prop_ed,0.0057,NA
2026-01-03,26,Michigan,wk inc rsv prop ed visits,prop_ed,0.0033,NA
2026-01-03,27,Minnesota,wk inc rsv prop ed visits,prop_ed,0.0046,NA
2026-01-03,28,Mississippi,wk inc rsv prop ed visits,prop_ed,0.0058,NA
2026-01-03,30,Montana,wk inc rsv prop ed visits,prop_ed,6e-4,NA
2026-01-03,31,Nebraska,wk inc rsv prop ed visits,prop_ed,9e-4,NA
2026-01-03,32,Nevada,wk inc rsv prop ed visits,prop_ed,0.0022,NA
2026-01-03,33,New Hampshire,wk inc rsv prop ed visits,prop_ed,0.0044,NA
2026-01-03,34,New Jersey,wk inc rsv prop ed visits,prop_ed,0.0069,NA
2026-01-03,35,New Mexico,wk inc rsv prop ed visits,prop_ed,0.0018,NA
2026-01-03,36,New York,wk inc rsv prop ed visits,prop_ed,0.0046,NA
2026-01-03,37,North Carolina,wk inc rsv prop ed visits,prop_ed,0.008,NA
2026-01-03,38,North Dakota,wk inc rsv prop ed visits,prop_ed,0.0011,NA
2026-01-03,39,Ohio,wk inc rsv prop ed visits,prop_ed,0.0041,NA
2026-01-03,40,Oklahoma,wk inc rsv prop ed visits,prop_ed,0.0055,NA
2026-01-03,41,Oregon,wk inc rsv prop ed visits,prop_ed,0.0023,NA
2026-01-03,42,Pennsylvania,wk inc rsv prop ed visits,prop_ed,0.0049,NA
2026-01-03,44,Rhode Island,wk inc rsv prop ed visits,prop_ed,0.0065,NA
2026-01-03,45,South Carolina,wk inc rsv prop ed visits,prop_ed,0.0078,NA
2026-01-03,46,South Dakota,wk inc rsv prop ed visits,prop_ed,0.001,NA
2026-01-03,47,Tennessee,wk inc rsv prop ed visits,prop_ed,0.0081,NA
2026-01-03,48,Texas,wk inc rsv prop ed visits,prop_ed,0.008,NA
2026-01-03,49,Utah,wk inc rsv prop ed visits,prop_ed,0.0015,NA
2026-01-03,50,Vermont,wk inc rsv prop ed visits,prop_ed,0.0022,NA
2026-01-03,51,Virginia,wk inc rsv prop ed visits,prop_ed,0.0071,NA
2026-01-03,53,Washington,wk inc rsv prop ed visits,prop_ed,0.0058,NA
2026-01-03,54,West Virginia,wk inc rsv prop ed visits,prop_ed,0.0091,NA
2026-01-03,55,Wisconsin,wk inc rsv prop ed visits,prop_ed,0.0023,NA
2026-01-03,56,Wyoming,wk inc rsv prop ed visits,prop_ed,0.0019,NA
2026-01-03,US,United States,wk inc rsv prop ed visits,prop_ed,0.0056,NA
2026-01-10,01,Alabama,wk inc rsv prop ed visits,prop_ed,0.0048,NA
2026-01-10,02,Alaska,wk inc rsv prop ed visits,prop_ed,0.0046,NA
2026-01-10,04,Arizona,wk inc rsv prop ed visits,prop_ed,0.0011,NA
2026-01-10,05,Arkansas,wk inc rsv prop ed visits,prop_ed,0.0067,NA
2026-01-10,06,California,wk inc rsv prop ed visits,prop_ed,0.0033,NA
2026-01-10,08,Colorado,wk inc rsv prop ed visits,prop_ed,0.0027,NA
2026-01-10,09,Connecticut,wk inc rsv prop ed visits,prop_ed,0.0032,NA
2026-01-10,10,Delaware,wk inc rsv prop ed visits,prop_ed,0.0109,NA
2026-01-10,11,District of Columbia,wk inc rsv prop ed visits,prop_ed,0.0053,NA
2026-01-10,12,Florida,wk inc rsv prop ed visits,prop_ed,0.0043,NA
2026-01-10,13,Georgia,wk inc rsv prop ed visits,prop_ed,0.005,NA
2026-01-10,15,Hawaii,wk inc rsv prop ed visits,prop_ed,0.0072,NA
2026-01-10,16,Idaho,wk inc rsv prop ed visits,prop_ed,0.0025,NA
2026-01-10,17,Illinois,wk inc rsv prop ed visits,prop_ed,0.0057,NA
2026-01-10,18,Indiana,wk inc rsv prop ed visits,prop_ed,0.0044,NA
2026-01-10,19,Iowa,wk inc rsv prop ed visits,prop_ed,0.0043,NA
2026-01-10,20,Kansas,wk inc rsv prop ed visits,prop_ed,0.0032,NA
2026-01-10,21,Kentucky,wk inc rsv prop ed visits,prop_ed,0.0075,NA
2026-01-10,22,Louisiana,wk inc rsv prop ed visits,prop_ed,0.0048,NA
2026-01-10,23,Maine,wk inc rsv prop ed visits,prop_ed,6e-4,NA
2026-01-10,24,Maryland,wk inc rsv prop ed visits,prop_ed,0.0074,NA
2026-01-10,25,Massachusetts,wk inc rsv prop ed visits,prop_ed,0.0055,NA
2026-01-10,26,Michigan,wk inc rsv prop ed visits,prop_ed,0.0031,NA
2026-01-10,27,Minnesota,wk inc rsv prop ed visits,prop_ed,0.004,NA
2026-01-10,28,Mississippi,wk inc rsv prop ed visits,prop_ed,0.0053,NA
2026-01-10,30,Montana,wk inc rsv prop ed visits,prop_ed,0.0011,NA
2026-01-10,31,Nebraska,wk inc rsv prop ed visits,prop_ed,9e-4,NA
2026-01-10,32,Nevada,wk inc rsv prop ed visits,prop_ed,0.002,NA
2026-01-10,33,New Hampshire,wk inc rsv prop ed visits,prop_ed,0.0046,NA
2026-01-10,34,New Jersey,wk inc rsv prop ed visits,prop_ed,0.0057,NA
2026-01-10,35,New Mexico,wk inc rsv prop ed visits,prop_ed,0.0017,NA
2026-01-10,36,New York,wk inc rsv prop ed visits,prop_ed,0.0038,NA
2026-01-10,37,North Carolina,wk inc rsv prop ed visits,prop_ed,0.0067,NA
2026-01-10,38,North Dakota,wk inc rsv prop ed visits,prop_ed,0.0011,NA
2026-01-10,39,Ohio,wk inc rsv prop ed visits,prop_ed,0.0036,NA
2026-01-10,40,Oklahoma,wk inc rsv prop ed visits,prop_ed,0.005,NA
2026-01-10,41,Oregon,wk inc rsv prop ed visits,prop_ed,0.0027,NA
2026-01-10,42,Pennsylvania,wk inc rsv prop ed visits,prop_ed,0.0042,NA
2026-01-10,44,Rhode Island,wk inc rsv prop ed visits,prop_ed,0.0041,NA
2026-01-10,45,South Carolina,wk inc rsv prop ed visits,prop_ed,0.0046,NA
2026-01-10,46,South Dakota,wk inc rsv prop ed visits,prop_ed,0.0018,NA
2026-01-10,47,Tennessee,wk inc rsv prop ed visits,prop_ed,0.006,NA
2026-01-10,48,Texas,wk inc rsv prop ed visits,prop_ed,0.0057,NA
2026-01-10,49,Utah,wk inc rsv prop ed visits,prop_ed,0.0019,NA
2026-01-10,50,Vermont,wk inc rsv prop ed visits,prop_ed,0.0026,NA
2026-01-10,51,Virginia,wk inc rsv prop ed visits,prop_ed,0.005,NA
2026-01-10,53,Washington,wk inc rsv prop ed visits,prop_ed,0.0059,NA
2026-01-10,54,West Virginia,wk inc rsv prop ed visits,prop_ed,0.0069,NA
2026-01-10,55,Wisconsin,wk inc rsv prop ed visits,prop_ed,0.0027,NA
2026-01-10,56,Wyoming,wk inc rsv prop ed visits,prop_ed,0.0019,NA
2026-01-10,US,United States,wk inc rsv prop ed visits,prop_ed,0.0046,NA
2026-01-17,01,Alabama,wk inc rsv prop ed visits,prop_ed,0.0044,NA
2026-01-17,02,Alaska,wk inc rsv prop ed visits,prop_ed,0.0054,NA
2026-01-17,04,Arizona,wk inc rsv prop ed visits,prop_ed,0.0016,NA
2026-01-17,05,Arkansas,wk inc rsv prop ed visits,prop_ed,0.0113,NA
2026-01-17,06,California,wk inc rsv prop ed visits,prop_ed,0.0032,NA
2026-01-17,08,Colorado,wk inc rsv prop ed visits,prop_ed,0.0034,NA
2026-01-17,09,Connecticut,wk inc rsv prop ed visits,prop_ed,0.0038,NA
2026-01-17,10,Delaware,wk inc rsv prop ed visits,prop_ed,0.0121,NA
2026-01-17,11,District of Columbia,wk inc rsv prop ed visits,prop_ed,0.0057,NA
2026-01-17,12,Florida,wk inc rsv prop ed visits,prop_ed,0.0042,NA
2026-01-17,13,Georgia,wk inc rsv prop ed visits,prop_ed,0.0042,NA
2026-01-17,15,Hawaii,wk inc rsv prop ed visits,prop_ed,0.0053,NA
2026-01-17,16,Idaho,wk inc rsv prop ed visits,prop_ed,0.0028,NA
2026-01-17,17,Illinois,wk inc rsv prop ed visits,prop_ed,0.0067,NA
2026-01-17,18,Indiana,wk inc rsv prop ed visits,prop_ed,0.0045,NA
2026-01-17,19,Iowa,wk inc rsv prop ed visits,prop_ed,0.0067,NA
2026-01-17,20,Kansas,wk inc rsv prop ed visits,prop_ed,0.0036,NA
2026-01-17,21,Kentucky,wk inc rsv prop ed visits,prop_ed,0.0065,NA
2026-01-17,22,Louisiana,wk inc rsv prop ed visits,prop_ed,0.0049,NA
2026-01-17,23,Maine,wk inc rsv prop ed visits,prop_ed,7e-4,NA
2026-01-17,24,Maryland,wk inc rsv prop ed visits,prop_ed,0.0074,NA
2026-01-17,25,Massachusetts,wk inc rsv prop ed visits,prop_ed,0.0065,NA
2026-01-17,26,Michigan,wk inc rsv prop ed visits,prop_ed,0.0032,NA
2026-01-17,27,Minnesota,wk inc rsv prop ed visits,prop_ed,0.0042,NA
2026-01-17,28,Mississippi,wk inc rsv prop ed visits,prop_ed,0.006,NA
2026-01-17,30,Montana,wk inc rsv prop ed visits,prop_ed,8e-4,NA
2026-01-17,31,Nebraska,wk inc rsv prop ed visits,prop_ed,0.0012,NA
2026-01-17,32,Nevada,wk inc rsv prop ed visits,prop_ed,0.0025,NA
2026-01-17,33,New Hampshire,wk inc rsv prop ed visits,prop_ed,0.0061,NA
2026-01-17,34,New Jersey,wk inc rsv prop ed visits,prop_ed,0.0068,NA
2026-01-17,35,New Mexico,wk inc rsv prop ed visits,prop_ed,0.0029,NA
2026-01-17,36,New York,wk inc rsv prop ed visits,prop_ed,0.0042,NA
2026-01-17,37,North Carolina,wk inc rsv prop ed visits,prop_ed,0.0069,NA
2026-01-17,38,North Dakota,wk inc rsv prop ed visits,prop_ed,0.0019,NA
2026-01-17,39,Ohio,wk inc rsv prop ed visits,prop_ed,0.0037,NA
2026-01-17,40,Oklahoma,wk inc rsv prop ed visits,prop_ed,0.0049,NA
2026-01-17,41,Oregon,wk inc rsv prop ed visits,prop_ed,0.003,NA
2026-01-17,42,Pennsylvania,wk inc rsv prop ed visits,prop_ed,0.0048,NA
2026-01-17,44,Rhode Island,wk inc rsv prop ed visits,prop_ed,0.0066,NA
2026-01-17,45,South Carolina,wk inc rsv prop ed visits,prop_ed,0.0043,NA
2026-01-17,46,South Dakota,wk inc rsv prop ed visits,prop_ed,0.0024,NA
2026-01-17,47,Tennessee,wk inc rsv prop ed visits,prop_ed,0.0062,NA
2026-01-17,48,Texas,wk inc rsv prop ed visits,prop_ed,0.0056,NA
2026-01-17,49,Utah,wk inc rsv prop ed visits,prop_ed,0.0027,NA
2026-01-17,50,Vermont,wk inc rsv prop ed visits,prop_ed,0.0041,NA
2026-01-17,51,Virginia,wk inc rsv prop ed visits,prop_ed,0.0053,NA
2026-01-17,53,Washington,wk inc rsv prop ed visits,prop_ed,0.0051,NA
2026-01-17,54,West Virginia,wk inc rsv prop ed visits,prop_ed,0.0068,NA
2026-01-17,55,Wisconsin,wk inc rsv prop ed visits,prop_ed,0.0035,NA
2026-01-17,56,Wyoming,wk inc rsv prop ed visits,prop_ed,0.0015,NA
2026-01-17,US,United States,wk inc rsv prop ed visits,prop_ed,0.0048,NA
2026-01-24,01,Alabama,wk inc rsv prop ed visits,prop_ed,0.0044,NA
2026-01-24,02,Alaska,wk inc rsv prop ed visits,prop_ed,0.0059,NA
2026-01-24,04,Arizona,wk inc rsv prop ed visits,prop_ed,0.0017,NA
2026-01-24,05,Arkansas,wk inc rsv prop ed visits,prop_ed,0.0109,NA
2026-01-24,06,California,wk inc rsv prop ed visits,prop_ed,0.004,NA
2026-01-24,08,Colorado,wk inc rsv prop ed visits,prop_ed,0.0047,NA
2026-01-24,09,Connecticut,wk inc rsv prop ed visits,prop_ed,0.0038,NA
2026-01-24,10,Delaware,wk inc rsv prop ed visits,prop_ed,0.011,NA
2026-01-24,11,District of Columbia,wk inc rsv prop ed visits,prop_ed,0.0056,NA
2026-01-24,12,Florida,wk inc rsv prop ed visits,prop_ed,0.0036,NA
2026-01-24,13,Georgia,wk inc rsv prop ed visits,prop_ed,0.0046,NA
2026-01-24,15,Hawaii,wk inc rsv prop ed visits,prop_ed,0.0053,NA
2026-01-24,16,Idaho,wk inc rsv prop ed visits,prop_ed,0.003,NA
2026-01-24,17,Illinois,wk inc rsv prop ed visits,prop_ed,0.0078,NA
2026-01-24,18,Indiana,wk inc rsv prop ed visits,prop_ed,0.0047,NA
2026-01-24,19,Iowa,wk inc rsv prop ed visits,prop_ed,0.0078,NA
2026-01-24,20,Kansas,wk inc rsv prop ed visits,prop_ed,0.0051,NA
2026-01-24,21,Kentucky,wk inc rsv prop ed visits,prop_ed,0.0073,NA
2026-01-24,22,Louisiana,wk inc rsv prop ed visits,prop_ed,0.0057,NA
2026-01-24,23,Maine,wk inc rsv prop ed visits,prop_ed,0.0013,NA
2026-01-24,24,Maryland,wk inc rsv prop ed visits,prop_ed,0.0069,NA
2026-01-24,25,Massachusetts,wk inc rsv prop ed visits,prop_ed,0.0088,NA
2026-01-24,26,Michigan,wk inc rsv prop ed visits,prop_ed,0.0047,NA
2026-01-24,27,Minnesota,wk inc rsv prop ed visits,prop_ed,0.005,NA
2026-01-24,28,Mississippi,wk inc rsv prop ed visits,prop_ed,0.0082,NA
2026-01-24,30,Montana,wk inc rsv prop ed visits,prop_ed,0.0019,NA
2026-01-24,31,Nebraska,wk inc rsv prop ed visits,prop_ed,7e-4,NA
2026-01-24,32,Nevada,wk inc rsv prop ed visits,prop_ed,0.0035,NA
2026-01-24,33,New Hampshire,wk inc rsv prop ed visits,prop_ed,0.0072,NA
2026-01-24,34,New Jersey,wk inc rsv prop ed visits,prop_ed,0.0072,NA
2026-01-24,35,New Mexico,wk inc rsv prop ed visits,prop_ed,0.0038,NA
2026-01-24,36,New York,wk inc rsv prop ed visits,prop_ed,0.0045,NA
2026-01-24,37,North Carolina,wk inc rsv prop ed visits,prop_ed,0.0075,NA
2026-01-24,38,North Dakota,wk inc rsv prop ed visits,prop_ed,0.0028,NA
2026-01-24,39,Ohio,wk inc rsv prop ed visits,prop_ed,0.0046,NA
2026-01-24,40,Oklahoma,wk inc rsv prop ed visits,prop_ed,0.0067,NA
2026-01-24,41,Oregon,wk inc rsv prop ed visits,prop_ed,0.0028,NA
2026-01-24,42,Pennsylvania,wk inc rsv prop ed visits,prop_ed,0.0051,NA
2026-01-24,44,Rhode Island,wk inc rsv prop ed visits,prop_ed,0.007,NA
2026-01-24,45,South Carolina,wk inc rsv prop ed visits,prop_ed,0.0039,NA
2026-01-24,46,South Dakota,wk inc rsv prop ed visits,prop_ed,0.003,NA
2026-01-24,47,Tennessee,wk inc rsv prop ed visits,prop_ed,0.007,NA
2026-01-24,48,Texas,wk inc rsv prop ed visits,prop_ed,0.0066,NA
2026-01-24,49,Utah,wk inc rsv prop ed visits,prop_ed,0.0042,NA
2026-01-24,50,Vermont,wk inc rsv prop ed visits,prop_ed,0.0066,NA
2026-01-24,51,Virginia,wk inc rsv prop ed visits,prop_ed,0.0049,NA
2026-01-24,53,Washington,wk inc rsv prop ed visits,prop_ed,0.006,NA
2026-01-24,54,West Virginia,wk inc rsv prop ed visits,prop_ed,0.0078,NA
2026-01-24,55,Wisconsin,wk inc rsv prop ed visits,prop_ed,0.0044,NA
2026-01-24,56,Wyoming,wk inc rsv prop ed visits,prop_ed,0.0018,NA
2026-01-24,US,United States,wk inc rsv prop ed visits,prop_ed,0.0053,NA
2026-01-31,01,Alabama,wk inc rsv prop ed visits,prop_ed,0.0043,NA
2026-01-31,02,Alaska,wk inc rsv prop ed visits,prop_ed,0.0089,NA
2026-01-31,04,Arizona,wk inc rsv prop ed visits,prop_ed,0.0022,NA
2026-01-31,05,Arkansas,wk inc rsv prop ed visits,prop_ed,0.0138,NA
2026-01-31,06,California,wk inc rsv prop ed visits,prop_ed,0.0047,NA
2026-01-31,08,Colorado,wk inc rsv prop ed visits,prop_ed,0.0058,NA
2026-01-31,09,Connecticut,wk inc rsv prop ed visits,prop_ed,0.0051,NA
2026-01-31,10,Delaware,wk inc rsv prop ed visits,prop_ed,0.0108,NA
2026-01-31,11,District of Columbia,wk inc rsv prop ed visits,prop_ed,0.0043,NA
2026-01-31,12,Florida,wk inc rsv prop ed visits,prop_ed,0.0036,NA
2026-01-31,13,Georgia,wk inc rsv prop ed visits,prop_ed,0.0051,NA
2026-01-31,15,Hawaii,wk inc rsv prop ed visits,prop_ed,0.0058,NA
2026-01-31,16,Idaho,wk inc rsv prop ed visits,prop_ed,0.0043,NA
2026-01-31,17,Illinois,wk inc rsv prop ed visits,prop_ed,0.0075,NA
2026-01-31,18,Indiana,wk inc rsv prop ed visits,prop_ed,0.005,NA
2026-01-31,19,Iowa,wk inc rsv prop ed visits,prop_ed,0.0064,NA
2026-01-31,20,Kansas,wk inc rsv prop ed visits,prop_ed,0.0045,NA
2026-01-31,21,Kentucky,wk inc rsv prop ed visits,prop_ed,0.0071,NA
2026-01-31,22,Louisiana,wk inc rsv prop ed visits,prop_ed,0.0061,NA
2026-01-31,23,Maine,wk inc rsv prop ed visits,prop_ed,0.0018,NA
2026-01-31,24,Maryland,wk inc rsv prop ed visits,prop_ed,0.0071,NA
2026-01-31,25,Massachusetts,wk inc rsv prop ed visits,prop_ed,0.0087,NA
2026-01-31,26,Michigan,wk inc rsv prop ed visits,prop_ed,0.0044,NA
2026-01-31,27,Minnesota,wk inc rsv prop ed visits,prop_ed,0.0058,NA
2026-01-31,28,Mississippi,wk inc rsv prop ed visits,prop_ed,0.0065,NA
2026-01-31,30,Montana,wk inc rsv prop ed visits,prop_ed,0.0037,NA
2026-01-31,31,Nebraska,wk inc rsv prop ed visits,prop_ed,0.0017,NA
2026-01-31,32,Nevada,wk inc rsv prop ed visits,prop_ed,0.0047,NA
2026-01-31,33,New Hampshire,wk inc rsv prop ed visits,prop_ed,0.008,NA
2026-01-31,34,New Jersey,wk inc rsv prop ed visits,prop_ed,0.0068,NA
2026-01-31,35,New Mexico,wk inc rsv prop ed visits,prop_ed,0.0044,NA
2026-01-31,36,New York,wk inc rsv prop ed visits,prop_ed,0.005,NA
2026-01-31,37,North Carolina,wk inc rsv prop ed visits,prop_ed,0.0096,NA
2026-01-31,38,North Dakota,wk inc rsv prop ed visits,prop_ed,0.0037,NA
2026-01-31,39,Ohio,wk inc rsv prop ed visits,prop_ed,0.0047,NA
2026-01-31,40,Oklahoma,wk inc rsv prop ed visits,prop_ed,0.0089,NA
2026-01-31,41,Oregon,wk inc rsv prop ed visits,prop_ed,0.0037,NA
2026-01-31,42,Pennsylvania,wk inc rsv prop ed visits,prop_ed,0.0056,NA
2026-01-31,44,Rhode Island,wk inc rsv prop ed visits,prop_ed,0.0032,NA
2026-01-31,45,South Carolina,wk inc rsv prop ed visits,prop_ed,0.004,NA
2026-01-31,46,South Dakota,wk inc rsv prop ed visits,prop_ed,0.0049,NA
2026-01-31,47,Tennessee,wk inc rsv prop ed visits,prop_ed,0.0076,NA
2026-01-31,48,Texas,wk inc rsv prop ed visits,prop_ed,0.0065,NA
2026-01-31,49,Utah,wk inc rsv prop ed visits,prop_ed,0.005,NA
2026-01-31,50,Vermont,wk inc rsv prop ed visits,prop_ed,0.0048,NA
2026-01-31,51,Virginia,wk inc rsv prop ed visits,prop_ed,0.0045,NA
2026-01-31,53,Washington,wk inc rsv prop ed visits,prop_ed,0.0071,NA
2026-01-31,54,West Virginia,wk inc rsv prop ed visits,prop_ed,0.0071,NA
2026-01-31,55,Wisconsin,wk inc rsv prop ed visits,prop_ed,0.004,NA
2026-01-31,56,Wyoming,wk inc rsv prop ed visits,prop_ed,0.0033,NA
2026-01-31,US,United States,wk inc rsv prop ed visits,prop_ed,0.0056,NA
2026-02-07,01,Alabama,wk inc rsv prop ed visits,prop_ed,0.0038,NA
2026-02-07,02,Alaska,wk inc rsv prop ed visits,prop_ed,0.008,NA
2026-02-07,04,Arizona,wk inc rsv prop ed visits,prop_ed,0.0027,NA
2026-02-07,05,Arkansas,wk inc rsv prop ed visits,prop_ed,0.0107,NA
2026-02-07,06,California,wk inc rsv prop ed visits,prop_ed,0.0054,NA
2026-02-07,08,Colorado,wk inc rsv prop ed visits,prop_ed,0.0079,NA
2026-02-07,09,Connecticut,wk inc rsv prop ed visits,prop_ed,0.0039,NA
2026-02-07,10,Delaware,wk inc rsv prop ed visits,prop_ed,0.0085,NA
2026-02-07,11,District of Columbia,wk inc rsv prop ed visits,prop_ed,0.0046,NA
2026-02-07,12,Florida,wk inc rsv prop ed visits,prop_ed,0.0032,NA
2026-02-07,13,Georgia,wk inc rsv prop ed visits,prop_ed,0.004,NA
2026-02-07,15,Hawaii,wk inc rsv prop ed visits,prop_ed,0.0061,NA
2026-02-07,16,Idaho,wk inc rsv prop ed visits,prop_ed,0.0058,NA
2026-02-07,17,Illinois,wk inc rsv prop ed visits,prop_ed,0.0087,NA
2026-02-07,18,Indiana,wk inc rsv prop ed visits,prop_ed,0.0046,NA
2026-02-07,19,Iowa,wk inc rsv prop ed visits,prop_ed,0.0085,NA
2026-02-07,20,Kansas,wk inc rsv prop ed visits,prop_ed,0.0056,NA
2026-02-07,21,Kentucky,wk inc rsv prop ed visits,prop_ed,0.006,NA
2026-02-07,22,Louisiana,wk inc rsv prop ed visits,prop_ed,0.0052,NA
2026-02-07,23,Maine,wk inc rsv prop ed visits,prop_ed,0.0026,NA
2026-02-07,24,Maryland,wk inc rsv prop ed visits,prop_ed,0.0054,NA
2026-02-07,25,Massachusetts,wk inc rsv prop ed visits,prop_ed,0.0078,NA
2026-02-07,26,Michigan,wk inc rsv prop ed visits,prop_ed,0.005,NA
2026-02-07,27,Minnesota,wk inc rsv prop ed visits,prop_ed,0.0054,NA
2026-02-07,28,Mississippi,wk inc rsv prop ed visits,prop_ed,0.0056,NA
2026-02-07,30,Montana,wk inc rsv prop ed visits,prop_ed,0.0046,NA
2026-02-07,31,Nebraska,wk inc rsv prop ed visits,prop_ed,0.0027,NA
2026-02-07,32,Nevada,wk inc rsv prop ed visits,prop_ed,0.0063,NA
2026-02-07,33,New Hampshire,wk inc rsv prop ed visits,prop_ed,0.0058,NA
2026-02-07,34,New Jersey,wk inc rsv prop ed visits,prop_ed,0.0059,NA
2026-02-07,35,New Mexico,wk inc rsv prop ed visits,prop_ed,0.0079,NA
2026-02-07,36,New York,wk inc rsv prop ed visits,prop_ed,0.0047,NA
2026-02-07,37,North Carolina,wk inc rsv prop ed visits,prop_ed,0.0076,NA
2026-02-07,38,North Dakota,wk inc rsv prop ed visits,prop_ed,0.0022,NA
2026-02-07,39,Ohio,wk inc rsv prop ed visits,prop_ed,0.0037,NA
2026-02-07,40,Oklahoma,wk inc rsv prop ed visits,prop_ed,0.0074,NA
2026-02-07,41,Oregon,wk inc rsv prop ed visits,prop_ed,0.0057,NA
2026-02-07,42,Pennsylvania,wk inc rsv prop ed visits,prop_ed,0.0046,NA
2026-02-07,44,Rhode Island,wk inc rsv prop ed visits,prop_ed,0.0059,NA
2026-02-07,45,South Carolina,wk inc rsv prop ed visits,prop_ed,0.0029,NA
2026-02-07,46,South Dakota,wk inc rsv prop ed visits,prop_ed,0.0079,NA
2026-02-07,47,Tennessee,wk inc rsv prop ed visits,prop_ed,0.0054,NA
2026-02-07,48,Texas,wk inc rsv prop ed visits,prop_ed,0.005,NA
2026-02-07,49,Utah,wk inc rsv prop ed visits,prop_ed,0.0075,NA
2026-02-07,50,Vermont,wk inc rsv prop ed visits,prop_ed,0.0066,NA
2026-02-07,51,Virginia,wk inc rsv prop ed visits,prop_ed,0.0037,NA
2026-02-07,53,Washington,wk inc rsv prop ed visits,prop_ed,0.0074,NA
2026-02-07,54,West Virginia,wk inc rsv prop ed visits,prop_ed,0.0058,NA
2026-02-07,55,Wisconsin,wk inc rsv prop ed visits,prop_ed,0.0058,NA
2026-02-07,56,Wyoming,wk inc rsv prop ed visits,prop_ed,0.0047,NA
2026-02-07,US,United States,wk inc rsv prop ed visits,prop_ed,0.0053,NA
2026-02-14,01,Alabama,wk inc rsv prop ed visits,prop_ed,0.0031,NA
2026-02-14,02,Alaska,wk inc rsv prop ed visits,prop_ed,0.0106,NA
2026-02-14,04,Arizona,wk inc rsv prop ed visits,prop_ed,0.0032,NA
2026-02-14,05,Arkansas,wk inc rsv prop ed visits,prop_ed,0.0118,NA
2026-02-14,06,California,wk inc rsv prop ed visits,prop_ed,0.0053,NA
2026-02-14,08,Colorado,wk inc rsv prop ed visits,prop_ed,0.0091,NA
2026-02-14,09,Connecticut,wk inc rsv prop ed visits,prop_ed,0.0059,NA
2026-02-14,10,Delaware,wk inc rsv prop ed visits,prop_ed,0.0109,NA
2026-02-14,11,District of Columbia,wk inc rsv prop ed visits,prop_ed,0.0033,NA
2026-02-14,12,Florida,wk inc rsv prop ed visits,prop_ed,0.0032,NA
2026-02-14,13,Georgia,wk inc rsv prop ed visits,prop_ed,0.0044,NA
2026-02-14,15,Hawaii,wk inc rsv prop ed visits,prop_ed,0.0065,NA
2026-02-14,16,Idaho,wk inc rsv prop ed visits,prop_ed,0.007,NA
2026-02-14,17,Illinois,wk inc rsv prop ed visits,prop_ed,0.01,NA
2026-02-14,18,Indiana,wk inc rsv prop ed visits,prop_ed,0.0046,NA
2026-02-14,19,Iowa,wk inc rsv prop ed visits,prop_ed,0.0108,NA
2026-02-14,20,Kansas,wk inc rsv prop ed visits,prop_ed,0.0064,NA
2026-02-14,21,Kentucky,wk inc rsv prop ed visits,prop_ed,0.0066,NA
2026-02-14,22,Louisiana,wk inc rsv prop ed visits,prop_ed,0.005,NA
2026-02-14,23,Maine,wk inc rsv prop ed visits,prop_ed,0.0025,NA
2026-02-14,24,Maryland,wk inc rsv prop ed visits,prop_ed,0.0054,NA
2026-02-14,25,Massachusetts,wk inc rsv prop ed visits,prop_ed,0.0087,NA
2026-02-14,26,Michigan,wk inc rsv prop ed visits,prop_ed,0.0059,NA
2026-02-14,27,Minnesota,wk inc rsv prop ed visits,prop_ed,0.0072,NA
2026-02-14,28,Mississippi,wk inc rsv prop ed visits,prop_ed,0.007,NA
2026-02-14,30,Montana,wk inc rsv prop ed visits,prop_ed,0.0046,NA
2026-02-14,31,Nebraska,wk inc rsv prop ed visits,prop_ed,0.0056,NA
2026-02-14,32,Nevada,wk inc rsv prop ed visits,prop_ed,0.0067,NA
2026-02-14,33,New Hampshire,wk inc rsv prop ed visits,prop_ed,0.0095,NA
2026-02-14,34,New Jersey,wk inc rsv prop ed visits,prop_ed,0.0063,NA
2026-02-14,35,New Mexico,wk inc rsv prop ed visits,prop_ed,0.0088,NA
2026-02-14,36,New York,wk inc rsv prop ed visits,prop_ed,0.0052,NA
2026-02-14,37,North Carolina,wk inc rsv prop ed visits,prop_ed,0.0066,NA
2026-02-14,38,North Dakota,wk inc rsv prop ed visits,prop_ed,0.0053,NA
2026-02-14,39,Ohio,wk inc rsv prop ed visits,prop_ed,0.0046,NA
2026-02-14,40,Oklahoma,wk inc rsv prop ed visits,prop_ed,0.0088,NA
2026-02-14,41,Oregon,wk inc rsv prop ed visits,prop_ed,0.006,NA
2026-02-14,42,Pennsylvania,wk inc rsv prop ed visits,prop_ed,0.0055,NA
2026-02-14,44,Rhode Island,wk inc rsv prop ed visits,prop_ed,0.0061,NA
2026-02-14,45,South Carolina,wk inc rsv prop ed visits,prop_ed,0.0028,NA
2026-02-14,46,South Dakota,wk inc rsv prop ed visits,prop_ed,0.0128,NA
2026-02-14,47,Tennessee,wk inc rsv prop ed visits,prop_ed,0.0055,NA
2026-02-14,48,Texas,wk inc rsv prop ed visits,prop_ed,0.0052,NA
2026-02-14,49,Utah,wk inc rsv prop ed visits,prop_ed,0.0088,NA
2026-02-14,50,Vermont,wk inc rsv prop ed visits,prop_ed,0.0076,NA
2026-02-14,51,Virginia,wk inc rsv prop ed visits,prop_ed,0.003,NA
2026-02-14,53,Washington,wk inc rsv prop ed visits,prop_ed,0.0071,NA
2026-02-14,54,West Virginia,wk inc rsv prop ed visits,prop_ed,0.0073,NA
2026-02-14,55,Wisconsin,wk inc rsv prop ed visits,prop_ed,0.0068,NA
2026-02-14,56,Wyoming,wk inc rsv prop ed visits,prop_ed,0.0091,NA
2026-02-14,US,United States,wk inc rsv prop ed visits,prop_ed,0.0058,NA
2026-02-21,01,Alabama,wk inc rsv prop ed visits,prop_ed,0.0034,NA
2026-02-21,02,Alaska,wk inc rsv prop ed visits,prop_ed,0.008,NA
2026-02-21,04,Arizona,wk inc rsv prop ed visits,prop_ed,0.0033,NA
2026-02-21,05,Arkansas,wk inc rsv prop ed visits,prop_ed,0.0122,NA
2026-02-21,06,California,wk inc rsv prop ed visits,prop_ed,0.0056,NA
2026-02-21,08,Colorado,wk inc rsv prop ed visits,prop_ed,0.0114,NA
2026-02-21,09,Connecticut,wk inc rsv prop ed visits,prop_ed,0.0067,NA
2026-02-21,10,Delaware,wk inc rsv prop ed visits,prop_ed,0.0104,NA
2026-02-21,11,District of Columbia,wk inc rsv prop ed visits,prop_ed,0.0044,NA
2026-02-21,12,Florida,wk inc rsv prop ed visits,prop_ed,0.0031,NA
2026-02-21,13,Georgia,wk inc rsv prop ed visits,prop_ed,0.0044,NA
2026-02-21,15,Hawaii,wk inc rsv prop ed visits,prop_ed,0.0059,NA
2026-02-21,16,Idaho,wk inc rsv prop ed visits,prop_ed,0.009,NA
2026-02-21,17,Illinois,wk inc rsv prop ed visits,prop_ed,0.0102,NA
2026-02-21,18,Indiana,wk inc rsv prop ed visits,prop_ed,0.0066,NA
2026-02-21,19,Iowa,wk inc rsv prop ed visits,prop_ed,0.0108,NA
2026-02-21,20,Kansas,wk inc rsv prop ed visits,prop_ed,0.0082,NA
2026-02-21,21,Kentucky,wk inc rsv prop ed visits,prop_ed,0.0066,NA
2026-02-21,22,Louisiana,wk inc rsv prop ed visits,prop_ed,0.0052,NA
2026-02-21,23,Maine,wk inc rsv prop ed visits,prop_ed,0.004,NA
2026-02-21,24,Maryland,wk inc rsv prop ed visits,prop_ed,0.0055,NA
2026-02-21,25,Massachusetts,wk inc rsv prop ed visits,prop_ed,0.0112,NA
2026-02-21,26,Michigan,wk inc rsv prop ed visits,prop_ed,0.0074,NA
2026-02-21,27,Minnesota,wk inc rsv prop ed visits,prop_ed,0.0083,NA
2026-02-21,28,Mississippi,wk inc rsv prop ed visits,prop_ed,0.0054,NA
2026-02-21,30,Montana,wk inc rsv prop ed visits,prop_ed,0.0043,NA
2026-02-21,31,Nebraska,wk inc rsv prop ed visits,prop_ed,0.0058,NA
2026-02-21,32,Nevada,wk inc rsv prop ed visits,prop_ed,0.0073,NA
2026-02-21,33,New Hampshire,wk inc rsv prop ed visits,prop_ed,0.0101,NA
2026-02-21,34,New Jersey,wk inc rsv prop ed visits,prop_ed,0.0064,NA
2026-02-21,35,New Mexico,wk inc rsv prop ed visits,prop_ed,0.0109,NA
2026-02-21,36,New York,wk inc rsv prop ed visits,prop_ed,0.0058,NA
2026-02-21,37,North Carolina,wk inc rsv prop ed visits,prop_ed,0.0069,NA
2026-02-21,38,North Dakota,wk inc rsv prop ed visits,prop_ed,0.0071,NA
2026-02-21,39,Ohio,wk inc rsv prop ed visits,prop_ed,0.0054,NA
2026-02-21,40,Oklahoma,wk inc rsv prop ed visits,prop_ed,0.0107,NA
2026-02-21,41,Oregon,wk inc rsv prop ed visits,prop_ed,0.0061,NA
2026-02-21,42,Pennsylvania,wk inc rsv prop ed visits,prop_ed,0.0057,NA
2026-02-21,44,Rhode Island,wk inc rsv prop ed visits,prop_ed,0.0073,NA
2026-02-21,45,South Carolina,wk inc rsv prop ed visits,prop_ed,0.0028,NA
2026-02-21,46,South Dakota,wk inc rsv prop ed visits,prop_ed,0.0116,NA
2026-02-21,47,Tennessee,wk inc rsv prop ed visits,prop_ed,0.0055,NA
2026-02-21,48,Texas,wk inc rsv prop ed visits,prop_ed,0.0053,NA
2026-02-21,49,Utah,wk inc rsv prop ed visits,prop_ed,0.0105,NA
2026-02-21,50,Vermont,wk inc rsv prop ed visits,prop_ed,0.0121,NA
2026-02-21,51,Virginia,wk inc rsv prop ed visits,prop_ed,0.0039,NA
2026-02-21,53,Washington,wk inc rsv prop ed visits,prop_ed,0.0082,NA
2026-02-21,54,West Virginia,wk inc rsv prop ed visits,prop_ed,0.0104,NA
2026-02-21,55,Wisconsin,wk inc rsv prop ed visits,prop_ed,0.0079,NA
2026-02-21,56,Wyoming,wk inc rsv prop ed visits,prop_ed,0.0095,NA
2026-02-21,US,United States,wk inc rsv prop ed visits,prop_ed,0.0063,NA
2026-02-28,01,Alabama,wk inc rsv prop ed visits,prop_ed,0.0035,NA
2026-02-28,02,Alaska,wk inc rsv prop ed visits,prop_ed,0.0088,NA
2026-02-28,04,Arizona,wk inc rsv prop ed visits,prop_ed,0.0038,NA
2026-02-28,05,Arkansas,wk inc rsv prop ed visits,prop_ed,0.0124,NA
2026-02-28,06,California,wk inc rsv prop ed visits,prop_ed,0.005,NA
2026-02-28,08,Colorado,wk inc rsv prop ed visits,prop_ed,0.0117,NA
2026-02-28,09,Connecticut,wk inc rsv prop ed visits,prop_ed,0.0059,NA
2026-02-28,10,Delaware,wk inc rsv prop ed visits,prop_ed,0.0098,NA
2026-02-28,11,District of Columbia,wk inc rsv prop ed visits,prop_ed,0.0042,NA
2026-02-28,12,Florida,wk inc rsv prop ed visits,prop_ed,0.0027,NA
2026-02-28,13,Georgia,wk inc rsv prop ed visits,prop_ed,0.0036,NA
2026-02-28,15,Hawaii,wk inc rsv prop ed visits,prop_ed,0.0039,NA
2026-02-28,16,Idaho,wk inc rsv prop ed visits,prop_ed,0.008,NA
2026-02-28,17,Illinois,wk inc rsv prop ed visits,prop_ed,0.0094,NA
2026-02-28,18,Indiana,wk inc rsv prop ed visits,prop_ed,0.0067,NA
2026-02-28,19,Iowa,wk inc rsv prop ed visits,prop_ed,0.0117,NA
2026-02-28,20,Kansas,wk inc rsv prop ed visits,prop_ed,0.0074,NA
2026-02-28,21,Kentucky,wk inc rsv prop ed visits,prop_ed,0.0063,NA
2026-02-28,22,Louisiana,wk inc rsv prop ed visits,prop_ed,0.0046,NA
2026-02-28,23,Maine,wk inc rsv prop ed visits,prop_ed,0.005,NA
2026-02-28,24,Maryland,wk inc rsv prop ed visits,prop_ed,0.0049,NA
2026-02-28,25,Massachusetts,wk inc rsv prop ed visits,prop_ed,0.0105,NA
2026-02-28,26,Michigan,wk inc rsv prop ed visits,prop_ed,0.0074,NA
2026-02-28,27,Minnesota,wk inc rsv prop ed visits,prop_ed,0.0087,NA
2026-02-28,28,Mississippi,wk inc rsv prop ed visits,prop_ed,0.004,NA
2026-02-28,30,Montana,wk inc rsv prop ed visits,prop_ed,0.0064,NA
2026-02-28,31,Nebraska,wk inc rsv prop ed visits,prop_ed,0.005,NA
2026-02-28,32,Nevada,wk inc rsv prop ed visits,prop_ed,0.0071,NA
2026-02-28,33,New Hampshire,wk inc rsv prop ed visits,prop_ed,0.0105,NA
2026-02-28,34,New Jersey,wk inc rsv prop ed visits,prop_ed,0.0067,NA
2026-02-28,35,New Mexico,wk inc rsv prop ed visits,prop_ed,0.0105,NA
2026-02-28,36,New York,wk inc rsv prop ed visits,prop_ed,0.0055,NA
2026-02-28,37,North Carolina,wk inc rsv prop ed visits,prop_ed,0.0073,NA
2026-02-28,38,North Dakota,wk inc rsv prop ed visits,prop_ed,0.0074,NA
2026-02-28,39,Ohio,wk inc rsv prop ed visits,prop_ed,0.0059,NA
2026-02-28,40,Oklahoma,wk inc rsv prop ed visits,prop_ed,0.009,NA
2026-02-28,41,Oregon,wk inc rsv prop ed visits,prop_ed,0.0064,NA
2026-02-28,42,Pennsylvania,wk inc rsv prop ed visits,prop_ed,0.0054,NA
2026-02-28,44,Rhode Island,wk inc rsv prop ed visits,prop_ed,0.0071,NA
2026-02-28,45,South Carolina,wk inc rsv prop ed visits,prop_ed,0.0025,NA
2026-02-28,46,South Dakota,wk inc rsv prop ed visits,prop_ed,0.0082,NA
2026-02-28,47,Tennessee,wk inc rsv prop ed visits,prop_ed,0.005,NA
2026-02-28,48,Texas,wk inc rsv prop ed visits,prop_ed,0.0045,NA
2026-02-28,49,Utah,wk inc rsv prop ed visits,prop_ed,0.0095,NA
2026-02-28,50,Vermont,wk inc rsv prop ed visits,prop_ed,0.0109,NA
2026-02-28,51,Virginia,wk inc rsv prop ed visits,prop_ed,0.0033,NA
2026-02-28,53,Washington,wk inc rsv prop ed visits,prop_ed,0.008,NA
2026-02-28,54,West Virginia,wk inc rsv prop ed visits,prop_ed,0.014,NA
2026-02-28,55,Wisconsin,wk inc rsv prop ed visits,prop_ed,0.0085,NA
2026-02-28,56,Wyoming,wk inc rsv prop ed visits,prop_ed,0.0108,NA
2026-02-28,US,United States,wk inc rsv prop ed visits,prop_ed,0.0061,NA
2026-03-07,01,Alabama,wk inc rsv prop ed visits,prop_ed,0.003,NA
2026-03-07,02,Alaska,wk inc rsv prop ed visits,prop_ed,0.0088,NA
2026-03-07,04,Arizona,wk inc rsv prop ed visits,prop_ed,0.0034,NA
2026-03-07,05,Arkansas,wk inc rsv prop ed visits,prop_ed,0.0114,NA
2026-03-07,06,California,wk inc rsv prop ed visits,prop_ed,0.0045,NA
2026-03-07,08,Colorado,wk inc rsv prop ed visits,prop_ed,0.0109,NA
2026-03-07,09,Connecticut,wk inc rsv prop ed visits,prop_ed,0.0042,NA
2026-03-07,10,Delaware,wk inc rsv prop ed visits,prop_ed,0.008,NA
2026-03-07,11,District of Columbia,wk inc rsv prop ed visits,prop_ed,0.0028,NA
2026-03-07,12,Florida,wk inc rsv prop ed visits,prop_ed,0.0027,NA
2026-03-07,13,Georgia,wk inc rsv prop ed visits,prop_ed,0.0032,NA
2026-03-07,15,Hawaii,wk inc rsv prop ed visits,prop_ed,0.0048,NA
2026-03-07,16,Idaho,wk inc rsv prop ed visits,prop_ed,0.0094,NA
2026-03-07,17,Illinois,wk inc rsv prop ed visits,prop_ed,0.0089,NA
2026-03-07,18,Indiana,wk inc rsv prop ed visits,prop_ed,0.0067,NA
2026-03-07,19,Iowa,wk inc rsv prop ed visits,prop_ed,0.0133,NA
2026-03-07,20,Kansas,wk inc rsv prop ed visits,prop_ed,0.0086,NA
2026-03-07,21,Kentucky,wk inc rsv prop ed visits,prop_ed,0.0068,NA
2026-03-07,22,Louisiana,wk inc rsv prop ed visits,prop_ed,0.0034,NA
2026-03-07,23,Maine,wk inc rsv prop ed visits,prop_ed,0.0049,NA
2026-03-07,24,Maryland,wk inc rsv prop ed visits,prop_ed,0.0037,NA
2026-03-07,25,Massachusetts,wk inc rsv prop ed visits,prop_ed,0.0069,NA
2026-03-07,26,Michigan,wk inc rsv prop ed visits,prop_ed,0.0086,NA
2026-03-07,27,Minnesota,wk inc rsv prop ed visits,prop_ed,0.0089,NA
2026-03-07,28,Mississippi,wk inc rsv prop ed visits,prop_ed,0.005,NA
2026-03-07,30,Montana,wk inc rsv prop ed visits,prop_ed,0.0073,NA
2026-03-07,31,Nebraska,wk inc rsv prop ed visits,prop_ed,0.0065,NA
2026-03-07,32,Nevada,wk inc rsv prop ed visits,prop_ed,0.0066,NA
2026-03-07,33,New Hampshire,wk inc rsv prop ed visits,prop_ed,0.0071,NA
2026-03-07,34,New Jersey,wk inc rsv prop ed visits,prop_ed,0.0054,NA
2026-03-07,35,New Mexico,wk inc rsv prop ed visits,prop_ed,0.0101,NA
2026-03-07,36,New York,wk inc rsv prop ed visits,prop_ed,0.0048,NA
2026-03-07,37,North Carolina,wk inc rsv prop ed visits,prop_ed,0.0072,NA
2026-03-07,38,North Dakota,wk inc rsv prop ed visits,prop_ed,0.0091,NA
2026-03-07,39,Ohio,wk inc rsv prop ed visits,prop_ed,0.0058,NA
2026-03-07,40,Oklahoma,wk inc rsv prop ed visits,prop_ed,0.0079,NA
2026-03-07,41,Oregon,wk inc rsv prop ed visits,prop_ed,0.0071,NA
2026-03-07,42,Pennsylvania,wk inc rsv prop ed visits,prop_ed,0.0053,NA
2026-03-07,44,Rhode Island,wk inc rsv prop ed visits,prop_ed,0.0052,NA
2026-03-07,45,South Carolina,wk inc rsv prop ed visits,prop_ed,0.003,NA
2026-03-07,46,South Dakota,wk inc rsv prop ed visits,prop_ed,0.0108,NA
2026-03-07,47,Tennessee,wk inc rsv prop ed visits,prop_ed,0.005,NA
2026-03-07,48,Texas,wk inc rsv prop ed visits,prop_ed,0.0044,NA
2026-03-07,49,Utah,wk inc rsv prop ed visits,prop_ed,0.0104,NA
2026-03-07,50,Vermont,wk inc rsv prop ed visits,prop_ed,0.0094,NA
2026-03-07,51,Virginia,wk inc rsv prop ed visits,prop_ed,0.0029,NA
2026-03-07,53,Washington,wk inc rsv prop ed visits,prop_ed,0.0071,NA
2026-03-07,54,West Virginia,wk inc rsv prop ed visits,prop_ed,0.013,NA
2026-03-07,55,Wisconsin,wk inc rsv prop ed visits,prop_ed,0.0095,NA
2026-03-07,56,Wyoming,wk inc rsv prop ed visits,prop_ed,0.0089,NA
2026-03-07,US,United States,wk inc rsv prop ed visits,prop_ed,0.0058,NA
2026-03-14,01,Alabama,wk inc rsv prop ed visits,prop_ed,0.0033,NA
2026-03-14,02,Alaska,wk inc rsv prop ed visits,prop_ed,0.0093,NA
2026-03-14,04,Arizona,wk inc rsv prop ed visits,prop_ed,0.0036,NA
2026-03-14,05,Arkansas,wk inc rsv prop ed visits,prop_ed,0.0102,NA
2026-03-14,06,California,wk inc rsv prop ed visits,prop_ed,0.004,NA
2026-03-14,08,Colorado,wk inc rsv prop ed visits,prop_ed,0.0092,NA
2026-03-14,09,Connecticut,wk inc rsv prop ed visits,prop_ed,0.0038,NA
2026-03-14,10,Delaware,wk inc rsv prop ed visits,prop_ed,0.0062,NA
2026-03-14,11,District of Columbia,wk inc rsv prop ed visits,prop_ed,0.0036,NA
2026-03-14,12,Florida,wk inc rsv prop ed visits,prop_ed,0.0027,NA
2026-03-14,13,Georgia,wk inc rsv prop ed visits,prop_ed,0.0022,NA
2026-03-14,15,Hawaii,wk inc rsv prop ed visits,prop_ed,0.0037,NA
2026-03-14,16,Idaho,wk inc rsv prop ed visits,prop_ed,0.0072,NA
2026-03-14,17,Illinois,wk inc rsv prop ed visits,prop_ed,0.0094,NA
2026-03-14,18,Indiana,wk inc rsv prop ed visits,prop_ed,0.0066,NA
2026-03-14,19,Iowa,wk inc rsv prop ed visits,prop_ed,0.0127,NA
2026-03-14,20,Kansas,wk inc rsv prop ed visits,prop_ed,0.0078,NA
2026-03-14,21,Kentucky,wk inc rsv prop ed visits,prop_ed,0.0069,NA
2026-03-14,22,Louisiana,wk inc rsv prop ed visits,prop_ed,0.0036,NA
2026-03-14,23,Maine,wk inc rsv prop ed visits,prop_ed,0.0054,NA
2026-03-14,24,Maryland,wk inc rsv prop ed visits,prop_ed,0.0044,NA
2026-03-14,25,Massachusetts,wk inc rsv prop ed visits,prop_ed,0.008,NA
2026-03-14,26,Michigan,wk inc rsv prop ed visits,prop_ed,0.0086,NA
2026-03-14,27,Minnesota,wk inc rsv prop ed visits,prop_ed,0.0086,NA
2026-03-14,28,Mississippi,wk inc rsv prop ed visits,prop_ed,0.0043,NA
2026-03-14,30,Montana,wk inc rsv prop ed visits,prop_ed,0.0082,NA
2026-03-14,31,Nebraska,wk inc rsv prop ed visits,prop_ed,0.0086,NA
2026-03-14,32,Nevada,wk inc rsv prop ed visits,prop_ed,0.0063,NA
2026-03-14,33,New Hampshire,wk inc rsv prop ed visits,prop_ed,0.0076,NA
2026-03-14,34,New Jersey,wk inc rsv prop ed visits,prop_ed,0.0045,NA
2026-03-14,35,New Mexico,wk inc rsv prop ed visits,prop_ed,0.0096,NA
2026-03-14,36,New York,wk inc rsv prop ed visits,prop_ed,0.0043,NA
2026-03-14,37,North Carolina,wk inc rsv prop ed visits,prop_ed,0.0063,NA
2026-03-14,38,North Dakota,wk inc rsv prop ed visits,prop_ed,0.0084,NA
2026-03-14,39,Ohio,wk inc rsv prop ed visits,prop_ed,0.0053,NA
2026-03-14,40,Oklahoma,wk inc rsv prop ed visits,prop_ed,0.0083,NA
2026-03-14,41,Oregon,wk inc rsv prop ed visits,prop_ed,0.0065,NA
2026-03-14,42,Pennsylvania,wk inc rsv prop ed visits,prop_ed,0.005,NA
2026-03-14,44,Rhode Island,wk inc rsv prop ed visits,prop_ed,0.0057,NA
2026-03-14,45,South Carolina,wk inc rsv prop ed visits,prop_ed,0.0024,NA
2026-03-14,46,South Dakota,wk inc rsv prop ed visits,prop_ed,0.0098,NA
2026-03-14,47,Tennessee,wk inc rsv prop ed visits,prop_ed,0.0046,NA
2026-03-14,48,Texas,wk inc rsv prop ed visits,prop_ed,0.0038,NA
2026-03-14,49,Utah,wk inc rsv prop ed visits,prop_ed,0.0092,NA
2026-03-14,50,Vermont,wk inc rsv prop ed visits,prop_ed,0.0106,NA
2026-03-14,51,Virginia,wk inc rsv prop ed visits,prop_ed,0.0032,NA
2026-03-14,53,Washington,wk inc rsv prop ed visits,prop_ed,0.0066,NA
2026-03-14,54,West Virginia,wk inc rsv prop ed visits,prop_ed,0.013,NA
2026-03-14,55,Wisconsin,wk inc rsv prop ed visits,prop_ed,0.0101,NA
2026-03-14,56,Wyoming,wk inc rsv prop ed visits,prop_ed,0.0116,NA
2026-03-14,US,United States,wk inc rsv prop ed visits,prop_ed,0.0055,NA
2026-03-21,01,Alabama,wk inc rsv prop ed visits,prop_ed,0.0027,NA
2026-03-21,02,Alaska,wk inc rsv prop ed visits,prop_ed,0.0071,NA
2026-03-21,04,Arizona,wk inc rsv prop ed visits,prop_ed,0.0032,NA
2026-03-21,05,Arkansas,wk inc rsv prop ed visits,prop_ed,0.0086,NA
2026-03-21,06,California,wk inc rsv prop ed visits,prop_ed,0.0033,NA
2026-03-21,08,Colorado,wk inc rsv prop ed visits,prop_ed,0.0079,NA
2026-03-21,09,Connecticut,wk inc rsv prop ed visits,prop_ed,0.0035,NA
2026-03-21,10,Delaware,wk inc rsv prop ed visits,prop_ed,0.0056,NA
2026-03-21,11,District of Columbia,wk inc rsv prop ed visits,prop_ed,0.0016,NA
2026-03-21,12,Florida,wk inc rsv prop ed visits,prop_ed,0.0026,NA
2026-03-21,13,Georgia,wk inc rsv prop ed visits,prop_ed,0.0024,NA
2026-03-21,15,Hawaii,wk inc rsv prop ed visits,prop_ed,0.0055,NA
2026-03-21,16,Idaho,wk inc rsv prop ed visits,prop_ed,0.0072,NA
2026-03-21,17,Illinois,wk inc rsv prop ed visits,prop_ed,0.0076,NA
2026-03-21,18,Indiana,wk inc rsv prop ed visits,prop_ed,0.0058,NA
2026-03-21,19,Iowa,wk inc rsv prop ed visits,prop_ed,0.0107,NA
2026-03-21,20,Kansas,wk inc rsv prop ed visits,prop_ed,0.0068,NA
2026-03-21,21,Kentucky,wk inc rsv prop ed visits,prop_ed,0.0064,NA
2026-03-21,22,Louisiana,wk inc rsv prop ed visits,prop_ed,0.0027,NA
2026-03-21,23,Maine,wk inc rsv prop ed visits,prop_ed,0.0068,NA
2026-03-21,24,Maryland,wk inc rsv prop ed visits,prop_ed,0.0029,NA
2026-03-21,25,Massachusetts,wk inc rsv prop ed visits,prop_ed,0.0064,NA
2026-03-21,26,Michigan,wk inc rsv prop ed visits,prop_ed,0.0082,NA
2026-03-21,27,Minnesota,wk inc rsv prop ed visits,prop_ed,0.0068,NA
2026-03-21,28,Mississippi,wk inc rsv prop ed visits,prop_ed,0.0035,NA
2026-03-21,30,Montana,wk inc rsv prop ed visits,prop_ed,0.0071,NA
2026-03-21,31,Nebraska,wk inc rsv prop ed visits,prop_ed,0.0065,NA
2026-03-21,32,Nevada,wk inc rsv prop ed visits,prop_ed,0.0056,NA
2026-03-21,33,New Hampshire,wk inc rsv prop ed visits,prop_ed,0.0068,NA
2026-03-21,34,New Jersey,wk inc rsv prop ed visits,prop_ed,0.0045,NA
2026-03-21,35,New Mexico,wk inc rsv prop ed visits,prop_ed,0.0087,NA
2026-03-21,36,New York,wk inc rsv prop ed visits,prop_ed,0.0038,NA
2026-03-21,37,North Carolina,wk inc rsv prop ed visits,prop_ed,0.0056,NA
2026-03-21,38,North Dakota,wk inc rsv prop ed visits,prop_ed,0.0145,NA
2026-03-21,39,Ohio,wk inc rsv prop ed visits,prop_ed,0.0049,NA
2026-03-21,40,Oklahoma,wk inc rsv prop ed visits,prop_ed,0.0063,NA
2026-03-21,41,Oregon,wk inc rsv prop ed visits,prop_ed,0.0058,NA
2026-03-21,42,Pennsylvania,wk inc rsv prop ed visits,prop_ed,0.0039,NA
2026-03-21,44,Rhode Island,wk inc rsv prop ed visits,prop_ed,0.0045,NA
2026-03-21,45,South Carolina,wk inc rsv prop ed visits,prop_ed,0.002,NA
2026-03-21,46,South Dakota,wk inc rsv prop ed visits,prop_ed,0.011,NA
2026-03-21,47,Tennessee,wk inc rsv prop ed visits,prop_ed,0.0042,NA
2026-03-21,48,Texas,wk inc rsv prop ed visits,prop_ed,0.0032,NA
2026-03-21,49,Utah,wk inc rsv prop ed visits,prop_ed,0.009,NA
2026-03-21,50,Vermont,wk inc rsv prop ed visits,prop_ed,0.0118,NA
2026-03-21,51,Virginia,wk inc rsv prop ed visits,prop_ed,0.0024,NA
2026-03-21,53,Washington,wk inc rsv prop ed visits,prop_ed,0.0058,NA
2026-03-21,54,West Virginia,wk inc rsv prop ed visits,prop_ed,0.0131,NA
2026-03-21,55,Wisconsin,wk inc rsv prop ed visits,prop_ed,0.0083,NA
2026-03-21,56,Wyoming,wk inc rsv prop ed visits,prop_ed,0.0122,NA
2026-03-21,US,United States,wk inc rsv prop ed visits,prop_ed,0.0048,NA
2026-03-28,01,Alabama,wk inc rsv prop ed visits,prop_ed,0.0022,NA
2026-03-28,02,Alaska,wk inc rsv prop ed visits,prop_ed,0.0063,NA
2026-03-28,04,Arizona,wk inc rsv prop ed visits,prop_ed,0.003,NA
2026-03-28,05,Arkansas,wk inc rsv prop ed visits,prop_ed,0.0093,NA
2026-03-28,06,California,wk inc rsv prop ed visits,prop_ed,0.0032,NA
2026-03-28,08,Colorado,wk inc rsv prop ed visits,prop_ed,0.0069,NA
2026-03-28,09,Connecticut,wk inc rsv prop ed visits,prop_ed,0.0031,NA
2026-03-28,10,Delaware,wk inc rsv prop ed visits,prop_ed,0.0042,NA
2026-03-28,11,District of Columbia,wk inc rsv prop ed visits,prop_ed,0.0017,NA
2026-03-28,12,Florida,wk inc rsv prop ed visits,prop_ed,0.0024,NA
2026-03-28,13,Georgia,wk inc rsv prop ed visits,prop_ed,0.0017,NA
2026-03-28,15,Hawaii,wk inc rsv prop ed visits,prop_ed,0.0044,NA
2026-03-28,16,Idaho,wk inc rsv prop ed visits,prop_ed,0.0059,NA
2026-03-28,17,Illinois,wk inc rsv prop ed visits,prop_ed,0.0063,NA
2026-03-28,18,Indiana,wk inc rsv prop ed visits,prop_ed,0.0059,NA
2026-03-28,19,Iowa,wk inc rsv prop ed visits,prop_ed,0.0095,NA
2026-03-28,20,Kansas,wk inc rsv prop ed visits,prop_ed,0.0052,NA
2026-03-28,21,Kentucky,wk inc rsv prop ed visits,prop_ed,0.0056,NA
2026-03-28,22,Louisiana,wk inc rsv prop ed visits,prop_ed,0.0021,NA
2026-03-28,23,Maine,wk inc rsv prop ed visits,prop_ed,0.0065,NA
2026-03-28,24,Maryland,wk inc rsv prop ed visits,prop_ed,0.0026,NA
2026-03-28,25,Massachusetts,wk inc rsv prop ed visits,prop_ed,0.0053,NA
2026-03-28,26,Michigan,wk inc rsv prop ed visits,prop_ed,0.0076,NA
2026-03-28,27,Minnesota,wk inc rsv prop ed visits,prop_ed,0.0066,NA
2026-03-28,28,Mississippi,wk inc rsv prop ed visits,prop_ed,0.0028,NA
2026-03-28,30,Montana,wk inc rsv prop ed visits,prop_ed,0.0068,NA
2026-03-28,31,Nebraska,wk inc rsv prop ed visits,prop_ed,0.0079,NA
2026-03-28,32,Nevada,wk inc rsv prop ed visits,prop_ed,0.0043,NA
2026-03-28,33,New Hampshire,wk inc rsv prop ed visits,prop_ed,0.0055,NA
2026-03-28,34,New Jersey,wk inc rsv prop ed visits,prop_ed,0.0036,NA
2026-03-28,35,New Mexico,wk inc rsv prop ed visits,prop_ed,0.008,NA
2026-03-28,36,New York,wk inc rsv prop ed visits,prop_ed,0.0033,NA
2026-03-28,37,North Carolina,wk inc rsv prop ed visits,prop_ed,0.0043,NA
2026-03-28,38,North Dakota,wk inc rsv prop ed visits,prop_ed,0.0135,NA
2026-03-28,39,Ohio,wk inc rsv prop ed visits,prop_ed,0.0041,NA
2026-03-28,40,Oklahoma,wk inc rsv prop ed visits,prop_ed,0.0051,NA
2026-03-28,41,Oregon,wk inc rsv prop ed visits,prop_ed,0.0063,NA
2026-03-28,42,Pennsylvania,wk inc rsv prop ed visits,prop_ed,0.0036,NA
2026-03-28,44,Rhode Island,wk inc rsv prop ed visits,prop_ed,0.0033,NA
2026-03-28,45,South Carolina,wk inc rsv prop ed visits,prop_ed,0.0017,NA
2026-03-28,46,South Dakota,wk inc rsv prop ed visits,prop_ed,0.0104,NA
2026-03-28,47,Tennessee,wk inc rsv prop ed visits,prop_ed,0.0035,NA
2026-03-28,48,Texas,wk inc rsv prop ed visits,prop_ed,0.0025,NA
2026-03-28,49,Utah,wk inc rsv prop ed visits,prop_ed,0.0064,NA
2026-03-28,50,Vermont,wk inc rsv prop ed visits,prop_ed,0.0101,NA
2026-03-28,51,Virginia,wk inc rsv prop ed visits,prop_ed,0.0023,NA
2026-03-28,53,Washington,wk inc rsv prop ed visits,prop_ed,0.0054,NA
2026-03-28,54,West Virginia,wk inc rsv prop ed visits,prop_ed,0.0128,NA
2026-03-28,55,Wisconsin,wk inc rsv prop ed visits,prop_ed,0.0071,NA
2026-03-28,56,Wyoming,wk inc rsv prop ed visits,prop_ed,0.0103,NA
2026-03-28,US,United States,wk inc rsv prop ed visits,prop_ed,0.0042,NA
2026-04-04,01,Alabama,wk inc rsv prop ed visits,prop_ed,0.0019,NA
2026-04-04,02,Alaska,wk inc rsv prop ed visits,prop_ed,0.0053,NA
2026-04-04,04,Arizona,wk inc rsv prop ed visits,prop_ed,0.0027,NA
2026-04-04,05,Arkansas,wk inc rsv prop ed visits,prop_ed,0.0062,NA
2026-04-04,06,California,wk inc rsv prop ed visits,prop_ed,0.0029,NA
2026-04-04,08,Colorado,wk inc rsv prop ed visits,prop_ed,0.0049,NA
2026-04-04,09,Connecticut,wk inc rsv prop ed visits,prop_ed,0.0027,NA
2026-04-04,10,Delaware,wk inc rsv prop ed visits,prop_ed,0.0038,NA
2026-04-04,11,District of Columbia,wk inc rsv prop ed visits,prop_ed,0.0013,NA
2026-04-04,12,Florida,wk inc rsv prop ed visits,prop_ed,0.002,NA
2026-04-04,13,Georgia,wk inc rsv prop ed visits,prop_ed,0.0013,NA
2026-04-04,15,Hawaii,wk inc rsv prop ed visits,prop_ed,0.0047,NA
2026-04-04,16,Idaho,wk inc rsv prop ed visits,prop_ed,0.0044,NA
2026-04-04,17,Illinois,wk inc rsv prop ed visits,prop_ed,0.0046,NA
2026-04-04,18,Indiana,wk inc rsv prop ed visits,prop_ed,0.0045,NA
2026-04-04,19,Iowa,wk inc rsv prop ed visits,prop_ed,0.0077,NA
2026-04-04,20,Kansas,wk inc rsv prop ed visits,prop_ed,0.004,NA
2026-04-04,21,Kentucky,wk inc rsv prop ed visits,prop_ed,0.0045,NA
2026-04-04,22,Louisiana,wk inc rsv prop ed visits,prop_ed,0.0018,NA
2026-04-04,23,Maine,wk inc rsv prop ed visits,prop_ed,0.0061,NA
2026-04-04,24,Maryland,wk inc rsv prop ed visits,prop_ed,0.0021,NA
2026-04-04,25,Massachusetts,wk inc rsv prop ed visits,prop_ed,0.0053,NA
2026-04-04,26,Michigan,wk inc rsv prop ed visits,prop_ed,0.0072,NA
2026-04-04,27,Minnesota,wk inc rsv prop ed visits,prop_ed,0.0056,NA
2026-04-04,28,Mississippi,wk inc rsv prop ed visits,prop_ed,0.0028,NA
2026-04-04,30,Montana,wk inc rsv prop ed visits,prop_ed,0.0079,NA
2026-04-04,31,Nebraska,wk inc rsv prop ed visits,prop_ed,0.0066,NA
2026-04-04,32,Nevada,wk inc rsv prop ed visits,prop_ed,0.0026,NA
2026-04-04,33,New Hampshire,wk inc rsv prop ed visits,prop_ed,0.0051,NA
2026-04-04,34,New Jersey,wk inc rsv prop ed visits,prop_ed,0.0028,NA
2026-04-04,35,New Mexico,wk inc rsv prop ed visits,prop_ed,0.0052,NA
2026-04-04,36,New York,wk inc rsv prop ed visits,prop_ed,0.0029,NA
2026-04-04,37,North Carolina,wk inc rsv prop ed visits,prop_ed,0.0043,NA
2026-04-04,38,North Dakota,wk inc rsv prop ed visits,prop_ed,0.0127,NA
2026-04-04,39,Ohio,wk inc rsv prop ed visits,prop_ed,0.0036,NA
2026-04-04,40,Oklahoma,wk inc rsv prop ed visits,prop_ed,0.0038,NA
2026-04-04,41,Oregon,wk inc rsv prop ed visits,prop_ed,0.0049,NA
2026-04-04,42,Pennsylvania,wk inc rsv prop ed visits,prop_ed,0.0029,NA
2026-04-04,44,Rhode Island,wk inc rsv prop ed visits,prop_ed,0.0034,NA
2026-04-04,45,South Carolina,wk inc rsv prop ed visits,prop_ed,0.001,NA
2026-04-04,46,South Dakota,wk inc rsv prop ed visits,prop_ed,0.0067,NA
2026-04-04,47,Tennessee,wk inc rsv prop ed visits,prop_ed,0.0031,NA
2026-04-04,48,Texas,wk inc rsv prop ed visits,prop_ed,0.0019,NA
2026-04-04,49,Utah,wk inc rsv prop ed visits,prop_ed,0.0058,NA
2026-04-04,50,Vermont,wk inc rsv prop ed visits,prop_ed,0.0096,NA
2026-04-04,51,Virginia,wk inc rsv prop ed visits,prop_ed,0.0025,NA
2026-04-04,53,Washington,wk inc rsv prop ed visits,prop_ed,0.0044,NA
2026-04-04,54,West Virginia,wk inc rsv prop ed visits,prop_ed,0.0102,NA
2026-04-04,55,Wisconsin,wk inc rsv prop ed visits,prop_ed,0.0068,NA
2026-04-04,56,Wyoming,wk inc rsv prop ed visits,prop_ed,0.0097,NA
2026-04-04,US,United States,wk inc rsv prop ed visits,prop_ed,0.0035,NA
2026-04-11,01,Alabama,wk inc rsv prop ed visits,prop_ed,0.0018,NA
2026-04-11,02,Alaska,wk inc rsv prop ed visits,prop_ed,0.0039,NA
2026-04-11,04,Arizona,wk inc rsv prop ed visits,prop_ed,0.0023,NA
2026-04-11,05,Arkansas,wk inc rsv prop ed visits,prop_ed,0.0047,NA
2026-04-11,06,California,wk inc rsv prop ed visits,prop_ed,0.002,NA
2026-04-11,08,Colorado,wk inc rsv prop ed visits,prop_ed,0.0032,NA
2026-04-11,09,Connecticut,wk inc rsv prop ed visits,prop_ed,0.0021,NA
2026-04-11,10,Delaware,wk inc rsv prop ed visits,prop_ed,0.0037,NA
2026-04-11,11,District of Columbia,wk inc rsv prop ed visits,prop_ed,0.001,NA
2026-04-11,12,Florida,wk inc rsv prop ed visits,prop_ed,0.0018,NA
2026-04-11,13,Georgia,wk inc rsv prop ed visits,prop_ed,0.0014,NA
2026-04-11,15,Hawaii,wk inc rsv prop ed visits,prop_ed,0.0051,NA
2026-04-11,16,Idaho,wk inc rsv prop ed visits,prop_ed,0.0038,NA
2026-04-11,17,Illinois,wk inc rsv prop ed visits,prop_ed,0.004,NA
2026-04-11,18,Indiana,wk inc rsv prop ed visits,prop_ed,0.0033,NA
2026-04-11,19,Iowa,wk inc rsv prop ed visits,prop_ed,0.0059,NA
2026-04-11,20,Kansas,wk inc rsv prop ed visits,prop_ed,0.0028,NA
2026-04-11,21,Kentucky,wk inc rsv prop ed visits,prop_ed,0.0046,NA
2026-04-11,22,Louisiana,wk inc rsv prop ed visits,prop_ed,0.0016,NA
2026-04-11,23,Maine,wk inc rsv prop ed visits,prop_ed,0.006,NA
2026-04-11,24,Maryland,wk inc rsv prop ed visits,prop_ed,0.0021,NA
2026-04-11,25,Massachusetts,wk inc rsv prop ed visits,prop_ed,0.0035,NA
2026-04-11,26,Michigan,wk inc rsv prop ed visits,prop_ed,0.0056,NA
2026-04-11,27,Minnesota,wk inc rsv prop ed visits,prop_ed,0.0052,NA
2026-04-11,28,Mississippi,wk inc rsv prop ed visits,prop_ed,0.0016,NA
2026-04-11,30,Montana,wk inc rsv prop ed visits,prop_ed,0.0065,NA
2026-04-11,31,Nebraska,wk inc rsv prop ed visits,prop_ed,0.0066,NA
2026-04-11,32,Nevada,wk inc rsv prop ed visits,prop_ed,0.0023,NA
2026-04-11,33,New Hampshire,wk inc rsv prop ed visits,prop_ed,0.0048,NA
2026-04-11,34,New Jersey,wk inc rsv prop ed visits,prop_ed,0.0025,NA
2026-04-11,35,New Mexico,wk inc rsv prop ed visits,prop_ed,0.0032,NA
2026-04-11,36,New York,wk inc rsv prop ed visits,prop_ed,0.0023,NA
2026-04-11,37,North Carolina,wk inc rsv prop ed visits,prop_ed,0.0032,NA
2026-04-11,38,North Dakota,wk inc rsv prop ed visits,prop_ed,0.0083,NA
2026-04-11,39,Ohio,wk inc rsv prop ed visits,prop_ed,0.0027,NA
2026-04-11,40,Oklahoma,wk inc rsv prop ed visits,prop_ed,0.0025,NA
2026-04-11,41,Oregon,wk inc rsv prop ed visits,prop_ed,0.0043,NA
2026-04-11,42,Pennsylvania,wk inc rsv prop ed visits,prop_ed,0.0024,NA
2026-04-11,44,Rhode Island,wk inc rsv prop ed visits,prop_ed,0.0028,NA
2026-04-11,45,South Carolina,wk inc rsv prop ed visits,prop_ed,0.0018,NA
2026-04-11,46,South Dakota,wk inc rsv prop ed visits,prop_ed,0.0067,NA
2026-04-11,47,Tennessee,wk inc rsv prop ed visits,prop_ed,0.0025,NA
2026-04-11,48,Texas,wk inc rsv prop ed visits,prop_ed,0.0019,NA
2026-04-11,49,Utah,wk inc rsv prop ed visits,prop_ed,0.0053,NA
2026-04-11,50,Vermont,wk inc rsv prop ed visits,prop_ed,0.0078,NA
2026-04-11,51,Virginia,wk inc rsv prop ed visits,prop_ed,0.0019,NA
2026-04-11,53,Washington,wk inc rsv prop ed visits,prop_ed,0.0041,NA
2026-04-11,54,West Virginia,wk inc rsv prop ed visits,prop_ed,0.0094,NA
2026-04-11,55,Wisconsin,wk inc rsv prop ed visits,prop_ed,0.0052,NA
2026-04-11,56,Wyoming,wk inc rsv prop ed visits,prop_ed,0.0064,NA
2026-04-11,US,United States,wk inc rsv prop ed visits,prop_ed,0.0029,NA
2026-04-18,01,Alabama,wk inc rsv prop ed visits,prop_ed,0.0019,NA
2026-04-18,02,Alaska,wk inc rsv prop ed visits,prop_ed,0.0029,NA
2026-04-18,04,Arizona,wk inc rsv prop ed visits,prop_ed,0.0017,NA
2026-04-18,05,Arkansas,wk inc rsv prop ed visits,prop_ed,0.0035,NA
2026-04-18,06,California,wk inc rsv prop ed visits,prop_ed,0.0014,NA
2026-04-18,08,Colorado,wk inc rsv prop ed visits,prop_ed,0.0029,NA
2026-04-18,09,Connecticut,wk inc rsv prop ed visits,prop_ed,0.0014,NA
2026-04-18,10,Delaware,wk inc rsv prop ed visits,prop_ed,0.0022,NA
2026-04-18,11,District of Columbia,wk inc rsv prop ed visits,prop_ed,0.0013,NA
2026-04-18,12,Florida,wk inc rsv prop ed visits,prop_ed,0.0018,NA
2026-04-18,13,Georgia,wk inc rsv prop ed visits,prop_ed,0.0013,NA
2026-04-18,15,Hawaii,wk inc rsv prop ed visits,prop_ed,0.0028,NA
2026-04-18,16,Idaho,wk inc rsv prop ed visits,prop_ed,0.0034,NA
2026-04-18,17,Illinois,wk inc rsv prop ed visits,prop_ed,0.0031,NA
2026-04-18,18,Indiana,wk inc rsv prop ed visits,prop_ed,0.0027,NA
2026-04-18,19,Iowa,wk inc rsv prop ed visits,prop_ed,0.0049,NA
2026-04-18,20,Kansas,wk inc rsv prop ed visits,prop_ed,0.0019,NA
2026-04-18,21,Kentucky,wk inc rsv prop ed visits,prop_ed,0.0034,NA
2026-04-18,22,Louisiana,wk inc rsv prop ed visits,prop_ed,0.0012,NA
2026-04-18,23,Maine,wk inc rsv prop ed visits,prop_ed,0.0067,NA
2026-04-18,24,Maryland,wk inc rsv prop ed visits,prop_ed,0.0011,NA
2026-04-18,25,Massachusetts,wk inc rsv prop ed visits,prop_ed,0.0028,NA
2026-04-18,26,Michigan,wk inc rsv prop ed visits,prop_ed,0.0044,NA
2026-04-18,27,Minnesota,wk inc rsv prop ed visits,prop_ed,0.0044,NA
2026-04-18,28,Mississippi,wk inc rsv prop ed visits,prop_ed,0.0016,NA
2026-04-18,30,Montana,wk inc rsv prop ed visits,prop_ed,0.006,NA
2026-04-18,31,Nebraska,wk inc rsv prop ed visits,prop_ed,0.0046,NA
2026-04-18,32,Nevada,wk inc rsv prop ed visits,prop_ed,0.0019,NA
2026-04-18,33,New Hampshire,wk inc rsv prop ed visits,prop_ed,0.0032,NA
2026-04-18,34,New Jersey,wk inc rsv prop ed visits,prop_ed,0.0015,NA
2026-04-18,35,New Mexico,wk inc rsv prop ed visits,prop_ed,0.0036,NA
2026-04-18,36,New York,wk inc rsv prop ed visits,prop_ed,0.0018,NA
2026-04-18,37,North Carolina,wk inc rsv prop ed visits,prop_ed,0.0026,NA
2026-04-18,38,North Dakota,wk inc rsv prop ed visits,prop_ed,0.0071,NA
2026-04-18,39,Ohio,wk inc rsv prop ed visits,prop_ed,0.0018,NA
2026-04-18,40,Oklahoma,wk inc rsv prop ed visits,prop_ed,0.0021,NA
2026-04-18,41,Oregon,wk inc rsv prop ed visits,prop_ed,0.0028,NA
2026-04-18,42,Pennsylvania,wk inc rsv prop ed visits,prop_ed,0.0018,NA
2026-04-18,44,Rhode Island,wk inc rsv prop ed visits,prop_ed,0.0023,NA
2026-04-18,45,South Carolina,wk inc rsv prop ed visits,prop_ed,9e-4,NA
2026-04-18,46,South Dakota,wk inc rsv prop ed visits,prop_ed,0.0079,NA
2026-04-18,47,Tennessee,wk inc rsv prop ed visits,prop_ed,0.0019,NA
2026-04-18,48,Texas,wk inc rsv prop ed visits,prop_ed,0.0014,NA
2026-04-18,49,Utah,wk inc rsv prop ed visits,prop_ed,0.0024,NA
2026-04-18,50,Vermont,wk inc rsv prop ed visits,prop_ed,0.0049,NA
2026-04-18,51,Virginia,wk inc rsv prop ed visits,prop_ed,0.0015,NA
2026-04-18,53,Washington,wk inc rsv prop ed visits,prop_ed,0.0027,NA
2026-04-18,54,West Virginia,wk inc rsv prop ed visits,prop_ed,0.008,NA
2026-04-18,55,Wisconsin,wk inc rsv prop ed visits,prop_ed,0.0042,NA
2026-04-18,56,Wyoming,wk inc rsv prop ed visits,prop_ed,0.0061,NA
2026-04-18,US,United States,wk inc rsv prop ed visits,prop_ed,0.0023,NA
2026-04-25,01,Alabama,wk inc rsv prop ed visits,prop_ed,0.0011,NA
2026-04-25,02,Alaska,wk inc rsv prop ed visits,prop_ed,0.0019,NA
2026-04-25,04,Arizona,wk inc rsv prop ed visits,prop_ed,0.0019,NA
2026-04-25,05,Arkansas,wk inc rsv prop ed visits,prop_ed,0.0026,NA
2026-04-25,06,California,wk inc rsv prop ed visits,prop_ed,0.0012,NA
2026-04-25,08,Colorado,wk inc rsv prop ed visits,prop_ed,0.0025,NA
2026-04-25,09,Connecticut,wk inc rsv prop ed visits,prop_ed,0.001,NA
2026-04-25,10,Delaware,wk inc rsv prop ed visits,prop_ed,0.0025,NA
2026-04-25,11,District of Columbia,wk inc rsv prop ed visits,prop_ed,6e-4,NA
2026-04-25,12,Florida,wk inc rsv prop ed visits,prop_ed,0.0015,NA
2026-04-25,13,Georgia,wk inc rsv prop ed visits,prop_ed,7e-4,NA
2026-04-25,15,Hawaii,wk inc rsv prop ed visits,prop_ed,0.0027,NA
2026-04-25,16,Idaho,wk inc rsv prop ed visits,prop_ed,0.0019,NA
2026-04-25,17,Illinois,wk inc rsv prop ed visits,prop_ed,0.002,NA
2026-04-25,18,Indiana,wk inc rsv prop ed visits,prop_ed,0.002,NA
2026-04-25,19,Iowa,wk inc rsv prop ed visits,prop_ed,0.0031,NA
2026-04-25,20,Kansas,wk inc rsv prop ed visits,prop_ed,0.0014,NA
2026-04-25,21,Kentucky,wk inc rsv prop ed visits,prop_ed,0.0023,NA
2026-04-25,22,Louisiana,wk inc rsv prop ed visits,prop_ed,0.0012,NA
2026-04-25,23,Maine,wk inc rsv prop ed visits,prop_ed,0.0046,NA
2026-04-25,24,Maryland,wk inc rsv prop ed visits,prop_ed,0.0013,NA
2026-04-25,25,Massachusetts,wk inc rsv prop ed visits,prop_ed,0.0025,NA
2026-04-25,26,Michigan,wk inc rsv prop ed visits,prop_ed,0.0033,NA
2026-04-25,27,Minnesota,wk inc rsv prop ed visits,prop_ed,0.0032,NA
2026-04-25,28,Mississippi,wk inc rsv prop ed visits,prop_ed,0.0021,NA
2026-04-25,30,Montana,wk inc rsv prop ed visits,prop_ed,0.006,NA
2026-04-25,31,Nebraska,wk inc rsv prop ed visits,prop_ed,0.0037,NA
2026-04-25,32,Nevada,wk inc rsv prop ed visits,prop_ed,0.0014,NA
2026-04-25,33,New Hampshire,wk inc rsv prop ed visits,prop_ed,0.0025,NA
2026-04-25,34,New Jersey,wk inc rsv prop ed visits,prop_ed,0.0013,NA
2026-04-25,35,New Mexico,wk inc rsv prop ed visits,prop_ed,0.0021,NA
2026-04-25,36,New York,wk inc rsv prop ed visits,prop_ed,0.0011,NA
2026-04-25,37,North Carolina,wk inc rsv prop ed visits,prop_ed,0.0019,NA
2026-04-25,38,North Dakota,wk inc rsv prop ed visits,prop_ed,0.005,NA
2026-04-25,39,Ohio,wk inc rsv prop ed visits,prop_ed,0.0011,NA
2026-04-25,40,Oklahoma,wk inc rsv prop ed visits,prop_ed,0.0019,NA
2026-04-25,41,Oregon,wk inc rsv prop ed visits,prop_ed,0.002,NA
2026-04-25,42,Pennsylvania,wk inc rsv prop ed visits,prop_ed,0.0012,NA
2026-04-25,44,Rhode Island,wk inc rsv prop ed visits,prop_ed,0.0013,NA
2026-04-25,45,South Carolina,wk inc rsv prop ed visits,prop_ed,6e-4,NA
2026-04-25,46,South Dakota,wk inc rsv prop ed visits,prop_ed,0.009,NA
2026-04-25,47,Tennessee,wk inc rsv prop ed visits,prop_ed,0.0015,NA
2026-04-25,48,Texas,wk inc rsv prop ed visits,prop_ed,0.0012,NA
2026-04-25,49,Utah,wk inc rsv prop ed visits,prop_ed,0.0022,NA
2026-04-25,50,Vermont,wk inc rsv prop ed visits,prop_ed,0.0037,NA
2026-04-25,51,Virginia,wk inc rsv prop ed visits,prop_ed,0.0012,NA
2026-04-25,53,Washington,wk inc rsv prop ed visits,prop_ed,0.0023,NA
2026-04-25,54,West Virginia,wk inc rsv prop ed visits,prop_ed,0.0058,NA
2026-04-25,55,Wisconsin,wk inc rsv prop ed visits,prop_ed,0.0029,NA
2026-04-25,56,Wyoming,wk inc rsv prop ed visits,prop_ed,0.0056,NA
2026-04-25,US,United States,wk inc rsv prop ed visits,prop_ed,0.0017,NA
2026-05-02,01,Alabama,wk inc rsv prop ed visits,prop_ed,0.0012,NA
2026-05-02,02,Alaska,wk inc rsv prop ed visits,prop_ed,0.0011,NA
2026-05-02,04,Arizona,wk inc rsv prop ed visits,prop_ed,0.0012,NA
2026-05-02,05,Arkansas,wk inc rsv prop ed visits,prop_ed,0.0027,NA
2026-05-02,06,California,wk inc rsv prop ed visits,prop_ed,9e-4,NA
2026-05-02,08,Colorado,wk inc rsv prop ed visits,prop_ed,0.0016,NA
2026-05-02,09,Connecticut,wk inc rsv prop ed visits,prop_ed,8e-4,NA
2026-05-02,10,Delaware,wk inc rsv prop ed visits,prop_ed,0.0017,NA
2026-05-02,11,District of Columbia,wk inc rsv prop ed visits,prop_ed,7e-4,NA
2026-05-02,12,Florida,wk inc rsv prop ed visits,prop_ed,0.0012,NA
2026-05-02,13,Georgia,wk inc rsv prop ed visits,prop_ed,6e-4,NA
2026-05-02,15,Hawaii,wk inc rsv prop ed visits,prop_ed,0.0035,NA
2026-05-02,16,Idaho,wk inc rsv prop ed visits,prop_ed,0.002,NA
2026-05-02,17,Illinois,wk inc rsv prop ed visits,prop_ed,0.0014,NA
2026-05-02,18,Indiana,wk inc rsv prop ed visits,prop_ed,0.0014,NA
2026-05-02,19,Iowa,wk inc rsv prop ed visits,prop_ed,0.0026,NA
2026-05-02,20,Kansas,wk inc rsv prop ed visits,prop_ed,0.001,NA
2026-05-02,21,Kentucky,wk inc rsv prop ed visits,prop_ed,0.002,NA
2026-05-02,22,Louisiana,wk inc rsv prop ed visits,prop_ed,9e-4,NA
2026-05-02,23,Maine,wk inc rsv prop ed visits,prop_ed,0.0033,NA
2026-05-02,24,Maryland,wk inc rsv prop ed visits,prop_ed,8e-4,NA
2026-05-02,25,Massachusetts,wk inc rsv prop ed visits,prop_ed,0.0014,NA
2026-05-02,26,Michigan,wk inc rsv prop ed visits,prop_ed,0.0025,NA
2026-05-02,27,Minnesota,wk inc rsv prop ed visits,prop_ed,0.0029,NA
2026-05-02,28,Mississippi,wk inc rsv prop ed visits,prop_ed,0.0014,NA
2026-05-02,30,Montana,wk inc rsv prop ed visits,prop_ed,0.0035,NA
2026-05-02,31,Nebraska,wk inc rsv prop ed visits,prop_ed,0.0028,NA
2026-05-02,32,Nevada,wk inc rsv prop ed visits,prop_ed,0.001,NA
2026-05-02,33,New Hampshire,wk inc rsv prop ed visits,prop_ed,0.002,NA
2026-05-02,34,New Jersey,wk inc rsv prop ed visits,prop_ed,0.001,NA
2026-05-02,35,New Mexico,wk inc rsv prop ed visits,prop_ed,0.0018,NA
2026-05-02,36,New York,wk inc rsv prop ed visits,prop_ed,9e-4,NA
2026-05-02,37,North Carolina,wk inc rsv prop ed visits,prop_ed,0.0015,NA
2026-05-02,38,North Dakota,wk inc rsv prop ed visits,prop_ed,0.0045,NA
2026-05-02,39,Ohio,wk inc rsv prop ed visits,prop_ed,0.001,NA
2026-05-02,40,Oklahoma,wk inc rsv prop ed visits,prop_ed,0.0017,NA
2026-05-02,41,Oregon,wk inc rsv prop ed visits,prop_ed,0.002,NA
2026-05-02,42,Pennsylvania,wk inc rsv prop ed visits,prop_ed,0.001,NA
2026-05-02,44,Rhode Island,wk inc rsv prop ed visits,prop_ed,7e-4,NA
2026-05-02,45,South Carolina,wk inc rsv prop ed visits,prop_ed,7e-4,NA
2026-05-02,46,South Dakota,wk inc rsv prop ed visits,prop_ed,0.0053,NA
2026-05-02,47,Tennessee,wk inc rsv prop ed visits,prop_ed,0.0017,NA
2026-05-02,48,Texas,wk inc rsv prop ed visits,prop_ed,0.0012,NA
2026-05-02,49,Utah,wk inc rsv prop ed visits,prop_ed,0.002,NA
2026-05-02,50,Vermont,wk inc rsv prop ed visits,prop_ed,0.003,NA
2026-05-02,51,Virginia,wk inc rsv prop ed visits,prop_ed,0.0013,NA
2026-05-02,53,Washington,wk inc rsv prop ed visits,prop_ed,0.0015,NA
2026-05-02,54,West Virginia,wk inc rsv prop ed visits,prop_ed,0.0042,NA
2026-05-02,55,Wisconsin,wk inc rsv prop ed visits,prop_ed,0.0021,NA
2026-05-02,56,Wyoming,wk inc rsv prop ed visits,prop_ed,0.0031,NA
2026-05-02,US,United States,wk inc rsv prop ed visits,prop_ed,0.0014,NA
2026-05-09,01,Alabama,wk inc rsv prop ed visits,prop_ed,0.0012,NA
2026-05-09,02,Alaska,wk inc rsv prop ed visits,prop_ed,0.0017,NA
2026-05-09,04,Arizona,wk inc rsv prop ed visits,prop_ed,0.0012,NA
2026-05-09,05,Arkansas,wk inc rsv prop ed visits,prop_ed,0.0014,NA
2026-05-09,06,California,wk inc rsv prop ed visits,prop_ed,7e-4,NA
2026-05-09,08,Colorado,wk inc rsv prop ed visits,prop_ed,0.0013,NA
2026-05-09,09,Connecticut,wk inc rsv prop ed visits,prop_ed,6e-4,NA
2026-05-09,10,Delaware,wk inc rsv prop ed visits,prop_ed,0.0017,NA
2026-05-09,11,District of Columbia,wk inc rsv prop ed visits,prop_ed,4e-4,NA
2026-05-09,12,Florida,wk inc rsv prop ed visits,prop_ed,0.0011,NA
2026-05-09,13,Georgia,wk inc rsv prop ed visits,prop_ed,6e-4,NA
2026-05-09,15,Hawaii,wk inc rsv prop ed visits,prop_ed,0.0027,NA
2026-05-09,16,Idaho,wk inc rsv prop ed visits,prop_ed,0.0011,NA
2026-05-09,17,Illinois,wk inc rsv prop ed visits,prop_ed,9e-4,NA
2026-05-09,18,Indiana,wk inc rsv prop ed visits,prop_ed,0.0014,NA
2026-05-09,19,Iowa,wk inc rsv prop ed visits,prop_ed,0.0014,NA
2026-05-09,20,Kansas,wk inc rsv prop ed visits,prop_ed,6e-4,NA
2026-05-09,21,Kentucky,wk inc rsv prop ed visits,prop_ed,0.0026,NA
2026-05-09,22,Louisiana,wk inc rsv prop ed visits,prop_ed,9e-4,NA
2026-05-09,23,Maine,wk inc rsv prop ed visits,prop_ed,0.0019,NA
2026-05-09,24,Maryland,wk inc rsv prop ed visits,prop_ed,3e-4,NA
2026-05-09,25,Massachusetts,wk inc rsv prop ed visits,prop_ed,0.001,NA
2026-05-09,26,Michigan,wk inc rsv prop ed visits,prop_ed,0.0015,NA
2026-05-09,27,Minnesota,wk inc rsv prop ed visits,prop_ed,0.0016,NA
2026-05-09,28,Mississippi,wk inc rsv prop ed visits,prop_ed,0.0011,NA
2026-05-09,30,Montana,wk inc rsv prop ed visits,prop_ed,0.0035,NA
2026-05-09,31,Nebraska,wk inc rsv prop ed visits,prop_ed,0.0024,NA
2026-05-09,32,Nevada,wk inc rsv prop ed visits,prop_ed,9e-4,NA
2026-05-09,33,New Hampshire,wk inc rsv prop ed visits,prop_ed,9e-4,NA
2026-05-09,34,New Jersey,wk inc rsv prop ed visits,prop_ed,7e-4,NA
2026-05-09,35,New Mexico,wk inc rsv prop ed visits,prop_ed,8e-4,NA
2026-05-09,36,New York,wk inc rsv prop ed visits,prop_ed,6e-4,NA
2026-05-09,37,North Carolina,wk inc rsv prop ed visits,prop_ed,0.0012,NA
2026-05-09,38,North Dakota,wk inc rsv prop ed visits,prop_ed,0.0026,NA
2026-05-09,39,Ohio,wk inc rsv prop ed visits,prop_ed,6e-4,NA
2026-05-09,40,Oklahoma,wk inc rsv prop ed visits,prop_ed,9e-4,NA
2026-05-09,41,Oregon,wk inc rsv prop ed visits,prop_ed,0.0012,NA
2026-05-09,42,Pennsylvania,wk inc rsv prop ed visits,prop_ed,5e-4,NA
2026-05-09,44,Rhode Island,wk inc rsv prop ed visits,prop_ed,8e-4,NA
2026-05-09,45,South Carolina,wk inc rsv prop ed visits,prop_ed,5e-4,NA
2026-05-09,46,South Dakota,wk inc rsv prop ed visits,prop_ed,0.0024,NA
2026-05-09,47,Tennessee,wk inc rsv prop ed visits,prop_ed,0.0012,NA
2026-05-09,48,Texas,wk inc rsv prop ed visits,prop_ed,0.0011,NA
2026-05-09,49,Utah,wk inc rsv prop ed visits,prop_ed,0.0014,NA
2026-05-09,50,Vermont,wk inc rsv prop ed visits,prop_ed,0.0028,NA
2026-05-09,51,Virginia,wk inc rsv prop ed visits,prop_ed,0.0012,NA
2026-05-09,53,Washington,wk inc rsv prop ed visits,prop_ed,0.0014,NA
2026-05-09,54,West Virginia,wk inc rsv prop ed visits,prop_ed,0.0036,NA
2026-05-09,55,Wisconsin,wk inc rsv prop ed visits,prop_ed,0.0013,NA
2026-05-09,56,Wyoming,wk inc rsv prop ed visits,prop_ed,0.0031,NA
2026-05-09,US,United States,wk inc rsv prop ed visits,prop_ed,0.0011,NA
2026-05-16,01,Alabama,wk inc rsv prop ed visits,prop_ed,0.001,NA
2026-05-16,02,Alaska,wk inc rsv prop ed visits,prop_ed,7e-4,NA
2026-05-16,04,Arizona,wk inc rsv prop ed visits,prop_ed,8e-4,NA
2026-05-16,05,Arkansas,wk inc rsv prop ed visits,prop_ed,0.0016,NA
2026-05-16,06,California,wk inc rsv prop ed visits,prop_ed,4e-4,NA
2026-05-16,08,Colorado,wk inc rsv prop ed visits,prop_ed,7e-4,NA
2026-05-16,09,Connecticut,wk inc rsv prop ed visits,prop_ed,3e-4,NA
2026-05-16,10,Delaware,wk inc rsv prop ed visits,prop_ed,0.0011,NA
2026-05-16,11,District of Columbia,wk inc rsv prop ed visits,prop_ed,3e-4,NA
2026-05-16,12,Florida,wk inc rsv prop ed visits,prop_ed,8e-4,NA
2026-05-16,13,Georgia,wk inc rsv prop ed visits,prop_ed,5e-4,NA
2026-05-16,15,Hawaii,wk inc rsv prop ed visits,prop_ed,0.0024,NA
2026-05-16,16,Idaho,wk inc rsv prop ed visits,prop_ed,0.001,NA
2026-05-16,17,Illinois,wk inc rsv prop ed visits,prop_ed,8e-4,NA
2026-05-16,18,Indiana,wk inc rsv prop ed visits,prop_ed,8e-4,NA
2026-05-16,19,Iowa,wk inc rsv prop ed visits,prop_ed,0,NA
2026-05-16,20,Kansas,wk inc rsv prop ed visits,prop_ed,5e-4,NA
2026-05-16,21,Kentucky,wk inc rsv prop ed visits,prop_ed,0.0014,NA
2026-05-16,22,Louisiana,wk inc rsv prop ed visits,prop_ed,6e-4,NA
2026-05-16,23,Maine,wk inc rsv prop ed visits,prop_ed,7e-4,NA
2026-05-16,24,Maryland,wk inc rsv prop ed visits,prop_ed,5e-4,NA
2026-05-16,25,Massachusetts,wk inc rsv prop ed visits,prop_ed,5e-4,NA
2026-05-16,26,Michigan,wk inc rsv prop ed visits,prop_ed,0.0012,NA
2026-05-16,27,Minnesota,wk inc rsv prop ed visits,prop_ed,0.0013,NA
2026-05-16,28,Mississippi,wk inc rsv prop ed visits,prop_ed,9e-4,NA
2026-05-16,30,Montana,wk inc rsv prop ed visits,prop_ed,0.0023,NA
2026-05-16,31,Nebraska,wk inc rsv prop ed visits,prop_ed,0.0022,NA
2026-05-16,32,Nevada,wk inc rsv prop ed visits,prop_ed,0.0011,NA
2026-05-16,33,New Hampshire,wk inc rsv prop ed visits,prop_ed,5e-4,NA
2026-05-16,34,New Jersey,wk inc rsv prop ed visits,prop_ed,6e-4,NA
2026-05-16,35,New Mexico,wk inc rsv prop ed visits,prop_ed,4e-4,NA
2026-05-16,36,New York,wk inc rsv prop ed visits,prop_ed,5e-4,NA
2026-05-16,37,North Carolina,wk inc rsv prop ed visits,prop_ed,9e-4,NA
2026-05-16,38,North Dakota,wk inc rsv prop ed visits,prop_ed,0.0032,NA
2026-05-16,39,Ohio,wk inc rsv prop ed visits,prop_ed,5e-4,NA
2026-05-16,40,Oklahoma,wk inc rsv prop ed visits,prop_ed,8e-4,NA
2026-05-16,41,Oregon,wk inc rsv prop ed visits,prop_ed,7e-4,NA
2026-05-16,42,Pennsylvania,wk inc rsv prop ed visits,prop_ed,5e-4,NA
2026-05-16,44,Rhode Island,wk inc rsv prop ed visits,prop_ed,2e-4,NA
2026-05-16,45,South Carolina,wk inc rsv prop ed visits,prop_ed,6e-4,NA
2026-05-16,46,South Dakota,wk inc rsv prop ed visits,prop_ed,0.0024,NA
2026-05-16,47,Tennessee,wk inc rsv prop ed visits,prop_ed,0.0011,NA
2026-05-16,48,Texas,wk inc rsv prop ed visits,prop_ed,9e-4,NA
2026-05-16,49,Utah,wk inc rsv prop ed visits,prop_ed,6e-4,NA
2026-05-16,50,Vermont,wk inc rsv prop ed visits,prop_ed,0.0014,NA
2026-05-16,51,Virginia,wk inc rsv prop ed visits,prop_ed,8e-4,NA
2026-05-16,53,Washington,wk inc rsv prop ed visits,prop_ed,9e-4,NA
2026-05-16,54,West Virginia,wk inc rsv prop ed visits,prop_ed,0.0021,NA
2026-05-16,55,Wisconsin,wk inc rsv prop ed visits,prop_ed,0.0011,NA
2026-05-16,56,Wyoming,wk inc rsv prop ed visits,prop_ed,0.0013,NA
2026-05-16,US,United States,wk inc rsv prop ed visits,prop_ed,8e-4,NA
