location_name,abbreviation,horizon,target,target_data_type,forecast_date,target_end_date,model,count_quantile_0.025,count_quantile_0.10,count_quantile_0.25,count_quantile_0.5,count_quantile_0.75,count_quantile_0.90,count_quantile_0.975,count_quantile_0.025_rounded,count_quantile_0.10_rounded,count_quantile_0.25_rounded,count_quantile_0.5_rounded,count_quantile_0.75_rounded,count_quantile_0.90_rounded,count_quantile_0.975_rounded,rate_quantile_0.025,rate_quantile_0.10,rate_quantile_0.25,rate_quantile_0.5,rate_quantile_0.75,rate_quantile_0.90,rate_quantile_0.975,rate_quantile_0.025_rounded,rate_quantile_0.10_rounded,rate_quantile_0.25_rounded,rate_quantile_0.5_rounded,rate_quantile_0.75_rounded,rate_quantile_0.90_rounded,rate_quantile_0.975_rounded,designated_model,ensemble_of_hub_models,forecast_team,forecast_due_date,model_full_name
United States,US,0,wk inc rsv hosp,hosp,2026-05-23,2026-05-23,CEPH-Rtrend_rsv,444,619,827,1125,1503,1904,2402,440,620,830,1100,1500,1900,2400,0.1315583317287069,0.18341127779294947,0.24504220797216347,0.3333403675558451,0.44534273105460914,0.5641600531789592,0.7117187225503467,0.13,0.18,0.25,0.33,0.45,0.56,0.71,TRUE,FALSE,CEPH Lab at Indiana University,2026-05-20,Rtrend RSV
United States,US,1,wk inc rsv hosp,hosp,2026-05-23,2026-05-30,CEPH-Rtrend_rsv,266,411,598,898,1313,1809,2444,270,410,600,900,1300,1800,2400,0.07881647801764871,0.12178034761373542,0.17718892426524036,0.26607968894679906,0.38904524675628854,0.5360113110297989,0.724163429605765,0.08,0.12,0.18,0.27,0.39,0.54,0.72,TRUE,FALSE,CEPH Lab at Indiana University,2026-05-20,Rtrend RSV
United States,US,2,wk inc rsv hosp,hosp,2026-05-23,2026-06-06,CEPH-Rtrend_rsv,153,260,422,705,1122,1648,2349,150,260,420,710,1100,1600,2300,0.045334289987594936,0.07703866272401753,0.12503967565205923,0.20889329700166293,0.3324514599090296,0.4883066006506958,0.6960146874566047,0.05,0.08,0.13,0.21,0.33,0.49,0.7,TRUE,FALSE,CEPH Lab at Indiana University,2026-05-20,Rtrend RSV
United States,US,0,wk inc rsv prop ed visits,prop_ed,2026-05-23,2026-05-23,CFA_Pyrenew-Pyrenew_E_RSV,5.794863974303801e-4,6.109713057938576e-4,6.405044692374554e-4,6.718369588584979e-4,7.028771549178869e-4,7.360048707446721e-4,7.734044092938897e-4,5.8e-4,6.1e-4,6.4e-4,6.7e-4,7e-4,7.4e-4,7.7e-4,NA,NA,NA,NA,NA,NA,NA,NA,NA,NA,NA,NA,NA,NA,TRUE,FALSE,Center for Forecasting and Outbreak Analytics (CFA/CDC) Pyrenew team,2026-05-20,Pyrenew_ED_Visits_RSV
United States,US,1,wk inc rsv prop ed visits,prop_ed,2026-05-23,2026-05-30,CFA_Pyrenew-Pyrenew_E_RSV,3.930822638830401e-4,4.385567198982328e-4,4.865612866681733e-4,5.418188899118722e-4,6.024503910295906e-4,6.7094275990487e-4,7.662112978700229e-4,3.9e-4,4.4e-4,4.9e-4,5.4e-4,6e-4,6.7e-4,7.7e-4,NA,NA,NA,NA,NA,NA,NA,NA,NA,NA,NA,NA,NA,NA,TRUE,FALSE,Center for Forecasting and Outbreak Analytics (CFA/CDC) Pyrenew team,2026-05-20,Pyrenew_ED_Visits_RSV
United States,US,0,wk inc rsv hosp,hosp,2026-05-23,2026-05-23,CFA_Pyrenew-Pyrenew_HE_RSV,699.975,806,898,1009,1130,1255,1398,700,810,900,1000,1100,1300,1400,0.20740437669324685,0.23881985444445436,0.26607968894679906,0.29896927187897576,0.3348218803005378,0.3718596989178539,0.4142309634160636,0.21,0.24,0.27,0.3,0.33,0.37,0.41,TRUE,FALSE,Center for Forecasting and Outbreak Analytics (CFA/CDC) Pyrenew team,2026-05-20,Pyrenew_Hospital_Admissions_ED_Visits_RSV
United States,US,1,wk inc rsv hosp,hosp,2026-05-23,2026-05-30,CFA_Pyrenew-Pyrenew_HE_RSV,546.9749999999999,623,701,803.5,914.25,1045,1214.0249999999999,550,620,700,800,910,1000,1200,0.16207008670565187,0.18459648798870357,0.20770808680590883,0.23807909807210806,0.2708946053670502,0.3096361636407628,0.35971870197509764,0.16,0.18,0.21,0.24,0.27,0.31,0.36,TRUE,FALSE,Center for Forecasting and Outbreak Analytics (CFA/CDC) Pyrenew team,2026-05-20,Pyrenew_Hospital_Admissions_ED_Visits_RSV
United States,US,0,wk inc rsv prop ed visits,prop_ed,2026-05-23,2026-05-23,CFA_Pyrenew-Pyrenew_HE_RSV,5.759034211775743e-4,6.051051180884333e-4,6.351960580759905e-4,6.68566842153419e-4,7.028071448873149e-4,7.354419497269137e-4,7.754315688039575e-4,5.8e-4,6.1e-4,6.4e-4,6.7e-4,7e-4,7.4e-4,7.8e-4,NA,NA,NA,NA,NA,NA,NA,NA,NA,NA,NA,NA,NA,NA,FALSE,FALSE,Center for Forecasting and Outbreak Analytics (CFA/CDC) Pyrenew team,2026-05-20,Pyrenew_Hospital_Admissions_ED_Visits_RSV
United States,US,1,wk inc rsv prop ed visits,prop_ed,2026-05-23,2026-05-30,CFA_Pyrenew-Pyrenew_HE_RSV,3.8089947862486806e-4,4.2895179706508056e-4,4.7516564432337194e-4,5.352713748426839e-4,6.026589304658118e-4,6.674536893533336e-4,7.610178748847152e-4,3.8e-4,4.3e-4,4.8e-4,5.4e-4,6e-4,6.7e-4,7.6e-4,NA,NA,NA,NA,NA,NA,NA,NA,NA,NA,NA,NA,NA,NA,FALSE,FALSE,Center for Forecasting and Outbreak Analytics (CFA/CDC) Pyrenew team,2026-05-20,Pyrenew_Hospital_Admissions_ED_Visits_RSV
United States,US,0,wk inc rsv hosp,hosp,2026-05-23,2026-05-23,CFA_Pyrenew-Pyrenew_H_RSV,675,749,826,923,1030.25,1139.1000000000001,1280.0749999999996,680,750,830,920,1000,1100,1300,0.2000042205335071,0.22193060915495824,0.24474590542322494,0.27348725267026225,0.30526570104391954,0.33751823349587845,0.3792894853324874,0.2,0.22,0.24,0.27,0.31,0.34,0.38,FALSE,FALSE,Center for Forecasting and Outbreak Analytics (CFA/CDC) Pyrenew team,2026-05-20,Pyrenew_Hospital_Admissions_RSV
United States,US,1,wk inc rsv hosp,hosp,2026-05-23,2026-05-30,CFA_Pyrenew-Pyrenew_H_RSV,393.97499999999997,476.9,576,697,856.25,1035,1307.0999999999995,390,480,580,700,860,1000,1300,0.11673579671805695,0.14130668558878448,0.1706702681885927,0.2065228766101547,0.25370905752861544,0.3066731381513775,0.38729706171755107,0.12,0.14,0.17,0.21,0.25,0.31,0.39,FALSE,FALSE,Center for Forecasting and Outbreak Analytics (CFA/CDC) Pyrenew team,2026-05-20,Pyrenew_Hospital_Admissions_RSV
United States,US,0,wk inc rsv hosp,hosp,2026-05-23,2026-05-23,RSVHub-baseline,0,338.9000000000003,861.25,1210,1558.75,2081.100000000002,3062.024999999999,0,340,860,1200,1600,2100,3100,0,0.10041693383526758,0.2551905702733081,0.3585260842156201,0.4618615981579321,0.6166352345959734,0.907285812413499,0,0.1,0.26,0.36,0.46,0.62,0.91,FALSE,FALSE,RSVHub-hub-models,2026-05-20,RSVHub baseline model
United States,US,1,wk inc rsv hosp,hosp,2026-05-23,2026-05-30,RSVHub-baseline,0,0,608.1589340893408,1210,1827.0177476774766,2557.0229162291625,3965.858760837598,0,0,610,1200,1800,2600,4000,0,0,0.18019904233041056,0.3585260842156201,0.5413500155927665,0.7576524077729316,1.1750940595663764,0,0,0.18,0.36,0.54,0.76,1.18,FALSE,FALSE,RSVHub-hub-models,2026-05-20,RSVHub baseline model
United States,US,2,wk inc rsv hosp,hosp,2026-05-23,2026-06-06,RSVHub-baseline,0,0,416.8416259162594,1210,2024.0512005120052,2952.239184391847,4437.669339693394,0,0,420,1200,2000,3000,4400,0,0,0.12351123626266845,0.3585260842156201,0.5997315298937969,0.8747559954115083,1.3148927366975116,0,0,0.12,0.36,0.6,0.87,1.31,FALSE,FALSE,RSVHub-hub-models,2026-05-20,RSVHub baseline model
United States,US,0,wk inc rsv prop ed visits,prop_ed,2026-05-23,2026-05-23,RSVHub-baseline,0,1.0000000000000059e-4,6e-4,8e-4,0.001,0.0014999999999999996,0.0023,0,1e-4,6e-4,8e-4,0.001,0.0015,0.0023,NA,NA,NA,NA,NA,NA,NA,NA,NA,NA,NA,NA,NA,NA,FALSE,FALSE,RSVHub-hub-models,2026-05-20,RSVHub baseline model
United States,US,1,wk inc rsv prop ed visits,prop_ed,2026-05-23,2026-05-30,RSVHub-baseline,0,0,3.999999999999999e-4,8e-4,0.0012000000000000005,0.0018347940479404791,0.002655717057170568,0,0,4e-4,8e-4,0.0012,0.0018,0.0027,NA,NA,NA,NA,NA,NA,NA,NA,NA,NA,NA,NA,NA,NA,FALSE,FALSE,RSVHub-hub-models,2026-05-20,RSVHub baseline model
United States,US,2,wk inc rsv prop ed visits,prop_ed,2026-05-23,2026-06-06,RSVHub-baseline,0,0,2.141466414664156e-4,8e-4,0.0014,0.0021000000000000007,0.0030520325453254537,0,0,2.1e-4,8e-4,0.0014,0.0021,0.0031,NA,NA,NA,NA,NA,NA,NA,NA,NA,NA,NA,NA,NA,NA,FALSE,FALSE,RSVHub-hub-models,2026-05-20,RSVHub baseline model
United States,US,0,wk inc rsv hosp,hosp,2026-05-23,2026-05-23,UM-DeepOutbreak,0,0,567.4057413293651,1142.07031025,1529.231691170635,3113.3102602500003,3113.3102602500003,0,0,570,1100,1500,3100,3100,0,0,0.16812376743824653,0.33839834399409163,0.4531152480114366,0.9224817657485501,0.9224817657485501,0,0,0.17,0.34,0.45,0.92,0.92,TRUE,FALSE,"University of Michigan, Computer Science and Engineering",2026-05-20,DeepOutbreak
United States,US,1,wk inc rsv hosp,hosp,2026-05-23,2026-05-30,UM-DeepOutbreak,0,0,0,951.2187072499996,2598.673577570285,3226.1822379560817,3752.988502916666,0,0,0,950,2600,3200,3800,0,0,0,0.28184852755618733,0.7699936048932816,0.9559260204465949,1.1120200595512022,0,0,0,0.28,0.77,0.96,1.11,TRUE,FALSE,"University of Michigan, Computer Science and Engineering",2026-05-20,DeepOutbreak
United States,US,2,wk inc rsv hosp,hosp,2026-05-23,2026-06-06,UM-DeepOutbreak,0,0,0,1001.7536235,2098.6362580593327,3899.6466656014654,4509.326507500001,0,0,0,1000,2100,3900,4500,0,0,0,0.2968221520514575,0.6218312725577968,1.1554752469773497,1.3361249381683251,0,0,0,0.3,0.62,1.16,1.34,TRUE,FALSE,"University of Michigan, Computer Science and Engineering",2026-05-20,DeepOutbreak
United States,US,0,wk inc rsv hosp,hosp,2026-05-23,2026-05-23,UGA_flucast-INFLAenza,502,608,721,867,1048,1230,1512,500,610,720,870,1000,1200,1500,0.14874387956714158,0.18015194975462565,0.21363413778467943,0.2568943099297047,0.3105250712875784,0.3644521351943907,0.4480094539950559,0.15,0.18,0.21,0.26,0.31,0.36,0.45,TRUE,FALSE,UGA_flucast,2026-05-20,INFLAenza
United States,US,1,wk inc rsv hosp,hosp,2026-05-23,2026-05-30,UGA_flucast-INFLAenza,341,420,513,648,815,998,1246,340,420,510,650,820,1000,1200,0.10103916918803839,0.12444707055418218,0.1520032076054654,0.1920040517121668,0.24148657738490115,0.2957099438406519,0.36919297597740713,0.1,0.12,0.15,0.19,0.24,0.3,0.37,TRUE,FALSE,UGA_flucast,2026-05-20,INFLAenza
United States,US,2,wk inc rsv hosp,hosp,2026-05-23,2026-06-06,UGA_flucast-INFLAenza,233,303,382,494,640,803,1049,230,300,380,490,640,800,1000,0.06903849390267726,0.08977967232837429,0.11318757369451808,0.14637345917563332,0.18963363132065858,0.2379309467976388,0.3108213738365169,0.07,0.09,0.11,0.15,0.19,0.24,0.31,TRUE,FALSE,UGA_flucast,2026-05-20,INFLAenza
United States,US,0,wk inc rsv prop ed visits,prop_ed,2026-05-23,2026-05-23,UGA_flucast-INFLAenza,2.506825782360584e-4,3.753526063312381e-4,5.128268468061988e-4,7.029167106571527e-4,9.345523364371339e-4,0.001159499379447468,0.0014566037717366471,2.5e-4,3.8e-4,5.1e-4,7e-4,0.00093000000000000005,0.0012,0.0015,NA,NA,NA,NA,NA,NA,NA,NA,NA,NA,NA,NA,NA,NA,TRUE,FALSE,UGA_flucast,2026-05-20,INFLAenza
United States,US,1,wk inc rsv prop ed visits,prop_ed,2026-05-23,2026-05-30,UGA_flucast-INFLAenza,1.7715978518587877e-4,2.8832649143700935e-4,4.2317936188892457e-4,6.11709479635316e-4,8.485482013855988e-4,0.001082833646808293,0.0014383549207445656,1.8e-4,2.9e-4,4.2e-4,6.1e-4,8.5e-4,0.0011,0.0014,NA,NA,NA,NA,NA,NA,NA,NA,NA,NA,NA,NA,NA,NA,TRUE,FALSE,UGA_flucast,2026-05-20,INFLAenza
United States,US,2,wk inc rsv prop ed visits,prop_ed,2026-05-23,2026-06-06,UGA_flucast-INFLAenza,1.3938997726425966e-4,2.3997737929948144e-4,3.671198425431993e-4,5.46426323043928e-4,7.785285767976166e-4,0.0010336751630997856,0.0013878208040494875,1.4e-4,2.4e-4,3.7e-4,5.5e-4,7.8e-4,0.001,0.0014,NA,NA,NA,NA,NA,NA,NA,NA,NA,NA,NA,NA,NA,NA,TRUE,FALSE,UGA_flucast,2026-05-20,INFLAenza
United States,US,0,wk inc rsv hosp,hosp,2026-05-23,2026-05-23,RSVHub-ensemble,473,613.5,774,1067,1316.5,1579.5,1957,470,610,770,1100,1300,1600,2000,0.14015110564792424,0.18178161377378754,0.22933817287842145,0.31615481971741044,0.39008230567757346,0.4680098760484066,0.5798640882727012,0.14,0.18,0.23,0.32,0.39,0.47,0.58,FALSE,TRUE,RSVHub,2026-05-20,Ensemble using RSVHub forecast submissions
United States,US,1,wk inc rsv hosp,hosp,2026-05-23,2026-05-30,RSVHub-ensemble,303.5,415.5,555.5,850.75,1113.625,1427,1845,300,420,560,850,1100,1400,1800,0.08992782360284356,0.1231137090839588,0.16459606593535286,0.2520793935094535,0.32996992606166936,0.4228237373352809,0.5466782027915861,0.09,0.12,0.16,0.25,0.33,0.42,0.55,FALSE,TRUE,RSVHub,2026-05-20,Ensemble using RSVHub forecast submissions
United States,US,2,wk inc rsv hosp,hosp,2026-05-23,2026-06-06,RSVHub-ensemble,153,260,382,705,1122,1648,2349,150,260,380,710,1100,1600,2300,0.045334289987594936,0.07703866272401753,0.11318757369451808,0.20889329700166293,0.3324514599090296,0.4883066006506958,0.6960146874566047,0.05,0.08,0.11,0.21,0.33,0.49,0.7,FALSE,TRUE,RSVHub,2026-05-20,Ensemble using RSVHub forecast submissions
United States,US,0,wk inc rsv prop ed visits,prop_ed,2026-05-23,2026-05-23,RSVHub-ensemble,4.1508448783321927e-4,4.931619560625478e-4,5.766656580218271e-4,6.873768347578253e-4,8.187147456775103e-4,9.477521250960701e-4,0.0011150040905152684,4.2e-4,4.9e-4,5.8e-4,6.9e-4,8.2e-4,9.5e-4,0.0011,NA,NA,NA,NA,NA,NA,NA,NA,NA,NA,NA,NA,NA,NA,FALSE,TRUE,RSVHub,2026-05-20,Ensemble using RSVHub forecast submissions
United States,US,1,wk inc rsv prop ed visits,prop_ed,2026-05-23,2026-05-30,RSVHub-ensemble,2.851210245344594e-4,3.634416056676211e-4,4.548703242785489e-4,5.767641847735941e-4,7.254992962075947e-4,8.768882033565815e-4,0.0011022831093072942,2.9e-4,3.6e-4,4.5e-4,5.8e-4,7.3e-4,8.8e-4,0.0011,NA,NA,NA,NA,NA,NA,NA,NA,NA,NA,NA,NA,NA,NA,FALSE,TRUE,RSVHub,2026-05-20,Ensemble using RSVHub forecast submissions
Alabama,AL,0,wk inc rsv hosp,hosp,2026-05-23,2026-05-23,CEPH-Rtrend_rsv,4,5,7,10,13,17,22,4,5,7,10,10,20,20,0.07847197795094364,0.09808997243867955,0.13732596141415138,0.1961799448773591,0.2550339283405668,0.33350590629151045,0.43159587873019,0.08,0.1,0.14,0.2,0.26,0.33,0.43,TRUE,FALSE,CEPH Lab at Indiana University,2026-05-20,Rtrend RSV
Alabama,AL,1,wk inc rsv hosp,hosp,2026-05-23,2026-05-30,CEPH-Rtrend_rsv,2,4,5,8,13,18,25,2,4,5,8,10,20,30,0.03923598897547182,0.07847197795094364,0.09808997243867955,0.15694395590188728,0.2550339283405668,0.3531239007792464,0.4904498621933977,0.04,0.08,0.1,0.16,0.26,0.35,0.49,TRUE,FALSE,CEPH Lab at Indiana University,2026-05-20,Rtrend RSV
Alabama,AL,2,wk inc rsv hosp,hosp,2026-05-23,2026-06-06,CEPH-Rtrend_rsv,1,2,4,7,12,18,26,1,2,4,7,10,20,30,0.01961799448773591,0.03923598897547182,0.07847197795094364,0.13732596141415138,0.2354159338528309,0.3531239007792464,0.5100678566811336,0.02,0.04,0.08,0.14,0.24,0.35,0.51,TRUE,FALSE,CEPH Lab at Indiana University,2026-05-20,Rtrend RSV
Alabama,AL,0,wk inc rsv prop ed visits,prop_ed,2026-05-23,2026-05-23,CFA_Pyrenew-Pyrenew_E_RSV,3.3813457950918714e-4,4.346628121853593e-4,5.314084338684449e-4,6.454177603430313e-4,7.845671708403924e-4,9.18051341242766e-4,0.0010794948112579118,3.4e-4,4.3e-4,5.3e-4,6.5e-4,7.8e-4,9.2e-4,0.0011,NA,NA,NA,NA,NA,NA,NA,NA,NA,NA,NA,NA,NA,NA,TRUE,FALSE,Center for Forecasting and Outbreak Analytics (CFA/CDC) Pyrenew team,2026-05-20,Pyrenew_ED_Visits_RSV
Alabama,AL,1,wk inc rsv prop ed visits,prop_ed,2026-05-23,2026-05-30,CFA_Pyrenew-Pyrenew_E_RSV,2.25035159701171e-4,3.2079114462417436e-4,4.1881513192115944e-4,5.510723223295859e-4,7.041873674975177e-4,8.867226346266737e-4,0.0011861747345195874,2.3e-4,3.2e-4,4.2e-4,5.5e-4,7e-4,8.9e-4,0.0012,NA,NA,NA,NA,NA,NA,NA,NA,NA,NA,NA,NA,NA,NA,TRUE,FALSE,Center for Forecasting and Outbreak Analytics (CFA/CDC) Pyrenew team,2026-05-20,Pyrenew_ED_Visits_RSV
Alabama,AL,0,wk inc rsv hosp,hosp,2026-05-23,2026-05-23,CFA_Pyrenew-Pyrenew_HE_RSV,4,5,7,9,12,15,18.024999999999864,4,5,7,9,10,20,20,0.07847197795094364,0.09808997243867955,0.13732596141415138,0.1765619503896232,0.2354159338528309,0.29426991731603863,0.35361435064143704,0.08,0.1,0.14,0.18,0.24,0.29,0.35,TRUE,FALSE,Center for Forecasting and Outbreak Analytics (CFA/CDC) Pyrenew team,2026-05-20,Pyrenew_Hospital_Admissions_ED_Visits_RSV
Alabama,AL,1,wk inc rsv hosp,hosp,2026-05-23,2026-05-30,CFA_Pyrenew-Pyrenew_HE_RSV,2,4,6,8,11,13,17,2,4,6,8,10,10,20,0.03923598897547182,0.07847197795094364,0.11770796692641546,0.15694395590188728,0.215797939365095,0.2550339283405668,0.33350590629151045,0.04,0.08,0.12,0.16,0.22,0.26,0.33,TRUE,FALSE,Center for Forecasting and Outbreak Analytics (CFA/CDC) Pyrenew team,2026-05-20,Pyrenew_Hospital_Admissions_ED_Visits_RSV
Alabama,AL,0,wk inc rsv prop ed visits,prop_ed,2026-05-23,2026-05-23,CFA_Pyrenew-Pyrenew_HE_RSV,3.170624267097431e-4,4.0309236387140476e-4,4.906769994558878e-4,6.016351511951693e-4,7.197458921940573e-4,8.458710189050877e-4,9.935552435605738e-4,3.2e-4,4e-4,4.9e-4,6e-4,7.2e-4,8.5e-4,9.9e-4,NA,NA,NA,NA,NA,NA,NA,NA,NA,NA,NA,NA,NA,NA,FALSE,FALSE,Center for Forecasting and Outbreak Analytics (CFA/CDC) Pyrenew team,2026-05-20,Pyrenew_Hospital_Admissions_ED_Visits_RSV
Alabama,AL,1,wk inc rsv prop ed visits,prop_ed,2026-05-23,2026-05-30,CFA_Pyrenew-Pyrenew_HE_RSV,1.8676269850818273e-4,2.8220542337728446e-4,3.7726716882245637e-4,5.048263919789837e-4,6.562982159931858e-4,8.056645980602442e-4,0.0010201874763093094,1.9e-4,2.8e-4,3.8e-4,5e-4,6.6e-4,8.1e-4,0.001,NA,NA,NA,NA,NA,NA,NA,NA,NA,NA,NA,NA,NA,NA,FALSE,FALSE,Center for Forecasting and Outbreak Analytics (CFA/CDC) Pyrenew team,2026-05-20,Pyrenew_Hospital_Admissions_ED_Visits_RSV
Alabama,AL,0,wk inc rsv hosp,hosp,2026-05-23,2026-05-23,CFA_Pyrenew-Pyrenew_H_RSV,1,3,5,7,10,12,16,1,3,5,7,10,10,20,0.01961799448773591,0.05885398346320773,0.09808997243867955,0.13732596141415138,0.1961799448773591,0.2354159338528309,0.31388791180377457,0.02,0.06,0.1,0.14,0.2,0.24,0.31,FALSE,FALSE,Center for Forecasting and Outbreak Analytics (CFA/CDC) Pyrenew team,2026-05-20,Pyrenew_Hospital_Admissions_RSV
Alabama,AL,1,wk inc rsv hosp,hosp,2026-05-23,2026-05-30,CFA_Pyrenew-Pyrenew_H_RSV,1,2,3,6,8,12,17,1,2,3,6,8,10,20,0.01961799448773591,0.03923598897547182,0.05885398346320773,0.11770796692641546,0.15694395590188728,0.2354159338528309,0.33350590629151045,0.02,0.04,0.06,0.12,0.16,0.24,0.33,FALSE,FALSE,Center for Forecasting and Outbreak Analytics (CFA/CDC) Pyrenew team,2026-05-20,Pyrenew_Hospital_Admissions_RSV
Alabama,AL,0,wk inc rsv hosp,hosp,2026-05-23,2026-05-23,Google_SAI-RSVEns,2,3,5,6.5,8.5,13,22.5,2,3,5,7,9,10,20,0.03923598897547182,0.05885398346320773,0.09808997243867955,0.1275169641702834,0.16675295314575522,0.2550339283405668,0.441404875974058,0.04,0.06,0.1,0.13,0.17,0.26,0.44,TRUE,FALSE,Google Science AI,2026-05-20,RSVEnsemble
Alabama,AL,1,wk inc rsv hosp,hosp,2026-05-23,2026-05-30,Google_SAI-RSVEns,1.5,3,4.5,5.5,8.5,11.5,19.5,2,3,5,6,9,10,20,0.029426991731603864,0.05885398346320773,0.0882809751948116,0.1078989696825475,0.16675295314575522,0.22560693660896294,0.3825508925108502,0.03,0.06,0.09,0.11,0.17,0.23,0.38,TRUE,FALSE,Google Science AI,2026-05-20,RSVEnsemble
Alabama,AL,2,wk inc rsv hosp,hosp,2026-05-23,2026-06-06,Google_SAI-RSVEns,1.5,2,3.5,5,8,12.5,18,2,2,4,5,8,10,20,0.029426991731603864,0.03923598897547182,0.06866298070707569,0.09808997243867955,0.15694395590188728,0.24522493109669885,0.3531239007792464,0.03,0.04,0.07,0.1,0.16,0.25,0.35,TRUE,FALSE,Google Science AI,2026-05-20,RSVEnsemble
Alabama,AL,0,wk inc rsv hosp,hosp,2026-05-23,2026-05-23,RSVHub-baseline,0,0,1,6,11,21.30000000000002,33.22499999999998,0,0,1,6,10,20,30,0,0,0.01961799448773591,0.11770796692641546,0.215797939365095,0.41786328258877525,0.6518078668550251,0,0,0.02,0.12,0.22,0.42,0.65,FALSE,FALSE,RSVHub-hub-models,2026-05-20,RSVHub baseline model
Alabama,AL,1,wk inc rsv hosp,hosp,2026-05-23,2026-05-30,RSVHub-baseline,0,0,0,6,15.150806508065077,26.150806508065077,45.307638076380464,0,0,0,6,20,30,50,0,0,0,0.11770796692641546,0.29722843855997405,0.513026377925069,0.8888449940347655,0,0,0,0.12,0.3,0.51,0.89,FALSE,FALSE,RSVHub-hub-models,2026-05-20,RSVHub baseline model
Alabama,AL,2,wk inc rsv hosp,hosp,2026-05-23,2026-06-06,RSVHub-baseline,0,0,0,6,18,31.641779417794183,53.208339083390996,0,0,0,6,20,30,50,0,0,0,0.11770796692641546,0.3531239007792464,0.6207482542004418,1.0438409028395477,0,0,0,0.12,0.35,0.62,1.04,FALSE,FALSE,RSVHub-hub-models,2026-05-20,RSVHub baseline model
Alabama,AL,0,wk inc rsv prop ed visits,prop_ed,2026-05-23,2026-05-23,RSVHub-baseline,0,1.0000000000000178e-4,7.999999999999999e-4,0.001,0.0012000000000000001,0.0018999999999999983,0.0031149999999999897,0,1e-4,8e-4,0.001,0.0012,0.0019,0.0031,NA,NA,NA,NA,NA,NA,NA,NA,NA,NA,NA,NA,NA,NA,FALSE,FALSE,RSVHub-hub-models,2026-05-20,RSVHub baseline model
Alabama,AL,1,wk inc rsv prop ed visits,prop_ed,2026-05-23,2026-05-30,RSVHub-baseline,0,0,5.493127431274309e-4,0.001,0.0014999999999999998,0.0024398889988899906,0.0038015178401784016,0,0,5.5e-4,0.001,0.0015,0.0024,0.0038,NA,NA,NA,NA,NA,NA,NA,NA,NA,NA,NA,NA,NA,NA,FALSE,FALSE,RSVHub-hub-models,2026-05-20,RSVHub baseline model
Alabama,AL,2,wk inc rsv prop ed visits,prop_ed,2026-05-23,2026-06-06,RSVHub-baseline,0,0,3.0000000000000165e-4,0.001,0.0017000000000000008,0.002873511035110348,0.004269180866808669,0,0,3e-4,0.001,0.0017,0.0029,0.0043,NA,NA,NA,NA,NA,NA,NA,NA,NA,NA,NA,NA,NA,NA,FALSE,FALSE,RSVHub-hub-models,2026-05-20,RSVHub baseline model
Alabama,AL,0,wk inc rsv hosp,hosp,2026-05-23,2026-05-23,UGA_flucast-INFLAenza,2,3,5,8,11,16,22,2,3,5,8,10,20,20,0.03923598897547182,0.05885398346320773,0.09808997243867955,0.15694395590188728,0.215797939365095,0.31388791180377457,0.43159587873019,0.04,0.06,0.1,0.16,0.22,0.31,0.43,TRUE,FALSE,UGA_flucast,2026-05-20,INFLAenza
Alabama,AL,1,wk inc rsv hosp,hosp,2026-05-23,2026-05-30,UGA_flucast-INFLAenza,1,2,3,6,9,13,20,1,2,3,6,9,10,20,0.01961799448773591,0.03923598897547182,0.05885398346320773,0.11770796692641546,0.1765619503896232,0.2550339283405668,0.3923598897547182,0.02,0.04,0.06,0.12,0.18,0.26,0.39,TRUE,FALSE,UGA_flucast,2026-05-20,INFLAenza
Alabama,AL,2,wk inc rsv hosp,hosp,2026-05-23,2026-06-06,UGA_flucast-INFLAenza,0,1,2,4,7,11,17,0,1,2,4,7,10,20,0,0.01961799448773591,0.03923598897547182,0.07847197795094364,0.13732596141415138,0.215797939365095,0.33350590629151045,0,0.02,0.04,0.08,0.14,0.22,0.33,TRUE,FALSE,UGA_flucast,2026-05-20,INFLAenza
Alabama,AL,0,wk inc rsv prop ed visits,prop_ed,2026-05-23,2026-05-23,UGA_flucast-INFLAenza,2.5483390882348624e-4,3.826306352484977e-4,5.262792049747638e-4,7.228090324976249e-4,9.668810128757773e-4,0.0012100938712956775,0.001528432726402842,2.5e-4,3.8e-4,5.3e-4,7.2e-4,9.7e-4,0.0012,0.0015,NA,NA,NA,NA,NA,NA,NA,NA,NA,NA,NA,NA,NA,NA,TRUE,FALSE,UGA_flucast,2026-05-20,INFLAenza
Alabama,AL,1,wk inc rsv prop ed visits,prop_ed,2026-05-23,2026-05-30,UGA_flucast-INFLAenza,1.9198646497451354e-4,3.096951044838762e-4,4.444120985843917e-4,6.350000109557475e-4,8.771273285369829e-4,0.0011376588470190627,0.001487408885546997,1.9e-4,3.1e-4,4.4e-4,6.4e-4,8.8e-4,0.0011,0.0015,NA,NA,NA,NA,NA,NA,NA,NA,NA,NA,NA,NA,NA,NA,TRUE,FALSE,UGA_flucast,2026-05-20,INFLAenza
Alabama,AL,2,wk inc rsv prop ed visits,prop_ed,2026-05-23,2026-06-06,UGA_flucast-INFLAenza,1.420799222984989e-4,2.4631069503620623e-4,3.8419067476230275e-4,5.841108060538111e-4,8.363170371587363e-4,0.0011091494151483638,0.0014703186820053421,1.4e-4,2.5e-4,3.8e-4,5.8e-4,8.4e-4,0.0011,0.0015,NA,NA,NA,NA,NA,NA,NA,NA,NA,NA,NA,NA,NA,NA,TRUE,FALSE,UGA_flucast,2026-05-20,INFLAenza
Alabama,AL,0,wk inc rsv hosp,hosp,2026-05-23,2026-05-23,RSVHub-ensemble,3,4,6,8.5,11.5,15.5,22,3,4,6,9,10,20,20,0.05885398346320773,0.07847197795094364,0.11770796692641546,0.16675295314575522,0.22560693660896294,0.3040789145599066,0.43159587873019,0.06,0.08,0.12,0.17,0.23,0.3,0.43,FALSE,TRUE,RSVHub,2026-05-20,Ensemble using RSVHub forecast submissions
Alabama,AL,1,wk inc rsv hosp,hosp,2026-05-23,2026-05-30,RSVHub-ensemble,1.75,3.5,4.75,7,10,13,19.75,2,4,5,7,10,10,20,0.034331490353537844,0.06866298070707569,0.09318547381674558,0.13732596141415138,0.1961799448773591,0.2550339283405668,0.3874553911327842,0.03,0.07,0.09,0.14,0.2,0.26,0.39,FALSE,TRUE,RSVHub,2026-05-20,Ensemble using RSVHub forecast submissions
Alabama,AL,2,wk inc rsv hosp,hosp,2026-05-23,2026-06-06,RSVHub-ensemble,1,2,3.5,5,8,12.5,18,1,2,4,5,8,10,20,0.01961799448773591,0.03923598897547182,0.06866298070707569,0.09808997243867955,0.15694395590188728,0.24522493109669885,0.3531239007792464,0.02,0.04,0.07,0.1,0.16,0.25,0.35,FALSE,TRUE,RSVHub,2026-05-20,Ensemble using RSVHub forecast submissions
Alabama,AL,0,wk inc rsv prop ed visits,prop_ed,2026-05-23,2026-05-23,RSVHub-ensemble,2.964842441663367e-4,4.0864672371692854e-4,5.288438194216043e-4,6.841133964203281e-4,8.757240918580849e-4,0.0010640726062692218,0.001303963768830377,3e-4,4.1e-4,5.3e-4,6.8e-4,8.8e-4,0.0011,0.0013,NA,NA,NA,NA,NA,NA,NA,NA,NA,NA,NA,NA,NA,NA,FALSE,TRUE,RSVHub,2026-05-20,Ensemble using RSVHub forecast submissions
Alabama,AL,1,wk inc rsv prop ed visits,prop_ed,2026-05-23,2026-05-30,RSVHub-ensemble,2.0851081233784225e-4,3.152431245540253e-4,4.3161361525277555e-4,5.930361666426667e-4,7.906573480172503e-4,0.0010121907408228682,0.0013367918100332921,2.1e-4,3.2e-4,4.3e-4,5.9e-4,7.9e-4,0.001,0.0013,NA,NA,NA,NA,NA,NA,NA,NA,NA,NA,NA,NA,NA,NA,FALSE,TRUE,RSVHub,2026-05-20,Ensemble using RSVHub forecast submissions
Alaska,AK,0,wk inc rsv hosp,hosp,2026-05-23,2026-05-23,CEPH-Rtrend_rsv,0,1,1,1,2,2,3,0,1,1,1,2,2,3,0,0.14050646962039368,0.14050646962039368,0.14050646962039368,0.28101293924078735,0.28101293924078735,0.421519408861181,0,0.14,0.14,0.14,0.28,0.28,0.42,TRUE,FALSE,CEPH Lab at Indiana University,2026-05-20,Rtrend RSV
Alaska,AK,1,wk inc rsv hosp,hosp,2026-05-23,2026-05-30,CEPH-Rtrend_rsv,0,0,1,1,1,2,3,0,0,1,1,1,2,3,0,0,0.14050646962039368,0.14050646962039368,0.14050646962039368,0.28101293924078735,0.421519408861181,0,0,0.14,0.14,0.14,0.28,0.42,TRUE,FALSE,CEPH Lab at Indiana University,2026-05-20,Rtrend RSV
Alaska,AK,2,wk inc rsv hosp,hosp,2026-05-23,2026-06-06,CEPH-Rtrend_rsv,0,0,0,1,1,2,3,0,0,0,1,1,2,3,0,0,0,0.14050646962039368,0.14050646962039368,0.28101293924078735,0.421519408861181,0,0,0,0.14,0.14,0.28,0.42,TRUE,FALSE,CEPH Lab at Indiana University,2026-05-20,Rtrend RSV
Alaska,AK,0,wk inc rsv prop ed visits,prop_ed,2026-05-23,2026-05-23,CFA_Pyrenew-Pyrenew_E_RSV,1.370297186468617e-4,2.756498303610381e-4,4.2157946475959e-4,6.9896232211888e-4,9.995335107390122e-4,0.0013585373486533288,0.0018047560681078941,1.4e-4,2.8e-4,4.2e-4,7e-4,0.001,0.0014,0.0018,NA,NA,NA,NA,NA,NA,NA,NA,NA,NA,NA,NA,NA,NA,TRUE,FALSE,Center for Forecasting and Outbreak Analytics (CFA/CDC) Pyrenew team,2026-05-20,Pyrenew_ED_Visits_RSV
Alaska,AK,1,wk inc rsv prop ed visits,prop_ed,2026-05-23,2026-05-30,CFA_Pyrenew-Pyrenew_E_RSV,0,1.4073218749484183e-4,2.854123994282292e-4,5.587011805801506e-4,8.489445905254551e-4,0.0012527138130911109,0.001871500967111149,0,1.4e-4,2.9e-4,5.6e-4,8.5e-4,0.0013,0.0019,NA,NA,NA,NA,NA,NA,NA,NA,NA,NA,NA,NA,NA,NA,TRUE,FALSE,Center for Forecasting and Outbreak Analytics (CFA/CDC) Pyrenew team,2026-05-20,Pyrenew_ED_Visits_RSV
Alaska,AK,0,wk inc rsv hosp,hosp,2026-05-23,2026-05-23,CFA_Pyrenew-Pyrenew_HE_RSV,0,0,1,1,2,3,5,0,0,1,1,2,3,5,0,0,0.14050646962039368,0.14050646962039368,0.28101293924078735,0.421519408861181,0.7025323481019684,0,0,0.14,0.14,0.28,0.42,0.7,TRUE,FALSE,Center for Forecasting and Outbreak Analytics (CFA/CDC) Pyrenew team,2026-05-20,Pyrenew_Hospital_Admissions_ED_Visits_RSV
Alaska,AK,1,wk inc rsv hosp,hosp,2026-05-23,2026-05-30,CFA_Pyrenew-Pyrenew_HE_RSV,0,0,0,1,2,3,4,0,0,0,1,2,3,4,0,0,0,0.14050646962039368,0.28101293924078735,0.421519408861181,0.5620258784815747,0,0,0,0.14,0.28,0.42,0.56,TRUE,FALSE,Center for Forecasting and Outbreak Analytics (CFA/CDC) Pyrenew team,2026-05-20,Pyrenew_Hospital_Admissions_ED_Visits_RSV
Alaska,AK,0,wk inc rsv prop ed visits,prop_ed,2026-05-23,2026-05-23,CFA_Pyrenew-Pyrenew_HE_RSV,1.3394752376494633e-4,2.71379063223667e-4,4.1453802915424737e-4,6.704948699086032e-4,9.425050565444651e-4,0.0012207050235403557,0.0015678595619739758,1.3e-4,2.7e-4,4.1e-4,6.7e-4,9.4e-4,0.0012,0.0016,NA,NA,NA,NA,NA,NA,NA,NA,NA,NA,NA,NA,NA,NA,FALSE,FALSE,Center for Forecasting and Outbreak Analytics (CFA/CDC) Pyrenew team,2026-05-20,Pyrenew_Hospital_Admissions_ED_Visits_RSV
Alaska,AK,1,wk inc rsv prop ed visits,prop_ed,2026-05-23,2026-05-30,CFA_Pyrenew-Pyrenew_HE_RSV,0,1.3792884634495974e-4,2.77518362276972e-4,4.516096313298683e-4,8.041605611215303e-4,0.001094473917730317,0.0015164228372568417,0,1.4e-4,2.8e-4,4.5e-4,8e-4,0.0011,0.0015,NA,NA,NA,NA,NA,NA,NA,NA,NA,NA,NA,NA,NA,NA,FALSE,FALSE,Center for Forecasting and Outbreak Analytics (CFA/CDC) Pyrenew team,2026-05-20,Pyrenew_Hospital_Admissions_ED_Visits_RSV
Alaska,AK,0,wk inc rsv hosp,hosp,2026-05-23,2026-05-23,CFA_Pyrenew-Pyrenew_H_RSV,0,0,0,1,2,3,4,0,0,0,1,2,3,4,0,0,0,0.14050646962039368,0.28101293924078735,0.421519408861181,0.5620258784815747,0,0,0,0.14,0.28,0.42,0.56,FALSE,FALSE,Center for Forecasting and Outbreak Analytics (CFA/CDC) Pyrenew team,2026-05-20,Pyrenew_Hospital_Admissions_RSV
Alaska,AK,1,wk inc rsv hosp,hosp,2026-05-23,2026-05-30,CFA_Pyrenew-Pyrenew_H_RSV,0,0,0,0,1,2,4,0,0,0,0,1,2,4,0,0,0,0,0.14050646962039368,0.28101293924078735,0.5620258784815747,0,0,0,0,0.14,0.28,0.56,FALSE,FALSE,Center for Forecasting and Outbreak Analytics (CFA/CDC) Pyrenew team,2026-05-20,Pyrenew_Hospital_Admissions_RSV
Alaska,AK,0,wk inc rsv hosp,hosp,2026-05-23,2026-05-23,Google_SAI-RSVEns,0,0,0,0.5,2,4,8.5,0,0,0,1,2,4,9,0,0,0,0.07025323481019684,0.28101293924078735,0.5620258784815747,1.1943049917733461,0,0,0,0.07,0.28,0.56,1.19,TRUE,FALSE,Google Science AI,2026-05-20,RSVEnsemble
Alaska,AK,1,wk inc rsv hosp,hosp,2026-05-23,2026-05-30,Google_SAI-RSVEns,0,0,0,0.5,1,2,3,0,0,0,1,1,2,3,0,0,0,0.07025323481019684,0.14050646962039368,0.28101293924078735,0.421519408861181,0,0,0,0.07,0.14,0.28,0.42,TRUE,FALSE,Google Science AI,2026-05-20,RSVEnsemble
Alaska,AK,2,wk inc rsv hosp,hosp,2026-05-23,2026-06-06,Google_SAI-RSVEns,0,0,0,0.5,1,1.5,3,0,0,0,1,1,2,3,0,0,0,0.07025323481019684,0.14050646962039368,0.2107597044305905,0.421519408861181,0,0,0,0.07,0.14,0.21,0.42,TRUE,FALSE,Google Science AI,2026-05-20,RSVEnsemble
Alaska,AK,0,wk inc rsv hosp,hosp,2026-05-23,2026-05-23,RSVHub-baseline,0,0,0,0,2,7.300000000000021,15,0,0,0,0,2,7,20,0,0,0,0,0.28101293924078735,1.0256972282288768,2.107597044305905,0,0,0,0,0.28,1.03,2.11,FALSE,FALSE,RSVHub-hub-models,2026-05-20,RSVHub baseline model
Alaska,AK,1,wk inc rsv hosp,hosp,2026-05-23,2026-05-30,RSVHub-baseline,0,0,0,0,4.1925819258192405,10.588292882928855,16,0,0,0,0,4,10,20,0,0,0,0,0.5890848849911327,1.4877236522870736,2.248103513926299,0,0,0,0,0.59,1.49,2.25,FALSE,FALSE,RSVHub-hub-models,2026-05-20,RSVHub baseline model
Alaska,AK,2,wk inc rsv hosp,hosp,2026-05-23,2026-06-06,RSVHub-baseline,0,0,0,1.0250102501174752e-4,6.170109201092018,12.703052030520311,19.70305203052031,0,0,0,0,6,10,20,0,0,0,1.4402057156872312e-5,0.866940261017747,1.7848609942125822,2.768406281555338,0,0,0,0,0.87,1.78,2.77,FALSE,FALSE,RSVHub-hub-models,2026-05-20,RSVHub baseline model
Alaska,AK,0,wk inc rsv prop ed visits,prop_ed,2026-05-23,2026-05-23,RSVHub-baseline,0,0,1.0000000000000005e-4,7.000000000000001e-4,0.0013000000000000002,0.003,0.004957499999999991,0,0,1e-4,7e-4,0.0013,0.003,0.005,NA,NA,NA,NA,NA,NA,NA,NA,NA,NA,NA,NA,NA,NA,FALSE,FALSE,RSVHub-hub-models,2026-05-20,RSVHub baseline model
Alaska,AK,1,wk inc rsv prop ed visits,prop_ed,2026-05-23,2026-05-30,RSVHub-baseline,0,0,0,7.000000000000001e-4,0.0020000000000000005,0.004001716017160172,0.006226680616806162,0,0,0,7e-4,0.002,0.004,0.0062,NA,NA,NA,NA,NA,NA,NA,NA,NA,NA,NA,NA,NA,NA,FALSE,FALSE,RSVHub-hub-models,2026-05-20,RSVHub baseline model
Alaska,AK,2,wk inc rsv prop ed visits,prop_ed,2026-05-23,2026-06-06,RSVHub-baseline,0,0,0,7.000000000000001e-4,0.002570130701307011,0.004649782497824981,0.0071445806208062105,0,0,0,7e-4,0.0026,0.0046,0.0071,NA,NA,NA,NA,NA,NA,NA,NA,NA,NA,NA,NA,NA,NA,FALSE,FALSE,RSVHub-hub-models,2026-05-20,RSVHub baseline model
Alaska,AK,0,wk inc rsv hosp,hosp,2026-05-23,2026-05-23,UGA_flucast-INFLAenza,0,0,1,2,3,4,6,0,0,1,2,3,4,6,0,0,0.14050646962039368,0.28101293924078735,0.421519408861181,0.5620258784815747,0.843038817722362,0,0,0.14,0.28,0.42,0.56,0.84,TRUE,FALSE,UGA_flucast,2026-05-20,INFLAenza
Alaska,AK,1,wk inc rsv hosp,hosp,2026-05-23,2026-05-30,UGA_flucast-INFLAenza,0,0,0,1,2,4,6,0,0,0,1,2,4,6,0,0,0,0.14050646962039368,0.28101293924078735,0.5620258784815747,0.843038817722362,0,0,0,0.14,0.28,0.56,0.84,TRUE,FALSE,UGA_flucast,2026-05-20,INFLAenza
Alaska,AK,2,wk inc rsv hosp,hosp,2026-05-23,2026-06-06,UGA_flucast-INFLAenza,0,0,0,1,2,3,5,0,0,0,1,2,3,5,0,0,0,0.14050646962039368,0.28101293924078735,0.421519408861181,0.7025323481019684,0,0,0,0.14,0.28,0.42,0.7,TRUE,FALSE,UGA_flucast,2026-05-20,INFLAenza
Alaska,AK,0,wk inc rsv prop ed visits,prop_ed,2026-05-23,2026-05-23,UGA_flucast-INFLAenza,2.68318459136477e-4,3.977934039993792e-4,5.365461615423673e-4,7.296344882636156e-4,9.512985139394287e-4,0.001192828866185431,0.0014944434543424298,2.7e-4,4e-4,5.4e-4,7.3e-4,9.5e-4,0.0012,0.0015,NA,NA,NA,NA,NA,NA,NA,NA,NA,NA,NA,NA,NA,NA,TRUE,FALSE,UGA_flucast,2026-05-20,INFLAenza
Alaska,AK,1,wk inc rsv prop ed visits,prop_ed,2026-05-23,2026-05-30,UGA_flucast-INFLAenza,1.9271914134720472e-4,3.0721651054229336e-4,4.4116596166048495e-4,6.308364248328963e-4,8.664740579089977e-4,0.0011376223152800007,0.0014774431580674547,1.9e-4,3.1e-4,4.4e-4,6.3e-4,8.7e-4,0.0011,0.0015,NA,NA,NA,NA,NA,NA,NA,NA,NA,NA,NA,NA,NA,NA,TRUE,FALSE,UGA_flucast,2026-05-20,INFLAenza
Alaska,AK,2,wk inc rsv prop ed visits,prop_ed,2026-05-23,2026-06-06,UGA_flucast-INFLAenza,1.4985371182079762e-4,2.557315830443709e-4,3.8226755610369607e-4,5.639025411911156e-4,8.06675532102741e-4,0.0010885961709334667,0.001433179987034198,1.5e-4,2.6e-4,3.8e-4,5.6e-4,8.1e-4,0.0011,0.0014,NA,NA,NA,NA,NA,NA,NA,NA,NA,NA,NA,NA,NA,NA,TRUE,FALSE,UGA_flucast,2026-05-20,INFLAenza
Alaska,AK,0,wk inc rsv hosp,hosp,2026-05-23,2026-05-23,RSVHub-ensemble,0,0,1,1,2,3.5,5.5,0,0,1,1,2,4,6,0,0,0.14050646962039368,0.14050646962039368,0.28101293924078735,0.49177264367137785,0.7727855829121653,0,0,0.14,0.14,0.28,0.49,0.77,FALSE,TRUE,RSVHub,2026-05-20,Ensemble using RSVHub forecast submissions
Alaska,AK,1,wk inc rsv hosp,hosp,2026-05-23,2026-05-30,RSVHub-ensemble,0,0,0,1,1.5,2.5,3.5,0,0,0,1,2,3,4,0,0,0,0.14050646962039368,0.2107597044305905,0.3512661740509842,0.49177264367137785,0,0,0,0.14,0.21,0.35,0.49,FALSE,TRUE,RSVHub,2026-05-20,Ensemble using RSVHub forecast submissions
Alaska,AK,2,wk inc rsv hosp,hosp,2026-05-23,2026-06-06,RSVHub-ensemble,0,0,0,1,1,2,3,0,0,0,1,1,2,3,0,0,0,0.14050646962039368,0.14050646962039368,0.28101293924078735,0.421519408861181,0,0,0,0.14,0.14,0.28,0.42,FALSE,TRUE,RSVHub,2026-05-20,Ensemble using RSVHub forecast submissions
Alaska,AK,0,wk inc rsv prop ed visits,prop_ed,2026-05-23,2026-05-23,RSVHub-ensemble,2.0267408889166938e-4,3.3672161718020864e-4,4.7906281315097867e-4,7.142984051912478e-4,9.754160123392205e-4,0.00127568310741938,0.001649599761225162,2e-4,3.4e-4,4.8e-4,7.1e-4,9.8e-4,0.0013,0.0016,NA,NA,NA,NA,NA,NA,NA,NA,NA,NA,NA,NA,NA,NA,FALSE,TRUE,RSVHub,2026-05-20,Ensemble using RSVHub forecast submissions
Alaska,AK,1,wk inc rsv prop ed visits,prop_ed,2026-05-23,2026-05-30,RSVHub-ensemble,9.635957067360236e-5,2.239743490185676e-4,3.6328918054435706e-4,5.947688027065235e-4,8.577093242172263e-4,0.0011951680641855557,0.001674472062589302,9.6e-5,2.2e-4,3.6e-4,5.9e-4,8.6e-4,0.0012,0.0017,NA,NA,NA,NA,NA,NA,NA,NA,NA,NA,NA,NA,NA,NA,FALSE,TRUE,RSVHub,2026-05-20,Ensemble using RSVHub forecast submissions
Arizona,AZ,0,wk inc rsv hosp,hosp,2026-05-23,2026-05-23,CEPH-Rtrend_rsv,9,12,16,21,26,32,38,9,10,20,20,30,30,40,0.12139120798549131,0.1618549439806551,0.21580659197420682,0.28324615196614644,0.350685711958086,0.43161318394841364,0.5125406559387412,0.12,0.16,0.22,0.28,0.35,0.43,0.51,TRUE,FALSE,CEPH Lab at Indiana University,2026-05-20,Rtrend RSV
Arizona,AZ,1,wk inc rsv hosp,hosp,2026-05-23,2026-05-30,CEPH-Rtrend_rsv,6,9,12,17,24,32,42,6,9,10,20,20,30,40,0.08092747199032756,0.12139120798549131,0.1618549439806551,0.2292945039725947,0.3237098879613102,0.43161318394841364,0.5664923039322929,0.08,0.12,0.16,0.23,0.32,0.43,0.57,TRUE,FALSE,CEPH Lab at Indiana University,2026-05-20,Rtrend RSV
Arizona,AZ,2,wk inc rsv hosp,hosp,2026-05-23,2026-06-06,CEPH-Rtrend_rsv,4,6,9,14,22,31,45,4,6,9,10,20,30,50,0.053951647993551705,0.08092747199032756,0.12139120798549131,0.18883076797743095,0.29673406396453433,0.4181252719500257,0.6069560399274566,0.05,0.08,0.12,0.19,0.3,0.42,0.61,TRUE,FALSE,CEPH Lab at Indiana University,2026-05-20,Rtrend RSV
Arizona,AZ,0,wk inc rsv prop ed visits,prop_ed,2026-05-23,2026-05-23,CFA_Pyrenew-Pyrenew_E_RSV,2.97092400332393e-4,3.6438706635961114e-4,4.3151051922826517e-4,5.254756622771285e-4,6.234652275833546e-4,7.220106346224898e-4,8.369131447933023e-4,3e-4,3.6e-4,4.3e-4,5.3e-4,6.2e-4,7.2e-4,8.4e-4,NA,NA,NA,NA,NA,NA,NA,NA,NA,NA,NA,NA,NA,NA,TRUE,FALSE,Center for Forecasting and Outbreak Analytics (CFA/CDC) Pyrenew team,2026-05-20,Pyrenew_ED_Visits_RSV
Arizona,AZ,1,wk inc rsv prop ed visits,prop_ed,2026-05-23,2026-05-30,CFA_Pyrenew-Pyrenew_E_RSV,1.5222747882412751e-4,2.209937379251419e-4,2.9009279044119133e-4,3.73805371291357e-4,4.7422057787283495e-4,5.798597429953774e-4,7.027268995465609e-4,1.5e-4,2.2e-4,2.9e-4,3.7e-4,4.7e-4,5.8e-4,7e-4,NA,NA,NA,NA,NA,NA,NA,NA,NA,NA,NA,NA,NA,NA,TRUE,FALSE,Center for Forecasting and Outbreak Analytics (CFA/CDC) Pyrenew team,2026-05-20,Pyrenew_ED_Visits_RSV
Arizona,AZ,0,wk inc rsv hosp,hosp,2026-05-23,2026-05-23,CFA_Pyrenew-Pyrenew_HE_RSV,8,12,14,18,22,27,32,8,10,10,20,20,30,30,0.10790329598710341,0.1618549439806551,0.18883076797743095,0.24278241597098263,0.29673406396453433,0.36417362395647396,0.43161318394841364,0.11,0.16,0.19,0.24,0.3,0.36,0.43,TRUE,FALSE,Center for Forecasting and Outbreak Analytics (CFA/CDC) Pyrenew team,2026-05-20,Pyrenew_Hospital_Admissions_ED_Visits_RSV
Arizona,AZ,1,wk inc rsv hosp,hosp,2026-05-23,2026-05-30,CFA_Pyrenew-Pyrenew_HE_RSV,6,8,10,13.5,17,21,26,6,8,10,10,20,20,30,0.08092747199032756,0.10790329598710341,0.13487911998387925,0.18208681197823698,0.2292945039725947,0.28324615196614644,0.350685711958086,0.08,0.11,0.13,0.18,0.23,0.28,0.35,TRUE,FALSE,Center for Forecasting and Outbreak Analytics (CFA/CDC) Pyrenew team,2026-05-20,Pyrenew_Hospital_Admissions_ED_Visits_RSV
Arizona,AZ,0,wk inc rsv prop ed visits,prop_ed,2026-05-23,2026-05-23,CFA_Pyrenew-Pyrenew_HE_RSV,2.6087007085507513e-4,3.423324887333164e-4,4.1086328018801274e-4,4.8819728082302125e-4,5.850275689578277e-4,6.751582023514862e-4,7.836129436783069e-4,2.6e-4,3.4e-4,4.1e-4,4.9e-4,5.9e-4,6.8e-4,7.8e-4,NA,NA,NA,NA,NA,NA,NA,NA,NA,NA,NA,NA,NA,NA,FALSE,FALSE,Center for Forecasting and Outbreak Analytics (CFA/CDC) Pyrenew team,2026-05-20,Pyrenew_Hospital_Admissions_ED_Visits_RSV
Arizona,AZ,1,wk inc rsv prop ed visits,prop_ed,2026-05-23,2026-05-30,CFA_Pyrenew-Pyrenew_HE_RSV,1.3661154786044448e-4,2.0330218963868443e-4,2.612718035578058e-4,3.492314294034662e-4,4.428481606671752e-4,5.358768465110958e-4,6.765153061719926e-4,1.4e-4,2e-4,2.6e-4,3.5e-4,4.4e-4,5.4e-4,6.8e-4,NA,NA,NA,NA,NA,NA,NA,NA,NA,NA,NA,NA,NA,NA,FALSE,FALSE,Center for Forecasting and Outbreak Analytics (CFA/CDC) Pyrenew team,2026-05-20,Pyrenew_Hospital_Admissions_ED_Visits_RSV
Arizona,AZ,0,wk inc rsv hosp,hosp,2026-05-23,2026-05-23,CFA_Pyrenew-Pyrenew_H_RSV,6,9,11,15,19,24,30,6,9,10,20,20,20,30,0.08092747199032756,0.12139120798549131,0.14836703198226717,0.20231867997581884,0.2562703279693706,0.3237098879613102,0.4046373599516377,0.08,0.12,0.15,0.2,0.26,0.32,0.4,FALSE,FALSE,Center for Forecasting and Outbreak Analytics (CFA/CDC) Pyrenew team,2026-05-20,Pyrenew_Hospital_Admissions_RSV
Arizona,AZ,1,wk inc rsv hosp,hosp,2026-05-23,2026-05-30,CFA_Pyrenew-Pyrenew_H_RSV,3,5,8,12,17,23,30,3,5,8,10,20,20,30,0.04046373599516378,0.06743955999193962,0.10790329598710341,0.1618549439806551,0.2292945039725947,0.3102219759629223,0.4046373599516377,0.04,0.07,0.11,0.16,0.23,0.31,0.4,FALSE,FALSE,Center for Forecasting and Outbreak Analytics (CFA/CDC) Pyrenew team,2026-05-20,Pyrenew_Hospital_Admissions_RSV
Arizona,AZ,0,wk inc rsv hosp,hosp,2026-05-23,2026-05-23,Google_SAI-RSVEns,6.5,9,11.5,16,21.5,31,53.5,7,9,10,20,20,30,50,0.0876714279895215,0.12139120798549131,0.15511098798146114,0.21580659197420682,0.2899901079653404,0.4181252719500257,0.721603291913754,0.09,0.12,0.16,0.22,0.29,0.42,0.72,TRUE,FALSE,Google Science AI,2026-05-20,RSVEnsemble
Arizona,AZ,1,wk inc rsv hosp,hosp,2026-05-23,2026-05-30,Google_SAI-RSVEns,6,6.5,10,13.5,18.5,26,42.5,6,7,10,10,20,30,40,0.08092747199032756,0.0876714279895215,0.13487911998387925,0.18208681197823698,0.24952637197017663,0.350685711958086,0.5732362599314869,0.08,0.09,0.13,0.18,0.25,0.35,0.57,TRUE,FALSE,Google Science AI,2026-05-20,RSVEnsemble
Arizona,AZ,2,wk inc rsv hosp,hosp,2026-05-23,2026-06-06,Google_SAI-RSVEns,4,5.5,7.5,9.5,13.5,20,29,4,6,8,10,10,20,30,0.053951647993551705,0.07418351599113358,0.10115933998790942,0.1281351639846853,0.18208681197823698,0.2697582399677585,0.3911494479532498,0.05,0.07,0.1,0.13,0.18,0.27,0.39,TRUE,FALSE,Google Science AI,2026-05-20,RSVEnsemble
Arizona,AZ,0,wk inc rsv hosp,hosp,2026-05-23,2026-05-23,RSVHub-baseline,0,0,11,19,27,44.300000000000026,100.44999999999996,0,0,10,20,30,40,100,0,0,0.14836703198226717,0.2562703279693706,0.36417362395647396,0.5975145015285854,1.3548607602380665,0,0,0.15,0.26,0.36,0.6,1.35,FALSE,FALSE,RSVHub-hub-models,2026-05-20,RSVHub baseline model
Arizona,AZ,1,wk inc rsv hosp,hosp,2026-05-23,2026-05-30,RSVHub-baseline,0,0,5.837743377433773,19,35.57354073540735,70.24473244732447,116.45004050040498,0,0,6,20,40,70,120,0,0,0.07873896894399864,0.2562703279693706,0.47981278691024243,0.9474547695998173,1.5706678984781721,0,0,0.08,0.26,0.48,0.95,1.57,FALSE,FALSE,RSVHub-hub-models,2026-05-20,RSVHub baseline model
Arizona,AZ,2,wk inc rsv hosp,hosp,2026-05-23,2026-06-06,RSVHub-baseline,0,0,0,19,43.83549835498356,87.73566135661372,130.8463007130071,0,0,0,20,40,90,130,0,0,0,0.2562703279693706,0.5912493442174969,1.18337087949837,1.7648433893316433,0,0,0,0.26,0.59,1.18,1.76,FALSE,FALSE,RSVHub-hub-models,2026-05-20,RSVHub baseline model
Arizona,AZ,0,wk inc rsv prop ed visits,prop_ed,2026-05-23,2026-05-23,RSVHub-baseline,0,2.000000000000014e-4,7e-4,8e-4,9.000000000000001e-4,0.0013999999999999987,0.0023574999999999933,0,2e-4,7e-4,8e-4,9e-4,0.0014,0.0024,NA,NA,NA,NA,NA,NA,NA,NA,NA,NA,NA,NA,NA,NA,FALSE,FALSE,RSVHub-hub-models,2026-05-20,RSVHub baseline model
Arizona,AZ,1,wk inc rsv prop ed visits,prop_ed,2026-05-23,2026-05-30,RSVHub-baseline,0,0,4.999999999999994e-4,8e-4,0.0011999999999999997,0.0018999999999999991,0.003044969549695491,0,0,5e-4,8e-4,0.0012,0.0019,0.003,NA,NA,NA,NA,NA,NA,NA,NA,NA,NA,NA,NA,NA,NA,FALSE,FALSE,RSVHub-hub-models,2026-05-20,RSVHub baseline model
Arizona,AZ,2,wk inc rsv prop ed visits,prop_ed,2026-05-23,2026-06-06,RSVHub-baseline,0,0,3.0000000000000003e-4,8e-4,0.0013346320963209602,0.0021999999999999997,0.003514628321283209,0,0,3e-4,8e-4,0.0013,0.0022,0.0035,NA,NA,NA,NA,NA,NA,NA,NA,NA,NA,NA,NA,NA,NA,FALSE,FALSE,RSVHub-hub-models,2026-05-20,RSVHub baseline model
Arizona,AZ,0,wk inc rsv hosp,hosp,2026-05-23,2026-05-23,UGA_flucast-INFLAenza,4,6,9,13,18,24,34,4,6,9,10,20,20,30,0.053951647993551705,0.08092747199032756,0.12139120798549131,0.175342855979043,0.24278241597098263,0.3237098879613102,0.4585890079451894,0.05,0.08,0.12,0.18,0.24,0.32,0.46,TRUE,FALSE,UGA_flucast,2026-05-20,INFLAenza
Arizona,AZ,1,wk inc rsv hosp,hosp,2026-05-23,2026-05-30,UGA_flucast-INFLAenza,2,4,6,10,15,21,30,2,4,6,10,20,20,30,0.026975823996775852,0.053951647993551705,0.08092747199032756,0.13487911998387925,0.20231867997581884,0.28324615196614644,0.4046373599516377,0.03,0.05,0.08,0.13,0.2,0.28,0.4,TRUE,FALSE,UGA_flucast,2026-05-20,INFLAenza
Arizona,AZ,2,wk inc rsv hosp,hosp,2026-05-23,2026-06-06,UGA_flucast-INFLAenza,1,2,4,7,12,18,27,1,2,4,7,10,20,30,0.013487911998387926,0.026975823996775852,0.053951647993551705,0.09441538398871548,0.1618549439806551,0.24278241597098263,0.36417362395647396,0.01,0.03,0.05,0.09,0.16,0.24,0.36,TRUE,FALSE,UGA_flucast,2026-05-20,INFLAenza
Arizona,AZ,0,wk inc rsv prop ed visits,prop_ed,2026-05-23,2026-05-23,UGA_flucast-INFLAenza,2.2638091364667425e-4,3.4671493611178035e-4,4.807090604268052e-4,6.619921129764784e-4,8.849768421950679e-4,0.0011174815021384712,0.0014268774759609766,2.3e-4,3.5e-4,4.8e-4,6.6e-4,8.8e-4,0.0011,0.0014,NA,NA,NA,NA,NA,NA,NA,NA,NA,NA,NA,NA,NA,NA,TRUE,FALSE,UGA_flucast,2026-05-20,INFLAenza
Arizona,AZ,1,wk inc rsv prop ed visits,prop_ed,2026-05-23,2026-05-30,UGA_flucast-INFLAenza,1.6502454763683074e-4,2.695917121641426e-4,3.9237883536063004e-4,5.689737950325049e-4,7.931273202358138e-4,0.0010342398169729816,0.0013624303285706962,1.7e-4,2.7e-4,3.9e-4,5.7e-4,7.9e-4,0.001,0.0014,NA,NA,NA,NA,NA,NA,NA,NA,NA,NA,NA,NA,NA,NA,TRUE,FALSE,UGA_flucast,2026-05-20,INFLAenza
Arizona,AZ,2,wk inc rsv prop ed visits,prop_ed,2026-05-23,2026-06-06,UGA_flucast-INFLAenza,1.1841196016996867e-4,2.133057076735807e-4,3.2689338010792585e-4,4.936045646359395e-4,7.141622341373658e-4,9.54261526847194e-4,0.0012820570937670565,1.2e-4,2.1e-4,3.3e-4,4.9e-4,7.1e-4,9.5e-4,0.0013,NA,NA,NA,NA,NA,NA,NA,NA,NA,NA,NA,NA,NA,NA,TRUE,FALSE,UGA_flucast,2026-05-20,INFLAenza
Arizona,AZ,0,wk inc rsv hosp,hosp,2026-05-23,2026-05-23,RSVHub-ensemble,7.25,10.5,12.75,17,21.75,29,36,7,10,10,20,20,30,40,0.09778736198831245,0.14162307598307322,0.17197087797944605,0.2292945039725947,0.29336208596493735,0.3911494479532498,0.48556483194196526,0.1,0.14,0.17,0.23,0.29,0.39,0.49,FALSE,TRUE,RSVHub,2026-05-20,Ensemble using RSVHub forecast submissions
Arizona,AZ,1,wk inc rsv hosp,hosp,2026-05-23,2026-05-30,RSVHub-ensemble,6,7.25,10,13.5,17.75,23.5,36,6,7,10,10,20,20,40,0.08092747199032756,0.09778736198831245,0.13487911998387925,0.18208681197823698,0.23941043797138564,0.3169659319621162,0.48556483194196526,0.08,0.1,0.13,0.18,0.24,0.32,0.49,FALSE,TRUE,RSVHub,2026-05-20,Ensemble using RSVHub forecast submissions
Arizona,AZ,2,wk inc rsv hosp,hosp,2026-05-23,2026-06-06,RSVHub-ensemble,4,5.5,7.5,9.5,13.5,20,29,4,6,8,10,10,20,30,0.053951647993551705,0.07418351599113358,0.10115933998790942,0.1281351639846853,0.18208681197823698,0.2697582399677585,0.3911494479532498,0.05,0.07,0.1,0.13,0.18,0.27,0.39,FALSE,TRUE,RSVHub,2026-05-20,Ensemble using RSVHub forecast submissions
Arizona,AZ,0,wk inc rsv prop ed visits,prop_ed,2026-05-23,2026-05-23,RSVHub-ensemble,2.617366569895336e-4,3.5555100123569575e-4,4.561097898275352e-4,5.937338876268034e-4,7.542210348892113e-4,9.197460683804805e-4,0.0011318953103771395,2.6e-4,3.6e-4,4.6e-4,5.9e-4,7.5e-4,9.2e-4,0.0011,NA,NA,NA,NA,NA,NA,NA,NA,NA,NA,NA,NA,NA,NA,FALSE,TRUE,RSVHub,2026-05-20,Ensemble using RSVHub forecast submissions
Arizona,AZ,1,wk inc rsv prop ed visits,prop_ed,2026-05-23,2026-05-30,RSVHub-ensemble,1.5862601323047914e-4,2.4529272504464225e-4,3.412358129009107e-4,4.713895831619309e-4,6.336739490543243e-4,8.070497799841795e-4,0.0010325786140586285,1.6e-4,2.5e-4,3.4e-4,4.7e-4,6.3e-4,8.1e-4,0.001,NA,NA,NA,NA,NA,NA,NA,NA,NA,NA,NA,NA,NA,NA,FALSE,TRUE,RSVHub,2026-05-20,Ensemble using RSVHub forecast submissions
Arkansas,AR,0,wk inc rsv hosp,hosp,2026-05-23,2026-05-23,CEPH-Rtrend_rsv,3,5,6,8,11,13,17,3,5,6,8,10,10,20,0.09791199408872656,0.16318665681454425,0.1958239881774531,0.2610986509032708,0.3590106449919973,0.42428530771781503,0.5548346331694504,0.1,0.16,0.2,0.26,0.36,0.42,0.55,TRUE,FALSE,CEPH Lab at Indiana University,2026-05-20,Rtrend RSV
Arkansas,AR,1,wk inc rsv hosp,hosp,2026-05-23,2026-05-30,CEPH-Rtrend_rsv,2,3,5,7,10,13,18,2,3,5,7,10,10,20,0.0652746627258177,0.09791199408872656,0.16318665681454425,0.22846131954036195,0.3263733136290885,0.42428530771781503,0.5874719645323593,0.07,0.1,0.16,0.23,0.33,0.42,0.59,TRUE,FALSE,CEPH Lab at Indiana University,2026-05-20,Rtrend RSV
Arkansas,AR,2,wk inc rsv hosp,hosp,2026-05-23,2026-06-06,CEPH-Rtrend_rsv,1,2,3,5,9,13,19,1,2,3,5,9,10,20,0.03263733136290885,0.0652746627258177,0.09791199408872656,0.16318665681454425,0.29373598226617964,0.42428530771781503,0.6201092958952681,0.03,0.07,0.1,0.16,0.29,0.42,0.62,TRUE,FALSE,CEPH Lab at Indiana University,2026-05-20,Rtrend RSV
Arkansas,AR,0,wk inc rsv prop ed visits,prop_ed,2026-05-23,2026-05-23,CFA_Pyrenew-Pyrenew_E_RSV,1.9643848901804766e-4,3.203966047030753e-4,4.849855428976813e-4,6.824903991097899e-4,9.593809075246076e-4,0.0012074177219941512,0.0015863063312545288,2e-4,3.2e-4,4.8e-4,6.8e-4,9.6e-4,0.0012,0.0016,NA,NA,NA,NA,NA,NA,NA,NA,NA,NA,NA,NA,NA,NA,TRUE,FALSE,Center for Forecasting and Outbreak Analytics (CFA/CDC) Pyrenew team,2026-05-20,Pyrenew_ED_Visits_RSV
Arkansas,AR,1,wk inc rsv prop ed visits,prop_ed,2026-05-23,2026-05-30,CFA_Pyrenew-Pyrenew_E_RSV,1.259877332819319e-4,2.1012881039411246e-4,3.432393995504797e-4,5.442471353339648e-4,8.209456419646217e-4,0.0011687996023700162,0.0017125515095572502,1.3e-4,2.1e-4,3.4e-4,5.4e-4,8.2e-4,0.0012,0.0017,NA,NA,NA,NA,NA,NA,NA,NA,NA,NA,NA,NA,NA,NA,TRUE,FALSE,Center for Forecasting and Outbreak Analytics (CFA/CDC) Pyrenew team,2026-05-20,Pyrenew_ED_Visits_RSV
Arkansas,AR,0,wk inc rsv hosp,hosp,2026-05-23,2026-05-23,CFA_Pyrenew-Pyrenew_HE_RSV,3,5,7,10,13,16,22,3,5,7,10,10,20,20,0.09791199408872656,0.16318665681454425,0.22846131954036195,0.3263733136290885,0.42428530771781503,0.5221973018065416,0.7180212899839946,0.1,0.16,0.23,0.33,0.42,0.52,0.72,TRUE,FALSE,Center for Forecasting and Outbreak Analytics (CFA/CDC) Pyrenew team,2026-05-20,Pyrenew_Hospital_Admissions_ED_Visits_RSV
Arkansas,AR,1,wk inc rsv hosp,hosp,2026-05-23,2026-05-30,CFA_Pyrenew-Pyrenew_HE_RSV,2,4,5,8,11,15,22,2,4,5,8,10,20,20,0.0652746627258177,0.1305493254516354,0.16318665681454425,0.2610986509032708,0.3590106449919973,0.4895599704436327,0.7180212899839946,0.07,0.13,0.16,0.26,0.36,0.49,0.72,TRUE,FALSE,Center for Forecasting and Outbreak Analytics (CFA/CDC) Pyrenew team,2026-05-20,Pyrenew_Hospital_Admissions_ED_Visits_RSV
Arkansas,AR,0,wk inc rsv prop ed visits,prop_ed,2026-05-23,2026-05-23,CFA_Pyrenew-Pyrenew_HE_RSV,1.9937526674501858e-4,3.217141692931002e-4,4.6438216938505107e-4,6.489637180248833e-4,8.853989709093933e-4,0.0011767369541965604,0.0015944313226530686,2e-4,3.2e-4,4.6e-4,6.5e-4,8.9e-4,0.0012,0.0016,NA,NA,NA,NA,NA,NA,NA,NA,NA,NA,NA,NA,NA,NA,FALSE,FALSE,Center for Forecasting and Outbreak Analytics (CFA/CDC) Pyrenew team,2026-05-20,Pyrenew_Hospital_Admissions_ED_Visits_RSV
Arkansas,AR,1,wk inc rsv prop ed visits,prop_ed,2026-05-23,2026-05-30,CFA_Pyrenew-Pyrenew_HE_RSV,7.405123642806769e-5,2.0511582678904632e-4,3.401290268936559e-4,5.26849380099247e-4,8.036789765204338e-4,0.00117305867330256,0.0018512161379302592,7.4e-5,2.1e-4,3.4e-4,5.3e-4,8e-4,0.0012,0.0019,NA,NA,NA,NA,NA,NA,NA,NA,NA,NA,NA,NA,NA,NA,FALSE,FALSE,Center for Forecasting and Outbreak Analytics (CFA/CDC) Pyrenew team,2026-05-20,Pyrenew_Hospital_Admissions_ED_Visits_RSV
Arkansas,AR,0,wk inc rsv hosp,hosp,2026-05-23,2026-05-23,CFA_Pyrenew-Pyrenew_H_RSV,2,3,5,7,10,13,17,2,3,5,7,10,10,20,0.0652746627258177,0.09791199408872656,0.16318665681454425,0.22846131954036195,0.3263733136290885,0.42428530771781503,0.5548346331694504,0.07,0.1,0.16,0.23,0.33,0.42,0.55,FALSE,FALSE,Center for Forecasting and Outbreak Analytics (CFA/CDC) Pyrenew team,2026-05-20,Pyrenew_Hospital_Admissions_RSV
Arkansas,AR,1,wk inc rsv hosp,hosp,2026-05-23,2026-05-30,CFA_Pyrenew-Pyrenew_H_RSV,1,2,4,6,9,11,16,1,2,4,6,9,10,20,0.03263733136290885,0.0652746627258177,0.1305493254516354,0.1958239881774531,0.29373598226617964,0.3590106449919973,0.5221973018065416,0.03,0.07,0.13,0.2,0.29,0.36,0.52,FALSE,FALSE,Center for Forecasting and Outbreak Analytics (CFA/CDC) Pyrenew team,2026-05-20,Pyrenew_Hospital_Admissions_RSV
Arkansas,AR,0,wk inc rsv hosp,hosp,2026-05-23,2026-05-23,Google_SAI-RSVEns,2,3.5,5,6.5,9,12,19.5,2,4,5,7,9,10,20,0.0652746627258177,0.11423065977018097,0.16318665681454425,0.21214265385890752,0.29373598226617964,0.3916479763549062,0.6364279615767225,0.07,0.11,0.16,0.21,0.29,0.39,0.64,TRUE,FALSE,Google Science AI,2026-05-20,RSVEnsemble
Arkansas,AR,1,wk inc rsv hosp,hosp,2026-05-23,2026-05-30,Google_SAI-RSVEns,1.5,2.5,5,6,9.5,12,18.5,2,3,5,6,10,10,20,0.04895599704436328,0.08159332840727213,0.16318665681454425,0.1958239881774531,0.31005464794763404,0.3916479763549062,0.6037906302138137,0.05,0.08,0.16,0.2,0.31,0.39,0.6,TRUE,FALSE,Google Science AI,2026-05-20,RSVEnsemble
Arkansas,AR,2,wk inc rsv hosp,hosp,2026-05-23,2026-06-06,Google_SAI-RSVEns,1.5,2.5,4,5,7,10.5,17.5,2,3,4,5,7,10,20,0.04895599704436328,0.08159332840727213,0.1305493254516354,0.16318665681454425,0.22846131954036195,0.3426919793105429,0.5711532988509048,0.05,0.08,0.13,0.16,0.23,0.34,0.57,TRUE,FALSE,Google Science AI,2026-05-20,RSVEnsemble
Arkansas,AR,0,wk inc rsv hosp,hosp,2026-05-23,2026-05-23,RSVHub-baseline,0,0,3.2499999999999964,8,12.749999999999996,20.30000000000002,32.074999999999996,0,0,3,8,10,20,30,0,0,0.10607132692945365,0.2610986509032708,0.41612597487708763,0.6625378266670502,1.046842403465301,0,0,0.11,0.26,0.42,0.66,1.05,FALSE,FALSE,RSVHub-hub-models,2026-05-20,RSVHub baseline model
Arkansas,AR,1,wk inc rsv hosp,hosp,2026-05-23,2026-05-30,RSVHub-baseline,0,0,1,8,16.14751897518974,26,36.1591615916159,0,0,1,8,20,30,40,0,0,0.03263733136290885,0.2610986509032708,0.5270119274821259,0.8485706154356301,1.1801385386705345,0,0,0.03,0.26,0.53,0.85,1.18,FALSE,FALSE,RSVHub-hub-models,2026-05-20,RSVHub baseline model
Arkansas,AR,2,wk inc rsv hosp,hosp,2026-05-23,2026-06-06,RSVHub-baseline,0,0,0,8,18.21751717517175,29.14920349203489,41.319389193891936,0,0,0,8,20,30,40,0,0,0,0.2610986509032708,0.5945711446555636,0.9513522133344025,1.3485545968340462,0,0,0,0.26,0.59,0.95,1.35,FALSE,FALSE,RSVHub-hub-models,2026-05-20,RSVHub baseline model
Arkansas,AR,0,wk inc rsv prop ed visits,prop_ed,2026-05-23,2026-05-23,RSVHub-baseline,0,2.7000000000000065e-4,0.0013000000000000002,0.0016,0.0019,0.002930000000000003,0.005172499999999983,0,2.7e-4,0.0013,0.0016,0.0019,0.0029,0.0052,NA,NA,NA,NA,NA,NA,NA,NA,NA,NA,NA,NA,NA,NA,FALSE,FALSE,RSVHub-hub-models,2026-05-20,RSVHub baseline model
Arkansas,AR,1,wk inc rsv prop ed visits,prop_ed,2026-05-23,2026-05-30,RSVHub-baseline,0,0,8.999999999999993e-4,0.0016,0.0024000000000000002,0.0041,0.006625332528325261,0,0,9e-4,0.0016,0.0024,0.0041,0.0066,NA,NA,NA,NA,NA,NA,NA,NA,NA,NA,NA,NA,NA,NA,FALSE,FALSE,RSVHub-hub-models,2026-05-20,RSVHub baseline model
Arkansas,AR,2,wk inc rsv prop ed visits,prop_ed,2026-05-23,2026-06-06,RSVHub-baseline,0,0,4.999999999999996e-4,0.0016,0.002850247252472524,0.004799999999999999,0.007374666971669711,0,0,5e-4,0.0016,0.0029,0.0048,0.0074,NA,NA,NA,NA,NA,NA,NA,NA,NA,NA,NA,NA,NA,NA,FALSE,FALSE,RSVHub-hub-models,2026-05-20,RSVHub baseline model
Arkansas,AR,0,wk inc rsv hosp,hosp,2026-05-23,2026-05-23,UGA_flucast-INFLAenza,1,2,3,6,8,12,16,1,2,3,6,8,10,20,0.03263733136290885,0.0652746627258177,0.09791199408872656,0.1958239881774531,0.2610986509032708,0.3916479763549062,0.5221973018065416,0.03,0.07,0.1,0.2,0.26,0.39,0.52,TRUE,FALSE,UGA_flucast,2026-05-20,INFLAenza
Arkansas,AR,1,wk inc rsv hosp,hosp,2026-05-23,2026-05-30,UGA_flucast-INFLAenza,0,1,2,4,7,10,14,0,1,2,4,7,10,10,0,0.03263733136290885,0.0652746627258177,0.1305493254516354,0.22846131954036195,0.3263733136290885,0.4569226390807239,0,0.03,0.07,0.13,0.23,0.33,0.46,TRUE,FALSE,UGA_flucast,2026-05-20,INFLAenza
Arkansas,AR,2,wk inc rsv hosp,hosp,2026-05-23,2026-06-06,UGA_flucast-INFLAenza,0,1,2,3,5,8,13,0,1,2,3,5,8,10,0,0.03263733136290885,0.0652746627258177,0.09791199408872656,0.16318665681454425,0.2610986509032708,0.42428530771781503,0,0.03,0.07,0.1,0.16,0.26,0.42,TRUE,FALSE,UGA_flucast,2026-05-20,INFLAenza
Arkansas,AR,0,wk inc rsv prop ed visits,prop_ed,2026-05-23,2026-05-23,UGA_flucast-INFLAenza,5.184159183749187e-4,6.960947707657513e-4,8.995344693942912e-4,0.0011679669713437404,0.0014860590009584942,0.0018342289073628813,0.0022121186922064383,5.2e-4,7e-4,9e-4,0.0012,0.0015,0.0018,0.0022,NA,NA,NA,NA,NA,NA,NA,NA,NA,NA,NA,NA,NA,NA,TRUE,FALSE,UGA_flucast,2026-05-20,INFLAenza
Arkansas,AR,1,wk inc rsv prop ed visits,prop_ed,2026-05-23,2026-05-30,UGA_flucast-INFLAenza,3.816226297959705e-4,5.528081476720502e-4,7.533344999270064e-4,0.0010249547852986215,0.001369807921204248,0.0017270947132083088,0.0021373957230929534,3.8e-4,5.5e-4,7.5e-4,0.001,0.0014,0.0017,0.0021,NA,NA,NA,NA,NA,NA,NA,NA,NA,NA,NA,NA,NA,NA,TRUE,FALSE,UGA_flucast,2026-05-20,INFLAenza
Arkansas,AR,2,wk inc rsv prop ed visits,prop_ed,2026-05-23,2026-06-06,UGA_flucast-INFLAenza,2.8690829665894784e-4,4.572783344875553e-4,6.392097087456261e-4,9.062699117613991e-4,0.001252115329579642,0.001631360380992512,0.0021917184950960163,2.9e-4,4.6e-4,6.4e-4,9.1e-4,0.0013,0.0016,0.0022,NA,NA,NA,NA,NA,NA,NA,NA,NA,NA,NA,NA,NA,NA,TRUE,FALSE,UGA_flucast,2026-05-20,INFLAenza
Arkansas,AR,0,wk inc rsv hosp,hosp,2026-05-23,2026-05-23,RSVHub-ensemble,2.5,4.25,5.5,7.25,10,12.5,18.25,3,4,6,7,10,10,20,0.08159332840727213,0.1387086582923626,0.17950532249599865,0.23662065238108912,0.3263733136290885,0.40796664203636057,0.5956312973730864,0.08,0.14,0.18,0.24,0.33,0.41,0.6,FALSE,TRUE,RSVHub,2026-05-20,Ensemble using RSVHub forecast submissions
Arkansas,AR,1,wk inc rsv hosp,hosp,2026-05-23,2026-05-30,RSVHub-ensemble,1.75,2.75,5,6.5,9.75,12.5,18.25,2,3,5,7,10,10,20,0.057115329885090486,0.08975266124799933,0.16318665681454425,0.21214265385890752,0.3182139807883613,0.40796664203636057,0.5956312973730864,0.06,0.09,0.16,0.21,0.32,0.41,0.6,FALSE,TRUE,RSVHub,2026-05-20,Ensemble using RSVHub forecast submissions
Arkansas,AR,2,wk inc rsv hosp,hosp,2026-05-23,2026-06-06,RSVHub-ensemble,1,2,3,5,7,10.5,17.5,1,2,3,5,7,10,20,0.03263733136290885,0.0652746627258177,0.09791199408872656,0.16318665681454425,0.22846131954036195,0.3426919793105429,0.5711532988509048,0.03,0.07,0.1,0.16,0.23,0.34,0.57,FALSE,TRUE,RSVHub,2026-05-20,Ensemble using RSVHub forecast submissions
Arkansas,AR,0,wk inc rsv prop ed visits,prop_ed,2026-05-23,2026-05-23,RSVHub-ensemble,3.574272036964832e-4,5.082456877344133e-4,6.922600061459863e-4,9.252286852267651e-4,0.001222719954241551,0.0015208233146785162,0.0018992125117304835,3.6e-4,5.1e-4,6.9e-4,0.00093000000000000005,0.0012,0.0015,0.0019,NA,NA,NA,NA,NA,NA,NA,NA,NA,NA,NA,NA,NA,NA,FALSE,TRUE,RSVHub,2026-05-20,Ensemble using RSVHub forecast submissions
Arkansas,AR,1,wk inc rsv prop ed visits,prop_ed,2026-05-23,2026-05-30,RSVHub-ensemble,2.538051815389512e-4,3.814684790330813e-4,5.48286949738743e-4,7.846009603162932e-4,0.0010953767815844349,0.0014479471577891626,0.0019249736163251018,2.5e-4,3.8e-4,5.5e-4,7.8e-4,0.0011,0.0014,0.0019,NA,NA,NA,NA,NA,NA,NA,NA,NA,NA,NA,NA,NA,NA,FALSE,TRUE,RSVHub,2026-05-20,Ensemble using RSVHub forecast submissions
California,CA,0,wk inc rsv hosp,hosp,2026-05-23,2026-05-23,CEPH-Rtrend_rsv,25,34,43,56,72,88,107,30,30,40,60,70,90,110,0.06438622172971627,0.08756526155241413,0.11074430137511199,0.14422513667456446,0.18543231858158285,0.22663950048860126,0.27557302900318564,0.06,0.09,0.11,0.14,0.19,0.23,0.28,TRUE,FALSE,CEPH Lab at Indiana University,2026-05-20,Rtrend RSV
California,CA,1,wk inc rsv hosp,hosp,2026-05-23,2026-05-30,CEPH-Rtrend_rsv,14,21,30,42,57,75,97,10,20,30,40,60,80,100,0.036056284168641116,0.05408442625296167,0.07726346607565954,0.10816885250592334,0.1468005855437531,0.19315866518914881,0.24981854031129913,0.04,0.05,0.08,0.11,0.15,0.19,0.25,TRUE,FALSE,CEPH Lab at Indiana University,2026-05-20,Rtrend RSV
California,CA,2,wk inc rsv hosp,hosp,2026-05-23,2026-06-06,CEPH-Rtrend_rsv,8,13,20,30,45,63,86,8,10,20,30,50,60,90,0.020603590953509207,0.03348083529945246,0.05150897738377302,0.07726346607565954,0.1158951991134893,0.162253278758885,0.22148860275022397,0.02,0.03,0.05,0.08,0.12,0.16,0.22,TRUE,FALSE,CEPH Lab at Indiana University,2026-05-20,Rtrend RSV
California,CA,0,wk inc rsv prop ed visits,prop_ed,2026-05-23,2026-05-23,CFA_Pyrenew-Pyrenew_E_RSV,2.4977021156634687e-4,3.019664982705078e-4,3.515187191538718e-4,4.0855121664094157e-4,4.7616015687919973e-4,5.513264291401785e-4,6.307839629441734e-4,2.5e-4,3e-4,3.5e-4,4.1e-4,4.8e-4,5.5e-4,6.3e-4,NA,NA,NA,NA,NA,NA,NA,NA,NA,NA,NA,NA,NA,NA,TRUE,FALSE,Center for Forecasting and Outbreak Analytics (CFA/CDC) Pyrenew team,2026-05-20,Pyrenew_ED_Visits_RSV
California,CA,1,wk inc rsv prop ed visits,prop_ed,2026-05-23,2026-05-30,CFA_Pyrenew-Pyrenew_E_RSV,1.491426639321098e-4,1.9974165478953018e-4,2.5062979718182716e-4,3.0912500993908145e-4,3.784368406621734e-4,4.5396085493908995e-4,5.67543422785005e-4,1.5e-4,2e-4,2.5e-4,3.1e-4,3.8e-4,4.5e-4,5.7e-4,NA,NA,NA,NA,NA,NA,NA,NA,NA,NA,NA,NA,NA,NA,TRUE,FALSE,Center for Forecasting and Outbreak Analytics (CFA/CDC) Pyrenew team,2026-05-20,Pyrenew_ED_Visits_RSV
California,CA,0,wk inc rsv hosp,hosp,2026-05-23,2026-05-23,CFA_Pyrenew-Pyrenew_HE_RSV,38,44,49,56,63,69,77,40,40,50,60,60,70,80,0.09786705702916874,0.11331975024430063,0.1261969945902439,0.14422513667456446,0.162253278758885,0.1777059719740169,0.19830956292752613,0.1,0.11,0.13,0.14,0.16,0.18,0.2,TRUE,FALSE,Center for Forecasting and Outbreak Analytics (CFA/CDC) Pyrenew team,2026-05-20,Pyrenew_Hospital_Admissions_ED_Visits_RSV
California,CA,1,wk inc rsv hosp,hosp,2026-05-23,2026-05-30,CFA_Pyrenew-Pyrenew_HE_RSV,26,30,35,41,48,55,64,30,30,40,40,50,60,60,0.06696167059890493,0.07726346607565954,0.09014071042160278,0.1055934036367347,0.12362154572105524,0.1416496878053758,0.16482872762807366,0.07,0.08,0.09,0.11,0.12,0.14,0.16,TRUE,FALSE,Center for Forecasting and Outbreak Analytics (CFA/CDC) Pyrenew team,2026-05-20,Pyrenew_Hospital_Admissions_ED_Visits_RSV
California,CA,0,wk inc rsv prop ed visits,prop_ed,2026-05-23,2026-05-23,CFA_Pyrenew-Pyrenew_HE_RSV,2.3132924848767505e-4,2.717080100315937e-4,3.222948045026817e-4,3.8092147803922907e-4,4.4297813350936135e-4,5.051148127616016e-4,5.771461031887935e-4,2.3e-4,2.7e-4,3.2e-4,3.8e-4,4.4e-4,5.1e-4,5.8e-4,NA,NA,NA,NA,NA,NA,NA,NA,NA,NA,NA,NA,NA,NA,FALSE,FALSE,Center for Forecasting and Outbreak Analytics (CFA/CDC) Pyrenew team,2026-05-20,Pyrenew_Hospital_Admissions_ED_Visits_RSV
California,CA,1,wk inc rsv prop ed visits,prop_ed,2026-05-23,2026-05-30,CFA_Pyrenew-Pyrenew_HE_RSV,1.2589104831333168e-4,1.6748673581934982e-4,2.099880061863717e-4,2.704931365782611e-4,3.427005832334968e-4,4.1410345410234766e-4,4.997302328357954e-4,1.3e-4,1.7e-4,2.1e-4,2.7e-4,3.4e-4,4.1e-4,5e-4,NA,NA,NA,NA,NA,NA,NA,NA,NA,NA,NA,NA,NA,NA,FALSE,FALSE,Center for Forecasting and Outbreak Analytics (CFA/CDC) Pyrenew team,2026-05-20,Pyrenew_Hospital_Admissions_ED_Visits_RSV
California,CA,0,wk inc rsv hosp,hosp,2026-05-23,2026-05-23,CFA_Pyrenew-Pyrenew_H_RSV,29,36,42,50,58,67,77,30,40,40,50,60,70,80,0.07468801720647088,0.09271615929079143,0.10816885250592334,0.12877244345943253,0.14937603441294175,0.17255507423563962,0.19830956292752613,0.07,0.09,0.11,0.13,0.15,0.17,0.2,FALSE,FALSE,Center for Forecasting and Outbreak Analytics (CFA/CDC) Pyrenew team,2026-05-20,Pyrenew_Hospital_Admissions_RSV
California,CA,1,wk inc rsv hosp,hosp,2026-05-23,2026-05-30,CFA_Pyrenew-Pyrenew_H_RSV,17,23,29,37,47,59,71,20,20,30,40,50,60,70,0.04378263077620707,0.059235323991338976,0.07468801720647088,0.09529160815998008,0.1210460968518666,0.15195148328213043,0.1828568697123942,0.04,0.06,0.07,0.1,0.12,0.15,0.18,FALSE,FALSE,Center for Forecasting and Outbreak Analytics (CFA/CDC) Pyrenew team,2026-05-20,Pyrenew_Hospital_Admissions_RSV
California,CA,0,wk inc rsv hosp,hosp,2026-05-23,2026-05-23,Google_SAI-RSVEns,33.5,43,45.5,53.5,72.5,99.5,143,30,40,50,50,70,100,140,0.08627753711781981,0.11074430137511199,0.11718292354808363,0.13778651450159282,0.1867200430161772,0.2562571624842708,0.36828918829397705,0.09,0.11,0.12,0.14,0.19,0.26,0.37,TRUE,FALSE,Google Science AI,2026-05-20,RSVEnsemble
California,CA,1,wk inc rsv hosp,hosp,2026-05-23,2026-05-30,Google_SAI-RSVEns,27.5,36,40,48,58.5,84.5,131,30,40,40,50,60,80,130,0.0708248439026879,0.09271615929079143,0.10301795476754604,0.12362154572105524,0.15066375884753608,0.21762542944644103,0.33738380186371325,0.07,0.09,0.1,0.12,0.15,0.22,0.34,TRUE,FALSE,Google Science AI,2026-05-20,RSVEnsemble
California,CA,2,wk inc rsv hosp,hosp,2026-05-23,2026-06-06,Google_SAI-RSVEns,24.5,34.5,38,45,53.5,73.5,120.5,20,30,40,50,50,70,120,0.06309849729512194,0.08885298598700846,0.09786705702916874,0.1158951991134893,0.13778651450159282,0.18929549188536585,0.31034158873723244,0.06,0.09,0.1,0.12,0.14,0.19,0.31,TRUE,FALSE,Google Science AI,2026-05-20,RSVEnsemble
California,CA,0,wk inc rsv hosp,hosp,2026-05-23,2026-05-23,RSVHub-baseline,0,2,36.49999999999998,64,91.49999999999997,126,191.29999999999998,0,2,40,60,90,130,190,0,0.005150897738377302,0.0940038837253857,0.16482872762807366,0.23565357153076147,0.32450655751777,0.49268336867578894,0,0.01,0.09,0.16,0.24,0.32,0.49,FALSE,FALSE,RSVHub-hub-models,2026-05-20,RSVHub baseline model
California,CA,1,wk inc rsv hosp,hosp,2026-05-23,2026-05-30,RSVHub-baseline,0,0,21.596505965059634,63.99999999999999,109.04895798957988,158.5156351563516,217.2593678436782,0,0,20,60,110,160,220,0,0,0.05562069686613879,0.16482872762807363,0.2808500155404642,0.4082489133121465,0.5595403932336422,0,0,0.06,0.16,0.28,0.41,0.56,FALSE,FALSE,RSVHub-hub-models,2026-05-20,RSVHub baseline model
California,CA,2,wk inc rsv hosp,hosp,2026-05-23,2026-06-06,RSVHub-baseline,0,0,9.573015730157234,64,121.16602416024158,179.74609846098477,248.43685936859356,0,0,10,60,120,180,250,0,0,0.024654812536958618,0.16482872762807366,0.3120568999075789,0.4629268860224151,0.6398364285256243,0,0,0.02,0.16,0.31,0.46,0.64,FALSE,FALSE,RSVHub-hub-models,2026-05-20,RSVHub baseline model
California,CA,0,wk inc rsv prop ed visits,prop_ed,2026-05-23,2026-05-23,RSVHub-baseline,0,0,2.999999999999998e-4,4e-4,5.000000000000002e-4,0.0010999999999999992,0.0019999999999999987,0,0,3e-4,4e-4,5e-4,0.0011,0.002,NA,NA,NA,NA,NA,NA,NA,NA,NA,NA,NA,NA,NA,NA,FALSE,FALSE,RSVHub-hub-models,2026-05-20,RSVHub baseline model
California,CA,1,wk inc rsv prop ed visits,prop_ed,2026-05-23,2026-05-30,RSVHub-baseline,0,0,9.999999999999999e-5,4e-4,8e-4,0.0014,0.002380588455884562,0,0,1e-4,4e-4,8e-4,0.0014,0.0024,NA,NA,NA,NA,NA,NA,NA,NA,NA,NA,NA,NA,NA,NA,FALSE,FALSE,RSVHub-hub-models,2026-05-20,RSVHub baseline model
California,CA,2,wk inc rsv prop ed visits,prop_ed,2026-05-23,2026-06-06,RSVHub-baseline,0,0,0,4e-4,9.999999999999998e-4,0.0017274192741927436,0.0027276199261992576,0,0,0,4e-4,0.001,0.0017,0.0027,NA,NA,NA,NA,NA,NA,NA,NA,NA,NA,NA,NA,NA,NA,FALSE,FALSE,RSVHub-hub-models,2026-05-20,RSVHub baseline model
California,CA,0,wk inc rsv hosp,hosp,2026-05-23,2026-05-23,UM-DeepOutbreak,0,0,16.93453875595232,49.83001212500001,79.84247749404769,124.49085115740002,220.33240459166672,0,0,20,50,80,120,220,0,0,0.043614038689248784,0.12833464837898806,0.2056302183752654,0.3206198218376585,0.5674548422512243,0,0,0.04,0.13,0.21,0.32,0.57,TRUE,FALSE,"University of Michigan, Computer Science and Engineering",2026-05-20,DeepOutbreak
California,CA,1,wk inc rsv hosp,hosp,2026-05-23,2026-05-30,UM-DeepOutbreak,0,0,0,38.12137714999998,85.2869576318857,207.18592179721583,226.8171295,0,0,0,40,90,210,230,0,0,0,0.09817965767288152,0.2196521985895804,0.5335967480044478,0.5841559196833908,0,0,0,0.1,0.22,0.53,0.58,TRUE,FALSE,"University of Michigan, Computer Science and Engineering",2026-05-20,DeepOutbreak
California,CA,2,wk inc rsv hosp,hosp,2026-05-23,2026-06-06,UM-DeepOutbreak,0,0,0,32.92000922499998,110.2368443143,187.4473093678,285.40809860833343,0,0,0,30,110,190,290,0,0,0,0.08478380053220616,0.2839093560321893,0.48276096094375565,0.7350539648181154,0,0,0,0.08,0.28,0.48,0.74,TRUE,FALSE,"University of Michigan, Computer Science and Engineering",2026-05-20,DeepOutbreak
California,CA,0,wk inc rsv hosp,hosp,2026-05-23,2026-05-23,UGA_flucast-INFLAenza,20,29,39,53,72,96,132,20,30,40,50,70,100,130,0.05150897738377302,0.07468801720647088,0.10044250589835739,0.1364987900669985,0.18543231858158285,0.24724309144211049,0.33995925073290195,0.05,0.07,0.1,0.14,0.19,0.25,0.34,TRUE,FALSE,UGA_flucast,2026-05-20,INFLAenza
California,CA,1,wk inc rsv hosp,hosp,2026-05-23,2026-05-30,UGA_flucast-INFLAenza,13,19,28,40,59,82,115,10,20,30,40,60,80,120,0.03348083529945246,0.04893352851458437,0.07211256833728223,0.10301795476754604,0.15195148328213043,0.2111868072734694,0.29617661995669486,0.03,0.05,0.07,0.1,0.15,0.21,0.3,TRUE,FALSE,UGA_flucast,2026-05-20,INFLAenza
California,CA,2,wk inc rsv hosp,hosp,2026-05-23,2026-06-06,UGA_flucast-INFLAenza,8,14,20,31,48,70,105,8,10,20,30,50,70,110,0.020603590953509207,0.036056284168641116,0.05150897738377302,0.07983891494484818,0.12362154572105524,0.18028142084320556,0.27042213126480835,0.02,0.04,0.05,0.08,0.12,0.18,0.27,TRUE,FALSE,UGA_flucast,2026-05-20,INFLAenza
California,CA,0,wk inc rsv prop ed visits,prop_ed,2026-05-23,2026-05-23,UGA_flucast-INFLAenza,1.1333262324086836e-4,1.9209491850604764e-4,2.856859184759381e-4,4.145690294491119e-4,5.729534240692841e-4,7.443727193736839e-4,9.883799485846066e-4,1.1e-4,1.9e-4,2.9e-4,4.1e-4,5.7e-4,7.4e-4,9.9e-4,NA,NA,NA,NA,NA,NA,NA,NA,NA,NA,NA,NA,NA,NA,TRUE,FALSE,UGA_flucast,2026-05-20,INFLAenza
California,CA,1,wk inc rsv prop ed visits,prop_ed,2026-05-23,2026-05-30,UGA_flucast-INFLAenza,8.204855022561e-5,1.5192406588921228e-4,2.3747969826297348e-4,3.672499266223239e-4,5.249379664529722e-4,7.044185391258687e-4,9.458609019862543e-4,8.2e-5,1.5e-4,2.4e-4,3.7e-4,5.2e-4,7e-4,9.5e-4,NA,NA,NA,NA,NA,NA,NA,NA,NA,NA,NA,NA,NA,NA,TRUE,FALSE,UGA_flucast,2026-05-20,INFLAenza
California,CA,2,wk inc rsv prop ed visits,prop_ed,2026-05-23,2026-06-06,UGA_flucast-INFLAenza,6.000133119398706e-5,1.2056512411100523e-4,2.02598441764296e-4,3.242551351523798e-4,4.885571142516302e-4,6.800976663914181e-4,9.330235853438733e-4,6e-5,1.2e-4,2e-4,3.2e-4,4.9e-4,6.8e-4,0.00093000000000000005,NA,NA,NA,NA,NA,NA,NA,NA,NA,NA,NA,NA,NA,NA,TRUE,FALSE,UGA_flucast,2026-05-20,INFLAenza
California,CA,0,wk inc rsv hosp,hosp,2026-05-23,2026-05-23,RSVHub-ensemble,25,34,43,53.5,72,96,132,30,30,40,50,70,100,130,0.06438622172971627,0.08756526155241413,0.11074430137511199,0.13778651450159282,0.18543231858158285,0.24724309144211049,0.33995925073290195,0.06,0.09,0.11,0.14,0.19,0.25,0.34,FALSE,TRUE,RSVHub,2026-05-20,Ensemble using RSVHub forecast submissions
California,CA,1,wk inc rsv hosp,hosp,2026-05-23,2026-05-30,RSVHub-ensemble,14,21,30,41,58.5,82,115,10,20,30,40,60,80,120,0.036056284168641116,0.05408442625296167,0.07726346607565954,0.1055934036367347,0.15066375884753608,0.2111868072734694,0.29617661995669486,0.04,0.05,0.08,0.11,0.15,0.21,0.3,FALSE,TRUE,RSVHub,2026-05-20,Ensemble using RSVHub forecast submissions
California,CA,2,wk inc rsv hosp,hosp,2026-05-23,2026-06-06,RSVHub-ensemble,8,13.5,20,31.96000461249999,50.75,71.75,112.75,8,10,20,30,50,70,110,0.020603590953509207,0.034768559734046786,0.05150897738377302,0.08231135773852717,0.13070403011132403,0.1847884563642857,0.2903818600010204,0.02,0.03,0.05,0.08,0.13,0.18,0.29,FALSE,TRUE,RSVHub,2026-05-20,Ensemble using RSVHub forecast submissions
California,CA,0,wk inc rsv prop ed visits,prop_ed,2026-05-23,2026-05-23,RSVHub-ensemble,1.8155141740360762e-4,2.470307083882777e-4,3.1860231881490495e-4,4.1156012304502675e-4,5.245567904742419e-4,6.478495742569311e-4,8.0958195576439e-4,1.8e-4,2.5e-4,3.2e-4,4.1e-4,5.2e-4,6.5e-4,8.1e-4,NA,NA,NA,NA,NA,NA,NA,NA,NA,NA,NA,NA,NA,NA,FALSE,TRUE,RSVHub,2026-05-20,Ensemble using RSVHub forecast submissions
California,CA,1,wk inc rsv prop ed visits,prop_ed,2026-05-23,2026-05-30,RSVHub-ensemble,1.1559560707885989e-4,1.7583286033937123e-4,2.4405474772240033e-4,3.381874682807027e-4,4.5168740355757276e-4,5.791896970324793e-4,7.567021623856296e-4,1.2e-4,1.8e-4,2.4e-4,3.4e-4,4.5e-4,5.8e-4,7.6e-4,NA,NA,NA,NA,NA,NA,NA,NA,NA,NA,NA,NA,NA,NA,FALSE,TRUE,RSVHub,2026-05-20,Ensemble using RSVHub forecast submissions
Colorado,CO,0,wk inc rsv hosp,hosp,2026-05-23,2026-05-23,CEPH-Rtrend_rsv,8,11,14,19,24,29,36,8,10,10,20,20,30,40,0.13690854013225706,0.18824924268185347,0.23958994523144986,0.32515778281411056,0.41072562039677124,0.4962934579794319,0.6160884305951568,0.14,0.19,0.24,0.33,0.41,0.5,0.62,TRUE,FALSE,CEPH Lab at Indiana University,2026-05-20,Rtrend RSV
Colorado,CO,1,wk inc rsv hosp,hosp,2026-05-23,2026-05-30,CEPH-Rtrend_rsv,5,7,10,14,19,26,35,5,7,10,10,20,30,40,0.08556783758266066,0.11979497261572493,0.17113567516532133,0.23958994523144986,0.32515778281411056,0.4449527554298355,0.5989748630786247,0.09,0.12,0.17,0.24,0.33,0.44,0.6,TRUE,FALSE,CEPH Lab at Indiana University,2026-05-20,Rtrend RSV
Colorado,CO,2,wk inc rsv hosp,hosp,2026-05-23,2026-06-06,CEPH-Rtrend_rsv,2,4,6,10,15,23,33,2,4,6,10,20,20,30,0.034227135033064265,0.06845427006612853,0.10268140509919281,0.17113567516532133,0.25670351274798203,0.3936120528802391,0.5647477280455604,0.03,0.07,0.1,0.17,0.26,0.39,0.56,TRUE,FALSE,CEPH Lab at Indiana University,2026-05-20,Rtrend RSV
Colorado,CO,0,wk inc rsv prop ed visits,prop_ed,2026-05-23,2026-05-23,CFA_Pyrenew-Pyrenew_E_RSV,2.9274110814033827e-4,3.8940780531924286e-4,4.7436558331381796e-4,5.777486754677049e-4,7.011418243319369e-4,8.139598761918334e-4,9.547552462180458e-4,2.9e-4,3.9e-4,4.7e-4,5.8e-4,7e-4,8.1e-4,9.5e-4,NA,NA,NA,NA,NA,NA,NA,NA,NA,NA,NA,NA,NA,NA,TRUE,FALSE,Center for Forecasting and Outbreak Analytics (CFA/CDC) Pyrenew team,2026-05-20,Pyrenew_ED_Visits_RSV
Colorado,CO,1,wk inc rsv prop ed visits,prop_ed,2026-05-23,2026-05-30,CFA_Pyrenew-Pyrenew_E_RSV,1.6992060021055096e-4,2.449080760148518e-4,3.3177441101380883e-4,4.4272713259905063e-4,5.810366769628727e-4,7.242649990805364e-4,9.13005658651502e-4,1.7e-4,2.4e-4,3.3e-4,4.4e-4,5.8e-4,7.2e-4,9.1e-4,NA,NA,NA,NA,NA,NA,NA,NA,NA,NA,NA,NA,NA,NA,TRUE,FALSE,Center for Forecasting and Outbreak Analytics (CFA/CDC) Pyrenew team,2026-05-20,Pyrenew_ED_Visits_RSV
Colorado,CO,0,wk inc rsv hosp,hosp,2026-05-23,2026-05-23,CFA_Pyrenew-Pyrenew_HE_RSV,8,12,15,20,26,33,42,8,10,20,20,30,30,40,0.13690854013225706,0.20536281019838562,0.25670351274798203,0.34227135033064265,0.4449527554298355,0.5647477280455604,0.7187698356943497,0.14,0.21,0.26,0.34,0.44,0.56,0.72,TRUE,FALSE,Center for Forecasting and Outbreak Analytics (CFA/CDC) Pyrenew team,2026-05-20,Pyrenew_Hospital_Admissions_ED_Visits_RSV
Colorado,CO,1,wk inc rsv hosp,hosp,2026-05-23,2026-05-30,CFA_Pyrenew-Pyrenew_HE_RSV,5,8,12,16,21,27,35,5,8,10,20,20,30,40,0.08556783758266066,0.13690854013225706,0.20536281019838562,0.2738170802645141,0.35938491784717486,0.4620663229463676,0.5989748630786247,0.09,0.14,0.21,0.27,0.36,0.46,0.6,TRUE,FALSE,Center for Forecasting and Outbreak Analytics (CFA/CDC) Pyrenew team,2026-05-20,Pyrenew_Hospital_Admissions_ED_Visits_RSV
Colorado,CO,0,wk inc rsv prop ed visits,prop_ed,2026-05-23,2026-05-23,CFA_Pyrenew-Pyrenew_HE_RSV,2.702102144119433e-4,3.6554715066456706e-4,4.4459829284692394e-4,5.511358262771972e-4,6.665625171754126e-4,7.746937393092272e-4,9.145727333698014e-4,2.7e-4,3.7e-4,4.4e-4,5.5e-4,6.7e-4,7.7e-4,9.1e-4,NA,NA,NA,NA,NA,NA,NA,NA,NA,NA,NA,NA,NA,NA,FALSE,FALSE,Center for Forecasting and Outbreak Analytics (CFA/CDC) Pyrenew team,2026-05-20,Pyrenew_Hospital_Admissions_ED_Visits_RSV
Colorado,CO,1,wk inc rsv prop ed visits,prop_ed,2026-05-23,2026-05-30,CFA_Pyrenew-Pyrenew_HE_RSV,1.4961484109823867e-4,2.266550698076711e-4,2.9923454734075773e-4,4.132791027327568e-4,5.441797373799297e-4,6.79124091968136e-4,8.708101408196521e-4,1.5e-4,2.3e-4,3e-4,4.1e-4,5.4e-4,6.8e-4,8.7e-4,NA,NA,NA,NA,NA,NA,NA,NA,NA,NA,NA,NA,NA,NA,FALSE,FALSE,Center for Forecasting and Outbreak Analytics (CFA/CDC) Pyrenew team,2026-05-20,Pyrenew_Hospital_Admissions_ED_Visits_RSV
Colorado,CO,0,wk inc rsv hosp,hosp,2026-05-23,2026-05-23,CFA_Pyrenew-Pyrenew_H_RSV,6,9,12,17,22,29,36.024999999999864,6,9,10,20,20,30,40,0.10268140509919281,0.1540221076487892,0.20536281019838562,0.29093064778104627,0.37649848536370695,0.4962934579794319,0.6165162697830678,0.1,0.15,0.21,0.29,0.38,0.5,0.62,FALSE,FALSE,Center for Forecasting and Outbreak Analytics (CFA/CDC) Pyrenew team,2026-05-20,Pyrenew_Hospital_Admissions_RSV
Colorado,CO,1,wk inc rsv hosp,hosp,2026-05-23,2026-05-30,CFA_Pyrenew-Pyrenew_H_RSV,3,5,8,12,18,26,37,3,5,8,10,20,30,40,0.051340702549596405,0.08556783758266066,0.13690854013225706,0.20536281019838562,0.3080442152975784,0.4449527554298355,0.633201998111689,0.05,0.09,0.14,0.21,0.31,0.44,0.63,FALSE,FALSE,Center for Forecasting and Outbreak Analytics (CFA/CDC) Pyrenew team,2026-05-20,Pyrenew_Hospital_Admissions_RSV
Colorado,CO,0,wk inc rsv hosp,hosp,2026-05-23,2026-05-23,Google_SAI-RSVEns,7,11.5,13.5,16.5,22,30,57.5,7,10,10,20,20,30,60,0.11979497261572493,0.19680602644011955,0.2310331614731838,0.2823738640227802,0.37649848536370695,0.5134070254959641,0.9840301322005978,0.12,0.2,0.23,0.28,0.38,0.51,0.98,TRUE,FALSE,Google Science AI,2026-05-20,RSVEnsemble
Colorado,CO,1,wk inc rsv hosp,hosp,2026-05-23,2026-05-30,Google_SAI-RSVEns,5.5,9,12,14,17,23.5,44.5,6,9,10,10,20,20,40,0.09412462134092674,0.1540221076487892,0.20536281019838562,0.23958994523144986,0.29093064778104627,0.4021688366385051,0.76155375448568,0.09,0.15,0.21,0.24,0.29,0.4,0.76,TRUE,FALSE,Google Science AI,2026-05-20,RSVEnsemble
Colorado,CO,2,wk inc rsv hosp,hosp,2026-05-23,2026-06-06,Google_SAI-RSVEns,3.5,5.5,8,10.5,14.5,20.5,40.5,4,6,8,10,10,20,40,0.059897486307862464,0.09412462134092674,0.13690854013225706,0.17969245892358743,0.24814672898971596,0.3508281340889087,0.6930994844195515,0.06,0.09,0.14,0.18,0.25,0.35,0.69,TRUE,FALSE,Google Science AI,2026-05-20,RSVEnsemble
Colorado,CO,0,wk inc rsv hosp,hosp,2026-05-23,2026-05-23,RSVHub-baseline,0,0,9.249999999999996,18,26.749999999999996,48,76.22499999999998,0,0,9,20,30,50,80,0,0,0.1583004995279222,0.3080442152975784,0.45778793106723453,0.8214512407935425,1.3044816839476616,0,0,0.16,0.31,0.46,0.82,1.3,FALSE,FALSE,RSVHub-hub-models,2026-05-20,RSVHub baseline model
Colorado,CO,1,wk inc rsv hosp,hosp,2026-05-23,2026-05-30,RSVHub-baseline,0,0,1.6475814758147607,18,37.83485584855849,60.410585105851055,91.29957474574735,0,0,2,20,40,60,90,0,0,0.028195996825343562,0.3080442152975784,0.6474893600425664,1.0338406269221925,1.5624614366420193,0,0,0.03,0.31,0.65,1.03,1.56,FALSE,FALSE,RSVHub-hub-models,2026-05-20,RSVHub baseline model
Colorado,CO,2,wk inc rsv hosp,hosp,2026-05-23,2026-06-06,RSVHub-baseline,0,0,0,18,43.86405864058641,70.70066700667005,105.98593310933104,0,0,0,20,40,70,110,0,0,0,0.3080442152975784,0.7506705290948001,1.2099406382825038,1.8137974220691955,0,0,0,0.31,0.75,1.21,1.81,FALSE,FALSE,RSVHub-hub-models,2026-05-20,RSVHub baseline model
Colorado,CO,0,wk inc rsv prop ed visits,prop_ed,2026-05-23,2026-05-23,RSVHub-baseline,0,0,5e-4,7.000000000000001e-4,9.000000000000002e-4,0.0017000000000000003,0.0031149999999999867,0,0,5e-4,7e-4,9e-4,0.0017,0.0031,NA,NA,NA,NA,NA,NA,NA,NA,NA,NA,NA,NA,NA,NA,FALSE,FALSE,RSVHub-hub-models,2026-05-20,RSVHub baseline model
Colorado,CO,1,wk inc rsv prop ed visits,prop_ed,2026-05-23,2026-05-30,RSVHub-baseline,0,0,2.999999999999996e-4,7.000000000000001e-4,0.0012000000000000001,0.0025000000000000005,0.004904054265542655,0,0,3e-4,7e-4,0.0012,0.0025,0.0049,NA,NA,NA,NA,NA,NA,NA,NA,NA,NA,NA,NA,NA,NA,FALSE,FALSE,RSVHub-hub-models,2026-05-20,RSVHub baseline model
Colorado,CO,2,wk inc rsv prop ed visits,prop_ed,2026-05-23,2026-06-06,RSVHub-baseline,0,0,9.773022730227234e-5,7.000000000000001e-4,0.001599999999999999,0.002970620106201068,0.005560133676336757,0,0,9.8e-5,7e-4,0.0016,0.003,0.0056,NA,NA,NA,NA,NA,NA,NA,NA,NA,NA,NA,NA,NA,NA,FALSE,FALSE,RSVHub-hub-models,2026-05-20,RSVHub baseline model
Colorado,CO,0,wk inc rsv hosp,hosp,2026-05-23,2026-05-23,UM-DeepOutbreak,0,0,0,21.290986375,66.6523895450286,109.8532769514743,125.8458659,0,0,0,20,70,110,130,0,0,0,0.3643647328221283,1.1406601686170474,1.8799814720213586,2.153671722756099,0,0,0,0.36,1.14,1.88,2.15,TRUE,FALSE,"University of Michigan, Computer Science and Engineering",2026-05-20,DeepOutbreak
Colorado,CO,1,wk inc rsv hosp,hosp,2026-05-23,2026-05-30,UM-DeepOutbreak,0,0,0,19.7742224375,69.21279305969716,152.54582743749998,152.54582743749998,0,0,0,20,70,150,150,0,0,0,0.3384074907710809,1.184477807034894,2.610603317216916,2.610603317216916,0,0,0,0.34,1.18,2.61,2.61,TRUE,FALSE,"University of Michigan, Computer Science and Engineering",2026-05-20,DeepOutbreak
Colorado,CO,2,wk inc rsv hosp,hosp,2026-05-23,2026-06-06,UM-DeepOutbreak,0,0,0,17.221523836666684,71.67746764723404,161.3168725105067,191.34217066666668,0,0,0,20,70,160,190,0,0,0,0.29472171091636284,1.2266571819949874,2.7607071892643633,3.274547156463815,0,0,0,0.29,1.23,2.76,3.27,TRUE,FALSE,"University of Michigan, Computer Science and Engineering",2026-05-20,DeepOutbreak
Colorado,CO,0,wk inc rsv hosp,hosp,2026-05-23,2026-05-23,UGA_flucast-INFLAenza,6,9,13,18,25,33,46,6,9,10,20,30,30,50,0.10268140509919281,0.1540221076487892,0.22247637771491774,0.3080442152975784,0.42783918791330333,0.5647477280455604,0.7872241057604782,0.1,0.15,0.22,0.31,0.43,0.56,0.79,TRUE,FALSE,UGA_flucast,2026-05-20,INFLAenza
Colorado,CO,1,wk inc rsv hosp,hosp,2026-05-23,2026-05-30,UGA_flucast-INFLAenza,3,6,9,13,20,28,39,3,6,9,10,20,30,40,0.051340702549596405,0.10268140509919281,0.1540221076487892,0.22247637771491774,0.34227135033064265,0.4791798904628997,0.6674291331447533,0.05,0.1,0.15,0.22,0.34,0.48,0.67,TRUE,FALSE,UGA_flucast,2026-05-20,INFLAenza
Colorado,CO,2,wk inc rsv hosp,hosp,2026-05-23,2026-06-06,UGA_flucast-INFLAenza,2,4,6,10,16,23,34,2,4,6,10,20,20,30,0.034227135033064265,0.06845427006612853,0.10268140509919281,0.17113567516532133,0.2738170802645141,0.3936120528802391,0.5818612955620925,0.03,0.07,0.1,0.17,0.27,0.39,0.58,TRUE,FALSE,UGA_flucast,2026-05-20,INFLAenza
Colorado,CO,0,wk inc rsv prop ed visits,prop_ed,2026-05-23,2026-05-23,UGA_flucast-INFLAenza,2.6352172517991456e-4,3.9264619287130906e-4,5.30535473208632e-4,7.229778528906722e-4,9.512057223746593e-4,0.00120612577007857,0.0015347177468099406,2.6e-4,3.9e-4,5.3e-4,7.2e-4,9.5e-4,0.0012,0.0015,NA,NA,NA,NA,NA,NA,NA,NA,NA,NA,NA,NA,NA,NA,TRUE,FALSE,UGA_flucast,2026-05-20,INFLAenza
Colorado,CO,1,wk inc rsv prop ed visits,prop_ed,2026-05-23,2026-05-30,UGA_flucast-INFLAenza,1.840876122836663e-4,3.0367948556324256e-4,4.350845572029218e-4,6.119023446185142e-4,8.377436949669122e-4,0.0010794515039091982,0.001423266954677906,1.8e-4,3e-4,4.4e-4,6.1e-4,8.4e-4,0.0011,0.0014,NA,NA,NA,NA,NA,NA,NA,NA,NA,NA,NA,NA,NA,NA,TRUE,FALSE,UGA_flucast,2026-05-20,INFLAenza
Colorado,CO,2,wk inc rsv prop ed visits,prop_ed,2026-05-23,2026-06-06,UGA_flucast-INFLAenza,1.3685651212429716e-4,2.4114310285134008e-4,3.658248225309752e-4,5.525322034111791e-4,7.887525035803445e-4,0.0010455551972594628,0.001409245718413077,1.4e-4,2.4e-4,3.7e-4,5.5e-4,7.9e-4,0.001,0.0014,NA,NA,NA,NA,NA,NA,NA,NA,NA,NA,NA,NA,NA,NA,TRUE,FALSE,UGA_flucast,2026-05-20,INFLAenza
Colorado,CO,0,wk inc rsv hosp,hosp,2026-05-23,2026-05-23,RSVHub-ensemble,7,11,13.5,19,25,33,46,7,10,10,20,30,30,50,0.11979497261572493,0.18824924268185347,0.2310331614731838,0.32515778281411056,0.42783918791330333,0.5647477280455604,0.7872241057604782,0.12,0.19,0.23,0.33,0.43,0.56,0.79,FALSE,TRUE,RSVHub,2026-05-20,Ensemble using RSVHub forecast submissions
Colorado,CO,1,wk inc rsv hosp,hosp,2026-05-23,2026-05-30,RSVHub-ensemble,5,7,10,14,20,27,39,5,7,10,10,20,30,40,0.08556783758266066,0.11979497261572493,0.17113567516532133,0.23958994523144986,0.34227135033064265,0.4620663229463676,0.6674291331447533,0.09,0.12,0.17,0.24,0.34,0.46,0.67,FALSE,TRUE,RSVHub,2026-05-20,Ensemble using RSVHub forecast submissions
Colorado,CO,2,wk inc rsv hosp,hosp,2026-05-23,2026-06-06,RSVHub-ensemble,2,4,6,10.25,15.5,23,37.25,2,4,6,10,20,20,40,0.034227135033064265,0.06845427006612853,0.10268140509919281,0.17541406704445436,0.2652602965062481,0.3936120528802391,0.637480389990822,0.03,0.07,0.1,0.18,0.27,0.39,0.64,FALSE,TRUE,RSVHub,2026-05-20,Ensemble using RSVHub forecast submissions
Colorado,CO,0,wk inc rsv prop ed visits,prop_ed,2026-05-23,2026-05-23,RSVHub-ensemble,2.781314166601264e-4,3.9102699909527596e-4,5.024505282612249e-4,6.503632641791886e-4,8.261737733532981e-4,0.0010100428231352018,0.0012447364965139933,2.8e-4,3.9e-4,5e-4,6.5e-4,8.3e-4,0.001,0.0012,NA,NA,NA,NA,NA,NA,NA,NA,NA,NA,NA,NA,NA,NA,FALSE,TRUE,RSVHub,2026-05-20,Ensemble using RSVHub forecast submissions
Colorado,CO,1,wk inc rsv prop ed visits,prop_ed,2026-05-23,2026-05-30,RSVHub-ensemble,1.7700410624710863e-4,2.742937807890472e-4,3.834294841083653e-4,5.273147386087824e-4,7.093901859648924e-4,9.018582514948672e-4,0.001168136306664704,1.8e-4,2.7e-4,3.8e-4,5.3e-4,7.1e-4,9e-4,0.0012,NA,NA,NA,NA,NA,NA,NA,NA,NA,NA,NA,NA,NA,NA,FALSE,TRUE,RSVHub,2026-05-20,Ensemble using RSVHub forecast submissions
Connecticut,CT,0,wk inc rsv hosp,hosp,2026-05-23,2026-05-23,CEPH-Rtrend_rsv,5,7,9,12,15,19,23,5,7,9,10,20,20,20,0.1384150480410949,0.1937810672575328,0.2491470864739708,0.3321961152986277,0.4152451441232846,0.5259771825561605,0.6367092209890364,0.14,0.19,0.25,0.33,0.42,0.53,0.64,TRUE,FALSE,CEPH Lab at Indiana University,2026-05-20,Rtrend RSV
Connecticut,CT,1,wk inc rsv hosp,hosp,2026-05-23,2026-05-30,CEPH-Rtrend_rsv,3,5,7,9,13,18,23,3,5,7,9,10,20,20,0.08304902882465692,0.1384150480410949,0.1937810672575328,0.2491470864739708,0.35987912490684665,0.4982941729479416,0.6367092209890364,0.08,0.14,0.19,0.25,0.36,0.5,0.64,TRUE,FALSE,CEPH Lab at Indiana University,2026-05-20,Rtrend RSV
Connecticut,CT,2,wk inc rsv hosp,hosp,2026-05-23,2026-06-06,CEPH-Rtrend_rsv,2,3,5,7,11,16,24,2,3,5,7,10,20,20,0.055366019216437946,0.08304902882465692,0.1384150480410949,0.1937810672575328,0.30451310569040874,0.44292815373150357,0.6643922305972554,0.06,0.08,0.14,0.19,0.3,0.44,0.66,TRUE,FALSE,CEPH Lab at Indiana University,2026-05-20,Rtrend RSV
Connecticut,CT,0,wk inc rsv hosp,hosp,2026-05-23,2026-05-23,CFA_Pyrenew-Pyrenew_HE_RSV,3,5,7,9,11,14,17,3,5,7,9,10,10,20,0.08304902882465692,0.1384150480410949,0.1937810672575328,0.2491470864739708,0.30451310569040874,0.3875621345150656,0.4706111633397225,0.08,0.14,0.19,0.25,0.3,0.39,0.47,TRUE,FALSE,Center for Forecasting and Outbreak Analytics (CFA/CDC) Pyrenew team,2026-05-20,Pyrenew_Hospital_Admissions_ED_Visits_RSV
Connecticut,CT,1,wk inc rsv hosp,hosp,2026-05-23,2026-05-30,CFA_Pyrenew-Pyrenew_HE_RSV,2,3,5,7,9,11,14,2,3,5,7,9,10,10,0.055366019216437946,0.08304902882465692,0.1384150480410949,0.1937810672575328,0.2491470864739708,0.30451310569040874,0.3875621345150656,0.06,0.08,0.14,0.19,0.25,0.3,0.39,TRUE,FALSE,Center for Forecasting and Outbreak Analytics (CFA/CDC) Pyrenew team,2026-05-20,Pyrenew_Hospital_Admissions_ED_Visits_RSV
Connecticut,CT,0,wk inc rsv hosp,hosp,2026-05-23,2026-05-23,CFA_Pyrenew-Pyrenew_H_RSV,3,5,8,10,14,17,22,3,5,8,10,10,20,20,0.08304902882465692,0.1384150480410949,0.22146407686575179,0.2768300960821898,0.3875621345150656,0.4706111633397225,0.6090262113808175,0.08,0.14,0.22,0.28,0.39,0.47,0.61,FALSE,FALSE,Center for Forecasting and Outbreak Analytics (CFA/CDC) Pyrenew team,2026-05-20,Pyrenew_Hospital_Admissions_RSV
Connecticut,CT,1,wk inc rsv hosp,hosp,2026-05-23,2026-05-30,CFA_Pyrenew-Pyrenew_H_RSV,2,3,5,8,12,15,22,2,3,5,8,10,20,20,0.055366019216437946,0.08304902882465692,0.1384150480410949,0.22146407686575179,0.3321961152986277,0.4152451441232846,0.6090262113808175,0.06,0.08,0.14,0.22,0.33,0.42,0.61,FALSE,FALSE,Center for Forecasting and Outbreak Analytics (CFA/CDC) Pyrenew team,2026-05-20,Pyrenew_Hospital_Admissions_RSV
Connecticut,CT,0,wk inc rsv hosp,hosp,2026-05-23,2026-05-23,Google_SAI-RSVEns,3,5,5.5,8.5,11.5,19,33.5,3,5,6,9,10,20,30,0.08304902882465692,0.1384150480410949,0.15225655284520437,0.23530558166986126,0.3183546104945182,0.5259771825561605,0.9273808218753357,0.08,0.14,0.15,0.24,0.32,0.53,0.93,TRUE,FALSE,Google Science AI,2026-05-20,RSVEnsemble
Connecticut,CT,1,wk inc rsv hosp,hosp,2026-05-23,2026-05-30,Google_SAI-RSVEns,1.5,3,4.5,7.5,10,15.5,31.5,2,3,5,8,10,20,30,0.04152451441232846,0.08304902882465692,0.1245735432369854,0.2076225720616423,0.2768300960821898,0.4290866489273941,0.8720148026588976,0.04,0.08,0.12,0.21,0.28,0.43,0.87,TRUE,FALSE,Google Science AI,2026-05-20,RSVEnsemble
Connecticut,CT,2,wk inc rsv hosp,hosp,2026-05-23,2026-06-06,Google_SAI-RSVEns,1.5,2.5,3.5,5.5,8.5,12,21.5,2,3,4,6,9,10,20,0.04152451441232846,0.06920752402054745,0.0968905336287664,0.15225655284520437,0.23530558166986126,0.3321961152986277,0.595184706576708,0.04,0.07,0.1,0.15,0.24,0.33,0.6,TRUE,FALSE,Google Science AI,2026-05-20,RSVEnsemble
Connecticut,CT,0,wk inc rsv hosp,hosp,2026-05-23,2026-05-23,RSVHub-baseline,0,0,8.249999999999996,13,17.749999999999996,27.30000000000002,54.29999999999997,0,0,8,10,20,30,50,0,0,0.22838482926780646,0.35987912490684665,0.4913734205458867,0.7557461623043785,1.5031874217262895,0,0,0.23,0.36,0.49,0.76,1.5,FALSE,FALSE,RSVHub-hub-models,2026-05-20,RSVHub baseline model
Connecticut,CT,1,wk inc rsv hosp,hosp,2026-05-23,2026-05-30,RSVHub-baseline,0,0,5,13,22,37.06932769327697,61,0,0,5,10,20,40,60,0,0,0.1384150480410949,0.35987912490684665,0.6090262113808175,1.026190554703204,1.6886635861013577,0,0,0.14,0.36,0.61,1.03,1.69,FALSE,FALSE,RSVHub-hub-models,2026-05-20,RSVHub baseline model
Connecticut,CT,2,wk inc rsv hosp,hosp,2026-05-23,2026-06-06,RSVHub-baseline,0,0,2,13,25.982627326273253,46,66.4728774787748,0,0,2,10,30,50,70,0,0,0.055366019216437946,0.35987912490684665,0.7192773219199954,1.2734184419780727,1.8401693059308855,0,0,0.06,0.36,0.72,1.27,1.84,FALSE,FALSE,RSVHub-hub-models,2026-05-20,RSVHub baseline model
Connecticut,CT,0,wk inc rsv prop ed visits,prop_ed,2026-05-23,2026-05-23,RSVHub-baseline,0,0,9.999999999999999e-5,3e-4,5e-4,0.001,0.0019574999999999944,0,0,1e-4,3e-4,5e-4,0.001,0.002,NA,NA,NA,NA,NA,NA,NA,NA,NA,NA,NA,NA,NA,NA,FALSE,FALSE,RSVHub-hub-models,2026-05-20,RSVHub baseline model
Connecticut,CT,1,wk inc rsv prop ed visits,prop_ed,2026-05-23,2026-05-30,RSVHub-baseline,0,0,0,3e-4,7.000000000000001e-4,0.0014787889878898788,0.002539214442144422,0,0,0,3e-4,7e-4,0.0015,0.0025,NA,NA,NA,NA,NA,NA,NA,NA,NA,NA,NA,NA,NA,NA,FALSE,FALSE,RSVHub-hub-models,2026-05-20,RSVHub baseline model
Connecticut,CT,2,wk inc rsv prop ed visits,prop_ed,2026-05-23,2026-06-06,RSVHub-baseline,0,0,0,3e-4,9.000000000000002e-4,0.0018,0.002891615616156163,0,0,0,3e-4,9e-4,0.0018,0.0029,NA,NA,NA,NA,NA,NA,NA,NA,NA,NA,NA,NA,NA,NA,FALSE,FALSE,RSVHub-hub-models,2026-05-20,RSVHub baseline model
Connecticut,CT,0,wk inc rsv hosp,hosp,2026-05-23,2026-05-23,UM-DeepOutbreak,0,0,0.5169820864599757,12.500707829166668,22.730904538540024,30.69703217722196,37.55953574583333,0,0,1,10,20,30,40,0,0,0.0143116200667486,0.34605721494435904,0.6292598487439118,0.8497862367058425,1.039760988932148,0,0,0.01,0.35,0.63,0.85,1.04,TRUE,FALSE,"University of Michigan, Computer Science and Engineering",2026-05-20,DeepOutbreak
Connecticut,CT,1,wk inc rsv hosp,hosp,2026-05-23,2026-05-30,UM-DeepOutbreak,0,0,1.7465513883444466,10.51079214249999,18.943733636655555,41.260765461686745,46.7011061625,0,0,2,10,20,40,50,0,0,0.048349798864787505,0.29097035987081976,0.5244195602790767,1.1422221667183436,1.2928271706109418,0,0,0.05,0.29,0.52,1.14,1.29,TRUE,FALSE,"University of Michigan, Computer Science and Engineering",2026-05-20,DeepOutbreak
Connecticut,CT,2,wk inc rsv hosp,hosp,2026-05-23,2026-06-06,UM-DeepOutbreak,0,0,0,11.7211016525,29.310642886786,57.24410864752159,57.362423585,0,0,0,10,30,60,60,0,0,0,0.3244753696650688,0.811406808657972,1.584689209703271,1.5879645232542818,0,0,0,0.32,0.81,1.58,1.59,TRUE,FALSE,"University of Michigan, Computer Science and Engineering",2026-05-20,DeepOutbreak
Connecticut,CT,0,wk inc rsv hosp,hosp,2026-05-23,2026-05-23,UGA_flucast-INFLAenza,2,4,6,10,14,19,27,2,4,6,10,10,20,30,0.055366019216437946,0.11073203843287589,0.16609805764931385,0.2768300960821898,0.3875621345150656,0.5259771825561605,0.7474412594219123,0.06,0.11,0.17,0.28,0.39,0.53,0.75,TRUE,FALSE,UGA_flucast,2026-05-20,INFLAenza
Connecticut,CT,1,wk inc rsv hosp,hosp,2026-05-23,2026-05-30,UGA_flucast-INFLAenza,1,3,4,7,11,16,23,1,3,4,7,10,20,20,0.027683009608218973,0.08304902882465692,0.11073203843287589,0.1937810672575328,0.30451310569040874,0.44292815373150357,0.6367092209890364,0.03,0.08,0.11,0.19,0.3,0.44,0.64,TRUE,FALSE,UGA_flucast,2026-05-20,INFLAenza
Connecticut,CT,2,wk inc rsv hosp,hosp,2026-05-23,2026-06-06,UGA_flucast-INFLAenza,1,2,3,6,9,14,21,1,2,3,6,9,10,20,0.027683009608218973,0.055366019216437946,0.08304902882465692,0.16609805764931385,0.2491470864739708,0.3875621345150656,0.5813432017725985,0.03,0.06,0.08,0.17,0.25,0.39,0.58,TRUE,FALSE,UGA_flucast,2026-05-20,INFLAenza
Connecticut,CT,0,wk inc rsv prop ed visits,prop_ed,2026-05-23,2026-05-23,UGA_flucast-INFLAenza,8.772128281054469e-5,1.5092476538288127e-4,2.295328369715917e-4,3.443259623846022e-4,4.938813299161242e-4,6.574423564747877e-4,8.621585792446995e-4,8.8e-5,1.5e-4,2.3e-4,3.4e-4,4.9e-4,6.6e-4,8.6e-4,NA,NA,NA,NA,NA,NA,NA,NA,NA,NA,NA,NA,NA,NA,TRUE,FALSE,UGA_flucast,2026-05-20,INFLAenza
Connecticut,CT,1,wk inc rsv prop ed visits,prop_ed,2026-05-23,2026-05-30,UGA_flucast-INFLAenza,5.9874214309012624e-5,1.1878801833193958e-4,1.9313923104011602e-4,3.032662392265422e-4,4.4518272102960453e-4,6.133562410242039e-4,8.366132621103411e-4,6e-5,1.2e-4,1.9e-4,3e-4,4.5e-4,6.1e-4,8.4e-4,NA,NA,NA,NA,NA,NA,NA,NA,NA,NA,NA,NA,NA,NA,TRUE,FALSE,UGA_flucast,2026-05-20,INFLAenza
Connecticut,CT,2,wk inc rsv prop ed visits,prop_ed,2026-05-23,2026-06-06,UGA_flucast-INFLAenza,4.423282713368115e-5,9.53781106371719e-5,1.6881718701531e-4,2.7616026374496056e-4,4.163863579394338e-4,5.951881462039257e-4,8.33434852824682e-4,4.4e-5,9.5e-5,1.7e-4,2.8e-4,4.2e-4,6e-4,8.3e-4,NA,NA,NA,NA,NA,NA,NA,NA,NA,NA,NA,NA,NA,NA,TRUE,FALSE,UGA_flucast,2026-05-20,INFLAenza
Connecticut,CT,0,wk inc rsv hosp,hosp,2026-05-23,2026-05-23,RSVHub-ensemble,3,5,6,10,14,19,27,3,5,6,10,10,20,30,0.08304902882465692,0.1384150480410949,0.16609805764931385,0.2768300960821898,0.3875621345150656,0.5259771825561605,0.7474412594219123,0.08,0.14,0.17,0.28,0.39,0.53,0.75,FALSE,TRUE,RSVHub,2026-05-20,Ensemble using RSVHub forecast submissions
Connecticut,CT,1,wk inc rsv hosp,hosp,2026-05-23,2026-05-30,RSVHub-ensemble,1.5,3,4.5,7.5,11,16,23,2,3,5,8,10,20,20,0.04152451441232846,0.08304902882465692,0.1245735432369854,0.2076225720616423,0.30451310569040874,0.44292815373150357,0.6367092209890364,0.04,0.08,0.12,0.21,0.3,0.44,0.64,FALSE,TRUE,RSVHub,2026-05-20,Ensemble using RSVHub forecast submissions
Connecticut,CT,2,wk inc rsv hosp,hosp,2026-05-23,2026-06-06,RSVHub-ensemble,1.25,2.25,3.25,6.5,10,15,22.75,1,2,3,7,10,20,20,0.03460376201027372,0.0622867716184927,0.08996978122671166,0.17993956245342332,0.2768300960821898,0.4152451441232846,0.6297884685869817,0.03,0.06,0.09,0.18,0.28,0.42,0.63,FALSE,TRUE,RSVHub,2026-05-20,Ensemble using RSVHub forecast submissions
Delaware,DE,0,wk inc rsv hosp,hosp,2026-05-23,2026-05-23,CEPH-Rtrend_rsv,2,3,4,5,7,9,11,2,3,4,5,7,9,10,0.19446891511626324,0.29170337267439483,0.3889378302325265,0.48617228779065813,0.6806412029069213,0.8751101180231846,1.0695790331394477,0.19,0.29,0.39,0.49,0.68,0.88,1.07,TRUE,FALSE,CEPH Lab at Indiana University,2026-05-20,Rtrend RSV
Delaware,DE,1,wk inc rsv hosp,hosp,2026-05-23,2026-05-30,CEPH-Rtrend_rsv,1,2,3,4,7,10,14,1,2,3,4,7,10,10,0.09723445755813162,0.19446891511626324,0.29170337267439483,0.3889378302325265,0.6806412029069213,0.9723445755813163,1.3612824058138426,0.1,0.19,0.29,0.39,0.68,0.97,1.36,TRUE,FALSE,CEPH Lab at Indiana University,2026-05-20,Rtrend RSV
Delaware,DE,2,wk inc rsv hosp,hosp,2026-05-23,2026-06-06,CEPH-Rtrend_rsv,1,1,2,4,6,11,17,1,1,2,4,6,10,20,0.09723445755813162,0.09723445755813162,0.19446891511626324,0.3889378302325265,0.5834067453487897,1.0695790331394477,1.6529857784882374,0.1,0.1,0.19,0.39,0.58,1.07,1.65,TRUE,FALSE,CEPH Lab at Indiana University,2026-05-20,Rtrend RSV
Delaware,DE,0,wk inc rsv prop ed visits,prop_ed,2026-05-23,2026-05-23,CFA_Pyrenew-Pyrenew_E_RSV,2.730554091804142e-4,4.579672845436356e-4,6.517986377588441e-4,8.909142499812634e-4,0.001156403852200966,0.00145110386671139,0.0017857015903620021,2.7e-4,4.6e-4,6.5e-4,8.9e-4,0.0012,0.0015,0.0018,NA,NA,NA,NA,NA,NA,NA,NA,NA,NA,NA,NA,NA,NA,TRUE,FALSE,Center for Forecasting and Outbreak Analytics (CFA/CDC) Pyrenew team,2026-05-20,Pyrenew_ED_Visits_RSV
Delaware,DE,1,wk inc rsv prop ed visits,prop_ed,2026-05-23,2026-05-30,CFA_Pyrenew-Pyrenew_E_RSV,1.7436841064543868e-4,2.8621149631460533e-4,4.6087358466422463e-4,7.01230161381517e-4,9.824017585804584e-4,0.001284298757707311,0.0017214249588631588,1.7e-4,2.9e-4,4.6e-4,7e-4,9.8e-4,0.0013,0.0017,NA,NA,NA,NA,NA,NA,NA,NA,NA,NA,NA,NA,NA,NA,TRUE,FALSE,Center for Forecasting and Outbreak Analytics (CFA/CDC) Pyrenew team,2026-05-20,Pyrenew_ED_Visits_RSV
Delaware,DE,0,wk inc rsv hosp,hosp,2026-05-23,2026-05-23,CFA_Pyrenew-Pyrenew_HE_RSV,1,2,3,5,6,8,10,1,2,3,5,6,8,10,0.09723445755813162,0.19446891511626324,0.29170337267439483,0.48617228779065813,0.5834067453487897,0.777875660465053,0.9723445755813163,0.1,0.19,0.29,0.49,0.58,0.78,0.97,TRUE,FALSE,Center for Forecasting and Outbreak Analytics (CFA/CDC) Pyrenew team,2026-05-20,Pyrenew_Hospital_Admissions_ED_Visits_RSV
Delaware,DE,1,wk inc rsv hosp,hosp,2026-05-23,2026-05-30,CFA_Pyrenew-Pyrenew_HE_RSV,0,1,2,4,6,7,10,0,1,2,4,6,7,10,0,0.09723445755813162,0.19446891511626324,0.3889378302325265,0.5834067453487897,0.6806412029069213,0.9723445755813163,0,0.1,0.19,0.39,0.58,0.68,0.97,TRUE,FALSE,Center for Forecasting and Outbreak Analytics (CFA/CDC) Pyrenew team,2026-05-20,Pyrenew_Hospital_Admissions_ED_Visits_RSV
Delaware,DE,0,wk inc rsv prop ed visits,prop_ed,2026-05-23,2026-05-23,CFA_Pyrenew-Pyrenew_HE_RSV,2.670334464393165e-4,4.4538330790833277e-4,6.208366169737432e-4,8.303379666871794e-4,0.0011047283248345145,0.0013607544180568526,0.0017024986178278826,2.7e-4,4.5e-4,6.2e-4,8.3e-4,0.0011,0.0014,0.0017,NA,NA,NA,NA,NA,NA,NA,NA,NA,NA,NA,NA,NA,NA,FALSE,FALSE,Center for Forecasting and Outbreak Analytics (CFA/CDC) Pyrenew team,2026-05-20,Pyrenew_Hospital_Admissions_ED_Visits_RSV
Delaware,DE,1,wk inc rsv prop ed visits,prop_ed,2026-05-23,2026-05-30,CFA_Pyrenew-Pyrenew_HE_RSV,1.7194125425045603e-4,2.7192480537728184e-4,4.512866870835263e-4,6.661894408329458e-4,9.455408572260693e-4,0.0012620843317308734,0.001724867401323844,1.7e-4,2.7e-4,4.5e-4,6.7e-4,9.5e-4,0.0013,0.0017,NA,NA,NA,NA,NA,NA,NA,NA,NA,NA,NA,NA,NA,NA,FALSE,FALSE,Center for Forecasting and Outbreak Analytics (CFA/CDC) Pyrenew team,2026-05-20,Pyrenew_Hospital_Admissions_ED_Visits_RSV
Delaware,DE,0,wk inc rsv hosp,hosp,2026-05-23,2026-05-23,CFA_Pyrenew-Pyrenew_H_RSV,0,1,2,4,6,8,12,0,1,2,4,6,8,10,0,0.09723445755813162,0.19446891511626324,0.3889378302325265,0.5834067453487897,0.777875660465053,1.1668134906975793,0,0.1,0.19,0.39,0.58,0.78,1.17,FALSE,FALSE,Center for Forecasting and Outbreak Analytics (CFA/CDC) Pyrenew team,2026-05-20,Pyrenew_Hospital_Admissions_RSV
Delaware,DE,1,wk inc rsv hosp,hosp,2026-05-23,2026-05-30,CFA_Pyrenew-Pyrenew_H_RSV,0,1,2,3.5,6,9,13,0,1,2,4,6,9,10,0,0.09723445755813162,0.19446891511626324,0.34032060145346066,0.5834067453487897,0.8751101180231846,1.264047948255711,0,0.1,0.19,0.34,0.58,0.88,1.26,FALSE,FALSE,Center for Forecasting and Outbreak Analytics (CFA/CDC) Pyrenew team,2026-05-20,Pyrenew_Hospital_Admissions_RSV
Delaware,DE,0,wk inc rsv hosp,hosp,2026-05-23,2026-05-23,Google_SAI-RSVEns,0,1,1,3,4.5,6,8,0,1,1,3,5,6,8,0,0.09723445755813162,0.09723445755813162,0.29170337267439483,0.4375550590115923,0.5834067453487897,0.777875660465053,0,0.1,0.1,0.29,0.44,0.58,0.78,TRUE,FALSE,Google Science AI,2026-05-20,RSVEnsemble
Delaware,DE,1,wk inc rsv hosp,hosp,2026-05-23,2026-05-30,Google_SAI-RSVEns,0,0.5,1,2,3.5,5,9,0,1,1,2,4,5,9,0,0.04861722877906581,0.09723445755813162,0.19446891511626324,0.34032060145346066,0.48617228779065813,0.8751101180231846,0,0.05,0.1,0.19,0.34,0.49,0.88,TRUE,FALSE,Google Science AI,2026-05-20,RSVEnsemble
Delaware,DE,2,wk inc rsv hosp,hosp,2026-05-23,2026-06-06,Google_SAI-RSVEns,0,0,0.5,1.5,3,5,7.5,0,0,1,2,3,5,8,0,0,0.04861722877906581,0.14585168633719742,0.29170337267439483,0.48617228779065813,0.7292584316859871,0,0,0.05,0.15,0.29,0.49,0.73,TRUE,FALSE,Google Science AI,2026-05-20,RSVEnsemble
Delaware,DE,0,wk inc rsv hosp,hosp,2026-05-23,2026-05-23,RSVHub-baseline,0,0,2,4,6,13,27.149999999999984,0,0,2,4,6,10,30,0,0,0.19446891511626324,0.3889378302325265,0.5834067453487897,1.264047948255711,2.639915522703272,0,0,0.19,0.39,0.58,1.26,2.64,FALSE,FALSE,RSVHub-hub-models,2026-05-20,RSVHub baseline model
Delaware,DE,1,wk inc rsv hosp,hosp,2026-05-23,2026-05-30,RSVHub-baseline,0,0,0,4,10,18.88417184171838,40.32129671296709,0,0,0,4,10,20,40,0,0,0,0.3889378302325265,0.9723445755813163,1.83619220546403,3.9206194139258304,0,0,0,0.39,0.97,1.84,3.92,FALSE,FALSE,RSVHub-hub-models,2026-05-20,RSVHub baseline model
Delaware,DE,2,wk inc rsv hosp,hosp,2026-05-23,2026-06-06,RSVHub-baseline,0,0,0,4,12.396481464814642,23.95254552545527,50.99581670816711,0,0,0,4,10,20,50,0,0,0,0.3889378302325265,1.2053651508606846,2.3290127713040962,4.958550575352534,0,0,0,0.39,1.21,2.33,4.96,FALSE,FALSE,RSVHub-hub-models,2026-05-20,RSVHub baseline model
Delaware,DE,0,wk inc rsv prop ed visits,prop_ed,2026-05-23,2026-05-23,RSVHub-baseline,0,0,7.249999999999997e-4,0.0011,0.0014749999999999987,0.0026600000000000065,0.005357499999999993,0,0,7.3e-4,0.0011,0.0015,0.0027,0.0054,NA,NA,NA,NA,NA,NA,NA,NA,NA,NA,NA,NA,NA,NA,FALSE,FALSE,RSVHub-hub-models,2026-05-20,RSVHub baseline model
Delaware,DE,1,wk inc rsv prop ed visits,prop_ed,2026-05-23,2026-05-30,RSVHub-baseline,0,0,3.0000000000000003e-4,0.0011,0.0020999999999999994,0.00407180961809618,0.0074,0,0,3e-4,0.0011,0.0021,0.0041,0.0074,NA,NA,NA,NA,NA,NA,NA,NA,NA,NA,NA,NA,NA,NA,FALSE,FALSE,RSVHub-hub-models,2026-05-20,RSVHub baseline model
Delaware,DE,2,wk inc rsv prop ed visits,prop_ed,2026-05-23,2026-06-06,RSVHub-baseline,0,0,0,0.0011,0.0025136191361913624,0.004913619136191365,0.008139821948219493,0,0,0,0.0011,0.0025,0.0049,0.0081,NA,NA,NA,NA,NA,NA,NA,NA,NA,NA,NA,NA,NA,NA,FALSE,FALSE,RSVHub-hub-models,2026-05-20,RSVHub baseline model
Delaware,DE,0,wk inc rsv hosp,hosp,2026-05-23,2026-05-23,UGA_flucast-INFLAenza,0,1,2,3,6,8,11,0,1,2,3,6,8,10,0,0.09723445755813162,0.19446891511626324,0.29170337267439483,0.5834067453487897,0.777875660465053,1.0695790331394477,0,0.1,0.19,0.29,0.58,0.78,1.07,TRUE,FALSE,UGA_flucast,2026-05-20,INFLAenza
Delaware,DE,1,wk inc rsv hosp,hosp,2026-05-23,2026-05-30,UGA_flucast-INFLAenza,0,0,1,3,4,7,10,0,0,1,3,4,7,10,0,0,0.09723445755813162,0.29170337267439483,0.3889378302325265,0.6806412029069213,0.9723445755813163,0,0,0.1,0.29,0.39,0.68,0.97,TRUE,FALSE,UGA_flucast,2026-05-20,INFLAenza
Delaware,DE,2,wk inc rsv hosp,hosp,2026-05-23,2026-06-06,UGA_flucast-INFLAenza,0,0,1,2,4,6,9,0,0,1,2,4,6,9,0,0,0.09723445755813162,0.19446891511626324,0.3889378302325265,0.5834067453487897,0.8751101180231846,0,0,0.1,0.19,0.39,0.58,0.88,TRUE,FALSE,UGA_flucast,2026-05-20,INFLAenza
Delaware,DE,0,wk inc rsv prop ed visits,prop_ed,2026-05-23,2026-05-23,UGA_flucast-INFLAenza,3.848174052313985e-4,5.401397553990484e-4,7.131027354588019e-4,9.580585731545309e-4,0.0012361838894823758,0.0015231025804027286,0.001909976432872102,3.8e-4,5.4e-4,7.1e-4,9.6e-4,0.0012,0.0015,0.0019,NA,NA,NA,NA,NA,NA,NA,NA,NA,NA,NA,NA,NA,NA,TRUE,FALSE,UGA_flucast,2026-05-20,INFLAenza
Delaware,DE,1,wk inc rsv prop ed visits,prop_ed,2026-05-23,2026-05-30,UGA_flucast-INFLAenza,2.851795982580727e-4,4.375943601181761e-4,6.025531242332764e-4,8.223278874231661e-4,0.001113884187143852,0.0014246017975953831,0.0018261020730312972,2.9e-4,4.4e-4,6e-4,8.2e-4,0.0011,0.0014,0.0018,NA,NA,NA,NA,NA,NA,NA,NA,NA,NA,NA,NA,NA,NA,TRUE,FALSE,UGA_flucast,2026-05-20,INFLAenza
Delaware,DE,2,wk inc rsv prop ed visits,prop_ed,2026-05-23,2026-06-06,UGA_flucast-INFLAenza,2.2456370720258623e-4,3.479121307265901e-4,5.017568392591843e-4,7.381491961749626e-4,0.0010301779381319913,0.0013652771199694502,0.0018449250232053056,2.2e-4,3.5e-4,5e-4,7.4e-4,0.001,0.0014,0.0018,NA,NA,NA,NA,NA,NA,NA,NA,NA,NA,NA,NA,NA,NA,TRUE,FALSE,UGA_flucast,2026-05-20,INFLAenza
Delaware,DE,0,wk inc rsv hosp,hosp,2026-05-23,2026-05-23,RSVHub-ensemble,0.5,1.5,2.5,4,6,8,10.5,1,2,3,4,6,8,10,0.04861722877906581,0.14585168633719742,0.24308614389532907,0.3889378302325265,0.5834067453487897,0.777875660465053,1.020961804360382,0.05,0.15,0.24,0.39,0.58,0.78,1.02,FALSE,TRUE,RSVHub,2026-05-20,Ensemble using RSVHub forecast submissions
Delaware,DE,1,wk inc rsv hosp,hosp,2026-05-23,2026-05-30,RSVHub-ensemble,0,0.75,1.5,3.5,5,7,10,0,1,2,4,5,7,10,0,0.07292584316859871,0.14585168633719742,0.34032060145346066,0.48617228779065813,0.6806412029069213,0.9723445755813163,0,0.07,0.15,0.34,0.49,0.68,0.97,FALSE,TRUE,RSVHub,2026-05-20,Ensemble using RSVHub forecast submissions
Delaware,DE,2,wk inc rsv hosp,hosp,2026-05-23,2026-06-06,RSVHub-ensemble,0,0,1,2,4,6,9,0,0,1,2,4,6,9,0,0,0.09723445755813162,0.19446891511626324,0.3889378302325265,0.5834067453487897,0.8751101180231846,0,0,0.1,0.19,0.39,0.58,0.88,FALSE,TRUE,RSVHub,2026-05-20,Ensemble using RSVHub forecast submissions
Delaware,DE,0,wk inc rsv prop ed visits,prop_ed,2026-05-23,2026-05-23,RSVHub-ensemble,3.289364072059063e-4,4.99053519971342e-4,6.82450686608823e-4,9.244864115678971e-4,0.0011962938708416709,0.0014871032235570592,0.001847839011617052,3.3e-4,5e-4,6.8e-4,9.2e-4,0.0012,0.0015,0.0018,NA,NA,NA,NA,NA,NA,NA,NA,NA,NA,NA,NA,NA,NA,FALSE,TRUE,RSVHub,2026-05-20,Ensemble using RSVHub forecast submissions
Delaware,DE,1,wk inc rsv prop ed visits,prop_ed,2026-05-23,2026-05-30,RSVHub-ensemble,2.2977400445175567e-4,3.619029282163907e-4,5.317133544487505e-4,7.617790244023416e-4,0.0010481429728621552,0.001354450277651347,0.001773763515947228,2.3e-4,3.6e-4,5.3e-4,7.6e-4,0.001,0.0014,0.0018,NA,NA,NA,NA,NA,NA,NA,NA,NA,NA,NA,NA,NA,NA,FALSE,TRUE,RSVHub,2026-05-20,Ensemble using RSVHub forecast submissions
District of Columbia,DC,0,wk inc rsv hosp,hosp,2026-05-23,2026-05-23,CEPH-Rtrend_rsv,0,1,1,1,1,1,2,0,1,1,1,1,1,2,0,0.14797737130038074,0.14797737130038074,0.14797737130038074,0.14797737130038074,0.14797737130038074,0.2959547426007615,0,0.15,0.15,0.15,0.15,0.15,0.3,TRUE,FALSE,CEPH Lab at Indiana University,2026-05-20,Rtrend RSV
District of Columbia,DC,1,wk inc rsv hosp,hosp,2026-05-23,2026-05-30,CEPH-Rtrend_rsv,0,1,1,1,1,2,2,0,1,1,1,1,2,2,0,0.14797737130038074,0.14797737130038074,0.14797737130038074,0.14797737130038074,0.2959547426007615,0.2959547426007615,0,0.15,0.15,0.15,0.15,0.3,0.3,TRUE,FALSE,CEPH Lab at Indiana University,2026-05-20,Rtrend RSV
District of Columbia,DC,2,wk inc rsv hosp,hosp,2026-05-23,2026-06-06,CEPH-Rtrend_rsv,0,0,1,1,1,2,3,0,0,1,1,1,2,3,0,0,0.14797737130038074,0.14797737130038074,0.14797737130038074,0.2959547426007615,0.4439321139011423,0,0,0.15,0.15,0.15,0.3,0.44,TRUE,FALSE,CEPH Lab at Indiana University,2026-05-20,Rtrend RSV
District of Columbia,DC,0,wk inc rsv prop ed visits,prop_ed,2026-05-23,2026-05-23,CFA_Pyrenew-Pyrenew_E_RSV,0,0,1.6552915176129156e-4,3.315902095075165e-4,5.234138451539788e-4,8.101482069684995e-4,0.0011456666955515081,0,0,1.7e-4,3.3e-4,5.2e-4,8.1e-4,0.0011,NA,NA,NA,NA,NA,NA,NA,NA,NA,NA,NA,NA,NA,NA,TRUE,FALSE,Center for Forecasting and Outbreak Analytics (CFA/CDC) Pyrenew team,2026-05-20,Pyrenew_ED_Visits_RSV
District of Columbia,DC,1,wk inc rsv prop ed visits,prop_ed,2026-05-23,2026-05-30,CFA_Pyrenew-Pyrenew_E_RSV,0,0,1.4646728351301196e-4,3.1383127433275436e-4,5.038740950610537e-4,8.11859055845066e-4,0.0012676171795858156,0,0,1.5e-4,3.1e-4,5e-4,8.1e-4,0.0013,NA,NA,NA,NA,NA,NA,NA,NA,NA,NA,NA,NA,NA,NA,TRUE,FALSE,Center for Forecasting and Outbreak Analytics (CFA/CDC) Pyrenew team,2026-05-20,Pyrenew_ED_Visits_RSV
District of Columbia,DC,0,wk inc rsv hosp,hosp,2026-05-23,2026-05-23,CFA_Pyrenew-Pyrenew_HE_RSV,0,0,0,0,1,2,3,0,0,0,0,1,2,3,0,0,0,0,0.14797737130038074,0.2959547426007615,0.4439321139011423,0,0,0,0,0.15,0.3,0.44,TRUE,FALSE,Center for Forecasting and Outbreak Analytics (CFA/CDC) Pyrenew team,2026-05-20,Pyrenew_Hospital_Admissions_ED_Visits_RSV
District of Columbia,DC,1,wk inc rsv hosp,hosp,2026-05-23,2026-05-30,CFA_Pyrenew-Pyrenew_HE_RSV,0,0,0,0,1,2,3,0,0,0,0,1,2,3,0,0,0,0,0.14797737130038074,0.2959547426007615,0.4439321139011423,0,0,0,0,0.15,0.3,0.44,TRUE,FALSE,Center for Forecasting and Outbreak Analytics (CFA/CDC) Pyrenew team,2026-05-20,Pyrenew_Hospital_Admissions_ED_Visits_RSV
District of Columbia,DC,0,wk inc rsv prop ed visits,prop_ed,2026-05-23,2026-05-23,CFA_Pyrenew-Pyrenew_HE_RSV,0,0,1.5542986558916437e-4,1.776182116127999e-4,4.87625314378814e-4,6.805438218132908e-4,9.887667951243358e-4,0,0,1.6e-4,1.8e-4,4.9e-4,6.8e-4,9.9e-4,NA,NA,NA,NA,NA,NA,NA,NA,NA,NA,NA,NA,NA,NA,FALSE,FALSE,Center for Forecasting and Outbreak Analytics (CFA/CDC) Pyrenew team,2026-05-20,Pyrenew_Hospital_Admissions_ED_Visits_RSV
District of Columbia,DC,1,wk inc rsv prop ed visits,prop_ed,2026-05-23,2026-05-30,CFA_Pyrenew-Pyrenew_HE_RSV,0,0,0,1.7420376117528713e-4,3.601734985381704e-4,6.637220604973197e-4,0.0010555876589980115,0,0,0,1.7e-4,3.6e-4,6.6e-4,0.0011,NA,NA,NA,NA,NA,NA,NA,NA,NA,NA,NA,NA,NA,NA,FALSE,FALSE,Center for Forecasting and Outbreak Analytics (CFA/CDC) Pyrenew team,2026-05-20,Pyrenew_Hospital_Admissions_ED_Visits_RSV
District of Columbia,DC,0,wk inc rsv hosp,hosp,2026-05-23,2026-05-23,CFA_Pyrenew-Pyrenew_H_RSV,0,0,0,0,0,1,2,0,0,0,0,0,1,2,0,0,0,0,0,0.14797737130038074,0.2959547426007615,0,0,0,0,0,0.15,0.3,FALSE,FALSE,Center for Forecasting and Outbreak Analytics (CFA/CDC) Pyrenew team,2026-05-20,Pyrenew_Hospital_Admissions_RSV
District of Columbia,DC,1,wk inc rsv hosp,hosp,2026-05-23,2026-05-30,CFA_Pyrenew-Pyrenew_H_RSV,0,0,0,0,0,1,2,0,0,0,0,0,1,2,0,0,0,0,0,0.14797737130038074,0.2959547426007615,0,0,0,0,0,0.15,0.3,FALSE,FALSE,Center for Forecasting and Outbreak Analytics (CFA/CDC) Pyrenew team,2026-05-20,Pyrenew_Hospital_Admissions_RSV
District of Columbia,DC,0,wk inc rsv hosp,hosp,2026-05-23,2026-05-23,Google_SAI-RSVEns,0,0,0,0,0.5,1,2,0,0,0,0,1,1,2,0,0,0,0,0.07398868565019037,0.14797737130038074,0.2959547426007615,0,0,0,0,0.07,0.15,0.3,TRUE,FALSE,Google Science AI,2026-05-20,RSVEnsemble
District of Columbia,DC,1,wk inc rsv hosp,hosp,2026-05-23,2026-05-30,Google_SAI-RSVEns,0,0,0,0,0.5,1,2,0,0,0,0,1,1,2,0,0,0,0,0.07398868565019037,0.14797737130038074,0.2959547426007615,0,0,0,0,0.07,0.15,0.3,TRUE,FALSE,Google Science AI,2026-05-20,RSVEnsemble
District of Columbia,DC,2,wk inc rsv hosp,hosp,2026-05-23,2026-06-06,Google_SAI-RSVEns,0,0,0,0,0.5,0.5,2,0,0,0,0,1,1,2,0,0,0,0,0.07398868565019037,0.07398868565019037,0.2959547426007615,0,0,0,0,0.07,0.07,0.3,TRUE,FALSE,Google Science AI,2026-05-20,RSVEnsemble
District of Columbia,DC,0,wk inc rsv hosp,hosp,2026-05-23,2026-05-23,RSVHub-baseline,0,0,0,0,1,3,9.074999999999992,0,0,0,0,1,3,9,0,0,0,0,0.14797737130038074,0.4439321139011423,1.342894644550954,0,0,0,0,0.15,0.44,1.34,FALSE,FALSE,RSVHub-hub-models,2026-05-20,RSVHub baseline model
District of Columbia,DC,1,wk inc rsv hosp,hosp,2026-05-23,2026-05-30,RSVHub-baseline,0,0,0,0,2.1081935819358293,6,13.159934099340955,0,0,0,0,2,6,10,0,0,0,0,0.31196494444719786,0.8878642278022846,1.9473724545067181,0,0,0,0,0.31,0.89,1.95,FALSE,FALSE,RSVHub-hub-models,2026-05-20,RSVHub baseline model
District of Columbia,DC,2,wk inc rsv hosp,hosp,2026-05-23,2026-06-06,RSVHub-baseline,0,0,0,0,2.4466469664696717,6.870568705687071,14.911403364033735,0,0,0,0,2,7,10,0,0,0,0,0.3620483865982328,1.016688696406232,2.2065502722093666,0,0,0,0,0.36,1.02,2.21,FALSE,FALSE,RSVHub-hub-models,2026-05-20,RSVHub baseline model
District of Columbia,DC,0,wk inc rsv prop ed visits,prop_ed,2026-05-23,2026-05-23,RSVHub-baseline,0,0,0,3e-4,7.000000000000001e-4,0.0015300000000000042,0.003414999999999988,0,0,0,3e-4,7e-4,0.0015,0.0034,NA,NA,NA,NA,NA,NA,NA,NA,NA,NA,NA,NA,NA,NA,FALSE,FALSE,RSVHub-hub-models,2026-05-20,RSVHub baseline model
District of Columbia,DC,1,wk inc rsv prop ed visits,prop_ed,2026-05-23,2026-05-30,RSVHub-baseline,0,0,0,3e-4,0.0010999999999999996,0.0023,0.004219147691476918,0,0,0,3e-4,0.0011,0.0023,0.0042,NA,NA,NA,NA,NA,NA,NA,NA,NA,NA,NA,NA,NA,NA,FALSE,FALSE,RSVHub-hub-models,2026-05-20,RSVHub baseline model
District of Columbia,DC,2,wk inc rsv prop ed visits,prop_ed,2026-05-23,2026-06-06,RSVHub-baseline,0,0,0,2.999999999999999e-4,0.0013948014480144784,0.0029523010230102283,0.00495399923999241,0,0,0,3e-4,0.0014,0.003,0.005,NA,NA,NA,NA,NA,NA,NA,NA,NA,NA,NA,NA,NA,NA,FALSE,FALSE,RSVHub-hub-models,2026-05-20,RSVHub baseline model
District of Columbia,DC,0,wk inc rsv hosp,hosp,2026-05-23,2026-05-23,UGA_flucast-INFLAenza,0,0,0,0,1,2,3,0,0,0,0,1,2,3,0,0,0,0,0.14797737130038074,0.2959547426007615,0.4439321139011423,0,0,0,0,0.15,0.3,0.44,TRUE,FALSE,UGA_flucast,2026-05-20,INFLAenza
District of Columbia,DC,1,wk inc rsv hosp,hosp,2026-05-23,2026-05-30,UGA_flucast-INFLAenza,0,0,0,0,1,1,2,0,0,0,0,1,1,2,0,0,0,0,0.14797737130038074,0.14797737130038074,0.2959547426007615,0,0,0,0,0.15,0.15,0.3,TRUE,FALSE,UGA_flucast,2026-05-20,INFLAenza
District of Columbia,DC,2,wk inc rsv hosp,hosp,2026-05-23,2026-06-06,UGA_flucast-INFLAenza,0,0,0,0,1,1,2,0,0,0,0,1,1,2,0,0,0,0,0.14797737130038074,0.14797737130038074,0.2959547426007615,0,0,0,0,0.15,0.15,0.3,TRUE,FALSE,UGA_flucast,2026-05-20,INFLAenza
District of Columbia,DC,0,wk inc rsv prop ed visits,prop_ed,2026-05-23,2026-05-23,UGA_flucast-INFLAenza,6.505152024207343e-5,1.2745629268954645e-4,1.999892842987508e-4,3.0529138875769646e-4,4.4972164636296547e-4,6.033570829014409e-4,7.933379101851088e-4,6.5e-5,1.3e-4,2e-4,3.1e-4,4.5e-4,6e-4,7.9e-4,NA,NA,NA,NA,NA,NA,NA,NA,NA,NA,NA,NA,NA,NA,TRUE,FALSE,UGA_flucast,2026-05-20,INFLAenza
District of Columbia,DC,1,wk inc rsv prop ed visits,prop_ed,2026-05-23,2026-05-30,UGA_flucast-INFLAenza,4.898280589431385e-5,1.0252136686078229e-4,1.6796502776898983e-4,2.714011998034533e-4,4.067795400942806e-4,5.627039117865081e-4,7.64641176614402e-4,4.9e-5,1e-4,1.7e-4,2.7e-4,4.1e-4,5.6e-4,7.6e-4,NA,NA,NA,NA,NA,NA,NA,NA,NA,NA,NA,NA,NA,NA,TRUE,FALSE,UGA_flucast,2026-05-20,INFLAenza
District of Columbia,DC,2,wk inc rsv prop ed visits,prop_ed,2026-05-23,2026-06-06,UGA_flucast-INFLAenza,3.5077863438186593e-5,8.213250930761962e-5,1.4513721442763373e-4,2.4554752476097365e-4,3.8306621634409677e-4,5.487780173692564e-4,7.64419533608419e-4,3.5e-5,8.2e-5,1.5e-4,2.5e-4,3.8e-4,5.5e-4,7.6e-4,NA,NA,NA,NA,NA,NA,NA,NA,NA,NA,NA,NA,NA,NA,TRUE,FALSE,UGA_flucast,2026-05-20,INFLAenza
District of Columbia,DC,0,wk inc rsv hosp,hosp,2026-05-23,2026-05-23,RSVHub-ensemble,0,0,0,0,1,1.5,2.5,0,0,0,0,1,2,3,0,0,0,0,0.14797737130038074,0.22196605695057114,0.3699434282509519,0,0,0,0,0.15,0.22,0.37,FALSE,TRUE,RSVHub,2026-05-20,Ensemble using RSVHub forecast submissions
District of Columbia,DC,1,wk inc rsv hosp,hosp,2026-05-23,2026-05-30,RSVHub-ensemble,0,0,0,0,1,1.5,2,0,0,0,0,1,2,2,0,0,0,0,0.14797737130038074,0.22196605695057114,0.2959547426007615,0,0,0,0,0.15,0.22,0.3,FALSE,TRUE,RSVHub,2026-05-20,Ensemble using RSVHub forecast submissions
District of Columbia,DC,2,wk inc rsv hosp,hosp,2026-05-23,2026-06-06,RSVHub-ensemble,0,0,0,0,1,1,2,0,0,0,0,1,1,2,0,0,0,0,0.14797737130038074,0.14797737130038074,0.2959547426007615,0,0,0,0,0.15,0.15,0.3,FALSE,TRUE,RSVHub,2026-05-20,Ensemble using RSVHub forecast submissions
District of Columbia,DC,0,wk inc rsv prop ed visits,prop_ed,2026-05-23,2026-05-23,RSVHub-ensemble,3.2525760121036716e-05,6.372814634477322e-5,1.8275921803002118e-4,3.1844079913260646e-4,4.8656774575847215e-4,7.067526449349702e-4,9.695023028683085e-4,3.3e-5,6.4e-5,1.8e-4,3.2e-4,4.9e-4,7.1e-4,9.7e-4,NA,NA,NA,NA,NA,NA,NA,NA,NA,NA,NA,NA,NA,NA,FALSE,TRUE,RSVHub,2026-05-20,Ensemble using RSVHub forecast submissions
District of Columbia,DC,1,wk inc rsv prop ed visits,prop_ed,2026-05-23,2026-05-30,RSVHub-ensemble,2.4491402947156923e-5,5.1260683430391144e-5,1.572161556410009e-4,2.9261623706810385e-4,4.5532681757766717e-4,6.87281483815787e-4,0.0010161291781001088,2.4e-5,5.1e-5,1.6e-4,2.9e-4,4.6e-4,6.9e-4,0.001,NA,NA,NA,NA,NA,NA,NA,NA,NA,NA,NA,NA,NA,NA,FALSE,TRUE,RSVHub,2026-05-20,Ensemble using RSVHub forecast submissions
Florida,FL,0,wk inc rsv hosp,hosp,2026-05-23,2026-05-23,CEPH-Rtrend_rsv,32,40,50,64,79,94,112,30,40,50,60,80,90,110,0.14190188974294118,0.17737736217867647,0.2217217027233456,0.28380377948588237,0.35032029030288603,0.4168368011198897,0.49665661410029416,0.14,0.18,0.22,0.28,0.35,0.42,0.5,TRUE,FALSE,CEPH Lab at Indiana University,2026-05-20,Rtrend RSV
Florida,FL,1,wk inc rsv hosp,hosp,2026-05-23,2026-05-30,CEPH-Rtrend_rsv,19,26,35,48,64,80,103,20,30,40,50,60,80,100,0.08425424703487133,0.11529528541613972,0.1552051919063419,0.21285283461441176,0.28380377948588237,0.35475472435735295,0.4567467076100919,0.08,0.12,0.16,0.21,0.28,0.35,0.46,TRUE,FALSE,CEPH Lab at Indiana University,2026-05-20,Rtrend RSV
Florida,FL,2,wk inc rsv hosp,hosp,2026-05-23,2026-06-06,CEPH-Rtrend_rsv,11,16,23,35,51,67,91,10,20,20,40,50,70,90,0.04877877459913603,0.07095094487147059,0.10199198325273898,0.1552051919063419,0.2261561367778125,0.2971070816492831,0.40353349895648893,0.05,0.07,0.1,0.16,0.23,0.3,0.4,TRUE,FALSE,CEPH Lab at Indiana University,2026-05-20,Rtrend RSV
Florida,FL,0,wk inc rsv prop ed visits,prop_ed,2026-05-23,2026-05-23,CFA_Pyrenew-Pyrenew_E_RSV,5.607363740892892e-4,6.197057793303188e-4,6.719442571864435e-4,7.358212382895622e-4,8.098121266182721e-4,8.78839304589538e-4,9.76997037631734e-4,5.6e-4,6.2e-4,6.7e-4,7.4e-4,8.1e-4,8.8e-4,9.8e-4,NA,NA,NA,NA,NA,NA,NA,NA,NA,NA,NA,NA,NA,NA,TRUE,FALSE,Center for Forecasting and Outbreak Analytics (CFA/CDC) Pyrenew team,2026-05-20,Pyrenew_ED_Visits_RSV
Florida,FL,1,wk inc rsv prop ed visits,prop_ed,2026-05-23,2026-05-30,CFA_Pyrenew-Pyrenew_E_RSV,3.9662695579911457e-4,4.7234370122255047e-4,5.423752621521495e-4,6.318203157176752e-4,7.185971648921394e-4,8.307181544072003e-4,9.655881979738076e-4,4e-4,4.7e-4,5.4e-4,6.3e-4,7.2e-4,8.3e-4,9.7e-4,NA,NA,NA,NA,NA,NA,NA,NA,NA,NA,NA,NA,NA,NA,TRUE,FALSE,Center for Forecasting and Outbreak Analytics (CFA/CDC) Pyrenew team,2026-05-20,Pyrenew_ED_Visits_RSV
Florida,FL,0,wk inc rsv hosp,hosp,2026-05-23,2026-05-23,CFA_Pyrenew-Pyrenew_HE_RSV,47,58,66,76,88,100,114.02499999999986,50,60,70,80,90,100,110,0.20841840055994484,0.25719717515908086,0.2926726475948162,0.33701698813948533,0.39023019679308824,0.4434434054466912,0.505636343060589,0.21,0.26,0.29,0.34,0.39,0.44,0.51,TRUE,FALSE,Center for Forecasting and Outbreak Analytics (CFA/CDC) Pyrenew team,2026-05-20,Pyrenew_Hospital_Admissions_ED_Visits_RSV
Florida,FL,1,wk inc rsv hosp,hosp,2026-05-23,2026-05-30,CFA_Pyrenew-Pyrenew_HE_RSV,39,46,54,65,77,89,108,40,50,50,70,80,90,110,0.17294292812420958,0.20398396650547795,0.23945943894121324,0.2882382135403493,0.3414514221939522,0.39466463084755515,0.4789188778824265,0.17,0.2,0.24,0.29,0.34,0.39,0.48,TRUE,FALSE,Center for Forecasting and Outbreak Analytics (CFA/CDC) Pyrenew team,2026-05-20,Pyrenew_Hospital_Admissions_ED_Visits_RSV
Florida,FL,0,wk inc rsv prop ed visits,prop_ed,2026-05-23,2026-05-23,CFA_Pyrenew-Pyrenew_HE_RSV,5.356173304096056e-4,5.965382677988761e-4,6.444070293265924e-4,7.110628168351442e-4,7.836240449402273e-4,8.501867573888664e-4,9.334202452936272e-4,5.4e-4,6e-4,6.4e-4,7.1e-4,7.8e-4,8.5e-4,0.00093000000000000005,NA,NA,NA,NA,NA,NA,NA,NA,NA,NA,NA,NA,NA,NA,FALSE,FALSE,Center for Forecasting and Outbreak Analytics (CFA/CDC) Pyrenew team,2026-05-20,Pyrenew_Hospital_Admissions_ED_Visits_RSV
Florida,FL,1,wk inc rsv prop ed visits,prop_ed,2026-05-23,2026-05-30,CFA_Pyrenew-Pyrenew_HE_RSV,3.723826056987296e-4,4.384037570321029e-4,5.081128827213022e-4,5.893718051303088e-4,6.902876120524007e-4,7.908717536817453e-4,9.166959240309308e-4,3.7e-4,4.4e-4,5.1e-4,5.9e-4,6.9e-4,7.9e-4,9.2e-4,NA,NA,NA,NA,NA,NA,NA,NA,NA,NA,NA,NA,NA,NA,FALSE,FALSE,Center for Forecasting and Outbreak Analytics (CFA/CDC) Pyrenew team,2026-05-20,Pyrenew_Hospital_Admissions_ED_Visits_RSV
Florida,FL,0,wk inc rsv hosp,hosp,2026-05-23,2026-05-23,CFA_Pyrenew-Pyrenew_H_RSV,34,41,49,59,73,86,103,30,40,50,60,70,90,100,0.150770757851875,0.18181179623314336,0.21728726866887865,0.2616316092135478,0.3237136859760846,0.3813613286841544,0.4567467076100919,0.15,0.18,0.22,0.26,0.32,0.38,0.46,FALSE,FALSE,Center for Forecasting and Outbreak Analytics (CFA/CDC) Pyrenew team,2026-05-20,Pyrenew_Hospital_Admissions_RSV
Florida,FL,1,wk inc rsv hosp,hosp,2026-05-23,2026-05-30,CFA_Pyrenew-Pyrenew_H_RSV,18,25,34,46,63,79,101,20,30,30,50,60,80,100,0.07981981298040441,0.1108608513616728,0.150770757851875,0.20398396650547795,0.27936934543141545,0.35032029030288603,0.4478778395011581,0.08,0.11,0.15,0.2,0.28,0.35,0.45,FALSE,FALSE,Center for Forecasting and Outbreak Analytics (CFA/CDC) Pyrenew team,2026-05-20,Pyrenew_Hospital_Admissions_RSV
Florida,FL,0,wk inc rsv hosp,hosp,2026-05-23,2026-05-23,Google_SAI-RSVEns,28.5,51.5,57,68.5,82,103.5,147.5,30,50,60,70,80,100,150,0.126381370552307,0.22837335380504595,0.252762741104614,0.30375873273098347,0.3636235924662867,0.4589639246373254,0.6540790230338696,0.13,0.23,0.25,0.3,0.36,0.46,0.65,TRUE,FALSE,Google Science AI,2026-05-20,RSVEnsemble
Florida,FL,1,wk inc rsv hosp,hosp,2026-05-23,2026-05-30,Google_SAI-RSVEns,28.5,48,55,66,80.5,97.5,138,30,50,60,70,80,100,140,0.126381370552307,0.21285283461441176,0.24389387299568016,0.2926726475948162,0.3569719413845864,0.4323573203105239,0.6119518995164338,0.13,0.21,0.24,0.29,0.36,0.43,0.61,TRUE,FALSE,Google Science AI,2026-05-20,RSVEnsemble
Florida,FL,2,wk inc rsv hosp,hosp,2026-05-23,2026-06-06,Google_SAI-RSVEns,26,47.5,52.5,55.5,64.5,75,104.5,30,50,50,60,60,80,100,0.11529528541613972,0.2106356175871783,0.23280778785951287,0.24611109002291362,0.2860209965131158,0.33258255408501836,0.4633983586917923,0.12,0.21,0.23,0.25,0.29,0.33,0.46,TRUE,FALSE,Google Science AI,2026-05-20,RSVEnsemble
Florida,FL,0,wk inc rsv hosp,hosp,2026-05-23,2026-05-23,RSVHub-baseline,0,18.100000000000005,56,77,98,135.90000000000006,171.075,0,20,60,80,100,140,170,0,0.08026325638585113,0.24832830705014708,0.3414514221939522,0.4345745373377573,0.6026395880020536,0.7586208058679269,0,0.08,0.25,0.34,0.43,0.6,0.76,FALSE,FALSE,RSVHub-hub-models,2026-05-20,RSVHub baseline model
Florida,FL,1,wk inc rsv hosp,hosp,2026-05-23,2026-05-30,RSVHub-baseline,0,1.298553985539872,39.728849788497875,77,114.83452334523345,157.1762997629976,205.9325170751708,0,1,40,80,110,160,210,0,0.005758352015041742,0.17617496444691555,0.3414514221939522,0.5092261209505787,0.6969879362241361,0.9131941666402262,0,0.01,0.18,0.34,0.51,0.7,0.91,FALSE,FALSE,RSVHub-hub-models,2026-05-20,RSVHub baseline model
Florida,FL,2,wk inc rsv hosp,hosp,2026-05-23,2026-06-06,RSVHub-baseline,0,0,28.62970129701297,77,125.619876198762,173.65748557485585,232.73513385133836,0,0,30,80,130,170,230,0,0,0.12695652240068983,0.3414514221939522,0.5570530569337078,0.7700726678462373,1.0320486032212897,0,0,0.13,0.34,0.56,0.77,1.03,FALSE,FALSE,RSVHub-hub-models,2026-05-20,RSVHub baseline model
Florida,FL,0,wk inc rsv prop ed visits,prop_ed,2026-05-23,2026-05-23,RSVHub-baseline,0,2.999999999999999e-4,6.000000000000002e-4,8e-4,0.001,0.0013000000000000002,0.001700000000000001,0,3e-4,6e-4,8e-4,0.001,0.0013,0.0017,NA,NA,NA,NA,NA,NA,NA,NA,NA,NA,NA,NA,NA,NA,FALSE,FALSE,RSVHub-hub-models,2026-05-20,RSVHub baseline model
Florida,FL,1,wk inc rsv prop ed visits,prop_ed,2026-05-23,2026-05-30,RSVHub-baseline,0,9.999999999999994e-5,4.999999999999998e-4,8e-4,0.0011000000000000003,0.001568147681476814,0.0021000000000000003,0,1e-4,5e-4,8e-4,0.0011,0.0016,0.0021,NA,NA,NA,NA,NA,NA,NA,NA,NA,NA,NA,NA,NA,NA,FALSE,FALSE,RSVHub-hub-models,2026-05-20,RSVHub baseline model
Florida,FL,2,wk inc rsv prop ed visits,prop_ed,2026-05-23,2026-06-06,RSVHub-baseline,0,0,3.9999999999999953e-4,8e-4,0.001200000000000001,0.001700000000000001,0.0023750910759107575,0,0,4e-4,8e-4,0.0012,0.0017,0.0024,NA,NA,NA,NA,NA,NA,NA,NA,NA,NA,NA,NA,NA,NA,FALSE,FALSE,RSVHub-hub-models,2026-05-20,RSVHub baseline model
Florida,FL,0,wk inc rsv hosp,hosp,2026-05-23,2026-05-23,UGA_flucast-INFLAenza,19,27,36,49,67,89,119,20,30,40,50,70,90,120,0.08425424703487133,0.11972971947060662,0.15963962596080883,0.21728726866887865,0.2971070816492831,0.39466463084755515,0.5276976524815625,0.08,0.12,0.16,0.22,0.3,0.39,0.53,TRUE,FALSE,UGA_flucast,2026-05-20,INFLAenza
Florida,FL,1,wk inc rsv hosp,hosp,2026-05-23,2026-05-30,UGA_flucast-INFLAenza,11,18,25,36,53,73,105,10,20,30,40,50,70,110,0.04877877459913603,0.07981981298040441,0.1108608513616728,0.15963962596080883,0.23502500488674632,0.3237136859760846,0.46561557571902573,0.05,0.08,0.11,0.16,0.24,0.32,0.47,TRUE,FALSE,UGA_flucast,2026-05-20,INFLAenza
Florida,FL,2,wk inc rsv hosp,hosp,2026-05-23,2026-06-06,UGA_flucast-INFLAenza,7,12,18,27,42,62,90,7,10,20,30,40,60,90,0.031041038381268385,0.05321320865360294,0.07981981298040441,0.11972971947060662,0.18624623028761028,0.27493491137694853,0.3990990649020221,0.03,0.05,0.08,0.12,0.19,0.27,0.4,TRUE,FALSE,UGA_flucast,2026-05-20,INFLAenza
Florida,FL,0,wk inc rsv prop ed visits,prop_ed,2026-05-23,2026-05-23,UGA_flucast-INFLAenza,2.3062963637081413e-4,3.4483067671776474e-4,4.788684367974595e-4,6.6475232869996e-4,8.787173711771875e-4,0.001115932842092202,0.0014273704559544123,2.3e-4,3.4e-4,4.8e-4,6.6e-4,8.8e-4,0.0011,0.0014,NA,NA,NA,NA,NA,NA,NA,NA,NA,NA,NA,NA,NA,NA,TRUE,FALSE,UGA_flucast,2026-05-20,INFLAenza
Florida,FL,1,wk inc rsv prop ed visits,prop_ed,2026-05-23,2026-05-30,UGA_flucast-INFLAenza,1.7370611062507576e-4,2.7807983400785283e-4,3.9874955801891786e-4,5.805565353412776e-4,8.070213488276105e-4,0.001059005562142475,0.001412196761868952,1.7e-4,2.8e-4,4e-4,5.8e-4,8.1e-4,0.0011,0.0014,NA,NA,NA,NA,NA,NA,NA,NA,NA,NA,NA,NA,NA,NA,TRUE,FALSE,UGA_flucast,2026-05-20,INFLAenza
Florida,FL,2,wk inc rsv prop ed visits,prop_ed,2026-05-23,2026-06-06,UGA_flucast-INFLAenza,1.303090868411821e-4,2.3078573304953745e-4,3.480388141171055e-4,5.191439658613409e-4,7.505140109012756e-4,9.954184156859103e-4,0.0013789527909053036,1.3e-4,2.3e-4,3.5e-4,5.2e-4,7.5e-4,0.001,0.0014,NA,NA,NA,NA,NA,NA,NA,NA,NA,NA,NA,NA,NA,NA,TRUE,FALSE,UGA_flucast,2026-05-20,INFLAenza
Florida,FL,0,wk inc rsv hosp,hosp,2026-05-23,2026-05-23,RSVHub-ensemble,30.25,45.75,53.5,66.25,80.5,97,116.51249999999993,30,50,50,70,80,100,120,0.1341416301476241,0.2028753579918612,0.23724222191397978,0.2937812561084329,0.3569719413845864,0.4301401032832905,0.5166669977710758,0.13,0.2,0.24,0.29,0.36,0.43,0.52,FALSE,TRUE,RSVHub,2026-05-20,Ensemble using RSVHub forecast submissions
Florida,FL,1,wk inc rsv hosp,hosp,2026-05-23,2026-05-30,RSVHub-ensemble,23.75,36,44.5,56.5,70.5,84.5,106.5,20,40,40,60,70,80,110,0.10531780879358915,0.15963962596080883,0.19733231542377758,0.2505455240773805,0.3126276008399173,0.37470967760245405,0.4722672268007261,0.11,0.16,0.2,0.25,0.31,0.37,0.47,FALSE,TRUE,RSVHub,2026-05-20,Ensemble using RSVHub forecast submissions
Florida,FL,2,wk inc rsv hosp,hosp,2026-05-23,2026-06-06,RSVHub-ensemble,11,16,23,35,51,67,91,10,20,20,40,50,70,90,0.04877877459913603,0.07095094487147059,0.10199198325273898,0.1552051919063419,0.2261561367778125,0.2971070816492831,0.40353349895648893,0.05,0.07,0.1,0.16,0.23,0.3,0.4,FALSE,TRUE,RSVHub,2026-05-20,Ensemble using RSVHub forecast submissions
Florida,FL,0,wk inc rsv prop ed visits,prop_ed,2026-05-23,2026-05-23,RSVHub-ensemble,3.9568300523005166e-4,4.822682280240418e-4,5.754063469919515e-4,7.002867834947611e-4,8.442647488977298e-4,9.973860733408701e-4,0.001202183746793073,4e-4,4.8e-4,5.8e-4,7e-4,8.4e-4,0.001,0.0012,NA,NA,NA,NA,NA,NA,NA,NA,NA,NA,NA,NA,NA,NA,FALSE,TRUE,RSVHub,2026-05-20,Ensemble using RSVHub forecast submissions
Florida,FL,1,wk inc rsv prop ed visits,prop_ed,2026-05-23,2026-05-30,RSVHub-ensemble,2.8516653321209514e-4,3.752117676152016e-4,4.7056241008553367e-4,6.061884255294764e-4,7.628092568598749e-4,9.448618582748377e-4,0.0011888924799213798,2.9e-4,3.8e-4,4.7e-4,6.1e-4,7.6e-4,9.4e-4,0.0012,NA,NA,NA,NA,NA,NA,NA,NA,NA,NA,NA,NA,NA,NA,FALSE,TRUE,RSVHub,2026-05-20,Ensemble using RSVHub forecast submissions
Georgia,GA,0,wk inc rsv hosp,hosp,2026-05-23,2026-05-23,CEPH-Rtrend_rsv,5,9,14,20,29,40,51,5,9,10,20,30,40,50,0.04556901897284333,0.082024234151118,0.1275932531239613,0.18227607589137332,0.26430031004249127,0.36455215178274664,0.46480399352300195,0.05,0.08,0.13,0.18,0.26,0.36,0.46,TRUE,FALSE,CEPH Lab at Indiana University,2026-05-20,Rtrend RSV
Georgia,GA,1,wk inc rsv hosp,hosp,2026-05-23,2026-05-30,CEPH-Rtrend_rsv,3,6,10,17,28,42,61,3,6,10,20,30,40,60,0.027341411383705994,0.05468282276741199,0.09113803794568666,0.1549346645076673,0.2551865062479226,0.38277975937188397,0.5559420314686886,0.03,0.05,0.09,0.15,0.26,0.38,0.56,TRUE,FALSE,CEPH Lab at Indiana University,2026-05-20,Rtrend RSV
Georgia,GA,2,wk inc rsv hosp,hosp,2026-05-23,2026-06-06,CEPH-Rtrend_rsv,2,4,7,14,26,42,64,2,4,7,10,30,40,60,0.018227607589137333,0.036455215178274665,0.06379662656198065,0.1275932531239613,0.2369588986587853,0.38277975937188397,0.5832834428523946,0.02,0.04,0.06,0.13,0.24,0.38,0.58,TRUE,FALSE,CEPH Lab at Indiana University,2026-05-20,Rtrend RSV
Georgia,GA,0,wk inc rsv prop ed visits,prop_ed,2026-05-23,2026-05-23,CFA_Pyrenew-Pyrenew_E_RSV,2.6932297220020414e-4,3.321535991497306e-4,3.9677306353278174e-4,4.734610057963483e-4,5.630333757413018e-4,6.455983452614226e-4,7.555622596543945e-4,2.7e-4,3.3e-4,4e-4,4.7e-4,5.6e-4,6.5e-4,7.6e-4,NA,NA,NA,NA,NA,NA,NA,NA,NA,NA,NA,NA,NA,NA,TRUE,FALSE,Center for Forecasting and Outbreak Analytics (CFA/CDC) Pyrenew team,2026-05-20,Pyrenew_ED_Visits_RSV
Georgia,GA,1,wk inc rsv prop ed visits,prop_ed,2026-05-23,2026-05-30,CFA_Pyrenew-Pyrenew_E_RSV,2.049222678639896e-4,2.750493025625718e-4,3.38783585908466e-4,4.389236624039517e-4,5.688108108396834e-4,7.187579939295256e-4,9.470125706547884e-4,2e-4,2.8e-4,3.4e-4,4.4e-4,5.7e-4,7.2e-4,9.5e-4,NA,NA,NA,NA,NA,NA,NA,NA,NA,NA,NA,NA,NA,NA,TRUE,FALSE,Center for Forecasting and Outbreak Analytics (CFA/CDC) Pyrenew team,2026-05-20,Pyrenew_ED_Visits_RSV
Georgia,GA,0,wk inc rsv hosp,hosp,2026-05-23,2026-05-23,CFA_Pyrenew-Pyrenew_HE_RSV,11,14,18,22,26,31,36.024999999999864,10,10,20,20,30,30,40,0.10025184174025532,0.1275932531239613,0.164048468302236,0.20050368348051065,0.2369588986587853,0.2825279176316286,0.3283247816993349,0.1,0.13,0.16,0.2,0.24,0.28,0.33,TRUE,FALSE,Center for Forecasting and Outbreak Analytics (CFA/CDC) Pyrenew team,2026-05-20,Pyrenew_Hospital_Admissions_ED_Visits_RSV
Georgia,GA,1,wk inc rsv hosp,hosp,2026-05-23,2026-05-30,CFA_Pyrenew-Pyrenew_HE_RSV,8,11,14,19,24,31,41,8,10,10,20,20,30,40,0.07291043035654933,0.10025184174025532,0.1275932531239613,0.17316227209680463,0.21873129106964795,0.2825279176316286,0.37366595557731525,0.07,0.1,0.13,0.17,0.22,0.28,0.37,TRUE,FALSE,Center for Forecasting and Outbreak Analytics (CFA/CDC) Pyrenew team,2026-05-20,Pyrenew_Hospital_Admissions_ED_Visits_RSV
Georgia,GA,0,wk inc rsv prop ed visits,prop_ed,2026-05-23,2026-05-23,CFA_Pyrenew-Pyrenew_HE_RSV,2.5740248573495557e-4,3.087327547804303e-4,3.657349823478897e-4,4.356027788834103e-4,5.108756234155508e-4,5.93989641461184e-4,7.160561735718143e-4,2.6e-4,3.1e-4,3.7e-4,4.4e-4,5.1e-4,5.9e-4,7.2e-4,NA,NA,NA,NA,NA,NA,NA,NA,NA,NA,NA,NA,NA,NA,FALSE,FALSE,Center for Forecasting and Outbreak Analytics (CFA/CDC) Pyrenew team,2026-05-20,Pyrenew_Hospital_Admissions_ED_Visits_RSV
Georgia,GA,1,wk inc rsv prop ed visits,prop_ed,2026-05-23,2026-05-30,CFA_Pyrenew-Pyrenew_HE_RSV,1.7395552787249325e-4,2.3797804646002576e-4,3.0698796961077133e-4,3.959623935299558e-4,5.037509374580897e-4,6.323545042916169e-4,8.126648279245906e-4,1.7e-4,2.4e-4,3.1e-4,4e-4,5e-4,6.3e-4,8.1e-4,NA,NA,NA,NA,NA,NA,NA,NA,NA,NA,NA,NA,NA,NA,FALSE,FALSE,Center for Forecasting and Outbreak Analytics (CFA/CDC) Pyrenew team,2026-05-20,Pyrenew_Hospital_Admissions_ED_Visits_RSV
Georgia,GA,0,wk inc rsv hosp,hosp,2026-05-23,2026-05-23,CFA_Pyrenew-Pyrenew_H_RSV,6,9,12,16,20,25,32,6,9,10,20,20,30,30,0.05468282276741199,0.082024234151118,0.10936564553482397,0.14582086071309866,0.18227607589137332,0.22784509486421664,0.2916417214261973,0.05,0.08,0.11,0.15,0.18,0.23,0.29,FALSE,FALSE,Center for Forecasting and Outbreak Analytics (CFA/CDC) Pyrenew team,2026-05-20,Pyrenew_Hospital_Admissions_RSV
Georgia,GA,1,wk inc rsv hosp,hosp,2026-05-23,2026-05-30,CFA_Pyrenew-Pyrenew_H_RSV,4,6,8,13,18,24,35.024999999999864,4,6,8,10,20,20,40,0.036455215178274665,0.05468282276741199,0.07291043035654933,0.11847944932939265,0.164048468302236,0.21873129106964795,0.31921097790476627,0.04,0.05,0.07,0.12,0.16,0.22,0.32,FALSE,FALSE,Center for Forecasting and Outbreak Analytics (CFA/CDC) Pyrenew team,2026-05-20,Pyrenew_Hospital_Admissions_RSV
Georgia,GA,0,wk inc rsv hosp,hosp,2026-05-23,2026-05-23,Google_SAI-RSVEns,9,10.5,13,16,20,27.5,41,9,10,10,20,20,30,40,0.082024234151118,0.09569493984297099,0.11847944932939265,0.14582086071309866,0.18227607589137332,0.2506296043506383,0.37366595557731525,0.08,0.1,0.12,0.15,0.18,0.25,0.37,TRUE,FALSE,Google Science AI,2026-05-20,RSVEnsemble
Georgia,GA,1,wk inc rsv hosp,hosp,2026-05-23,2026-05-30,Google_SAI-RSVEns,7,8,12,14,17.5,23.5,36.5,7,8,10,10,20,20,40,0.06379662656198065,0.07291043035654933,0.10936564553482397,0.1275932531239613,0.15949156640495163,0.21417438917236362,0.3326538385017563,0.06,0.07,0.11,0.13,0.16,0.21,0.33,TRUE,FALSE,Google Science AI,2026-05-20,RSVEnsemble
Georgia,GA,2,wk inc rsv hosp,hosp,2026-05-23,2026-06-06,Google_SAI-RSVEns,5,8,10.5,12,15,22,35,5,8,10,10,20,20,40,0.04556901897284333,0.07291043035654933,0.09569493984297099,0.10936564553482397,0.13670705691852997,0.20050368348051065,0.31898313280990326,0.05,0.07,0.1,0.11,0.14,0.2,0.32,TRUE,FALSE,Google Science AI,2026-05-20,RSVEnsemble
Georgia,GA,0,wk inc rsv hosp,hosp,2026-05-23,2026-05-23,RSVHub-baseline,0,0,9.249999999999996,18,26.749999999999996,49,88.67499999999994,0,0,9,20,30,50,90,0,0,0.08430268509976012,0.164048468302236,0.24379425150471176,0.4465763859338646,0.8081665514833758,0,0,0.08,0.16,0.24,0.45,0.81,FALSE,FALSE,RSVHub-hub-models,2026-05-20,RSVHub baseline model
Georgia,GA,1,wk inc rsv hosp,hosp,2026-05-23,2026-05-30,RSVHub-baseline,0,0,3.3881588815888115,18,36.79967799677998,68.14425044250441,118.84825823258241,0,0,3,20,40,70,120,0,0,0.03087901527162563,0.164048468302236,0.3353850449659584,0.6210533282609342,1.0831597068579861,0,0,0.03,0.16,0.34,0.62,1.08,FALSE,FALSE,RSVHub-hub-models,2026-05-20,RSVHub baseline model
Georgia,GA,2,wk inc rsv hosp,hosp,2026-05-23,2026-06-06,RSVHub-baseline,0,0,0,18,45.71349213492134,82.05574655746567,141.72569600696008,0,0,0,20,50,80,140,0,0,0,0.164048468302236,0.4166237980822309,0.7478399743415953,1.2916601860561179,0,0,0,0.16,0.42,0.75,1.29,FALSE,FALSE,RSVHub-hub-models,2026-05-20,RSVHub baseline model
Georgia,GA,0,wk inc rsv prop ed visits,prop_ed,2026-05-23,2026-05-23,RSVHub-baseline,0,0,3.9999999999999975e-4,5e-4,6.000000000000003e-4,0.0010999999999999998,0.0018,0,0,4e-4,5e-4,6e-4,0.0011,0.0018,NA,NA,NA,NA,NA,NA,NA,NA,NA,NA,NA,NA,NA,NA,FALSE,FALSE,RSVHub-hub-models,2026-05-20,RSVHub baseline model
Georgia,GA,1,wk inc rsv prop ed visits,prop_ed,2026-05-23,2026-05-30,RSVHub-baseline,0,0,1.9999999999999998e-4,5e-4,8.999999999999994e-4,0.0014565558655586536,0.0020999999999999994,0,0,2e-4,5e-4,9e-4,0.0015,0.0021,NA,NA,NA,NA,NA,NA,NA,NA,NA,NA,NA,NA,NA,NA,FALSE,FALSE,RSVHub-hub-models,2026-05-20,RSVHub baseline model
Georgia,GA,2,wk inc rsv prop ed visits,prop_ed,2026-05-23,2026-06-06,RSVHub-baseline,0,0,9.999999999999969e-5,5e-4,0.0010000000000000005,0.0016935950359503584,0.0024000000000000002,0,0,1e-4,5e-4,0.001,0.0017,0.0024,NA,NA,NA,NA,NA,NA,NA,NA,NA,NA,NA,NA,NA,NA,FALSE,FALSE,RSVHub-hub-models,2026-05-20,RSVHub baseline model
Georgia,GA,0,wk inc rsv hosp,hosp,2026-05-23,2026-05-23,UM-DeepOutbreak,0,0,0,18.822851541666644,43.91638438293653,81.17544970082858,158.123025375,0,0,0,20,40,80,160,0,0,0,0.17154777580504413,0.400245310632943,0.7398171215092294,1.4411022286713522,0,0,0,0.17,0.4,0.74,1.44,TRUE,FALSE,"University of Michigan, Computer Science and Engineering",2026-05-20,DeepOutbreak
Georgia,GA,1,wk inc rsv hosp,hosp,2026-05-23,2026-05-30,UM-DeepOutbreak,0,0,0,18.22322231666668,38.821192671555565,141.61768609597777,225.34969704166676,0,0,0,20,40,140,230,0,0,0,0.16608287269890518,0.35380873307970434,1.2906758049195564,2.0537929240032415,0,0,0,0.17,0.35,1.29,2.05,TRUE,FALSE,"University of Michigan, Computer Science and Engineering",2026-05-20,DeepOutbreak
Georgia,GA,2,wk inc rsv hosp,hosp,2026-05-23,2026-06-06,UM-DeepOutbreak,0,0,0,17.591948294999995,113.45724807601992,158.42300805827335,264.3736089041666,0,0,0,20,110,160,260,0,0,0,0.1603295651248267,1.0340270980365487,1.4438362119884738,2.4094492000146057,0,0,0,0.16,1.03,1.44,2.41,TRUE,FALSE,"University of Michigan, Computer Science and Engineering",2026-05-20,DeepOutbreak
Georgia,GA,0,wk inc rsv hosp,hosp,2026-05-23,2026-05-23,UGA_flucast-INFLAenza,4,7,10,15,21,28,37,4,7,10,20,20,30,40,0.036455215178274665,0.06379662656198065,0.09113803794568666,0.13670705691852997,0.19138987968594198,0.2551865062479226,0.3372107403990406,0.04,0.06,0.09,0.14,0.19,0.26,0.34,TRUE,FALSE,UGA_flucast,2026-05-20,INFLAenza
Georgia,GA,1,wk inc rsv hosp,hosp,2026-05-23,2026-05-30,UGA_flucast-INFLAenza,2,4,7,11,16,23,34,2,4,7,10,20,20,30,0.018227607589137333,0.036455215178274665,0.06379662656198065,0.10025184174025532,0.14582086071309866,0.20961748727507928,0.3098693290153346,0.02,0.04,0.06,0.1,0.15,0.21,0.31,TRUE,FALSE,UGA_flucast,2026-05-20,INFLAenza
Georgia,GA,2,wk inc rsv hosp,hosp,2026-05-23,2026-06-06,UGA_flucast-INFLAenza,1,3,5,8,13,20,31,1,3,5,8,10,20,30,0.009113803794568666,0.027341411383705994,0.04556901897284333,0.07291043035654933,0.11847944932939265,0.18227607589137332,0.2825279176316286,0.01,0.03,0.05,0.07,0.12,0.18,0.28,TRUE,FALSE,UGA_flucast,2026-05-20,INFLAenza
Georgia,GA,0,wk inc rsv prop ed visits,prop_ed,2026-05-23,2026-05-23,UGA_flucast-INFLAenza,9.601442480826523e-5,1.6801573493354835e-4,2.4736606820614207e-4,3.669489725104642e-4,5.285054637059202e-4,6.917370747864473e-4,9.020213194995651e-4,9.6e-5,1.7e-4,2.5e-4,3.7e-4,5.3e-4,6.9e-4,9e-4,NA,NA,NA,NA,NA,NA,NA,NA,NA,NA,NA,NA,NA,NA,TRUE,FALSE,UGA_flucast,2026-05-20,INFLAenza
Georgia,GA,1,wk inc rsv prop ed visits,prop_ed,2026-05-23,2026-05-30,UGA_flucast-INFLAenza,6.65060113099007e-5,1.2631730358461118e-4,2.085182510849895e-4,3.289605970247416e-4,4.850463510705095e-4,6.585632063691105e-4,9.002032785926925e-4,6.7e-5,1.3e-4,2.1e-4,3.3e-4,4.9e-4,6.6e-4,9e-4,NA,NA,NA,NA,NA,NA,NA,NA,NA,NA,NA,NA,NA,NA,TRUE,FALSE,UGA_flucast,2026-05-20,INFLAenza
Georgia,GA,2,wk inc rsv prop ed visits,prop_ed,2026-05-23,2026-06-06,UGA_flucast-INFLAenza,5.15531520212226e-5,1.0751513338214795e-4,1.8122586012210928e-4,2.98857923581312e-4,4.566760441533862e-4,6.344689985202209e-4,8.71118574895895e-4,5.2e-5,1.1e-4,1.8e-4,3e-4,4.6e-4,6.3e-4,8.7e-4,NA,NA,NA,NA,NA,NA,NA,NA,NA,NA,NA,NA,NA,NA,TRUE,FALSE,UGA_flucast,2026-05-20,INFLAenza
Georgia,GA,0,wk inc rsv hosp,hosp,2026-05-23,2026-05-23,RSVHub-ensemble,5,9,13,18.822851541666644,26,31,41,5,9,10,20,30,30,40,0.04556901897284333,0.082024234151118,0.11847944932939265,0.17154777580504413,0.2369588986587853,0.2825279176316286,0.37366595557731525,0.05,0.08,0.12,0.17,0.24,0.28,0.37,FALSE,TRUE,RSVHub,2026-05-20,Ensemble using RSVHub forecast submissions
Georgia,GA,1,wk inc rsv hosp,hosp,2026-05-23,2026-05-30,RSVHub-ensemble,3,6,10,17,24,31,41,3,6,10,20,20,30,40,0.027341411383705994,0.05468282276741199,0.09113803794568666,0.1549346645076673,0.21873129106964795,0.2825279176316286,0.37366595557731525,0.03,0.05,0.09,0.15,0.22,0.28,0.37,FALSE,TRUE,RSVHub,2026-05-20,Ensemble using RSVHub forecast submissions
Georgia,GA,2,wk inc rsv hosp,hosp,2026-05-23,2026-06-06,RSVHub-ensemble,1.5,3.5,6,13,20.5,32,49.5,2,4,6,10,20,30,50,0.013670705691852997,0.031898313280990326,0.05468282276741199,0.11847944932939265,0.18683297778865762,0.2916417214261973,0.4511332878311489,0.01,0.03,0.05,0.12,0.19,0.29,0.45,FALSE,TRUE,RSVHub,2026-05-20,Ensemble using RSVHub forecast submissions
Georgia,GA,0,wk inc rsv prop ed visits,prop_ed,2026-05-23,2026-05-23,RSVHub-ensemble,1.8266869850423468e-4,2.500846670416395e-4,3.220695658694619e-4,4.202049891534063e-4,5.45769419723611e-4,6.68667710023935e-4,8.287917895769798e-4,1.8e-4,2.5e-4,3.2e-4,4.2e-4,5.5e-4,6.7e-4,8.3e-4,NA,NA,NA,NA,NA,NA,NA,NA,NA,NA,NA,NA,NA,NA,FALSE,TRUE,RSVHub,2026-05-20,Ensemble using RSVHub forecast submissions
Georgia,GA,1,wk inc rsv prop ed visits,prop_ed,2026-05-23,2026-05-30,RSVHub-ensemble,1.3571413958694516e-4,2.006833030735915e-4,2.7365091849672774e-4,3.8394212971434665e-4,5.269285809550964e-4,6.886606001493181e-4,9.236079246237404e-4,1.4e-4,2e-4,2.7e-4,3.8e-4,5.3e-4,6.9e-4,9.2e-4,NA,NA,NA,NA,NA,NA,NA,NA,NA,NA,NA,NA,NA,NA,FALSE,TRUE,RSVHub,2026-05-20,Ensemble using RSVHub forecast submissions
Hawaii,HI,0,wk inc rsv hosp,hosp,2026-05-23,2026-05-23,CEPH-Rtrend_rsv,7,8,9,11,13,15,17,7,8,9,10,10,20,20,0.5018334844807995,0.5735239822637709,0.6452144800467422,0.7885954756126848,0.9319764711786277,1.0753574667445702,1.2187384623105129,0.5,0.57,0.65,0.79,0.93,1.08,1.22,TRUE,FALSE,CEPH Lab at Indiana University,2026-05-20,Rtrend RSV
Hawaii,HI,1,wk inc rsv hosp,hosp,2026-05-23,2026-05-30,CEPH-Rtrend_rsv,6,7,9,11,14,17,21,6,7,9,10,10,20,20,0.43014298669782813,0.5018334844807995,0.6452144800467422,0.7885954756126848,1.003666968961599,1.2187384623105129,1.5055004534423984,0.43,0.5,0.65,0.79,1,1.22,1.51,TRUE,FALSE,CEPH Lab at Indiana University,2026-05-20,Rtrend RSV
Hawaii,HI,2,wk inc rsv hosp,hosp,2026-05-23,2026-06-06,CEPH-Rtrend_rsv,5,6,8,11,15,19,24,5,6,8,10,20,20,20,0.3584524889148568,0.43014298669782813,0.5735239822637709,0.7885954756126848,1.0753574667445702,1.3621194578764557,1.7205719467913125,0.36,0.43,0.57,0.79,1.08,1.36,1.72,TRUE,FALSE,CEPH Lab at Indiana University,2026-05-20,Rtrend RSV
Hawaii,HI,0,wk inc rsv prop ed visits,prop_ed,2026-05-23,2026-05-23,CFA_Pyrenew-Pyrenew_E_RSV,0.0012436787559733972,0.0016195817462399849,0.0019799040067848984,0.00243526657060734,0.0029210638455173365,0.0034518353147851987,0.004086699297198817,0.0012,0.0016,0.002,0.0024,0.0029,0.0035,0.0041,NA,NA,NA,NA,NA,NA,NA,NA,NA,NA,NA,NA,NA,NA,TRUE,FALSE,Center for Forecasting and Outbreak Analytics (CFA/CDC) Pyrenew team,2026-05-20,Pyrenew_ED_Visits_RSV
Hawaii,HI,1,wk inc rsv prop ed visits,prop_ed,2026-05-23,2026-05-30,CFA_Pyrenew-Pyrenew_E_RSV,9.989712621191436e-4,0.0013335982650830233,0.0017298023684493393,0.0022696927213306387,0.002912172978304129,0.003575487336908995,0.004432709703460675,0.001,0.0013,0.0017,0.0023,0.0029,0.0036,0.0044,NA,NA,NA,NA,NA,NA,NA,NA,NA,NA,NA,NA,NA,NA,TRUE,FALSE,Center for Forecasting and Outbreak Analytics (CFA/CDC) Pyrenew team,2026-05-20,Pyrenew_ED_Visits_RSV
Hawaii,HI,0,wk inc rsv hosp,hosp,2026-05-23,2026-05-23,CFA_Pyrenew-Pyrenew_HE_RSV,2,4,6,8.5,12,16,21,2,4,6,9,10,20,20,0.14338099556594272,0.28676199113188544,0.43014298669782813,0.6093692311552564,0.8602859733956563,1.1470479645275418,1.5055004534423984,0.14,0.29,0.43,0.61,0.86,1.15,1.51,TRUE,FALSE,Center for Forecasting and Outbreak Analytics (CFA/CDC) Pyrenew team,2026-05-20,Pyrenew_Hospital_Admissions_ED_Visits_RSV
Hawaii,HI,1,wk inc rsv hosp,hosp,2026-05-23,2026-05-30,CFA_Pyrenew-Pyrenew_HE_RSV,1,3,5,8,11,16,22,1,3,5,8,10,20,20,0.07169049778297136,0.21507149334891407,0.3584524889148568,0.5735239822637709,0.7885954756126848,1.1470479645275418,1.5771909512253697,0.07,0.22,0.36,0.57,0.79,1.15,1.58,TRUE,FALSE,Center for Forecasting and Outbreak Analytics (CFA/CDC) Pyrenew team,2026-05-20,Pyrenew_Hospital_Admissions_ED_Visits_RSV
Hawaii,HI,0,wk inc rsv prop ed visits,prop_ed,2026-05-23,2026-05-23,CFA_Pyrenew-Pyrenew_HE_RSV,0.0013016370722225717,0.0016341539592450625,0.0019867974798141977,0.002454476461284099,0.002937018756894686,0.0034738430605443706,0.004014278424770049,0.0013,0.0016,0.002,0.0025,0.0029,0.0035,0.004,NA,NA,NA,NA,NA,NA,NA,NA,NA,NA,NA,NA,NA,NA,FALSE,FALSE,Center for Forecasting and Outbreak Analytics (CFA/CDC) Pyrenew team,2026-05-20,Pyrenew_Hospital_Admissions_ED_Visits_RSV
Hawaii,HI,1,wk inc rsv prop ed visits,prop_ed,2026-05-23,2026-05-30,CFA_Pyrenew-Pyrenew_HE_RSV,9.561445810080918e-4,0.0013442179600573023,0.0017625963029536404,0.0023025928924273664,0.0029536443632992206,0.003620046094029419,0.004719848409147545,9.6e-4,0.0013,0.0018,0.0023,0.003,0.0036,0.0047,NA,NA,NA,NA,NA,NA,NA,NA,NA,NA,NA,NA,NA,NA,FALSE,FALSE,Center for Forecasting and Outbreak Analytics (CFA/CDC) Pyrenew team,2026-05-20,Pyrenew_Hospital_Admissions_ED_Visits_RSV
Hawaii,HI,0,wk inc rsv hosp,hosp,2026-05-23,2026-05-23,CFA_Pyrenew-Pyrenew_H_RSV,3,5,8,11,15,20,27,3,5,8,10,20,20,30,0.21507149334891407,0.3584524889148568,0.5735239822637709,0.7885954756126848,1.0753574667445702,1.4338099556594273,1.9356434401402265,0.22,0.36,0.57,0.79,1.08,1.43,1.94,FALSE,FALSE,Center for Forecasting and Outbreak Analytics (CFA/CDC) Pyrenew team,2026-05-20,Pyrenew_Hospital_Admissions_RSV
Hawaii,HI,1,wk inc rsv hosp,hosp,2026-05-23,2026-05-30,CFA_Pyrenew-Pyrenew_H_RSV,2,5,8,12,19,29,47,2,5,8,10,20,30,50,0.14338099556594272,0.3584524889148568,0.5735239822637709,0.8602859733956563,1.3621194578764557,2.0790244357061693,3.369453395799654,0.14,0.36,0.57,0.86,1.36,2.08,3.37,FALSE,FALSE,Center for Forecasting and Outbreak Analytics (CFA/CDC) Pyrenew team,2026-05-20,Pyrenew_Hospital_Admissions_RSV
Hawaii,HI,0,wk inc rsv hosp,hosp,2026-05-23,2026-05-23,Google_SAI-RSVEns,2.5,3.5,5.5,7,9.5,12.5,14,3,4,6,7,10,10,10,0.1792262444574284,0.2509167422403997,0.3942977378063424,0.5018334844807995,0.6810597289382279,0.8961312222871419,1.003666968961599,0.18,0.25,0.39,0.5,0.68,0.9,1,TRUE,FALSE,Google Science AI,2026-05-20,RSVEnsemble
Hawaii,HI,1,wk inc rsv hosp,hosp,2026-05-23,2026-05-30,Google_SAI-RSVEns,2,2.5,4.5,6,7.5,9,11,2,3,5,6,8,9,10,0.14338099556594272,0.1792262444574284,0.3226072400233711,0.43014298669782813,0.5376787333722851,0.6452144800467422,0.7885954756126848,0.14,0.18,0.32,0.43,0.54,0.65,0.79,TRUE,FALSE,Google Science AI,2026-05-20,RSVEnsemble
Hawaii,HI,2,wk inc rsv hosp,hosp,2026-05-23,2026-06-06,Google_SAI-RSVEns,1,2,3,5,7,8.5,11,1,2,3,5,7,9,10,0.07169049778297136,0.14338099556594272,0.21507149334891407,0.3584524889148568,0.5018334844807995,0.6093692311552564,0.7885954756126848,0.07,0.14,0.22,0.36,0.5,0.61,0.79,TRUE,FALSE,Google Science AI,2026-05-20,RSVEnsemble
Hawaii,HI,0,wk inc rsv hosp,hosp,2026-05-23,2026-05-23,RSVHub-baseline,0,3.700000000000003,7,10,13,16.30000000000002,21.299999999999976,0,4,7,10,10,20,20,0,0.2652548417969942,0.5018334844807995,0.7169049778297136,0.9319764711786277,1.1685551138624344,1.527007602777288,0,0.27,0.5,0.72,0.93,1.17,1.53,FALSE,FALSE,RSVHub-hub-models,2026-05-20,RSVHub baseline model
Hawaii,HI,1,wk inc rsv hosp,hosp,2026-05-23,2026-05-30,RSVHub-baseline,0,0.5565125651256495,5,10,15,20,28.316930669306704,0,1,5,10,20,20,30,0,0.039896662816336075,0.3584524889148568,0.7169049778297136,1.0753574667445702,1.4338099556594273,2.030054855368486,0,0.04,0.36,0.72,1.08,1.43,2.03,FALSE,FALSE,RSVHub-hub-models,2026-05-20,RSVHub baseline model
Hawaii,HI,2,wk inc rsv hosp,hosp,2026-05-23,2026-06-06,RSVHub-baseline,0,0,4,10,16,22.949359493594965,32.6745539955399,0,0,4,10,20,20,30,0,0,0.28676199113188544,0.7169049778297136,1.1470479645275418,1.6452510058961825,2.342455040776831,0,0,0.29,0.72,1.15,1.65,2.34,FALSE,FALSE,RSVHub-hub-models,2026-05-20,RSVHub baseline model
Hawaii,HI,0,wk inc rsv prop ed visits,prop_ed,2026-05-23,2026-05-23,RSVHub-baseline,2.424999999999995e-4,0.0015,0.002025,0.0024,0.0027749999999999984,0.0032999999999999995,0.004557499999999994,2.4e-4,0.0015,0.002,0.0024,0.0028,0.0033,0.0046,NA,NA,NA,NA,NA,NA,NA,NA,NA,NA,NA,NA,NA,NA,FALSE,FALSE,RSVHub-hub-models,2026-05-20,RSVHub baseline model
Hawaii,HI,1,wk inc rsv prop ed visits,prop_ed,2026-05-23,2026-05-30,RSVHub-baseline,0,8.000000000000004e-4,0.0017000000000000001,0.0024,0.0030999999999999995,0.004,0.005388980664806656,0,8e-4,0.0017,0.0024,0.0031,0.004,0.0054,NA,NA,NA,NA,NA,NA,NA,NA,NA,NA,NA,NA,NA,NA,FALSE,FALSE,RSVHub-hub-models,2026-05-20,RSVHub baseline model
Hawaii,HI,2,wk inc rsv prop ed visits,prop_ed,2026-05-23,2026-06-06,RSVHub-baseline,0,4.000000000000002e-4,0.0014999999999999996,0.0024,0.0033,0.0044,0.006116142261422605,0,4e-4,0.0015,0.0024,0.0033,0.0044,0.0061,NA,NA,NA,NA,NA,NA,NA,NA,NA,NA,NA,NA,NA,NA,FALSE,FALSE,RSVHub-hub-models,2026-05-20,RSVHub baseline model
Hawaii,HI,0,wk inc rsv hosp,hosp,2026-05-23,2026-05-23,UGA_flucast-INFLAenza,0,1,2,4,6,9,13,0,1,2,4,6,9,10,0,0.07169049778297136,0.14338099556594272,0.28676199113188544,0.43014298669782813,0.6452144800467422,0.9319764711786277,0,0.07,0.14,0.29,0.43,0.65,0.93,TRUE,FALSE,UGA_flucast,2026-05-20,INFLAenza
Hawaii,HI,1,wk inc rsv hosp,hosp,2026-05-23,2026-05-30,UGA_flucast-INFLAenza,0,1,2,3,5,7,11,0,1,2,3,5,7,10,0,0.07169049778297136,0.14338099556594272,0.21507149334891407,0.3584524889148568,0.5018334844807995,0.7885954756126848,0,0.07,0.14,0.22,0.36,0.5,0.79,TRUE,FALSE,UGA_flucast,2026-05-20,INFLAenza
Hawaii,HI,2,wk inc rsv hosp,hosp,2026-05-23,2026-06-06,UGA_flucast-INFLAenza,0,0,1,2,4,6,10,0,0,1,2,4,6,10,0,0,0.07169049778297136,0.14338099556594272,0.28676199113188544,0.43014298669782813,0.7169049778297136,0,0,0.07,0.14,0.29,0.43,0.72,TRUE,FALSE,UGA_flucast,2026-05-20,INFLAenza
Hawaii,HI,0,wk inc rsv prop ed visits,prop_ed,2026-05-23,2026-05-23,UGA_flucast-INFLAenza,8.621227623045037e-4,0.0011398440357652275,0.001424587340114437,0.00178485792848194,0.002189213955141465,0.0026237885228814193,0.003206692336986761,8.6e-4,0.0011,0.0014,0.0018,0.0022,0.0026,0.0032,NA,NA,NA,NA,NA,NA,NA,NA,NA,NA,NA,NA,NA,NA,TRUE,FALSE,UGA_flucast,2026-05-20,INFLAenza
Hawaii,HI,1,wk inc rsv prop ed visits,prop_ed,2026-05-23,2026-05-30,UGA_flucast-INFLAenza,6.335930089361692e-4,8.789966793100489e-4,0.0011450549829041745,0.0015183913305104046,0.001974717108940184,0.002447006618765566,0.003105031458603255,6.3e-4,8.8e-4,0.0011,0.0015,0.002,0.0024,0.0031,NA,NA,NA,NA,NA,NA,NA,NA,NA,NA,NA,NA,NA,NA,TRUE,FALSE,UGA_flucast,2026-05-20,INFLAenza
Hawaii,HI,2,wk inc rsv prop ed visits,prop_ed,2026-05-23,2026-06-06,UGA_flucast-INFLAenza,4.820596422012279e-4,7.134469515077271e-4,9.742068554537647e-4,0.001337724348151696,0.0018051771512060718,0.0022888164953019925,0.0030431405032417405,4.8e-4,7.1e-4,9.7e-4,0.0013,0.0018,0.0023,0.003,NA,NA,NA,NA,NA,NA,NA,NA,NA,NA,NA,NA,NA,NA,TRUE,FALSE,UGA_flucast,2026-05-20,INFLAenza
Hawaii,HI,0,wk inc rsv hosp,hosp,2026-05-23,2026-05-23,RSVHub-ensemble,2.25,3.75,5.75,7.75,10.75,13.75,15.5,2,4,6,8,10,10,20,0.16130362001168555,0.26883936668614256,0.4122203622520853,0.555601357818028,0.7706728511669421,0.9857443445158561,1.111202715636056,0.16,0.27,0.41,0.56,0.77,0.99,1.11,FALSE,TRUE,RSVHub,2026-05-20,Ensemble using RSVHub forecast submissions
Hawaii,HI,1,wk inc rsv hosp,hosp,2026-05-23,2026-05-30,RSVHub-ensemble,1.5,2.75,4.75,7,9.25,12.5,16,2,3,5,7,9,10,20,0.10753574667445703,0.1971488689031712,0.34052986446911393,0.5018334844807995,0.663137104492485,0.8961312222871419,1.1470479645275418,0.11,0.2,0.34,0.5,0.66,0.9,1.15,FALSE,TRUE,RSVHub,2026-05-20,Ensemble using RSVHub forecast submissions
Hawaii,HI,2,wk inc rsv hosp,hosp,2026-05-23,2026-06-06,RSVHub-ensemble,1,2,3,5,7,8.5,11,1,2,3,5,7,9,10,0.07169049778297136,0.14338099556594272,0.21507149334891407,0.3584524889148568,0.5018334844807995,0.6093692311552564,0.7885954756126848,0.07,0.14,0.22,0.36,0.5,0.61,0.79,FALSE,TRUE,RSVHub,2026-05-20,Ensemble using RSVHub forecast submissions
Hawaii,HI,0,wk inc rsv prop ed visits,prop_ed,2026-05-23,2026-05-23,RSVHub-ensemble,0.0010529007591389503,0.0013797128910026063,0.0017022456734496678,0.00211006224954464,0.0025551389003294006,0.003037811918833309,0.003646695817092789,0.0011,0.0014,0.0017,0.0021,0.0026,0.003,0.0036,NA,NA,NA,NA,NA,NA,NA,NA,NA,NA,NA,NA,NA,NA,FALSE,TRUE,RSVHub,2026-05-20,Ensemble using RSVHub forecast submissions
Hawaii,HI,1,wk inc rsv prop ed visits,prop_ed,2026-05-23,2026-05-30,RSVHub-ensemble,8.162821355276564e-4,0.0011062974721965362,0.0014374286756767569,0.0018940420259205217,0.0024434450436221565,0.0030112469778372803,0.0037688705810319653,8.2e-4,0.0011,0.0014,0.0019,0.0024,0.003,0.0038,NA,NA,NA,NA,NA,NA,NA,NA,NA,NA,NA,NA,NA,NA,FALSE,TRUE,RSVHub,2026-05-20,Ensemble using RSVHub forecast submissions
Idaho,ID,0,wk inc rsv hosp,hosp,2026-05-23,2026-05-23,CEPH-Rtrend_rsv,2,3,4,5,6,8,10,2,3,4,5,6,8,10,0.10197801659896177,0.15296702489844263,0.20395603319792355,0.25494504149740443,0.30593404979688527,0.4079120663958471,0.5098900829948089,0.1,0.15,0.2,0.25,0.31,0.41,0.51,TRUE,FALSE,CEPH Lab at Indiana University,2026-05-20,Rtrend RSV
Idaho,ID,1,wk inc rsv hosp,hosp,2026-05-23,2026-05-30,CEPH-Rtrend_rsv,1,2,2,4,5,7,10,1,2,2,4,5,7,10,0.05098900829948089,0.10197801659896177,0.10197801659896177,0.20395603319792355,0.25494504149740443,0.35692305809636615,0.5098900829948089,0.05,0.1,0.1,0.2,0.25,0.36,0.51,TRUE,FALSE,CEPH Lab at Indiana University,2026-05-20,Rtrend RSV
Idaho,ID,2,wk inc rsv hosp,hosp,2026-05-23,2026-06-06,CEPH-Rtrend_rsv,0,1,1,3,4,7,10,0,1,1,3,4,7,10,0,0.05098900829948089,0.05098900829948089,0.15296702489844263,0.20395603319792355,0.35692305809636615,0.5098900829948089,0,0.05,0.05,0.15,0.2,0.36,0.51,TRUE,FALSE,CEPH Lab at Indiana University,2026-05-20,Rtrend RSV
Idaho,ID,0,wk inc rsv prop ed visits,prop_ed,2026-05-23,2026-05-23,CFA_Pyrenew-Pyrenew_E_RSV,1.5768399258276372e-4,3.141916886926322e-4,4.627979799398284e-4,6.770719796214794e-4,8.994995683397057e-4,0.0011319354217400148,0.0014109707682419183,1.6e-4,3.1e-4,4.6e-4,6.8e-4,9e-4,0.0011,0.0014,NA,NA,NA,NA,NA,NA,NA,NA,NA,NA,NA,NA,NA,NA,TRUE,FALSE,Center for Forecasting and Outbreak Analytics (CFA/CDC) Pyrenew team,2026-05-20,Pyrenew_ED_Visits_RSV
Idaho,ID,1,wk inc rsv prop ed visits,prop_ed,2026-05-23,2026-05-30,CFA_Pyrenew-Pyrenew_E_RSV,7.636130684527584e-5,2.2161281988164114e-4,3.1326788372389224e-4,5.103807241276485e-4,7.207951066280086e-4,9.992006913126393e-4,0.001342130489336662,7.6e-5,2.2e-4,3.1e-4,5.1e-4,7.2e-4,0.001,0.0013,NA,NA,NA,NA,NA,NA,NA,NA,NA,NA,NA,NA,NA,NA,TRUE,FALSE,Center for Forecasting and Outbreak Analytics (CFA/CDC) Pyrenew team,2026-05-20,Pyrenew_ED_Visits_RSV
Idaho,ID,0,wk inc rsv hosp,hosp,2026-05-23,2026-05-23,CFA_Pyrenew-Pyrenew_HE_RSV,1,3,4,5,7,9,11,1,3,4,5,7,9,10,0.05098900829948089,0.15296702489844263,0.20395603319792355,0.25494504149740443,0.35692305809636615,0.4589010746953279,0.5608790912942897,0.05,0.15,0.2,0.25,0.36,0.46,0.56,TRUE,FALSE,Center for Forecasting and Outbreak Analytics (CFA/CDC) Pyrenew team,2026-05-20,Pyrenew_Hospital_Admissions_ED_Visits_RSV
Idaho,ID,1,wk inc rsv hosp,hosp,2026-05-23,2026-05-30,CFA_Pyrenew-Pyrenew_HE_RSV,1,2,3,4,6,8,10,1,2,3,4,6,8,10,0.05098900829948089,0.10197801659896177,0.15296702489844263,0.20395603319792355,0.30593404979688527,0.4079120663958471,0.5098900829948089,0.05,0.1,0.15,0.2,0.31,0.41,0.51,TRUE,FALSE,Center for Forecasting and Outbreak Analytics (CFA/CDC) Pyrenew team,2026-05-20,Pyrenew_Hospital_Admissions_ED_Visits_RSV
Idaho,ID,0,wk inc rsv prop ed visits,prop_ed,2026-05-23,2026-05-23,CFA_Pyrenew-Pyrenew_HE_RSV,1.5764742286897035e-4,3.0378020323483675e-4,4.507756881121667e-4,6.090617625132133e-4,8.190849496996185e-4,0.0010226523121272238,0.0012700964891440764,1.6e-4,3e-4,4.5e-4,6.1e-4,8.2e-4,0.001,0.0013,NA,NA,NA,NA,NA,NA,NA,NA,NA,NA,NA,NA,NA,NA,FALSE,FALSE,Center for Forecasting and Outbreak Analytics (CFA/CDC) Pyrenew team,2026-05-20,Pyrenew_Hospital_Admissions_ED_Visits_RSV
Idaho,ID,1,wk inc rsv prop ed visits,prop_ed,2026-05-23,2026-05-30,CFA_Pyrenew-Pyrenew_HE_RSV,7.552992541898419e-5,1.5491910936674832e-4,2.997557635095313e-4,4.5309747538525727e-4,6.361796799975811e-4,8.627794878254038e-4,0.001171435611398437,7.6e-5,1.5e-4,3e-4,4.5e-4,6.4e-4,8.6e-4,0.0012,NA,NA,NA,NA,NA,NA,NA,NA,NA,NA,NA,NA,NA,NA,FALSE,FALSE,Center for Forecasting and Outbreak Analytics (CFA/CDC) Pyrenew team,2026-05-20,Pyrenew_Hospital_Admissions_ED_Visits_RSV
Idaho,ID,0,wk inc rsv hosp,hosp,2026-05-23,2026-05-23,CFA_Pyrenew-Pyrenew_H_RSV,0,2,3,4,6,8,11.024999999999864,0,2,3,4,6,8,10,0,0.10197801659896177,0.15296702489844263,0.20395603319792355,0.30593404979688527,0.4079120663958471,0.5621538165017698,0,0.1,0.15,0.2,0.31,0.41,0.56,FALSE,FALSE,Center for Forecasting and Outbreak Analytics (CFA/CDC) Pyrenew team,2026-05-20,Pyrenew_Hospital_Admissions_RSV
Idaho,ID,1,wk inc rsv hosp,hosp,2026-05-23,2026-05-30,CFA_Pyrenew-Pyrenew_H_RSV,0,1,2,3,5,7,11,0,1,2,3,5,7,10,0,0.05098900829948089,0.10197801659896177,0.15296702489844263,0.25494504149740443,0.35692305809636615,0.5608790912942897,0,0.05,0.1,0.15,0.25,0.36,0.56,FALSE,FALSE,Center for Forecasting and Outbreak Analytics (CFA/CDC) Pyrenew team,2026-05-20,Pyrenew_Hospital_Admissions_RSV
Idaho,ID,0,wk inc rsv hosp,hosp,2026-05-23,2026-05-23,Google_SAI-RSVEns,0,1,3,4,7,9.5,18,0,1,3,4,7,10,20,0,0.05098900829948089,0.15296702489844263,0.20395603319792355,0.35692305809636615,0.4843955788450684,0.9178021493906559,0,0.05,0.15,0.2,0.36,0.48,0.92,TRUE,FALSE,Google Science AI,2026-05-20,RSVEnsemble
Idaho,ID,1,wk inc rsv hosp,hosp,2026-05-23,2026-05-30,Google_SAI-RSVEns,0,1.5,2.5,3.5,5.5,8.5,13.5,0,2,3,4,6,9,10,0,0.07648351244922132,0.12747252074870222,0.17846152904818308,0.28043954564714485,0.4334065705455875,0.6883516120429919,0,0.08,0.13,0.18,0.28,0.43,0.69,TRUE,FALSE,Google Science AI,2026-05-20,RSVEnsemble
Idaho,ID,2,wk inc rsv hosp,hosp,2026-05-23,2026-06-06,Google_SAI-RSVEns,0,1,1.5,2.5,5,7.5,12,0,1,2,3,5,8,10,0,0.05098900829948089,0.07648351244922132,0.12747252074870222,0.25494504149740443,0.38241756224610657,0.6118680995937705,0,0.05,0.08,0.13,0.25,0.38,0.61,TRUE,FALSE,Google Science AI,2026-05-20,RSVEnsemble
Idaho,ID,0,wk inc rsv hosp,hosp,2026-05-23,2026-05-23,RSVHub-baseline,0,0,2,4,6,13.30000000000002,22.074999999999992,0,0,2,4,6,10,20,0,0,0.10197801659896177,0.20395603319792355,0.30593404979688527,0.6781538103830967,1.12558235821104,0,0,0.1,0.2,0.31,0.68,1.13,FALSE,FALSE,RSVHub-hub-models,2026-05-20,RSVHub baseline model
Idaho,ID,1,wk inc rsv hosp,hosp,2026-05-23,2026-05-30,RSVHub-baseline,0,0,0,4,11,19.3481174811748,28.844775697756948,0,0,0,4,10,20,30,0,0,0,0.20395603319792355,0.5608790912942897,0.986541322826953,1.4707665074495933,0,0,0,0.2,0.56,0.99,1.47,FALSE,FALSE,RSVHub-hub-models,2026-05-20,RSVHub baseline model
Idaho,ID,2,wk inc rsv hosp,hosp,2026-05-23,2026-06-06,RSVHub-baseline,0,0,0,4,12.384371343713461,21.579820798207997,33.10295227952287,0,0,0,4,10,20,30,0,0,0,0.20395603319792355,0.6314668132284589,1.1003336617811377,1.6878867085179108,0,0,0,0.2,0.63,1.1,1.69,FALSE,FALSE,RSVHub-hub-models,2026-05-20,RSVHub baseline model
Idaho,ID,0,wk inc rsv prop ed visits,prop_ed,2026-05-23,2026-05-23,RSVHub-baseline,0,0,7e-4,0.001,0.0013,0.0024000000000000002,0.004000000000000001,0,0,7e-4,0.001,0.0013,0.0024,0.004,NA,NA,NA,NA,NA,NA,NA,NA,NA,NA,NA,NA,NA,NA,FALSE,FALSE,RSVHub-hub-models,2026-05-20,RSVHub baseline model
Idaho,ID,1,wk inc rsv prop ed visits,prop_ed,2026-05-23,2026-05-30,RSVHub-baseline,0,0,3.0000000000000003e-4,0.001,0.0018468997189971877,0.0033999999999999985,0.006098308433084325,0,0,3e-4,0.001,0.0018,0.0034,0.0061,NA,NA,NA,NA,NA,NA,NA,NA,NA,NA,NA,NA,NA,NA,FALSE,FALSE,RSVHub-hub-models,2026-05-20,RSVHub baseline model
Idaho,ID,2,wk inc rsv prop ed visits,prop_ed,2026-05-23,2026-06-06,RSVHub-baseline,0,0,0,0.001,0.0022786115361153603,0.003980559205592061,0.006999118691186905,0,0,0,0.001,0.0023,0.004,0.007,NA,NA,NA,NA,NA,NA,NA,NA,NA,NA,NA,NA,NA,NA,FALSE,FALSE,RSVHub-hub-models,2026-05-20,RSVHub baseline model
Idaho,ID,0,wk inc rsv hosp,hosp,2026-05-23,2026-05-23,UGA_flucast-INFLAenza,1,2,3,5,8,11,16,1,2,3,5,8,10,20,0.05098900829948089,0.10197801659896177,0.15296702489844263,0.25494504149740443,0.4079120663958471,0.5608790912942897,0.8158241327916942,0.05,0.1,0.15,0.25,0.41,0.56,0.82,TRUE,FALSE,UGA_flucast,2026-05-20,INFLAenza
Idaho,ID,1,wk inc rsv hosp,hosp,2026-05-23,2026-05-30,UGA_flucast-INFLAenza,0,1,2,4,6,9,14,0,1,2,4,6,9,10,0,0.05098900829948089,0.10197801659896177,0.20395603319792355,0.30593404979688527,0.4589010746953279,0.7138461161927323,0,0.05,0.1,0.2,0.31,0.46,0.71,TRUE,FALSE,UGA_flucast,2026-05-20,INFLAenza
Idaho,ID,2,wk inc rsv hosp,hosp,2026-05-23,2026-06-06,UGA_flucast-INFLAenza,0,1,2,3,5,8,12,0,1,2,3,5,8,10,0,0.05098900829948089,0.10197801659896177,0.15296702489844263,0.25494504149740443,0.4079120663958471,0.6118680995937705,0,0.05,0.1,0.15,0.25,0.41,0.61,TRUE,FALSE,UGA_flucast,2026-05-20,INFLAenza
Idaho,ID,0,wk inc rsv prop ed visits,prop_ed,2026-05-23,2026-05-23,UGA_flucast-INFLAenza,2.940266296259887e-4,4.410028260672918e-4,5.999574185716543e-4,8.131752935031373e-4,0.0010558216239567725,0.0013149192378667553,0.0016410171037225152,2.9e-4,4.4e-4,6e-4,8.1e-4,0.0011,0.0013,0.0016,NA,NA,NA,NA,NA,NA,NA,NA,NA,NA,NA,NA,NA,NA,TRUE,FALSE,UGA_flucast,2026-05-20,INFLAenza
Idaho,ID,1,wk inc rsv prop ed visits,prop_ed,2026-05-23,2026-05-30,UGA_flucast-INFLAenza,2.2320808796922234e-4,3.5527269022735944e-4,4.995849957323067e-4,7.000192197430294e-4,9.415670576234934e-4,0.001203514399395205,0.0015622839688682795,2.2e-4,3.6e-4,5e-4,7e-4,9.4e-4,0.0012,0.0016,NA,NA,NA,NA,NA,NA,NA,NA,NA,NA,NA,NA,NA,NA,TRUE,FALSE,UGA_flucast,2026-05-20,INFLAenza
Idaho,ID,2,wk inc rsv prop ed visits,prop_ed,2026-05-23,2026-06-06,UGA_flucast-INFLAenza,1.7042976783980304e-4,2.8528153229097656e-4,4.192256997754023e-4,6.230915656326398e-4,8.662710538415987e-4,0.0011424954948886703,0.0015453948404377798,1.7e-4,2.9e-4,4.2e-4,6.2e-4,8.7e-4,0.0011,0.0015,NA,NA,NA,NA,NA,NA,NA,NA,NA,NA,NA,NA,NA,NA,TRUE,FALSE,UGA_flucast,2026-05-20,INFLAenza
Idaho,ID,0,wk inc rsv hosp,hosp,2026-05-23,2026-05-23,RSVHub-ensemble,1,2.5,3.5,5,7,9.25,13.5,1,3,4,5,7,9,10,0.05098900829948089,0.12747252074870222,0.17846152904818308,0.25494504149740443,0.35692305809636615,0.47164832677019813,0.6883516120429919,0.05,0.13,0.18,0.25,0.36,0.47,0.69,FALSE,TRUE,RSVHub,2026-05-20,Ensemble using RSVHub forecast submissions
Idaho,ID,1,wk inc rsv hosp,hosp,2026-05-23,2026-05-30,RSVHub-ensemble,0.5,1.75,2.25,4,5.75,8.25,11.75,1,2,2,4,6,8,10,0.025494504149740443,0.08923076452409154,0.11472526867383198,0.20395603319792355,0.29318679772201506,0.4206593184707173,0.5991208475189004,0.03,0.09,0.11,0.2,0.29,0.42,0.6,FALSE,TRUE,RSVHub,2026-05-20,Ensemble using RSVHub forecast submissions
Idaho,ID,2,wk inc rsv hosp,hosp,2026-05-23,2026-06-06,RSVHub-ensemble,0,1,1.5,3,5,7.5,12,0,1,2,3,5,8,10,0,0.05098900829948089,0.07648351244922132,0.15296702489844263,0.25494504149740443,0.38241756224610657,0.6118680995937705,0,0.05,0.08,0.15,0.25,0.38,0.61,FALSE,TRUE,RSVHub,2026-05-20,Ensemble using RSVHub forecast submissions
Idaho,ID,0,wk inc rsv prop ed visits,prop_ed,2026-05-23,2026-05-23,RSVHub-ensemble,2.258553111043762e-4,3.77597257379962e-4,5.313776992557413e-4,7.451236365623084e-4,9.77660596148239e-4,0.0012234273298033851,0.0015259939359822169,2.3e-4,3.8e-4,5.3e-4,7.5e-4,9.8e-4,0.0012,0.0015,NA,NA,NA,NA,NA,NA,NA,NA,NA,NA,NA,NA,NA,NA,FALSE,TRUE,RSVHub,2026-05-20,Ensemble using RSVHub forecast submissions
Idaho,ID,1,wk inc rsv prop ed visits,prop_ed,2026-05-23,2026-05-30,RSVHub-ensemble,0.00014978469740724908,2.884427550545003e-4,4.0642643972809946e-4,6.051999719353389e-4,8.311810821257509e-4,0.001101357545353922,0.0014522072291024708,1.5e-4,2.9e-4,4.1e-4,6.1e-4,8.3e-4,0.0011,0.0015,NA,NA,NA,NA,NA,NA,NA,NA,NA,NA,NA,NA,NA,NA,FALSE,TRUE,RSVHub,2026-05-20,Ensemble using RSVHub forecast submissions
Illinois,IL,0,wk inc rsv hosp,hosp,2026-05-23,2026-05-23,CEPH-Rtrend_rsv,9,14,21,29,41,54,68,9,10,20,30,40,50,70,0.0718113716339018,0.11170657809718058,0.16755986714577087,0.23139219748701692,0.32714069299888593,0.43086822980341083,0.5425748079005914,0.07,0.11,0.17,0.23,0.33,0.43,0.54,TRUE,FALSE,CEPH Lab at Indiana University,2026-05-20,Rtrend RSV
Illinois,IL,1,wk inc rsv hosp,hosp,2026-05-23,2026-05-30,CEPH-Rtrend_rsv,5,8,13,21,33,46,65,5,8,10,20,30,50,70,0.03989520646327877,0.06383233034124604,0.1037275368045248,0.16755986714577087,0.2633083626576399,0.36703589946216475,0.5186376840226241,0.04,0.06,0.1,0.17,0.26,0.37,0.52,TRUE,FALSE,CEPH Lab at Indiana University,2026-05-20,Rtrend RSV
Illinois,IL,2,wk inc rsv hosp,hosp,2026-05-23,2026-06-06,CEPH-Rtrend_rsv,2,5,8,14,26,39,58,2,5,8,10,30,40,60,0.01595808258531151,0.03989520646327877,0.06383233034124604,0.11170657809718058,0.2074550736090496,0.3111826104135744,0.46278439497403384,0.02,0.04,0.06,0.11,0.21,0.31,0.46,TRUE,FALSE,CEPH Lab at Indiana University,2026-05-20,Rtrend RSV
Illinois,IL,0,wk inc rsv prop ed visits,prop_ed,2026-05-23,2026-05-23,CFA_Pyrenew-Pyrenew_E_RSV,2.620013619398395e-4,3.1354882181585964e-4,3.674926775037424e-4,4.372086126908064e-4,5.08694690110709e-4,5.815052669545209e-4,6.585204203647619e-4,2.6e-4,3.1e-4,3.7e-4,4.4e-4,5.1e-4,5.8e-4,6.6e-4,NA,NA,NA,NA,NA,NA,NA,NA,NA,NA,NA,NA,NA,NA,TRUE,FALSE,Center for Forecasting and Outbreak Analytics (CFA/CDC) Pyrenew team,2026-05-20,Pyrenew_ED_Visits_RSV
Illinois,IL,1,wk inc rsv prop ed visits,prop_ed,2026-05-23,2026-05-30,CFA_Pyrenew-Pyrenew_E_RSV,1.3273755371525408e-4,1.807913375936923e-4,2.2898207053735541e-4,2.9136321533923483e-4,3.719914195766077e-4,4.5956447307624726e-4,5.679851838703249e-4,1.3e-4,1.8e-4,2.3e-4,2.9e-4,3.7e-4,4.6e-4,5.7e-4,NA,NA,NA,NA,NA,NA,NA,NA,NA,NA,NA,NA,NA,NA,TRUE,FALSE,Center for Forecasting and Outbreak Analytics (CFA/CDC) Pyrenew team,2026-05-20,Pyrenew_ED_Visits_RSV
Illinois,IL,0,wk inc rsv hosp,hosp,2026-05-23,2026-05-23,CFA_Pyrenew-Pyrenew_HE_RSV,15,19,22,26,31,35,40,20,20,20,30,30,40,40,0.11968561938983632,0.15160178456045936,0.17553890843842662,0.2074550736090496,0.2473502800723284,0.27926644524295147,0.3191616517062302,0.12,0.15,0.18,0.21,0.25,0.28,0.32,TRUE,FALSE,Center for Forecasting and Outbreak Analytics (CFA/CDC) Pyrenew team,2026-05-20,Pyrenew_Hospital_Admissions_ED_Visits_RSV
Illinois,IL,1,wk inc rsv hosp,hosp,2026-05-23,2026-05-30,CFA_Pyrenew-Pyrenew_HE_RSV,10,12,15,18,22,26,31,10,10,20,20,20,30,30,0.07979041292655754,0.09574849551186906,0.11968561938983632,0.1436227432678036,0.17553890843842662,0.2074550736090496,0.2473502800723284,0.08,0.1,0.12,0.14,0.18,0.21,0.25,TRUE,FALSE,Center for Forecasting and Outbreak Analytics (CFA/CDC) Pyrenew team,2026-05-20,Pyrenew_Hospital_Admissions_ED_Visits_RSV
Illinois,IL,0,wk inc rsv prop ed visits,prop_ed,2026-05-23,2026-05-23,CFA_Pyrenew-Pyrenew_HE_RSV,2.5984327749937596e-4,3.141574005923548e-4,3.6764752789385734e-4,4.32069012983456e-4,5.019543071562277e-4,5.665770915244604e-4,6.643574482784873e-4,2.6e-4,3.1e-4,3.7e-4,4.3e-4,5e-4,5.7e-4,6.6e-4,NA,NA,NA,NA,NA,NA,NA,NA,NA,NA,NA,NA,NA,NA,FALSE,FALSE,Center for Forecasting and Outbreak Analytics (CFA/CDC) Pyrenew team,2026-05-20,Pyrenew_Hospital_Admissions_ED_Visits_RSV
Illinois,IL,1,wk inc rsv prop ed visits,prop_ed,2026-05-23,2026-05-30,CFA_Pyrenew-Pyrenew_HE_RSV,1.3322931513089011e-4,1.7570782363078946e-4,2.242756377393204e-4,2.901859125907652e-4,3.612089153927527e-4,4.5063392924323724e-4,5.499859135832205e-4,1.3e-4,1.8e-4,2.2e-4,2.9e-4,3.6e-4,4.5e-4,5.5e-4,NA,NA,NA,NA,NA,NA,NA,NA,NA,NA,NA,NA,NA,NA,FALSE,FALSE,Center for Forecasting and Outbreak Analytics (CFA/CDC) Pyrenew team,2026-05-20,Pyrenew_Hospital_Admissions_ED_Visits_RSV
Illinois,IL,0,wk inc rsv hosp,hosp,2026-05-23,2026-05-23,CFA_Pyrenew-Pyrenew_H_RSV,13,17,21,26,32,39,47,10,20,20,30,30,40,50,0.1037275368045248,0.13564370197514786,0.16755986714577087,0.2074550736090496,0.25532932136498415,0.3111826104135744,0.3750149407548205,0.1,0.14,0.17,0.21,0.26,0.31,0.38,FALSE,FALSE,Center for Forecasting and Outbreak Analytics (CFA/CDC) Pyrenew team,2026-05-20,Pyrenew_Hospital_Admissions_RSV
Illinois,IL,1,wk inc rsv hosp,hosp,2026-05-23,2026-05-30,CFA_Pyrenew-Pyrenew_H_RSV,6,9,13,18,26,34,46.024999999999864,6,9,10,20,30,30,50,0.04787424775593453,0.0718113716339018,0.1037275368045248,0.1436227432678036,0.2074550736090496,0.2712874039502957,0.36723537549448004,0.05,0.07,0.1,0.14,0.21,0.27,0.37,FALSE,FALSE,Center for Forecasting and Outbreak Analytics (CFA/CDC) Pyrenew team,2026-05-20,Pyrenew_Hospital_Admissions_RSV
Illinois,IL,0,wk inc rsv hosp,hosp,2026-05-23,2026-05-23,Google_SAI-RSVEns,18.5,22,24.5,29,37.5,55,86,20,20,20,30,40,60,90,0.1476122639141315,0.17553890843842662,0.195486511670066,0.23139219748701692,0.2992140484745908,0.4388472710960666,0.686197551168395,0.15,0.18,0.2,0.23,0.3,0.44,0.69,TRUE,FALSE,Google Science AI,2026-05-20,RSVEnsemble
Illinois,IL,1,wk inc rsv hosp,hosp,2026-05-23,2026-05-30,Google_SAI-RSVEns,12,16,18,21,29.5,41,75.5,10,20,20,20,30,40,80,0.09574849551186906,0.12766466068249208,0.1436227432678036,0.16755986714577087,0.2353817181333448,0.32714069299888593,0.6024176175955095,0.1,0.13,0.14,0.17,0.24,0.33,0.6,TRUE,FALSE,Google Science AI,2026-05-20,RSVEnsemble
Illinois,IL,2,wk inc rsv hosp,hosp,2026-05-23,2026-06-06,Google_SAI-RSVEns,9.5,11.5,13,15.5,22,31.5,50,10,10,10,20,20,30,50,0.07580089228022968,0.09175897486554119,0.1037275368045248,0.1236751400361642,0.17553890843842662,0.2513398007186563,0.39895206463278776,0.08,0.09,0.1,0.12,0.18,0.25,0.4,TRUE,FALSE,Google Science AI,2026-05-20,RSVEnsemble
Illinois,IL,0,wk inc rsv hosp,hosp,2026-05-23,2026-05-23,RSVHub-baseline,0,0,18.249999999999996,37,55.75,89.30000000000003,146.44999999999996,0,0,20,40,60,90,150,0,0,0.1456175035909675,0.295224527828263,0.44483155206555836,0.7125283874341591,1.168530597309435,0,0,0.15,0.3,0.44,0.71,1.17,FALSE,FALSE,RSVHub-hub-models,2026-05-20,RSVHub baseline model
Illinois,IL,1,wk inc rsv hosp,hosp,2026-05-23,2026-05-30,RSVHub-baseline,0,0,6.1355238552385565,37,71.06630066300664,115.98226082260823,187.9862683626836,0,0,6,40,70,120,190,0,0,0.04895559819302288,0.295224527828263,0.5670409475064191,0.9254272483191609,1.4999501977181187,0,0,0.05,0.3,0.57,0.93,1.5,FALSE,FALSE,RSVHub-hub-models,2026-05-20,RSVHub baseline model
Illinois,IL,2,wk inc rsv hosp,hosp,2026-05-23,2026-06-06,RSVHub-baseline,0,0,0,37,83.03895538955392,137.8140291402915,217.99659396593947,0,0,0,40,80,140,220,0,0,0,0.295224527828263,0.6625712539522499,1.0996238292176495,1.7394038249125414,0,0,0,0.3,0.66,1.1,1.74,FALSE,FALSE,RSVHub-hub-models,2026-05-20,RSVHub baseline model
Illinois,IL,0,wk inc rsv prop ed visits,prop_ed,2026-05-23,2026-05-23,RSVHub-baseline,0,0,6.000000000000001e-4,8e-4,0.001,0.001830000000000004,0.003457499999999994,0,0,6e-4,8e-4,0.001,0.0018,0.0035,NA,NA,NA,NA,NA,NA,NA,NA,NA,NA,NA,NA,NA,NA,FALSE,FALSE,RSVHub-hub-models,2026-05-20,RSVHub baseline model
Illinois,IL,1,wk inc rsv prop ed visits,prop_ed,2026-05-23,2026-05-30,RSVHub-baseline,0,0,2.999999999999999e-4,8e-4,0.0014000000000000002,0.0027000000000000006,0.004137506375063742,0,0,3e-4,8e-4,0.0014,0.0027,0.0041,NA,NA,NA,NA,NA,NA,NA,NA,NA,NA,NA,NA,NA,NA,FALSE,FALSE,RSVHub-hub-models,2026-05-20,RSVHub baseline model
Illinois,IL,2,wk inc rsv prop ed visits,prop_ed,2026-05-23,2026-06-06,RSVHub-baseline,0,0,7.647226472264663e-5,8e-4,0.0017609471094710925,0.0031130125301252983,0.004894090040900414,0,0,7.6e-5,8e-4,0.0018,0.0031,0.0049,NA,NA,NA,NA,NA,NA,NA,NA,NA,NA,NA,NA,NA,NA,FALSE,FALSE,RSVHub-hub-models,2026-05-20,RSVHub baseline model
Illinois,IL,0,wk inc rsv hosp,hosp,2026-05-23,2026-05-23,UGA_flucast-INFLAenza,10,15,22,30,41,53,72,10,20,20,30,40,50,70,0.07979041292655754,0.11968561938983632,0.17553890843842662,0.23937123877967265,0.32714069299888593,0.4228891885107551,0.5744909730712144,0.08,0.12,0.18,0.24,0.33,0.42,0.57,TRUE,FALSE,UGA_flucast,2026-05-20,INFLAenza
Illinois,IL,1,wk inc rsv hosp,hosp,2026-05-23,2026-05-30,UGA_flucast-INFLAenza,6,10,15,22,32,45,63,6,10,20,20,30,50,60,0.04787424775593453,0.07979041292655754,0.11968561938983632,0.17553890843842662,0.25532932136498415,0.359056858169509,0.5026796014373126,0.05,0.08,0.12,0.18,0.26,0.36,0.5,TRUE,FALSE,UGA_flucast,2026-05-20,INFLAenza
Illinois,IL,2,wk inc rsv hosp,hosp,2026-05-23,2026-06-06,UGA_flucast-INFLAenza,4,7,11,17,26,37,57,4,7,10,20,30,40,60,0.03191616517062302,0.05585328904859029,0.08776945421921331,0.13564370197514786,0.2074550736090496,0.295224527828263,0.4548053536813781,0.03,0.06,0.09,0.14,0.21,0.3,0.45,TRUE,FALSE,UGA_flucast,2026-05-20,INFLAenza
Illinois,IL,0,wk inc rsv prop ed visits,prop_ed,2026-05-23,2026-05-23,UGA_flucast-INFLAenza,2.4299627143622944e-4,3.652466751097521e-4,5.028476410972421e-4,6.865726633990799e-4,9.071684320693142e-4,0.0011257618510394048,0.001439082351440177,2.4e-4,3.7e-4,5e-4,6.9e-4,9.1e-4,0.0011,0.0014,NA,NA,NA,NA,NA,NA,NA,NA,NA,NA,NA,NA,NA,NA,TRUE,FALSE,UGA_flucast,2026-05-20,INFLAenza
Illinois,IL,1,wk inc rsv prop ed visits,prop_ed,2026-05-23,2026-05-30,UGA_flucast-INFLAenza,1.7688813966684804e-4,2.8192863583202107e-4,4.0854572602529334e-4,5.957023528716115e-4,8.267507194170058e-4,0.0010744813249949476,0.0014141559033312749,1.8e-4,2.8e-4,4.1e-4,6e-4,8.3e-4,0.0011,0.0014,NA,NA,NA,NA,NA,NA,NA,NA,NA,NA,NA,NA,NA,NA,TRUE,FALSE,UGA_flucast,2026-05-20,INFLAenza
Illinois,IL,2,wk inc rsv prop ed visits,prop_ed,2026-05-23,2026-06-06,UGA_flucast-INFLAenza,1.3414587310748972e-4,2.341496437357591e-4,3.5792308940730443e-4,5.36574517534253e-4,7.608831019294425e-4,0.0010339832519631583,0.0013723313031042087,1.3e-4,2.3e-4,3.6e-4,5.4e-4,7.6e-4,0.001,0.0014,NA,NA,NA,NA,NA,NA,NA,NA,NA,NA,NA,NA,NA,NA,TRUE,FALSE,UGA_flucast,2026-05-20,INFLAenza
Illinois,IL,0,wk inc rsv hosp,hosp,2026-05-23,2026-05-23,RSVHub-ensemble,12.5,17,22,29,39.25,53.5,70,10,20,20,30,40,50,70,0.09973801615819694,0.13564370197514786,0.17553890843842662,0.23139219748701692,0.3131773707367384,0.4268787091570829,0.5585328904859029,0.1,0.14,0.18,0.23,0.31,0.43,0.56,FALSE,TRUE,RSVHub,2026-05-20,Ensemble using RSVHub forecast submissions
Illinois,IL,1,wk inc rsv hosp,hosp,2026-05-23,2026-05-30,RSVHub-ensemble,8,11,15,21,30.75,43,64,8,10,20,20,30,40,60,0.06383233034124604,0.08776945421921331,0.11968561938983632,0.16755986714577087,0.24535551974916447,0.3430987755841975,0.5106586427299683,0.06,0.09,0.12,0.17,0.25,0.34,0.51,FALSE,TRUE,RSVHub,2026-05-20,Ensemble using RSVHub forecast submissions
Illinois,IL,2,wk inc rsv hosp,hosp,2026-05-23,2026-06-06,RSVHub-ensemble,4,7,11,15.5,26,37,57,4,7,10,20,30,40,60,0.03191616517062302,0.05585328904859029,0.08776945421921331,0.1236751400361642,0.2074550736090496,0.295224527828263,0.4548053536813781,0.03,0.06,0.09,0.12,0.21,0.3,0.45,FALSE,TRUE,RSVHub,2026-05-20,Ensemble using RSVHub forecast submissions
Illinois,IL,0,wk inc rsv prop ed visits,prop_ed,2026-05-23,2026-05-23,RSVHub-ensemble,2.5249881668803445e-4,3.393977484628059e-4,4.3517015930049225e-4,5.618906380449432e-4,7.079315610900117e-4,8.536335589969629e-4,0.0010488013859024695,2.5e-4,3.4e-4,4.4e-4,5.6e-4,7.1e-4,8.5e-4,0.001,NA,NA,NA,NA,NA,NA,NA,NA,NA,NA,NA,NA,NA,NA,FALSE,TRUE,RSVHub,2026-05-20,Ensemble using RSVHub forecast submissions
Illinois,IL,1,wk inc rsv prop ed visits,prop_ed,2026-05-23,2026-05-30,RSVHub-ensemble,1.5481284669105106e-4,2.313599867128567e-4,3.187638982813244e-4,4.435327841054232e-4,5.993710694968068e-4,7.670228990355974e-4,9.910705436008e-4,1.5e-4,2.3e-4,3.2e-4,4.4e-4,6e-4,7.7e-4,9.9e-4,NA,NA,NA,NA,NA,NA,NA,NA,NA,NA,NA,NA,NA,NA,FALSE,TRUE,RSVHub,2026-05-20,Ensemble using RSVHub forecast submissions
Indiana,IN,0,wk inc rsv hosp,hosp,2026-05-23,2026-05-23,CEPH-Rtrend_rsv,12,15,18,22,26,31,36,10,20,20,20,30,30,40,0.1748983039236977,0.21862287990462212,0.26234745588554653,0.3206468905267791,0.3789463251680117,0.4518206184695524,0.5246949117710931,0.17,0.22,0.26,0.32,0.38,0.45,0.52,TRUE,FALSE,CEPH Lab at Indiana University,2026-05-20,Rtrend RSV
Indiana,IN,1,wk inc rsv hosp,hosp,2026-05-23,2026-05-30,CEPH-Rtrend_rsv,7,10,12,17,21,26,33,7,10,10,20,20,30,30,0.10202401062215698,0.14574858660308143,0.1748983039236977,0.24777259722523842,0.306072031866471,0.3789463251680117,0.4809703357901687,0.1,0.15,0.17,0.25,0.31,0.38,0.48,TRUE,FALSE,CEPH Lab at Indiana University,2026-05-20,Rtrend RSV
Indiana,IN,2,wk inc rsv hosp,hosp,2026-05-23,2026-06-06,CEPH-Rtrend_rsv,4,6,9,12,17,22,30,4,6,9,10,20,20,30,0.05829943464123257,0.08744915196184885,0.13117372794277327,0.1748983039236977,0.24777259722523842,0.3206468905267791,0.43724575980924424,0.06,0.09,0.13,0.17,0.25,0.32,0.44,TRUE,FALSE,CEPH Lab at Indiana University,2026-05-20,Rtrend RSV
Indiana,IN,0,wk inc rsv prop ed visits,prop_ed,2026-05-23,2026-05-23,CFA_Pyrenew-Pyrenew_E_RSV,3.253809884093404e-4,4.226310891558835e-4,4.971531802321096e-4,6.029545366031065e-4,7.213113807767577e-4,8.389301876059565e-4,9.813456543367436e-4,3.3e-4,4.2e-4,5e-4,6e-4,7.2e-4,8.4e-4,9.8e-4,NA,NA,NA,NA,NA,NA,NA,NA,NA,NA,NA,NA,NA,NA,TRUE,FALSE,Center for Forecasting and Outbreak Analytics (CFA/CDC) Pyrenew team,2026-05-20,Pyrenew_ED_Visits_RSV
Indiana,IN,1,wk inc rsv prop ed visits,prop_ed,2026-05-23,2026-05-30,CFA_Pyrenew-Pyrenew_E_RSV,1.742930239422232e-4,2.5186087027513095e-4,3.3383388035603234e-4,4.380321099081389e-4,5.577357425188387e-4,6.851324566259538e-4,8.648516957347709e-4,1.7e-4,2.5e-4,3.3e-4,4.4e-4,5.6e-4,6.9e-4,8.6e-4,NA,NA,NA,NA,NA,NA,NA,NA,NA,NA,NA,NA,NA,NA,TRUE,FALSE,Center for Forecasting and Outbreak Analytics (CFA/CDC) Pyrenew team,2026-05-20,Pyrenew_ED_Visits_RSV
Indiana,IN,0,wk inc rsv hosp,hosp,2026-05-23,2026-05-23,CFA_Pyrenew-Pyrenew_HE_RSV,10,14,17,22,26,31,38,10,10,20,20,30,30,40,0.14574858660308143,0.20404802124431395,0.24777259722523842,0.3206468905267791,0.3789463251680117,0.4518206184695524,0.5538446290917094,0.15,0.2,0.25,0.32,0.38,0.45,0.55,TRUE,FALSE,Center for Forecasting and Outbreak Analytics (CFA/CDC) Pyrenew team,2026-05-20,Pyrenew_Hospital_Admissions_ED_Visits_RSV
Indiana,IN,1,wk inc rsv hosp,hosp,2026-05-23,2026-05-30,CFA_Pyrenew-Pyrenew_HE_RSV,7,10,12,16,20,25,31,7,10,10,20,20,30,30,0.10202401062215698,0.14574858660308143,0.1748983039236977,0.23319773856493028,0.29149717320616286,0.3643714665077036,0.4518206184695524,0.1,0.15,0.17,0.23,0.29,0.36,0.45,TRUE,FALSE,Center for Forecasting and Outbreak Analytics (CFA/CDC) Pyrenew team,2026-05-20,Pyrenew_Hospital_Admissions_ED_Visits_RSV
Indiana,IN,0,wk inc rsv prop ed visits,prop_ed,2026-05-23,2026-05-23,CFA_Pyrenew-Pyrenew_HE_RSV,3.2132910615691906e-4,4.0871819019939467e-4,4.869814800908796e-4,5.867987213079853e-4,7.047405594940133e-4,8.132468199055929e-4,9.42302321647324e-4,3.2e-4,4.1e-4,4.9e-4,5.9e-4,7e-4,8.1e-4,9.4e-4,NA,NA,NA,NA,NA,NA,NA,NA,NA,NA,NA,NA,NA,NA,FALSE,FALSE,Center for Forecasting and Outbreak Analytics (CFA/CDC) Pyrenew team,2026-05-20,Pyrenew_Hospital_Admissions_ED_Visits_RSV
Indiana,IN,1,wk inc rsv prop ed visits,prop_ed,2026-05-23,2026-05-30,CFA_Pyrenew-Pyrenew_HE_RSV,1.7359231168838097e-4,2.4300206010188704e-4,3.1841291067518653e-4,4.242078351501136e-4,5.420228611702192e-4,6.657325740485061e-4,8.317534711435724e-4,1.7e-4,2.4e-4,3.2e-4,4.2e-4,5.4e-4,6.7e-4,8.3e-4,NA,NA,NA,NA,NA,NA,NA,NA,NA,NA,NA,NA,NA,NA,FALSE,FALSE,Center for Forecasting and Outbreak Analytics (CFA/CDC) Pyrenew team,2026-05-20,Pyrenew_Hospital_Admissions_ED_Visits_RSV
Indiana,IN,0,wk inc rsv hosp,hosp,2026-05-23,2026-05-23,CFA_Pyrenew-Pyrenew_H_RSV,9,12,15,20,25,31,39,9,10,20,20,30,30,40,0.13117372794277327,0.1748983039236977,0.21862287990462212,0.29149717320616286,0.3643714665077036,0.4518206184695524,0.5684194877520176,0.13,0.17,0.22,0.29,0.36,0.45,0.57,FALSE,FALSE,Center for Forecasting and Outbreak Analytics (CFA/CDC) Pyrenew team,2026-05-20,Pyrenew_Hospital_Admissions_RSV
Indiana,IN,1,wk inc rsv hosp,hosp,2026-05-23,2026-05-30,CFA_Pyrenew-Pyrenew_H_RSV,4,7,10,15,21,28,38,4,7,10,20,20,30,40,0.05829943464123257,0.10202401062215698,0.14574858660308143,0.21862287990462212,0.306072031866471,0.4080960424886279,0.5538446290917094,0.06,0.1,0.15,0.22,0.31,0.41,0.55,FALSE,FALSE,Center for Forecasting and Outbreak Analytics (CFA/CDC) Pyrenew team,2026-05-20,Pyrenew_Hospital_Admissions_RSV
Indiana,IN,0,wk inc rsv hosp,hosp,2026-05-23,2026-05-23,Google_SAI-RSVEns,9,13.5,16.5,20,25.5,34,65,9,10,20,20,30,30,70,0.13117372794277327,0.1967605919141599,0.24048516789508434,0.29149717320616286,0.3716588958378576,0.49554519445047684,0.9473658129200292,0.13,0.2,0.24,0.29,0.37,0.5,0.95,TRUE,FALSE,Google Science AI,2026-05-20,RSVEnsemble
Indiana,IN,1,wk inc rsv hosp,hosp,2026-05-23,2026-05-30,Google_SAI-RSVEns,7.5,11.5,14.5,17,20.5,28,46,8,10,10,20,20,30,50,0.10931143995231106,0.16761087459354362,0.21133545057446804,0.24777259722523842,0.29878460253631695,0.4080960424886279,0.6704434983741745,0.11,0.17,0.21,0.25,0.3,0.41,0.67,TRUE,FALSE,Google Science AI,2026-05-20,RSVEnsemble
Indiana,IN,2,wk inc rsv hosp,hosp,2026-05-23,2026-06-06,Google_SAI-RSVEns,5.5,7.5,9.5,13,17,24,44.5,6,8,10,10,20,20,40,0.08016172263169477,0.10931143995231106,0.13846115727292735,0.18947316258400584,0.24777259722523842,0.3497966078473954,0.6485812103837123,0.08,0.11,0.14,0.19,0.25,0.35,0.65,TRUE,FALSE,Google Science AI,2026-05-20,RSVEnsemble
Indiana,IN,0,wk inc rsv hosp,hosp,2026-05-23,2026-05-23,RSVHub-baseline,0,0,16,24,32,52,88.37499999999997,0,0,20,20,30,50,90,0,0,0.23319773856493028,0.3497966078473954,0.46639547712986057,0.7578926503360234,1.2880531341047317,0,0,0.23,0.35,0.47,0.76,1.29,FALSE,FALSE,RSVHub-hub-models,2026-05-20,RSVHub baseline model
Indiana,IN,1,wk inc rsv hosp,hosp,2026-05-23,2026-05-30,RSVHub-baseline,0,0,9,24,41,69.06543065430651,115.55606731067309,0,0,9,20,40,70,120,0,0,0.13117372794277327,0.3497966078473954,0.5975692050726339,1.0066188900998307,1.684213348394114,0,0,0.13,0.35,0.6,1.01,1.68,FALSE,FALSE,RSVHub-hub-models,2026-05-20,RSVHub baseline model
Indiana,IN,2,wk inc rsv hosp,hosp,2026-05-23,2026-06-06,RSVHub-baseline,0,0,2.0610856108561286,24,48.31739817398176,81.111427114271,127.8947751977519,0,0,2,20,50,80,130,0,0,0.030040031465022946,0.3497966078473954,0.7042192492196148,1.182187585926385,1.8640482718991171,0,0,0.03,0.35,0.7,1.18,1.86,FALSE,FALSE,RSVHub-hub-models,2026-05-20,RSVHub baseline model
Indiana,IN,0,wk inc rsv prop ed visits,prop_ed,2026-05-23,2026-05-23,RSVHub-baseline,0,5.421010862427522e-19,6.000000000000001e-4,8e-4,0.001,0.0015999999999999994,0.0027574999999999943,0,5.4e-19,6e-4,8e-4,0.001,0.0016,0.0028,NA,NA,NA,NA,NA,NA,NA,NA,NA,NA,NA,NA,NA,NA,FALSE,FALSE,RSVHub-hub-models,2026-05-20,RSVHub baseline model
Indiana,IN,1,wk inc rsv prop ed visits,prop_ed,2026-05-23,2026-05-30,RSVHub-baseline,0,0,3.9999999999999975e-4,8e-4,0.0012999999999999997,0.0021000183001830047,0.0035783305833058236,0,0,4e-4,8e-4,0.0013,0.0021,0.0036,NA,NA,NA,NA,NA,NA,NA,NA,NA,NA,NA,NA,NA,NA,FALSE,FALSE,RSVHub-hub-models,2026-05-20,RSVHub baseline model
Indiana,IN,2,wk inc rsv prop ed visits,prop_ed,2026-05-23,2026-06-06,RSVHub-baseline,0,0,2e-4,8e-4,0.0014999999999999998,0.002503020730207306,0.003913393908939095,0,0,2e-4,8e-4,0.0015,0.0025,0.0039,NA,NA,NA,NA,NA,NA,NA,NA,NA,NA,NA,NA,NA,NA,FALSE,FALSE,RSVHub-hub-models,2026-05-20,RSVHub baseline model
Indiana,IN,0,wk inc rsv hosp,hosp,2026-05-23,2026-05-23,UGA_flucast-INFLAenza,7,11,15,21,30,40,53,7,10,20,20,30,40,50,0.10202401062215698,0.16032344526338954,0.21862287990462212,0.306072031866471,0.43724575980924424,0.5829943464123257,0.7724675089963315,0.1,0.16,0.22,0.31,0.44,0.58,0.77,TRUE,FALSE,UGA_flucast,2026-05-20,INFLAenza
Indiana,IN,1,wk inc rsv hosp,hosp,2026-05-23,2026-05-30,UGA_flucast-INFLAenza,4,7,10,16,23,32,48,4,7,10,20,20,30,50,0.05829943464123257,0.10202401062215698,0.14574858660308143,0.23319773856493028,0.33522174918708725,0.46639547712986057,0.6995932156947908,0.06,0.1,0.15,0.23,0.34,0.47,0.7,TRUE,FALSE,UGA_flucast,2026-05-20,INFLAenza
Indiana,IN,2,wk inc rsv hosp,hosp,2026-05-23,2026-06-06,UGA_flucast-INFLAenza,2,5,7,12,19,28,42,2,5,7,10,20,30,40,0.029149717320616286,0.07287429330154072,0.10202401062215698,0.1748983039236977,0.2769223145458547,0.4080960424886279,0.612144063732942,0.03,0.07,0.1,0.17,0.28,0.41,0.61,TRUE,FALSE,UGA_flucast,2026-05-20,INFLAenza
Indiana,IN,0,wk inc rsv prop ed visits,prop_ed,2026-05-23,2026-05-23,UGA_flucast-INFLAenza,2.7337141581240584e-4,4.014281152091459e-4,5.488593625138851e-4,7.423673896190129e-4,9.882134808599432e-4,0.0012267748275283238,0.0015522445056963725,2.7e-4,4e-4,5.5e-4,7.4e-4,9.9e-4,0.0012,0.0016,NA,NA,NA,NA,NA,NA,NA,NA,NA,NA,NA,NA,NA,NA,TRUE,FALSE,UGA_flucast,2026-05-20,INFLAenza
Indiana,IN,1,wk inc rsv prop ed visits,prop_ed,2026-05-23,2026-05-30,UGA_flucast-INFLAenza,2.0468646431912247e-4,3.2192045705215454e-4,4.598773263493732e-4,6.464436546301348e-4,8.86064234138835e-4,0.0011516669345756235,0.0015074809605485223,2e-4,3.2e-4,4.6e-4,6.5e-4,8.9e-4,0.0012,0.0015,NA,NA,NA,NA,NA,NA,NA,NA,NA,NA,NA,NA,NA,NA,TRUE,FALSE,UGA_flucast,2026-05-20,INFLAenza
Indiana,IN,2,wk inc rsv prop ed visits,prop_ed,2026-05-23,2026-06-06,UGA_flucast-INFLAenza,1.587257801964215e-4,2.6235375666515995e-4,3.905545895701414e-4,5.750918462894637e-4,8.09620690734083e-4,0.0010835425322083985,0.0014692167419960908,1.6e-4,2.6e-4,3.9e-4,5.8e-4,8.1e-4,0.0011,0.0015,NA,NA,NA,NA,NA,NA,NA,NA,NA,NA,NA,NA,NA,NA,TRUE,FALSE,UGA_flucast,2026-05-20,INFLAenza
Indiana,IN,0,wk inc rsv hosp,hosp,2026-05-23,2026-05-23,RSVHub-ensemble,9.5,13.75,16.75,21.5,26,32.5,45.5,10,10,20,20,30,30,50,0.13846115727292735,0.20040430657923694,0.24412888256016138,0.31335946119662506,0.3789463251680117,0.4736829064600146,0.6631560690440205,0.14,0.2,0.24,0.31,0.38,0.47,0.66,FALSE,TRUE,RSVHub,2026-05-20,Ensemble using RSVHub forecast submissions
Indiana,IN,1,wk inc rsv hosp,hosp,2026-05-23,2026-05-30,RSVHub-ensemble,7,10,12,16.5,20.75,27,39.5,7,10,10,20,20,30,40,0.10202401062215698,0.14574858660308143,0.1748983039236977,0.24048516789508434,0.30242831720139396,0.3935211838283198,0.5757069170821716,0.1,0.15,0.17,0.24,0.3,0.39,0.58,FALSE,TRUE,RSVHub,2026-05-20,Ensemble using RSVHub forecast submissions
Indiana,IN,2,wk inc rsv hosp,hosp,2026-05-23,2026-06-06,RSVHub-ensemble,4,6,9,12,17,24,42,4,6,9,10,20,20,40,0.05829943464123257,0.08744915196184885,0.13117372794277327,0.1748983039236977,0.24777259722523842,0.3497966078473954,0.612144063732942,0.06,0.09,0.13,0.17,0.25,0.35,0.61,FALSE,TRUE,RSVHub,2026-05-20,Ensemble using RSVHub forecast submissions
Indiana,IN,0,wk inc rsv prop ed visits,prop_ed,2026-05-23,2026-05-23,RSVHub-ensemble,2.9937620211087314e-4,4.120296021825147e-4,5.230062713729973e-4,6.726609631110597e-4,8.547624308183504e-4,0.0010328525075671401,0.001266795080016558,3e-4,4.1e-4,5.2e-4,6.7e-4,8.5e-4,0.001,0.0013,NA,NA,NA,NA,NA,NA,NA,NA,NA,NA,NA,NA,NA,NA,FALSE,TRUE,RSVHub,2026-05-20,Ensemble using RSVHub forecast submissions
Indiana,IN,1,wk inc rsv prop ed visits,prop_ed,2026-05-23,2026-05-30,RSVHub-ensemble,1.8948974413067284e-4,2.8689066366364274e-4,3.9685560335270275e-4,5.422378822691369e-4,7.218999883288369e-4,9.183996956007886e-4,0.0011861663281416467,1.9e-4,2.9e-4,4e-4,5.4e-4,7.2e-4,9.2e-4,0.0012,NA,NA,NA,NA,NA,NA,NA,NA,NA,NA,NA,NA,NA,NA,FALSE,TRUE,RSVHub,2026-05-20,Ensemble using RSVHub forecast submissions
Iowa,IA,0,wk inc rsv hosp,hosp,2026-05-23,2026-05-23,CEPH-Rtrend_rsv,8,10,12,15,19,22,26,8,10,10,20,20,20,30,0.24947672257440018,0.31184590321800026,0.3742150838616003,0.4677688548270003,0.5925072161142004,0.6860609870796005,0.8107993483668007,0.25,0.31,0.37,0.47,0.59,0.69,0.81,TRUE,FALSE,CEPH Lab at Indiana University,2026-05-20,Rtrend RSV
Iowa,IA,1,wk inc rsv hosp,hosp,2026-05-23,2026-05-30,CEPH-Rtrend_rsv,5,7,9,12,16,21,26,5,7,9,10,20,20,30,0.15592295160900013,0.2182921322526002,0.2806613128962002,0.3742150838616003,0.49895344514880036,0.6548763967578005,0.8107993483668007,0.16,0.22,0.28,0.37,0.5,0.65,0.81,TRUE,FALSE,CEPH Lab at Indiana University,2026-05-20,Rtrend RSV
Iowa,IA,2,wk inc rsv hosp,hosp,2026-05-23,2026-06-06,CEPH-Rtrend_rsv,3,5,7,10,14,19,26,3,5,7,10,10,20,30,0.09355377096540007,0.15592295160900013,0.2182921322526002,0.31184590321800026,0.4365842645052004,0.5925072161142004,0.8107993483668007,0.09,0.16,0.22,0.31,0.44,0.59,0.81,TRUE,FALSE,CEPH Lab at Indiana University,2026-05-20,Rtrend RSV
Iowa,IA,0,wk inc rsv hosp,hosp,2026-05-23,2026-05-23,CFA_Pyrenew-Pyrenew_H_RSV,7,9,12,16,20,25,31,7,9,10,20,20,30,30,0.2182921322526002,0.2806613128962002,0.3742150838616003,0.49895344514880036,0.6236918064360005,0.7796147580450007,0.9667222999758007,0.22,0.28,0.37,0.5,0.62,0.78,0.97,FALSE,FALSE,Center for Forecasting and Outbreak Analytics (CFA/CDC) Pyrenew team,2026-05-20,Pyrenew_Hospital_Admissions_RSV
Iowa,IA,1,wk inc rsv hosp,hosp,2026-05-23,2026-05-30,CFA_Pyrenew-Pyrenew_H_RSV,4,6,9,13,18,26,35,4,6,9,10,20,30,40,0.12473836128720009,0.18710754193080015,0.2806613128962002,0.40539967418340034,0.5613226257924004,0.8107993483668007,1.091460661263001,0.12,0.19,0.28,0.41,0.56,0.81,1.09,FALSE,FALSE,Center for Forecasting and Outbreak Analytics (CFA/CDC) Pyrenew team,2026-05-20,Pyrenew_Hospital_Admissions_RSV
Iowa,IA,0,wk inc rsv hosp,hosp,2026-05-23,2026-05-23,Google_SAI-RSVEns,6,9,11.5,13.5,18.5,24,40,6,9,10,10,20,20,40,0.18710754193080015,0.2806613128962002,0.3586227887007003,0.4209919693443004,0.5769149209533004,0.7484301677232006,1.247383612872001,0.19,0.28,0.36,0.42,0.58,0.75,1.25,TRUE,FALSE,Google Science AI,2026-05-20,RSVEnsemble
Iowa,IA,1,wk inc rsv hosp,hosp,2026-05-23,2026-05-30,Google_SAI-RSVEns,4,6.5,7.5,10.5,13.5,18.5,28,4,7,8,10,10,20,30,0.12473836128720009,0.20269983709170017,0.23388442741350016,0.32743819837890026,0.4209919693443004,0.5769149209533004,0.8731685290104008,0.12,0.2,0.23,0.33,0.42,0.58,0.87,TRUE,FALSE,Google Science AI,2026-05-20,RSVEnsemble
Iowa,IA,2,wk inc rsv hosp,hosp,2026-05-23,2026-06-06,Google_SAI-RSVEns,2,4,5,7.5,9.5,13.5,26.5,2,4,5,8,10,10,30,0.062369180643600045,0.12473836128720009,0.15592295160900013,0.23388442741350016,0.2962536080571002,0.4209919693443004,0.8263916435277007,0.06,0.12,0.16,0.23,0.3,0.42,0.83,TRUE,FALSE,Google Science AI,2026-05-20,RSVEnsemble
Iowa,IA,0,wk inc rsv hosp,hosp,2026-05-23,2026-05-23,RSVHub-baseline,0,2.4000000000000052,17,20,23,37.60000000000004,66.99999999999974,0,2,20,20,20,40,70,0,0.07484301677232022,0.5301380354706003,0.6236918064360005,0.7172455774014006,1.172540596099682,2.089367551560594,0,0.07,0.53,0.62,0.72,1.17,2.09,FALSE,FALSE,RSVHub-hub-models,2026-05-20,RSVHub baseline model
Iowa,IA,1,wk inc rsv hosp,hosp,2026-05-23,2026-05-30,RSVHub-baseline,0,0,8.986724867248673,20,32,48.69803898038981,105.63257332573322,0,0,9,20,30,50,110,0,0,0.28024733331988255,0.6236918064360005,0.9979068902976007,1.5186283950785044,3.2941085238004915,0,0,0.28,0.62,1,1.52,3.29,FALSE,FALSE,RSVHub-hub-models,2026-05-20,RSVHub baseline model
Iowa,IA,2,wk inc rsv hosp,hosp,2026-05-23,2026-06-06,RSVHub-baseline,0,0,4.89067140671407,20,36.75687006870068,59.72147221472216,113.15050000500003,0,0,5,20,40,60,110,0,0,0.15251358421691968,0.6236918064360005,1.1462479346040642,1.8623896444308738,3.5285519873627575,0,0,0.15,0.62,1.15,1.86,3.53,FALSE,FALSE,RSVHub-hub-models,2026-05-20,RSVHub baseline model
Iowa,IA,0,wk inc rsv prop ed visits,prop_ed,2026-05-23,2026-05-23,RSVHub-baseline,0,0,0,0,3.000000000000001e-4,0.0014,0.002999999999999999,0,0,0,0,3e-4,0.0014,0.003,NA,NA,NA,NA,NA,NA,NA,NA,NA,NA,NA,NA,NA,NA,FALSE,FALSE,RSVHub-hub-models,2026-05-20,RSVHub baseline model
Iowa,IA,1,wk inc rsv prop ed visits,prop_ed,2026-05-23,2026-05-30,RSVHub-baseline,0,0,0,0,8.410341603416042e-4,0.002129505595055952,0.004262121396213958,0,0,0,0,8.4e-4,0.0021,0.0043,NA,NA,NA,NA,NA,NA,NA,NA,NA,NA,NA,NA,NA,NA,FALSE,FALSE,RSVHub-hub-models,2026-05-20,RSVHub baseline model
Iowa,IA,2,wk inc rsv prop ed visits,prop_ed,2026-05-23,2026-06-06,RSVHub-baseline,0,0,0,1.0000099990025184e-9,0.0012448786987869886,0.002782486824868248,0.004813316883168829,0,0,0,1e-9,0.0012,0.0028,0.0048,NA,NA,NA,NA,NA,NA,NA,NA,NA,NA,NA,NA,NA,NA,FALSE,FALSE,RSVHub-hub-models,2026-05-20,RSVHub baseline model
Iowa,IA,0,wk inc rsv hosp,hosp,2026-05-23,2026-05-23,UGA_flucast-INFLAenza,3,5,7,11,15,21,29,3,5,7,10,20,20,30,0.09355377096540007,0.15592295160900013,0.2182921322526002,0.34303049353980025,0.4677688548270003,0.6548763967578005,0.90435311933220075,0.09,0.16,0.22,0.34,0.47,0.65,0.9,TRUE,FALSE,UGA_flucast,2026-05-20,INFLAenza
Iowa,IA,1,wk inc rsv hosp,hosp,2026-05-23,2026-05-30,UGA_flucast-INFLAenza,1,3,5,8,12,17,25,1,3,5,8,10,20,30,0.031184590321800022,0.09355377096540007,0.15592295160900013,0.24947672257440018,0.3742150838616003,0.5301380354706003,0.7796147580450007,0.03,0.09,0.16,0.25,0.37,0.53,0.78,TRUE,FALSE,UGA_flucast,2026-05-20,INFLAenza
Iowa,IA,2,wk inc rsv hosp,hosp,2026-05-23,2026-06-06,UGA_flucast-INFLAenza,1,2,3,6,10,14,22,1,2,3,6,10,10,20,0.031184590321800022,0.062369180643600045,0.09355377096540007,0.18710754193080015,0.31184590321800026,0.4365842645052004,0.6860609870796005,0.03,0.06,0.09,0.19,0.31,0.44,0.69,TRUE,FALSE,UGA_flucast,2026-05-20,INFLAenza
Iowa,IA,0,wk inc rsv prop ed visits,prop_ed,2026-05-23,2026-05-23,UGA_flucast-INFLAenza,1.320058862453298e-4,2.1061979718787853e-4,3.035854588087538e-4,4.4038055185388847e-4,6.002902094032881e-4,7.810226016142601e-4,9.812109217659003e-4,1.3e-4,2.1e-4,3e-4,4.4e-4,6e-4,7.8e-4,9.8e-4,NA,NA,NA,NA,NA,NA,NA,NA,NA,NA,NA,NA,NA,NA,TRUE,FALSE,UGA_flucast,2026-05-20,INFLAenza
Iowa,IA,1,wk inc rsv prop ed visits,prop_ed,2026-05-23,2026-05-30,UGA_flucast-INFLAenza,8.839295111036271e-5,1.6126491142851935e-4,2.5160918044001777e-4,3.870674487374435e-4,5.589994489885935e-4,7.450954039566386e-4,9.846554695550392e-4,8.8e-5,1.6e-4,2.5e-4,3.9e-4,5.6e-4,7.5e-4,9.8e-4,NA,NA,NA,NA,NA,NA,NA,NA,NA,NA,NA,NA,NA,NA,TRUE,FALSE,UGA_flucast,2026-05-20,INFLAenza
Iowa,IA,2,wk inc rsv prop ed visits,prop_ed,2026-05-23,2026-06-06,UGA_flucast-INFLAenza,7.247429080028066e-5,1.3966718063683603e-4,2.2426844453572845e-4,3.5003702042197106e-4,5.210408260206815e-4,7.091655647185752e-4,9.843070495836174e-4,7.2e-5,1.4e-4,2.2e-4,3.5e-4,5.2e-4,7.1e-4,9.8e-4,NA,NA,NA,NA,NA,NA,NA,NA,NA,NA,NA,NA,NA,NA,TRUE,FALSE,UGA_flucast,2026-05-20,INFLAenza
Iowa,IA,0,wk inc rsv hosp,hosp,2026-05-23,2026-05-23,RSVHub-ensemble,6,9,11.5,13.5,18.5,22,29,6,9,10,10,20,20,30,0.18710754193080015,0.2806613128962002,0.3586227887007003,0.4209919693443004,0.5769149209533004,0.6860609870796005,0.90435311933220075,0.19,0.28,0.36,0.42,0.58,0.69,0.9,FALSE,TRUE,RSVHub,2026-05-20,Ensemble using RSVHub forecast submissions
Iowa,IA,1,wk inc rsv hosp,hosp,2026-05-23,2026-05-30,RSVHub-ensemble,4,6.5,7.5,10.5,13.5,18.5,26,4,7,8,10,10,20,30,0.12473836128720009,0.20269983709170017,0.23388442741350016,0.32743819837890026,0.4209919693443004,0.5769149209533004,0.8107993483668007,0.12,0.2,0.23,0.33,0.42,0.58,0.81,FALSE,TRUE,RSVHub,2026-05-20,Ensemble using RSVHub forecast submissions
Iowa,IA,2,wk inc rsv hosp,hosp,2026-05-23,2026-06-06,RSVHub-ensemble,2,4,5,7.5,10,14,26,2,4,5,8,10,10,30,0.062369180643600045,0.12473836128720009,0.15592295160900013,0.23388442741350016,0.31184590321800026,0.4365842645052004,0.8107993483668007,0.06,0.12,0.16,0.23,0.31,0.44,0.81,FALSE,TRUE,RSVHub,2026-05-20,Ensemble using RSVHub forecast submissions
Kansas,KS,0,wk inc rsv hosp,hosp,2026-05-23,2026-05-23,CEPH-Rtrend_rsv,4,5,6,8,10,12,14,4,5,6,8,10,10,10,0.13698109421182963,0.17122636776478703,0.20547164131774442,0.27396218842365927,0.34245273552957406,0.41094328263548885,0.4794338297414037,0.14,0.17,0.21,0.27,0.34,0.41,0.48,TRUE,FALSE,CEPH Lab at Indiana University,2026-05-20,Rtrend RSV
Kansas,KS,1,wk inc rsv hosp,hosp,2026-05-23,2026-05-30,CEPH-Rtrend_rsv,3,4,5,7,9,11,15,3,4,5,7,9,10,20,0.10273582065887221,0.13698109421182963,0.17122636776478703,0.23971691487070185,0.30820746197661664,0.3766980090825315,0.5136791032943611,0.1,0.14,0.17,0.24,0.31,0.38,0.51,TRUE,FALSE,CEPH Lab at Indiana University,2026-05-20,Rtrend RSV
Kansas,KS,2,wk inc rsv hosp,hosp,2026-05-23,2026-06-06,CEPH-Rtrend_rsv,2,2,4,5,8,11,15,2,2,4,5,8,10,20,0.06849054710591482,0.06849054710591482,0.13698109421182963,0.17122636776478703,0.27396218842365927,0.3766980090825315,0.5136791032943611,0.07,0.07,0.14,0.17,0.27,0.38,0.51,TRUE,FALSE,CEPH Lab at Indiana University,2026-05-20,Rtrend RSV
Kansas,KS,0,wk inc rsv prop ed visits,prop_ed,2026-05-23,2026-05-23,CFA_Pyrenew-Pyrenew_E_RSV,1.227338026943702e-4,2.0890465412133115e-4,2.9121915445604334e-4,4.065679172576012e-4,5.321534553685594e-4,6.757697603959795e-4,8.386715465073801e-4,1.2e-4,2.1e-4,2.9e-4,4.1e-4,5.3e-4,6.8e-4,8.4e-4,NA,NA,NA,NA,NA,NA,NA,NA,NA,NA,NA,NA,NA,NA,TRUE,FALSE,Center for Forecasting and Outbreak Analytics (CFA/CDC) Pyrenew team,2026-05-20,Pyrenew_ED_Visits_RSV
Kansas,KS,1,wk inc rsv prop ed visits,prop_ed,2026-05-23,2026-05-30,CFA_Pyrenew-Pyrenew_E_RSV,7.667972489937732e-5,1.2446197967573602e-4,2.0525849497590688e-4,3.166977973870727e-4,4.4235799456467215e-4,5.784922436622043e-4,8.00362897768745e-4,7.7e-5,1.2e-4,2.1e-4,3.2e-4,4.4e-4,5.8e-4,8e-4,NA,NA,NA,NA,NA,NA,NA,NA,NA,NA,NA,NA,NA,NA,TRUE,FALSE,Center for Forecasting and Outbreak Analytics (CFA/CDC) Pyrenew team,2026-05-20,Pyrenew_ED_Visits_RSV
Kansas,KS,0,wk inc rsv hosp,hosp,2026-05-23,2026-05-23,CFA_Pyrenew-Pyrenew_HE_RSV,2,3,4,6,8,10,13,2,3,4,6,8,10,10,0.06849054710591482,0.10273582065887221,0.13698109421182963,0.20547164131774442,0.27396218842365927,0.34245273552957406,0.44518855618844627,0.07,0.1,0.14,0.21,0.27,0.34,0.45,TRUE,FALSE,Center for Forecasting and Outbreak Analytics (CFA/CDC) Pyrenew team,2026-05-20,Pyrenew_Hospital_Admissions_ED_Visits_RSV
Kansas,KS,1,wk inc rsv hosp,hosp,2026-05-23,2026-05-30,CFA_Pyrenew-Pyrenew_HE_RSV,1,2,3,5,7,9,11,1,2,3,5,7,9,10,0.03424527355295741,0.06849054710591482,0.10273582065887221,0.17122636776478703,0.23971691487070185,0.30820746197661664,0.3766980090825315,0.03,0.07,0.1,0.17,0.24,0.31,0.38,TRUE,FALSE,Center for Forecasting and Outbreak Analytics (CFA/CDC) Pyrenew team,2026-05-20,Pyrenew_Hospital_Admissions_ED_Visits_RSV
Kansas,KS,0,wk inc rsv prop ed visits,prop_ed,2026-05-23,2026-05-23,CFA_Pyrenew-Pyrenew_HE_RSV,1.5863857334990258e-4,2.3687274974430153e-4,3.2157278212518656e-4,4.327906596569806e-4,5.506800548797262e-4,6.667927196232728e-4,8.158745582367264e-4,1.6e-4,2.4e-4,3.2e-4,4.3e-4,5.5e-4,6.7e-4,8.2e-4,NA,NA,NA,NA,NA,NA,NA,NA,NA,NA,NA,NA,NA,NA,FALSE,FALSE,Center for Forecasting and Outbreak Analytics (CFA/CDC) Pyrenew team,2026-05-20,Pyrenew_Hospital_Admissions_ED_Visits_RSV
Kansas,KS,1,wk inc rsv prop ed visits,prop_ed,2026-05-23,2026-05-30,CFA_Pyrenew-Pyrenew_HE_RSV,7.768866984585468e-5,1.2617567596616785e-4,2.105737258243148e-4,3.3324040906056054e-4,4.7702779569265346e-4,6.430253623865376e-4,8.545837302526382e-4,7.8e-5,1.3e-4,2.1e-4,3.3e-4,4.8e-4,6.4e-4,8.5e-4,NA,NA,NA,NA,NA,NA,NA,NA,NA,NA,NA,NA,NA,NA,FALSE,FALSE,Center for Forecasting and Outbreak Analytics (CFA/CDC) Pyrenew team,2026-05-20,Pyrenew_Hospital_Admissions_ED_Visits_RSV
Kansas,KS,0,wk inc rsv hosp,hosp,2026-05-23,2026-05-23,CFA_Pyrenew-Pyrenew_H_RSV,1,3,5,7,10,13,18,1,3,5,7,10,10,20,0.03424527355295741,0.10273582065887221,0.17122636776478703,0.23971691487070185,0.34245273552957406,0.44518855618844627,0.6164149239532333,0.03,0.1,0.17,0.24,0.34,0.45,0.62,FALSE,FALSE,Center for Forecasting and Outbreak Analytics (CFA/CDC) Pyrenew team,2026-05-20,Pyrenew_Hospital_Admissions_RSV
Kansas,KS,1,wk inc rsv hosp,hosp,2026-05-23,2026-05-30,CFA_Pyrenew-Pyrenew_H_RSV,1,2,3,6,9,13,19,1,2,3,6,9,10,20,0.03424527355295741,0.06849054710591482,0.10273582065887221,0.20547164131774442,0.30820746197661664,0.44518855618844627,0.6506601975061906,0.03,0.07,0.1,0.21,0.31,0.45,0.65,FALSE,FALSE,Center for Forecasting and Outbreak Analytics (CFA/CDC) Pyrenew team,2026-05-20,Pyrenew_Hospital_Admissions_RSV
Kansas,KS,0,wk inc rsv hosp,hosp,2026-05-23,2026-05-23,Google_SAI-RSVEns,2,3.5,5,7,9,13,22,2,4,5,7,9,10,20,0.06849054710591482,0.11985845743535092,0.17122636776478703,0.23971691487070185,0.30820746197661664,0.44518855618844627,0.753396018165063,0.07,0.12,0.17,0.24,0.31,0.45,0.75,TRUE,FALSE,Google Science AI,2026-05-20,RSVEnsemble
Kansas,KS,1,wk inc rsv hosp,hosp,2026-05-23,2026-05-30,Google_SAI-RSVEns,1.5,2,4,5.5,7,10,16,2,2,4,6,7,10,20,0.051367910329436106,0.06849054710591482,0.13698109421182963,0.18834900454126574,0.23971691487070185,0.34245273552957406,0.5479243768473185,0.05,0.07,0.14,0.19,0.24,0.34,0.55,TRUE,FALSE,Google Science AI,2026-05-20,RSVEnsemble
Kansas,KS,2,wk inc rsv hosp,hosp,2026-05-23,2026-06-06,Google_SAI-RSVEns,1.5,2,3.5,5,6.5,8.5,13.5,2,2,4,5,7,9,10,0.051367910329436106,0.06849054710591482,0.11985845743535092,0.17122636776478703,0.22259427809422314,0.2910848252001379,0.46231119296492496,0.05,0.07,0.12,0.17,0.22,0.29,0.46,TRUE,FALSE,Google Science AI,2026-05-20,RSVEnsemble
Kansas,KS,0,wk inc rsv hosp,hosp,2026-05-23,2026-05-23,RSVHub-baseline,0,0,4.2499999999999964,9,13.749999999999996,22.30000000000002,43,0,0,4,9,10,20,40,0,0,0.14554241260006887,0.30820746197661664,0.4708725113531642,0.7636696002309508,1.4725467627771684,0,0,0.15,0.31,0.47,0.76,1.47,FALSE,FALSE,RSVHub-hub-models,2026-05-20,RSVHub baseline model
Kansas,KS,1,wk inc rsv hosp,hosp,2026-05-23,2026-05-30,RSVHub-baseline,0,0,2,9,18,33.735360353603554,51.031180311803034,0,0,2,9,20,30,50,0,0,0.06849054710591482,0.30820746197661664,0.6164149239532333,1.1552766437167477,1.7475767295079891,0,0,0.07,0.31,0.62,1.16,1.75,FALSE,FALSE,RSVHub-hub-models,2026-05-20,RSVHub baseline model
Kansas,KS,2,wk inc rsv hosp,hosp,2026-05-23,2026-06-06,RSVHub-baseline,0,0,0,9,21.232552325523248,39.38158581585825,57.31061310613106,0,0,0,9,20,40,60,0,0,0,0.30820746197661664,0.7271145626150255,1.348633179213333,1.962617623307164,0,0,0,0.31,0.73,1.35,1.96,FALSE,FALSE,RSVHub-hub-models,2026-05-20,RSVHub baseline model
Kansas,KS,0,wk inc rsv prop ed visits,prop_ed,2026-05-23,2026-05-23,RSVHub-baseline,0,0,2.999999999999999e-4,5e-4,7.000000000000001e-4,0.0016,0.0027724999999999824,0,0,3e-4,5e-4,7e-4,0.0016,0.0028,NA,NA,NA,NA,NA,NA,NA,NA,NA,NA,NA,NA,NA,NA,FALSE,FALSE,RSVHub-hub-models,2026-05-20,RSVHub baseline model
Kansas,KS,1,wk inc rsv prop ed visits,prop_ed,2026-05-23,2026-05-30,RSVHub-baseline,0,0,9.999999999999996e-5,5e-4,0.0011,0.0020538312383123823,0.003844975299752992,0,0,1e-4,5e-4,0.0011,0.0021,0.0038,NA,NA,NA,NA,NA,NA,NA,NA,NA,NA,NA,NA,NA,NA,FALSE,FALSE,RSVHub-hub-models,2026-05-20,RSVHub baseline model
Kansas,KS,2,wk inc rsv prop ed visits,prop_ed,2026-05-23,2026-06-06,RSVHub-baseline,0,0,0,5e-4,0.0013717202172021721,0.0025098346983469825,0.00433730127301272,0,0,0,5e-4,0.0014,0.0025,0.0043,NA,NA,NA,NA,NA,NA,NA,NA,NA,NA,NA,NA,NA,NA,FALSE,FALSE,RSVHub-hub-models,2026-05-20,RSVHub baseline model
Kansas,KS,0,wk inc rsv hosp,hosp,2026-05-23,2026-05-23,UGA_flucast-INFLAenza,1,2,3,6,9,12,17,1,2,3,6,9,10,20,0.03424527355295741,0.06849054710591482,0.10273582065887221,0.20547164131774442,0.30820746197661664,0.41094328263548885,0.5821696504002758,0.03,0.07,0.1,0.21,0.31,0.41,0.58,TRUE,FALSE,UGA_flucast,2026-05-20,INFLAenza
Kansas,KS,1,wk inc rsv hosp,hosp,2026-05-23,2026-05-30,UGA_flucast-INFLAenza,0,1,2,4,7,10,15,0,1,2,4,7,10,20,0,0.03424527355295741,0.06849054710591482,0.13698109421182963,0.23971691487070185,0.34245273552957406,0.5136791032943611,0,0.03,0.07,0.14,0.24,0.34,0.51,TRUE,FALSE,UGA_flucast,2026-05-20,INFLAenza
Kansas,KS,2,wk inc rsv hosp,hosp,2026-05-23,2026-06-06,UGA_flucast-INFLAenza,0,1,2,3,6,9,13,0,1,2,3,6,9,10,0,0.03424527355295741,0.06849054710591482,0.10273582065887221,0.20547164131774442,0.30820746197661664,0.44518855618844627,0,0.03,0.07,0.1,0.21,0.31,0.45,TRUE,FALSE,UGA_flucast,2026-05-20,INFLAenza
Kansas,KS,0,wk inc rsv prop ed visits,prop_ed,2026-05-23,2026-05-23,UGA_flucast-INFLAenza,1.2865332791540664e-4,2.179501939538412e-4,3.231836967983152e-4,4.5783434543371793e-4,6.317513468982437e-4,8.091477921201797e-4,0.0010691662129399513,1.3e-4,2.2e-4,3.2e-4,4.6e-4,6.3e-4,8.1e-4,0.0011,NA,NA,NA,NA,NA,NA,NA,NA,NA,NA,NA,NA,NA,NA,TRUE,FALSE,UGA_flucast,2026-05-20,INFLAenza
Kansas,KS,1,wk inc rsv prop ed visits,prop_ed,2026-05-23,2026-05-30,UGA_flucast-INFLAenza,9.519499025966428e-5,1.722159996651597e-4,2.681943235869497e-4,3.997651455586198e-4,5.769898024719127e-4,7.830983578263509e-4,0.0010335780137521737,9.5e-5,1.7e-4,2.7e-4,4e-4,5.8e-4,7.8e-4,0.001,NA,NA,NA,NA,NA,NA,NA,NA,NA,NA,NA,NA,NA,NA,TRUE,FALSE,UGA_flucast,2026-05-20,INFLAenza
Kansas,KS,2,wk inc rsv prop ed visits,prop_ed,2026-05-23,2026-06-06,UGA_flucast-INFLAenza,6.916937469312886e-5,1.387449858507172e-4,2.2781927201458472e-4,3.619875534632284e-4,5.28268011612542e-4,7.365014600451915e-4,0.0010108859578066285,6.9e-5,1.4e-4,2.3e-4,3.6e-4,5.3e-4,7.4e-4,0.001,NA,NA,NA,NA,NA,NA,NA,NA,NA,NA,NA,NA,NA,NA,TRUE,FALSE,UGA_flucast,2026-05-20,INFLAenza
Kansas,KS,0,wk inc rsv hosp,hosp,2026-05-23,2026-05-23,RSVHub-ensemble,2,3.25,4.5,6.5,9,12,15.5,2,3,5,7,9,10,20,0.06849054710591482,0.11129713904711157,0.15410373098830832,0.22259427809422314,0.30820746197661664,0.41094328263548885,0.5308017400708398,0.07,0.11,0.15,0.22,0.31,0.41,0.53,FALSE,TRUE,RSVHub,2026-05-20,Ensemble using RSVHub forecast submissions
Kansas,KS,1,wk inc rsv hosp,hosp,2026-05-23,2026-05-30,RSVHub-ensemble,1.25,2,3.5,5.25,7,10,15,1,2,4,5,7,10,20,0.04280659194119676,0.06849054710591482,0.11985845743535092,0.17978768615302637,0.23971691487070185,0.34245273552957406,0.5136791032943611,0.04,0.07,0.12,0.18,0.24,0.34,0.51,FALSE,TRUE,RSVHub,2026-05-20,Ensemble using RSVHub forecast submissions
Kansas,KS,2,wk inc rsv hosp,hosp,2026-05-23,2026-06-06,RSVHub-ensemble,1.5,2,3.5,5,6.5,9,13.5,2,2,4,5,7,9,10,0.051367910329436106,0.06849054710591482,0.11985845743535092,0.17122636776478703,0.22259427809422314,0.30820746197661664,0.46231119296492496,0.05,0.07,0.12,0.17,0.22,0.31,0.46,FALSE,TRUE,RSVHub,2026-05-20,Ensemble using RSVHub forecast submissions
Kansas,KS,0,wk inc rsv prop ed visits,prop_ed,2026-05-23,2026-05-23,RSVHub-ensemble,1.2569356530488842e-4,2.1342742403758616e-4,3.072014256271793e-4,4.3220113134565956e-4,5.819524011334016e-4,7.424587762580796e-4,9.539188797236657e-4,1.3e-4,2.1e-4,3.1e-4,4.3e-4,5.8e-4,7.4e-4,9.5e-4,NA,NA,NA,NA,NA,NA,NA,NA,NA,NA,NA,NA,NA,NA,FALSE,TRUE,RSVHub,2026-05-20,Ensemble using RSVHub forecast submissions
Kansas,KS,1,wk inc rsv prop ed visits,prop_ed,2026-05-23,2026-05-30,RSVHub-ensemble,8.59373575795208e-5,1.4833898967044786e-4,2.3672640928142828e-4,3.5823147147284626e-4,5.096738985182924e-4,6.807953007442777e-4,9.169704557604593e-4,8.6e-5,1.5e-4,2.4e-4,3.6e-4,5.1e-4,6.8e-4,9.2e-4,NA,NA,NA,NA,NA,NA,NA,NA,NA,NA,NA,NA,NA,NA,FALSE,TRUE,RSVHub,2026-05-20,Ensemble using RSVHub forecast submissions
Kentucky,KY,0,wk inc rsv hosp,hosp,2026-05-23,2026-05-23,CEPH-Rtrend_rsv,17,20,24,30,37,43,50,20,20,20,30,40,40,50,0.37698945094812847,0.44351700111544523,0.5322204013385343,0.665275501673168,0.8205064520635736,0.9535615523982073,1.1087925027886132,0.38,0.44,0.53,0.67,0.82,0.95,1.11,TRUE,FALSE,CEPH Lab at Indiana University,2026-05-20,Rtrend RSV
Kentucky,KY,1,wk inc rsv hosp,hosp,2026-05-23,2026-05-30,CEPH-Rtrend_rsv,12,15,20,26,34,43,54,10,20,20,30,30,40,50,0.26611020066926716,0.332637750836584,0.44351700111544523,0.5765721014500789,0.7539789018962569,0.9535615523982073,1.197495903011702,0.27,0.33,0.44,0.58,0.75,0.95,1.2,TRUE,FALSE,CEPH Lab at Indiana University,2026-05-20,Rtrend RSV
Kentucky,KY,2,wk inc rsv hosp,hosp,2026-05-23,2026-06-06,CEPH-Rtrend_rsv,8,11,15,22,31,42,56,8,10,20,20,30,40,60,0.1774068004461781,0.2439343506134949,0.332637750836584,0.4878687012269898,0.6874513517289401,0.931385702342435,1.2418476031232466,0.18,0.24,0.33,0.49,0.69,0.93,1.24,TRUE,FALSE,CEPH Lab at Indiana University,2026-05-20,Rtrend RSV
Kentucky,KY,0,wk inc rsv prop ed visits,prop_ed,2026-05-23,2026-05-23,CFA_Pyrenew-Pyrenew_E_RSV,7.059494456882861e-4,8.536728308538773e-4,9.760268798582738e-4,0.0011386759003320025,0.0013197786438920447,0.0015107149932592884,0.0017409782345040173,7.1e-4,8.5e-4,9.8e-4,0.0011,0.0013,0.0015,0.0017,NA,NA,NA,NA,NA,NA,NA,NA,NA,NA,NA,NA,NA,NA,TRUE,FALSE,Center for Forecasting and Outbreak Analytics (CFA/CDC) Pyrenew team,2026-05-20,Pyrenew_ED_Visits_RSV
Kentucky,KY,1,wk inc rsv prop ed visits,prop_ed,2026-05-23,2026-05-30,CFA_Pyrenew-Pyrenew_E_RSV,4.4120913543019394e-4,5.796911584222482e-4,7.165300084998752e-4,8.971972891980283e-4,0.0011043693809280662,0.0013200598317383103,0.001604876013309437,4.4e-4,5.8e-4,7.2e-4,9e-4,0.0011,0.0013,0.0016,NA,NA,NA,NA,NA,NA,NA,NA,NA,NA,NA,NA,NA,NA,TRUE,FALSE,Center for Forecasting and Outbreak Analytics (CFA/CDC) Pyrenew team,2026-05-20,Pyrenew_ED_Visits_RSV
Kentucky,KY,0,wk inc rsv hosp,hosp,2026-05-23,2026-05-23,CFA_Pyrenew-Pyrenew_HE_RSV,9,12,15,19,24,28,34,9,10,20,20,20,30,30,0.19958265050195037,0.26611020066926716,0.332637750836584,0.421341151059673,0.5322204013385343,0.6209238015616233,0.7539789018962569,0.2,0.27,0.33,0.42,0.53,0.62,0.75,TRUE,FALSE,Center for Forecasting and Outbreak Analytics (CFA/CDC) Pyrenew team,2026-05-20,Pyrenew_Hospital_Admissions_ED_Visits_RSV
Kentucky,KY,1,wk inc rsv hosp,hosp,2026-05-23,2026-05-30,CFA_Pyrenew-Pyrenew_HE_RSV,6,10,12,16,20,24,30,6,10,10,20,20,20,30,0.13305510033463358,0.22175850055772262,0.26611020066926716,0.3548136008923562,0.44351700111544523,0.5322204013385343,0.665275501673168,0.13,0.22,0.27,0.35,0.44,0.53,0.67,TRUE,FALSE,Center for Forecasting and Outbreak Analytics (CFA/CDC) Pyrenew team,2026-05-20,Pyrenew_Hospital_Admissions_ED_Visits_RSV
Kentucky,KY,0,wk inc rsv prop ed visits,prop_ed,2026-05-23,2026-05-23,CFA_Pyrenew-Pyrenew_HE_RSV,7.916143693319427e-4,9.282295195132818e-4,0.0010695807815870487,0.0012411228457059442,0.0014387030977361338,0.0016040732344960102,0.0018250125324147386,7.9e-4,0.00093000000000000005,0.0011,0.0012,0.0014,0.0016,0.0018,NA,NA,NA,NA,NA,NA,NA,NA,NA,NA,NA,NA,NA,NA,FALSE,FALSE,Center for Forecasting and Outbreak Analytics (CFA/CDC) Pyrenew team,2026-05-20,Pyrenew_Hospital_Admissions_ED_Visits_RSV
Kentucky,KY,1,wk inc rsv prop ed visits,prop_ed,2026-05-23,2026-05-30,CFA_Pyrenew-Pyrenew_HE_RSV,5.22871977203426e-4,6.625042299272445e-4,8.080610587212824e-4,0.0010022997498273455,0.001235264888097873,0.0014850887487518139,0.0018004698456390916,5.2e-4,6.6e-4,8.1e-4,0.001,0.0012,0.0015,0.0018,NA,NA,NA,NA,NA,NA,NA,NA,NA,NA,NA,NA,NA,NA,FALSE,FALSE,Center for Forecasting and Outbreak Analytics (CFA/CDC) Pyrenew team,2026-05-20,Pyrenew_Hospital_Admissions_ED_Visits_RSV
Kentucky,KY,0,wk inc rsv hosp,hosp,2026-05-23,2026-05-23,CFA_Pyrenew-Pyrenew_H_RSV,15,20,24,30,38,46,57,20,20,20,30,40,50,60,0.332637750836584,0.44351700111544523,0.5322204013385343,0.665275501673168,0.842682302119346,1.020089102565524,1.2640234531790189,0.33,0.44,0.53,0.67,0.84,1.02,1.26,FALSE,FALSE,Center for Forecasting and Outbreak Analytics (CFA/CDC) Pyrenew team,2026-05-20,Pyrenew_Hospital_Admissions_RSV
Kentucky,KY,1,wk inc rsv hosp,hosp,2026-05-23,2026-05-30,CFA_Pyrenew-Pyrenew_H_RSV,11,15,20.75,28,38,49,67,10,20,20,30,40,50,70,0.2439343506134949,0.332637750836584,0.4601488886572745,0.6209238015616233,0.842682302119346,1.086616652732841,1.4857819537367416,0.24,0.33,0.46,0.62,0.84,1.09,1.49,FALSE,FALSE,Center for Forecasting and Outbreak Analytics (CFA/CDC) Pyrenew team,2026-05-20,Pyrenew_Hospital_Admissions_RSV
Kentucky,KY,0,wk inc rsv hosp,hosp,2026-05-23,2026-05-23,Google_SAI-RSVEns,13.5,17,19,23,28.5,35.5,50.5,10,20,20,20,30,40,50,0.2993739757529255,0.37698945094812847,0.421341151059673,0.510044551282762,0.6320117265895094,0.7872426769799153,1.1198804278164993,0.3,0.38,0.42,0.51,0.63,0.79,1.12,TRUE,FALSE,Google Science AI,2026-05-20,RSVEnsemble
Kentucky,KY,1,wk inc rsv hosp,hosp,2026-05-23,2026-05-30,Google_SAI-RSVEns,8.5,13.5,16,18.5,23,29.5,42,9,10,20,20,20,30,40,0.18849472547406423,0.2993739757529255,0.3548136008923562,0.4102532260317868,0.510044551282762,0.6541875766452817,0.931385702342435,0.19,0.3,0.35,0.41,0.51,0.65,0.93,TRUE,FALSE,Google Science AI,2026-05-20,RSVEnsemble
Kentucky,KY,2,wk inc rsv hosp,hosp,2026-05-23,2026-06-06,Google_SAI-RSVEns,6,9.5,11,14,19,24,40.5,6,10,10,10,20,20,40,0.13305510033463358,0.2106705755298365,0.2439343506134949,0.31046190078081165,0.421341151059673,0.5322204013385343,0.8981219272587767,0.13,0.21,0.24,0.31,0.42,0.53,0.9,TRUE,FALSE,Google Science AI,2026-05-20,RSVEnsemble
Kentucky,KY,0,wk inc rsv hosp,hosp,2026-05-23,2026-05-23,RSVHub-baseline,0,13.700000000000003,26,33,40,52.300000000000026,69.97499999999992,0,10,30,30,40,50,70,0,0.3038091457640801,0.5765721014500789,0.7318030518404847,0.8870340022308905,1.1597969579168899,1.5517551076526623,0,0.3,0.58,0.73,0.89,1.16,1.55,FALSE,FALSE,RSVHub-hub-models,2026-05-20,RSVHub baseline model
Kentucky,KY,1,wk inc rsv hosp,hosp,2026-05-23,2026-05-30,RSVHub-baseline,0,3,19,33,47,65,104.72733452334444,0,3,20,30,50,70,100,0,0.06652755016731679,0.421341151059673,0.7318030518404847,1.0422649526212964,1.441430253625197,2.322417667130388,0,0.07,0.42,0.73,1.04,1.44,2.32,FALSE,FALSE,RSVHub-hub-models,2026-05-20,RSVHub baseline model
Kentucky,KY,2,wk inc rsv hosp,hosp,2026-05-23,2026-06-06,RSVHub-baseline,0,0,14.896298962989635,33,51.85976109761098,73.82839328393285,133.1674299242993,0,0,10,30,50,70,130,0,0,0.33033809218921395,0.7318030518404847,1.1500342860287927,1.6372073793230788,2.9531009583138217,0,0,0.33,0.73,1.15,1.64,2.95,FALSE,FALSE,RSVHub-hub-models,2026-05-20,RSVHub baseline model
Kentucky,KY,0,wk inc rsv prop ed visits,prop_ed,2026-05-23,2026-05-23,RSVHub-baseline,0,3.0000000000000035e-4,0.0011999999999999997,0.0014000000000000002,0.0016000000000000007,0.0025,0.004057499999999996,0,3e-4,0.0012,0.0014,0.0016,0.0025,0.0041,NA,NA,NA,NA,NA,NA,NA,NA,NA,NA,NA,NA,NA,NA,FALSE,FALSE,RSVHub-hub-models,2026-05-20,RSVHub baseline model
Kentucky,KY,1,wk inc rsv prop ed visits,prop_ed,2026-05-23,2026-05-30,RSVHub-baseline,0,0,8.000000000000001e-4,0.0014000000000000002,0.002046453964539645,0.0032721064210642107,0.0050722078220782185,0,0,8e-4,0.0014,0.002,0.0033,0.0051,NA,NA,NA,NA,NA,NA,NA,NA,NA,NA,NA,NA,NA,NA,FALSE,FALSE,RSVHub-hub-models,2026-05-20,RSVHub baseline model
Kentucky,KY,2,wk inc rsv prop ed visits,prop_ed,2026-05-23,2026-06-06,RSVHub-baseline,0,0,5.000000000000003e-4,0.0014000000000000002,0.002396691966919669,0.0037999999999999987,0.00561306168061679,0,0,5e-4,0.0014,0.0024,0.0038,0.0056,NA,NA,NA,NA,NA,NA,NA,NA,NA,NA,NA,NA,NA,NA,FALSE,FALSE,RSVHub-hub-models,2026-05-20,RSVHub baseline model
Kentucky,KY,0,wk inc rsv hosp,hosp,2026-05-23,2026-05-23,UGA_flucast-INFLAenza,6,9,13,18,25,34,47,6,9,10,20,30,30,50,0.13305510033463358,0.19958265050195037,0.28828605072503943,0.39916530100390074,0.5543962513943066,0.7539789018962569,1.0422649526212964,0.13,0.2,0.29,0.4,0.55,0.75,1.04,TRUE,FALSE,UGA_flucast,2026-05-20,INFLAenza
Kentucky,KY,1,wk inc rsv hosp,hosp,2026-05-23,2026-05-30,UGA_flucast-INFLAenza,3,5,9,13,20,28,41,3,5,9,10,20,30,40,0.06652755016731679,0.11087925027886131,0.19958265050195037,0.28828605072503943,0.44351700111544523,0.6209238015616233,0.9092098522866628,0.07,0.11,0.2,0.29,0.44,0.62,0.91,TRUE,FALSE,UGA_flucast,2026-05-20,INFLAenza
Kentucky,KY,2,wk inc rsv hosp,hosp,2026-05-23,2026-06-06,UGA_flucast-INFLAenza,2,4,6,10,16,24,35,2,4,6,10,20,20,40,0.044351700111544524,0.08870340022308905,0.13305510033463358,0.22175850055772262,0.3548136008923562,0.5322204013385343,0.7761547519520293,0.04,0.09,0.13,0.22,0.35,0.53,0.78,TRUE,FALSE,UGA_flucast,2026-05-20,INFLAenza
Kentucky,KY,0,wk inc rsv prop ed visits,prop_ed,2026-05-23,2026-05-23,UGA_flucast-INFLAenza,5.377677548575043e-4,7.427755561357713e-4,9.607420743564363e-4,0.001237166821815131,0.0015626672466584985,0.0018962706945446477,0.002316869687967609,5.4e-4,7.4e-4,9.6e-4,0.0012,0.0016,0.0019,0.0023,NA,NA,NA,NA,NA,NA,NA,NA,NA,NA,NA,NA,NA,NA,TRUE,FALSE,UGA_flucast,2026-05-20,INFLAenza
Kentucky,KY,1,wk inc rsv prop ed visits,prop_ed,2026-05-23,2026-05-30,UGA_flucast-INFLAenza,4.0108407063564437e-4,5.896529987108757e-4,7.964128511554109e-4,0.0010724654151137588,0.0014009028132921436,0.001770009803168797,0.0022700744970447014,4e-4,5.9e-4,8e-4,0.0011,0.0014,0.0018,0.0023,NA,NA,NA,NA,NA,NA,NA,NA,NA,NA,NA,NA,NA,NA,TRUE,FALSE,UGA_flucast,2026-05-20,INFLAenza
Kentucky,KY,2,wk inc rsv prop ed visits,prop_ed,2026-05-23,2026-06-06,UGA_flucast-INFLAenza,3.193933744186769e-4,4.832396255019705e-4,6.734239225151765e-4,9.534215262058736e-4,0.0013117952673599178,0.0017010444987432744,0.002261222548452403,3.2e-4,4.8e-4,6.7e-4,9.5e-4,0.0013,0.0017,0.0023,NA,NA,NA,NA,NA,NA,NA,NA,NA,NA,NA,NA,NA,NA,TRUE,FALSE,UGA_flucast,2026-05-20,INFLAenza
Kentucky,KY,0,wk inc rsv hosp,hosp,2026-05-23,2026-05-23,RSVHub-ensemble,11.25,14.5,17,21,26.75,34.75,48.5,10,10,20,20,30,30,50,0.24947831312743796,0.32154982580869784,0.37698945094812847,0.4656928511712175,0.5932039889919081,0.770610789438086,1.0755287277049548,0.25,0.32,0.38,0.47,0.59,0.77,1.08,FALSE,TRUE,RSVHub,2026-05-20,Ensemble using RSVHub forecast submissions
Kentucky,KY,1,wk inc rsv hosp,hosp,2026-05-23,2026-05-30,RSVHub-ensemble,7.25,11.75,14,17.25,21.5,28.75,41.5,7,10,10,20,20,30,40,0.16077491290434892,0.2605662381553241,0.31046190078081165,0.3825334134620715,0.47678077619910364,0.6375556891034526,0.920297777314549,0.16,0.26,0.31,0.38,0.48,0.64,0.92,FALSE,TRUE,RSVHub,2026-05-20,Ensemble using RSVHub forecast submissions
Kentucky,KY,2,wk inc rsv hosp,hosp,2026-05-23,2026-06-06,RSVHub-ensemble,6,9.5,11,14,19,24,40.5,6,10,10,10,20,20,40,0.13305510033463358,0.2106705755298365,0.2439343506134949,0.31046190078081165,0.421341151059673,0.5322204013385343,0.8981219272587767,0.13,0.21,0.24,0.31,0.42,0.53,0.9,FALSE,TRUE,RSVHub,2026-05-20,Ensemble using RSVHub forecast submissions
Kentucky,KY,0,wk inc rsv prop ed visits,prop_ed,2026-05-23,2026-05-23,RSVHub-ensemble,6.218586002728952e-4,7.982241934948243e-4,9.68384477107355e-4,0.0011879213610735666,0.0014412229452752715,0.001703492843901968,0.0020289239612358134,6.2e-4,8e-4,9.7e-4,0.0012,0.0014,0.0017,0.002,NA,NA,NA,NA,NA,NA,NA,NA,NA,NA,NA,NA,NA,NA,FALSE,TRUE,RSVHub,2026-05-20,Ensemble using RSVHub forecast submissions
Kentucky,KY,1,wk inc rsv prop ed visits,prop_ed,2026-05-23,2026-05-30,RSVHub-ensemble,4.2114660303291913e-4,5.84672078566562e-4,7.564714298276431e-4,9.848313521558937e-4,0.0012526360971101048,0.0015450348174535537,0.0019374752551770693,4.2e-4,5.8e-4,7.6e-4,9.8e-4,0.0013,0.0015,0.0019,NA,NA,NA,NA,NA,NA,NA,NA,NA,NA,NA,NA,NA,NA,FALSE,TRUE,RSVHub,2026-05-20,Ensemble using RSVHub forecast submissions
Louisiana,LA,0,wk inc rsv hosp,hosp,2026-05-23,2026-05-23,CEPH-Rtrend_rsv,6,9,12,16,21,27,33,6,9,10,20,20,30,30,0.1316062498930699,0.19740937483960488,0.2632124997861398,0.35094999971485313,0.4606218746257447,0.5922281245188147,0.7238343744118846,0.13,0.2,0.26,0.35,0.46,0.59,0.72,TRUE,FALSE,CEPH Lab at Indiana University,2026-05-20,Rtrend RSV
Louisiana,LA,1,wk inc rsv hosp,hosp,2026-05-23,2026-05-30,CEPH-Rtrend_rsv,4,7,10,15,22,31,43,4,7,10,20,20,30,40,0.08773749992871328,0.15354062487524825,0.21934374982178323,0.3290156247326748,0.48255624960792304,0.679965624447528,0.9431781242336679,0.09,0.15,0.22,0.33,0.48,0.68,0.94,TRUE,FALSE,CEPH Lab at Indiana University,2026-05-20,Rtrend RSV
Louisiana,LA,2,wk inc rsv hosp,hosp,2026-05-23,2026-06-06,CEPH-Rtrend_rsv,3,5,8,13,23,36,55,3,5,8,10,20,40,60,0.06580312494653495,0.10967187491089161,0.17547499985742657,0.2851468747683182,0.5044906245901014,0.7896374993584195,1.2063906240198077,0.07,0.11,0.18,0.29,0.5,0.79,1.21,TRUE,FALSE,CEPH Lab at Indiana University,2026-05-20,Rtrend RSV
Louisiana,LA,0,wk inc rsv prop ed visits,prop_ed,2026-05-23,2026-05-23,CFA_Pyrenew-Pyrenew_E_RSV,3.383657717304871e-4,4.2078941500869925e-4,5.026340137447331e-4,6.185441207380887e-4,7.326482506592628e-4,8.411755415414571e-4,9.848932255091525e-4,3.4e-4,4.2e-4,5e-4,6.2e-4,7.3e-4,8.4e-4,9.8e-4,NA,NA,NA,NA,NA,NA,NA,NA,NA,NA,NA,NA,NA,NA,TRUE,FALSE,Center for Forecasting and Outbreak Analytics (CFA/CDC) Pyrenew team,2026-05-20,Pyrenew_ED_Visits_RSV
Louisiana,LA,1,wk inc rsv prop ed visits,prop_ed,2026-05-23,2026-05-30,CFA_Pyrenew-Pyrenew_E_RSV,2.3801006291016246e-4,3.3602817679562034e-4,4.2893064640042673e-4,5.512878692272825e-4,6.927616688632001e-4,8.577454258004717e-4,0.001118989822861279,2.4e-4,3.4e-4,4.3e-4,5.5e-4,6.9e-4,8.6e-4,0.0011,NA,NA,NA,NA,NA,NA,NA,NA,NA,NA,NA,NA,NA,NA,TRUE,FALSE,Center for Forecasting and Outbreak Analytics (CFA/CDC) Pyrenew team,2026-05-20,Pyrenew_ED_Visits_RSV
Louisiana,LA,0,wk inc rsv hosp,hosp,2026-05-23,2026-05-23,CFA_Pyrenew-Pyrenew_HE_RSV,5,7.900000000000006,10,14,18,22,28,5,8,10,10,20,20,30,0.10967187491089161,0.17328156235920886,0.21934374982178323,0.3070812497504965,0.39481874967920977,0.48255624960792304,0.614162499500993,0.11,0.17,0.22,0.31,0.39,0.48,0.61,TRUE,FALSE,Center for Forecasting and Outbreak Analytics (CFA/CDC) Pyrenew team,2026-05-20,Pyrenew_Hospital_Admissions_ED_Visits_RSV
Louisiana,LA,1,wk inc rsv hosp,hosp,2026-05-23,2026-05-30,CFA_Pyrenew-Pyrenew_HE_RSV,4,6,9,12,16,21,28,4,6,9,10,20,20,30,0.08773749992871328,0.1316062498930699,0.19740937483960488,0.2632124997861398,0.35094999971485313,0.4606218746257447,0.614162499500993,0.09,0.13,0.2,0.26,0.35,0.46,0.61,TRUE,FALSE,Center for Forecasting and Outbreak Analytics (CFA/CDC) Pyrenew team,2026-05-20,Pyrenew_Hospital_Admissions_ED_Visits_RSV
Louisiana,LA,0,wk inc rsv prop ed visits,prop_ed,2026-05-23,2026-05-23,CFA_Pyrenew-Pyrenew_HE_RSV,3.419301623747756e-4,4.2652488721308605e-4,5.111866304830137e-4,6.2178014893529e-4,7.402059615089095e-4,8.669569229038463e-4,0.0010281830123297052,3.4e-4,4.3e-4,5.1e-4,6.2e-4,7.4e-4,8.7e-4,0.001,NA,NA,NA,NA,NA,NA,NA,NA,NA,NA,NA,NA,NA,NA,FALSE,FALSE,Center for Forecasting and Outbreak Analytics (CFA/CDC) Pyrenew team,2026-05-20,Pyrenew_Hospital_Admissions_ED_Visits_RSV
Louisiana,LA,1,wk inc rsv prop ed visits,prop_ed,2026-05-23,2026-05-30,CFA_Pyrenew-Pyrenew_HE_RSV,2.570438206641373e-4,3.4533648174634807e-4,4.3751048355877365e-4,5.67284702608216e-4,7.252705992785867e-4,9.007922004474783e-4,0.0011274458865409925,2.6e-4,3.5e-4,4.4e-4,5.7e-4,7.3e-4,9e-4,0.0011,NA,NA,NA,NA,NA,NA,NA,NA,NA,NA,NA,NA,NA,NA,FALSE,FALSE,Center for Forecasting and Outbreak Analytics (CFA/CDC) Pyrenew team,2026-05-20,Pyrenew_Hospital_Admissions_ED_Visits_RSV
Louisiana,LA,0,wk inc rsv hosp,hosp,2026-05-23,2026-05-23,CFA_Pyrenew-Pyrenew_H_RSV,5,8,11,15,20,25,33,5,8,10,20,20,30,30,0.10967187491089161,0.17547499985742657,0.24127812480396152,0.3290156247326748,0.43868749964356646,0.548359374554458,0.7238343744118846,0.11,0.18,0.24,0.33,0.44,0.55,0.72,FALSE,FALSE,Center for Forecasting and Outbreak Analytics (CFA/CDC) Pyrenew team,2026-05-20,Pyrenew_Hospital_Admissions_RSV
Louisiana,LA,1,wk inc rsv hosp,hosp,2026-05-23,2026-05-30,CFA_Pyrenew-Pyrenew_H_RSV,3,6,9,14,21,30,45,3,6,9,10,20,30,50,0.06580312494653495,0.1316062498930699,0.19740937483960488,0.3070812497504965,0.4606218746257447,0.6580312494653496,0.9870468741980244,0.07,0.13,0.2,0.31,0.46,0.66,0.99,FALSE,FALSE,Center for Forecasting and Outbreak Analytics (CFA/CDC) Pyrenew team,2026-05-20,Pyrenew_Hospital_Admissions_RSV
Louisiana,LA,0,wk inc rsv hosp,hosp,2026-05-23,2026-05-23,Google_SAI-RSVEns,6,9,10.5,11.5,13.5,18,25,6,9,10,10,10,20,30,0.1316062498930699,0.19740937483960488,0.23031093731287236,0.2522453122950507,0.29611406225940734,0.39481874967920977,0.548359374554458,0.13,0.2,0.23,0.25,0.3,0.39,0.55,TRUE,FALSE,Google Science AI,2026-05-20,RSVEnsemble
Louisiana,LA,1,wk inc rsv hosp,hosp,2026-05-23,2026-05-30,Google_SAI-RSVEns,4,5.5,7,9,13.5,18.5,24,4,6,7,9,10,20,20,0.08773749992871328,0.12063906240198076,0.15354062487524825,0.19740937483960488,0.29611406225940734,0.40578593717029887,0.5264249995722796,0.09,0.12,0.15,0.2,0.3,0.41,0.53,TRUE,FALSE,Google Science AI,2026-05-20,RSVEnsemble
Louisiana,LA,2,wk inc rsv hosp,hosp,2026-05-23,2026-06-06,Google_SAI-RSVEns,3,4.5,6,7.5,11,15,23.5,3,5,6,8,10,20,20,0.06580312494653495,0.09870468741980244,0.1316062498930699,0.1645078123663374,0.24127812480396152,0.3290156247326748,0.5154578120811906,0.07,0.1,0.13,0.16,0.24,0.33,0.52,TRUE,FALSE,Google Science AI,2026-05-20,RSVEnsemble
Louisiana,LA,0,wk inc rsv hosp,hosp,2026-05-23,2026-05-23,RSVHub-baseline,0,0,9,15,21,35.30000000000002,65.52499999999995,0,0,9,20,20,40,70,0,0,0.19740937483960488,0.3290156247326748,0.4606218746257447,0.7742834368708951,1.4372499207072333,0,0,0.2,0.33,0.46,0.77,1.44,FALSE,FALSE,RSVHub-hub-models,2026-05-20,RSVHub baseline model
Louisiana,LA,1,wk inc rsv hosp,hosp,2026-05-23,2026-05-30,RSVHub-baseline,0,0,4,15,28,47.38311683116831,85.32409299092988,0,0,4,20,30,50,90,0,0,0.08773749992871328,0.3290156247326748,0.614162499500993,1.0393190523992106,1.871530650677309,0,0,0.09,0.33,0.61,1.04,1.87,FALSE,FALSE,RSVHub-hub-models,2026-05-20,RSVHub baseline model
Louisiana,LA,2,wk inc rsv hosp,hosp,2026-05-23,2026-06-06,RSVHub-baseline,0,0,0,15,32.84104841048418,58.08574385743866,93.73250582505814,0,0,0,20,30,60,90,0,0,0,0.3290156247326748,0.7203478706434312,1.2740744868878204,2.0559639307860387,0,0,0,0.33,0.72,1.27,2.06,FALSE,FALSE,RSVHub-hub-models,2026-05-20,RSVHub baseline model
Louisiana,LA,0,wk inc rsv prop ed visits,prop_ed,2026-05-23,2026-05-23,RSVHub-baseline,0,0,3.999999999999999e-4,6e-4,7.999999999999999e-4,0.0013999999999999998,0.0029574999999999944,0,0,4e-4,6e-4,8e-4,0.0014,0.003,NA,NA,NA,NA,NA,NA,NA,NA,NA,NA,NA,NA,NA,NA,FALSE,FALSE,RSVHub-hub-models,2026-05-20,RSVHub baseline model
Louisiana,LA,1,wk inc rsv prop ed visits,prop_ed,2026-05-23,2026-05-30,RSVHub-baseline,0,0,2e-4,6e-4,0.0010999999999999998,0.0020089012890128943,0.0034000000000000007,0,0,2e-4,6e-4,0.0011,0.002,0.0034,NA,NA,NA,NA,NA,NA,NA,NA,NA,NA,NA,NA,NA,NA,FALSE,FALSE,RSVHub-hub-models,2026-05-20,RSVHub baseline model
Louisiana,LA,2,wk inc rsv prop ed visits,prop_ed,2026-05-23,2026-06-06,RSVHub-baseline,0,0,6.776263578034403e-20,6e-4,0.0013415754157541557,0.0025000000000000005,0.0039075364003640055,0,0,6.8e-20,6e-4,0.0013,0.0025,0.0039,NA,NA,NA,NA,NA,NA,NA,NA,NA,NA,NA,NA,NA,NA,FALSE,FALSE,RSVHub-hub-models,2026-05-20,RSVHub baseline model
Louisiana,LA,0,wk inc rsv hosp,hosp,2026-05-23,2026-05-23,UGA_flucast-INFLAenza,2,4,6,10,14,19,26,2,4,6,10,10,20,30,0.04386874996435664,0.08773749992871328,0.1316062498930699,0.21934374982178323,0.3070812497504965,0.4167531246613881,0.5702937495366364,0.04,0.09,0.13,0.22,0.31,0.42,0.57,TRUE,FALSE,UGA_flucast,2026-05-20,INFLAenza
Louisiana,LA,1,wk inc rsv hosp,hosp,2026-05-23,2026-05-30,UGA_flucast-INFLAenza,1,3,5,8,12,16,23,1,3,5,8,10,20,20,0.02193437498217832,0.06580312494653495,0.10967187491089161,0.17547499985742657,0.2632124997861398,0.35094999971485313,0.5044906245901014,0.02,0.07,0.11,0.18,0.26,0.35,0.5,TRUE,FALSE,UGA_flucast,2026-05-20,INFLAenza
Louisiana,LA,2,wk inc rsv hosp,hosp,2026-05-23,2026-06-06,UGA_flucast-INFLAenza,1,2,3,6,9,14,21,1,2,3,6,9,10,20,0.02193437498217832,0.04386874996435664,0.06580312494653495,0.1316062498930699,0.19740937483960488,0.3070812497504965,0.4606218746257447,0.02,0.04,0.07,0.13,0.2,0.31,0.46,TRUE,FALSE,UGA_flucast,2026-05-20,INFLAenza
Louisiana,LA,0,wk inc rsv prop ed visits,prop_ed,2026-05-23,2026-05-23,UGA_flucast-INFLAenza,1.5533760631220497e-4,2.5026017397844047e-4,3.5625728655505433e-4,5.099636795000807e-4,6.949834679895872e-4,8.864679556049751e-4,0.0011629918587409912,1.6e-4,2.5e-4,3.6e-4,5.1e-4,6.9e-4,8.9e-4,0.0012,NA,NA,NA,NA,NA,NA,NA,NA,NA,NA,NA,NA,NA,NA,TRUE,FALSE,UGA_flucast,2026-05-20,INFLAenza
Louisiana,LA,1,wk inc rsv prop ed visits,prop_ed,2026-05-23,2026-05-30,UGA_flucast-INFLAenza,1.1173409526878594e-4,1.9873148358674292e-4,2.95253527523714e-4,4.4256096037490026e-4,6.372539048124041e-4,8.449942514330146e-4,0.0011148672133814122,1.1e-4,2e-4,3e-4,4.4e-4,6.4e-4,8.4e-4,0.0011,NA,NA,NA,NA,NA,NA,NA,NA,NA,NA,NA,NA,NA,NA,TRUE,FALSE,UGA_flucast,2026-05-20,INFLAenza
Louisiana,LA,2,wk inc rsv prop ed visits,prop_ed,2026-05-23,2026-06-06,UGA_flucast-INFLAenza,8.512318031967864e-5,0.00016199418113544401,2.583567221210762e-4,4.0434823561740494e-4,5.983413987285963e-4,7.959959457012887e-4,0.0011049244867381261,8.5e-5,1.6e-4,2.6e-4,4e-4,6e-4,8e-4,0.0011,NA,NA,NA,NA,NA,NA,NA,NA,NA,NA,NA,NA,NA,NA,TRUE,FALSE,UGA_flucast,2026-05-20,INFLAenza
Louisiana,LA,0,wk inc rsv hosp,hosp,2026-05-23,2026-05-23,RSVHub-ensemble,5.5,8.450000000000003,10.25,12.75,16,20.5,27,6,8,10,10,20,20,30,0.12063906240198076,0.18534546859940687,0.22482734356732778,0.27966328102277355,0.35094999971485313,0.44965468713465556,0.5922281245188147,0.12,0.19,0.22,0.28,0.35,0.45,0.59,FALSE,TRUE,RSVHub,2026-05-20,Ensemble using RSVHub forecast submissions
Louisiana,LA,1,wk inc rsv hosp,hosp,2026-05-23,2026-05-30,RSVHub-ensemble,4,5.75,8,10.5,14.75,19.75,26,4,6,8,10,10,20,30,0.08773749992871328,0.12612265614752535,0.17547499985742657,0.23031093731287236,0.32353203098713024,0.4332039058980218,0.5702937495366364,0.09,0.13,0.18,0.23,0.32,0.43,0.57,FALSE,TRUE,RSVHub,2026-05-20,Ensemble using RSVHub forecast submissions
Louisiana,LA,2,wk inc rsv hosp,hosp,2026-05-23,2026-06-06,RSVHub-ensemble,3,4.5,6,7.5,11,15,23.5,3,5,6,8,10,20,20,0.06580312494653495,0.09870468741980244,0.1316062498930699,0.1645078123663374,0.24127812480396152,0.3290156247326748,0.5154578120811906,0.07,0.1,0.13,0.16,0.24,0.33,0.52,FALSE,TRUE,RSVHub,2026-05-20,Ensemble using RSVHub forecast submissions
Louisiana,LA,0,wk inc rsv prop ed visits,prop_ed,2026-05-23,2026-05-23,RSVHub-ensemble,2.46851689021346e-4,3.3552479449356986e-4,4.294456501498937e-4,5.642539001190848e-4,7.13815859324425e-4,8.638217485732161e-4,0.0010739425421250719,2.5e-4,3.4e-4,4.3e-4,5.6e-4,7.1e-4,8.6e-4,0.0011,NA,NA,NA,NA,NA,NA,NA,NA,NA,NA,NA,NA,NA,NA,FALSE,TRUE,RSVHub,2026-05-20,Ensemble using RSVHub forecast submissions
Louisiana,LA,1,wk inc rsv prop ed visits,prop_ed,2026-05-23,2026-05-30,RSVHub-ensemble,1.748720790894742e-4,2.6737983019118163e-4,3.6209208696207036e-4,4.969244148010914e-4,6.650077868378022e-4,8.513698386167431e-4,0.0011169285181213456,1.7e-4,2.7e-4,3.6e-4,5e-4,6.7e-4,8.5e-4,0.0011,NA,NA,NA,NA,NA,NA,NA,NA,NA,NA,NA,NA,NA,NA,FALSE,TRUE,RSVHub,2026-05-20,Ensemble using RSVHub forecast submissions
Maine,ME,0,wk inc rsv hosp,hosp,2026-05-23,2026-05-23,CEPH-Rtrend_rsv,0,1,1,1,2,3,3,0,1,1,1,2,3,3,0,0.07168124782716218,0.07168124782716218,0.07168124782716218,0.14336249565432435,0.21504374348148655,0.21504374348148655,0,0.07,0.07,0.07,0.14,0.22,0.22,TRUE,FALSE,CEPH Lab at Indiana University,2026-05-20,Rtrend RSV
Maine,ME,1,wk inc rsv hosp,hosp,2026-05-23,2026-05-30,CEPH-Rtrend_rsv,0,0,0,1,1,2,2,0,0,0,1,1,2,2,0,0,0,0.07168124782716218,0.07168124782716218,0.14336249565432435,0.14336249565432435,0,0,0,0.07,0.07,0.14,0.14,TRUE,FALSE,CEPH Lab at Indiana University,2026-05-20,Rtrend RSV
Maine,ME,2,wk inc rsv hosp,hosp,2026-05-23,2026-06-06,CEPH-Rtrend_rsv,0,0,0,0,1,1,2,0,0,0,0,1,1,2,0,0,0,0,0.07168124782716218,0.07168124782716218,0.14336249565432435,0,0,0,0,0.07,0.07,0.14,TRUE,FALSE,CEPH Lab at Indiana University,2026-05-20,Rtrend RSV
Maine,ME,0,wk inc rsv prop ed visits,prop_ed,2026-05-23,2026-05-23,CFA_Pyrenew-Pyrenew_E_RSV,2.270810343627415e-4,3.2324925524039057e-4,4.819897424577135e-4,6.99241821832531e-4,9.39293115176355e-4,0.0011974252924818645,0.0015071575972696362,2.3e-4,3.2e-4,4.8e-4,7e-4,9.4e-4,0.0012,0.0015,NA,NA,NA,NA,NA,NA,NA,NA,NA,NA,NA,NA,NA,NA,TRUE,FALSE,Center for Forecasting and Outbreak Analytics (CFA/CDC) Pyrenew team,2026-05-20,Pyrenew_ED_Visits_RSV
Maine,ME,1,wk inc rsv prop ed visits,prop_ed,2026-05-23,2026-05-30,CFA_Pyrenew-Pyrenew_E_RSV,7.563095099682838e-5,1.544777808246568e-4,2.4326323026288587e-4,4.4009498732638274e-4,6.45129311285238e-4,9.08224321721215e-4,0.0013141090699601535,7.6e-5,1.5e-4,2.4e-4,4.4e-4,6.5e-4,9.1e-4,0.0013,NA,NA,NA,NA,NA,NA,NA,NA,NA,NA,NA,NA,NA,NA,TRUE,FALSE,Center for Forecasting and Outbreak Analytics (CFA/CDC) Pyrenew team,2026-05-20,Pyrenew_ED_Visits_RSV
Maine,ME,0,wk inc rsv hosp,hosp,2026-05-23,2026-05-23,CFA_Pyrenew-Pyrenew_HE_RSV,1,2,3,4,6,7,9,1,2,3,4,6,7,9,0.07168124782716218,0.14336249565432435,0.21504374348148655,0.2867249913086487,0.4300874869629731,0.5017687347901353,0.6451312304444596,0.07,0.14,0.22,0.29,0.43,0.5,0.65,TRUE,FALSE,Center for Forecasting and Outbreak Analytics (CFA/CDC) Pyrenew team,2026-05-20,Pyrenew_Hospital_Admissions_ED_Visits_RSV
Maine,ME,1,wk inc rsv hosp,hosp,2026-05-23,2026-05-30,CFA_Pyrenew-Pyrenew_HE_RSV,0,1,2,3,4,6,7,0,1,2,3,4,6,7,0,0.07168124782716218,0.14336249565432435,0.21504374348148655,0.2867249913086487,0.4300874869629731,0.5017687347901353,0,0.07,0.14,0.22,0.29,0.43,0.5,TRUE,FALSE,Center for Forecasting and Outbreak Analytics (CFA/CDC) Pyrenew team,2026-05-20,Pyrenew_Hospital_Admissions_ED_Visits_RSV
Maine,ME,0,wk inc rsv prop ed visits,prop_ed,2026-05-23,2026-05-23,CFA_Pyrenew-Pyrenew_HE_RSV,2.1986783312099548e-4,3.199543281120351e-4,4.6910046189397567e-4,6.713307384545767e-4,8.843247163767477e-4,0.0011257151748817122,0.0014361344914398063,2.2e-4,3.2e-4,4.7e-4,6.7e-4,8.8e-4,0.0011,0.0014,NA,NA,NA,NA,NA,NA,NA,NA,NA,NA,NA,NA,NA,NA,FALSE,FALSE,Center for Forecasting and Outbreak Analytics (CFA/CDC) Pyrenew team,2026-05-20,Pyrenew_Hospital_Admissions_ED_Visits_RSV
Maine,ME,1,wk inc rsv prop ed visits,prop_ed,2026-05-23,2026-05-30,CFA_Pyrenew-Pyrenew_HE_RSV,7.476272764383488e-5,1.5302382238710605e-4,2.3557692201672483e-4,3.988318635414918e-4,6.122125076979746e-4,8.529222058274898e-4,0.0011382252522543176,7.5e-5,1.5e-4,2.4e-4,4e-4,6.1e-4,8.5e-4,0.0011,NA,NA,NA,NA,NA,NA,NA,NA,NA,NA,NA,NA,NA,NA,FALSE,FALSE,Center for Forecasting and Outbreak Analytics (CFA/CDC) Pyrenew team,2026-05-20,Pyrenew_Hospital_Admissions_ED_Visits_RSV
Maine,ME,0,wk inc rsv hosp,hosp,2026-05-23,2026-05-23,CFA_Pyrenew-Pyrenew_H_RSV,0,1,2,4,6,8,11,0,1,2,4,6,8,10,0,0.07168124782716218,0.14336249565432435,0.2867249913086487,0.4300874869629731,0.5734499826172974,0.788493726098784,0,0.07,0.14,0.29,0.43,0.57,0.79,FALSE,FALSE,Center for Forecasting and Outbreak Analytics (CFA/CDC) Pyrenew team,2026-05-20,Pyrenew_Hospital_Admissions_RSV
Maine,ME,1,wk inc rsv hosp,hosp,2026-05-23,2026-05-30,CFA_Pyrenew-Pyrenew_H_RSV,0,0,1,3,5,7,10,0,0,1,3,5,7,10,0,0,0.07168124782716218,0.21504374348148655,0.3584062391358109,0.5017687347901353,0.7168124782716218,0,0,0.07,0.22,0.36,0.5,0.72,FALSE,FALSE,Center for Forecasting and Outbreak Analytics (CFA/CDC) Pyrenew team,2026-05-20,Pyrenew_Hospital_Admissions_RSV
Maine,ME,0,wk inc rsv hosp,hosp,2026-05-23,2026-05-23,Google_SAI-RSVEns,0,0.5,1,2.5,6,8.5,15,0,1,1,3,6,9,20,0,0.03584062391358109,0.07168124782716218,0.17920311956790544,0.4300874869629731,0.6092906065308785,1.0752187174074326,0,0.04,0.07,0.18,0.43,0.61,1.08,TRUE,FALSE,Google Science AI,2026-05-20,RSVEnsemble
Maine,ME,1,wk inc rsv hosp,hosp,2026-05-23,2026-05-30,Google_SAI-RSVEns,0,0,0.5,2,4,7,12,0,0,1,2,4,7,10,0,0,0.03584062391358109,0.14336249565432435,0.2867249913086487,0.5017687347901353,0.8601749739259462,0,0,0.04,0.14,0.29,0.5,0.86,TRUE,FALSE,Google Science AI,2026-05-20,RSVEnsemble
Maine,ME,2,wk inc rsv hosp,hosp,2026-05-23,2026-06-06,Google_SAI-RSVEns,0,0,0.5,1.5,3,5.5,11,0,0,1,2,3,6,10,0,0,0.03584062391358109,0.10752187174074328,0.21504374348148655,0.394246863049392,0.788493726098784,0,0,0.04,0.11,0.22,0.39,0.79,TRUE,FALSE,Google Science AI,2026-05-20,RSVEnsemble
Maine,ME,0,wk inc rsv hosp,hosp,2026-05-23,2026-05-23,RSVHub-baseline,0,0,0,2,4,8,11,0,0,0,2,4,8,10,0,0,0,0.14336249565432435,0.2867249913086487,0.5734499826172974,0.788493726098784,0,0,0,0.14,0.29,0.57,0.79,FALSE,FALSE,RSVHub-hub-models,2026-05-20,RSVHub baseline model
Maine,ME,1,wk inc rsv hosp,hosp,2026-05-23,2026-05-30,RSVHub-baseline,0,0,0,2,6,9,13.663820138201338,0,0,0,2,6,9,10,0,0,0,0.14336249565432435,0.4300874869629731,0.6451312304444596,0.9794396775921793,0,0,0,0.14,0.43,0.65,0.98,FALSE,FALSE,RSVHub-hub-models,2026-05-20,RSVHub baseline model
Maine,ME,2,wk inc rsv hosp,hosp,2026-05-23,2026-06-06,RSVHub-baseline,0,0,0,2,6.749962499624999,10.749962499625,15.749962499625,0,0,0,2,7,10,20,0,0,0,0.14336249565432435,0.4838457347596707,0.7705707260683194,1.1289769652041302,0,0,0,0.14,0.48,0.77,1.13,FALSE,FALSE,RSVHub-hub-models,2026-05-20,RSVHub baseline model
Maine,ME,0,wk inc rsv prop ed visits,prop_ed,2026-05-23,2026-05-23,RSVHub-baseline,0,0,5.000000000000001e-4,7.000000000000001e-4,9.000000000000001e-4,0.001430000000000004,0.0028000000000000004,0,0,5e-4,7e-4,9e-4,0.0014,0.0028,NA,NA,NA,NA,NA,NA,NA,NA,NA,NA,NA,NA,NA,NA,FALSE,FALSE,RSVHub-hub-models,2026-05-20,RSVHub baseline model
Maine,ME,1,wk inc rsv prop ed visits,prop_ed,2026-05-23,2026-05-30,RSVHub-baseline,0,0,3.0000000000000003e-4,7.000000000000001e-4,0.0011818883188831858,0.0022462984629846275,0.0041,0,0,3e-4,7e-4,0.0012,0.0022,0.0041,NA,NA,NA,NA,NA,NA,NA,NA,NA,NA,NA,NA,NA,NA,FALSE,FALSE,RSVHub-hub-models,2026-05-20,RSVHub baseline model
Maine,ME,2,wk inc rsv prop ed visits,prop_ed,2026-05-23,2026-06-06,RSVHub-baseline,0,0,1.0000000000000005e-4,7.000000000000001e-4,0.0014020640206402059,0.0026221435214352187,0.004806331913319129,0,0,1e-4,7e-4,0.0014,0.0026,0.0048,NA,NA,NA,NA,NA,NA,NA,NA,NA,NA,NA,NA,NA,NA,FALSE,FALSE,RSVHub-hub-models,2026-05-20,RSVHub baseline model
Maine,ME,0,wk inc rsv hosp,hosp,2026-05-23,2026-05-23,UGA_flucast-INFLAenza,0,1,3,4,7,9,14,0,1,3,4,7,9,10,0,0.07168124782716218,0.21504374348148655,0.2867249913086487,0.5017687347901353,0.6451312304444596,1.0035374695802706,0,0.07,0.22,0.29,0.5,0.65,1,TRUE,FALSE,UGA_flucast,2026-05-20,INFLAenza
Maine,ME,1,wk inc rsv hosp,hosp,2026-05-23,2026-05-30,UGA_flucast-INFLAenza,0,1,2,3,5,8,11,0,1,2,3,5,8,10,0,0.07168124782716218,0.14336249565432435,0.21504374348148655,0.3584062391358109,0.5734499826172974,0.788493726098784,0,0.07,0.14,0.22,0.36,0.57,0.79,TRUE,FALSE,UGA_flucast,2026-05-20,INFLAenza
Maine,ME,2,wk inc rsv hosp,hosp,2026-05-23,2026-06-06,UGA_flucast-INFLAenza,0,0,1,2,4,6,10,0,0,1,2,4,6,10,0,0,0.07168124782716218,0.14336249565432435,0.2867249913086487,0.4300874869629731,0.7168124782716218,0,0,0.07,0.14,0.29,0.43,0.72,TRUE,FALSE,UGA_flucast,2026-05-20,INFLAenza
Maine,ME,0,wk inc rsv prop ed visits,prop_ed,2026-05-23,2026-05-23,UGA_flucast-INFLAenza,3.678752515670919e-4,5.384244362629891e-4,7.042131862465609e-4,9.348595560147775e-4,0.0012010944008741431,0.0014734571761147194,0.0018618678638638077,3.7e-4,5.4e-4,7e-4,0.00093000000000000005,0.0012,0.0015,0.0019,NA,NA,NA,NA,NA,NA,NA,NA,NA,NA,NA,NA,NA,NA,TRUE,FALSE,UGA_flucast,2026-05-20,INFLAenza
Maine,ME,1,wk inc rsv prop ed visits,prop_ed,2026-05-23,2026-05-30,UGA_flucast-INFLAenza,2.785718731198512e-4,4.105247502617793e-4,5.739940723998394e-4,7.920685460609946e-4,0.0010551667203666346,0.0013508936035761094,0.0017362103329010717,2.8e-4,4.1e-4,5.7e-4,7.9e-4,0.0011,0.0014,0.0017,NA,NA,NA,NA,NA,NA,NA,NA,NA,NA,NA,NA,NA,NA,TRUE,FALSE,UGA_flucast,2026-05-20,INFLAenza
Maine,ME,2,wk inc rsv prop ed visits,prop_ed,2026-05-23,2026-06-06,UGA_flucast-INFLAenza,2.1056877675084158e-4,3.3305685997211205e-4,4.836579087208977e-4,7.006919543218353e-4,9.761671715565942e-4,0.001259414770779717,0.001689358420593102,2.1e-4,3.3e-4,4.8e-4,7e-4,9.8e-4,0.0013,0.0017,NA,NA,NA,NA,NA,NA,NA,NA,NA,NA,NA,NA,NA,NA,TRUE,FALSE,UGA_flucast,2026-05-20,INFLAenza
Maine,ME,0,wk inc rsv hosp,hosp,2026-05-23,2026-05-23,RSVHub-ensemble,0,1,2,3.25,6,7.75,11.5,0,1,2,3,6,8,10,0,0.07168124782716218,0.14336249565432435,0.23296405543827708,0.4300874869629731,0.5555296706605068,0.824334350012365,0,0.07,0.14,0.23,0.43,0.56,0.82,FALSE,TRUE,RSVHub,2026-05-20,Ensemble using RSVHub forecast submissions
Maine,ME,1,wk inc rsv hosp,hosp,2026-05-23,2026-05-30,RSVHub-ensemble,0,0.5,1.25,2.5,4,6.5,9,0,1,1,3,4,7,9,0,0.03584062391358109,0.08960155978395272,0.17920311956790544,0.2867249913086487,0.46592811087655417,0.6451312304444596,0,0.04,0.09,0.18,0.29,0.47,0.65,FALSE,TRUE,RSVHub,2026-05-20,Ensemble using RSVHub forecast submissions
Maine,ME,2,wk inc rsv hosp,hosp,2026-05-23,2026-06-06,RSVHub-ensemble,0,0,0.5,1.5,3,5.5,10,0,0,1,2,3,6,10,0,0,0.03584062391358109,0.10752187174074328,0.21504374348148655,0.394246863049392,0.7168124782716218,0,0,0.04,0.11,0.22,0.39,0.72,FALSE,TRUE,RSVHub,2026-05-20,Ensemble using RSVHub forecast submissions
Maine,ME,0,wk inc rsv prop ed visits,prop_ed,2026-05-23,2026-05-23,RSVHub-ensemble,2.974781429649167e-4,4.308368457516898e-4,5.931014643521372e-4,8.170506889236543e-4,0.001070193758025249,0.0013354412342982919,0.001684512730566722,3e-4,4.3e-4,5.9e-4,8.2e-4,0.0011,0.0013,0.0017,NA,NA,NA,NA,NA,NA,NA,NA,NA,NA,NA,NA,NA,NA,FALSE,TRUE,RSVHub,2026-05-20,Ensemble using RSVHub forecast submissions
Maine,ME,1,wk inc rsv prop ed visits,prop_ed,2026-05-23,2026-05-30,RSVHub-ensemble,1.771014120583398e-4,2.8250126554321805e-4,4.086286513313626e-4,6.160817666936887e-4,8.501480158259363e-4,0.0011295589626486623,0.0015251597014306127,1.8e-4,2.8e-4,4.1e-4,6.2e-4,8.5e-4,0.0011,0.0015,NA,NA,NA,NA,NA,NA,NA,NA,NA,NA,NA,NA,NA,NA,FALSE,TRUE,RSVHub,2026-05-20,Ensemble using RSVHub forecast submissions
Maryland,MD,0,wk inc rsv hosp,hosp,2026-05-23,2026-05-23,CEPH-Rtrend_rsv,3,6,8,11,14,17,22,3,6,8,10,10,20,20,0.048787040340702664,0.09757408068140533,0.13009877424187377,0.17888581458257646,0.22767285492327913,0.2764598952639818,0.3577716291651529,0.05,0.1,0.13,0.18,0.23,0.28,0.36,TRUE,FALSE,CEPH Lab at Indiana University,2026-05-20,Rtrend RSV
Maryland,MD,1,wk inc rsv hosp,hosp,2026-05-23,2026-05-30,CEPH-Rtrend_rsv,2,5,7,12,16,21,27,2,5,7,10,20,20,30,0.03252469356046844,0.08131173390117112,0.11383642746163956,0.19514816136281066,0.26019754848374754,0.3415092823849187,0.439083363066324,0.03,0.08,0.11,0.2,0.26,0.34,0.44,TRUE,FALSE,CEPH Lab at Indiana University,2026-05-20,Rtrend RSV
Maryland,MD,2,wk inc rsv hosp,hosp,2026-05-23,2026-06-06,CEPH-Rtrend_rsv,2,4,7,12,17,24,36,2,4,7,10,20,20,40,0.03252469356046844,0.06504938712093689,0.11383642746163956,0.19514816136281066,0.2764598952639818,0.3902963227256213,0.5854444840884321,0.03,0.07,0.11,0.2,0.28,0.39,0.59,TRUE,FALSE,CEPH Lab at Indiana University,2026-05-20,Rtrend RSV
Maryland,MD,0,wk inc rsv prop ed visits,prop_ed,2026-05-23,2026-05-23,CFA_Pyrenew-Pyrenew_E_RSV,0.00010957044320227245,1.5582568118756188e-4,2.1139698259700916e-4,2.7745312649710916e-4,3.51950951015856e-4,4.353295476268195e-4,5.372034754420157e-4,1.1e-4,1.6e-4,2.1e-4,2.8e-4,3.5e-4,4.4e-4,5.4e-4,NA,NA,NA,NA,NA,NA,NA,NA,NA,NA,NA,NA,NA,NA,TRUE,FALSE,Center for Forecasting and Outbreak Analytics (CFA/CDC) Pyrenew team,2026-05-20,Pyrenew_ED_Visits_RSV
Maryland,MD,1,wk inc rsv prop ed visits,prop_ed,2026-05-23,2026-05-30,CFA_Pyrenew-Pyrenew_E_RSV,4.549258621560981e-5,8.952440339287233e-5,1.4190731198916967e-4,2.0074453802078584e-4,2.678301519304441e-4,3.5082164300976075e-4,4.580090174320735e-4,4.5e-5,9e-5,1.4e-4,2e-4,2.7e-4,3.5e-4,4.6e-4,NA,NA,NA,NA,NA,NA,NA,NA,NA,NA,NA,NA,NA,NA,TRUE,FALSE,Center for Forecasting and Outbreak Analytics (CFA/CDC) Pyrenew team,2026-05-20,Pyrenew_ED_Visits_RSV
Maryland,MD,0,wk inc rsv hosp,hosp,2026-05-23,2026-05-23,CFA_Pyrenew-Pyrenew_H_RSV,2,5,7,10,15,20,27,2,5,7,10,20,20,30,0.03252469356046844,0.08131173390117112,0.11383642746163956,0.16262346780234224,0.24393520170351335,0.3252469356046845,0.439083363066324,0.03,0.08,0.11,0.16,0.24,0.33,0.44,FALSE,FALSE,Center for Forecasting and Outbreak Analytics (CFA/CDC) Pyrenew team,2026-05-20,Pyrenew_Hospital_Admissions_RSV
Maryland,MD,1,wk inc rsv hosp,hosp,2026-05-23,2026-05-30,CFA_Pyrenew-Pyrenew_H_RSV,2,4,6,11,17,26,41,2,4,6,10,20,30,40,0.03252469356046844,0.06504938712093689,0.09757408068140533,0.17888581458257646,0.2764598952639818,0.4228210162860898,0.6667562179896032,0.03,0.07,0.1,0.18,0.28,0.42,0.67,FALSE,FALSE,Center for Forecasting and Outbreak Analytics (CFA/CDC) Pyrenew team,2026-05-20,Pyrenew_Hospital_Admissions_RSV
Maryland,MD,0,wk inc rsv hosp,hosp,2026-05-23,2026-05-23,Google_SAI-RSVEns,3.5,5.5,7,8,10.5,16.5,24,4,6,7,8,10,20,20,0.05691821373081978,0.08944290729128823,0.11383642746163956,0.13009877424187377,0.17075464119245934,0.2683287218738647,0.3902963227256213,0.06,0.09,0.11,0.13,0.17,0.27,0.39,TRUE,FALSE,Google Science AI,2026-05-20,RSVEnsemble
Maryland,MD,1,wk inc rsv hosp,hosp,2026-05-23,2026-05-30,Google_SAI-RSVEns,3.5,4,6,7,9.5,14,17,4,4,6,7,10,10,20,0.05691821373081978,0.06504938712093689,0.09757408068140533,0.11383642746163956,0.15449229441222512,0.22767285492327913,0.2764598952639818,0.06,0.07,0.1,0.11,0.15,0.23,0.28,TRUE,FALSE,Google Science AI,2026-05-20,RSVEnsemble
Maryland,MD,2,wk inc rsv hosp,hosp,2026-05-23,2026-06-06,Google_SAI-RSVEns,2.5,4,5,7,9.5,11.5,16,3,4,5,7,10,10,20,0.04065586695058556,0.06504938712093689,0.08131173390117112,0.11383642746163956,0.15449229441222512,0.1870169879726936,0.26019754848374754,0.04,0.07,0.08,0.11,0.15,0.19,0.26,TRUE,FALSE,Google Science AI,2026-05-20,RSVEnsemble
Maryland,MD,0,wk inc rsv hosp,hosp,2026-05-23,2026-05-23,RSVHub-baseline,0,0,5.2499999999999964,12,18.749999999999996,33.90000000000006,66,0,0,5,10,20,30,70,0,0,0.08537732059622961,0.19514816136281066,0.3049190021293916,0.5512935558499412,1.0733148874954588,0,0,0.09,0.2,0.3,0.55,1.07,FALSE,FALSE,RSVHub-hub-models,2026-05-20,RSVHub baseline model
Maryland,MD,1,wk inc rsv hosp,hosp,2026-05-23,2026-05-30,RSVHub-baseline,0,0,1.620686206862075,12,25.243987439874406,48.164280642806474,78.06799767997677,0,0,2,10,30,50,80,0,0,0.026356161117933485,0.19514816136281066,0.41052647786311475,0.7832642342338413,1.269568850710303,0,0,0.03,0.2,0.41,0.78,1.27,FALSE,FALSE,RSVHub-hub-models,2026-05-20,RSVHub baseline model
Maryland,MD,2,wk inc rsv hosp,hosp,2026-05-23,2026-06-06,RSVHub-baseline,0,0,0,12,31.001750017500186,57.036386363863755,92.22674251742535,0,0,0,10,30,60,90,0,0,0,0.19514816136281066,0.5041612095787205,0.9275454941405749,1.4998232692297429,0,0,0,0.2,0.5,0.93,1.5,FALSE,FALSE,RSVHub-hub-models,2026-05-20,RSVHub baseline model
Maryland,MD,0,wk inc rsv prop ed visits,prop_ed,2026-05-23,2026-05-23,RSVHub-baseline,0,0,3e-4,5e-4,7.000000000000001e-4,0.0015600000000000071,0.003457499999999994,0,0,3e-4,5e-4,7e-4,0.0016,0.0035,NA,NA,NA,NA,NA,NA,NA,NA,NA,NA,NA,NA,NA,NA,FALSE,FALSE,RSVHub-hub-models,2026-05-20,RSVHub baseline model
Maryland,MD,1,wk inc rsv prop ed visits,prop_ed,2026-05-23,2026-05-30,RSVHub-baseline,0,0,9.999999999999996e-5,5e-4,0.0011047635476354755,0.00248490804908049,0.004012831003310015,0,0,1e-4,5e-4,0.0011,0.0025,0.004,NA,NA,NA,NA,NA,NA,NA,NA,NA,NA,NA,NA,NA,NA,FALSE,FALSE,RSVHub-hub-models,2026-05-20,RSVHub baseline model
Maryland,MD,2,wk inc rsv prop ed visits,prop_ed,2026-05-23,2026-06-06,RSVHub-baseline,0,0,0,5e-4,0.0014275582755827571,0.0029868366683666863,0.0046275582755827575,0,0,0,5e-4,0.0014,0.003,0.0046,NA,NA,NA,NA,NA,NA,NA,NA,NA,NA,NA,NA,NA,NA,FALSE,FALSE,RSVHub-hub-models,2026-05-20,RSVHub baseline model
Maryland,MD,0,wk inc rsv hosp,hosp,2026-05-23,2026-05-23,UM-DeepOutbreak,0,0,0.8830337664226615,10.4512056375,18.45025520857734,49.00065944400477,76.77646751416668,0,0,1,10,20,50,80,0,0,0.01436020132822167,0.1699611303485639,0.3000444483857074,0.7968657163385646,1.248565539276766,0,0,0.01,0.17,0.3,0.8,1.25,TRUE,FALSE,"University of Michigan, Computer Science and Engineering",2026-05-20,DeepOutbreak
Maryland,MD,1,wk inc rsv hosp,hosp,2026-05-23,2026-05-30,UM-DeepOutbreak,0,0,0,16.363237203749996,30.73030191290852,87.86133062886626,88.41393668750001,0,0,0,20,30,90,90,0,0,0,0.26610463785461264,0.4997468263690134,1.4288314272594378,1.4378180986177982,0,0,0,0.27,0.5,1.43,1.44,TRUE,FALSE,"University of Michigan, Computer Science and Engineering",2026-05-20,DeepOutbreak
Maryland,MD,2,wk inc rsv hosp,hosp,2026-05-23,2026-06-06,UM-DeepOutbreak,0,0,0,14.979106217500007,36.72073914370726,65.52421179692566,91.9871029775,0,0,0,10,40,70,90,0,0,0,0.24359541976694768,0.5971653939814886,1.0655774547431194,1.495926167929221,0,0,0,0.24,0.6,1.07,1.5,TRUE,FALSE,"University of Michigan, Computer Science and Engineering",2026-05-20,DeepOutbreak
Maryland,MD,0,wk inc rsv hosp,hosp,2026-05-23,2026-05-23,UGA_flucast-INFLAenza,0,1,3,4,7,10,14,0,1,3,4,7,10,10,0,0.01626234678023422,0.048787040340702664,0.06504938712093689,0.11383642746163956,0.16262346780234224,0.22767285492327913,0,0.02,0.05,0.07,0.11,0.16,0.23,TRUE,FALSE,UGA_flucast,2026-05-20,INFLAenza
Maryland,MD,1,wk inc rsv hosp,hosp,2026-05-23,2026-05-30,UGA_flucast-INFLAenza,0,1,2,3,6,8,12,0,1,2,3,6,8,10,0,0.01626234678023422,0.03252469356046844,0.048787040340702664,0.09757408068140533,0.13009877424187377,0.19514816136281066,0,0.02,0.03,0.05,0.1,0.13,0.2,TRUE,FALSE,UGA_flucast,2026-05-20,INFLAenza
Maryland,MD,2,wk inc rsv hosp,hosp,2026-05-23,2026-06-06,UGA_flucast-INFLAenza,0,0,1,3,5,7,11,0,0,1,3,5,7,10,0,0,0.01626234678023422,0.048787040340702664,0.08131173390117112,0.11383642746163956,0.17888581458257646,0,0,0.02,0.05,0.08,0.11,0.18,TRUE,FALSE,UGA_flucast,2026-05-20,INFLAenza
Maryland,MD,0,wk inc rsv prop ed visits,prop_ed,2026-05-23,2026-05-23,UGA_flucast-INFLAenza,9.146754255252715e-5,1.5632587089380704e-4,2.3985389399158914e-4,3.614517323121823e-4,5.215430052080029e-4,6.861204196566317e-4,9.05112272431324e-4,9.1e-5,1.6e-4,2.4e-4,3.6e-4,5.2e-4,6.9e-4,9.1e-4,NA,NA,NA,NA,NA,NA,NA,NA,NA,NA,NA,NA,NA,NA,TRUE,FALSE,UGA_flucast,2026-05-20,INFLAenza
Maryland,MD,1,wk inc rsv prop ed visits,prop_ed,2026-05-23,2026-05-30,UGA_flucast-INFLAenza,6.548432211735575e-5,1.2705244753448785e-4,2.05657980740625e-4,3.2751807410438154e-4,4.7837482206698344e-4,6.552346692489744e-4,8.998985348294299e-4,6.5e-5,1.3e-4,2.1e-4,3.3e-4,4.8e-4,6.6e-4,9e-4,NA,NA,NA,NA,NA,NA,NA,NA,NA,NA,NA,NA,NA,NA,TRUE,FALSE,UGA_flucast,2026-05-20,INFLAenza
Maryland,MD,2,wk inc rsv prop ed visits,prop_ed,2026-05-23,2026-06-06,UGA_flucast-INFLAenza,5.187881317016887e-5,1.0676860733585739e-4,1.7995706222516736e-4,2.9956220570413636e-4,4.504153873967009e-4,6.300113574886297e-4,8.662528527951107e-4,5.2e-5,1.1e-4,1.8e-4,3e-4,4.5e-4,6.3e-4,8.7e-4,NA,NA,NA,NA,NA,NA,NA,NA,NA,NA,NA,NA,NA,NA,TRUE,FALSE,UGA_flucast,2026-05-20,INFLAenza
Maryland,MD,0,wk inc rsv hosp,hosp,2026-05-23,2026-05-23,RSVHub-ensemble,1.5,3.25,5,9.22560281875,12.25,16.75,23,2,3,5,9,10,20,20,0.024393520170351332,0.05285262703576123,0.08131173390117112,0.15002995229521882,0.19921374805786923,0.27239430856892327,0.3740339759453872,0.02,0.05,0.08,0.15,0.2,0.27,0.37,FALSE,TRUE,RSVHub,2026-05-20,Ensemble using RSVHub forecast submissions
Maryland,MD,1,wk inc rsv hosp,hosp,2026-05-23,2026-05-30,RSVHub-ensemble,1,2.5,4,9.5,12.75,17.5,22,1,3,4,10,10,20,20,0.01626234678023422,0.04065586695058556,0.06504938712093689,0.15449229441222512,0.20734492144798636,0.2845910686540989,0.3577716291651529,0.02,0.04,0.07,0.15,0.21,0.28,0.36,FALSE,TRUE,RSVHub,2026-05-20,Ensemble using RSVHub forecast submissions
Maryland,MD,2,wk inc rsv hosp,hosp,2026-05-23,2026-06-06,RSVHub-ensemble,1,2,3,9.5,13.25,17.75,26,1,2,3,10,10,20,30,0.01626234678023422,0.03252469356046844,0.048787040340702664,0.15449229441222512,0.21547609483810348,0.28865665534915746,0.4228210162860898,0.02,0.03,0.05,0.15,0.22,0.29,0.42,FALSE,TRUE,RSVHub,2026-05-20,Ensemble using RSVHub forecast submissions
Maryland,MD,0,wk inc rsv prop ed visits,prop_ed,2026-05-23,2026-05-23,RSVHub-ensemble,1.005189928773998e-4,1.5607577604068444e-4,2.2562543829429915e-4,3.1945242940464576e-4,4.3674697811192946e-4,5.607249836417257e-4,7.211578739366698e-4,1e-4,1.6e-4,2.3e-4,3.2e-4,4.4e-4,5.6e-4,7.2e-4,NA,NA,NA,NA,NA,NA,NA,NA,NA,NA,NA,NA,NA,NA,FALSE,TRUE,RSVHub,2026-05-20,Ensemble using RSVHub forecast submissions
Maryland,MD,1,wk inc rsv prop ed visits,prop_ed,2026-05-23,2026-05-30,RSVHub-ensemble,5.548845416648278e-5,1.0828842546368009e-4,1.7378264636489735e-4,2.641313060625837e-4,3.7310248699871376e-4,5.030281561293676e-4,6.789537761307517e-4,5.5e-5,1.1e-4,1.7e-4,2.6e-4,3.7e-4,5e-4,6.8e-4,NA,NA,NA,NA,NA,NA,NA,NA,NA,NA,NA,NA,NA,NA,FALSE,TRUE,RSVHub,2026-05-20,Ensemble using RSVHub forecast submissions
Massachusetts,MA,0,wk inc rsv hosp,hosp,2026-05-23,2026-05-23,CEPH-Rtrend_rsv,10,14,18,25,34,43,54,10,10,20,30,30,40,50,0.14289729699759918,0.20005621579663885,0.2572151345956785,0.35724324249399797,0.4858508097918372,0.6144583770896764,0.7716454037870356,0.14,0.2,0.26,0.36,0.49,0.61,0.77,TRUE,FALSE,CEPH Lab at Indiana University,2026-05-20,Rtrend RSV
Massachusetts,MA,1,wk inc rsv hosp,hosp,2026-05-23,2026-05-30,CEPH-Rtrend_rsv,5,8,13,19,28,39,53,5,8,10,20,30,40,50,0.07144864849879959,0.11431783759807936,0.18576648609687893,0.27150486429543846,0.4001124315932777,0.5572994582906369,0.7573556740872757,0.07,0.11,0.19,0.27,0.4,0.56,0.76,TRUE,FALSE,CEPH Lab at Indiana University,2026-05-20,Rtrend RSV
Massachusetts,MA,2,wk inc rsv hosp,hosp,2026-05-23,2026-06-06,CEPH-Rtrend_rsv,3,5,8,14,23,35,51,3,5,8,10,20,40,50,0.04286918909927975,0.07144864849879959,0.11431783759807936,0.20005621579663885,0.32866378309447813,0.5001405394915971,0.7287762146877558,0.04,0.07,0.11,0.2,0.33,0.5,0.73,TRUE,FALSE,CEPH Lab at Indiana University,2026-05-20,Rtrend RSV
Massachusetts,MA,0,wk inc rsv prop ed visits,prop_ed,2026-05-23,2026-05-23,CFA_Pyrenew-Pyrenew_E_RSV,2.5693541745584595e-4,3.259986981041104e-4,3.9207858415360393e-4,4.794397998036995e-4,5.798559467586205e-4,6.73154308220809e-4,8.148481285925454e-4,2.6e-4,3.3e-4,3.9e-4,4.8e-4,5.8e-4,6.7e-4,8.1e-4,NA,NA,NA,NA,NA,NA,NA,NA,NA,NA,NA,NA,NA,NA,TRUE,FALSE,Center for Forecasting and Outbreak Analytics (CFA/CDC) Pyrenew team,2026-05-20,Pyrenew_ED_Visits_RSV
Massachusetts,MA,1,wk inc rsv prop ed visits,prop_ed,2026-05-23,2026-05-30,CFA_Pyrenew-Pyrenew_E_RSV,1.384837174037027e-4,1.9168511500674152e-4,2.5116447107974364e-4,3.412949982014511e-4,4.4773175324915753e-4,5.580682862883267e-4,7.369694349603112e-4,1.4e-4,1.9e-4,2.5e-4,3.4e-4,4.5e-4,5.6e-4,7.4e-4,NA,NA,NA,NA,NA,NA,NA,NA,NA,NA,NA,NA,NA,NA,TRUE,FALSE,Center for Forecasting and Outbreak Analytics (CFA/CDC) Pyrenew team,2026-05-20,Pyrenew_ED_Visits_RSV
Massachusetts,MA,0,wk inc rsv hosp,hosp,2026-05-23,2026-05-23,CFA_Pyrenew-Pyrenew_HE_RSV,9,12,15,19,23,27,32,9,10,20,20,20,30,30,0.12860756729783926,0.171476756397119,0.2143459454963988,0.27150486429543846,0.32866378309447813,0.3858227018935178,0.4572713503923174,0.13,0.17,0.21,0.27,0.33,0.39,0.46,TRUE,FALSE,Center for Forecasting and Outbreak Analytics (CFA/CDC) Pyrenew team,2026-05-20,Pyrenew_Hospital_Admissions_ED_Visits_RSV
Massachusetts,MA,1,wk inc rsv hosp,hosp,2026-05-23,2026-05-30,CFA_Pyrenew-Pyrenew_HE_RSV,6,8,10,13,17,21,26,6,8,10,10,20,20,30,0.0857383781985595,0.11431783759807936,0.14289729699759918,0.18576648609687893,0.2429254048959186,0.30008432369495824,0.37153297219375786,0.09,0.11,0.14,0.19,0.24,0.3,0.37,TRUE,FALSE,Center for Forecasting and Outbreak Analytics (CFA/CDC) Pyrenew team,2026-05-20,Pyrenew_Hospital_Admissions_ED_Visits_RSV
Massachusetts,MA,0,wk inc rsv prop ed visits,prop_ed,2026-05-23,2026-05-23,CFA_Pyrenew-Pyrenew_HE_RSV,2.715122695635611e-4,3.46059591295976e-4,4.1851220503540343e-4,5.068007630046644e-4,6.06568833072057e-4,7.161164166609059e-4,8.319182445078739e-4,2.7e-4,3.5e-4,4.2e-4,5.1e-4,6.1e-4,7.2e-4,8.3e-4,NA,NA,NA,NA,NA,NA,NA,NA,NA,NA,NA,NA,NA,NA,FALSE,FALSE,Center for Forecasting and Outbreak Analytics (CFA/CDC) Pyrenew team,2026-05-20,Pyrenew_Hospital_Admissions_ED_Visits_RSV
Massachusetts,MA,1,wk inc rsv prop ed visits,prop_ed,2026-05-23,2026-05-30,CFA_Pyrenew-Pyrenew_HE_RSV,1.4472428964149877e-4,1.980879175883727e-4,2.664193861751983e-4,3.6115320467965594e-4,4.75789254683238e-4,5.983596810597333e-4,7.80695086586389e-4,1.4e-4,2e-4,2.7e-4,3.6e-4,4.8e-4,6e-4,7.8e-4,NA,NA,NA,NA,NA,NA,NA,NA,NA,NA,NA,NA,NA,NA,FALSE,FALSE,Center for Forecasting and Outbreak Analytics (CFA/CDC) Pyrenew team,2026-05-20,Pyrenew_Hospital_Admissions_ED_Visits_RSV
Massachusetts,MA,0,wk inc rsv hosp,hosp,2026-05-23,2026-05-23,CFA_Pyrenew-Pyrenew_H_RSV,11,14,19,24,30,37,47,10,10,20,20,30,40,50,0.1571870266973591,0.20005621579663885,0.27150486429543846,0.342953512794238,0.4286918909927976,0.528719998891117,0.6716172958887162,0.16,0.2,0.27,0.34,0.43,0.53,0.67,FALSE,FALSE,Center for Forecasting and Outbreak Analytics (CFA/CDC) Pyrenew team,2026-05-20,Pyrenew_Hospital_Admissions_RSV
Massachusetts,MA,1,wk inc rsv hosp,hosp,2026-05-23,2026-05-30,CFA_Pyrenew-Pyrenew_H_RSV,6,9,13,18.5,25,32,43.024999999999864,6,9,10,20,30,30,40,0.0857383781985595,0.12860756729783926,0.18576648609687893,0.2643599994455585,0.35724324249399797,0.4572713503923174,0.6148156203321685,0.09,0.13,0.19,0.26,0.36,0.46,0.61,FALSE,FALSE,Center for Forecasting and Outbreak Analytics (CFA/CDC) Pyrenew team,2026-05-20,Pyrenew_Hospital_Admissions_RSV
Massachusetts,MA,0,wk inc rsv hosp,hosp,2026-05-23,2026-05-23,Google_SAI-RSVEns,13.5,17.5,18,23.5,31,41.5,67,10,20,20,20,30,40,70,0.1929113509467589,0.25007026974579855,0.2572151345956785,0.3358086479443581,0.4429816206925575,0.5930237825400366,0.9574118898839146,0.19,0.25,0.26,0.34,0.44,0.59,0.96,TRUE,FALSE,Google Science AI,2026-05-20,RSVEnsemble
Massachusetts,MA,1,wk inc rsv hosp,hosp,2026-05-23,2026-05-30,Google_SAI-RSVEns,9.5,15,17,19.5,24.5,32.5,56,10,20,20,20,20,30,60,0.13575243214771923,0.2143459454963988,0.2429254048959186,0.27864972914531844,0.350098377644118,0.46441621524219734,0.8002248631865554,0.14,0.21,0.24,0.28,0.35,0.46,0.8,TRUE,FALSE,Google Science AI,2026-05-20,RSVEnsemble
Massachusetts,MA,2,wk inc rsv hosp,hosp,2026-05-23,2026-06-06,Google_SAI-RSVEns,8,11.5,13,16.5,23,28,43,8,10,10,20,20,30,40,0.11431783759807936,0.16433189154723907,0.18576648609687893,0.23578054004603863,0.32866378309447813,0.4001124315932777,0.6144583770896764,0.11,0.16,0.19,0.24,0.33,0.4,0.61,TRUE,FALSE,Google Science AI,2026-05-20,RSVEnsemble
Massachusetts,MA,0,wk inc rsv hosp,hosp,2026-05-23,2026-05-23,RSVHub-baseline,0,0,20,30,40,63,121.59999999999994,0,0,20,30,40,60,120,0,0,0.28579459399519835,0.4286918909927976,0.5715891879903967,0.9002529710848748,1.737631131490805,0,0,0.29,0.43,0.57,0.9,1.74,FALSE,FALSE,RSVHub-hub-models,2026-05-20,RSVHub baseline model
Massachusetts,MA,1,wk inc rsv hosp,hosp,2026-05-23,2026-05-30,RSVHub-baseline,0,0,10.036462864628646,30,52.24109491094911,93.15511655116578,151.97151621516215,0,0,10,30,50,90,150,0,0,0.14341834147722146,0.4286918909927976,0.7465111254969662,1.3311614356657904,2.1716318887773487,0,0,0.14,0.43,0.75,1.33,2.17,FALSE,FALSE,RSVHub-hub-models,2026-05-20,RSVHub baseline model
Massachusetts,MA,2,wk inc rsv hosp,hosp,2026-05-23,2026-06-06,RSVHub-baseline,0,0,2.0455504555045536,30,61.279597795977956,109.79494894948954,183.82707652076505,0,0,2,30,60,110,180,0,0,0.02923036309638085,0.4286918909927976,0.8756688886145285,1.5689401428871448,2.6268392349788154,0,0,0.03,0.43,0.88,1.57,2.63,FALSE,FALSE,RSVHub-hub-models,2026-05-20,RSVHub baseline model
Massachusetts,MA,0,wk inc rsv prop ed visits,prop_ed,2026-05-23,2026-05-23,RSVHub-baseline,0,0,2.999999999999999e-4,5e-4,7.000000000000001e-4,0.001630000000000004,0.003757499999999994,0,0,3e-4,5e-4,7e-4,0.0016,0.0038,NA,NA,NA,NA,NA,NA,NA,NA,NA,NA,NA,NA,NA,NA,FALSE,FALSE,RSVHub-hub-models,2026-05-20,RSVHub baseline model
Massachusetts,MA,1,wk inc rsv prop ed visits,prop_ed,2026-05-23,2026-05-30,RSVHub-baseline,0,0,5.537880378803748e-5,5e-4,0.0012913401634016357,0.002781738817388177,0.0043,0,0,5.5e-5,5e-4,0.0013,0.0028,0.0043,NA,NA,NA,NA,NA,NA,NA,NA,NA,NA,NA,NA,NA,NA,FALSE,FALSE,RSVHub-hub-models,2026-05-20,RSVHub baseline model
Massachusetts,MA,2,wk inc rsv prop ed visits,prop_ed,2026-05-23,2026-06-06,RSVHub-baseline,0,0,0,5e-4,0.001573331983319836,0.0032254502545025457,0.0050287772627726135,0,0,0,5e-4,0.0016,0.0032,0.005,NA,NA,NA,NA,NA,NA,NA,NA,NA,NA,NA,NA,NA,NA,FALSE,FALSE,RSVHub-hub-models,2026-05-20,RSVHub baseline model
Massachusetts,MA,0,wk inc rsv hosp,hosp,2026-05-23,2026-05-23,UGA_flucast-INFLAenza,7,11,16,22,31,41,56,7,10,20,20,30,40,60,0.10002810789831942,0.1571870266973591,0.2286356751961587,0.3143740533947182,0.4429816206925575,0.5858789176901567,0.8002248631865554,0.1,0.16,0.23,0.31,0.44,0.59,0.8,TRUE,FALSE,UGA_flucast,2026-05-20,INFLAenza
Massachusetts,MA,1,wk inc rsv hosp,hosp,2026-05-23,2026-05-30,UGA_flucast-INFLAenza,4,7,11,16,24,33,49,4,7,10,20,20,30,50,0.05715891879903968,0.10002810789831942,0.1571870266973591,0.2286356751961587,0.342953512794238,0.47156108009207726,0.700196755288236,0.06,0.1,0.16,0.23,0.34,0.47,0.7,TRUE,FALSE,UGA_flucast,2026-05-20,INFLAenza
Massachusetts,MA,2,wk inc rsv hosp,hosp,2026-05-23,2026-06-06,UGA_flucast-INFLAenza,2,5,8,12,19,28,43,2,5,8,10,20,30,40,0.02857945939951984,0.07144864849879959,0.11431783759807936,0.171476756397119,0.27150486429543846,0.4001124315932777,0.6144583770896764,0.03,0.07,0.11,0.17,0.27,0.4,0.61,TRUE,FALSE,UGA_flucast,2026-05-20,INFLAenza
Massachusetts,MA,0,wk inc rsv prop ed visits,prop_ed,2026-05-23,2026-05-23,UGA_flucast-INFLAenza,1.989490672022463e-4,3.1381446640507503e-4,4.3003056464545217e-4,5.938363582794844e-4,7.949228820884151e-4,0.00100406025423804,0.0012792514020312394,2e-4,3.1e-4,4.3e-4,5.9e-4,7.9e-4,0.001,0.0013,NA,NA,NA,NA,NA,NA,NA,NA,NA,NA,NA,NA,NA,NA,TRUE,FALSE,UGA_flucast,2026-05-20,INFLAenza
Massachusetts,MA,1,wk inc rsv prop ed visits,prop_ed,2026-05-23,2026-05-30,UGA_flucast-INFLAenza,1.5064796739327333e-4,2.4146667362205201e-4,3.5537304351399414e-4,5.168916109520038e-4,7.202288694267721e-4,9.49800123951601e-4,0.001250437127705634,1.5e-4,2.4e-4,3.6e-4,5.2e-4,7.2e-4,9.5e-4,0.0013,NA,NA,NA,NA,NA,NA,NA,NA,NA,NA,NA,NA,NA,NA,TRUE,FALSE,UGA_flucast,2026-05-20,INFLAenza
Massachusetts,MA,2,wk inc rsv prop ed visits,prop_ed,2026-05-23,2026-06-06,UGA_flucast-INFLAenza,1.1278564843245167e-4,1.9619176575560464e-4,3.0306695602545975e-4,4.5746596418069297e-4,6.643769792341842e-4,8.970081431588398e-4,0.0012163994897385808,1.1e-4,2e-4,3e-4,4.6e-4,6.6e-4,9e-4,0.0012,NA,NA,NA,NA,NA,NA,NA,NA,NA,NA,NA,NA,NA,NA,TRUE,FALSE,UGA_flucast,2026-05-20,INFLAenza
Massachusetts,MA,0,wk inc rsv hosp,hosp,2026-05-23,2026-05-23,RSVHub-ensemble,9.5,13,17,22.75,31,41.25,55,10,10,20,20,30,40,60,0.13575243214771923,0.18576648609687893,0.2429254048959186,0.32509135066953815,0.4429816206925575,0.5894513501150966,0.7859351334867956,0.14,0.19,0.24,0.33,0.44,0.59,0.79,FALSE,TRUE,RSVHub,2026-05-20,Ensemble using RSVHub forecast submissions
Massachusetts,MA,1,wk inc rsv hosp,hosp,2026-05-23,2026-05-30,RSVHub-ensemble,5.5,8,12,17.5,24.25,32.75,51,6,8,10,20,20,30,50,0.07859351334867955,0.11431783759807936,0.171476756397119,0.25007026974579855,0.346525945219178,0.4679886476671373,0.7287762146877558,0.08,0.11,0.17,0.25,0.35,0.47,0.73,FALSE,TRUE,RSVHub,2026-05-20,Ensemble using RSVHub forecast submissions
Massachusetts,MA,2,wk inc rsv hosp,hosp,2026-05-23,2026-06-06,RSVHub-ensemble,3,5,8,14,23,28,43,3,5,8,10,20,30,40,0.04286918909927975,0.07144864849879959,0.11431783759807936,0.20005621579663885,0.32866378309447813,0.4001124315932777,0.6144583770896764,0.04,0.07,0.11,0.2,0.33,0.4,0.61,FALSE,TRUE,RSVHub,2026-05-20,Ensemble using RSVHub forecast submissions
Massachusetts,MA,0,wk inc rsv prop ed visits,prop_ed,2026-05-23,2026-05-23,RSVHub-ensemble,2.2794224232904612e-4,3.1990658225459275e-4,4.1105457439952805e-4,5.366380790415919e-4,6.873894144235178e-4,8.386072812294246e-4,0.0010470497653118924,2.3e-4,3.2e-4,4.1e-4,5.4e-4,6.9e-4,8.4e-4,0.001,NA,NA,NA,NA,NA,NA,NA,NA,NA,NA,NA,NA,NA,NA,FALSE,TRUE,RSVHub,2026-05-20,Ensemble using RSVHub forecast submissions
Massachusetts,MA,1,wk inc rsv prop ed visits,prop_ed,2026-05-23,2026-05-30,RSVHub-ensemble,1.4456584239848802e-4,2.1657589431439678e-4,3.0326875729686886e-4,4.2909330457672747e-4,5.839803113379647e-4,7.539342051199639e-4,9.937032813329726e-4,1.4e-4,2.2e-4,3e-4,4.3e-4,5.8e-4,7.5e-4,9.9e-4,NA,NA,NA,NA,NA,NA,NA,NA,NA,NA,NA,NA,NA,NA,FALSE,TRUE,RSVHub,2026-05-20,Ensemble using RSVHub forecast submissions
Michigan,MI,0,wk inc rsv hosp,hosp,2026-05-23,2026-05-23,CEPH-Rtrend_rsv,13,21,34,53,76,103,134,10,20,30,50,80,100,130,0.1295419784268761,0.20926011899726138,0.33880209742413747,0.5281326812788025,0.7573223354186602,1.0263710598437106,1.3352788545539536,0.13,0.21,0.34,0.53,0.76,1.03,1.34,TRUE,FALSE,CEPH Lab at Indiana University,2026-05-20,Rtrend RSV
Michigan,MI,1,wk inc rsv hosp,hosp,2026-05-23,2026-05-30,CEPH-Rtrend_rsv,5,13,21,37,61,90,127,5,10,20,40,60,90,130,0.049823837856490805,0.1295419784268761,0.20926011899726138,0.36869640013803195,0.6078508218491878,0.8968290814168345,1.2655254815548664,0.05,0.13,0.21,0.37,0.61,0.9,1.27,TRUE,FALSE,CEPH Lab at Indiana University,2026-05-20,Rtrend RSV
Michigan,MI,2,wk inc rsv hosp,hosp,2026-05-23,2026-06-06,CEPH-Rtrend_rsv,3,5,13,26,47,76,108,3,5,10,30,50,80,110,0.029894302713894483,0.049823837856490805,0.1295419784268761,0.2590839568537522,0.46834407585101356,0.7573223354186602,1.0761948977002014,0.03,0.05,0.13,0.26,0.47,0.76,1.08,TRUE,FALSE,CEPH Lab at Indiana University,2026-05-20,Rtrend RSV
Michigan,MI,0,wk inc rsv prop ed visits,prop_ed,2026-05-23,2026-05-23,CFA_Pyrenew-Pyrenew_E_RSV,5.24897904084651e-4,6.009569731434776e-4,6.761620275130251e-4,7.700903285607101e-4,8.685755169137188e-4,9.733669884724436e-4,0.0011024470137943727,5.2e-4,6e-4,6.8e-4,7.7e-4,8.7e-4,9.7e-4,0.0011,NA,NA,NA,NA,NA,NA,NA,NA,NA,NA,NA,NA,NA,NA,TRUE,FALSE,Center for Forecasting and Outbreak Analytics (CFA/CDC) Pyrenew team,2026-05-20,Pyrenew_ED_Visits_RSV
Michigan,MI,1,wk inc rsv prop ed visits,prop_ed,2026-05-23,2026-05-30,CFA_Pyrenew-Pyrenew_E_RSV,2.86285456281921e-4,3.6001950069249733e-4,4.392175945539059e-4,5.321971275141317e-4,6.506386451187676e-4,7.691987669150363e-4,9.256649758569881e-4,2.9e-4,3.6e-4,4.4e-4,5.3e-4,6.5e-4,7.7e-4,0.00093000000000000005,NA,NA,NA,NA,NA,NA,NA,NA,NA,NA,NA,NA,NA,NA,TRUE,FALSE,Center for Forecasting and Outbreak Analytics (CFA/CDC) Pyrenew team,2026-05-20,Pyrenew_ED_Visits_RSV
Michigan,MI,0,wk inc rsv hosp,hosp,2026-05-23,2026-05-23,CFA_Pyrenew-Pyrenew_HE_RSV,27,32,37,42,48,53,60.024999999999864,30,30,40,40,50,50,60,0.26904872442505035,0.31887256228154115,0.36869640013803195,0.41852023799452276,0.4783088434223117,0.5281326812788025,0.5981351734671708,0.27,0.32,0.37,0.42,0.48,0.53,0.6,TRUE,FALSE,Center for Forecasting and Outbreak Analytics (CFA/CDC) Pyrenew team,2026-05-20,Pyrenew_Hospital_Admissions_ED_Visits_RSV
Michigan,MI,1,wk inc rsv hosp,hosp,2026-05-23,2026-05-30,CFA_Pyrenew-Pyrenew_HE_RSV,18,22,25,30,35,41,47.024999999999864,20,20,30,30,40,40,50,0.1793658162833669,0.21922488656855954,0.24911918928245402,0.29894302713894483,0.34876686499543563,0.4085554704232246,0.4685931950402947,0.18,0.22,0.25,0.3,0.35,0.41,0.47,TRUE,FALSE,Center for Forecasting and Outbreak Analytics (CFA/CDC) Pyrenew team,2026-05-20,Pyrenew_Hospital_Admissions_ED_Visits_RSV
Michigan,MI,0,wk inc rsv prop ed visits,prop_ed,2026-05-23,2026-05-23,CFA_Pyrenew-Pyrenew_HE_RSV,5.221924888106333e-4,6.055606625317357e-4,6.789685454652905e-4,7.687961071449296e-4,8.709959533060478e-4,9.63615872672344e-4,0.0010794079568798938,5.2e-4,6.1e-4,6.8e-4,7.7e-4,8.7e-4,9.6e-4,0.0011,NA,NA,NA,NA,NA,NA,NA,NA,NA,NA,NA,NA,NA,NA,FALSE,FALSE,Center for Forecasting and Outbreak Analytics (CFA/CDC) Pyrenew team,2026-05-20,Pyrenew_Hospital_Admissions_ED_Visits_RSV
Michigan,MI,1,wk inc rsv prop ed visits,prop_ed,2026-05-23,2026-05-30,CFA_Pyrenew-Pyrenew_HE_RSV,2.904387590417793e-4,3.6550466613102914e-4,4.3317634403495456e-4,5.256614044439605e-4,6.467128031740488e-4,7.544522381818749e-4,8.955805276905556e-4,2.9e-4,3.7e-4,4.3e-4,5.3e-4,6.5e-4,7.5e-4,9e-4,NA,NA,NA,NA,NA,NA,NA,NA,NA,NA,NA,NA,NA,NA,FALSE,FALSE,Center for Forecasting and Outbreak Analytics (CFA/CDC) Pyrenew team,2026-05-20,Pyrenew_Hospital_Admissions_ED_Visits_RSV
Michigan,MI,0,wk inc rsv hosp,hosp,2026-05-23,2026-05-23,CFA_Pyrenew-Pyrenew_H_RSV,23,29,35,42,49,58,69,20,30,40,40,50,60,70,0.2291896541398577,0.28897825956764667,0.34876686499543563,0.41852023799452276,0.4882736109936099,0.5779565191352933,0.6875689624195731,0.23,0.29,0.35,0.42,0.49,0.58,0.69,FALSE,FALSE,Center for Forecasting and Outbreak Analytics (CFA/CDC) Pyrenew team,2026-05-20,Pyrenew_Hospital_Admissions_RSV
Michigan,MI,1,wk inc rsv hosp,hosp,2026-05-23,2026-05-30,CFA_Pyrenew-Pyrenew_H_RSV,13,18,23,31,40,50,66,10,20,20,30,40,50,70,0.1295419784268761,0.1793658162833669,0.2291896541398577,0.308907794710243,0.39859070285192644,0.49823837856490805,0.6576746597056786,0.13,0.18,0.23,0.31,0.4,0.5,0.66,FALSE,FALSE,Center for Forecasting and Outbreak Analytics (CFA/CDC) Pyrenew team,2026-05-20,Pyrenew_Hospital_Admissions_RSV
Michigan,MI,0,wk inc rsv hosp,hosp,2026-05-23,2026-05-23,Google_SAI-RSVEns,26,32.5,36.5,38,49,66,92.5,30,30,40,40,50,70,90,0.2590839568537522,0.32385494606719023,0.3637140163523829,0.3786611677093301,0.4882736109936099,0.6576746597056786,0.9217410003450799,0.26,0.32,0.36,0.38,0.49,0.66,0.92,TRUE,FALSE,Google Science AI,2026-05-20,RSVEnsemble
Michigan,MI,1,wk inc rsv hosp,hosp,2026-05-23,2026-05-30,Google_SAI-RSVEns,17.5,21.5,25.5,29,38.5,53,91,20,20,30,30,40,50,90,0.17438343249771782,0.21424250278291046,0.2541015730681031,0.28897825956764667,0.3836435514949792,0.5281326812788025,0.9067938489881326,0.17,0.21,0.25,0.29,0.38,0.53,0.91,TRUE,FALSE,Google Science AI,2026-05-20,RSVEnsemble
Michigan,MI,2,wk inc rsv hosp,hosp,2026-05-23,2026-06-06,Google_SAI-RSVEns,12,15.5,18,24.5,32,45.5,76.5,10,20,20,20,30,50,80,0.11957721085557793,0.1544538973551215,0.1793658162833669,0.24413680549680494,0.31887256228154115,0.4533969244940663,0.7623047192043093,0.12,0.15,0.18,0.24,0.32,0.45,0.76,TRUE,FALSE,Google Science AI,2026-05-20,RSVEnsemble
Michigan,MI,0,wk inc rsv hosp,hosp,2026-05-23,2026-05-23,RSVHub-baseline,0,10.400000000000006,35.24999999999999,51,66.75,91.60000000000005,139.075,0,10,40,50,70,90,140,0,0.10363358274150093,0.3512580568882601,0.5082031461362062,0.6651482353841522,0.912772709530912,1.3858500499782918,0,0.1,0.35,0.51,0.67,0.91,1.39,FALSE,FALSE,RSVHub-hub-models,2026-05-20,RSVHub baseline model
Michigan,MI,1,wk inc rsv hosp,hosp,2026-05-23,2026-05-30,RSVHub-baseline,0,0,21.342358423584255,51,82.05968059680596,120.46655066550669,174.9983722337223,0,0,20,50,80,120,170,0,0,0.21267164111435452,0.5082031461362062,0.817705644122137,1.200421177497788,1.7438181046645607,0,0,0.21,0.51,0.82,1.2,1.74,FALSE,FALSE,RSVHub-hub-models,2026-05-20,RSVHub baseline model
Michigan,MI,2,wk inc rsv hosp,hosp,2026-05-23,2026-06-06,RSVHub-baseline,0,0,13.189099390993913,51,90.37743877438774,136.13508935089354,203.85845658456574,0,0,10,50,90,140,200,0,0,0.13142630990600448,0.5082031461362062,0.9005901710760039,1.3565545236795615,2.0314021373087745,0,0,0.13,0.51,0.9,1.36,2.03,FALSE,FALSE,RSVHub-hub-models,2026-05-20,RSVHub baseline model
Michigan,MI,0,wk inc rsv prop ed visits,prop_ed,2026-05-23,2026-05-23,RSVHub-baseline,0,1.6999999999999977e-4,0.001,0.0012,0.0013999999999999998,0.002230000000000004,0.003957499999999992,0,1.7e-4,0.001,0.0012,0.0014,0.0022,0.004,NA,NA,NA,NA,NA,NA,NA,NA,NA,NA,NA,NA,NA,NA,FALSE,FALSE,RSVHub-hub-models,2026-05-20,RSVHub baseline model
Michigan,MI,1,wk inc rsv prop ed visits,prop_ed,2026-05-23,2026-05-30,RSVHub-baseline,0,0,6.439816898168983e-4,0.0012,0.0017999999999999997,0.0029523422234222405,0.004771644116441157,0,0,6.4e-4,0.0012,0.0018,0.003,0.0048,NA,NA,NA,NA,NA,NA,NA,NA,NA,NA,NA,NA,NA,NA,FALSE,FALSE,RSVHub-hub-models,2026-05-20,RSVHub baseline model
Michigan,MI,2,wk inc rsv prop ed visits,prop_ed,2026-05-23,2026-06-06,RSVHub-baseline,0,0,3.601446014460139e-4,0.0012,0.002111750367503676,0.0035414646146461467,0.005488509435094333,0,0,3.6e-4,0.0012,0.0021,0.0035,0.0055,NA,NA,NA,NA,NA,NA,NA,NA,NA,NA,NA,NA,NA,NA,FALSE,FALSE,RSVHub-hub-models,2026-05-20,RSVHub baseline model
Michigan,MI,0,wk inc rsv hosp,hosp,2026-05-23,2026-05-23,UM-DeepOutbreak,0,0,0,45.99468564166666,122.839228102853,153.31299660833335,153.31299660833335,0,0,0,50,120,150,150,0,0,0,0.4583263519341332,1.2240643566826073,1.5277283768612653,1.5277283768612653,0,0,0,0.46,1.22,1.53,1.53,TRUE,FALSE,"University of Michigan, Computer Science and Engineering",2026-05-20,DeepOutbreak
Michigan,MI,1,wk inc rsv hosp,hosp,2026-05-23,2026-05-30,UM-DeepOutbreak,0,0,0,35.81117813749998,120.0462895092714,130.57124963666666,130.57124963666666,0,0,0,40,120,130,130,0,0,0,0.35685006659454144,1.1962333727566583,1.3011121541233328,1.3011121541233328,0,0,0,0.36,1.2,1.3,1.3,TRUE,FALSE,"University of Michigan, Computer Science and Engineering",2026-05-20,DeepOutbreak
Michigan,MI,2,wk inc rsv hosp,hosp,2026-05-23,2026-06-06,UM-DeepOutbreak,0,0,0,29.955607725,77.07454698530005,177.63759507249176,178.6099821233333,0,0,0,30,80,180,180,0,0,0,0.29850066843660866,0.7680299463716143,1.77011734682176,1.779806957772736,0,0,0,0.3,0.77,1.77,1.78,TRUE,FALSE,"University of Michigan, Computer Science and Engineering",2026-05-20,DeepOutbreak
Michigan,MI,0,wk inc rsv hosp,hosp,2026-05-23,2026-05-23,UGA_flucast-INFLAenza,17,23,32,44,59,77,104,20,20,30,40,60,80,100,0.16940104871206874,0.2291896541398577,0.31887256228154115,0.4384497731371191,0.5879212867065915,0.7672871029899584,1.0363358274150087,0.17,0.23,0.32,0.44,0.59,0.77,1.04,TRUE,FALSE,UGA_flucast,2026-05-20,INFLAenza
Michigan,MI,1,wk inc rsv hosp,hosp,2026-05-23,2026-05-30,UGA_flucast-INFLAenza,10,15,22,32,47,64,90,10,20,20,30,50,60,90,0.09964767571298161,0.14947151356947241,0.21922488656855954,0.31887256228154115,0.46834407585101356,0.6377451245630823,0.8968290814168345,0.1,0.15,0.22,0.32,0.47,0.64,0.9,TRUE,FALSE,UGA_flucast,2026-05-20,INFLAenza
Michigan,MI,2,wk inc rsv hosp,hosp,2026-05-23,2026-06-06,UGA_flucast-INFLAenza,6,10,15,24,37,53,81,6,10,20,20,40,50,80,0.059788605427788966,0.09964767571298161,0.14947151356947241,0.23915442171115586,0.36869640013803195,0.5281326812788025,0.807146173275151,0.06,0.1,0.15,0.24,0.37,0.53,0.81,TRUE,FALSE,UGA_flucast,2026-05-20,INFLAenza
Michigan,MI,0,wk inc rsv prop ed visits,prop_ed,2026-05-23,2026-05-23,UGA_flucast-INFLAenza,4.280610576938814e-4,5.989328193477136e-4,7.764322559287135e-4,0.001017965642278563,0.0012930119470429343,0.0015907135746292553,0.002008820238786958,4.3e-4,6e-4,7.8e-4,0.001,0.0013,0.0016,0.002,NA,NA,NA,NA,NA,NA,NA,NA,NA,NA,NA,NA,NA,NA,TRUE,FALSE,UGA_flucast,2026-05-20,INFLAenza
Michigan,MI,1,wk inc rsv prop ed visits,prop_ed,2026-05-23,2026-05-30,UGA_flucast-INFLAenza,2.9768043674127014e-4,4.5857548929130975e-4,6.273930588160894e-4,8.776195360982911e-4,0.0011810186813890203,0.001495214642758486,0.0019468608325093957,3e-4,4.6e-4,6.3e-4,8.8e-4,0.0012,0.0015,0.0019,NA,NA,NA,NA,NA,NA,NA,NA,NA,NA,NA,NA,NA,NA,TRUE,FALSE,UGA_flucast,2026-05-20,INFLAenza
Michigan,MI,2,wk inc rsv prop ed visits,prop_ed,2026-05-23,2026-06-06,UGA_flucast-INFLAenza,2.230271937628605e-4,3.667952776416054e-4,5.354706282325372e-4,7.735808311138328e-4,0.0010694833497679375,0.001407686222738465,0.0018555381254431176,2.2e-4,3.7e-4,5.4e-4,7.7e-4,0.0011,0.0014,0.0019,NA,NA,NA,NA,NA,NA,NA,NA,NA,NA,NA,NA,NA,NA,TRUE,FALSE,UGA_flucast,2026-05-20,INFLAenza
Michigan,MI,0,wk inc rsv hosp,hosp,2026-05-23,2026-05-23,RSVHub-ensemble,17,23,34,44,59,77,104,20,20,30,40,60,80,100,0.16940104871206874,0.2291896541398577,0.33880209742413747,0.4384497731371191,0.5879212867065915,0.7672871029899584,1.0363358274150087,0.17,0.23,0.34,0.44,0.59,0.77,1.04,FALSE,TRUE,RSVHub,2026-05-20,Ensemble using RSVHub forecast submissions
Michigan,MI,1,wk inc rsv hosp,hosp,2026-05-23,2026-05-30,RSVHub-ensemble,10,15,22,32,47,64,91,10,20,20,30,50,60,90,0.09964767571298161,0.14947151356947241,0.21922488656855954,0.31887256228154115,0.46834407585101356,0.6377451245630823,0.9067938489881326,0.1,0.15,0.22,0.32,0.47,0.64,0.91,FALSE,TRUE,RSVHub,2026-05-20,Ensemble using RSVHub forecast submissions
Michigan,MI,2,wk inc rsv hosp,hosp,2026-05-23,2026-06-06,RSVHub-ensemble,4.5,7.5,14,25.25,42,64.5,94.5,5,8,10,30,40,60,90,0.044841454070841724,0.07473575678473621,0.13950674599817425,0.25161038117527856,0.41852023799452276,0.6427275083487314,0.9416705354876762,0.04,0.07,0.14,0.25,0.42,0.64,0.94,FALSE,TRUE,RSVHub,2026-05-20,Ensemble using RSVHub forecast submissions
Michigan,MI,0,wk inc rsv prop ed visits,prop_ed,2026-05-23,2026-05-23,RSVHub-ensemble,0.00047647948088926616,5.999448962455956e-4,7.262971417208693e-4,8.940279854196366e-4,0.0010807937319783265,0.0012820402815508494,0.0015556336262906652,4.8e-4,6e-4,7.3e-4,8.9e-4,0.0011,0.0013,0.0016,NA,NA,NA,NA,NA,NA,NA,NA,NA,NA,NA,NA,NA,NA,FALSE,TRUE,RSVHub,2026-05-20,Ensemble using RSVHub forecast submissions
Michigan,MI,1,wk inc rsv prop ed visits,prop_ed,2026-05-23,2026-05-30,RSVHub-ensemble,2.9198294651159554e-4,4.0929749499190357e-4,5.333053266849976e-4,7.049083318062114e-4,9.158286632538939e-4,0.0011322067048367612,0.0014362629041831919,2.9e-4,4.1e-4,5.3e-4,7e-4,9.2e-4,0.0011,0.0014,NA,NA,NA,NA,NA,NA,NA,NA,NA,NA,NA,NA,NA,NA,FALSE,TRUE,RSVHub,2026-05-20,Ensemble using RSVHub forecast submissions
Minnesota,MN,0,wk inc rsv hosp,hosp,2026-05-23,2026-05-23,CEPH-Rtrend_rsv,20,23,26,30,35,39,44,20,20,30,30,40,40,40,0.34859584721253173,0.4008852242944115,0.45317460137629123,0.5228937708187976,0.6100427326219305,0.6797619020644369,0.7669108638675698,0.35,0.4,0.45,0.52,0.61,0.68,0.77,TRUE,FALSE,CEPH Lab at Indiana University,2026-05-20,Rtrend RSV
Minnesota,MN,1,wk inc rsv hosp,hosp,2026-05-23,2026-05-30,CEPH-Rtrend_rsv,14,16,20,24,29,35,41,10,20,20,20,30,40,40,0.24401709304877223,0.2788766777700254,0.34859584721253173,0.41831501665503806,0.505463978458171,0.6100427326219305,0.7146214867856902,0.24,0.28,0.35,0.42,0.51,0.61,0.71,TRUE,FALSE,CEPH Lab at Indiana University,2026-05-20,Rtrend RSV
Minnesota,MN,2,wk inc rsv hosp,hosp,2026-05-23,2026-06-06,CEPH-Rtrend_rsv,9,12,15,19,25,31,38,9,10,20,20,30,30,40,0.15686813124563928,0.20915750832751903,0.2614468854093988,0.33116605485190515,0.43574480901566465,0.5403235631794242,0.6623321097038103,0.16,0.21,0.26,0.33,0.44,0.54,0.66,TRUE,FALSE,CEPH Lab at Indiana University,2026-05-20,Rtrend RSV
Minnesota,MN,0,wk inc rsv prop ed visits,prop_ed,2026-05-23,2026-05-23,CFA_Pyrenew-Pyrenew_E_RSV,5.21472314258031e-4,6.645145663803485e-4,8.026849383031383e-4,9.626758769282961e-4,0.001153419523544008,0.0013345113944862564,0.001582770417530109,5.2e-4,6.6e-4,8e-4,9.6e-4,0.0012,0.0013,0.0016,NA,NA,NA,NA,NA,NA,NA,NA,NA,NA,NA,NA,NA,NA,TRUE,FALSE,Center for Forecasting and Outbreak Analytics (CFA/CDC) Pyrenew team,2026-05-20,Pyrenew_ED_Visits_RSV
Minnesota,MN,1,wk inc rsv prop ed visits,prop_ed,2026-05-23,2026-05-30,CFA_Pyrenew-Pyrenew_E_RSV,2.802048336139872e-4,3.8790812676949417e-4,5.150615990922487e-4,6.857817778072468e-4,8.734891376215278e-4,0.0010900548750884388,0.0013457456393707859,2.8e-4,3.9e-4,5.2e-4,6.9e-4,8.7e-4,0.0011,0.0013,NA,NA,NA,NA,NA,NA,NA,NA,NA,NA,NA,NA,NA,NA,TRUE,FALSE,Center for Forecasting and Outbreak Analytics (CFA/CDC) Pyrenew team,2026-05-20,Pyrenew_ED_Visits_RSV
Minnesota,MN,0,wk inc rsv hosp,hosp,2026-05-23,2026-05-23,CFA_Pyrenew-Pyrenew_HE_RSV,10,14,18,23,29,35,43,10,10,20,20,30,40,40,0.17429792360626586,0.24401709304877223,0.31373626249127856,0.4008852242944115,0.505463978458171,0.6100427326219305,0.7494810715069433,0.17,0.24,0.31,0.4,0.51,0.61,0.75,TRUE,FALSE,Center for Forecasting and Outbreak Analytics (CFA/CDC) Pyrenew team,2026-05-20,Pyrenew_Hospital_Admissions_ED_Visits_RSV
Minnesota,MN,1,wk inc rsv hosp,hosp,2026-05-23,2026-05-30,CFA_Pyrenew-Pyrenew_HE_RSV,7,9,13,17,22,27,35,7,9,10,20,20,30,40,0.12200854652438611,0.15686813124563928,0.22658730068814562,0.296306470130652,0.3834554319337849,0.4706043937369178,0.6100427326219305,0.12,0.16,0.23,0.3,0.38,0.47,0.61,TRUE,FALSE,Center for Forecasting and Outbreak Analytics (CFA/CDC) Pyrenew team,2026-05-20,Pyrenew_Hospital_Admissions_ED_Visits_RSV
Minnesota,MN,0,wk inc rsv prop ed visits,prop_ed,2026-05-23,2026-05-23,CFA_Pyrenew-Pyrenew_HE_RSV,5.430097362459734e-4,6.843953275834973e-4,8.175142522801279e-4,9.923405706992595e-4,0.0011669418971537943,0.0013579345926877893,0.0015800878055439126,5.4e-4,6.8e-4,8.2e-4,9.9e-4,0.0012,0.0014,0.0016,NA,NA,NA,NA,NA,NA,NA,NA,NA,NA,NA,NA,NA,NA,FALSE,FALSE,Center for Forecasting and Outbreak Analytics (CFA/CDC) Pyrenew team,2026-05-20,Pyrenew_Hospital_Admissions_ED_Visits_RSV
Minnesota,MN,1,wk inc rsv prop ed visits,prop_ed,2026-05-23,2026-05-30,CFA_Pyrenew-Pyrenew_HE_RSV,2.7969347662525117e-4,4.035976898927538e-4,5.291118116290037e-4,7.114136090314799e-4,8.991135185356832e-4,0.0011231437907983643,0.0014303314425630083,2.8e-4,4e-4,5.3e-4,7.1e-4,9e-4,0.0011,0.0014,NA,NA,NA,NA,NA,NA,NA,NA,NA,NA,NA,NA,NA,NA,FALSE,FALSE,Center for Forecasting and Outbreak Analytics (CFA/CDC) Pyrenew team,2026-05-20,Pyrenew_Hospital_Admissions_ED_Visits_RSV
Minnesota,MN,0,wk inc rsv hosp,hosp,2026-05-23,2026-05-23,CFA_Pyrenew-Pyrenew_H_RSV,14,18,23,29,36,43,55,10,20,20,30,40,40,60,0.24401709304877223,0.31373626249127856,0.4008852242944115,0.505463978458171,0.6274725249825571,0.7494810715069433,0.9586385798344623,0.24,0.31,0.4,0.51,0.63,0.75,0.96,FALSE,FALSE,Center for Forecasting and Outbreak Analytics (CFA/CDC) Pyrenew team,2026-05-20,Pyrenew_Hospital_Admissions_RSV
Minnesota,MN,1,wk inc rsv hosp,hosp,2026-05-23,2026-05-30,CFA_Pyrenew-Pyrenew_H_RSV,8,12,16,23,32,43,59,8,10,20,20,30,40,60,0.1394383388850127,0.20915750832751903,0.2788766777700254,0.4008852242944115,0.5577533555400508,0.7494810715069433,1.0283577492769687,0.14,0.21,0.28,0.4,0.56,0.75,1.03,FALSE,FALSE,Center for Forecasting and Outbreak Analytics (CFA/CDC) Pyrenew team,2026-05-20,Pyrenew_Hospital_Admissions_RSV
Minnesota,MN,0,wk inc rsv hosp,hosp,2026-05-23,2026-05-23,Google_SAI-RSVEns,12,17,21,25,32.5,42,63.5,10,20,20,30,30,40,60,0.20915750832751903,0.296306470130652,0.36602563957315837,0.43574480901566465,0.5664682517203641,0.7320512791463167,1.1067918148997884,0.21,0.3,0.37,0.44,0.57,0.73,1.11,TRUE,FALSE,Google Science AI,2026-05-20,RSVEnsemble
Minnesota,MN,1,wk inc rsv hosp,hosp,2026-05-23,2026-05-30,Google_SAI-RSVEns,6.5,12,14,20,26,33.5,54.5,7,10,10,20,30,30,50,0.11329365034407281,0.20915750832751903,0.24401709304877223,0.34859584721253173,0.45317460137629123,0.5838980440809907,0.9499236836541489,0.11,0.21,0.24,0.35,0.45,0.58,0.95,TRUE,FALSE,Google Science AI,2026-05-20,RSVEnsemble
Minnesota,MN,2,wk inc rsv hosp,hosp,2026-05-23,2026-06-06,Google_SAI-RSVEns,5.5,10,11.5,15,19,24.5,44,6,10,10,20,20,20,40,0.09586385798344622,0.17429792360626586,0.20044261214720574,0.2614468854093988,0.33116605485190515,0.4270299128353514,0.7669108638675698,0.1,0.17,0.2,0.26,0.33,0.43,0.77,TRUE,FALSE,Google Science AI,2026-05-20,RSVEnsemble
Minnesota,MN,0,wk inc rsv hosp,hosp,2026-05-23,2026-05-23,RSVHub-baseline,0,9.700000000000003,25,33,41,56.300000000000026,73.14999999999999,0,10,30,30,40,60,70,0,0.16906898589807795,0.43574480901566465,0.5751831479006774,0.7146214867856902,0.9812973099032773,1.2749893111798347,0,0.17,0.44,0.58,0.71,0.98,1.27,FALSE,FALSE,RSVHub-hub-models,2026-05-20,RSVHub baseline model
Minnesota,MN,1,wk inc rsv hosp,hosp,2026-05-23,2026-05-30,RSVHub-baseline,0,2.396047960479624,18.00120001200012,33,48,64.65918659186592,90.69007040070396,0,2,20,30,50,60,90,0,0.041762618437262665,0.3137571784512709,0.5751831479006774,0.8366300333100761,1.1269961965032338,1.5807090962548773,0,0.04,0.31,0.58,0.84,1.13,1.58,FALSE,FALSE,RSVHub-hub-models,2026-05-20,RSVHub baseline model
Minnesota,MN,2,wk inc rsv hosp,hosp,2026-05-23,2026-06-06,RSVHub-baseline,0,0,13.967964679646801,33,52.62943129431294,73.13589535895358,102.6228912289123,0,0,10,30,50,70,100,0,0,0.2434587240668098,0.5751831479006774,0.9173200595177374,1.2747434702150746,1.7886956855671088,0,0,0.24,0.58,0.92,1.27,1.79,FALSE,FALSE,RSVHub-hub-models,2026-05-20,RSVHub baseline model
Minnesota,MN,0,wk inc rsv prop ed visits,prop_ed,2026-05-23,2026-05-23,RSVHub-baseline,0,7.000000000000058e-5,0.001,0.0013,0.0015999999999999999,0.002530000000000003,0.003999999999999998,0,7e-5,0.001,0.0013,0.0016,0.0025,0.004,NA,NA,NA,NA,NA,NA,NA,NA,NA,NA,NA,NA,NA,NA,FALSE,FALSE,RSVHub-hub-models,2026-05-20,RSVHub baseline model
Minnesota,MN,1,wk inc rsv prop ed visits,prop_ed,2026-05-23,2026-05-30,RSVHub-baseline,0,0,6.000000000000001e-4,0.0013,0.0020537735377353762,0.0031570490704907065,0.005032621451214506,0,0,6e-4,0.0013,0.0021,0.0032,0.005,NA,NA,NA,NA,NA,NA,NA,NA,NA,NA,NA,NA,NA,NA,FALSE,FALSE,RSVHub-hub-models,2026-05-20,RSVHub baseline model
Minnesota,MN,2,wk inc rsv prop ed visits,prop_ed,2026-05-23,2026-06-06,RSVHub-baseline,0,0,3.0000000000000035e-4,0.0013,0.0024,0.0037230263302632993,0.0058419533195332015,0,0,3e-4,0.0013,0.0024,0.0037,0.0058,NA,NA,NA,NA,NA,NA,NA,NA,NA,NA,NA,NA,NA,NA,FALSE,FALSE,RSVHub-hub-models,2026-05-20,RSVHub baseline model
Minnesota,MN,0,wk inc rsv hosp,hosp,2026-05-23,2026-05-23,UM-DeepOutbreak,0,0,23.62360960082857,34.22722656733333,43.449273649171424,111.7990790673333,111.7990790673333,0,0,20,30,40,110,110,0,0,0.41175461015094666,0.5965734521487419,0.7573118179251022,1.9486347342528936,1.9486347342528936,0,0,0.41,0.6,0.76,1.95,1.95,TRUE,FALSE,"University of Michigan, Computer Science and Engineering",2026-05-20,DeepOutbreak
Minnesota,MN,1,wk inc rsv hosp,hosp,2026-05-23,2026-05-30,UM-DeepOutbreak,0,0,0,32.052608325,77.08297123500003,103.704285325,103.704285325,0,0,0,30,80,100,100,0,0,0,0.5586703077212412,1.3435401831662024,1.8075441601219249,1.8075441601219249,0,0,0,0.56,1.34,1.81,1.81,TRUE,FALSE,"University of Michigan, Computer Science and Engineering",2026-05-20,DeepOutbreak
Minnesota,MN,2,wk inc rsv hosp,hosp,2026-05-23,2026-06-06,UM-DeepOutbreak,0,0,0,34.740312700000004,94.74617628661402,114.446174561005,153.1362561325,0,0,0,30,90,110,150,0,0,0,0.6055164369042388,1.651406179639005,1.9947730590663417,2.6691331472732047,0,0,0,0.61,1.65,1.99,2.67,TRUE,FALSE,"University of Michigan, Computer Science and Engineering",2026-05-20,DeepOutbreak
Minnesota,MN,0,wk inc rsv hosp,hosp,2026-05-23,2026-05-23,UGA_flucast-INFLAenza,8,12,17,23,32,43,58,8,10,20,20,30,40,60,0.1394383388850127,0.20915750832751903,0.296306470130652,0.4008852242944115,0.5577533555400508,0.7494810715069433,1.010927956916342,0.14,0.21,0.3,0.4,0.56,0.75,1.01,TRUE,FALSE,UGA_flucast,2026-05-20,INFLAenza
Minnesota,MN,1,wk inc rsv hosp,hosp,2026-05-23,2026-05-30,UGA_flucast-INFLAenza,5,8,11,17,25,35,51,5,8,10,20,30,40,50,0.08714896180313293,0.1394383388850127,0.19172771596689245,0.296306470130652,0.43574480901566465,0.6100427326219305,0.888919410391956,0.09,0.14,0.19,0.3,0.44,0.61,0.89,TRUE,FALSE,UGA_flucast,2026-05-20,INFLAenza
Minnesota,MN,2,wk inc rsv hosp,hosp,2026-05-23,2026-06-06,UGA_flucast-INFLAenza,3,5,8,13,20,28,42,3,5,8,10,20,30,40,0.05228937708187976,0.08714896180313293,0.1394383388850127,0.22658730068814562,0.34859584721253173,0.48803418609754445,0.7320512791463167,0.05,0.09,0.14,0.23,0.35,0.49,0.73,TRUE,FALSE,UGA_flucast,2026-05-20,INFLAenza
Minnesota,MN,0,wk inc rsv prop ed visits,prop_ed,2026-05-23,2026-05-23,UGA_flucast-INFLAenza,4.8015288309334326e-4,6.5365848859006e-4,8.444614448607417e-4,0.0011116459397326121,0.0014179542092991083,0.001749782133224817,0.0021712586873933095,4.8e-4,6.5e-4,8.4e-4,0.0011,0.0014,0.0017,0.0022,NA,NA,NA,NA,NA,NA,NA,NA,NA,NA,NA,NA,NA,NA,TRUE,FALSE,UGA_flucast,2026-05-20,INFLAenza
Minnesota,MN,1,wk inc rsv prop ed visits,prop_ed,2026-05-23,2026-05-30,UGA_flucast-INFLAenza,3.288052418893362e-4,4.961056848730756e-4,6.913149257486524e-4,9.491960156881952e-4,0.0012679061554166388,0.0015848170848424465,0.0020516670598519707,3.3e-4,5e-4,6.9e-4,9.5e-4,0.0013,0.0016,0.0021,NA,NA,NA,NA,NA,NA,NA,NA,NA,NA,NA,NA,NA,NA,TRUE,FALSE,UGA_flucast,2026-05-20,INFLAenza
Minnesota,MN,2,wk inc rsv prop ed visits,prop_ed,2026-05-23,2026-06-06,UGA_flucast-INFLAenza,2.511690095103862e-4,4.12275476890349e-4,5.828820377299861e-4,8.409829716484491e-4,0.0011612553374688419,0.0015343361554291015,0.0020710310700819976,2.5e-4,4.1e-4,5.8e-4,8.4e-4,0.0012,0.0015,0.0021,NA,NA,NA,NA,NA,NA,NA,NA,NA,NA,NA,NA,NA,NA,TRUE,FALSE,UGA_flucast,2026-05-20,INFLAenza
Minnesota,MN,0,wk inc rsv hosp,hosp,2026-05-23,2026-05-23,RSVHub-ensemble,10,14,21,25,32.5,42,58,10,10,20,30,30,40,60,0.17429792360626586,0.24401709304877223,0.36602563957315837,0.43574480901566465,0.5664682517203641,0.7320512791463167,1.010927956916342,0.17,0.24,0.37,0.44,0.57,0.73,1.01,FALSE,TRUE,RSVHub,2026-05-20,Ensemble using RSVHub forecast submissions
Minnesota,MN,1,wk inc rsv hosp,hosp,2026-05-23,2026-05-30,RSVHub-ensemble,6.5,9,13,20,26,35,51,7,9,10,20,30,40,50,0.11329365034407281,0.15686813124563928,0.22658730068814562,0.34859584721253173,0.45317460137629123,0.6100427326219305,0.888919410391956,0.11,0.16,0.23,0.35,0.45,0.61,0.89,FALSE,TRUE,RSVHub,2026-05-20,Ensemble using RSVHub forecast submissions
Minnesota,MN,2,wk inc rsv hosp,hosp,2026-05-23,2026-06-06,RSVHub-ensemble,4.25,7.5,9.75,17,22.5,29.5,43,4,8,10,20,20,30,40,0.074076617532663,0.1307234427046994,0.16994047551610922,0.296306470130652,0.39217032811409824,0.5141788746384843,0.7494810715069433,0.07,0.13,0.17,0.3,0.39,0.51,0.75,FALSE,TRUE,RSVHub,2026-05-20,Ensemble using RSVHub forecast submissions
Minnesota,MN,0,wk inc rsv prop ed visits,prop_ed,2026-05-23,2026-05-23,RSVHub-ensemble,5.008125986756872e-4,6.590865274852043e-4,8.2357319158194e-4,0.0010371609083304541,0.001285686866421558,0.0015421467638555369,0.0018770145524617094,5e-4,6.6e-4,8.2e-4,0.001,0.0013,0.0015,0.0019,NA,NA,NA,NA,NA,NA,NA,NA,NA,NA,NA,NA,NA,NA,FALSE,TRUE,RSVHub,2026-05-20,Ensemble using RSVHub forecast submissions
Minnesota,MN,1,wk inc rsv prop ed visits,prop_ed,2026-05-23,2026-05-30,RSVHub-ensemble,3.0450503775166166e-4,4.420069058212849e-4,6.031882624204505e-4,8.17488896747721e-4,0.0010706976465190833,0.0013374359799654427,0.0016987063496113784,3e-4,4.4e-4,6e-4,8.2e-4,0.0011,0.0013,0.0017,NA,NA,NA,NA,NA,NA,NA,NA,NA,NA,NA,NA,NA,NA,FALSE,TRUE,RSVHub,2026-05-20,Ensemble using RSVHub forecast submissions
Mississippi,MS,0,wk inc rsv hosp,hosp,2026-05-23,2026-05-23,CEPH-Rtrend_rsv,4,5,6,8,10,13,15,4,5,6,8,10,10,20,0.13665547344459594,0.17081934180574493,0.20498321016689394,0.2733109468891919,0.34163868361148986,0.4441302886949368,0.5124580254172348,0.14,0.17,0.2,0.27,0.34,0.44,0.51,TRUE,FALSE,CEPH Lab at Indiana University,2026-05-20,Rtrend RSV
Mississippi,MS,1,wk inc rsv hosp,hosp,2026-05-23,2026-05-30,CEPH-Rtrend_rsv,3,4,5,7,10,13,18,3,4,5,7,10,10,20,0.10249160508344697,0.13665547344459594,0.17081934180574493,0.2391470785280429,0.34163868361148986,0.4441302886949368,0.6149496305006817,0.1,0.14,0.17,0.24,0.34,0.44,0.61,TRUE,FALSE,CEPH Lab at Indiana University,2026-05-20,Rtrend RSV
Mississippi,MS,2,wk inc rsv hosp,hosp,2026-05-23,2026-06-06,CEPH-Rtrend_rsv,2,3,4,7,10,14,20,2,3,4,7,10,10,20,0.06832773672229797,0.10249160508344697,0.13665547344459594,0.2391470785280429,0.34163868361148986,0.4782941570560858,0.6832773672229797,0.07,0.1,0.14,0.24,0.34,0.48,0.68,TRUE,FALSE,CEPH Lab at Indiana University,2026-05-20,Rtrend RSV
Mississippi,MS,0,wk inc rsv prop ed visits,prop_ed,2026-05-23,2026-05-23,CFA_Pyrenew-Pyrenew_E_RSV,3.794021340724023e-4,5.11549650622188e-4,6.205637567547819e-4,7.834325192190396e-4,9.540712956641332e-4,0.0011097275967489814,0.001357803344567713,3.8e-4,5.1e-4,6.2e-4,7.8e-4,9.5e-4,0.0011,0.0014,NA,NA,NA,NA,NA,NA,NA,NA,NA,NA,NA,NA,NA,NA,TRUE,FALSE,Center for Forecasting and Outbreak Analytics (CFA/CDC) Pyrenew team,2026-05-20,Pyrenew_ED_Visits_RSV
Mississippi,MS,1,wk inc rsv prop ed visits,prop_ed,2026-05-23,2026-05-30,CFA_Pyrenew-Pyrenew_E_RSV,2.5073663938183095e-4,3.6556524280889277e-4,4.895458120060898e-4,6.497642191213313e-4,8.542549236670073e-4,0.0010692659592358125,0.0014204995094322936,2.5e-4,3.7e-4,4.9e-4,6.5e-4,8.5e-4,0.0011,0.0014,NA,NA,NA,NA,NA,NA,NA,NA,NA,NA,NA,NA,NA,NA,TRUE,FALSE,Center for Forecasting and Outbreak Analytics (CFA/CDC) Pyrenew team,2026-05-20,Pyrenew_ED_Visits_RSV
Mississippi,MS,0,wk inc rsv hosp,hosp,2026-05-23,2026-05-23,CFA_Pyrenew-Pyrenew_HE_RSV,3,4,6,8,10,13,16,3,4,6,8,10,10,20,0.10249160508344697,0.13665547344459594,0.20498321016689394,0.2733109468891919,0.34163868361148986,0.4441302886949368,0.5466218937783838,0.1,0.14,0.2,0.27,0.34,0.44,0.55,TRUE,FALSE,Center for Forecasting and Outbreak Analytics (CFA/CDC) Pyrenew team,2026-05-20,Pyrenew_Hospital_Admissions_ED_Visits_RSV
Mississippi,MS,1,wk inc rsv hosp,hosp,2026-05-23,2026-05-30,CFA_Pyrenew-Pyrenew_HE_RSV,2,3,5,7,9,12,16,2,3,5,7,9,10,20,0.06832773672229797,0.10249160508344697,0.17081934180574493,0.2391470785280429,0.30747481525034087,0.4099664203337879,0.5466218937783838,0.07,0.1,0.17,0.24,0.31,0.41,0.55,TRUE,FALSE,Center for Forecasting and Outbreak Analytics (CFA/CDC) Pyrenew team,2026-05-20,Pyrenew_Hospital_Admissions_ED_Visits_RSV
Mississippi,MS,0,wk inc rsv prop ed visits,prop_ed,2026-05-23,2026-05-23,CFA_Pyrenew-Pyrenew_HE_RSV,4.009902606603649e-4,5.186810648555938e-4,6.452438311725258e-4,7.914772350302904e-4,9.629102837667291e-4,0.0011042497962242847,0.0013440931353424848,4e-4,5.2e-4,6.5e-4,7.9e-4,9.6e-4,0.0011,0.0013,NA,NA,NA,NA,NA,NA,NA,NA,NA,NA,NA,NA,NA,NA,FALSE,FALSE,Center for Forecasting and Outbreak Analytics (CFA/CDC) Pyrenew team,2026-05-20,Pyrenew_Hospital_Admissions_ED_Visits_RSV
Mississippi,MS,1,wk inc rsv prop ed visits,prop_ed,2026-05-23,2026-05-30,CFA_Pyrenew-Pyrenew_HE_RSV,2.5547236109463837e-4,3.77752309274525e-4,5.099423344497765e-4,6.693542485707558e-4,8.769036951079643e-4,0.0011044205226785704,0.0014553967101067645,2.6e-4,3.8e-4,5.1e-4,6.7e-4,8.8e-4,0.0011,0.0015,NA,NA,NA,NA,NA,NA,NA,NA,NA,NA,NA,NA,NA,NA,FALSE,FALSE,Center for Forecasting and Outbreak Analytics (CFA/CDC) Pyrenew team,2026-05-20,Pyrenew_Hospital_Admissions_ED_Visits_RSV
Mississippi,MS,0,wk inc rsv hosp,hosp,2026-05-23,2026-05-23,CFA_Pyrenew-Pyrenew_H_RSV,2,4,6,9,12,16,21,2,4,6,9,10,20,20,0.06832773672229797,0.13665547344459594,0.20498321016689394,0.30747481525034087,0.4099664203337879,0.5466218937783838,0.7174412355841286,0.07,0.14,0.2,0.31,0.41,0.55,0.72,FALSE,FALSE,Center for Forecasting and Outbreak Analytics (CFA/CDC) Pyrenew team,2026-05-20,Pyrenew_Hospital_Admissions_RSV
Mississippi,MS,1,wk inc rsv hosp,hosp,2026-05-23,2026-05-30,CFA_Pyrenew-Pyrenew_H_RSV,1,3,5,8,13,19,29,1,3,5,8,10,20,30,0.034163868361148986,0.10249160508344697,0.17081934180574493,0.2733109468891919,0.4441302886949368,0.6491134988618308,0.9907521824733206,0.03,0.1,0.17,0.27,0.44,0.65,0.99,FALSE,FALSE,Center for Forecasting and Outbreak Analytics (CFA/CDC) Pyrenew team,2026-05-20,Pyrenew_Hospital_Admissions_RSV
Mississippi,MS,0,wk inc rsv hosp,hosp,2026-05-23,2026-05-23,Google_SAI-RSVEns,2.5,3,4.5,7,9.5,17.5,23.5,3,3,5,7,10,20,20,0.08540967090287246,0.10249160508344697,0.15373740762517044,0.2391470785280429,0.3245567494309154,0.5978676963201073,0.8028509064870012,0.09,0.1,0.15,0.24,0.32,0.6,0.8,TRUE,FALSE,Google Science AI,2026-05-20,RSVEnsemble
Mississippi,MS,1,wk inc rsv hosp,hosp,2026-05-23,2026-05-30,Google_SAI-RSVEns,1,2,3,5,8.5,12,19.5,1,2,3,5,9,10,20,0.034163868361148986,0.06832773672229797,0.10249160508344697,0.17081934180574493,0.29039288106976635,0.4099664203337879,0.6661954330424051,0.03,0.07,0.1,0.17,0.29,0.41,0.67,TRUE,FALSE,Google Science AI,2026-05-20,RSVEnsemble
Mississippi,MS,2,wk inc rsv hosp,hosp,2026-05-23,2026-06-06,Google_SAI-RSVEns,1,2,3,5,7.5,10,17,1,2,3,5,8,10,20,0.034163868361148986,0.06832773672229797,0.10249160508344697,0.17081934180574493,0.2562290127086174,0.34163868361148986,0.5807857621395327,0.03,0.07,0.1,0.17,0.26,0.34,0.58,TRUE,FALSE,Google Science AI,2026-05-20,RSVEnsemble
Mississippi,MS,0,wk inc rsv hosp,hosp,2026-05-23,2026-05-23,RSVHub-baseline,0,1.7000000000000026,9,13,17,24.30000000000002,34.074999999999996,0,2,9,10,20,20,30,0,0.05807857621395337,0.30747481525034087,0.4441302886949368,0.5807857621395327,0.830182001175921,1.1641338144061515,0,0.06,0.31,0.44,0.58,0.83,1.16,FALSE,FALSE,RSVHub-hub-models,2026-05-20,RSVHub baseline model
Mississippi,MS,1,wk inc rsv hosp,hosp,2026-05-23,2026-05-30,RSVHub-baseline,0,0,5.413984139841399,13,21,31,42.662090870908706,0,0,5,10,20,30,40,0,0,0.18496264146289,0.4441302886949368,0.7174412355841286,1.0590799191956186,1.457502056525101,0,0,0.18,0.44,0.72,1.06,1.46,FALSE,FALSE,RSVHub-hub-models,2026-05-20,RSVHub baseline model
Mississippi,MS,2,wk inc rsv hosp,hosp,2026-05-23,2026-06-06,RSVHub-baseline,0,0,3,13,23.610876108761087,34.7825348253483,48.05990009900097,0,0,3,10,20,30,50,0,0,0.10249160508344697,0.4441302886949368,0.8066388632711112,1.1883059410402794,1.6419121004322403,0,0,0.1,0.44,0.81,1.19,1.64,FALSE,FALSE,RSVHub-hub-models,2026-05-20,RSVHub baseline model
Mississippi,MS,0,wk inc rsv prop ed visits,prop_ed,2026-05-23,2026-05-23,RSVHub-baseline,0,9.99999999999994e-5,6.999999999999999e-4,9e-4,0.0011,0.0017000000000000006,0.0030999999999999995,0,1e-4,7e-4,9e-4,0.0011,0.0017,0.0031,NA,NA,NA,NA,NA,NA,NA,NA,NA,NA,NA,NA,NA,NA,FALSE,FALSE,RSVHub-hub-models,2026-05-20,RSVHub baseline model
Mississippi,MS,1,wk inc rsv prop ed visits,prop_ed,2026-05-23,2026-05-30,RSVHub-baseline,0,0,4.0000000000000013e-4,9e-4,0.0014000000000000002,0.002399999999999999,0.0036146197961979616,0,0,4e-4,9e-4,0.0014,0.0024,0.0036,NA,NA,NA,NA,NA,NA,NA,NA,NA,NA,NA,NA,NA,NA,FALSE,FALSE,RSVHub-hub-models,2026-05-20,RSVHub baseline model
Mississippi,MS,2,wk inc rsv prop ed visits,prop_ed,2026-05-23,2026-06-06,RSVHub-baseline,0,0,2.000000000000001e-4,9e-4,0.0017,0.0027999999999999995,0.004006881443814448,0,0,2e-4,9e-4,0.0017,0.0028,0.004,NA,NA,NA,NA,NA,NA,NA,NA,NA,NA,NA,NA,NA,NA,FALSE,FALSE,RSVHub-hub-models,2026-05-20,RSVHub baseline model
Mississippi,MS,0,wk inc rsv hosp,hosp,2026-05-23,2026-05-23,UGA_flucast-INFLAenza,0,1,2,3,5,8,11,0,1,2,3,5,8,10,0,0.034163868361148986,0.06832773672229797,0.10249160508344697,0.17081934180574493,0.2733109468891919,0.37580255197263884,0,0.03,0.07,0.1,0.17,0.27,0.38,TRUE,FALSE,UGA_flucast,2026-05-20,INFLAenza
Mississippi,MS,1,wk inc rsv hosp,hosp,2026-05-23,2026-05-30,UGA_flucast-INFLAenza,0,0,1,2,4,6,10,0,0,1,2,4,6,10,0,0,0.034163868361148986,0.06832773672229797,0.13665547344459594,0.20498321016689394,0.34163868361148986,0,0,0.03,0.07,0.14,0.2,0.34,TRUE,FALSE,UGA_flucast,2026-05-20,INFLAenza
Mississippi,MS,2,wk inc rsv hosp,hosp,2026-05-23,2026-06-06,UGA_flucast-INFLAenza,0,0,1,2,4,6,9,0,0,1,2,4,6,9,0,0,0.034163868361148986,0.06832773672229797,0.13665547344459594,0.20498321016689394,0.30747481525034087,0,0,0.03,0.07,0.14,0.2,0.31,TRUE,FALSE,UGA_flucast,2026-05-20,INFLAenza
Mississippi,MS,0,wk inc rsv prop ed visits,prop_ed,2026-05-23,2026-05-23,UGA_flucast-INFLAenza,2.6653497101199967e-4,3.904337268160483e-4,5.318213154367355e-4,7.282206669909502e-4,9.512346003087235e-4,0.001179004845545585,0.0014979860892053243,2.7e-4,3.9e-4,5.3e-4,7.3e-4,9.5e-4,0.0012,0.0015,NA,NA,NA,NA,NA,NA,NA,NA,NA,NA,NA,NA,NA,NA,TRUE,FALSE,UGA_flucast,2026-05-20,INFLAenza
Mississippi,MS,1,wk inc rsv prop ed visits,prop_ed,2026-05-23,2026-05-30,UGA_flucast-INFLAenza,1.9902942835004053e-4,3.077602512903934e-4,4.374092024285869e-4,6.354611612897011e-4,8.679545937076568e-4,0.0011181431149870965,0.0014246404100617834,2e-4,3.1e-4,4.4e-4,6.4e-4,8.7e-4,0.0011,0.0014,NA,NA,NA,NA,NA,NA,NA,NA,NA,NA,NA,NA,NA,NA,TRUE,FALSE,UGA_flucast,2026-05-20,INFLAenza
Mississippi,MS,2,wk inc rsv prop ed visits,prop_ed,2026-05-23,2026-06-06,UGA_flucast-INFLAenza,1.4757273393655297e-4,2.490989909846771e-4,3.8104835014691704e-4,5.602986834335485e-4,7.938745982575175e-4,0.0010529340680944035,0.0014009597047782581,1.5e-4,2.5e-4,3.8e-4,5.6e-4,7.9e-4,0.0011,0.0014,NA,NA,NA,NA,NA,NA,NA,NA,NA,NA,NA,NA,NA,NA,TRUE,FALSE,UGA_flucast,2026-05-20,INFLAenza
Mississippi,MS,0,wk inc rsv hosp,hosp,2026-05-23,2026-05-23,RSVHub-ensemble,2.75,3.5,5.25,7.5,9.75,13,15.5,3,4,5,8,10,10,20,0.09395063799315971,0.11957353926402145,0.17936030889603216,0.2562290127086174,0.33309771652120257,0.4441302886949368,0.5295399595978093,0.09,0.12,0.18,0.26,0.33,0.44,0.53,FALSE,TRUE,RSVHub,2026-05-20,Ensemble using RSVHub forecast submissions
Mississippi,MS,1,wk inc rsv hosp,hosp,2026-05-23,2026-05-30,RSVHub-ensemble,1.5,2.5,4,6,8.75,12,17,2,3,4,6,9,10,20,0.051245802541723486,0.08540967090287246,0.13665547344459594,0.20498321016689394,0.29893384816005364,0.4099664203337879,0.5807857621395327,0.05,0.09,0.14,0.2,0.3,0.41,0.58,FALSE,TRUE,RSVHub,2026-05-20,Ensemble using RSVHub forecast submissions
Mississippi,MS,2,wk inc rsv hosp,hosp,2026-05-23,2026-06-06,RSVHub-ensemble,1,2,3,5,7.5,10,17,1,2,3,5,8,10,20,0.034163868361148986,0.06832773672229797,0.10249160508344697,0.17081934180574493,0.2562290127086174,0.34163868361148986,0.5807857621395327,0.03,0.07,0.1,0.17,0.26,0.34,0.58,FALSE,TRUE,RSVHub,2026-05-20,Ensemble using RSVHub forecast submissions
Mississippi,MS,0,wk inc rsv prop ed visits,prop_ed,2026-05-23,2026-05-23,RSVHub-ensemble,3.22968552542201e-4,4.509916887191182e-4,5.761925360957586e-4,7.558265931049949e-4,9.526529479864283e-4,0.0011443662211472832,0.0014278947168865188,3.2e-4,4.5e-4,5.8e-4,7.6e-4,9.5e-4,0.0011,0.0014,NA,NA,NA,NA,NA,NA,NA,NA,NA,NA,NA,NA,NA,NA,FALSE,TRUE,RSVHub,2026-05-20,Ensemble using RSVHub forecast submissions
Mississippi,MS,1,wk inc rsv prop ed visits,prop_ed,2026-05-23,2026-05-30,RSVHub-ensemble,2.2488303386593574e-4,3.366627470496431e-4,4.6347750721733834e-4,6.426126902055162e-4,8.61104758687332e-4,0.0010937045371114545,0.0014225699597470386,2.2e-4,3.4e-4,4.6e-4,6.4e-4,8.6e-4,0.0011,0.0014,NA,NA,NA,NA,NA,NA,NA,NA,NA,NA,NA,NA,NA,NA,FALSE,TRUE,RSVHub,2026-05-20,Ensemble using RSVHub forecast submissions
Missouri,MO,0,wk inc rsv hosp,hosp,2026-05-23,2026-05-23,CEPH-Rtrend_rsv,11,14,18,24,31,37,46,10,10,20,20,30,40,50,0.17795315690518107,0.22648583606113953,0.29119607493575084,0.38826143324766776,0.5015043512782376,0.5985697095901545,0.7441677470580299,0.18,0.23,0.29,0.39,0.5,0.6,0.74,TRUE,FALSE,CEPH Lab at Indiana University,2026-05-20,Rtrend RSV
Missouri,MO,1,wk inc rsv hosp,hosp,2026-05-23,2026-05-30,CEPH-Rtrend_rsv,7,10,15,21,29,39,52,7,10,20,20,30,40,50,0.11324291803056977,0.16177559718652823,0.24266339577979237,0.3397287540917093,0.4691492318409319,0.6309248290274602,0.8412331053699469,0.11,0.16,0.24,0.34,0.47,0.63,0.84,TRUE,FALSE,CEPH Lab at Indiana University,2026-05-20,Rtrend RSV
Missouri,MO,2,wk inc rsv hosp,hosp,2026-05-23,2026-06-06,CEPH-Rtrend_rsv,4,7,11,18,27,39,56,4,7,10,20,30,40,60,0.06471023887461129,0.11324291803056977,0.17795315690518107,0.29119607493575084,0.4367941124036262,0.6309248290274602,0.9059433442445581,0.06,0.11,0.18,0.29,0.44,0.63,0.91,TRUE,FALSE,CEPH Lab at Indiana University,2026-05-20,Rtrend RSV
Missouri,MO,0,wk inc rsv prop ed visits,prop_ed,2026-05-23,2026-05-23,CFA_Pyrenew-Pyrenew_E_RSV,2.3103753403325457e-4,3.0556382398963213e-4,3.9559082592575354e-4,4.934435891295737e-4,6.110533394341382e-4,7.278523847350721e-4,8.927725551181353e-4,2.3e-4,3.1e-4,4e-4,4.9e-4,6.1e-4,7.3e-4,8.9e-4,NA,NA,NA,NA,NA,NA,NA,NA,NA,NA,NA,NA,NA,NA,TRUE,FALSE,Center for Forecasting and Outbreak Analytics (CFA/CDC) Pyrenew team,2026-05-20,Pyrenew_ED_Visits_RSV
Missouri,MO,1,wk inc rsv prop ed visits,prop_ed,2026-05-23,2026-05-30,CFA_Pyrenew-Pyrenew_E_RSV,1.1735105079653578e-4,1.8606027240280554e-4,2.6866464295015877e-4,3.707816084239484e-4,5.062165553206251e-4,6.503176377230842e-4,8.58109233620674e-4,1.2e-4,1.9e-4,2.7e-4,3.7e-4,5.1e-4,6.5e-4,8.6e-4,NA,NA,NA,NA,NA,NA,NA,NA,NA,NA,NA,NA,NA,NA,TRUE,FALSE,Center for Forecasting and Outbreak Analytics (CFA/CDC) Pyrenew team,2026-05-20,Pyrenew_ED_Visits_RSV
Missouri,MO,0,wk inc rsv hosp,hosp,2026-05-23,2026-05-23,CFA_Pyrenew-Pyrenew_HE_RSV,4,6,9,12,15,18,22,4,6,9,10,20,20,20,0.06471023887461129,0.09706535831191694,0.14559803746787542,0.19413071662383388,0.24266339577979237,0.29119607493575084,0.35590631381036214,0.06,0.1,0.15,0.19,0.24,0.29,0.36,TRUE,FALSE,Center for Forecasting and Outbreak Analytics (CFA/CDC) Pyrenew team,2026-05-20,Pyrenew_Hospital_Admissions_ED_Visits_RSV
Missouri,MO,1,wk inc rsv hosp,hosp,2026-05-23,2026-05-30,CFA_Pyrenew-Pyrenew_HE_RSV,3,5,6,9,12,15,20,3,5,6,9,10,20,20,0.04853267915595847,0.08088779859326412,0.09706535831191694,0.14559803746787542,0.19413071662383388,0.24266339577979237,0.32355119437305646,0.05,0.08,0.1,0.15,0.19,0.24,0.32,TRUE,FALSE,Center for Forecasting and Outbreak Analytics (CFA/CDC) Pyrenew team,2026-05-20,Pyrenew_Hospital_Admissions_ED_Visits_RSV
Missouri,MO,0,wk inc rsv prop ed visits,prop_ed,2026-05-23,2026-05-23,CFA_Pyrenew-Pyrenew_HE_RSV,3.0067061115333416e-4,3.846223259555791e-4,4.771440119996061e-4,5.861563733790229e-4,7.164655025115616e-4,8.385017049746405e-4,0.001030569487858902,3e-4,3.8e-4,4.8e-4,5.9e-4,7.2e-4,8.4e-4,0.001,NA,NA,NA,NA,NA,NA,NA,NA,NA,NA,NA,NA,NA,NA,FALSE,FALSE,Center for Forecasting and Outbreak Analytics (CFA/CDC) Pyrenew team,2026-05-20,Pyrenew_Hospital_Admissions_ED_Visits_RSV
Missouri,MO,1,wk inc rsv prop ed visits,prop_ed,2026-05-23,2026-05-30,CFA_Pyrenew-Pyrenew_HE_RSV,1.772071893717798e-4,2.46426607928614e-4,3.393136341247698e-4,4.749203040891462e-4,6.293643278680207e-4,8.270342129620424e-4,0.0010835111071203106,1.8e-4,2.5e-4,3.4e-4,4.7e-4,6.3e-4,8.3e-4,0.0011,NA,NA,NA,NA,NA,NA,NA,NA,NA,NA,NA,NA,NA,NA,FALSE,FALSE,Center for Forecasting and Outbreak Analytics (CFA/CDC) Pyrenew team,2026-05-20,Pyrenew_Hospital_Admissions_ED_Visits_RSV
Missouri,MO,0,wk inc rsv hosp,hosp,2026-05-23,2026-05-23,CFA_Pyrenew-Pyrenew_H_RSV,9,13,16,21,27,34,42,9,10,20,20,30,30,40,0.14559803746787542,0.21030827634248672,0.25884095549844516,0.3397287540917093,0.4367941124036262,0.5500370304341959,0.6794575081834185,0.15,0.21,0.26,0.34,0.44,0.55,0.68,FALSE,FALSE,Center for Forecasting and Outbreak Analytics (CFA/CDC) Pyrenew team,2026-05-20,Pyrenew_Hospital_Admissions_RSV
Missouri,MO,1,wk inc rsv hosp,hosp,2026-05-23,2026-05-30,CFA_Pyrenew-Pyrenew_H_RSV,6,9,13,19,26,36,50,6,9,10,20,30,40,50,0.09706535831191694,0.14559803746787542,0.21030827634248672,0.30737363465440365,0.42061655268497344,0.5823921498715017,0.8088779859326412,0.1,0.15,0.21,0.31,0.42,0.58,0.81,FALSE,FALSE,Center for Forecasting and Outbreak Analytics (CFA/CDC) Pyrenew team,2026-05-20,Pyrenew_Hospital_Admissions_RSV
Missouri,MO,0,wk inc rsv hosp,hosp,2026-05-23,2026-05-23,Google_SAI-RSVEns,6.5,12.5,17,20.5,25,31.5,47.5,7,10,20,20,30,30,50,0.10515413817124336,0.2022194964831603,0.27501851521709797,0.3316399742323829,0.4044389929663206,0.5095931311375639,0.7684340866360091,0.11,0.2,0.28,0.33,0.4,0.51,0.77,TRUE,FALSE,Google Science AI,2026-05-20,RSVEnsemble
Missouri,MO,1,wk inc rsv hosp,hosp,2026-05-23,2026-05-30,Google_SAI-RSVEns,6,10,15,19,23,28.5,42.5,6,10,20,20,20,30,40,0.09706535831191694,0.16177559718652823,0.24266339577979237,0.30737363465440365,0.37208387352901495,0.4610604519816055,0.687546288042745,0.1,0.16,0.24,0.31,0.37,0.46,0.69,TRUE,FALSE,Google Science AI,2026-05-20,RSVEnsemble
Missouri,MO,2,wk inc rsv hosp,hosp,2026-05-23,2026-06-06,Google_SAI-RSVEns,5.5,9,14,17,21.5,27,38,6,9,10,20,20,30,40,0.08897657845259054,0.14559803746787542,0.22648583606113953,0.27501851521709797,0.3478175339510357,0.4367941124036262,0.6147472693088073,0.09,0.15,0.23,0.28,0.35,0.44,0.61,TRUE,FALSE,Google Science AI,2026-05-20,RSVEnsemble
Missouri,MO,0,wk inc rsv hosp,hosp,2026-05-23,2026-05-23,RSVHub-baseline,0,0,18.249999999999996,26,33.75,52,75.44999999999996,0,0,20,30,30,50,80,0,0,0.29524046486541394,0.42061655268497344,0.5459926405045328,0.8412331053699469,1.220596880772355,0,0,0.3,0.42,0.55,0.84,1.22,FALSE,FALSE,RSVHub-hub-models,2026-05-20,RSVHub baseline model
Missouri,MO,1,wk inc rsv hosp,hosp,2026-05-23,2026-05-30,RSVHub-baseline,0,0,8.942856928569283,26,44.920296702967015,65.17162771627717,94.78874588745903,0,0,9,30,40,70,90,0,0,0.14467360201729773,0.42061655268497344,0.7267007824918524,1.0543178993418836,1.5334505972505759,0,0,0.14,0.42,0.73,1.05,1.53,FALSE,FALSE,RSVHub-hub-models,2026-05-20,RSVHub baseline model
Missouri,MO,2,wk inc rsv hosp,hosp,2026-05-23,2026-06-06,RSVHub-baseline,0,0,3.384971349713492,26,49.99184991849908,74.7829708297083,107.23306083060832,0,0,3,30,50,70,110,0,0,0.05476057615591887,0.42061655268497344,0.8087461375024482,1.2098059765358782,1.7347692454010972,0,0,0.05,0.42,0.81,1.21,1.73,FALSE,FALSE,RSVHub-hub-models,2026-05-20,RSVHub baseline model
Missouri,MO,0,wk inc rsv hosp,hosp,2026-05-23,2026-05-23,UGA_flucast-INFLAenza,4,6,9,13,19,25,35,4,6,9,10,20,30,40,0.06471023887461129,0.09706535831191694,0.14559803746787542,0.21030827634248672,0.30737363465440365,0.4044389929663206,0.5662145901528488,0.06,0.1,0.15,0.21,0.31,0.4,0.57,TRUE,FALSE,UGA_flucast,2026-05-20,INFLAenza
Missouri,MO,1,wk inc rsv hosp,hosp,2026-05-23,2026-05-30,UGA_flucast-INFLAenza,2,4,6,10,15,21,31,2,4,6,10,20,20,30,0.032355119437305645,0.06471023887461129,0.09706535831191694,0.16177559718652823,0.24266339577979237,0.3397287540917093,0.5015043512782376,0.03,0.06,0.1,0.16,0.24,0.34,0.5,TRUE,FALSE,UGA_flucast,2026-05-20,INFLAenza
Missouri,MO,2,wk inc rsv hosp,hosp,2026-05-23,2026-06-06,UGA_flucast-INFLAenza,1,2,4,7,12,18,27,1,2,4,7,10,20,30,0.016177559718652822,0.032355119437305645,0.06471023887461129,0.11324291803056977,0.19413071662383388,0.29119607493575084,0.4367941124036262,0.02,0.03,0.06,0.11,0.19,0.29,0.44,TRUE,FALSE,UGA_flucast,2026-05-20,INFLAenza
Missouri,MO,0,wk inc rsv hosp,hosp,2026-05-23,2026-05-23,RSVHub-ensemble,5.25,9.25,13,16.75,22,28.25,40.5,5,9,10,20,20,30,40,0.08493218852292732,0.14964242739753864,0.21030827634248672,0.2709741252874348,0.35590631381036214,0.45701606205194223,0.6551911686054394,0.08,0.15,0.21,0.27,0.36,0.46,0.66,FALSE,TRUE,RSVHub,2026-05-20,Ensemble using RSVHub forecast submissions
Missouri,MO,1,wk inc rsv hosp,hosp,2026-05-23,2026-05-30,RSVHub-ensemble,4.5,7.5,10.5,14.5,19,24.75,36.75,5,8,10,10,20,20,40,0.07279901873393771,0.12133169788989619,0.16986437704585464,0.23457461592046594,0.30737363465440365,0.4003946030366574,0.5945253196604913,0.07,0.12,0.17,0.23,0.31,0.4,0.59,FALSE,TRUE,RSVHub,2026-05-20,Ensemble using RSVHub forecast submissions
Missouri,MO,2,wk inc rsv hosp,hosp,2026-05-23,2026-06-06,RSVHub-ensemble,4,7,11,17,21.5,27,38,4,7,10,20,20,30,40,0.06471023887461129,0.11324291803056977,0.17795315690518107,0.27501851521709797,0.3478175339510357,0.4367941124036262,0.6147472693088073,0.06,0.11,0.18,0.28,0.35,0.44,0.61,FALSE,TRUE,RSVHub,2026-05-20,Ensemble using RSVHub forecast submissions
Montana,MT,0,wk inc rsv hosp,hosp,2026-05-23,2026-05-23,CEPH-Rtrend_rsv,9,11,13,15,18,22,25,9,10,10,20,20,20,30,0.7968254474174887,0.9738977690658195,1.1509700907141505,1.3280424123624812,1.5936508948349775,1.947795538131639,2.213404020604135,0.8,0.97,1.15,1.33,1.59,1.95,2.21,TRUE,FALSE,CEPH Lab at Indiana University,2026-05-20,Rtrend RSV
Montana,MT,1,wk inc rsv hosp,hosp,2026-05-23,2026-05-30,CEPH-Rtrend_rsv,6,8,10,13,17,21,26,6,8,10,10,20,20,30,0.5312169649449925,0.7082892865933234,0.8853616082416541,1.1509700907141505,1.505114734010812,1.8592593773074737,2.301940181428301,0.53,0.71,0.89,1.15,1.51,1.86,2.3,TRUE,FALSE,CEPH Lab at Indiana University,2026-05-20,Rtrend RSV
Montana,MT,2,wk inc rsv hosp,hosp,2026-05-23,2026-06-06,CEPH-Rtrend_rsv,4,6,8,11,15,20,26,4,6,8,10,20,20,30,0.3541446432966617,0.5312169649449925,0.7082892865933234,0.9738977690658195,1.3280424123624812,1.7707232164833082,2.301940181428301,0.35,0.53,0.71,0.97,1.33,1.77,2.3,TRUE,FALSE,CEPH Lab at Indiana University,2026-05-20,Rtrend RSV
Montana,MT,0,wk inc rsv prop ed visits,prop_ed,2026-05-23,2026-05-23,CFA_Pyrenew-Pyrenew_E_RSV,6.711933270265332e-4,9.056772516591837e-4,0.001237706126512461,0.001625743773084199,0.002078713622159562,0.0025280368916827155,0.003129295855147372,6.7e-4,9.1e-4,0.0012,0.0016,0.0021,0.0025,0.0031,NA,NA,NA,NA,NA,NA,NA,NA,NA,NA,NA,NA,NA,NA,TRUE,FALSE,Center for Forecasting and Outbreak Analytics (CFA/CDC) Pyrenew team,2026-05-20,Pyrenew_ED_Visits_RSV
Montana,MT,1,wk inc rsv prop ed visits,prop_ed,2026-05-23,2026-05-30,CFA_Pyrenew-Pyrenew_E_RSV,3.3493191080317963e-4,5.637207811362011e-4,8.037283533672903e-4,0.0012414102016294426,0.0017262651809680169,0.0022821120299624425,0.0030644336797595144,3.3e-4,5.6e-4,8e-4,0.0012,0.0017,0.0023,0.0031,NA,NA,NA,NA,NA,NA,NA,NA,NA,NA,NA,NA,NA,NA,TRUE,FALSE,Center for Forecasting and Outbreak Analytics (CFA/CDC) Pyrenew team,2026-05-20,Pyrenew_ED_Visits_RSV
Montana,MT,0,wk inc rsv hosp,hosp,2026-05-23,2026-05-23,CFA_Pyrenew-Pyrenew_HE_RSV,3,5,7,10,13,16,21,3,5,7,10,10,20,20,0.26560848247249624,0.44268080412082705,0.619753125769158,0.8853616082416541,1.1509700907141505,1.4165785731866467,1.8592593773074737,0.27,0.44,0.62,0.89,1.15,1.42,1.86,TRUE,FALSE,Center for Forecasting and Outbreak Analytics (CFA/CDC) Pyrenew team,2026-05-20,Pyrenew_Hospital_Admissions_ED_Visits_RSV
Montana,MT,1,wk inc rsv hosp,hosp,2026-05-23,2026-05-30,CFA_Pyrenew-Pyrenew_HE_RSV,2,3,5,8,11,15,19,2,3,5,8,10,20,20,0.17707232164833084,0.26560848247249624,0.44268080412082705,0.7082892865933234,0.9738977690658195,1.3280424123624812,1.6821870556591427,0.18,0.27,0.44,0.71,0.97,1.33,1.68,TRUE,FALSE,Center for Forecasting and Outbreak Analytics (CFA/CDC) Pyrenew team,2026-05-20,Pyrenew_Hospital_Admissions_ED_Visits_RSV
Montana,MT,0,wk inc rsv prop ed visits,prop_ed,2026-05-23,2026-05-23,CFA_Pyrenew-Pyrenew_HE_RSV,7.866193223799746e-4,0.001114751168895655,0.0014241325724660314,0.001827913579294391,0.0023019980196085175,0.002814895748920478,0.003470665228204666,7.9e-4,0.0011,0.0014,0.0018,0.0023,0.0028,0.0035,NA,NA,NA,NA,NA,NA,NA,NA,NA,NA,NA,NA,NA,NA,FALSE,FALSE,Center for Forecasting and Outbreak Analytics (CFA/CDC) Pyrenew team,2026-05-20,Pyrenew_Hospital_Admissions_ED_Visits_RSV
Montana,MT,1,wk inc rsv prop ed visits,prop_ed,2026-05-23,2026-05-30,CFA_Pyrenew-Pyrenew_HE_RSV,4.502162467499009e-4,6.795821168007011e-4,0.0010056427745738024,0.0014344216370383391,0.0020227137108397406,0.002608691021547074,0.003523057682237785,4.5e-4,6.8e-4,0.001,0.0014,0.002,0.0026,0.0035,NA,NA,NA,NA,NA,NA,NA,NA,NA,NA,NA,NA,NA,NA,FALSE,FALSE,Center for Forecasting and Outbreak Analytics (CFA/CDC) Pyrenew team,2026-05-20,Pyrenew_Hospital_Admissions_ED_Visits_RSV
Montana,MT,0,wk inc rsv hosp,hosp,2026-05-23,2026-05-23,CFA_Pyrenew-Pyrenew_H_RSV,5,8,11,15,21,28,38,5,8,10,20,20,30,40,0.44268080412082705,0.7082892865933234,0.9738977690658195,1.3280424123624812,1.8592593773074737,2.479012503076632,3.3643741113182855,0.44,0.71,0.97,1.33,1.86,2.48,3.36,FALSE,FALSE,Center for Forecasting and Outbreak Analytics (CFA/CDC) Pyrenew team,2026-05-20,Pyrenew_Hospital_Admissions_RSV
Montana,MT,1,wk inc rsv hosp,hosp,2026-05-23,2026-05-30,CFA_Pyrenew-Pyrenew_H_RSV,3,6,9,14,21,30,45,3,6,9,10,20,30,50,0.26560848247249624,0.5312169649449925,0.7968254474174887,1.239506251538316,1.8592593773074737,2.6560848247249624,3.984127237087444,0.27,0.53,0.8,1.24,1.86,2.66,3.98,FALSE,FALSE,Center for Forecasting and Outbreak Analytics (CFA/CDC) Pyrenew team,2026-05-20,Pyrenew_Hospital_Admissions_RSV
Montana,MT,0,wk inc rsv hosp,hosp,2026-05-23,2026-05-23,Google_SAI-RSVEns,4,5,8,12.5,15,20,23.5,4,5,8,10,20,20,20,0.3541446432966617,0.44268080412082705,0.7082892865933234,1.1067020103020675,1.3280424123624812,1.7707232164833082,2.0805997793678874,0.35,0.44,0.71,1.11,1.33,1.77,2.08,TRUE,FALSE,Google Science AI,2026-05-20,RSVEnsemble
Montana,MT,1,wk inc rsv hosp,hosp,2026-05-23,2026-05-30,Google_SAI-RSVEns,3,4,5.5,9.5,11.5,16,23.5,3,4,6,10,10,20,20,0.26560848247249624,0.3541446432966617,0.48694888453290974,0.8410935278295714,1.0181658494779022,1.4165785731866467,2.0805997793678874,0.27,0.35,0.49,0.84,1.02,1.42,2.08,TRUE,FALSE,Google Science AI,2026-05-20,RSVEnsemble
Montana,MT,2,wk inc rsv hosp,hosp,2026-05-23,2026-06-06,Google_SAI-RSVEns,2,3.5,5,7.5,10.5,12.5,17,2,4,5,8,10,10,20,0.17707232164833084,0.309876562884579,0.44268080412082705,0.6640212061812406,0.9296296886537369,1.1067020103020675,1.505114734010812,0.18,0.31,0.44,0.66,0.93,1.11,1.51,TRUE,FALSE,Google Science AI,2026-05-20,RSVEnsemble
Montana,MT,0,wk inc rsv hosp,hosp,2026-05-23,2026-05-23,RSVHub-baseline,0.6250000000000042,7.700000000000003,15,17,19,26.30000000000002,33.37499999999997,1,8,20,20,20,30,30,0.05533510051510375,0.6817284383460739,1.3280424123624812,1.505114734010812,1.6821870556591427,2.328501029675552,2.9548943675065185,0.06,0.68,1.33,1.51,1.68,2.33,2.95,FALSE,FALSE,RSVHub-hub-models,2026-05-20,RSVHub baseline model
Montana,MT,1,wk inc rsv hosp,hosp,2026-05-23,2026-05-30,RSVHub-baseline,0,3.685359853598538,11.010600106001062,17,23,30.51832218322183,42.383742337423364,0,4,10,20,20,30,40,0,0.32628761269312284,0.9748362617554828,1.505114734010812,2.0363316989558045,2.701975080897423,3.7524938279161035,0,0.33,0.97,1.51,2.04,2.7,3.75,FALSE,FALSE,RSVHub-hub-models,2026-05-20,RSVHub baseline model
Montana,MT,2,wk inc rsv hosp,hosp,2026-05-23,2026-06-06,RSVHub-baseline,0,0.7150241502415042,9,17,25,34,47.683095330953286,0,1,9,20,30,30,50,0,0.06330549315894403,0.7968254474174887,1.505114734010812,2.213404020604135,3.010229468021624,4.221678196815291,0,0.06,0.8,1.51,2.21,3.01,4.22,FALSE,FALSE,RSVHub-hub-models,2026-05-20,RSVHub baseline model
Montana,MT,0,wk inc rsv prop ed visits,prop_ed,2026-05-23,2026-05-23,RSVHub-baseline,0,0.0011999999999999997,0.002025,0.0023,0.0025749999999999983,0.0034000000000000002,0.005944999999999964,0,0.0012,0.002,0.0023,0.0026,0.0034,0.0059,NA,NA,NA,NA,NA,NA,NA,NA,NA,NA,NA,NA,NA,NA,FALSE,FALSE,RSVHub-hub-models,2026-05-20,RSVHub baseline model
Montana,MT,1,wk inc rsv prop ed visits,prop_ed,2026-05-23,2026-05-30,RSVHub-baseline,0,1e-4,0.0015999999999999999,0.0023,0.0030215472154721647,0.004761652816528168,0.006720684456844546,0,1e-4,0.0016,0.0023,0.003,0.0048,0.0067,NA,NA,NA,NA,NA,NA,NA,NA,NA,NA,NA,NA,NA,NA,FALSE,FALSE,RSVHub-hub-models,2026-05-20,RSVHub baseline model
Montana,MT,2,wk inc rsv prop ed visits,prop_ed,2026-05-23,2026-06-06,RSVHub-baseline,0,0,0.0012000000000000005,0.0023,0.0034,0.005340717207172076,0.0076,0,0,0.0012,0.0023,0.0034,0.0053,0.0076,NA,NA,NA,NA,NA,NA,NA,NA,NA,NA,NA,NA,NA,NA,FALSE,FALSE,RSVHub-hub-models,2026-05-20,RSVHub baseline model
Montana,MT,0,wk inc rsv hosp,hosp,2026-05-23,2026-05-23,UGA_flucast-INFLAenza,2,4,6,9,12,17,23,2,4,6,9,10,20,20,0.17707232164833084,0.3541446432966617,0.5312169649449925,0.7968254474174887,1.062433929889985,1.505114734010812,2.0363316989558045,0.18,0.35,0.53,0.8,1.06,1.51,2.04,TRUE,FALSE,UGA_flucast,2026-05-20,INFLAenza
Montana,MT,1,wk inc rsv hosp,hosp,2026-05-23,2026-05-30,UGA_flucast-INFLAenza,1,2,4,6,9,13,20,1,2,4,6,9,10,20,0.08853616082416542,0.17707232164833084,0.3541446432966617,0.5312169649449925,0.7968254474174887,1.1509700907141505,1.7707232164833082,0.09,0.18,0.35,0.53,0.8,1.15,1.77,TRUE,FALSE,UGA_flucast,2026-05-20,INFLAenza
Montana,MT,2,wk inc rsv hosp,hosp,2026-05-23,2026-06-06,UGA_flucast-INFLAenza,0,1,3,5,7,11,17,0,1,3,5,7,10,20,0,0.08853616082416542,0.26560848247249624,0.44268080412082705,0.619753125769158,0.9738977690658195,1.505114734010812,0,0.09,0.27,0.44,0.62,0.97,1.51,TRUE,FALSE,UGA_flucast,2026-05-20,INFLAenza
Montana,MT,0,wk inc rsv prop ed visits,prop_ed,2026-05-23,2026-05-23,UGA_flucast-INFLAenza,9.201328283300476e-4,0.0012023025241527986,0.0014887500657430424,0.0018767012970362135,0.00231821180305889,0.0027965581345978582,0.0034392563781085947,9.2e-4,0.0012,0.0015,0.0019,0.0023,0.0028,0.0034,NA,NA,NA,NA,NA,NA,NA,NA,NA,NA,NA,NA,NA,NA,TRUE,FALSE,UGA_flucast,2026-05-20,INFLAenza
Montana,MT,1,wk inc rsv prop ed visits,prop_ed,2026-05-23,2026-05-30,UGA_flucast-INFLAenza,6.840258081582e-4,9.356853223853828e-4,0.001210646500165252,0.0015831823479603882,0.0020297562662279266,0.0025567886008709697,0.0031989922269702164,6.8e-4,9.4e-4,0.0012,0.0016,0.002,0.0026,0.0032,NA,NA,NA,NA,NA,NA,NA,NA,NA,NA,NA,NA,NA,NA,TRUE,FALSE,UGA_flucast,2026-05-20,INFLAenza
Montana,MT,2,wk inc rsv prop ed visits,prop_ed,2026-05-23,2026-06-06,UGA_flucast-INFLAenza,4.949934290028179e-4,7.160304877324054e-4,9.77915277160652e-4,0.0013563636463543257,0.0018066753968668122,0.002339315292581315,0.0030099283930027617,4.9e-4,7.2e-4,9.8e-4,0.0014,0.0018,0.0023,0.003,NA,NA,NA,NA,NA,NA,NA,NA,NA,NA,NA,NA,NA,NA,TRUE,FALSE,UGA_flucast,2026-05-20,INFLAenza
Montana,MT,0,wk inc rsv hosp,hosp,2026-05-23,2026-05-23,RSVHub-ensemble,3.5,5,7.5,11.25,14,18.5,23.25,4,5,8,10,10,20,20,0.309876562884579,0.44268080412082705,0.6640212061812406,0.996031809271861,1.239506251538316,1.6379189752470602,2.058465739161846,0.31,0.44,0.66,1,1.24,1.64,2.06,FALSE,TRUE,RSVHub,2026-05-20,Ensemble using RSVHub forecast submissions
Montana,MT,1,wk inc rsv hosp,hosp,2026-05-23,2026-05-30,RSVHub-ensemble,2.5,3.5,5.25,8.75,11.25,15.5,21.75,3,4,5,9,10,20,20,0.22134040206041353,0.309876562884579,0.4648148443268684,0.7746914072114475,0.996031809271861,1.372310492774564,1.925661497925598,0.22,0.31,0.46,0.77,1,1.37,1.93,FALSE,TRUE,RSVHub,2026-05-20,Ensemble using RSVHub forecast submissions
Montana,MT,2,wk inc rsv hosp,hosp,2026-05-23,2026-06-06,RSVHub-ensemble,2,3.5,5,7.5,10.5,12.5,17,2,4,5,8,10,10,20,0.17707232164833084,0.309876562884579,0.44268080412082705,0.6640212061812406,0.9296296886537369,1.1067020103020675,1.505114734010812,0.18,0.31,0.44,0.66,0.93,1.11,1.51,FALSE,TRUE,RSVHub,2026-05-20,Ensemble using RSVHub forecast submissions
Montana,MT,0,wk inc rsv prop ed visits,prop_ed,2026-05-23,2026-05-23,RSVHub-ensemble,7.956630776782904e-4,0.001053989887905991,0.0013632280961277518,0.0017512225350602062,0.002198462712609226,0.002662297513140287,0.0032842761166279833,8e-4,0.0011,0.0014,0.0018,0.0022,0.0027,0.0033,NA,NA,NA,NA,NA,NA,NA,NA,NA,NA,NA,NA,NA,NA,FALSE,TRUE,RSVHub,2026-05-20,Ensemble using RSVHub forecast submissions
Montana,MT,1,wk inc rsv prop ed visits,prop_ed,2026-05-23,2026-05-30,RSVHub-ensemble,5.094788594806898e-4,7.497030517607919e-4,0.001007187426766271,0.0014122962747949155,0.0018780107235979717,0.002419450315416706,0.0031317129533648654,5.1e-4,7.5e-4,0.001,0.0014,0.0019,0.0024,0.0031,NA,NA,NA,NA,NA,NA,NA,NA,NA,NA,NA,NA,NA,NA,FALSE,TRUE,RSVHub,2026-05-20,Ensemble using RSVHub forecast submissions
Nebraska,NE,0,wk inc rsv hosp,hosp,2026-05-23,2026-05-23,CEPH-Rtrend_rsv,6,7,9,10,13,15,17,6,7,9,10,10,20,20,0.30427275009318355,0.3549848751087141,0.4564091251397753,0.5071212501553058,0.6592576252018976,0.7606818752329588,0.86210612526402,0.3,0.35,0.46,0.51,0.66,0.76,0.86,TRUE,FALSE,CEPH Lab at Indiana University,2026-05-20,Rtrend RSV
Nebraska,NE,1,wk inc rsv hosp,hosp,2026-05-23,2026-05-30,CEPH-Rtrend_rsv,4,5,6,8,10,13,15,4,5,6,8,10,10,20,0.20284850006212238,0.2535606250776529,0.30427275009318355,0.40569700012424476,0.5071212501553058,0.6592576252018976,0.7606818752329588,0.2,0.25,0.3,0.41,0.51,0.66,0.76,TRUE,FALSE,CEPH Lab at Indiana University,2026-05-20,Rtrend RSV
Nebraska,NE,2,wk inc rsv hosp,hosp,2026-05-23,2026-06-06,CEPH-Rtrend_rsv,2,3,4,6,8,11,14,2,3,4,6,8,10,10,0.10142425003106119,0.15213637504659178,0.20284850006212238,0.30427275009318355,0.40569700012424476,0.5578333751708365,0.7099697502174283,0.1,0.15,0.2,0.3,0.41,0.56,0.71,TRUE,FALSE,CEPH Lab at Indiana University,2026-05-20,Rtrend RSV
Nebraska,NE,0,wk inc rsv prop ed visits,prop_ed,2026-05-23,2026-05-23,CFA_Pyrenew-Pyrenew_E_RSV,5.508217816927585e-4,7.663387746956593e-4,9.875814445746418e-4,0.0012584266253328174,0.0015864024019281561,0.001954842936861658,0.002382517351202202,5.5e-4,7.7e-4,9.9e-4,0.0013,0.0016,0.002,0.0024,NA,NA,NA,NA,NA,NA,NA,NA,NA,NA,NA,NA,NA,NA,TRUE,FALSE,Center for Forecasting and Outbreak Analytics (CFA/CDC) Pyrenew team,2026-05-20,Pyrenew_ED_Visits_RSV
Nebraska,NE,1,wk inc rsv prop ed visits,prop_ed,2026-05-23,2026-05-30,CFA_Pyrenew-Pyrenew_E_RSV,2.469094333799174e-4,4.5133554380323457e-4,6.570938836336839e-4,9.371315437996039e-4,0.0013304297236029416,0.0017474795066305523,0.002376879208342674,2.5e-4,4.5e-4,6.6e-4,9.4e-4,0.0013,0.0017,0.0024,NA,NA,NA,NA,NA,NA,NA,NA,NA,NA,NA,NA,NA,NA,TRUE,FALSE,Center for Forecasting and Outbreak Analytics (CFA/CDC) Pyrenew team,2026-05-20,Pyrenew_ED_Visits_RSV
Nebraska,NE,0,wk inc rsv hosp,hosp,2026-05-23,2026-05-23,CFA_Pyrenew-Pyrenew_H_RSV,4,6,9,12,16,21,28,4,6,9,10,20,20,30,0.20284850006212238,0.30427275009318355,0.4564091251397753,0.6085455001863671,0.8113940002484895,1.0649546253261424,1.4199395004348565,0.2,0.3,0.46,0.61,0.81,1.06,1.42,FALSE,FALSE,Center for Forecasting and Outbreak Analytics (CFA/CDC) Pyrenew team,2026-05-20,Pyrenew_Hospital_Admissions_RSV
Nebraska,NE,1,wk inc rsv hosp,hosp,2026-05-23,2026-05-30,CFA_Pyrenew-Pyrenew_H_RSV,2,4,6,10,14,20,29,2,4,6,10,10,20,30,0.10142425003106119,0.20284850006212238,0.30427275009318355,0.5071212501553058,0.7099697502174283,1.0142425003106117,1.470651625450387,0.1,0.2,0.3,0.51,0.71,1.01,1.47,FALSE,FALSE,Center for Forecasting and Outbreak Analytics (CFA/CDC) Pyrenew team,2026-05-20,Pyrenew_Hospital_Admissions_RSV
Nebraska,NE,0,wk inc rsv hosp,hosp,2026-05-23,2026-05-23,Google_SAI-RSVEns,3,5.5,8,11,14.5,20,30,3,6,8,10,10,20,30,0.15213637504659178,0.27891668758541827,0.40569700012424476,0.5578333751708365,0.7353258127251935,1.0142425003106117,1.5213637504659177,0.15,0.28,0.41,0.56,0.74,1.01,1.52,TRUE,FALSE,Google Science AI,2026-05-20,RSVEnsemble
Nebraska,NE,1,wk inc rsv hosp,hosp,2026-05-23,2026-05-30,Google_SAI-RSVEns,3,3.5,5.5,8,11.5,17,23.5,3,4,6,8,10,20,20,0.15213637504659178,0.17749243755435706,0.27891668758541827,0.40569700012424476,0.5831894376786018,0.86210612526402,1.1917349378649689,0.15,0.18,0.28,0.41,0.58,0.86,1.19,TRUE,FALSE,Google Science AI,2026-05-20,RSVEnsemble
Nebraska,NE,2,wk inc rsv hosp,hosp,2026-05-23,2026-06-06,Google_SAI-RSVEns,2.5,3.5,5,6.5,9,12,18,3,4,5,7,9,10,20,0.12678031253882646,0.17749243755435706,0.2535606250776529,0.3296288126009488,0.4564091251397753,0.6085455001863671,0.9128182502795505,0.13,0.18,0.25,0.33,0.46,0.61,0.91,TRUE,FALSE,Google Science AI,2026-05-20,RSVEnsemble
Nebraska,NE,0,wk inc rsv hosp,hosp,2026-05-23,2026-05-23,RSVHub-baseline,0,5,13,15,17,25,38,0,5,10,20,20,30,40,0,0.2535606250776529,0.6592576252018976,0.7606818752329588,0.86210612526402,1.2678031253882647,1.9270607505901622,0,0.25,0.66,0.76,0.86,1.27,1.93,FALSE,FALSE,RSVHub-hub-models,2026-05-20,RSVHub baseline model
Nebraska,NE,1,wk inc rsv hosp,hosp,2026-05-23,2026-05-30,RSVHub-baseline,0,0,9,15,21,31.100874008740075,45.73487509875093,0,0,9,20,20,30,50,0,0,0.4564091251397753,0.7606818752329588,1.0649546253261424,1.5771914108234926,2.319312703577534,0,0,0.46,0.76,1.06,1.58,2.32,FALSE,FALSE,RSVHub-hub-models,2026-05-20,RSVHub baseline model
Nebraska,NE,2,wk inc rsv hosp,hosp,2026-05-23,2026-06-06,RSVHub-baseline,0,0,6,15,24,35.74668446684468,49.957051070510786,0,0,6,20,20,40,50,0,0,0.30427275009318355,0.7606818752329588,1.2170910003727342,1.812790331573353,2.5334282192949895,0,0,0.3,0.76,1.22,1.81,2.53,FALSE,FALSE,RSVHub-hub-models,2026-05-20,RSVHub baseline model
Nebraska,NE,0,wk inc rsv prop ed visits,prop_ed,2026-05-23,2026-05-23,RSVHub-baseline,1.000000000000007e-4,0.0012000000000000001,0.002,0.0022,0.0024000000000000002,0.0032,0.0043,1e-4,0.0012,0.002,0.0022,0.0024,0.0032,0.0043,NA,NA,NA,NA,NA,NA,NA,NA,NA,NA,NA,NA,NA,NA,FALSE,FALSE,RSVHub-hub-models,2026-05-20,RSVHub baseline model
Nebraska,NE,1,wk inc rsv prop ed visits,prop_ed,2026-05-23,2026-05-30,RSVHub-baseline,0,5.999999999999998e-4,0.0017,0.0022,0.0027000000000000006,0.003800000000000001,0.005118766787667881,0,6e-4,0.0017,0.0022,0.0027,0.0038,0.0051,NA,NA,NA,NA,NA,NA,NA,NA,NA,NA,NA,NA,NA,NA,FALSE,FALSE,RSVHub-hub-models,2026-05-20,RSVHub baseline model
Nebraska,NE,2,wk inc rsv prop ed visits,prop_ed,2026-05-23,2026-06-06,RSVHub-baseline,0,2.474121741217415e-4,0.0013999999999999996,0.0022,0.0030204194541945425,0.004200000000000001,0.005708388433884335,0,2.5e-4,0.0014,0.0022,0.003,0.0042,0.0057,NA,NA,NA,NA,NA,NA,NA,NA,NA,NA,NA,NA,NA,NA,FALSE,FALSE,RSVHub-hub-models,2026-05-20,RSVHub baseline model
Nebraska,NE,0,wk inc rsv hosp,hosp,2026-05-23,2026-05-23,UGA_flucast-INFLAenza,2,4,6,9,13,18,25,2,4,6,9,10,20,30,0.10142425003106119,0.20284850006212238,0.30427275009318355,0.4564091251397753,0.6592576252018976,0.9128182502795505,1.2678031253882647,0.1,0.2,0.3,0.46,0.66,0.91,1.27,TRUE,FALSE,UGA_flucast,2026-05-20,INFLAenza
Nebraska,NE,1,wk inc rsv hosp,hosp,2026-05-23,2026-05-30,UGA_flucast-INFLAenza,1,2,4,7,10,14,21,1,2,4,7,10,10,20,0.050712125015530594,0.10142425003106119,0.20284850006212238,0.3549848751087141,0.5071212501553058,0.7099697502174283,1.0649546253261424,0.05,0.1,0.2,0.35,0.51,0.71,1.06,TRUE,FALSE,UGA_flucast,2026-05-20,INFLAenza
Nebraska,NE,2,wk inc rsv hosp,hosp,2026-05-23,2026-06-06,UGA_flucast-INFLAenza,0,1,3,5,8,12,19,0,1,3,5,8,10,20,0,0.050712125015530594,0.15213637504659178,0.2535606250776529,0.40569700012424476,0.6085455001863671,0.9635303752950811,0,0.05,0.15,0.25,0.41,0.61,0.96,TRUE,FALSE,UGA_flucast,2026-05-20,INFLAenza
Nebraska,NE,0,wk inc rsv prop ed visits,prop_ed,2026-05-23,2026-05-23,UGA_flucast-INFLAenza,7.644815452238641e-4,0.0010136072388288561,0.001279526388073614,0.0016184574453296636,0.002007757712836994,0.002411566056870791,0.0029144801849381153,7.6e-4,0.001,0.0013,0.0016,0.002,0.0024,0.0029,NA,NA,NA,NA,NA,NA,NA,NA,NA,NA,NA,NA,NA,NA,TRUE,FALSE,UGA_flucast,2026-05-20,INFLAenza
Nebraska,NE,1,wk inc rsv prop ed visits,prop_ed,2026-05-23,2026-05-30,UGA_flucast-INFLAenza,5.531826844219668e-4,7.838088450322929e-4,0.001027024273787497,0.001375291544567283,0.0017824856180967319,0.002241293781574348,0.002873535269747441,5.5e-4,7.8e-4,0.001,0.0014,0.0018,0.0022,0.0029,NA,NA,NA,NA,NA,NA,NA,NA,NA,NA,NA,NA,NA,NA,TRUE,FALSE,UGA_flucast,2026-05-20,INFLAenza
Nebraska,NE,2,wk inc rsv prop ed visits,prop_ed,2026-05-23,2026-06-06,UGA_flucast-INFLAenza,4.278876982916514e-4,6.273921591106908e-4,8.610566981433782e-4,0.0011861577943992592,0.0016010675216978818,0.002052672538951493,0.0026896108463044096,4.3e-4,6.3e-4,8.6e-4,0.0012,0.0016,0.0021,0.0027,NA,NA,NA,NA,NA,NA,NA,NA,NA,NA,NA,NA,NA,NA,TRUE,FALSE,UGA_flucast,2026-05-20,INFLAenza
Nebraska,NE,0,wk inc rsv hosp,hosp,2026-05-23,2026-05-23,RSVHub-ensemble,3,5.5,8,10,13,18,25,3,6,8,10,10,20,30,0.15213637504659178,0.27891668758541827,0.40569700012424476,0.5071212501553058,0.6592576252018976,0.9128182502795505,1.2678031253882647,0.15,0.28,0.41,0.51,0.66,0.91,1.27,FALSE,TRUE,RSVHub,2026-05-20,Ensemble using RSVHub forecast submissions
Nebraska,NE,1,wk inc rsv hosp,hosp,2026-05-23,2026-05-30,RSVHub-ensemble,3,3.5,5.5,8,10,14,21,3,4,6,8,10,10,20,0.15213637504659178,0.17749243755435706,0.27891668758541827,0.40569700012424476,0.5071212501553058,0.7099697502174283,1.0649546253261424,0.15,0.18,0.28,0.41,0.51,0.71,1.06,FALSE,TRUE,RSVHub,2026-05-20,Ensemble using RSVHub forecast submissions
Nebraska,NE,2,wk inc rsv hosp,hosp,2026-05-23,2026-06-06,RSVHub-ensemble,2,3,4,6,8,12,18,2,3,4,6,8,10,20,0.10142425003106119,0.15213637504659178,0.20284850006212238,0.30427275009318355,0.40569700012424476,0.6085455001863671,0.9128182502795505,0.1,0.15,0.2,0.3,0.41,0.61,0.91,FALSE,TRUE,RSVHub,2026-05-20,Ensemble using RSVHub forecast submissions
Nebraska,NE,0,wk inc rsv prop ed visits,prop_ed,2026-05-23,2026-05-23,RSVHub-ensemble,6.576516634583113e-4,8.899730067622577e-4,0.001133553916324128,0.0014384420353312404,0.0017970800573825752,0.0021832044968662246,0.0026484987680701587,6.6e-4,8.9e-4,0.0011,0.0014,0.0018,0.0022,0.0026,NA,NA,NA,NA,NA,NA,NA,NA,NA,NA,NA,NA,NA,NA,FALSE,TRUE,RSVHub,2026-05-20,Ensemble using RSVHub forecast submissions
Nebraska,NE,1,wk inc rsv prop ed visits,prop_ed,2026-05-23,2026-05-30,RSVHub-ensemble,4.000460589009421e-4,6.175721944177637e-4,8.420590787105905e-4,0.0011562115441834434,0.0015564576708498369,0.00199438664410245,0.0026252072390450572,4e-4,6.2e-4,8.4e-4,0.0012,0.0016,0.002,0.0026,NA,NA,NA,NA,NA,NA,NA,NA,NA,NA,NA,NA,NA,NA,FALSE,TRUE,RSVHub,2026-05-20,Ensemble using RSVHub forecast submissions
Nevada,NV,0,wk inc rsv hosp,hosp,2026-05-23,2026-05-23,CEPH-Rtrend_rsv,9,10,13,16,19,22,27,9,10,10,20,20,20,30,0.28283698062095286,0.3142633118010587,0.4085423053413764,0.502821298881694,0.5971002924220116,0.6913792859623292,0.8485109418628586,0.28,0.31,0.41,0.5,0.6,0.69,0.85,TRUE,FALSE,CEPH Lab at Indiana University,2026-05-20,Rtrend RSV
Nevada,NV,1,wk inc rsv hosp,hosp,2026-05-23,2026-05-30,CEPH-Rtrend_rsv,7,9,12,16,21,27,35,7,9,10,20,20,30,40,0.21998431826074114,0.28283698062095286,0.3771159741612705,0.502821298881694,0.6599529547822234,0.8485109418628586,1.0999215913037057,0.22,0.28,0.38,0.5,0.66,0.85,1.1,TRUE,FALSE,CEPH Lab at Indiana University,2026-05-20,Rtrend RSV
Nevada,NV,2,wk inc rsv hosp,hosp,2026-05-23,2026-06-06,CEPH-Rtrend_rsv,6,8,11,16,24,33,44,6,8,10,20,20,30,40,0.18855798708063526,0.251410649440847,0.3456896429811646,0.502821298881694,0.754231948322541,1.037068928943494,1.3827585719246585,0.19,0.25,0.35,0.5,0.75,1.04,1.38,TRUE,FALSE,CEPH Lab at Indiana University,2026-05-20,Rtrend RSV
Nevada,NV,0,wk inc rsv prop ed visits,prop_ed,2026-05-23,2026-05-23,CFA_Pyrenew-Pyrenew_E_RSV,3.570708939315355e-4,4.81959532491579e-4,5.892880037127571e-4,7.419904357896578e-4,9.157955008767148e-4,0.0010957011670528814,0.0013518459672111208,3.6e-4,4.8e-4,5.9e-4,7.4e-4,9.2e-4,0.0011,0.0014,NA,NA,NA,NA,NA,NA,NA,NA,NA,NA,NA,NA,NA,NA,TRUE,FALSE,Center for Forecasting and Outbreak Analytics (CFA/CDC) Pyrenew team,2026-05-20,Pyrenew_ED_Visits_RSV
Nevada,NV,1,wk inc rsv prop ed visits,prop_ed,2026-05-23,2026-05-30,CFA_Pyrenew-Pyrenew_E_RSV,2.276599853579726e-4,3.540081799480294e-4,4.830140466009344e-4,6.514977722585104e-4,8.722412966404664e-4,0.0011220103579260658,0.0014321559941727802,2.3e-4,3.5e-4,4.8e-4,6.5e-4,8.7e-4,0.0011,0.0014,NA,NA,NA,NA,NA,NA,NA,NA,NA,NA,NA,NA,NA,NA,TRUE,FALSE,Center for Forecasting and Outbreak Analytics (CFA/CDC) Pyrenew team,2026-05-20,Pyrenew_ED_Visits_RSV
Nevada,NV,0,wk inc rsv hosp,hosp,2026-05-23,2026-05-23,CFA_Pyrenew-Pyrenew_HE_RSV,2,4,6,9,13,17,23,2,4,6,9,10,20,20,0.06285266236021175,0.1257053247204235,0.18855798708063526,0.28283698062095286,0.4085423053413764,0.5342476300617999,0.7228056171424352,0.06,0.13,0.19,0.28,0.41,0.53,0.72,TRUE,FALSE,Center for Forecasting and Outbreak Analytics (CFA/CDC) Pyrenew team,2026-05-20,Pyrenew_Hospital_Admissions_ED_Visits_RSV
Nevada,NV,1,wk inc rsv hosp,hosp,2026-05-23,2026-05-30,CFA_Pyrenew-Pyrenew_HE_RSV,1,3,5,8,11,16,23,1,3,5,8,10,20,20,0.031426331180105876,0.09427899354031763,0.15713165590052935,0.251410649440847,0.3456896429811646,0.502821298881694,0.7228056171424352,0.03,0.09,0.16,0.25,0.35,0.5,0.72,TRUE,FALSE,Center for Forecasting and Outbreak Analytics (CFA/CDC) Pyrenew team,2026-05-20,Pyrenew_Hospital_Admissions_ED_Visits_RSV
Nevada,NV,0,wk inc rsv prop ed visits,prop_ed,2026-05-23,2026-05-23,CFA_Pyrenew-Pyrenew_HE_RSV,3.5988914803335804e-4,4.8135800067939744e-4,5.957965240890335e-4,7.425603032483468e-4,9.030952901435615e-4,0.0010785729596819859,0.0012896090695600254,3.6e-4,4.8e-4,6e-4,7.4e-4,9e-4,0.0011,0.0013,NA,NA,NA,NA,NA,NA,NA,NA,NA,NA,NA,NA,NA,NA,FALSE,FALSE,Center for Forecasting and Outbreak Analytics (CFA/CDC) Pyrenew team,2026-05-20,Pyrenew_Hospital_Admissions_ED_Visits_RSV
Nevada,NV,1,wk inc rsv prop ed visits,prop_ed,2026-05-23,2026-05-30,CFA_Pyrenew-Pyrenew_HE_RSV,2.3048450009433805e-4,3.490857661976298e-4,4.5857274736519e-4,6.445309627178419e-4,8.600237236881355e-4,0.0011350703715430853,0.0014630652359512311,2.3e-4,3.5e-4,4.6e-4,6.4e-4,8.6e-4,0.0011,0.0015,NA,NA,NA,NA,NA,NA,NA,NA,NA,NA,NA,NA,NA,NA,FALSE,FALSE,Center for Forecasting and Outbreak Analytics (CFA/CDC) Pyrenew team,2026-05-20,Pyrenew_Hospital_Admissions_ED_Visits_RSV
Nevada,NV,0,wk inc rsv hosp,hosp,2026-05-23,2026-05-23,CFA_Pyrenew-Pyrenew_H_RSV,2,4,7,10,15,20,30,2,4,7,10,20,20,30,0.06285266236021175,0.1257053247204235,0.21998431826074114,0.3142633118010587,0.4713949677015881,0.6285266236021174,0.9427899354031762,0.06,0.13,0.22,0.31,0.47,0.63,0.94,FALSE,FALSE,Center for Forecasting and Outbreak Analytics (CFA/CDC) Pyrenew team,2026-05-20,Pyrenew_Hospital_Admissions_RSV
Nevada,NV,1,wk inc rsv hosp,hosp,2026-05-23,2026-05-30,CFA_Pyrenew-Pyrenew_H_RSV,1,3,5,9,15,23,38,1,3,5,9,20,20,40,0.031426331180105876,0.09427899354031763,0.15713165590052935,0.28283698062095286,0.4713949677015881,0.7228056171424352,1.1942005848440231,0.03,0.09,0.16,0.28,0.47,0.72,1.19,FALSE,FALSE,Center for Forecasting and Outbreak Analytics (CFA/CDC) Pyrenew team,2026-05-20,Pyrenew_Hospital_Admissions_RSV
Nevada,NV,0,wk inc rsv hosp,hosp,2026-05-23,2026-05-23,Google_SAI-RSVEns,1.5,3,5,7.5,10,15,24,2,3,5,8,10,20,20,0.047139496770158815,0.09427899354031763,0.15713165590052935,0.23569748385079406,0.3142633118010587,0.4713949677015881,0.754231948322541,0.05,0.09,0.16,0.24,0.31,0.47,0.75,TRUE,FALSE,Google Science AI,2026-05-20,RSVEnsemble
Nevada,NV,1,wk inc rsv hosp,hosp,2026-05-23,2026-05-30,Google_SAI-RSVEns,1.5,2.5,4,6.5,10,14.5,23,2,3,4,7,10,10,20,0.047139496770158815,0.07856582795026468,0.1257053247204235,0.2042711526706882,0.3142633118010587,0.4556818021115352,0.7228056171424352,0.05,0.08,0.13,0.2,0.31,0.46,0.72,TRUE,FALSE,Google Science AI,2026-05-20,RSVEnsemble
Nevada,NV,2,wk inc rsv hosp,hosp,2026-05-23,2026-06-06,Google_SAI-RSVEns,1,1.5,4,6,9,12.5,18.5,1,2,4,6,9,10,20,0.031426331180105876,0.047139496770158815,0.1257053247204235,0.18855798708063526,0.28283698062095286,0.39282913975132344,0.5813871268319587,0.03,0.05,0.13,0.19,0.28,0.39,0.58,TRUE,FALSE,Google Science AI,2026-05-20,RSVEnsemble
Nevada,NV,0,wk inc rsv hosp,hosp,2026-05-23,2026-05-23,RSVHub-baseline,0,0,4,8,12,20.60000000000004,40.074999999999996,0,0,4,8,10,20,40,0,0,0.1257053247204235,0.251410649440847,0.3771159741612705,0.6473824223101823,1.2594102220427428,0,0,0.13,0.25,0.38,0.65,1.26,FALSE,FALSE,RSVHub-hub-models,2026-05-20,RSVHub baseline model
Nevada,NV,1,wk inc rsv hosp,hosp,2026-05-23,2026-05-30,RSVHub-baseline,0,0,1,8,16.293735437354375,29.650573505735085,48.812984129841304,0,0,1,8,20,30,50,0,0,0.031426331180105876,0.251410649440847,0.5120523260153258,0.9318087426713036,1.5340130051536451,0,0,0.03,0.25,0.51,0.93,1.53,FALSE,FALSE,RSVHub-hub-models,2026-05-20,RSVHub baseline model
Nevada,NV,2,wk inc rsv hosp,hosp,2026-05-23,2026-06-06,RSVHub-baseline,0,0,0,8,19.627441274412746,34.38067580675815,56.26971444714447,0,0,0,8,20,30,60,0,0,0,0.251410649440847,0.6168184697077743,1.0804585040990353,1.7683506816259502,0,0,0,0.25,0.62,1.08,1.77,FALSE,FALSE,RSVHub-hub-models,2026-05-20,RSVHub baseline model
Nevada,NV,0,wk inc rsv prop ed visits,prop_ed,2026-05-23,2026-05-23,RSVHub-baseline,0,2.6999999999999914e-4,9e-4,0.0011,0.0013000000000000002,0.0019300000000000048,0.0035000000000000005,0,2.7e-4,9e-4,0.0011,0.0013,0.0019,0.0035,NA,NA,NA,NA,NA,NA,NA,NA,NA,NA,NA,NA,NA,NA,FALSE,FALSE,RSVHub-hub-models,2026-05-20,RSVHub baseline model
Nevada,NV,1,wk inc rsv prop ed visits,prop_ed,2026-05-23,2026-05-30,RSVHub-baseline,0,0,5.999999999999998e-4,0.0011,0.0016999999999999995,0.0027,0.003964853073530732,0,0,6e-4,0.0011,0.0017,0.0027,0.004,NA,NA,NA,NA,NA,NA,NA,NA,NA,NA,NA,NA,NA,NA,FALSE,FALSE,RSVHub-hub-models,2026-05-20,RSVHub baseline model
Nevada,NV,2,wk inc rsv prop ed visits,prop_ed,2026-05-23,2026-06-06,RSVHub-baseline,0,0,3.202414524145238e-4,0.0011,0.0019000000000000009,0.0031000000000000003,0.004455331528315281,0,0,3.2e-4,0.0011,0.0019,0.0031,0.0045,NA,NA,NA,NA,NA,NA,NA,NA,NA,NA,NA,NA,NA,NA,FALSE,FALSE,RSVHub-hub-models,2026-05-20,RSVHub baseline model
Nevada,NV,0,wk inc rsv hosp,hosp,2026-05-23,2026-05-23,UGA_flucast-INFLAenza,1,3,5,8,11,15,21,1,3,5,8,10,20,20,0.031426331180105876,0.09427899354031763,0.15713165590052935,0.251410649440847,0.3456896429811646,0.4713949677015881,0.6599529547822234,0.03,0.09,0.16,0.25,0.35,0.47,0.66,TRUE,FALSE,UGA_flucast,2026-05-20,INFLAenza
Nevada,NV,1,wk inc rsv hosp,hosp,2026-05-23,2026-05-30,UGA_flucast-INFLAenza,1,2,3,6,9,13,18,1,2,3,6,9,10,20,0.031426331180105876,0.06285266236021175,0.09427899354031763,0.18855798708063526,0.28283698062095286,0.4085423053413764,0.5656739612419057,0.03,0.06,0.09,0.19,0.28,0.41,0.57,TRUE,FALSE,UGA_flucast,2026-05-20,INFLAenza
Nevada,NV,2,wk inc rsv hosp,hosp,2026-05-23,2026-06-06,UGA_flucast-INFLAenza,0,1,2,4,7,10,16,0,1,2,4,7,10,20,0,0.031426331180105876,0.06285266236021175,0.1257053247204235,0.21998431826074114,0.3142633118010587,0.502821298881694,0,0.03,0.06,0.13,0.22,0.31,0.5,TRUE,FALSE,UGA_flucast,2026-05-20,INFLAenza
Nevada,NV,0,wk inc rsv prop ed visits,prop_ed,2026-05-23,2026-05-23,UGA_flucast-INFLAenza,2.2311902349446774e-4,3.4481023674585906e-4,4.892103098812212e-4,6.790509997977724e-4,8.98924220438285e-4,0.0011277608200039825,0.0013910724882396032,2.2e-4,3.4e-4,4.9e-4,6.8e-4,9e-4,0.0011,0.0014,NA,NA,NA,NA,NA,NA,NA,NA,NA,NA,NA,NA,NA,NA,TRUE,FALSE,UGA_flucast,2026-05-20,INFLAenza
Nevada,NV,1,wk inc rsv prop ed visits,prop_ed,2026-05-23,2026-05-30,UGA_flucast-INFLAenza,1.725432264910789e-4,2.7140924564382805e-4,3.997901371500281e-4,5.831953914328667e-4,8.049268156613191e-4,0.0010566018830943903,0.0013746086637297223,1.7e-4,2.7e-4,4e-4,5.8e-4,8e-4,0.0011,0.0014,NA,NA,NA,NA,NA,NA,NA,NA,NA,NA,NA,NA,NA,NA,TRUE,FALSE,UGA_flucast,2026-05-20,INFLAenza
Nevada,NV,2,wk inc rsv prop ed visits,prop_ed,2026-05-23,2026-06-06,UGA_flucast-INFLAenza,1.2907660904501857e-4,2.1796512937927344e-4,3.3361359568144863e-4,5.096882209345195e-4,7.220895076869471e-4,9.895044878247604e-4,0.0013520339584389342,1.3e-4,2.2e-4,3.3e-4,5.1e-4,7.2e-4,9.9e-4,0.0014,NA,NA,NA,NA,NA,NA,NA,NA,NA,NA,NA,NA,NA,NA,TRUE,FALSE,UGA_flucast,2026-05-20,INFLAenza
Nevada,NV,0,wk inc rsv hosp,hosp,2026-05-23,2026-05-23,RSVHub-ensemble,1.75,3.5,5.5,8.5,12,16,23.5,2,4,6,9,10,20,20,0.054996079565185284,0.10999215913037057,0.1728448214905823,0.26712381503089994,0.3771159741612705,0.502821298881694,0.738518782732488,0.05,0.11,0.17,0.27,0.38,0.5,0.74,FALSE,TRUE,RSVHub,2026-05-20,Ensemble using RSVHub forecast submissions
Nevada,NV,1,wk inc rsv hosp,hosp,2026-05-23,2026-05-30,RSVHub-ensemble,1.25,2.75,4.5,7.25,10.5,15.25,23,1,3,5,7,10,20,20,0.03928291397513234,0.08642241074529115,0.14141849031047643,0.2278409010557676,0.3299764773911117,0.4792515504966146,0.7228056171424352,0.04,0.09,0.14,0.23,0.33,0.48,0.72,FALSE,TRUE,RSVHub,2026-05-20,Ensemble using RSVHub forecast submissions
Nevada,NV,2,wk inc rsv hosp,hosp,2026-05-23,2026-06-06,RSVHub-ensemble,1,1.5,4,6,9,12.5,18.5,1,2,4,6,9,10,20,0.031426331180105876,0.047139496770158815,0.1257053247204235,0.18855798708063526,0.28283698062095286,0.39282913975132344,0.5813871268319587,0.03,0.05,0.13,0.19,0.28,0.39,0.58,FALSE,TRUE,RSVHub,2026-05-20,Ensemble using RSVHub forecast submissions
Nevada,NV,0,wk inc rsv prop ed visits,prop_ed,2026-05-23,2026-05-23,RSVHub-ensemble,2.9009495871300164e-4,4.1338488461871903e-4,5.392491567969891e-4,7.105207177937152e-4,9.073598606574999e-4,0.0011117309935284318,0.001371459227725362,2.9e-4,4.1e-4,5.4e-4,7.1e-4,9.1e-4,0.0011,0.0014,NA,NA,NA,NA,NA,NA,NA,NA,NA,NA,NA,NA,NA,NA,FALSE,TRUE,RSVHub,2026-05-20,Ensemble using RSVHub forecast submissions
Nevada,NV,1,wk inc rsv prop ed visits,prop_ed,2026-05-23,2026-05-30,RSVHub-ensemble,2.0010160592452575e-4,3.127087127959287e-4,4.4140209187548126e-4,6.173465818456886e-4,8.385840561508927e-4,0.001089306120510228,0.0014033823289512511,2e-4,3.1e-4,4.4e-4,6.2e-4,8.4e-4,0.0011,0.0014,NA,NA,NA,NA,NA,NA,NA,NA,NA,NA,NA,NA,NA,NA,FALSE,TRUE,RSVHub,2026-05-20,Ensemble using RSVHub forecast submissions
New Hampshire,NH,0,wk inc rsv hosp,hosp,2026-05-23,2026-05-23,CEPH-Rtrend_rsv,0,0,1,1,2,3,5,0,0,1,1,2,3,5,0,0,0.07135176634865184,0.07135176634865184,0.14270353269730368,0.21405529904595555,0.35675883174325923,0,0,0.07,0.07,0.14,0.21,0.36,TRUE,FALSE,CEPH Lab at Indiana University,2026-05-20,Rtrend RSV
New Hampshire,NH,1,wk inc rsv hosp,hosp,2026-05-23,2026-05-30,CEPH-Rtrend_rsv,0,0,0,1,1,2,3,0,0,0,1,1,2,3,0,0,0,0.07135176634865184,0.07135176634865184,0.14270353269730368,0.21405529904595555,0,0,0,0.07,0.07,0.14,0.21,TRUE,FALSE,CEPH Lab at Indiana University,2026-05-20,Rtrend RSV
New Hampshire,NH,2,wk inc rsv hosp,hosp,2026-05-23,2026-06-06,CEPH-Rtrend_rsv,0,0,0,0,1,1,3,0,0,0,0,1,1,3,0,0,0,0,0.07135176634865184,0.07135176634865184,0.21405529904595555,0,0,0,0,0.07,0.07,0.21,TRUE,FALSE,CEPH Lab at Indiana University,2026-05-20,Rtrend RSV
New Hampshire,NH,0,wk inc rsv prop ed visits,prop_ed,2026-05-23,2026-05-23,CFA_Pyrenew-Pyrenew_E_RSV,0,1.6354786472620476e-4,4.504513960679329e-4,6.3794538398981e-4,9.604421875536888e-4,0.0012877047842119282,0.0017414986324480275,0,1.6e-4,4.5e-4,6.4e-4,9.6e-4,0.0013,0.0017,NA,NA,NA,NA,NA,NA,NA,NA,NA,NA,NA,NA,NA,NA,TRUE,FALSE,Center for Forecasting and Outbreak Analytics (CFA/CDC) Pyrenew team,2026-05-20,Pyrenew_ED_Visits_RSV
New Hampshire,NH,1,wk inc rsv prop ed visits,prop_ed,2026-05-23,2026-05-30,CFA_Pyrenew-Pyrenew_E_RSV,0,1.489784083119108e-4,2.996822253401133e-4,4.723440362976209e-4,7.757328356276254e-4,0.0010884037520285477,0.0015144578506287622,0,1.5e-4,3e-4,4.7e-4,7.8e-4,0.0011,0.0015,NA,NA,NA,NA,NA,NA,NA,NA,NA,NA,NA,NA,NA,NA,TRUE,FALSE,Center for Forecasting and Outbreak Analytics (CFA/CDC) Pyrenew team,2026-05-20,Pyrenew_ED_Visits_RSV
New Hampshire,NH,0,wk inc rsv hosp,hosp,2026-05-23,2026-05-23,CFA_Pyrenew-Pyrenew_HE_RSV,1,2,3,5,6,8,10,1,2,3,5,6,8,10,0.07135176634865184,0.14270353269730368,0.21405529904595555,0.35675883174325923,0.4281105980919111,0.5708141307892147,0.7135176634865185,0.07,0.14,0.21,0.36,0.43,0.57,0.71,TRUE,FALSE,Center for Forecasting and Outbreak Analytics (CFA/CDC) Pyrenew team,2026-05-20,Pyrenew_Hospital_Admissions_ED_Visits_RSV
New Hampshire,NH,1,wk inc rsv hosp,hosp,2026-05-23,2026-05-30,CFA_Pyrenew-Pyrenew_HE_RSV,0,1,2,3,5,6,9,0,1,2,3,5,6,9,0,0.07135176634865184,0.14270353269730368,0.21405529904595555,0.35675883174325923,0.4281105980919111,0.6421658971378666,0,0.07,0.14,0.21,0.36,0.43,0.64,TRUE,FALSE,Center for Forecasting and Outbreak Analytics (CFA/CDC) Pyrenew team,2026-05-20,Pyrenew_Hospital_Admissions_ED_Visits_RSV
New Hampshire,NH,0,wk inc rsv prop ed visits,prop_ed,2026-05-23,2026-05-23,CFA_Pyrenew-Pyrenew_HE_RSV,0,1.5486015431429804e-4,3.1011247895716427e-4,4.806576532840921e-4,7.788720410192018e-4,0.0010486259403496504,0.001406037774386992,0,1.5e-4,3.1e-4,4.8e-4,7.8e-4,0.001,0.0014,NA,NA,NA,NA,NA,NA,NA,NA,NA,NA,NA,NA,NA,NA,FALSE,FALSE,Center for Forecasting and Outbreak Analytics (CFA/CDC) Pyrenew team,2026-05-20,Pyrenew_Hospital_Admissions_ED_Visits_RSV
New Hampshire,NH,1,wk inc rsv prop ed visits,prop_ed,2026-05-23,2026-05-30,CFA_Pyrenew-Pyrenew_HE_RSV,0,0,1.5584011406813804e-4,3.1597454204236467e-4,5.981528513923167e-4,8.083980737528837e-4,0.0011376810988349528,0,0,1.6e-4,3.2e-4,6e-4,8.1e-4,0.0011,NA,NA,NA,NA,NA,NA,NA,NA,NA,NA,NA,NA,NA,NA,FALSE,FALSE,Center for Forecasting and Outbreak Analytics (CFA/CDC) Pyrenew team,2026-05-20,Pyrenew_Hospital_Admissions_ED_Visits_RSV
New Hampshire,NH,0,wk inc rsv hosp,hosp,2026-05-23,2026-05-23,CFA_Pyrenew-Pyrenew_H_RSV,0,1,1,3,4,6,8,0,1,1,3,4,6,8,0,0.07135176634865184,0.07135176634865184,0.21405529904595555,0.28540706539460736,0.4281105980919111,0.5708141307892147,0,0.07,0.07,0.21,0.29,0.43,0.57,FALSE,FALSE,Center for Forecasting and Outbreak Analytics (CFA/CDC) Pyrenew team,2026-05-20,Pyrenew_Hospital_Admissions_RSV
New Hampshire,NH,1,wk inc rsv hosp,hosp,2026-05-23,2026-05-30,CFA_Pyrenew-Pyrenew_H_RSV,0,0,1,2,3,5,7,0,0,1,2,3,5,7,0,0,0.07135176634865184,0.14270353269730368,0.21405529904595555,0.35675883174325923,0.4994623644405629,0,0,0.07,0.14,0.21,0.36,0.5,FALSE,FALSE,Center for Forecasting and Outbreak Analytics (CFA/CDC) Pyrenew team,2026-05-20,Pyrenew_Hospital_Admissions_RSV
New Hampshire,NH,0,wk inc rsv hosp,hosp,2026-05-23,2026-05-23,Google_SAI-RSVEns,0,0,0.5,1.5,4.5,7,16,0,0,1,2,5,7,20,0,0,0.03567588317432592,0.10702764952297777,0.3210829485689333,0.4994623644405629,1.1416282615784294,0,0,0.04,0.11,0.32,0.5,1.14,TRUE,FALSE,Google Science AI,2026-05-20,RSVEnsemble
New Hampshire,NH,1,wk inc rsv hosp,hosp,2026-05-23,2026-05-30,Google_SAI-RSVEns,0,0,0.5,1,3,5,13,0,0,1,1,3,5,10,0,0,0.03567588317432592,0.07135176634865184,0.21405529904595555,0.35675883174325923,0.9275729625324739,0,0,0.04,0.07,0.21,0.36,0.93,TRUE,FALSE,Google Science AI,2026-05-20,RSVEnsemble
New Hampshire,NH,2,wk inc rsv hosp,hosp,2026-05-23,2026-06-06,Google_SAI-RSVEns,0,0,0,0.5,1.5,3,5.5,0,0,0,1,2,3,6,0,0,0,0.03567588317432592,0.10702764952297777,0.21405529904595555,0.39243471491758514,0,0,0,0.04,0.11,0.21,0.39,TRUE,FALSE,Google Science AI,2026-05-20,RSVEnsemble
New Hampshire,NH,0,wk inc rsv hosp,hosp,2026-05-23,2026-05-23,RSVHub-baseline,0,0,0,1,3,10.30000000000002,15.074999999999992,0,0,0,1,3,10,20,0,0,0,0.07135176634865184,0.21405529904595555,0.7349231933911154,1.075627877705926,0,0,0,0.07,0.21,0.73,1.08,FALSE,FALSE,RSVHub-hub-models,2026-05-20,RSVHub baseline model
New Hampshire,NH,1,wk inc rsv hosp,hosp,2026-05-23,2026-05-30,RSVHub-baseline,0,0,0,1,6,12.67299372993731,19.466303913039106,0,0,0,1,6,10,20,0,0,0,0.07135176634865184,0.4281105980919111,0.9042404875564168,1.3889551684750132,0,0,0,0.07,0.43,0.9,1.39,FALSE,FALSE,RSVHub-hub-models,2026-05-20,RSVHub baseline model
New Hampshire,NH,2,wk inc rsv hosp,hosp,2026-05-23,2026-06-06,RSVHub-baseline,0,0,0,1,8.216042160421617,15,23.453110281102784,0,0,0,1,8,20,20,0,0,0,0.07135176634865184,0.5862291205410759,1.0702764952297776,1.67342084492641,0,0,0,0.07,0.59,1.07,1.67,FALSE,FALSE,RSVHub-hub-models,2026-05-20,RSVHub baseline model
New Hampshire,NH,0,wk inc rsv prop ed visits,prop_ed,2026-05-23,2026-05-23,RSVHub-baseline,0,0,1.0000000000000005e-4,5e-4,9e-4,0.0018,0.004200000000000001,0,0,1e-4,5e-4,9e-4,0.0018,0.0042,NA,NA,NA,NA,NA,NA,NA,NA,NA,NA,NA,NA,NA,NA,FALSE,FALSE,RSVHub-hub-models,2026-05-20,RSVHub baseline model
New Hampshire,NH,1,wk inc rsv prop ed visits,prop_ed,2026-05-23,2026-05-30,RSVHub-baseline,0,0,0,5e-4,0.0013999999999999998,0.002884555845558453,0.005186059260592603,0,0,0,5e-4,0.0014,0.0029,0.0052,NA,NA,NA,NA,NA,NA,NA,NA,NA,NA,NA,NA,NA,NA,FALSE,FALSE,RSVHub-hub-models,2026-05-20,RSVHub baseline model
New Hampshire,NH,2,wk inc rsv prop ed visits,prop_ed,2026-05-23,2026-06-06,RSVHub-baseline,0,0,0,5e-4,0.0017,0.003588025180251797,0.005737630776307748,0,0,0,5e-4,0.0017,0.0036,0.0057,NA,NA,NA,NA,NA,NA,NA,NA,NA,NA,NA,NA,NA,NA,FALSE,FALSE,RSVHub-hub-models,2026-05-20,RSVHub baseline model
New Hampshire,NH,0,wk inc rsv hosp,hosp,2026-05-23,2026-05-23,UGA_flucast-INFLAenza,1,2,3,5,7,10,14,1,2,3,5,7,10,10,0.07135176634865184,0.14270353269730368,0.21405529904595555,0.35675883174325923,0.4994623644405629,0.7135176634865185,0.9989247288811258,0.07,0.14,0.21,0.36,0.5,0.71,1,TRUE,FALSE,UGA_flucast,2026-05-20,INFLAenza
New Hampshire,NH,1,wk inc rsv hosp,hosp,2026-05-23,2026-05-30,UGA_flucast-INFLAenza,0,1,2,3,6,8,12,0,1,2,3,6,8,10,0,0.07135176634865184,0.14270353269730368,0.21405529904595555,0.4281105980919111,0.5708141307892147,0.8562211961838222,0,0.07,0.14,0.21,0.43,0.57,0.86,TRUE,FALSE,UGA_flucast,2026-05-20,INFLAenza
New Hampshire,NH,2,wk inc rsv hosp,hosp,2026-05-23,2026-06-06,UGA_flucast-INFLAenza,0,0,1,3,5,7,11,0,0,1,3,5,7,10,0,0,0.07135176634865184,0.21405529904595555,0.35675883174325923,0.4994623644405629,0.7848694298351703,0,0,0.07,0.21,0.36,0.5,0.78,TRUE,FALSE,UGA_flucast,2026-05-20,INFLAenza
New Hampshire,NH,0,wk inc rsv prop ed visits,prop_ed,2026-05-23,2026-05-23,UGA_flucast-INFLAenza,2.0467228274981118e-4,3.178448713232296e-4,4.385997529050681e-4,6.066419161154359e-4,8.170440942813139e-4,0.0010345148106860394,0.0013303441855527882,2e-4,3.2e-4,4.4e-4,6.1e-4,8.2e-4,0.001,0.0013,NA,NA,NA,NA,NA,NA,NA,NA,NA,NA,NA,NA,NA,NA,TRUE,FALSE,UGA_flucast,2026-05-20,INFLAenza
New Hampshire,NH,1,wk inc rsv prop ed visits,prop_ed,2026-05-23,2026-05-30,UGA_flucast-INFLAenza,1.554011635788538e-4,2.4995304093568737e-4,3.677609937078954e-4,5.323372276062218e-4,7.453389492787924e-4,9.742955015394617e-4,0.001269614986018136,1.6e-4,2.5e-4,3.7e-4,5.3e-4,7.5e-4,9.7e-4,0.0013,NA,NA,NA,NA,NA,NA,NA,NA,NA,NA,NA,NA,NA,NA,TRUE,FALSE,UGA_flucast,2026-05-20,INFLAenza
New Hampshire,NH,2,wk inc rsv prop ed visits,prop_ed,2026-05-23,2026-06-06,UGA_flucast-INFLAenza,1.1655818311280471e-4,2.013068770527938e-4,3.162788810766676e-4,4.7529365416929686e-4,6.835685969107974e-4,9.207721245442657e-4,0.0012506787568078714,1.2e-4,2e-4,3.2e-4,4.8e-4,6.8e-4,9.2e-4,0.0013,NA,NA,NA,NA,NA,NA,NA,NA,NA,NA,NA,NA,NA,NA,TRUE,FALSE,UGA_flucast,2026-05-20,INFLAenza
New Hampshire,NH,0,wk inc rsv hosp,hosp,2026-05-23,2026-05-23,RSVHub-ensemble,0.5,1,2,3.25,5.25,7.5,12,1,1,2,3,5,8,10,0.03567588317432592,0.07135176634865184,0.14270353269730368,0.23189324063311847,0.3745967733304222,0.5351382476148888,0.8562211961838222,0.04,0.07,0.14,0.23,0.37,0.54,0.86,FALSE,TRUE,RSVHub,2026-05-20,Ensemble using RSVHub forecast submissions
New Hampshire,NH,1,wk inc rsv hosp,hosp,2026-05-23,2026-05-30,RSVHub-ensemble,0,0.5,1.25,2,4,5.5,10.5,0,1,1,2,4,6,10,0,0.03567588317432592,0.08918970793581481,0.14270353269730368,0.28540706539460736,0.39243471491758514,0.7491935466608444,0,0.04,0.09,0.14,0.29,0.39,0.75,FALSE,TRUE,RSVHub,2026-05-20,Ensemble using RSVHub forecast submissions
New Hampshire,NH,2,wk inc rsv hosp,hosp,2026-05-23,2026-06-06,RSVHub-ensemble,0,0,0,0.5,1.5,3,5.5,0,0,0,1,2,3,6,0,0,0,0.03567588317432592,0.10702764952297777,0.21405529904595555,0.39243471491758514,0,0,0,0.04,0.11,0.21,0.39,FALSE,TRUE,RSVHub,2026-05-20,Ensemble using RSVHub forecast submissions
New Hampshire,NH,0,wk inc rsv prop ed visits,prop_ed,2026-05-23,2026-05-23,RSVHub-ensemble,1.0233614137490559e-4,2.406963680247172e-4,4.445255744865005e-4,6.22293650052623e-4,8.887431409175014e-4,0.0011611097974489838,0.0015359214090004077,1e-4,2.4e-4,4.4e-4,6.2e-4,8.9e-4,0.0012,0.0015,NA,NA,NA,NA,NA,NA,NA,NA,NA,NA,NA,NA,NA,NA,FALSE,TRUE,RSVHub,2026-05-20,Ensemble using RSVHub forecast submissions
New Hampshire,NH,1,wk inc rsv prop ed visits,prop_ed,2026-05-23,2026-05-30,RSVHub-ensemble,7.77005817894269e-5,1.9946572462379908e-4,3.3372160952400433e-4,5.023406319519213e-4,7.605358924532089e-4,0.0010313496267840047,0.001392036418323449,7.8e-5,2e-4,3.3e-4,5e-4,7.6e-4,0.001,0.0014,NA,NA,NA,NA,NA,NA,NA,NA,NA,NA,NA,NA,NA,NA,FALSE,TRUE,RSVHub,2026-05-20,Ensemble using RSVHub forecast submissions
New Jersey,NJ,0,wk inc rsv hosp,hosp,2026-05-23,2026-05-23,CEPH-Rtrend_rsv,8,13,19,28,40,52,69,8,10,20,30,40,50,70,0.08617464606187791,0.14003379985055162,0.20466478439696006,0.3016112612165727,0.4308732303093896,0.5601351994022065,0.7432563222836971,0.09,0.14,0.2,0.3,0.43,0.56,0.74,TRUE,FALSE,CEPH Lab at Indiana University,2026-05-20,Rtrend RSV
New Jersey,NJ,1,wk inc rsv hosp,hosp,2026-05-23,2026-05-30,CEPH-Rtrend_rsv,4,8,14,22,35,53,76,4,8,10,20,40,50,80,0.04308732303093896,0.08617464606187791,0.15080563060828636,0.2369802766701643,0.3770140765207159,0.5709070301599412,0.8186591375878403,0.04,0.09,0.15,0.24,0.38,0.57,0.82,TRUE,FALSE,CEPH Lab at Indiana University,2026-05-20,Rtrend RSV
New Jersey,NJ,2,wk inc rsv hosp,hosp,2026-05-23,2026-06-06,CEPH-Rtrend_rsv,2,5,9,18,31,50,75,2,5,9,20,30,50,80,0.02154366151546948,0.0538591537886737,0.09694647681961266,0.19389295363922532,0.33392675348977696,0.5385915378867371,0.8078873068301055,0.02,0.05,0.1,0.19,0.33,0.54,0.81,TRUE,FALSE,CEPH Lab at Indiana University,2026-05-20,Rtrend RSV
New Jersey,NJ,0,wk inc rsv prop ed visits,prop_ed,2026-05-23,2026-05-23,CFA_Pyrenew-Pyrenew_E_RSV,2.118156164258125e-4,2.7359013741755795e-4,3.2118915442973397e-4,3.839595925228603e-4,4.5753872862099954e-4,5.314382182887553e-4,6.312907541403284e-4,2.1e-4,2.7e-4,3.2e-4,3.8e-4,4.6e-4,5.3e-4,6.3e-4,NA,NA,NA,NA,NA,NA,NA,NA,NA,NA,NA,NA,NA,NA,TRUE,FALSE,Center for Forecasting and Outbreak Analytics (CFA/CDC) Pyrenew team,2026-05-20,Pyrenew_ED_Visits_RSV
New Jersey,NJ,1,wk inc rsv prop ed visits,prop_ed,2026-05-23,2026-05-30,CFA_Pyrenew-Pyrenew_E_RSV,1.3068538321286838e-4,1.7013350769544197e-4,2.1818426863150675e-4,2.829868376099668e-4,3.5686199361016743e-4,4.3084707145426e-4,5.245928173275842e-4,1.3e-4,1.7e-4,2.2e-4,2.8e-4,3.6e-4,4.3e-4,5.2e-4,NA,NA,NA,NA,NA,NA,NA,NA,NA,NA,NA,NA,NA,NA,TRUE,FALSE,Center for Forecasting and Outbreak Analytics (CFA/CDC) Pyrenew team,2026-05-20,Pyrenew_ED_Visits_RSV
New Jersey,NJ,0,wk inc rsv hosp,hosp,2026-05-23,2026-05-23,CFA_Pyrenew-Pyrenew_HE_RSV,10,14,18,23,29,35,43,10,10,20,20,30,40,40,0.1077183075773474,0.15080563060828636,0.19389295363922532,0.24775210742789902,0.31238309197430747,0.3770140765207159,0.4631887225825938,0.11,0.15,0.19,0.25,0.31,0.38,0.46,TRUE,FALSE,Center for Forecasting and Outbreak Analytics (CFA/CDC) Pyrenew team,2026-05-20,Pyrenew_Hospital_Admissions_ED_Visits_RSV
New Jersey,NJ,1,wk inc rsv hosp,hosp,2026-05-23,2026-05-30,CFA_Pyrenew-Pyrenew_HE_RSV,6,10,13,17,22,27,34,6,10,10,20,20,30,30,0.06463098454640843,0.1077183075773474,0.14003379985055162,0.18312112288149057,0.2369802766701643,0.290839430458838,0.36624224576298114,0.06,0.11,0.14,0.18,0.24,0.29,0.37,TRUE,FALSE,Center for Forecasting and Outbreak Analytics (CFA/CDC) Pyrenew team,2026-05-20,Pyrenew_Hospital_Admissions_ED_Visits_RSV
New Jersey,NJ,0,wk inc rsv prop ed visits,prop_ed,2026-05-23,2026-05-23,CFA_Pyrenew-Pyrenew_HE_RSV,2.11252429991314e-4,2.6442914567566717e-4,3.2028130566069164e-4,3.794534926438015e-4,4.529110969861204e-4,5.276325682109766e-4,6.149993399801149e-4,2.1e-4,2.6e-4,3.2e-4,3.8e-4,4.5e-4,5.3e-4,6.1e-4,NA,NA,NA,NA,NA,NA,NA,NA,NA,NA,NA,NA,NA,NA,FALSE,FALSE,Center for Forecasting and Outbreak Analytics (CFA/CDC) Pyrenew team,2026-05-20,Pyrenew_Hospital_Admissions_ED_Visits_RSV
New Jersey,NJ,1,wk inc rsv prop ed visits,prop_ed,2026-05-23,2026-05-30,CFA_Pyrenew-Pyrenew_HE_RSV,1.1513332781393154e-4,1.6829649762723945e-4,2.1865186629852658e-4,2.800320051038694e-4,3.577843988804445e-4,4.378698168998419e-4,5.332070699516902e-4,1.2e-4,1.7e-4,2.2e-4,2.8e-4,3.6e-4,4.4e-4,5.3e-4,NA,NA,NA,NA,NA,NA,NA,NA,NA,NA,NA,NA,NA,NA,FALSE,FALSE,Center for Forecasting and Outbreak Analytics (CFA/CDC) Pyrenew team,2026-05-20,Pyrenew_Hospital_Admissions_ED_Visits_RSV
New Jersey,NJ,0,wk inc rsv hosp,hosp,2026-05-23,2026-05-23,CFA_Pyrenew-Pyrenew_H_RSV,11,14,18,24,30,36,44.024999999999864,10,10,20,20,30,40,40,0.11849013833508215,0.15080563060828636,0.19389295363922532,0.25852393818563374,0.32315492273204216,0.38778590727845064,0.47422984910927046,0.12,0.15,0.19,0.26,0.32,0.39,0.47,FALSE,FALSE,Center for Forecasting and Outbreak Analytics (CFA/CDC) Pyrenew team,2026-05-20,Pyrenew_Hospital_Admissions_RSV
New Jersey,NJ,1,wk inc rsv hosp,hosp,2026-05-23,2026-05-30,CFA_Pyrenew-Pyrenew_H_RSV,6,9,13,19,26,35,49,6,9,10,20,30,40,50,0.06463098454640843,0.09694647681961266,0.14003379985055162,0.20466478439696006,0.28006759970110323,0.3770140765207159,0.5278197071290023,0.06,0.1,0.14,0.2,0.28,0.38,0.53,FALSE,FALSE,Center for Forecasting and Outbreak Analytics (CFA/CDC) Pyrenew team,2026-05-20,Pyrenew_Hospital_Admissions_RSV
New Jersey,NJ,0,wk inc rsv hosp,hosp,2026-05-23,2026-05-23,Google_SAI-RSVEns,11,15.5,18,22,28,36,58,10,20,20,20,30,40,60,0.11849013833508215,0.16696337674488848,0.19389295363922532,0.2369802766701643,0.3016112612165727,0.38778590727845064,0.6247661839486149,0.12,0.17,0.19,0.24,0.3,0.39,0.62,TRUE,FALSE,Google Science AI,2026-05-20,RSVEnsemble
New Jersey,NJ,1,wk inc rsv hosp,hosp,2026-05-23,2026-05-30,Google_SAI-RSVEns,9.5,12.5,16,20,25.5,34.5,54.5,10,10,20,20,30,30,50,0.10233239219848003,0.13464788447168427,0.17234929212375583,0.2154366151546948,0.2746816843222359,0.37162816114184855,0.5870647762965433,0.1,0.13,0.17,0.22,0.27,0.37,0.59,TRUE,FALSE,Google Science AI,2026-05-20,RSVEnsemble
New Jersey,NJ,2,wk inc rsv hosp,hosp,2026-05-23,2026-06-06,Google_SAI-RSVEns,8.5,10.5,13.5,17,22,29,46,9,10,10,20,20,30,50,0.09156056144074529,0.11310422295621476,0.145419715229419,0.18312112288149057,0.2369802766701643,0.31238309197430747,0.49550421485579804,0.09,0.11,0.15,0.18,0.24,0.31,0.5,TRUE,FALSE,Google Science AI,2026-05-20,RSVEnsemble
New Jersey,NJ,0,wk inc rsv hosp,hosp,2026-05-23,2026-05-23,RSVHub-baseline,0,0,11.499999999999993,26,40.49999999999999,70.60000000000004,135.22499999999997,0,0,10,30,40,70,140,0,0,0.12387605371394943,0.28006759970110323,0.4362591456882569,0.760491251496073,1.45662081421468,0,0,0.12,0.28,0.44,0.76,1.46,FALSE,FALSE,RSVHub-hub-models,2026-05-20,RSVHub baseline model
New Jersey,NJ,1,wk inc rsv hosp,hosp,2026-05-23,2026-05-30,RSVHub-baseline,0,0,3,26,53.966149661496615,93.9416504165043,145.03235357353563,0,0,3,30,50,90,150,0,0,0.03231549227320422,0.28006759970110323,0.5813142308002255,1.0119235593888656,1.562263967090071,0,0,0.03,0.28,0.58,1.01,1.56,FALSE,FALSE,RSVHub-hub-models,2026-05-20,RSVHub baseline model
New Jersey,NJ,2,wk inc rsv hosp,hosp,2026-05-23,2026-06-06,RSVHub-baseline,0,0,0,26,64.2589425894259,111.69690896909,162.86116186161854,0,0,0,30,60,110,160,0,0,0,0.28006759970110323,0.6921864542442887,1.2031801995771412,1.7543128725813986,0,0,0,0.28,0.69,1.2,1.75,FALSE,FALSE,RSVHub-hub-models,2026-05-20,RSVHub baseline model
New Jersey,NJ,0,wk inc rsv prop ed visits,prop_ed,2026-05-23,2026-05-23,RSVHub-baseline,0,0,3.9999999999999996e-4,6e-4,7.999999999999999e-4,0.0013999999999999996,0.0024,0,0,4e-4,6e-4,8e-4,0.0014,0.0024,NA,NA,NA,NA,NA,NA,NA,NA,NA,NA,NA,NA,NA,NA,FALSE,FALSE,RSVHub-hub-models,2026-05-20,RSVHub baseline model
New Jersey,NJ,1,wk inc rsv prop ed visits,prop_ed,2026-05-23,2026-05-30,RSVHub-baseline,0,0,2.0000000000000004e-4,6e-4,0.001040358403584036,0.0018333788337883412,0.003000000000000001,0,0,2e-4,6e-4,0.001,0.0018,0.003,NA,NA,NA,NA,NA,NA,NA,NA,NA,NA,NA,NA,NA,NA,FALSE,FALSE,RSVHub-hub-models,2026-05-20,RSVHub baseline model
New Jersey,NJ,2,wk inc rsv prop ed visits,prop_ed,2026-05-23,2026-06-06,RSVHub-baseline,0,0,3.0181801818019107e-5,6e-4,0.0013,0.0022000000000000006,0.0033701242512425185,0,0,3e-5,6e-4,0.0013,0.0022,0.0034,NA,NA,NA,NA,NA,NA,NA,NA,NA,NA,NA,NA,NA,NA,FALSE,FALSE,RSVHub-hub-models,2026-05-20,RSVHub baseline model
New Jersey,NJ,0,wk inc rsv hosp,hosp,2026-05-23,2026-05-23,UGA_flucast-INFLAenza,7,11,15,21,29,38,52,7,10,20,20,30,40,50,0.07540281530414318,0.11849013833508215,0.16157746136602108,0.22620844591242953,0.31238309197430747,0.40932956879392013,0.5601351994022065,0.08,0.12,0.16,0.23,0.31,0.41,0.56,TRUE,FALSE,UGA_flucast,2026-05-20,INFLAenza
New Jersey,NJ,1,wk inc rsv hosp,hosp,2026-05-23,2026-05-30,UGA_flucast-INFLAenza,4,7,10,16,23,32,46,4,7,10,20,20,30,50,0.04308732303093896,0.07540281530414318,0.1077183075773474,0.17234929212375583,0.24775210742789902,0.34469858424751165,0.49550421485579804,0.04,0.08,0.11,0.17,0.25,0.34,0.5,TRUE,FALSE,UGA_flucast,2026-05-20,INFLAenza
New Jersey,NJ,2,wk inc rsv hosp,hosp,2026-05-23,2026-06-06,UGA_flucast-INFLAenza,2,5,7,12,18,26,39,2,5,7,10,20,30,40,0.02154366151546948,0.0538591537886737,0.07540281530414318,0.12926196909281687,0.19389295363922532,0.28006759970110323,0.4201013995516549,0.02,0.05,0.08,0.13,0.19,0.28,0.42,TRUE,FALSE,UGA_flucast,2026-05-20,INFLAenza
New Jersey,NJ,0,wk inc rsv prop ed visits,prop_ed,2026-05-23,2026-05-23,UGA_flucast-INFLAenza,1.4336019899799135e-4,2.372840157527327e-4,3.4155643365982514e-4,4.8702307580730927e-4,6.782224391487908e-4,8.734820490617866e-4,0.0011356181747042935,1.4e-4,2.4e-4,3.4e-4,4.9e-4,6.8e-4,8.7e-4,0.0011,NA,NA,NA,NA,NA,NA,NA,NA,NA,NA,NA,NA,NA,NA,TRUE,FALSE,UGA_flucast,2026-05-20,INFLAenza
New Jersey,NJ,1,wk inc rsv prop ed visits,prop_ed,2026-05-23,2026-05-30,UGA_flucast-INFLAenza,1.0989205258725673e-4,1.8693752483433734e-4,2.878297965055267e-4,4.2925947564734083e-4,6.152463222002112e-4,8.231171579954102e-4,0.0010838556825486614,1.1e-4,1.9e-4,2.9e-4,4.3e-4,6.2e-4,8.2e-4,0.0011,NA,NA,NA,NA,NA,NA,NA,NA,NA,NA,NA,NA,NA,NA,TRUE,FALSE,UGA_flucast,2026-05-20,INFLAenza
New Jersey,NJ,2,wk inc rsv prop ed visits,prop_ed,2026-05-23,2026-06-06,UGA_flucast-INFLAenza,8.046292651401292e-5,1.495223192847523e-4,2.455070025834425e-4,3.849878910922675e-4,5.731536957508533e-4,7.897185155600353e-4,0.0010745193332576798,8e-5,1.5e-4,2.5e-4,3.8e-4,5.7e-4,7.9e-4,0.0011,NA,NA,NA,NA,NA,NA,NA,NA,NA,NA,NA,NA,NA,NA,TRUE,FALSE,UGA_flucast,2026-05-20,INFLAenza
New Jersey,NJ,0,wk inc rsv hosp,hosp,2026-05-23,2026-05-23,RSVHub-ensemble,9,13.5,18,22.5,29,37,55,9,10,20,20,30,40,60,0.09694647681961266,0.145419715229419,0.19389295363922532,0.24236619204903165,0.31238309197430747,0.3985577380361853,0.5924506916754108,0.1,0.15,0.19,0.24,0.31,0.4,0.59,FALSE,TRUE,RSVHub,2026-05-20,Ensemble using RSVHub forecast submissions
New Jersey,NJ,1,wk inc rsv hosp,hosp,2026-05-23,2026-05-30,RSVHub-ensemble,5,9,13.5,18.5,24.25,33.25,50.25,5,9,10,20,20,30,50,0.0538591537886737,0.09694647681961266,0.145419715229419,0.19927886901809266,0.26121689587506747,0.3581633726946801,0.5412844955761706,0.05,0.1,0.15,0.2,0.26,0.36,0.54,FALSE,TRUE,RSVHub,2026-05-20,Ensemble using RSVHub forecast submissions
New Jersey,NJ,2,wk inc rsv hosp,hosp,2026-05-23,2026-06-06,RSVHub-ensemble,2,5,9,17,22,29,46,2,5,9,20,20,30,50,0.02154366151546948,0.0538591537886737,0.09694647681961266,0.18312112288149057,0.2369802766701643,0.31238309197430747,0.49550421485579804,0.02,0.05,0.1,0.18,0.24,0.31,0.5,FALSE,TRUE,RSVHub,2026-05-20,Ensemble using RSVHub forecast submissions
New Jersey,NJ,0,wk inc rsv prop ed visits,prop_ed,2026-05-23,2026-05-23,RSVHub-ensemble,1.7758790771190195e-4,2.554370765851453e-4,3.3137279404477955e-4,4.354913341650848e-4,5.678805838848952e-4,7.02460133675271e-4,8.834544644223109e-4,1.8e-4,2.6e-4,3.3e-4,4.4e-4,5.7e-4,7e-4,8.8e-4,NA,NA,NA,NA,NA,NA,NA,NA,NA,NA,NA,NA,NA,NA,FALSE,TRUE,RSVHub,2026-05-20,Ensemble using RSVHub forecast submissions
New Jersey,NJ,1,wk inc rsv prop ed visits,prop_ed,2026-05-23,2026-05-30,RSVHub-ensemble,1.2028871790006256e-4,1.7853551626488965e-4,2.5300703256851676e-4,3.561231566286538e-4,4.8605415790518934e-4,6.269821147248351e-4,8.042242499381228e-4,1.2e-4,1.8e-4,2.5e-4,3.6e-4,4.9e-4,6.3e-4,8e-4,NA,NA,NA,NA,NA,NA,NA,NA,NA,NA,NA,NA,NA,NA,FALSE,TRUE,RSVHub,2026-05-20,Ensemble using RSVHub forecast submissions
New Mexico,NM,0,wk inc rsv hosp,hosp,2026-05-23,2026-05-23,CEPH-Rtrend_rsv,0,1,2,3,5,7,10,0,1,2,3,5,7,10,0,0.04759733416850789,0.09519466833701579,0.14279200250552368,0.23798667084253947,0.3331813391795552,0.47597334168507893,0,0.05,0.1,0.14,0.24,0.33,0.48,TRUE,FALSE,CEPH Lab at Indiana University,2026-05-20,Rtrend RSV
New Mexico,NM,1,wk inc rsv hosp,hosp,2026-05-23,2026-05-30,CEPH-Rtrend_rsv,0,0,1,2,3,6,10,0,0,1,2,3,6,10,0,0,0.04759733416850789,0.09519466833701579,0.14279200250552368,0.28558400501104736,0.47597334168507893,0,0,0.05,0.1,0.14,0.29,0.48,TRUE,FALSE,CEPH Lab at Indiana University,2026-05-20,Rtrend RSV
New Mexico,NM,2,wk inc rsv hosp,hosp,2026-05-23,2026-06-06,CEPH-Rtrend_rsv,0,0,0,1,3,5,9,0,0,0,1,3,5,9,0,0,0,0.04759733416850789,0.14279200250552368,0.23798667084253947,0.42837600751657096,0,0,0,0.05,0.14,0.24,0.43,TRUE,FALSE,CEPH Lab at Indiana University,2026-05-20,Rtrend RSV
New Mexico,NM,0,wk inc rsv prop ed visits,prop_ed,2026-05-23,2026-05-23,CFA_Pyrenew-Pyrenew_E_RSV,1.8356118472212578e-4,3.030236023854967e-4,4.298671791864707e-4,5.996500913345911e-4,7.900982038415431e-4,9.889752954208564e-4,0.0012613101717379584,1.8e-4,3e-4,4.3e-4,6e-4,7.9e-4,9.9e-4,0.0013,NA,NA,NA,NA,NA,NA,NA,NA,NA,NA,NA,NA,NA,NA,TRUE,FALSE,Center for Forecasting and Outbreak Analytics (CFA/CDC) Pyrenew team,2026-05-20,Pyrenew_ED_Visits_RSV
New Mexico,NM,1,wk inc rsv prop ed visits,prop_ed,2026-05-23,2026-05-30,CFA_Pyrenew-Pyrenew_E_RSV,6.062388611192803e-5,1.76915401557808e-4,2.902946503588293e-4,4.2713979914660164e-4,6.304544590030846e-4,8.735319190132994e-4,0.001168860344727523,6.1e-5,1.8e-4,2.9e-4,4.3e-4,6.3e-4,8.7e-4,0.0012,NA,NA,NA,NA,NA,NA,NA,NA,NA,NA,NA,NA,NA,NA,TRUE,FALSE,Center for Forecasting and Outbreak Analytics (CFA/CDC) Pyrenew team,2026-05-20,Pyrenew_ED_Visits_RSV
New Mexico,NM,0,wk inc rsv hosp,hosp,2026-05-23,2026-05-23,CFA_Pyrenew-Pyrenew_HE_RSV,1.9750000000000014,3,4,6,8,10,12,2,3,4,6,8,10,10,0.09400473498280315,0.14279200250552368,0.19038933667403157,0.28558400501104736,0.38077867334806315,0.47597334168507893,0.5711680100220947,0.09,0.14,0.19,0.29,0.38,0.48,0.57,TRUE,FALSE,Center for Forecasting and Outbreak Analytics (CFA/CDC) Pyrenew team,2026-05-20,Pyrenew_Hospital_Admissions_ED_Visits_RSV
New Mexico,NM,1,wk inc rsv hosp,hosp,2026-05-23,2026-05-30,CFA_Pyrenew-Pyrenew_HE_RSV,1,2,3,4,6,8,11,1,2,3,4,6,8,10,0.04759733416850789,0.09519466833701579,0.14279200250552368,0.19038933667403157,0.28558400501104736,0.38077867334806315,0.5235706758535867,0.05,0.1,0.14,0.19,0.29,0.38,0.52,TRUE,FALSE,Center for Forecasting and Outbreak Analytics (CFA/CDC) Pyrenew team,2026-05-20,Pyrenew_Hospital_Admissions_ED_Visits_RSV
New Mexico,NM,0,wk inc rsv prop ed visits,prop_ed,2026-05-23,2026-05-23,CFA_Pyrenew-Pyrenew_HE_RSV,1.2462549419464314e-4,2.4520095856927734e-4,3.646064792474522e-4,4.936136829437651e-4,6.633741139930254e-4,8.34707220420112e-4,0.0010436614830632213,1.2e-4,2.5e-4,3.6e-4,4.9e-4,6.6e-4,8.3e-4,0.001,NA,NA,NA,NA,NA,NA,NA,NA,NA,NA,NA,NA,NA,NA,FALSE,FALSE,Center for Forecasting and Outbreak Analytics (CFA/CDC) Pyrenew team,2026-05-20,Pyrenew_Hospital_Admissions_ED_Visits_RSV
New Mexico,NM,1,wk inc rsv prop ed visits,prop_ed,2026-05-23,2026-05-30,CFA_Pyrenew-Pyrenew_HE_RSV,5.80834443326383e-5,1.2139101791391607e-4,2.3206739697430906e-4,3.5817437103871733e-4,5.152463184919729e-4,7.054629263222469e-4,9.54969495170493e-4,5.8e-5,1.2e-4,2.3e-4,3.6e-4,5.2e-4,7.1e-4,9.5e-4,NA,NA,NA,NA,NA,NA,NA,NA,NA,NA,NA,NA,NA,NA,FALSE,FALSE,Center for Forecasting and Outbreak Analytics (CFA/CDC) Pyrenew team,2026-05-20,Pyrenew_Hospital_Admissions_ED_Visits_RSV
New Mexico,NM,0,wk inc rsv hosp,hosp,2026-05-23,2026-05-23,CFA_Pyrenew-Pyrenew_H_RSV,0,1,2,3,5,7,10,0,1,2,3,5,7,10,0,0.04759733416850789,0.09519466833701579,0.14279200250552368,0.23798667084253947,0.3331813391795552,0.47597334168507893,0,0.05,0.1,0.14,0.24,0.33,0.48,FALSE,FALSE,Center for Forecasting and Outbreak Analytics (CFA/CDC) Pyrenew team,2026-05-20,Pyrenew_Hospital_Admissions_RSV
New Mexico,NM,1,wk inc rsv hosp,hosp,2026-05-23,2026-05-30,CFA_Pyrenew-Pyrenew_H_RSV,0,0,1,2,4,6,9,0,0,1,2,4,6,9,0,0,0.04759733416850789,0.09519466833701579,0.19038933667403157,0.28558400501104736,0.42837600751657096,0,0,0.05,0.1,0.19,0.29,0.43,FALSE,FALSE,Center for Forecasting and Outbreak Analytics (CFA/CDC) Pyrenew team,2026-05-20,Pyrenew_Hospital_Admissions_RSV
New Mexico,NM,0,wk inc rsv hosp,hosp,2026-05-23,2026-05-23,Google_SAI-RSVEns,0,0.5,2,3,6,9.5,19.5,0,1,2,3,6,10,20,0,0.023798667084253947,0.09519466833701579,0.14279200250552368,0.28558400501104736,0.45217467460082494,0.9281480162859038,0,0.02,0.1,0.14,0.29,0.45,0.93,TRUE,FALSE,Google Science AI,2026-05-20,RSVEnsemble
New Mexico,NM,1,wk inc rsv hosp,hosp,2026-05-23,2026-05-30,Google_SAI-RSVEns,0,0.5,1.5,2.5,4.5,8,15.5,0,1,2,3,5,8,20,0,0.023798667084253947,0.07139600125276184,0.11899333542126973,0.21418800375828548,0.38077867334806315,0.7377586796118722,0,0.02,0.07,0.12,0.21,0.38,0.74,TRUE,FALSE,Google Science AI,2026-05-20,RSVEnsemble
New Mexico,NM,2,wk inc rsv hosp,hosp,2026-05-23,2026-06-06,Google_SAI-RSVEns,0,0,1.5,1.5,2.5,4,6,0,0,2,2,3,4,6,0,0,0.07139600125276184,0.07139600125276184,0.11899333542126973,0.19038933667403157,0.28558400501104736,0,0,0.07,0.07,0.12,0.19,0.29,TRUE,FALSE,Google Science AI,2026-05-20,RSVEnsemble
New Mexico,NM,0,wk inc rsv hosp,hosp,2026-05-23,2026-05-23,RSVHub-baseline,0,0,2.2499999999999964,5,7.7499999999999964,19,34.149999999999984,0,0,2,5,8,20,30,0,0,0.10709400187914257,0.23798667084253947,0.36887933980593596,0.9043493492016499,1.6254489618545438,0,0,0.11,0.24,0.37,0.9,1.63,FALSE,FALSE,RSVHub-hub-models,2026-05-20,RSVHub baseline model
New Mexico,NM,1,wk inc rsv hosp,hosp,2026-05-23,2026-05-30,RSVHub-baseline,0,0,0.5759707597075971,5,12,28.000421004210068,44.39193741937405,0,0,1,5,10,30,40,0,0,0.02741467272109186,0.23798667084253947,0.5711680100220947,1.332745395396294,2.1129378797374363,0,0,0.03,0.24,0.57,1.33,2.11,FALSE,FALSE,RSVHub-hub-models,2026-05-20,RSVHub baseline model
New Mexico,NM,2,wk inc rsv hosp,hosp,2026-05-23,2026-06-06,RSVHub-baseline,0,0,0,5,15.933231832318317,31.96547665476656,54.13772737727375,0,0,0,5,20,30,50,0,0,0,0.23798667084253947,0.7583793599071622,1.521471474192562,2.5768115010996766,0,0,0,0.24,0.76,1.52,2.58,FALSE,FALSE,RSVHub-hub-models,2026-05-20,RSVHub baseline model
New Mexico,NM,0,wk inc rsv prop ed visits,prop_ed,2026-05-23,2026-05-23,RSVHub-baseline,0,0,1.000000000000001e-4,4e-4,6.999999999999999e-4,0.0019300000000000035,0.0047,0,0,1e-4,4e-4,7e-4,0.0019,0.0047,NA,NA,NA,NA,NA,NA,NA,NA,NA,NA,NA,NA,NA,NA,FALSE,FALSE,RSVHub-hub-models,2026-05-20,RSVHub baseline model
New Mexico,NM,1,wk inc rsv prop ed visits,prop_ed,2026-05-23,2026-05-30,RSVHub-baseline,0,0,0,4e-4,0.0013000000000000008,0.003553091130911307,0.007114316668166718,0,0,0,4e-4,0.0013,0.0036,0.0071,NA,NA,NA,NA,NA,NA,NA,NA,NA,NA,NA,NA,NA,NA,FALSE,FALSE,RSVHub-hub-models,2026-05-20,RSVHub baseline model
New Mexico,NM,2,wk inc rsv prop ed visits,prop_ed,2026-05-23,2026-06-06,RSVHub-baseline,0,0,0,4e-4,0.0018277565275652736,0.0042770071700717,0.008392173146731493,0,0,0,4e-4,0.0018,0.0043,0.0084,NA,NA,NA,NA,NA,NA,NA,NA,NA,NA,NA,NA,NA,NA,FALSE,FALSE,RSVHub-hub-models,2026-05-20,RSVHub baseline model
New Mexico,NM,0,wk inc rsv hosp,hosp,2026-05-23,2026-05-23,UM-DeepOutbreak,0,0,0,2.4295147432500057,11.937601293051593,34.666339965913885,35.42520092041664,0,0,0,2,10,30,40,0,0,0,0.11563842510178718,0.5681979979157885,1.6500253677567036,1.6861451261956042,0,0,0,0.12,0.57,1.65,1.69,TRUE,FALSE,"University of Michigan, Computer Science and Engineering",2026-05-20,DeepOutbreak
New Mexico,NM,1,wk inc rsv hosp,hosp,2026-05-23,2026-05-30,UM-DeepOutbreak,0,0,0,1.91604522,17.18429047656857,50.74333764286913,67.78656364650001,0,0,0,2,20,50,70,0,0,0,0.09119864461831222,0.817926416261942,2.4152475986130675,3.22645972201729,0,0,0,0.09,0.82,2.42,3.23,TRUE,FALSE,"University of Michigan, Computer Science and Engineering",2026-05-20,DeepOutbreak
New Mexico,NM,2,wk inc rsv hosp,hosp,2026-05-23,2026-06-06,UM-DeepOutbreak,0,0,0,1.7206946537499963,22.674988693831644,53.27464160762733,59.42159465875,0,0,0,2,20,50,60,0,0,0,0.08190047843650355,1.079269014127443,2.5357309193057325,2.8283094977981476,0,0,0,0.08,1.08,2.54,2.83,TRUE,FALSE,"University of Michigan, Computer Science and Engineering",2026-05-20,DeepOutbreak
New Mexico,NM,0,wk inc rsv hosp,hosp,2026-05-23,2026-05-23,UGA_flucast-INFLAenza,0,1,2,4,6,9,12,0,1,2,4,6,9,10,0,0.04759733416850789,0.09519466833701579,0.19038933667403157,0.28558400501104736,0.42837600751657096,0.5711680100220947,0,0.05,0.1,0.19,0.29,0.43,0.57,TRUE,FALSE,UGA_flucast,2026-05-20,INFLAenza
New Mexico,NM,1,wk inc rsv hosp,hosp,2026-05-23,2026-05-30,UGA_flucast-INFLAenza,0,1,2,3,5,7,11,0,1,2,3,5,7,10,0,0.04759733416850789,0.09519466833701579,0.14279200250552368,0.23798667084253947,0.3331813391795552,0.5235706758535867,0,0.05,0.1,0.14,0.24,0.33,0.52,TRUE,FALSE,UGA_flucast,2026-05-20,INFLAenza
New Mexico,NM,2,wk inc rsv hosp,hosp,2026-05-23,2026-06-06,UGA_flucast-INFLAenza,0,0,1,2,4,6,9,0,0,1,2,4,6,9,0,0,0.04759733416850789,0.09519466833701579,0.19038933667403157,0.28558400501104736,0.42837600751657096,0,0,0.05,0.1,0.19,0.29,0.43,TRUE,FALSE,UGA_flucast,2026-05-20,INFLAenza
New Mexico,NM,0,wk inc rsv prop ed visits,prop_ed,2026-05-23,2026-05-23,UGA_flucast-INFLAenza,1.7222002396620549e-4,2.735432637712849e-4,3.8520242847353054e-4,5.418902900697358e-4,7.233696464653342e-4,9.251066462630184e-4,0.0011998839301491048,1.7e-4,2.7e-4,3.9e-4,5.4e-4,7.2e-4,0.00093000000000000005,0.0012,NA,NA,NA,NA,NA,NA,NA,NA,NA,NA,NA,NA,NA,NA,TRUE,FALSE,UGA_flucast,2026-05-20,INFLAenza
New Mexico,NM,1,wk inc rsv prop ed visits,prop_ed,2026-05-23,2026-05-30,UGA_flucast-INFLAenza,1.1869729261297258e-4,2.1147079981412493e-4,3.0983493101317724e-4,4.67257677024561e-4,6.611013330093121e-4,8.599799284826192e-4,0.0011345069271377164,1.2e-4,2.1e-4,3.1e-4,4.7e-4,6.6e-4,8.6e-4,0.0011,NA,NA,NA,NA,NA,NA,NA,NA,NA,NA,NA,NA,NA,NA,TRUE,FALSE,UGA_flucast,2026-05-20,INFLAenza
New Mexico,NM,2,wk inc rsv prop ed visits,prop_ed,2026-05-23,2026-06-06,UGA_flucast-INFLAenza,1.0265829067360008e-4,1.7813889268649454e-4,2.7609648507772894e-4,4.2212776530801873e-4,6.17637873882283e-4,8.29117233540422e-4,0.0011260298014948802,1e-4,1.8e-4,2.8e-4,4.2e-4,6.2e-4,8.3e-4,0.0011,NA,NA,NA,NA,NA,NA,NA,NA,NA,NA,NA,NA,NA,NA,TRUE,FALSE,UGA_flucast,2026-05-20,INFLAenza
New Mexico,NM,0,wk inc rsv hosp,hosp,2026-05-23,2026-05-23,RSVHub-ensemble,0,1,2,3,6,9.5,12,0,1,2,3,6,10,10,0,0.04759733416850789,0.09519466833701579,0.14279200250552368,0.28558400501104736,0.45217467460082494,0.5711680100220947,0,0.05,0.1,0.14,0.29,0.45,0.57,FALSE,TRUE,RSVHub,2026-05-20,Ensemble using RSVHub forecast submissions
New Mexico,NM,1,wk inc rsv hosp,hosp,2026-05-23,2026-05-30,RSVHub-ensemble,0,0.5,1.5,2.5,5,8,11,0,1,2,3,5,8,10,0,0.023798667084253947,0.07139600125276184,0.11899333542126973,0.23798667084253947,0.38077867334806315,0.5235706758535867,0,0.02,0.07,0.12,0.24,0.38,0.52,FALSE,TRUE,RSVHub,2026-05-20,Ensemble using RSVHub forecast submissions
New Mexico,NM,2,wk inc rsv hosp,hosp,2026-05-23,2026-06-06,RSVHub-ensemble,0,0,0.5,1.6103473268749982,3.5,5.5,9,0,0,1,2,4,6,9,0,0,0.023798667084253947,0.07664823984463269,0.1665906695897776,0.26178533792679337,0.42837600751657096,0,0,0.02,0.08,0.17,0.26,0.43,FALSE,TRUE,RSVHub,2026-05-20,Ensemble using RSVHub forecast submissions
New Mexico,NM,0,wk inc rsv prop ed visits,prop_ed,2026-05-23,2026-05-23,RSVHub-ensemble,1.7789060434416563e-4,2.882834330783908e-4,4.075348038300006e-4,5.707701907021634e-4,7.567339251534387e-4,9.570409708419374e-4,0.0012305970509435315,1.8e-4,2.9e-4,4.1e-4,5.7e-4,7.6e-4,9.6e-4,0.0012,NA,NA,NA,NA,NA,NA,NA,NA,NA,NA,NA,NA,NA,NA,FALSE,TRUE,RSVHub,2026-05-20,Ensemble using RSVHub forecast submissions
New Mexico,NM,1,wk inc rsv prop ed visits,prop_ed,2026-05-23,2026-05-30,RSVHub-ensemble,8.96605893624503e-5,1.9419310068596646e-4,3.000647906860033e-4,4.471987380855813e-4,6.457778960061983e-4,8.667559237479593e-4,0.0011516836359326196,9e-5,1.9e-4,3e-4,4.5e-4,6.5e-4,8.7e-4,0.0012,NA,NA,NA,NA,NA,NA,NA,NA,NA,NA,NA,NA,NA,NA,FALSE,TRUE,RSVHub,2026-05-20,Ensemble using RSVHub forecast submissions
New York,NY,0,wk inc rsv hosp,hosp,2026-05-23,2026-05-23,CEPH-Rtrend_rsv,14,26,37,57,83,109,144,10,30,40,60,80,110,140,0.07160423561557855,0.13297929471464587,0.1892397655554576,0.29153153072056975,0.4245108254352156,0.5574901201498615,0.7365007091888078,0.07,0.13,0.19,0.29,0.42,0.56,0.74,TRUE,FALSE,CEPH Lab at Indiana University,2026-05-20,Rtrend RSV
New York,NY,1,wk inc rsv hosp,hosp,2026-05-23,2026-05-30,CEPH-Rtrend_rsv,6,14,23,40,66,95,135,6,10,20,40,70,100,140,0.030687529549533663,0.07160423561557855,0.11763552993987904,0.20458353033022442,0.3375628250448703,0.48588588453428294,0.6904694148645074,0.03,0.07,0.12,0.2,0.34,0.49,0.69,TRUE,FALSE,CEPH Lab at Indiana University,2026-05-20,Rtrend RSV
New York,NY,2,wk inc rsv hosp,hosp,2026-05-23,2026-06-06,CEPH-Rtrend_rsv,3,6,14,29,52,78,115,3,6,10,30,50,80,120,0.015343764774766832,0.030687529549533663,0.07160423561557855,0.1483230594894127,0.26595858942929174,0.39893788414393766,0.5881776496993952,0.02,0.03,0.07,0.15,0.27,0.4,0.59,TRUE,FALSE,CEPH Lab at Indiana University,2026-05-20,Rtrend RSV
New York,NY,0,wk inc rsv prop ed visits,prop_ed,2026-05-23,2026-05-23,CFA_Pyrenew-Pyrenew_E_RSV,2.545234509786288e-4,2.918416478675646e-4,3.3516380588485687e-4,3.8537881991891946e-4,4.39637181647803e-4,4.953065259295472e-4,5.657476802330425e-4,2.5e-4,2.9e-4,3.4e-4,3.9e-4,4.4e-4,5e-4,5.7e-4,NA,NA,NA,NA,NA,NA,NA,NA,NA,NA,NA,NA,NA,NA,TRUE,FALSE,Center for Forecasting and Outbreak Analytics (CFA/CDC) Pyrenew team,2026-05-20,Pyrenew_ED_Visits_RSV
New York,NY,1,wk inc rsv prop ed visits,prop_ed,2026-05-23,2026-05-30,CFA_Pyrenew-Pyrenew_E_RSV,1.7018867997876946e-4,2.054431645896993e-4,2.483390508138389e-4,3.084164038148536e-4,3.8363392135875457e-4,4.64638001466468e-4,5.598904099900682e-4,1.7e-4,2.1e-4,2.5e-4,3.1e-4,3.8e-4,4.6e-4,5.6e-4,NA,NA,NA,NA,NA,NA,NA,NA,NA,NA,NA,NA,NA,NA,TRUE,FALSE,Center for Forecasting and Outbreak Analytics (CFA/CDC) Pyrenew team,2026-05-20,Pyrenew_ED_Visits_RSV
New York,NY,0,wk inc rsv hosp,hosp,2026-05-23,2026-05-23,CFA_Pyrenew-Pyrenew_HE_RSV,44,53,60,69,79,89,103,40,50,60,70,80,90,100,0.22504188336324685,0.27107317768754735,0.3068752954953366,0.35290658981963713,0.4040524724021932,0.4551983549847493,0.5268025906003279,0.23,0.27,0.31,0.35,0.4,0.46,0.53,TRUE,FALSE,Center for Forecasting and Outbreak Analytics (CFA/CDC) Pyrenew team,2026-05-20,Pyrenew_Hospital_Admissions_ED_Visits_RSV
New York,NY,1,wk inc rsv hosp,hosp,2026-05-23,2026-05-30,CFA_Pyrenew-Pyrenew_HE_RSV,31,37,44,52,62,73,88,30,40,40,50,60,70,90,0.1585522360059239,0.1892397655554576,0.22504188336324685,0.26595858942929174,0.3171044720118478,0.37336494285265953,0.4500837667264937,0.16,0.19,0.23,0.27,0.32,0.37,0.45,TRUE,FALSE,Center for Forecasting and Outbreak Analytics (CFA/CDC) Pyrenew team,2026-05-20,Pyrenew_Hospital_Admissions_ED_Visits_RSV
New York,NY,0,wk inc rsv prop ed visits,prop_ed,2026-05-23,2026-05-23,CFA_Pyrenew-Pyrenew_HE_RSV,2.308316477178207e-4,2.662038892681401e-4,3.055453350265615e-4,3.5117423360095227e-4,3.990895319504196e-4,4.5488382160482096e-4,5.247482341423704e-4,2.3e-4,2.7e-4,3.1e-4,3.5e-4,4e-4,4.5e-4,5.2e-4,NA,NA,NA,NA,NA,NA,NA,NA,NA,NA,NA,NA,NA,NA,FALSE,FALSE,Center for Forecasting and Outbreak Analytics (CFA/CDC) Pyrenew team,2026-05-20,Pyrenew_Hospital_Admissions_ED_Visits_RSV
New York,NY,1,wk inc rsv prop ed visits,prop_ed,2026-05-23,2026-05-30,CFA_Pyrenew-Pyrenew_HE_RSV,1.4309569547490714e-4,1.8252363046091684e-4,2.2262253816327063e-4,2.724275055174037e-4,3.335637811968246e-4,4.007939150715917e-4,4.759501727386646e-4,1.4e-4,1.8e-4,2.2e-4,2.7e-4,3.3e-4,4e-4,4.8e-4,NA,NA,NA,NA,NA,NA,NA,NA,NA,NA,NA,NA,NA,NA,FALSE,FALSE,Center for Forecasting and Outbreak Analytics (CFA/CDC) Pyrenew team,2026-05-20,Pyrenew_Hospital_Admissions_ED_Visits_RSV
New York,NY,0,wk inc rsv hosp,hosp,2026-05-23,2026-05-23,CFA_Pyrenew-Pyrenew_H_RSV,28.975,35,42,49,57,66,77,30,40,40,50,60,70,80,0.1481951947829563,0.17901058903894637,0.21481270684673565,0.2506148246545249,0.29153153072056975,0.3375628250448703,0.393823295885682,0.15,0.18,0.21,0.25,0.29,0.34,0.39,FALSE,FALSE,Center for Forecasting and Outbreak Analytics (CFA/CDC) Pyrenew team,2026-05-20,Pyrenew_Hospital_Admissions_RSV
New York,NY,1,wk inc rsv hosp,hosp,2026-05-23,2026-05-30,CFA_Pyrenew-Pyrenew_H_RSV,16,22,28,36,46,55,72,20,20,30,40,50,60,70,0.08183341213208976,0.11252094168162342,0.1432084712311571,0.18412517729720196,0.23527105987975808,0.2813023542040586,0.3682503545944039,0.08,0.11,0.14,0.18,0.24,0.28,0.37,FALSE,FALSE,Center for Forecasting and Outbreak Analytics (CFA/CDC) Pyrenew team,2026-05-20,Pyrenew_Hospital_Admissions_RSV
New York,NY,0,wk inc rsv hosp,hosp,2026-05-23,2026-05-23,Google_SAI-RSVEns,31,42.5,49.5,55.5,67.5,95,150,30,40,50,60,70,100,150,0.1585522360059239,0.21737000097586345,0.2531721187836527,0.28385964833318633,0.3452347074322537,0.48588588453428294,0.7671882387383416,0.16,0.22,0.25,0.28,0.35,0.49,0.77,TRUE,FALSE,Google Science AI,2026-05-20,RSVEnsemble
New York,NY,1,wk inc rsv hosp,hosp,2026-05-23,2026-05-30,Google_SAI-RSVEns,25,31,37.5,45,59,75.5,111.5,30,30,40,50,60,80,110,0.12786470645639025,0.1585522360059239,0.1917970596845854,0.2301564716215025,0.30176070723708104,0.3861514134982986,0.5702765907955006,0.13,0.16,0.19,0.23,0.3,0.39,0.57,TRUE,FALSE,Google Science AI,2026-05-20,RSVEnsemble
New York,NY,2,wk inc rsv hosp,hosp,2026-05-23,2026-06-06,Google_SAI-RSVEns,21,26,32,37.5,51,67.5,105.5,20,30,30,40,50,70,110,0.10740635342336782,0.13297929471464587,0.16366682426417953,0.1917970596845854,0.2608440011710361,0.3452347074322537,0.539589061245967,0.11,0.13,0.16,0.19,0.26,0.35,0.54,TRUE,FALSE,Google Science AI,2026-05-20,RSVEnsemble
New York,NY,0,wk inc rsv hosp,hosp,2026-05-23,2026-05-23,RSVHub-baseline,0,0,35,68,101,154,230.82499999999993,0,0,40,70,100,150,230,0,0,0.17901058903894637,0.3477920015613815,0.5165734140838166,0.787646591771364,1.180574834711851,0,0,0.18,0.35,0.52,0.79,1.18,FALSE,FALSE,RSVHub-hub-models,2026-05-20,RSVHub baseline model
New York,NY,1,wk inc rsv hosp,hosp,2026-05-23,2026-05-30,RSVHub-baseline,0,0,13,68,127.06398563985641,192.27947579475796,278.9976877268776,0,0,10,70,130,190,280,0,0,0.06648964735732293,0.3477920015613815,0.649879969000769,0.9834303492034129,1.4269582977283535,0,0,0.07,0.35,0.65,0.98,1.43,FALSE,FALSE,RSVHub-hub-models,2026-05-20,RSVHub baseline model
New York,NY,2,wk inc rsv hosp,hosp,2026-05-23,2026-06-06,RSVHub-baseline,0,0,0,68,143.63779887798879,223.61627116271177,324.478521785218,0,0,0,70,140,220,320,0,0,0,0.3477920015613815,0.7346481995830423,1.1437051548437083,1.6595740375788133,0,0,0,0.35,0.73,1.14,1.66,FALSE,FALSE,RSVHub-hub-models,2026-05-20,RSVHub baseline model
New York,NY,0,wk inc rsv prop ed visits,prop_ed,2026-05-23,2026-05-23,RSVHub-baseline,0,0,3.9999999999999986e-4,5e-4,6.000000000000002e-4,0.0010999999999999998,0.002114999999999988,0,0,4e-4,5e-4,6e-4,0.0011,0.0021,NA,NA,NA,NA,NA,NA,NA,NA,NA,NA,NA,NA,NA,NA,FALSE,FALSE,RSVHub-hub-models,2026-05-20,RSVHub baseline model
New York,NY,1,wk inc rsv prop ed visits,prop_ed,2026-05-23,2026-05-30,RSVHub-baseline,0,0,1.883473834738345e-4,5e-4,9e-4,0.001500000000000001,0.0025557009070090618,0,0,1.9e-4,5e-4,9e-4,0.0015,0.0026,NA,NA,NA,NA,NA,NA,NA,NA,NA,NA,NA,NA,NA,NA,FALSE,FALSE,RSVHub-hub-models,2026-05-20,RSVHub baseline model
New York,NY,2,wk inc rsv prop ed visits,prop_ed,2026-05-23,2026-06-06,RSVHub-baseline,0,0,2.168404344971009e-19,5e-4,0.0010999999999999996,0.0018000000000000006,0.0029620283952839495,0,0,2.2e-19,5e-4,0.0011,0.0018,0.003,NA,NA,NA,NA,NA,NA,NA,NA,NA,NA,NA,NA,NA,NA,FALSE,FALSE,RSVHub-hub-models,2026-05-20,RSVHub baseline model
New York,NY,0,wk inc rsv hosp,hosp,2026-05-23,2026-05-23,UM-DeepOutbreak,0,0,0,57.19431590000001,129.24079145806985,215.59597881792,226.98898616666665,0,0,0,60,130,220,230,0,0,0,0.2925253765411022,0.6610134344791061,1.102684661789259,1.1609552034013784,0,0,0,0.29,0.66,1.1,1.16,TRUE,FALSE,"University of Michigan, Computer Science and Engineering",2026-05-20,DeepOutbreak
New York,NY,1,wk inc rsv hosp,hosp,2026-05-23,2026-05-30,UM-DeepOutbreak,0,0,0,33.396361499999934,192.60173471978655,258.6992396938985,274.0790830833334,0,0,0,30,190,260,270,0,0,0,0.17080863839635937,0.9850785709174821,1.3231400937580668,1.401801660171481,0,0,0,0.17,0.99,1.32,1.4,TRUE,FALSE,"University of Michigan, Computer Science and Engineering",2026-05-20,DeepOutbreak
New York,NY,2,wk inc rsv hosp,hosp,2026-05-23,2026-06-06,UM-DeepOutbreak,0,0,0,31.06945316250006,179.49803464534835,238.8382100509108,437.7040092125,0,0,0,30,180,240,440,0,0,0,0.15890746033534545,0.9180585403770574,1.2215591047491754,2.238675786109658,0,0,0,0.16,0.92,1.22,2.24,TRUE,FALSE,"University of Michigan, Computer Science and Engineering",2026-05-20,DeepOutbreak
New York,NY,0,wk inc rsv hosp,hosp,2026-05-23,2026-05-23,UGA_flucast-INFLAenza,20,28,37,51,70,93,124,20,30,40,50,70,90,120,0.10229176516511221,0.1432084712311571,0.1892397655554576,0.2608440011710361,0.35802117807789274,0.4756567080177718,0.6342089440236957,0.1,0.14,0.19,0.26,0.36,0.48,0.63,TRUE,FALSE,UGA_flucast,2026-05-20,INFLAenza
New York,NY,1,wk inc rsv hosp,hosp,2026-05-23,2026-05-30,UGA_flucast-INFLAenza,12,19,27,39,56,78,114,10,20,30,40,60,80,110,0.061375059099067326,0.0971771769068566,0.13809388297290148,0.19946894207196883,0.2864169424623142,0.39893788414393766,0.5830630614411395,0.06,0.1,0.14,0.2,0.29,0.4,0.58,TRUE,FALSE,UGA_flucast,2026-05-20,INFLAenza
New York,NY,2,wk inc rsv hosp,hosp,2026-05-23,2026-06-06,UGA_flucast-INFLAenza,8,13,20,30,45,66,102,8,10,20,30,50,70,100,0.04091670606604488,0.06648964735732293,0.10229176516511221,0.1534376477476683,0.2301564716215025,0.3375628250448703,0.5216880023420722,0.04,0.07,0.1,0.15,0.23,0.34,0.52,TRUE,FALSE,UGA_flucast,2026-05-20,INFLAenza
New York,NY,0,wk inc rsv prop ed visits,prop_ed,2026-05-23,2026-05-23,UGA_flucast-INFLAenza,1.2578224669783247e-4,2.0893513219775536e-4,3.065664143524e-4,4.344011131025897e-4,6.028493097478453e-4,7.780981598595342e-4,0.0010324352894696335,1.3e-4,2.1e-4,3.1e-4,4.3e-4,6e-4,7.8e-4,0.001,NA,NA,NA,NA,NA,NA,NA,NA,NA,NA,NA,NA,NA,NA,TRUE,FALSE,UGA_flucast,2026-05-20,INFLAenza
New York,NY,1,wk inc rsv prop ed visits,prop_ed,2026-05-23,2026-05-30,UGA_flucast-INFLAenza,8.314970329567372e-5,1.541854502098335e-4,2.439660028487787e-4,3.7705220588558734e-4,5.424883266281443e-4,7.348080189897859e-4,9.99887073677772e-4,8.3e-5,1.5e-4,2.4e-4,3.8e-4,5.4e-4,7.3e-4,0.001,NA,NA,NA,NA,NA,NA,NA,NA,NA,NA,NA,NA,NA,NA,TRUE,FALSE,UGA_flucast,2026-05-20,INFLAenza
New York,NY,2,wk inc rsv prop ed visits,prop_ed,2026-05-23,2026-06-06,UGA_flucast-INFLAenza,6.55548109726131e-5,1.2781342713032487e-4,2.0953392463857716e-4,3.434332479722984e-4,5.133151097880375e-4,6.977214869468047e-4,9.546473310197703e-4,6.6e-5,1.3e-4,2.1e-4,3.4e-4,5.1e-4,7e-4,9.5e-4,NA,NA,NA,NA,NA,NA,NA,NA,NA,NA,NA,NA,NA,NA,TRUE,FALSE,UGA_flucast,2026-05-20,INFLAenza
New York,NY,0,wk inc rsv hosp,hosp,2026-05-23,2026-05-23,RSVHub-ensemble,20,28,37,57,79,95,144,20,30,40,60,80,100,140,0.10229176516511221,0.1432084712311571,0.1892397655554576,0.29153153072056975,0.4040524724021932,0.48588588453428294,0.7365007091888078,0.1,0.14,0.19,0.29,0.4,0.49,0.74,FALSE,TRUE,RSVHub,2026-05-20,Ensemble using RSVHub forecast submissions
New York,NY,1,wk inc rsv hosp,hosp,2026-05-23,2026-05-30,RSVHub-ensemble,12,19,27,40,62,78,114,10,20,30,40,60,80,110,0.061375059099067326,0.0971771769068566,0.13809388297290148,0.20458353033022442,0.3171044720118478,0.39893788414393766,0.5830630614411395,0.06,0.1,0.14,0.2,0.32,0.4,0.58,FALSE,TRUE,RSVHub,2026-05-20,Ensemble using RSVHub forecast submissions
New York,NY,2,wk inc rsv hosp,hosp,2026-05-23,2026-06-06,RSVHub-ensemble,5.5,9.5,17,30.53472658125003,51.5,72.75,110.25,6,10,20,30,50,70,110,0.028130235420405856,0.0485885884534283,0.08694800039034538,0.15617255404150687,0.26340129530016393,0.37208629578809566,0.5638833554726811,0.03,0.05,0.09,0.16,0.26,0.37,0.56,FALSE,TRUE,RSVHub,2026-05-20,Ensemble using RSVHub forecast submissions
New York,NY,0,wk inc rsv prop ed visits,prop_ed,2026-05-23,2026-05-23,RSVHub-ensemble,1.9015284883823063e-4,2.5038839003265997e-4,3.2086511011862845e-4,4.0988996651075455e-4,5.212432456978242e-4,6.367023428945407e-4,7.99091484851338e-4,1.9e-4,2.5e-4,3.2e-4,4.1e-4,5.2e-4,6.4e-4,8e-4,NA,NA,NA,NA,NA,NA,NA,NA,NA,NA,NA,NA,NA,NA,FALSE,TRUE,RSVHub,2026-05-20,Ensemble using RSVHub forecast submissions
New York,NY,1,wk inc rsv prop ed visits,prop_ed,2026-05-23,2026-05-30,RSVHub-ensemble,1.266691916372216e-4,1.798143073997664e-4,2.461525268313088e-4,3.427343048502205e-4,4.630611239934494e-4,5.99723010228127e-4,7.798887418339201e-4,1.3e-4,1.8e-4,2.5e-4,3.4e-4,4.6e-4,6e-4,7.8e-4,NA,NA,NA,NA,NA,NA,NA,NA,NA,NA,NA,NA,NA,NA,FALSE,TRUE,RSVHub,2026-05-20,Ensemble using RSVHub forecast submissions
North Carolina,NC,0,wk inc rsv hosp,hosp,2026-05-23,2026-05-23,CEPH-Rtrend_rsv,11,20,32,48,70,98,132,10,20,30,50,70,100,130,0.10246092512900763,0.1862925911436502,0.2980681458298403,0.4471022187447605,0.6520240690027758,0.9128336966038861,1.2295311015480914,0.1,0.19,0.3,0.45,0.65,0.91,1.23,TRUE,FALSE,CEPH Lab at Indiana University,2026-05-20,Rtrend RSV
North Carolina,NC,1,wk inc rsv hosp,hosp,2026-05-23,2026-05-30,CEPH-Rtrend_rsv,5,11,23,39,66,100,141,5,10,20,40,70,100,140,0.04657314778591255,0.10246092512900763,0.21423647981519775,0.36327055273011793,0.6147655507740457,0.9314629557182511,1.3133627675627342,0.05,0.1,0.21,0.36,0.61,0.93,1.31,TRUE,FALSE,CEPH Lab at Indiana University,2026-05-20,Rtrend RSV
North Carolina,NC,2,wk inc rsv hosp,hosp,2026-05-23,2026-06-06,CEPH-Rtrend_rsv,2,7,16,32,57,89,125,2,7,20,30,60,90,130,0.01862925911436502,0.06520240690027758,0.14903407291492016,0.2980681458298403,0.5309338847594031,0.8290020305892435,1.1643286946478137,0.02,0.07,0.15,0.3,0.53,0.83,1.16,TRUE,FALSE,CEPH Lab at Indiana University,2026-05-20,Rtrend RSV
North Carolina,NC,0,wk inc rsv prop ed visits,prop_ed,2026-05-23,2026-05-23,CFA_Pyrenew-Pyrenew_E_RSV,5.474758025035679e-4,6.353299506378274e-4,7.156477216714136e-4,8.208757388093529e-4,9.406332031281358e-4,0.0010652419385985658,0.00119084428919307,5.5e-4,6.4e-4,7.2e-4,8.2e-4,9.4e-4,0.0011,0.0012,NA,NA,NA,NA,NA,NA,NA,NA,NA,NA,NA,NA,NA,NA,TRUE,FALSE,Center for Forecasting and Outbreak Analytics (CFA/CDC) Pyrenew team,2026-05-20,Pyrenew_ED_Visits_RSV
North Carolina,NC,1,wk inc rsv prop ed visits,prop_ed,2026-05-23,2026-05-30,CFA_Pyrenew-Pyrenew_E_RSV,3.647096574417202e-4,4.5340530348352524e-4,5.504393995839918e-4,6.765059569035644e-4,8.401048008360231e-4,0.0010024602304797988,0.0012382938703199506,3.6e-4,4.5e-4,5.5e-4,6.8e-4,8.4e-4,0.001,0.0012,NA,NA,NA,NA,NA,NA,NA,NA,NA,NA,NA,NA,NA,NA,TRUE,FALSE,Center for Forecasting and Outbreak Analytics (CFA/CDC) Pyrenew team,2026-05-20,Pyrenew_ED_Visits_RSV
North Carolina,NC,0,wk inc rsv hosp,hosp,2026-05-23,2026-05-23,CFA_Pyrenew-Pyrenew_HE_RSV,13,19,24,32,41,51,64,10,20,20,30,40,50,60,0.12109018424337264,0.17697796158646772,0.22355110937238026,0.2980681458298403,0.3818998118444829,0.47504610741630804,0.5961362916596806,0.12,0.18,0.22,0.3,0.38,0.48,0.6,TRUE,FALSE,Center for Forecasting and Outbreak Analytics (CFA/CDC) Pyrenew team,2026-05-20,Pyrenew_Hospital_Admissions_ED_Visits_RSV
North Carolina,NC,1,wk inc rsv hosp,hosp,2026-05-23,2026-05-30,CFA_Pyrenew-Pyrenew_HE_RSV,10,14,19,26,34,44,58.024999999999864,10,10,20,30,30,40,60,0.0931462955718251,0.13040481380055516,0.17697796158646772,0.2421803684867453,0.31669740494420534,0.40984370051603053,0.5404813800555139,0.09,0.13,0.18,0.24,0.32,0.41,0.54,TRUE,FALSE,Center for Forecasting and Outbreak Analytics (CFA/CDC) Pyrenew team,2026-05-20,Pyrenew_Hospital_Admissions_ED_Visits_RSV
North Carolina,NC,0,wk inc rsv prop ed visits,prop_ed,2026-05-23,2026-05-23,CFA_Pyrenew-Pyrenew_HE_RSV,5.51661144809096e-4,6.352941353822086e-4,7.322664271801354e-4,8.360578416451044e-4,9.512984689512404e-4,0.0010634844505608787,0.0011962272411943971,5.5e-4,6.4e-4,7.3e-4,8.4e-4,9.5e-4,0.0011,0.0012,NA,NA,NA,NA,NA,NA,NA,NA,NA,NA,NA,NA,NA,NA,FALSE,FALSE,Center for Forecasting and Outbreak Analytics (CFA/CDC) Pyrenew team,2026-05-20,Pyrenew_Hospital_Admissions_ED_Visits_RSV
North Carolina,NC,1,wk inc rsv prop ed visits,prop_ed,2026-05-23,2026-05-30,CFA_Pyrenew-Pyrenew_HE_RSV,3.5823326578606076e-4,4.5548035542982145e-4,5.59217246385646e-4,6.879651047123668e-4,8.532079246213907e-4,0.0010354961516943087,0.0012787410266794383,3.6e-4,4.6e-4,5.6e-4,6.9e-4,8.5e-4,0.001,0.0013,NA,NA,NA,NA,NA,NA,NA,NA,NA,NA,NA,NA,NA,NA,FALSE,FALSE,Center for Forecasting and Outbreak Analytics (CFA/CDC) Pyrenew team,2026-05-20,Pyrenew_Hospital_Admissions_ED_Visits_RSV
North Carolina,NC,0,wk inc rsv hosp,hosp,2026-05-23,2026-05-23,CFA_Pyrenew-Pyrenew_H_RSV,18.975,24,31,40,50.25,62,78,20,20,30,40,50,60,80,0.17674509584753817,0.22355110937238026,0.28875351627265783,0.3725851822873004,0.46806013524842116,0.5775070325453157,0.7265411054602359,0.18,0.22,0.29,0.37,0.47,0.58,0.73,FALSE,FALSE,Center for Forecasting and Outbreak Analytics (CFA/CDC) Pyrenew team,2026-05-20,Pyrenew_Hospital_Admissions_RSV
North Carolina,NC,1,wk inc rsv hosp,hosp,2026-05-23,2026-05-30,CFA_Pyrenew-Pyrenew_H_RSV,11,17,23,34,48,66,96,10,20,20,30,50,70,100,0.10246092512900763,0.15834870247210267,0.21423647981519775,0.31669740494420534,0.4471022187447605,0.6147655507740457,0.894204437489521,0.1,0.16,0.21,0.32,0.45,0.61,0.89,FALSE,FALSE,Center for Forecasting and Outbreak Analytics (CFA/CDC) Pyrenew team,2026-05-20,Pyrenew_Hospital_Admissions_RSV
North Carolina,NC,0,wk inc rsv hosp,hosp,2026-05-23,2026-05-23,Google_SAI-RSVEns,21,26,29.5,33.5,39,53,74,20,30,30,30,40,50,70,0.19560722070083275,0.2421803684867453,0.2747815719368841,0.31204009016561407,0.36327055273011793,0.49367536653067307,0.6892825872315058,0.2,0.24,0.27,0.31,0.36,0.49,0.69,TRUE,FALSE,Google Science AI,2026-05-20,RSVEnsemble
North Carolina,NC,1,wk inc rsv hosp,hosp,2026-05-23,2026-05-30,Google_SAI-RSVEns,14,18.5,21,26.5,33,43.5,67.5,10,20,20,30,30,40,70,0.13040481380055516,0.17232064680787645,0.19560722070083275,0.24683768326533653,0.30738277538702286,0.40518638573743926,0.6287374951098195,0.13,0.17,0.2,0.25,0.31,0.41,0.63,TRUE,FALSE,Google Science AI,2026-05-20,RSVEnsemble
North Carolina,NC,2,wk inc rsv hosp,hosp,2026-05-23,2026-06-06,Google_SAI-RSVEns,9,13.5,16.5,21.5,30,39,60.5,9,10,20,20,30,40,60,0.0838316660146426,0.1257474990219639,0.15369138769351143,0.200264535479424,0.27943888671547534,0.36327055273011793,0.5635350882095419,0.08,0.13,0.15,0.2,0.28,0.36,0.56,TRUE,FALSE,Google Science AI,2026-05-20,RSVEnsemble
North Carolina,NC,0,wk inc rsv hosp,hosp,2026-05-23,2026-05-23,RSVHub-baseline,0,5.400000000000006,29,44,59,82.60000000000005,162.0499999999999,0,5,30,40,60,80,160,0,0.05029899960878561,0.2701242571582928,0.40984370051603053,0.5495631438737681,0.7693884014232759,1.5094357197414248,0,0.05,0.27,0.41,0.55,0.77,1.51,FALSE,FALSE,RSVHub-hub-models,2026-05-20,RSVHub baseline model
North Carolina,NC,1,wk inc rsv hosp,hosp,2026-05-23,2026-05-30,RSVHub-baseline,0,0,17.324838248382477,44,72.46871468714687,115.80382703827043,197.95535530355275,0,0,20,40,70,120,200,0,0,0.1613744504217895,0.40984370051603053,0.6750192317959246,1.078669750165525,1.8438808035130383,0,0,0.16,0.41,0.68,1.08,1.84,FALSE,FALSE,RSVHub-hub-models,2026-05-20,RSVHub baseline model
North Carolina,NC,2,wk inc rsv hosp,hosp,2026-05-23,2026-06-06,RSVHub-baseline,0,0,7.774482744827447,44,82.90228902289022,138.83145731457324,224.41474214742146,0,0,8,40,80,140,220,0,0,0.07241642676677515,0.40984370051603053,0.7722041116907005,1.293163595769046,2.0903401902738636,0,0,0.07,0.41,0.77,1.29,2.09,FALSE,FALSE,RSVHub-hub-models,2026-05-20,RSVHub baseline model
North Carolina,NC,0,wk inc rsv prop ed visits,prop_ed,2026-05-23,2026-05-23,RSVHub-baseline,0,0,6.999999999999999e-4,9e-4,0.0011,0.0019000000000000002,0.0033,0,0,7e-4,9e-4,0.0011,0.0019,0.0033,NA,NA,NA,NA,NA,NA,NA,NA,NA,NA,NA,NA,NA,NA,FALSE,FALSE,RSVHub-hub-models,2026-05-20,RSVHub baseline model
North Carolina,NC,1,wk inc rsv prop ed visits,prop_ed,2026-05-23,2026-05-30,RSVHub-baseline,0,0,3.0697181971819747e-4,9e-4,0.0015,0.0025999999999999994,0.0042679615046150475,0,0,3.1e-4,9e-4,0.0015,0.0026,0.0043,NA,NA,NA,NA,NA,NA,NA,NA,NA,NA,NA,NA,NA,NA,FALSE,FALSE,RSVHub-hub-models,2026-05-20,RSVHub baseline model
North Carolina,NC,2,wk inc rsv prop ed visits,prop_ed,2026-05-23,2026-06-06,RSVHub-baseline,0,0,1.0000000000000059e-4,9e-4,0.0018,0.0030456237562375642,0.005055081575815746,0,0,1e-4,9e-4,0.0018,0.003,0.0051,NA,NA,NA,NA,NA,NA,NA,NA,NA,NA,NA,NA,NA,NA,FALSE,FALSE,RSVHub-hub-models,2026-05-20,RSVHub baseline model
North Carolina,NC,0,wk inc rsv hosp,hosp,2026-05-23,2026-05-23,UGA_flucast-INFLAenza,11,16,21,30,41,54,73,10,20,20,30,40,50,70,0.10246092512900763,0.14903407291492016,0.19560722070083275,0.27943888671547534,0.3818998118444829,0.5029899960878556,0.6799679576743233,0.1,0.15,0.2,0.28,0.38,0.5,0.68,TRUE,FALSE,UGA_flucast,2026-05-20,INFLAenza
North Carolina,NC,1,wk inc rsv hosp,hosp,2026-05-23,2026-05-30,UGA_flucast-INFLAenza,7,11,15,23,33,46,67,7,10,20,20,30,50,70,0.06520240690027758,0.10246092512900763,0.13971944335773767,0.21423647981519775,0.30738277538702286,0.4284729596303955,0.6240801803312281,0.07,0.1,0.14,0.21,0.31,0.43,0.62,TRUE,FALSE,UGA_flucast,2026-05-20,INFLAenza
North Carolina,NC,2,wk inc rsv hosp,hosp,2026-05-23,2026-06-06,UGA_flucast-INFLAenza,4,7,11,17,27,40,58,4,7,10,20,30,40,60,0.03725851822873004,0.06520240690027758,0.10246092512900763,0.15834870247210267,0.2514949980439278,0.3725851822873004,0.5402485143165856,0.04,0.07,0.1,0.16,0.25,0.37,0.54,TRUE,FALSE,UGA_flucast,2026-05-20,INFLAenza
North Carolina,NC,0,wk inc rsv prop ed visits,prop_ed,2026-05-23,2026-05-23,UGA_flucast-INFLAenza,2.931754652710381e-4,4.1057116000103346e-4,5.668105996798869e-4,7.647129898100612e-4,0.0010096436135629949,0.0012644531715334474,0.0015797223481816551,2.9e-4,4.1e-4,5.7e-4,7.6e-4,0.001,0.0013,0.0016,NA,NA,NA,NA,NA,NA,NA,NA,NA,NA,NA,NA,NA,NA,TRUE,FALSE,UGA_flucast,2026-05-20,INFLAenza
North Carolina,NC,1,wk inc rsv prop ed visits,prop_ed,2026-05-23,2026-05-30,UGA_flucast-INFLAenza,2.0976030324126342e-4,3.295174574072463e-4,4.66405978464963e-4,6.683907835989612e-4,9.071513677492248e-4,0.0011746480973862515,0.0015720489270455954,2.1e-4,3.3e-4,4.7e-4,6.7e-4,9.1e-4,0.0012,0.0016,NA,NA,NA,NA,NA,NA,NA,NA,NA,NA,NA,NA,NA,NA,TRUE,FALSE,UGA_flucast,2026-05-20,INFLAenza
North Carolina,NC,2,wk inc rsv prop ed visits,prop_ed,2026-05-23,2026-06-06,UGA_flucast-INFLAenza,1.5755700702087418e-4,2.6716006535090574e-4,4.079027267796471e-4,6.02938057262592e-4,8.569517193535735e-4,0.0011378900978742577,0.0015398051648662005,1.6e-4,2.7e-4,4.1e-4,6e-4,8.6e-4,0.0011,0.0015,NA,NA,NA,NA,NA,NA,NA,NA,NA,NA,NA,NA,NA,NA,TRUE,FALSE,UGA_flucast,2026-05-20,INFLAenza
North Carolina,NC,0,wk inc rsv hosp,hosp,2026-05-23,2026-05-23,RSVHub-ensemble,12,19.5,26.75,32.75,41,53.5,73.5,10,20,30,30,40,50,70,0.11177555468619013,0.18163527636505897,0.24916634065463217,0.3050541179977272,0.3818998118444829,0.49833268130926434,0.6846252724529146,0.11,0.18,0.25,0.31,0.38,0.5,0.68,FALSE,TRUE,RSVHub,2026-05-20,Ensemble using RSVHub forecast submissions
North Carolina,NC,1,wk inc rsv hosp,hosp,2026-05-23,2026-05-30,RSVHub-ensemble,8.5,12.5,20,26.25,33.5,45,67.25,9,10,20,30,30,50,70,0.07917435123605134,0.11643286946478139,0.1862925911436502,0.24450902587604093,0.31204009016561407,0.419158330073213,0.6264088377205238,0.08,0.12,0.19,0.24,0.31,0.42,0.63,FALSE,TRUE,RSVHub,2026-05-20,Ensemble using RSVHub forecast submissions
North Carolina,NC,2,wk inc rsv hosp,hosp,2026-05-23,2026-06-06,RSVHub-ensemble,4,7,16,21.5,30,40,60.5,4,7,20,20,30,40,60,0.03725851822873004,0.06520240690027758,0.14903407291492016,0.200264535479424,0.27943888671547534,0.3725851822873004,0.5635350882095419,0.04,0.07,0.15,0.2,0.28,0.37,0.56,FALSE,TRUE,RSVHub,2026-05-20,Ensemble using RSVHub forecast submissions
North Carolina,NC,0,wk inc rsv prop ed visits,prop_ed,2026-05-23,2026-05-23,RSVHub-ensemble,4.2032563388730304e-4,5.229505553194304e-4,6.412291606756502e-4,7.927943643097071e-4,9.751384083455653e-4,0.0011648475550660067,0.0013852833186873627,4.2e-4,5.2e-4,6.4e-4,7.9e-4,9.8e-4,0.0012,0.0014,NA,NA,NA,NA,NA,NA,NA,NA,NA,NA,NA,NA,NA,NA,FALSE,TRUE,RSVHub,2026-05-20,Ensemble using RSVHub forecast submissions
North Carolina,NC,1,wk inc rsv prop ed visits,prop_ed,2026-05-23,2026-05-30,RSVHub-ensemble,2.8723498034149183e-4,3.9146138044538576e-4,5.084226890244774e-4,6.724483702512628e-4,8.736280842926239e-4,0.0010885541639330252,0.001405171398682773,2.9e-4,3.9e-4,5.1e-4,6.7e-4,8.7e-4,0.0011,0.0014,NA,NA,NA,NA,NA,NA,NA,NA,NA,NA,NA,NA,NA,NA,FALSE,TRUE,RSVHub,2026-05-20,Ensemble using RSVHub forecast submissions
North Dakota,ND,0,wk inc rsv hosp,hosp,2026-05-23,2026-05-23,CEPH-Rtrend_rsv,7,8,9,11,13,16,18,7,8,9,10,10,20,20,0.9012198654607486,1.0299655605265698,1.158711255592391,1.4162026457240335,1.673694035855676,2.0599311210531397,2.317422511184782,0.9,1.03,1.16,1.42,1.67,2.06,2.32,TRUE,FALSE,CEPH Lab at Indiana University,2026-05-20,Rtrend RSV
North Dakota,ND,1,wk inc rsv hosp,hosp,2026-05-23,2026-05-30,CEPH-Rtrend_rsv,5,6,8,10,13,15,19,5,6,8,10,10,20,20,0.6437284753291062,0.7724741703949275,1.0299655605265698,1.2874569506582123,1.673694035855676,1.9311854259873187,2.4461682062506034,0.64,0.77,1.03,1.29,1.67,1.93,2.45,TRUE,FALSE,CEPH Lab at Indiana University,2026-05-20,Rtrend RSV
North Dakota,ND,2,wk inc rsv hosp,hosp,2026-05-23,2026-06-06,CEPH-Rtrend_rsv,3,5,6,8,11,15,19,3,5,6,8,10,20,20,0.38623708519746375,0.6437284753291062,0.7724741703949275,1.0299655605265698,1.4162026457240335,1.9311854259873187,2.4461682062506034,0.39,0.64,0.77,1.03,1.42,1.93,2.45,TRUE,FALSE,CEPH Lab at Indiana University,2026-05-20,Rtrend RSV
North Dakota,ND,0,wk inc rsv prop ed visits,prop_ed,2026-05-23,2026-05-23,CFA_Pyrenew-Pyrenew_E_RSV,9.934959230004556e-4,0.00137345855239758,0.0018521273123978926,0.002447768838796972,0.003152822706924359,0.003932936331043005,0.004917553459927343,9.9e-4,0.0014,0.0019,0.0024,0.0032,0.0039,0.0049,NA,NA,NA,NA,NA,NA,NA,NA,NA,NA,NA,NA,NA,NA,TRUE,FALSE,Center for Forecasting and Outbreak Analytics (CFA/CDC) Pyrenew team,2026-05-20,Pyrenew_ED_Visits_RSV
North Dakota,ND,1,wk inc rsv prop ed visits,prop_ed,2026-05-23,2026-05-30,CFA_Pyrenew-Pyrenew_E_RSV,5.33256963252412e-4,0.001024766543938388,0.0015388574387765657,0.0022108535567244344,0.00313156232486287,0.00414511330134716,0.005667109913549464,5.3e-4,0.001,0.0015,0.0022,0.0031,0.0041,0.0057,NA,NA,NA,NA,NA,NA,NA,NA,NA,NA,NA,NA,NA,NA,TRUE,FALSE,Center for Forecasting and Outbreak Analytics (CFA/CDC) Pyrenew team,2026-05-20,Pyrenew_ED_Visits_RSV
North Dakota,ND,0,wk inc rsv hosp,hosp,2026-05-23,2026-05-23,CFA_Pyrenew-Pyrenew_HE_RSV,3,5,7,9,12,15,19,3,5,7,9,10,20,20,0.38623708519746375,0.6437284753291062,0.9012198654607486,1.158711255592391,1.544948340789855,1.9311854259873187,2.4461682062506034,0.39,0.64,0.9,1.16,1.54,1.93,2.45,TRUE,FALSE,Center for Forecasting and Outbreak Analytics (CFA/CDC) Pyrenew team,2026-05-20,Pyrenew_Hospital_Admissions_ED_Visits_RSV
North Dakota,ND,1,wk inc rsv hosp,hosp,2026-05-23,2026-05-30,CFA_Pyrenew-Pyrenew_HE_RSV,2,4,6,8,11,15,21,2,4,6,8,10,20,20,0.25749139013164246,0.5149827802632849,0.7724741703949275,1.0299655605265698,1.4162026457240335,1.9311854259873187,2.7036595963822463,0.26,0.51,0.77,1.03,1.42,1.93,2.7,TRUE,FALSE,Center for Forecasting and Outbreak Analytics (CFA/CDC) Pyrenew team,2026-05-20,Pyrenew_Hospital_Admissions_ED_Visits_RSV
North Dakota,ND,0,wk inc rsv prop ed visits,prop_ed,2026-05-23,2026-05-23,CFA_Pyrenew-Pyrenew_HE_RSV,0.0011677196102969783,0.0016194064685469238,0.0020982413773723246,0.0027431506186670245,0.0034217283276869914,0.00413477211080171,0.005093501529178363,0.0012,0.0016,0.0021,0.0027,0.0034,0.0041,0.0051,NA,NA,NA,NA,NA,NA,NA,NA,NA,NA,NA,NA,NA,NA,FALSE,FALSE,Center for Forecasting and Outbreak Analytics (CFA/CDC) Pyrenew team,2026-05-20,Pyrenew_Hospital_Admissions_ED_Visits_RSV
North Dakota,ND,1,wk inc rsv prop ed visits,prop_ed,2026-05-23,2026-05-30,CFA_Pyrenew-Pyrenew_HE_RSV,8.158445470701771e-4,0.0012061741202064637,0.0017615867638506827,0.002529320775351681,0.003555607765879134,0.004740960897608916,0.006597525572632693,8.2e-4,0.0012,0.0018,0.0025,0.0036,0.0047,0.0066,NA,NA,NA,NA,NA,NA,NA,NA,NA,NA,NA,NA,NA,NA,FALSE,FALSE,Center for Forecasting and Outbreak Analytics (CFA/CDC) Pyrenew team,2026-05-20,Pyrenew_Hospital_Admissions_ED_Visits_RSV
North Dakota,ND,0,wk inc rsv hosp,hosp,2026-05-23,2026-05-23,CFA_Pyrenew-Pyrenew_H_RSV,3,5,8,11,14,18,23,3,5,8,10,10,20,20,0.38623708519746375,0.6437284753291062,1.0299655605265698,1.4162026457240335,1.8024397309214972,2.317422511184782,2.9611509865138883,0.39,0.64,1.03,1.42,1.8,2.32,2.96,FALSE,FALSE,Center for Forecasting and Outbreak Analytics (CFA/CDC) Pyrenew team,2026-05-20,Pyrenew_Hospital_Admissions_RSV
North Dakota,ND,1,wk inc rsv hosp,hosp,2026-05-23,2026-05-30,CFA_Pyrenew-Pyrenew_H_RSV,2,4,6,9,14,19,27,2,4,6,9,10,20,30,0.25749139013164246,0.5149827802632849,0.7724741703949275,1.158711255592391,1.8024397309214972,2.4461682062506034,3.4761337667771737,0.26,0.51,0.77,1.16,1.8,2.45,3.48,FALSE,FALSE,Center for Forecasting and Outbreak Analytics (CFA/CDC) Pyrenew team,2026-05-20,Pyrenew_Hospital_Admissions_RSV
North Dakota,ND,0,wk inc rsv hosp,hosp,2026-05-23,2026-05-23,Google_SAI-RSVEns,2.5,4.5,6,9.5,12.5,16,19.5,3,5,6,10,10,20,20,0.3218642376645531,0.5793556277961955,0.7724741703949275,1.2230841031253017,1.6093211883227654,2.0599311210531397,2.510541053783514,0.32,0.58,0.77,1.22,1.61,2.06,2.51,TRUE,FALSE,Google Science AI,2026-05-20,RSVEnsemble
North Dakota,ND,1,wk inc rsv hosp,hosp,2026-05-23,2026-05-30,Google_SAI-RSVEns,2,3,5,7,9.5,11.5,17,2,3,5,7,10,10,20,0.25749139013164246,0.38623708519746375,0.6437284753291062,0.9012198654607486,1.2230841031253017,1.4805754932569442,2.188676816118961,0.26,0.39,0.64,0.9,1.22,1.48,2.19,TRUE,FALSE,Google Science AI,2026-05-20,RSVEnsemble
North Dakota,ND,2,wk inc rsv hosp,hosp,2026-05-23,2026-06-06,Google_SAI-RSVEns,1.5,2,4,6,8,10.5,14,2,2,4,6,8,10,10,0.19311854259873187,0.25749139013164246,0.5149827802632849,0.7724741703949275,1.0299655605265698,1.3518297981911231,1.8024397309214972,0.19,0.26,0.51,0.77,1.03,1.35,1.8,TRUE,FALSE,Google Science AI,2026-05-20,RSVEnsemble
North Dakota,ND,0,wk inc rsv hosp,hosp,2026-05-23,2026-05-23,RSVHub-baseline,2,9,12,14,16,19,26,2,9,10,10,20,20,30,0.25749139013164246,1.158711255592391,1.544948340789855,1.8024397309214972,2.0599311210531397,2.4461682062506034,3.347388071711352,0.26,1.16,1.54,1.8,2.06,2.45,3.35,FALSE,FALSE,RSVHub-hub-models,2026-05-20,RSVHub baseline model
North Dakota,ND,1,wk inc rsv hosp,hosp,2026-05-23,2026-05-30,RSVHub-baseline,0,6,11,14,17,22,29.05893408934084,0,6,10,10,20,20,30,0,0.7724741703949275,1.4162026457240335,1.8024397309214972,2.188676816118961,2.832405291448067,3.7412126672040737,0,0.77,1.42,1.8,2.19,2.83,3.74,FALSE,FALSE,RSVHub-hub-models,2026-05-20,RSVHub baseline model
North Dakota,ND,2,wk inc rsv hosp,hosp,2026-05-23,2026-06-06,RSVHub-baseline,0,4,9.404744047440476,14,18.505302553025533,24,32,0,4,9,10,20,20,30,0,0.5149827802632849,1.210820309303869,1.8024397309214972,2.3824780395925886,3.08989668157971,4.119862242106279,0,0.51,1.21,1.8,2.38,3.09,4.12,FALSE,FALSE,RSVHub-hub-models,2026-05-20,RSVHub baseline model
North Dakota,ND,0,wk inc rsv prop ed visits,prop_ed,2026-05-23,2026-05-23,RSVHub-baseline,0,0.0019000000000000002,0.0029000000000000002,0.0032,0.0035,0.0045000000000000005,0.007272499999999981,0,0.0019,0.0029,0.0032,0.0035,0.0045,0.0073,NA,NA,NA,NA,NA,NA,NA,NA,NA,NA,NA,NA,NA,NA,FALSE,FALSE,RSVHub-hub-models,2026-05-20,RSVHub baseline model
North Dakota,ND,1,wk inc rsv prop ed visits,prop_ed,2026-05-23,2026-05-30,RSVHub-baseline,0,0.0011000000000000012,0.0025,0.0032,0.0039000000000000003,0.0053,0.009194730372303722,0,0.0011,0.0025,0.0032,0.0039,0.0053,0.0092,NA,NA,NA,NA,NA,NA,NA,NA,NA,NA,NA,NA,NA,NA,FALSE,FALSE,RSVHub-hub-models,2026-05-20,RSVHub baseline model
North Dakota,ND,2,wk inc rsv prop ed visits,prop_ed,2026-05-23,2026-06-06,RSVHub-baseline,0,3.022558225582274e-4,0.0021000000000000003,0.0032,0.0043,0.006241570415704164,0.009886529540295402,0,3e-4,0.0021,0.0032,0.0043,0.0062,0.0099,NA,NA,NA,NA,NA,NA,NA,NA,NA,NA,NA,NA,NA,NA,FALSE,FALSE,RSVHub-hub-models,2026-05-20,RSVHub baseline model
North Dakota,ND,0,wk inc rsv hosp,hosp,2026-05-23,2026-05-23,UGA_flucast-INFLAenza,1,2,3,5,8,11,16,1,2,3,5,8,10,20,0.12874569506582123,0.25749139013164246,0.38623708519746375,0.6437284753291062,1.0299655605265698,1.4162026457240335,2.0599311210531397,0.13,0.26,0.39,0.64,1.03,1.42,2.06,TRUE,FALSE,UGA_flucast,2026-05-20,INFLAenza
North Dakota,ND,1,wk inc rsv hosp,hosp,2026-05-23,2026-05-30,UGA_flucast-INFLAenza,0,1,2,4,6,9,14,0,1,2,4,6,9,10,0,0.12874569506582123,0.25749139013164246,0.5149827802632849,0.7724741703949275,1.158711255592391,1.8024397309214972,0,0.13,0.26,0.51,0.77,1.16,1.8,TRUE,FALSE,UGA_flucast,2026-05-20,INFLAenza
North Dakota,ND,2,wk inc rsv hosp,hosp,2026-05-23,2026-06-06,UGA_flucast-INFLAenza,0,0,1,3,5,8,12,0,0,1,3,5,8,10,0,0,0.12874569506582123,0.38623708519746375,0.6437284753291062,1.0299655605265698,1.544948340789855,0,0,0.13,0.39,0.64,1.03,1.54,TRUE,FALSE,UGA_flucast,2026-05-20,INFLAenza
North Dakota,ND,0,wk inc rsv prop ed visits,prop_ed,2026-05-23,2026-05-23,UGA_flucast-INFLAenza,0.001148787293837373,0.0014547515878260001,0.0017875438158302726,0.0022235080423788113,0.0027273384604655357,0.0032709082869197747,0.003996195479538411,0.0011,0.0015,0.0018,0.0022,0.0027,0.0033,0.004,NA,NA,NA,NA,NA,NA,NA,NA,NA,NA,NA,NA,NA,NA,TRUE,FALSE,UGA_flucast,2026-05-20,INFLAenza
North Dakota,ND,1,wk inc rsv prop ed visits,prop_ed,2026-05-23,2026-05-30,UGA_flucast-INFLAenza,7.981124125619586e-4,0.0011075363725595228,0.0014256615209878008,0.0018626929057344033,0.0024124663826714018,0.0029956651806264754,0.0037898960792218514,8e-4,0.0011,0.0014,0.0019,0.0024,0.003,0.0038,NA,NA,NA,NA,NA,NA,NA,NA,NA,NA,NA,NA,NA,NA,TRUE,FALSE,UGA_flucast,2026-05-20,INFLAenza
North Dakota,ND,2,wk inc rsv prop ed visits,prop_ed,2026-05-23,2026-06-06,UGA_flucast-INFLAenza,6.042299046079913e-4,8.705814330875608e-4,0.0011826147916173557,0.0016019983025542949,0.0021483572894545316,0.0027763012945859027,0.003616371076712029,6e-4,8.7e-4,0.0012,0.0016,0.0021,0.0028,0.0036,NA,NA,NA,NA,NA,NA,NA,NA,NA,NA,NA,NA,NA,NA,TRUE,FALSE,UGA_flucast,2026-05-20,INFLAenza
North Dakota,ND,0,wk inc rsv hosp,hosp,2026-05-23,2026-05-23,RSVHub-ensemble,2.75,4.75,6.5,9.25,12.25,15.5,18.5,3,5,7,9,10,20,20,0.3540506614310084,0.6115420515626508,0.836847017927838,1.1908976793588464,1.5771347645563103,1.995558273520229,2.3817953587176928,0.35,0.61,0.84,1.19,1.58,2,2.38,FALSE,TRUE,RSVHub,2026-05-20,Ensemble using RSVHub forecast submissions
North Dakota,ND,1,wk inc rsv hosp,hosp,2026-05-23,2026-05-30,RSVHub-ensemble,2,3.5,5.5,7.5,10.25,13.25,18,2,4,6,8,10,10,20,0.25749139013164246,0.4506099327303743,0.7081013228620168,0.9655927129936593,1.3196433744246676,1.7058804596221315,2.317422511184782,0.26,0.45,0.71,0.97,1.32,1.71,2.32,FALSE,TRUE,RSVHub,2026-05-20,Ensemble using RSVHub forecast submissions
North Dakota,ND,2,wk inc rsv hosp,hosp,2026-05-23,2026-06-06,RSVHub-ensemble,1.5,2,4,6,8,10.5,14,2,2,4,6,8,10,10,0.19311854259873187,0.25749139013164246,0.5149827802632849,0.7724741703949275,1.0299655605265698,1.3518297981911231,1.8024397309214972,0.19,0.26,0.51,0.77,1.03,1.35,1.8,FALSE,TRUE,RSVHub,2026-05-20,Ensemble using RSVHub forecast submissions
North Dakota,ND,0,wk inc rsv prop ed visits,prop_ed,2026-05-23,2026-05-23,RSVHub-ensemble,0.0010711416084189143,0.0014141050701117902,0.0018198355641140826,0.002335638440587892,0.0029400805836949473,0.00360192230898139,0.004456874469732877,0.0011,0.0014,0.0018,0.0023,0.0029,0.0036,0.0045,NA,NA,NA,NA,NA,NA,NA,NA,NA,NA,NA,NA,NA,NA,FALSE,TRUE,RSVHub,2026-05-20,Ensemble using RSVHub forecast submissions
North Dakota,ND,1,wk inc rsv prop ed visits,prop_ed,2026-05-23,2026-05-30,RSVHub-ensemble,6.656846879071854e-4,0.0010661514582489553,0.0014822594798821831,0.002036773231229419,0.002772014353767136,0.0035703892409868175,0.004728502996385658,6.7e-4,0.0011,0.0015,0.002,0.0028,0.0036,0.0047,NA,NA,NA,NA,NA,NA,NA,NA,NA,NA,NA,NA,NA,NA,FALSE,TRUE,RSVHub,2026-05-20,Ensemble using RSVHub forecast submissions
Ohio,OH,0,wk inc rsv hosp,hosp,2026-05-23,2026-05-23,CEPH-Rtrend_rsv,11,16,24,34,47,62,78,10,20,20,30,50,60,80,0.09338327697369589,0.13583022105264855,0.20374533157897284,0.2886392197368782,0.39900127434215515,0.5263421065790131,0.6621723276316618,0.09,0.14,0.2,0.29,0.4,0.53,0.66,TRUE,FALSE,CEPH Lab at Indiana University,2026-05-20,Rtrend RSV
Ohio,OH,1,wk inc rsv hosp,hosp,2026-05-23,2026-05-30,CEPH-Rtrend_rsv,5,9,15,23,36,51,70,5,9,20,20,40,50,70,0.04244694407895267,0.07640449934211481,0.12734083223685802,0.1952559427631823,0.30561799736845924,0.43295882960531723,0.5942572171053374,0.04,0.08,0.13,0.2,0.31,0.43,0.59,TRUE,FALSE,CEPH Lab at Indiana University,2026-05-20,Rtrend RSV
Ohio,OH,2,wk inc rsv hosp,hosp,2026-05-23,2026-06-06,CEPH-Rtrend_rsv,1,5,8,16,27,42,62,1,5,8,20,30,40,60,0.008489388815790535,0.04244694407895267,0.06791511052632428,0.13583022105264855,0.22921349802634444,0.3565543302632025,0.5263421065790131,0.01,0.04,0.07,0.14,0.23,0.36,0.53,TRUE,FALSE,CEPH Lab at Indiana University,2026-05-20,Rtrend RSV
Ohio,OH,0,wk inc rsv prop ed visits,prop_ed,2026-05-23,2026-05-23,CFA_Pyrenew-Pyrenew_E_RSV,2.0341221274760188e-4,2.492597837637517e-4,2.9426120938444146e-4,3.508683848967591e-4,4.165924095227209e-4,4.800934028889067e-4,5.652828135237376e-4,2e-4,2.5e-4,2.9e-4,3.5e-4,4.2e-4,4.8e-4,5.7e-4,NA,NA,NA,NA,NA,NA,NA,NA,NA,NA,NA,NA,NA,NA,TRUE,FALSE,Center for Forecasting and Outbreak Analytics (CFA/CDC) Pyrenew team,2026-05-20,Pyrenew_ED_Visits_RSV
Ohio,OH,1,wk inc rsv prop ed visits,prop_ed,2026-05-23,2026-05-30,CFA_Pyrenew-Pyrenew_E_RSV,1.188869838878045e-4,1.6394867122520608e-4,2.0625473191175368e-4,2.6450562332794737e-4,3.4532418614122525e-4,4.254056595350301e-4,5.55498748406534e-4,1.2e-4,1.6e-4,2.1e-4,2.6e-4,3.5e-4,4.3e-4,5.6e-4,NA,NA,NA,NA,NA,NA,NA,NA,NA,NA,NA,NA,NA,NA,TRUE,FALSE,Center for Forecasting and Outbreak Analytics (CFA/CDC) Pyrenew team,2026-05-20,Pyrenew_ED_Visits_RSV
Ohio,OH,0,wk inc rsv hosp,hosp,2026-05-23,2026-05-23,CFA_Pyrenew-Pyrenew_H_RSV,15.975000000000001,22,30,40,54,73,98.02499999999986,20,20,30,40,50,70,100,0.1356179863322538,0.18676655394739178,0.25468166447371604,0.33957555263162137,0.4584269960526889,0.619725383552709,0.832172338667866,0.14,0.19,0.25,0.34,0.46,0.62,0.83,FALSE,FALSE,Center for Forecasting and Outbreak Analytics (CFA/CDC) Pyrenew team,2026-05-20,Pyrenew_Hospital_Admissions_RSV
Ohio,OH,1,wk inc rsv hosp,hosp,2026-05-23,2026-05-30,CFA_Pyrenew-Pyrenew_H_RSV,8,14,20,32,47,72,117.04999999999973,8,10,20,30,50,70,120,0.06791511052632428,0.11885144342106749,0.16978777631581068,0.2716604421052971,0.39900127434215515,0.6112359947369185,0.9936829608882798,0.07,0.12,0.17,0.27,0.4,0.61,0.99,FALSE,FALSE,Center for Forecasting and Outbreak Analytics (CFA/CDC) Pyrenew team,2026-05-20,Pyrenew_Hospital_Admissions_RSV
Ohio,OH,0,wk inc rsv hosp,hosp,2026-05-23,2026-05-23,Google_SAI-RSVEns,22.5,28.5,31,36,46,60.5,99,20,30,30,40,50,60,100,0.19101124835528704,0.24194758125003024,0.2631710532895066,0.30561799736845924,0.3905118855263646,0.5136080233553274,0.8404494927632629,0.19,0.24,0.26,0.31,0.39,0.51,0.84,TRUE,FALSE,Google Science AI,2026-05-20,RSVEnsemble
Ohio,OH,1,wk inc rsv hosp,hosp,2026-05-23,2026-05-30,Google_SAI-RSVEns,17.5,23,27,29.5,36.5,50,85.5,20,20,30,30,40,50,90,0.14856430427633435,0.1952559427631823,0.22921349802634444,0.2504369700658208,0.3098626917763545,0.4244694407895267,0.7258427437500907,0.15,0.2,0.23,0.25,0.31,0.42,0.73,TRUE,FALSE,Google Science AI,2026-05-20,RSVEnsemble
Ohio,OH,2,wk inc rsv hosp,hosp,2026-05-23,2026-06-06,Google_SAI-RSVEns,12,16.5,17.5,24.5,31,40,66,10,20,20,20,30,40,70,0.10187266578948642,0.14007491546054382,0.14856430427633435,0.20799002598686808,0.2631710532895066,0.33957555263162137,0.5602996618421753,0.1,0.14,0.15,0.21,0.26,0.34,0.56,TRUE,FALSE,Google Science AI,2026-05-20,RSVEnsemble
Ohio,OH,0,wk inc rsv hosp,hosp,2026-05-23,2026-05-23,RSVHub-baseline,0,0,30.499999999999993,44,57.49999999999999,97.90000000000006,167.7499999999997,0,0,30,40,60,100,170,0,0,0.25892635888161125,0.37353310789478356,0.48813985690795575,0.8311111650658939,1.4240949738488595,0,0,0.26,0.37,0.49,0.83,1.42,FALSE,FALSE,RSVHub-hub-models,2026-05-20,RSVHub baseline model
Ohio,OH,1,wk inc rsv hosp,hosp,2026-05-23,2026-05-30,RSVHub-baseline,0,0,13.732327323273239,44,78.43580685806859,128.80471804718078,229.84912274122752,0,0,10,40,80,130,230,0,0,0.11657906599297062,0.37353310789478356,0.665872061498394,1.0934733328107897,1.951278571918643,0,0,0.12,0.37,0.67,1.09,1.95,FALSE,FALSE,RSVHub-hub-models,2026-05-20,RSVHub baseline model
Ohio,OH,2,wk inc rsv hosp,hosp,2026-05-23,2026-06-06,RSVHub-baseline,0,0,1.539172891728942,44,91.17540675406752,153.13495734957363,247.45703532035276,0,0,2,40,90,150,250,0,0,0.013066637132611657,0.37353310789478356,0.7740234783731337,1.300022194230031,2.100758988037286,0,0,0.01,0.37,0.77,1.3,2.1,FALSE,FALSE,RSVHub-hub-models,2026-05-20,RSVHub baseline model
Ohio,OH,0,wk inc rsv prop ed visits,prop_ed,2026-05-23,2026-05-23,RSVHub-baseline,0,0,3.9999999999999996e-4,5e-4,6.000000000000001e-4,0.0012000000000000001,0.002414999999999988,0,0,4e-4,5e-4,6e-4,0.0012,0.0024,NA,NA,NA,NA,NA,NA,NA,NA,NA,NA,NA,NA,NA,NA,FALSE,FALSE,RSVHub-hub-models,2026-05-20,RSVHub baseline model
Ohio,OH,1,wk inc rsv prop ed visits,prop_ed,2026-05-23,2026-05-30,RSVHub-baseline,0,0,1.0000000000000037e-4,5e-4,9.000000000000002e-4,0.0016904826048260526,0.0029655020800208013,0,0,1e-4,5e-4,9e-4,0.0017,0.003,NA,NA,NA,NA,NA,NA,NA,NA,NA,NA,NA,NA,NA,NA,FALSE,FALSE,RSVHub-hub-models,2026-05-20,RSVHub baseline model
Ohio,OH,2,wk inc rsv prop ed visits,prop_ed,2026-05-23,2026-06-06,RSVHub-baseline,0,0,0,5e-4,0.0011000000000000003,0.0021000000000000003,0.003377946104461043,0,0,0,5e-4,0.0011,0.0021,0.0034,NA,NA,NA,NA,NA,NA,NA,NA,NA,NA,NA,NA,NA,NA,FALSE,FALSE,RSVHub-hub-models,2026-05-20,RSVHub baseline model
Ohio,OH,0,wk inc rsv hosp,hosp,2026-05-23,2026-05-23,UGA_flucast-INFLAenza,14,21,28,39,53,70,94,10,20,30,40,50,70,90,0.11885144342106749,0.17827716513160125,0.23770288684213497,0.3310861638158309,0.44993760723689835,0.5942572171053374,0.7980025486843103,0.12,0.18,0.24,0.33,0.45,0.59,0.8,TRUE,FALSE,UGA_flucast,2026-05-20,INFLAenza
Ohio,OH,1,wk inc rsv hosp,hosp,2026-05-23,2026-05-30,UGA_flucast-INFLAenza,9,14,20,29,43,58,84,9,10,20,30,40,60,80,0.07640449934211481,0.11885144342106749,0.16978777631581068,0.2461922756579255,0.365043719078993,0.492384551315851,0.713108660526405,0.08,0.12,0.17,0.25,0.37,0.49,0.71,TRUE,FALSE,UGA_flucast,2026-05-20,INFLAenza
Ohio,OH,2,wk inc rsv hosp,hosp,2026-05-23,2026-06-06,UGA_flucast-INFLAenza,6,10,14,22,34,50,77,6,10,10,20,30,50,80,0.05093633289474321,0.08489388815790534,0.11885144342106749,0.18676655394739178,0.2886392197368782,0.4244694407895267,0.6536829388158713,0.05,0.08,0.12,0.19,0.29,0.42,0.65,TRUE,FALSE,UGA_flucast,2026-05-20,INFLAenza
Ohio,OH,0,wk inc rsv prop ed visits,prop_ed,2026-05-23,2026-05-23,UGA_flucast-INFLAenza,1.2232448001372296e-4,2.0234445452329628e-4,0.00030134985465329103,4.4166376597033904e-4,6.08279216676792e-4,7.950991438434013e-4,0.0010285765684836965,1.2e-4,2e-4,3e-4,4.4e-4,6.1e-4,8e-4,0.001,NA,NA,NA,NA,NA,NA,NA,NA,NA,NA,NA,NA,NA,NA,TRUE,FALSE,UGA_flucast,2026-05-20,INFLAenza
Ohio,OH,1,wk inc rsv prop ed visits,prop_ed,2026-05-23,2026-05-30,UGA_flucast-INFLAenza,9.517647983302592e-5,1.690704341861707e-4,2.5124483444744796e-4,3.8320800554371654e-4,5.540369558067926e-4,7.41760801986317e-4,0.0010037136728926323,9.5e-5,1.7e-4,2.5e-4,3.8e-4,5.5e-4,7.4e-4,0.001,NA,NA,NA,NA,NA,NA,NA,NA,NA,NA,NA,NA,NA,NA,TRUE,FALSE,UGA_flucast,2026-05-20,INFLAenza
Ohio,OH,2,wk inc rsv prop ed visits,prop_ed,2026-05-23,2026-06-06,UGA_flucast-INFLAenza,5.998400015713833e-5,1.2723454466382844e-4,2.1450438278193545e-4,3.4675430990944284e-4,5.07302702066298e-4,7.097638592518459e-4,9.739134417993845e-4,6e-5,1.3e-4,2.1e-4,3.5e-4,5.1e-4,7.1e-4,9.7e-4,NA,NA,NA,NA,NA,NA,NA,NA,NA,NA,NA,NA,NA,NA,TRUE,FALSE,UGA_flucast,2026-05-20,INFLAenza
Ohio,OH,0,wk inc rsv hosp,hosp,2026-05-23,2026-05-23,RSVHub-ensemble,14,21,28,36,47,62,94,10,20,30,40,50,60,90,0.11885144342106749,0.17827716513160125,0.23770288684213497,0.30561799736845924,0.39900127434215515,0.5263421065790131,0.7980025486843103,0.12,0.18,0.24,0.31,0.4,0.53,0.8,FALSE,TRUE,RSVHub,2026-05-20,Ensemble using RSVHub forecast submissions
Ohio,OH,1,wk inc rsv hosp,hosp,2026-05-23,2026-05-30,RSVHub-ensemble,9,14,20,29,36.5,51,84,9,10,20,30,40,50,80,0.07640449934211481,0.11885144342106749,0.16978777631581068,0.2461922756579255,0.3098626917763545,0.43295882960531723,0.713108660526405,0.08,0.12,0.17,0.25,0.31,0.43,0.71,FALSE,TRUE,RSVHub,2026-05-20,Ensemble using RSVHub forecast submissions
Ohio,OH,2,wk inc rsv hosp,hosp,2026-05-23,2026-06-06,RSVHub-ensemble,6,10,14,22,31,42,66,6,10,10,20,30,40,70,0.05093633289474321,0.08489388815790534,0.11885144342106749,0.18676655394739178,0.2631710532895066,0.3565543302632025,0.5602996618421753,0.05,0.08,0.12,0.19,0.26,0.36,0.56,FALSE,TRUE,RSVHub,2026-05-20,Ensemble using RSVHub forecast submissions
Ohio,OH,0,wk inc rsv prop ed visits,prop_ed,2026-05-23,2026-05-23,RSVHub-ensemble,1.6286834638066242e-4,2.2580211914352398e-4,2.9780553201886624e-4,3.962660754335491e-4,5.124358130997565e-4,6.37596273366154e-4,7.969296910037171e-4,1.6e-4,2.3e-4,3e-4,4e-4,5.1e-4,6.4e-4,8e-4,NA,NA,NA,NA,NA,NA,NA,NA,NA,NA,NA,NA,NA,NA,FALSE,TRUE,RSVHub,2026-05-20,Ensemble using RSVHub forecast submissions
Ohio,OH,1,wk inc rsv prop ed visits,prop_ed,2026-05-23,2026-05-30,RSVHub-ensemble,1.070317318604152e-4,1.665095527056884e-4,2.287497831796008e-4,3.2385681443583195e-4,4.496805709740089e-4,5.835832307606735e-4,7.796062106495831e-4,1.1e-4,1.7e-4,2.3e-4,3.2e-4,4.5e-4,5.8e-4,7.8e-4,NA,NA,NA,NA,NA,NA,NA,NA,NA,NA,NA,NA,NA,NA,FALSE,TRUE,RSVHub,2026-05-20,Ensemble using RSVHub forecast submissions
Oklahoma,OK,0,wk inc rsv hosp,hosp,2026-05-23,2026-05-23,CEPH-Rtrend_rsv,4,5,7,10,13,17,22,4,5,7,10,10,20,20,0.09912057745666014,0.12390072182082518,0.17346101054915525,0.24780144364165035,0.32214187673414546,0.4212624541908056,0.5451631760116308,0.1,0.12,0.17,0.25,0.32,0.42,0.55,TRUE,FALSE,CEPH Lab at Indiana University,2026-05-20,Rtrend RSV
Oklahoma,OK,1,wk inc rsv hosp,hosp,2026-05-23,2026-05-30,CEPH-Rtrend_rsv,3,4,6,10,15,21,30,3,4,6,10,20,20,30,0.0743404330924951,0.09912057745666014,0.1486808661849902,0.24780144364165035,0.37170216546247553,0.5203830316474658,0.7434043309249511,0.07,0.1,0.15,0.25,0.37,0.52,0.74,TRUE,FALSE,CEPH Lab at Indiana University,2026-05-20,Rtrend RSV
Oklahoma,OK,2,wk inc rsv hosp,hosp,2026-05-23,2026-06-06,CEPH-Rtrend_rsv,2,3,5,9,15,24,37,2,3,5,9,20,20,40,0.04956028872833007,0.0743404330924951,0.12390072182082518,0.22302129927748535,0.37170216546247553,0.5947234647399608,0.9168653414741064,0.05,0.07,0.12,0.22,0.37,0.59,0.92,TRUE,FALSE,CEPH Lab at Indiana University,2026-05-20,Rtrend RSV
Oklahoma,OK,0,wk inc rsv prop ed visits,prop_ed,2026-05-23,2026-05-23,CFA_Pyrenew-Pyrenew_E_RSV,2.093046627136422e-4,3.5281696559395033e-4,4.919616086368275e-4,6.51633512429028e-4,8.709924774067799e-4,0.001102232163855447,0.0013772529293859487,2.1e-4,3.5e-4,4.9e-4,6.5e-4,8.7e-4,0.0011,0.0014,NA,NA,NA,NA,NA,NA,NA,NA,NA,NA,NA,NA,NA,NA,TRUE,FALSE,Center for Forecasting and Outbreak Analytics (CFA/CDC) Pyrenew team,2026-05-20,Pyrenew_ED_Visits_RSV
Oklahoma,OK,1,wk inc rsv prop ed visits,prop_ed,2026-05-23,2026-05-30,CFA_Pyrenew-Pyrenew_E_RSV,7.50952808725722e-5,2.0987092586975832e-4,3.385585090972974e-4,4.890610817249797e-4,7.149781368976269e-4,9.451633490042004e-4,0.0012591941570402367,7.5e-5,2.1e-4,3.4e-4,4.9e-4,7.1e-4,9.5e-4,0.0013,NA,NA,NA,NA,NA,NA,NA,NA,NA,NA,NA,NA,NA,NA,TRUE,FALSE,Center for Forecasting and Outbreak Analytics (CFA/CDC) Pyrenew team,2026-05-20,Pyrenew_ED_Visits_RSV
Oklahoma,OK,0,wk inc rsv hosp,hosp,2026-05-23,2026-05-23,CFA_Pyrenew-Pyrenew_H_RSV,1,3,5,7,10,14,21,1,3,5,7,10,10,20,0.024780144364165035,0.0743404330924951,0.12390072182082518,0.17346101054915525,0.24780144364165035,0.3469220210983105,0.5203830316474658,0.02,0.07,0.12,0.17,0.25,0.35,0.52,FALSE,FALSE,Center for Forecasting and Outbreak Analytics (CFA/CDC) Pyrenew team,2026-05-20,Pyrenew_Hospital_Admissions_RSV
Oklahoma,OK,1,wk inc rsv hosp,hosp,2026-05-23,2026-05-30,CFA_Pyrenew-Pyrenew_H_RSV,0,2,3,6,10,16,28,0,2,3,6,10,20,30,0,0.04956028872833007,0.0743404330924951,0.1486808661849902,0.24780144364165035,0.39648230982664057,0.693844042196621,0,0.05,0.07,0.15,0.25,0.4,0.69,FALSE,FALSE,Center for Forecasting and Outbreak Analytics (CFA/CDC) Pyrenew team,2026-05-20,Pyrenew_Hospital_Admissions_RSV
Oklahoma,OK,0,wk inc rsv hosp,hosp,2026-05-23,2026-05-23,Google_SAI-RSVEns,1.5,3,5,7,8.5,14,22,2,3,5,7,9,10,20,0.03717021654624755,0.0743404330924951,0.12390072182082518,0.17346101054915525,0.2106312270954028,0.3469220210983105,0.5451631760116308,0.04,0.07,0.12,0.17,0.21,0.35,0.55,TRUE,FALSE,Google Science AI,2026-05-20,RSVEnsemble
Oklahoma,OK,1,wk inc rsv hosp,hosp,2026-05-23,2026-05-30,Google_SAI-RSVEns,1.5,2,4,5.5,6,8.5,12,2,2,4,6,6,9,10,0.03717021654624755,0.04956028872833007,0.09912057745666014,0.1362907940029077,0.1486808661849902,0.2106312270954028,0.2973617323699804,0.04,0.05,0.1,0.14,0.15,0.21,0.3,TRUE,FALSE,Google Science AI,2026-05-20,RSVEnsemble
Oklahoma,OK,2,wk inc rsv hosp,hosp,2026-05-23,2026-06-06,Google_SAI-RSVEns,0.5,2,3.5,4.5,6,9,12.5,1,2,4,5,6,9,10,0.012390072182082518,0.04956028872833007,0.08673050527457762,0.11151064963874267,0.1486808661849902,0.22302129927748535,0.30975180455206297,0.01,0.05,0.09,0.11,0.15,0.22,0.31,TRUE,FALSE,Google Science AI,2026-05-20,RSVEnsemble
Oklahoma,OK,0,wk inc rsv hosp,hosp,2026-05-23,2026-05-23,RSVHub-baseline,0,0,3.2499999999999964,9,14.749999999999996,26,41.37499999999997,0,0,3,9,10,30,40,0,0,0.08053546918353628,0.22302129927748535,0.3655071293714342,0.6442837534682909,1.0252784730673277,0,0,0.08,0.22,0.37,0.64,1.03,FALSE,FALSE,RSVHub-hub-models,2026-05-20,RSVHub baseline model
Oklahoma,OK,1,wk inc rsv hosp,hosp,2026-05-23,2026-05-30,RSVHub-baseline,0,0,0.7617326173261638,9,20.23044480444803,34.76173261732616,52.92735302353015,0,0,1,9,20,30,50,0,0,0.018875844224235622,0.22302129927748535,0.5013133428054947,0.8614007526058468,1.311547448736204,0,0,0.02,0.22,0.5,0.86,1.31,FALSE,FALSE,RSVHub-hub-models,2026-05-20,RSVHub baseline model
Oklahoma,OK,2,wk inc rsv hosp,hosp,2026-05-23,2026-06-06,RSVHub-baseline,0,0,0,9,24,40.172765727657286,59.9905229052289,0,0,0,9,20,40,60,0,0,0,0.22302129927748535,0.5947234647399608,0.995486934239129,1.4865738180733215,0,0,0,0.22,0.59,1,1.49,FALSE,FALSE,RSVHub-hub-models,2026-05-20,RSVHub baseline model
Oklahoma,OK,0,wk inc rsv prop ed visits,prop_ed,2026-05-23,2026-05-23,RSVHub-baseline,0,0,5e-4,8e-4,0.0011,0.0021000000000000003,0.003399999999999999,0,0,5e-4,8e-4,0.0011,0.0021,0.0034,NA,NA,NA,NA,NA,NA,NA,NA,NA,NA,NA,NA,NA,NA,FALSE,FALSE,RSVHub-hub-models,2026-05-20,RSVHub baseline model
Oklahoma,OK,1,wk inc rsv prop ed visits,prop_ed,2026-05-23,2026-05-30,RSVHub-baseline,0,0,2.000000000000001e-4,8e-4,0.001506137311373113,0.0028,0.004567359223592221,0,0,2e-4,8e-4,0.0015,0.0028,0.0046,NA,NA,NA,NA,NA,NA,NA,NA,NA,NA,NA,NA,NA,NA,FALSE,FALSE,RSVHub-hub-models,2026-05-20,RSVHub baseline model
Oklahoma,OK,2,wk inc rsv prop ed visits,prop_ed,2026-05-23,2026-06-06,RSVHub-baseline,0,0,0,7.999999999999999e-4,0.0018836808368083682,0.003269364193641937,0.005115925359253589,0,0,0,8e-4,0.0019,0.0033,0.0051,NA,NA,NA,NA,NA,NA,NA,NA,NA,NA,NA,NA,NA,NA,FALSE,FALSE,RSVHub-hub-models,2026-05-20,RSVHub baseline model
Oklahoma,OK,0,wk inc rsv hosp,hosp,2026-05-23,2026-05-23,UGA_flucast-INFLAenza,1,2,3,5,8,11,16,1,2,3,5,8,10,20,0.024780144364165035,0.04956028872833007,0.0743404330924951,0.12390072182082518,0.19824115491332028,0.2725815880058154,0.39648230982664057,0.02,0.05,0.07,0.12,0.2,0.27,0.4,TRUE,FALSE,UGA_flucast,2026-05-20,INFLAenza
Oklahoma,OK,1,wk inc rsv hosp,hosp,2026-05-23,2026-05-30,UGA_flucast-INFLAenza,0,1,2,4,7,10,14,0,1,2,4,7,10,10,0,0.024780144364165035,0.04956028872833007,0.09912057745666014,0.17346101054915525,0.24780144364165035,0.3469220210983105,0,0.02,0.05,0.1,0.17,0.25,0.35,TRUE,FALSE,UGA_flucast,2026-05-20,INFLAenza
Oklahoma,OK,2,wk inc rsv hosp,hosp,2026-05-23,2026-06-06,UGA_flucast-INFLAenza,0,1,2,3,5,8,13,0,1,2,3,5,8,10,0,0.024780144364165035,0.04956028872833007,0.0743404330924951,0.12390072182082518,0.19824115491332028,0.32214187673414546,0,0.02,0.05,0.07,0.12,0.2,0.32,TRUE,FALSE,UGA_flucast,2026-05-20,INFLAenza
Oklahoma,OK,0,wk inc rsv prop ed visits,prop_ed,2026-05-23,2026-05-23,UGA_flucast-INFLAenza,2.55800106460423e-4,3.6987581060502183e-4,4.979469674447619e-4,6.775749775243759e-4,8.980500763382822e-4,0.0011562881637362042,0.0014674951058702825,2.6e-4,3.7e-4,5e-4,6.8e-4,9e-4,0.0012,0.0015,NA,NA,NA,NA,NA,NA,NA,NA,NA,NA,NA,NA,NA,NA,TRUE,FALSE,UGA_flucast,2026-05-20,INFLAenza
Oklahoma,OK,1,wk inc rsv prop ed visits,prop_ed,2026-05-23,2026-05-30,UGA_flucast-INFLAenza,1.8686417112473324e-4,2.926915936315189e-4,4.199519907927281e-4,5.99019985853564e-4,8.206428063751009e-4,0.0010673648965088117,0.0013895136959199206,1.9e-4,2.9e-4,4.2e-4,6e-4,8.2e-4,0.0011,0.0014,NA,NA,NA,NA,NA,NA,NA,NA,NA,NA,NA,NA,NA,NA,TRUE,FALSE,UGA_flucast,2026-05-20,INFLAenza
Oklahoma,OK,2,wk inc rsv prop ed visits,prop_ed,2026-05-23,2026-06-06,UGA_flucast-INFLAenza,1.3269751053234237e-4,2.3681597447660783e-4,3.592207910637116e-4,5.392007177614192e-4,7.674555499580087e-4,0.0010059330867565558,0.0013899970672747908,1.3e-4,2.4e-4,3.6e-4,5.4e-4,7.7e-4,0.001,0.0014,NA,NA,NA,NA,NA,NA,NA,NA,NA,NA,NA,NA,NA,NA,TRUE,FALSE,UGA_flucast,2026-05-20,INFLAenza
Oklahoma,OK,0,wk inc rsv hosp,hosp,2026-05-23,2026-05-23,RSVHub-ensemble,1.5,3,5,7,8.5,14,22,2,3,5,7,9,10,20,0.03717021654624755,0.0743404330924951,0.12390072182082518,0.17346101054915525,0.2106312270954028,0.3469220210983105,0.5451631760116308,0.04,0.07,0.12,0.17,0.21,0.35,0.55,FALSE,TRUE,RSVHub,2026-05-20,Ensemble using RSVHub forecast submissions
Oklahoma,OK,1,wk inc rsv hosp,hosp,2026-05-23,2026-05-30,RSVHub-ensemble,1.5,2,4,5.5,7,10,14,2,2,4,6,7,10,10,0.03717021654624755,0.04956028872833007,0.09912057745666014,0.1362907940029077,0.17346101054915525,0.24780144364165035,0.3469220210983105,0.04,0.05,0.1,0.14,0.17,0.25,0.35,FALSE,TRUE,RSVHub,2026-05-20,Ensemble using RSVHub forecast submissions
Oklahoma,OK,2,wk inc rsv hosp,hosp,2026-05-23,2026-06-06,RSVHub-ensemble,0.5,2,3.5,4.5,6,9,13,1,2,4,5,6,9,10,0.012390072182082518,0.04956028872833007,0.08673050527457762,0.11151064963874267,0.1486808661849902,0.22302129927748535,0.32214187673414546,0.01,0.05,0.09,0.11,0.15,0.22,0.32,FALSE,TRUE,RSVHub,2026-05-20,Ensemble using RSVHub forecast submissions
Oklahoma,OK,0,wk inc rsv prop ed visits,prop_ed,2026-05-23,2026-05-23,RSVHub-ensemble,2.325523845870326e-4,3.6134638809948605e-4,4.949542880407947e-4,6.64604244976702e-4,8.845212768725311e-4,0.0011292601637958256,0.0014223740176281157,2.3e-4,3.6e-4,4.9e-4,6.6e-4,8.8e-4,0.0011,0.0014,NA,NA,NA,NA,NA,NA,NA,NA,NA,NA,NA,NA,NA,NA,FALSE,TRUE,RSVHub,2026-05-20,Ensemble using RSVHub forecast submissions
Oklahoma,OK,1,wk inc rsv prop ed visits,prop_ed,2026-05-23,2026-05-30,RSVHub-ensemble,1.3097972599865272e-4,2.5128125975063865e-4,3.792552499450127e-4,5.440405337892719e-4,7.678104716363639e-4,0.0010062641227565061,0.0013243539264800788,1.3e-4,2.5e-4,3.8e-4,5.4e-4,7.7e-4,0.001,0.0013,NA,NA,NA,NA,NA,NA,NA,NA,NA,NA,NA,NA,NA,NA,FALSE,TRUE,RSVHub,2026-05-20,Ensemble using RSVHub forecast submissions
Oregon,OR,0,wk inc rsv hosp,hosp,2026-05-23,2026-05-23,CEPH-Rtrend_rsv,3,4,5,7,10,13,16,3,4,5,7,10,10,20,0.07088949060938733,0.09451932081251643,0.11814915101564553,0.16540881142190378,0.23629830203129107,0.3071877926406784,0.37807728325006573,0.07,0.09,0.12,0.17,0.24,0.31,0.38,TRUE,FALSE,CEPH Lab at Indiana University,2026-05-20,Rtrend RSV
Oregon,OR,1,wk inc rsv hosp,hosp,2026-05-23,2026-05-30,CEPH-Rtrend_rsv,1,2,3,5,8,11,15,1,2,3,5,8,10,20,0.023629830203129108,0.047259660406258217,0.07088949060938733,0.11814915101564553,0.18903864162503287,0.2599281322344202,0.35444745304693664,0.02,0.05,0.07,0.12,0.19,0.26,0.35,TRUE,FALSE,CEPH Lab at Indiana University,2026-05-20,Rtrend RSV
Oregon,OR,2,wk inc rsv hosp,hosp,2026-05-23,2026-06-06,CEPH-Rtrend_rsv,0,1,2,4,6,9,14,0,1,2,4,6,9,10,0,0.023629830203129108,0.047259660406258217,0.09451932081251643,0.14177898121877466,0.212668471828162,0.33081762284380756,0,0.02,0.05,0.09,0.14,0.21,0.33,TRUE,FALSE,CEPH Lab at Indiana University,2026-05-20,Rtrend RSV
Oregon,OR,0,wk inc rsv prop ed visits,prop_ed,2026-05-23,2026-05-23,CFA_Pyrenew-Pyrenew_E_RSV,2.2798409934104408e-4,3.158480849587195e-4,4.023704905636922e-4,5.163924427268474e-4,6.361893758672731e-4,7.579548548892954e-4,8.957185696649404e-4,2.3e-4,3.2e-4,4e-4,5.2e-4,6.4e-4,7.6e-4,9e-4,NA,NA,NA,NA,NA,NA,NA,NA,NA,NA,NA,NA,NA,NA,TRUE,FALSE,Center for Forecasting and Outbreak Analytics (CFA/CDC) Pyrenew team,2026-05-20,Pyrenew_ED_Visits_RSV
Oregon,OR,1,wk inc rsv prop ed visits,prop_ed,2026-05-23,2026-05-30,CFA_Pyrenew-Pyrenew_E_RSV,8.731488028146038e-5,1.6873073232556932e-4,2.486665170378021e-4,3.427259068580238e-4,4.7293540252960764e-4,5.98661124091562e-4,7.928333534054578e-4,8.7e-5,1.7e-4,2.5e-4,3.4e-4,4.7e-4,6e-4,7.9e-4,NA,NA,NA,NA,NA,NA,NA,NA,NA,NA,NA,NA,NA,NA,TRUE,FALSE,Center for Forecasting and Outbreak Analytics (CFA/CDC) Pyrenew team,2026-05-20,Pyrenew_ED_Visits_RSV
Oregon,OR,0,wk inc rsv hosp,hosp,2026-05-23,2026-05-23,CFA_Pyrenew-Pyrenew_H_RSV,2,4,5,8,11,15,20,2,4,5,8,10,20,20,0.047259660406258217,0.09451932081251643,0.11814915101564553,0.18903864162503287,0.2599281322344202,0.35444745304693664,0.47259660406258214,0.05,0.09,0.12,0.19,0.26,0.35,0.47,FALSE,FALSE,Center for Forecasting and Outbreak Analytics (CFA/CDC) Pyrenew team,2026-05-20,Pyrenew_Hospital_Admissions_RSV
Oregon,OR,1,wk inc rsv hosp,hosp,2026-05-23,2026-05-30,CFA_Pyrenew-Pyrenew_H_RSV,1,2,3,6,9,13,19,1,2,3,6,9,10,20,0.023629830203129108,0.047259660406258217,0.07088949060938733,0.14177898121877466,0.212668471828162,0.3071877926406784,0.4489667738594531,0.02,0.05,0.07,0.14,0.21,0.31,0.45,FALSE,FALSE,Center for Forecasting and Outbreak Analytics (CFA/CDC) Pyrenew team,2026-05-20,Pyrenew_Hospital_Admissions_RSV
Oregon,OR,0,wk inc rsv hosp,hosp,2026-05-23,2026-05-23,Google_SAI-RSVEns,2.5,3.5,6,7.5,11,15,26,3,4,6,8,10,20,30,0.05907457550782277,0.08270440571095189,0.14177898121877466,0.17722372652346832,0.2599281322344202,0.35444745304693664,0.6143755852813568,0.06,0.08,0.14,0.18,0.26,0.35,0.61,TRUE,FALSE,Google Science AI,2026-05-20,RSVEnsemble
Oregon,OR,1,wk inc rsv hosp,hosp,2026-05-23,2026-05-30,Google_SAI-RSVEns,1.5,2.5,4.5,6.5,10,13,20.5,2,3,5,7,10,10,20,0.035444745304693666,0.05907457550782277,0.106334235914081,0.1535938963203392,0.23629830203129107,0.3071877926406784,0.4844115191641467,0.04,0.06,0.11,0.15,0.24,0.31,0.48,TRUE,FALSE,Google Science AI,2026-05-20,RSVEnsemble
Oregon,OR,2,wk inc rsv hosp,hosp,2026-05-23,2026-06-06,Google_SAI-RSVEns,1.5,2,4.5,5.5,7,11,18,2,2,5,6,7,10,20,0.035444745304693666,0.047259660406258217,0.106334235914081,0.1299640661172101,0.16540881142190378,0.2599281322344202,0.425336943656324,0.04,0.05,0.11,0.13,0.17,0.26,0.43,TRUE,FALSE,Google Science AI,2026-05-20,RSVEnsemble
Oregon,OR,0,wk inc rsv hosp,hosp,2026-05-23,2026-05-23,RSVHub-baseline,0,0,4,8,12,24,49.524999999999956,0,0,4,8,10,20,50,0,0,0.09451932081251643,0.18903864162503287,0.2835579624375493,0.5671159248750987,1.1702673408099682,0,0,0.09,0.19,0.28,0.57,1.17,FALSE,FALSE,RSVHub-hub-models,2026-05-20,RSVHub baseline model
Oregon,OR,1,wk inc rsv hosp,hosp,2026-05-23,2026-05-30,RSVHub-baseline,0,0,0.7996329963299651,8,18.837793377933778,38.95631956319566,60.827488524885105,0,0,1,8,20,40,60,0,0,0.01889519192809644,0.18903864162503287,0.44513385892220514,0.9205312166171502,1.4373432255258194,0,0,0.02,0.19,0.45,0.92,1.44,FALSE,FALSE,RSVHub-hub-models,2026-05-20,RSVHub baseline model
Oregon,OR,2,wk inc rsv hosp,hosp,2026-05-23,2026-06-06,RSVHub-baseline,0,0,0,8,23.123911239112402,45.39535695356961,68.7866703667036,0,0,0,8,20,50,70,0,0,0,0.18903864162503287,0.546414096212455,1.0726845768232862,1.6254173410038188,0,0,0,0.19,0.55,1.07,1.63,FALSE,FALSE,RSVHub-hub-models,2026-05-20,RSVHub baseline model
Oregon,OR,0,wk inc rsv prop ed visits,prop_ed,2026-05-23,2026-05-23,RSVHub-baseline,0,0,5.000000000000001e-4,7.000000000000001e-4,9.000000000000001e-4,0.0017000000000000001,0.0033149999999999877,0,0,5e-4,7e-4,9e-4,0.0017,0.0033,NA,NA,NA,NA,NA,NA,NA,NA,NA,NA,NA,NA,NA,NA,FALSE,FALSE,RSVHub-hub-models,2026-05-20,RSVHub baseline model
Oregon,OR,1,wk inc rsv prop ed visits,prop_ed,2026-05-23,2026-05-30,RSVHub-baseline,0,0,2.0000000000000015e-4,7.000000000000001e-4,0.0013,0.0023014050140501376,0.0037999999999999996,0,0,2e-4,7e-4,0.0013,0.0023,0.0038,NA,NA,NA,NA,NA,NA,NA,NA,NA,NA,NA,NA,NA,NA,FALSE,FALSE,RSVHub-hub-models,2026-05-20,RSVHub baseline model
Oregon,OR,2,wk inc rsv prop ed visits,prop_ed,2026-05-23,2026-06-06,RSVHub-baseline,0,0,0,7.000000000000001e-4,0.0016,0.0029,0.0043716228912289105,0,0,0,7e-4,0.0016,0.0029,0.0044,NA,NA,NA,NA,NA,NA,NA,NA,NA,NA,NA,NA,NA,NA,FALSE,FALSE,RSVHub-hub-models,2026-05-20,RSVHub baseline model
Oregon,OR,0,wk inc rsv hosp,hosp,2026-05-23,2026-05-23,UM-DeepOutbreak,0,0,0,10.590686445,20.140925163298675,47.27219846042772,75.71779151499999,0,0,0,10,20,50,80,0,0,0,0.25025612242993106,0.47592664174267807,1.1170340229485283,1.7891985568553797,0,0,0,0.25,0.48,1.12,1.79,TRUE,FALSE,"University of Michigan, Computer Science and Engineering",2026-05-20,DeepOutbreak
Oregon,OR,1,wk inc rsv hosp,hosp,2026-05-23,2026-05-30,UM-DeepOutbreak,0,0,0,9.188045332499998,31.118603345450023,89.87848577047092,101.42674567694915,0,0,0,9,30,90,100,0,0,0,0.2171119511056279,0.7353273132115095,2.1238133576705835,2.396696778402268,0,0,0,0.22,0.74,2.12,2.4,TRUE,FALSE,"University of Michigan, Computer Science and Engineering",2026-05-20,DeepOutbreak
Oregon,OR,2,wk inc rsv hosp,hosp,2026-05-23,2026-06-06,UM-DeepOutbreak,0,0,0,9.469980071999998,22.203067183837888,77.55597700751693,123.192617825,0,0,0,9,20,80,120,0,0,0,0.22377402112837633,0.5246547075427573,1.8326345679254101,2.9110206414837263,0,0,0,0.22,0.52,1.83,2.91,TRUE,FALSE,"University of Michigan, Computer Science and Engineering",2026-05-20,DeepOutbreak
Oregon,OR,0,wk inc rsv hosp,hosp,2026-05-23,2026-05-23,UGA_flucast-INFLAenza,2,3,5,8,12,16,23,2,3,5,8,10,20,20,0.047259660406258217,0.07088949060938733,0.11814915101564553,0.18903864162503287,0.2835579624375493,0.37807728325006573,0.5434860946719695,0.05,0.07,0.12,0.19,0.28,0.38,0.54,TRUE,FALSE,UGA_flucast,2026-05-20,INFLAenza
Oregon,OR,1,wk inc rsv hosp,hosp,2026-05-23,2026-05-30,UGA_flucast-INFLAenza,1,2,4,6,10,14,20,1,2,4,6,10,10,20,0.023629830203129108,0.047259660406258217,0.09451932081251643,0.14177898121877466,0.23629830203129107,0.33081762284380756,0.47259660406258214,0.02,0.05,0.09,0.14,0.24,0.33,0.47,TRUE,FALSE,UGA_flucast,2026-05-20,INFLAenza
Oregon,OR,2,wk inc rsv hosp,hosp,2026-05-23,2026-06-06,UGA_flucast-INFLAenza,0,1,3,5,8,11,18,0,1,3,5,8,10,20,0,0.023629830203129108,0.07088949060938733,0.11814915101564553,0.18903864162503287,0.2599281322344202,0.425336943656324,0,0.02,0.07,0.12,0.19,0.26,0.43,TRUE,FALSE,UGA_flucast,2026-05-20,INFLAenza
Oregon,OR,0,wk inc rsv prop ed visits,prop_ed,2026-05-23,2026-05-23,UGA_flucast-INFLAenza,2.5679809390733013e-4,3.773234208735203e-4,5.164390466844644e-4,7.088456979929721e-4,9.378300071282562e-4,0.0011844947953049796,0.001503240682668756,2.6e-4,3.8e-4,5.2e-4,7.1e-4,9.4e-4,0.0012,0.0015,NA,NA,NA,NA,NA,NA,NA,NA,NA,NA,NA,NA,NA,NA,TRUE,FALSE,UGA_flucast,2026-05-20,INFLAenza
Oregon,OR,1,wk inc rsv prop ed visits,prop_ed,2026-05-23,2026-05-30,UGA_flucast-INFLAenza,1.9805945647285381e-4,2.9126110313016957e-4,4.220463607010664e-4,6.078677619999555e-4,8.351101856033631e-4,0.0010778206281988572,0.0013941838611956003,2e-4,2.9e-4,4.2e-4,6.1e-4,8.4e-4,0.0011,0.0014,NA,NA,NA,NA,NA,NA,NA,NA,NA,NA,NA,NA,NA,NA,TRUE,FALSE,UGA_flucast,2026-05-20,INFLAenza
Oregon,OR,2,wk inc rsv prop ed visits,prop_ed,2026-05-23,2026-06-06,UGA_flucast-INFLAenza,1.4298114075489307e-4,2.4061682902532232e-4,3.6059709430166515e-4,5.386538933098112e-4,7.715191209937268e-4,0.0010154329444869263,0.0013942285844299655,1.4e-4,2.4e-4,3.6e-4,5.4e-4,7.7e-4,0.001,0.0014,NA,NA,NA,NA,NA,NA,NA,NA,NA,NA,NA,NA,NA,NA,TRUE,FALSE,UGA_flucast,2026-05-20,INFLAenza
Oregon,OR,0,wk inc rsv hosp,hosp,2026-05-23,2026-05-23,RSVHub-ensemble,2.25,3.25,5,7.75,11.5,15.5,24.5,2,3,5,8,10,20,20,0.0531671179570405,0.0767969481601696,0.11814915101564553,0.1831311840742506,0.27174304733598476,0.3662623681485012,0.5789308399766632,0.05,0.08,0.12,0.18,0.27,0.37,0.58,FALSE,TRUE,RSVHub,2026-05-20,Ensemble using RSVHub forecast submissions
Oregon,OR,1,wk inc rsv hosp,hosp,2026-05-23,2026-05-30,RSVHub-ensemble,1,2,3.5,6.25,10,13.5,20.25,1,2,4,6,10,10,20,0.023629830203129108,0.047259660406258217,0.08270440571095189,0.14768643876955695,0.23629830203129107,0.319002707742243,0.47850406161336445,0.02,0.05,0.08,0.15,0.24,0.32,0.48,FALSE,TRUE,RSVHub,2026-05-20,Ensemble using RSVHub forecast submissions
Oregon,OR,2,wk inc rsv hosp,hosp,2026-05-23,2026-06-06,RSVHub-ensemble,0,1,2.5,5.25,7.5,11,18,0,1,3,5,8,10,20,0,0.023629830203129108,0.05907457550782277,0.12405660856642783,0.17722372652346832,0.2599281322344202,0.425336943656324,0,0.02,0.06,0.12,0.18,0.26,0.43,FALSE,TRUE,RSVHub,2026-05-20,Ensemble using RSVHub forecast submissions
Oregon,OR,0,wk inc rsv prop ed visits,prop_ed,2026-05-23,2026-05-23,RSVHub-ensemble,2.4239109662418712e-4,3.465857529161199e-4,4.594047686240783e-4,6.126190703599097e-4,7.870096914977646e-4,9.712248250971374e-4,0.0011994796261668482,2.4e-4,3.5e-4,4.6e-4,6.1e-4,7.9e-4,9.7e-4,0.0012,NA,NA,NA,NA,NA,NA,NA,NA,NA,NA,NA,NA,NA,NA,FALSE,TRUE,RSVHub,2026-05-20,Ensemble using RSVHub forecast submissions
Oregon,OR,1,wk inc rsv prop ed visits,prop_ed,2026-05-23,2026-05-30,RSVHub-ensemble,1.426871683771571e-4,2.2999591772786943e-4,3.3535643886943426e-4,4.7529683442898966e-4,6.540227940664854e-4,8.382408761452096e-4,0.001093508607300529,1.4e-4,2.3e-4,3.4e-4,4.8e-4,6.5e-4,8.4e-4,0.0011,NA,NA,NA,NA,NA,NA,NA,NA,NA,NA,NA,NA,NA,NA,FALSE,TRUE,RSVHub,2026-05-20,Ensemble using RSVHub forecast submissions
Pennsylvania,PA,0,wk inc rsv hosp,hosp,2026-05-23,2026-05-23,CEPH-Rtrend_rsv,43,62,88,124,171,221,284,40,60,90,120,170,220,280,0.33181718601586563,0.4784340821624109,0.6790677295208413,0.9568681643248218,1.3195520653189075,1.7053860025466585,2.1915367634536245,0.33,0.48,0.68,0.96,1.32,1.71,2.19,TRUE,FALSE,CEPH Lab at Indiana University,2026-05-20,Rtrend RSV
Pennsylvania,PA,1,wk inc rsv hosp,hosp,2026-05-23,2026-05-30,CEPH-Rtrend_rsv,23,43,62,101,148,206,272,20,40,60,100,150,210,270,0.17748361112476535,0.33181718601586563,0.4784340821624109,0.7793845532000565,1.1420684541941422,1.589635821378333,2.098936618518964,0.18,0.33,0.48,0.78,1.14,1.59,2.1,TRUE,FALSE,CEPH Lab at Indiana University,2026-05-20,Rtrend RSV
Pennsylvania,PA,2,wk inc rsv hosp,hosp,2026-05-23,2026-06-06,CEPH-Rtrend_rsv,12,23,43,78,120,171,233,10,20,40,80,120,170,230,0.09260014493466018,0.17748361112476535,0.33181718601586563,0.6019009420752912,0.9260014493466018,1.3195520653189075,1.7979861474813186,0.09,0.18,0.33,0.6,0.93,1.32,1.8,TRUE,FALSE,CEPH Lab at Indiana University,2026-05-20,Rtrend RSV
Pennsylvania,PA,0,wk inc rsv prop ed visits,prop_ed,2026-05-23,2026-05-23,CFA_Pyrenew-Pyrenew_E_RSV,2.4115439197943292e-4,2.875238800979746e-4,3.3718427395481036e-4,3.954120138163246e-4,4.589663953860981e-4,5.238638522444961e-4,6.064441862178782e-4,2.4e-4,2.9e-4,3.4e-4,4e-4,4.6e-4,5.2e-4,6.1e-4,NA,NA,NA,NA,NA,NA,NA,NA,NA,NA,NA,NA,NA,NA,TRUE,FALSE,Center for Forecasting and Outbreak Analytics (CFA/CDC) Pyrenew team,2026-05-20,Pyrenew_ED_Visits_RSV
Pennsylvania,PA,1,wk inc rsv prop ed visits,prop_ed,2026-05-23,2026-05-30,CFA_Pyrenew-Pyrenew_E_RSV,1.505119810202719e-4,1.9780613163042978e-4,2.443293107877019e-4,3.0292399485397326e-4,3.774919289890727e-4,4.598388653018948e-4,5.676436498371857e-4,1.5e-4,2e-4,2.4e-4,3e-4,3.8e-4,4.6e-4,5.7e-4,NA,NA,NA,NA,NA,NA,NA,NA,NA,NA,NA,NA,NA,NA,TRUE,FALSE,Center for Forecasting and Outbreak Analytics (CFA/CDC) Pyrenew team,2026-05-20,Pyrenew_ED_Visits_RSV
Pennsylvania,PA,0,wk inc rsv hosp,hosp,2026-05-23,2026-05-23,CFA_Pyrenew-Pyrenew_HE_RSV,43,53,61,72,83,94,108.02499999999986,40,50,60,70,80,90,110,0.33181718601586563,0.4089839734614158,0.4707174034178559,0.5556008696079611,0.6404843357980662,0.7253678019881714,0.8335942213805545,0.33,0.41,0.47,0.56,0.64,0.73,0.83,TRUE,FALSE,Center for Forecasting and Outbreak Analytics (CFA/CDC) Pyrenew team,2026-05-20,Pyrenew_Hospital_Admissions_ED_Visits_RSV
Pennsylvania,PA,1,wk inc rsv hosp,hosp,2026-05-23,2026-05-30,CFA_Pyrenew-Pyrenew_HE_RSV,34,40,47,57,70.25,84,105,30,40,50,60,70,80,110,0.2623670773148705,0.3086671497822006,0.3626839009940857,0.4398506884396358,0.5420966818049898,0.6482010145426212,0.8102512681782765,0.26,0.31,0.36,0.44,0.54,0.65,0.81,TRUE,FALSE,Center for Forecasting and Outbreak Analytics (CFA/CDC) Pyrenew team,2026-05-20,Pyrenew_Hospital_Admissions_ED_Visits_RSV
Pennsylvania,PA,0,wk inc rsv prop ed visits,prop_ed,2026-05-23,2026-05-23,CFA_Pyrenew-Pyrenew_HE_RSV,3.1455840057660785e-4,3.6946384691532915e-4,4.232956760281696e-4,4.892528756924646e-4,5.691377243811248e-4,6.571415926895823e-4,7.601884964714128e-4,3.1e-4,3.7e-4,4.2e-4,4.9e-4,5.7e-4,6.6e-4,7.6e-4,NA,NA,NA,NA,NA,NA,NA,NA,NA,NA,NA,NA,NA,NA,FALSE,FALSE,Center for Forecasting and Outbreak Analytics (CFA/CDC) Pyrenew team,2026-05-20,Pyrenew_Hospital_Admissions_ED_Visits_RSV
Pennsylvania,PA,1,wk inc rsv prop ed visits,prop_ed,2026-05-23,2026-05-30,CFA_Pyrenew-Pyrenew_HE_RSV,2.145847238547884e-4,2.698187974478606e-4,3.304432839987035e-4,4.1225179485120827e-4,5.201635860637889e-4,6.314267762412192e-4,7.88854802227628e-4,2.1e-4,2.7e-4,3.3e-4,4.1e-4,5.2e-4,6.3e-4,7.9e-4,NA,NA,NA,NA,NA,NA,NA,NA,NA,NA,NA,NA,NA,NA,FALSE,FALSE,Center for Forecasting and Outbreak Analytics (CFA/CDC) Pyrenew team,2026-05-20,Pyrenew_Hospital_Admissions_ED_Visits_RSV
Pennsylvania,PA,0,wk inc rsv hosp,hosp,2026-05-23,2026-05-23,CFA_Pyrenew-Pyrenew_H_RSV,75,89,103,119,139,158,185.02499999999986,80,90,100,120,140,160,190,0.5787509058416261,0.6867844082653963,0.7948179106891665,0.9182847706020467,1.072618345493147,1.2192352416396923,1.4277784847112907,0.58,0.69,0.79,0.92,1.07,1.22,1.43,FALSE,FALSE,Center for Forecasting and Outbreak Analytics (CFA/CDC) Pyrenew team,2026-05-20,Pyrenew_Hospital_Admissions_RSV
Pennsylvania,PA,1,wk inc rsv hosp,hosp,2026-05-23,2026-05-30,CFA_Pyrenew-Pyrenew_H_RSV,54,69,86.75,111,140,172,229.02499999999986,50,70,90,110,140,170,230,0.4167006522059708,0.5324508333742961,0.6694218810901476,0.8565513406456067,1.0803350242377021,1.3272687440634625,1.7673123494717113,0.42,0.53,0.67,0.86,1.08,1.33,1.77,FALSE,FALSE,Center for Forecasting and Outbreak Analytics (CFA/CDC) Pyrenew team,2026-05-20,Pyrenew_Hospital_Admissions_RSV
Pennsylvania,PA,0,wk inc rsv hosp,hosp,2026-05-23,2026-05-23,Google_SAI-RSVEns,59,89.5,99,108,127,148.5,176,60,90,100,110,130,150,180,0.4552840459287459,0.6906427476376739,0.7639511957109465,0.8334013044119416,0.9800182005584869,1.1459267935664197,1.3581354590416825,0.46,0.69,0.76,0.83,0.98,1.15,1.36,TRUE,FALSE,Google Science AI,2026-05-20,RSVEnsemble
Pennsylvania,PA,1,wk inc rsv hosp,hosp,2026-05-23,2026-05-30,Google_SAI-RSVEns,57.5,74,85,93,106,126,155.5,60,70,90,90,110,130,160,0.44370902781191335,0.5710342270970711,0.6559176932871762,0.7176511232436165,0.8179679469228316,0.9723015218139318,1.199943544778305,0.44,0.57,0.66,0.72,0.82,0.97,1.2,TRUE,FALSE,Google Science AI,2026-05-20,RSVEnsemble
Pennsylvania,PA,2,wk inc rsv hosp,hosp,2026-05-23,2026-06-06,Google_SAI-RSVEns,47,60,68.5,77,88.5,106,130.5,50,60,70,80,90,110,130,0.3626839009940857,0.4630007246733009,0.5285924940020186,0.5941842633307362,0.6829260688931188,0.8179679469228316,1.0070265761644295,0.36,0.46,0.53,0.59,0.68,0.82,1.01,TRUE,FALSE,Google Science AI,2026-05-20,RSVEnsemble
Pennsylvania,PA,0,wk inc rsv hosp,hosp,2026-05-23,2026-05-23,RSVHub-baseline,0,62.10000000000001,111.74999999999999,141,170.25,219.90000000000006,324.07499999999976,0,60,110,140,170,220,320,0,0.4792057500368665,0.8623388497040227,1.0880517029822572,1.3137645562604914,1.6968976559276483,2.500782664141665,0,0.48,0.86,1.09,1.31,1.7,2.5,FALSE,FALSE,RSVHub-hub-models,2026-05-20,RSVHub baseline model
Pennsylvania,PA,1,wk inc rsv hosp,hosp,2026-05-23,2026-05-30,RSVHub-baseline,0,25.044311443114434,82.8430234302343,141,200.2191321913219,261.0114481144813,403.87242722427163,0,30,80,140,200,260,400,0,0.19325890578509708,0.639272998038762,1.0880517029822572,1.5450267216340245,2.014141493750542,3.116553774673379,0,0.19,0.64,1.09,1.55,2.01,3.12,FALSE,FALSE,RSVHub-hub-models,2026-05-20,RSVHub baseline model
Pennsylvania,PA,2,wk inc rsv hosp,hosp,2026-05-23,2026-06-06,RSVHub-baseline,0,0,68.20771207712079,141,215.39353143531437,300.7262142621426,459.5948396983969,0,0,70,140,220,300,460,0,0,0.5263370020002464,1.0880517029822572,1.6621226857415328,2.3206075855271733,3.5465457306077885,0,0,0.53,1.09,1.66,2.32,3.55,FALSE,FALSE,RSVHub-hub-models,2026-05-20,RSVHub baseline model
Pennsylvania,PA,0,wk inc rsv prop ed visits,prop_ed,2026-05-23,2026-05-23,RSVHub-baseline,0,0,4e-4,5e-4,6.000000000000001e-4,0.0012999999999999989,0.002772499999999982,0,0,4e-4,5e-4,6e-4,0.0013,0.0028,NA,NA,NA,NA,NA,NA,NA,NA,NA,NA,NA,NA,NA,NA,FALSE,FALSE,RSVHub-hub-models,2026-05-20,RSVHub baseline model
Pennsylvania,PA,1,wk inc rsv prop ed visits,prop_ed,2026-05-23,2026-05-30,RSVHub-baseline,0,0,1.0000000000000005e-4,5e-4,9.999999999999998e-4,0.0018000000000000008,0.003261175086750866,0,0,1e-4,5e-4,0.001,0.0018,0.0033,NA,NA,NA,NA,NA,NA,NA,NA,NA,NA,NA,NA,NA,NA,FALSE,FALSE,RSVHub-hub-models,2026-05-20,RSVHub baseline model
Pennsylvania,PA,2,wk inc rsv prop ed visits,prop_ed,2026-05-23,2026-06-06,RSVHub-baseline,0,0,0,5e-4,0.0012000000000000001,0.0023,0.0036099805748057464,0,0,0,5e-4,0.0012,0.0023,0.0036,NA,NA,NA,NA,NA,NA,NA,NA,NA,NA,NA,NA,NA,NA,FALSE,FALSE,RSVHub-hub-models,2026-05-20,RSVHub baseline model
Pennsylvania,PA,0,wk inc rsv hosp,hosp,2026-05-23,2026-05-23,UGA_flucast-INFLAenza,28,38,52,71,95,125,168,30,40,50,70,100,130,170,0.2160670048475404,0.29323379229309054,0.4012672947168608,0.5478841908634061,0.7330844807327265,0.9645848430693768,1.2964020290852425,0.22,0.29,0.4,0.55,0.73,0.96,1.3,TRUE,FALSE,UGA_flucast,2026-05-20,INFLAenza
Pennsylvania,PA,1,wk inc rsv hosp,hosp,2026-05-23,2026-05-30,UGA_flucast-INFLAenza,18,26,37,53,77,107,149,20,30,40,50,80,110,150,0.13890021740199027,0.2006336473584304,0.28551711354853554,0.4089839734614158,0.5941842633307362,0.8256846256673865,1.1497851329386972,0.14,0.2,0.29,0.41,0.59,0.83,1.15,TRUE,FALSE,UGA_flucast,2026-05-20,INFLAenza
Pennsylvania,PA,2,wk inc rsv hosp,hosp,2026-05-23,2026-06-06,UGA_flucast-INFLAenza,11,17,27,41,63,89,132,10,20,30,40,60,90,130,0.08488346619010516,0.13118353865743526,0.2083503261029854,0.3163838285267556,0.4861507609069659,0.6867844082653963,1.018601594281262,0.08,0.13,0.21,0.32,0.49,0.69,1.02,TRUE,FALSE,UGA_flucast,2026-05-20,INFLAenza
Pennsylvania,PA,0,wk inc rsv prop ed visits,prop_ed,2026-05-23,2026-05-23,UGA_flucast-INFLAenza,1.1724638627269931e-4,2.0442471433004784e-4,2.9889823630743713e-4,4.3221322686030623e-4,6.004664950884592e-4,7.826311143080729e-4,0.0010382343974104195,1.2e-4,2e-4,3e-4,4.3e-4,6e-4,7.8e-4,0.001,NA,NA,NA,NA,NA,NA,NA,NA,NA,NA,NA,NA,NA,NA,TRUE,FALSE,UGA_flucast,2026-05-20,INFLAenza
Pennsylvania,PA,1,wk inc rsv prop ed visits,prop_ed,2026-05-23,2026-05-30,UGA_flucast-INFLAenza,8.336934923168049e-5,1.5772827309864273e-4,2.452567093836594e-4,3.796245466439818e-4,5.488135799724615e-4,7.255220449218074e-4,9.713572703640669e-4,8.3e-5,1.6e-4,2.5e-4,3.8e-4,5.5e-4,7.3e-4,9.7e-4,NA,NA,NA,NA,NA,NA,NA,NA,NA,NA,NA,NA,NA,NA,TRUE,FALSE,UGA_flucast,2026-05-20,INFLAenza
Pennsylvania,PA,2,wk inc rsv prop ed visits,prop_ed,2026-05-23,2026-06-06,UGA_flucast-INFLAenza,6.169615561596896e-5,1.2342209948034116e-4,2.0329726177854962e-4,3.331839259289995e-4,5.010637652404651e-4,6.864347567832557e-4,9.273855650081715e-4,6.2e-5,1.2e-4,2e-4,3.3e-4,5e-4,6.9e-4,0.00093000000000000005,NA,NA,NA,NA,NA,NA,NA,NA,NA,NA,NA,NA,NA,NA,TRUE,FALSE,UGA_flucast,2026-05-20,INFLAenza
Pennsylvania,PA,0,wk inc rsv hosp,hosp,2026-05-23,2026-05-23,RSVHub-ensemble,43,57.5,74.5,90,111,136.75,172,40,60,70,90,110,140,170,0.33181718601586563,0.44370902781191335,0.5748925664693486,0.6945010870099514,0.8565513406456067,1.0552558183178982,1.3272687440634625,0.33,0.44,0.57,0.69,0.86,1.06,1.33,FALSE,TRUE,RSVHub,2026-05-20,Ensemble using RSVHub forecast submissions
Pennsylvania,PA,1,wk inc rsv hosp,hosp,2026-05-23,2026-05-30,RSVHub-ensemble,28.5,41.5,54.5,75,91.5,116.5,152.25,30,40,50,80,90,120,150,0.2199253442198179,0.3202421678990331,0.42055899157824833,0.5787509058416261,0.7060761051267839,0.8989930737406593,1.174864338858501,0.22,0.32,0.42,0.58,0.71,0.9,1.17,FALSE,TRUE,RSVHub,2026-05-20,Ensemble using RSVHub forecast submissions
Pennsylvania,PA,2,wk inc rsv hosp,hosp,2026-05-23,2026-06-06,RSVHub-ensemble,12,23,43,77,88.5,106,132,10,20,40,80,90,110,130,0.09260014493466018,0.17748361112476535,0.33181718601586563,0.5941842633307362,0.6829260688931188,0.8179679469228316,1.018601594281262,0.09,0.18,0.33,0.59,0.68,0.82,1.02,FALSE,TRUE,RSVHub,2026-05-20,Ensemble using RSVHub forecast submissions
Pennsylvania,PA,0,wk inc rsv prop ed visits,prop_ed,2026-05-23,2026-05-23,RSVHub-ensemble,1.7920038912606613e-4,2.4597429721401126e-4,3.180412551311237e-4,4.138126203383154e-4,5.297164452372786e-4,6.532474832762845e-4,8.223392918141489e-4,1.8e-4,2.5e-4,3.2e-4,4.1e-4,5.3e-4,6.5e-4,8.2e-4,NA,NA,NA,NA,NA,NA,NA,NA,NA,NA,NA,NA,NA,NA,FALSE,TRUE,RSVHub,2026-05-20,Ensemble using RSVHub forecast submissions
Pennsylvania,PA,1,wk inc rsv prop ed visits,prop_ed,2026-05-23,2026-05-30,RSVHub-ensemble,1.1694066512597619e-4,1.7776720236453627e-4,2.4479301008568065e-4,3.412742707489775e-4,4.6315275448076713e-4,5.926804551118511e-4,7.695004601006263e-4,1.2e-4,1.8e-4,2.4e-4,3.4e-4,4.6e-4,5.9e-4,7.7e-4,NA,NA,NA,NA,NA,NA,NA,NA,NA,NA,NA,NA,NA,NA,FALSE,TRUE,RSVHub,2026-05-20,Ensemble using RSVHub forecast submissions
Puerto Rico,PR,0,wk inc rsv hosp,hosp,2026-05-23,2026-05-23,CEPH-Rtrend_rsv,2,5,9,15,24,35,50,2,5,9,20,20,40,50,0.06086660657103711,0.15216651642759277,0.273899729569667,0.45649954928277836,0.7303992788524454,1.0651656149931494,1.5216651642759278,0.06,0.15,0.27,0.46,0.73,1.07,1.52,TRUE,FALSE,CEPH Lab at Indiana University,2026-05-20,Rtrend RSV
Puerto Rico,PR,1,wk inc rsv hosp,hosp,2026-05-23,2026-05-30,CEPH-Rtrend_rsv,1,3,6,13,24,41,65,1,3,6,10,20,40,70,0.030433303285518555,0.09129990985655567,0.18259981971311134,0.3956329427117412,0.7303992788524454,1.2477654347062608,1.978164713558706,0.03,0.09,0.18,0.4,0.73,1.25,1.98,TRUE,FALSE,CEPH Lab at Indiana University,2026-05-20,Rtrend RSV
Puerto Rico,PR,2,wk inc rsv hosp,hosp,2026-05-23,2026-06-06,CEPH-Rtrend_rsv,0,2,4,10,23,42,68,0,2,4,10,20,40,70,0,0.06086660657103711,0.12173321314207422,0.30433303285518554,0.6999659755669267,1.2781987379917794,2.0694646234152616,0,0.06,0.12,0.3,0.7,1.28,2.07,TRUE,FALSE,CEPH Lab at Indiana University,2026-05-20,Rtrend RSV
Puerto Rico,PR,0,wk inc rsv hosp,hosp,2026-05-23,2026-05-23,Google_SAI-RSVEns,2.5,5,7.5,11,16,21.5,40.5,3,5,8,10,20,20,40,0.07608325821379638,0.15216651642759277,0.22824977464138918,0.3347663361407041,0.4869328525682969,0.6543160206386489,1.2325487830635016,0.08,0.15,0.23,0.33,0.49,0.65,1.23,TRUE,FALSE,Google Science AI,2026-05-20,RSVEnsemble
Puerto Rico,PR,1,wk inc rsv hosp,hosp,2026-05-23,2026-05-30,Google_SAI-RSVEns,2,5,7,9.5,13.5,19.5,34,2,5,7,10,10,20,30,0.06086660657103711,0.15216651642759277,0.2130331229986299,0.2891163812124263,0.4108495943545005,0.5934494140676119,1.0347323117076308,0.06,0.15,0.21,0.29,0.41,0.59,1.03,TRUE,FALSE,Google Science AI,2026-05-20,RSVEnsemble
Puerto Rico,PR,2,wk inc rsv hosp,hosp,2026-05-23,2026-06-06,Google_SAI-RSVEns,2,3,5.5,8.5,12.5,17,36.5,2,3,6,9,10,20,40,0.06086660657103711,0.09129990985655567,0.16738316807035206,0.2586830779269077,0.38041629106898195,0.5173661558538154,1.1108155699214273,0.06,0.09,0.17,0.26,0.38,0.52,1.11,TRUE,FALSE,Google Science AI,2026-05-20,RSVEnsemble
Puerto Rico,PR,0,wk inc rsv hosp,hosp,2026-05-23,2026-05-23,RSVHub-baseline,0,0,2,11,20,43.90000000000006,77.74999999999994,0,0,2,10,20,40,80,0,0,0.06086660657103711,0.3347663361407041,0.6086660657103711,1.3360220142342665,2.366189330449066,0,0,0.06,0.33,0.61,1.34,2.37,FALSE,FALSE,RSVHub-hub-models,2026-05-20,RSVHub baseline model
Puerto Rico,PR,1,wk inc rsv hosp,hosp,2026-05-23,2026-05-30,RSVHub-baseline,0,0,0,11,28.9419894198942,57.16606666066668,119.3677484274831,0,0,0,10,30,60,120,0,0,0,0.3347663361407041,0.8808003417019095,1.7397522443242401,3.6327548904030733,0,0,0,0.33,0.88,1.74,3.63,FALSE,FALSE,RSVHub-hub-models,2026-05-20,RSVHub baseline model
Puerto Rico,PR,2,wk inc rsv hosp,hosp,2026-05-23,2026-06-06,RSVHub-baseline,0,0,0,11,36.90613156131562,72,156.31462864628548,0,0,0,10,40,70,160,0,0,0,0.3347663361407041,1.1231754949007666,2.191197836557336,4.757170501555613,0,0,0,0.33,1.12,2.19,4.76,FALSE,FALSE,RSVHub-hub-models,2026-05-20,RSVHub baseline model
Puerto Rico,PR,0,wk inc rsv hosp,hosp,2026-05-23,2026-05-23,UGA_flucast-INFLAenza,3,5,7,11,16,21,30,3,5,7,10,20,20,30,0.09129990985655567,0.15216651642759277,0.2130331229986299,0.3347663361407041,0.4869328525682969,0.6390993689958897,0.9129990985655567,0.09,0.15,0.21,0.33,0.49,0.64,0.91,TRUE,FALSE,UGA_flucast,2026-05-20,INFLAenza
Puerto Rico,PR,1,wk inc rsv hosp,hosp,2026-05-23,2026-05-30,UGA_flucast-INFLAenza,1,3,5,8,13,18,27,1,3,5,8,10,20,30,0.030433303285518555,0.09129990985655567,0.15216651642759277,0.24346642628414844,0.3956329427117412,0.547799459139334,0.821699188709001,0.03,0.09,0.15,0.24,0.4,0.55,0.82,TRUE,FALSE,UGA_flucast,2026-05-20,INFLAenza
Puerto Rico,PR,2,wk inc rsv hosp,hosp,2026-05-23,2026-06-06,UGA_flucast-INFLAenza,1,2,4,6,10,15,24,1,2,4,6,10,20,20,0.030433303285518555,0.06086660657103711,0.12173321314207422,0.18259981971311134,0.30433303285518554,0.45649954928277836,0.7303992788524454,0.03,0.06,0.12,0.18,0.3,0.46,0.73,TRUE,FALSE,UGA_flucast,2026-05-20,INFLAenza
Puerto Rico,PR,0,wk inc rsv hosp,hosp,2026-05-23,2026-05-23,RSVHub-ensemble,2.5,5,7.5,11,16,21.5,40.5,3,5,8,10,20,20,40,0.07608325821379638,0.15216651642759277,0.22824977464138918,0.3347663361407041,0.4869328525682969,0.6543160206386489,1.2325487830635016,0.08,0.15,0.23,0.33,0.49,0.65,1.23,FALSE,TRUE,RSVHub,2026-05-20,Ensemble using RSVHub forecast submissions
Puerto Rico,PR,1,wk inc rsv hosp,hosp,2026-05-23,2026-05-30,RSVHub-ensemble,1,3,6,9.5,13.5,19.5,34,1,3,6,10,10,20,30,0.030433303285518555,0.09129990985655567,0.18259981971311134,0.2891163812124263,0.4108495943545005,0.5934494140676119,1.0347323117076308,0.03,0.09,0.18,0.29,0.41,0.59,1.03,FALSE,TRUE,RSVHub,2026-05-20,Ensemble using RSVHub forecast submissions
Puerto Rico,PR,2,wk inc rsv hosp,hosp,2026-05-23,2026-06-06,RSVHub-ensemble,1,2,4,8.5,12.5,17,36.5,1,2,4,9,10,20,40,0.030433303285518555,0.06086660657103711,0.12173321314207422,0.2586830779269077,0.38041629106898195,0.5173661558538154,1.1108155699214273,0.03,0.06,0.12,0.26,0.38,0.52,1.11,FALSE,TRUE,RSVHub,2026-05-20,Ensemble using RSVHub forecast submissions
Rhode Island,RI,0,wk inc rsv hosp,hosp,2026-05-23,2026-05-23,CEPH-Rtrend_rsv,2,3,4,5,7,8,10,2,3,4,5,7,8,10,0.18308278454268667,0.27462417681403,0.36616556908537334,0.4577069613567167,0.6407897458994033,0.7323311381707467,0.9154139227134334,0.18,0.27,0.37,0.46,0.64,0.73,0.92,TRUE,FALSE,CEPH Lab at Indiana University,2026-05-20,Rtrend RSV
Rhode Island,RI,1,wk inc rsv hosp,hosp,2026-05-23,2026-05-30,CEPH-Rtrend_rsv,1,2,4,5,7,9,12,1,2,4,5,7,9,10,0.09154139227134334,0.18308278454268667,0.36616556908537334,0.4577069613567167,0.6407897458994033,0.82387253044209,1.09849670725612,0.09,0.18,0.37,0.46,0.64,0.82,1.1,TRUE,FALSE,CEPH Lab at Indiana University,2026-05-20,Rtrend RSV
Rhode Island,RI,2,wk inc rsv hosp,hosp,2026-05-23,2026-06-06,CEPH-Rtrend_rsv,1,2,3,5,7,10,15,1,2,3,5,7,10,20,0.09154139227134334,0.18308278454268667,0.27462417681403,0.4577069613567167,0.6407897458994033,0.9154139227134334,1.3731208840701499,0.09,0.18,0.27,0.46,0.64,0.92,1.37,TRUE,FALSE,CEPH Lab at Indiana University,2026-05-20,Rtrend RSV
Rhode Island,RI,0,wk inc rsv prop ed visits,prop_ed,2026-05-23,2026-05-23,CFA_Pyrenew-Pyrenew_E_RSV,0,9.681780893909169e-5,1.8965367996544102e-4,2.986865332796125e-4,4.26137972170431e-4,0.00060991429137125235,8.390300871998298e-4,0,9.7e-5,1.9e-4,3e-4,4.3e-4,6.1e-4,8.4e-4,NA,NA,NA,NA,NA,NA,NA,NA,NA,NA,NA,NA,NA,NA,TRUE,FALSE,Center for Forecasting and Outbreak Analytics (CFA/CDC) Pyrenew team,2026-05-20,Pyrenew_ED_Visits_RSV
Rhode Island,RI,1,wk inc rsv prop ed visits,prop_ed,2026-05-23,2026-05-30,CFA_Pyrenew-Pyrenew_E_RSV,0,0,9.94482094115548e-5,2.0033478206625207e-4,3.243934889245909e-4,5.138942445247929e-4,7.454942069006272e-4,0,0,9.9e-5,2e-4,3.2e-4,5.1e-4,7.5e-4,NA,NA,NA,NA,NA,NA,NA,NA,NA,NA,NA,NA,NA,NA,TRUE,FALSE,Center for Forecasting and Outbreak Analytics (CFA/CDC) Pyrenew team,2026-05-20,Pyrenew_ED_Visits_RSV
Rhode Island,RI,0,wk inc rsv hosp,hosp,2026-05-23,2026-05-23,CFA_Pyrenew-Pyrenew_HE_RSV,0,1,2,3,5,6,8,0,1,2,3,5,6,8,0,0.09154139227134334,0.18308278454268667,0.27462417681403,0.4577069613567167,0.54924835362806,0.7323311381707467,0,0.09,0.18,0.27,0.46,0.55,0.73,TRUE,FALSE,Center for Forecasting and Outbreak Analytics (CFA/CDC) Pyrenew team,2026-05-20,Pyrenew_Hospital_Admissions_ED_Visits_RSV
Rhode Island,RI,1,wk inc rsv hosp,hosp,2026-05-23,2026-05-30,CFA_Pyrenew-Pyrenew_HE_RSV,0,0,1,2,3,5,7,0,0,1,2,3,5,7,0,0,0.09154139227134334,0.18308278454268667,0.27462417681403,0.4577069613567167,0.6407897458994033,0,0,0.09,0.18,0.27,0.46,0.64,TRUE,FALSE,Center for Forecasting and Outbreak Analytics (CFA/CDC) Pyrenew team,2026-05-20,Pyrenew_Hospital_Admissions_ED_Visits_RSV
Rhode Island,RI,0,wk inc rsv prop ed visits,prop_ed,2026-05-23,2026-05-23,CFA_Pyrenew-Pyrenew_HE_RSV,0,0,1.0447672226947542e-4,2.152826396605026e-4,3.997295079932742e-4,5.391778844087878e-4,7.490772283915232e-4,0,0,1e-4,2.2e-4,4e-4,5.4e-4,7.5e-4,NA,NA,NA,NA,NA,NA,NA,NA,NA,NA,NA,NA,NA,NA,FALSE,FALSE,Center for Forecasting and Outbreak Analytics (CFA/CDC) Pyrenew team,2026-05-20,Pyrenew_Hospital_Admissions_ED_Visits_RSV
Rhode Island,RI,1,wk inc rsv prop ed visits,prop_ed,2026-05-23,2026-05-30,CFA_Pyrenew-Pyrenew_HE_RSV,0,0,9.653810308611781e-5,1.885920951342572e-4,3.013873411533483e-4,4.723604676710904e-4,6.879684078599964e-4,0,0,9.7e-5,1.9e-4,3e-4,4.7e-4,6.9e-4,NA,NA,NA,NA,NA,NA,NA,NA,NA,NA,NA,NA,NA,NA,FALSE,FALSE,Center for Forecasting and Outbreak Analytics (CFA/CDC) Pyrenew team,2026-05-20,Pyrenew_Hospital_Admissions_ED_Visits_RSV
Rhode Island,RI,0,wk inc rsv hosp,hosp,2026-05-23,2026-05-23,CFA_Pyrenew-Pyrenew_H_RSV,0,1,2,3,5,7,9,0,1,2,3,5,7,9,0,0.09154139227134334,0.18308278454268667,0.27462417681403,0.4577069613567167,0.6407897458994033,0.82387253044209,0,0.09,0.18,0.27,0.46,0.64,0.82,FALSE,FALSE,Center for Forecasting and Outbreak Analytics (CFA/CDC) Pyrenew team,2026-05-20,Pyrenew_Hospital_Admissions_RSV
Rhode Island,RI,1,wk inc rsv hosp,hosp,2026-05-23,2026-05-30,CFA_Pyrenew-Pyrenew_H_RSV,0,0,1,2,4,6,9,0,0,1,2,4,6,9,0,0,0.09154139227134334,0.18308278454268667,0.36616556908537334,0.54924835362806,0.82387253044209,0,0,0.09,0.18,0.37,0.55,0.82,FALSE,FALSE,Center for Forecasting and Outbreak Analytics (CFA/CDC) Pyrenew team,2026-05-20,Pyrenew_Hospital_Admissions_RSV
Rhode Island,RI,0,wk inc rsv hosp,hosp,2026-05-23,2026-05-23,Google_SAI-RSVEns,0.5,1,2,3,4.5,6.5,9,1,1,2,3,5,7,9,0.04577069613567167,0.09154139227134334,0.18308278454268667,0.27462417681403,0.411936265221045,0.5950190497637317,0.82387253044209,0.05,0.09,0.18,0.27,0.41,0.6,0.82,TRUE,FALSE,Google Science AI,2026-05-20,RSVEnsemble
Rhode Island,RI,1,wk inc rsv hosp,hosp,2026-05-23,2026-05-30,Google_SAI-RSVEns,0,0.5,1,2,3.5,5,8.5,0,1,1,2,4,5,9,0,0.04577069613567167,0.09154139227134334,0.18308278454268667,0.32039487294970165,0.4577069613567167,0.7781018343064183,0,0.05,0.09,0.18,0.32,0.46,0.78,TRUE,FALSE,Google Science AI,2026-05-20,RSVEnsemble
Rhode Island,RI,2,wk inc rsv hosp,hosp,2026-05-23,2026-06-06,Google_SAI-RSVEns,0,0,1,2,3.5,5.5,8,0,0,1,2,4,6,8,0,0,0.09154139227134334,0.18308278454268667,0.32039487294970165,0.5034776574923883,0.7323311381707467,0,0,0.09,0.18,0.32,0.5,0.73,TRUE,FALSE,Google Science AI,2026-05-20,RSVEnsemble
Rhode Island,RI,0,wk inc rsv hosp,hosp,2026-05-23,2026-05-23,RSVHub-baseline,0,0,2,5,8,13.30000000000002,20.074999999999992,0,0,2,5,8,10,20,0,0,0.18308278454268667,0.4577069613567167,0.7323311381707467,1.2175005172088682,1.8376934498472168,0,0,0.18,0.46,0.73,1.22,1.84,FALSE,FALSE,RSVHub-hub-models,2026-05-20,RSVHub baseline model
Rhode Island,RI,1,wk inc rsv hosp,hosp,2026-05-23,2026-05-30,RSVHub-baseline,0,0,1,5,10,17.489824898248983,27.348284482844715,0,0,1,5,10,20,30,0,0,0.09154139227134334,0.4577069613567167,0.9154139227134334,1.6010429217677176,2.50350003779238,0,0,0.09,0.46,0.92,1.6,2.5,FALSE,FALSE,RSVHub-hub-models,2026-05-20,RSVHub baseline model
Rhode Island,RI,2,wk inc rsv hosp,hosp,2026-05-23,2026-06-06,RSVHub-baseline,0,0,0,5,12.270880208802089,20.204473044730452,32.41867768677685,0,0,0,5,10,20,30,0,0,0,0.4577069613567167,1.1232934587086154,1.849545592623453,2.967650891043485,0,0,0,0.46,1.12,1.85,2.97,FALSE,FALSE,RSVHub-hub-models,2026-05-20,RSVHub baseline model
Rhode Island,RI,0,wk inc rsv prop ed visits,prop_ed,2026-05-23,2026-05-23,RSVHub-baseline,0,0,0,2e-4,4.000000000000001e-4,0.0013300000000000028,0.0030000000000000005,0,0,0,2e-4,4e-4,0.0013,0.003,NA,NA,NA,NA,NA,NA,NA,NA,NA,NA,NA,NA,NA,NA,FALSE,FALSE,RSVHub-hub-models,2026-05-20,RSVHub baseline model
Rhode Island,RI,1,wk inc rsv prop ed visits,prop_ed,2026-05-23,2026-05-30,RSVHub-baseline,0,0,0,2e-4,8.825290752907526e-4,0.0022,0.003689452319523196,0,0,0,2e-4,8.8e-4,0.0022,0.0037,NA,NA,NA,NA,NA,NA,NA,NA,NA,NA,NA,NA,NA,NA,FALSE,FALSE,RSVHub-hub-models,2026-05-20,RSVHub baseline model
Rhode Island,RI,2,wk inc rsv prop ed visits,prop_ed,2026-05-23,2026-06-06,RSVHub-baseline,0,0,0,2e-4,0.0011689104391043926,0.002645002450024499,0.004058521435214353,0,0,0,2e-4,0.0012,0.0026,0.0041,NA,NA,NA,NA,NA,NA,NA,NA,NA,NA,NA,NA,NA,NA,FALSE,FALSE,RSVHub-hub-models,2026-05-20,RSVHub baseline model
Rhode Island,RI,0,wk inc rsv hosp,hosp,2026-05-23,2026-05-23,UGA_flucast-INFLAenza,0,1,2,4,6,8,12,0,1,2,4,6,8,10,0,0.09154139227134334,0.18308278454268667,0.36616556908537334,0.54924835362806,0.7323311381707467,1.09849670725612,0,0.09,0.18,0.37,0.55,0.73,1.1,TRUE,FALSE,UGA_flucast,2026-05-20,INFLAenza
Rhode Island,RI,1,wk inc rsv hosp,hosp,2026-05-23,2026-05-30,UGA_flucast-INFLAenza,0,1,1,3,5,7,10,0,1,1,3,5,7,10,0,0.09154139227134334,0.09154139227134334,0.27462417681403,0.4577069613567167,0.6407897458994033,0.9154139227134334,0,0.09,0.09,0.27,0.46,0.64,0.92,TRUE,FALSE,UGA_flucast,2026-05-20,INFLAenza
Rhode Island,RI,2,wk inc rsv hosp,hosp,2026-05-23,2026-06-06,UGA_flucast-INFLAenza,0,0,1,2,4,6,9,0,0,1,2,4,6,9,0,0,0.09154139227134334,0.18308278454268667,0.36616556908537334,0.54924835362806,0.82387253044209,0,0,0.09,0.18,0.37,0.55,0.82,TRUE,FALSE,UGA_flucast,2026-05-20,INFLAenza
Rhode Island,RI,0,wk inc rsv prop ed visits,prop_ed,2026-05-23,2026-05-23,UGA_flucast-INFLAenza,9.163937551969725e-5,1.5576581469335508e-4,2.370147222523815e-4,3.602966718337655e-4,5.044852677480494e-4,6.628614584098889e-4,8.686363336049482e-4,9.2e-5,1.6e-4,2.4e-4,3.6e-4,5e-4,6.6e-4,8.7e-4,NA,NA,NA,NA,NA,NA,NA,NA,NA,NA,NA,NA,NA,NA,TRUE,FALSE,UGA_flucast,2026-05-20,INFLAenza
Rhode Island,RI,1,wk inc rsv prop ed visits,prop_ed,2026-05-23,2026-05-30,UGA_flucast-INFLAenza,6.139865885109755e-5,1.1951981673140319e-4,1.958250867117307e-4,3.086987851403937e-4,4.5882423892731975e-4,6.304056825853002e-4,8.606877464498497e-4,6.1e-5,1.2e-4,2e-4,3.1e-4,4.6e-4,6.3e-4,8.6e-4,NA,NA,NA,NA,NA,NA,NA,NA,NA,NA,NA,NA,NA,NA,TRUE,FALSE,UGA_flucast,2026-05-20,INFLAenza
Rhode Island,RI,2,wk inc rsv prop ed visits,prop_ed,2026-05-23,2026-06-06,UGA_flucast-INFLAenza,4.389581390071977e-5,9.788467585853247e-5,1.7032789149076823e-4,2.8333983486982005e-4,4.359262969585973e-4,6.008526740022293e-4,8.364990577996922e-4,4.4e-5,9.8e-5,1.7e-4,2.8e-4,4.4e-4,6e-4,8.4e-4,NA,NA,NA,NA,NA,NA,NA,NA,NA,NA,NA,NA,NA,NA,TRUE,FALSE,UGA_flucast,2026-05-20,INFLAenza
Rhode Island,RI,0,wk inc rsv hosp,hosp,2026-05-23,2026-05-23,RSVHub-ensemble,0.25,1,2,3.5,5.5,7.25,9.5,0,1,2,4,6,7,10,0.022885348067835834,0.09154139227134334,0.18308278454268667,0.32039487294970165,0.5034776574923883,0.6636750939672391,0.8696432265777617,0.02,0.09,0.18,0.32,0.5,0.66,0.87,FALSE,TRUE,RSVHub,2026-05-20,Ensemble using RSVHub forecast submissions
Rhode Island,RI,1,wk inc rsv hosp,hosp,2026-05-23,2026-05-30,RSVHub-ensemble,0,0.75,1,2.5,4.25,6,9.25,0,1,1,3,4,6,9,0,0.0686560442035075,0.09154139227134334,0.22885348067835834,0.38905091715320916,0.54924835362806,0.8467578785099258,0,0.07,0.09,0.23,0.39,0.55,0.85,FALSE,TRUE,RSVHub,2026-05-20,Ensemble using RSVHub forecast submissions
Rhode Island,RI,2,wk inc rsv hosp,hosp,2026-05-23,2026-06-06,RSVHub-ensemble,0,0,1,2,4,6,9,0,0,1,2,4,6,9,0,0,0.09154139227134334,0.18308278454268667,0.36616556908537334,0.54924835362806,0.82387253044209,0,0,0.09,0.18,0.37,0.55,0.82,FALSE,TRUE,RSVHub,2026-05-20,Ensemble using RSVHub forecast submissions
Rhode Island,RI,0,wk inc rsv prop ed visits,prop_ed,2026-05-23,2026-05-23,RSVHub-ensemble,4.581968775984863e-5,1.2629181181622338e-4,2.1333420110891126e-4,3.29491602556689e-4,4.653116199592402e-4,6.363878748905706e-4,8.53833210402389e-4,4.6e-5,1.3e-4,2.1e-4,3.3e-4,4.7e-4,6.4e-4,8.5e-4,NA,NA,NA,NA,NA,NA,NA,NA,NA,NA,NA,NA,NA,NA,FALSE,TRUE,RSVHub,2026-05-20,Ensemble using RSVHub forecast submissions
Rhode Island,RI,1,wk inc rsv prop ed visits,prop_ed,2026-05-23,2026-05-30,RSVHub-ensemble,3.0699329425548775e-5,5.9759908365701595e-5,1.4763664806164274e-4,2.545167836033229e-4,3.916088639259553e-4,5.721499635550466e-4,8.030909766752385e-4,3.1e-5,6e-5,1.5e-4,2.5e-4,3.9e-4,5.7e-4,8e-4,NA,NA,NA,NA,NA,NA,NA,NA,NA,NA,NA,NA,NA,NA,FALSE,TRUE,RSVHub,2026-05-20,Ensemble using RSVHub forecast submissions
South Carolina,SC,0,wk inc rsv hosp,hosp,2026-05-23,2026-05-23,CEPH-Rtrend_rsv,4,6,7,10,14,17,22,4,6,7,10,10,20,20,0.07497201669476868,0.112458025042153,0.1312010292158452,0.18743004173692168,0.2624020584316904,0.3186310709527669,0.41234609182122767,0.07,0.11,0.13,0.19,0.26,0.32,0.41,TRUE,FALSE,CEPH Lab at Indiana University,2026-05-20,Rtrend RSV
South Carolina,SC,1,wk inc rsv hosp,hosp,2026-05-23,2026-05-30,CEPH-Rtrend_rsv,2,4,5,8,12,17,24,2,4,5,8,10,20,20,0.03748600834738434,0.07497201669476868,0.09371502086846084,0.14994403338953735,0.224916050084306,0.3186310709527669,0.449832100168612,0.04,0.07,0.09,0.15,0.22,0.32,0.45,TRUE,FALSE,CEPH Lab at Indiana University,2026-05-20,Rtrend RSV
South Carolina,SC,2,wk inc rsv hosp,hosp,2026-05-23,2026-06-06,CEPH-Rtrend_rsv,1,2,4,7,11,17,26,1,2,4,7,10,20,30,0.01874300417369217,0.03748600834738434,0.07497201669476868,0.1312010292158452,0.20617304591061383,0.3186310709527669,0.4873181085159964,0.02,0.04,0.07,0.13,0.21,0.32,0.49,TRUE,FALSE,CEPH Lab at Indiana University,2026-05-20,Rtrend RSV
South Carolina,SC,0,wk inc rsv prop ed visits,prop_ed,2026-05-23,2026-05-23,CFA_Pyrenew-Pyrenew_E_RSV,1.4489556853856847e-4,2.1019630678702035e-4,2.851123448584699e-4,3.845766442304434e-4,4.914485229911181e-4,6.004613307031087e-4,7.397563537962482e-4,1.4e-4,2.1e-4,2.9e-4,3.8e-4,4.9e-4,6e-4,7.4e-4,NA,NA,NA,NA,NA,NA,NA,NA,NA,NA,NA,NA,NA,NA,TRUE,FALSE,Center for Forecasting and Outbreak Analytics (CFA/CDC) Pyrenew team,2026-05-20,Pyrenew_ED_Visits_RSV
South Carolina,SC,1,wk inc rsv prop ed visits,prop_ed,2026-05-23,2026-05-30,CFA_Pyrenew-Pyrenew_E_RSV,8.618058252272583e-5,1.4871671568923297e-4,2.2255641154026433e-4,3.2074206540267183e-4,4.4433000512802376e-4,5.745555162133822e-4,7.598295321011292e-4,8.6e-5,1.5e-4,2.2e-4,3.2e-4,4.4e-4,5.7e-4,7.6e-4,NA,NA,NA,NA,NA,NA,NA,NA,NA,NA,NA,NA,NA,NA,TRUE,FALSE,Center for Forecasting and Outbreak Analytics (CFA/CDC) Pyrenew team,2026-05-20,Pyrenew_ED_Visits_RSV
South Carolina,SC,0,wk inc rsv hosp,hosp,2026-05-23,2026-05-23,CFA_Pyrenew-Pyrenew_H_RSV,2,5,7,11,16,22,30,2,5,7,10,20,20,30,0.03748600834738434,0.09371502086846084,0.1312010292158452,0.20617304591061383,0.2998880667790747,0.41234609182122767,0.562290125210765,0.04,0.09,0.13,0.21,0.3,0.41,0.56,FALSE,FALSE,Center for Forecasting and Outbreak Analytics (CFA/CDC) Pyrenew team,2026-05-20,Pyrenew_Hospital_Admissions_RSV
South Carolina,SC,1,wk inc rsv hosp,hosp,2026-05-23,2026-05-30,CFA_Pyrenew-Pyrenew_H_RSV,2,3,6,10,15,23,35.024999999999864,2,3,6,10,20,20,40,0.03748600834738434,0.0562290125210765,0.112458025042153,0.18743004173692168,0.2811450626053825,0.4310890959949199,0.6564737211835657,0.04,0.06,0.11,0.19,0.28,0.43,0.66,FALSE,FALSE,Center for Forecasting and Outbreak Analytics (CFA/CDC) Pyrenew team,2026-05-20,Pyrenew_Hospital_Admissions_RSV
South Carolina,SC,0,wk inc rsv hosp,hosp,2026-05-23,2026-05-23,Google_SAI-RSVEns,3,4.5,6,8.5,12,16,27.5,3,5,6,9,10,20,30,0.0562290125210765,0.08434351878161477,0.112458025042153,0.15931553547638344,0.224916050084306,0.2998880667790747,0.5154326147765347,0.06,0.08,0.11,0.16,0.22,0.3,0.52,TRUE,FALSE,Google Science AI,2026-05-20,RSVEnsemble
South Carolina,SC,1,wk inc rsv hosp,hosp,2026-05-23,2026-05-30,Google_SAI-RSVEns,2,3,5,7.5,10.5,14.5,20.5,2,3,5,8,10,10,20,0.03748600834738434,0.0562290125210765,0.09371502086846084,0.14057253130269126,0.19680154382376777,0.27177356051853646,0.3842315855606895,0.04,0.06,0.09,0.14,0.2,0.27,0.38,TRUE,FALSE,Google Science AI,2026-05-20,RSVEnsemble
South Carolina,SC,2,wk inc rsv hosp,hosp,2026-05-23,2026-06-06,Google_SAI-RSVEns,2.5,3,5,7,9.5,13.5,19.5,3,3,5,7,10,10,20,0.04685751043423042,0.0562290125210765,0.09371502086846084,0.1312010292158452,0.1780585396500756,0.2530305563448443,0.3654885813869973,0.05,0.06,0.09,0.13,0.18,0.25,0.37,TRUE,FALSE,Google Science AI,2026-05-20,RSVEnsemble
South Carolina,SC,0,wk inc rsv hosp,hosp,2026-05-23,2026-05-23,RSVHub-baseline,0,0,1,9,17,36,60.29999999999997,0,0,1,9,20,40,60,0,0,0.01874300417369217,0.16868703756322953,0.3186310709527669,0.6747481502529181,1.1302031516736373,0,0,0.02,0.17,0.32,0.67,1.13,FALSE,FALSE,RSVHub-hub-models,2026-05-20,RSVHub baseline model
South Carolina,SC,1,wk inc rsv hosp,hosp,2026-05-23,2026-05-30,RSVHub-baseline,0,0,0,9,25.236417364173633,46.206770067700695,81.54938724387226,0,0,0,9,30,50,80,0,0,0,0.16868703756322953,0.47300627598574396,0.8660536842317486,1.528480505473937,0,0,0,0.17,0.47,0.87,1.53,FALSE,FALSE,RSVHub-hub-models,2026-05-20,RSVHub baseline model
South Carolina,SC,2,wk inc rsv hosp,hosp,2026-05-23,2026-06-06,RSVHub-baseline,0,0,0,9,31,55.350415504155066,101.2096318463187,0,0,0,9,30,60,100,0,0,0,0.16868703756322953,0.5810331293844573,1.037433068809974,1.8969725521133993,0,0,0,0.17,0.58,1.04,1.9,FALSE,FALSE,RSVHub-hub-models,2026-05-20,RSVHub baseline model
South Carolina,SC,0,wk inc rsv prop ed visits,prop_ed,2026-05-23,2026-05-23,RSVHub-baseline,0,0,3.9999999999999986e-4,6e-4,8e-4,0.0014,0.0026000000000000007,0,0,4e-4,6e-4,8e-4,0.0014,0.0026,NA,NA,NA,NA,NA,NA,NA,NA,NA,NA,NA,NA,NA,NA,FALSE,FALSE,RSVHub-hub-models,2026-05-20,RSVHub baseline model
South Carolina,SC,1,wk inc rsv prop ed visits,prop_ed,2026-05-23,2026-05-30,RSVHub-baseline,0,0,1.9999999999999987e-4,6e-4,0.0010999999999999998,0.001900000000000001,0.0030999999999999995,0,0,2e-4,6e-4,0.0011,0.0019,0.0031,NA,NA,NA,NA,NA,NA,NA,NA,NA,NA,NA,NA,NA,NA,FALSE,FALSE,RSVHub-hub-models,2026-05-20,RSVHub baseline model
South Carolina,SC,2,wk inc rsv prop ed visits,prop_ed,2026-05-23,2026-06-06,RSVHub-baseline,0,0,0,6e-4,0.0013158399083990852,0.0023000000000000017,0.003599999999999999,0,0,0,6e-4,0.0013,0.0023,0.0036,NA,NA,NA,NA,NA,NA,NA,NA,NA,NA,NA,NA,NA,NA,FALSE,FALSE,RSVHub-hub-models,2026-05-20,RSVHub baseline model
South Carolina,SC,0,wk inc rsv hosp,hosp,2026-05-23,2026-05-23,UGA_flucast-INFLAenza,2,4,6,9,13,17,23,2,4,6,9,10,20,20,0.03748600834738434,0.07497201669476868,0.112458025042153,0.16868703756322953,0.2436590542579982,0.3186310709527669,0.4310890959949199,0.04,0.07,0.11,0.17,0.24,0.32,0.43,TRUE,FALSE,UGA_flucast,2026-05-20,INFLAenza
South Carolina,SC,1,wk inc rsv hosp,hosp,2026-05-23,2026-05-30,UGA_flucast-INFLAenza,1,2,4,6,10,14,20,1,2,4,6,10,10,20,0.01874300417369217,0.03748600834738434,0.07497201669476868,0.112458025042153,0.18743004173692168,0.2624020584316904,0.37486008347384336,0.02,0.04,0.07,0.11,0.19,0.26,0.37,TRUE,FALSE,UGA_flucast,2026-05-20,INFLAenza
South Carolina,SC,2,wk inc rsv hosp,hosp,2026-05-23,2026-06-06,UGA_flucast-INFLAenza,0,1,3,5,8,12,18,0,1,3,5,8,10,20,0,0.01874300417369217,0.0562290125210765,0.09371502086846084,0.14994403338953735,0.224916050084306,0.33737407512645906,0,0.02,0.06,0.09,0.15,0.22,0.34,TRUE,FALSE,UGA_flucast,2026-05-20,INFLAenza
South Carolina,SC,0,wk inc rsv prop ed visits,prop_ed,2026-05-23,2026-05-23,UGA_flucast-INFLAenza,9.597219995357771e-5,1.7175031399148724e-4,2.579215420234664e-4,3.820259369641576e-4,5.357674157955516e-4,7.093971814461587e-4,9.391208218733621e-4,9.6e-5,1.7e-4,2.6e-4,3.8e-4,5.4e-4,7.1e-4,9.4e-4,NA,NA,NA,NA,NA,NA,NA,NA,NA,NA,NA,NA,NA,NA,TRUE,FALSE,UGA_flucast,2026-05-20,INFLAenza
South Carolina,SC,1,wk inc rsv prop ed visits,prop_ed,2026-05-23,2026-05-30,UGA_flucast-INFLAenza,7.54603561390987e-5,1.3454112505159832e-4,2.1522569620342443e-4,3.418969750382531e-4,5.033193919702693e-4,6.784236194865856e-4,9.371804872946534e-4,7.5e-5,1.3e-4,2.2e-4,3.4e-4,5e-4,6.8e-4,9.4e-4,NA,NA,NA,NA,NA,NA,NA,NA,NA,NA,NA,NA,NA,NA,TRUE,FALSE,UGA_flucast,2026-05-20,INFLAenza
South Carolina,SC,2,wk inc rsv prop ed visits,prop_ed,2026-05-23,2026-06-06,UGA_flucast-INFLAenza,4.97015395428567e-5,1.0837305859225587e-4,1.8810065554149844e-4,3.0840475854121885e-4,4.68804999506062e-4,6.543879923210735e-4,9.050641777821797e-4,5e-5,1.1e-4,1.9e-4,3.1e-4,4.7e-4,6.5e-4,9.1e-4,NA,NA,NA,NA,NA,NA,NA,NA,NA,NA,NA,NA,NA,NA,TRUE,FALSE,UGA_flucast,2026-05-20,INFLAenza
South Carolina,SC,0,wk inc rsv hosp,hosp,2026-05-23,2026-05-23,RSVHub-ensemble,3,4.5,6,9,13,17,23,3,5,6,9,10,20,20,0.0562290125210765,0.08434351878161477,0.112458025042153,0.16868703756322953,0.2436590542579982,0.3186310709527669,0.4310890959949199,0.06,0.08,0.11,0.17,0.24,0.32,0.43,FALSE,TRUE,RSVHub,2026-05-20,Ensemble using RSVHub forecast submissions
South Carolina,SC,1,wk inc rsv hosp,hosp,2026-05-23,2026-05-30,RSVHub-ensemble,2,3,5,7.5,10.5,14.5,20.5,2,3,5,8,10,10,20,0.03748600834738434,0.0562290125210765,0.09371502086846084,0.14057253130269126,0.19680154382376777,0.27177356051853646,0.3842315855606895,0.04,0.06,0.09,0.14,0.2,0.27,0.38,FALSE,TRUE,RSVHub,2026-05-20,Ensemble using RSVHub forecast submissions
South Carolina,SC,2,wk inc rsv hosp,hosp,2026-05-23,2026-06-06,RSVHub-ensemble,1,2,4,7,9.5,13.5,19.5,1,2,4,7,10,10,20,0.01874300417369217,0.03748600834738434,0.07497201669476868,0.1312010292158452,0.1780585396500756,0.2530305563448443,0.3654885813869973,0.02,0.04,0.07,0.13,0.18,0.25,0.37,FALSE,TRUE,RSVHub,2026-05-20,Ensemble using RSVHub forecast submissions
South Carolina,SC,0,wk inc rsv prop ed visits,prop_ed,2026-05-23,2026-05-23,RSVHub-ensemble,1.204338842460731e-4,1.9097331038925378e-4,2.7151694344096816e-4,3.833012905973005e-4,5.136079693933348e-4,6.549292560746338e-4,8.394385878348052e-4,1.2e-4,1.9e-4,2.7e-4,3.8e-4,5.1e-4,6.5e-4,8.4e-4,NA,NA,NA,NA,NA,NA,NA,NA,NA,NA,NA,NA,NA,NA,FALSE,TRUE,RSVHub,2026-05-20,Ensemble using RSVHub forecast submissions
South Carolina,SC,1,wk inc rsv prop ed visits,prop_ed,2026-05-23,2026-05-30,RSVHub-ensemble,8.082046933091227e-5,1.4162892037041566e-4,2.1889105387184438e-4,3.3131952022046247e-4,4.7382469854914656e-4,6.264895678499839e-4,8.485050096978913e-4,8.1e-5,1.4e-4,2.2e-4,3.3e-4,4.7e-4,6.3e-4,8.5e-4,NA,NA,NA,NA,NA,NA,NA,NA,NA,NA,NA,NA,NA,NA,FALSE,TRUE,RSVHub,2026-05-20,Ensemble using RSVHub forecast submissions
South Dakota,SD,0,wk inc rsv hosp,hosp,2026-05-23,2026-05-23,CEPH-Rtrend_rsv,1,2,3,3,4,6,7,1,2,3,3,4,6,7,0.10916959059220137,0.21833918118440274,0.3275087717766041,0.3275087717766041,0.4366783623688055,0.6550175435532082,0.7641871341454095,0.11,0.22,0.33,0.33,0.44,0.66,0.76,TRUE,FALSE,CEPH Lab at Indiana University,2026-05-20,Rtrend RSV
South Dakota,SD,1,wk inc rsv hosp,hosp,2026-05-23,2026-05-30,CEPH-Rtrend_rsv,1,1,1,2,3,4,6,1,1,1,2,3,4,6,0.10916959059220137,0.10916959059220137,0.10916959059220137,0.21833918118440274,0.3275087717766041,0.4366783623688055,0.6550175435532082,0.11,0.11,0.11,0.22,0.33,0.44,0.66,TRUE,FALSE,CEPH Lab at Indiana University,2026-05-20,Rtrend RSV
South Dakota,SD,2,wk inc rsv hosp,hosp,2026-05-23,2026-06-06,CEPH-Rtrend_rsv,0,1,1,1,2,3,5,0,1,1,1,2,3,5,0,0.10916959059220137,0.10916959059220137,0.10916959059220137,0.21833918118440274,0.3275087717766041,0.5458479529610067,0,0.11,0.11,0.11,0.22,0.33,0.55,TRUE,FALSE,CEPH Lab at Indiana University,2026-05-20,Rtrend RSV
South Dakota,SD,0,wk inc rsv prop ed visits,prop_ed,2026-05-23,2026-05-23,CFA_Pyrenew-Pyrenew_E_RSV,4.922070388575937e-4,8.328130878552985e-4,0.0011827461385126978,0.0016684071171713538,0.0022711655312481465,0.002834219257827098,0.003628144977072715,4.9e-4,8.3e-4,0.0012,0.0017,0.0023,0.0028,0.0036,NA,NA,NA,NA,NA,NA,NA,NA,NA,NA,NA,NA,NA,NA,TRUE,FALSE,Center for Forecasting and Outbreak Analytics (CFA/CDC) Pyrenew team,2026-05-20,Pyrenew_ED_Visits_RSV
South Dakota,SD,1,wk inc rsv prop ed visits,prop_ed,2026-05-23,2026-05-30,CFA_Pyrenew-Pyrenew_E_RSV,1.6577442396005209e-4,4.877422029934595e-4,8.075534305589398e-4,0.0011890491720667686,0.0017507557570061979,0.0024948081698638962,0.003397098299289318,1.7e-4,4.9e-4,8.1e-4,0.0012,0.0018,0.0025,0.0034,NA,NA,NA,NA,NA,NA,NA,NA,NA,NA,NA,NA,NA,NA,TRUE,FALSE,Center for Forecasting and Outbreak Analytics (CFA/CDC) Pyrenew team,2026-05-20,Pyrenew_ED_Visits_RSV
South Dakota,SD,0,wk inc rsv hosp,hosp,2026-05-23,2026-05-23,CFA_Pyrenew-Pyrenew_HE_RSV,2,3,4,6,8,10,12,2,3,4,6,8,10,10,0.21833918118440274,0.3275087717766041,0.4366783623688055,0.6550175435532082,0.873356724737611,1.0916959059220135,1.3100350871064164,0.22,0.33,0.44,0.66,0.87,1.09,1.31,TRUE,FALSE,Center for Forecasting and Outbreak Analytics (CFA/CDC) Pyrenew team,2026-05-20,Pyrenew_Hospital_Admissions_ED_Visits_RSV
South Dakota,SD,1,wk inc rsv hosp,hosp,2026-05-23,2026-05-30,CFA_Pyrenew-Pyrenew_HE_RSV,1,2,3,5,6,8,11,1,2,3,5,6,8,10,0.10916959059220137,0.21833918118440274,0.3275087717766041,0.5458479529610067,0.6550175435532082,0.873356724737611,1.200865496514215,0.11,0.22,0.33,0.55,0.66,0.87,1.2,TRUE,FALSE,Center for Forecasting and Outbreak Analytics (CFA/CDC) Pyrenew team,2026-05-20,Pyrenew_Hospital_Admissions_ED_Visits_RSV
South Dakota,SD,0,wk inc rsv prop ed visits,prop_ed,2026-05-23,2026-05-23,CFA_Pyrenew-Pyrenew_HE_RSV,4.850223967216977e-4,6.753236898254724e-4,0.0010002983876057929,0.001368402431073422,0.0018614830348219686,0.0023510947332081094,0.0029931649907035856,4.9e-4,6.8e-4,0.001,0.0014,0.0019,0.0024,0.003,NA,NA,NA,NA,NA,NA,NA,NA,NA,NA,NA,NA,NA,NA,FALSE,FALSE,Center for Forecasting and Outbreak Analytics (CFA/CDC) Pyrenew team,2026-05-20,Pyrenew_Hospital_Admissions_ED_Visits_RSV
South Dakota,SD,1,wk inc rsv prop ed visits,prop_ed,2026-05-23,2026-05-30,CFA_Pyrenew-Pyrenew_HE_RSV,1.64884802521592e-4,3.3542797552695e-4,5.265466132456241e-4,9.860530681936454e-4,0.0013773753854678552,0.0019250665280585925,0.002650686209378556,1.6e-4,3.4e-4,5.3e-4,9.9e-4,0.0014,0.0019,0.0027,NA,NA,NA,NA,NA,NA,NA,NA,NA,NA,NA,NA,NA,NA,FALSE,FALSE,Center for Forecasting and Outbreak Analytics (CFA/CDC) Pyrenew team,2026-05-20,Pyrenew_Hospital_Admissions_ED_Visits_RSV
South Dakota,SD,0,wk inc rsv hosp,hosp,2026-05-23,2026-05-23,CFA_Pyrenew-Pyrenew_H_RSV,1,2,3,4,7,9,12,1,2,3,4,7,9,10,0.10916959059220137,0.21833918118440274,0.3275087717766041,0.4366783623688055,0.7641871341454095,0.9825263153298123,1.3100350871064164,0.11,0.22,0.33,0.44,0.76,0.98,1.31,FALSE,FALSE,Center for Forecasting and Outbreak Analytics (CFA/CDC) Pyrenew team,2026-05-20,Pyrenew_Hospital_Admissions_RSV
South Dakota,SD,1,wk inc rsv hosp,hosp,2026-05-23,2026-05-30,CFA_Pyrenew-Pyrenew_H_RSV,0,1,2,3,5,8,11,0,1,2,3,5,8,10,0,0.10916959059220137,0.21833918118440274,0.3275087717766041,0.5458479529610067,0.873356724737611,1.200865496514215,0,0.11,0.22,0.33,0.55,0.87,1.2,FALSE,FALSE,Center for Forecasting and Outbreak Analytics (CFA/CDC) Pyrenew team,2026-05-20,Pyrenew_Hospital_Admissions_RSV
South Dakota,SD,0,wk inc rsv hosp,hosp,2026-05-23,2026-05-23,Google_SAI-RSVEns,0,0,1.5,2.5,4.5,9,15,0,0,2,3,5,9,20,0,0,0.16375438588830205,0.27292397648050337,0.49126315766490614,0.9825263153298123,1.6375438588830202,0,0,0.16,0.27,0.49,0.98,1.64,TRUE,FALSE,Google Science AI,2026-05-20,RSVEnsemble
South Dakota,SD,1,wk inc rsv hosp,hosp,2026-05-23,2026-05-30,Google_SAI-RSVEns,0,0,1.5,2.5,4.5,7.5,14.5,0,0,2,3,5,8,10,0,0,0.16375438588830205,0.27292397648050337,0.49126315766490614,0.8187719294415101,1.5829590635869197,0,0,0.16,0.27,0.49,0.82,1.58,TRUE,FALSE,Google Science AI,2026-05-20,RSVEnsemble
South Dakota,SD,2,wk inc rsv hosp,hosp,2026-05-23,2026-06-06,Google_SAI-RSVEns,0,0,1,1.5,3.5,6,10,0,0,1,2,4,6,10,0,0,0.10916959059220137,0.16375438588830205,0.38209356707270475,0.6550175435532082,1.0916959059220135,0,0,0.11,0.16,0.38,0.66,1.09,TRUE,FALSE,Google Science AI,2026-05-20,RSVEnsemble
South Dakota,SD,0,wk inc rsv hosp,hosp,2026-05-23,2026-05-23,RSVHub-baseline,0,0,0,2,4,8,14.149999999999988,0,0,0,2,4,8,10,0,0,0,0.21833918118440274,0.4366783623688055,0.873356724737611,1.5447497068796479,0,0,0,0.22,0.44,0.87,1.54,FALSE,FALSE,RSVHub-hub-models,2026-05-20,RSVHub baseline model
South Dakota,SD,1,wk inc rsv hosp,hosp,2026-05-23,2026-05-30,RSVHub-baseline,0,0,0,2,6,11.847325473254722,17.690612906129033,0,0,0,2,6,10,20,0,0,0,0.21833918118440274,0.6550175435532082,1.2933676715277762,1.93127696828722,0,0,0,0.22,0.66,1.29,1.93,FALSE,FALSE,RSVHub-hub-models,2026-05-20,RSVHub baseline model
South Dakota,SD,2,wk inc rsv hosp,hosp,2026-05-23,2026-06-06,RSVHub-baseline,0,0,0,2,7.537305373053738,13.985676856768562,20.387693876938783,0,0,0,2,8,10,20,0,0,0,0.21833918118440274,0.8228445417446761,1.5268106166082493,2.2257161936645375,0,0,0,0.22,0.82,1.53,2.23,FALSE,FALSE,RSVHub-hub-models,2026-05-20,RSVHub baseline model
South Dakota,SD,0,wk inc rsv prop ed visits,prop_ed,2026-05-23,2026-05-23,RSVHub-baseline,0,7.999999999999991e-4,0.0019999999999999996,0.0024,0.0028,0.004,0.005714999999999988,0,8e-4,0.002,0.0024,0.0028,0.004,0.0057,NA,NA,NA,NA,NA,NA,NA,NA,NA,NA,NA,NA,NA,NA,FALSE,FALSE,RSVHub-hub-models,2026-05-20,RSVHub baseline model
South Dakota,SD,1,wk inc rsv prop ed visits,prop_ed,2026-05-23,2026-05-30,RSVHub-baseline,0,9.999999999999996e-5,0.0014999999999999992,0.0024,0.0033149716497164992,0.0049,0.006599172216722167,0,1e-4,0.0015,0.0024,0.0033,0.0049,0.0066,NA,NA,NA,NA,NA,NA,NA,NA,NA,NA,NA,NA,NA,NA,FALSE,FALSE,RSVHub-hub-models,2026-05-20,RSVHub baseline model
South Dakota,SD,2,wk inc rsv prop ed visits,prop_ed,2026-05-23,2026-06-06,RSVHub-baseline,0,0,0.0010999999999999994,0.0024,0.0037675744257442555,0.005499999999999999,0.007329117691176913,0,0,0.0011,0.0024,0.0038,0.0055,0.0073,NA,NA,NA,NA,NA,NA,NA,NA,NA,NA,NA,NA,NA,NA,FALSE,FALSE,RSVHub-hub-models,2026-05-20,RSVHub baseline model
South Dakota,SD,0,wk inc rsv hosp,hosp,2026-05-23,2026-05-23,UGA_flucast-INFLAenza,0,1,3,5,7,10,14,0,1,3,5,7,10,10,0,0.10916959059220137,0.3275087717766041,0.5458479529610067,0.7641871341454095,1.0916959059220135,1.528374268290819,0,0.11,0.33,0.55,0.76,1.09,1.53,TRUE,FALSE,UGA_flucast,2026-05-20,INFLAenza
South Dakota,SD,1,wk inc rsv hosp,hosp,2026-05-23,2026-05-30,UGA_flucast-INFLAenza,0,1,2,3,6,8,12,0,1,2,3,6,8,10,0,0.10916959059220137,0.21833918118440274,0.3275087717766041,0.6550175435532082,0.873356724737611,1.3100350871064164,0,0.11,0.22,0.33,0.66,0.87,1.31,TRUE,FALSE,UGA_flucast,2026-05-20,INFLAenza
South Dakota,SD,2,wk inc rsv hosp,hosp,2026-05-23,2026-06-06,UGA_flucast-INFLAenza,0,0,1,2,4,7,10,0,0,1,2,4,7,10,0,0,0.10916959059220137,0.21833918118440274,0.4366783623688055,0.7641871341454095,1.0916959059220135,0,0,0.11,0.22,0.44,0.76,1.09,TRUE,FALSE,UGA_flucast,2026-05-20,INFLAenza
South Dakota,SD,0,wk inc rsv prop ed visits,prop_ed,2026-05-23,2026-05-23,UGA_flucast-INFLAenza,9.366457445472926e-4,0.0012118538282374753,0.0015106325957538027,0.001874098502342054,0.002312757842418435,0.0027307781791472566,0.003353520408405843,9.4e-4,0.0012,0.0015,0.0019,0.0023,0.0027,0.0034,NA,NA,NA,NA,NA,NA,NA,NA,NA,NA,NA,NA,NA,NA,TRUE,FALSE,UGA_flucast,2026-05-20,INFLAenza
South Dakota,SD,1,wk inc rsv prop ed visits,prop_ed,2026-05-23,2026-05-30,UGA_flucast-INFLAenza,6.829095626252848e-4,9.218703161420771e-4,0.0011990243660077026,0.0015916736435438233,0.0020497666062570716,0.002538256423218636,0.003204773393426259,6.8e-4,9.2e-4,0.0012,0.0016,0.002,0.0025,0.0032,NA,NA,NA,NA,NA,NA,NA,NA,NA,NA,NA,NA,NA,NA,TRUE,FALSE,UGA_flucast,2026-05-20,INFLAenza
South Dakota,SD,2,wk inc rsv prop ed visits,prop_ed,2026-05-23,2026-06-06,UGA_flucast-INFLAenza,5.21141308807023e-4,7.29172793849744e-4,9.978786486684078e-4,0.0013731413840877603,0.0018548937803528917,0.002355248375573132,0.003059455228721631,5.2e-4,7.3e-4,0.001,0.0014,0.0019,0.0024,0.0031,NA,NA,NA,NA,NA,NA,NA,NA,NA,NA,NA,NA,NA,NA,TRUE,FALSE,UGA_flucast,2026-05-20,INFLAenza
South Dakota,SD,0,wk inc rsv hosp,hosp,2026-05-23,2026-05-23,RSVHub-ensemble,0.5,1.5,3,4,5.75,9.5,13,1,2,3,4,6,10,10,0.054584795296100684,0.16375438588830205,0.3275087717766041,0.4366783623688055,0.6277251459051578,1.037111110625913,1.4192046776986176,0.05,0.16,0.33,0.44,0.63,1.04,1.42,FALSE,TRUE,RSVHub,2026-05-20,Ensemble using RSVHub forecast submissions
South Dakota,SD,1,wk inc rsv hosp,hosp,2026-05-23,2026-05-30,RSVHub-ensemble,0.5,1,1.75,2.75,5.25,7.75,11.5,1,1,2,3,5,8,10,0.054584795296100684,0.10916959059220137,0.19104678353635238,0.30021637412855373,0.5731403506090571,0.8460643270895605,1.2554502918103156,0.05,0.11,0.19,0.3,0.57,0.85,1.26,FALSE,TRUE,RSVHub,2026-05-20,Ensemble using RSVHub forecast submissions
South Dakota,SD,2,wk inc rsv hosp,hosp,2026-05-23,2026-06-06,RSVHub-ensemble,0,0,1,1.5,3.5,6,10,0,0,1,2,4,6,10,0,0,0.10916959059220137,0.16375438588830205,0.38209356707270475,0.6550175435532082,1.0916959059220135,0,0,0.11,0.16,0.38,0.66,1.09,FALSE,TRUE,RSVHub,2026-05-20,Ensemble using RSVHub forecast submissions
South Dakota,SD,0,wk inc rsv prop ed visits,prop_ed,2026-05-23,2026-05-23,RSVHub-ensemble,7.144263917024432e-4,0.001022333458046387,0.0013466893671332503,0.001771252809756704,0.0022919616868332907,0.0027824987184871773,0.0034908326927392793,7.1e-4,0.001,0.0013,0.0018,0.0023,0.0028,0.0035,NA,NA,NA,NA,NA,NA,NA,NA,NA,NA,NA,NA,NA,NA,FALSE,TRUE,RSVHub,2026-05-20,Ensemble using RSVHub forecast submissions
South Dakota,SD,1,wk inc rsv prop ed visits,prop_ed,2026-05-23,2026-05-30,RSVHub-ensemble,4.2434199329266845e-4,7.048062595677683e-4,0.0010032888982833212,0.001390361407805296,0.0019002611816316347,0.002516532296541266,0.0033009358463577886,4.2e-4,7e-4,0.001,0.0014,0.0019,0.0025,0.0033,NA,NA,NA,NA,NA,NA,NA,NA,NA,NA,NA,NA,NA,NA,FALSE,TRUE,RSVHub,2026-05-20,Ensemble using RSVHub forecast submissions
Tennessee,TN,0,wk inc rsv hosp,hosp,2026-05-23,2026-05-23,CEPH-Rtrend_rsv,8,11,16,22,30,38,48,8,10,20,20,30,40,50,0.11256813362175165,0.15478118372990854,0.2251362672435033,0.3095623674598171,0.4221305010815687,0.5346986347033204,0.6754088017305099,0.11,0.15,0.23,0.31,0.42,0.53,0.68,TRUE,FALSE,CEPH Lab at Indiana University,2026-05-20,Rtrend RSV
Tennessee,TN,1,wk inc rsv hosp,hosp,2026-05-23,2026-05-30,CEPH-Rtrend_rsv,4,7,11,17,25,36,50,4,7,10,20,30,40,50,0.056284066810875825,0.0984971169190327,0.15478118372990854,0.23920728394622226,0.3517754175679739,0.5065566012978825,0.7035508351359478,0.06,0.1,0.15,0.24,0.35,0.51,0.7,TRUE,FALSE,CEPH Lab at Indiana University,2026-05-20,Rtrend RSV
Tennessee,TN,2,wk inc rsv hosp,hosp,2026-05-23,2026-06-06,CEPH-Rtrend_rsv,2,4,7,13,21,33,49,2,4,7,10,20,30,50,0.028142033405437913,0.056284066810875825,0.0984971169190327,0.18292321713534646,0.2954913507570981,0.46434355118972553,0.6894798184332289,0.03,0.06,0.1,0.18,0.3,0.46,0.69,TRUE,FALSE,CEPH Lab at Indiana University,2026-05-20,Rtrend RSV
Tennessee,TN,0,wk inc rsv prop ed visits,prop_ed,2026-05-23,2026-05-23,CFA_Pyrenew-Pyrenew_E_RSV,7.242789597429562e-4,8.404901742525374e-4,9.661084023539593e-4,0.0011066721152567629,0.001276769038414007,0.001450611098536591,0.0016514150115099274,7.2e-4,8.4e-4,9.7e-4,0.0011,0.0013,0.0015,0.0017,NA,NA,NA,NA,NA,NA,NA,NA,NA,NA,NA,NA,NA,NA,TRUE,FALSE,Center for Forecasting and Outbreak Analytics (CFA/CDC) Pyrenew team,2026-05-20,Pyrenew_ED_Visits_RSV
Tennessee,TN,1,wk inc rsv prop ed visits,prop_ed,2026-05-23,2026-05-30,CFA_Pyrenew-Pyrenew_E_RSV,5.6358136981827e-4,7.132811199286917e-4,8.525440185467982e-4,0.0010588564457094298,0.0012956910709300692,0.0015752819498502497,0.0020416000729972378,5.6e-4,7.1e-4,8.5e-4,0.0011,0.0013,0.0016,0.002,NA,NA,NA,NA,NA,NA,NA,NA,NA,NA,NA,NA,NA,NA,TRUE,FALSE,Center for Forecasting and Outbreak Analytics (CFA/CDC) Pyrenew team,2026-05-20,Pyrenew_ED_Visits_RSV
Tennessee,TN,0,wk inc rsv hosp,hosp,2026-05-23,2026-05-23,CFA_Pyrenew-Pyrenew_H_RSV,10.975000000000001,15,19,25,32,39,51,10,20,20,30,30,40,50,0.15442940831234056,0.21106525054078434,0.2673493173516602,0.3517754175679739,0.4502725344870066,0.5487696514060393,0.7176218518386668,0.15,0.21,0.27,0.35,0.45,0.55,0.72,FALSE,FALSE,Center for Forecasting and Outbreak Analytics (CFA/CDC) Pyrenew team,2026-05-20,Pyrenew_Hospital_Admissions_RSV
Tennessee,TN,1,wk inc rsv hosp,hosp,2026-05-23,2026-05-30,CFA_Pyrenew-Pyrenew_H_RSV,6,10,15,21,30,41,58,6,10,20,20,30,40,60,0.08442610021631373,0.14071016702718955,0.21106525054078434,0.2954913507570981,0.4221305010815687,0.5769116848114773,0.8161189687576995,0.08,0.14,0.21,0.3,0.42,0.58,0.82,FALSE,FALSE,Center for Forecasting and Outbreak Analytics (CFA/CDC) Pyrenew team,2026-05-20,Pyrenew_Hospital_Admissions_RSV
Tennessee,TN,0,wk inc rsv hosp,hosp,2026-05-23,2026-05-23,Google_SAI-RSVEns,9,13.5,17,22.5,27.5,35.5,58,9,10,20,20,30,40,60,0.12663915032447062,0.1899587254867059,0.23920728394622226,0.31659787581117654,0.3869529593247713,0.49952109294652297,0.8161189687576995,0.13,0.19,0.24,0.32,0.39,0.5,0.82,TRUE,FALSE,Google Science AI,2026-05-20,RSVEnsemble
Tennessee,TN,1,wk inc rsv hosp,hosp,2026-05-23,2026-05-30,Google_SAI-RSVEns,8,11,14.5,18.5,22.5,31,48.5,8,10,10,20,20,30,50,0.11256813362175165,0.15478118372990854,0.20402974218942488,0.2603138090003007,0.31659787581117654,0.4362015177842877,0.6824443100818695,0.11,0.15,0.2,0.26,0.32,0.44,0.68,TRUE,FALSE,Google Science AI,2026-05-20,RSVEnsemble
Tennessee,TN,2,wk inc rsv hosp,hosp,2026-05-23,2026-06-06,Google_SAI-RSVEns,6.5,7.5,11.5,15.5,20.5,26,44.5,7,8,10,20,20,30,40,0.09146160856767323,0.10553262527039217,0.161816692081268,0.21810075889214384,0.2884558424057386,0.3658464342706929,0.6261602432709935,0.09,0.11,0.16,0.22,0.29,0.37,0.63,TRUE,FALSE,Google Science AI,2026-05-20,RSVEnsemble
Tennessee,TN,0,wk inc rsv hosp,hosp,2026-05-23,2026-05-23,RSVHub-baseline,0,0,17,24,31,50,86.52499999999995,0,0,20,20,30,50,90,0,0,0.23920728394622226,0.33770440086525494,0.4362015177842877,0.7035508351359478,1.2174947202027568,0,0,0.24,0.34,0.44,0.7,1.22,FALSE,FALSE,RSVHub-hub-models,2026-05-20,RSVHub baseline model
Tennessee,TN,1,wk inc rsv hosp,hosp,2026-05-23,2026-05-30,RSVHub-baseline,0,0,10,24,39.63956139561396,65.10311703117024,107.54611821118209,0,0,10,20,40,70,110,0,0,0.14071016702718955,0.33770440086525494,0.5577689304861376,0.9160670471446634,1.5132832256621305,0,0,0.14,0.34,0.56,0.92,1.51,FALSE,FALSE,RSVHub-hub-models,2026-05-20,RSVHub baseline model
Tennessee,TN,2,wk inc rsv hosp,hosp,2026-05-23,2026-06-06,RSVHub-baseline,0,0,3.9497869978699836,24,46.02367273672737,76.95464854648552,128.06524415244158,0,0,4,20,50,80,130,0,0,0.0555775188192107,0.33770440086525494,0.6475998677989618,1.0828301450494648,1.8020081895067865,0,0,0.06,0.34,0.65,1.08,1.8,FALSE,FALSE,RSVHub-hub-models,2026-05-20,RSVHub baseline model
Tennessee,TN,0,wk inc rsv prop ed visits,prop_ed,2026-05-23,2026-05-23,RSVHub-baseline,0,1.9999999999999977e-4,9e-4,0.0011,0.0013000000000000002,0.0020000000000000005,0.003157499999999993,0,2e-4,9e-4,0.0011,0.0013,0.002,0.0032,NA,NA,NA,NA,NA,NA,NA,NA,NA,NA,NA,NA,NA,NA,FALSE,FALSE,RSVHub-hub-models,2026-05-20,RSVHub baseline model
Tennessee,TN,1,wk inc rsv prop ed visits,prop_ed,2026-05-23,2026-05-30,RSVHub-baseline,0,0,5.999999999999997e-4,0.0011,0.0016628476284762852,0.0027,0.003824316293162931,0,0,6e-4,0.0011,0.0017,0.0027,0.0038,NA,NA,NA,NA,NA,NA,NA,NA,NA,NA,NA,NA,NA,NA,FALSE,FALSE,RSVHub-hub-models,2026-05-20,RSVHub baseline model
Tennessee,TN,2,wk inc rsv prop ed visits,prop_ed,2026-05-23,2026-06-06,RSVHub-baseline,0,0,3.6789542895428965e-4,0.0011,0.001900000000000001,0.0030000000000000014,0.004375218602186025,0,0,3.7e-4,0.0011,0.0019,0.003,0.0044,NA,NA,NA,NA,NA,NA,NA,NA,NA,NA,NA,NA,NA,NA,FALSE,FALSE,RSVHub-hub-models,2026-05-20,RSVHub baseline model
Tennessee,TN,0,wk inc rsv hosp,hosp,2026-05-23,2026-05-23,UM-DeepOutbreak,0,0,0,30.095717580999995,56.58257665879685,94.57917555833332,94.57917555833332,0,0,0,30,60,90,90,0,0,0,0.4234773447625635,0.7961743812488064,1.3308251590106968,1.3308251590106968,0,0,0,0.42,0.8,1.33,1.33,TRUE,FALSE,"University of Michigan, Computer Science and Engineering",2026-05-20,DeepOutbreak
Tennessee,TN,1,wk inc rsv hosp,hosp,2026-05-23,2026-05-30,UM-DeepOutbreak,0,0,2.216336331599532,27.77820670833332,50.58016966840047,108.750210223633,136.08477124833337,0,0,2,30,50,110,140,0,0,0.03118610554077987,0.39086761056453795,0.7117144122304218,1.5302260244809378,1.9148510892209871,0,0,0.03,0.39,0.71,1.53,1.91,TRUE,FALSE,"University of Michigan, Computer Science and Engineering",2026-05-20,DeepOutbreak
Tennessee,TN,2,wk inc rsv hosp,hosp,2026-05-23,2026-06-06,UM-DeepOutbreak,0,0,0,29.7587333175,66.93645612595331,98.779868044916,190.5644732333333,0,0,0,30,70,100,190,0,0,0,0.4187356335623016,0.9418639921691038,1.3899331731523876,2.6814358858110725,0,0,0,0.42,0.94,1.39,2.68,TRUE,FALSE,"University of Michigan, Computer Science and Engineering",2026-05-20,DeepOutbreak
Tennessee,TN,0,wk inc rsv hosp,hosp,2026-05-23,2026-05-23,UGA_flucast-INFLAenza,6,10,14,20,27,37,51,6,10,10,20,30,40,50,0.08442610021631373,0.14071016702718955,0.1969942338380654,0.2814203340543791,0.3799174509734118,0.5206276180006014,0.7176218518386668,0.08,0.14,0.2,0.28,0.38,0.52,0.72,TRUE,FALSE,UGA_flucast,2026-05-20,INFLAenza
Tennessee,TN,1,wk inc rsv hosp,hosp,2026-05-23,2026-05-30,UGA_flucast-INFLAenza,4,6,10,15,22,30,42,4,6,10,20,20,30,40,0.056284066810875825,0.08442610021631373,0.14071016702718955,0.21106525054078434,0.3095623674598171,0.4221305010815687,0.5909827015141962,0.06,0.08,0.14,0.21,0.31,0.42,0.59,TRUE,FALSE,UGA_flucast,2026-05-20,INFLAenza
Tennessee,TN,2,wk inc rsv hosp,hosp,2026-05-23,2026-06-06,UGA_flucast-INFLAenza,2,4,7,11,17,25,37,2,4,7,10,20,30,40,0.028142033405437913,0.056284066810875825,0.0984971169190327,0.15478118372990854,0.23920728394622226,0.3517754175679739,0.5206276180006014,0.03,0.06,0.1,0.15,0.24,0.35,0.52,TRUE,FALSE,UGA_flucast,2026-05-20,INFLAenza
Tennessee,TN,0,wk inc rsv prop ed visits,prop_ed,2026-05-23,2026-05-23,UGA_flucast-INFLAenza,3.236809399591522e-4,4.5869134722061647e-4,6.119777375622091e-4,8.292823896820179e-4,0.0010825183125050546,0.0013532770995298587,0.0017448007087123576,3.2e-4,4.6e-4,6.1e-4,8.3e-4,0.0011,0.0014,0.0017,NA,NA,NA,NA,NA,NA,NA,NA,NA,NA,NA,NA,NA,NA,TRUE,FALSE,UGA_flucast,2026-05-20,INFLAenza
Tennessee,TN,1,wk inc rsv prop ed visits,prop_ed,2026-05-23,2026-05-30,UGA_flucast-INFLAenza,2.3280230331621502e-4,3.666471363331539e-4,5.274682269425313e-4,7.338830549990211e-4,9.830346946083156e-4,0.0012915503714723863,0.0016979339433841854,2.3e-4,3.7e-4,5.3e-4,7.3e-4,9.8e-4,0.0013,0.0017,NA,NA,NA,NA,NA,NA,NA,NA,NA,NA,NA,NA,NA,NA,TRUE,FALSE,UGA_flucast,2026-05-20,INFLAenza
Tennessee,TN,2,wk inc rsv prop ed visits,prop_ed,2026-05-23,2026-06-06,UGA_flucast-INFLAenza,1.906536362451885e-4,3.062275368944115e-4,4.4090795321633257e-4,6.440332462862857e-4,9.10001800850094e-4,0.0012240990989680653,0.0016473881183552634,1.9e-4,3.1e-4,4.4e-4,6.4e-4,9.1e-4,0.0012,0.0016,NA,NA,NA,NA,NA,NA,NA,NA,NA,NA,NA,NA,NA,NA,TRUE,FALSE,UGA_flucast,2026-05-20,INFLAenza
Tennessee,TN,0,wk inc rsv hosp,hosp,2026-05-23,2026-05-23,RSVHub-ensemble,7,10.5,15,22.25,28.75,37.5,54.5,7,10,20,20,30,40,50,0.0984971169190327,0.14774567537854905,0.21106525054078434,0.31308012163549676,0.40454173020316997,0.5276631263519609,0.7668704102981831,0.1,0.15,0.21,0.31,0.4,0.53,0.77,FALSE,TRUE,RSVHub,2026-05-20,Ensemble using RSVHub forecast submissions
Tennessee,TN,1,wk inc rsv hosp,hosp,2026-05-23,2026-05-30,RSVHub-ensemble,4,6.5,10.5,17.75,23.75,33.5,49.25,4,7,10,20,20,30,50,0.056284066810875825,0.09146160856767323,0.14774567537854905,0.24976054647326149,0.3341866466895752,0.47137905954108505,0.6929975726089086,0.06,0.09,0.15,0.25,0.33,0.47,0.69,FALSE,TRUE,RSVHub,2026-05-20,Ensemble using RSVHub forecast submissions
Tennessee,TN,2,wk inc rsv hosp,hosp,2026-05-23,2026-06-06,RSVHub-ensemble,2,4,7,14.25,20.75,29.5,46.75,2,4,7,10,20,30,50,0.028142033405437913,0.056284066810875825,0.0984971169190327,0.20051198801374512,0.29197359658141836,0.4150949927302092,0.6578200308521113,0.03,0.06,0.1,0.2,0.29,0.42,0.66,FALSE,TRUE,RSVHub,2026-05-20,Ensemble using RSVHub forecast submissions
Tennessee,TN,0,wk inc rsv prop ed visits,prop_ed,2026-05-23,2026-05-23,RSVHub-ensemble,5.239799498510542e-4,6.495907607365769e-4,7.890430699580842e-4,9.679772524693903e-4,0.001179643675459531,0.0014019440990332248,0.0016981078601111424,5.2e-4,6.5e-4,7.9e-4,9.7e-4,0.0012,0.0014,0.0017,NA,NA,NA,NA,NA,NA,NA,NA,NA,NA,NA,NA,NA,NA,FALSE,TRUE,RSVHub,2026-05-20,Ensemble using RSVHub forecast submissions
Tennessee,TN,1,wk inc rsv prop ed visits,prop_ed,2026-05-23,2026-05-30,RSVHub-ensemble,3.9819183656724256e-4,5.399641281309228e-4,6.900061227446648e-4,8.963697503542255e-4,0.0011393628827691925,0.0014334161606613179,0.0018697670081907116,4e-4,5.4e-4,6.9e-4,9e-4,0.0011,0.0014,0.0019,NA,NA,NA,NA,NA,NA,NA,NA,NA,NA,NA,NA,NA,NA,FALSE,TRUE,RSVHub,2026-05-20,Ensemble using RSVHub forecast submissions
Texas,TX,0,wk inc rsv hosp,hosp,2026-05-23,2026-05-23,CEPH-Rtrend_rsv,27,44,61,92,133,174,232,30,40,60,90,130,170,230,0.08884175815338655,0.14477916143514843,0.20071656471691035,0.30272006481894675,0.4376279197926078,0.5725357747662688,0.7633810330216918,0.09,0.14,0.2,0.3,0.44,0.57,0.76,TRUE,FALSE,CEPH Lab at Indiana University,2026-05-20,Rtrend RSV
Texas,TX,1,wk inc rsv hosp,hosp,2026-05-23,2026-05-30,CEPH-Rtrend_rsv,17,27,48,78,123,177,246,20,30,50,80,120,180,250,0.0559374032817619,0.08884175815338655,0.1579409033837983,0.25665396799867224,0.4047235649209831,0.5824070812277563,0.8094471298419662,0.06,0.09,0.16,0.26,0.4,0.58,0.81,TRUE,FALSE,CEPH Lab at Indiana University,2026-05-20,Rtrend RSV
Texas,TX,2,wk inc rsv hosp,hosp,2026-05-23,2026-06-06,CEPH-Rtrend_rsv,7,17,34,61,106,160,228,7,20,30,60,110,160,230,0.02303304841013725,0.0559374032817619,0.1118748065635238,0.20071656471691035,0.34878616163922127,0.5264696779459943,0.750219291073042,0.02,0.06,0.11,0.2,0.35,0.53,0.75,TRUE,FALSE,CEPH Lab at Indiana University,2026-05-20,Rtrend RSV
Texas,TX,0,wk inc rsv prop ed visits,prop_ed,2026-05-23,2026-05-23,CFA_Pyrenew-Pyrenew_E_RSV,6.294690350985376e-4,7.029894090191782e-4,7.691269071929978e-4,8.541041704204865e-4,9.387754675747629e-4,0.0010300064985360687,0.0011331316661761402,6.3e-4,7e-4,7.7e-4,8.5e-4,9.4e-4,0.001,0.0011,NA,NA,NA,NA,NA,NA,NA,NA,NA,NA,NA,NA,NA,NA,TRUE,FALSE,Center for Forecasting and Outbreak Analytics (CFA/CDC) Pyrenew team,2026-05-20,Pyrenew_ED_Visits_RSV
Texas,TX,1,wk inc rsv prop ed visits,prop_ed,2026-05-23,2026-05-30,CFA_Pyrenew-Pyrenew_E_RSV,4.3786487299689954e-4,5.461641984129188e-4,6.586144214131373e-4,7.854306136729282e-4,9.239178897295663e-4,0.0010890183006164404,0.0013330051728614753,4.4e-4,5.5e-4,6.6e-4,7.9e-4,9.2e-4,0.0011,0.0013,NA,NA,NA,NA,NA,NA,NA,NA,NA,NA,NA,NA,NA,NA,TRUE,FALSE,Center for Forecasting and Outbreak Analytics (CFA/CDC) Pyrenew team,2026-05-20,Pyrenew_ED_Visits_RSV
Texas,TX,0,wk inc rsv hosp,hosp,2026-05-23,2026-05-23,CFA_Pyrenew-Pyrenew_H_RSV,45,57,70,86,108,130,163,50,60,70,90,110,130,160,0.14806959692231092,0.1875548227682605,0.23033048410137255,0.28297745189597195,0.3553670326135462,0.4277566133311204,0.5363409844074818,0.15,0.19,0.23,0.28,0.36,0.43,0.54,FALSE,FALSE,Center for Forecasting and Outbreak Analytics (CFA/CDC) Pyrenew team,2026-05-20,Pyrenew_Hospital_Admissions_RSV
Texas,TX,1,wk inc rsv hosp,hosp,2026-05-23,2026-05-30,CFA_Pyrenew-Pyrenew_H_RSV,29,42,56,77,106.25,143.10000000000014,192,30,40,60,80,110,140,190,0.09542262912771148,0.13819829046082352,0.184264387281098,0.2533635325115098,0.34960877051101186,0.4708613182129492,0.6317636135351932,0.1,0.14,0.18,0.25,0.35,0.47,0.63,FALSE,FALSE,Center for Forecasting and Outbreak Analytics (CFA/CDC) Pyrenew team,2026-05-20,Pyrenew_Hospital_Admissions_RSV
Texas,TX,0,wk inc rsv hosp,hosp,2026-05-23,2026-05-23,Google_SAI-RSVEns,41.5,59,65,77.5,96,122.5,176.5,40,60,70,80,100,120,180,0.13655307271724226,0.1941356937425854,0.2138783066655602,0.255008750255091,0.3158818067675966,0.4030783471774019,0.580761863484175,0.14,0.19,0.21,0.26,0.32,0.4,0.58,TRUE,FALSE,Google Science AI,2026-05-20,RSVEnsemble
Texas,TX,1,wk inc rsv hosp,hosp,2026-05-23,2026-05-30,Google_SAI-RSVEns,31.5,45,54,67.5,82.5,107.5,143.5,30,50,50,70,80,110,140,0.10364871784561763,0.14806959692231092,0.1776835163067731,0.22210439538346638,0.2714609276909033,0.35372181486996496,0.47217749240781365,0.1,0.15,0.18,0.22,0.27,0.35,0.47,TRUE,FALSE,Google Science AI,2026-05-20,RSVEnsemble
Texas,TX,2,wk inc rsv hosp,hosp,2026-05-23,2026-06-06,Google_SAI-RSVEns,31,40,46.5,59,76.5,98,150.5,30,40,50,60,80,100,150,0.10200350010203642,0.13161741948649858,0.1530052501530546,0.1941356937425854,0.25171831476792855,0.32246267774192156,0.49521054081795096,0.1,0.13,0.15,0.19,0.25,0.32,0.5,TRUE,FALSE,Google Science AI,2026-05-20,RSVEnsemble
Texas,TX,0,wk inc rsv hosp,hosp,2026-05-23,2026-05-23,RSVHub-baseline,0,13.399999999999999,58.24999999999999,87,115.74999999999999,160.60000000000005,237.82499999999993,0,10,60,90,120,160,240,0,0.044091835527977026,0.19166786712721356,0.2862678873831344,0.38086790763905526,0.528443939238292,0.7825478197344129,0,0.04,0.19,0.29,0.38,0.53,0.78,FALSE,FALSE,RSVHub-hub-models,2026-05-20,RSVHub baseline model
Texas,TX,1,wk inc rsv hosp,hosp,2026-05-23,2026-05-30,RSVHub-baseline,0,0,32.77862278622786,87,144.9977949779498,215.11742117421167,298.14163941639407,0,0,30,90,140,220,300,0,0,0.10785594363611632,0.2862678873831344,0.47710589015575344,0.7078299965385003,0.9810158305364984,0,0,0.11,0.29,0.48,0.71,0.98,FALSE,FALSE,RSVHub-hub-models,2026-05-20,RSVHub baseline model
Texas,TX,2,wk inc rsv hosp,hosp,2026-05-23,2026-06-06,RSVHub-baseline,0,0,17.304545545455476,87,160.08138081380815,240.22610926109286,352.39112091120916,0,0,20,90,160,240,350,0,0,0.05693949075198585,0.2862678873831344,0.5267374562637228,0.7904485148556676,1.1595202496072017,0,0,0.06,0.29,0.53,0.79,1.16,FALSE,FALSE,RSVHub-hub-models,2026-05-20,RSVHub baseline model
Texas,TX,0,wk inc rsv prop ed visits,prop_ed,2026-05-23,2026-05-23,RSVHub-baseline,0,0,7.000000000000001e-4,9e-4,0.0010999999999999998,0.0018999999999999991,0.003000000000000001,0,0,7e-4,9e-4,0.0011,0.0019,0.003,NA,NA,NA,NA,NA,NA,NA,NA,NA,NA,NA,NA,NA,NA,FALSE,FALSE,RSVHub-hub-models,2026-05-20,RSVHub baseline model
Texas,TX,1,wk inc rsv prop ed visits,prop_ed,2026-05-23,2026-05-30,RSVHub-baseline,0,0,3.9999999999999996e-4,9e-4,0.0014312478124781244,0.0024000000000000002,0.0036999999999999993,0,0,4e-4,9e-4,0.0014,0.0024,0.0037,NA,NA,NA,NA,NA,NA,NA,NA,NA,NA,NA,NA,NA,NA,FALSE,FALSE,RSVHub-hub-models,2026-05-20,RSVHub baseline model
Texas,TX,2,wk inc rsv prop ed visits,prop_ed,2026-05-23,2026-06-06,RSVHub-baseline,0,0,1.9999999999999977e-4,9e-4,0.0017000000000000006,0.002800000000000001,0.004148184531845315,0,0,2e-4,9e-4,0.0017,0.0028,0.0041,NA,NA,NA,NA,NA,NA,NA,NA,NA,NA,NA,NA,NA,NA,FALSE,FALSE,RSVHub-hub-models,2026-05-20,RSVHub baseline model
Texas,TX,0,wk inc rsv hosp,hosp,2026-05-23,2026-05-23,UGA_flucast-INFLAenza,25,35,47,64,88,114,153,30,40,50,60,90,110,150,0.08226088717906162,0.11516524205068628,0.15465046789663583,0.21058787117839772,0.28955832287029687,0.375109645536521,0.5034366295358571,0.08,0.12,0.15,0.21,0.29,0.38,0.5,TRUE,FALSE,UGA_flucast,2026-05-20,INFLAenza
Texas,TX,1,wk inc rsv hosp,hosp,2026-05-23,2026-05-30,UGA_flucast-INFLAenza,16,23,33,48,68,94,133,20,20,30,50,70,90,130,0.05264696779459943,0.07568001620473669,0.10858437107636133,0.1579409033837983,0.2237496131270476,0.30930093579327167,0.4376279197926078,0.05,0.08,0.11,0.16,0.22,0.31,0.44,TRUE,FALSE,UGA_flucast,2026-05-20,INFLAenza
Texas,TX,2,wk inc rsv hosp,hosp,2026-05-23,2026-06-06,UGA_flucast-INFLAenza,10,16,23,36,54,78,117,10,20,20,40,50,80,120,0.032904354871624644,0.05264696779459943,0.07568001620473669,0.11845567753784872,0.1776835163067731,0.25665396799867224,0.38498095199800836,0.03,0.05,0.08,0.12,0.18,0.26,0.38,TRUE,FALSE,UGA_flucast,2026-05-20,INFLAenza
Texas,TX,0,wk inc rsv prop ed visits,prop_ed,2026-05-23,2026-05-23,UGA_flucast-INFLAenza,2.412921766236099e-4,3.502452255886892e-4,4.833929447844778e-4,6.681601072551068e-4,8.929785086103519e-4,0.0011386022453504538,0.0014325914037434902,2.4e-4,3.5e-4,4.8e-4,6.7e-4,8.9e-4,0.0011,0.0014,NA,NA,NA,NA,NA,NA,NA,NA,NA,NA,NA,NA,NA,NA,TRUE,FALSE,UGA_flucast,2026-05-20,INFLAenza
Texas,TX,1,wk inc rsv prop ed visits,prop_ed,2026-05-23,2026-05-30,UGA_flucast-INFLAenza,1.6947945413185383e-4,2.7911059704630075e-4,4.0786170705577225e-4,5.859759582033846e-4,8.130188254814607e-4,0.0010943827966061164,0.0014316462913507306,1.7e-4,2.8e-4,4.1e-4,5.9e-4,8.1e-4,0.0011,0.0014,NA,NA,NA,NA,NA,NA,NA,NA,NA,NA,NA,NA,NA,NA,TRUE,FALSE,UGA_flucast,2026-05-20,INFLAenza
Texas,TX,2,wk inc rsv prop ed visits,prop_ed,2026-05-23,2026-06-06,UGA_flucast-INFLAenza,1.363250558576584e-4,2.3405319443312695e-4,3.5708500383359353e-4,5.369173626403809e-4,7.633319342034212e-4,0.0010227595644825042,0.0013856267048882882,1.4e-4,2.3e-4,3.6e-4,5.4e-4,7.6e-4,0.001,0.0014,NA,NA,NA,NA,NA,NA,NA,NA,NA,NA,NA,NA,NA,NA,TRUE,FALSE,UGA_flucast,2026-05-20,INFLAenza
Texas,TX,0,wk inc rsv hosp,hosp,2026-05-23,2026-05-23,RSVHub-ensemble,27,44,61,77.5,96,122.5,176.5,30,40,60,80,100,120,180,0.08884175815338655,0.14477916143514843,0.20071656471691035,0.255008750255091,0.3158818067675966,0.4030783471774019,0.580761863484175,0.09,0.14,0.2,0.26,0.32,0.4,0.58,FALSE,TRUE,RSVHub,2026-05-20,Ensemble using RSVHub forecast submissions
Texas,TX,1,wk inc rsv hosp,hosp,2026-05-23,2026-05-30,RSVHub-ensemble,17,27,48,67.5,82.5,107.5,143.5,20,30,50,70,80,110,140,0.0559374032817619,0.08884175815338655,0.1579409033837983,0.22210439538346638,0.2714609276909033,0.35372181486996496,0.47217749240781365,0.06,0.09,0.16,0.22,0.27,0.35,0.47,FALSE,TRUE,RSVHub,2026-05-20,Ensemble using RSVHub forecast submissions
Texas,TX,2,wk inc rsv hosp,hosp,2026-05-23,2026-06-06,RSVHub-ensemble,10,17,34,59,76.5,98,150.5,10,20,30,60,80,100,150,0.032904354871624644,0.0559374032817619,0.1118748065635238,0.1941356937425854,0.25171831476792855,0.32246267774192156,0.49521054081795096,0.03,0.06,0.11,0.19,0.25,0.32,0.5,FALSE,TRUE,RSVHub,2026-05-20,Ensemble using RSVHub forecast submissions
Texas,TX,0,wk inc rsv prop ed visits,prop_ed,2026-05-23,2026-05-23,RSVHub-ensemble,4.3538060586107374e-4,5.266173173039337e-4,6.262599259887378e-4,7.611321388377966e-4,9.158769880925574e-4,0.0010843043719432613,0.0012828615349598153,4.4e-4,5.3e-4,6.3e-4,7.6e-4,9.2e-4,0.0011,0.0013,NA,NA,NA,NA,NA,NA,NA,NA,NA,NA,NA,NA,NA,NA,FALSE,TRUE,RSVHub,2026-05-20,Ensemble using RSVHub forecast submissions
Texas,TX,1,wk inc rsv prop ed visits,prop_ed,2026-05-23,2026-05-30,RSVHub-ensemble,3.0367216356437667e-4,4.1263739772960976e-4,5.332380642344548e-4,6.857032859381564e-4,8.684683576055135e-4,0.0010917005486112785,0.001382325732106103,3e-4,4.1e-4,5.3e-4,6.9e-4,8.7e-4,0.0011,0.0014,NA,NA,NA,NA,NA,NA,NA,NA,NA,NA,NA,NA,NA,NA,FALSE,TRUE,RSVHub,2026-05-20,Ensemble using RSVHub forecast submissions
Utah,UT,0,wk inc rsv hosp,hosp,2026-05-23,2026-05-23,CEPH-Rtrend_rsv,2,3,4,6,8,10,13,2,3,4,6,8,10,10,0.058594442375735106,0.08789166356360265,0.11718888475147021,0.1757833271272053,0.23437776950294043,0.2929722118786755,0.3808638754422782,0.06,0.09,0.12,0.18,0.23,0.29,0.38,TRUE,FALSE,CEPH Lab at Indiana University,2026-05-20,Rtrend RSV
Utah,UT,1,wk inc rsv hosp,hosp,2026-05-23,2026-05-30,CEPH-Rtrend_rsv,1,2,3,5,7,10,14,1,2,3,5,7,10,10,0.029297221187867553,0.058594442375735106,0.08789166356360265,0.14648610593933775,0.20508054831507286,0.2929722118786755,0.4101610966301457,0.03,0.06,0.09,0.15,0.21,0.29,0.41,TRUE,FALSE,CEPH Lab at Indiana University,2026-05-20,Rtrend RSV
Utah,UT,2,wk inc rsv hosp,hosp,2026-05-23,2026-06-06,CEPH-Rtrend_rsv,1,1,2,3,6,10,16,1,1,2,3,6,10,20,0.029297221187867553,0.029297221187867553,0.058594442375735106,0.08789166356360265,0.1757833271272053,0.2929722118786755,0.46875553900588085,0.03,0.03,0.06,0.09,0.18,0.29,0.47,TRUE,FALSE,CEPH Lab at Indiana University,2026-05-20,Rtrend RSV
Utah,UT,0,wk inc rsv prop ed visits,prop_ed,2026-05-23,2026-05-23,CFA_Pyrenew-Pyrenew_E_RSV,1.937526793868185e-4,3.278841897730284e-4,4.2529008998067747e-4,5.66484222464968e-4,7.251593952968738e-4,8.887830508954795e-4,0.0010832212788396693,1.9e-4,3.3e-4,4.3e-4,5.7e-4,7.3e-4,8.9e-4,0.0011,NA,NA,NA,NA,NA,NA,NA,NA,NA,NA,NA,NA,NA,NA,TRUE,FALSE,Center for Forecasting and Outbreak Analytics (CFA/CDC) Pyrenew team,2026-05-20,Pyrenew_ED_Visits_RSV
Utah,UT,1,wk inc rsv prop ed visits,prop_ed,2026-05-23,2026-05-30,CFA_Pyrenew-Pyrenew_E_RSV,9.410046315611e-5,1.4854400147478158e-4,2.508933553781946e-4,3.8442566098020675e-4,5.458121392352598e-4,7.2173117387961e-4,9.672654656031977e-4,9.4e-5,1.5e-4,2.5e-4,3.8e-4,5.5e-4,7.2e-4,9.7e-4,NA,NA,NA,NA,NA,NA,NA,NA,NA,NA,NA,NA,NA,NA,TRUE,FALSE,Center for Forecasting and Outbreak Analytics (CFA/CDC) Pyrenew team,2026-05-20,Pyrenew_ED_Visits_RSV
Utah,UT,0,wk inc rsv hosp,hosp,2026-05-23,2026-05-23,CFA_Pyrenew-Pyrenew_H_RSV,1,3,5,7,11,15,22,1,3,5,7,10,20,20,0.029297221187867553,0.08789166356360265,0.14648610593933775,0.20508054831507286,0.3222694330665431,0.43945831781801326,0.6445388661330862,0.03,0.09,0.15,0.21,0.32,0.44,0.64,FALSE,FALSE,Center for Forecasting and Outbreak Analytics (CFA/CDC) Pyrenew team,2026-05-20,Pyrenew_Hospital_Admissions_RSV
Utah,UT,1,wk inc rsv hosp,hosp,2026-05-23,2026-05-30,CFA_Pyrenew-Pyrenew_H_RSV,0,2,4,7,12,19,30,0,2,4,7,10,20,30,0,0.058594442375735106,0.11718888475147021,0.20508054831507286,0.3515666542544106,0.5566472025694835,0.8789166356360265,0,0.06,0.12,0.21,0.35,0.56,0.88,FALSE,FALSE,Center for Forecasting and Outbreak Analytics (CFA/CDC) Pyrenew team,2026-05-20,Pyrenew_Hospital_Admissions_RSV
Utah,UT,0,wk inc rsv hosp,hosp,2026-05-23,2026-05-23,Google_SAI-RSVEns,0.5,2,3.5,6,8.5,13,19,1,2,4,6,9,10,20,0.014648610593933777,0.058594442375735106,0.10254027415753643,0.1757833271272053,0.2490263800968742,0.3808638754422782,0.5566472025694835,0.01,0.06,0.1,0.18,0.25,0.38,0.56,TRUE,FALSE,Google Science AI,2026-05-20,RSVEnsemble
Utah,UT,1,wk inc rsv hosp,hosp,2026-05-23,2026-05-30,Google_SAI-RSVEns,0.5,2,3.5,5.5,7,12,18,1,2,4,6,7,10,20,0.014648610593933777,0.058594442375735106,0.10254027415753643,0.16113471653327155,0.20508054831507286,0.3515666542544106,0.5273499813816159,0.01,0.06,0.1,0.16,0.21,0.35,0.53,TRUE,FALSE,Google Science AI,2026-05-20,RSVEnsemble
Utah,UT,2,wk inc rsv hosp,hosp,2026-05-23,2026-06-06,Google_SAI-RSVEns,0,1.5,3.5,4.5,5.5,7.5,11,0,2,4,5,6,8,10,0,0.04394583178180132,0.10254027415753643,0.13183749534540398,0.16113471653327155,0.21972915890900663,0.3222694330665431,0,0.04,0.1,0.13,0.16,0.22,0.32,TRUE,FALSE,Google Science AI,2026-05-20,RSVEnsemble
Utah,UT,0,wk inc rsv hosp,hosp,2026-05-23,2026-05-23,RSVHub-baseline,0,0,5.2499999999999964,8,10.749999999999996,19.30000000000002,54.37499999999997,0,0,5,8,10,20,50,0,0,0.15381041123630454,0.23437776950294043,0.31494512776957606,0.5654363689258443,1.5930364020902974,0,0,0.15,0.23,0.31,0.57,1.59,FALSE,FALSE,RSVHub-hub-models,2026-05-20,RSVHub baseline model
Utah,UT,1,wk inc rsv hosp,hosp,2026-05-23,2026-05-30,RSVHub-baseline,0,0,2,8,15.095175951759515,34.1241652416524,60.26046910469103,0,0,2,8,20,30,60,0,0,0.058594442375735106,0.23437776950294043,0.4422467087284776,0.9997432169360321,1.7654642922447923,0,0,0.06,0.23,0.44,1,1.77,FALSE,FALSE,RSVHub-hub-models,2026-05-20,RSVHub baseline model
Utah,UT,2,wk inc rsv hosp,hosp,2026-05-23,2026-06-06,RSVHub-baseline,0,0,0,8,19.00470504705047,44.969713697136996,66.46031210312098,0,0,0,8,20,40,70,0,0,0,0.23437776950294043,0.5567850473736204,1.3174876489400995,1.9471024638998464,0,0,0,0.23,0.56,1.32,1.95,FALSE,FALSE,RSVHub-hub-models,2026-05-20,RSVHub baseline model
Utah,UT,0,wk inc rsv prop ed visits,prop_ed,2026-05-23,2026-05-23,RSVHub-baseline,0,0,3.9999999999999996e-4,6e-4,7.999999999999999e-4,0.0019300000000000035,0.004200000000000001,0,0,4e-4,6e-4,8e-4,0.0019,0.0042,NA,NA,NA,NA,NA,NA,NA,NA,NA,NA,NA,NA,NA,NA,FALSE,FALSE,RSVHub-hub-models,2026-05-20,RSVHub baseline model
Utah,UT,1,wk inc rsv prop ed visits,prop_ed,2026-05-23,2026-05-30,RSVHub-baseline,0,0,1e-4,6e-4,0.0013720659706597052,0.003021207812078119,0.005844382293822918,0,0,1e-4,6e-4,0.0014,0.003,0.0058,NA,NA,NA,NA,NA,NA,NA,NA,NA,NA,NA,NA,NA,NA,FALSE,FALSE,RSVHub-hub-models,2026-05-20,RSVHub baseline model
Utah,UT,2,wk inc rsv prop ed visits,prop_ed,2026-05-23,2026-06-06,RSVHub-baseline,0,0,0,5.999999999999998e-4,0.0017340770907709087,0.0036647521475214806,0.006781909319093204,0,0,0,6e-4,0.0017,0.0037,0.0068,NA,NA,NA,NA,NA,NA,NA,NA,NA,NA,NA,NA,NA,NA,FALSE,FALSE,RSVHub-hub-models,2026-05-20,RSVHub baseline model
Utah,UT,0,wk inc rsv hosp,hosp,2026-05-23,2026-05-23,UM-DeepOutbreak,0,0,0,10.18006929375,21.24347429904762,46.9136221075,46.9136221075,0,0,0,10,20,50,50,0,0,0,0.29824774180681235,0.6223747653379776,1.3744387636074606,1.3744387636074606,0,0,0,0.3,0.62,1.37,1.37,TRUE,FALSE,"University of Michigan, Computer Science and Engineering",2026-05-20,DeepOutbreak
Utah,UT,1,wk inc rsv hosp,hosp,2026-05-23,2026-05-30,UM-DeepOutbreak,0,0,0,9.520793966666664,24.14050869698333,49.85402189146579,54.343158591666665,0,0,0,10,20,50,50,0,0,0,0.27893280672554815,0.7072498228831609,1.4605843064590645,1.5921035373074233,0,0,0,0.28,0.71,1.46,1.59,TRUE,FALSE,"University of Michigan, Computer Science and Engineering",2026-05-20,DeepOutbreak
Utah,UT,2,wk inc rsv hosp,hosp,2026-05-23,2026-06-06,UM-DeepOutbreak,0,0,0,14.2868537625,46.64608316405901,64.41145459466,69.4848412625,0,0,0,10,50,60,70,0,0,0,0.4185651147586803,1.3666006160051014,1.8870766322920418,2.035712763671328,0,0,0,0.42,1.37,1.89,2.04,TRUE,FALSE,"University of Michigan, Computer Science and Engineering",2026-05-20,DeepOutbreak
Utah,UT,0,wk inc rsv hosp,hosp,2026-05-23,2026-05-23,UGA_flucast-INFLAenza,0,1,2,4,6,9,13,0,1,2,4,6,9,10,0,0.029297221187867553,0.058594442375735106,0.11718888475147021,0.1757833271272053,0.26367499069080796,0.3808638754422782,0,0.03,0.06,0.12,0.18,0.26,0.38,TRUE,FALSE,UGA_flucast,2026-05-20,INFLAenza
Utah,UT,1,wk inc rsv hosp,hosp,2026-05-23,2026-05-30,UGA_flucast-INFLAenza,0,1,2,3,5,8,12,0,1,2,3,5,8,10,0,0.029297221187867553,0.058594442375735106,0.08789166356360265,0.14648610593933775,0.23437776950294043,0.3515666542544106,0,0.03,0.06,0.09,0.15,0.23,0.35,TRUE,FALSE,UGA_flucast,2026-05-20,INFLAenza
Utah,UT,2,wk inc rsv hosp,hosp,2026-05-23,2026-06-06,UGA_flucast-INFLAenza,0,0,1,2,4,7,11,0,0,1,2,4,7,10,0,0,0.029297221187867553,0.058594442375735106,0.11718888475147021,0.20508054831507286,0.3222694330665431,0,0,0.03,0.06,0.12,0.21,0.32,TRUE,FALSE,UGA_flucast,2026-05-20,INFLAenza
Utah,UT,0,wk inc rsv prop ed visits,prop_ed,2026-05-23,2026-05-23,UGA_flucast-INFLAenza,2.6431077589629694e-4,3.837117702249192e-4,5.184573791697539e-4,7.00927062217864e-4,9.271816378453111e-4,0.0011654570777180815,0.0014569346324099738,2.6e-4,3.8e-4,5.2e-4,7e-4,0.00093000000000000005,0.0012,0.0015,NA,NA,NA,NA,NA,NA,NA,NA,NA,NA,NA,NA,NA,NA,TRUE,FALSE,UGA_flucast,2026-05-20,INFLAenza
Utah,UT,1,wk inc rsv prop ed visits,prop_ed,2026-05-23,2026-05-30,UGA_flucast-INFLAenza,1.846766529634596e-4,2.9797882298793866e-4,4.2021564572349766e-4,6.138745729955197e-4,8.403714586192493e-4,0.0010975433348831426,0.001452658974547407,1.8e-4,3e-4,4.2e-4,6.1e-4,8.4e-4,0.0011,0.0015,NA,NA,NA,NA,NA,NA,NA,NA,NA,NA,NA,NA,NA,NA,TRUE,FALSE,UGA_flucast,2026-05-20,INFLAenza
Utah,UT,2,wk inc rsv prop ed visits,prop_ed,2026-05-23,2026-06-06,UGA_flucast-INFLAenza,1.4314976293255098e-4,2.4097893809217405e-4,3.616128917514206e-4,5.380562037457049e-4,7.709052268891251e-4,0.0010232865892218024,0.0013873321980363929,1.4e-4,2.4e-4,3.6e-4,5.4e-4,7.7e-4,0.001,0.0014,NA,NA,NA,NA,NA,NA,NA,NA,NA,NA,NA,NA,NA,NA,TRUE,FALSE,UGA_flucast,2026-05-20,INFLAenza
Utah,UT,0,wk inc rsv hosp,hosp,2026-05-23,2026-05-23,RSVHub-ensemble,0.25,1.5,2.75,6,8.25,11.5,16,0,2,3,6,8,10,20,0.007324305296966888,0.04394583178180132,0.08056735826663577,0.1757833271272053,0.24170207479990732,0.33691804366047684,0.46875553900588085,0.01,0.04,0.08,0.18,0.24,0.34,0.47,FALSE,TRUE,RSVHub,2026-05-20,Ensemble using RSVHub forecast submissions
Utah,UT,1,wk inc rsv hosp,hosp,2026-05-23,2026-05-30,RSVHub-ensemble,0.25,1.5,2.5,5.25,7,11,16,0,2,3,5,7,10,20,0.007324305296966888,0.04394583178180132,0.07324305296966888,0.15381041123630465,0.20508054831507286,0.3222694330665431,0.46875553900588085,0.01,0.04,0.07,0.15,0.21,0.32,0.47,FALSE,TRUE,RSVHub,2026-05-20,Ensemble using RSVHub forecast submissions
Utah,UT,2,wk inc rsv hosp,hosp,2026-05-23,2026-06-06,RSVHub-ensemble,0,0.5,1.5,3.75,5.75,8.75,13.5,0,1,2,4,6,9,10,0,0.014648610593933777,0.04394583178180132,0.10986457945450331,0.16845902183023842,0.2563506853938411,0.395512486036212,0,0.01,0.04,0.11,0.17,0.26,0.4,FALSE,TRUE,RSVHub,2026-05-20,Ensemble using RSVHub forecast submissions
Utah,UT,0,wk inc rsv prop ed visits,prop_ed,2026-05-23,2026-05-23,RSVHub-ensemble,2.2903172764155772e-4,3.557979799989738e-4,4.718737345752157e-4,6.33705642341416e-4,8.261705165710924e-4,0.0010271200643067805,0.0012700779556248216,2.3e-4,3.6e-4,4.7e-4,6.3e-4,8.3e-4,0.001,0.0013,NA,NA,NA,NA,NA,NA,NA,NA,NA,NA,NA,NA,NA,NA,FALSE,TRUE,RSVHub,2026-05-20,Ensemble using RSVHub forecast submissions
Utah,UT,1,wk inc rsv prop ed visits,prop_ed,2026-05-23,2026-05-30,RSVHub-ensemble,1.393885580597848e-4,2.2326141223136012e-4,3.3555450055084617e-4,4.991501169878633e-4,6.930917989272545e-4,9.096372543813762e-4,0.0012099622200753024,1.4e-4,2.2e-4,3.4e-4,5e-4,6.9e-4,9.1e-4,0.0012,NA,NA,NA,NA,NA,NA,NA,NA,NA,NA,NA,NA,NA,NA,FALSE,TRUE,RSVHub,2026-05-20,Ensemble using RSVHub forecast submissions
Vermont,VT,0,wk inc rsv hosp,hosp,2026-05-23,2026-05-23,CEPH-Rtrend_rsv,3,4,5,6,7,9,10,3,4,5,6,7,9,10,0.4634528784285858,0.6179371712381144,0.7724214640476429,0.9269057568571716,1.0813900496667002,1.3903586352857573,1.5448429280952858,0.46,0.62,0.77,0.93,1.08,1.39,1.54,TRUE,FALSE,CEPH Lab at Indiana University,2026-05-20,Rtrend RSV
Vermont,VT,1,wk inc rsv hosp,hosp,2026-05-23,2026-05-30,CEPH-Rtrend_rsv,2,3,4,5,7,9,11,2,3,4,5,7,9,10,0.3089685856190572,0.4634528784285858,0.6179371712381144,0.7724214640476429,1.0813900496667002,1.3903586352857573,1.6993272209048143,0.31,0.46,0.62,0.77,1.08,1.39,1.7,TRUE,FALSE,CEPH Lab at Indiana University,2026-05-20,Rtrend RSV
Vermont,VT,2,wk inc rsv hosp,hosp,2026-05-23,2026-06-06,CEPH-Rtrend_rsv,1,2,3,4,6,8,11,1,2,3,4,6,8,10,0.1544842928095286,0.3089685856190572,0.4634528784285858,0.6179371712381144,0.9269057568571716,1.2358743424762288,1.6993272209048143,0.15,0.31,0.46,0.62,0.93,1.24,1.7,TRUE,FALSE,CEPH Lab at Indiana University,2026-05-20,Rtrend RSV
Vermont,VT,0,wk inc rsv prop ed visits,prop_ed,2026-05-23,2026-05-23,CFA_Pyrenew-Pyrenew_E_RSV,1.8486844579495423e-4,5.157999379751885e-4,7.503153388580346e-4,0.001133163260586041,0.001582370223663608,0.002062202002542775,0.002732703138186039,1.8e-4,5.2e-4,7.5e-4,0.0011,0.0016,0.0021,0.0027,NA,NA,NA,NA,NA,NA,NA,NA,NA,NA,NA,NA,NA,NA,TRUE,FALSE,Center for Forecasting and Outbreak Analytics (CFA/CDC) Pyrenew team,2026-05-20,Pyrenew_ED_Visits_RSV
Vermont,VT,1,wk inc rsv prop ed visits,prop_ed,2026-05-23,2026-05-30,CFA_Pyrenew-Pyrenew_E_RSV,0,1.8873982653694904e-4,5.379746297861165e-4,7.802608770138744e-4,0.0012694844067699723,0.0017255537583541571,0.0024559004644354784,0,1.9e-4,5.4e-4,7.8e-4,0.0013,0.0017,0.0025,NA,NA,NA,NA,NA,NA,NA,NA,NA,NA,NA,NA,NA,NA,TRUE,FALSE,Center for Forecasting and Outbreak Analytics (CFA/CDC) Pyrenew team,2026-05-20,Pyrenew_ED_Visits_RSV
Vermont,VT,0,wk inc rsv hosp,hosp,2026-05-23,2026-05-23,CFA_Pyrenew-Pyrenew_HE_RSV,0,1,2,3,5,6,8,0,1,2,3,5,6,8,0,0.1544842928095286,0.3089685856190572,0.4634528784285858,0.7724214640476429,0.9269057568571716,1.2358743424762288,0,0.15,0.31,0.46,0.77,0.93,1.24,TRUE,FALSE,Center for Forecasting and Outbreak Analytics (CFA/CDC) Pyrenew team,2026-05-20,Pyrenew_Hospital_Admissions_ED_Visits_RSV
Vermont,VT,1,wk inc rsv hosp,hosp,2026-05-23,2026-05-30,CFA_Pyrenew-Pyrenew_HE_RSV,0,1,1,3,4,5.100000000000136,8,0,1,1,3,4,5,8,0,0.1544842928095286,0.1544842928095286,0.4634528784285858,0.6179371712381144,0.7878698933286169,1.2358743424762288,0,0.15,0.15,0.46,0.62,0.79,1.24,TRUE,FALSE,Center for Forecasting and Outbreak Analytics (CFA/CDC) Pyrenew team,2026-05-20,Pyrenew_Hospital_Admissions_ED_Visits_RSV
Vermont,VT,0,wk inc rsv prop ed visits,prop_ed,2026-05-23,2026-05-23,CFA_Pyrenew-Pyrenew_HE_RSV,3.7150575811881295e-4,7.05762606102713e-4,9.557257090194973e-4,0.0014478103980863008,0.0018941436740510956,0.0024531394569680155,0.003272928445418537,3.7e-4,7.1e-4,9.6e-4,0.0014,0.0019,0.0025,0.0033,NA,NA,NA,NA,NA,NA,NA,NA,NA,NA,NA,NA,NA,NA,FALSE,FALSE,Center for Forecasting and Outbreak Analytics (CFA/CDC) Pyrenew team,2026-05-20,Pyrenew_Hospital_Admissions_ED_Visits_RSV
Vermont,VT,1,wk inc rsv prop ed visits,prop_ed,2026-05-23,2026-05-30,CFA_Pyrenew-Pyrenew_HE_RSV,1.809358032971189e-4,3.72649924070781e-4,5.903937160188241e-4,0.001092835706097813,0.001596478891316767,0.0022251749219742785,0.0031409409016780947,1.8e-4,3.7e-4,5.9e-4,0.0011,0.0016,0.0022,0.0031,NA,NA,NA,NA,NA,NA,NA,NA,NA,NA,NA,NA,NA,NA,FALSE,FALSE,Center for Forecasting and Outbreak Analytics (CFA/CDC) Pyrenew team,2026-05-20,Pyrenew_Hospital_Admissions_ED_Visits_RSV
Vermont,VT,0,wk inc rsv hosp,hosp,2026-05-23,2026-05-23,CFA_Pyrenew-Pyrenew_H_RSV,1,3,4,6,9,12,16,1,3,4,6,9,10,20,0.1544842928095286,0.4634528784285858,0.6179371712381144,0.9269057568571716,1.3903586352857573,1.8538115137143432,2.4717486849524577,0.15,0.46,0.62,0.93,1.39,1.85,2.47,FALSE,FALSE,Center for Forecasting and Outbreak Analytics (CFA/CDC) Pyrenew team,2026-05-20,Pyrenew_Hospital_Admissions_RSV
Vermont,VT,1,wk inc rsv hosp,hosp,2026-05-23,2026-05-30,CFA_Pyrenew-Pyrenew_H_RSV,0,2,3,6,9,13,20,0,2,3,6,9,10,20,0,0.3089685856190572,0.4634528784285858,0.9269057568571716,1.3903586352857573,2.0082958065238716,3.0896858561905716,0,0.31,0.46,0.93,1.39,2.01,3.09,FALSE,FALSE,Center for Forecasting and Outbreak Analytics (CFA/CDC) Pyrenew team,2026-05-20,Pyrenew_Hospital_Admissions_RSV
Vermont,VT,0,wk inc rsv hosp,hosp,2026-05-23,2026-05-23,Google_SAI-RSVEns,1.5,2.5,3.5,5.5,7.5,10.5,13.5,2,3,4,6,8,10,10,0.2317264392142929,0.38621073202382145,0.5406950248333501,0.8496636104524071,1.1586321960714643,1.6220850745000504,2.085537952928636,0.23,0.39,0.54,0.85,1.16,1.62,2.09,TRUE,FALSE,Google Science AI,2026-05-20,RSVEnsemble
Vermont,VT,1,wk inc rsv hosp,hosp,2026-05-23,2026-05-30,Google_SAI-RSVEns,1.5,2.5,3.5,4,5.5,7.5,9.5,2,3,4,4,6,8,10,0.2317264392142929,0.38621073202382145,0.5406950248333501,0.6179371712381144,0.8496636104524071,1.1586321960714643,1.4676007816905217,0.23,0.39,0.54,0.62,0.85,1.16,1.47,TRUE,FALSE,Google Science AI,2026-05-20,RSVEnsemble
Vermont,VT,2,wk inc rsv hosp,hosp,2026-05-23,2026-06-06,Google_SAI-RSVEns,0.5,0.5,2,3.5,4.5,6.5,8.5,1,1,2,4,5,7,9,0.0772421464047643,0.0772421464047643,0.3089685856190572,0.5406950248333501,0.6951793176428787,1.0041479032619358,1.313116488880993,0.08,0.08,0.31,0.54,0.7,1,1.31,TRUE,FALSE,Google Science AI,2026-05-20,RSVEnsemble
Vermont,VT,0,wk inc rsv hosp,hosp,2026-05-23,2026-05-23,RSVHub-baseline,0.9250000000000016,5,7.2499999999999964,9,10.749999999999996,13,17.074999999999992,1,5,7,9,10,10,20,0.1428979708488142,0.7724214640476429,1.1200111228690817,1.3903586352857573,1.660706147702432,2.0082958065238716,2.6378192997226995,0.14,0.77,1.12,1.39,1.66,2.01,2.64,FALSE,FALSE,RSVHub-hub-models,2026-05-20,RSVHub baseline model
Vermont,VT,1,wk inc rsv hosp,hosp,2026-05-23,2026-05-30,RSVHub-baseline,0,2.4791647916479174,6,9,12,15.739350393503939,20,0,2,6,9,10,20,20,0,0.38299201959601076,0.9269057568571716,1.3903586352857573,1.8538115137143432,2.4314824148218315,3.0896858561905716,0,0.38,0.93,1.39,1.85,2.43,3.09,FALSE,FALSE,RSVHub-hub-models,2026-05-20,RSVHub baseline model
Vermont,VT,2,wk inc rsv hosp,hosp,2026-05-23,2026-06-06,RSVHub-baseline,0,1,5,9,13,17,22,0,1,5,9,10,20,20,0,0.1544842928095286,0.7724214640476429,1.3903586352857573,2.0082958065238716,2.626232977761986,3.3986544418096285,0,0.15,0.77,1.39,2.01,2.63,3.4,FALSE,FALSE,RSVHub-hub-models,2026-05-20,RSVHub baseline model
Vermont,VT,0,wk inc rsv prop ed visits,prop_ed,2026-05-23,2026-05-23,RSVHub-baseline,0,0,0.001,0.0014000000000000002,0.0018000000000000004,0.003,0.0056299999999999744,0,0,0.001,0.0014,0.0018,0.003,0.0056,NA,NA,NA,NA,NA,NA,NA,NA,NA,NA,NA,NA,NA,NA,FALSE,FALSE,RSVHub-hub-models,2026-05-20,RSVHub baseline model
Vermont,VT,1,wk inc rsv prop ed visits,prop_ed,2026-05-23,2026-05-30,RSVHub-baseline,0,0,5.000000000000004e-4,0.0014000000000000002,0.0024000000000000002,0.004213203232032321,0.00680001882518825,0,0,5e-4,0.0014,0.0024,0.0042,0.0068,NA,NA,NA,NA,NA,NA,NA,NA,NA,NA,NA,NA,NA,NA,FALSE,FALSE,RSVHub-hub-models,2026-05-20,RSVHub baseline model
Vermont,VT,2,wk inc rsv prop ed visits,prop_ed,2026-05-23,2026-06-06,RSVHub-baseline,0,0,1.9999999999999958e-4,0.0014000000000000002,0.002890564905649053,0.0050275390753907545,0.007827279797797976,0,0,2e-4,0.0014,0.0029,0.005,0.0078,NA,NA,NA,NA,NA,NA,NA,NA,NA,NA,NA,NA,NA,NA,FALSE,FALSE,RSVHub-hub-models,2026-05-20,RSVHub baseline model
Vermont,VT,0,wk inc rsv hosp,hosp,2026-05-23,2026-05-23,UGA_flucast-INFLAenza,0,1,2,3,5,7,10,0,1,2,3,5,7,10,0,0.1544842928095286,0.3089685856190572,0.4634528784285858,0.7724214640476429,1.0813900496667002,1.5448429280952858,0,0.15,0.31,0.46,0.77,1.08,1.54,TRUE,FALSE,UGA_flucast,2026-05-20,INFLAenza
Vermont,VT,1,wk inc rsv hosp,hosp,2026-05-23,2026-05-30,UGA_flucast-INFLAenza,0,0,1,2,4,6,9,0,0,1,2,4,6,9,0,0,0.1544842928095286,0.3089685856190572,0.6179371712381144,0.9269057568571716,1.3903586352857573,0,0,0.15,0.31,0.62,0.93,1.39,TRUE,FALSE,UGA_flucast,2026-05-20,INFLAenza
Vermont,VT,2,wk inc rsv hosp,hosp,2026-05-23,2026-06-06,UGA_flucast-INFLAenza,0,0,1,2,3,4,7,0,0,1,2,3,4,7,0,0,0.1544842928095286,0.3089685856190572,0.4634528784285858,0.6179371712381144,1.0813900496667002,0,0,0.15,0.31,0.46,0.62,1.08,TRUE,FALSE,UGA_flucast,2026-05-20,INFLAenza
Vermont,VT,0,wk inc rsv prop ed visits,prop_ed,2026-05-23,2026-05-23,UGA_flucast-INFLAenza,6.061024692383074e-4,8.193900385317128e-4,0.0010437156699651506,0.0013391661793353783,0.0016890284791532403,0.0020555703852978406,0.002570423774876033,6.1e-4,8.2e-4,0.001,0.0013,0.0017,0.0021,0.0026,NA,NA,NA,NA,NA,NA,NA,NA,NA,NA,NA,NA,NA,NA,TRUE,FALSE,UGA_flucast,2026-05-20,INFLAenza
Vermont,VT,1,wk inc rsv prop ed visits,prop_ed,2026-05-23,2026-05-30,UGA_flucast-INFLAenza,4.36955994841642e-4,6.291906221007254e-4,8.355196862515387e-4,0.0011341382579021589,0.0014891856693057012,0.0019066824019782695,0.0023948418467720214,4.4e-4,6.3e-4,8.4e-4,0.0011,0.0015,0.0019,0.0024,NA,NA,NA,NA,NA,NA,NA,NA,NA,NA,NA,NA,NA,NA,TRUE,FALSE,UGA_flucast,2026-05-20,INFLAenza
Vermont,VT,2,wk inc rsv prop ed visits,prop_ed,2026-05-23,2026-06-06,UGA_flucast-INFLAenza,3.3805974468634214e-4,5.032896809648905e-4,6.966898164233232e-4,9.871923251847307e-4,0.0013540995102355024,0.0018063393064578343,0.0023651912870188956,3.4e-4,5e-4,7e-4,9.9e-4,0.0014,0.0018,0.0024,NA,NA,NA,NA,NA,NA,NA,NA,NA,NA,NA,NA,NA,NA,TRUE,FALSE,UGA_flucast,2026-05-20,INFLAenza
Vermont,VT,0,wk inc rsv hosp,hosp,2026-05-23,2026-05-23,RSVHub-ensemble,0.75,1.75,2.75,4.25,6,8,10,1,2,3,4,6,8,10,0.11586321960714645,0.27034751241667504,0.42483180522620356,0.6565582444404965,0.9269057568571716,1.2358743424762288,1.5448429280952858,0.12,0.27,0.42,0.66,0.93,1.24,1.54,FALSE,TRUE,RSVHub,2026-05-20,Ensemble using RSVHub forecast submissions
Vermont,VT,1,wk inc rsv hosp,hosp,2026-05-23,2026-05-30,RSVHub-ensemble,0.75,1.75,2.25,3.5,4.75,6.75,9.25,1,2,2,4,5,7,9,0.11586321960714645,0.27034751241667504,0.34758965882143933,0.5406950248333501,0.7338003908452608,1.042768976464318,1.4289797084881395,0.12,0.27,0.35,0.54,0.73,1.04,1.43,FALSE,TRUE,RSVHub,2026-05-20,Ensemble using RSVHub forecast submissions
Vermont,VT,2,wk inc rsv hosp,hosp,2026-05-23,2026-06-06,RSVHub-ensemble,0.5,0.5,2,3.5,4.5,6.5,8.5,1,1,2,4,5,7,9,0.0772421464047643,0.0772421464047643,0.3089685856190572,0.5406950248333501,0.6951793176428787,1.0041479032619358,1.313116488880993,0.08,0.08,0.31,0.54,0.7,1,1.31,FALSE,TRUE,RSVHub,2026-05-20,Ensemble using RSVHub forecast submissions
Vermont,VT,0,wk inc rsv prop ed visits,prop_ed,2026-05-23,2026-05-23,RSVHub-ensemble,3.954854575166308e-4,6.675949882534506e-4,8.970155044115926e-4,0.0012361647199607096,0.001635699351408424,0.002058886193920308,0.002651563456531036,4e-4,6.7e-4,9e-4,0.0012,0.0016,0.0021,0.0027,NA,NA,NA,NA,NA,NA,NA,NA,NA,NA,NA,NA,NA,NA,FALSE,TRUE,RSVHub,2026-05-20,Ensemble using RSVHub forecast submissions
Vermont,VT,1,wk inc rsv prop ed visits,prop_ed,2026-05-23,2026-05-30,RSVHub-ensemble,2.18477997420821e-4,4.089652243188372e-4,6.867471580188275e-4,9.571995674580166e-4,0.0013793350380378367,0.0018161180801662133,0.00242537115560375,2.2e-4,4.1e-4,6.9e-4,9.6e-4,0.0014,0.0018,0.0024,NA,NA,NA,NA,NA,NA,NA,NA,NA,NA,NA,NA,NA,NA,FALSE,TRUE,RSVHub,2026-05-20,Ensemble using RSVHub forecast submissions
Virginia,VA,0,wk inc rsv hosp,hosp,2026-05-23,2026-05-23,CEPH-Rtrend_rsv,12,15,18,22,27,32,37,10,20,20,20,30,30,40,0.13927608931311355,0.17409511164139194,0.2089141339696703,0.2553394970740415,0.3133712009545055,0.37140290483496946,0.42943460871543343,0.14,0.17,0.21,0.26,0.31,0.37,0.43,TRUE,FALSE,CEPH Lab at Indiana University,2026-05-20,Rtrend RSV
Virginia,VA,1,wk inc rsv hosp,hosp,2026-05-23,2026-05-30,CEPH-Rtrend_rsv,9,11,15,19,26,32,40,9,10,20,20,30,30,40,0.10445706698483515,0.12766974853702076,0.17409511164139194,0.2205204747457631,0.3017648601784127,0.37140290483496946,0.4642536310437118,0.1,0.13,0.17,0.22,0.3,0.37,0.46,TRUE,FALSE,CEPH Lab at Indiana University,2026-05-20,Rtrend RSV
Virginia,VA,2,wk inc rsv hosp,hosp,2026-05-23,2026-06-06,CEPH-Rtrend_rsv,6,8,12,17,23,31,42,6,8,10,20,20,30,40,0.06963804465655678,0.09285072620874237,0.13927608931311355,0.19730779319357752,0.26694583785013426,0.35979656405887667,0.48746631259589734,0.07,0.09,0.14,0.2,0.27,0.36,0.49,TRUE,FALSE,CEPH Lab at Indiana University,2026-05-20,Rtrend RSV
Virginia,VA,0,wk inc rsv prop ed visits,prop_ed,2026-05-23,2026-05-23,CFA_Pyrenew-Pyrenew_E_RSV,4.4147468997826996e-4,5.30304551513077e-4,6.114447645361031e-4,7.100063162967805e-4,8.214878791384808e-4,9.257788283227816e-4,0.0010554725880227312,4.4e-4,5.3e-4,6.1e-4,7.1e-4,8.2e-4,0.00093000000000000005,0.0011,NA,NA,NA,NA,NA,NA,NA,NA,NA,NA,NA,NA,NA,NA,TRUE,FALSE,Center for Forecasting and Outbreak Analytics (CFA/CDC) Pyrenew team,2026-05-20,Pyrenew_ED_Visits_RSV
Virginia,VA,1,wk inc rsv prop ed visits,prop_ed,2026-05-23,2026-05-30,CFA_Pyrenew-Pyrenew_E_RSV,2.8933594607044686e-4,3.7919587829871016e-4,4.6659734769753495e-4,5.902517222203213e-4,7.183388929986799e-4,8.51418594106302e-4,0.0010267749890428475,2.9e-4,3.8e-4,4.7e-4,5.9e-4,7.2e-4,8.5e-4,0.001,NA,NA,NA,NA,NA,NA,NA,NA,NA,NA,NA,NA,NA,NA,TRUE,FALSE,Center for Forecasting and Outbreak Analytics (CFA/CDC) Pyrenew team,2026-05-20,Pyrenew_ED_Visits_RSV
Virginia,VA,0,wk inc rsv hosp,hosp,2026-05-23,2026-05-23,CFA_Pyrenew-Pyrenew_H_RSV,8,11,15,21,29,38,50,8,10,20,20,30,40,50,0.09285072620874237,0.12766974853702076,0.17409511164139194,0.24373315629794867,0.3365838825066911,0.4410409494915262,0.5803170388046397,0.09,0.13,0.17,0.24,0.34,0.44,0.58,FALSE,FALSE,Center for Forecasting and Outbreak Analytics (CFA/CDC) Pyrenew team,2026-05-20,Pyrenew_Hospital_Admissions_RSV
Virginia,VA,1,wk inc rsv hosp,hosp,2026-05-23,2026-05-30,CFA_Pyrenew-Pyrenew_H_RSV,5,8,13,20,29,43,65.02499999999986,5,8,10,20,30,40,70,0.058031703880463976,0.09285072620874237,0.15088243008920635,0.2321268155218559,0.3365838825066911,0.4990726533719902,0.7547023089654323,0.06,0.09,0.15,0.23,0.34,0.5,0.75,FALSE,FALSE,Center for Forecasting and Outbreak Analytics (CFA/CDC) Pyrenew team,2026-05-20,Pyrenew_Hospital_Admissions_RSV
Virginia,VA,0,wk inc rsv hosp,hosp,2026-05-23,2026-05-23,Google_SAI-RSVEns,8,10,13,17,22.5,32.5,54.5,8,10,10,20,20,30,50,0.09285072620874237,0.11606340776092795,0.15088243008920635,0.19730779319357752,0.2611426674620879,0.37720607522301586,0.6325455722970573,0.09,0.12,0.15,0.2,0.26,0.38,0.63,TRUE,FALSE,Google Science AI,2026-05-20,RSVEnsemble
Virginia,VA,1,wk inc rsv hosp,hosp,2026-05-23,2026-05-30,Google_SAI-RSVEns,6,9,10.5,14,19,26.5,41.5,6,9,10,10,20,30,40,0.06963804465655678,0.10445706698483515,0.12186657814897434,0.16248877086529911,0.2205204747457631,0.30756803056645904,0.481663142207851,0.07,0.1,0.12,0.16,0.22,0.31,0.48,TRUE,FALSE,Google Science AI,2026-05-20,RSVEnsemble
Virginia,VA,2,wk inc rsv hosp,hosp,2026-05-23,2026-06-06,Google_SAI-RSVEns,4.5,7,8.5,10,13.5,19,24,5,7,9,10,10,20,20,0.05222853349241757,0.08124438543264956,0.09865389659678876,0.11606340776092795,0.15668560047725275,0.2205204747457631,0.2785521786262271,0.05,0.08,0.1,0.12,0.16,0.22,0.28,TRUE,FALSE,Google Science AI,2026-05-20,RSVEnsemble
Virginia,VA,0,wk inc rsv hosp,hosp,2026-05-23,2026-05-23,RSVHub-baseline,0,0,14,22,30,51.300000000000026,67.52499999999995,0,0,10,20,30,50,70,0,0,0.16248877086529911,0.2553394970740415,0.3481902232827839,0.5954052818135607,0.7837181609056654,0,0,0.16,0.26,0.35,0.6,0.78,FALSE,FALSE,RSVHub-hub-models,2026-05-20,RSVHub baseline model
Virginia,VA,1,wk inc rsv hosp,hosp,2026-05-23,2026-05-30,RSVHub-baseline,0,0,6.589070890708912,22,39.70321203212033,61.440101401014026,123.1175786757863,0,0,7,20,40,60,120,0,0,0.07647500215540093,0.2553394970740415,0.46080900875025627,0.7130947541778652,1.4289445736385913,0,0,0.08,0.26,0.46,0.71,1.43,FALSE,FALSE,RSVHub-hub-models,2026-05-20,RSVHub baseline model
Virginia,VA,2,wk inc rsv hosp,hosp,2026-05-23,2026-06-06,RSVHub-baseline,0,0,0.2851753517535105,22,45.660131601316046,72.17175671756715,139.96742167421655,0,0,0,20,50,70,140,0,0,0.0033098423133933745,0.2553394970740415,0.5299470472461176,0.8376500028733487,1.624509593502034,0,0,0,0.26,0.53,0.84,1.62,FALSE,FALSE,RSVHub-hub-models,2026-05-20,RSVHub baseline model
Virginia,VA,0,wk inc rsv prop ed visits,prop_ed,2026-05-23,2026-05-23,RSVHub-baseline,0,6.999999999999982e-5,6.000000000000001e-4,8e-4,0.001,0.0015300000000000038,0.0023,0,7e-5,6e-4,8e-4,0.001,0.0015,0.0023,NA,NA,NA,NA,NA,NA,NA,NA,NA,NA,NA,NA,NA,NA,FALSE,FALSE,RSVHub-hub-models,2026-05-20,RSVHub baseline model
Virginia,VA,1,wk inc rsv prop ed visits,prop_ed,2026-05-23,2026-05-30,RSVHub-baseline,0,0,3.9999999999999996e-4,8e-4,0.001200000000000001,0.001900000000000001,0.0029,0,0,4e-4,8e-4,0.0012,0.0019,0.0029,NA,NA,NA,NA,NA,NA,NA,NA,NA,NA,NA,NA,NA,NA,FALSE,FALSE,RSVHub-hub-models,2026-05-20,RSVHub baseline model
Virginia,VA,2,wk inc rsv prop ed visits,prop_ed,2026-05-23,2026-06-06,RSVHub-baseline,0,0,2.000000000000001e-4,8e-4,0.0014080910809108117,0.0022000000000000006,0.0032465691906919058,0,0,2e-4,8e-4,0.0014,0.0022,0.0032,NA,NA,NA,NA,NA,NA,NA,NA,NA,NA,NA,NA,NA,NA,FALSE,FALSE,RSVHub-hub-models,2026-05-20,RSVHub baseline model
Virginia,VA,0,wk inc rsv hosp,hosp,2026-05-23,2026-05-23,UGA_flucast-INFLAenza,3,5,8,12,17,23,31,3,5,8,10,20,20,30,0.03481902232827839,0.058031703880463976,0.09285072620874237,0.13927608931311355,0.19730779319357752,0.26694583785013426,0.35979656405887667,0.03,0.06,0.09,0.14,0.2,0.27,0.36,TRUE,FALSE,UGA_flucast,2026-05-20,INFLAenza
Virginia,VA,1,wk inc rsv hosp,hosp,2026-05-23,2026-05-30,UGA_flucast-INFLAenza,2,3,5,9,13,19,28,2,3,5,9,10,20,30,0.02321268155218559,0.03481902232827839,0.058031703880463976,0.10445706698483515,0.15088243008920635,0.2205204747457631,0.32497754173059823,0.02,0.03,0.06,0.1,0.15,0.22,0.32,TRUE,FALSE,UGA_flucast,2026-05-20,INFLAenza
Virginia,VA,2,wk inc rsv hosp,hosp,2026-05-23,2026-06-06,UGA_flucast-INFLAenza,1,2,4,7,11,16,25,1,2,4,7,10,20,30,0.011606340776092796,0.02321268155218559,0.04642536310437118,0.08124438543264956,0.12766974853702076,0.18570145241748473,0.29015851940231985,0.01,0.02,0.05,0.08,0.13,0.19,0.29,TRUE,FALSE,UGA_flucast,2026-05-20,INFLAenza
Virginia,VA,0,wk inc rsv prop ed visits,prop_ed,2026-05-23,2026-05-23,UGA_flucast-INFLAenza,2.323626980846374e-4,3.420043487373549e-4,4.7787043009028167e-4,6.586830135566616e-4,8.789450539880418e-4,0.0011158043946831223,0.0014103151523704855,2.3e-4,3.4e-4,4.8e-4,6.6e-4,8.8e-4,0.0011,0.0014,NA,NA,NA,NA,NA,NA,NA,NA,NA,NA,NA,NA,NA,NA,TRUE,FALSE,UGA_flucast,2026-05-20,INFLAenza
Virginia,VA,1,wk inc rsv prop ed visits,prop_ed,2026-05-23,2026-05-30,UGA_flucast-INFLAenza,1.6467027243588668e-4,2.7195049266835313e-4,3.9348051845776243e-4,5.661622428746506e-4,7.804036911858723e-4,0.0010253549078754803,0.0013531279884013744,1.6e-4,2.7e-4,3.9e-4,5.7e-4,7.8e-4,0.001,0.0014,NA,NA,NA,NA,NA,NA,NA,NA,NA,NA,NA,NA,NA,NA,TRUE,FALSE,UGA_flucast,2026-05-20,INFLAenza
Virginia,VA,2,wk inc rsv prop ed visits,prop_ed,2026-05-23,2026-06-06,UGA_flucast-INFLAenza,1.2822592883036802e-4,2.204293873250504e-4,3.420969871283305e-4,5.112733397978832e-4,7.316176516997713e-4,9.848458086588654e-4,0.001350122060314549,1.3e-4,2.2e-4,3.4e-4,5.1e-4,7.3e-4,9.8e-4,0.0014,NA,NA,NA,NA,NA,NA,NA,NA,NA,NA,NA,NA,NA,NA,TRUE,FALSE,UGA_flucast,2026-05-20,INFLAenza
Virginia,VA,0,wk inc rsv hosp,hosp,2026-05-23,2026-05-23,RSVHub-ensemble,8,10,13,17,22.5,32,37,8,10,10,20,20,30,40,0.09285072620874237,0.11606340776092795,0.15088243008920635,0.19730779319357752,0.2611426674620879,0.37140290483496946,0.42943460871543343,0.09,0.12,0.15,0.2,0.26,0.37,0.43,FALSE,TRUE,RSVHub,2026-05-20,Ensemble using RSVHub forecast submissions
Virginia,VA,1,wk inc rsv hosp,hosp,2026-05-23,2026-05-30,RSVHub-ensemble,6,9,10.5,14,19,26.5,40,6,9,10,10,20,30,40,0.06963804465655678,0.10445706698483515,0.12186657814897434,0.16248877086529911,0.2205204747457631,0.30756803056645904,0.4642536310437118,0.07,0.1,0.12,0.16,0.22,0.31,0.46,FALSE,TRUE,RSVHub,2026-05-20,Ensemble using RSVHub forecast submissions
Virginia,VA,2,wk inc rsv hosp,hosp,2026-05-23,2026-06-06,RSVHub-ensemble,4.5,7,8.5,10,13.5,19,25,5,7,9,10,10,20,30,0.05222853349241757,0.08124438543264956,0.09865389659678876,0.11606340776092795,0.15668560047725275,0.2205204747457631,0.29015851940231985,0.05,0.08,0.1,0.12,0.16,0.22,0.29,FALSE,TRUE,RSVHub,2026-05-20,Ensemble using RSVHub forecast submissions
Virginia,VA,0,wk inc rsv prop ed visits,prop_ed,2026-05-23,2026-05-23,RSVHub-ensemble,3.369186940314537e-4,4.361544501252159e-4,5.446575973131924e-4,6.84344664926721e-4,8.502164665632613e-4,0.001020791611502952,0.0012328938701966084,3.4e-4,4.4e-4,5.4e-4,6.8e-4,8.5e-4,0.001,0.0012,NA,NA,NA,NA,NA,NA,NA,NA,NA,NA,NA,NA,NA,NA,FALSE,TRUE,RSVHub,2026-05-20,Ensemble using RSVHub forecast submissions
Virginia,VA,1,wk inc rsv prop ed visits,prop_ed,2026-05-23,2026-05-30,RSVHub-ensemble,2.2700310925316677e-4,3.2557318548353165e-4,4.3003893307764867e-4,5.782069825474859e-4,7.493712920922761e-4,9.383867509908911e-4,0.0011899514887221108,2.3e-4,3.3e-4,4.3e-4,5.8e-4,7.5e-4,9.4e-4,0.0012,NA,NA,NA,NA,NA,NA,NA,NA,NA,NA,NA,NA,NA,NA,FALSE,TRUE,RSVHub,2026-05-20,Ensemble using RSVHub forecast submissions
Washington,WA,0,wk inc rsv hosp,hosp,2026-05-23,2026-05-23,CEPH-Rtrend_rsv,6,8,11,14,18,23,28,6,8,10,10,20,20,30,0.07727894647157854,0.10303859529543806,0.14167806853122733,0.1803175417670166,0.23183683941473562,0.2962359614743844,0.3606350835340332,0.08,0.1,0.14,0.18,0.23,0.3,0.36,TRUE,FALSE,CEPH Lab at Indiana University,2026-05-20,Rtrend RSV
Washington,WA,1,wk inc rsv hosp,hosp,2026-05-23,2026-05-30,CEPH-Rtrend_rsv,3,5,7,10,15,20,27,3,5,7,10,20,20,30,0.03863947323578927,0.06439912205964878,0.0901587708835083,0.12879824411929755,0.19319736617894634,0.2575964882385951,0.3477552591221035,0.04,0.06,0.09,0.13,0.19,0.26,0.35,TRUE,FALSE,CEPH Lab at Indiana University,2026-05-20,Rtrend RSV
Washington,WA,2,wk inc rsv hosp,hosp,2026-05-23,2026-06-06,CEPH-Rtrend_rsv,2,3,4,7,12,17,25,2,3,4,7,10,20,30,0.025759648823859515,0.03863947323578927,0.05151929764771903,0.0901587708835083,0.15455789294315708,0.21895701500280584,0.3219956102982439,0.03,0.04,0.05,0.09,0.15,0.22,0.32,TRUE,FALSE,CEPH Lab at Indiana University,2026-05-20,Rtrend RSV
Washington,WA,0,wk inc rsv prop ed visits,prop_ed,2026-05-23,2026-05-23,CFA_Pyrenew-Pyrenew_E_RSV,4.4856362662261764e-4,5.504485023409222e-4,6.40184504542491e-4,7.515470695500264e-4,8.739057051893098e-4,9.949130267876973e-4,0.0011519291567320445,4.5e-4,5.5e-4,6.4e-4,7.5e-4,8.7e-4,9.9e-4,0.0012,NA,NA,NA,NA,NA,NA,NA,NA,NA,NA,NA,NA,NA,NA,TRUE,FALSE,Center for Forecasting and Outbreak Analytics (CFA/CDC) Pyrenew team,2026-05-20,Pyrenew_ED_Visits_RSV
Washington,WA,1,wk inc rsv prop ed visits,prop_ed,2026-05-23,2026-05-30,CFA_Pyrenew-Pyrenew_E_RSV,2.6997593426901587e-4,3.5287165922378736e-4,4.456865096676e-4,5.671457335800374e-4,7.025973148673673e-4,8.585779398241533e-4,0.001088651955840666,2.7e-4,3.5e-4,4.5e-4,5.7e-4,7e-4,8.6e-4,0.0011,NA,NA,NA,NA,NA,NA,NA,NA,NA,NA,NA,NA,NA,NA,TRUE,FALSE,Center for Forecasting and Outbreak Analytics (CFA/CDC) Pyrenew team,2026-05-20,Pyrenew_ED_Visits_RSV
Washington,WA,0,wk inc rsv hosp,hosp,2026-05-23,2026-05-23,CFA_Pyrenew-Pyrenew_H_RSV,7,10,13,17,21,25,31,7,10,10,20,20,30,30,0.0901587708835083,0.12879824411929755,0.16743771735508683,0.21895701500280584,0.2704763126505249,0.3219956102982439,0.3992745567698225,0.09,0.13,0.17,0.22,0.27,0.32,0.4,FALSE,FALSE,Center for Forecasting and Outbreak Analytics (CFA/CDC) Pyrenew team,2026-05-20,Pyrenew_Hospital_Admissions_RSV
Washington,WA,1,wk inc rsv hosp,hosp,2026-05-23,2026-05-30,CFA_Pyrenew-Pyrenew_H_RSV,4,7,9,13,18,24,32,4,7,9,10,20,20,30,0.05151929764771903,0.0901587708835083,0.11591841970736781,0.16743771735508683,0.23183683941473562,0.30911578588631416,0.41215438118175224,0.05,0.09,0.12,0.17,0.23,0.31,0.41,FALSE,FALSE,Center for Forecasting and Outbreak Analytics (CFA/CDC) Pyrenew team,2026-05-20,Pyrenew_Hospital_Admissions_RSV
Washington,WA,0,wk inc rsv hosp,hosp,2026-05-23,2026-05-23,Google_SAI-RSVEns,6.5,8.5,10.5,12,16.5,22,37,7,9,10,10,20,20,40,0.08371885867754342,0.10947850750140292,0.13523815632526245,0.15455789294315708,0.212517102796841,0.28335613706245466,0.476553503241401,0.08,0.11,0.14,0.15,0.21,0.28,0.48,TRUE,FALSE,Google Science AI,2026-05-20,RSVEnsemble
Washington,WA,1,wk inc rsv hosp,hosp,2026-05-23,2026-05-30,Google_SAI-RSVEns,4,5,7.5,10,16.5,21,37.5,4,5,8,10,20,20,40,0.05151929764771903,0.06439912205964878,0.09659868308947317,0.12879824411929755,0.212517102796841,0.2704763126505249,0.4829934154473659,0.05,0.06,0.1,0.13,0.21,0.27,0.48,TRUE,FALSE,Google Science AI,2026-05-20,RSVEnsemble
Washington,WA,2,wk inc rsv hosp,hosp,2026-05-23,2026-06-06,Google_SAI-RSVEns,3,4.5,6,9,12.5,17.5,33.5,3,5,6,9,10,20,30,0.03863947323578927,0.057959209853683906,0.07727894647157854,0.11591841970736781,0.16099780514912196,0.22539692720877075,0.43147411779964684,0.04,0.06,0.08,0.12,0.16,0.23,0.43,TRUE,FALSE,Google Science AI,2026-05-20,RSVEnsemble
Washington,WA,0,wk inc rsv hosp,hosp,2026-05-23,2026-05-23,RSVHub-baseline,0,0,9.249999999999996,15,20.749999999999996,32.30000000000002,44,0,0,9,20,20,30,40,0,0,0.11913837581035021,0.19319736617894634,0.26725635654754243,0.4160183285053314,0.5667122741249093,0,0,0.12,0.19,0.27,0.42,0.57,FALSE,FALSE,RSVHub-hub-models,2026-05-20,RSVHub baseline model
Washington,WA,1,wk inc rsv hosp,hosp,2026-05-23,2026-05-30,RSVHub-baseline,0,0,4.105733557335571,15,27,40.13014730147303,59.15186676866766,0,0,4,20,30,40,60,0,0,0.052881127300649894,0.19319736617894634,0.3477552591221035,0.5168692508678494,0.7618656576183023,0,0,0.05,0.19,0.35,0.52,0.76,FALSE,FALSE,RSVHub-hub-models,2026-05-20,RSVHub baseline model
Washington,WA,2,wk inc rsv hosp,hosp,2026-05-23,2026-06-06,RSVHub-baseline,0,0,0.8027005270052765,15,29.993464934649346,45.5719507195072,69.18962739627393,0,0,1,20,30,50,70,0,0,0.010338641843191441,0.19319736617894634,0.3863105618636558,0.5869587233763687,0.891150251990853,0,0,0.01,0.19,0.39,0.59,0.89,FALSE,FALSE,RSVHub-hub-models,2026-05-20,RSVHub baseline model
Washington,WA,0,wk inc rsv prop ed visits,prop_ed,2026-05-23,2026-05-23,RSVHub-baseline,0,0,7e-4,9e-4,0.0011,0.001999999999999999,0.0037149999999999883,0,0,7e-4,9e-4,0.0011,0.002,0.0037,NA,NA,NA,NA,NA,NA,NA,NA,NA,NA,NA,NA,NA,NA,FALSE,FALSE,RSVHub-hub-models,2026-05-20,RSVHub baseline model
Washington,WA,1,wk inc rsv prop ed visits,prop_ed,2026-05-23,2026-05-30,RSVHub-baseline,0,0,3.552423024230243e-4,9e-4,0.0015,0.002599999999999999,0.0051,0,0,3.6e-4,9e-4,0.0015,0.0026,0.0051,NA,NA,NA,NA,NA,NA,NA,NA,NA,NA,NA,NA,NA,NA,FALSE,FALSE,RSVHub-hub-models,2026-05-20,RSVHub baseline model
Washington,WA,2,wk inc rsv prop ed visits,prop_ed,2026-05-23,2026-06-06,RSVHub-baseline,0,0,9.999999999999994e-5,9e-4,0.0018296690466904646,0.003255539155391556,0.0057000164501645025,0,0,1e-4,9e-4,0.0018,0.0033,0.0057,NA,NA,NA,NA,NA,NA,NA,NA,NA,NA,NA,NA,NA,NA,FALSE,FALSE,RSVHub-hub-models,2026-05-20,RSVHub baseline model
Washington,WA,0,wk inc rsv hosp,hosp,2026-05-23,2026-05-23,UGA_flucast-INFLAenza,5,8,11,16,22,30,40,5,8,10,20,20,30,40,0.06439912205964878,0.10303859529543806,0.14167806853122733,0.20607719059087612,0.28335613706245466,0.3863947323578927,0.5151929764771902,0.06,0.1,0.14,0.21,0.28,0.39,0.52,TRUE,FALSE,UGA_flucast,2026-05-20,INFLAenza
Washington,WA,1,wk inc rsv hosp,hosp,2026-05-23,2026-05-30,UGA_flucast-INFLAenza,3,5,8,12,18,25,36,3,5,8,10,20,30,40,0.03863947323578927,0.06439912205964878,0.10303859529543806,0.15455789294315708,0.23183683941473562,0.3219956102982439,0.46367367882947125,0.04,0.06,0.1,0.15,0.23,0.32,0.46,TRUE,FALSE,UGA_flucast,2026-05-20,INFLAenza
Washington,WA,2,wk inc rsv hosp,hosp,2026-05-23,2026-06-06,UGA_flucast-INFLAenza,1,3,5,9,14,21,31,1,3,5,9,10,20,30,0.012879824411929757,0.03863947323578927,0.06439912205964878,0.11591841970736781,0.1803175417670166,0.2704763126505249,0.3992745567698225,0.01,0.04,0.06,0.12,0.18,0.27,0.4,TRUE,FALSE,UGA_flucast,2026-05-20,INFLAenza
Washington,WA,0,wk inc rsv prop ed visits,prop_ed,2026-05-23,2026-05-23,UGA_flucast-INFLAenza,3.0790385430621176e-4,4.456412753322351e-4,5.942077903834738e-4,7.938231849124097e-4,0.0010282541630873849,0.0012913556828211847,0.0016137765713943415,3.1e-4,4.5e-4,5.9e-4,7.9e-4,0.001,0.0013,0.0016,NA,NA,NA,NA,NA,NA,NA,NA,NA,NA,NA,NA,NA,NA,TRUE,FALSE,UGA_flucast,2026-05-20,INFLAenza
Washington,WA,1,wk inc rsv prop ed visits,prop_ed,2026-05-23,2026-05-30,UGA_flucast-INFLAenza,2.2577122510407545e-4,3.490702481581861e-4,4.861101839778655e-4,6.85128424282569e-4,9.352006099204997e-4,0.0011852444172660067,0.0015758737757394711,2.3e-4,3.5e-4,4.9e-4,6.9e-4,9.4e-4,0.0012,0.0016,NA,NA,NA,NA,NA,NA,NA,NA,NA,NA,NA,NA,NA,NA,TRUE,FALSE,UGA_flucast,2026-05-20,INFLAenza
Washington,WA,2,wk inc rsv prop ed visits,prop_ed,2026-05-23,2026-06-06,UGA_flucast-INFLAenza,1.7323461963427298e-4,2.8244618479759736e-4,4.2129948393721564e-4,6.153684939222488e-4,8.583254063954581e-4,0.0011410239126061848,0.0015388462729703028,1.7e-4,2.8e-4,4.2e-4,6.2e-4,8.6e-4,0.0011,0.0015,NA,NA,NA,NA,NA,NA,NA,NA,NA,NA,NA,NA,NA,NA,TRUE,FALSE,UGA_flucast,2026-05-20,INFLAenza
Washington,WA,0,wk inc rsv hosp,hosp,2026-05-23,2026-05-23,RSVHub-ensemble,6,8,11,14,18,23,37,6,8,10,10,20,20,40,0.07727894647157854,0.10303859529543806,0.14167806853122733,0.1803175417670166,0.23183683941473562,0.2962359614743844,0.476553503241401,0.08,0.1,0.14,0.18,0.23,0.3,0.48,FALSE,TRUE,RSVHub,2026-05-20,Ensemble using RSVHub forecast submissions
Washington,WA,1,wk inc rsv hosp,hosp,2026-05-23,2026-05-30,RSVHub-ensemble,3,5,7.5,10,16.5,21,36,3,5,8,10,20,20,40,0.03863947323578927,0.06439912205964878,0.09659868308947317,0.12879824411929755,0.212517102796841,0.2704763126505249,0.46367367882947125,0.04,0.06,0.1,0.13,0.21,0.27,0.46,FALSE,TRUE,RSVHub,2026-05-20,Ensemble using RSVHub forecast submissions
Washington,WA,2,wk inc rsv hosp,hosp,2026-05-23,2026-06-06,RSVHub-ensemble,2,3,5,9,12.5,17.5,31,2,3,5,9,10,20,30,0.025759648823859515,0.03863947323578927,0.06439912205964878,0.11591841970736781,0.16099780514912196,0.22539692720877075,0.3992745567698225,0.03,0.04,0.06,0.12,0.16,0.23,0.4,FALSE,TRUE,RSVHub,2026-05-20,Ensemble using RSVHub forecast submissions
Washington,WA,0,wk inc rsv prop ed visits,prop_ed,2026-05-23,2026-05-23,RSVHub-ensemble,3.782337404644147e-4,4.980448888365786e-4,6.171961474629823e-4,7.726851272312181e-4,9.510799341383474e-4,0.0011431343548044411,0.001382852864063193,3.8e-4,5e-4,6.2e-4,7.7e-4,9.5e-4,0.0011,0.0014,NA,NA,NA,NA,NA,NA,NA,NA,NA,NA,NA,NA,NA,NA,FALSE,TRUE,RSVHub,2026-05-20,Ensemble using RSVHub forecast submissions
Washington,WA,1,wk inc rsv prop ed visits,prop_ed,2026-05-23,2026-05-30,RSVHub-ensemble,2.4787357968654564e-4,3.5097095369098673e-4,4.658983468227327e-4,6.261370789313033e-4,8.188989623939335e-4,0.0010219111785450801,0.0013322628657900686,2.5e-4,3.5e-4,4.7e-4,6.3e-4,8.2e-4,0.001,0.0013,NA,NA,NA,NA,NA,NA,NA,NA,NA,NA,NA,NA,NA,NA,FALSE,TRUE,RSVHub,2026-05-20,Ensemble using RSVHub forecast submissions
West Virginia,WV,0,wk inc rsv hosp,hosp,2026-05-23,2026-05-23,CEPH-Rtrend_rsv,13,16,19,23,28,33,39,10,20,20,20,30,30,40,0.7345126593256834,0.9040155807085336,1.0735185020913836,1.2995223972685168,1.5820272662399337,1.8645321352113504,2.2035379779770503,0.73,0.9,1.07,1.3,1.58,1.86,2.2,TRUE,FALSE,CEPH Lab at Indiana University,2026-05-20,Rtrend RSV
West Virginia,WV,1,wk inc rsv hosp,hosp,2026-05-23,2026-05-30,CEPH-Rtrend_rsv,8,11,14,18,24,30,37,8,10,10,20,20,30,40,0.4520077903542668,0.6215107117371168,0.7910136331199669,1.0170175282971001,1.3560233710628002,1.6950292138285004,2.090536030388484,0.45,0.62,0.79,1.02,1.36,1.7,2.09,TRUE,FALSE,CEPH Lab at Indiana University,2026-05-20,Rtrend RSV
West Virginia,WV,2,wk inc rsv hosp,hosp,2026-05-23,2026-06-06,CEPH-Rtrend_rsv,5,7,10,14,19,26,34,5,7,10,10,20,30,30,0.28250486897141674,0.39550681655998343,0.5650097379428335,0.7910136331199669,1.0735185020913836,1.4690253186513669,1.9210331090056336,0.28,0.4,0.57,0.79,1.07,1.47,1.92,TRUE,FALSE,CEPH Lab at Indiana University,2026-05-20,Rtrend RSV
West Virginia,WV,0,wk inc rsv prop ed visits,prop_ed,2026-05-23,2026-05-23,CFA_Pyrenew-Pyrenew_E_RSV,0.0010282561960221427,0.0012933594921811968,0.001547209139217234,0.0018655893622543814,0.0022179762302662878,0.0026122094355215185,0.0030757730277123827,0.001,0.0013,0.0015,0.0019,0.0022,0.0026,0.0031,NA,NA,NA,NA,NA,NA,NA,NA,NA,NA,NA,NA,NA,NA,TRUE,FALSE,Center for Forecasting and Outbreak Analytics (CFA/CDC) Pyrenew team,2026-05-20,Pyrenew_ED_Visits_RSV
West Virginia,WV,1,wk inc rsv prop ed visits,prop_ed,2026-05-23,2026-05-30,CFA_Pyrenew-Pyrenew_E_RSV,5.736352074660185e-4,8.045717176144981e-4,0.001065411823411291,0.0014059299545520418,0.0018435361943938877,0.002355775486610031,0.0030014128769097056,5.7e-4,8e-4,0.0011,0.0014,0.0018,0.0024,0.003,NA,NA,NA,NA,NA,NA,NA,NA,NA,NA,NA,NA,NA,NA,TRUE,FALSE,Center for Forecasting and Outbreak Analytics (CFA/CDC) Pyrenew team,2026-05-20,Pyrenew_ED_Visits_RSV
West Virginia,WV,0,wk inc rsv hosp,hosp,2026-05-23,2026-05-23,CFA_Pyrenew-Pyrenew_HE_RSV,8,11,14,18,22,26,32,8,10,10,20,20,30,30,0.4520077903542668,0.6215107117371168,0.7910136331199669,1.0170175282971001,1.2430214234742336,1.4690253186513669,1.8080311614170672,0.45,0.62,0.79,1.02,1.24,1.47,1.81,TRUE,FALSE,Center for Forecasting and Outbreak Analytics (CFA/CDC) Pyrenew team,2026-05-20,Pyrenew_Hospital_Admissions_ED_Visits_RSV
West Virginia,WV,1,wk inc rsv hosp,hosp,2026-05-23,2026-05-30,CFA_Pyrenew-Pyrenew_HE_RSV,5,8,10,14,18,22,29,5,8,10,10,20,20,30,0.28250486897141674,0.4520077903542668,0.5650097379428335,0.7910136331199669,1.0170175282971001,1.2430214234742336,1.638528240034217,0.28,0.45,0.57,0.79,1.02,1.24,1.64,TRUE,FALSE,Center for Forecasting and Outbreak Analytics (CFA/CDC) Pyrenew team,2026-05-20,Pyrenew_Hospital_Admissions_ED_Visits_RSV
West Virginia,WV,0,wk inc rsv prop ed visits,prop_ed,2026-05-23,2026-05-23,CFA_Pyrenew-Pyrenew_HE_RSV,0.0011393498305321574,0.0014036635638541202,0.0016503905545487835,0.001970486588905223,0.00233536470291589,0.002689506241607673,0.003103085959502612,0.0011,0.0014,0.0017,0.002,0.0023,0.0027,0.0031,NA,NA,NA,NA,NA,NA,NA,NA,NA,NA,NA,NA,NA,NA,FALSE,FALSE,Center for Forecasting and Outbreak Analytics (CFA/CDC) Pyrenew team,2026-05-20,Pyrenew_Hospital_Admissions_ED_Visits_RSV
West Virginia,WV,1,wk inc rsv prop ed visits,prop_ed,2026-05-23,2026-05-30,CFA_Pyrenew-Pyrenew_HE_RSV,6.256433972557249e-4,8.756834139257454e-4,0.001146239309327984,0.0014935010855437038,0.0019773580097496826,0.002434592765260983,0.0031264516602258945,6.3e-4,8.8e-4,0.0011,0.0015,0.002,0.0024,0.0031,NA,NA,NA,NA,NA,NA,NA,NA,NA,NA,NA,NA,NA,NA,FALSE,FALSE,Center for Forecasting and Outbreak Analytics (CFA/CDC) Pyrenew team,2026-05-20,Pyrenew_Hospital_Admissions_ED_Visits_RSV
West Virginia,WV,0,wk inc rsv hosp,hosp,2026-05-23,2026-05-23,CFA_Pyrenew-Pyrenew_H_RSV,10,14,19,25,33,41,53,10,10,20,30,30,40,50,0.5650097379428335,0.7910136331199669,1.0735185020913836,1.4125243448570837,1.8645321352113504,2.316539925565617,2.9945516110970174,0.57,0.79,1.07,1.41,1.86,2.32,2.99,FALSE,FALSE,Center for Forecasting and Outbreak Analytics (CFA/CDC) Pyrenew team,2026-05-20,Pyrenew_Hospital_Admissions_RSV
West Virginia,WV,1,wk inc rsv hosp,hosp,2026-05-23,2026-05-30,CFA_Pyrenew-Pyrenew_H_RSV,6,9,14,21,31,42,60,6,9,10,20,30,40,60,0.33900584276570006,0.5085087641485501,0.7910136331199669,1.1865204496799504,1.7515301876227836,2.373040899359901,3.3900584276570007,0.34,0.51,0.79,1.19,1.75,2.37,3.39,FALSE,FALSE,Center for Forecasting and Outbreak Analytics (CFA/CDC) Pyrenew team,2026-05-20,Pyrenew_Hospital_Admissions_RSV
West Virginia,WV,0,wk inc rsv hosp,hosp,2026-05-23,2026-05-23,Google_SAI-RSVEns,9.5,13,15.5,21,25.5,32,45,10,10,20,20,30,30,50,0.5367592510456918,0.7345126593256834,0.8757650938113918,1.1865204496799504,1.4407748317542253,1.8080311614170672,2.5425438207427504,0.54,0.73,0.88,1.19,1.44,1.81,2.54,TRUE,FALSE,Google Science AI,2026-05-20,RSVEnsemble
West Virginia,WV,1,wk inc rsv hosp,hosp,2026-05-23,2026-05-30,Google_SAI-RSVEns,7.5,11,12.5,16.5,20,24.5,35.5,8,10,10,20,20,20,40,0.4237573034571251,0.6215107117371168,0.7062621724285418,0.9322660676056752,1.130019475885667,1.3842738579599418,2.0057845696970587,0.42,0.62,0.71,0.93,1.13,1.38,2.01,TRUE,FALSE,Google Science AI,2026-05-20,RSVEnsemble
West Virginia,WV,2,wk inc rsv hosp,hosp,2026-05-23,2026-06-06,Google_SAI-RSVEns,5,8.5,10.5,13,15.5,20,33.5,5,9,10,10,20,20,30,0.28250486897141674,0.4802582772514084,0.5932602248399752,0.7345126593256834,0.8757650938113918,1.130019475885667,1.892782622108492,0.28,0.48,0.59,0.73,0.88,1.13,1.89,TRUE,FALSE,Google Science AI,2026-05-20,RSVEnsemble
West Virginia,WV,0,wk inc rsv hosp,hosp,2026-05-23,2026-05-23,RSVHub-baseline,0,11.400000000000006,24,28,32,44.60000000000004,60.67499999999994,0,10,20,30,30,40,60,0,0.6441111012548304,1.3560233710628002,1.5820272662399337,1.8080311614170672,2.5199434312250393,3.4281965849681386,0,0.64,1.36,1.58,1.81,2.52,3.43,FALSE,FALSE,RSVHub-hub-models,2026-05-20,RSVHub baseline model
West Virginia,WV,1,wk inc rsv hosp,hosp,2026-05-23,2026-05-30,RSVHub-baseline,0,3.998135981359823,18,28,38.18586935869351,52.955489554895564,73.36562790627904,0,4,20,30,40,50,70,0,0.2258985763087927,1.0170175282971001,1.5820272662399337,2.157538803947469,2.9920367276046,4.145229419733815,0,0.23,1.02,1.58,2.16,2.99,4.15,FALSE,FALSE,RSVHub-hub-models,2026-05-20,RSVHub baseline model
West Virginia,WV,2,wk inc rsv hosp,hosp,2026-05-23,2026-06-06,RSVHub-baseline,0,0,13.97640476404764,28,42.45576705767058,59.526406264062636,79.93141031410316,0,0,10,30,40,60,80,0,0,0.7896804793117526,1.5820272662399337,2.3987921819416433,3.363299920393667,4.516202519497252,0,0,0.79,1.58,2.4,3.36,4.52,FALSE,FALSE,RSVHub-hub-models,2026-05-20,RSVHub baseline model
West Virginia,WV,0,wk inc rsv prop ed visits,prop_ed,2026-05-23,2026-05-23,RSVHub-baseline,0,0,0.0017,0.0021,0.0024999999999999996,0.0043,0.006599999999999998,0,0,0.0017,0.0021,0.0025,0.0043,0.0066,NA,NA,NA,NA,NA,NA,NA,NA,NA,NA,NA,NA,NA,NA,FALSE,FALSE,RSVHub-hub-models,2026-05-20,RSVHub baseline model
West Virginia,WV,1,wk inc rsv prop ed visits,prop_ed,2026-05-23,2026-05-30,RSVHub-baseline,0,0,9.999999999999998e-4,0.0021,0.0032999999999999995,0.0053,0.008766300838008355,0,0,0.001,0.0021,0.0033,0.0053,0.0088,NA,NA,NA,NA,NA,NA,NA,NA,NA,NA,NA,NA,NA,NA,FALSE,FALSE,RSVHub-hub-models,2026-05-20,RSVHub baseline model
West Virginia,WV,2,wk inc rsv prop ed visits,prop_ed,2026-05-23,2026-06-06,RSVHub-baseline,0,0,4.999999999999988e-4,0.0021,0.003900070500705003,0.006297677576775768,0.00979601836018356,0,0,5e-4,0.0021,0.0039,0.0063,0.0098,NA,NA,NA,NA,NA,NA,NA,NA,NA,NA,NA,NA,NA,NA,FALSE,FALSE,RSVHub-hub-models,2026-05-20,RSVHub baseline model
West Virginia,WV,0,wk inc rsv hosp,hosp,2026-05-23,2026-05-23,UGA_flucast-INFLAenza,6,9,13,19,26,35,48,6,9,10,20,30,40,50,0.33900584276570006,0.5085087641485501,0.7345126593256834,1.0735185020913836,1.4690253186513669,1.977534082799917,2.7120467421256005,0.34,0.51,0.73,1.07,1.47,1.98,2.71,TRUE,FALSE,UGA_flucast,2026-05-20,INFLAenza
West Virginia,WV,1,wk inc rsv hosp,hosp,2026-05-23,2026-05-30,UGA_flucast-INFLAenza,3,6,9,14,21,29,42,3,6,9,10,20,30,40,0.16950292138285003,0.33900584276570006,0.5085087641485501,0.7910136331199669,1.1865204496799504,1.638528240034217,2.373040899359901,0.17,0.34,0.51,0.79,1.19,1.64,2.37,TRUE,FALSE,UGA_flucast,2026-05-20,INFLAenza
West Virginia,WV,2,wk inc rsv hosp,hosp,2026-05-23,2026-06-06,UGA_flucast-INFLAenza,2,4,6,10,16,24,37,2,4,6,10,20,20,40,0.1130019475885667,0.2260038951771334,0.33900584276570006,0.5650097379428335,0.9040155807085336,1.3560233710628002,2.090536030388484,0.11,0.23,0.34,0.57,0.9,1.36,2.09,TRUE,FALSE,UGA_flucast,2026-05-20,INFLAenza
West Virginia,WV,0,wk inc rsv prop ed visits,prop_ed,2026-05-23,2026-05-23,UGA_flucast-INFLAenza,9.41914796170973e-4,0.001235554431949107,0.0015282093132002344,0.0018946866085978844,0.002337825211150911,0.002807916231702173,0.0034369369671066884,9.4e-4,0.0012,0.0015,0.0019,0.0023,0.0028,0.0034,NA,NA,NA,NA,NA,NA,NA,NA,NA,NA,NA,NA,NA,NA,TRUE,FALSE,UGA_flucast,2026-05-20,INFLAenza
West Virginia,WV,1,wk inc rsv prop ed visits,prop_ed,2026-05-23,2026-05-30,UGA_flucast-INFLAenza,6.674697968783338e-4,9.469234171267632e-4,0.0012456405691825393,0.0016292785295998016,0.002093954778979533,0.0026163434608886225,0.0033059667835300777,6.7e-4,9.5e-4,0.0012,0.0016,0.0021,0.0026,0.0033,NA,NA,NA,NA,NA,NA,NA,NA,NA,NA,NA,NA,NA,NA,TRUE,FALSE,UGA_flucast,2026-05-20,INFLAenza
West Virginia,WV,2,wk inc rsv prop ed visits,prop_ed,2026-05-23,2026-06-06,UGA_flucast-INFLAenza,5.160099826072228e-4,7.661616566522811e-4,0.0010413298162900884,0.001423168397251773,0.0019218541343025489,0.002478570757664885,0.003105255849272933,5.2e-4,7.7e-4,0.001,0.0014,0.0019,0.0025,0.0031,NA,NA,NA,NA,NA,NA,NA,NA,NA,NA,NA,NA,NA,NA,TRUE,FALSE,UGA_flucast,2026-05-20,INFLAenza
West Virginia,WV,0,wk inc rsv hosp,hosp,2026-05-23,2026-05-23,RSVHub-ensemble,8.75,12,14.75,20,25.75,32.5,42,9,10,10,20,30,30,40,0.49438352069997926,0.6780116855314001,0.8333893634656794,1.130019475885667,1.454900075202796,1.8362816483142088,2.373040899359901,0.49,0.68,0.83,1.13,1.45,1.84,2.37,FALSE,TRUE,RSVHub,2026-05-20,Ensemble using RSVHub forecast submissions
West Virginia,WV,1,wk inc rsv hosp,hosp,2026-05-23,2026-05-30,RSVHub-ensemble,6.25,9.5,11.25,15.25,20.5,26.75,36.25,6,10,10,20,20,30,40,0.3531310862142709,0.5367592510456918,0.6356359551856876,0.861639850362821,1.1582699627828086,1.5114010489970795,2.0481603000427713,0.35,0.54,0.64,0.86,1.16,1.51,2.05,FALSE,TRUE,RSVHub,2026-05-20,Ensemble using RSVHub forecast submissions
West Virginia,WV,2,wk inc rsv hosp,hosp,2026-05-23,2026-06-06,RSVHub-ensemble,5,7,10,13,16,24,34,5,7,10,10,20,20,30,0.28250486897141674,0.39550681655998343,0.5650097379428335,0.7345126593256834,0.9040155807085336,1.3560233710628002,1.9210331090056336,0.28,0.4,0.57,0.73,0.9,1.36,1.92,FALSE,TRUE,RSVHub,2026-05-20,Ensemble using RSVHub forecast submissions
West Virginia,WV,0,wk inc rsv prop ed visits,prop_ed,2026-05-23,2026-05-23,RSVHub-ensemble,9.850854960965578e-4,0.001264456962065152,0.0015377092262087342,0.0018801379854261329,0.0022779007207085994,0.0027100628336118454,0.0032563549974095355,9.9e-4,0.0013,0.0015,0.0019,0.0023,0.0027,0.0033,NA,NA,NA,NA,NA,NA,NA,NA,NA,NA,NA,NA,NA,NA,FALSE,TRUE,RSVHub,2026-05-20,Ensemble using RSVHub forecast submissions
West Virginia,WV,1,wk inc rsv prop ed visits,prop_ed,2026-05-23,2026-05-30,RSVHub-ensemble,6.205525021721761e-4,8.757475673706306e-4,0.0011555261962969152,0.0015176042420759217,0.0019687454866867105,0.0024860594737493268,0.0031536898302198914,6.2e-4,8.8e-4,0.0012,0.0015,0.002,0.0025,0.0032,NA,NA,NA,NA,NA,NA,NA,NA,NA,NA,NA,NA,NA,NA,FALSE,TRUE,RSVHub,2026-05-20,Ensemble using RSVHub forecast submissions
Wisconsin,WI,0,wk inc rsv hosp,hosp,2026-05-23,2026-05-23,CEPH-Rtrend_rsv,19,22,26,31,36,42,47,20,20,30,30,40,40,50,0.32151195906035934,0.37227700522778445,0.439963733451018,0.5245721437300599,0.6091805540091018,0.7107106463439522,0.7953190566229941,0.32,0.37,0.44,0.52,0.61,0.71,0.8,TRUE,FALSE,CEPH Lab at Indiana University,2026-05-20,Rtrend RSV
Wisconsin,WI,1,wk inc rsv hosp,hosp,2026-05-23,2026-05-30,CEPH-Rtrend_rsv,12,15,18,23,29,35,42,10,20,20,20,30,40,40,0.20306018466970063,0.25382523083712577,0.3045902770045509,0.38919868728359286,0.4907287796184431,0.5922588719532934,0.7107106463439522,0.2,0.25,0.3,0.39,0.49,0.59,0.71,TRUE,FALSE,CEPH Lab at Indiana University,2026-05-20,Rtrend RSV
Wisconsin,WI,2,wk inc rsv hosp,hosp,2026-05-23,2026-06-06,CEPH-Rtrend_rsv,7,10,13,17,23,29,36,7,10,10,20,20,30,40,0.1184517743906587,0.16921682055808385,0.219981866725509,0.28766859494874253,0.38919868728359286,0.4907287796184431,0.6091805540091018,0.12,0.17,0.22,0.29,0.39,0.49,0.61,TRUE,FALSE,CEPH Lab at Indiana University,2026-05-20,Rtrend RSV
Wisconsin,WI,0,wk inc rsv prop ed visits,prop_ed,2026-05-23,2026-05-23,CFA_Pyrenew-Pyrenew_E_RSV,4.8038507867238605e-4,5.733705587484575e-4,6.710050393780361e-4,7.883003537701484e-4,9.161018937741319e-4,0.0010483083011338388,0.0011926899080250118,4.8e-4,5.7e-4,6.7e-4,7.9e-4,9.2e-4,0.001,0.0012,NA,NA,NA,NA,NA,NA,NA,NA,NA,NA,NA,NA,NA,NA,TRUE,FALSE,Center for Forecasting and Outbreak Analytics (CFA/CDC) Pyrenew team,2026-05-20,Pyrenew_ED_Visits_RSV
Wisconsin,WI,1,wk inc rsv prop ed visits,prop_ed,2026-05-23,2026-05-30,CFA_Pyrenew-Pyrenew_E_RSV,2.9153835461697835e-4,3.6975534779407754e-4,4.622372072215641e-4,5.909218184586473e-4,7.406878853268652e-4,9.047031384741643e-4,0.0011207040357456193,2.9e-4,3.7e-4,4.6e-4,5.9e-4,7.4e-4,9e-4,0.0011,NA,NA,NA,NA,NA,NA,NA,NA,NA,NA,NA,NA,NA,NA,TRUE,FALSE,Center for Forecasting and Outbreak Analytics (CFA/CDC) Pyrenew team,2026-05-20,Pyrenew_ED_Visits_RSV
Wisconsin,WI,0,wk inc rsv hosp,hosp,2026-05-23,2026-05-23,CFA_Pyrenew-Pyrenew_HE_RSV,14,18,22,26,31,35,41,10,20,20,30,30,40,40,0.2369035487813174,0.3045902770045509,0.37227700522778445,0.439963733451018,0.5245721437300599,0.5922588719532934,0.6937889642881437,0.24,0.3,0.37,0.44,0.52,0.59,0.69,TRUE,FALSE,Center for Forecasting and Outbreak Analytics (CFA/CDC) Pyrenew team,2026-05-20,Pyrenew_Hospital_Admissions_ED_Visits_RSV
Wisconsin,WI,1,wk inc rsv hosp,hosp,2026-05-23,2026-05-30,CFA_Pyrenew-Pyrenew_HE_RSV,10,13,16,20,24,28,34,10,10,20,20,20,30,30,0.16921682055808385,0.219981866725509,0.2707469128929341,0.3384336411161677,0.40612036933940127,0.4738070975626348,0.5753371898974851,0.17,0.22,0.27,0.34,0.41,0.47,0.58,TRUE,FALSE,Center for Forecasting and Outbreak Analytics (CFA/CDC) Pyrenew team,2026-05-20,Pyrenew_Hospital_Admissions_ED_Visits_RSV
Wisconsin,WI,0,wk inc rsv prop ed visits,prop_ed,2026-05-23,2026-05-23,CFA_Pyrenew-Pyrenew_HE_RSV,5.142028403512868e-4,6.086818496201324e-4,7.154182055316576e-4,8.398108599211541e-4,9.736010445782885e-4,0.0011100026580588133,0.0012741683205678787,5.1e-4,6.1e-4,7.2e-4,8.4e-4,9.7e-4,0.0011,0.0013,NA,NA,NA,NA,NA,NA,NA,NA,NA,NA,NA,NA,NA,NA,FALSE,FALSE,Center for Forecasting and Outbreak Analytics (CFA/CDC) Pyrenew team,2026-05-20,Pyrenew_Hospital_Admissions_ED_Visits_RSV
Wisconsin,WI,1,wk inc rsv prop ed visits,prop_ed,2026-05-23,2026-05-30,CFA_Pyrenew-Pyrenew_HE_RSV,3.12752475014797e-4,4.007220576743658e-4,5.024501561678042e-4,6.333667228946046e-4,7.98565003044178e-4,9.804246290516271e-4,0.001184210588344075,3.1e-4,4e-4,5e-4,6.3e-4,8e-4,9.8e-4,0.0012,NA,NA,NA,NA,NA,NA,NA,NA,NA,NA,NA,NA,NA,NA,FALSE,FALSE,Center for Forecasting and Outbreak Analytics (CFA/CDC) Pyrenew team,2026-05-20,Pyrenew_Hospital_Admissions_ED_Visits_RSV
Wisconsin,WI,0,wk inc rsv hosp,hosp,2026-05-23,2026-05-23,CFA_Pyrenew-Pyrenew_H_RSV,17,22,26,32,39,46,54,20,20,30,30,40,50,50,0.28766859494874253,0.37227700522778445,0.439963733451018,0.5414938257858682,0.6599456001765269,0.7783973745671857,0.9137708310136526,0.29,0.37,0.44,0.54,0.66,0.78,0.91,FALSE,FALSE,Center for Forecasting and Outbreak Analytics (CFA/CDC) Pyrenew team,2026-05-20,Pyrenew_Hospital_Admissions_RSV
Wisconsin,WI,1,wk inc rsv hosp,hosp,2026-05-23,2026-05-30,CFA_Pyrenew-Pyrenew_H_RSV,10,14,19,25,34,43,57,10,10,20,30,30,40,60,0.16921682055808385,0.2369035487813174,0.32151195906035934,0.4230420513952096,0.5753371898974851,0.7276323283997604,0.9645358771810779,0.17,0.24,0.32,0.42,0.58,0.73,0.96,FALSE,FALSE,Center for Forecasting and Outbreak Analytics (CFA/CDC) Pyrenew team,2026-05-20,Pyrenew_Hospital_Admissions_RSV
Wisconsin,WI,0,wk inc rsv hosp,hosp,2026-05-23,2026-05-23,Google_SAI-RSVEns,15.5,21,26.5,29,37.5,49.5,72,20,20,30,30,40,50,70,0.26228607186502995,0.3553553231719761,0.4484245744789222,0.4907287796184431,0.6345630770928145,0.837623261762515,1.2183611080182035,0.26,0.36,0.45,0.49,0.63,0.84,1.22,TRUE,FALSE,Google Science AI,2026-05-20,RSVEnsemble
Wisconsin,WI,1,wk inc rsv hosp,hosp,2026-05-23,2026-05-30,Google_SAI-RSVEns,9.5,16,18.5,21,29.5,38,62,10,20,20,20,30,40,60,0.16075597953017967,0.2707469128929341,0.3130511180324551,0.3553553231719761,0.4991896206463473,0.6430239181207187,1.0491442874601198,0.16,0.27,0.31,0.36,0.5,0.64,1.05,TRUE,FALSE,Google Science AI,2026-05-20,RSVEnsemble
Wisconsin,WI,2,wk inc rsv hosp,hosp,2026-05-23,2026-06-06,Google_SAI-RSVEns,6,10.5,13,16,21,28.5,49,6,10,10,20,20,30,50,0.10153009233485032,0.17767766158598805,0.219981866725509,0.2707469128929341,0.3553553231719761,0.48226793859053896,0.8291624207346108,0.1,0.18,0.22,0.27,0.36,0.48,0.83,TRUE,FALSE,Google Science AI,2026-05-20,RSVEnsemble
Wisconsin,WI,0,wk inc rsv hosp,hosp,2026-05-23,2026-05-23,RSVHub-baseline,0,15.700000000000003,33,40,47,64.30000000000003,80,0,20,30,40,50,60,80,0,0.2656704082761917,0.5584155078416767,0.6768672822323354,0.7953190566229941,1.0880641561884796,1.3537345644646708,0,0.27,0.56,0.68,0.8,1.09,1.35,FALSE,FALSE,RSVHub-hub-models,2026-05-20,RSVHub baseline model
Wisconsin,WI,1,wk inc rsv hosp,hosp,2026-05-23,2026-05-30,RSVHub-baseline,0,5.819820198201995,26,40,54,74.41953019530196,96.70072600726004,0,6,30,40,50,70,100,0,0.0984811470159459,0.439963733451018,0.6768672822323354,0.9137708310136526,1.2593036287075314,1.6363389400606954,0,0.1,0.44,0.68,0.91,1.26,1.64,FALSE,FALSE,RSVHub-hub-models,2026-05-20,RSVHub baseline model
Wisconsin,WI,2,wk inc rsv hosp,hosp,2026-05-23,2026-06-06,RSVHub-baseline,0,0,20.301383013830144,40,59.77585525855258,81,108.22662551625537,0,0,20,40,60,80,110,0,0,0.3435335486532227,0.6768672822323354,1.0115080172992483,1.3706562465204792,1.8313765469591123,0,0,0.34,0.68,1.01,1.37,1.83,FALSE,FALSE,RSVHub-hub-models,2026-05-20,RSVHub baseline model
Wisconsin,WI,0,wk inc rsv prop ed visits,prop_ed,2026-05-23,2026-05-23,RSVHub-baseline,0,1.0000000000000005e-4,9.000000000000002e-4,0.0011,0.0013,0.0021000000000000003,0.0034574999999999936,0,1e-4,9e-4,0.0011,0.0013,0.0021,0.0035,NA,NA,NA,NA,NA,NA,NA,NA,NA,NA,NA,NA,NA,NA,FALSE,FALSE,RSVHub-hub-models,2026-05-20,RSVHub baseline model
Wisconsin,WI,1,wk inc rsv prop ed visits,prop_ed,2026-05-23,2026-05-30,RSVHub-baseline,0,0,5.000000000000002e-4,0.0011,0.0017000000000000006,0.002781540615406154,0.0039000000000000007,0,0,5e-4,0.0011,0.0017,0.0028,0.0039,NA,NA,NA,NA,NA,NA,NA,NA,NA,NA,NA,NA,NA,NA,FALSE,FALSE,RSVHub-hub-models,2026-05-20,RSVHub baseline model
Wisconsin,WI,2,wk inc rsv prop ed visits,prop_ed,2026-05-23,2026-06-06,RSVHub-baseline,0,0,2.999999999999999e-4,0.0011,0.002,0.0031194464944649444,0.004378606011060111,0,0,3e-4,0.0011,0.002,0.0031,0.0044,NA,NA,NA,NA,NA,NA,NA,NA,NA,NA,NA,NA,NA,NA,FALSE,FALSE,RSVHub-hub-models,2026-05-20,RSVHub baseline model
Wisconsin,WI,0,wk inc rsv hosp,hosp,2026-05-23,2026-05-23,UGA_flucast-INFLAenza,9,14,19,27,38,49,67,9,10,20,30,40,50,70,0.15229513850227544,0.2369035487813174,0.32151195906035934,0.4568854155068263,0.6430239181207187,0.8291624207346108,1.1337526977391619,0.15,0.24,0.32,0.46,0.64,0.83,1.13,TRUE,FALSE,UGA_flucast,2026-05-20,INFLAenza
Wisconsin,WI,1,wk inc rsv hosp,hosp,2026-05-23,2026-05-30,UGA_flucast-INFLAenza,6,9,13,19,28,39,56,6,9,10,20,30,40,60,0.10153009233485032,0.15229513850227544,0.219981866725509,0.32151195906035934,0.4738070975626348,0.6599456001765269,0.9476141951252696,0.1,0.15,0.22,0.32,0.47,0.66,0.95,TRUE,FALSE,UGA_flucast,2026-05-20,INFLAenza
Wisconsin,WI,2,wk inc rsv hosp,hosp,2026-05-23,2026-06-06,UGA_flucast-INFLAenza,3,6,9,14,22,32,48,3,6,9,10,20,30,50,0.05076504616742516,0.10153009233485032,0.15229513850227544,0.2369035487813174,0.37227700522778445,0.5414938257858682,0.8122407386788025,0.05,0.1,0.15,0.24,0.37,0.54,0.81,TRUE,FALSE,UGA_flucast,2026-05-20,INFLAenza
Wisconsin,WI,0,wk inc rsv prop ed visits,prop_ed,2026-05-23,2026-05-23,UGA_flucast-INFLAenza,3.645862679392464e-4,5.186012059487895e-4,6.905342829443698e-4,9.101782959250084e-4,0.0011830862424645691,0.001469744614914183,0.0018075887837950431,3.6e-4,5.2e-4,6.9e-4,9.1e-4,0.0012,0.0015,0.0018,NA,NA,NA,NA,NA,NA,NA,NA,NA,NA,NA,NA,NA,NA,TRUE,FALSE,UGA_flucast,2026-05-20,INFLAenza
Wisconsin,WI,1,wk inc rsv prop ed visits,prop_ed,2026-05-23,2026-05-30,UGA_flucast-INFLAenza,2.5136830736607966e-4,3.9809252779787605e-4,5.524073113565644e-4,7.738146171200602e-4,0.0010423324320279902,0.001352102224239853,0.0017217804329610628,2.5e-4,4e-4,5.5e-4,7.7e-4,0.001,0.0014,0.0017,NA,NA,NA,NA,NA,NA,NA,NA,NA,NA,NA,NA,NA,NA,TRUE,FALSE,UGA_flucast,2026-05-20,INFLAenza
Wisconsin,WI,2,wk inc rsv prop ed visits,prop_ed,2026-05-23,2026-06-06,UGA_flucast-INFLAenza,1.904604824486215e-4,3.12955092298408e-4,4.713558396665652e-4,6.802466301008034e-4,9.571255547223326e-4,0.0012694361123057267,0.001729635542567225,1.9e-4,3.1e-4,4.7e-4,6.8e-4,9.6e-4,0.0013,0.0017,NA,NA,NA,NA,NA,NA,NA,NA,NA,NA,NA,NA,NA,NA,TRUE,FALSE,UGA_flucast,2026-05-20,INFLAenza
Wisconsin,WI,0,wk inc rsv hosp,hosp,2026-05-23,2026-05-23,RSVHub-ensemble,14.75,19.5,24,28,36.75,45.5,57,10,20,20,30,40,50,60,0.24959481032317365,0.32997280008826346,0.40612036933940127,0.4738070975626348,0.6218718155509582,0.7699365335392815,0.9645358771810779,0.25,0.33,0.41,0.47,0.62,0.77,0.96,FALSE,TRUE,RSVHub,2026-05-20,Ensemble using RSVHub forecast submissions
Wisconsin,WI,1,wk inc rsv hosp,hosp,2026-05-23,2026-05-30,RSVHub-ensemble,9.75,14,17,20.5,28.5,36.5,49,10,10,20,20,30,40,50,0.16498640004413173,0.2369035487813174,0.28766859494874253,0.34689448214407187,0.48226793859053896,0.617641395037006,0.8291624207346108,0.16,0.24,0.29,0.35,0.48,0.62,0.83,FALSE,TRUE,RSVHub,2026-05-20,Ensemble using RSVHub forecast submissions
Wisconsin,WI,2,wk inc rsv hosp,hosp,2026-05-23,2026-06-06,RSVHub-ensemble,6,10,13,16,22,29,48,6,10,10,20,20,30,50,0.10153009233485032,0.16921682055808385,0.219981866725509,0.2707469128929341,0.37227700522778445,0.4907287796184431,0.8122407386788025,0.1,0.17,0.22,0.27,0.37,0.49,0.81,FALSE,TRUE,RSVHub,2026-05-20,Ensemble using RSVHub forecast submissions
Wisconsin,WI,0,wk inc rsv prop ed visits,prop_ed,2026-05-23,2026-05-23,RSVHub-ensemble,4.224856733058162e-4,5.459858823486236e-4,6.80769661161203e-4,8.492393248475784e-4,0.0010495940681193505,0.001259026458024011,0.0015001393459100273,4.2e-4,5.5e-4,6.8e-4,8.5e-4,0.001,0.0013,0.0015,NA,NA,NA,NA,NA,NA,NA,NA,NA,NA,NA,NA,NA,NA,FALSE,TRUE,RSVHub,2026-05-20,Ensemble using RSVHub forecast submissions
Wisconsin,WI,1,wk inc rsv prop ed visits,prop_ed,2026-05-23,2026-05-30,RSVHub-ensemble,2.71453330991529e-4,3.839239377959768e-4,5.073222592890643e-4,6.823682177893538e-4,8.915101586774276e-4,0.0011284026813570087,0.001421242234353341,2.7e-4,3.8e-4,5.1e-4,6.8e-4,8.9e-4,0.0011,0.0014,NA,NA,NA,NA,NA,NA,NA,NA,NA,NA,NA,NA,NA,NA,FALSE,TRUE,RSVHub,2026-05-20,Ensemble using RSVHub forecast submissions
Wyoming,WY,0,wk inc rsv hosp,hosp,2026-05-23,2026-05-23,CEPH-Rtrend_rsv,1,1,2,5,7,10,15,1,1,2,5,7,10,20,0.17202939638325396,0.17202939638325396,0.3440587927665079,0.8601469819162698,1.2042057746827777,1.7202939638325396,2.5804409457488098,0.17,0.17,0.34,0.86,1.2,1.72,2.58,TRUE,FALSE,CEPH Lab at Indiana University,2026-05-20,Rtrend RSV
Wyoming,WY,1,wk inc rsv hosp,hosp,2026-05-23,2026-05-30,CEPH-Rtrend_rsv,0,1,2,3,7,11,18,0,1,2,3,7,10,20,0,0.17202939638325396,0.3440587927665079,0.5160881891497618,1.2042057746827777,1.8923233602157936,3.0965291348985713,0,0.17,0.34,0.52,1.2,1.89,3.1,TRUE,FALSE,CEPH Lab at Indiana University,2026-05-20,Rtrend RSV
Wyoming,WY,2,wk inc rsv hosp,hosp,2026-05-23,2026-06-06,CEPH-Rtrend_rsv,0,0,1,3,6,12,21,0,0,1,3,6,10,20,0,0,0.17202939638325396,0.5160881891497618,1.0321763782995237,2.0643527565990474,3.6126173240483332,0,0,0.17,0.52,1.03,2.06,3.61,TRUE,FALSE,CEPH Lab at Indiana University,2026-05-20,Rtrend RSV
Wyoming,WY,0,wk inc rsv hosp,hosp,2026-05-23,2026-05-23,CFA_Pyrenew-Pyrenew_H_RSV,0,1,2,4,6,8,11,0,1,2,4,6,8,10,0,0.17202939638325396,0.3440587927665079,0.6881175855330158,1.0321763782995237,1.3762351710660317,1.8923233602157936,0,0.17,0.34,0.69,1.03,1.38,1.89,FALSE,FALSE,Center for Forecasting and Outbreak Analytics (CFA/CDC) Pyrenew team,2026-05-20,Pyrenew_Hospital_Admissions_RSV
Wyoming,WY,1,wk inc rsv hosp,hosp,2026-05-23,2026-05-30,CFA_Pyrenew-Pyrenew_H_RSV,0,0,1,3,4,7,10,0,0,1,3,4,7,10,0,0,0.17202939638325396,0.5160881891497618,0.6881175855330158,1.2042057746827777,1.7202939638325396,0,0,0.17,0.52,0.69,1.2,1.72,FALSE,FALSE,Center for Forecasting and Outbreak Analytics (CFA/CDC) Pyrenew team,2026-05-20,Pyrenew_Hospital_Admissions_RSV
Wyoming,WY,0,wk inc rsv hosp,hosp,2026-05-23,2026-05-23,Google_SAI-RSVEns,0.5,1,2.5,4,5.5,8.5,12,1,1,3,4,6,9,10,0.08601469819162698,0.17202939638325396,0.4300734909581349,0.6881175855330158,0.9461616801078968,1.4622498692576589,2.0643527565990474,0.09,0.17,0.43,0.69,0.95,1.46,2.06,TRUE,FALSE,Google Science AI,2026-05-20,RSVEnsemble
Wyoming,WY,1,wk inc rsv hosp,hosp,2026-05-23,2026-05-30,Google_SAI-RSVEns,0,1,1.5,3,4.5,6,11,0,1,2,3,5,6,10,0,0.17202939638325396,0.2580440945748809,0.5160881891497618,0.7741322837246428,1.0321763782995237,1.8923233602157936,0,0.17,0.26,0.52,0.77,1.03,1.89,TRUE,FALSE,Google Science AI,2026-05-20,RSVEnsemble
Wyoming,WY,2,wk inc rsv hosp,hosp,2026-05-23,2026-06-06,Google_SAI-RSVEns,0,0.5,1.5,2.5,4,6.5,10.5,0,1,2,3,4,7,10,0,0.08601469819162698,0.2580440945748809,0.4300734909581349,0.6881175855330158,1.118191076491151,1.8063086620241666,0,0.09,0.26,0.43,0.69,1.12,1.81,TRUE,FALSE,Google Science AI,2026-05-20,RSVEnsemble
Wyoming,WY,0,wk inc rsv hosp,hosp,2026-05-23,2026-05-23,RSVHub-baseline,0,0,2,4,6,12,17.224999999999984,0,0,2,4,6,10,20,0,0,0.3440587927665079,0.6881175855330158,1.0321763782995237,2.0643527565990474,2.963206352701547,0,0,0.34,0.69,1.03,2.06,2.96,FALSE,FALSE,RSVHub-hub-models,2026-05-20,RSVHub baseline model
Wyoming,WY,1,wk inc rsv hosp,hosp,2026-05-23,2026-05-30,RSVHub-baseline,0,0,0.6094610946109462,4,9,15,22.147556225562177,0,0,1,4,9,20,20,0,0,0.10484522422499831,0.6881175855330158,1.5482645674492856,2.5804409457488098,3.81003072884764,0,0,0.1,0.69,1.55,2.58,3.81,FALSE,FALSE,RSVHub-hub-models,2026-05-20,RSVHub baseline model
Wyoming,WY,2,wk inc rsv hosp,hosp,2026-05-23,2026-06-06,RSVHub-baseline,0,0,0,4,10.548180481804835,17.27269972699732,25.778538035380336,0,0,0,4,10,20,30,0,0,0,0.6881175855330158,1.8145971212265066,2.971412107944545,4.434666337869233,0,0,0,0.69,1.81,2.97,4.43,FALSE,FALSE,RSVHub-hub-models,2026-05-20,RSVHub baseline model
Wyoming,WY,0,wk inc rsv prop ed visits,prop_ed,2026-05-23,2026-05-23,RSVHub-baseline,0,0,9e-4,0.0013,0.0017,0.0033000000000000013,0.006257499999999994,0,0,9e-4,0.0013,0.0017,0.0033,0.0063,NA,NA,NA,NA,NA,NA,NA,NA,NA,NA,NA,NA,NA,NA,FALSE,FALSE,RSVHub-hub-models,2026-05-20,RSVHub baseline model
Wyoming,WY,1,wk inc rsv prop ed visits,prop_ed,2026-05-23,2026-05-30,RSVHub-baseline,0,0,3e-4,0.0013,0.0026,0.004720892508925099,0.008276340763407629,0,0,3e-4,0.0013,0.0026,0.0047,0.0083,NA,NA,NA,NA,NA,NA,NA,NA,NA,NA,NA,NA,NA,NA,FALSE,FALSE,RSVHub-hub-models,2026-05-20,RSVHub baseline model
Wyoming,WY,2,wk inc rsv prop ed visits,prop_ed,2026-05-23,2026-06-06,RSVHub-baseline,0,0,0,0.0013,0.0032000000000000006,0.005800000000000001,0.009386882318823184,0,0,0,0.0013,0.0032,0.0058,0.0094,NA,NA,NA,NA,NA,NA,NA,NA,NA,NA,NA,NA,NA,NA,FALSE,FALSE,RSVHub-hub-models,2026-05-20,RSVHub baseline model
Wyoming,WY,0,wk inc rsv hosp,hosp,2026-05-23,2026-05-23,UGA_flucast-INFLAenza,0,1,3,4,6,9,14,0,1,3,4,6,9,10,0,0.17202939638325396,0.5160881891497618,0.6881175855330158,1.0321763782995237,1.5482645674492856,2.4084115493655553,0,0.17,0.52,0.69,1.03,1.55,2.41,TRUE,FALSE,UGA_flucast,2026-05-20,INFLAenza
Wyoming,WY,1,wk inc rsv hosp,hosp,2026-05-23,2026-05-30,UGA_flucast-INFLAenza,0,1,2,3,5,8,11,0,1,2,3,5,8,10,0,0.17202939638325396,0.3440587927665079,0.5160881891497618,0.8601469819162698,1.3762351710660317,1.8923233602157936,0,0.17,0.34,0.52,0.86,1.38,1.89,TRUE,FALSE,UGA_flucast,2026-05-20,INFLAenza
Wyoming,WY,2,wk inc rsv hosp,hosp,2026-05-23,2026-06-06,UGA_flucast-INFLAenza,0,0,1,2,4,6,9,0,0,1,2,4,6,9,0,0,0.17202939638325396,0.3440587927665079,0.6881175855330158,1.0321763782995237,1.5482645674492856,0,0,0.17,0.34,0.69,1.03,1.55,TRUE,FALSE,UGA_flucast,2026-05-20,INFLAenza
Wyoming,WY,0,wk inc rsv hosp,hosp,2026-05-23,2026-05-23,RSVHub-ensemble,0.5,1,2.5,4,6,9,14,1,1,3,4,6,9,10,0.08601469819162698,0.17202939638325396,0.4300734909581349,0.6881175855330158,1.0321763782995237,1.5482645674492856,2.4084115493655553,0.09,0.17,0.43,0.69,1.03,1.55,2.41,FALSE,TRUE,RSVHub,2026-05-20,Ensemble using RSVHub forecast submissions
Wyoming,WY,1,wk inc rsv hosp,hosp,2026-05-23,2026-05-30,RSVHub-ensemble,0,1,2,3,5,8,11,0,1,2,3,5,8,10,0,0.17202939638325396,0.3440587927665079,0.5160881891497618,0.8601469819162698,1.3762351710660317,1.8923233602157936,0,0.17,0.34,0.52,0.86,1.38,1.89,FALSE,TRUE,RSVHub,2026-05-20,Ensemble using RSVHub forecast submissions
Wyoming,WY,2,wk inc rsv hosp,hosp,2026-05-23,2026-06-06,RSVHub-ensemble,0,0,1,2.5,4,6.5,10.5,0,0,1,3,4,7,10,0,0,0.17202939638325396,0.4300734909581349,0.6881175855330158,1.118191076491151,1.8063086620241666,0,0,0.17,0.43,0.69,1.12,1.81,FALSE,TRUE,RSVHub,2026-05-20,Ensemble using RSVHub forecast submissions
