location_name,abbreviation,horizon,target,target_data_type,forecast_date,target_end_date,model,count_quantile_0.025,count_quantile_0.10,count_quantile_0.25,count_quantile_0.5,count_quantile_0.75,count_quantile_0.90,count_quantile_0.975,count_quantile_0.025_rounded,count_quantile_0.10_rounded,count_quantile_0.25_rounded,count_quantile_0.5_rounded,count_quantile_0.75_rounded,count_quantile_0.90_rounded,count_quantile_0.975_rounded,rate_quantile_0.025,rate_quantile_0.10,rate_quantile_0.25,rate_quantile_0.5,rate_quantile_0.75,rate_quantile_0.90,rate_quantile_0.975,rate_quantile_0.025_rounded,rate_quantile_0.10_rounded,rate_quantile_0.25_rounded,rate_quantile_0.5_rounded,rate_quantile_0.75_rounded,rate_quantile_0.90_rounded,rate_quantile_0.975_rounded,designated_model,ensemble_of_hub_models,forecast_team,forecast_due_date,model_full_name
United States,US,0,wk inc rsv hosp,hosp,2026-05-16,2026-05-16,CEPH-Rtrend_rsv,712,916,1163,1491,1894,2303,2785,710,920,1200,1500,1900,2300,2800,0.21096741484423268,0.2714131348276926,0.34459986441550927,0.44178710046734676,0.5611970276895739,0.6823847702054323,0.8252025987938033,0.21,0.27,0.34,0.44,0.56,0.68,0.83,TRUE,FALSE,CEPH Lab at Indiana University,2026-05-13,Rtrend RSV
United States,US,1,wk inc rsv hosp,hosp,2026-05-16,2026-05-23,CEPH-Rtrend_rsv,468,647,876,1207,1635,2115,2688,470,650,880,1200,1600,2100,2700,0.13866959290323158,0.19170774916322825,0.25956103287015136,0.3576371765688045,0.48445466751449495,0.6266798910049889,0.796461251546766,0.14,0.19,0.26,0.36,0.48,0.63,0.8,TRUE,FALSE,CEPH Lab at Indiana University,2026-05-13,Rtrend RSV
United States,US,2,wk inc rsv hosp,hosp,2026-05-16,2026-05-30,CEPH-Rtrend_rsv,294,442,641,954,1380,1861,2454,290,440,640,950,1400,1900,2500,0.08711294938792753,0.13096572663082984,0.18992993386959708,0.2826726316873567,0.40889751753517006,0.5514190435746025,0.7271264550951502,0.09,0.13,0.19,0.28,0.41,0.55,0.73,TRUE,FALSE,CEPH Lab at Indiana University,2026-05-13,Rtrend RSV
United States,US,0,wk inc rsv prop ed visits,prop_ed,2026-05-16,2026-05-16,CFA_Pyrenew-Pyrenew_E_RSV,7.20350711807972e-4,7.506675955172552e-4,7.828964098021347e-4,8.175723748454133e-4,8.56671453614529e-4,8.955176302667299e-4,9.341857814881768e-4,7.2e-4,7.5e-4,7.8e-4,8.2e-4,8.6e-4,9e-4,0.00093000000000000005,NA,NA,NA,NA,NA,NA,NA,NA,NA,NA,NA,NA,NA,NA,TRUE,FALSE,Center for Forecasting and Outbreak Analytics (CFA/CDC) Pyrenew team,2026-05-13,Pyrenew_ED_Visits_RSV
United States,US,1,wk inc rsv prop ed visits,prop_ed,2026-05-16,2026-05-23,CFA_Pyrenew-Pyrenew_E_RSV,4.686946045472029e-4,5.21562981045598e-4,5.773181406312413e-4,6.432890513200211e-4,7.221931036006839e-4,8.038270729803386e-4,8.988775215061392e-4,4.7e-4,5.2e-4,5.8e-4,6.4e-4,7.2e-4,8e-4,9e-4,NA,NA,NA,NA,NA,NA,NA,NA,NA,NA,NA,NA,NA,NA,TRUE,FALSE,Center for Forecasting and Outbreak Analytics (CFA/CDC) Pyrenew team,2026-05-13,Pyrenew_ED_Visits_RSV
United States,US,0,wk inc rsv prop ed visits,prop_ed,2026-05-16,2026-05-16,CFA_Pyrenew-Pyrenew_HE_RSV,7.107206856040573e-4,7.464632252864502e-4,7.800044592131391e-4,8.173070919489818e-4,8.574781431791591e-4,8.93823275210698e-4,9.348219166843672e-4,7.1e-4,7.5e-4,7.8e-4,8.2e-4,8.6e-4,8.9e-4,0.00093000000000000005,NA,NA,NA,NA,NA,NA,NA,NA,NA,NA,NA,NA,NA,NA,FALSE,FALSE,Center for Forecasting and Outbreak Analytics (CFA/CDC) Pyrenew team,2026-05-13,Pyrenew_Hospital_Admissions_ED_Visits_RSV
United States,US,1,wk inc rsv prop ed visits,prop_ed,2026-05-16,2026-05-23,CFA_Pyrenew-Pyrenew_HE_RSV,4.6058177735232487e-4,5.154525101264338e-4,5.715427592396198e-4,6.411381337617403e-4,7.180560751732112e-4,7.924919420704884e-4,9.190855782764145e-4,4.6e-4,5.2e-4,5.7e-4,6.4e-4,7.2e-4,7.9e-4,9.2e-4,NA,NA,NA,NA,NA,NA,NA,NA,NA,NA,NA,NA,NA,NA,FALSE,FALSE,Center for Forecasting and Outbreak Analytics (CFA/CDC) Pyrenew team,2026-05-13,Pyrenew_Hospital_Admissions_ED_Visits_RSV
United States,US,0,wk inc rsv hosp,hosp,2026-05-16,2026-05-16,CFA_Pyrenew-Pyrenew_HE_RSV,892,999,1115,1249,1402,1550.2000000000003,1739.1249999999993,890,1000,1100,1200,1400,1600,1700,0.2643018736531679,0.2960062463895905,0.33037734206645986,0.37008188362422273,0.41541617361181765,0.4593282113645078,0.5153071704227191,0.26,0.3,0.33,0.37,0.42,0.46,0.52,TRUE,FALSE,Center for Forecasting and Outbreak Analytics (CFA/CDC) Pyrenew team,2026-05-13,Pyrenew_Hospital_Admissions_ED_Visits_RSV
United States,US,1,wk inc rsv hosp,hosp,2026-05-16,2026-05-23,CFA_Pyrenew-Pyrenew_HE_RSV,668,771.9,864.75,987.5,1127,1269.3000000000004,1477.0749999999996,670,770,860,990,1100,1300,1500,0.19793010269093736,0.22871593752565053,0.25622762919459297,0.2925987670767974,0.3339329726537222,0.376096825367675,0.4376610874733776,0.2,0.23,0.26,0.29,0.33,0.38,0.44,TRUE,FALSE,Center for Forecasting and Outbreak Analytics (CFA/CDC) Pyrenew team,2026-05-13,Pyrenew_Hospital_Admissions_ED_Visits_RSV
United States,US,0,wk inc rsv hosp,hosp,2026-05-16,2026-05-16,CFA_Pyrenew-Pyrenew_H_RSV,828,930,1031,1154,1288.25,1448.1000000000001,1647.0249999999999,830,930,1000,1200,1300,1400,1600,0.24533851052110203,0.27556137051283197,0.3054879279556234,0.3419331414750625,0.38171175867005996,0.4290757211178839,0.48801770566548075,0.25,0.28,0.31,0.34,0.38,0.43,0.49,FALSE,FALSE,Center for Forecasting and Outbreak Analytics (CFA/CDC) Pyrenew team,2026-05-13,Pyrenew_Hospital_Admissions_RSV
United States,US,1,wk inc rsv hosp,hosp,2026-05-16,2026-05-23,CFA_Pyrenew-Pyrenew_H_RSV,461,583.9,702,864,1076.25,1319.3000000000004,1643.1249999999993,460,580,700,860,1100,1300,1600,0.13659547506066186,0.17301105832520708,0.20800438935484736,0.25600540228288904,0.31889561829509183,0.3909119528146014,0.4868621257246203,0.14,0.17,0.21,0.26,0.32,0.39,0.49,FALSE,FALSE,Center for Forecasting and Outbreak Analytics (CFA/CDC) Pyrenew team,2026-05-13,Pyrenew_Hospital_Admissions_RSV
United States,US,0,wk inc rsv hosp,hosp,2026-05-16,2026-05-16,RSVHub-baseline,0,597.5000000000003,1141.75,1490,1838.2499999999998,2382.500000000002,3349.374999999997,0,600,1100,1500,1800,2400,3300,0,0.17704077299077117,0.3383034352505655,0.44149079791840823,0.5446781605862508,0.705940822846046,0.9924283498509846,0,0.18,0.34,0.44,0.54,0.71,0.99,FALSE,FALSE,RSVHub-hub-models,2026-05-13,RSVHub baseline model
United States,US,1,wk inc rsv hosp,hosp,2026-05-16,2026-05-23,RSVHub-baseline,0,171.7739127391273,868.9798347983478,1490,2117.4790297902973,2848.721580215804,4250.633344833445,0,170,870,1500,2100,2800,4300,0,0.050897048185747876,0.25748094002693234,0.44149079791840823,0.6274144338507485,0.8440834654341369,1.2594734946772552,0,0.05,0.26,0.44,0.63,0.84,1.26,FALSE,FALSE,RSVHub-hub-models,2026-05-13,RSVHub baseline model
United States,US,2,wk inc rsv hosp,hosp,2026-05-16,2026-05-30,RSVHub-baseline,0,0,679.486874868749,1490,2311.2962779627796,3248.77139471395,4718.875136501369,0,0,680,1500,2300,3200,4700,0,0,0.20133369299388568,0.44149079791840823,0.6848429785125064,0.9626192451723232,1.3982147310680044,0,0,0.2,0.44,0.68,0.96,1.4,FALSE,FALSE,RSVHub-hub-models,2026-05-13,RSVHub baseline model
United States,US,0,wk inc rsv prop ed visits,prop_ed,2026-05-16,2026-05-16,RSVHub-baseline,0,3.0000000000000046e-4,7.999999999999999e-4,0.001,0.0012000000000000001,0.0016999999999999997,0.0025,0,3e-4,8e-4,0.001,0.0012,0.0017,0.0025,NA,NA,NA,NA,NA,NA,NA,NA,NA,NA,NA,NA,NA,NA,FALSE,FALSE,RSVHub-hub-models,2026-05-13,RSVHub baseline model
United States,US,1,wk inc rsv prop ed visits,prop_ed,2026-05-16,2026-05-23,RSVHub-baseline,0,2.168404344971009e-19,5.999999999999998e-4,0.001,0.0014000000000000006,0.0020703888038880397,0.0028398674736747364,0,2.2e-19,6e-4,0.001,0.0014,0.0021,0.0028,NA,NA,NA,NA,NA,NA,NA,NA,NA,NA,NA,NA,NA,NA,FALSE,FALSE,RSVHub-hub-models,2026-05-13,RSVHub baseline model
United States,US,2,wk inc rsv prop ed visits,prop_ed,2026-05-16,2026-05-30,RSVHub-baseline,0,0,4.000000000000003e-4,0.001,0.0016,0.002300000000000001,0.0032460728107281027,0,0,4e-4,0.001,0.0016,0.0023,0.0032,NA,NA,NA,NA,NA,NA,NA,NA,NA,NA,NA,NA,NA,NA,FALSE,FALSE,RSVHub-hub-models,2026-05-13,RSVHub baseline model
United States,US,0,wk inc rsv hosp,hosp,2026-05-16,2026-05-16,UM-DeepOutbreak,0,0,564.6249841942855,1395.4318065,2038.735440805715,3366.671756500001,3366.671756500001,0,0,560,1400,2000,3400,3400,0,0,0.16729982201114343,0.41347000113584614,0.6040825077220489,0.9975534228903049,0.9975534228903049,0,0,0.17,0.41,0.6,1,1,TRUE,FALSE,"University of Michigan, Computer Science and Engineering",2026-05-13,DeepOutbreak
United States,US,1,wk inc rsv hosp,hosp,2026-05-16,2026-05-23,UM-DeepOutbreak,0,0,0,1208.889871,2623.6159684112217,3298.5380383077586,4010.6596666666665,0,0,0,1200,2600,3300,4000,0,0,0,0.35819715016326953,0.7773840988760722,0.977365228521284,1.1883686821582844,0,0,0,0.36,0.78,0.98,1.19,TRUE,FALSE,"University of Michigan, Computer Science and Engineering",2026-05-13,DeepOutbreak
United States,US,2,wk inc rsv hosp,hosp,2026-05-16,2026-05-30,UM-DeepOutbreak,0,0,0,1354.94955725,2569.733586087193,3830.3665564078938,4862.522441250001,0,0,0,1400,2600,3800,4900,0,0,0,0.40147500749630627,0.7614186116505822,1.1349473740325546,1.440777793613174,0,0,0,0.4,0.76,1.13,1.44,TRUE,FALSE,"University of Michigan, Computer Science and Engineering",2026-05-13,DeepOutbreak
United States,US,0,wk inc rsv hosp,hosp,2026-05-16,2026-05-16,UGA_flucast-INFLAenza,636,759,895,1077,1281,1507,1802,640,760,900,1100,1300,1500,1800,0.18844842112490445,0.2248936346443435,0.26519078129998347,0.3191178452067957,0.3795635651902557,0.4465279412503632,0.5339371931872292,0.19,0.22,0.27,0.32,0.38,0.45,0.53,TRUE,FALSE,UGA_flucast,2026-05-13,INFLAenza
United States,US,1,wk inc rsv hosp,hosp,2026-05-16,2026-05-23,UGA_flucast-INFLAenza,431,536,651,812,1010,1238,1528,430,540,650,810,1000,1200,1500,0.12770639859250602,0.15881816623105155,0.19289295935898237,0.24059766973808555,0.2992655744279143,0.36682255558589894,0.4527502947780723,0.13,0.16,0.19,0.24,0.3,0.37,0.45,TRUE,FALSE,UGA_flucast,2026-05-13,INFLAenza
United States,US,2,wk inc rsv hosp,hosp,2026-05-16,2026-05-30,UGA_flucast-INFLAenza,298,379,473,606,783,987,1251,300,380,470,610,780,990,1300,0.08829815958368165,0.1122986660477025,0.14015110564792424,0.17955934465674858,0.2320048958188682,0.2924506158023281,0.3706744887220998,0.09,0.11,0.14,0.18,0.23,0.29,0.37,TRUE,FALSE,UGA_flucast,2026-05-13,INFLAenza
United States,US,0,wk inc rsv prop ed visits,prop_ed,2026-05-16,2026-05-16,UGA_flucast-INFLAenza,3.4237340426934975e-4,4.923822652556517e-4,6.643273989462472e-4,8.747851331885931e-4,0.0011287799316169946,0.0014161705542695608,0.0017495952525993543,3.4e-4,4.9e-4,6.6e-4,8.7e-4,0.0011,0.0014,0.0017,NA,NA,NA,NA,NA,NA,NA,NA,NA,NA,NA,NA,NA,NA,TRUE,FALSE,UGA_flucast,2026-05-13,INFLAenza
United States,US,1,wk inc rsv prop ed visits,prop_ed,2026-05-16,2026-05-23,UGA_flucast-INFLAenza,2.5674083572887715e-4,3.8042241084612437e-4,5.397252663401954e-4,7.564694430496337e-4,0.001031587215269831,0.0013110091721591157,0.0017098026517937688,2.6e-4,3.8e-4,5.4e-4,7.6e-4,0.001,0.0013,0.0017,NA,NA,NA,NA,NA,NA,NA,NA,NA,NA,NA,NA,NA,NA,TRUE,FALSE,UGA_flucast,2026-05-13,INFLAenza
United States,US,2,wk inc rsv prop ed visits,prop_ed,2026-05-16,2026-05-30,UGA_flucast-INFLAenza,1.8308859834044664e-4,3.1188594701970693e-4,4.528179179520799e-4,6.613307295980299e-4,9.320436812491407e-4,0.0012199884949358267,0.0016121881560867601,1.8e-4,3.1e-4,4.5e-4,6.6e-4,0.00093000000000000005,0.0012,0.0016,NA,NA,NA,NA,NA,NA,NA,NA,NA,NA,NA,NA,NA,NA,TRUE,FALSE,UGA_flucast,2026-05-13,INFLAenza
United States,US,0,wk inc rsv hosp,hosp,2026-05-16,2026-05-16,RSVHub-ensemble,674,837.5,1005,1322.2159032499999,1648,1926.6000000000001,2293.5,670,840,1000,1300,1600,1900,2300,0.19970791798456855,0.24815338473601803,0.2977840616832217,0.39177594238003444,0.4883066006506958,0.57085649078497,0.6795698959905162,0.2,0.25,0.3,0.39,0.49,0.57,0.68,FALSE,TRUE,RSVHub,2026-05-13,Ensemble using RSVHub forecast submissions
United States,US,1,wk inc rsv hosp,hosp,2026-05-16,2026-05-23,RSVHub-ensemble,449.5,591.5,757.875,1097.25,1381,1692.15,2108,450,590,760,1100,1400,1700,2100,0.1331879957478688,0.1752629576971399,0.2245602942767877,0.32511797182280094,0.40919382008410854,0.5013883581863319,0.6246057731624192,0.13,0.18,0.22,0.33,0.41,0.5,0.62,FALSE,TRUE,RSVHub,2026-05-13,Ensemble using RSVHub forecast submissions
United States,US,2,wk inc rsv hosp,hosp,2026-05-16,2026-05-30,RSVHub-ensemble,294,379,473,954,1380,1861,2454,290,380,470,950,1400,1900,2500,0.08711294938792753,0.1122986660477025,0.14015110564792424,0.2826726316873567,0.40889751753517006,0.5514190435746025,0.7271264550951502,0.09,0.11,0.14,0.28,0.41,0.55,0.73,FALSE,TRUE,RSVHub,2026-05-13,Ensemble using RSVHub forecast submissions
United States,US,0,wk inc rsv prop ed visits,prop_ed,2026-05-16,2026-05-16,RSVHub-ensemble,5.313620580386609e-4,6.215249303864535e-4,7.236119043741909e-4,8.461787540170032e-4,9.92725692615762e-4,0.0011558440922681454,0.0013418905170437655,5.3e-4,6.2e-4,7.2e-4,8.5e-4,9.9e-4,0.0012,0.0013,NA,NA,NA,NA,NA,NA,NA,NA,NA,NA,NA,NA,NA,NA,FALSE,TRUE,RSVHub,2026-05-13,Ensemble using RSVHub forecast submissions
United States,US,1,wk inc rsv prop ed visits,prop_ed,2026-05-16,2026-05-23,RSVHub-ensemble,3.6271772013804005e-4,4.5099269594586116e-4,5.585217034857183e-4,6.998792471848273e-4,8.768901594352575e-4,0.001057418122569727,0.001304340086649954,3.6e-4,4.5e-4,5.6e-4,7e-4,8.8e-4,0.0011,0.0013,NA,NA,NA,NA,NA,NA,NA,NA,NA,NA,NA,NA,NA,NA,FALSE,TRUE,RSVHub,2026-05-13,Ensemble using RSVHub forecast submissions
Alabama,AL,0,wk inc rsv hosp,hosp,2026-05-16,2026-05-16,CEPH-Rtrend_rsv,5,6,8,11,14,18,22,5,6,8,10,10,20,20,0.09808997243867955,0.11770796692641546,0.15694395590188728,0.215797939365095,0.27465192282830275,0.3531239007792464,0.43159587873019,0.1,0.12,0.16,0.22,0.27,0.35,0.43,TRUE,FALSE,CEPH Lab at Indiana University,2026-05-13,Rtrend RSV
Alabama,AL,1,wk inc rsv hosp,hosp,2026-05-16,2026-05-23,CEPH-Rtrend_rsv,3,4,6,9,13,17,23,3,4,6,9,10,20,20,0.05885398346320773,0.07847197795094364,0.11770796692641546,0.1765619503896232,0.2550339283405668,0.33350590629151045,0.4512138732179259,0.06,0.08,0.12,0.18,0.26,0.33,0.45,TRUE,FALSE,CEPH Lab at Indiana University,2026-05-13,Rtrend RSV
Alabama,AL,2,wk inc rsv hosp,hosp,2026-05-16,2026-05-30,CEPH-Rtrend_rsv,2,3,5,7,11,16,22,2,3,5,7,10,20,20,0.03923598897547182,0.05885398346320773,0.09808997243867955,0.13732596141415138,0.215797939365095,0.31388791180377457,0.43159587873019,0.04,0.06,0.1,0.14,0.22,0.31,0.43,TRUE,FALSE,CEPH Lab at Indiana University,2026-05-13,Rtrend RSV
Alabama,AL,0,wk inc rsv prop ed visits,prop_ed,2026-05-16,2026-05-16,CFA_Pyrenew-Pyrenew_E_RSV,3.8143163591113826e-4,4.857393463582603e-4,5.923209982313144e-4,7.201435682741969e-4,8.666790248138328e-4,0.0010068506037798064,0.0011846306248306459,3.8e-4,4.9e-4,5.9e-4,7.2e-4,8.7e-4,0.001,0.0012,NA,NA,NA,NA,NA,NA,NA,NA,NA,NA,NA,NA,NA,NA,TRUE,FALSE,Center for Forecasting and Outbreak Analytics (CFA/CDC) Pyrenew team,2026-05-13,Pyrenew_ED_Visits_RSV
Alabama,AL,1,wk inc rsv prop ed visits,prop_ed,2026-05-16,2026-05-23,CFA_Pyrenew-Pyrenew_E_RSV,2.4703875143248307e-4,3.352724889000626e-4,4.491743075834211e-4,5.934869295654029e-4,7.860808944092118e-4,0.0010013192015092265,0.0013172913121232946,2.5e-4,3.4e-4,4.5e-4,5.9e-4,7.9e-4,0.001,0.0013,NA,NA,NA,NA,NA,NA,NA,NA,NA,NA,NA,NA,NA,NA,TRUE,FALSE,Center for Forecasting and Outbreak Analytics (CFA/CDC) Pyrenew team,2026-05-13,Pyrenew_ED_Visits_RSV
Alabama,AL,0,wk inc rsv prop ed visits,prop_ed,2026-05-16,2026-05-16,CFA_Pyrenew-Pyrenew_HE_RSV,3.671069031274389e-4,4.8494040020515255e-4,5.829018031774777e-4,7.000763961000926e-4,8.45400001379894e-4,9.847335283986256e-4,0.0011642672112025729,3.7e-4,4.8e-4,5.8e-4,7e-4,8.5e-4,9.8e-4,0.0012,NA,NA,NA,NA,NA,NA,NA,NA,NA,NA,NA,NA,NA,NA,FALSE,FALSE,Center for Forecasting and Outbreak Analytics (CFA/CDC) Pyrenew team,2026-05-13,Pyrenew_Hospital_Admissions_ED_Visits_RSV
Alabama,AL,1,wk inc rsv prop ed visits,prop_ed,2026-05-16,2026-05-23,CFA_Pyrenew-Pyrenew_HE_RSV,2.403304406694804e-4,3.3146585752952127e-4,4.433332658621699e-4,6.006190420198024e-4,7.811176685675778e-4,9.901607184333698e-4,0.001290911033600743,2.4e-4,3.3e-4,4.4e-4,6e-4,7.8e-4,9.9e-4,0.0013,NA,NA,NA,NA,NA,NA,NA,NA,NA,NA,NA,NA,NA,NA,FALSE,FALSE,Center for Forecasting and Outbreak Analytics (CFA/CDC) Pyrenew team,2026-05-13,Pyrenew_Hospital_Admissions_ED_Visits_RSV
Alabama,AL,0,wk inc rsv hosp,hosp,2026-05-16,2026-05-16,CFA_Pyrenew-Pyrenew_HE_RSV,5,7,9,11,15,17,21,5,7,9,10,20,20,20,0.09808997243867955,0.13732596141415138,0.1765619503896232,0.215797939365095,0.29426991731603863,0.33350590629151045,0.4119778842424541,0.1,0.14,0.18,0.22,0.29,0.33,0.41,TRUE,FALSE,Center for Forecasting and Outbreak Analytics (CFA/CDC) Pyrenew team,2026-05-13,Pyrenew_Hospital_Admissions_ED_Visits_RSV
Alabama,AL,1,wk inc rsv hosp,hosp,2026-05-16,2026-05-23,CFA_Pyrenew-Pyrenew_HE_RSV,3,5,7,10,13,17,21.024999999999864,3,5,7,10,10,20,20,0.05885398346320773,0.09808997243867955,0.13732596141415138,0.1961799448773591,0.2550339283405668,0.33350590629151045,0.4124683341046448,0.06,0.1,0.14,0.2,0.26,0.33,0.41,TRUE,FALSE,Center for Forecasting and Outbreak Analytics (CFA/CDC) Pyrenew team,2026-05-13,Pyrenew_Hospital_Admissions_ED_Visits_RSV
Alabama,AL,0,wk inc rsv hosp,hosp,2026-05-16,2026-05-16,CFA_Pyrenew-Pyrenew_H_RSV,3,5,7,10,13,17,22,3,5,7,10,10,20,20,0.05885398346320773,0.09808997243867955,0.13732596141415138,0.1961799448773591,0.2550339283405668,0.33350590629151045,0.43159587873019,0.06,0.1,0.14,0.2,0.26,0.33,0.43,FALSE,FALSE,Center for Forecasting and Outbreak Analytics (CFA/CDC) Pyrenew team,2026-05-13,Pyrenew_Hospital_Admissions_RSV
Alabama,AL,1,wk inc rsv hosp,hosp,2026-05-16,2026-05-23,CFA_Pyrenew-Pyrenew_H_RSV,2,4,6,9,13,17,26,2,4,6,9,10,20,30,0.03923598897547182,0.07847197795094364,0.11770796692641546,0.1765619503896232,0.2550339283405668,0.33350590629151045,0.5100678566811336,0.04,0.08,0.12,0.18,0.26,0.33,0.51,FALSE,FALSE,Center for Forecasting and Outbreak Analytics (CFA/CDC) Pyrenew team,2026-05-13,Pyrenew_Hospital_Admissions_RSV
Alabama,AL,0,wk inc rsv hosp,hosp,2026-05-16,2026-05-16,Google_SAI-RSVEns,4.5,7.5,10,12.5,16.5,21.5,34,5,8,10,10,20,20,30,0.0882809751948116,0.14713495865801932,0.1961799448773591,0.24522493109669885,0.32369690904764253,0.42178688148632204,0.6670118125830209,0.09,0.15,0.2,0.25,0.32,0.42,0.67,TRUE,FALSE,Google Science AI,2026-05-13,RSVEnsemble
Alabama,AL,1,wk inc rsv hosp,hosp,2026-05-16,2026-05-23,Google_SAI-RSVEns,3.5,5,7.5,10,12.5,18,26,4,5,8,10,10,20,30,0.06866298070707569,0.09808997243867955,0.14713495865801932,0.1961799448773591,0.24522493109669885,0.3531239007792464,0.5100678566811336,0.07,0.1,0.15,0.2,0.25,0.35,0.51,TRUE,FALSE,Google Science AI,2026-05-13,RSVEnsemble
Alabama,AL,2,wk inc rsv hosp,hosp,2026-05-16,2026-05-30,Google_SAI-RSVEns,3.5,5.5,7,8.5,10.5,16,24.5,4,6,7,9,10,20,20,0.06866298070707569,0.1078989696825475,0.13732596141415138,0.16675295314575522,0.20598894212122704,0.31388791180377457,0.4806408649495298,0.07,0.11,0.14,0.17,0.21,0.31,0.48,TRUE,FALSE,Google Science AI,2026-05-13,RSVEnsemble
Alabama,AL,0,wk inc rsv hosp,hosp,2026-05-16,2026-05-16,RSVHub-baseline,0,0.5000000000000033,11,16,21,31.50000000000001,43.374999999999936,0,1,10,20,20,30,40,0,0.00980899724386802,0.215797939365095,0.31388791180377457,0.4119778842424541,0.6179668263636813,0.8509305109055438,0,0.01,0.22,0.31,0.41,0.62,0.85,FALSE,FALSE,RSVHub-hub-models,2026-05-13,RSVHub baseline model
Alabama,AL,1,wk inc rsv hosp,hosp,2026-05-16,2026-05-23,RSVHub-baseline,0,0,7,16,25,37,55.78152556525567,0,0,7,20,30,40,60,0,0,0.13732596141415138,0.31388791180377457,0.4904498621933977,0.7258657960462287,1.0943216610566853,0,0,0.14,0.31,0.49,0.73,1.09,FALSE,FALSE,RSVHub-hub-models,2026-05-13,RSVHub baseline model
Alabama,AL,2,wk inc rsv hosp,hosp,2026-05-16,2026-05-30,RSVHub-baseline,0,0,4.272907729077291,16,28.5750957509575,42.45419054190544,64.29310268102671,0,0,4,20,30,40,60,0,0,0.08382588027564246,0.31388791180377457,0.5605860709288101,0.8328660760323908,1.2613017339958208,0,0,0.08,0.31,0.56,0.83,1.26,FALSE,FALSE,RSVHub-hub-models,2026-05-13,RSVHub baseline model
Alabama,AL,0,wk inc rsv prop ed visits,prop_ed,2026-05-16,2026-05-16,RSVHub-baseline,0,3.0000000000000144e-4,9.999999999999998e-4,0.0012,0.0014,0.0020999999999999986,0.0033249999999999916,0,3e-4,0.001,0.0012,0.0014,0.0021,0.0033,NA,NA,NA,NA,NA,NA,NA,NA,NA,NA,NA,NA,NA,NA,FALSE,FALSE,RSVHub-hub-models,2026-05-13,RSVHub baseline model
Alabama,AL,1,wk inc rsv prop ed visits,prop_ed,2026-05-16,2026-05-23,RSVHub-baseline,0,0,7.323073230732307e-4,0.0012,0.0016999999999999997,0.002651736417364174,0.004000000000000001,0,0,7.3e-4,0.0012,0.0017,0.0027,0.004,NA,NA,NA,NA,NA,NA,NA,NA,NA,NA,NA,NA,NA,NA,FALSE,FALSE,RSVHub-hub-models,2026-05-13,RSVHub baseline model
Alabama,AL,2,wk inc rsv prop ed visits,prop_ed,2026-05-16,2026-05-30,RSVHub-baseline,0,0,5e-4,0.0012,0.0019000000000000004,0.0030652005520055174,0.004487871028710281,0,0,5e-4,0.0012,0.0019,0.0031,0.0045,NA,NA,NA,NA,NA,NA,NA,NA,NA,NA,NA,NA,NA,NA,FALSE,FALSE,RSVHub-hub-models,2026-05-13,RSVHub baseline model
Alabama,AL,0,wk inc rsv hosp,hosp,2026-05-16,2026-05-16,UGA_flucast-INFLAenza,1,2,4,6,9,13,19,1,2,4,6,9,10,20,0.01961799448773591,0.03923598897547182,0.07847197795094364,0.11770796692641546,0.1765619503896232,0.2550339283405668,0.3727418952669823,0.02,0.04,0.08,0.12,0.18,0.26,0.37,TRUE,FALSE,UGA_flucast,2026-05-13,INFLAenza
Alabama,AL,1,wk inc rsv hosp,hosp,2026-05-16,2026-05-23,UGA_flucast-INFLAenza,0,1,3,5,8,11,16,0,1,3,5,8,10,20,0,0.01961799448773591,0.05885398346320773,0.09808997243867955,0.15694395590188728,0.215797939365095,0.31388791180377457,0,0.02,0.06,0.1,0.16,0.22,0.31,TRUE,FALSE,UGA_flucast,2026-05-13,INFLAenza
Alabama,AL,2,wk inc rsv hosp,hosp,2026-05-16,2026-05-30,UGA_flucast-INFLAenza,0,1,2,4,6,10,14,0,1,2,4,6,10,10,0,0.01961799448773591,0.03923598897547182,0.07847197795094364,0.11770796692641546,0.1961799448773591,0.27465192282830275,0,0.02,0.04,0.08,0.12,0.2,0.27,TRUE,FALSE,UGA_flucast,2026-05-13,INFLAenza
Alabama,AL,0,wk inc rsv prop ed visits,prop_ed,2026-05-16,2026-05-16,UGA_flucast-INFLAenza,3.138077098255514e-4,4.526374757384282e-4,6.069030568988186e-4,8.176150048737258e-4,0.0010607458881622888,0.001310532233994674,0.0016912482172107843,3.1e-4,4.5e-4,6.1e-4,8.2e-4,0.0011,0.0013,0.0017,NA,NA,NA,NA,NA,NA,NA,NA,NA,NA,NA,NA,NA,NA,TRUE,FALSE,UGA_flucast,2026-05-13,INFLAenza
Alabama,AL,1,wk inc rsv prop ed visits,prop_ed,2026-05-16,2026-05-23,UGA_flucast-INFLAenza,2.2913045354400316e-4,3.578062038719394e-4,5.074969393732426e-4,7.12256142431854e-4,9.584667561985088e-4,0.0012201882903345913,0.0016156222378371757,2.3e-4,3.6e-4,5.1e-4,7.1e-4,9.6e-4,0.0012,0.0016,NA,NA,NA,NA,NA,NA,NA,NA,NA,NA,NA,NA,NA,NA,TRUE,FALSE,UGA_flucast,2026-05-13,INFLAenza
Alabama,AL,2,wk inc rsv prop ed visits,prop_ed,2026-05-16,2026-05-30,UGA_flucast-INFLAenza,1.7213974078075103e-4,2.9512464380149016e-4,4.300108015533777e-4,6.324490144610836e-4,8.821358802719108e-4,0.001185316376275649,0.001587709760681453,1.7e-4,3e-4,4.3e-4,6.3e-4,8.8e-4,0.0012,0.0016,NA,NA,NA,NA,NA,NA,NA,NA,NA,NA,NA,NA,NA,NA,TRUE,FALSE,UGA_flucast,2026-05-13,INFLAenza
Alabama,AL,0,wk inc rsv hosp,hosp,2026-05-16,2026-05-16,RSVHub-ensemble,4.75,6.5,8.5,11,14.5,17.5,21.5,5,7,9,10,10,20,20,0.09318547381674558,0.1275169641702834,0.16675295314575522,0.215797939365095,0.2844609200721707,0.3433149035353784,0.42178688148632204,0.09,0.13,0.17,0.22,0.28,0.34,0.42,FALSE,TRUE,RSVHub,2026-05-13,Ensemble using RSVHub forecast submissions
Alabama,AL,1,wk inc rsv hosp,hosp,2026-05-16,2026-05-23,RSVHub-ensemble,3,4.5,6.5,9.5,12.75,17,22.012499999999932,3,5,7,10,10,20,20,0.05885398346320773,0.0882809751948116,0.1275169641702834,0.18637094763349116,0.25012942971863283,0.33350590629151045,0.43184110366128536,0.06,0.09,0.13,0.19,0.25,0.33,0.43,FALSE,TRUE,RSVHub,2026-05-13,Ensemble using RSVHub forecast submissions
Alabama,AL,2,wk inc rsv hosp,hosp,2026-05-16,2026-05-30,RSVHub-ensemble,2,3,5,7,10.5,16,22,2,3,5,7,10,20,20,0.03923598897547182,0.05885398346320773,0.09808997243867955,0.13732596141415138,0.20598894212122704,0.31388791180377457,0.43159587873019,0.04,0.06,0.1,0.14,0.21,0.31,0.43,FALSE,TRUE,RSVHub,2026-05-13,Ensemble using RSVHub forecast submissions
Alabama,AL,0,wk inc rsv prop ed visits,prop_ed,2026-05-16,2026-05-16,RSVHub-ensemble,3.4761967286834483e-4,4.6918841104834423e-4,5.996120275650665e-4,7.688792865739614e-4,9.637124564880608e-4,0.0011586914188872403,0.001437939421020715,3.5e-4,4.7e-4,6e-4,7.7e-4,9.6e-4,0.0012,0.0014,NA,NA,NA,NA,NA,NA,NA,NA,NA,NA,NA,NA,NA,NA,FALSE,TRUE,RSVHub,2026-05-13,Ensemble using RSVHub forecast submissions
Alabama,AL,1,wk inc rsv prop ed visits,prop_ed,2026-05-16,2026-05-23,RSVHub-ensemble,2.380846024882431e-4,3.4653934638600103e-4,4.783356234783318e-4,6.528715359986285e-4,8.722738253038603e-4,0.0011107537459219088,0.001466456774980235,2.4e-4,3.5e-4,4.8e-4,6.5e-4,8.7e-4,0.0011,0.0015,NA,NA,NA,NA,NA,NA,NA,NA,NA,NA,NA,NA,NA,NA,FALSE,TRUE,RSVHub,2026-05-13,Ensemble using RSVHub forecast submissions
Alaska,AK,0,wk inc rsv hosp,hosp,2026-05-16,2026-05-16,CEPH-Rtrend_rsv,0,1,1,1,2,2,3,0,1,1,1,2,2,3,0,0.14050646962039368,0.14050646962039368,0.14050646962039368,0.28101293924078735,0.28101293924078735,0.421519408861181,0,0.14,0.14,0.14,0.28,0.28,0.42,TRUE,FALSE,CEPH Lab at Indiana University,2026-05-13,Rtrend RSV
Alaska,AK,1,wk inc rsv hosp,hosp,2026-05-16,2026-05-23,CEPH-Rtrend_rsv,0,0,1,1,1,2,2,0,0,1,1,1,2,2,0,0,0.14050646962039368,0.14050646962039368,0.14050646962039368,0.28101293924078735,0.28101293924078735,0,0,0.14,0.14,0.14,0.28,0.28,TRUE,FALSE,CEPH Lab at Indiana University,2026-05-13,Rtrend RSV
Alaska,AK,2,wk inc rsv hosp,hosp,2026-05-16,2026-05-30,CEPH-Rtrend_rsv,0,0,0,1,1,1,2,0,0,0,1,1,1,2,0,0,0,0.14050646962039368,0.14050646962039368,0.14050646962039368,0.28101293924078735,0,0,0,0.14,0.14,0.14,0.28,TRUE,FALSE,CEPH Lab at Indiana University,2026-05-13,Rtrend RSV
Alaska,AK,0,wk inc rsv prop ed visits,prop_ed,2026-05-16,2026-05-16,CFA_Pyrenew-Pyrenew_E_RSV,1.413430000501981e-4,4.1481687180600226e-4,5.711200116371653e-4,8.643172427116047e-4,0.001242116617760989,0.0015763138184415816,0.00199331687495351,1.4e-4,4.1e-4,5.7e-4,8.6e-4,0.0012,0.0016,0.002,NA,NA,NA,NA,NA,NA,NA,NA,NA,NA,NA,NA,NA,NA,TRUE,FALSE,Center for Forecasting and Outbreak Analytics (CFA/CDC) Pyrenew team,2026-05-13,Pyrenew_ED_Visits_RSV
Alaska,AK,1,wk inc rsv prop ed visits,prop_ed,2026-05-16,2026-05-23,CFA_Pyrenew-Pyrenew_E_RSV,1.3261329983701382e-4,2.683282020487122e-4,4.1956059106934985e-4,6.927866559948731e-4,0.0010049516148584554,0.0014076472337046025,0.001996756073570569,1.3e-4,2.7e-4,4.2e-4,6.9e-4,0.001,0.0014,0.002,NA,NA,NA,NA,NA,NA,NA,NA,NA,NA,NA,NA,NA,NA,TRUE,FALSE,Center for Forecasting and Outbreak Analytics (CFA/CDC) Pyrenew team,2026-05-13,Pyrenew_ED_Visits_RSV
Alaska,AK,0,wk inc rsv prop ed visits,prop_ed,2026-05-16,2026-05-16,CFA_Pyrenew-Pyrenew_HE_RSV,1.4239880366137536e-4,4.107066138750792e-4,5.642822004987183e-4,8.442983078919039e-4,0.0011491211590588437,0.0015225859197299562,0.0019646018912758243,1.4e-4,4.1e-4,5.6e-4,8.4e-4,0.0011,0.0015,0.002,NA,NA,NA,NA,NA,NA,NA,NA,NA,NA,NA,NA,NA,NA,FALSE,FALSE,Center for Forecasting and Outbreak Analytics (CFA/CDC) Pyrenew team,2026-05-13,Pyrenew_Hospital_Admissions_ED_Visits_RSV
Alaska,AK,1,wk inc rsv prop ed visits,prop_ed,2026-05-16,2026-05-23,CFA_Pyrenew-Pyrenew_HE_RSV,0,1.459177665492678e-4,4.096267473988905e-4,5.855911900705566e-4,9.740690078931481e-4,0.001309350323106389,0.0017780184503894789,0,1.5e-4,4.1e-4,5.9e-4,9.7e-4,0.0013,0.0018,NA,NA,NA,NA,NA,NA,NA,NA,NA,NA,NA,NA,NA,NA,FALSE,FALSE,Center for Forecasting and Outbreak Analytics (CFA/CDC) Pyrenew team,2026-05-13,Pyrenew_Hospital_Admissions_ED_Visits_RSV
Alaska,AK,0,wk inc rsv hosp,hosp,2026-05-16,2026-05-16,CFA_Pyrenew-Pyrenew_HE_RSV,0,0,1,2,3,4,5,0,0,1,2,3,4,5,0,0,0.14050646962039368,0.28101293924078735,0.421519408861181,0.5620258784815747,0.7025323481019684,0,0,0.14,0.28,0.42,0.56,0.7,TRUE,FALSE,Center for Forecasting and Outbreak Analytics (CFA/CDC) Pyrenew team,2026-05-13,Pyrenew_Hospital_Admissions_ED_Visits_RSV
Alaska,AK,1,wk inc rsv hosp,hosp,2026-05-16,2026-05-23,CFA_Pyrenew-Pyrenew_HE_RSV,0,0,1,1,2,3,5,0,0,1,1,2,3,5,0,0,0.14050646962039368,0.14050646962039368,0.28101293924078735,0.421519408861181,0.7025323481019684,0,0,0.14,0.14,0.28,0.42,0.7,TRUE,FALSE,Center for Forecasting and Outbreak Analytics (CFA/CDC) Pyrenew team,2026-05-13,Pyrenew_Hospital_Admissions_ED_Visits_RSV
Alaska,AK,0,wk inc rsv hosp,hosp,2026-05-16,2026-05-16,CFA_Pyrenew-Pyrenew_H_RSV,0,0,1,2,3,5,7,0,0,1,2,3,5,7,0,0,0.14050646962039368,0.28101293924078735,0.421519408861181,0.7025323481019684,0.9835452873427557,0,0,0.14,0.28,0.42,0.7,0.98,FALSE,FALSE,Center for Forecasting and Outbreak Analytics (CFA/CDC) Pyrenew team,2026-05-13,Pyrenew_Hospital_Admissions_RSV
Alaska,AK,1,wk inc rsv hosp,hosp,2026-05-16,2026-05-23,CFA_Pyrenew-Pyrenew_H_RSV,0,0,0,1,3,4,7,0,0,0,1,3,4,7,0,0,0,0.14050646962039368,0.421519408861181,0.5620258784815747,0.9835452873427557,0,0,0,0.14,0.42,0.56,0.98,FALSE,FALSE,Center for Forecasting and Outbreak Analytics (CFA/CDC) Pyrenew team,2026-05-13,Pyrenew_Hospital_Admissions_RSV
Alaska,AK,0,wk inc rsv hosp,hosp,2026-05-16,2026-05-16,Google_SAI-RSVEns,0,0,0.5,1.5,2.5,5,10,0,0,1,2,3,5,10,0,0,0.07025323481019684,0.2107597044305905,0.3512661740509842,0.7025323481019684,1.4050646962039368,0,0,0.07,0.21,0.35,0.7,1.41,TRUE,FALSE,Google Science AI,2026-05-13,RSVEnsemble
Alaska,AK,1,wk inc rsv hosp,hosp,2026-05-16,2026-05-23,Google_SAI-RSVEns,0,0,0.5,1,2.5,4.5,9.5,0,0,1,1,3,5,10,0,0,0.07025323481019684,0.14050646962039368,0.3512661740509842,0.6322791132917716,1.3348114613937399,0,0,0.07,0.14,0.35,0.63,1.33,TRUE,FALSE,Google Science AI,2026-05-13,RSVEnsemble
Alaska,AK,2,wk inc rsv hosp,hosp,2026-05-16,2026-05-30,Google_SAI-RSVEns,0,0,0.5,1,1.5,2,3.5,0,0,1,1,2,2,4,0,0,0.07025323481019684,0.14050646962039368,0.2107597044305905,0.28101293924078735,0.49177264367137785,0,0,0.07,0.14,0.21,0.28,0.49,TRUE,FALSE,Google Science AI,2026-05-13,RSVEnsemble
Alaska,AK,0,wk inc rsv hosp,hosp,2026-05-16,2026-05-16,RSVHub-baseline,0,0,0,2,4,9.500000000000012,17,0,0,0,2,4,10,20,0,0,0,0.28101293924078735,0.5620258784815747,1.3348114613937416,2.3886099835466923,0,0,0,0.28,0.56,1.33,2.39,FALSE,FALSE,RSVHub-hub-models,2026-05-13,RSVHub baseline model
Alaska,AK,1,wk inc rsv hosp,hosp,2026-05-16,2026-05-23,RSVHub-baseline,0,0,0,2,7,13.056410564105647,19,0,0,0,2,7,10,20,0,0,0,0.28101293924078735,0.9835452873427557,1.8345101542768973,2.6696229227874797,0,0,0,0.28,0.98,1.83,2.67,FALSE,FALSE,RSVHub-hub-models,2026-05-13,RSVHub baseline model
Alaska,AK,2,wk inc rsv hosp,hosp,2026-05-16,2026-05-30,RSVHub-baseline,0,0,0,2,8,14.72466224662248,22,0,0,0,2,8,10,20,0,0,0,0.28101293924078735,1.1240517569631494,2.068910308625619,3.091142331648661,0,0,0,0.28,1.12,2.07,3.09,FALSE,FALSE,RSVHub-hub-models,2026-05-13,RSVHub baseline model
Alaska,AK,0,wk inc rsv prop ed visits,prop_ed,2026-05-16,2026-05-16,RSVHub-baseline,0,0,0.0011,0.0017000000000000001,0.0023,0.004,0.005962499999999992,0,0,0.0011,0.0017,0.0023,0.004,0.006,NA,NA,NA,NA,NA,NA,NA,NA,NA,NA,NA,NA,NA,NA,FALSE,FALSE,RSVHub-hub-models,2026-05-13,RSVHub baseline model
Alaska,AK,1,wk inc rsv prop ed visits,prop_ed,2026-05-16,2026-05-23,RSVHub-baseline,0,0,5.999999999999998e-4,0.0017000000000000001,0.003000000000000002,0.0051,0.007328418309183079,0,0,6e-4,0.0017,0.003,0.0051,0.0073,NA,NA,NA,NA,NA,NA,NA,NA,NA,NA,NA,NA,NA,NA,FALSE,FALSE,RSVHub-hub-models,2026-05-13,RSVHub baseline model
Alaska,AK,2,wk inc rsv prop ed visits,prop_ed,2026-05-16,2026-05-30,RSVHub-baseline,0,0,2.7157771577750677e-6,0.0017000000000000001,0.0035519560195601957,0.0057104662046620555,0.008231512690126903,0,0,2.7e-6,0.0017,0.0036,0.0057,0.0082,NA,NA,NA,NA,NA,NA,NA,NA,NA,NA,NA,NA,NA,NA,FALSE,FALSE,RSVHub-hub-models,2026-05-13,RSVHub baseline model
Alaska,AK,0,wk inc rsv hosp,hosp,2026-05-16,2026-05-16,UGA_flucast-INFLAenza,0,0,1,2,4,6,8,0,0,1,2,4,6,8,0,0,0.14050646962039368,0.28101293924078735,0.5620258784815747,0.843038817722362,1.1240517569631494,0,0,0.14,0.28,0.56,0.84,1.12,TRUE,FALSE,UGA_flucast,2026-05-13,INFLAenza
Alaska,AK,1,wk inc rsv hosp,hosp,2026-05-16,2026-05-23,UGA_flucast-INFLAenza,0,0,1,2,3,5,7,0,0,1,2,3,5,7,0,0,0.14050646962039368,0.28101293924078735,0.421519408861181,0.7025323481019684,0.9835452873427557,0,0,0.14,0.28,0.42,0.7,0.98,TRUE,FALSE,UGA_flucast,2026-05-13,INFLAenza
Alaska,AK,2,wk inc rsv hosp,hosp,2026-05-16,2026-05-30,UGA_flucast-INFLAenza,0,0,0,1,2,4,6,0,0,0,1,2,4,6,0,0,0,0.14050646962039368,0.28101293924078735,0.5620258784815747,0.843038817722362,0,0,0,0.14,0.28,0.56,0.84,TRUE,FALSE,UGA_flucast,2026-05-13,INFLAenza
Alaska,AK,0,wk inc rsv prop ed visits,prop_ed,2026-05-16,2026-05-16,UGA_flucast-INFLAenza,4.5886205573745733e-4,6.411772591997017e-4,8.327965783411118e-4,0.0010718474104797425,0.0013874481219658175,0.0017096052415296588,0.0021566232903928195,4.6e-4,6.4e-4,8.3e-4,0.0011,0.0014,0.0017,0.0022,NA,NA,NA,NA,NA,NA,NA,NA,NA,NA,NA,NA,NA,NA,TRUE,FALSE,UGA_flucast,2026-05-13,INFLAenza
Alaska,AK,1,wk inc rsv prop ed visits,prop_ed,2026-05-16,2026-05-23,UGA_flucast-INFLAenza,3.2437955193466786e-4,4.937304429042216e-4,6.710035380343707e-4,9.166843599795029e-4,0.0012328458360778382,0.0015783374180351447,0.0020595722421710115,3.2e-4,4.9e-4,6.7e-4,9.2e-4,0.0012,0.0016,0.0021,NA,NA,NA,NA,NA,NA,NA,NA,NA,NA,NA,NA,NA,NA,TRUE,FALSE,UGA_flucast,2026-05-13,INFLAenza
Alaska,AK,2,wk inc rsv prop ed visits,prop_ed,2026-05-16,2026-05-30,UGA_flucast-INFLAenza,2.4912421774238265e-4,3.885745180267656e-4,5.705766061545967e-4,8.092570015859426e-4,0.0011250365384385657,0.0014576353313863158,0.0019440915693114005,2.5e-4,3.9e-4,5.7e-4,8.1e-4,0.0011,0.0015,0.0019,NA,NA,NA,NA,NA,NA,NA,NA,NA,NA,NA,NA,NA,NA,TRUE,FALSE,UGA_flucast,2026-05-13,INFLAenza
Alaska,AK,0,wk inc rsv hosp,hosp,2026-05-16,2026-05-16,RSVHub-ensemble,0,0,1,1.75,2.75,4.5,6.5,0,0,1,2,3,5,7,0,0,0.14050646962039368,0.24588632183568893,0.38639279145608263,0.6322791132917716,0.9132920525325589,0,0,0.14,0.25,0.39,0.63,0.91,FALSE,TRUE,RSVHub,2026-05-13,Ensemble using RSVHub forecast submissions
Alaska,AK,1,wk inc rsv hosp,hosp,2026-05-16,2026-05-23,RSVHub-ensemble,0,0,1,1,2.25,3.75,6,0,0,1,1,2,4,6,0,0,0.14050646962039368,0.14050646962039368,0.3161395566458858,0.5268992610764762,0.843038817722362,0,0,0.14,0.14,0.32,0.53,0.84,FALSE,TRUE,RSVHub,2026-05-13,Ensemble using RSVHub forecast submissions
Alaska,AK,2,wk inc rsv hosp,hosp,2026-05-16,2026-05-30,RSVHub-ensemble,0,0,0,1,1.5,2,3.5,0,0,0,1,2,2,4,0,0,0,0.14050646962039368,0.2107597044305905,0.28101293924078735,0.49177264367137785,0,0,0,0.14,0.21,0.28,0.49,FALSE,TRUE,RSVHub,2026-05-13,Ensemble using RSVHub forecast submissions
Alaska,AK,0,wk inc rsv prop ed visits,prop_ed,2026-05-16,2026-05-16,RSVHub-ensemble,3.001025278938277e-4,5.279970655028519e-4,7.019582949891385e-4,9.680823265956736e-4,0.0013147823698634034,0.0016429595299856203,0.002074970082673165,3e-4,5.3e-4,7e-4,9.7e-4,0.0013,0.0016,0.0021,NA,NA,NA,NA,NA,NA,NA,NA,NA,NA,NA,NA,NA,NA,FALSE,TRUE,RSVHub,2026-05-13,Ensemble using RSVHub forecast submissions
Alaska,AK,1,wk inc rsv prop ed visits,prop_ed,2026-05-16,2026-05-23,RSVHub-ensemble,2.2849642588584082e-4,3.8102932247646693e-4,5.452820645518603e-4,8.04735507987188e-4,0.0011188987254681468,0.0014929923258698735,0.00202816415787079,2.3e-4,3.8e-4,5.5e-4,8e-4,0.0011,0.0015,0.002,NA,NA,NA,NA,NA,NA,NA,NA,NA,NA,NA,NA,NA,NA,FALSE,TRUE,RSVHub,2026-05-13,Ensemble using RSVHub forecast submissions
Arizona,AZ,0,wk inc rsv hosp,hosp,2026-05-16,2026-05-16,CEPH-Rtrend_rsv,14,17,21,26,32,38,45,10,20,20,30,30,40,50,0.18883076797743095,0.2292945039725947,0.28324615196614644,0.350685711958086,0.43161318394841364,0.5125406559387412,0.6069560399274566,0.19,0.23,0.28,0.35,0.43,0.51,0.61,TRUE,FALSE,CEPH Lab at Indiana University,2026-05-13,Rtrend RSV
Arizona,AZ,1,wk inc rsv hosp,hosp,2026-05-16,2026-05-23,CEPH-Rtrend_rsv,9,12,16,22,29,37,46,9,10,20,20,30,40,50,0.12139120798549131,0.1618549439806551,0.21580659197420682,0.29673406396453433,0.3911494479532498,0.49905274394035326,0.6204439519258446,0.12,0.16,0.22,0.3,0.39,0.5,0.62,TRUE,FALSE,CEPH Lab at Indiana University,2026-05-13,Rtrend RSV
Arizona,AZ,2,wk inc rsv hosp,hosp,2026-05-16,2026-05-30,CEPH-Rtrend_rsv,6,9,12,18,26,35,46,6,9,10,20,30,40,50,0.08092747199032756,0.12139120798549131,0.1618549439806551,0.24278241597098263,0.350685711958086,0.47207691994357737,0.6204439519258446,0.08,0.12,0.16,0.24,0.35,0.47,0.62,TRUE,FALSE,CEPH Lab at Indiana University,2026-05-13,Rtrend RSV
Arizona,AZ,0,wk inc rsv prop ed visits,prop_ed,2026-05-16,2026-05-16,CFA_Pyrenew-Pyrenew_E_RSV,4.4820178471120114e-4,5.366768181370767e-4,6.181809355903678e-4,7.285485839423913e-4,8.444205196721732e-4,9.632854703839897e-4,0.0011239823000703348,4.5e-4,5.4e-4,6.2e-4,7.3e-4,8.4e-4,9.6e-4,0.0011,NA,NA,NA,NA,NA,NA,NA,NA,NA,NA,NA,NA,NA,NA,TRUE,FALSE,Center for Forecasting and Outbreak Analytics (CFA/CDC) Pyrenew team,2026-05-13,Pyrenew_ED_Visits_RSV
Arizona,AZ,1,wk inc rsv prop ed visits,prop_ed,2026-05-16,2026-05-23,CFA_Pyrenew-Pyrenew_E_RSV,2.710463996392047e-4,3.530290821114277e-4,4.4291150339958096e-4,5.623840254982144e-4,6.952656206280628e-4,8.164976291301417e-4,0.001011346943416764,2.7e-4,3.5e-4,4.4e-4,5.6e-4,7e-4,8.2e-4,0.001,NA,NA,NA,NA,NA,NA,NA,NA,NA,NA,NA,NA,NA,NA,TRUE,FALSE,Center for Forecasting and Outbreak Analytics (CFA/CDC) Pyrenew team,2026-05-13,Pyrenew_ED_Visits_RSV
Arizona,AZ,0,wk inc rsv hosp,hosp,2026-05-16,2026-05-16,CFA_Pyrenew-Pyrenew_H_RSV,8,11,14,18,23,28,34,8,10,10,20,20,30,30,0.10790329598710341,0.14836703198226717,0.18883076797743095,0.24278241597098263,0.3102219759629223,0.3776615359548619,0.4585890079451894,0.11,0.15,0.19,0.24,0.31,0.38,0.46,FALSE,FALSE,Center for Forecasting and Outbreak Analytics (CFA/CDC) Pyrenew team,2026-05-13,Pyrenew_Hospital_Admissions_RSV
Arizona,AZ,1,wk inc rsv hosp,hosp,2026-05-16,2026-05-23,CFA_Pyrenew-Pyrenew_H_RSV,4,7,10,14,19,26,34.024999999999864,4,7,10,10,20,30,30,0.053951647993551705,0.09441538398871548,0.13487911998387925,0.18883076797743095,0.2562703279693706,0.350685711958086,0.4589262057451473,0.05,0.09,0.13,0.19,0.26,0.35,0.46,FALSE,FALSE,Center for Forecasting and Outbreak Analytics (CFA/CDC) Pyrenew team,2026-05-13,Pyrenew_Hospital_Admissions_RSV
Arizona,AZ,0,wk inc rsv hosp,hosp,2026-05-16,2026-05-16,Google_SAI-RSVEns,7,9,12,17.5,23,32.5,50.5,7,9,10,20,20,30,50,0.09441538398871548,0.12139120798549131,0.1618549439806551,0.23603845997178868,0.3102219759629223,0.43835713994760755,0.6811395559185902,0.09,0.12,0.16,0.24,0.31,0.44,0.68,TRUE,FALSE,Google Science AI,2026-05-13,RSVEnsemble
Arizona,AZ,1,wk inc rsv hosp,hosp,2026-05-16,2026-05-23,Google_SAI-RSVEns,4.5,8.5,11,15,22,28.5,49.5,5,9,10,20,20,30,50,0.06069560399274566,0.11464725198629735,0.14836703198226717,0.20231867997581884,0.29673406396453433,0.3844054919540558,0.6676516439202023,0.06,0.11,0.15,0.2,0.3,0.38,0.67,TRUE,FALSE,Google Science AI,2026-05-13,RSVEnsemble
Arizona,AZ,2,wk inc rsv hosp,hosp,2026-05-16,2026-05-30,Google_SAI-RSVEns,4,7.5,9,12.5,18,24.5,42,4,8,9,10,20,20,40,0.053951647993551705,0.10115933998790942,0.12139120798549131,0.16859889997984906,0.24278241597098263,0.33045384396050415,0.5664923039322929,0.05,0.1,0.12,0.17,0.24,0.33,0.57,TRUE,FALSE,Google Science AI,2026-05-13,RSVEnsemble
Arizona,AZ,0,wk inc rsv hosp,hosp,2026-05-16,2026-05-16,RSVHub-baseline,0,0,11,20,29,45.500000000000014,101.74999999999987,0,0,10,20,30,50,100,0,0,0.14836703198226717,0.2697582399677585,0.3911494479532498,0.6136999959266507,1.3723950458359697,0,0,0.15,0.27,0.39,0.61,1.37,FALSE,FALSE,RSVHub-hub-models,2026-05-13,RSVHub baseline model
Arizona,AZ,1,wk inc rsv hosp,hosp,2026-05-16,2026-05-23,RSVHub-baseline,0,0,6.120856208562085,20,36.97315223152235,72.4958629586294,117.48259707597076,0,0,6,20,40,70,120,0,0,0.08255756989587176,0.2697582399677585,0.4986906236017736,0.9778178198331842,1.58459493070276,0,0,0.08,0.27,0.5,0.98,1.58,FALSE,FALSE,RSVHub-hub-models,2026-05-13,RSVHub baseline model
Arizona,AZ,2,wk inc rsv hosp,hosp,2026-05-16,2026-05-30,RSVHub-baseline,0,0,0,20,44.88870138701391,89.35546555465567,131.93548560485587,0,0,0,20,40,90,130,0,0,0,0.2697582399677585,0.6054548540299576,1.205218655976179,1.779534219302873,0,0,0,0.27,0.61,1.21,1.78,FALSE,FALSE,RSVHub-hub-models,2026-05-13,RSVHub baseline model
Arizona,AZ,0,wk inc rsv prop ed visits,prop_ed,2026-05-16,2026-05-16,RSVHub-baseline,0,4.0000000000000105e-4,9e-4,0.001,0.0011,0.001599999999999999,0.0025624999999999945,0,4e-4,9e-4,0.001,0.0011,0.0016,0.0026,NA,NA,NA,NA,NA,NA,NA,NA,NA,NA,NA,NA,NA,NA,FALSE,FALSE,RSVHub-hub-models,2026-05-13,RSVHub baseline model
Arizona,AZ,1,wk inc rsv prop ed visits,prop_ed,2026-05-16,2026-05-23,RSVHub-baseline,0,1.0570971181737613e-19,6.999999999999986e-4,0.001,0.001383436834368343,0.0020999999999999994,0.0032622449224492247,0,1.1e-19,7e-4,0.001,0.0014,0.0021,0.0033,NA,NA,NA,NA,NA,NA,NA,NA,NA,NA,NA,NA,NA,NA,FALSE,FALSE,RSVHub-hub-models,2026-05-13,RSVHub baseline model
Arizona,AZ,2,wk inc rsv prop ed visits,prop_ed,2026-05-16,2026-05-30,RSVHub-baseline,0,0,5e-4,0.001,0.0015437524375243726,0.0024,0.003712267572675724,0,0,5e-4,0.001,0.0015,0.0024,0.0037,NA,NA,NA,NA,NA,NA,NA,NA,NA,NA,NA,NA,NA,NA,FALSE,FALSE,RSVHub-hub-models,2026-05-13,RSVHub baseline model
Arizona,AZ,0,wk inc rsv hosp,hosp,2026-05-16,2026-05-16,UGA_flucast-INFLAenza,6,9,13,18,25,35,47,6,9,10,20,30,40,50,0.08092747199032756,0.12139120798549131,0.175342855979043,0.24278241597098263,0.3371977999596981,0.47207691994357737,0.6339318639242324,0.08,0.12,0.18,0.24,0.34,0.47,0.63,TRUE,FALSE,UGA_flucast,2026-05-13,INFLAenza
Arizona,AZ,1,wk inc rsv hosp,hosp,2026-05-16,2026-05-23,UGA_flucast-INFLAenza,3,6,9,14,21,29,42,3,6,9,10,20,30,40,0.04046373599516378,0.08092747199032756,0.12139120798549131,0.18883076797743095,0.28324615196614644,0.3911494479532498,0.5664923039322929,0.04,0.08,0.12,0.19,0.28,0.39,0.57,TRUE,FALSE,UGA_flucast,2026-05-13,INFLAenza
Arizona,AZ,2,wk inc rsv hosp,hosp,2026-05-16,2026-05-30,UGA_flucast-INFLAenza,2,4,6,11,16,24,37,2,4,6,10,20,20,40,0.026975823996775852,0.053951647993551705,0.08092747199032756,0.14836703198226717,0.21580659197420682,0.3237098879613102,0.49905274394035326,0.03,0.05,0.08,0.15,0.22,0.32,0.5,TRUE,FALSE,UGA_flucast,2026-05-13,INFLAenza
Arizona,AZ,0,wk inc rsv prop ed visits,prop_ed,2026-05-16,2026-05-16,UGA_flucast-INFLAenza,2.88852136144901e-4,4.2819994745806555e-4,5.734328775290593e-4,7.64949575315994e-4,0.0010183857142913653,0.0012627225893482494,0.0015508579089808159,2.9e-4,4.3e-4,5.7e-4,7.6e-4,0.001,0.0013,0.0016,NA,NA,NA,NA,NA,NA,NA,NA,NA,NA,NA,NA,NA,NA,TRUE,FALSE,UGA_flucast,2026-05-13,INFLAenza
Arizona,AZ,1,wk inc rsv prop ed visits,prop_ed,2026-05-16,2026-05-23,UGA_flucast-INFLAenza,1.9223269681013826e-4,3.2684906097290363e-4,4.64021233581073e-4,6.589777775863868e-4,9.02482183951127e-4,0.0011686520787957005,0.0015156781875521128,1.9e-4,3.3e-4,4.6e-4,6.6e-4,9e-4,0.0012,0.0015,NA,NA,NA,NA,NA,NA,NA,NA,NA,NA,NA,NA,NA,NA,TRUE,FALSE,UGA_flucast,2026-05-13,INFLAenza
Arizona,AZ,2,wk inc rsv prop ed visits,prop_ed,2026-05-16,2026-05-30,UGA_flucast-INFLAenza,1.4505417075393612e-4,2.5562780736936887e-4,3.796913580321469e-4,5.761766275727278e-4,8.158750814315249e-4,0.0010789900339155032,0.0014475585900491806,1.5e-4,2.6e-4,3.8e-4,5.8e-4,8.2e-4,0.0011,0.0014,NA,NA,NA,NA,NA,NA,NA,NA,NA,NA,NA,NA,NA,NA,TRUE,FALSE,UGA_flucast,2026-05-13,INFLAenza
Arizona,AZ,0,wk inc rsv hosp,hosp,2026-05-16,2026-05-16,RSVHub-ensemble,7,9,13,18,25,35,47,7,9,10,20,30,40,50,0.09441538398871548,0.12139120798549131,0.175342855979043,0.24278241597098263,0.3371977999596981,0.47207691994357737,0.6339318639242324,0.09,0.12,0.18,0.24,0.34,0.47,0.63,FALSE,TRUE,RSVHub,2026-05-13,Ensemble using RSVHub forecast submissions
Arizona,AZ,1,wk inc rsv hosp,hosp,2026-05-16,2026-05-23,RSVHub-ensemble,4.5,8.5,11,15,22,29,46,5,9,10,20,20,30,50,0.06069560399274566,0.11464725198629735,0.14836703198226717,0.20231867997581884,0.29673406396453433,0.3911494479532498,0.6204439519258446,0.06,0.11,0.15,0.2,0.3,0.39,0.62,FALSE,TRUE,RSVHub,2026-05-13,Ensemble using RSVHub forecast submissions
Arizona,AZ,2,wk inc rsv hosp,hosp,2026-05-16,2026-05-30,RSVHub-ensemble,4,7.5,9,12.5,18,24.5,42,4,8,9,10,20,20,40,0.053951647993551705,0.10115933998790942,0.12139120798549131,0.16859889997984906,0.24278241597098263,0.33045384396050415,0.5664923039322929,0.05,0.1,0.12,0.17,0.24,0.33,0.57,FALSE,TRUE,RSVHub,2026-05-13,Ensemble using RSVHub forecast submissions
Arizona,AZ,0,wk inc rsv prop ed visits,prop_ed,2026-05-16,2026-05-16,RSVHub-ensemble,3.685269604280511e-4,4.824383827975711e-4,5.958069065597135e-4,7.467490796291927e-4,9.314031169817692e-4,0.0011130040298661195,0.0013374201045255754,3.7e-4,4.8e-4,6e-4,7.5e-4,0.00093000000000000005,0.0011,0.0013,NA,NA,NA,NA,NA,NA,NA,NA,NA,NA,NA,NA,NA,NA,FALSE,TRUE,RSVHub,2026-05-13,Ensemble using RSVHub forecast submissions
Arizona,AZ,1,wk inc rsv prop ed visits,prop_ed,2026-05-16,2026-05-23,RSVHub-ensemble,2.3163954822467148e-4,3.399390715421657e-4,4.53466368490327e-4,6.106809015423006e-4,7.988739022895949e-4,9.925748539629212e-4,0.0012635125654844384,2.3e-4,3.4e-4,4.5e-4,6.1e-4,8e-4,9.9e-4,0.0013,NA,NA,NA,NA,NA,NA,NA,NA,NA,NA,NA,NA,NA,NA,FALSE,TRUE,RSVHub,2026-05-13,Ensemble using RSVHub forecast submissions
Arkansas,AR,0,wk inc rsv hosp,hosp,2026-05-16,2026-05-16,CEPH-Rtrend_rsv,13,16,19,24,29,34,40,10,20,20,20,30,30,40,0.42428530771781503,0.5221973018065416,0.6201092958952681,0.7832959527098124,0.9464826095243565,1.1096692663389007,1.305493254516354,0.42,0.52,0.62,0.78,0.95,1.11,1.31,TRUE,FALSE,CEPH Lab at Indiana University,2026-05-13,Rtrend RSV
Arkansas,AR,1,wk inc rsv hosp,hosp,2026-05-16,2026-05-23,CEPH-Rtrend_rsv,9,12,15,20,26,33,41,9,10,20,20,30,30,40,0.29373598226617964,0.3916479763549062,0.4895599704436327,0.652746627258177,0.8485706154356301,1.077031934975992,1.3381305858792627,0.29,0.39,0.49,0.65,0.85,1.08,1.34,TRUE,FALSE,CEPH Lab at Indiana University,2026-05-13,Rtrend RSV
Arkansas,AR,2,wk inc rsv hosp,hosp,2026-05-16,2026-05-30,CEPH-Rtrend_rsv,6,8,12,17,23,31,41,6,8,10,20,20,30,40,0.1958239881774531,0.2610986509032708,0.3916479763549062,0.5548346331694504,0.7506586213469035,1.0117572722501742,1.3381305858792627,0.2,0.26,0.39,0.55,0.75,1.01,1.34,TRUE,FALSE,CEPH Lab at Indiana University,2026-05-13,Rtrend RSV
Arkansas,AR,0,wk inc rsv prop ed visits,prop_ed,2026-05-16,2026-05-16,CFA_Pyrenew-Pyrenew_E_RSV,2.1228573093049144e-4,3.456557711720866e-4,4.844778266638268e-4,6.740334701707965e-4,8.78903128701704e-4,0.00111520400328271,0.0014077669901767325,2.1e-4,3.5e-4,4.8e-4,6.7e-4,8.8e-4,0.0011,0.0014,NA,NA,NA,NA,NA,NA,NA,NA,NA,NA,NA,NA,NA,NA,TRUE,FALSE,Center for Forecasting and Outbreak Analytics (CFA/CDC) Pyrenew team,2026-05-13,Pyrenew_ED_Visits_RSV
Arkansas,AR,1,wk inc rsv prop ed visits,prop_ed,2026-05-16,2026-05-23,CFA_Pyrenew-Pyrenew_E_RSV,7.517386796647267e-5,2.089443526229114e-4,3.338820939534341e-4,4.97635334191194e-4,7.150820998514814e-4,9.651436629791529e-4,0.0012865494932361552,7.5e-5,2.1e-4,3.3e-4,5e-4,7.2e-4,9.7e-4,0.0013,NA,NA,NA,NA,NA,NA,NA,NA,NA,NA,NA,NA,NA,NA,TRUE,FALSE,Center for Forecasting and Outbreak Analytics (CFA/CDC) Pyrenew team,2026-05-13,Pyrenew_ED_Visits_RSV
Arkansas,AR,0,wk inc rsv prop ed visits,prop_ed,2026-05-16,2026-05-16,CFA_Pyrenew-Pyrenew_HE_RSV,1.9772149427088023e-4,3.246375719941327e-4,4.1973603613617455e-4,5.752287977905115e-4,7.661652936057237e-4,9.701241915396071e-4,0.0012133984752816863,2e-4,3.2e-4,4.2e-4,5.8e-4,7.7e-4,9.7e-4,0.0012,NA,NA,NA,NA,NA,NA,NA,NA,NA,NA,NA,NA,NA,NA,FALSE,FALSE,Center for Forecasting and Outbreak Analytics (CFA/CDC) Pyrenew team,2026-05-13,Pyrenew_Hospital_Admissions_ED_Visits_RSV
Arkansas,AR,1,wk inc rsv prop ed visits,prop_ed,2026-05-16,2026-05-23,CFA_Pyrenew-Pyrenew_HE_RSV,6.84880315964465e-5,1.9275981140795583e-4,2.782247164367615e-4,4.307420241111779e-4,6.211989294231345e-4,8.275611329671456e-4,0.0010917760259251347,6.8e-5,1.9e-4,2.8e-4,4.3e-4,6.2e-4,8.3e-4,0.0011,NA,NA,NA,NA,NA,NA,NA,NA,NA,NA,NA,NA,NA,NA,FALSE,FALSE,Center for Forecasting and Outbreak Analytics (CFA/CDC) Pyrenew team,2026-05-13,Pyrenew_Hospital_Admissions_ED_Visits_RSV
Arkansas,AR,0,wk inc rsv hosp,hosp,2026-05-16,2026-05-16,CFA_Pyrenew-Pyrenew_HE_RSV,3,5,7,10,13,16,20,3,5,7,10,10,20,20,0.09791199408872656,0.16318665681454425,0.22846131954036195,0.3263733136290885,0.42428530771781503,0.5221973018065416,0.652746627258177,0.1,0.16,0.23,0.33,0.42,0.52,0.65,TRUE,FALSE,Center for Forecasting and Outbreak Analytics (CFA/CDC) Pyrenew team,2026-05-13,Pyrenew_Hospital_Admissions_ED_Visits_RSV
Arkansas,AR,1,wk inc rsv hosp,hosp,2026-05-16,2026-05-23,CFA_Pyrenew-Pyrenew_HE_RSV,2,4,5,8,10,13,17,2,4,5,8,10,10,20,0.0652746627258177,0.1305493254516354,0.16318665681454425,0.2610986509032708,0.3263733136290885,0.42428530771781503,0.5548346331694504,0.07,0.13,0.16,0.26,0.33,0.42,0.55,TRUE,FALSE,Center for Forecasting and Outbreak Analytics (CFA/CDC) Pyrenew team,2026-05-13,Pyrenew_Hospital_Admissions_ED_Visits_RSV
Arkansas,AR,0,wk inc rsv hosp,hosp,2026-05-16,2026-05-16,CFA_Pyrenew-Pyrenew_H_RSV,2,4,5,8,10,14,17.024999999999864,2,4,5,8,10,10,20,0.0652746627258177,0.1305493254516354,0.16318665681454425,0.2610986509032708,0.3263733136290885,0.4569226390807239,0.5556505664535187,0.07,0.13,0.16,0.26,0.33,0.46,0.56,FALSE,FALSE,Center for Forecasting and Outbreak Analytics (CFA/CDC) Pyrenew team,2026-05-13,Pyrenew_Hospital_Admissions_RSV
Arkansas,AR,1,wk inc rsv hosp,hosp,2026-05-16,2026-05-23,CFA_Pyrenew-Pyrenew_H_RSV,1,2,4,6,9,12,17,1,2,4,6,9,10,20,0.03263733136290885,0.0652746627258177,0.1305493254516354,0.1958239881774531,0.29373598226617964,0.3916479763549062,0.5548346331694504,0.03,0.07,0.13,0.2,0.29,0.39,0.55,FALSE,FALSE,Center for Forecasting and Outbreak Analytics (CFA/CDC) Pyrenew team,2026-05-13,Pyrenew_Hospital_Admissions_RSV
Arkansas,AR,0,wk inc rsv hosp,hosp,2026-05-16,2026-05-16,Google_SAI-RSVEns,2,4.5,6,8,9.5,14,28,2,5,6,8,10,10,30,0.0652746627258177,0.14686799113308982,0.1958239881774531,0.2610986509032708,0.31005464794763404,0.4569226390807239,0.9138452781614478,0.07,0.15,0.2,0.26,0.31,0.46,0.91,TRUE,FALSE,Google Science AI,2026-05-13,RSVEnsemble
Arkansas,AR,1,wk inc rsv hosp,hosp,2026-05-16,2026-05-23,Google_SAI-RSVEns,1.5,2.5,4,6.5,9,12.5,24.5,2,3,4,7,9,10,20,0.04895599704436328,0.08159332840727213,0.1305493254516354,0.21214265385890752,0.29373598226617964,0.40796664203636057,0.7996146183912668,0.05,0.08,0.13,0.21,0.29,0.41,0.8,TRUE,FALSE,Google Science AI,2026-05-13,RSVEnsemble
Arkansas,AR,2,wk inc rsv hosp,hosp,2026-05-16,2026-05-30,Google_SAI-RSVEns,1,3.5,4.5,5.5,8.5,12,20,1,4,5,6,9,10,20,0.03263733136290885,0.11423065977018097,0.14686799113308982,0.17950532249599865,0.2774173165847252,0.3916479763549062,0.652746627258177,0.03,0.11,0.15,0.18,0.28,0.39,0.65,TRUE,FALSE,Google Science AI,2026-05-13,RSVEnsemble
Arkansas,AR,0,wk inc rsv hosp,hosp,2026-05-16,2026-05-16,RSVHub-baseline,0,0,3,8,13,20.50000000000001,32.12499999999998,0,0,3,8,10,20,30,0,0,0.09791199408872656,0.2610986509032708,0.42428530771781503,0.6690652929396317,1.048474270033446,0,0,0.1,0.26,0.42,0.67,1.05,FALSE,FALSE,RSVHub-hub-models,2026-05-13,RSVHub baseline model
Arkansas,AR,1,wk inc rsv hosp,hosp,2026-05-16,2026-05-23,RSVHub-baseline,0,0,1,8,16.47113721137211,26,36.4312085620856,0,0,1,8,20,30,40,0,0,0.03263733136290885,0.2610986509032708,0.53757396309149,0.8485706154356301,1.1890174257920298,0,0,0.03,0.26,0.54,0.85,1.19,FALSE,FALSE,RSVHub-hub-models,2026-05-13,RSVHub baseline model
Arkansas,AR,2,wk inc rsv hosp,hosp,2026-05-16,2026-05-30,RSVHub-baseline,0,0,0,8,18.224637246372467,29.15121651216512,41.59653021530212,0,0,0,8,20,30,40,0,0,0,0.2610986509032708,0.5948035247786688,0.9514179129394329,1.3575997401840654,0,0,0,0.26,0.59,0.95,1.36,FALSE,FALSE,RSVHub-hub-models,2026-05-13,RSVHub baseline model
Arkansas,AR,0,wk inc rsv prop ed visits,prop_ed,2026-05-16,2026-05-16,RSVHub-baseline,0,5.000000000000098e-5,0.0011000000000000003,0.0014000000000000002,0.0017000000000000001,0.002750000000000002,0.004987499999999987,0,5e-5,0.0011,0.0014,0.0017,0.0028,0.005,NA,NA,NA,NA,NA,NA,NA,NA,NA,NA,NA,NA,NA,NA,FALSE,FALSE,RSVHub-hub-models,2026-05-13,RSVHub baseline model
Arkansas,AR,1,wk inc rsv prop ed visits,prop_ed,2026-05-16,2026-05-23,RSVHub-baseline,0,0,6.999999999999998e-4,0.0014000000000000002,0.0022,0.003947163471634723,0.006432492574925754,0,0,7e-4,0.0014,0.0022,0.0039,0.0064,NA,NA,NA,NA,NA,NA,NA,NA,NA,NA,NA,NA,NA,NA,FALSE,FALSE,RSVHub-hub-models,2026-05-13,RSVHub baseline model
Arkansas,AR,2,wk inc rsv prop ed visits,prop_ed,2026-05-16,2026-05-30,RSVHub-baseline,0,0,3.0000000000000035e-4,0.0014000000000000002,0.002657582575825758,0.004600000000000002,0.00715766207662076,0,0,3e-4,0.0014,0.0027,0.0046,0.0072,NA,NA,NA,NA,NA,NA,NA,NA,NA,NA,NA,NA,NA,NA,FALSE,FALSE,RSVHub-hub-models,2026-05-13,RSVHub baseline model
Arkansas,AR,0,wk inc rsv hosp,hosp,2026-05-16,2026-05-16,UGA_flucast-INFLAenza,2,3,5,8,12,16,22,2,3,5,8,10,20,20,0.0652746627258177,0.09791199408872656,0.16318665681454425,0.2610986509032708,0.3916479763549062,0.5221973018065416,0.7180212899839946,0.07,0.1,0.16,0.26,0.39,0.52,0.72,TRUE,FALSE,UGA_flucast,2026-05-13,INFLAenza
Arkansas,AR,1,wk inc rsv hosp,hosp,2026-05-16,2026-05-23,UGA_flucast-INFLAenza,1,2,4,6,9,13,19,1,2,4,6,9,10,20,0.03263733136290885,0.0652746627258177,0.1305493254516354,0.1958239881774531,0.29373598226617964,0.42428530771781503,0.6201092958952681,0.03,0.07,0.13,0.2,0.29,0.42,0.62,TRUE,FALSE,UGA_flucast,2026-05-13,INFLAenza
Arkansas,AR,2,wk inc rsv hosp,hosp,2026-05-16,2026-05-30,UGA_flucast-INFLAenza,0,1,2,5,7,11,17,0,1,2,5,7,10,20,0,0.03263733136290885,0.0652746627258177,0.16318665681454425,0.22846131954036195,0.3590106449919973,0.5548346331694504,0,0.03,0.07,0.16,0.23,0.36,0.55,TRUE,FALSE,UGA_flucast,2026-05-13,INFLAenza
Arkansas,AR,0,wk inc rsv prop ed visits,prop_ed,2026-05-16,2026-05-16,UGA_flucast-INFLAenza,6.19153466330119e-4,8.233341634755303e-4,0.0010341325271671442,0.0013369915236716614,0.0016794347083051002,0.002046377932714622,0.0024884864393903967,6.2e-4,8.2e-4,0.001,0.0013,0.0017,0.002,0.0025,NA,NA,NA,NA,NA,NA,NA,NA,NA,NA,NA,NA,NA,NA,TRUE,FALSE,UGA_flucast,2026-05-13,INFLAenza
Arkansas,AR,1,wk inc rsv prop ed visits,prop_ed,2026-05-16,2026-05-23,UGA_flucast-INFLAenza,4.26742297477505e-4,6.218542982541829e-4,8.488309073133752e-4,0.0011574094447335229,0.0015204058787610859,0.0019186790707198767,0.0024124298369542227,4.3e-4,6.2e-4,8.5e-4,0.0012,0.0015,0.0019,0.0024,NA,NA,NA,NA,NA,NA,NA,NA,NA,NA,NA,NA,NA,NA,TRUE,FALSE,UGA_flucast,2026-05-13,INFLAenza
Arkansas,AR,2,wk inc rsv prop ed visits,prop_ed,2026-05-16,2026-05-30,UGA_flucast-INFLAenza,3.2660844815546005e-4,5.028609106815659e-4,7.135390930055163e-4,0.0010039094010490604,0.001364189832531323,0.0017722268399715739,0.002395243436256802,3.3e-4,5e-4,7.1e-4,0.001,0.0014,0.0018,0.0024,NA,NA,NA,NA,NA,NA,NA,NA,NA,NA,NA,NA,NA,NA,TRUE,FALSE,UGA_flucast,2026-05-13,INFLAenza
Arkansas,AR,0,wk inc rsv hosp,hosp,2026-05-16,2026-05-16,RSVHub-ensemble,2.5,4.75,6.5,9,12.5,16,25,3,5,7,9,10,20,30,0.08159332840727213,0.15502732397381702,0.21214265385890752,0.29373598226617964,0.40796664203636057,0.5221973018065416,0.8159332840727211,0.08,0.16,0.21,0.29,0.41,0.52,0.82,FALSE,TRUE,RSVHub,2026-05-13,Ensemble using RSVHub forecast submissions
Arkansas,AR,1,wk inc rsv hosp,hosp,2026-05-16,2026-05-23,RSVHub-ensemble,1.75,3.25,4.5,7.25,9.5,13,21.75,2,3,5,7,10,10,20,0.057115329885090486,0.10607132692945376,0.14686799113308982,0.23662065238108912,0.31005464794763404,0.42428530771781503,0.7098619571432675,0.06,0.11,0.15,0.24,0.31,0.42,0.71,FALSE,TRUE,RSVHub,2026-05-13,Ensemble using RSVHub forecast submissions
Arkansas,AR,2,wk inc rsv hosp,hosp,2026-05-16,2026-05-30,RSVHub-ensemble,1,3.5,4.5,5.5,8.5,12,20,1,4,5,6,9,10,20,0.03263733136290885,0.11423065977018097,0.14686799113308982,0.17950532249599865,0.2774173165847252,0.3916479763549062,0.652746627258177,0.03,0.11,0.15,0.18,0.28,0.39,0.65,FALSE,TRUE,RSVHub,2026-05-13,Ensemble using RSVHub forecast submissions
Arkansas,AR,0,wk inc rsv prop ed visits,prop_ed,2026-05-16,2026-05-16,RSVHub-ensemble,4.1571959863030526e-4,5.844949673238085e-4,7.593051769154856e-4,0.001005512496921229,0.001279168918503402,0.001580790967998666,0.0019481267147835645,4.2e-4,5.8e-4,7.6e-4,0.001,0.0013,0.0016,0.0019,NA,NA,NA,NA,NA,NA,NA,NA,NA,NA,NA,NA,NA,NA,FALSE,TRUE,RSVHub,2026-05-13,Ensemble using RSVHub forecast submissions
Arkansas,AR,1,wk inc rsv prop ed visits,prop_ed,2026-05-16,2026-05-23,RSVHub-ensemble,2.5095808272198884e-4,4.1539932543854715e-4,5.913565006334047e-4,8.275223894623584e-4,0.0011177439893062836,0.0014419113668495149,0.001849489665095189,2.5e-4,4.2e-4,5.9e-4,8.3e-4,0.0011,0.0014,0.0018,NA,NA,NA,NA,NA,NA,NA,NA,NA,NA,NA,NA,NA,NA,FALSE,TRUE,RSVHub,2026-05-13,Ensemble using RSVHub forecast submissions
California,CA,0,wk inc rsv hosp,hosp,2026-05-16,2026-05-16,CEPH-Rtrend_rsv,35,44,54,68,84,99,118,40,40,50,70,80,100,120,0.09014071042160278,0.11331975024430063,0.13907423893618714,0.17513052310482827,0.21633770501184668,0.2549694380496764,0.30390296656426086,0.09,0.11,0.14,0.18,0.22,0.25,0.3,TRUE,FALSE,CEPH Lab at Indiana University,2026-05-13,Rtrend RSV
California,CA,1,wk inc rsv hosp,hosp,2026-05-16,2026-05-23,CEPH-Rtrend_rsv,21,28,37,49,64,80,99,20,30,40,50,60,80,100,0.05408442625296167,0.07211256833728223,0.09529160815998008,0.1261969945902439,0.16482872762807366,0.20603590953509207,0.2549694380496764,0.05,0.07,0.1,0.13,0.16,0.21,0.25,TRUE,FALSE,CEPH Lab at Indiana University,2026-05-13,Rtrend RSV
California,CA,2,wk inc rsv hosp,hosp,2026-05-16,2026-05-30,CEPH-Rtrend_rsv,11,17,24,34,48,63,82,10,20,20,30,50,60,80,0.028329937561075158,0.04378263077620707,0.06181077286052762,0.08756526155241413,0.12362154572105524,0.162253278758885,0.2111868072734694,0.03,0.04,0.06,0.09,0.12,0.16,0.21,TRUE,FALSE,CEPH Lab at Indiana University,2026-05-13,Rtrend RSV
California,CA,0,wk inc rsv prop ed visits,prop_ed,2026-05-16,2026-05-16,CFA_Pyrenew-Pyrenew_E_RSV,3.8927351968577953e-4,4.5957075782763725e-4,5.350059605703432e-4,6.261255071230614e-4,7.188934124574215e-4,8.213280516244848e-4,9.249910762976721e-4,3.9e-4,4.6e-4,5.4e-4,6.3e-4,7.2e-4,8.2e-4,9.2e-4,NA,NA,NA,NA,NA,NA,NA,NA,NA,NA,NA,NA,NA,NA,TRUE,FALSE,Center for Forecasting and Outbreak Analytics (CFA/CDC) Pyrenew team,2026-05-13,Pyrenew_ED_Visits_RSV
California,CA,1,wk inc rsv prop ed visits,prop_ed,2026-05-16,2026-05-23,CFA_Pyrenew-Pyrenew_E_RSV,2.4312985387183914e-4,3.137548612236521e-4,3.9569503362059307e-4,4.92464687194898e-4,6.213976255379145e-4,7.63035936447375e-4,9.770586242168762e-4,2.4e-4,3.1e-4,4e-4,4.9e-4,6.2e-4,7.6e-4,9.8e-4,NA,NA,NA,NA,NA,NA,NA,NA,NA,NA,NA,NA,NA,NA,TRUE,FALSE,Center for Forecasting and Outbreak Analytics (CFA/CDC) Pyrenew team,2026-05-13,Pyrenew_ED_Visits_RSV
California,CA,0,wk inc rsv prop ed visits,prop_ed,2026-05-16,2026-05-16,CFA_Pyrenew-Pyrenew_HE_RSV,3.3526499881114446e-4,3.9470394627510444e-4,4.5562834551919623e-4,5.333676508606957e-4,6.088621484051696e-4,6.85237879639783e-4,7.83285814075374e-4,3.4e-4,3.9e-4,4.6e-4,5.3e-4,6.1e-4,6.9e-4,7.8e-4,NA,NA,NA,NA,NA,NA,NA,NA,NA,NA,NA,NA,NA,NA,FALSE,FALSE,Center for Forecasting and Outbreak Analytics (CFA/CDC) Pyrenew team,2026-05-13,Pyrenew_Hospital_Admissions_ED_Visits_RSV
California,CA,1,wk inc rsv prop ed visits,prop_ed,2026-05-16,2026-05-23,CFA_Pyrenew-Pyrenew_HE_RSV,1.9589112565414178e-4,2.576644680483285e-4,3.2058289744786334e-4,4.0187344513038255e-4,4.905868137544292e-4,5.949931003802635e-4,7.438034514246199e-4,2e-4,2.6e-4,3.2e-4,4e-4,4.9e-4,5.9e-4,7.4e-4,NA,NA,NA,NA,NA,NA,NA,NA,NA,NA,NA,NA,NA,NA,FALSE,FALSE,Center for Forecasting and Outbreak Analytics (CFA/CDC) Pyrenew team,2026-05-13,Pyrenew_Hospital_Admissions_ED_Visits_RSV
California,CA,0,wk inc rsv hosp,hosp,2026-05-16,2026-05-16,CFA_Pyrenew-Pyrenew_HE_RSV,53,61,67.75,76,85,93,104,50,60,70,80,90,90,100,0.1364987900669985,0.15710238102050772,0.1744866608875311,0.1957341140583375,0.21891315388103533,0.23951674483454455,0.2678466823956197,0.14,0.16,0.17,0.2,0.22,0.24,0.27,TRUE,FALSE,Center for Forecasting and Outbreak Analytics (CFA/CDC) Pyrenew team,2026-05-13,Pyrenew_Hospital_Admissions_ED_Visits_RSV
California,CA,1,wk inc rsv hosp,hosp,2026-05-16,2026-05-23,CFA_Pyrenew-Pyrenew_HE_RSV,36,43,50,58,67,77,93,40,40,50,60,70,80,90,0.09271615929079143,0.11074430137511199,0.12877244345943253,0.14937603441294175,0.17255507423563962,0.19830956292752613,0.23951674483454455,0.09,0.11,0.13,0.15,0.17,0.2,0.24,TRUE,FALSE,Center for Forecasting and Outbreak Analytics (CFA/CDC) Pyrenew team,2026-05-13,Pyrenew_Hospital_Admissions_ED_Visits_RSV
California,CA,0,wk inc rsv hosp,hosp,2026-05-16,2026-05-16,CFA_Pyrenew-Pyrenew_H_RSV,37,45,52,61,70,80,92,40,50,50,60,70,80,90,0.09529160815998008,0.1158951991134893,0.13392334119780985,0.15710238102050772,0.18028142084320556,0.20603590953509207,0.2369412959653559,0.1,0.12,0.13,0.16,0.18,0.21,0.24,FALSE,FALSE,Center for Forecasting and Outbreak Analytics (CFA/CDC) Pyrenew team,2026-05-13,Pyrenew_Hospital_Admissions_RSV
California,CA,1,wk inc rsv hosp,hosp,2026-05-16,2026-05-23,CFA_Pyrenew-Pyrenew_H_RSV,20,27,35,44,55,68,86,20,30,40,40,60,70,90,0.05150897738377302,0.06953711946809357,0.09014071042160278,0.11331975024430063,0.1416496878053758,0.17513052310482827,0.22148860275022397,0.05,0.07,0.09,0.11,0.14,0.18,0.22,FALSE,FALSE,Center for Forecasting and Outbreak Analytics (CFA/CDC) Pyrenew team,2026-05-13,Pyrenew_Hospital_Admissions_RSV
California,CA,0,wk inc rsv hosp,hosp,2026-05-16,2026-05-16,Google_SAI-RSVEns,38.5,58.5,61.5,64.5,92.5,122,196,40,60,60,60,90,120,200,0.09915478146376307,0.15066375884753608,0.15839010545510204,0.16611645206266798,0.2382290203999502,0.31420476204101544,0.5047879783609756,0.1,0.15,0.16,0.17,0.24,0.31,0.5,TRUE,FALSE,Google Science AI,2026-05-13,RSVEnsemble
California,CA,1,wk inc rsv hosp,hosp,2026-05-16,2026-05-23,Google_SAI-RSVEns,30,42,45.5,54.5,80,106.5,151,30,40,50,50,80,110,150,0.07726346607565954,0.10816885250592334,0.11718292354808363,0.14036196337078147,0.20603590953509207,0.2742853045685913,0.3888927792474863,0.08,0.11,0.12,0.14,0.21,0.27,0.39,TRUE,FALSE,Google Science AI,2026-05-13,RSVEnsemble
California,CA,2,wk inc rsv hosp,hosp,2026-05-16,2026-05-30,Google_SAI-RSVEns,25.5,34,39,42,56,84,124.5,30,30,40,40,60,80,120,0.06567394616431059,0.08756526155241413,0.10044250589835739,0.10816885250592334,0.14422513667456446,0.21633770501184668,0.3206433842139871,0.07,0.09,0.1,0.11,0.14,0.22,0.32,TRUE,FALSE,Google Science AI,2026-05-13,RSVEnsemble
California,CA,0,wk inc rsv hosp,hosp,2026-05-16,2026-05-16,RSVHub-baseline,0,18,50.5,80,109.5,142,207.49999999999991,0,20,50,80,110,140,210,0,0.04635807964539571,0.13006016789402686,0.20603590953509207,0.2820116511761573,0.3657137394247884,0.5344056403566448,0,0.05,0.13,0.21,0.28,0.37,0.53,FALSE,FALSE,RSVHub-hub-models,2026-05-13,RSVHub baseline model
California,CA,1,wk inc rsv hosp,hosp,2026-05-16,2026-05-23,RSVHub-baseline,0,0,35.7229572295723,80,126,176.169224692247,234.1950914509148,0,0,40,80,130,180,230,0,0,0.09200264980097653,0.20603590953509207,0.32450655751777,0.4537148305194889,0.6031574834467912,0,0,0.09,0.21,0.32,0.45,0.6,FALSE,FALSE,RSVHub-hub-models,2026-05-13,RSVHub baseline model
California,CA,2,wk inc rsv hosp,hosp,2026-05-16,2026-05-30,RSVHub-baseline,0,0,23.243737437374364,80,138.24465994659946,197.82969229692293,266.36995319953184,0,0,20,80,140,200,270,0,0,0.059863057298803715,0.20603590953509207,0.35604205313083914,0.5095002573180489,0.6860221947535682,0,0,0.06,0.21,0.36,0.51,0.69,FALSE,FALSE,RSVHub-hub-models,2026-05-13,RSVHub baseline model
California,CA,0,wk inc rsv prop ed visits,prop_ed,2026-05-16,2026-05-16,RSVHub-baseline,0,0,4.999999999999997e-4,6e-4,7.000000000000002e-4,0.001299999999999999,0.0021999999999999984,0,0,5e-4,6e-4,7e-4,0.0013,0.0022,NA,NA,NA,NA,NA,NA,NA,NA,NA,NA,NA,NA,NA,NA,FALSE,FALSE,RSVHub-hub-models,2026-05-13,RSVHub baseline model
California,CA,1,wk inc rsv prop ed visits,prop_ed,2026-05-16,2026-05-23,RSVHub-baseline,0,0,2.26626016260162e-4,6e-4,0.001,0.0015999999999999999,0.0025772664476644697,0,0,2.3e-4,6e-4,0.001,0.0016,0.0026,NA,NA,NA,NA,NA,NA,NA,NA,NA,NA,NA,NA,NA,NA,FALSE,FALSE,RSVHub-hub-models,2026-05-13,RSVHub baseline model
California,CA,2,wk inc rsv prop ed visits,prop_ed,2026-05-16,2026-05-30,RSVHub-baseline,0,0,9.999999999999996e-5,6e-4,0.0011999999999999997,0.0019287210872108713,0.0029523841988419843,0,0,1e-4,6e-4,0.0012,0.0019,0.003,NA,NA,NA,NA,NA,NA,NA,NA,NA,NA,NA,NA,NA,NA,FALSE,FALSE,RSVHub-hub-models,2026-05-13,RSVHub baseline model
California,CA,0,wk inc rsv hosp,hosp,2026-05-16,2026-05-16,UM-DeepOutbreak,0,0,31.20459225595232,64.10006562500001,94.11253099404767,154.81904065567943,234.60245809166676,0,0,30,60,90,150,230,0,0,0.08036583183908534,0.1650864415288246,0.24238201152510191,0.39872852318554136,0.604206635401061,0,0,0.08,0.17,0.24,0.4,0.6,TRUE,FALSE,"University of Michigan, Computer Science and Engineering",2026-05-13,DeepOutbreak
California,CA,1,wk inc rsv hosp,hosp,2026-05-16,2026-05-23,UM-DeepOutbreak,0,0,1.8043464979809656,50.77907414999998,92.48865150201902,157.78087154358096,239.4748265,0,0,2,50,90,160,240,0,0,0.004647002147849581,0.1307789090980641,0.23819979292365812,0.40635656719651536,0.6167551711085734,0,0,0,0.13,0.24,0.41,0.62,TRUE,FALSE,"University of Michigan, Computer Science and Engineering",2026-05-13,DeepOutbreak
California,CA,2,wk inc rsv hosp,hosp,2026-05-16,2026-05-30,UM-DeepOutbreak,0,0,0,41.55802372499998,109.5667015063334,227.5538612903159,294.04611310833343,0,0,0,40,110,230,290,0,0,0,0.10703056520826632,0.2821834374952168,0.5860533347396552,0.7573007294941755,0,0,0,0.11,0.28,0.59,0.76,TRUE,FALSE,"University of Michigan, Computer Science and Engineering",2026-05-13,DeepOutbreak
California,CA,0,wk inc rsv hosp,hosp,2026-05-16,2026-05-16,UGA_flucast-INFLAenza,24,34,45,62,83,110,148,20,30,50,60,80,110,150,0.06181077286052762,0.08756526155241413,0.1158951991134893,0.15967782988969637,0.21376225614265804,0.2832993756107516,0.38116643263992034,0.06,0.09,0.12,0.16,0.21,0.28,0.38,TRUE,FALSE,UGA_flucast,2026-05-13,INFLAenza
California,CA,1,wk inc rsv hosp,hosp,2026-05-16,2026-05-23,UGA_flucast-INFLAenza,15,23,32,47,68,94,133,20,20,30,50,70,90,130,0.03863173303782977,0.059235323991338976,0.08241436381403683,0.1210460968518666,0.17513052310482827,0.2420921937037332,0.3425346996020906,0.04,0.06,0.08,0.12,0.18,0.24,0.34,TRUE,FALSE,UGA_flucast,2026-05-13,INFLAenza
California,CA,2,wk inc rsv hosp,hosp,2026-05-16,2026-05-30,UGA_flucast-INFLAenza,10,15,23,36,54,79,119,10,20,20,40,50,80,120,0.02575448869188651,0.03863173303782977,0.059235323991338976,0.09271615929079143,0.13907423893618714,0.20346046066590343,0.3064784154334495,0.03,0.04,0.06,0.09,0.14,0.2,0.31,TRUE,FALSE,UGA_flucast,2026-05-13,INFLAenza
California,CA,0,wk inc rsv prop ed visits,prop_ed,2026-05-16,2026-05-16,UGA_flucast-INFLAenza,1.7679785290277718e-4,2.78999469325771e-4,3.9847537610471657e-4,5.538155966794515e-4,7.475453845665856e-4,9.555646077725275e-4,0.0012272817418095402,1.8e-4,2.8e-4,4e-4,5.5e-4,7.5e-4,9.6e-4,0.0012,NA,NA,NA,NA,NA,NA,NA,NA,NA,NA,NA,NA,NA,NA,TRUE,FALSE,UGA_flucast,2026-05-13,INFLAenza
California,CA,1,wk inc rsv prop ed visits,prop_ed,2026-05-16,2026-05-23,UGA_flucast-INFLAenza,1.2107357792189705e-4,2.1400320745960775e-4,3.1912786163006607e-4,4.755901522302502e-4,6.77628562843263e-4,8.951487658874962e-4,0.001194072458931027,1.2e-4,2.1e-4,3.2e-4,4.8e-4,6.8e-4,9e-4,0.0012,NA,NA,NA,NA,NA,NA,NA,NA,NA,NA,NA,NA,NA,NA,TRUE,FALSE,UGA_flucast,2026-05-13,INFLAenza
California,CA,2,wk inc rsv prop ed visits,prop_ed,2026-05-16,2026-05-30,UGA_flucast-INFLAenza,9.397032748269809e-5,1.6962965142408172e-4,2.6827955363622417e-4,4.1957136979497197e-4,6.165146430144607e-4,8.419033602947456e-4,0.0011159358738949735,9.4e-5,1.7e-4,2.7e-4,4.2e-4,6.2e-4,8.4e-4,0.0011,NA,NA,NA,NA,NA,NA,NA,NA,NA,NA,NA,NA,NA,NA,TRUE,FALSE,UGA_flucast,2026-05-13,INFLAenza
California,CA,0,wk inc rsv hosp,hosp,2026-05-16,2026-05-16,RSVHub-ensemble,35,44,54,64.5,85,110,148,40,40,50,60,90,110,150,0.09014071042160278,0.11331975024430063,0.13907423893618714,0.16611645206266798,0.21891315388103533,0.2832993756107516,0.38116643263992034,0.09,0.11,0.14,0.17,0.22,0.28,0.38,FALSE,TRUE,RSVHub,2026-05-13,Ensemble using RSVHub forecast submissions
California,CA,1,wk inc rsv hosp,hosp,2026-05-16,2026-05-23,RSVHub-ensemble,21,28,37,50.77907414999998,68,94,133,20,30,40,50,70,90,130,0.05408442625296167,0.07211256833728223,0.09529160815998008,0.1307789090980641,0.17513052310482827,0.2420921937037332,0.3425346996020906,0.05,0.07,0.1,0.13,0.18,0.24,0.34,FALSE,TRUE,RSVHub,2026-05-13,Ensemble using RSVHub forecast submissions
California,CA,2,wk inc rsv hosp,hosp,2026-05-16,2026-05-30,RSVHub-ensemble,10.5,16,23.5,38.779011862499985,55,81.5,121.75,10,20,20,40,60,80,120,0.027042213126480835,0.041207181907018414,0.0605230484259333,0.09987336224952886,0.1416496878053758,0.20989908283887504,0.31356089982371826,0.03,0.04,0.06,0.1,0.14,0.21,0.31,FALSE,TRUE,RSVHub,2026-05-13,Ensemble using RSVHub forecast submissions
California,CA,0,wk inc rsv prop ed visits,prop_ed,2026-05-16,2026-05-16,RSVHub-ensemble,2.8303568629427835e-4,3.6928511357670415e-4,4.6674066833752984e-4,5.899705519012565e-4,7.332193985120036e-4,8.884463296985061e-4,0.0010761364090536062,2.8e-4,3.7e-4,4.7e-4,5.9e-4,7.3e-4,8.9e-4,0.0011,NA,NA,NA,NA,NA,NA,NA,NA,NA,NA,NA,NA,NA,NA,FALSE,TRUE,RSVHub,2026-05-13,Ensemble using RSVHub forecast submissions
California,CA,1,wk inc rsv prop ed visits,prop_ed,2026-05-16,2026-05-23,RSVHub-ensemble,1.821017158968681e-4,2.638790343416299e-4,3.5741144762532957e-4,4.840274197125741e-4,6.495130941905887e-4,8.290923511674356e-4,0.0010855655415739516,1.8e-4,2.6e-4,3.6e-4,4.8e-4,6.5e-4,8.3e-4,0.0011,NA,NA,NA,NA,NA,NA,NA,NA,NA,NA,NA,NA,NA,NA,FALSE,TRUE,RSVHub,2026-05-13,Ensemble using RSVHub forecast submissions
Colorado,CO,0,wk inc rsv hosp,hosp,2026-05-16,2026-05-16,CEPH-Rtrend_rsv,24,28,31,36,41,46,52,20,30,30,40,40,50,50,0.41072562039677124,0.4791798904628997,0.5305205930124962,0.6160884305951568,0.7016562681778175,0.7872241057604782,0.889905510859671,0.41,0.48,0.53,0.62,0.7,0.79,0.89,TRUE,FALSE,CEPH Lab at Indiana University,2026-05-13,Rtrend RSV
Colorado,CO,1,wk inc rsv hosp,hosp,2026-05-16,2026-05-23,CEPH-Rtrend_rsv,18,22,26,32,38,45,52,20,20,30,30,40,50,50,0.3080442152975784,0.37649848536370695,0.4449527554298355,0.5476341605290282,0.6503155656282211,0.770110538243946,0.889905510859671,0.31,0.38,0.44,0.55,0.65,0.77,0.89,TRUE,FALSE,CEPH Lab at Indiana University,2026-05-13,Rtrend RSV
Colorado,CO,2,wk inc rsv hosp,hosp,2026-05-16,2026-05-30,CEPH-Rtrend_rsv,13,17,21,27,34,42,51,10,20,20,30,30,40,50,0.22247637771491774,0.29093064778104627,0.35938491784717486,0.4620663229463676,0.5818612955620925,0.7187698356943497,0.8727919433431389,0.22,0.29,0.36,0.46,0.58,0.72,0.87,TRUE,FALSE,CEPH Lab at Indiana University,2026-05-13,Rtrend RSV
Colorado,CO,0,wk inc rsv prop ed visits,prop_ed,2026-05-16,2026-05-16,CFA_Pyrenew-Pyrenew_E_RSV,3.706079325063506e-4,4.6192196744857515e-4,5.661186682445018e-4,6.861348846126858e-4,8.239285464315678e-4,9.585779809702313e-4,0.0011197834770919535,3.7e-4,4.6e-4,5.7e-4,6.9e-4,8.2e-4,9.6e-4,0.0011,NA,NA,NA,NA,NA,NA,NA,NA,NA,NA,NA,NA,NA,NA,TRUE,FALSE,Center for Forecasting and Outbreak Analytics (CFA/CDC) Pyrenew team,2026-05-13,Pyrenew_ED_Visits_RSV
Colorado,CO,1,wk inc rsv prop ed visits,prop_ed,2026-05-16,2026-05-23,CFA_Pyrenew-Pyrenew_E_RSV,1.9898432009039338e-4,2.775665925896936e-4,3.5529300918293286e-4,4.7472272757908803e-4,6.276514763222787e-4,7.691169988063813e-4,9.87314168726936e-4,2e-4,2.8e-4,3.6e-4,4.7e-4,6.3e-4,7.7e-4,9.9e-4,NA,NA,NA,NA,NA,NA,NA,NA,NA,NA,NA,NA,NA,NA,TRUE,FALSE,Center for Forecasting and Outbreak Analytics (CFA/CDC) Pyrenew team,2026-05-13,Pyrenew_ED_Visits_RSV
Colorado,CO,0,wk inc rsv prop ed visits,prop_ed,2026-05-16,2026-05-16,CFA_Pyrenew-Pyrenew_HE_RSV,3.551556117050159e-4,4.6913856902422473e-4,5.65658004101152e-4,6.832258660544296e-4,8.201425525162108e-4,9.519490688120331e-4,0.0011155950839178486,3.6e-4,4.7e-4,5.7e-4,6.8e-4,8.2e-4,9.5e-4,0.0011,NA,NA,NA,NA,NA,NA,NA,NA,NA,NA,NA,NA,NA,NA,FALSE,FALSE,Center for Forecasting and Outbreak Analytics (CFA/CDC) Pyrenew team,2026-05-13,Pyrenew_Hospital_Admissions_ED_Visits_RSV
Colorado,CO,1,wk inc rsv prop ed visits,prop_ed,2026-05-16,2026-05-23,CFA_Pyrenew-Pyrenew_HE_RSV,1.8208249671478434e-4,2.7231524457886446e-4,3.5682080787976123e-4,4.8128583961872494e-4,6.202539478083439e-4,7.751370886047746e-4,9.899599433799593e-4,1.8e-4,2.7e-4,3.6e-4,4.8e-4,6.2e-4,7.8e-4,9.9e-4,NA,NA,NA,NA,NA,NA,NA,NA,NA,NA,NA,NA,NA,NA,FALSE,FALSE,Center for Forecasting and Outbreak Analytics (CFA/CDC) Pyrenew team,2026-05-13,Pyrenew_Hospital_Admissions_ED_Visits_RSV
Colorado,CO,0,wk inc rsv hosp,hosp,2026-05-16,2026-05-16,CFA_Pyrenew-Pyrenew_HE_RSV,11,15,20,26,33,41,51,10,20,20,30,30,40,50,0.18824924268185347,0.25670351274798203,0.34227135033064265,0.4449527554298355,0.5647477280455604,0.7016562681778175,0.8727919433431389,0.19,0.26,0.34,0.44,0.56,0.7,0.87,TRUE,FALSE,Center for Forecasting and Outbreak Analytics (CFA/CDC) Pyrenew team,2026-05-13,Pyrenew_Hospital_Admissions_ED_Visits_RSV
Colorado,CO,1,wk inc rsv hosp,hosp,2026-05-16,2026-05-23,CFA_Pyrenew-Pyrenew_HE_RSV,7,11,14,19,25,31.100000000000136,42.024999999999864,7,10,10,20,30,30,40,0.11979497261572493,0.18824924268185347,0.23958994523144986,0.32515778281411056,0.42783918791330333,0.5322319497641517,0.7191976748822606,0.12,0.19,0.24,0.33,0.43,0.53,0.72,TRUE,FALSE,Center for Forecasting and Outbreak Analytics (CFA/CDC) Pyrenew team,2026-05-13,Pyrenew_Hospital_Admissions_ED_Visits_RSV
Colorado,CO,0,wk inc rsv hosp,hosp,2026-05-16,2026-05-16,CFA_Pyrenew-Pyrenew_H_RSV,15.975000000000001,20,26,33,42,52,65.02499999999986,20,20,30,30,40,50,70,0.2733892410766009,0.34227135033064265,0.4449527554298355,0.5647477280455604,0.7187698356943497,0.889905510859671,1.1128097277624998,0.27,0.34,0.44,0.56,0.72,0.89,1.11,FALSE,FALSE,Center for Forecasting and Outbreak Analytics (CFA/CDC) Pyrenew team,2026-05-13,Pyrenew_Hospital_Admissions_RSV
Colorado,CO,1,wk inc rsv hosp,hosp,2026-05-16,2026-05-23,CFA_Pyrenew-Pyrenew_H_RSV,10,14,21,31,43,58,83,10,10,20,30,40,60,80,0.17113567516532133,0.23958994523144986,0.35938491784717486,0.5305205930124962,0.7358834032108817,0.9925869159588638,1.420426103872167,0.17,0.24,0.36,0.53,0.74,0.99,1.42,FALSE,FALSE,Center for Forecasting and Outbreak Analytics (CFA/CDC) Pyrenew team,2026-05-13,Pyrenew_Hospital_Admissions_RSV
Colorado,CO,0,wk inc rsv hosp,hosp,2026-05-16,2026-05-16,Google_SAI-RSVEns,14,19.5,22.5,25.5,31.5,42,61.5,10,20,20,30,30,40,60,0.23958994523144986,0.33371456657237664,0.385055269121973,0.43639597167156946,0.5390773767707622,0.7187698356943497,1.0524844022667261,0.24,0.33,0.39,0.44,0.54,0.72,1.05,TRUE,FALSE,Google Science AI,2026-05-13,RSVEnsemble
Colorado,CO,1,wk inc rsv hosp,hosp,2026-05-16,2026-05-23,Google_SAI-RSVEns,8,14,17.5,21,26.5,35,58,8,10,20,20,30,40,60,0.13690854013225706,0.23958994523144986,0.29948743153931234,0.35938491784717486,0.4535095391881016,0.5989748630786247,0.9925869159588638,0.14,0.24,0.3,0.36,0.45,0.6,0.99,TRUE,FALSE,Google Science AI,2026-05-13,RSVEnsemble
Colorado,CO,2,wk inc rsv hosp,hosp,2026-05-16,2026-05-30,Google_SAI-RSVEns,6,11.5,14,16.5,19.5,24.5,44,6,10,10,20,20,20,40,0.10268140509919281,0.19680602644011955,0.23958994523144986,0.2823738640227802,0.33371456657237664,0.41928240415503726,0.7529969707274139,0.1,0.2,0.24,0.28,0.33,0.42,0.75,TRUE,FALSE,Google Science AI,2026-05-13,RSVEnsemble
Colorado,CO,0,wk inc rsv hosp,hosp,2026-05-16,2026-05-16,RSVHub-baseline,0,5,26.75,35,43.25,65,93.37499999999994,0,5,30,40,40,70,90,0,0.08556783758266066,0.45778793106723453,0.5989748630786247,0.7401617950900148,1.1123818885745889,1.5979793668561872,0,0.09,0.46,0.6,0.74,1.11,1.6,FALSE,FALSE,RSVHub-hub-models,2026-05-13,RSVHub baseline model
Colorado,CO,1,wk inc rsv hosp,hosp,2026-05-16,2026-05-23,RSVHub-baseline,0,0,16,35,55,77.45922759227591,108.26758817588173,0,0,20,40,60,80,110,0,0,0.2738170802645141,0.5989748630786247,0.9412462134092674,1.3256037211788425,1.852844680100048,0,0,0.27,0.6,0.94,1.33,1.85,FALSE,FALSE,RSVHub-hub-models,2026-05-13,RSVHub baseline model
Colorado,CO,2,wk inc rsv hosp,hosp,2026-05-16,2026-05-30,RSVHub-baseline,0,0,9.863321133211336,35,61.797767977679776,88.42649826498288,123.62990779907834,0,0,10,40,60,90,120,0,0,0.16879661215045044,0.5989748630786247,1.0575802746570102,1.5132928483082961,2.11574877418217,0,0,0.17,0.6,1.06,1.51,2.12,FALSE,FALSE,RSVHub-hub-models,2026-05-13,RSVHub baseline model
Colorado,CO,0,wk inc rsv prop ed visits,prop_ed,2026-05-16,2026-05-16,RSVHub-baseline,0,1.5000000000000102e-4,9.999999999999998e-4,0.0012,0.0014,0.002250000000000001,0.003624999999999989,0,1.5e-4,0.001,0.0012,0.0014,0.0023,0.0036,NA,NA,NA,NA,NA,NA,NA,NA,NA,NA,NA,NA,NA,NA,FALSE,FALSE,RSVHub-hub-models,2026-05-13,RSVHub baseline model
Colorado,CO,1,wk inc rsv prop ed visits,prop_ed,2026-05-16,2026-05-23,RSVHub-baseline,0,0,7.000000000000001e-4,0.0012,0.0017,0.003,0.005413899738997381,0,0,7e-4,0.0012,0.0017,0.003,0.0054,NA,NA,NA,NA,NA,NA,NA,NA,NA,NA,NA,NA,NA,NA,FALSE,FALSE,RSVHub-hub-models,2026-05-13,RSVHub baseline model
Colorado,CO,2,wk inc rsv prop ed visits,prop_ed,2026-05-16,2026-05-30,RSVHub-baseline,0,0,4.296560465604654e-4,0.0012,0.002059105841058411,0.003455009150091503,0.006035716557165565,0,0,4.3e-4,0.0012,0.0021,0.0035,0.006,NA,NA,NA,NA,NA,NA,NA,NA,NA,NA,NA,NA,NA,NA,FALSE,FALSE,RSVHub-hub-models,2026-05-13,RSVHub baseline model
Colorado,CO,0,wk inc rsv hosp,hosp,2026-05-16,2026-05-16,UM-DeepOutbreak,0,0,1.6736103159285491,37.07516749999999,69.81125043407144,130.3954870984406,141.630047025,0,0,2,40,70,130,140,0,0,0.0286414431380079,0.6344883821979878,1.194719547717015,2.2315319723102585,2.4237953721319587,0,0,0.03,0.63,1.19,2.23,2.42,TRUE,FALSE,"University of Michigan, Computer Science and Engineering",2026-05-13,DeepOutbreak
Colorado,CO,1,wk inc rsv hosp,hosp,2026-05-16,2026-05-23,UM-DeepOutbreak,0,0,0,35.6978421875,98.93093024563508,157.24572940138577,168.4694471875,0,0,0,40,100,160,170,0,0,0,0.6109174324702905,1.6930611542320069,2.6910354067969577,2.883113258916126,0,0,0,0.61,1.69,2.69,2.88,TRUE,FALSE,"University of Michigan, Computer Science and Engineering",2026-05-13,DeepOutbreak
Colorado,CO,2,wk inc rsv hosp,hosp,2026-05-16,2026-05-30,UM-DeepOutbreak,0,0,0,31.975300461666688,112.14551497252634,181.62897055622804,206.09594729166668,0,0,0,30,110,180,210,0,0,0,0.547211463312134,1.919209842158595,3.108319650572236,3.527036908859585,0,0,0,0.55,1.92,3.11,3.53,TRUE,FALSE,"University of Michigan, Computer Science and Engineering",2026-05-13,DeepOutbreak
Colorado,CO,0,wk inc rsv hosp,hosp,2026-05-16,2026-05-16,UGA_flucast-INFLAenza,7,11,16,22,31,41,57,7,10,20,20,30,40,60,0.11979497261572493,0.18824924268185347,0.2738170802645141,0.37649848536370695,0.5305205930124962,0.7016562681778175,0.9754733484423317,0.12,0.19,0.27,0.38,0.53,0.7,0.98,TRUE,FALSE,UGA_flucast,2026-05-13,INFLAenza
Colorado,CO,1,wk inc rsv hosp,hosp,2026-05-16,2026-05-23,UGA_flucast-INFLAenza,4,7,11,17,25,34,50,4,7,10,20,30,30,50,0.06845427006612853,0.11979497261572493,0.18824924268185347,0.29093064778104627,0.42783918791330333,0.5818612955620925,0.8556783758266067,0.07,0.12,0.19,0.29,0.43,0.58,0.86,TRUE,FALSE,UGA_flucast,2026-05-13,INFLAenza
Colorado,CO,2,wk inc rsv hosp,hosp,2026-05-16,2026-05-30,UGA_flucast-INFLAenza,3,5,8,12,19,28,43,3,5,8,10,20,30,40,0.051340702549596405,0.08556783758266066,0.13690854013225706,0.20536281019838562,0.32515778281411056,0.4791798904628997,0.7358834032108817,0.05,0.09,0.14,0.21,0.33,0.48,0.74,TRUE,FALSE,UGA_flucast,2026-05-13,INFLAenza
Colorado,CO,0,wk inc rsv prop ed visits,prop_ed,2026-05-16,2026-05-16,UGA_flucast-INFLAenza,4.5140078339118506e-4,6.157352973293202e-4,7.94651142276e-4,0.001033057664832358,0.001310212835199311,0.0016195417936721945,0.002037656405114444,4.5e-4,6.2e-4,7.9e-4,0.001,0.0013,0.0016,0.002,NA,NA,NA,NA,NA,NA,NA,NA,NA,NA,NA,NA,NA,NA,TRUE,FALSE,UGA_flucast,2026-05-13,INFLAenza
Colorado,CO,1,wk inc rsv prop ed visits,prop_ed,2026-05-16,2026-05-23,UGA_flucast-INFLAenza,2.9883229982298725e-4,4.556131335295319e-4,6.305447844961016e-4,8.816449806227835e-4,0.0011831625728446163,0.001504794808034084,0.0019540745428976306,3e-4,4.6e-4,6.3e-4,8.8e-4,0.0012,0.0015,0.002,NA,NA,NA,NA,NA,NA,NA,NA,NA,NA,NA,NA,NA,NA,TRUE,FALSE,UGA_flucast,2026-05-13,INFLAenza
Colorado,CO,2,wk inc rsv prop ed visits,prop_ed,2026-05-16,2026-05-30,UGA_flucast-INFLAenza,2.3228544602917585e-4,3.70658257499883e-4,5.352883231739048e-4,7.518166856319302e-4,0.0010562875362260882,0.001406924393267625,0.0018839138596034241,2.3e-4,3.7e-4,5.4e-4,7.5e-4,0.0011,0.0014,0.0019,NA,NA,NA,NA,NA,NA,NA,NA,NA,NA,NA,NA,NA,NA,TRUE,FALSE,UGA_flucast,2026-05-13,INFLAenza
Colorado,CO,0,wk inc rsv hosp,hosp,2026-05-16,2026-05-16,RSVHub-ensemble,11,15,20,26,33,42,57,10,20,20,30,30,40,60,0.18824924268185347,0.25670351274798203,0.34227135033064265,0.4449527554298355,0.5647477280455604,0.7187698356943497,0.9754733484423317,0.19,0.26,0.34,0.44,0.56,0.72,0.98,FALSE,TRUE,RSVHub,2026-05-13,Ensemble using RSVHub forecast submissions
Colorado,CO,1,wk inc rsv hosp,hosp,2026-05-16,2026-05-23,RSVHub-ensemble,7,11,14,21,26.5,35,52,7,10,10,20,30,40,50,0.11979497261572493,0.18824924268185347,0.23958994523144986,0.35938491784717486,0.4535095391881016,0.5989748630786247,0.889905510859671,0.12,0.19,0.24,0.36,0.45,0.6,0.89,FALSE,TRUE,RSVHub,2026-05-13,Ensemble using RSVHub forecast submissions
Colorado,CO,2,wk inc rsv hosp,hosp,2026-05-16,2026-05-30,RSVHub-ensemble,4.5,8.25,11,21.75,26.75,35,47.5,5,8,10,20,30,40,50,0.0770110538243946,0.1411869320113901,0.18824924268185347,0.3722200934845739,0.45778793106723453,0.5989748630786247,0.8128944570352764,0.08,0.14,0.19,0.37,0.46,0.6,0.81,FALSE,TRUE,RSVHub,2026-05-13,Ensemble using RSVHub forecast submissions
Colorado,CO,0,wk inc rsv prop ed visits,prop_ed,2026-05-16,2026-05-16,RSVHub-ensemble,4.110043579487678e-4,5.388286323889477e-4,6.803849052602509e-4,8.595962747225219e-4,0.0010670706908154394,0.001289059887321213,0.0015787199411031985,4.1e-4,5.4e-4,6.8e-4,8.6e-4,0.0011,0.0013,0.0016,NA,NA,NA,NA,NA,NA,NA,NA,NA,NA,NA,NA,NA,NA,FALSE,TRUE,RSVHub,2026-05-13,Ensemble using RSVHub forecast submissions
Colorado,CO,1,wk inc rsv prop ed visits,prop_ed,2026-05-16,2026-05-23,RSVHub-ensemble,2.489083099566903e-4,3.665898630596128e-4,4.929188968395172e-4,6.781838541009358e-4,9.054070245834475e-4,0.0011369559034202325,0.0014706943558122833,2.5e-4,3.7e-4,4.9e-4,6.8e-4,9.1e-4,0.0011,0.0015,NA,NA,NA,NA,NA,NA,NA,NA,NA,NA,NA,NA,NA,NA,FALSE,TRUE,RSVHub,2026-05-13,Ensemble using RSVHub forecast submissions
Connecticut,CT,0,wk inc rsv hosp,hosp,2026-05-16,2026-05-16,CEPH-Rtrend_rsv,9,11,13,17,20,24,29,9,10,10,20,20,20,30,0.2491470864739708,0.30451310569040874,0.35987912490684665,0.4706111633397225,0.5536601921643796,0.6643922305972554,0.8028072786383503,0.25,0.3,0.36,0.47,0.55,0.66,0.8,TRUE,FALSE,CEPH Lab at Indiana University,2026-05-13,Rtrend RSV
Connecticut,CT,1,wk inc rsv hosp,hosp,2026-05-16,2026-05-23,CEPH-Rtrend_rsv,6,8,10,14,18,23,28,6,8,10,10,20,20,30,0.16609805764931385,0.22146407686575179,0.2768300960821898,0.3875621345150656,0.4982941729479416,0.6367092209890364,0.7751242690301312,0.17,0.22,0.28,0.39,0.5,0.64,0.78,TRUE,FALSE,CEPH Lab at Indiana University,2026-05-13,Rtrend RSV
Connecticut,CT,2,wk inc rsv hosp,hosp,2026-05-16,2026-05-30,CEPH-Rtrend_rsv,4,5,7,11,15,21,28,4,5,7,10,20,20,30,0.11073203843287589,0.1384150480410949,0.1937810672575328,0.30451310569040874,0.4152451441232846,0.5813432017725985,0.7751242690301312,0.11,0.14,0.19,0.3,0.42,0.58,0.78,TRUE,FALSE,CEPH Lab at Indiana University,2026-05-13,Rtrend RSV
Connecticut,CT,0,wk inc rsv hosp,hosp,2026-05-16,2026-05-16,CFA_Pyrenew-Pyrenew_HE_RSV,5,8,10,12,15,18,21,5,8,10,10,20,20,20,0.1384150480410949,0.22146407686575179,0.2768300960821898,0.3321961152986277,0.4152451441232846,0.4982941729479416,0.5813432017725985,0.14,0.22,0.28,0.33,0.42,0.5,0.58,TRUE,FALSE,Center for Forecasting and Outbreak Analytics (CFA/CDC) Pyrenew team,2026-05-13,Pyrenew_Hospital_Admissions_ED_Visits_RSV
Connecticut,CT,1,wk inc rsv hosp,hosp,2026-05-16,2026-05-23,CFA_Pyrenew-Pyrenew_HE_RSV,3,5,7,9,12,15,18,3,5,7,9,10,20,20,0.08304902882465692,0.1384150480410949,0.1937810672575328,0.2491470864739708,0.3321961152986277,0.4152451441232846,0.4982941729479416,0.08,0.14,0.19,0.25,0.33,0.42,0.5,TRUE,FALSE,Center for Forecasting and Outbreak Analytics (CFA/CDC) Pyrenew team,2026-05-13,Pyrenew_Hospital_Admissions_ED_Visits_RSV
Connecticut,CT,0,wk inc rsv hosp,hosp,2026-05-16,2026-05-16,CFA_Pyrenew-Pyrenew_H_RSV,5,8,10,14,18,22,27,5,8,10,10,20,20,30,0.1384150480410949,0.22146407686575179,0.2768300960821898,0.3875621345150656,0.4982941729479416,0.6090262113808175,0.7474412594219123,0.14,0.22,0.28,0.39,0.5,0.61,0.75,FALSE,FALSE,Center for Forecasting and Outbreak Analytics (CFA/CDC) Pyrenew team,2026-05-13,Pyrenew_Hospital_Admissions_RSV
Connecticut,CT,1,wk inc rsv hosp,hosp,2026-05-16,2026-05-23,CFA_Pyrenew-Pyrenew_H_RSV,3,5,7,11,15,20,28,3,5,7,10,20,20,30,0.08304902882465692,0.1384150480410949,0.1937810672575328,0.30451310569040874,0.4152451441232846,0.5536601921643796,0.7751242690301312,0.08,0.14,0.19,0.3,0.42,0.55,0.78,FALSE,FALSE,Center for Forecasting and Outbreak Analytics (CFA/CDC) Pyrenew team,2026-05-13,Pyrenew_Hospital_Admissions_RSV
Connecticut,CT,0,wk inc rsv hosp,hosp,2026-05-16,2026-05-16,Google_SAI-RSVEns,5,8,9,12.5,14.5,21,32.5,5,8,9,10,10,20,30,0.1384150480410949,0.22146407686575179,0.2491470864739708,0.3460376201027372,0.40140363931917517,0.5813432017725985,0.8996978122671168,0.14,0.22,0.25,0.35,0.4,0.58,0.9,TRUE,FALSE,Google Science AI,2026-05-13,RSVEnsemble
Connecticut,CT,1,wk inc rsv hosp,hosp,2026-05-16,2026-05-23,Google_SAI-RSVEns,3,4,6,9,12,18.5,31.5,3,4,6,9,10,20,30,0.08304902882465692,0.11073203843287589,0.16609805764931385,0.2491470864739708,0.3321961152986277,0.512135677752051,0.8720148026588976,0.08,0.11,0.17,0.25,0.33,0.51,0.87,TRUE,FALSE,Google Science AI,2026-05-13,RSVEnsemble
Connecticut,CT,2,wk inc rsv hosp,hosp,2026-05-16,2026-05-30,Google_SAI-RSVEns,2,3,4.5,7.5,11,16,32.5,2,3,5,8,10,20,30,0.055366019216437946,0.08304902882465692,0.1245735432369854,0.2076225720616423,0.30451310569040874,0.44292815373150357,0.8996978122671168,0.06,0.08,0.12,0.21,0.3,0.44,0.9,TRUE,FALSE,Google Science AI,2026-05-13,RSVEnsemble
Connecticut,CT,0,wk inc rsv hosp,hosp,2026-05-16,2026-05-16,RSVHub-baseline,0,1.500000000000003,11,16,21,30.50000000000001,57.499999999999915,0,2,10,20,20,30,60,0,0.041524514412328545,0.30451310569040874,0.44292815373150357,0.5813432017725985,0.844331793050679,1.5917730524725886,0,0.04,0.3,0.44,0.58,0.84,1.59,FALSE,FALSE,RSVHub-hub-models,2026-05-13,RSVHub baseline model
Connecticut,CT,1,wk inc rsv hosp,hosp,2026-05-16,2026-05-23,RSVHub-baseline,0,0,7.556655566555667,16,25,40.27308173081724,64,0,0,8,20,30,40,60,0,0,0.20919096865496195,0.44292815373150357,0.6920752402054744,1.1148801085068016,1.7717126149260143,0,0,0.21,0.44,0.69,1.11,1.77,FALSE,FALSE,RSVHub-hub-models,2026-05-13,RSVHub baseline model
Connecticut,CT,2,wk inc rsv hosp,hosp,2026-05-16,2026-05-30,RSVHub-baseline,0,0,4.208717087170868,16,29,49,70,0,0,4,20,30,50,70,0,0,0.1165099555624265,0.44292815373150357,0.8028072786383503,1.3564674708027298,1.9378106725753281,0,0,0.12,0.44,0.8,1.36,1.94,FALSE,FALSE,RSVHub-hub-models,2026-05-13,RSVHub baseline model
Connecticut,CT,0,wk inc rsv prop ed visits,prop_ed,2026-05-16,2026-05-16,RSVHub-baseline,0,0,3.9999999999999996e-4,6e-4,7.999999999999999e-4,0.0013,0.0022624999999999954,0,0,4e-4,6e-4,8e-4,0.0013,0.0023,NA,NA,NA,NA,NA,NA,NA,NA,NA,NA,NA,NA,NA,NA,FALSE,FALSE,RSVHub-hub-models,2026-05-13,RSVHub baseline model
Connecticut,CT,1,wk inc rsv prop ed visits,prop_ed,2026-05-16,2026-05-23,RSVHub-baseline,0,0,2.0000000000000015e-4,6e-4,0.001,0.0017654684546845462,0.0028246276962769603,0,0,2e-4,6e-4,0.001,0.0018,0.0028,NA,NA,NA,NA,NA,NA,NA,NA,NA,NA,NA,NA,NA,NA,FALSE,FALSE,RSVHub-hub-models,2026-05-13,RSVHub baseline model
Connecticut,CT,2,wk inc rsv prop ed visits,prop_ed,2026-05-16,2026-05-30,RSVHub-baseline,0,0,9.999999999999994e-5,6e-4,0.0012000000000000001,0.0021,0.003179765172651724,0,0,1e-4,6e-4,0.0012,0.0021,0.0032,NA,NA,NA,NA,NA,NA,NA,NA,NA,NA,NA,NA,NA,NA,FALSE,FALSE,RSVHub-hub-models,2026-05-13,RSVHub baseline model
Connecticut,CT,0,wk inc rsv hosp,hosp,2026-05-16,2026-05-16,UM-DeepOutbreak,0,0.7802491967885672,7.52079818955503,19.35245314166667,29.43057906044497,36.17112805321143,44.41128105833333,0,1,8,20,30,40,40,0,0.02159964601150304,0.2081983285429278,0.5357341462633659,0.8147270029057462,1.0013256854371708,1.229437920251155,0,0.02,0.21,0.54,0.81,1,1.23,TRUE,FALSE,"University of Michigan, Computer Science and Engineering",2026-05-13,DeepOutbreak
Connecticut,CT,1,wk inc rsv hosp,hosp,2026-05-16,2026-05-23,UM-DeepOutbreak,0,0,3.2850303170958863,16.668496879999992,29.72066418290412,45.65482939051108,52.40579968332857,0,0,3,20,30,50,50,0,0,0.09093952583145605,0.46143415928360776,0.8227574321379842,1.2638630806791165,1.4507502561599837,0,0,0.09,0.46,0.82,1.26,1.45,TRUE,FALSE,"University of Michigan, Computer Science and Engineering",2026-05-13,DeepOutbreak
Connecticut,CT,2,wk inc rsv hosp,hosp,2026-05-16,2026-05-30,UM-DeepOutbreak,0,0,0,16.44941559,39.85022442840001,61.795131008245605,62.0907375225,0,0,0,20,40,60,60,0,0,0,0.45536932982755707,1.10317414574108,1.7106752054424132,1.71885848341677,0,0,0,0.46,1.1,1.71,1.72,TRUE,FALSE,"University of Michigan, Computer Science and Engineering",2026-05-13,DeepOutbreak
Connecticut,CT,0,wk inc rsv hosp,hosp,2026-05-16,2026-05-16,UGA_flucast-INFLAenza,4,6,9,13,19,26,35,4,6,9,10,20,30,40,0.11073203843287589,0.16609805764931385,0.2491470864739708,0.35987912490684665,0.5259771825561605,0.7197582498136933,0.9689053362876641,0.11,0.17,0.25,0.36,0.53,0.72,0.97,TRUE,FALSE,UGA_flucast,2026-05-13,INFLAenza
Connecticut,CT,1,wk inc rsv hosp,hosp,2026-05-16,2026-05-23,UGA_flucast-INFLAenza,2,4,7,10,15,22,32,2,4,7,10,20,20,30,0.055366019216437946,0.11073203843287589,0.1937810672575328,0.2768300960821898,0.4152451441232846,0.6090262113808175,0.8858563074630071,0.06,0.11,0.19,0.28,0.42,0.61,0.89,TRUE,FALSE,UGA_flucast,2026-05-13,INFLAenza
Connecticut,CT,2,wk inc rsv hosp,hosp,2026-05-16,2026-05-30,UGA_flucast-INFLAenza,1,3,5,8,12,18,28,1,3,5,8,10,20,30,0.027683009608218973,0.08304902882465692,0.1384150480410949,0.22146407686575179,0.3321961152986277,0.4982941729479416,0.7751242690301312,0.03,0.08,0.14,0.22,0.33,0.5,0.78,TRUE,FALSE,UGA_flucast,2026-05-13,INFLAenza
Connecticut,CT,0,wk inc rsv prop ed visits,prop_ed,2026-05-16,2026-05-16,UGA_flucast-INFLAenza,1.628414086319469e-4,2.6166742312911e-4,3.6584038785937546e-4,5.117690480861081e-4,6.957038402473656e-4,9.035297998801155e-4,0.0011790689507298734,1.6e-4,2.6e-4,3.7e-4,5.1e-4,7e-4,9e-4,0.0012,NA,NA,NA,NA,NA,NA,NA,NA,NA,NA,NA,NA,NA,NA,TRUE,FALSE,UGA_flucast,2026-05-13,INFLAenza
Connecticut,CT,1,wk inc rsv prop ed visits,prop_ed,2026-05-16,2026-05-23,UGA_flucast-INFLAenza,1.2280382226250998e-4,2.0075225662323975e-4,3.014243117209596e-4,4.4899383710147827e-4,6.392700689670224e-4,8.462022648981198e-4,0.001130178987197357,1.2e-4,2e-4,3e-4,4.5e-4,6.4e-4,8.5e-4,0.0011,NA,NA,NA,NA,NA,NA,NA,NA,NA,NA,NA,NA,NA,NA,TRUE,FALSE,UGA_flucast,2026-05-13,INFLAenza
Connecticut,CT,2,wk inc rsv prop ed visits,prop_ed,2026-05-16,2026-05-30,UGA_flucast-INFLAenza,7.950822307019419e-5,1.50308302348176e-4,2.4117985582528114e-4,3.8858868406556227e-4,5.69296785475813e-4,7.687645997866741e-4,0.0010385268865460149,8e-5,1.5e-4,2.4e-4,3.9e-4,5.7e-4,7.7e-4,0.001,NA,NA,NA,NA,NA,NA,NA,NA,NA,NA,NA,NA,NA,NA,TRUE,FALSE,UGA_flucast,2026-05-13,INFLAenza
Connecticut,CT,0,wk inc rsv hosp,hosp,2026-05-16,2026-05-16,RSVHub-ensemble,5,8,9,13,19,24,32.5,5,8,9,10,20,20,30,0.1384150480410949,0.22146407686575179,0.2491470864739708,0.35987912490684665,0.5259771825561605,0.6643922305972554,0.8996978122671168,0.14,0.22,0.25,0.36,0.53,0.66,0.9,FALSE,TRUE,RSVHub,2026-05-13,Ensemble using RSVHub forecast submissions
Connecticut,CT,1,wk inc rsv hosp,hosp,2026-05-16,2026-05-23,RSVHub-ensemble,3,4,7,10,15,22,31.5,3,4,7,10,20,20,30,0.08304902882465692,0.11073203843287589,0.1937810672575328,0.2768300960821898,0.4152451441232846,0.6090262113808175,0.8720148026588976,0.08,0.11,0.19,0.28,0.42,0.61,0.87,FALSE,TRUE,RSVHub,2026-05-13,Ensemble using RSVHub forecast submissions
Connecticut,CT,2,wk inc rsv hosp,hosp,2026-05-16,2026-05-30,RSVHub-ensemble,1.5,3,4.75,9.5,13.5,19.5,30.25,2,3,5,10,10,20,30,0.04152451441232846,0.08304902882465692,0.13149429563904014,0.2629885912780803,0.37372062971095615,0.5398186873602699,0.837411040648624,0.04,0.08,0.13,0.26,0.37,0.54,0.84,FALSE,TRUE,RSVHub,2026-05-13,Ensemble using RSVHub forecast submissions
Delaware,DE,0,wk inc rsv hosp,hosp,2026-05-16,2026-05-16,CEPH-Rtrend_rsv,3,5,6,8,10,13,16,3,5,6,8,10,10,20,0.29170337267439483,0.48617228779065813,0.5834067453487897,0.777875660465053,0.9723445755813163,1.264047948255711,1.555751320930106,0.29,0.49,0.58,0.78,0.97,1.26,1.56,TRUE,FALSE,CEPH Lab at Indiana University,2026-05-13,Rtrend RSV
Delaware,DE,1,wk inc rsv hosp,hosp,2026-05-16,2026-05-23,CEPH-Rtrend_rsv,3,4,5,8,11,16,22,3,4,5,8,10,20,20,0.29170337267439483,0.3889378302325265,0.48617228779065813,0.777875660465053,1.0695790331394477,1.555751320930106,2.1391580662788954,0.29,0.39,0.49,0.78,1.07,1.56,2.14,TRUE,FALSE,CEPH Lab at Indiana University,2026-05-13,Rtrend RSV
Delaware,DE,2,wk inc rsv hosp,hosp,2026-05-16,2026-05-30,CEPH-Rtrend_rsv,2,3,5,8,12,18,28,2,3,5,8,10,20,30,0.19446891511626324,0.29170337267439483,0.48617228779065813,0.777875660465053,1.1668134906975793,1.7502202360463692,2.7225648116276853,0.19,0.29,0.49,0.78,1.17,1.75,2.72,TRUE,FALSE,CEPH Lab at Indiana University,2026-05-13,Rtrend RSV
Delaware,DE,0,wk inc rsv prop ed visits,prop_ed,2026-05-16,2026-05-16,CFA_Pyrenew-Pyrenew_E_RSV,5.320148450858335e-4,7.692545680760682e-4,9.889080321719506e-4,0.0012692719939545686,0.0016199115326527252,0.0019913678930243107,0.002428874561835532,5.3e-4,7.7e-4,9.9e-4,0.0013,0.0016,0.002,0.0024,NA,NA,NA,NA,NA,NA,NA,NA,NA,NA,NA,NA,NA,NA,TRUE,FALSE,Center for Forecasting and Outbreak Analytics (CFA/CDC) Pyrenew team,2026-05-13,Pyrenew_ED_Visits_RSV
Delaware,DE,1,wk inc rsv prop ed visits,prop_ed,2026-05-16,2026-05-23,CFA_Pyrenew-Pyrenew_E_RSV,3.4675326340288494e-4,5.400428970431698e-4,7.710069253974036e-4,0.0011094339069178056,0.0014972315187199792,0.001994129427376191,0.002634646634255848,3.5e-4,5.4e-4,7.7e-4,0.0011,0.0015,0.002,0.0026,NA,NA,NA,NA,NA,NA,NA,NA,NA,NA,NA,NA,NA,NA,TRUE,FALSE,Center for Forecasting and Outbreak Analytics (CFA/CDC) Pyrenew team,2026-05-13,Pyrenew_ED_Visits_RSV
Delaware,DE,0,wk inc rsv prop ed visits,prop_ed,2026-05-16,2026-05-16,CFA_Pyrenew-Pyrenew_HE_RSV,5.42719436795553e-4,7.335729386960013e-4,9.331202940374213e-4,0.0012479286259541593,0.0015580563809421573,0.0018996536636656713,0.00232943418133533,5.4e-4,7.3e-4,0.00093000000000000005,0.0012,0.0016,0.0019,0.0023,NA,NA,NA,NA,NA,NA,NA,NA,NA,NA,NA,NA,NA,NA,FALSE,FALSE,Center for Forecasting and Outbreak Analytics (CFA/CDC) Pyrenew team,2026-05-13,Pyrenew_Hospital_Admissions_ED_Visits_RSV
Delaware,DE,1,wk inc rsv prop ed visits,prop_ed,2026-05-16,2026-05-23,CFA_Pyrenew-Pyrenew_HE_RSV,3.515164006868442e-4,5.388932007474637e-4,7.4273628457891e-4,0.001090433223921256,0.001511836416395739,0.001998725658081378,0.0026299030475899253,3.5e-4,5.4e-4,7.4e-4,0.0011,0.0015,0.002,0.0026,NA,NA,NA,NA,NA,NA,NA,NA,NA,NA,NA,NA,NA,NA,FALSE,FALSE,Center for Forecasting and Outbreak Analytics (CFA/CDC) Pyrenew team,2026-05-13,Pyrenew_Hospital_Admissions_ED_Visits_RSV
Delaware,DE,0,wk inc rsv hosp,hosp,2026-05-16,2026-05-16,CFA_Pyrenew-Pyrenew_HE_RSV,2,3,5,7,9,11,13,2,3,5,7,9,10,10,0.19446891511626324,0.29170337267439483,0.48617228779065813,0.6806412029069213,0.8751101180231846,1.0695790331394477,1.264047948255711,0.19,0.29,0.49,0.68,0.88,1.07,1.26,TRUE,FALSE,Center for Forecasting and Outbreak Analytics (CFA/CDC) Pyrenew team,2026-05-13,Pyrenew_Hospital_Admissions_ED_Visits_RSV
Delaware,DE,1,wk inc rsv hosp,hosp,2026-05-16,2026-05-23,CFA_Pyrenew-Pyrenew_HE_RSV,1,2,4,6,8,10,14,1,2,4,6,8,10,10,0.09723445755813162,0.19446891511626324,0.3889378302325265,0.5834067453487897,0.777875660465053,0.9723445755813163,1.3612824058138426,0.1,0.19,0.39,0.58,0.78,0.97,1.36,TRUE,FALSE,Center for Forecasting and Outbreak Analytics (CFA/CDC) Pyrenew team,2026-05-13,Pyrenew_Hospital_Admissions_ED_Visits_RSV
Delaware,DE,0,wk inc rsv hosp,hosp,2026-05-16,2026-05-16,CFA_Pyrenew-Pyrenew_H_RSV,1,2,4,6,8,11,15.024999999999864,1,2,4,6,8,10,20,0.09723445755813162,0.19446891511626324,0.3889378302325265,0.5834067453487897,0.777875660465053,1.0695790331394477,1.4609477248109144,0.1,0.19,0.39,0.58,0.78,1.07,1.46,FALSE,FALSE,Center for Forecasting and Outbreak Analytics (CFA/CDC) Pyrenew team,2026-05-13,Pyrenew_Hospital_Admissions_RSV
Delaware,DE,1,wk inc rsv hosp,hosp,2026-05-16,2026-05-23,CFA_Pyrenew-Pyrenew_H_RSV,0,1,3,5,8,13,21,0,1,3,5,8,10,20,0,0.09723445755813162,0.29170337267439483,0.48617228779065813,0.777875660465053,1.264047948255711,2.041923608720764,0,0.1,0.29,0.49,0.78,1.26,2.04,FALSE,FALSE,Center for Forecasting and Outbreak Analytics (CFA/CDC) Pyrenew team,2026-05-13,Pyrenew_Hospital_Admissions_RSV
Delaware,DE,0,wk inc rsv hosp,hosp,2026-05-16,2026-05-16,Google_SAI-RSVEns,1.5,2.5,3,4.5,6.5,7.5,10.5,2,3,3,5,7,8,10,0.14585168633719742,0.24308614389532907,0.29170337267439483,0.4375550590115923,0.6320239741278555,0.7292584316859871,1.020961804360382,0.15,0.24,0.29,0.44,0.63,0.73,1.02,TRUE,FALSE,Google Science AI,2026-05-13,RSVEnsemble
Delaware,DE,1,wk inc rsv hosp,hosp,2026-05-16,2026-05-23,Google_SAI-RSVEns,0,1,1.5,3,5,6.5,9.5,0,1,2,3,5,7,10,0,0.09723445755813162,0.14585168633719742,0.29170337267439483,0.48617228779065813,0.6320239741278555,0.9237273468022503,0,0.1,0.15,0.29,0.49,0.63,0.92,TRUE,FALSE,Google Science AI,2026-05-13,RSVEnsemble
Delaware,DE,2,wk inc rsv hosp,hosp,2026-05-16,2026-05-30,Google_SAI-RSVEns,0,0.5,1,2,4,4.5,8,0,1,1,2,4,5,8,0,0.04861722877906581,0.09723445755813162,0.19446891511626324,0.3889378302325265,0.4375550590115923,0.777875660465053,0,0.05,0.1,0.19,0.39,0.44,0.78,TRUE,FALSE,Google Science AI,2026-05-13,RSVEnsemble
Delaware,DE,0,wk inc rsv hosp,hosp,2026-05-16,2026-05-16,RSVHub-baseline,0,0,5,7,9,16,30.249999999999957,0,0,5,7,9,20,30,0,0,0.48617228779065813,0.6806412029069213,0.8751101180231846,1.555751320930106,2.941342341133477,0,0,0.49,0.68,0.88,1.56,2.94,FALSE,FALSE,RSVHub-hub-models,2026-05-13,RSVHub baseline model
Delaware,DE,1,wk inc rsv hosp,hosp,2026-05-16,2026-05-23,RSVHub-baseline,0,0,2,7,12.688356883568833,22,43.48746512465143,0,0,2,7,10,20,40,0,0,0.19446891511626324,0.6806412029069213,1.2337454988778007,2.1391580662788954,4.2284800819736486,0,0,0.19,0.68,1.23,2.14,4.23,FALSE,FALSE,RSVHub-hub-models,2026-05-13,RSVHub baseline model
Delaware,DE,2,wk inc rsv hosp,hosp,2026-05-16,2026-05-30,RSVHub-baseline,0,0,0.1947469474694712,7,15.078165781657813,27.10839008390085,54.75498829988308,0,0,0,7,20,30,50,0,0,0.018936113798295982,0.6806412029069213,1.466117270751079,2.635869605082333,5.324071585940975,0,0,0.02,0.68,1.47,2.64,5.32,FALSE,FALSE,RSVHub-hub-models,2026-05-13,RSVHub baseline model
Delaware,DE,0,wk inc rsv prop ed visits,prop_ed,2026-05-16,2026-05-16,RSVHub-baseline,0,6.750067500682878e-8,0.0012749999999999997,0.0016,0.0019250000000000003,0.003200000000000004,0.005862499999999994,0,6.8e-8,0.0013,0.0016,0.0019,0.0032,0.0059,NA,NA,NA,NA,NA,NA,NA,NA,NA,NA,NA,NA,NA,NA,FALSE,FALSE,RSVHub-hub-models,2026-05-13,RSVHub baseline model
Delaware,DE,1,wk inc rsv prop ed visits,prop_ed,2026-05-16,2026-05-23,RSVHub-baseline,0,0,7.000000000000003e-4,0.0016,0.002571204212042119,0.004577762577625777,0.007873181381813818,0,0,7e-4,0.0016,0.0026,0.0046,0.0079,NA,NA,NA,NA,NA,NA,NA,NA,NA,NA,NA,NA,NA,NA,FALSE,FALSE,RSVHub-hub-models,2026-05-13,RSVHub baseline model
Delaware,DE,2,wk inc rsv prop ed visits,prop_ed,2026-05-16,2026-05-30,RSVHub-baseline,0,0,3.3859763597636125e-4,0.0016,0.0030999999999999995,0.0055,0.008735949284492844,0,0,3.4e-4,0.0016,0.0031,0.0055,0.0087,NA,NA,NA,NA,NA,NA,NA,NA,NA,NA,NA,NA,NA,NA,FALSE,FALSE,RSVHub-hub-models,2026-05-13,RSVHub baseline model
Delaware,DE,0,wk inc rsv hosp,hosp,2026-05-16,2026-05-16,UGA_flucast-INFLAenza,0,1,2,4,6,9,13,0,1,2,4,6,9,10,0,0.09723445755813162,0.19446891511626324,0.3889378302325265,0.5834067453487897,0.8751101180231846,1.264047948255711,0,0.1,0.19,0.39,0.58,0.88,1.26,TRUE,FALSE,UGA_flucast,2026-05-13,INFLAenza
Delaware,DE,1,wk inc rsv hosp,hosp,2026-05-16,2026-05-23,UGA_flucast-INFLAenza,0,1,2,3,5,8,11,0,1,2,3,5,8,10,0,0.09723445755813162,0.19446891511626324,0.29170337267439483,0.48617228779065813,0.777875660465053,1.0695790331394477,0,0.1,0.19,0.29,0.49,0.78,1.07,TRUE,FALSE,UGA_flucast,2026-05-13,INFLAenza
Delaware,DE,2,wk inc rsv hosp,hosp,2026-05-16,2026-05-30,UGA_flucast-INFLAenza,0,0,1,2,4,6,9,0,0,1,2,4,6,9,0,0,0.09723445755813162,0.19446891511626324,0.3889378302325265,0.5834067453487897,0.8751101180231846,0,0,0.1,0.19,0.39,0.58,0.88,TRUE,FALSE,UGA_flucast,2026-05-13,INFLAenza
Delaware,DE,0,wk inc rsv prop ed visits,prop_ed,2026-05-16,2026-05-16,UGA_flucast-INFLAenza,5.200944293281633e-4,7.230242158245758e-4,9.267117086419641e-4,0.0012048235160927474,0.001517703277861039,0.0018692691764032607,0.002316616772499258,5.2e-4,7.2e-4,0.00093000000000000005,0.0012,0.0015,0.0019,0.0023,NA,NA,NA,NA,NA,NA,NA,NA,NA,NA,NA,NA,NA,NA,TRUE,FALSE,UGA_flucast,2026-05-13,INFLAenza
Delaware,DE,1,wk inc rsv prop ed visits,prop_ed,2026-05-16,2026-05-23,UGA_flucast-INFLAenza,3.8278050287429043e-4,5.57850344140058e-4,7.625149116209018e-4,0.0010364187260853827,0.0013893235379720617,0.001765778455041754,0.002262896679797032,3.8e-4,5.6e-4,7.6e-4,0.001,0.0014,0.0018,0.0023,NA,NA,NA,NA,NA,NA,NA,NA,NA,NA,NA,NA,NA,NA,TRUE,FALSE,UGA_flucast,2026-05-13,INFLAenza
Delaware,DE,2,wk inc rsv prop ed visits,prop_ed,2026-05-16,2026-05-30,UGA_flucast-INFLAenza,2.886954528145911e-4,4.485723188469425e-4,6.327085679659419e-4,9.179641002750886e-4,0.0012557695386808617,0.0016385512200816049,0.0021805984571549196,2.9e-4,4.5e-4,6.3e-4,9.2e-4,0.0013,0.0016,0.0022,NA,NA,NA,NA,NA,NA,NA,NA,NA,NA,NA,NA,NA,NA,TRUE,FALSE,UGA_flucast,2026-05-13,INFLAenza
Delaware,DE,0,wk inc rsv hosp,hosp,2026-05-16,2026-05-16,RSVHub-ensemble,1.75,2.75,4,5.75,7.75,10,13,2,3,4,6,8,10,10,0.17016030072673033,0.2673947582848619,0.3889378302325265,0.5590981309592569,0.75356704607552,0.9723445755813163,1.264047948255711,0.17,0.27,0.39,0.56,0.75,0.97,1.26,FALSE,TRUE,RSVHub,2026-05-13,Ensemble using RSVHub forecast submissions
Delaware,DE,1,wk inc rsv hosp,hosp,2026-05-16,2026-05-23,RSVHub-ensemble,0.5,1.5,3,4.5,6.5,9,12.5,1,2,3,5,7,9,10,0.04861722877906581,0.14585168633719742,0.29170337267439483,0.4375550590115923,0.6320239741278555,0.8751101180231846,1.2154307194766454,0.05,0.15,0.29,0.44,0.63,0.88,1.22,FALSE,TRUE,RSVHub,2026-05-13,Ensemble using RSVHub forecast submissions
Delaware,DE,2,wk inc rsv hosp,hosp,2026-05-16,2026-05-30,RSVHub-ensemble,0,0.5,1,2,4,6,9,0,1,1,2,4,6,9,0,0.04861722877906581,0.09723445755813162,0.19446891511626324,0.3889378302325265,0.5834067453487897,0.8751101180231846,0,0.05,0.1,0.19,0.39,0.58,0.88,FALSE,TRUE,RSVHub,2026-05-13,Ensemble using RSVHub forecast submissions
Delaware,DE,0,wk inc rsv prop ed visits,prop_ed,2026-05-16,2026-05-16,RSVHub-ensemble,5.260546372069984e-4,7.461393919503221e-4,9.578098704069573e-4,0.001237047755023658,0.001568807405256882,0.0019303185347137857,0.002372745667167395,5.3e-4,7.5e-4,9.6e-4,0.0012,0.0016,0.0019,0.0024,NA,NA,NA,NA,NA,NA,NA,NA,NA,NA,NA,NA,NA,NA,FALSE,TRUE,RSVHub,2026-05-13,Ensemble using RSVHub forecast submissions
Delaware,DE,1,wk inc rsv prop ed visits,prop_ed,2026-05-16,2026-05-23,RSVHub-ensemble,3.647668831385877e-4,5.489466205916139e-4,7.667609185091526e-4,0.0010729263165015941,0.0014432775283460203,0.0018799539412089725,0.00244877165702644,3.6e-4,5.5e-4,7.7e-4,0.0011,0.0014,0.0019,0.0024,NA,NA,NA,NA,NA,NA,NA,NA,NA,NA,NA,NA,NA,NA,FALSE,TRUE,RSVHub,2026-05-13,Ensemble using RSVHub forecast submissions
District of Columbia,DC,0,wk inc rsv hosp,hosp,2026-05-16,2026-05-16,CEPH-Rtrend_rsv,1,1,1,1,1,2,2,1,1,1,1,1,2,2,0.14797737130038074,0.14797737130038074,0.14797737130038074,0.14797737130038074,0.14797737130038074,0.2959547426007615,0.2959547426007615,0.15,0.15,0.15,0.15,0.15,0.3,0.3,TRUE,FALSE,CEPH Lab at Indiana University,2026-05-13,Rtrend RSV
District of Columbia,DC,1,wk inc rsv hosp,hosp,2026-05-16,2026-05-23,CEPH-Rtrend_rsv,1,1,1,1,2,2,3,1,1,1,1,2,2,3,0.14797737130038074,0.14797737130038074,0.14797737130038074,0.14797737130038074,0.2959547426007615,0.2959547426007615,0.4439321139011423,0.15,0.15,0.15,0.15,0.3,0.3,0.44,TRUE,FALSE,CEPH Lab at Indiana University,2026-05-13,Rtrend RSV
District of Columbia,DC,2,wk inc rsv hosp,hosp,2026-05-16,2026-05-30,CEPH-Rtrend_rsv,0,1,1,1,2,2,3,0,1,1,1,2,2,3,0,0.14797737130038074,0.14797737130038074,0.14797737130038074,0.2959547426007615,0.2959547426007615,0.4439321139011423,0,0.15,0.15,0.15,0.3,0.3,0.44,TRUE,FALSE,CEPH Lab at Indiana University,2026-05-13,Rtrend RSV
District of Columbia,DC,0,wk inc rsv prop ed visits,prop_ed,2026-05-16,2026-05-16,CFA_Pyrenew-Pyrenew_E_RSV,0,0,1.667274309283421e-4,3.3450580971209097e-4,5.239350517136737e-4,8.425910801876056e-4,0.0011970114734633842,0,0,1.7e-4,3.3e-4,5.2e-4,8.4e-4,0.0012,NA,NA,NA,NA,NA,NA,NA,NA,NA,NA,NA,NA,NA,NA,TRUE,FALSE,Center for Forecasting and Outbreak Analytics (CFA/CDC) Pyrenew team,2026-05-13,Pyrenew_ED_Visits_RSV
District of Columbia,DC,1,wk inc rsv prop ed visits,prop_ed,2026-05-16,2026-05-23,CFA_Pyrenew-Pyrenew_E_RSV,0,0,1.5434469995889523e-4,2.8939197093742167e-4,4.979930579370875e-4,7.850477463639951e-4,0.0012468999302454244,0,0,1.5e-4,2.9e-4,5e-4,7.9e-4,0.0012,NA,NA,NA,NA,NA,NA,NA,NA,NA,NA,NA,NA,NA,NA,TRUE,FALSE,Center for Forecasting and Outbreak Analytics (CFA/CDC) Pyrenew team,2026-05-13,Pyrenew_ED_Visits_RSV
District of Columbia,DC,0,wk inc rsv prop ed visits,prop_ed,2026-05-16,2026-05-16,CFA_Pyrenew-Pyrenew_HE_RSV,0,0,1.6187040498312233e-4,3.1856879838289916e-4,4.967326042592306e-4,7.064503562455765e-4,0.0010477771479946948,0,0,1.6e-4,3.2e-4,5e-4,7.1e-4,0.001,NA,NA,NA,NA,NA,NA,NA,NA,NA,NA,NA,NA,NA,NA,FALSE,FALSE,Center for Forecasting and Outbreak Analytics (CFA/CDC) Pyrenew team,2026-05-13,Pyrenew_Hospital_Admissions_ED_Visits_RSV
District of Columbia,DC,1,wk inc rsv prop ed visits,prop_ed,2026-05-16,2026-05-23,CFA_Pyrenew-Pyrenew_HE_RSV,0,0,0,1.7533714149945608e-4,4.642652790985769e-4,7.132410250183294e-4,0.001266506254031989,0,0,0,1.8e-4,4.6e-4,7.1e-4,0.0013,NA,NA,NA,NA,NA,NA,NA,NA,NA,NA,NA,NA,NA,NA,FALSE,FALSE,Center for Forecasting and Outbreak Analytics (CFA/CDC) Pyrenew team,2026-05-13,Pyrenew_Hospital_Admissions_ED_Visits_RSV
District of Columbia,DC,0,wk inc rsv hosp,hosp,2026-05-16,2026-05-16,CFA_Pyrenew-Pyrenew_HE_RSV,0,0,0,1,1,2,3,0,0,0,1,1,2,3,0,0,0,0.14797737130038074,0.14797737130038074,0.2959547426007615,0.4439321139011423,0,0,0,0.15,0.15,0.3,0.44,TRUE,FALSE,Center for Forecasting and Outbreak Analytics (CFA/CDC) Pyrenew team,2026-05-13,Pyrenew_Hospital_Admissions_ED_Visits_RSV
District of Columbia,DC,1,wk inc rsv hosp,hosp,2026-05-16,2026-05-23,CFA_Pyrenew-Pyrenew_HE_RSV,0,0,0,0,1,2,3,0,0,0,0,1,2,3,0,0,0,0,0.14797737130038074,0.2959547426007615,0.4439321139011423,0,0,0,0,0.15,0.3,0.44,TRUE,FALSE,Center for Forecasting and Outbreak Analytics (CFA/CDC) Pyrenew team,2026-05-13,Pyrenew_Hospital_Admissions_ED_Visits_RSV
District of Columbia,DC,0,wk inc rsv hosp,hosp,2026-05-16,2026-05-16,CFA_Pyrenew-Pyrenew_H_RSV,0,0,0,0,1,1,2,0,0,0,0,1,1,2,0,0,0,0,0.14797737130038074,0.14797737130038074,0.2959547426007615,0,0,0,0,0.15,0.15,0.3,FALSE,FALSE,Center for Forecasting and Outbreak Analytics (CFA/CDC) Pyrenew team,2026-05-13,Pyrenew_Hospital_Admissions_RSV
District of Columbia,DC,1,wk inc rsv hosp,hosp,2026-05-16,2026-05-23,CFA_Pyrenew-Pyrenew_H_RSV,0,0,0,0,0,1,2,0,0,0,0,0,1,2,0,0,0,0,0,0.14797737130038074,0.2959547426007615,0,0,0,0,0,0.15,0.3,FALSE,FALSE,Center for Forecasting and Outbreak Analytics (CFA/CDC) Pyrenew team,2026-05-13,Pyrenew_Hospital_Admissions_RSV
District of Columbia,DC,0,wk inc rsv hosp,hosp,2026-05-16,2026-05-16,Google_SAI-RSVEns,0,0,0,0,0.5,1,2,0,0,0,0,1,1,2,0,0,0,0,0.07398868565019037,0.14797737130038074,0.2959547426007615,0,0,0,0,0.07,0.15,0.3,TRUE,FALSE,Google Science AI,2026-05-13,RSVEnsemble
District of Columbia,DC,1,wk inc rsv hosp,hosp,2026-05-16,2026-05-23,Google_SAI-RSVEns,0,0,0,0,0.5,0.5,2,0,0,0,0,1,1,2,0,0,0,0,0.07398868565019037,0.07398868565019037,0.2959547426007615,0,0,0,0,0.07,0.07,0.3,TRUE,FALSE,Google Science AI,2026-05-13,RSVEnsemble
District of Columbia,DC,2,wk inc rsv hosp,hosp,2026-05-16,2026-05-30,Google_SAI-RSVEns,0,0,0,0,0.5,0.5,2,0,0,0,0,1,1,2,0,0,0,0,0.07398868565019037,0.07398868565019037,0.2959547426007615,0,0,0,0,0.07,0.07,0.3,TRUE,FALSE,Google Science AI,2026-05-13,RSVEnsemble
District of Columbia,DC,0,wk inc rsv hosp,hosp,2026-05-16,2026-05-16,RSVHub-baseline,0,0,0,1,2,4,10.124999999999979,0,0,0,1,2,4,10,0,0,0,0.14797737130038074,0.2959547426007615,0.591909485201523,1.498270884416352,0,0,0,0.15,0.3,0.59,1.5,FALSE,FALSE,RSVHub-hub-models,2026-05-13,RSVHub baseline model
District of Columbia,DC,1,wk inc rsv hosp,hosp,2026-05-16,2026-05-23,RSVHub-baseline,0,0,0,1,3,7,14.010325853258458,0,0,0,1,3,7,10,0,0,0,0.14797737130038074,0.4439321139011423,1.0358415991026653,2.0732111908269504,0,0,0,0.15,0.44,1.04,2.07,FALSE,FALSE,RSVHub-hub-models,2026-05-13,RSVHub baseline model
District of Columbia,DC,2,wk inc rsv hosp,hosp,2026-05-16,2026-05-30,RSVHub-baseline,0,0,0,1,4,8.702047020470218,16.738204132041346,0,0,0,1,4,9,20,0,0,0,0.14797737130038074,0.591909485201523,1.2877060430214933,2.4768754477486494,0,0,0,0.15,0.59,1.29,2.48,FALSE,FALSE,RSVHub-hub-models,2026-05-13,RSVHub baseline model
District of Columbia,DC,0,wk inc rsv prop ed visits,prop_ed,2026-05-16,2026-05-16,RSVHub-baseline,0,0,0,3e-4,7.000000000000001e-4,0.0015500000000000028,0.00342499999999999,0,0,0,3e-4,7e-4,0.0016,0.0034,NA,NA,NA,NA,NA,NA,NA,NA,NA,NA,NA,NA,NA,NA,FALSE,FALSE,RSVHub-hub-models,2026-05-13,RSVHub baseline model
District of Columbia,DC,1,wk inc rsv prop ed visits,prop_ed,2026-05-16,2026-05-23,RSVHub-baseline,0,0,0,3e-4,0.0010999999999999996,0.002304819248192483,0.004243264557645571,0,0,0,3e-4,0.0011,0.0023,0.0042,NA,NA,NA,NA,NA,NA,NA,NA,NA,NA,NA,NA,NA,NA,FALSE,FALSE,RSVHub-hub-models,2026-05-13,RSVHub baseline model
District of Columbia,DC,2,wk inc rsv prop ed visits,prop_ed,2026-05-16,2026-05-30,RSVHub-baseline,0,0,0,3.0000000000000003e-4,0.0013416464164641702,0.0029196921969219737,0.004956941094410947,0,0,0,3e-4,0.0013,0.0029,0.005,NA,NA,NA,NA,NA,NA,NA,NA,NA,NA,NA,NA,NA,NA,FALSE,FALSE,RSVHub-hub-models,2026-05-13,RSVHub baseline model
District of Columbia,DC,0,wk inc rsv hosp,hosp,2026-05-16,2026-05-16,UGA_flucast-INFLAenza,0,0,0,0,1,2,3,0,0,0,0,1,2,3,0,0,0,0,0.14797737130038074,0.2959547426007615,0.4439321139011423,0,0,0,0,0.15,0.3,0.44,TRUE,FALSE,UGA_flucast,2026-05-13,INFLAenza
District of Columbia,DC,1,wk inc rsv hosp,hosp,2026-05-16,2026-05-23,UGA_flucast-INFLAenza,0,0,0,0,1,1,2,0,0,0,0,1,1,2,0,0,0,0,0.14797737130038074,0.14797737130038074,0.2959547426007615,0,0,0,0,0.15,0.15,0.3,TRUE,FALSE,UGA_flucast,2026-05-13,INFLAenza
District of Columbia,DC,2,wk inc rsv hosp,hosp,2026-05-16,2026-05-30,UGA_flucast-INFLAenza,0,0,0,0,1,1,2,0,0,0,0,1,1,2,0,0,0,0,0.14797737130038074,0.14797737130038074,0.2959547426007615,0,0,0,0,0.15,0.15,0.3,TRUE,FALSE,UGA_flucast,2026-05-13,INFLAenza
District of Columbia,DC,0,wk inc rsv prop ed visits,prop_ed,2026-05-16,2026-05-16,UGA_flucast-INFLAenza,9.765401514969238e-5,1.6588098592897792e-4,2.4796542822151196e-4,3.687253071933483e-4,5.214972860296827e-4,6.926808097905739e-4,8.995624844466145e-4,9.8e-5,1.7e-4,2.5e-4,3.7e-4,5.2e-4,6.9e-4,9e-4,NA,NA,NA,NA,NA,NA,NA,NA,NA,NA,NA,NA,NA,NA,TRUE,FALSE,UGA_flucast,2026-05-13,INFLAenza
District of Columbia,DC,1,wk inc rsv prop ed visits,prop_ed,2026-05-16,2026-05-23,UGA_flucast-INFLAenza,7.188517867835748e-5,1.2941435792895346e-4,2.097478743618912e-4,3.3074974174816395e-4,4.82867210097234e-4,6.61918218495832e-4,8.91292817347464e-4,7.2e-5,1.3e-4,2.1e-4,3.3e-4,4.8e-4,6.6e-4,8.9e-4,NA,NA,NA,NA,NA,NA,NA,NA,NA,NA,NA,NA,NA,NA,TRUE,FALSE,UGA_flucast,2026-05-13,INFLAenza
District of Columbia,DC,2,wk inc rsv prop ed visits,prop_ed,2026-05-16,2026-05-30,UGA_flucast-INFLAenza,5.204201454241296e-5,1.0758133766018525e-4,1.8170624614326537e-4,2.9735799597938614e-4,4.495080480095413e-4,6.290901923276674e-4,8.817377186556845e-4,5.2e-5,1.1e-4,1.8e-4,3e-4,4.5e-4,6.3e-4,8.8e-4,NA,NA,NA,NA,NA,NA,NA,NA,NA,NA,NA,NA,NA,NA,TRUE,FALSE,UGA_flucast,2026-05-13,INFLAenza
District of Columbia,DC,0,wk inc rsv hosp,hosp,2026-05-16,2026-05-16,RSVHub-ensemble,0,0,0,0.5,1,2,2.5,0,0,0,1,1,2,3,0,0,0,0.07398868565019037,0.14797737130038074,0.2959547426007615,0.3699434282509519,0,0,0,0.07,0.15,0.3,0.37,FALSE,TRUE,RSVHub,2026-05-13,Ensemble using RSVHub forecast submissions
District of Columbia,DC,1,wk inc rsv hosp,hosp,2026-05-16,2026-05-23,RSVHub-ensemble,0,0,0,0,1,1.5,2.5,0,0,0,0,1,2,3,0,0,0,0,0.14797737130038074,0.22196605695057114,0.3699434282509519,0,0,0,0,0.15,0.22,0.37,FALSE,TRUE,RSVHub,2026-05-13,Ensemble using RSVHub forecast submissions
District of Columbia,DC,2,wk inc rsv hosp,hosp,2026-05-16,2026-05-30,RSVHub-ensemble,0,0,0,0,1,1,2,0,0,0,0,1,1,2,0,0,0,0,0.14797737130038074,0.14797737130038074,0.2959547426007615,0,0,0,0,0.15,0.15,0.3,FALSE,TRUE,RSVHub,2026-05-13,Ensemble using RSVHub forecast submissions
District of Columbia,DC,0,wk inc rsv prop ed visits,prop_ed,2026-05-16,2026-05-16,RSVHub-ensemble,4.882700757484619e-5,8.294049296448896e-5,2.0734642957492702e-4,3.516155584527196e-4,5.227161688716783e-4,7.676359449890898e-4,0.0010482869789549994,4.9e-5,8.3e-5,2.1e-4,3.5e-4,5.2e-4,7.7e-4,0.001,NA,NA,NA,NA,NA,NA,NA,NA,NA,NA,NA,NA,NA,NA,FALSE,TRUE,RSVHub,2026-05-13,Ensemble using RSVHub forecast submissions
District of Columbia,DC,1,wk inc rsv prop ed visits,prop_ed,2026-05-16,2026-05-23,RSVHub-ensemble,3.594258933917874e-5,6.470717896447673e-5,1.8204628716039323e-4,3.100708563427928e-4,4.904301340171607e-4,7.234829824299136e-4,0.0010690963737964442,3.6e-5,6.5e-5,1.8e-4,3.1e-4,4.9e-4,7.2e-4,0.0011,NA,NA,NA,NA,NA,NA,NA,NA,NA,NA,NA,NA,NA,NA,FALSE,TRUE,RSVHub,2026-05-13,Ensemble using RSVHub forecast submissions
Florida,FL,0,wk inc rsv hosp,hosp,2026-05-16,2026-05-16,CEPH-Rtrend_rsv,54,65,79,95,114,131,152,50,70,80,100,110,130,150,0.23945943894121324,0.2882382135403493,0.35032029030288603,0.4212712351743566,0.505525482209228,0.5809108611351654,0.6740339762789707,0.24,0.29,0.35,0.42,0.51,0.58,0.67,TRUE,FALSE,CEPH Lab at Indiana University,2026-05-13,Rtrend RSV
Florida,FL,1,wk inc rsv hosp,hosp,2026-05-16,2026-05-23,CEPH-Rtrend_rsv,36,46,58,75,95,116,140,40,50,60,80,100,120,140,0.15963962596080883,0.20398396650547795,0.25719717515908086,0.33258255408501836,0.4212712351743566,0.5143943503181617,0.6208207676253676,0.16,0.2,0.26,0.33,0.42,0.51,0.62,TRUE,FALSE,CEPH Lab at Indiana University,2026-05-13,Rtrend RSV
Florida,FL,2,wk inc rsv hosp,hosp,2026-05-16,2026-05-30,CEPH-Rtrend_rsv,23,31,43,57,77,98,123,20,30,40,60,80,100,120,0.10199198325273898,0.13746745568847427,0.1906806643420772,0.252762741104614,0.3414514221939522,0.4345745373377573,0.5454353886994302,0.1,0.14,0.19,0.25,0.34,0.43,0.55,TRUE,FALSE,CEPH Lab at Indiana University,2026-05-13,Rtrend RSV
Florida,FL,0,wk inc rsv prop ed visits,prop_ed,2026-05-16,2026-05-16,CFA_Pyrenew-Pyrenew_E_RSV,6.034468121850146e-4,6.753718890520283e-4,7.364440519760968e-4,8.040138486425284e-4,8.826543594520483e-4,9.542539176015522e-4,0.0010436788296551863,6e-4,6.8e-4,7.4e-4,8e-4,8.8e-4,9.5e-4,0.001,NA,NA,NA,NA,NA,NA,NA,NA,NA,NA,NA,NA,NA,NA,TRUE,FALSE,Center for Forecasting and Outbreak Analytics (CFA/CDC) Pyrenew team,2026-05-13,Pyrenew_ED_Visits_RSV
Florida,FL,1,wk inc rsv prop ed visits,prop_ed,2026-05-16,2026-05-23,CFA_Pyrenew-Pyrenew_E_RSV,4.009323737745707e-4,4.7193045911949846e-4,5.551960150262112e-4,6.570801164968352e-4,7.617900263031747e-4,8.648863833688639e-4,0.0010119865466389065,4e-4,4.7e-4,5.6e-4,6.6e-4,7.6e-4,8.6e-4,0.001,NA,NA,NA,NA,NA,NA,NA,NA,NA,NA,NA,NA,NA,NA,TRUE,FALSE,Center for Forecasting and Outbreak Analytics (CFA/CDC) Pyrenew team,2026-05-13,Pyrenew_ED_Visits_RSV
Florida,FL,0,wk inc rsv prop ed visits,prop_ed,2026-05-16,2026-05-16,CFA_Pyrenew-Pyrenew_HE_RSV,5.80116141935659e-4,6.523881970352557e-4,7.119480227737184e-4,7.835061171006004e-4,8.584039209852628e-4,9.29834036444991e-4,0.0010179618112029479,5.8e-4,6.5e-4,7.1e-4,7.8e-4,8.6e-4,0.00093000000000000005,0.001,NA,NA,NA,NA,NA,NA,NA,NA,NA,NA,NA,NA,NA,NA,FALSE,FALSE,Center for Forecasting and Outbreak Analytics (CFA/CDC) Pyrenew team,2026-05-13,Pyrenew_Hospital_Admissions_ED_Visits_RSV
Florida,FL,1,wk inc rsv prop ed visits,prop_ed,2026-05-16,2026-05-23,CFA_Pyrenew-Pyrenew_HE_RSV,3.69315642115435e-4,4.479467596984702e-4,5.235217124934684e-4,6.146694246633317e-4,7.145853442644964e-4,8.22803128800992e-4,9.530917810441063e-4,3.7e-4,4.5e-4,5.2e-4,6.1e-4,7.1e-4,8.2e-4,9.5e-4,NA,NA,NA,NA,NA,NA,NA,NA,NA,NA,NA,NA,NA,NA,FALSE,FALSE,Center for Forecasting and Outbreak Analytics (CFA/CDC) Pyrenew team,2026-05-13,Pyrenew_Hospital_Admissions_ED_Visits_RSV
Florida,FL,0,wk inc rsv hosp,hosp,2026-05-16,2026-05-16,CFA_Pyrenew-Pyrenew_HE_RSV,56,65.9,74,86,98,111,126.02499999999986,60,70,70,90,100,110,130,0.24832830705014708,0.29222920418936954,0.3281481200305515,0.3813613286841544,0.4345745373377573,0.49222218004582724,0.5588495517141919,0.25,0.29,0.33,0.38,0.43,0.49,0.56,TRUE,FALSE,Center for Forecasting and Outbreak Analytics (CFA/CDC) Pyrenew team,2026-05-13,Pyrenew_Hospital_Admissions_ED_Visits_RSV
Florida,FL,1,wk inc rsv hosp,hosp,2026-05-16,2026-05-23,CFA_Pyrenew-Pyrenew_HE_RSV,42,51,59,70,82,95,112,40,50,60,70,80,100,110,0.18624623028761028,0.2261561367778125,0.2616316092135478,0.3104103838126838,0.3636235924662867,0.4212712351743566,0.49665661410029416,0.19,0.23,0.26,0.31,0.36,0.42,0.5,TRUE,FALSE,Center for Forecasting and Outbreak Analytics (CFA/CDC) Pyrenew team,2026-05-13,Pyrenew_Hospital_Admissions_ED_Visits_RSV
Florida,FL,0,wk inc rsv hosp,hosp,2026-05-16,2026-05-16,CFA_Pyrenew-Pyrenew_H_RSV,44,54,64,77,93,110,134.02499999999986,40,50,60,80,90,110,130,0.19511509839654412,0.23945943894121324,0.28380377948588237,0.3414514221939522,0.4124023670654228,0.4877877459913603,0.5943250241499273,0.2,0.24,0.28,0.34,0.41,0.49,0.59,FALSE,FALSE,Center for Forecasting and Outbreak Analytics (CFA/CDC) Pyrenew team,2026-05-13,Pyrenew_Hospital_Admissions_RSV
Florida,FL,1,wk inc rsv hosp,hosp,2026-05-16,2026-05-23,CFA_Pyrenew-Pyrenew_H_RSV,23,33,43,60,82,101.10000000000014,131.02499999999986,20,30,40,60,80,100,130,0.10199198325273898,0.1463363237974081,0.1906806643420772,0.2660660432680147,0.3636235924662867,0.4483212829066054,0.5810217219865265,0.1,0.15,0.19,0.27,0.36,0.45,0.58,FALSE,FALSE,Center for Forecasting and Outbreak Analytics (CFA/CDC) Pyrenew team,2026-05-13,Pyrenew_Hospital_Admissions_RSV
Florida,FL,0,wk inc rsv hosp,hosp,2026-05-16,2026-05-16,Google_SAI-RSVEns,38.5,51.5,59,79.5,93,112.5,161,40,50,60,80,90,110,160,0.1707257110969761,0.22837335380504595,0.2616316092135478,0.3525375073301195,0.4124023670654228,0.49887383112752753,0.7139438827691728,0.17,0.23,0.26,0.35,0.41,0.5,0.71,TRUE,FALSE,Google Science AI,2026-05-13,RSVEnsemble
Florida,FL,1,wk inc rsv hosp,hosp,2026-05-16,2026-05-23,Google_SAI-RSVEns,39,48.5,56.5,69.5,86,117,150,40,50,60,70,90,120,150,0.17294292812420958,0.21507005164164525,0.2505455240773805,0.3081931667854504,0.3813613286841544,0.5188287843726287,0.6651651081700367,0.17,0.22,0.25,0.31,0.38,0.52,0.67,TRUE,FALSE,Google Science AI,2026-05-13,RSVEnsemble
Florida,FL,2,wk inc rsv hosp,hosp,2026-05-16,2026-05-30,Google_SAI-RSVEns,33,48,55.5,69,85,102,137.5,30,50,60,70,90,100,140,0.1463363237974081,0.21285283461441176,0.24611109002291362,0.3059759497582169,0.37692689462968754,0.452312273555625,0.6097346824892004,0.15,0.21,0.25,0.31,0.38,0.45,0.61,TRUE,FALSE,Google Science AI,2026-05-13,RSVEnsemble
Florida,FL,0,wk inc rsv hosp,hosp,2026-05-16,2026-05-16,RSVHub-baseline,0,17.500000000000014,55.75,77,98.25,136.50000000000003,171.12499999999997,0,20,60,80,100,140,170,0,0.07760259595317102,0.24721969853653034,0.3414514221939522,0.4356831458513741,0.6053002484347335,0.7588425275706501,0,0.08,0.25,0.34,0.44,0.61,0.76,FALSE,FALSE,RSVHub-hub-models,2026-05-13,RSVHub baseline model
Florida,FL,1,wk inc rsv hosp,hosp,2026-05-16,2026-05-23,RSVHub-baseline,0,0,39,77,116,158.00501205012046,207.47835378353807,0,0,40,80,120,160,210,0,0,0.17294292812420958,0.3414514221939522,0.5143943503181617,0.7006628062115089,0.9200490775824551,0,0,0.17,0.34,0.51,0.7,0.92,FALSE,FALSE,RSVHub-hub-models,2026-05-13,RSVHub baseline model
Florida,FL,2,wk inc rsv hosp,hosp,2026-05-16,2026-05-30,RSVHub-baseline,0,0,27.979659796597964,77,126.70984959849602,174.65567955679558,235.13297482974815,0,0,30,80,130,170,240,0,0,0.12407395623443275,0.3414514221939522,0.5618864720959513,0.7744990932327148,1.0426816709131463,0,0,0.12,0.34,0.56,0.77,1.04,FALSE,FALSE,RSVHub-hub-models,2026-05-13,RSVHub baseline model
Florida,FL,0,wk inc rsv prop ed visits,prop_ed,2026-05-16,2026-05-16,RSVHub-baseline,9.999999999999885e-5,4.999999999999998e-4,8.000000000000001e-4,0.001,0.0012,0.0015000000000000002,0.001900000000000001,1e-4,5e-4,8e-4,0.001,0.0012,0.0015,0.0019,NA,NA,NA,NA,NA,NA,NA,NA,NA,NA,NA,NA,NA,NA,FALSE,FALSE,RSVHub-hub-models,2026-05-13,RSVHub baseline model
Florida,FL,1,wk inc rsv prop ed visits,prop_ed,2026-05-16,2026-05-23,RSVHub-baseline,0,2.558128581285836e-4,6.999999999999998e-4,0.001,0.0013000000000000004,0.0017693078930789356,0.0023008696336963377,0,2.6e-4,7e-4,0.001,0.0013,0.0018,0.0023,NA,NA,NA,NA,NA,NA,NA,NA,NA,NA,NA,NA,NA,NA,FALSE,FALSE,RSVHub-hub-models,2026-05-13,RSVHub baseline model
Florida,FL,2,wk inc rsv prop ed visits,prop_ed,2026-05-16,2026-05-30,RSVHub-baseline,0,9.999999999999972e-5,5.999999999999992e-4,0.001,0.0014030352803528039,0.0019000000000000009,0.002599999999999999,0,1e-4,6e-4,0.001,0.0014,0.0019,0.0026,NA,NA,NA,NA,NA,NA,NA,NA,NA,NA,NA,NA,NA,NA,FALSE,FALSE,RSVHub-hub-models,2026-05-13,RSVHub baseline model
Florida,FL,0,wk inc rsv hosp,hosp,2026-05-16,2026-05-16,UGA_flucast-INFLAenza,31,43,58,80,109,140,191,30,40,60,80,110,140,190,0.13746745568847427,0.1906806643420772,0.25719717515908086,0.35475472435735295,0.48335331193689335,0.6208207676253676,0.8469769044031802,0.14,0.19,0.26,0.35,0.48,0.62,0.85,TRUE,FALSE,UGA_flucast,2026-05-13,INFLAenza
Florida,FL,1,wk inc rsv hosp,hosp,2026-05-16,2026-05-23,UGA_flucast-INFLAenza,19,28,40,59,85,115,173,20,30,40,60,90,120,170,0.08425424703487133,0.12416415352507354,0.17737736217867647,0.2616316092135478,0.37692689462968754,0.5099599162636949,0.7671570914227757,0.08,0.12,0.18,0.26,0.38,0.51,0.77,TRUE,FALSE,UGA_flucast,2026-05-13,INFLAenza
Florida,FL,2,wk inc rsv hosp,hosp,2026-05-16,2026-05-30,UGA_flucast-INFLAenza,11,19,28,43,66,97,141,10,20,30,40,70,100,140,0.04877877459913603,0.08425424703487133,0.12416415352507354,0.1906806643420772,0.2926726475948162,0.4301401032832905,0.6252552016798346,0.05,0.08,0.12,0.19,0.29,0.43,0.63,TRUE,FALSE,UGA_flucast,2026-05-13,INFLAenza
Florida,FL,0,wk inc rsv prop ed visits,prop_ed,2026-05-16,2026-05-16,UGA_flucast-INFLAenza,3.120329810527033e-4,4.4730047188477244e-4,6.047198533885361e-4,8.094074770774735e-4,0.001058346968952977,0.0013009812724160135,0.0016726658159914906,3.1e-4,4.5e-4,6e-4,8.1e-4,0.0011,0.0013,0.0017,NA,NA,NA,NA,NA,NA,NA,NA,NA,NA,NA,NA,NA,NA,TRUE,FALSE,UGA_flucast,2026-05-13,INFLAenza
Florida,FL,1,wk inc rsv prop ed visits,prop_ed,2026-05-16,2026-05-23,UGA_flucast-INFLAenza,2.3526379204878147e-4,3.477044702002239e-4,4.969758410262267e-4,7.067012811328266e-4,9.724659601530324e-4,0.0012444753944436792,0.0016484073628876817,2.4e-4,3.5e-4,5e-4,7.1e-4,9.7e-4,0.0012,0.0016,NA,NA,NA,NA,NA,NA,NA,NA,NA,NA,NA,NA,NA,NA,TRUE,FALSE,UGA_flucast,2026-05-13,INFLAenza
Florida,FL,2,wk inc rsv prop ed visits,prop_ed,2026-05-16,2026-05-30,UGA_flucast-INFLAenza,1.681241005689033e-4,2.7980618918338446e-4,4.1799120493665455e-4,6.21336084317001e-4,8.863894461773922e-4,0.0011720289834890555,0.001596343939396327,1.7e-4,2.8e-4,4.2e-4,6.2e-4,8.9e-4,0.0012,0.0016,NA,NA,NA,NA,NA,NA,NA,NA,NA,NA,NA,NA,NA,NA,TRUE,FALSE,UGA_flucast,2026-05-13,INFLAenza
Florida,FL,0,wk inc rsv hosp,hosp,2026-05-16,2026-05-16,RSVHub-ensemble,46.25,58.25,66.5,83,103.5,121.75,156.5,50,60,70,80,100,120,160,0.20509257501909467,0.2583057836726976,0.29488986462204964,0.3680580265207537,0.4589639246373254,0.5398923461313465,0.6939889295240717,0.21,0.26,0.29,0.37,0.46,0.54,0.69,FALSE,TRUE,RSVHub,2026-05-13,Ensemble using RSVHub forecast submissions
Florida,FL,1,wk inc rsv hosp,hosp,2026-05-16,2026-05-23,RSVHub-ensemble,37.5,47.25,57.25,69.75,85.5,115.5,145,40,50,60,70,90,120,150,0.16629127704250918,0.20952700907356156,0.2538713496182307,0.3093017752990671,0.37914411165692097,0.5121771332909284,0.6429929378977023,0.17,0.21,0.25,0.31,0.38,0.51,0.64,FALSE,TRUE,RSVHub,2026-05-13,Ensemble using RSVHub forecast submissions
Florida,FL,2,wk inc rsv hosp,hosp,2026-05-16,2026-05-30,RSVHub-ensemble,23,31,43,57,77,98,137.5,20,30,40,60,80,100,140,0.10199198325273898,0.13746745568847427,0.1906806643420772,0.252762741104614,0.3414514221939522,0.4345745373377573,0.6097346824892004,0.1,0.14,0.19,0.25,0.34,0.43,0.61,FALSE,TRUE,RSVHub,2026-05-13,Ensemble using RSVHub forecast submissions
Florida,FL,0,wk inc rsv prop ed visits,prop_ed,2026-05-16,2026-05-16,RSVHub-ensemble,4.577398966188589e-4,5.613361804684004e-4,6.705819526823165e-4,8.06710662860001e-4,9.705006642025127e-4,0.0011276175950087827,0.0013581723228233383,4.6e-4,5.6e-4,6.7e-4,8.1e-4,9.7e-4,0.0011,0.0014,NA,NA,NA,NA,NA,NA,NA,NA,NA,NA,NA,NA,NA,NA,FALSE,TRUE,RSVHub,2026-05-13,Ensemble using RSVHub forecast submissions
Florida,FL,1,wk inc rsv prop ed visits,prop_ed,2026-05-16,2026-05-23,RSVHub-ensemble,3.1809808291167606e-4,4.098174646598612e-4,5.260859280262189e-4,6.818906988148309e-4,8.671279932281036e-4,0.0010546808889062716,0.001330196954763294,3.2e-4,4.1e-4,5.3e-4,6.8e-4,8.7e-4,0.0011,0.0013,NA,NA,NA,NA,NA,NA,NA,NA,NA,NA,NA,NA,NA,NA,FALSE,TRUE,RSVHub,2026-05-13,Ensemble using RSVHub forecast submissions
Georgia,GA,0,wk inc rsv hosp,hosp,2026-05-16,2026-05-16,CEPH-Rtrend_rsv,9,13,18,25,34,44,57,9,10,20,30,30,40,60,0.082024234151118,0.11847944932939265,0.164048468302236,0.22784509486421664,0.3098693290153346,0.4010073669610213,0.5194868162904139,0.08,0.12,0.16,0.23,0.31,0.4,0.52,TRUE,FALSE,CEPH Lab at Indiana University,2026-05-13,Rtrend RSV
Georgia,GA,1,wk inc rsv hosp,hosp,2026-05-16,2026-05-23,CEPH-Rtrend_rsv,5,9,13,21,31,43,60,5,9,10,20,30,40,60,0.04556901897284333,0.082024234151118,0.11847944932939265,0.19138987968594198,0.2825279176316286,0.39189356316645263,0.5468282276741199,0.05,0.08,0.12,0.19,0.28,0.39,0.55,TRUE,FALSE,CEPH Lab at Indiana University,2026-05-13,Rtrend RSV
Georgia,GA,2,wk inc rsv hosp,hosp,2026-05-16,2026-05-30,CEPH-Rtrend_rsv,3,5,9,16,27,40,58,3,5,9,20,30,40,60,0.027341411383705994,0.04556901897284333,0.082024234151118,0.14582086071309866,0.24607270245335394,0.36455215178274664,0.5286006200849825,0.03,0.05,0.08,0.15,0.25,0.36,0.53,TRUE,FALSE,CEPH Lab at Indiana University,2026-05-13,Rtrend RSV
Georgia,GA,0,wk inc rsv prop ed visits,prop_ed,2026-05-16,2026-05-16,CFA_Pyrenew-Pyrenew_E_RSV,2.4656567382856e-4,3.107299174152011e-4,3.70589077781969e-4,4.467677822269253e-4,5.457481260339074e-4,6.391225098087537e-4,7.492307408878463e-4,2.5e-4,3.1e-4,3.7e-4,4.5e-4,5.5e-4,6.4e-4,7.5e-4,NA,NA,NA,NA,NA,NA,NA,NA,NA,NA,NA,NA,NA,NA,TRUE,FALSE,Center for Forecasting and Outbreak Analytics (CFA/CDC) Pyrenew team,2026-05-13,Pyrenew_ED_Visits_RSV
Georgia,GA,1,wk inc rsv prop ed visits,prop_ed,2026-05-16,2026-05-23,CFA_Pyrenew-Pyrenew_E_RSV,1.517403576067618e-4,2.0803438325455587e-4,2.8034892034410993e-4,3.7511421811905305e-4,5.024392659718953e-4,6.541170642187562e-4,8.773282699813618e-4,1.5e-4,2.1e-4,2.8e-4,3.8e-4,5e-4,6.5e-4,8.8e-4,NA,NA,NA,NA,NA,NA,NA,NA,NA,NA,NA,NA,NA,NA,TRUE,FALSE,Center for Forecasting and Outbreak Analytics (CFA/CDC) Pyrenew team,2026-05-13,Pyrenew_ED_Visits_RSV
Georgia,GA,0,wk inc rsv prop ed visits,prop_ed,2026-05-16,2026-05-16,CFA_Pyrenew-Pyrenew_HE_RSV,2.4364421952159218e-4,3.0502952428751863e-4,3.672503260965512e-4,4.406929069805148e-4,5.231267300585584e-4,6.04803923863643e-4,7.033191908137016e-4,2.4e-4,3.1e-4,3.7e-4,4.4e-4,5.2e-4,6e-4,7e-4,NA,NA,NA,NA,NA,NA,NA,NA,NA,NA,NA,NA,NA,NA,FALSE,FALSE,Center for Forecasting and Outbreak Analytics (CFA/CDC) Pyrenew team,2026-05-13,Pyrenew_Hospital_Admissions_ED_Visits_RSV
Georgia,GA,1,wk inc rsv prop ed visits,prop_ed,2026-05-16,2026-05-23,CFA_Pyrenew-Pyrenew_HE_RSV,1.5792675696530795e-4,2.134275571300626e-4,2.8275561749066834e-4,3.6816759790857766e-4,4.8157073585873653e-4,6.073943336986508e-4,7.838714219967213e-4,1.6e-4,2.1e-4,2.8e-4,3.7e-4,4.8e-4,6.1e-4,7.8e-4,NA,NA,NA,NA,NA,NA,NA,NA,NA,NA,NA,NA,NA,NA,FALSE,FALSE,Center for Forecasting and Outbreak Analytics (CFA/CDC) Pyrenew team,2026-05-13,Pyrenew_Hospital_Admissions_ED_Visits_RSV
Georgia,GA,0,wk inc rsv hosp,hosp,2026-05-16,2026-05-16,CFA_Pyrenew-Pyrenew_HE_RSV,12,16,19,23,28,33,39.024999999999864,10,20,20,20,30,30,40,0.10936564553482397,0.14582086071309866,0.17316227209680463,0.20961748727507928,0.2551865062479226,0.30075552522076593,0.3556661930830409,0.11,0.15,0.17,0.21,0.26,0.3,0.36,TRUE,FALSE,Center for Forecasting and Outbreak Analytics (CFA/CDC) Pyrenew team,2026-05-13,Pyrenew_Hospital_Admissions_ED_Visits_RSV
Georgia,GA,1,wk inc rsv hosp,hosp,2026-05-16,2026-05-23,CFA_Pyrenew-Pyrenew_HE_RSV,9,12,15,20,25,31,41,9,10,20,20,30,30,40,0.082024234151118,0.10936564553482397,0.13670705691852997,0.18227607589137332,0.22784509486421664,0.2825279176316286,0.37366595557731525,0.08,0.11,0.14,0.18,0.23,0.28,0.37,TRUE,FALSE,Center for Forecasting and Outbreak Analytics (CFA/CDC) Pyrenew team,2026-05-13,Pyrenew_Hospital_Admissions_ED_Visits_RSV
Georgia,GA,0,wk inc rsv hosp,hosp,2026-05-16,2026-05-16,CFA_Pyrenew-Pyrenew_H_RSV,10,14,18,23,29,34,43,10,10,20,20,30,30,40,0.09113803794568666,0.1275932531239613,0.164048468302236,0.20961748727507928,0.26430031004249127,0.3098693290153346,0.39189356316645263,0.09,0.13,0.16,0.21,0.26,0.31,0.39,FALSE,FALSE,Center for Forecasting and Outbreak Analytics (CFA/CDC) Pyrenew team,2026-05-13,Pyrenew_Hospital_Admissions_RSV
Georgia,GA,1,wk inc rsv hosp,hosp,2026-05-16,2026-05-23,CFA_Pyrenew-Pyrenew_H_RSV,6,10,14,20,27,36,50,6,10,10,20,30,40,50,0.05468282276741199,0.09113803794568666,0.1275932531239613,0.18227607589137332,0.24607270245335394,0.328096936604472,0.4556901897284333,0.05,0.09,0.13,0.18,0.25,0.33,0.46,FALSE,FALSE,Center for Forecasting and Outbreak Analytics (CFA/CDC) Pyrenew team,2026-05-13,Pyrenew_Hospital_Admissions_RSV
Georgia,GA,0,wk inc rsv hosp,hosp,2026-05-16,2026-05-16,Google_SAI-RSVEns,11,15.5,18.5,22.5,26.5,35,55.5,10,20,20,20,30,40,60,0.10025184174025532,0.1412639588158143,0.1686053701995203,0.20506058537779495,0.2415158005560696,0.31898313280990326,0.5058161105985609,0.1,0.14,0.17,0.21,0.24,0.32,0.51,TRUE,FALSE,Google Science AI,2026-05-13,RSVEnsemble
Georgia,GA,1,wk inc rsv hosp,hosp,2026-05-16,2026-05-23,Google_SAI-RSVEns,9,13.5,16.5,21,24.5,34.5,52,9,10,20,20,20,30,50,0.082024234151118,0.12303635122667697,0.15037776261038296,0.19138987968594198,0.2232881929669323,0.31442623091261895,0.4739177973175706,0.08,0.12,0.15,0.19,0.22,0.31,0.47,TRUE,FALSE,Google Science AI,2026-05-13,RSVEnsemble
Georgia,GA,2,wk inc rsv hosp,hosp,2026-05-16,2026-05-30,Google_SAI-RSVEns,8.5,12.5,15,17.5,19.5,26.5,39,9,10,20,20,20,30,40,0.07746733225383365,0.11392254743210832,0.13670705691852997,0.15949156640495163,0.17771917399408896,0.2415158005560696,0.3554383479881779,0.08,0.11,0.14,0.16,0.18,0.24,0.36,TRUE,FALSE,Google Science AI,2026-05-13,RSVEnsemble
Georgia,GA,0,wk inc rsv hosp,hosp,2026-05-16,2026-05-16,RSVHub-baseline,0,0,18.75,27,35.25,58,98.1249999999998,0,0,20,30,40,60,100,0,0,0.17088382114816247,0.24607270245335394,0.32126158375854547,0.5286006200849825,0.8942919973420485,0,0,0.17,0.25,0.32,0.53,0.89,FALSE,FALSE,RSVHub-hub-models,2026-05-13,RSVHub baseline model
Georgia,GA,1,wk inc rsv hosp,hosp,2026-05-16,2026-05-23,RSVHub-baseline,0,0,9.644631446314463,27,45.76026010260103,77.02714227142272,128.61380338803397,0,0,10,30,50,80,130,0,0,0.08789927867263703,0.24607270245335394,0.4170500321635343,0.7020102615180728,1.1721609693517723,0,0,0.09,0.25,0.42,0.7,1.17,FALSE,FALSE,RSVHub-hub-models,2026-05-13,RSVHub baseline model
Georgia,GA,2,wk inc rsv hosp,hosp,2026-05-16,2026-05-30,RSVHub-baseline,0,0,2,27,55,91.73391233912338,151.0131203812038,0,0,2,30,60,90,150,0,0,0.018227607589137333,0.24607270245335394,0.5012592087012766,0.836044878366932,1.37630394955987,0,0,0.02,0.25,0.5,0.84,1.38,FALSE,FALSE,RSVHub-hub-models,2026-05-13,RSVHub baseline model
Georgia,GA,0,wk inc rsv prop ed visits,prop_ed,2026-05-16,2026-05-16,RSVHub-baseline,0,1.0842021724855044e-19,4.999999999999997e-4,6e-4,7.000000000000002e-4,0.0011999999999999997,0.0018999999999999998,0,1.1e-19,5e-4,6e-4,7e-4,0.0012,0.0019,NA,NA,NA,NA,NA,NA,NA,NA,NA,NA,NA,NA,NA,NA,FALSE,FALSE,RSVHub-hub-models,2026-05-13,RSVHub baseline model
Georgia,GA,1,wk inc rsv prop ed visits,prop_ed,2026-05-16,2026-05-23,RSVHub-baseline,0,0,2.999999999999998e-4,6e-4,9.999999999999994e-4,0.0015389766897668951,0.0021999999999999997,0,0,3e-4,6e-4,0.001,0.0015,0.0022,NA,NA,NA,NA,NA,NA,NA,NA,NA,NA,NA,NA,NA,NA,FALSE,FALSE,RSVHub-hub-models,2026-05-13,RSVHub baseline model
Georgia,GA,2,wk inc rsv prop ed visits,prop_ed,2026-05-16,2026-05-30,RSVHub-baseline,0,0,1.0000000000000026e-4,6e-4,0.0011000000000000003,0.0017956004560045584,0.002516981369813691,0,0,1e-4,6e-4,0.0011,0.0018,0.0025,NA,NA,NA,NA,NA,NA,NA,NA,NA,NA,NA,NA,NA,NA,FALSE,FALSE,RSVHub-hub-models,2026-05-13,RSVHub baseline model
Georgia,GA,0,wk inc rsv hosp,hosp,2026-05-16,2026-05-16,UM-DeepOutbreak,0,0,0,25.354049666666647,50.44758250793653,80.49374208160005,139.16831121422854,0,0,0,30,50,80,140,0,0,0,0.23107183405974888,0.45976936888764774,0.7336041720223179,1.268352682827949,0,0,0,0.23,0.46,0.73,1.27,TRUE,FALSE,"University of Michigan, Computer Science and Engineering",2026-05-13,DeepOutbreak
Georgia,GA,1,wk inc rsv hosp,hosp,2026-05-16,2026-05-23,UM-DeepOutbreak,0,0,0,26.17072569166668,57.75073721039048,149.56518947097777,233.29720041666675,0,0,0,30,60,150,230,0,0,0,0.23851485911532744,0.5263288879271946,1.3631077913359786,2.1262249104196638,0,0,0,0.24,0.53,1.36,2.13,TRUE,FALSE,"University of Michigan, Computer Science and Engineering",2026-05-13,DeepOutbreak
Georgia,GA,2,wk inc rsv hosp,hosp,2026-05-16,2026-05-30,UM-DeepOutbreak,0,0,0,22.2692019825,110.2066921732456,174.9825796760526,269.0508625916666,0,0,0,20,110,170,270,0,0,0,0.20295713753012457,1.0044021693153866,1.5947568986350222,2.4520767724199035,0,0,0,0.2,1,1.59,2.45,TRUE,FALSE,"University of Michigan, Computer Science and Engineering",2026-05-13,DeepOutbreak
Georgia,GA,0,wk inc rsv hosp,hosp,2026-05-16,2026-05-16,UGA_flucast-INFLAenza,5,8,12,17,24,31,43,5,8,10,20,20,30,40,0.04556901897284333,0.07291043035654933,0.10936564553482397,0.1549346645076673,0.21873129106964795,0.2825279176316286,0.39189356316645263,0.05,0.07,0.11,0.15,0.22,0.28,0.39,TRUE,FALSE,UGA_flucast,2026-05-13,INFLAenza
Georgia,GA,1,wk inc rsv hosp,hosp,2026-05-16,2026-05-23,UGA_flucast-INFLAenza,3,5,9,13,19,27,40,3,5,9,10,20,30,40,0.027341411383705994,0.04556901897284333,0.082024234151118,0.11847944932939265,0.17316227209680463,0.24607270245335394,0.36455215178274664,0.03,0.05,0.08,0.12,0.17,0.25,0.36,TRUE,FALSE,UGA_flucast,2026-05-13,INFLAenza
Georgia,GA,2,wk inc rsv hosp,hosp,2026-05-16,2026-05-30,UGA_flucast-INFLAenza,2,4,6,10,16,22,34,2,4,6,10,20,20,30,0.018227607589137333,0.036455215178274665,0.05468282276741199,0.09113803794568666,0.14582086071309866,0.20050368348051065,0.3098693290153346,0.02,0.04,0.05,0.09,0.15,0.2,0.31,TRUE,FALSE,UGA_flucast,2026-05-13,INFLAenza
Georgia,GA,0,wk inc rsv prop ed visits,prop_ed,2026-05-16,2026-05-16,UGA_flucast-INFLAenza,1.3497579433018286e-4,2.182732827410955e-4,3.1179286645948334e-4,4.5330399176058447e-4,6.265223126054967e-4,8.144850036397031e-4,0.001060954323662601,1.3e-4,2.2e-4,3.1e-4,4.5e-4,6.3e-4,8.1e-4,0.0011,NA,NA,NA,NA,NA,NA,NA,NA,NA,NA,NA,NA,NA,NA,TRUE,FALSE,UGA_flucast,2026-05-13,INFLAenza
Georgia,GA,1,wk inc rsv prop ed visits,prop_ed,2026-05-16,2026-05-23,UGA_flucast-INFLAenza,8.654029296091851e-5,1.6240411112817776e-4,2.5841581034597084e-4,4.007130680948212e-4,5.716379882164471e-4,7.663531577409573e-4,9.904761138742027e-4,8.7e-5,1.6e-4,2.6e-4,4e-4,5.7e-4,7.7e-4,9.9e-4,NA,NA,NA,NA,NA,NA,NA,NA,NA,NA,NA,NA,NA,NA,TRUE,FALSE,UGA_flucast,2026-05-13,INFLAenza
Georgia,GA,2,wk inc rsv prop ed visits,prop_ed,2026-05-16,2026-05-30,UGA_flucast-INFLAenza,6.46115652751551e-5,1.3637835408411957e-4,2.2663726817246516e-4,3.552070160200058e-4,5.28130813242953e-4,7.166228526583531e-4,9.780139282865826e-4,6.5e-5,1.4e-4,2.3e-4,3.6e-4,5.3e-4,7.2e-4,9.8e-4,NA,NA,NA,NA,NA,NA,NA,NA,NA,NA,NA,NA,NA,NA,TRUE,FALSE,UGA_flucast,2026-05-13,INFLAenza
Georgia,GA,0,wk inc rsv hosp,hosp,2026-05-16,2026-05-16,RSVHub-ensemble,9,13,18,23,28,35,55.5,9,10,20,20,30,40,60,0.082024234151118,0.11847944932939265,0.164048468302236,0.20961748727507928,0.2551865062479226,0.31898313280990326,0.5058161105985609,0.08,0.12,0.16,0.21,0.26,0.32,0.51,FALSE,TRUE,RSVHub,2026-05-13,Ensemble using RSVHub forecast submissions
Georgia,GA,1,wk inc rsv hosp,hosp,2026-05-16,2026-05-23,RSVHub-ensemble,5,9,13,21,25,34.5,52,5,9,10,20,30,30,50,0.04556901897284333,0.082024234151118,0.11847944932939265,0.19138987968594198,0.22784509486421664,0.31442623091261895,0.4739177973175706,0.05,0.08,0.12,0.19,0.23,0.31,0.47,FALSE,TRUE,RSVHub,2026-05-13,Ensemble using RSVHub forecast submissions
Georgia,GA,2,wk inc rsv hosp,hosp,2026-05-16,2026-05-30,RSVHub-ensemble,2.5,4.5,7.5,16.75,23.25,33.25,48.5,3,5,8,20,20,30,50,0.022784509486421665,0.041012117075559,0.06835352845926498,0.15265621355902514,0.21189593822372146,0.3030339761694081,0.44201948403658026,0.02,0.04,0.07,0.15,0.21,0.3,0.44,FALSE,TRUE,RSVHub,2026-05-13,Ensemble using RSVHub forecast submissions
Georgia,GA,0,wk inc rsv prop ed visits,prop_ed,2026-05-16,2026-05-16,RSVHub-ensemble,1.9077073407937142e-4,2.645016000781483e-4,3.4119097212072615e-4,4.500358869937549e-4,5.86135219319702e-4,7.268037567242285e-4,9.050925322752237e-4,1.9e-4,2.6e-4,3.4e-4,4.5e-4,5.9e-4,7.3e-4,9.1e-4,NA,NA,NA,NA,NA,NA,NA,NA,NA,NA,NA,NA,NA,NA,FALSE,TRUE,RSVHub,2026-05-13,Ensemble using RSVHub forecast submissions
Georgia,GA,1,wk inc rsv prop ed visits,prop_ed,2026-05-16,2026-05-23,RSVHub-ensemble,1.1914032528384016e-4,1.852192471913668e-4,2.693823653450404e-4,3.879136431069371e-4,5.370386270941712e-4,7.102351109798568e-4,9.339021919277823e-4,1.2e-4,1.9e-4,2.7e-4,3.9e-4,5.4e-4,7.1e-4,0.00093000000000000005,NA,NA,NA,NA,NA,NA,NA,NA,NA,NA,NA,NA,NA,NA,FALSE,TRUE,RSVHub,2026-05-13,Ensemble using RSVHub forecast submissions
Hawaii,HI,0,wk inc rsv hosp,hosp,2026-05-16,2026-05-16,CEPH-Rtrend_rsv,7,9,10,11,13,15,17,7,9,10,10,10,20,20,0.5018334844807995,0.6452144800467422,0.7169049778297136,0.7885954756126848,0.9319764711786277,1.0753574667445702,1.2187384623105129,0.5,0.65,0.72,0.79,0.93,1.08,1.22,TRUE,FALSE,CEPH Lab at Indiana University,2026-05-13,Rtrend RSV
Hawaii,HI,1,wk inc rsv hosp,hosp,2026-05-16,2026-05-23,CEPH-Rtrend_rsv,7,8,10,12,15,18,21,7,8,10,10,20,20,20,0.5018334844807995,0.5735239822637709,0.7169049778297136,0.8602859733956563,1.0753574667445702,1.2904289600934844,1.5055004534423984,0.5,0.57,0.72,0.86,1.08,1.29,1.51,TRUE,FALSE,CEPH Lab at Indiana University,2026-05-13,Rtrend RSV
Hawaii,HI,2,wk inc rsv hosp,hosp,2026-05-16,2026-05-30,CEPH-Rtrend_rsv,6,7,9,12,16,20,25,6,7,9,10,20,20,30,0.43014298669782813,0.5018334844807995,0.6452144800467422,0.8602859733956563,1.1470479645275418,1.4338099556594273,1.7922624445742839,0.43,0.5,0.65,0.86,1.15,1.43,1.79,TRUE,FALSE,CEPH Lab at Indiana University,2026-05-13,Rtrend RSV
Hawaii,HI,0,wk inc rsv prop ed visits,prop_ed,2026-05-16,2026-05-16,CFA_Pyrenew-Pyrenew_E_RSV,0.0010963508701372629,0.001425774962262266,0.0017894963011615458,0.0022275360931640607,0.0027464520727030345,0.0032078000704001282,0.00396359480134157,0.0011,0.0014,0.0018,0.0022,0.0027,0.0032,0.004,NA,NA,NA,NA,NA,NA,NA,NA,NA,NA,NA,NA,NA,NA,TRUE,FALSE,Center for Forecasting and Outbreak Analytics (CFA/CDC) Pyrenew team,2026-05-13,Pyrenew_ED_Visits_RSV
Hawaii,HI,1,wk inc rsv prop ed visits,prop_ed,2026-05-16,2026-05-23,CFA_Pyrenew-Pyrenew_E_RSV,7.19990386990318e-4,0.0010893705318521204,0.0014717326222140627,0.001972190334468624,0.00256648482403472,0.003178289131301361,0.004048941073893041,7.2e-4,0.0011,0.0015,0.002,0.0026,0.0032,0.004,NA,NA,NA,NA,NA,NA,NA,NA,NA,NA,NA,NA,NA,NA,TRUE,FALSE,Center for Forecasting and Outbreak Analytics (CFA/CDC) Pyrenew team,2026-05-13,Pyrenew_ED_Visits_RSV
Hawaii,HI,0,wk inc rsv prop ed visits,prop_ed,2026-05-16,2026-05-16,CFA_Pyrenew-Pyrenew_HE_RSV,0.001119102557961378,0.001470896156696103,0.001823779473010327,0.0022221951872239444,0.0027497009733087204,0.0032228579766506436,0.0038762352817903263,0.0011,0.0015,0.0018,0.0022,0.0027,0.0032,0.0039,NA,NA,NA,NA,NA,NA,NA,NA,NA,NA,NA,NA,NA,NA,FALSE,FALSE,Center for Forecasting and Outbreak Analytics (CFA/CDC) Pyrenew team,2026-05-13,Pyrenew_Hospital_Admissions_ED_Visits_RSV
Hawaii,HI,1,wk inc rsv prop ed visits,prop_ed,2026-05-16,2026-05-23,CFA_Pyrenew-Pyrenew_HE_RSV,7.928579168287528e-4,0.0010962653542286476,0.0015140872443128838,0.0020075351098064933,0.002599147779253445,0.003226930644912544,0.004238449496776678,7.9e-4,0.0011,0.0015,0.002,0.0026,0.0032,0.0042,NA,NA,NA,NA,NA,NA,NA,NA,NA,NA,NA,NA,NA,NA,FALSE,FALSE,Center for Forecasting and Outbreak Analytics (CFA/CDC) Pyrenew team,2026-05-13,Pyrenew_Hospital_Admissions_ED_Visits_RSV
Hawaii,HI,0,wk inc rsv hosp,hosp,2026-05-16,2026-05-16,CFA_Pyrenew-Pyrenew_HE_RSV,2,4,5,8,12,16,20,2,4,5,8,10,20,20,0.14338099556594272,0.28676199113188544,0.3584524889148568,0.5735239822637709,0.8602859733956563,1.1470479645275418,1.4338099556594273,0.14,0.29,0.36,0.57,0.86,1.15,1.43,TRUE,FALSE,Center for Forecasting and Outbreak Analytics (CFA/CDC) Pyrenew team,2026-05-13,Pyrenew_Hospital_Admissions_ED_Visits_RSV
Hawaii,HI,1,wk inc rsv hosp,hosp,2026-05-16,2026-05-23,CFA_Pyrenew-Pyrenew_HE_RSV,1,3,5,7,10,14,21,1,3,5,7,10,10,20,0.07169049778297136,0.21507149334891407,0.3584524889148568,0.5018334844807995,0.7169049778297136,1.003666968961599,1.5055004534423984,0.07,0.22,0.36,0.5,0.72,1,1.51,TRUE,FALSE,Center for Forecasting and Outbreak Analytics (CFA/CDC) Pyrenew team,2026-05-13,Pyrenew_Hospital_Admissions_ED_Visits_RSV
Hawaii,HI,0,wk inc rsv hosp,hosp,2026-05-16,2026-05-16,CFA_Pyrenew-Pyrenew_H_RSV,3,5,7,11,15,20,29,3,5,7,10,20,20,30,0.21507149334891407,0.3584524889148568,0.5018334844807995,0.7885954756126848,1.0753574667445702,1.4338099556594273,2.0790244357061693,0.22,0.36,0.5,0.79,1.08,1.43,2.08,FALSE,FALSE,Center for Forecasting and Outbreak Analytics (CFA/CDC) Pyrenew team,2026-05-13,Pyrenew_Hospital_Admissions_RSV
Hawaii,HI,1,wk inc rsv hosp,hosp,2026-05-16,2026-05-23,CFA_Pyrenew-Pyrenew_H_RSV,2,4,7,12,19,29,47.024999999999864,2,4,7,10,20,30,50,0.14338099556594272,0.28676199113188544,0.5018334844807995,0.8602859733956563,1.3621194578764557,2.0790244357061693,3.3712456582442183,0.14,0.29,0.5,0.86,1.36,2.08,3.37,FALSE,FALSE,Center for Forecasting and Outbreak Analytics (CFA/CDC) Pyrenew team,2026-05-13,Pyrenew_Hospital_Admissions_RSV
Hawaii,HI,0,wk inc rsv hosp,hosp,2026-05-16,2026-05-16,Google_SAI-RSVEns,2.5,4,5.5,6.5,9.5,13,18.5,3,4,6,7,10,10,20,0.1792262444574284,0.28676199113188544,0.3942977378063424,0.46598823558931385,0.6810597289382279,0.9319764711786277,1.32627420898497,0.18,0.29,0.39,0.47,0.68,0.93,1.33,TRUE,FALSE,Google Science AI,2026-05-13,RSVEnsemble
Hawaii,HI,1,wk inc rsv hosp,hosp,2026-05-16,2026-05-23,Google_SAI-RSVEns,2,3,4.5,6,7.5,9.5,13.5,2,3,5,6,8,10,10,0.14338099556594272,0.21507149334891407,0.3226072400233711,0.43014298669782813,0.5376787333722851,0.6810597289382279,0.9678217200701132,0.14,0.22,0.32,0.43,0.54,0.68,0.97,TRUE,FALSE,Google Science AI,2026-05-13,RSVEnsemble
Hawaii,HI,2,wk inc rsv hosp,hosp,2026-05-16,2026-05-30,Google_SAI-RSVEns,1,2,3,4.5,6.5,8,11.5,1,2,3,5,7,8,10,0.07169049778297136,0.14338099556594272,0.21507149334891407,0.3226072400233711,0.46598823558931385,0.5735239822637709,0.8244407245041706,0.07,0.14,0.22,0.32,0.47,0.57,0.82,TRUE,FALSE,Google Science AI,2026-05-13,RSVEnsemble
Hawaii,HI,0,wk inc rsv hosp,hosp,2026-05-16,2026-05-16,RSVHub-baseline,0,2.5000000000000036,6,9,12,15.500000000000012,20.49999999999991,0,3,6,9,10,20,20,0,0.17922624445742866,0.43014298669782813,0.6452144800467422,0.8602859733956563,1.1112027156360569,1.4696552045509064,0,0.18,0.43,0.65,0.86,1.11,1.47,FALSE,FALSE,RSVHub-hub-models,2026-05-13,RSVHub baseline model
Hawaii,HI,1,wk inc rsv hosp,hosp,2026-05-16,2026-05-23,RSVHub-baseline,0,0,4,9,14,19,27.498215482154773,0,0,4,9,10,20,30,0,0,0.28676199113188544,0.6452144800467422,1.003666968961599,1.3621194578764557,1.9713607560590853,0,0,0.29,0.65,1,1.36,1.97,FALSE,FALSE,RSVHub-hub-models,2026-05-13,RSVHub baseline model
Hawaii,HI,2,wk inc rsv hosp,hosp,2026-05-16,2026-05-30,RSVHub-baseline,0,0,3,9,15.078003280032792,22,31.787202622026143,0,0,3,9,20,20,30,0,0,0.21507149334891407,0.6452144800467422,1.0809495607188258,1.5771909512253697,2.278840379101226,0,0,0.22,0.65,1.08,1.58,2.28,FALSE,FALSE,RSVHub-hub-models,2026-05-13,RSVHub baseline model
Hawaii,HI,0,wk inc rsv prop ed visits,prop_ed,2026-05-16,2026-05-16,RSVHub-baseline,5.374999999999998e-4,0.0018000000000000002,0.002300000000000001,0.0027,0.0030999999999999995,0.0036,0.004862499999999996,5.4e-4,0.0018,0.0023,0.0027,0.0031,0.0036,0.0049,NA,NA,NA,NA,NA,NA,NA,NA,NA,NA,NA,NA,NA,NA,FALSE,FALSE,RSVHub-hub-models,2026-05-13,RSVHub baseline model
Hawaii,HI,1,wk inc rsv prop ed visits,prop_ed,2026-05-16,2026-05-23,RSVHub-baseline,0,0.0011000000000000003,0.0020000000000000005,0.0027,0.0034,0.0043,0.0056992503675036745,0,0.0011,0.002,0.0027,0.0034,0.0043,0.0057,NA,NA,NA,NA,NA,NA,NA,NA,NA,NA,NA,NA,NA,NA,FALSE,FALSE,RSVHub-hub-models,2026-05-13,RSVHub baseline model
Hawaii,HI,2,wk inc rsv prop ed visits,prop_ed,2026-05-16,2026-05-30,RSVHub-baseline,0,7.000000000000001e-4,0.0018,0.0027,0.0036000000000000003,0.004703087030870311,0.006413987264872677,0,7e-4,0.0018,0.0027,0.0036,0.0047,0.0064,NA,NA,NA,NA,NA,NA,NA,NA,NA,NA,NA,NA,NA,NA,FALSE,FALSE,RSVHub-hub-models,2026-05-13,RSVHub baseline model
Hawaii,HI,0,wk inc rsv hosp,hosp,2026-05-16,2026-05-16,UGA_flucast-INFLAenza,0,1,3,4,7,9,13,0,1,3,4,7,9,10,0,0.07169049778297136,0.21507149334891407,0.28676199113188544,0.5018334844807995,0.6452144800467422,0.9319764711786277,0,0.07,0.22,0.29,0.5,0.65,0.93,TRUE,FALSE,UGA_flucast,2026-05-13,INFLAenza
Hawaii,HI,1,wk inc rsv hosp,hosp,2026-05-16,2026-05-23,UGA_flucast-INFLAenza,0,1,2,3,5,8,12,0,1,2,3,5,8,10,0,0.07169049778297136,0.14338099556594272,0.21507149334891407,0.3584524889148568,0.5735239822637709,0.8602859733956563,0,0.07,0.14,0.22,0.36,0.57,0.86,TRUE,FALSE,UGA_flucast,2026-05-13,INFLAenza
Hawaii,HI,2,wk inc rsv hosp,hosp,2026-05-16,2026-05-30,UGA_flucast-INFLAenza,0,0,1,2,4,6,10,0,0,1,2,4,6,10,0,0,0.07169049778297136,0.14338099556594272,0.28676199113188544,0.43014298669782813,0.7169049778297136,0,0,0.07,0.14,0.29,0.43,0.72,TRUE,FALSE,UGA_flucast,2026-05-13,INFLAenza
Hawaii,HI,0,wk inc rsv prop ed visits,prop_ed,2026-05-16,2026-05-16,UGA_flucast-INFLAenza,0.0010309717341725599,0.0013199300923165003,0.001638023936642761,0.0020332855842838684,0.00249619925301943,0.0029855363007190395,0.0036321103201731237,0.001,0.0013,0.0016,0.002,0.0025,0.003,0.0036,NA,NA,NA,NA,NA,NA,NA,NA,NA,NA,NA,NA,NA,NA,TRUE,FALSE,UGA_flucast,2026-05-13,INFLAenza
Hawaii,HI,1,wk inc rsv prop ed visits,prop_ed,2026-05-16,2026-05-23,UGA_flucast-INFLAenza,7.335472855188837e-4,0.0010191602951882097,0.001334554243047985,0.0017367793785415485,0.0022370358228874813,0.0027388647186645768,0.0035014829448238574,7.3e-4,0.001,0.0013,0.0017,0.0022,0.0027,0.0035,NA,NA,NA,NA,NA,NA,NA,NA,NA,NA,NA,NA,NA,NA,TRUE,FALSE,UGA_flucast,2026-05-13,INFLAenza
Hawaii,HI,2,wk inc rsv prop ed visits,prop_ed,2026-05-16,2026-05-30,UGA_flucast-INFLAenza,5.4585229427749e-4,7.922112578694757e-4,0.001079227454534842,0.0014732750048586476,0.001989082786673618,0.002567960001374176,0.0033847797857675297,5.5e-4,7.9e-4,0.0011,0.0015,0.002,0.0026,0.0034,NA,NA,NA,NA,NA,NA,NA,NA,NA,NA,NA,NA,NA,NA,TRUE,FALSE,UGA_flucast,2026-05-13,INFLAenza
Hawaii,HI,0,wk inc rsv hosp,hosp,2026-05-16,2026-05-16,RSVHub-ensemble,2.25,4,5.25,7.25,10.75,14,17.75,2,4,5,7,10,10,20,0.16130362001168555,0.28676199113188544,0.3763751133605996,0.5197561089265423,0.7706728511669421,1.003666968961599,1.2725063356477415,0.16,0.29,0.38,0.52,0.77,1,1.27,FALSE,TRUE,RSVHub,2026-05-13,Ensemble using RSVHub forecast submissions
Hawaii,HI,1,wk inc rsv hosp,hosp,2026-05-16,2026-05-23,RSVHub-ensemble,1.5,3,4.75,6.5,8.75,11.75,17.25,2,3,5,7,9,10,20,0.10753574667445703,0.21507149334891407,0.34052986446911393,0.46598823558931385,0.6272918556009994,0.8423633489499135,1.236661086756256,0.11,0.22,0.34,0.47,0.63,0.84,1.24,FALSE,TRUE,RSVHub,2026-05-13,Ensemble using RSVHub forecast submissions
Hawaii,HI,2,wk inc rsv hosp,hosp,2026-05-16,2026-05-30,RSVHub-ensemble,1,2,3,4.5,6.5,8,11.5,1,2,3,5,7,8,10,0.07169049778297136,0.14338099556594272,0.21507149334891407,0.3226072400233711,0.46598823558931385,0.5735239822637709,0.8244407245041706,0.07,0.14,0.22,0.32,0.47,0.57,0.82,FALSE,TRUE,RSVHub,2026-05-13,Ensemble using RSVHub forecast submissions
Hawaii,HI,0,wk inc rsv prop ed visits,prop_ed,2026-05-16,2026-05-16,RSVHub-ensemble,0.0010636613021549114,0.001372852527289383,0.0017137601189021533,0.0021304108387239645,0.002621325662861232,0.0030966681855595837,0.003797852560757347,0.0011,0.0014,0.0017,0.0021,0.0026,0.0031,0.0038,NA,NA,NA,NA,NA,NA,NA,NA,NA,NA,NA,NA,NA,NA,FALSE,TRUE,RSVHub,2026-05-13,Ensemble using RSVHub forecast submissions
Hawaii,HI,1,wk inc rsv prop ed visits,prop_ed,2026-05-16,2026-05-23,RSVHub-ensemble,7.267688362546009e-4,0.0010542654135201651,0.0014031434326310238,0.0018544848565050865,0.002401760323461101,0.0029585769249829688,0.0037752120093584494,7.3e-4,0.0011,0.0014,0.0019,0.0024,0.003,0.0038,NA,NA,NA,NA,NA,NA,NA,NA,NA,NA,NA,NA,NA,NA,FALSE,TRUE,RSVHub,2026-05-13,Ensemble using RSVHub forecast submissions
Idaho,ID,0,wk inc rsv hosp,hosp,2026-05-16,2026-05-16,CEPH-Rtrend_rsv,4,5,6,8,10,12,15,4,5,6,8,10,10,20,0.20395603319792355,0.25494504149740443,0.30593404979688527,0.4079120663958471,0.5098900829948089,0.6118680995937705,0.7648351244922131,0.2,0.25,0.31,0.41,0.51,0.61,0.76,TRUE,FALSE,CEPH Lab at Indiana University,2026-05-13,Rtrend RSV
Idaho,ID,1,wk inc rsv hosp,hosp,2026-05-16,2026-05-23,CEPH-Rtrend_rsv,2,3,4,6,9,11,15,2,3,4,6,9,10,20,0.10197801659896177,0.15296702489844263,0.20395603319792355,0.30593404979688527,0.4589010746953279,0.5608790912942897,0.7648351244922131,0.1,0.15,0.2,0.31,0.46,0.56,0.76,TRUE,FALSE,CEPH Lab at Indiana University,2026-05-13,Rtrend RSV
Idaho,ID,2,wk inc rsv hosp,hosp,2026-05-16,2026-05-30,CEPH-Rtrend_rsv,1,2,3,5,7,11,15,1,2,3,5,7,10,20,0.05098900829948089,0.10197801659896177,0.15296702489844263,0.25494504149740443,0.35692305809636615,0.5608790912942897,0.7648351244922131,0.05,0.1,0.15,0.25,0.36,0.56,0.76,TRUE,FALSE,CEPH Lab at Indiana University,2026-05-13,Rtrend RSV
Idaho,ID,0,wk inc rsv prop ed visits,prop_ed,2026-05-16,2026-05-16,CFA_Pyrenew-Pyrenew_E_RSV,2.326357064591652e-4,3.8708413882126383e-4,5.439893796430825e-4,7.498557723867155e-4,9.85792613860842e-4,0.001225752340299616,0.001557368083849744,2.3e-4,3.9e-4,5.4e-4,7.5e-4,9.9e-4,0.0012,0.0016,NA,NA,NA,NA,NA,NA,NA,NA,NA,NA,NA,NA,NA,NA,TRUE,FALSE,Center for Forecasting and Outbreak Analytics (CFA/CDC) Pyrenew team,2026-05-13,Pyrenew_ED_Visits_RSV
Idaho,ID,1,wk inc rsv prop ed visits,prop_ed,2026-05-16,2026-05-23,CFA_Pyrenew-Pyrenew_E_RSV,7.70842690398188e-5,2.288918218919284e-4,3.1382721227901915e-4,5.265977083626286e-4,7.150867765052766e-4,9.868773794633e-4,0.001284260056936481,7.7e-5,2.3e-4,3.1e-4,5.3e-4,7.2e-4,9.9e-4,0.0013,NA,NA,NA,NA,NA,NA,NA,NA,NA,NA,NA,NA,NA,NA,TRUE,FALSE,Center for Forecasting and Outbreak Analytics (CFA/CDC) Pyrenew team,2026-05-13,Pyrenew_ED_Visits_RSV
Idaho,ID,0,wk inc rsv prop ed visits,prop_ed,2026-05-16,2026-05-16,CFA_Pyrenew-Pyrenew_HE_RSV,2.308733836567016e-4,3.871710061287567e-4,5.442498110781095e-4,7.486332333973371e-4,9.447664183562128e-4,0.0011943219483840062,0.0014905553802854199,2.3e-4,3.9e-4,5.4e-4,7.5e-4,9.4e-4,0.0012,0.0015,NA,NA,NA,NA,NA,NA,NA,NA,NA,NA,NA,NA,NA,NA,FALSE,FALSE,Center for Forecasting and Outbreak Analytics (CFA/CDC) Pyrenew team,2026-05-13,Pyrenew_Hospital_Admissions_ED_Visits_RSV
Idaho,ID,1,wk inc rsv prop ed visits,prop_ed,2026-05-16,2026-05-23,CFA_Pyrenew-Pyrenew_HE_RSV,7.835522548954459e-5,2.2807177450548453e-4,3.138503602651613e-4,5.319341861444225e-4,7.141349288079334e-4,9.578416344789353e-4,0.0012628887348917622,7.8e-5,2.3e-4,3.1e-4,5.3e-4,7.1e-4,9.6e-4,0.0013,NA,NA,NA,NA,NA,NA,NA,NA,NA,NA,NA,NA,NA,NA,FALSE,FALSE,Center for Forecasting and Outbreak Analytics (CFA/CDC) Pyrenew team,2026-05-13,Pyrenew_Hospital_Admissions_ED_Visits_RSV
Idaho,ID,0,wk inc rsv hosp,hosp,2026-05-16,2026-05-16,CFA_Pyrenew-Pyrenew_HE_RSV,2,3,5,7,9,11,13,2,3,5,7,9,10,10,0.10197801659896177,0.15296702489844263,0.25494504149740443,0.35692305809636615,0.4589010746953279,0.5608790912942897,0.6628571078932515,0.1,0.15,0.25,0.36,0.46,0.56,0.66,TRUE,FALSE,Center for Forecasting and Outbreak Analytics (CFA/CDC) Pyrenew team,2026-05-13,Pyrenew_Hospital_Admissions_ED_Visits_RSV
Idaho,ID,1,wk inc rsv hosp,hosp,2026-05-16,2026-05-23,CFA_Pyrenew-Pyrenew_HE_RSV,1,2,3,5,7,9,11,1,2,3,5,7,9,10,0.05098900829948089,0.10197801659896177,0.15296702489844263,0.25494504149740443,0.35692305809636615,0.4589010746953279,0.5608790912942897,0.05,0.1,0.15,0.25,0.36,0.46,0.56,TRUE,FALSE,Center for Forecasting and Outbreak Analytics (CFA/CDC) Pyrenew team,2026-05-13,Pyrenew_Hospital_Admissions_ED_Visits_RSV
Idaho,ID,0,wk inc rsv hosp,hosp,2026-05-16,2026-05-16,CFA_Pyrenew-Pyrenew_H_RSV,2,3,5,7,10,13,18,2,3,5,7,10,10,20,0.10197801659896177,0.15296702489844263,0.25494504149740443,0.35692305809636615,0.5098900829948089,0.6628571078932515,0.9178021493906559,0.1,0.15,0.25,0.36,0.51,0.66,0.92,FALSE,FALSE,Center for Forecasting and Outbreak Analytics (CFA/CDC) Pyrenew team,2026-05-13,Pyrenew_Hospital_Admissions_RSV
Idaho,ID,1,wk inc rsv hosp,hosp,2026-05-16,2026-05-23,CFA_Pyrenew-Pyrenew_H_RSV,1,2,4,6,9,12,19,1,2,4,6,9,10,20,0.05098900829948089,0.10197801659896177,0.20395603319792355,0.30593404979688527,0.4589010746953279,0.6118680995937705,0.9687911576901368,0.05,0.1,0.2,0.31,0.46,0.61,0.97,FALSE,FALSE,Center for Forecasting and Outbreak Analytics (CFA/CDC) Pyrenew team,2026-05-13,Pyrenew_Hospital_Admissions_RSV
Idaho,ID,0,wk inc rsv hosp,hosp,2026-05-16,2026-05-16,Google_SAI-RSVEns,1.5,3,4,7.5,10,15.5,27,2,3,4,8,10,20,30,0.07648351244922132,0.15296702489844263,0.20395603319792355,0.38241756224610657,0.5098900829948089,0.7903296286419536,1.3767032240859838,0.08,0.15,0.2,0.38,0.51,0.79,1.38,TRUE,FALSE,Google Science AI,2026-05-13,RSVEnsemble
Idaho,ID,1,wk inc rsv hosp,hosp,2026-05-16,2026-05-23,Google_SAI-RSVEns,1,2.5,3.5,6,8.5,12,19.5,1,3,4,6,9,10,20,0.05098900829948089,0.12747252074870222,0.17846152904818308,0.30593404979688527,0.4334065705455875,0.6118680995937705,0.9942856618398772,0.05,0.13,0.18,0.31,0.43,0.61,0.99,TRUE,FALSE,Google Science AI,2026-05-13,RSVEnsemble
Idaho,ID,2,wk inc rsv hosp,hosp,2026-05-16,2026-05-30,Google_SAI-RSVEns,0.5,2,3.5,4.5,6.5,8.5,12,1,2,4,5,7,9,10,0.025494504149740443,0.10197801659896177,0.17846152904818308,0.22945053734766396,0.33142855394662574,0.4334065705455875,0.6118680995937705,0.03,0.1,0.18,0.23,0.33,0.43,0.61,TRUE,FALSE,Google Science AI,2026-05-13,RSVEnsemble
Idaho,ID,0,wk inc rsv hosp,hosp,2026-05-16,2026-05-16,RSVHub-baseline,0,0.5000000000000033,8,10,12,19.50000000000001,28.12499999999998,0,1,8,10,10,20,30,0,0.025494504149740613,0.4079120663958471,0.5098900829948089,0.6118680995937705,0.9942856618398778,1.4340658584228987,0,0.03,0.41,0.51,0.61,0.99,1.43,FALSE,FALSE,RSVHub-hub-models,2026-05-13,RSVHub baseline model
Idaho,ID,1,wk inc rsv hosp,hosp,2026-05-16,2026-05-23,RSVHub-baseline,0,0,4,10,16.279430294302944,25,34.79587845878456,0,0,4,10,20,30,30,0,0,0.20395603319792355,0.5098900829948089,0.8300720063870333,1.2747252074870221,1.7742073355226937,0,0,0.2,0.51,0.83,1.27,1.77,FALSE,FALSE,RSVHub-hub-models,2026-05-13,RSVHub baseline model
Idaho,ID,2,wk inc rsv hosp,hosp,2026-05-16,2026-05-30,RSVHub-baseline,0,0,2,10,19,28,39.60570605706053,0,0,2,10,20,30,40,0,0,0.10197801659896177,0.5098900829948089,0.9687911576901368,1.4276922323854646,2.0194556748502595,0,0,0.1,0.51,0.97,1.43,2.02,FALSE,FALSE,RSVHub-hub-models,2026-05-13,RSVHub baseline model
Idaho,ID,0,wk inc rsv prop ed visits,prop_ed,2026-05-16,2026-05-16,RSVHub-baseline,0,0,7e-4,0.001,0.0013,0.0024000000000000002,0.004000000000000001,0,0,7e-4,0.001,0.0013,0.0024,0.004,NA,NA,NA,NA,NA,NA,NA,NA,NA,NA,NA,NA,NA,NA,FALSE,FALSE,RSVHub-hub-models,2026-05-13,RSVHub baseline model
Idaho,ID,1,wk inc rsv prop ed visits,prop_ed,2026-05-16,2026-05-23,RSVHub-baseline,0,0,3.0000000000000003e-4,0.001,0.0018987594875948754,0.0034,0.0061162488374883655,0,0,3e-4,0.001,0.0019,0.0034,0.0061,NA,NA,NA,NA,NA,NA,NA,NA,NA,NA,NA,NA,NA,NA,FALSE,FALSE,RSVHub-hub-models,2026-05-13,RSVHub baseline model
Idaho,ID,2,wk inc rsv prop ed visits,prop_ed,2026-05-16,2026-05-30,RSVHub-baseline,0,0,0,0.001,0.0022695061950619507,0.003969506195061952,0.007037647901479021,0,0,0,0.001,0.0023,0.004,0.007,NA,NA,NA,NA,NA,NA,NA,NA,NA,NA,NA,NA,NA,NA,FALSE,FALSE,RSVHub-hub-models,2026-05-13,RSVHub baseline model
Idaho,ID,0,wk inc rsv hosp,hosp,2026-05-16,2026-05-16,UGA_flucast-INFLAenza,1,2,3,6,8,12,16,1,2,3,6,8,10,20,0.05098900829948089,0.10197801659896177,0.15296702489844263,0.30593404979688527,0.4079120663958471,0.6118680995937705,0.8158241327916942,0.05,0.1,0.15,0.31,0.41,0.61,0.82,TRUE,FALSE,UGA_flucast,2026-05-13,INFLAenza
Idaho,ID,1,wk inc rsv hosp,hosp,2026-05-16,2026-05-23,UGA_flucast-INFLAenza,0,1,2,4,7,10,14,0,1,2,4,7,10,10,0,0.05098900829948089,0.10197801659896177,0.20395603319792355,0.35692305809636615,0.5098900829948089,0.7138461161927323,0,0.05,0.1,0.2,0.36,0.51,0.71,TRUE,FALSE,UGA_flucast,2026-05-13,INFLAenza
Idaho,ID,2,wk inc rsv hosp,hosp,2026-05-16,2026-05-30,UGA_flucast-INFLAenza,0,1,2,3,5,8,12,0,1,2,3,5,8,10,0,0.05098900829948089,0.10197801659896177,0.15296702489844263,0.25494504149740443,0.4079120663958471,0.6118680995937705,0,0.05,0.1,0.15,0.25,0.41,0.61,TRUE,FALSE,UGA_flucast,2026-05-13,INFLAenza
Idaho,ID,0,wk inc rsv prop ed visits,prop_ed,2026-05-16,2026-05-16,UGA_flucast-INFLAenza,4.153469144550429e-4,5.669828532195882e-4,7.515398312451845e-4,9.93143138248663e-4,0.0012630674956407347,0.0015634326158295061,0.0019519326395074134,4.2e-4,5.7e-4,7.5e-4,9.9e-4,0.0013,0.0016,0.002,NA,NA,NA,NA,NA,NA,NA,NA,NA,NA,NA,NA,NA,NA,TRUE,FALSE,UGA_flucast,2026-05-13,INFLAenza
Idaho,ID,1,wk inc rsv prop ed visits,prop_ed,2026-05-16,2026-05-23,UGA_flucast-INFLAenza,2.823005573348223e-4,4.3677123104947146e-4,6.036566800801605e-4,8.392915771537453e-4,0.0011191145473240932,0.0014323561785556612,0.0018573509806564074,2.8e-4,4.4e-4,6e-4,8.4e-4,0.0011,0.0014,0.0019,NA,NA,NA,NA,NA,NA,NA,NA,NA,NA,NA,NA,NA,NA,TRUE,FALSE,UGA_flucast,2026-05-13,INFLAenza
Idaho,ID,2,wk inc rsv prop ed visits,prop_ed,2026-05-16,2026-05-30,UGA_flucast-INFLAenza,2.1729171684633838e-4,3.4775096876094144e-4,5.031393955064497e-4,7.220037956367808e-4,0.0010214345935286664,0.001344828741880237,0.00180194998957233,2.2e-4,3.5e-4,5e-4,7.2e-4,0.001,0.0013,0.0018,NA,NA,NA,NA,NA,NA,NA,NA,NA,NA,NA,NA,NA,NA,TRUE,FALSE,UGA_flucast,2026-05-13,INFLAenza
Idaho,ID,0,wk inc rsv hosp,hosp,2026-05-16,2026-05-16,RSVHub-ensemble,1.75,3,4.5,7.25,9.5,12,15.5,2,3,5,7,10,10,20,0.08923076452409154,0.15296702489844263,0.22945053734766396,0.36967031017123636,0.4843955788450684,0.6118680995937705,0.7903296286419536,0.09,0.15,0.23,0.37,0.48,0.61,0.79,FALSE,TRUE,RSVHub,2026-05-13,Ensemble using RSVHub forecast submissions
Idaho,ID,1,wk inc rsv hosp,hosp,2026-05-16,2026-05-23,RSVHub-ensemble,1,2.25,3.25,5.5,7.75,10.5,14.5,1,2,3,6,8,10,10,0.05098900829948089,0.11472526867383198,0.16571427697331287,0.28043954564714485,0.3951648143209768,0.5353845871445492,0.7393406203424727,0.05,0.11,0.17,0.28,0.4,0.54,0.74,FALSE,TRUE,RSVHub,2026-05-13,Ensemble using RSVHub forecast submissions
Idaho,ID,2,wk inc rsv hosp,hosp,2026-05-16,2026-05-30,RSVHub-ensemble,0.5,2,3,4.5,6.5,8.5,12,1,2,3,5,7,9,10,0.025494504149740443,0.10197801659896177,0.15296702489844263,0.22945053734766396,0.33142855394662574,0.4334065705455875,0.6118680995937705,0.03,0.1,0.15,0.23,0.33,0.43,0.61,FALSE,TRUE,RSVHub,2026-05-13,Ensemble using RSVHub forecast submissions
Idaho,ID,0,wk inc rsv prop ed visits,prop_ed,2026-05-16,2026-05-16,RSVHub-ensemble,3.2399131045710407e-4,4.7703349602042604e-4,6.477646054441335e-4,8.714994553176893e-4,0.0011244300547507884,0.001394592478064561,0.0017546503616785785,3.2e-4,4.8e-4,6.5e-4,8.7e-4,0.0011,0.0014,0.0018,NA,NA,NA,NA,NA,NA,NA,NA,NA,NA,NA,NA,NA,NA,FALSE,TRUE,RSVHub,2026-05-13,Ensemble using RSVHub forecast submissions
Idaho,ID,1,wk inc rsv prop ed visits,prop_ed,2026-05-16,2026-05-23,RSVHub-ensemble,1.7969241318732055e-4,3.3283152647069995e-4,4.5874194617958984e-4,6.82944642758187e-4,9.171006619146849e-4,0.0012096167790094806,0.0015708055187964444,1.8e-4,3.3e-4,4.6e-4,6.8e-4,9.2e-4,0.0012,0.0016,NA,NA,NA,NA,NA,NA,NA,NA,NA,NA,NA,NA,NA,NA,FALSE,TRUE,RSVHub,2026-05-13,Ensemble using RSVHub forecast submissions
Illinois,IL,0,wk inc rsv hosp,hosp,2026-05-16,2026-05-16,CEPH-Rtrend_rsv,16,23,31,43,56,69,87,20,20,30,40,60,70,90,0.12766466068249208,0.18351794973108237,0.2473502800723284,0.3430987755841975,0.44682631238872234,0.5505538491932471,0.6941765924610507,0.13,0.18,0.25,0.34,0.45,0.55,0.69,TRUE,FALSE,CEPH Lab at Indiana University,2026-05-13,Rtrend RSV
Illinois,IL,1,wk inc rsv hosp,hosp,2026-05-16,2026-05-23,CEPH-Rtrend_rsv,9,14,20,30,43,56,74,9,10,20,30,40,60,70,0.0718113716339018,0.11170657809718058,0.1595808258531151,0.23937123877967265,0.3430987755841975,0.44682631238872234,0.590449055656526,0.07,0.11,0.16,0.24,0.34,0.45,0.59,TRUE,FALSE,CEPH Lab at Indiana University,2026-05-13,Rtrend RSV
Illinois,IL,2,wk inc rsv hosp,hosp,2026-05-16,2026-05-30,CEPH-Rtrend_rsv,5,8,13,21,31,44,60,5,8,10,20,30,40,60,0.03989520646327877,0.06383233034124604,0.1037275368045248,0.16755986714577087,0.2473502800723284,0.35107781687685324,0.4787424775593453,0.04,0.06,0.1,0.17,0.25,0.35,0.48,TRUE,FALSE,CEPH Lab at Indiana University,2026-05-13,Rtrend RSV
Illinois,IL,0,wk inc rsv prop ed visits,prop_ed,2026-05-16,2026-05-16,CFA_Pyrenew-Pyrenew_E_RSV,4.394871147521073e-4,5.07985059347229e-4,5.781054551308211e-4,6.633373258404236e-4,7.650649217432386e-4,8.590202764933835e-4,9.872691137408163e-4,4.4e-4,5.1e-4,5.8e-4,6.6e-4,7.7e-4,8.6e-4,9.9e-4,NA,NA,NA,NA,NA,NA,NA,NA,NA,NA,NA,NA,NA,NA,TRUE,FALSE,Center for Forecasting and Outbreak Analytics (CFA/CDC) Pyrenew team,2026-05-13,Pyrenew_ED_Visits_RSV
Illinois,IL,1,wk inc rsv prop ed visits,prop_ed,2026-05-16,2026-05-23,CFA_Pyrenew-Pyrenew_E_RSV,2.535380840607729e-4,3.113870420179347e-4,3.8035825143013075e-4,4.861121836407492e-4,6.121928586580664e-4,0.00074331637531160075,9.314109013523741e-4,2.5e-4,3.1e-4,3.8e-4,4.9e-4,6.1e-4,7.4e-4,0.00093000000000000005,NA,NA,NA,NA,NA,NA,NA,NA,NA,NA,NA,NA,NA,NA,TRUE,FALSE,Center for Forecasting and Outbreak Analytics (CFA/CDC) Pyrenew team,2026-05-13,Pyrenew_ED_Visits_RSV
Illinois,IL,0,wk inc rsv prop ed visits,prop_ed,2026-05-16,2026-05-16,CFA_Pyrenew-Pyrenew_HE_RSV,4.3309349949473974e-4,5.126960291091287e-4,5.814624564223121e-4,6.7357907971585e-4,7.691058140077159e-4,8.672154919400171e-4,9.695273651621176e-4,4.3e-4,5.1e-4,5.8e-4,6.7e-4,7.7e-4,8.7e-4,9.7e-4,NA,NA,NA,NA,NA,NA,NA,NA,NA,NA,NA,NA,NA,NA,FALSE,FALSE,Center for Forecasting and Outbreak Analytics (CFA/CDC) Pyrenew team,2026-05-13,Pyrenew_Hospital_Admissions_ED_Visits_RSV
Illinois,IL,1,wk inc rsv prop ed visits,prop_ed,2026-05-16,2026-05-23,CFA_Pyrenew-Pyrenew_HE_RSV,2.425833008067272e-4,3.1172684037306797e-4,3.8592639027401783e-4,4.846717884149514e-4,6.104610067783571e-4,7.367208614445734e-4,9.251524366642908e-4,2.4e-4,3.1e-4,3.9e-4,4.8e-4,6.1e-4,7.4e-4,0.00093000000000000005,NA,NA,NA,NA,NA,NA,NA,NA,NA,NA,NA,NA,NA,NA,FALSE,FALSE,Center for Forecasting and Outbreak Analytics (CFA/CDC) Pyrenew team,2026-05-13,Pyrenew_Hospital_Admissions_ED_Visits_RSV
Illinois,IL,0,wk inc rsv hosp,hosp,2026-05-16,2026-05-16,CFA_Pyrenew-Pyrenew_HE_RSV,22.975,27,32,37,43,50,56,20,30,30,40,40,50,60,0.183318473698766,0.21543411490170541,0.25532932136498415,0.295224527828263,0.3430987755841975,0.39895206463278776,0.44682631238872234,0.18,0.22,0.26,0.3,0.34,0.4,0.45,TRUE,FALSE,Center for Forecasting and Outbreak Analytics (CFA/CDC) Pyrenew team,2026-05-13,Pyrenew_Hospital_Admissions_ED_Visits_RSV
Illinois,IL,1,wk inc rsv hosp,hosp,2026-05-16,2026-05-23,CFA_Pyrenew-Pyrenew_HE_RSV,15,19,22,28,33,39,48.024999999999864,20,20,20,30,30,40,50,0.11968561938983632,0.15160178456045936,0.17553890843842662,0.22341315619436117,0.2633083626576399,0.3111826104135744,0.38319345807979155,0.12,0.15,0.18,0.22,0.26,0.31,0.38,TRUE,FALSE,Center for Forecasting and Outbreak Analytics (CFA/CDC) Pyrenew team,2026-05-13,Pyrenew_Hospital_Admissions_ED_Visits_RSV
Illinois,IL,0,wk inc rsv hosp,hosp,2026-05-16,2026-05-16,CFA_Pyrenew-Pyrenew_H_RSV,19,24,30,37,45,54,64,20,20,30,40,50,50,60,0.15160178456045936,0.19149699102373813,0.23937123877967265,0.295224527828263,0.359056858169509,0.43086822980341083,0.5106586427299683,0.15,0.19,0.24,0.3,0.36,0.43,0.51,FALSE,FALSE,Center for Forecasting and Outbreak Analytics (CFA/CDC) Pyrenew team,2026-05-13,Pyrenew_Hospital_Admissions_RSV
Illinois,IL,1,wk inc rsv hosp,hosp,2026-05-16,2026-05-23,CFA_Pyrenew-Pyrenew_H_RSV,10,14,19,26,35,47,60,10,10,20,30,40,50,60,0.07979041292655754,0.11170657809718058,0.15160178456045936,0.2074550736090496,0.27926644524295147,0.3750149407548205,0.4787424775593453,0.08,0.11,0.15,0.21,0.28,0.38,0.48,FALSE,FALSE,Center for Forecasting and Outbreak Analytics (CFA/CDC) Pyrenew team,2026-05-13,Pyrenew_Hospital_Admissions_RSV
Illinois,IL,0,wk inc rsv hosp,hosp,2026-05-16,2026-05-16,Google_SAI-RSVEns,23,30.5,34.5,39.5,50.5,67,103,20,30,30,40,50,70,100,0.18351794973108237,0.24336075942600052,0.27527692459662356,0.3151721310599023,0.4029415852791156,0.5345957666079356,0.8218412531435427,0.18,0.24,0.28,0.32,0.4,0.53,0.82,TRUE,FALSE,Google Science AI,2026-05-13,RSVEnsemble
Illinois,IL,1,wk inc rsv hosp,hosp,2026-05-16,2026-05-23,Google_SAI-RSVEns,19.5,26.5,29,31,40.5,59,86,20,30,30,30,40,60,90,0.1555913052067872,0.21144459425537754,0.23139219748701692,0.2473502800723284,0.3231511723525581,0.4707634362666896,0.686197551168395,0.16,0.21,0.23,0.25,0.32,0.47,0.69,TRUE,FALSE,Google Science AI,2026-05-13,RSVEnsemble
Illinois,IL,2,wk inc rsv hosp,hosp,2026-05-16,2026-05-30,Google_SAI-RSVEns,14.5,19.5,21,25.5,34.5,49.5,75.5,10,20,20,30,30,50,80,0.11569609874350846,0.1555913052067872,0.16755986714577087,0.20346555296272173,0.27527692459662356,0.39496254398645986,0.6024176175955095,0.12,0.16,0.17,0.2,0.28,0.39,0.6,TRUE,FALSE,Google Science AI,2026-05-13,RSVEnsemble
Illinois,IL,0,wk inc rsv hosp,hosp,2026-05-16,2026-05-16,RSVHub-baseline,0,0,29.5,49,68.5,101.50000000000001,158.7499999999999,0,0,30,50,70,100,160,0,0,0.2353817181333448,0.390973023340132,0.5465643285469193,0.8098726912045593,1.2666728052091,0,0,0.24,0.39,0.55,0.81,1.27,FALSE,FALSE,RSVHub-hub-models,2026-05-13,RSVHub baseline model
Illinois,IL,1,wk inc rsv hosp,hosp,2026-05-16,2026-05-23,RSVHub-baseline,0,0,16.595075950759508,49,83.76883268832688,128.9704307043071,201.20695106951038,0,0,20,50,80,130,200,0,0,0.13241279626586858,0.390973023340132,0.6683949750577314,1.029060392121264,1.6054385709529893,0,0,0.13,0.39,0.67,1.03,1.61,FALSE,FALSE,RSVHub-hub-models,2026-05-13,RSVHub baseline model
Illinois,IL,2,wk inc rsv hosp,hosp,2026-05-16,2026-05-30,RSVHub-baseline,0,0,5.306473064730653,49,95.51301763017632,151.49630496304974,231.38893988939898,0,0,5,50,100,150,230,0,0,0.04234056770185142,0.390973023340132,0.762102311657334,1.208795272984943,1.8462619060413548,0,0,0.04,0.39,0.76,1.21,1.85,FALSE,FALSE,RSVHub-hub-models,2026-05-13,RSVHub baseline model
Illinois,IL,0,wk inc rsv prop ed visits,prop_ed,2026-05-16,2026-05-16,RSVHub-baseline,0,0,6.000000000000001e-4,8e-4,0.001,0.0018500000000000027,0.0034624999999999955,0,0,6e-4,8e-4,0.001,0.0019,0.0035,NA,NA,NA,NA,NA,NA,NA,NA,NA,NA,NA,NA,NA,NA,FALSE,FALSE,RSVHub-hub-models,2026-05-13,RSVHub baseline model
Illinois,IL,1,wk inc rsv prop ed visits,prop_ed,2026-05-16,2026-05-23,RSVHub-baseline,0,0,2.999999999999998e-4,8e-4,0.0014000000000000006,0.0027,0.004199991224912251,0,0,3e-4,8e-4,0.0014,0.0027,0.0042,NA,NA,NA,NA,NA,NA,NA,NA,NA,NA,NA,NA,NA,NA,FALSE,FALSE,RSVHub-hub-models,2026-05-13,RSVHub baseline model
Illinois,IL,2,wk inc rsv prop ed visits,prop_ed,2026-05-16,2026-05-30,RSVHub-baseline,0,0,6.015060150601413e-5,8e-4,0.0017772252722527246,0.0031281078810788125,0.00488684599345993,0,0,6e-5,8e-4,0.0018,0.0031,0.0049,NA,NA,NA,NA,NA,NA,NA,NA,NA,NA,NA,NA,NA,NA,FALSE,FALSE,RSVHub-hub-models,2026-05-13,RSVHub baseline model
Illinois,IL,0,wk inc rsv hosp,hosp,2026-05-16,2026-05-16,UGA_flucast-INFLAenza,16,22,31,42,58,76,103,20,20,30,40,60,80,100,0.12766466068249208,0.17553890843842662,0.2473502800723284,0.33511973429154174,0.46278439497403384,0.6064071382418375,0.8218412531435427,0.13,0.18,0.25,0.34,0.46,0.61,0.82,TRUE,FALSE,UGA_flucast,2026-05-13,INFLAenza
Illinois,IL,1,wk inc rsv hosp,hosp,2026-05-16,2026-05-23,UGA_flucast-INFLAenza,9,15,21,31,46,64,93,9,20,20,30,50,60,90,0.0718113716339018,0.11968561938983632,0.16755986714577087,0.2473502800723284,0.36703589946216475,0.5106586427299683,0.7420508402169852,0.07,0.12,0.17,0.25,0.37,0.51,0.74,TRUE,FALSE,UGA_flucast,2026-05-13,INFLAenza
Illinois,IL,2,wk inc rsv hosp,hosp,2026-05-16,2026-05-30,UGA_flucast-INFLAenza,6,10,15,24,37,52,78,6,10,20,20,40,50,80,0.04787424775593453,0.07979041292655754,0.11968561938983632,0.19149699102373813,0.295224527828263,0.4149101472180992,0.6223652208271488,0.05,0.08,0.12,0.19,0.3,0.41,0.62,TRUE,FALSE,UGA_flucast,2026-05-13,INFLAenza
Illinois,IL,0,wk inc rsv prop ed visits,prop_ed,2026-05-16,2026-05-16,UGA_flucast-INFLAenza,3.31161649256852e-4,4.674418517829736e-4,6.337472326352314e-4,8.385699130179011e-4,0.0010846137025076717,0.0013569515039671082,0.0016863068110377216,3.3e-4,4.7e-4,6.3e-4,8.4e-4,0.0011,0.0014,0.0017,NA,NA,NA,NA,NA,NA,NA,NA,NA,NA,NA,NA,NA,NA,TRUE,FALSE,UGA_flucast,2026-05-13,INFLAenza
Illinois,IL,1,wk inc rsv prop ed visits,prop_ed,2026-05-16,2026-05-23,UGA_flucast-INFLAenza,2.343631244974046e-4,3.684456944961331e-4,5.158129086940426e-4,7.314325688722342e-4,9.820221958627745e-4,0.001256629202745948,0.001658886800118648,2.3e-4,3.7e-4,5.2e-4,7.3e-4,9.8e-4,0.0013,0.0017,NA,NA,NA,NA,NA,NA,NA,NA,NA,NA,NA,NA,NA,NA,TRUE,FALSE,UGA_flucast,2026-05-13,INFLAenza
Illinois,IL,2,wk inc rsv prop ed visits,prop_ed,2026-05-16,2026-05-30,UGA_flucast-INFLAenza,1.8388396351179135e-4,2.9056523491145694e-4,4.3244431795378996e-4,6.443560897375831e-4,9.033005527372261e-4,0.0011932229943308992,0.0016093628707344444,1.8e-4,2.9e-4,4.3e-4,6.4e-4,9e-4,0.0012,0.0016,NA,NA,NA,NA,NA,NA,NA,NA,NA,NA,NA,NA,NA,NA,TRUE,FALSE,UGA_flucast,2026-05-13,INFLAenza
Illinois,IL,0,wk inc rsv hosp,hosp,2026-05-16,2026-05-16,RSVHub-ensemble,19.4875,25,31.5,40.75,53.25,68,95,20,30,30,40,50,70,100,0.15549156719062904,0.19947603231639388,0.2513398007186563,0.325145932675722,0.424883948833919,0.5425748079005914,0.7580089228022967,0.16,0.2,0.25,0.33,0.42,0.54,0.76,FALSE,TRUE,RSVHub,2026-05-13,Ensemble using RSVHub forecast submissions
Illinois,IL,1,wk inc rsv hosp,hosp,2026-05-16,2026-05-23,RSVHub-ensemble,12,17,21.5,30.5,41.75,57.5,80,10,20,20,30,40,60,80,0.09574849551186906,0.13564370197514786,0.17154938779209875,0.24336075942600052,0.3331249739683778,0.45879487432770594,0.6383233034124604,0.1,0.14,0.17,0.24,0.33,0.46,0.64,FALSE,TRUE,RSVHub,2026-05-13,Ensemble using RSVHub forecast submissions
Illinois,IL,2,wk inc rsv hosp,hosp,2026-05-16,2026-05-30,RSVHub-ensemble,6,10,15,24,34.5,49.5,75.5,6,10,20,20,30,50,80,0.04787424775593453,0.07979041292655754,0.11968561938983632,0.19149699102373813,0.27527692459662356,0.39496254398645986,0.6024176175955095,0.05,0.08,0.12,0.19,0.28,0.39,0.6,FALSE,TRUE,RSVHub,2026-05-13,Ensemble using RSVHub forecast submissions
Illinois,IL,0,wk inc rsv prop ed visits,prop_ed,2026-05-16,2026-05-16,RSVHub-ensemble,3.8532438200447963e-4,4.8771345556510135e-4,6.059263438830263e-4,7.509536194291624e-4,9.248393121254551e-4,0.0011079858902302458,0.0013367879623892688,3.9e-4,4.9e-4,6.1e-4,7.5e-4,9.2e-4,0.0011,0.0013,NA,NA,NA,NA,NA,NA,NA,NA,NA,NA,NA,NA,NA,NA,FALSE,TRUE,RSVHub,2026-05-13,Ensemble using RSVHub forecast submissions
Illinois,IL,1,wk inc rsv prop ed visits,prop_ed,2026-05-16,2026-05-23,RSVHub-ensemble,2.4395060427908876e-4,3.399163682570339e-4,4.4808558006208666e-4,6.087723762564917e-4,7.971075272604205e-4,9.999727890287744e-4,0.001295148850735511,2.4e-4,3.4e-4,4.5e-4,6.1e-4,8e-4,0.001,0.0013,NA,NA,NA,NA,NA,NA,NA,NA,NA,NA,NA,NA,NA,NA,FALSE,TRUE,RSVHub,2026-05-13,Ensemble using RSVHub forecast submissions
Indiana,IN,0,wk inc rsv hosp,hosp,2026-05-16,2026-05-16,CEPH-Rtrend_rsv,22,26,30,35,41,47,54,20,30,30,40,40,50,50,0.3206468905267791,0.3789463251680117,0.43724575980924424,0.5101200531107849,0.5975692050726339,0.6850183570344827,0.7870423676566396,0.32,0.38,0.44,0.51,0.6,0.69,0.79,TRUE,FALSE,CEPH Lab at Indiana University,2026-05-13,Rtrend RSV
Indiana,IN,1,wk inc rsv hosp,hosp,2026-05-16,2026-05-23,CEPH-Rtrend_rsv,15,18,23,28,35,42,51,20,20,20,30,40,40,50,0.21862287990462212,0.26234745588554653,0.33522174918708725,0.4080960424886279,0.5101200531107849,0.612144063732942,0.7433177916757152,0.22,0.26,0.34,0.41,0.51,0.61,0.74,TRUE,FALSE,CEPH Lab at Indiana University,2026-05-13,Rtrend RSV
Indiana,IN,2,wk inc rsv hosp,hosp,2026-05-16,2026-05-30,CEPH-Rtrend_rsv,10,13,17,22,29,37,47,10,10,20,20,30,40,50,0.14574858660308143,0.18947316258400584,0.24777259722523842,0.3206468905267791,0.4226709011489361,0.5392697704314012,0.6850183570344827,0.15,0.19,0.25,0.32,0.42,0.54,0.69,TRUE,FALSE,CEPH Lab at Indiana University,2026-05-13,Rtrend RSV
Indiana,IN,0,wk inc rsv prop ed visits,prop_ed,2026-05-16,2026-05-16,CFA_Pyrenew-Pyrenew_E_RSV,6.699806080411042e-4,8.027292322163921e-4,9.212131225214108e-4,0.001077273891098718,0.0012433797458932712,0.0014244066601803891,0.0016260571383821375,6.7e-4,8e-4,9.2e-4,0.0011,0.0012,0.0014,0.0016,NA,NA,NA,NA,NA,NA,NA,NA,NA,NA,NA,NA,NA,NA,TRUE,FALSE,Center for Forecasting and Outbreak Analytics (CFA/CDC) Pyrenew team,2026-05-13,Pyrenew_ED_Visits_RSV
Indiana,IN,1,wk inc rsv prop ed visits,prop_ed,2026-05-16,2026-05-23,CFA_Pyrenew-Pyrenew_E_RSV,4.470796227750048e-4,5.700798250635137e-4,7.147400938819386e-4,8.941631683707964e-4,0.001126839966252537,0.0013629713770185693,0.0017214678027602987,4.5e-4,5.7e-4,7.1e-4,8.9e-4,0.0011,0.0014,0.0017,NA,NA,NA,NA,NA,NA,NA,NA,NA,NA,NA,NA,NA,NA,TRUE,FALSE,Center for Forecasting and Outbreak Analytics (CFA/CDC) Pyrenew team,2026-05-13,Pyrenew_ED_Visits_RSV
Indiana,IN,0,wk inc rsv prop ed visits,prop_ed,2026-05-16,2026-05-16,CFA_Pyrenew-Pyrenew_HE_RSV,6.683594320545884e-4,7.809532180219894e-4,9.087445878913094e-4,0.001058110854491655,0.0012306798291179537,0.0013866888924413,0.0015895446328472005,6.7e-4,7.8e-4,9.1e-4,0.0011,0.0012,0.0014,0.0016,NA,NA,NA,NA,NA,NA,NA,NA,NA,NA,NA,NA,NA,NA,FALSE,FALSE,Center for Forecasting and Outbreak Analytics (CFA/CDC) Pyrenew team,2026-05-13,Pyrenew_Hospital_Admissions_ED_Visits_RSV
Indiana,IN,1,wk inc rsv prop ed visits,prop_ed,2026-05-16,2026-05-23,CFA_Pyrenew-Pyrenew_HE_RSV,4.3688382136149726e-4,5.631788336003199e-4,6.97112234091721e-4,8.799624112867087e-4,0.0010900755466929667,0.001339490916372684,0.0016763985038027221,4.4e-4,5.6e-4,7e-4,8.8e-4,0.0011,0.0013,0.0017,NA,NA,NA,NA,NA,NA,NA,NA,NA,NA,NA,NA,NA,NA,FALSE,FALSE,Center for Forecasting and Outbreak Analytics (CFA/CDC) Pyrenew team,2026-05-13,Pyrenew_Hospital_Admissions_ED_Visits_RSV
Indiana,IN,0,wk inc rsv hosp,hosp,2026-05-16,2026-05-16,CFA_Pyrenew-Pyrenew_HE_RSV,18,24,28,35,42,49,58,20,20,30,40,40,50,60,0.26234745588554653,0.3497966078473954,0.4080960424886279,0.5101200531107849,0.612144063732942,0.714168074355099,0.8453418022978721,0.26,0.35,0.41,0.51,0.61,0.71,0.85,TRUE,FALSE,Center for Forecasting and Outbreak Analytics (CFA/CDC) Pyrenew team,2026-05-13,Pyrenew_Hospital_Admissions_ED_Visits_RSV
Indiana,IN,1,wk inc rsv hosp,hosp,2026-05-16,2026-05-23,CFA_Pyrenew-Pyrenew_HE_RSV,14,17,22,28,36,43,54,10,20,20,30,40,40,50,0.20404802124431395,0.24777259722523842,0.3206468905267791,0.4080960424886279,0.5246949117710931,0.6267189223932501,0.7870423676566396,0.2,0.25,0.32,0.41,0.52,0.63,0.79,TRUE,FALSE,Center for Forecasting and Outbreak Analytics (CFA/CDC) Pyrenew team,2026-05-13,Pyrenew_Hospital_Admissions_ED_Visits_RSV
Indiana,IN,0,wk inc rsv hosp,hosp,2026-05-16,2026-05-16,CFA_Pyrenew-Pyrenew_H_RSV,16,20,26,33,40,48,59,20,20,30,30,40,50,60,0.23319773856493028,0.29149717320616286,0.3789463251680117,0.4809703357901687,0.5829943464123257,0.6995932156947908,0.8599166609581803,0.23,0.29,0.38,0.48,0.58,0.7,0.86,FALSE,FALSE,Center for Forecasting and Outbreak Analytics (CFA/CDC) Pyrenew team,2026-05-13,Pyrenew_Hospital_Admissions_RSV
Indiana,IN,1,wk inc rsv hosp,hosp,2026-05-16,2026-05-23,CFA_Pyrenew-Pyrenew_H_RSV,9,14,19,26,37,48,66,9,10,20,30,40,50,70,0.13117372794277327,0.20404802124431395,0.2769223145458547,0.3789463251680117,0.5392697704314012,0.6995932156947908,0.9619406715803374,0.13,0.2,0.28,0.38,0.54,0.7,0.96,FALSE,FALSE,Center for Forecasting and Outbreak Analytics (CFA/CDC) Pyrenew team,2026-05-13,Pyrenew_Hospital_Admissions_RSV
Indiana,IN,0,wk inc rsv hosp,hosp,2026-05-16,2026-05-16,Google_SAI-RSVEns,18.5,22.5,25,26.5,34,44,63.5,20,20,30,30,30,40,60,0.2696348852157006,0.32793431985693317,0.3643714665077036,0.38623375449816577,0.49554519445047684,0.6412937810535582,0.925503524929567,0.27,0.33,0.36,0.39,0.5,0.64,0.93,TRUE,FALSE,Google Science AI,2026-05-13,RSVEnsemble
Indiana,IN,1,wk inc rsv hosp,hosp,2026-05-16,2026-05-23,Google_SAI-RSVEns,9.5,14,17.5,22,27,36,61,10,10,20,20,30,40,60,0.13846115727292735,0.20404802124431395,0.25506002655539245,0.3206468905267791,0.3935211838283198,0.5246949117710931,0.8890663782787966,0.14,0.2,0.26,0.32,0.39,0.52,0.89,TRUE,FALSE,Google Science AI,2026-05-13,RSVEnsemble
Indiana,IN,2,wk inc rsv hosp,hosp,2026-05-16,2026-05-30,Google_SAI-RSVEns,7.5,10.5,14,18,22.5,29.5,49.5,8,10,10,20,20,30,50,0.10931143995231106,0.1530360159332355,0.20404802124431395,0.26234745588554653,0.32793431985693317,0.42995833047909016,0.721455503685253,0.11,0.15,0.2,0.26,0.33,0.43,0.72,TRUE,FALSE,Google Science AI,2026-05-13,RSVEnsemble
Indiana,IN,0,wk inc rsv hosp,hosp,2026-05-16,2026-05-16,RSVHub-baseline,0,9,29,37,45,65,101.62499999999989,0,9,30,40,50,70,100,0,0.13117372794277327,0.4226709011489361,0.5392697704314012,0.6558686397138663,0.9473658129200292,1.481170011353813,0,0.13,0.42,0.54,0.66,0.95,1.48,FALSE,FALSE,RSVHub-hub-models,2026-05-13,RSVHub baseline model
Indiana,IN,1,wk inc rsv hosp,hosp,2026-05-16,2026-05-23,RSVHub-baseline,0,0,21,37,53.820045700457,82.25527255272557,128.8953607036067,0,0,20,40,50,80,130,0,0,0.306072031866471,0.5392697704314012,0.7844195591754857,1.1988589715210989,1.878631664224504,0,0,0.31,0.54,0.78,1.2,1.88,FALSE,FALSE,RSVHub-hub-models,2026-05-13,RSVHub baseline model
Indiana,IN,2,wk inc rsv hosp,hosp,2026-05-16,2026-05-30,RSVHub-baseline,0,0,13.72809978099782,37,61.8738612386124,95.77204272042718,142.29592395923964,0,0,10,40,60,100,140,0,0,0.2000851139826504,0.5392697704314012,0.9018027823202942,1.3958639862592195,2.073942979643873,0,0,0.2,0.54,0.9,1.4,2.07,FALSE,FALSE,RSVHub-hub-models,2026-05-13,RSVHub baseline model
Indiana,IN,0,wk inc rsv prop ed visits,prop_ed,2026-05-16,2026-05-16,RSVHub-baseline,0,6.000000000000007e-4,0.0012000000000000003,0.0014000000000000002,0.0016,0.0021999999999999997,0.0033624999999999953,0,6e-4,0.0012,0.0014,0.0016,0.0022,0.0034,NA,NA,NA,NA,NA,NA,NA,NA,NA,NA,NA,NA,NA,NA,FALSE,FALSE,RSVHub-hub-models,2026-05-13,RSVHub baseline model
Indiana,IN,1,wk inc rsv prop ed visits,prop_ed,2026-05-16,2026-05-23,RSVHub-baseline,0,1.8255422554225474e-4,9.547032970329707e-4,0.0014000000000000002,0.0018955367053670542,0.0027201515015150214,0.004176728917289177,0,1.8e-4,9.5e-4,0.0014,0.0019,0.0027,0.0042,NA,NA,NA,NA,NA,NA,NA,NA,NA,NA,NA,NA,NA,NA,FALSE,FALSE,RSVHub-hub-models,2026-05-13,RSVHub baseline model
Indiana,IN,2,wk inc rsv prop ed visits,prop_ed,2026-05-16,2026-05-30,RSVHub-baseline,0,0,7.00936009360095e-4,0.0014000000000000002,0.0021,0.003124393843938438,0.00451199411994121,0,0,7e-4,0.0014,0.0021,0.0031,0.0045,NA,NA,NA,NA,NA,NA,NA,NA,NA,NA,NA,NA,NA,NA,FALSE,FALSE,RSVHub-hub-models,2026-05-13,RSVHub baseline model
Indiana,IN,0,wk inc rsv hosp,hosp,2026-05-16,2026-05-16,UGA_flucast-INFLAenza,10,14,19,27,37,48,66,10,10,20,30,40,50,70,0.14574858660308143,0.20404802124431395,0.2769223145458547,0.3935211838283198,0.5392697704314012,0.6995932156947908,0.9619406715803374,0.15,0.2,0.28,0.39,0.54,0.7,0.96,TRUE,FALSE,UGA_flucast,2026-05-13,INFLAenza
Indiana,IN,1,wk inc rsv hosp,hosp,2026-05-16,2026-05-23,UGA_flucast-INFLAenza,5,9,14,20,30,41,60,5,9,10,20,30,40,60,0.07287429330154072,0.13117372794277327,0.20404802124431395,0.29149717320616286,0.43724575980924424,0.5975692050726339,0.8744915196184885,0.07,0.13,0.2,0.29,0.44,0.6,0.87,TRUE,FALSE,UGA_flucast,2026-05-13,INFLAenza
Indiana,IN,2,wk inc rsv hosp,hosp,2026-05-16,2026-05-30,UGA_flucast-INFLAenza,3,6,10,15,23,34,51,3,6,10,20,20,30,50,0.04372457598092443,0.08744915196184885,0.14574858660308143,0.21862287990462212,0.33522174918708725,0.49554519445047684,0.7433177916757152,0.04,0.09,0.15,0.22,0.34,0.5,0.74,TRUE,FALSE,UGA_flucast,2026-05-13,INFLAenza
Indiana,IN,0,wk inc rsv prop ed visits,prop_ed,2026-05-16,2026-05-16,UGA_flucast-INFLAenza,4.4334117833306537e-4,6.059298015095265e-4,7.986241017755689e-4,0.0010402059838105983,0.0013298848632007148,0.0016371951648725927,0.002032872560970647,4.4e-4,6.1e-4,8e-4,0.001,0.0013,0.0016,0.002,NA,NA,NA,NA,NA,NA,NA,NA,NA,NA,NA,NA,NA,NA,TRUE,FALSE,UGA_flucast,2026-05-13,INFLAenza
Indiana,IN,1,wk inc rsv prop ed visits,prop_ed,2026-05-16,2026-05-23,UGA_flucast-INFLAenza,3.1814773262518227e-4,4.7638463794291036e-4,6.624024901085468e-4,9.054515004528385e-4,0.001200494456465763,0.00154140374671551,0.001974878334614323,3.2e-4,4.8e-4,6.6e-4,9.1e-4,0.0012,0.0015,0.002,NA,NA,NA,NA,NA,NA,NA,NA,NA,NA,NA,NA,NA,NA,TRUE,FALSE,UGA_flucast,2026-05-13,INFLAenza
Indiana,IN,2,wk inc rsv prop ed visits,prop_ed,2026-05-16,2026-05-30,UGA_flucast-INFLAenza,2.2799658927321153e-4,3.7230626196236015e-4,5.480461587188849e-4,7.795613028804654e-4,0.0010864464748774143,0.0014313503218602414,0.0019113743922583957,2.3e-4,3.7e-4,5.5e-4,7.8e-4,0.0011,0.0014,0.0019,NA,NA,NA,NA,NA,NA,NA,NA,NA,NA,NA,NA,NA,NA,TRUE,FALSE,UGA_flucast,2026-05-13,INFLAenza
Indiana,IN,0,wk inc rsv hosp,hosp,2026-05-16,2026-05-16,RSVHub-ensemble,18.25,23.25,26.5,31,39,47.5,60.75,20,20,30,30,40,50,60,0.2659911705506236,0.3388654638521643,0.38623375449816577,0.4518206184695524,0.5684194877520176,0.6923057863646367,0.8854226636137197,0.27,0.34,0.39,0.45,0.57,0.69,0.89,FALSE,TRUE,RSVHub,2026-05-13,Ensemble using RSVHub forecast submissions
Indiana,IN,1,wk inc rsv hosp,hosp,2026-05-16,2026-05-23,RSVHub-ensemble,11.75,15.5,19.75,25,32.5,41.5,57,10,20,20,30,30,40,60,0.17125458925862067,0.2259103092347762,0.2878534585410858,0.3643714665077036,0.4736829064600146,0.6048566344027879,0.830766943637564,0.17,0.23,0.29,0.36,0.47,0.6,0.83,FALSE,TRUE,RSVHub,2026-05-13,Ensemble using RSVHub forecast submissions
Indiana,IN,2,wk inc rsv hosp,hosp,2026-05-16,2026-05-30,RSVHub-ensemble,7.5,10.5,14,18,23,34,49.5,8,10,10,20,20,30,50,0.10931143995231106,0.1530360159332355,0.20404802124431395,0.26234745588554653,0.33522174918708725,0.49554519445047684,0.721455503685253,0.11,0.15,0.2,0.26,0.34,0.5,0.72,FALSE,TRUE,RSVHub,2026-05-13,Ensemble using RSVHub forecast submissions
Indiana,IN,0,wk inc rsv prop ed visits,prop_ed,2026-05-16,2026-05-16,RSVHub-ensemble,5.566608931870848e-4,7.043295168629593e-4,8.599186121484899e-4,0.0010587399374546581,0.0012866323045469929,0.001530800912526491,0.0018294648496763922,5.6e-4,7e-4,8.6e-4,0.0011,0.0013,0.0015,0.0018,NA,NA,NA,NA,NA,NA,NA,NA,NA,NA,NA,NA,NA,NA,FALSE,TRUE,RSVHub,2026-05-13,Ensemble using RSVHub forecast submissions
Indiana,IN,1,wk inc rsv prop ed visits,prop_ed,2026-05-16,2026-05-23,RSVHub-ensemble,3.8261367770009354e-4,5.23232231503212e-4,6.885712919952427e-4,8.998073344118174e-4,0.00116366721135915,0.0014521875618670396,0.0018481730686873109,3.8e-4,5.2e-4,6.9e-4,9e-4,0.0012,0.0015,0.0018,NA,NA,NA,NA,NA,NA,NA,NA,NA,NA,NA,NA,NA,NA,FALSE,TRUE,RSVHub,2026-05-13,Ensemble using RSVHub forecast submissions
Iowa,IA,0,wk inc rsv hosp,hosp,2026-05-16,2026-05-16,CEPH-Rtrend_rsv,9,11,13,15,18,21,25,9,10,10,20,20,20,30,0.2806613128962002,0.34303049353980025,0.40539967418340034,0.4677688548270003,0.5613226257924004,0.6548763967578005,0.7796147580450007,0.28,0.34,0.41,0.47,0.56,0.65,0.78,TRUE,FALSE,CEPH Lab at Indiana University,2026-05-13,Rtrend RSV
Iowa,IA,1,wk inc rsv hosp,hosp,2026-05-16,2026-05-23,CEPH-Rtrend_rsv,6,7,9,12,15,18,22,6,7,9,10,20,20,20,0.18710754193080015,0.2182921322526002,0.2806613128962002,0.3742150838616003,0.4677688548270003,0.5613226257924004,0.6860609870796005,0.19,0.22,0.28,0.37,0.47,0.56,0.69,TRUE,FALSE,CEPH Lab at Indiana University,2026-05-13,Rtrend RSV
Iowa,IA,2,wk inc rsv hosp,hosp,2026-05-16,2026-05-30,CEPH-Rtrend_rsv,3,5,6,9,12,16,20,3,5,6,9,10,20,20,0.09355377096540007,0.15592295160900013,0.18710754193080015,0.2806613128962002,0.3742150838616003,0.49895344514880036,0.6236918064360005,0.09,0.16,0.19,0.28,0.37,0.5,0.62,TRUE,FALSE,CEPH Lab at Indiana University,2026-05-13,Rtrend RSV
Iowa,IA,0,wk inc rsv prop ed visits,prop_ed,2026-05-16,2026-05-16,CFA_Pyrenew-Pyrenew_E_RSV,5.471731099573124e-4,7.307291415366093e-4,9.232319684319245e-4,0.001172336358751407,0.0014457382071082203,0.0017376022126245534,0.002040772991116758,5.5e-4,7.3e-4,9.2e-4,0.0012,0.0014,0.0017,0.002,NA,NA,NA,NA,NA,NA,NA,NA,NA,NA,NA,NA,NA,NA,TRUE,FALSE,Center for Forecasting and Outbreak Analytics (CFA/CDC) Pyrenew team,2026-05-13,Pyrenew_ED_Visits_RSV
Iowa,IA,1,wk inc rsv prop ed visits,prop_ed,2026-05-16,2026-05-23,CFA_Pyrenew-Pyrenew_E_RSV,2.707765818545651e-4,4.233613212782131e-4,5.798334884374302e-4,8.106302352657658e-4,0.0011023028382432854,0.0014546750409688333,0.0019471644366514172,2.7e-4,4.2e-4,5.8e-4,8.1e-4,0.0011,0.0015,0.0019,NA,NA,NA,NA,NA,NA,NA,NA,NA,NA,NA,NA,NA,NA,TRUE,FALSE,Center for Forecasting and Outbreak Analytics (CFA/CDC) Pyrenew team,2026-05-13,Pyrenew_ED_Visits_RSV
Iowa,IA,0,wk inc rsv prop ed visits,prop_ed,2026-05-16,2026-05-16,CFA_Pyrenew-Pyrenew_HE_RSV,5.367388340089355e-4,7.023446259338104e-4,9.059475328496048e-4,0.0011682607809439653,0.0014295431706921892,0.0017282231578771197,0.0021348522617922654,5.4e-4,7e-4,9.1e-4,0.0012,0.0014,0.0017,0.0021,NA,NA,NA,NA,NA,NA,NA,NA,NA,NA,NA,NA,NA,NA,FALSE,FALSE,Center for Forecasting and Outbreak Analytics (CFA/CDC) Pyrenew team,2026-05-13,Pyrenew_Hospital_Admissions_ED_Visits_RSV
Iowa,IA,1,wk inc rsv prop ed visits,prop_ed,2026-05-16,2026-05-23,CFA_Pyrenew-Pyrenew_HE_RSV,2.5763126896245634e-4,4.08934266523062e-4,5.781563504073473e-4,8.046809016868431e-4,0.0011083004057158047,0.0014571846392949178,0.0019933478548887417,2.6e-4,4.1e-4,5.8e-4,8e-4,0.0011,0.0015,0.002,NA,NA,NA,NA,NA,NA,NA,NA,NA,NA,NA,NA,NA,NA,FALSE,FALSE,Center for Forecasting and Outbreak Analytics (CFA/CDC) Pyrenew team,2026-05-13,Pyrenew_Hospital_Admissions_ED_Visits_RSV
Iowa,IA,0,wk inc rsv hosp,hosp,2026-05-16,2026-05-16,CFA_Pyrenew-Pyrenew_HE_RSV,6,9,11,14,18,21,25.024999999999864,6,9,10,10,20,20,30,0.18710754193080015,0.2806613128962002,0.34303049353980025,0.4365842645052004,0.5613226257924004,0.6548763967578005,0.7803943728030412,0.19,0.28,0.34,0.44,0.56,0.65,0.78,TRUE,FALSE,Center for Forecasting and Outbreak Analytics (CFA/CDC) Pyrenew team,2026-05-13,Pyrenew_Hospital_Admissions_ED_Visits_RSV
Iowa,IA,1,wk inc rsv hosp,hosp,2026-05-16,2026-05-23,CFA_Pyrenew-Pyrenew_HE_RSV,4,6,8,10,13,17,22.024999999999864,4,6,8,10,10,20,20,0.12473836128720009,0.18710754193080015,0.24947672257440018,0.31184590321800026,0.40539967418340034,0.5301380354706003,0.6868406018376413,0.12,0.19,0.25,0.31,0.41,0.53,0.69,TRUE,FALSE,Center for Forecasting and Outbreak Analytics (CFA/CDC) Pyrenew team,2026-05-13,Pyrenew_Hospital_Admissions_ED_Visits_RSV
Iowa,IA,0,wk inc rsv hosp,hosp,2026-05-16,2026-05-16,CFA_Pyrenew-Pyrenew_H_RSV,6,9,12,16,20,25,31.024999999999864,6,9,10,20,20,30,30,0.18710754193080015,0.2806613128962002,0.3742150838616003,0.49895344514880036,0.6236918064360005,0.7796147580450007,0.9675019147338415,0.19,0.28,0.37,0.5,0.62,0.78,0.97,FALSE,FALSE,Center for Forecasting and Outbreak Analytics (CFA/CDC) Pyrenew team,2026-05-13,Pyrenew_Hospital_Admissions_RSV
Iowa,IA,1,wk inc rsv hosp,hosp,2026-05-16,2026-05-23,CFA_Pyrenew-Pyrenew_H_RSV,3,6,9,12,17.25,24,32,3,6,9,10,20,20,30,0.09355377096540007,0.18710754193080015,0.2806613128962002,0.3742150838616003,0.5379341830510505,0.7484301677232006,0.9979068902976007,0.09,0.19,0.28,0.37,0.54,0.75,1,FALSE,FALSE,Center for Forecasting and Outbreak Analytics (CFA/CDC) Pyrenew team,2026-05-13,Pyrenew_Hospital_Admissions_RSV
Iowa,IA,0,wk inc rsv hosp,hosp,2026-05-16,2026-05-16,Google_SAI-RSVEns,8,12.5,14.5,18,21.5,30,46,8,10,10,20,20,30,50,0.24947672257440018,0.38980737902250034,0.4521765596661004,0.5613226257924004,0.6704686919187005,0.9355377096540006,1.4344911548028012,0.25,0.39,0.45,0.56,0.67,0.94,1.43,TRUE,FALSE,Google Science AI,2026-05-13,RSVEnsemble
Iowa,IA,1,wk inc rsv hosp,hosp,2026-05-16,2026-05-23,Google_SAI-RSVEns,5.5,8.5,11,14.5,17.5,22.5,44.5,6,9,10,10,20,20,40,0.17151524676990013,0.26506901773530017,0.34303049353980025,0.4521765596661004,0.5457303306315004,0.7016532822405006,1.3877142693201012,0.17,0.27,0.34,0.45,0.55,0.7,1.39,TRUE,FALSE,Google Science AI,2026-05-13,RSVEnsemble
Iowa,IA,2,wk inc rsv hosp,hosp,2026-05-16,2026-05-30,Google_SAI-RSVEns,3.5,6.5,9,10.5,12.5,17,29,4,7,9,10,10,20,30,0.1091460661263001,0.20269983709170017,0.2806613128962002,0.32743819837890026,0.38980737902250034,0.5301380354706003,0.90435311933220075,0.11,0.2,0.28,0.33,0.39,0.53,0.9,TRUE,FALSE,Google Science AI,2026-05-13,RSVEnsemble
Iowa,IA,0,wk inc rsv hosp,hosp,2026-05-16,2026-05-16,RSVHub-baseline,0,1.0000000000000067,15.75,19,22.250000000000004,37.00000000000002,67.99999999999912,0,1,20,20,20,40,70,0,0.031184590321800234,0.49115729756835036,0.5925072161142004,0.6938571346600506,1.1538298419066015,2.1205521418823743,0,0.03,0.49,0.59,0.69,1.15,2.12,FALSE,FALSE,RSVHub-hub-models,2026-05-13,RSVHub baseline model
Iowa,IA,1,wk inc rsv hosp,hosp,2026-05-16,2026-05-23,RSVHub-baseline,0,0,8,19,31,47.806557065570665,104.86717867178672,0,0,8,20,30,50,100,0,0,0.24947672257440018,0.5925072161142004,0.9667222999758007,1.4908278967855755,3.270240005082674,0,0,0.25,0.59,0.97,1.49,3.27,FALSE,FALSE,RSVHub-hub-models,2026-05-13,RSVHub baseline model
Iowa,IA,2,wk inc rsv hosp,hosp,2026-05-16,2026-05-30,RSVHub-baseline,0,0,3.8068230682306794,19,35.93041430414304,59.44108741087413,112.5379373793736,0,0,4,20,40,60,110,0,0,0.11871421781035152,0.5925072161142004,1.1204752501672444,1.8536459591904146,3.5094494728361516,0,0,0.12,0.59,1.12,1.85,3.51,FALSE,FALSE,RSVHub-hub-models,2026-05-13,RSVHub baseline model
Iowa,IA,0,wk inc rsv prop ed visits,prop_ed,2026-05-16,2026-05-16,RSVHub-baseline,0,5.0000000000000544e-5,0.0011,0.0014000000000000002,0.0017000000000000003,0.0027500000000000024,0.004399999999999999,0,5e-5,0.0011,0.0014,0.0017,0.0028,0.0044,NA,NA,NA,NA,NA,NA,NA,NA,NA,NA,NA,NA,NA,NA,FALSE,FALSE,RSVHub-hub-models,2026-05-13,RSVHub baseline model
Iowa,IA,1,wk inc rsv prop ed visits,prop_ed,2026-05-16,2026-05-23,RSVHub-baseline,0,0,6.000000000000001e-4,0.0014000000000000002,0.0023,0.0036564578645786466,0.005766511415114145,0,0,6e-4,0.0014,0.0023,0.0037,0.0058,NA,NA,NA,NA,NA,NA,NA,NA,NA,NA,NA,NA,NA,NA,FALSE,FALSE,RSVHub-hub-models,2026-05-13,RSVHub baseline model
Iowa,IA,2,wk inc rsv prop ed visits,prop_ed,2026-05-16,2026-05-30,RSVHub-baseline,0,0,2.999999999999998e-4,0.0014000000000000002,0.002672260972609723,0.0042848567485674885,0.006317316773167709,0,0,3e-4,0.0014,0.0027,0.0043,0.0063,NA,NA,NA,NA,NA,NA,NA,NA,NA,NA,NA,NA,NA,NA,FALSE,FALSE,RSVHub-hub-models,2026-05-13,RSVHub baseline model
Iowa,IA,0,wk inc rsv hosp,hosp,2026-05-16,2026-05-16,UGA_flucast-INFLAenza,3,6,9,13,19,25,35,3,6,9,10,20,30,40,0.09355377096540007,0.18710754193080015,0.2806613128962002,0.40539967418340034,0.5925072161142004,0.7796147580450007,1.091460661263001,0.09,0.19,0.28,0.41,0.59,0.78,1.09,TRUE,FALSE,UGA_flucast,2026-05-13,INFLAenza
Iowa,IA,1,wk inc rsv hosp,hosp,2026-05-16,2026-05-23,UGA_flucast-INFLAenza,2,4,6,10,15,21,30,2,4,6,10,20,20,30,0.062369180643600045,0.12473836128720009,0.18710754193080015,0.31184590321800026,0.4677688548270003,0.6548763967578005,0.9355377096540006,0.06,0.12,0.19,0.31,0.47,0.65,0.94,TRUE,FALSE,UGA_flucast,2026-05-13,INFLAenza
Iowa,IA,2,wk inc rsv hosp,hosp,2026-05-16,2026-05-30,UGA_flucast-INFLAenza,1,2,4,7,11,17,26,1,2,4,7,10,20,30,0.031184590321800022,0.062369180643600045,0.12473836128720009,0.2182921322526002,0.34303049353980025,0.5301380354706003,0.8107993483668007,0.03,0.06,0.12,0.22,0.34,0.53,0.81,TRUE,FALSE,UGA_flucast,2026-05-13,INFLAenza
Iowa,IA,0,wk inc rsv prop ed visits,prop_ed,2026-05-16,2026-05-16,UGA_flucast-INFLAenza,6.436474144718663e-4,8.544873567576415e-4,0.0010783979899141882,0.0013807095842562535,0.001728045150032277,0.002104050462424816,0.0025647460039124174,6.4e-4,8.5e-4,0.0011,0.0014,0.0017,0.0021,0.0026,NA,NA,NA,NA,NA,NA,NA,NA,NA,NA,NA,NA,NA,NA,TRUE,FALSE,UGA_flucast,2026-05-13,INFLAenza
Iowa,IA,1,wk inc rsv prop ed visits,prop_ed,2026-05-16,2026-05-23,UGA_flucast-INFLAenza,4.55555168985427e-4,6.38671504381073e-4,8.640273197189411e-4,0.0011652212456906503,0.0015449019069839328,0.0019558652080251303,0.002497342419361452,4.6e-4,6.4e-4,8.6e-4,0.0012,0.0015,0.002,0.0025,NA,NA,NA,NA,NA,NA,NA,NA,NA,NA,NA,NA,NA,NA,TRUE,FALSE,UGA_flucast,2026-05-13,INFLAenza
Iowa,IA,2,wk inc rsv prop ed visits,prop_ed,2026-05-16,2026-05-30,UGA_flucast-INFLAenza,3.5883349052084613e-4,5.313276002771888e-4,7.362610269766572e-4,0.0010275241547785116,0.0013935503572913518,0.0017988209877831168,0.002374440212320465,3.6e-4,5.3e-4,7.4e-4,0.001,0.0014,0.0018,0.0024,NA,NA,NA,NA,NA,NA,NA,NA,NA,NA,NA,NA,NA,NA,TRUE,FALSE,UGA_flucast,2026-05-13,INFLAenza
Iowa,IA,0,wk inc rsv hosp,hosp,2026-05-16,2026-05-16,RSVHub-ensemble,7,10,12,14.5,18.5,23,30.012499999999932,7,10,10,10,20,20,30,0.2182921322526002,0.31184590321800026,0.3742150838616003,0.4521765596661004,0.5769149209533004,0.7172455774014006,0.9359275170330211,0.22,0.31,0.37,0.45,0.58,0.72,0.94,FALSE,TRUE,RSVHub,2026-05-13,Ensemble using RSVHub forecast submissions
Iowa,IA,1,wk inc rsv hosp,hosp,2026-05-16,2026-05-23,RSVHub-ensemble,4.75,6.5,8.5,11,15,19.5,26.012499999999932,5,7,9,10,20,20,30,0.1481268040285501,0.20269983709170017,0.26506901773530017,0.34303049353980025,0.4677688548270003,0.6080995112751004,0.811189155745821,0.15,0.2,0.27,0.34,0.47,0.61,0.81,FALSE,TRUE,RSVHub,2026-05-13,Ensemble using RSVHub forecast submissions
Iowa,IA,2,wk inc rsv hosp,hosp,2026-05-16,2026-05-30,RSVHub-ensemble,3,5,6,9,12,17,26,3,5,6,9,10,20,30,0.09355377096540007,0.15592295160900013,0.18710754193080015,0.2806613128962002,0.3742150838616003,0.5301380354706003,0.8107993483668007,0.09,0.16,0.19,0.28,0.37,0.53,0.81,FALSE,TRUE,RSVHub,2026-05-13,Ensemble using RSVHub forecast submissions
Iowa,IA,0,wk inc rsv prop ed visits,prop_ed,2026-05-16,2026-05-16,RSVHub-ensemble,5.954102622145894e-4,7.926082491471254e-4,0.0010008149791730565,0.0012765229715038303,0.0015868916785702486,0.0019208263375246847,0.0023027594975145874,6e-4,7.9e-4,0.001,0.0013,0.0016,0.0019,0.0023,NA,NA,NA,NA,NA,NA,NA,NA,NA,NA,NA,NA,NA,NA,FALSE,TRUE,RSVHub,2026-05-13,Ensemble using RSVHub forecast submissions
Iowa,IA,1,wk inc rsv prop ed visits,prop_ed,2026-05-16,2026-05-23,RSVHub-ensemble,3.631658754199961e-4,5.31016412829643e-4,7.219304040781856e-4,9.87925740478208e-4,0.0013236023726136091,0.0017052701244969818,0.0022222534280064345,3.6e-4,5.3e-4,7.2e-4,9.9e-4,0.0013,0.0017,0.0022,NA,NA,NA,NA,NA,NA,NA,NA,NA,NA,NA,NA,NA,NA,FALSE,TRUE,RSVHub,2026-05-13,Ensemble using RSVHub forecast submissions
Kansas,KS,0,wk inc rsv hosp,hosp,2026-05-16,2026-05-16,CEPH-Rtrend_rsv,5,6,7,9,10,12,14,5,6,7,9,10,10,10,0.17122636776478703,0.20547164131774442,0.23971691487070185,0.30820746197661664,0.34245273552957406,0.41094328263548885,0.4794338297414037,0.17,0.21,0.24,0.31,0.34,0.41,0.48,TRUE,FALSE,CEPH Lab at Indiana University,2026-05-13,Rtrend RSV
Kansas,KS,1,wk inc rsv hosp,hosp,2026-05-16,2026-05-23,CEPH-Rtrend_rsv,3,4,5,7,9,11,13,3,4,5,7,9,10,10,0.10273582065887221,0.13698109421182963,0.17122636776478703,0.23971691487070185,0.30820746197661664,0.3766980090825315,0.44518855618844627,0.1,0.14,0.17,0.24,0.31,0.38,0.45,TRUE,FALSE,CEPH Lab at Indiana University,2026-05-13,Rtrend RSV
Kansas,KS,2,wk inc rsv hosp,hosp,2026-05-16,2026-05-30,CEPH-Rtrend_rsv,2,3,4,5,7,9,12,2,3,4,5,7,9,10,0.06849054710591482,0.10273582065887221,0.13698109421182963,0.17122636776478703,0.23971691487070185,0.30820746197661664,0.41094328263548885,0.07,0.1,0.14,0.17,0.24,0.31,0.41,TRUE,FALSE,CEPH Lab at Indiana University,2026-05-13,Rtrend RSV
Kansas,KS,0,wk inc rsv prop ed visits,prop_ed,2026-05-16,2026-05-16,CFA_Pyrenew-Pyrenew_E_RSV,1.971060956101539e-4,2.7595550000294794e-4,3.66472269686619e-4,4.861701410155178e-4,6.26916297819768e-4,7.751804772493212e-4,9.701908252382388e-4,2e-4,2.8e-4,3.7e-4,4.9e-4,6.3e-4,7.8e-4,9.7e-4,NA,NA,NA,NA,NA,NA,NA,NA,NA,NA,NA,NA,NA,NA,TRUE,FALSE,Center for Forecasting and Outbreak Analytics (CFA/CDC) Pyrenew team,2026-05-13,Pyrenew_ED_Visits_RSV
Kansas,KS,1,wk inc rsv prop ed visits,prop_ed,2026-05-16,2026-05-23,CFA_Pyrenew-Pyrenew_E_RSV,8.04476898216966e-5,1.6037658782293957e-4,2.4150810901067498e-4,3.457183583056519e-4,4.876008058120974e-4,6.383892826829978e-4,8.378150650611625e-4,8e-5,1.6e-4,2.4e-4,3.5e-4,4.9e-4,6.4e-4,8.4e-4,NA,NA,NA,NA,NA,NA,NA,NA,NA,NA,NA,NA,NA,NA,TRUE,FALSE,Center for Forecasting and Outbreak Analytics (CFA/CDC) Pyrenew team,2026-05-13,Pyrenew_ED_Visits_RSV
Kansas,KS,0,wk inc rsv prop ed visits,prop_ed,2026-05-16,2026-05-16,CFA_Pyrenew-Pyrenew_HE_RSV,1.7070931462957826e-4,2.7664024818492095e-4,3.6448800554089554e-4,4.8054509681423943e-4,6.106756994962471e-4,7.314910433627612e-4,8.89982826605771e-4,1.7e-4,2.8e-4,3.6e-4,4.8e-4,6.1e-4,7.3e-4,8.9e-4,NA,NA,NA,NA,NA,NA,NA,NA,NA,NA,NA,NA,NA,NA,FALSE,FALSE,Center for Forecasting and Outbreak Analytics (CFA/CDC) Pyrenew team,2026-05-13,Pyrenew_Hospital_Admissions_ED_Visits_RSV
Kansas,KS,1,wk inc rsv prop ed visits,prop_ed,2026-05-16,2026-05-23,CFA_Pyrenew-Pyrenew_HE_RSV,8.107368876870588e-5,1.5949234435601393e-4,2.3646440396610463e-4,3.418362548971601e-4,4.8231104688070664e-4,6.462936323845697e-4,8.565962553124854e-4,8.1e-5,1.6e-4,2.4e-4,3.4e-4,4.8e-4,6.5e-4,8.6e-4,NA,NA,NA,NA,NA,NA,NA,NA,NA,NA,NA,NA,NA,NA,FALSE,FALSE,Center for Forecasting and Outbreak Analytics (CFA/CDC) Pyrenew team,2026-05-13,Pyrenew_Hospital_Admissions_ED_Visits_RSV
Kansas,KS,0,wk inc rsv hosp,hosp,2026-05-16,2026-05-16,CFA_Pyrenew-Pyrenew_HE_RSV,2,4,5,7,9.25,12,14,2,4,5,7,9,10,10,0.06849054710591482,0.13698109421182963,0.17122636776478703,0.23971691487070185,0.316768780364856,0.41094328263548885,0.4794338297414037,0.07,0.14,0.17,0.24,0.32,0.41,0.48,TRUE,FALSE,Center for Forecasting and Outbreak Analytics (CFA/CDC) Pyrenew team,2026-05-13,Pyrenew_Hospital_Admissions_ED_Visits_RSV
Kansas,KS,1,wk inc rsv hosp,hosp,2026-05-16,2026-05-23,CFA_Pyrenew-Pyrenew_HE_RSV,1,2,4,5,7,9,12,1,2,4,5,7,9,10,0.03424527355295741,0.06849054710591482,0.13698109421182963,0.17122636776478703,0.23971691487070185,0.30820746197661664,0.41094328263548885,0.03,0.07,0.14,0.17,0.24,0.31,0.41,TRUE,FALSE,Center for Forecasting and Outbreak Analytics (CFA/CDC) Pyrenew team,2026-05-13,Pyrenew_Hospital_Admissions_ED_Visits_RSV
Kansas,KS,0,wk inc rsv hosp,hosp,2026-05-16,2026-05-16,CFA_Pyrenew-Pyrenew_H_RSV,2,4,5,8,11,14,19,2,4,5,8,10,10,20,0.06849054710591482,0.13698109421182963,0.17122636776478703,0.27396218842365927,0.3766980090825315,0.4794338297414037,0.6506601975061906,0.07,0.14,0.17,0.27,0.38,0.48,0.65,FALSE,FALSE,Center for Forecasting and Outbreak Analytics (CFA/CDC) Pyrenew team,2026-05-13,Pyrenew_Hospital_Admissions_RSV
Kansas,KS,1,wk inc rsv hosp,hosp,2026-05-16,2026-05-23,CFA_Pyrenew-Pyrenew_H_RSV,1,2,4,6,9,14,19,1,2,4,6,9,10,20,0.03424527355295741,0.06849054710591482,0.13698109421182963,0.20547164131774442,0.30820746197661664,0.4794338297414037,0.6506601975061906,0.03,0.07,0.14,0.21,0.31,0.48,0.65,FALSE,FALSE,Center for Forecasting and Outbreak Analytics (CFA/CDC) Pyrenew team,2026-05-13,Pyrenew_Hospital_Admissions_RSV
Kansas,KS,0,wk inc rsv hosp,hosp,2026-05-16,2026-05-16,Google_SAI-RSVEns,2,3,5,7,9.5,14,25.5,2,3,5,7,10,10,30,0.06849054710591482,0.10273582065887221,0.17122636776478703,0.23971691487070185,0.3253300987530953,0.4794338297414037,0.8732544756004138,0.07,0.1,0.17,0.24,0.33,0.48,0.87,TRUE,FALSE,Google Science AI,2026-05-13,RSVEnsemble
Kansas,KS,1,wk inc rsv hosp,hosp,2026-05-16,2026-05-23,Google_SAI-RSVEns,1.5,3.5,5,7,9.5,12.5,22.5,2,4,5,7,10,10,20,0.051367910329436106,0.11985845743535092,0.17122636776478703,0.23971691487070185,0.3253300987530953,0.4280659194119676,0.7705186549415416,0.05,0.12,0.17,0.24,0.33,0.43,0.77,TRUE,FALSE,Google Science AI,2026-05-13,RSVEnsemble
Kansas,KS,2,wk inc rsv hosp,hosp,2026-05-16,2026-05-30,Google_SAI-RSVEns,1.5,3,4,6.5,8.5,11,20.5,2,3,4,7,9,10,20,0.051367910329436106,0.10273582065887221,0.13698109421182963,0.22259427809422314,0.2910848252001379,0.3766980090825315,0.7020281078356267,0.05,0.1,0.14,0.22,0.29,0.38,0.7,TRUE,FALSE,Google Science AI,2026-05-13,RSVEnsemble
Kansas,KS,0,wk inc rsv hosp,hosp,2026-05-16,2026-05-16,RSVHub-baseline,0,0,5,10,15,23.50000000000001,44.12499999999998,0,0,5,10,20,20,40,0,0,0.17122636776478703,0.34245273552957406,0.5136791032943611,0.8047639284944994,1.5110726955242446,0,0,0.17,0.34,0.51,0.8,1.51,FALSE,FALSE,RSVHub-hub-models,2026-05-13,RSVHub baseline model
Kansas,KS,1,wk inc rsv hosp,hosp,2026-05-16,2026-05-23,RSVHub-baseline,0,0,2.2715102151021496,10,19,34.81267612676128,52.212005120051224,0,0,2,10,20,30,50,0,0,0.07778848869451023,0.34245273552957406,0.6506601975061906,1.1921696170714497,1.7880143980845666,0,0,0.08,0.34,0.65,1.19,1.79,FALSE,FALSE,RSVHub-hub-models,2026-05-13,RSVHub baseline model
Kansas,KS,2,wk inc rsv hosp,hosp,2026-05-16,2026-05-30,RSVHub-baseline,0,0,0,10,22.76413264132642,40.74843748437488,58.764319643196394,0,0,0,10,20,40,60,0,0,0,0.34245273552957406,0.77956394949803,1.3954413885080013,2.012400201334689,0,0,0,0.34,0.78,1.4,2.01,FALSE,FALSE,RSVHub-hub-models,2026-05-13,RSVHub baseline model
Kansas,KS,0,wk inc rsv prop ed visits,prop_ed,2026-05-16,2026-05-16,RSVHub-baseline,0,0,3.9999999999999975e-4,6e-4,8.000000000000001e-4,0.0017000000000000001,0.002887499999999986,0,0,4e-4,6e-4,8e-4,0.0017,0.0029,NA,NA,NA,NA,NA,NA,NA,NA,NA,NA,NA,NA,NA,NA,FALSE,FALSE,RSVHub-hub-models,2026-05-13,RSVHub baseline model
Kansas,KS,1,wk inc rsv prop ed visits,prop_ed,2026-05-16,2026-05-23,RSVHub-baseline,0,0,1.0000000000000021e-4,6e-4,0.0012,0.0021632298322983245,0.003946980994809946,0,0,1e-4,6e-4,0.0012,0.0022,0.0039,NA,NA,NA,NA,NA,NA,NA,NA,NA,NA,NA,NA,NA,NA,FALSE,FALSE,RSVHub-hub-models,2026-05-13,RSVHub baseline model
Kansas,KS,2,wk inc rsv prop ed visits,prop_ed,2026-05-16,2026-05-30,RSVHub-baseline,0,0,0,6e-4,0.0014999999999999996,0.00261383733837339,0.004466249512495124,0,0,0,6e-4,0.0015,0.0026,0.0045,NA,NA,NA,NA,NA,NA,NA,NA,NA,NA,NA,NA,NA,NA,FALSE,FALSE,RSVHub-hub-models,2026-05-13,RSVHub baseline model
Kansas,KS,0,wk inc rsv hosp,hosp,2026-05-16,2026-05-16,UGA_flucast-INFLAenza,2,3,5,8,12,16,22,2,3,5,8,10,20,20,0.06849054710591482,0.10273582065887221,0.17122636776478703,0.27396218842365927,0.41094328263548885,0.5479243768473185,0.753396018165063,0.07,0.1,0.17,0.27,0.41,0.55,0.75,TRUE,FALSE,UGA_flucast,2026-05-13,INFLAenza
Kansas,KS,1,wk inc rsv hosp,hosp,2026-05-16,2026-05-23,UGA_flucast-INFLAenza,1,2,4,6,10,14,20,1,2,4,6,10,10,20,0.03424527355295741,0.06849054710591482,0.13698109421182963,0.20547164131774442,0.34245273552957406,0.4794338297414037,0.6849054710591481,0.03,0.07,0.14,0.21,0.34,0.48,0.68,TRUE,FALSE,UGA_flucast,2026-05-13,INFLAenza
Kansas,KS,2,wk inc rsv hosp,hosp,2026-05-16,2026-05-30,UGA_flucast-INFLAenza,0,1,2,5,8,11,17,0,1,2,5,8,10,20,0,0.03424527355295741,0.06849054710591482,0.17122636776478703,0.27396218842365927,0.3766980090825315,0.5821696504002758,0,0.03,0.07,0.17,0.27,0.38,0.58,TRUE,FALSE,UGA_flucast,2026-05-13,INFLAenza
Kansas,KS,0,wk inc rsv prop ed visits,prop_ed,2026-05-16,2026-05-16,UGA_flucast-INFLAenza,2.195332301701125e-4,3.2150421929365964e-4,4.503801394581445e-4,6.19194540664586e-4,8.324735049390403e-4,0.0010417396102630424,0.0013204424962178262,2.2e-4,3.2e-4,4.5e-4,6.2e-4,8.3e-4,0.001,0.0013,NA,NA,NA,NA,NA,NA,NA,NA,NA,NA,NA,NA,NA,NA,TRUE,FALSE,UGA_flucast,2026-05-13,INFLAenza
Kansas,KS,1,wk inc rsv prop ed visits,prop_ed,2026-05-16,2026-05-23,UGA_flucast-INFLAenza,1.5415020817174466e-4,2.560171648501053e-4,3.7183008630134695e-4,5.403173093647936e-4,7.432541430177247e-4,9.693352883386429e-4,0.0012900261477803055,1.5e-4,2.6e-4,3.7e-4,5.4e-4,7.4e-4,9.7e-4,0.0013,NA,NA,NA,NA,NA,NA,NA,NA,NA,NA,NA,NA,NA,NA,TRUE,FALSE,UGA_flucast,2026-05-13,INFLAenza
Kansas,KS,2,wk inc rsv prop ed visits,prop_ed,2026-05-16,2026-05-30,UGA_flucast-INFLAenza,1.0572424969093169e-4,2.0026911428694283e-4,3.091124217062465e-4,4.7474939501510255e-4,6.725171159097427e-4,8.986452166964774e-4,0.0012183271334023393,1.1e-4,2e-4,3.1e-4,4.7e-4,6.7e-4,9e-4,0.0012,NA,NA,NA,NA,NA,NA,NA,NA,NA,NA,NA,NA,NA,NA,TRUE,FALSE,UGA_flucast,2026-05-13,INFLAenza
Kansas,KS,0,wk inc rsv hosp,hosp,2026-05-16,2026-05-16,RSVHub-ensemble,2,3.5,5,7.5,9.75,13,18,2,4,5,8,10,10,20,0.06849054710591482,0.11985845743535092,0.17122636776478703,0.25683955164718053,0.3338914171413347,0.44518855618844627,0.6164149239532333,0.07,0.12,0.17,0.26,0.33,0.45,0.62,FALSE,TRUE,RSVHub,2026-05-13,Ensemble using RSVHub forecast submissions
Kansas,KS,1,wk inc rsv hosp,hosp,2026-05-16,2026-05-23,RSVHub-ensemble,1.25,2.75,4.5,6.5,9.25,11.75,16.5,1,3,5,7,9,10,20,0.04280659194119676,0.09417450227063287,0.15410373098830832,0.22259427809422314,0.316768780364856,0.4023819642472495,0.5650470136237972,0.04,0.09,0.15,0.22,0.32,0.4,0.57,FALSE,TRUE,RSVHub,2026-05-13,Ensemble using RSVHub forecast submissions
Kansas,KS,2,wk inc rsv hosp,hosp,2026-05-16,2026-05-30,RSVHub-ensemble,1.5,3,4,5,8,11,17,2,3,4,5,8,10,20,0.051367910329436106,0.10273582065887221,0.13698109421182963,0.17122636776478703,0.27396218842365927,0.3766980090825315,0.5821696504002758,0.05,0.1,0.14,0.17,0.27,0.38,0.58,FALSE,TRUE,RSVHub,2026-05-13,Ensemble using RSVHub forecast submissions
Kansas,KS,0,wk inc rsv prop ed visits,prop_ed,2026-05-16,2026-05-16,RSVHub-ensemble,2.083196628901332e-4,2.987298596483038e-4,4.0842620457238175e-4,5.526823408400519e-4,7.296949013794042e-4,9.084600437561819e-4,0.0011453166607280326,2.1e-4,3e-4,4.1e-4,5.5e-4,7.3e-4,9.1e-4,0.0011,NA,NA,NA,NA,NA,NA,NA,NA,NA,NA,NA,NA,NA,NA,FALSE,TRUE,RSVHub,2026-05-13,Ensemble using RSVHub forecast submissions
Kansas,KS,1,wk inc rsv prop ed visits,prop_ed,2026-05-16,2026-05-23,RSVHub-ensemble,1.1729894899672063e-4,2.0819687633652243e-4,3.0666909765601096e-4,4.4301783383522274e-4,6.15427474414911e-4,8.038622855108203e-4,0.001063920606420734,1.2e-4,2.1e-4,3.1e-4,4.4e-4,6.2e-4,8e-4,0.0011,NA,NA,NA,NA,NA,NA,NA,NA,NA,NA,NA,NA,NA,NA,FALSE,TRUE,RSVHub,2026-05-13,Ensemble using RSVHub forecast submissions
Kentucky,KY,0,wk inc rsv hosp,hosp,2026-05-16,2026-05-16,CEPH-Rtrend_rsv,19,22,26,32,38,44,50,20,20,30,30,40,40,50,0.421341151059673,0.4878687012269898,0.5765721014500789,0.7096272017847124,0.842682302119346,0.9757374024539796,1.1087925027886132,0.42,0.49,0.58,0.71,0.84,0.98,1.11,TRUE,FALSE,CEPH Lab at Indiana University,2026-05-13,Rtrend RSV
Kentucky,KY,1,wk inc rsv hosp,hosp,2026-05-16,2026-05-23,CEPH-Rtrend_rsv,13,17,21,27,34,42,51,10,20,20,30,30,40,50,0.28828605072503943,0.37698945094812847,0.4656928511712175,0.598747951505851,0.7539789018962569,0.931385702342435,1.1309683528443855,0.29,0.38,0.47,0.6,0.75,0.93,1.13,TRUE,FALSE,CEPH Lab at Indiana University,2026-05-13,Rtrend RSV
Kentucky,KY,2,wk inc rsv hosp,hosp,2026-05-16,2026-05-30,CEPH-Rtrend_rsv,9,12,16,22,30,39,50,9,10,20,20,30,40,50,0.19958265050195037,0.26611020066926716,0.3548136008923562,0.4878687012269898,0.665275501673168,0.8648581521751183,1.1087925027886132,0.2,0.27,0.35,0.49,0.67,0.86,1.11,TRUE,FALSE,CEPH Lab at Indiana University,2026-05-13,Rtrend RSV
Kentucky,KY,0,wk inc rsv prop ed visits,prop_ed,2026-05-16,2026-05-16,CFA_Pyrenew-Pyrenew_E_RSV,0.0012253656952935937,0.0014089338502600236,0.0016093531316687581,0.0018399549408854767,0.0020994911972456167,0.0023511217686031393,0.002664798264219581,0.0012,0.0014,0.0016,0.0018,0.0021,0.0024,0.0027,NA,NA,NA,NA,NA,NA,NA,NA,NA,NA,NA,NA,NA,NA,TRUE,FALSE,Center for Forecasting and Outbreak Analytics (CFA/CDC) Pyrenew team,2026-05-13,Pyrenew_ED_Visits_RSV
Kentucky,KY,1,wk inc rsv prop ed visits,prop_ed,2026-05-16,2026-05-23,CFA_Pyrenew-Pyrenew_E_RSV,8.885996731865718e-4,0.0010873337804340748,0.0013387376812924406,0.0016695511277876112,0.0020588931877167965,0.002455024104596814,0.0030816092206577966,8.9e-4,0.0011,0.0013,0.0017,0.0021,0.0025,0.0031,NA,NA,NA,NA,NA,NA,NA,NA,NA,NA,NA,NA,NA,NA,TRUE,FALSE,Center for Forecasting and Outbreak Analytics (CFA/CDC) Pyrenew team,2026-05-13,Pyrenew_ED_Visits_RSV
Kentucky,KY,0,wk inc rsv prop ed visits,prop_ed,2026-05-16,2026-05-16,CFA_Pyrenew-Pyrenew_HE_RSV,0.0012876247821152315,0.0014858943086320307,0.0016738742803923436,0.001919157207036453,0.002169132511987716,0.0024261852479934296,0.002728330233128151,0.0013,0.0015,0.0017,0.0019,0.0022,0.0024,0.0027,NA,NA,NA,NA,NA,NA,NA,NA,NA,NA,NA,NA,NA,NA,FALSE,FALSE,Center for Forecasting and Outbreak Analytics (CFA/CDC) Pyrenew team,2026-05-13,Pyrenew_Hospital_Admissions_ED_Visits_RSV
Kentucky,KY,1,wk inc rsv prop ed visits,prop_ed,2026-05-16,2026-05-23,CFA_Pyrenew-Pyrenew_HE_RSV,9.330932655962905e-4,0.0011727427457582154,0.0014061570411350258,0.0017234174669742367,0.002139188795025326,0.0026183032842036482,0.0031708287237575414,0.00093000000000000005,0.0012,0.0014,0.0017,0.0021,0.0026,0.0032,NA,NA,NA,NA,NA,NA,NA,NA,NA,NA,NA,NA,NA,NA,FALSE,FALSE,Center for Forecasting and Outbreak Analytics (CFA/CDC) Pyrenew team,2026-05-13,Pyrenew_Hospital_Admissions_ED_Visits_RSV
Kentucky,KY,0,wk inc rsv hosp,hosp,2026-05-16,2026-05-16,CFA_Pyrenew-Pyrenew_HE_RSV,15,18,22,27,32,38,45,20,20,20,30,30,40,50,0.332637750836584,0.39916530100390074,0.4878687012269898,0.598747951505851,0.7096272017847124,0.842682302119346,0.9979132525097518,0.33,0.4,0.49,0.6,0.71,0.84,1,TRUE,FALSE,Center for Forecasting and Outbreak Analytics (CFA/CDC) Pyrenew team,2026-05-13,Pyrenew_Hospital_Admissions_ED_Visits_RSV
Kentucky,KY,1,wk inc rsv hosp,hosp,2026-05-16,2026-05-23,CFA_Pyrenew-Pyrenew_HE_RSV,12,15,19,24,31,38,48,10,20,20,20,30,40,50,0.26611020066926716,0.332637750836584,0.421341151059673,0.5322204013385343,0.6874513517289401,0.842682302119346,1.0644408026770686,0.27,0.33,0.42,0.53,0.69,0.84,1.06,TRUE,FALSE,Center for Forecasting and Outbreak Analytics (CFA/CDC) Pyrenew team,2026-05-13,Pyrenew_Hospital_Admissions_ED_Visits_RSV
Kentucky,KY,0,wk inc rsv hosp,hosp,2026-05-16,2026-05-16,CFA_Pyrenew-Pyrenew_H_RSV,17,21,26,32,40,48,59,20,20,30,30,40,50,60,0.37698945094812847,0.4656928511712175,0.5765721014500789,0.7096272017847124,0.8870340022308905,1.0644408026770686,1.3083751532905634,0.38,0.47,0.58,0.71,0.89,1.06,1.31,FALSE,FALSE,Center for Forecasting and Outbreak Analytics (CFA/CDC) Pyrenew team,2026-05-13,Pyrenew_Hospital_Admissions_RSV
Kentucky,KY,1,wk inc rsv hosp,hosp,2026-05-16,2026-05-23,CFA_Pyrenew-Pyrenew_H_RSV,10,16,22,30,40.25,52,72,10,20,20,30,40,50,70,0.22175850055772262,0.3548136008923562,0.4878687012269898,0.665275501673168,0.8925779647448335,1.1531442029001577,1.596661204015603,0.22,0.35,0.49,0.67,0.89,1.15,1.6,FALSE,FALSE,Center for Forecasting and Outbreak Analytics (CFA/CDC) Pyrenew team,2026-05-13,Pyrenew_Hospital_Admissions_RSV
Kentucky,KY,0,wk inc rsv hosp,hosp,2026-05-16,2026-05-16,Google_SAI-RSVEns,13.5,18,23,26,31.5,41,51.5,10,20,20,30,30,40,50,0.2993739757529255,0.39916530100390074,0.510044551282762,0.5765721014500789,0.6985392767568264,0.9092098522866628,1.1420562778722714,0.3,0.4,0.51,0.58,0.7,0.91,1.14,TRUE,FALSE,Google Science AI,2026-05-13,RSVEnsemble
Kentucky,KY,1,wk inc rsv hosp,hosp,2026-05-16,2026-05-23,Google_SAI-RSVEns,9.5,14.5,17.5,19.5,26.5,33,48.5,10,10,20,20,30,30,50,0.2106705755298365,0.32154982580869784,0.38807737597601466,0.43242907608755915,0.587660026477965,0.7318030518404847,1.0755287277049548,0.21,0.32,0.39,0.43,0.59,0.73,1.08,TRUE,FALSE,Google Science AI,2026-05-13,RSVEnsemble
Kentucky,KY,2,wk inc rsv hosp,hosp,2026-05-16,2026-05-30,Google_SAI-RSVEns,7,10.5,13.5,15.5,20.5,27.5,42.5,7,10,10,20,20,30,40,0.15523095039040583,0.23284642558560875,0.2993739757529255,0.34372567586447006,0.4546049261433314,0.6098358765337373,0.9424736273703211,0.16,0.23,0.3,0.34,0.45,0.61,0.94,TRUE,FALSE,Google Science AI,2026-05-13,RSVEnsemble
Kentucky,KY,0,wk inc rsv hosp,hosp,2026-05-16,2026-05-16,RSVHub-baseline,0,14.500000000000004,27,34,41,53.500000000000014,71.62499999999972,0,10,30,30,40,50,70,0,0.3215498258086979,0.598747951505851,0.7539789018962569,0.9092098522866628,1.1864079779838164,1.588345260244682,0,0.32,0.6,0.75,0.91,1.19,1.59,FALSE,FALSE,RSVHub-hub-models,2026-05-13,RSVHub baseline model
Kentucky,KY,1,wk inc rsv hosp,hosp,2026-05-16,2026-05-23,RSVHub-baseline,0,3.4156031560315623,20,34,48,66,106,0,3,20,30,50,70,110,0,0.07574390343817844,0.44351700111544523,0.7539789018962569,1.0644408026770686,1.4636061036809693,2.35064010591186,0,0.08,0.44,0.75,1.06,1.46,2.35,FALSE,FALSE,RSVHub-hub-models,2026-05-13,RSVHub baseline model
Kentucky,KY,2,wk inc rsv hosp,hosp,2026-05-16,2026-05-30,RSVHub-baseline,0,0,15.665341653416533,34,52.94626196261966,74.96341763417632,134.0657149071491,0,0,20,30,50,70,130,0,0,0.3473922675786086,0.7539789018962569,1.174128366296692,1.6623775091237283,2.9730211914008504,0,0,0.35,0.75,1.17,1.66,2.97,FALSE,FALSE,RSVHub-hub-models,2026-05-13,RSVHub baseline model
Kentucky,KY,0,wk inc rsv prop ed visits,prop_ed,2026-05-16,2026-05-16,RSVHub-baseline,0,0.0015000000000000002,0.0023999999999999994,0.0026,0.0028000000000000004,0.0036999999999999993,0.005262499999999996,0,0.0015,0.0024,0.0026,0.0028,0.0037,0.0053,NA,NA,NA,NA,NA,NA,NA,NA,NA,NA,NA,NA,NA,NA,FALSE,FALSE,RSVHub-hub-models,2026-05-13,RSVHub baseline model
Kentucky,KY,1,wk inc rsv prop ed visits,prop_ed,2026-05-16,2026-05-23,RSVHub-baseline,0,7.999999999999991e-4,0.002,0.0026,0.0032,0.0044182101821018255,0.006280232877328771,0,8e-4,0.002,0.0026,0.0032,0.0044,0.0063,NA,NA,NA,NA,NA,NA,NA,NA,NA,NA,NA,NA,NA,NA,FALSE,FALSE,RSVHub-hub-models,2026-05-13,RSVHub baseline model
Kentucky,KY,2,wk inc rsv prop ed visits,prop_ed,2026-05-16,2026-05-30,RSVHub-baseline,0,2.999999999999997e-4,0.001696485464854647,0.0026,0.003516425914259145,0.004965412054120547,0.006792496924969255,0,3e-4,0.0017,0.0026,0.0035,0.005,0.0068,NA,NA,NA,NA,NA,NA,NA,NA,NA,NA,NA,NA,NA,NA,FALSE,FALSE,RSVHub-hub-models,2026-05-13,RSVHub baseline model
Kentucky,KY,0,wk inc rsv hosp,hosp,2026-05-16,2026-05-16,UGA_flucast-INFLAenza,7,11,15,22,30,40,54,7,10,20,20,30,40,50,0.15523095039040583,0.2439343506134949,0.332637750836584,0.4878687012269898,0.665275501673168,0.8870340022308905,1.197495903011702,0.16,0.24,0.33,0.49,0.67,0.89,1.2,TRUE,FALSE,UGA_flucast,2026-05-13,INFLAenza
Kentucky,KY,1,wk inc rsv hosp,hosp,2026-05-16,2026-05-23,UGA_flucast-INFLAenza,4,7,11,16,23,33,48,4,7,10,20,20,30,50,0.08870340022308905,0.15523095039040583,0.2439343506134949,0.3548136008923562,0.510044551282762,0.7318030518404847,1.0644408026770686,0.09,0.16,0.24,0.35,0.51,0.73,1.06,TRUE,FALSE,UGA_flucast,2026-05-13,INFLAenza
Kentucky,KY,2,wk inc rsv hosp,hosp,2026-05-16,2026-05-30,UGA_flucast-INFLAenza,2,4,7,12,18,27,41,2,4,7,10,20,30,40,0.044351700111544524,0.08870340022308905,0.15523095039040583,0.26611020066926716,0.39916530100390074,0.598747951505851,0.9092098522866628,0.04,0.09,0.16,0.27,0.4,0.6,0.91,TRUE,FALSE,UGA_flucast,2026-05-13,INFLAenza
Kentucky,KY,0,wk inc rsv prop ed visits,prop_ed,2026-05-16,2026-05-16,UGA_flucast-INFLAenza,8.345822965264877e-4,0.0010844170648921635,0.001342452415977886,0.0017051728389851743,0.00210689135278019,0.002553836168299845,0.0031298539980968397,8.3e-4,0.0011,0.0013,0.0017,0.0021,0.0026,0.0031,NA,NA,NA,NA,NA,NA,NA,NA,NA,NA,NA,NA,NA,NA,TRUE,FALSE,UGA_flucast,2026-05-13,INFLAenza
Kentucky,KY,1,wk inc rsv prop ed visits,prop_ed,2026-05-16,2026-05-23,UGA_flucast-INFLAenza,5.822523124954566e-4,8.30939030563886e-4,0.0010968628800700848,0.001462494829385153,0.0019036398644356428,0.002373058727749869,0.0030571424074982414,5.8e-4,8.3e-4,0.0011,0.0015,0.0019,0.0024,0.0031,NA,NA,NA,NA,NA,NA,NA,NA,NA,NA,NA,NA,NA,NA,TRUE,FALSE,UGA_flucast,2026-05-13,INFLAenza
Kentucky,KY,2,wk inc rsv prop ed visits,prop_ed,2026-05-16,2026-05-30,UGA_flucast-INFLAenza,4.516191579707424e-4,6.695190274748266e-4,9.106982045969641e-4,0.001280937865587211,0.0016980220515791164,0.0021989147738730973,0.002871870764743211,4.5e-4,6.7e-4,9.1e-4,0.0013,0.0017,0.0022,0.0029,NA,NA,NA,NA,NA,NA,NA,NA,NA,NA,NA,NA,NA,NA,TRUE,FALSE,UGA_flucast,2026-05-13,INFLAenza
Kentucky,KY,0,wk inc rsv hosp,hosp,2026-05-16,2026-05-16,RSVHub-ensemble,14.25,18,22.5,26.5,31.75,40.5,50.75,10,20,20,30,30,40,50,0.3160058632947547,0.39916530100390074,0.4989566262548759,0.587660026477965,0.7040832392707693,0.8981219272587767,1.1254243903304424,0.32,0.4,0.5,0.59,0.7,0.9,1.13,FALSE,TRUE,RSVHub,2026-05-13,Ensemble using RSVHub forecast submissions
Kentucky,KY,1,wk inc rsv hosp,hosp,2026-05-16,2026-05-23,RSVHub-ensemble,10.75,14.75,18.25,21.75,28.75,35.5,48.25,10,10,20,20,30,40,50,0.23839038809955182,0.32709378832264085,0.4047092635178438,0.48232473871304676,0.6375556891034526,0.7872426769799153,1.0699847651910117,0.24,0.33,0.4,0.48,0.64,0.79,1.07,FALSE,TRUE,RSVHub,2026-05-13,Ensemble using RSVHub forecast submissions
Kentucky,KY,2,wk inc rsv hosp,hosp,2026-05-16,2026-05-30,RSVHub-ensemble,7,10.5,13.5,15.5,20.5,27.5,42.5,7,10,10,20,20,30,40,0.15523095039040583,0.23284642558560875,0.2993739757529255,0.34372567586447006,0.4546049261433314,0.6098358765337373,0.9424736273703211,0.16,0.23,0.3,0.34,0.45,0.61,0.94,FALSE,TRUE,RSVHub,2026-05-13,Ensemble using RSVHub forecast submissions
Kentucky,KY,0,wk inc rsv prop ed visits,prop_ed,2026-05-16,2026-05-16,RSVHub-ensemble,0.0010299739959100406,0.0012466754575760936,0.0014759027738233221,0.0017725638899353255,0.0021031912750129034,0.002452478968451492,0.0028973261311582106,0.001,0.0012,0.0015,0.0018,0.0021,0.0025,0.0029,NA,NA,NA,NA,NA,NA,NA,NA,NA,NA,NA,NA,NA,NA,FALSE,TRUE,RSVHub,2026-05-13,Ensemble using RSVHub forecast submissions
Kentucky,KY,1,wk inc rsv prop ed visits,prop_ed,2026-05-16,2026-05-23,RSVHub-ensemble,7.354259928410142e-4,9.591364054989804e-4,0.0012178002806812627,0.001566022978586382,0.0019812665260762197,0.0024140414161733415,0.003069375814078019,7.4e-4,9.6e-4,0.0012,0.0016,0.002,0.0024,0.0031,NA,NA,NA,NA,NA,NA,NA,NA,NA,NA,NA,NA,NA,NA,FALSE,TRUE,RSVHub,2026-05-13,Ensemble using RSVHub forecast submissions
Louisiana,LA,0,wk inc rsv hosp,hosp,2026-05-16,2026-05-16,CEPH-Rtrend_rsv,6,8,11,14,18,22,27,6,8,10,10,20,20,30,0.1316062498930699,0.17547499985742657,0.24127812480396152,0.3070812497504965,0.39481874967920977,0.48255624960792304,0.5922281245188147,0.13,0.18,0.24,0.31,0.39,0.48,0.59,TRUE,FALSE,CEPH Lab at Indiana University,2026-05-13,Rtrend RSV
Louisiana,LA,1,wk inc rsv hosp,hosp,2026-05-16,2026-05-23,CEPH-Rtrend_rsv,4,6,9,13,18,24,32,4,6,9,10,20,20,30,0.08773749992871328,0.1316062498930699,0.19740937483960488,0.2851468747683182,0.39481874967920977,0.5264249995722796,0.7018999994297063,0.09,0.13,0.2,0.29,0.39,0.53,0.7,TRUE,FALSE,CEPH Lab at Indiana University,2026-05-13,Rtrend RSV
Louisiana,LA,2,wk inc rsv hosp,hosp,2026-05-16,2026-05-30,CEPH-Rtrend_rsv,3,4,7,11,17,26,38,3,4,7,10,20,30,40,0.06580312494653495,0.08773749992871328,0.15354062487524825,0.24127812480396152,0.37288437469703145,0.5702937495366364,0.8335062493227762,0.07,0.09,0.15,0.24,0.37,0.57,0.83,TRUE,FALSE,CEPH Lab at Indiana University,2026-05-13,Rtrend RSV
Louisiana,LA,0,wk inc rsv prop ed visits,prop_ed,2026-05-16,2026-05-16,CFA_Pyrenew-Pyrenew_E_RSV,4.0908997307354e-4,5.209886174271322e-4,6.112949139921895e-4,7.376049166823942e-4,8.868115233187017e-4,0.0010335078668061441,0.00123148368964173,4.1e-4,5.2e-4,6.1e-4,7.4e-4,8.9e-4,0.001,0.0012,NA,NA,NA,NA,NA,NA,NA,NA,NA,NA,NA,NA,NA,NA,TRUE,FALSE,Center for Forecasting and Outbreak Analytics (CFA/CDC) Pyrenew team,2026-05-13,Pyrenew_ED_Visits_RSV
Louisiana,LA,1,wk inc rsv prop ed visits,prop_ed,2026-05-16,2026-05-23,CFA_Pyrenew-Pyrenew_E_RSV,3.14108439819499e-4,4.025749516010288e-4,5.209087765494218e-4,6.506759226205243e-4,8.414133415830589e-4,0.0010580348823984217,0.0014086713883338636,3.1e-4,4e-4,5.2e-4,6.5e-4,8.4e-4,0.0011,0.0014,NA,NA,NA,NA,NA,NA,NA,NA,NA,NA,NA,NA,NA,NA,TRUE,FALSE,Center for Forecasting and Outbreak Analytics (CFA/CDC) Pyrenew team,2026-05-13,Pyrenew_ED_Visits_RSV
Louisiana,LA,0,wk inc rsv prop ed visits,prop_ed,2026-05-16,2026-05-16,CFA_Pyrenew-Pyrenew_HE_RSV,4.0530314244914057e-4,4.997487103161083e-4,5.900567767926463e-4,7.031874536965346e-4,8.351699922262818e-4,9.761613730649066e-4,0.00114391589346716,4.1e-4,5e-4,5.9e-4,7e-4,8.4e-4,9.8e-4,0.0011,NA,NA,NA,NA,NA,NA,NA,NA,NA,NA,NA,NA,NA,NA,FALSE,FALSE,Center for Forecasting and Outbreak Analytics (CFA/CDC) Pyrenew team,2026-05-13,Pyrenew_Hospital_Admissions_ED_Visits_RSV
Louisiana,LA,1,wk inc rsv prop ed visits,prop_ed,2026-05-16,2026-05-23,CFA_Pyrenew-Pyrenew_HE_RSV,2.8704286813669745e-4,3.8159664664700466e-4,4.838737271280603e-4,6.285026951528748e-4,8.165115472604575e-4,0.0010228661893385326,0.0013005287559468349,2.9e-4,3.8e-4,4.8e-4,6.3e-4,8.2e-4,0.001,0.0013,NA,NA,NA,NA,NA,NA,NA,NA,NA,NA,NA,NA,NA,NA,FALSE,FALSE,Center for Forecasting and Outbreak Analytics (CFA/CDC) Pyrenew team,2026-05-13,Pyrenew_Hospital_Admissions_ED_Visits_RSV
Louisiana,LA,0,wk inc rsv hosp,hosp,2026-05-16,2026-05-16,CFA_Pyrenew-Pyrenew_HE_RSV,6,9,12,15,20,25,31,6,9,10,20,20,30,30,0.1316062498930699,0.19740937483960488,0.2632124997861398,0.3290156247326748,0.43868749964356646,0.548359374554458,0.679965624447528,0.13,0.2,0.26,0.33,0.44,0.55,0.68,TRUE,FALSE,Center for Forecasting and Outbreak Analytics (CFA/CDC) Pyrenew team,2026-05-13,Pyrenew_Hospital_Admissions_ED_Visits_RSV
Louisiana,LA,1,wk inc rsv hosp,hosp,2026-05-16,2026-05-23,CFA_Pyrenew-Pyrenew_HE_RSV,5,7,10,14,19,24,31,5,7,10,10,20,20,30,0.10967187491089161,0.15354062487524825,0.21934374982178323,0.3070812497504965,0.4167531246613881,0.5264249995722796,0.679965624447528,0.11,0.15,0.22,0.31,0.42,0.53,0.68,TRUE,FALSE,Center for Forecasting and Outbreak Analytics (CFA/CDC) Pyrenew team,2026-05-13,Pyrenew_Hospital_Admissions_ED_Visits_RSV
Louisiana,LA,0,wk inc rsv hosp,hosp,2026-05-16,2026-05-16,CFA_Pyrenew-Pyrenew_H_RSV,4,7,9,13,17,23,30,4,7,9,10,20,20,30,0.08773749992871328,0.15354062487524825,0.19740937483960488,0.2851468747683182,0.37288437469703145,0.5044906245901014,0.6580312494653496,0.09,0.15,0.2,0.29,0.37,0.5,0.66,FALSE,FALSE,Center for Forecasting and Outbreak Analytics (CFA/CDC) Pyrenew team,2026-05-13,Pyrenew_Hospital_Admissions_RSV
Louisiana,LA,1,wk inc rsv hosp,hosp,2026-05-16,2026-05-23,CFA_Pyrenew-Pyrenew_H_RSV,3,5,8,11,17,24,36,3,5,8,10,20,20,40,0.06580312494653495,0.10967187491089161,0.17547499985742657,0.24127812480396152,0.37288437469703145,0.5264249995722796,0.7896374993584195,0.07,0.11,0.18,0.24,0.37,0.53,0.79,FALSE,FALSE,Center for Forecasting and Outbreak Analytics (CFA/CDC) Pyrenew team,2026-05-13,Pyrenew_Hospital_Admissions_RSV
Louisiana,LA,0,wk inc rsv hosp,hosp,2026-05-16,2026-05-16,Google_SAI-RSVEns,4.5,8,9.5,11.5,15,21,31.5,5,8,10,10,20,20,30,0.09870468741980244,0.17547499985742657,0.20837656233069404,0.2522453122950507,0.3290156247326748,0.4606218746257447,0.6909328119386171,0.1,0.18,0.21,0.25,0.33,0.46,0.69,TRUE,FALSE,Google Science AI,2026-05-13,RSVEnsemble
Louisiana,LA,1,wk inc rsv hosp,hosp,2026-05-16,2026-05-23,Google_SAI-RSVEns,4.5,6,8,9,11.5,16.5,20,5,6,8,9,10,20,20,0.09870468741980244,0.1316062498930699,0.17547499985742657,0.19740937483960488,0.2522453122950507,0.3619171872059423,0.43868749964356646,0.1,0.13,0.18,0.2,0.25,0.36,0.44,TRUE,FALSE,Google Science AI,2026-05-13,RSVEnsemble
Louisiana,LA,2,wk inc rsv hosp,hosp,2026-05-16,2026-05-30,Google_SAI-RSVEns,3.5,4.5,6,8,11,16,23.5,4,5,6,8,10,20,20,0.07677031243762412,0.09870468741980244,0.1316062498930699,0.17547499985742657,0.24127812480396152,0.35094999971485313,0.5154578120811906,0.08,0.1,0.13,0.18,0.24,0.35,0.52,TRUE,FALSE,Google Science AI,2026-05-13,RSVEnsemble
Louisiana,LA,0,wk inc rsv hosp,hosp,2026-05-16,2026-05-16,RSVHub-baseline,0,0,8.75,15,21.250000000000004,35.500000000000014,65.87499999999984,0,0,9,20,20,40,70,0,0,0.1919257810940603,0.3290156247326748,0.46610546837128936,0.7786703118673306,1.4449269519509935,0,0,0.19,0.33,0.47,0.78,1.44,FALSE,FALSE,RSVHub-hub-models,2026-05-13,RSVHub baseline model
Louisiana,LA,1,wk inc rsv hosp,hosp,2026-05-16,2026-05-23,RSVHub-baseline,0,0,4,15,28,48.015027150271486,85.22134446344448,0,0,4,20,30,50,90,0,0,0.08773749992871328,0.3290156247326748,0.614162499500993,1.0531796102935276,1.8692769259465776,0,0,0.09,0.33,0.61,1.05,1.87,FALSE,FALSE,RSVHub-hub-models,2026-05-13,RSVHub baseline model
Louisiana,LA,2,wk inc rsv hosp,hosp,2026-05-16,2026-05-30,RSVHub-baseline,0,0,0,15,32.97420224202247,57.81099910999119,93.3598503485034,0,0,0,20,30,60,90,0,0,0,0.3290156247326748,0.7232685167147059,1.2680481325729238,2.047789965824125,0,0,0,0.33,0.72,1.27,2.05,FALSE,FALSE,RSVHub-hub-models,2026-05-13,RSVHub baseline model
Louisiana,LA,0,wk inc rsv prop ed visits,prop_ed,2026-05-16,2026-05-16,RSVHub-baseline,0,1.0000000000000005e-4,7e-4,9e-4,0.0011,0.0017,0.003262499999999996,0,1e-4,7e-4,9e-4,0.0011,0.0017,0.0033,NA,NA,NA,NA,NA,NA,NA,NA,NA,NA,NA,NA,NA,NA,FALSE,FALSE,RSVHub-hub-models,2026-05-13,RSVHub baseline model
Louisiana,LA,1,wk inc rsv prop ed visits,prop_ed,2026-05-16,2026-05-23,RSVHub-baseline,0,0,4.887821378213779e-4,9e-4,0.0013999999999999998,0.002317119971199716,0.0037,0,0,4.9e-4,9e-4,0.0014,0.0023,0.0037,NA,NA,NA,NA,NA,NA,NA,NA,NA,NA,NA,NA,NA,NA,FALSE,FALSE,RSVHub-hub-models,2026-05-13,RSVHub baseline model
Louisiana,LA,2,wk inc rsv prop ed visits,prop_ed,2026-05-16,2026-05-30,RSVHub-baseline,0,0,2.3495184951849476e-4,9e-4,0.001619815198151982,0.0027942369423694237,0.004185747082470813,0,0,2.3e-4,9e-4,0.0016,0.0028,0.0042,NA,NA,NA,NA,NA,NA,NA,NA,NA,NA,NA,NA,NA,NA,FALSE,FALSE,RSVHub-hub-models,2026-05-13,RSVHub baseline model
Louisiana,LA,0,wk inc rsv hosp,hosp,2026-05-16,2026-05-16,UGA_flucast-INFLAenza,2,4,6,9,13,18,25,2,4,6,9,10,20,30,0.04386874996435664,0.08773749992871328,0.1316062498930699,0.19740937483960488,0.2851468747683182,0.39481874967920977,0.548359374554458,0.04,0.09,0.13,0.2,0.29,0.39,0.55,TRUE,FALSE,UGA_flucast,2026-05-13,INFLAenza
Louisiana,LA,1,wk inc rsv hosp,hosp,2026-05-16,2026-05-23,UGA_flucast-INFLAenza,1,2,4,7,11,16,23,1,2,4,7,10,20,20,0.02193437498217832,0.04386874996435664,0.08773749992871328,0.15354062487524825,0.24127812480396152,0.35094999971485313,0.5044906245901014,0.02,0.04,0.09,0.15,0.24,0.35,0.5,TRUE,FALSE,UGA_flucast,2026-05-13,INFLAenza
Louisiana,LA,2,wk inc rsv hosp,hosp,2026-05-16,2026-05-30,UGA_flucast-INFLAenza,0,1,3,5,9,13,19,0,1,3,5,9,10,20,0,0.02193437498217832,0.06580312494653495,0.10967187491089161,0.19740937483960488,0.2851468747683182,0.4167531246613881,0,0.02,0.07,0.11,0.2,0.29,0.42,TRUE,FALSE,UGA_flucast,2026-05-13,INFLAenza
Louisiana,LA,0,wk inc rsv prop ed visits,prop_ed,2026-05-16,2026-05-16,UGA_flucast-INFLAenza,2.2018817050540758e-4,3.3997142275676395e-4,4.68040754806115e-4,6.342427420863633e-4,8.5238958190984e-4,0.0010804582153786484,0.0013968220207693767,2.2e-4,3.4e-4,4.7e-4,6.3e-4,8.5e-4,0.0011,0.0014,NA,NA,NA,NA,NA,NA,NA,NA,NA,NA,NA,NA,NA,NA,TRUE,FALSE,UGA_flucast,2026-05-13,INFLAenza
Louisiana,LA,1,wk inc rsv prop ed visits,prop_ed,2026-05-16,2026-05-23,UGA_flucast-INFLAenza,1.6121897934895935e-4,2.669767482203454e-4,3.8813576138100665e-4,5.596655207079715e-4,7.761094356251127e-4,0.001014753933929837,0.0013279713677492194,1.6e-4,2.7e-4,3.9e-4,5.6e-4,7.8e-4,0.001,0.0013,NA,NA,NA,NA,NA,NA,NA,NA,NA,NA,NA,NA,NA,NA,TRUE,FALSE,UGA_flucast,2026-05-13,INFLAenza
Louisiana,LA,2,wk inc rsv prop ed visits,prop_ed,2026-05-16,2026-05-30,UGA_flucast-INFLAenza,1.200881192458154e-4,2.0545051085539884e-4,3.199114855526919e-4,4.882921873694919e-4,7.030599483824243e-4,9.523115316119631e-4,0.0012988274327627584,1.2e-4,2.1e-4,3.2e-4,4.9e-4,7e-4,9.5e-4,0.0013,NA,NA,NA,NA,NA,NA,NA,NA,NA,NA,NA,NA,NA,NA,TRUE,FALSE,UGA_flucast,2026-05-13,INFLAenza
Louisiana,LA,0,wk inc rsv hosp,hosp,2026-05-16,2026-05-16,RSVHub-ensemble,5.25,8,10.25,12.75,16.5,21.5,29,5,8,10,10,20,20,30,0.11515546865643618,0.17547499985742657,0.22482734356732778,0.27966328102277355,0.3619171872059423,0.47158906211683393,0.6360968744831712,0.12,0.18,0.22,0.28,0.36,0.47,0.64,FALSE,TRUE,RSVHub,2026-05-13,Ensemble using RSVHub forecast submissions
Louisiana,LA,1,wk inc rsv hosp,hosp,2026-05-16,2026-05-23,RSVHub-ensemble,4.25,6,8.5,11,14.75,20.25,27,4,6,9,10,10,20,30,0.09322109367425786,0.1316062498930699,0.18644218734851573,0.24127812480396152,0.32353203098713024,0.444171093389111,0.5922281245188147,0.09,0.13,0.19,0.24,0.32,0.44,0.59,FALSE,TRUE,RSVHub,2026-05-13,Ensemble using RSVHub forecast submissions
Louisiana,LA,2,wk inc rsv hosp,hosp,2026-05-16,2026-05-30,RSVHub-ensemble,3,4,6,8,11,16,23.5,3,4,6,8,10,20,20,0.06580312494653495,0.08773749992871328,0.1316062498930699,0.17547499985742657,0.24127812480396152,0.35094999971485313,0.5154578120811906,0.07,0.09,0.13,0.18,0.24,0.35,0.52,FALSE,TRUE,RSVHub,2026-05-13,Ensemble using RSVHub forecast submissions
Louisiana,LA,0,wk inc rsv prop ed visits,prop_ed,2026-05-16,2026-05-16,RSVHub-ensemble,3.146390717894738e-4,4.304800200919481e-4,5.396678343991523e-4,6.859238293843787e-4,8.696005526142709e-4,0.0010569830410923963,0.0013141528552055534,3.1e-4,4.3e-4,5.4e-4,6.9e-4,8.7e-4,0.0011,0.0013,NA,NA,NA,NA,NA,NA,NA,NA,NA,NA,NA,NA,NA,NA,FALSE,TRUE,RSVHub,2026-05-13,Ensemble using RSVHub forecast submissions
Louisiana,LA,1,wk inc rsv prop ed visits,prop_ed,2026-05-16,2026-05-23,RSVHub-ensemble,2.376637095842292e-4,3.347758499106871e-4,4.545222689652142e-4,6.051707216642479e-4,8.087613886040858e-4,0.0010363944081641294,0.0013683213780415415,2.4e-4,3.3e-4,4.5e-4,6.1e-4,8.1e-4,0.001,0.0014,NA,NA,NA,NA,NA,NA,NA,NA,NA,NA,NA,NA,NA,NA,FALSE,TRUE,RSVHub,2026-05-13,Ensemble using RSVHub forecast submissions
Maine,ME,0,wk inc rsv hosp,hosp,2026-05-16,2026-05-16,CEPH-Rtrend_rsv,4,5,5,6,7,8,9,4,5,5,6,7,8,9,0.2867249913086487,0.3584062391358109,0.3584062391358109,0.4300874869629731,0.5017687347901353,0.5734499826172974,0.6451312304444596,0.29,0.36,0.36,0.43,0.5,0.57,0.65,TRUE,FALSE,CEPH Lab at Indiana University,2026-05-13,Rtrend RSV
Maine,ME,1,wk inc rsv hosp,hosp,2026-05-16,2026-05-23,CEPH-Rtrend_rsv,3,3,4,5,6,7,8,3,3,4,5,6,7,8,0.21504374348148655,0.21504374348148655,0.2867249913086487,0.3584062391358109,0.4300874869629731,0.5017687347901353,0.5734499826172974,0.22,0.22,0.29,0.36,0.43,0.5,0.57,TRUE,FALSE,CEPH Lab at Indiana University,2026-05-13,Rtrend RSV
Maine,ME,2,wk inc rsv hosp,hosp,2026-05-16,2026-05-30,CEPH-Rtrend_rsv,2,2,3,3,4,6,7,2,2,3,3,4,6,7,0.14336249565432435,0.14336249565432435,0.21504374348148655,0.21504374348148655,0.2867249913086487,0.4300874869629731,0.5017687347901353,0.14,0.14,0.22,0.22,0.29,0.43,0.5,TRUE,FALSE,CEPH Lab at Indiana University,2026-05-13,Rtrend RSV
Maine,ME,0,wk inc rsv prop ed visits,prop_ed,2026-05-16,2026-05-16,CFA_Pyrenew-Pyrenew_E_RSV,4.6538465997128157e-4,6.83010599270894e-4,9.172066788099582e-4,0.0012092493641011862,0.0015253434063225329,0.0018688226661840142,0.002343567143814122,4.7e-4,6.8e-4,9.2e-4,0.0012,0.0015,0.0019,0.0023,NA,NA,NA,NA,NA,NA,NA,NA,NA,NA,NA,NA,NA,NA,TRUE,FALSE,Center for Forecasting and Outbreak Analytics (CFA/CDC) Pyrenew team,2026-05-13,Pyrenew_ED_Visits_RSV
Maine,ME,1,wk inc rsv prop ed visits,prop_ed,2026-05-16,2026-05-23,CFA_Pyrenew-Pyrenew_E_RSV,1.5550601823486547e-4,3.1728281416390736e-4,4.8237798251097013e-4,7.367457326913109e-4,0.0010841327304849633,0.0014272818516399672,0.0019075905930334498,1.6e-4,3.2e-4,4.8e-4,7.4e-4,0.0011,0.0014,0.0019,NA,NA,NA,NA,NA,NA,NA,NA,NA,NA,NA,NA,NA,NA,TRUE,FALSE,Center for Forecasting and Outbreak Analytics (CFA/CDC) Pyrenew team,2026-05-13,Pyrenew_ED_Visits_RSV
Maine,ME,0,wk inc rsv prop ed visits,prop_ed,2026-05-16,2026-05-16,CFA_Pyrenew-Pyrenew_HE_RSV,5.018996803520049e-4,7.426564697400776e-4,9.659425954539621e-4,0.0012755939962929587,0.0016012867109906673,0.001963159086772083,0.0023710368700847547,5e-4,7.4e-4,9.7e-4,0.0013,0.0016,0.002,0.0024,NA,NA,NA,NA,NA,NA,NA,NA,NA,NA,NA,NA,NA,NA,FALSE,FALSE,Center for Forecasting and Outbreak Analytics (CFA/CDC) Pyrenew team,2026-05-13,Pyrenew_Hospital_Admissions_ED_Visits_RSV
Maine,ME,1,wk inc rsv prop ed visits,prop_ed,2026-05-16,2026-05-23,CFA_Pyrenew-Pyrenew_HE_RSV,2.280165605515533e-4,3.721583791066492e-4,5.519881940407107e-4,8.151417845385879e-4,0.001162953501558899,0.0014784833694449512,0.001922675648205453,2.3e-4,3.7e-4,5.5e-4,8.2e-4,0.0012,0.0015,0.0019,NA,NA,NA,NA,NA,NA,NA,NA,NA,NA,NA,NA,NA,NA,FALSE,FALSE,Center for Forecasting and Outbreak Analytics (CFA/CDC) Pyrenew team,2026-05-13,Pyrenew_Hospital_Admissions_ED_Visits_RSV
Maine,ME,0,wk inc rsv hosp,hosp,2026-05-16,2026-05-16,CFA_Pyrenew-Pyrenew_HE_RSV,2,3,4,6,8,10,12,2,3,4,6,8,10,10,0.14336249565432435,0.21504374348148655,0.2867249913086487,0.4300874869629731,0.5734499826172974,0.7168124782716218,0.8601749739259462,0.14,0.22,0.29,0.43,0.57,0.72,0.86,TRUE,FALSE,Center for Forecasting and Outbreak Analytics (CFA/CDC) Pyrenew team,2026-05-13,Pyrenew_Hospital_Admissions_ED_Visits_RSV
Maine,ME,1,wk inc rsv hosp,hosp,2026-05-16,2026-05-23,CFA_Pyrenew-Pyrenew_HE_RSV,1,2,3,4,6,8,10.024999999999864,1,2,3,4,6,8,10,0.07168124782716218,0.14336249565432435,0.21504374348148655,0.2867249913086487,0.4300874869629731,0.5734499826172974,0.7186045094672909,0.07,0.14,0.22,0.29,0.43,0.57,0.72,TRUE,FALSE,Center for Forecasting and Outbreak Analytics (CFA/CDC) Pyrenew team,2026-05-13,Pyrenew_Hospital_Admissions_ED_Visits_RSV
Maine,ME,0,wk inc rsv hosp,hosp,2026-05-16,2026-05-16,CFA_Pyrenew-Pyrenew_H_RSV,2,4,6,8,11,15,20,2,4,6,8,10,20,20,0.14336249565432435,0.2867249913086487,0.4300874869629731,0.5734499826172974,0.788493726098784,1.0752187174074326,1.4336249565432435,0.14,0.29,0.43,0.57,0.79,1.08,1.43,FALSE,FALSE,Center for Forecasting and Outbreak Analytics (CFA/CDC) Pyrenew team,2026-05-13,Pyrenew_Hospital_Admissions_RSV
Maine,ME,1,wk inc rsv hosp,hosp,2026-05-16,2026-05-23,CFA_Pyrenew-Pyrenew_H_RSV,1,3,5,7,11,16,24,1,3,5,7,10,20,20,0.07168124782716218,0.21504374348148655,0.3584062391358109,0.5017687347901353,0.788493726098784,1.1468999652345948,1.7203499478518924,0.07,0.22,0.36,0.5,0.79,1.15,1.72,FALSE,FALSE,Center for Forecasting and Outbreak Analytics (CFA/CDC) Pyrenew team,2026-05-13,Pyrenew_Hospital_Admissions_RSV
Maine,ME,0,wk inc rsv hosp,hosp,2026-05-16,2026-05-16,Google_SAI-RSVEns,1.5,3.5,5,6.5,10,12.5,17.5,2,4,5,7,10,10,20,0.10752187174074328,0.25088436739506764,0.3584062391358109,0.46592811087655417,0.7168124782716218,0.8960155978395272,1.254421836975338,0.11,0.25,0.36,0.47,0.72,0.9,1.25,TRUE,FALSE,Google Science AI,2026-05-13,RSVEnsemble
Maine,ME,1,wk inc rsv hosp,hosp,2026-05-16,2026-05-23,Google_SAI-RSVEns,1,2.5,4,6,8.5,10.5,16,1,3,4,6,9,10,20,0.07168124782716218,0.17920311956790544,0.2867249913086487,0.4300874869629731,0.6092906065308785,0.7526531021852029,1.1468999652345948,0.07,0.18,0.29,0.43,0.61,0.75,1.15,TRUE,FALSE,Google Science AI,2026-05-13,RSVEnsemble
Maine,ME,2,wk inc rsv hosp,hosp,2026-05-16,2026-05-30,Google_SAI-RSVEns,0.5,1.5,3,4.5,6.5,8.5,11,1,2,3,5,7,9,10,0.03584062391358109,0.10752187174074328,0.21504374348148655,0.3225656152222298,0.46592811087655417,0.6092906065308785,0.788493726098784,0.04,0.11,0.22,0.32,0.47,0.61,0.79,TRUE,FALSE,Google Science AI,2026-05-13,RSVEnsemble
Maine,ME,0,wk inc rsv hosp,hosp,2026-05-16,2026-05-16,RSVHub-baseline,0,2,6,8,10,14,17,0,2,6,8,10,10,20,0,0.14336249565432435,0.4300874869629731,0.5734499826172974,0.7168124782716218,1.0035374695802706,1.218581213061757,0,0.14,0.43,0.57,0.72,1,1.22,FALSE,FALSE,RSVHub-hub-models,2026-05-13,RSVHub baseline model
Maine,ME,1,wk inc rsv hosp,hosp,2026-05-16,2026-05-23,RSVHub-baseline,0,1,5,8,11,15,19.356126811268073,0,1,5,8,10,20,20,0,0.07168124782716218,0.3584062391358109,0.5734499826172974,0.788493726098784,1.0752187174074326,1.387471322932485,0,0.07,0.36,0.57,0.79,1.08,1.39,FALSE,FALSE,RSVHub-hub-models,2026-05-13,RSVHub baseline model
Maine,ME,2,wk inc rsv hosp,hosp,2026-05-16,2026-05-30,RSVHub-baseline,0,0,4,8,12,16.727703277032774,21.89213342133423,0,0,4,8,10,20,20,0,0,0.2867249913086487,0.5734499826172974,0.8601749739259462,1.1990626441802192,1.5692554412399586,0,0,0.29,0.57,0.86,1.2,1.57,FALSE,FALSE,RSVHub-hub-models,2026-05-13,RSVHub baseline model
Maine,ME,0,wk inc rsv prop ed visits,prop_ed,2026-05-16,2026-05-16,RSVHub-baseline,0,0.0012999999999999993,0.0018,0.002,0.0022,0.002700000000000001,0.004062499999999996,0,0.0013,0.0018,0.002,0.0022,0.0027,0.0041,NA,NA,NA,NA,NA,NA,NA,NA,NA,NA,NA,NA,NA,NA,FALSE,FALSE,RSVHub-hub-models,2026-05-13,RSVHub baseline model
Maine,ME,1,wk inc rsv prop ed visits,prop_ed,2026-05-16,2026-05-23,RSVHub-baseline,0,5e-4,0.0015999999999999999,0.002,0.0024000000000000002,0.003517248672486723,0.0054,0,5e-4,0.0016,0.002,0.0024,0.0035,0.0054,NA,NA,NA,NA,NA,NA,NA,NA,NA,NA,NA,NA,NA,NA,FALSE,FALSE,RSVHub-hub-models,2026-05-13,RSVHub baseline model
Maine,ME,2,wk inc rsv prop ed visits,prop_ed,2026-05-16,2026-05-30,RSVHub-baseline,0,1.9999999999999987e-4,0.0013000000000000004,0.002,0.0027,0.0038999999999999994,0.006036977019770168,0,2e-4,0.0013,0.002,0.0027,0.0039,0.006,NA,NA,NA,NA,NA,NA,NA,NA,NA,NA,NA,NA,NA,NA,FALSE,FALSE,RSVHub-hub-models,2026-05-13,RSVHub baseline model
Maine,ME,0,wk inc rsv hosp,hosp,2026-05-16,2026-05-16,UGA_flucast-INFLAenza,1,2,3,5,8,11,15,1,2,3,5,8,10,20,0.07168124782716218,0.14336249565432435,0.21504374348148655,0.3584062391358109,0.5734499826172974,0.788493726098784,1.0752187174074326,0.07,0.14,0.22,0.36,0.57,0.79,1.08,TRUE,FALSE,UGA_flucast,2026-05-13,INFLAenza
Maine,ME,1,wk inc rsv hosp,hosp,2026-05-16,2026-05-23,UGA_flucast-INFLAenza,0,1,2,4,6,9,13,0,1,2,4,6,9,10,0,0.07168124782716218,0.14336249565432435,0.2867249913086487,0.4300874869629731,0.6451312304444596,0.9318562217531083,0,0.07,0.14,0.29,0.43,0.65,0.93,TRUE,FALSE,UGA_flucast,2026-05-13,INFLAenza
Maine,ME,2,wk inc rsv hosp,hosp,2026-05-16,2026-05-30,UGA_flucast-INFLAenza,0,1,1,3,5,7,11,0,1,1,3,5,7,10,0,0.07168124782716218,0.07168124782716218,0.21504374348148655,0.3584062391358109,0.5017687347901353,0.788493726098784,0,0.07,0.07,0.22,0.36,0.5,0.79,TRUE,FALSE,UGA_flucast,2026-05-13,INFLAenza
Maine,ME,0,wk inc rsv prop ed visits,prop_ed,2026-05-16,2026-05-16,UGA_flucast-INFLAenza,8.381998886505816e-4,0.0010899444138087536,0.001366321681596463,0.001718106907332997,0.002131869714751443,0.0025605063356778056,0.0031383419367428814,8.4e-4,0.0011,0.0014,0.0017,0.0021,0.0026,0.0031,NA,NA,NA,NA,NA,NA,NA,NA,NA,NA,NA,NA,NA,NA,TRUE,FALSE,UGA_flucast,2026-05-13,INFLAenza
Maine,ME,1,wk inc rsv prop ed visits,prop_ed,2026-05-16,2026-05-23,UGA_flucast-INFLAenza,5.907978541348228e-4,8.4036780707559e-4,0.0010972399569357675,0.0014296361363755343,0.0018735889290331187,0.002320778354542754,0.0029978715862023922,5.9e-4,8.4e-4,0.0011,0.0014,0.0019,0.0023,0.003,NA,NA,NA,NA,NA,NA,NA,NA,NA,NA,NA,NA,NA,NA,TRUE,FALSE,UGA_flucast,2026-05-13,INFLAenza
Maine,ME,2,wk inc rsv prop ed visits,prop_ed,2026-05-16,2026-05-30,UGA_flucast-INFLAenza,4.275869013259984e-4,6.47973141944804e-4,8.828247837938214e-4,0.001227977190437205,0.0016472313947308716,0.002135072509907266,0.00279862641149171,4.3e-4,6.5e-4,8.8e-4,0.0012,0.0016,0.0021,0.0028,NA,NA,NA,NA,NA,NA,NA,NA,NA,NA,NA,NA,NA,NA,TRUE,FALSE,UGA_flucast,2026-05-13,INFLAenza
Maine,ME,0,wk inc rsv hosp,hosp,2026-05-16,2026-05-16,RSVHub-ensemble,1.75,3.25,4.5,6,8,10.5,13.5,2,3,5,6,8,10,10,0.12544218369753382,0.23296405543827708,0.3225656152222298,0.4300874869629731,0.5734499826172974,0.7526531021852029,0.9676968456666893,0.13,0.23,0.32,0.43,0.57,0.75,0.97,FALSE,TRUE,RSVHub,2026-05-13,Ensemble using RSVHub forecast submissions
Maine,ME,1,wk inc rsv hosp,hosp,2026-05-16,2026-05-23,RSVHub-ensemble,1,2.25,3.5,4.5,6,8.5,11.512499999999932,1,2,4,5,6,9,10,0.07168124782716218,0.1612828076111149,0.25088436739506764,0.3225656152222298,0.4300874869629731,0.6092906065308785,0.8252303656101996,0.07,0.16,0.25,0.32,0.43,0.61,0.83,FALSE,TRUE,RSVHub,2026-05-13,Ensemble using RSVHub forecast submissions
Maine,ME,2,wk inc rsv hosp,hosp,2026-05-16,2026-05-30,RSVHub-ensemble,0.5,1.5,3,3,5,7,11,1,2,3,3,5,7,10,0.03584062391358109,0.10752187174074328,0.21504374348148655,0.21504374348148655,0.3584062391358109,0.5017687347901353,0.788493726098784,0.04,0.11,0.22,0.22,0.36,0.5,0.79,FALSE,TRUE,RSVHub,2026-05-13,Ensemble using RSVHub forecast submissions
Maine,ME,0,wk inc rsv prop ed visits,prop_ed,2026-05-16,2026-05-16,RSVHub-ensemble,6.517922743109316e-4,8.864775065398239e-4,0.0011417641802032106,0.0014636781357170916,0.001828606560536988,0.00221466450093091,0.002740954540278502,6.5e-4,8.9e-4,0.0011,0.0015,0.0018,0.0022,0.0027,NA,NA,NA,NA,NA,NA,NA,NA,NA,NA,NA,NA,NA,NA,FALSE,TRUE,RSVHub,2026-05-13,Ensemble using RSVHub forecast submissions
Maine,ME,1,wk inc rsv prop ed visits,prop_ed,2026-05-16,2026-05-23,RSVHub-ensemble,3.731519361848441e-4,5.788253106197487e-4,7.898089697233688e-4,0.0010831909345334226,0.001478860829759041,0.0018740301030913606,0.0024527310896179213,3.7e-4,5.8e-4,7.9e-4,0.0011,0.0015,0.0019,0.0025,NA,NA,NA,NA,NA,NA,NA,NA,NA,NA,NA,NA,NA,NA,FALSE,TRUE,RSVHub,2026-05-13,Ensemble using RSVHub forecast submissions
Maryland,MD,0,wk inc rsv hosp,hosp,2026-05-16,2026-05-16,CEPH-Rtrend_rsv,3,5,6,9,11,14,17,3,5,6,9,10,10,20,0.048787040340702664,0.08131173390117112,0.09757408068140533,0.14636112102210802,0.17888581458257646,0.22767285492327913,0.2764598952639818,0.05,0.08,0.1,0.15,0.18,0.23,0.28,TRUE,FALSE,CEPH Lab at Indiana University,2026-05-13,Rtrend RSV
Maryland,MD,1,wk inc rsv hosp,hosp,2026-05-16,2026-05-23,CEPH-Rtrend_rsv,2,4,6,9,12,16,21,2,4,6,9,10,20,20,0.03252469356046844,0.06504938712093689,0.09757408068140533,0.14636112102210802,0.19514816136281066,0.26019754848374754,0.3415092823849187,0.03,0.07,0.1,0.15,0.2,0.26,0.34,TRUE,FALSE,CEPH Lab at Indiana University,2026-05-13,Rtrend RSV
Maryland,MD,2,wk inc rsv hosp,hosp,2026-05-16,2026-05-30,CEPH-Rtrend_rsv,1,3,5,8,13,17,26,1,3,5,8,10,20,30,0.01626234678023422,0.048787040340702664,0.08131173390117112,0.13009877424187377,0.2114105081430449,0.2764598952639818,0.4228210162860898,0.02,0.05,0.08,0.13,0.21,0.28,0.42,TRUE,FALSE,CEPH Lab at Indiana University,2026-05-13,Rtrend RSV
Maryland,MD,0,wk inc rsv prop ed visits,prop_ed,2026-05-16,2026-05-16,CFA_Pyrenew-Pyrenew_E_RSV,1.9131383564200647e-4,2.5885219671961044e-4,3.219606795699053e-4,4.016788909752643e-4,5.010537889443728e-4,5.947910361953663e-4,6.931185774837731e-4,1.9e-4,2.6e-4,3.2e-4,4e-4,5e-4,5.9e-4,6.9e-4,NA,NA,NA,NA,NA,NA,NA,NA,NA,NA,NA,NA,NA,NA,TRUE,FALSE,Center for Forecasting and Outbreak Analytics (CFA/CDC) Pyrenew team,2026-05-13,Pyrenew_ED_Visits_RSV
Maryland,MD,1,wk inc rsv prop ed visits,prop_ed,2026-05-16,2026-05-23,CFA_Pyrenew-Pyrenew_E_RSV,1.0603469637301227e-4,1.5865099550641546e-4,2.1968379931976031e-4,2.9729985083957355e-4,4.021921113058561e-4,4.988186506954204e-4,6.14928832169616e-4,1.1e-4,1.6e-4,2.2e-4,3e-4,4e-4,5e-4,6.1e-4,NA,NA,NA,NA,NA,NA,NA,NA,NA,NA,NA,NA,NA,NA,TRUE,FALSE,Center for Forecasting and Outbreak Analytics (CFA/CDC) Pyrenew team,2026-05-13,Pyrenew_ED_Visits_RSV
Maryland,MD,0,wk inc rsv hosp,hosp,2026-05-16,2026-05-16,CFA_Pyrenew-Pyrenew_H_RSV,1,3,5,7,11,14,20,1,3,5,7,10,10,20,0.01626234678023422,0.048787040340702664,0.08131173390117112,0.11383642746163956,0.17888581458257646,0.22767285492327913,0.3252469356046845,0.02,0.05,0.08,0.11,0.18,0.23,0.33,FALSE,FALSE,Center for Forecasting and Outbreak Analytics (CFA/CDC) Pyrenew team,2026-05-13,Pyrenew_Hospital_Admissions_RSV
Maryland,MD,1,wk inc rsv hosp,hosp,2026-05-16,2026-05-23,CFA_Pyrenew-Pyrenew_H_RSV,0,2,4,6,11,17,26,0,2,4,6,10,20,30,0,0.03252469356046844,0.06504938712093689,0.09757408068140533,0.17888581458257646,0.2764598952639818,0.4228210162860898,0,0.03,0.07,0.1,0.18,0.28,0.42,FALSE,FALSE,Center for Forecasting and Outbreak Analytics (CFA/CDC) Pyrenew team,2026-05-13,Pyrenew_Hospital_Admissions_RSV
Maryland,MD,0,wk inc rsv hosp,hosp,2026-05-16,2026-05-16,Google_SAI-RSVEns,2,4,5.5,6.5,8.5,12,22,2,4,6,7,9,10,20,0.03252469356046844,0.06504938712093689,0.08944290729128823,0.10570525407152245,0.1382299476319909,0.19514816136281066,0.3577716291651529,0.03,0.07,0.09,0.11,0.14,0.2,0.36,TRUE,FALSE,Google Science AI,2026-05-13,RSVEnsemble
Maryland,MD,1,wk inc rsv hosp,hosp,2026-05-16,2026-05-23,Google_SAI-RSVEns,2,3.5,5,6,8.5,12,20,2,4,5,6,9,10,20,0.03252469356046844,0.05691821373081978,0.08131173390117112,0.09757408068140533,0.1382299476319909,0.19514816136281066,0.3252469356046845,0.03,0.06,0.08,0.1,0.14,0.2,0.33,TRUE,FALSE,Google Science AI,2026-05-13,RSVEnsemble
Maryland,MD,2,wk inc rsv hosp,hosp,2026-05-16,2026-05-30,Google_SAI-RSVEns,2,3.5,4.5,5,7.5,9.5,14,2,4,5,5,8,10,10,0.03252469356046844,0.05691821373081978,0.07318056051105401,0.08131173390117112,0.12196760085175667,0.15449229441222512,0.22767285492327913,0.03,0.06,0.07,0.08,0.12,0.15,0.23,TRUE,FALSE,Google Science AI,2026-05-13,RSVEnsemble
Maryland,MD,0,wk inc rsv hosp,hosp,2026-05-16,2026-05-16,RSVHub-baseline,0,0,1,8,15,30.500000000000036,62,0,0,1,8,20,30,60,0,0,0.01626234678023422,0.13009877424187377,0.24393520170351335,0.49600157679714435,1.0082655003745218,0,0,0.02,0.13,0.24,0.5,1.01,FALSE,FALSE,RSVHub-hub-models,2026-05-13,RSVHub baseline model
Maryland,MD,1,wk inc rsv hosp,hosp,2026-05-16,2026-05-23,RSVHub-baseline,0,0,0,8,21,44.05725657256573,74.14632946329449,0,0,0,8,20,40,70,0,0,0,0.13009877424187377,0.3415092823849187,0.7164743845688174,1.205793322213593,0,0,0,0.13,0.34,0.72,1.21,FALSE,FALSE,RSVHub-hub-models,2026-05-13,RSVHub baseline model
Maryland,MD,2,wk inc rsv hosp,hosp,2026-05-16,2026-05-30,RSVHub-baseline,0,0,0,8,26.777732777327767,52.64128541285408,88.33800913009114,0,0,0,8,30,50,90,0,0,0,0.13009877424187377,0.43546877641334863,0.8560708383411184,1.436583338349039,0,0,0,0.13,0.44,0.86,1.44,FALSE,FALSE,RSVHub-hub-models,2026-05-13,RSVHub baseline model
Maryland,MD,0,wk inc rsv prop ed visits,prop_ed,2026-05-16,2026-05-16,RSVHub-baseline,0,0,9.999999999999994e-5,3e-4,5e-4,0.0014000000000000048,0.003262499999999996,0,0,1e-4,3e-4,5e-4,0.0014,0.0033,NA,NA,NA,NA,NA,NA,NA,NA,NA,NA,NA,NA,NA,NA,FALSE,FALSE,RSVHub-hub-models,2026-05-13,RSVHub baseline model
Maryland,MD,1,wk inc rsv prop ed visits,prop_ed,2026-05-16,2026-05-23,RSVHub-baseline,0,0,0,3e-4,9.61582365823656e-4,0.0022999999999999995,0.003823133606336063,0,0,0,3e-4,9.6e-4,0.0023,0.0038,NA,NA,NA,NA,NA,NA,NA,NA,NA,NA,NA,NA,NA,NA,FALSE,FALSE,RSVHub-hub-models,2026-05-13,RSVHub baseline model
Maryland,MD,2,wk inc rsv prop ed visits,prop_ed,2026-05-16,2026-05-30,RSVHub-baseline,0,0,0,3e-4,0.0012114601146011464,0.0027832331323313256,0.004447226772267723,0,0,0,3e-4,0.0012,0.0028,0.0044,NA,NA,NA,NA,NA,NA,NA,NA,NA,NA,NA,NA,NA,NA,FALSE,FALSE,RSVHub-hub-models,2026-05-13,RSVHub baseline model
Maryland,MD,0,wk inc rsv hosp,hosp,2026-05-16,2026-05-16,UM-DeepOutbreak,0,0,0.9002619136436163,9.94910225,17.428820286356384,48.49855605650477,76.27436412666668,0,0,1,10,20,50,80,0,0,0.014640371432709765,0.16179575094150855,0.28343351946710865,0.7887003369315093,1.2404001598697108,0,0,0.01,0.16,0.28,0.79,1.24,TRUE,FALSE,"University of Michigan, Computer Science and Engineering",2026-05-13,DeepOutbreak
Maryland,MD,1,wk inc rsv hosp,hosp,2026-05-16,2026-05-23,UM-DeepOutbreak,0,0,0,16.090487403749997,34.656549927585715,60.8775168216354,88.1411868875,0,0,0,20,30,60,90,0,0,0,0.2616690860227731,0.5635968331289001,0.9900112896729772,1.4333825467859584,0,0,0,0.26,0.56,0.99,1.43,TRUE,FALSE,"University of Michigan, Computer Science and Engineering",2026-05-13,DeepOutbreak
Maryland,MD,2,wk inc rsv hosp,hosp,2026-05-16,2026-05-30,UM-DeepOutbreak,0,0,0,14.570907780000004,40.179895244107016,80.39645997982802,91.57890454,0,0,0,10,40,80,90,0,0,0,0.23695715522117283,0.6534193900531521,1.307435112095186,1.4892879033834463,0,0,0,0.24,0.65,1.31,1.49,TRUE,FALSE,"University of Michigan, Computer Science and Engineering",2026-05-13,DeepOutbreak
Maryland,MD,0,wk inc rsv hosp,hosp,2026-05-16,2026-05-16,UGA_flucast-INFLAenza,1,2,3,6,8,12,16,1,2,3,6,8,10,20,0.01626234678023422,0.03252469356046844,0.048787040340702664,0.09757408068140533,0.13009877424187377,0.19514816136281066,0.26019754848374754,0.02,0.03,0.05,0.1,0.13,0.2,0.26,TRUE,FALSE,UGA_flucast,2026-05-13,INFLAenza
Maryland,MD,1,wk inc rsv hosp,hosp,2026-05-16,2026-05-23,UGA_flucast-INFLAenza,0,1,2,4,7,10,15,0,1,2,4,7,10,20,0,0.01626234678023422,0.03252469356046844,0.06504938712093689,0.11383642746163956,0.16262346780234224,0.24393520170351335,0,0.02,0.03,0.07,0.11,0.16,0.24,TRUE,FALSE,UGA_flucast,2026-05-13,INFLAenza
Maryland,MD,2,wk inc rsv hosp,hosp,2026-05-16,2026-05-30,UGA_flucast-INFLAenza,0,1,2,3,6,8,13,0,1,2,3,6,8,10,0,0.01626234678023422,0.03252469356046844,0.048787040340702664,0.09757408068140533,0.13009877424187377,0.2114105081430449,0,0.02,0.03,0.05,0.1,0.13,0.21,TRUE,FALSE,UGA_flucast,2026-05-13,INFLAenza
Maryland,MD,0,wk inc rsv prop ed visits,prop_ed,2026-05-16,2026-05-16,UGA_flucast-INFLAenza,1.3035616075643606e-4,2.0959959938283285e-4,3.087941320938292e-4,4.504927638356146e-4,6.305744001123985e-4,8.190099587071284e-4,0.0010690253308391475,1.3e-4,2.1e-4,3.1e-4,4.5e-4,6.3e-4,8.2e-4,0.0011,NA,NA,NA,NA,NA,NA,NA,NA,NA,NA,NA,NA,NA,NA,TRUE,FALSE,UGA_flucast,2026-05-13,INFLAenza
Maryland,MD,1,wk inc rsv prop ed visits,prop_ed,2026-05-16,2026-05-23,UGA_flucast-INFLAenza,9.92527163474071e-5,1.6857692932924822e-4,2.624212059808359e-4,3.9429326724790093e-4,5.639895747764588e-4,7.50733548085245e-4,0.001007488350347264,9.9e-5,1.7e-4,2.6e-4,3.9e-4,5.6e-4,7.5e-4,0.001,NA,NA,NA,NA,NA,NA,NA,NA,NA,NA,NA,NA,NA,NA,TRUE,FALSE,UGA_flucast,2026-05-13,INFLAenza
Maryland,MD,2,wk inc rsv prop ed visits,prop_ed,2026-05-16,2026-05-30,UGA_flucast-INFLAenza,7.423469428711866e-5,1.394401805349271e-4,2.2452463364759116e-4,3.542017324939878e-4,5.205762374271035e-4,7.042586173766335e-4,9.793960838866815e-4,7.4e-5,1.4e-4,2.2e-4,3.5e-4,5.2e-4,7e-4,9.8e-4,NA,NA,NA,NA,NA,NA,NA,NA,NA,NA,NA,NA,NA,NA,TRUE,FALSE,UGA_flucast,2026-05-13,INFLAenza
Maryland,MD,0,wk inc rsv hosp,hosp,2026-05-16,2026-05-16,RSVHub-ensemble,1.5,3,4.25,7.75,9.75,13,19.5,2,3,4,8,10,10,20,0.024393520170351332,0.048787040340702664,0.06911497381599545,0.12603318754681522,0.1585578811072837,0.2114105081430449,0.3171157622145674,0.02,0.05,0.07,0.13,0.16,0.21,0.32,FALSE,TRUE,RSVHub,2026-05-13,Ensemble using RSVHub forecast submissions
Maryland,MD,1,wk inc rsv hosp,hosp,2026-05-16,2026-05-23,RSVHub-ensemble,1,2.25,3.5,7.5,10.25,14,20.5,1,2,4,8,10,10,20,0.01626234678023422,0.036590280255527005,0.05691821373081978,0.12196760085175667,0.1666890544974008,0.22767285492327913,0.3333781089948016,0.02,0.04,0.06,0.12,0.17,0.23,0.33,FALSE,TRUE,RSVHub,2026-05-13,Ensemble using RSVHub forecast submissions
Maryland,MD,2,wk inc rsv hosp,hosp,2026-05-16,2026-05-30,RSVHub-ensemble,0.5,2,3.25,6.5,10.25,13.25,20,1,2,3,7,10,10,20,0.00813117339011711,0.03252469356046844,0.05285262703576123,0.10570525407152245,0.1666890544974008,0.21547609483810348,0.3252469356046845,0.01,0.03,0.05,0.11,0.17,0.22,0.33,FALSE,TRUE,RSVHub,2026-05-13,Ensemble using RSVHub forecast submissions
Maryland,MD,0,wk inc rsv prop ed visits,prop_ed,2026-05-16,2026-05-16,RSVHub-ensemble,1.6083499819922125e-4,2.3422589805122165e-4,3.153774058318673e-4,4.2608582740543945e-4,5.658140945283856e-4,7.069004974512474e-4,8.810719541614603e-4,1.6e-4,2.3e-4,3.2e-4,4.3e-4,5.7e-4,7.1e-4,8.8e-4,NA,NA,NA,NA,NA,NA,NA,NA,NA,NA,NA,NA,NA,NA,FALSE,TRUE,RSVHub,2026-05-13,Ensemble using RSVHub forecast submissions
Maryland,MD,1,wk inc rsv prop ed visits,prop_ed,2026-05-16,2026-05-23,RSVHub-ensemble,1.0264370636020969e-4,1.6361396241783185e-4,2.410525026502981e-4,3.4579655904373724e-4,4.8309084304115743e-4,6.247760993903327e-4,8.1120859125844e-4,1e-4,1.6e-4,2.4e-4,3.5e-4,4.8e-4,6.2e-4,8.1e-4,NA,NA,NA,NA,NA,NA,NA,NA,NA,NA,NA,NA,NA,NA,FALSE,TRUE,RSVHub,2026-05-13,Ensemble using RSVHub forecast submissions
Massachusetts,MA,0,wk inc rsv hosp,hosp,2026-05-16,2026-05-16,CEPH-Rtrend_rsv,17,22,28,37,46,56,67,20,20,30,40,50,60,70,0.2429254048959186,0.3143740533947182,0.4001124315932777,0.528719998891117,0.6573275661889563,0.8002248631865554,0.9574118898839146,0.24,0.31,0.4,0.53,0.66,0.8,0.96,TRUE,FALSE,CEPH Lab at Indiana University,2026-05-13,Rtrend RSV
Massachusetts,MA,1,wk inc rsv hosp,hosp,2026-05-16,2026-05-23,CEPH-Rtrend_rsv,10,14,20,28,38,49,63,10,10,20,30,40,50,60,0.14289729699759918,0.20005621579663885,0.28579459399519835,0.4001124315932777,0.5430097285908769,0.700196755288236,0.9002529710848748,0.14,0.2,0.29,0.4,0.54,0.7,0.9,TRUE,FALSE,CEPH Lab at Indiana University,2026-05-13,Rtrend RSV
Massachusetts,MA,2,wk inc rsv hosp,hosp,2026-05-16,2026-05-30,CEPH-Rtrend_rsv,6,9,13,20,30,42,58,6,9,10,20,30,40,60,0.0857383781985595,0.12860756729783926,0.18576648609687893,0.28579459399519835,0.4286918909927976,0.6001686473899165,0.8288043225860753,0.09,0.13,0.19,0.29,0.43,0.6,0.83,TRUE,FALSE,CEPH Lab at Indiana University,2026-05-13,Rtrend RSV
Massachusetts,MA,0,wk inc rsv prop ed visits,prop_ed,2026-05-16,2026-05-16,CFA_Pyrenew-Pyrenew_E_RSV,4.346624762880197e-4,5.248155206961404e-4,6.134962026178568e-4,7.264315456210343e-4,8.52415274225396e-4,9.815486699773762e-4,0.0011548552371275986,4.3e-4,5.2e-4,6.1e-4,7.3e-4,8.5e-4,9.8e-4,0.0012,NA,NA,NA,NA,NA,NA,NA,NA,NA,NA,NA,NA,NA,NA,TRUE,FALSE,Center for Forecasting and Outbreak Analytics (CFA/CDC) Pyrenew team,2026-05-13,Pyrenew_ED_Visits_RSV
Massachusetts,MA,1,wk inc rsv prop ed visits,prop_ed,2026-05-16,2026-05-23,CFA_Pyrenew-Pyrenew_E_RSV,2.281538970089787e-4,3.1030942810323487e-4,3.898596659036116e-4,5.051021353433272e-4,6.426938446162014e-4,8.139133293859305e-4,0.0010390734905343956,2.3e-4,3.1e-4,3.9e-4,5.1e-4,6.4e-4,8.1e-4,0.001,NA,NA,NA,NA,NA,NA,NA,NA,NA,NA,NA,NA,NA,NA,TRUE,FALSE,Center for Forecasting and Outbreak Analytics (CFA/CDC) Pyrenew team,2026-05-13,Pyrenew_ED_Visits_RSV
Massachusetts,MA,0,wk inc rsv prop ed visits,prop_ed,2026-05-16,2026-05-16,CFA_Pyrenew-Pyrenew_HE_RSV,4.3609065448042264e-4,5.414208140203861e-4,6.424595873463923e-4,7.619068152357477e-4,8.888810757826725e-4,0.0010109134843424368,0.0011711249712500463,4.4e-4,5.4e-4,6.4e-4,7.6e-4,8.9e-4,0.001,0.0012,NA,NA,NA,NA,NA,NA,NA,NA,NA,NA,NA,NA,NA,NA,FALSE,FALSE,Center for Forecasting and Outbreak Analytics (CFA/CDC) Pyrenew team,2026-05-13,Pyrenew_Hospital_Admissions_ED_Visits_RSV
Massachusetts,MA,1,wk inc rsv prop ed visits,prop_ed,2026-05-16,2026-05-23,CFA_Pyrenew-Pyrenew_HE_RSV,2.372820926823918e-4,3.269891846471758e-4,4.13541437297021e-4,5.326686851073062e-4,6.879396127432818e-4,8.466075935822346e-4,0.0010440522941942655,2.4e-4,3.3e-4,4.1e-4,5.3e-4,6.9e-4,8.5e-4,0.001,NA,NA,NA,NA,NA,NA,NA,NA,NA,NA,NA,NA,NA,NA,FALSE,FALSE,Center for Forecasting and Outbreak Analytics (CFA/CDC) Pyrenew team,2026-05-13,Pyrenew_Hospital_Admissions_ED_Visits_RSV
Massachusetts,MA,0,wk inc rsv hosp,hosp,2026-05-16,2026-05-16,CFA_Pyrenew-Pyrenew_HE_RSV,13,17,21,25,31,36,42,10,20,20,30,30,40,40,0.18576648609687893,0.2429254048959186,0.30008432369495824,0.35724324249399797,0.4429816206925575,0.514430269191357,0.6001686473899165,0.19,0.24,0.3,0.36,0.44,0.51,0.6,TRUE,FALSE,Center for Forecasting and Outbreak Analytics (CFA/CDC) Pyrenew team,2026-05-13,Pyrenew_Hospital_Admissions_ED_Visits_RSV
Massachusetts,MA,1,wk inc rsv hosp,hosp,2026-05-16,2026-05-23,CFA_Pyrenew-Pyrenew_HE_RSV,8.975000000000001,11,14,18,23,28,34.024999999999864,9,10,10,20,20,30,30,0.12825032405534528,0.1571870266973591,0.20005621579663885,0.2572151345956785,0.32866378309447813,0.4001124315932777,0.4862080530343293,0.13,0.16,0.2,0.26,0.33,0.4,0.49,TRUE,FALSE,Center for Forecasting and Outbreak Analytics (CFA/CDC) Pyrenew team,2026-05-13,Pyrenew_Hospital_Admissions_ED_Visits_RSV
Massachusetts,MA,0,wk inc rsv hosp,hosp,2026-05-16,2026-05-16,CFA_Pyrenew-Pyrenew_H_RSV,16,21,26,33,41,50,63,20,20,30,30,40,50,60,0.2286356751961587,0.30008432369495824,0.37153297219375786,0.47156108009207726,0.5858789176901567,0.7144864849879959,0.9002529710848748,0.23,0.3,0.37,0.47,0.59,0.71,0.9,FALSE,FALSE,Center for Forecasting and Outbreak Analytics (CFA/CDC) Pyrenew team,2026-05-13,Pyrenew_Hospital_Admissions_RSV
Massachusetts,MA,1,wk inc rsv hosp,hosp,2026-05-16,2026-05-23,CFA_Pyrenew-Pyrenew_H_RSV,9,13,19,26,35,46,60.024999999999864,9,10,20,30,40,50,60,0.12860756729783926,0.18576648609687893,0.27150486429543846,0.37153297219375786,0.5001405394915971,0.6573275661889563,0.8577410252280872,0.13,0.19,0.27,0.37,0.5,0.66,0.86,FALSE,FALSE,Center for Forecasting and Outbreak Analytics (CFA/CDC) Pyrenew team,2026-05-13,Pyrenew_Hospital_Admissions_RSV
Massachusetts,MA,0,wk inc rsv hosp,hosp,2026-05-16,2026-05-16,Google_SAI-RSVEns,22.5,27,29,30.5,38.5,47,76,20,30,30,30,40,50,80,0.32151891824459816,0.3858227018935178,0.41440216129303764,0.4358367558426775,0.5501545934407568,0.6716172958887162,1.0860194571817539,0.32,0.39,0.41,0.44,0.55,0.67,1.09,TRUE,FALSE,Google Science AI,2026-05-13,RSVEnsemble
Massachusetts,MA,1,wk inc rsv hosp,hosp,2026-05-16,2026-05-23,Google_SAI-RSVEns,14,18,19.5,22,30,44.5,67.5,10,20,20,20,30,40,70,0.20005621579663885,0.2572151345956785,0.27864972914531844,0.3143740533947182,0.4286918909927976,0.6358929716393164,0.9645567547337944,0.2,0.26,0.28,0.31,0.43,0.64,0.96,TRUE,FALSE,Google Science AI,2026-05-13,RSVEnsemble
Massachusetts,MA,2,wk inc rsv hosp,hosp,2026-05-16,2026-05-30,Google_SAI-RSVEns,9.5,14.5,16.5,19,25.5,32.5,56,10,10,20,20,30,30,60,0.13575243214771923,0.20720108064651882,0.23578054004603863,0.27150486429543846,0.3643881073438779,0.46441621524219734,0.8002248631865554,0.14,0.21,0.24,0.27,0.36,0.46,0.8,TRUE,FALSE,Google Science AI,2026-05-13,RSVEnsemble
Massachusetts,MA,0,wk inc rsv hosp,hosp,2026-05-16,2026-05-16,RSVHub-baseline,0,5,28,38,48,71,129.99999999999983,0,5,30,40,50,70,130,0,0.07144864849879959,0.4001124315932777,0.5430097285908769,0.685907025588476,1.0145708086829544,1.857664860968787,0,0.07,0.4,0.54,0.69,1.01,1.86,FALSE,FALSE,RSVHub-hub-models,2026-05-13,RSVHub baseline model
Massachusetts,MA,1,wk inc rsv hosp,hosp,2026-05-16,2026-05-23,RSVHub-baseline,0,0,17.15131401314013,38,60.73938739387396,101,161.01831843318556,0,0,20,40,60,100,160,0,0,0.24508764124347698,0.5430097285908769,0.867949427987464,1.4432626996757518,2.3009082471200917,0,0,0.25,0.54,0.87,1.44,2.3,FALSE,FALSE,RSVHub-hub-models,2026-05-13,RSVHub baseline model
Massachusetts,MA,2,wk inc rsv hosp,hosp,2026-05-16,2026-05-30,RSVHub-baseline,0,0,8.582735827358267,38,69.67510175101751,118.34534545345453,192.54932524325233,0,0,9,40,70,120,190,0,0,0.12264497505739494,0.5430097285908769,0.9956383708253093,1.6911229977545768,2.7514778115972347,0,0,0.12,0.54,1,1.69,2.75,FALSE,FALSE,RSVHub-hub-models,2026-05-13,RSVHub baseline model
Massachusetts,MA,0,wk inc rsv prop ed visits,prop_ed,2026-05-16,2026-05-16,RSVHub-baseline,0,0,7.999999999999999e-4,0.001,0.0012000000000000001,0.0022000000000000006,0.004262499999999995,0,0,8e-4,0.001,0.0012,0.0022,0.0043,NA,NA,NA,NA,NA,NA,NA,NA,NA,NA,NA,NA,NA,NA,FALSE,FALSE,RSVHub-hub-models,2026-05-13,RSVHub baseline model
Massachusetts,MA,1,wk inc rsv prop ed visits,prop_ed,2026-05-16,2026-05-23,RSVHub-baseline,0,0,3.9798322983229515e-4,0.001,0.0017026220262202634,0.0032558752587525893,0.0048000000000000004,0,0,4e-4,0.001,0.0017,0.0033,0.0048,NA,NA,NA,NA,NA,NA,NA,NA,NA,NA,NA,NA,NA,NA,FALSE,FALSE,RSVHub-hub-models,2026-05-13,RSVHub baseline model
Massachusetts,MA,2,wk inc rsv prop ed visits,prop_ed,2026-05-16,2026-05-30,RSVHub-baseline,0,0,1e-4,0.001,0.0021000000000000003,0.003755802358023581,0.005636753442534406,0,0,1e-4,0.001,0.0021,0.0038,0.0056,NA,NA,NA,NA,NA,NA,NA,NA,NA,NA,NA,NA,NA,NA,FALSE,FALSE,RSVHub-hub-models,2026-05-13,RSVHub baseline model
Massachusetts,MA,0,wk inc rsv hosp,hosp,2026-05-16,2026-05-16,UGA_flucast-INFLAenza,12,17,23,32,43,58,79,10,20,20,30,40,60,80,0.171476756397119,0.2429254048959186,0.32866378309447813,0.4572713503923174,0.6144583770896764,0.8288043225860753,1.1288886462810335,0.17,0.24,0.33,0.46,0.61,0.83,1.13,TRUE,FALSE,UGA_flucast,2026-05-13,INFLAenza
Massachusetts,MA,1,wk inc rsv hosp,hosp,2026-05-16,2026-05-23,UGA_flucast-INFLAenza,7,11,16,23,35,49,71,7,10,20,20,40,50,70,0.10002810789831942,0.1571870266973591,0.2286356751961587,0.32866378309447813,0.5001405394915971,0.700196755288236,1.0145708086829544,0.1,0.16,0.23,0.33,0.5,0.7,1.01,TRUE,FALSE,UGA_flucast,2026-05-13,INFLAenza
Massachusetts,MA,2,wk inc rsv hosp,hosp,2026-05-16,2026-05-30,UGA_flucast-INFLAenza,4,7,11,18,27,39,61,4,7,10,20,30,40,60,0.05715891879903968,0.10002810789831942,0.1571870266973591,0.2572151345956785,0.3858227018935178,0.5572994582906369,0.871673511685355,0.06,0.1,0.16,0.26,0.39,0.56,0.87,TRUE,FALSE,UGA_flucast,2026-05-13,INFLAenza
Massachusetts,MA,0,wk inc rsv prop ed visits,prop_ed,2026-05-16,2026-05-16,UGA_flucast-INFLAenza,3.6397485499632416e-4,5.236081204316505e-4,6.871346623936106e-4,9.171632132839682e-4,0.0011693345400808665,0.0014398470448177326,0.0018385657600685553,3.6e-4,5.2e-4,6.9e-4,9.2e-4,0.0012,0.0014,0.0018,NA,NA,NA,NA,NA,NA,NA,NA,NA,NA,NA,NA,NA,NA,TRUE,FALSE,UGA_flucast,2026-05-13,INFLAenza
Massachusetts,MA,1,wk inc rsv prop ed visits,prop_ed,2026-05-16,2026-05-23,UGA_flucast-INFLAenza,2.6829309418503934e-4,4.03326590451284e-4,5.582519159929349e-4,7.857258083604352e-4,0.001065689691485781,0.00137999535328404,0.0017945560959376256,2.7e-4,4e-4,5.6e-4,7.9e-4,0.0011,0.0014,0.0018,NA,NA,NA,NA,NA,NA,NA,NA,NA,NA,NA,NA,NA,NA,TRUE,FALSE,UGA_flucast,2026-05-13,INFLAenza
Massachusetts,MA,2,wk inc rsv prop ed visits,prop_ed,2026-05-16,2026-05-30,UGA_flucast-INFLAenza,2.0841889607702512e-4,3.338640696830737e-4,4.7792259763695087e-4,6.931158251660108e-4,9.658667306474149e-4,0.0012805253081369396,0.0017065850148916333,2.1e-4,3.3e-4,4.8e-4,6.9e-4,9.7e-4,0.0013,0.0017,NA,NA,NA,NA,NA,NA,NA,NA,NA,NA,NA,NA,NA,NA,TRUE,FALSE,UGA_flucast,2026-05-13,INFLAenza
Massachusetts,MA,0,wk inc rsv hosp,hosp,2026-05-16,2026-05-16,RSVHub-ensemble,15,19.5,25.5,31.25,40.75,51.5,71.5,20,20,30,30,40,50,70,0.2143459454963988,0.27864972914531844,0.3643881073438779,0.44655405311749746,0.5823064852652167,0.7359210795376357,1.021715673532834,0.21,0.28,0.36,0.45,0.58,0.74,1.02,FALSE,TRUE,RSVHub,2026-05-13,Ensemble using RSVHub forecast submissions
Massachusetts,MA,1,wk inc rsv hosp,hosp,2026-05-16,2026-05-23,RSVHub-ensemble,9.4875,12.5,17.75,22.5,32.5,46.75,65.25,9,10,20,20,30,50,70,0.13557381052647224,0.17862162124699899,0.2536427021707386,0.32151891824459816,0.46441621524219734,0.6680448634637762,0.9324048629093348,0.14,0.18,0.25,0.32,0.46,0.67,0.93,FALSE,TRUE,RSVHub,2026-05-13,Ensemble using RSVHub forecast submissions
Massachusetts,MA,2,wk inc rsv hosp,hosp,2026-05-16,2026-05-30,RSVHub-ensemble,6,9,13,19,27,39,58,6,9,10,20,30,40,60,0.0857383781985595,0.12860756729783926,0.18576648609687893,0.27150486429543846,0.3858227018935178,0.5572994582906369,0.8288043225860753,0.09,0.13,0.19,0.27,0.39,0.56,0.83,FALSE,TRUE,RSVHub,2026-05-13,Ensemble using RSVHub forecast submissions
Massachusetts,MA,0,wk inc rsv prop ed visits,prop_ed,2026-05-16,2026-05-16,RSVHub-ensemble,3.9931866564217193e-4,5.242118205638954e-4,6.503154325057338e-4,8.217973794525013e-4,0.0010108749071531312,0.0012106978573975544,0.001496710498598077,4e-4,5.2e-4,6.5e-4,8.2e-4,0.001,0.0012,0.0015,NA,NA,NA,NA,NA,NA,NA,NA,NA,NA,NA,NA,NA,NA,FALSE,TRUE,RSVHub,2026-05-13,Ensemble using RSVHub forecast submissions
Massachusetts,MA,1,wk inc rsv prop ed visits,prop_ed,2026-05-16,2026-05-23,RSVHub-ensemble,2.48223495597009e-4,3.568180092772595e-4,4.7405579094827327e-4,6.454139718518812e-4,8.541917680509912e-4,0.0010969543413349853,0.0014168147932360105,2.5e-4,3.6e-4,4.7e-4,6.5e-4,8.5e-4,0.0011,0.0014,NA,NA,NA,NA,NA,NA,NA,NA,NA,NA,NA,NA,NA,NA,FALSE,TRUE,RSVHub,2026-05-13,Ensemble using RSVHub forecast submissions
Michigan,MI,0,wk inc rsv hosp,hosp,2026-05-16,2026-05-16,CEPH-Rtrend_rsv,24,37,51,71,98,125,156,20,40,50,70,100,130,160,0.23915442171115586,0.36869640013803195,0.5082031461362062,0.7074984975621694,0.9765472219872198,1.2455959464122701,1.554503741122513,0.24,0.37,0.51,0.71,0.98,1.25,1.55,TRUE,FALSE,CEPH Lab at Indiana University,2026-05-13,Rtrend RSV
Michigan,MI,1,wk inc rsv hosp,hosp,2026-05-16,2026-05-23,CEPH-Rtrend_rsv,12,22,34,51,76,103,134,10,20,30,50,80,100,130,0.11957721085557793,0.21922488656855954,0.33880209742413747,0.5082031461362062,0.7573223354186602,1.0263710598437106,1.3352788545539536,0.12,0.22,0.34,0.51,0.76,1.03,1.34,TRUE,FALSE,CEPH Lab at Indiana University,2026-05-13,Rtrend RSV
Michigan,MI,2,wk inc rsv hosp,hosp,2026-05-16,2026-05-30,CEPH-Rtrend_rsv,5,12,22,37,56,78,105,5,10,20,40,60,80,110,0.049823837856490805,0.11957721085557793,0.21922488656855954,0.36869640013803195,0.558026983992697,0.7772518705612566,1.046300594986307,0.05,0.12,0.22,0.37,0.56,0.78,1.05,TRUE,FALSE,CEPH Lab at Indiana University,2026-05-13,Rtrend RSV
Michigan,MI,0,wk inc rsv prop ed visits,prop_ed,2026-05-16,2026-05-16,CFA_Pyrenew-Pyrenew_E_RSV,7.103264544144618e-4,8.132388623221352e-4,9.120277468839301e-4,0.0010293769053466083,0.0011563406840548055,0.0012752532266870206,0.00142961174227754,7.1e-4,8.1e-4,9.1e-4,0.001,0.0012,0.0013,0.0014,NA,NA,NA,NA,NA,NA,NA,NA,NA,NA,NA,NA,NA,NA,TRUE,FALSE,Center for Forecasting and Outbreak Analytics (CFA/CDC) Pyrenew team,2026-05-13,Pyrenew_ED_Visits_RSV
Michigan,MI,1,wk inc rsv prop ed visits,prop_ed,2026-05-16,2026-05-23,CFA_Pyrenew-Pyrenew_E_RSV,3.7619359813322864e-4,4.6295458302035786e-4,5.617397151086504e-4,6.908620810167937e-4,8.304869782295657e-4,9.860827578769158e-4,0.0011879758689687019,3.8e-4,4.6e-4,5.6e-4,6.9e-4,8.3e-4,9.9e-4,0.0012,NA,NA,NA,NA,NA,NA,NA,NA,NA,NA,NA,NA,NA,NA,TRUE,FALSE,Center for Forecasting and Outbreak Analytics (CFA/CDC) Pyrenew team,2026-05-13,Pyrenew_ED_Visits_RSV
Michigan,MI,0,wk inc rsv prop ed visits,prop_ed,2026-05-16,2026-05-16,CFA_Pyrenew-Pyrenew_HE_RSV,7.427061139607303e-4,8.309403913860612e-4,9.341728818221552e-4,0.0010549088551244567,0.0011722614521743478,0.0012954122374466783,0.0014278085291173591,7.4e-4,8.3e-4,0.00093000000000000005,0.0011,0.0012,0.0013,0.0014,NA,NA,NA,NA,NA,NA,NA,NA,NA,NA,NA,NA,NA,NA,FALSE,FALSE,Center for Forecasting and Outbreak Analytics (CFA/CDC) Pyrenew team,2026-05-13,Pyrenew_Hospital_Admissions_ED_Visits_RSV
Michigan,MI,1,wk inc rsv prop ed visits,prop_ed,2026-05-16,2026-05-23,CFA_Pyrenew-Pyrenew_HE_RSV,3.877892640191983e-4,4.922348215599127e-4,5.930833569393481e-4,7.139558581965153e-4,8.582544900711782e-4,0.001010089622550991,0.0011843900031449485,3.9e-4,4.9e-4,5.9e-4,7.1e-4,8.6e-4,0.001,0.0012,NA,NA,NA,NA,NA,NA,NA,NA,NA,NA,NA,NA,NA,NA,FALSE,FALSE,Center for Forecasting and Outbreak Analytics (CFA/CDC) Pyrenew team,2026-05-13,Pyrenew_Hospital_Admissions_ED_Visits_RSV
Michigan,MI,0,wk inc rsv hosp,hosp,2026-05-16,2026-05-16,CFA_Pyrenew-Pyrenew_HE_RSV,38,44,50,57,64,71,81,40,40,50,60,60,70,80,0.3786611677093301,0.4384497731371191,0.49823837856490805,0.5679917515639952,0.6377451245630823,0.7074984975621694,0.807146173275151,0.38,0.44,0.5,0.57,0.64,0.71,0.81,TRUE,FALSE,Center for Forecasting and Outbreak Analytics (CFA/CDC) Pyrenew team,2026-05-13,Pyrenew_Hospital_Admissions_ED_Visits_RSV
Michigan,MI,1,wk inc rsv hosp,hosp,2026-05-16,2026-05-23,CFA_Pyrenew-Pyrenew_HE_RSV,26,30,35,41,48,55,63,30,30,40,40,50,60,60,0.2590839568537522,0.29894302713894483,0.34876686499543563,0.4085554704232246,0.4783088434223117,0.5480622164213989,0.6277803569917841,0.26,0.3,0.35,0.41,0.48,0.55,0.63,TRUE,FALSE,Center for Forecasting and Outbreak Analytics (CFA/CDC) Pyrenew team,2026-05-13,Pyrenew_Hospital_Admissions_ED_Visits_RSV
Michigan,MI,0,wk inc rsv hosp,hosp,2026-05-16,2026-05-16,CFA_Pyrenew-Pyrenew_H_RSV,40,48,57,67,79,90,104,40,50,60,70,80,90,100,0.39859070285192644,0.4783088434223117,0.5679917515639952,0.6676394272769768,0.7872166381325547,0.8968290814168345,1.0363358274150087,0.4,0.48,0.57,0.67,0.79,0.9,1.04,FALSE,FALSE,Center for Forecasting and Outbreak Analytics (CFA/CDC) Pyrenew team,2026-05-13,Pyrenew_Hospital_Admissions_RSV
Michigan,MI,1,wk inc rsv hosp,hosp,2026-05-16,2026-05-23,CFA_Pyrenew-Pyrenew_H_RSV,26,34,43,55,71,89,113,30,30,40,60,70,90,110,0.2590839568537522,0.33880209742413747,0.4284850055658209,0.5480622164213989,0.7074984975621694,0.8868643138455363,1.1260187355566922,0.26,0.34,0.43,0.55,0.71,0.89,1.13,FALSE,FALSE,Center for Forecasting and Outbreak Analytics (CFA/CDC) Pyrenew team,2026-05-13,Pyrenew_Hospital_Admissions_RSV
Michigan,MI,0,wk inc rsv hosp,hosp,2026-05-16,2026-05-16,Google_SAI-RSVEns,31,44,53.5,62,73,92.5,119,30,40,50,60,70,90,120,0.308907794710243,0.4384497731371191,0.5331150650644516,0.617815589420486,0.7274280327047657,0.9217410003450799,1.1858073409844812,0.31,0.44,0.53,0.62,0.73,0.92,1.19,TRUE,FALSE,Google Science AI,2026-05-13,RSVEnsemble
Michigan,MI,1,wk inc rsv hosp,hosp,2026-05-16,2026-05-23,Google_SAI-RSVEns,26,39,45,49.5,62,75,100,30,40,50,50,60,80,100,0.2590839568537522,0.3886259352806283,0.44841454070841724,0.49325599477925897,0.617815589420486,0.7473575678473621,0.9964767571298161,0.26,0.39,0.45,0.49,0.62,0.75,1,TRUE,FALSE,Google Science AI,2026-05-13,RSVEnsemble
Michigan,MI,2,wk inc rsv hosp,hosp,2026-05-16,2026-05-30,Google_SAI-RSVEns,22,30.5,36,40.5,49,65.5,87.5,20,30,40,40,50,70,90,0.21922488656855954,0.3039254109245939,0.3587316325667338,0.4035730866375755,0.4882736109936099,0.6526922759200295,0.8719171624885891,0.22,0.3,0.36,0.4,0.49,0.65,0.87,TRUE,FALSE,Google Science AI,2026-05-13,RSVEnsemble
Michigan,MI,0,wk inc rsv hosp,hosp,2026-05-16,2026-05-16,RSVHub-baseline,0,40.00000000000001,65.75,81,96.25,122.00000000000003,169.12499999999997,0,40,70,80,100,120,170,0,0.3985907028519265,0.6551834678128541,0.807146173275151,0.959108878737448,1.215701643698376,1.6852913154958011,0,0.4,0.66,0.81,0.96,1.22,1.69,FALSE,FALSE,RSVHub-hub-models,2026-05-13,RSVHub baseline model
Michigan,MI,1,wk inc rsv hosp,hosp,2026-05-16,2026-05-23,RSVHub-baseline,0,13.521296212962143,50.87988129881291,81,111.21140961409615,150.82392023920247,206.12333923339142,0,10,50,80,110,150,210,0,0.1347365740248418,0.5070061911979107,0.807146173275151,1.1081958480809018,1.5029253093756652,2.0539711664805886,0,0.13,0.51,0.81,1.11,1.5,2.05,FALSE,FALSE,RSVHub-hub-models,2026-05-13,RSVHub baseline model
Michigan,MI,2,wk inc rsv hosp,hosp,2026-05-16,2026-05-30,RSVHub-baseline,0,0,41.72477724777248,81,120.37062870628706,167.39423594235947,235.80517905178948,0,0,40,80,120,170,240,0,0,0.41577770723824253,0.807146173275151,1.1994653374691808,1.6680446539406568,2.3497438013594283,0,0,0.42,0.81,1.2,1.67,2.35,FALSE,FALSE,RSVHub-hub-models,2026-05-13,RSVHub baseline model
Michigan,MI,0,wk inc rsv prop ed visits,prop_ed,2026-05-16,2026-05-16,RSVHub-baseline,0,3.0000000000000057e-4,0.0012000000000000003,0.0014000000000000002,0.0016,0.0024999999999999996,0.0041624999999999935,0,3e-4,0.0012,0.0014,0.0016,0.0025,0.0042,NA,NA,NA,NA,NA,NA,NA,NA,NA,NA,NA,NA,NA,NA,FALSE,FALSE,RSVHub-hub-models,2026-05-13,RSVHub baseline model
Michigan,MI,1,wk inc rsv prop ed visits,prop_ed,2026-05-16,2026-05-23,RSVHub-baseline,0,0,8.092055920559222e-4,0.0014000000000000002,0.002,0.0031789277892778902,0.004990120901209007,0,0,8.1e-4,0.0014,0.002,0.0032,0.005,NA,NA,NA,NA,NA,NA,NA,NA,NA,NA,NA,NA,NA,NA,FALSE,FALSE,RSVHub-hub-models,2026-05-13,RSVHub baseline model
Michigan,MI,2,wk inc rsv prop ed visits,prop_ed,2026-05-16,2026-05-30,RSVHub-baseline,0,0,5.024142741427423e-4,0.0014000000000000002,0.0023000000000000017,0.003760752107521082,0.0057,0,0,5e-4,0.0014,0.0023,0.0038,0.0057,NA,NA,NA,NA,NA,NA,NA,NA,NA,NA,NA,NA,NA,NA,FALSE,FALSE,RSVHub-hub-models,2026-05-13,RSVHub baseline model
Michigan,MI,0,wk inc rsv hosp,hosp,2026-05-16,2026-05-16,UM-DeepOutbreak,0,0,0,71.26860289166666,148.11314535285297,178.58691385833333,178.58691385833333,0,0,0,70,150,180,180,0,0,0,0.7101750629466063,1.47591306769508,1.7795770878737383,1.7795770878737383,0,0,0,0.71,1.48,1.78,1.78,TRUE,FALSE,"University of Michigan, Computer Science and Engineering",2026-05-13,DeepOutbreak
Michigan,MI,1,wk inc rsv hosp,hosp,2026-05-16,2026-05-23,UM-DeepOutbreak,0,0,0,59.44368426249998,141.83293516952384,152.18679110615338,154.20375576166666,0,0,0,60,140,150,150,0,0,0,0.5923424972574467,1.4133322329193057,1.5165060007945246,1.536604584786238,0,0,0,0.59,1.41,1.52,1.54,TRUE,FALSE,"University of Michigan, Computer Science and Engineering",2026-05-13,DeepOutbreak
Michigan,MI,2,wk inc rsv hosp,hosp,2026-05-16,2026-05-30,UM-DeepOutbreak,0,0,0,49.923571725,100.91109955742108,198.5779461233333,198.5779461233333,0,0,0,50,100,200,200,0,0,0,0.49747678856865785,1.0055556524538298,1.978783077904785,1.978783077904785,0,0,0,0.5,1.01,1.98,1.98,TRUE,FALSE,"University of Michigan, Computer Science and Engineering",2026-05-13,DeepOutbreak
Michigan,MI,0,wk inc rsv hosp,hosp,2026-05-16,2026-05-16,UGA_flucast-INFLAenza,16,22,30,42,57,75,101,20,20,30,40,60,80,100,0.15943628114077057,0.21922488656855954,0.29894302713894483,0.41852023799452276,0.5679917515639952,0.7473575678473621,1.0064415247011143,0.16,0.22,0.3,0.42,0.57,0.75,1.01,TRUE,FALSE,UGA_flucast,2026-05-13,INFLAenza
Michigan,MI,1,wk inc rsv hosp,hosp,2026-05-16,2026-05-23,UGA_flucast-INFLAenza,10,15,21,31,45,62,88,10,20,20,30,50,60,90,0.09964767571298161,0.14947151356947241,0.20926011899726138,0.308907794710243,0.44841454070841724,0.617815589420486,0.8768995462742382,0.1,0.15,0.21,0.31,0.45,0.62,0.88,TRUE,FALSE,UGA_flucast,2026-05-13,INFLAenza
Michigan,MI,2,wk inc rsv hosp,hosp,2026-05-16,2026-05-30,UGA_flucast-INFLAenza,6,10,15,23,34,50,75,6,10,20,20,30,50,80,0.059788605427788966,0.09964767571298161,0.14947151356947241,0.2291896541398577,0.33880209742413747,0.49823837856490805,0.7473575678473621,0.06,0.1,0.15,0.23,0.34,0.5,0.75,TRUE,FALSE,UGA_flucast,2026-05-13,INFLAenza
Michigan,MI,0,wk inc rsv prop ed visits,prop_ed,2026-05-16,2026-05-16,UGA_flucast-INFLAenza,5.913225813524264e-4,8.246009302425094e-4,0.001045513159093246,0.001344787219535373,0.001682138477000366,0.002005095976774806,0.002453680401761645,5.9e-4,8.2e-4,0.001,0.0013,0.0017,0.002,0.0025,NA,NA,NA,NA,NA,NA,NA,NA,NA,NA,NA,NA,NA,NA,TRUE,FALSE,UGA_flucast,2026-05-13,INFLAenza
Michigan,MI,1,wk inc rsv prop ed visits,prop_ed,2026-05-16,2026-05-23,UGA_flucast-INFLAenza,4.4715012323986823e-4,6.190606158749043e-4,8.353843019003353e-4,0.0011238810687003815,0.001477040658282262,0.0018755085493896645,0.0023784391604172095,4.5e-4,6.2e-4,8.4e-4,0.0011,0.0015,0.0019,0.0024,NA,NA,NA,NA,NA,NA,NA,NA,NA,NA,NA,NA,NA,NA,TRUE,FALSE,UGA_flucast,2026-05-13,INFLAenza
Michigan,MI,2,wk inc rsv prop ed visits,prop_ed,2026-05-16,2026-05-30,UGA_flucast-INFLAenza,3.22451638108118e-4,5.057521815780665e-4,6.976361628706021e-4,9.684816503960931e-4,0.001313174034900406,0.001729377905592183,0.0022837462827662207,3.2e-4,5.1e-4,7e-4,9.7e-4,0.0013,0.0017,0.0023,NA,NA,NA,NA,NA,NA,NA,NA,NA,NA,NA,NA,NA,NA,TRUE,FALSE,UGA_flucast,2026-05-13,INFLAenza
Michigan,MI,0,wk inc rsv hosp,hosp,2026-05-16,2026-05-16,RSVHub-ensemble,24,37,50,62,73,92.5,119,20,40,50,60,70,90,120,0.23915442171115586,0.36869640013803195,0.49823837856490805,0.617815589420486,0.7274280327047657,0.9217410003450799,1.1858073409844812,0.24,0.37,0.5,0.62,0.73,0.92,1.19,FALSE,TRUE,RSVHub,2026-05-13,Ensemble using RSVHub forecast submissions
Michigan,MI,1,wk inc rsv hosp,hosp,2026-05-16,2026-05-23,RSVHub-ensemble,12,22,34,49.5,62,75,100,10,20,30,50,60,80,100,0.11957721085557793,0.21922488656855954,0.33880209742413747,0.49325599477925897,0.617815589420486,0.7473575678473621,0.9964767571298161,0.12,0.22,0.34,0.49,0.62,0.75,1,FALSE,TRUE,RSVHub,2026-05-13,Ensemble using RSVHub forecast submissions
Michigan,MI,2,wk inc rsv hosp,hosp,2026-05-16,2026-05-30,RSVHub-ensemble,5.5,11,18.5,38.75,52.5,71.75,96.25,6,10,20,40,50,70,100,0.054806221642139885,0.10961244328427977,0.18434820006901598,0.38613474338780374,0.5231502974931534,0.714972073240643,0.959108878737448,0.05,0.11,0.18,0.39,0.52,0.71,0.96,FALSE,TRUE,RSVHub,2026-05-13,Ensemble using RSVHub forecast submissions
Michigan,MI,0,wk inc rsv prop ed visits,prop_ed,2026-05-16,2026-05-16,RSVHub-ensemble,6.508245178834442e-4,8.189198962823223e-4,9.78770452988588e-4,0.0011870820624409906,0.0014192395805275857,0.0016401746017309132,0.0019416460720195925,6.5e-4,8.2e-4,9.8e-4,0.0012,0.0014,0.0016,0.0019,NA,NA,NA,NA,NA,NA,NA,NA,NA,NA,NA,NA,NA,NA,FALSE,TRUE,RSVHub,2026-05-13,Ensemble using RSVHub forecast submissions
Michigan,MI,1,wk inc rsv prop ed visits,prop_ed,2026-05-16,2026-05-23,RSVHub-ensemble,4.1167186068654846e-4,5.410075994476311e-4,6.985620085044929e-4,9.073715748585876e-4,0.001153763818255914,0.0014307956536332902,0.0017832075146929556,4.1e-4,5.4e-4,7e-4,9.1e-4,0.0012,0.0014,0.0018,NA,NA,NA,NA,NA,NA,NA,NA,NA,NA,NA,NA,NA,NA,FALSE,TRUE,RSVHub,2026-05-13,Ensemble using RSVHub forecast submissions
Minnesota,MN,0,wk inc rsv hosp,hosp,2026-05-16,2026-05-16,CEPH-Rtrend_rsv,33,37,41,46,52,58,64,30,40,40,50,50,60,60,0.5751831479006774,0.6449023173431837,0.7146214867856902,0.801770448588823,0.9063492027525825,1.010927956916342,1.1155067110801016,0.58,0.64,0.71,0.8,0.91,1.01,1.12,TRUE,FALSE,CEPH Lab at Indiana University,2026-05-13,Rtrend RSV
Minnesota,MN,1,wk inc rsv hosp,hosp,2026-05-16,2026-05-23,CEPH-Rtrend_rsv,26,30,35,41,48,56,64,30,30,40,40,50,60,60,0.45317460137629123,0.5228937708187976,0.6100427326219305,0.7146214867856902,0.8366300333100761,0.9760683721950889,1.1155067110801016,0.45,0.52,0.61,0.71,0.84,0.98,1.12,TRUE,FALSE,CEPH Lab at Indiana University,2026-05-13,Rtrend RSV
Minnesota,MN,2,wk inc rsv hosp,hosp,2026-05-16,2026-05-30,CEPH-Rtrend_rsv,19,24,29,35,44,53,63,20,20,30,40,40,50,60,0.33116605485190515,0.41831501665503806,0.505463978458171,0.6100427326219305,0.7669108638675698,0.9237789951132092,1.098076918719475,0.33,0.42,0.51,0.61,0.77,0.92,1.1,TRUE,FALSE,CEPH Lab at Indiana University,2026-05-13,Rtrend RSV
Minnesota,MN,0,wk inc rsv prop ed visits,prop_ed,2026-05-16,2026-05-16,CFA_Pyrenew-Pyrenew_E_RSV,8.636611642978118e-4,0.0010477954854551626,0.0012217717360394854,0.0014692455992017504,0.0017034085566718345,0.0019278807244045657,0.00219159359808724,8.6e-4,0.001,0.0012,0.0015,0.0017,0.0019,0.0022,NA,NA,NA,NA,NA,NA,NA,NA,NA,NA,NA,NA,NA,NA,TRUE,FALSE,Center for Forecasting and Outbreak Analytics (CFA/CDC) Pyrenew team,2026-05-13,Pyrenew_ED_Visits_RSV
Minnesota,MN,1,wk inc rsv prop ed visits,prop_ed,2026-05-16,2026-05-23,CFA_Pyrenew-Pyrenew_E_RSV,4.7955666175883107e-4,6.348884230129656e-4,8.083827457038798e-4,0.0010563700523424212,0.001345093715709086,0.0016395664339258315,0.002031097755569207,4.8e-4,6.3e-4,8.1e-4,0.0011,0.0013,0.0016,0.002,NA,NA,NA,NA,NA,NA,NA,NA,NA,NA,NA,NA,NA,NA,TRUE,FALSE,Center for Forecasting and Outbreak Analytics (CFA/CDC) Pyrenew team,2026-05-13,Pyrenew_ED_Visits_RSV
Minnesota,MN,0,wk inc rsv prop ed visits,prop_ed,2026-05-16,2026-05-16,CFA_Pyrenew-Pyrenew_HE_RSV,8.821534221292823e-4,0.0010913725936357822,0.0012639665802973046,0.0014735425680439105,0.0017301334667379554,0.001978012357196587,0.002269453117848412,8.8e-4,0.0011,0.0013,0.0015,0.0017,0.002,0.0023,NA,NA,NA,NA,NA,NA,NA,NA,NA,NA,NA,NA,NA,NA,FALSE,FALSE,Center for Forecasting and Outbreak Analytics (CFA/CDC) Pyrenew team,2026-05-13,Pyrenew_Hospital_Admissions_ED_Visits_RSV
Minnesota,MN,1,wk inc rsv prop ed visits,prop_ed,2026-05-16,2026-05-23,CFA_Pyrenew-Pyrenew_HE_RSV,4.96892202837613e-4,6.524948411478741e-4,8.419966809229406e-4,0.0010740109870685604,0.0013653684610937722,0.0016758895580645855,0.0020859871018376864,5e-4,6.5e-4,8.4e-4,0.0011,0.0014,0.0017,0.0021,NA,NA,NA,NA,NA,NA,NA,NA,NA,NA,NA,NA,NA,NA,FALSE,FALSE,Center for Forecasting and Outbreak Analytics (CFA/CDC) Pyrenew team,2026-05-13,Pyrenew_Hospital_Admissions_ED_Visits_RSV
Minnesota,MN,0,wk inc rsv hosp,hosp,2026-05-16,2026-05-16,CFA_Pyrenew-Pyrenew_HE_RSV,15,20,25,31,39,47,57,20,20,30,30,40,50,60,0.2614468854093988,0.34859584721253173,0.43574480901566465,0.5403235631794242,0.6797619020644369,0.8192002409494497,0.9934981645557155,0.26,0.35,0.44,0.54,0.68,0.82,0.99,TRUE,FALSE,Center for Forecasting and Outbreak Analytics (CFA/CDC) Pyrenew team,2026-05-13,Pyrenew_Hospital_Admissions_ED_Visits_RSV
Minnesota,MN,1,wk inc rsv hosp,hosp,2026-05-16,2026-05-23,CFA_Pyrenew-Pyrenew_HE_RSV,11,14,19,24,31,38,49,10,10,20,20,30,40,50,0.19172771596689245,0.24401709304877223,0.33116605485190515,0.41831501665503806,0.5403235631794242,0.6623321097038103,0.8540598256707028,0.19,0.24,0.33,0.42,0.54,0.66,0.85,TRUE,FALSE,Center for Forecasting and Outbreak Analytics (CFA/CDC) Pyrenew team,2026-05-13,Pyrenew_Hospital_Admissions_ED_Visits_RSV
Minnesota,MN,0,wk inc rsv hosp,hosp,2026-05-16,2026-05-16,CFA_Pyrenew-Pyrenew_H_RSV,22,28,35,43,52,62,75,20,30,40,40,50,60,80,0.3834554319337849,0.48803418609754445,0.6100427326219305,0.7494810715069433,0.9063492027525825,1.0806471263588484,1.307234427046994,0.38,0.49,0.61,0.75,0.91,1.08,1.31,FALSE,FALSE,Center for Forecasting and Outbreak Analytics (CFA/CDC) Pyrenew team,2026-05-13,Pyrenew_Hospital_Admissions_RSV
Minnesota,MN,1,wk inc rsv hosp,hosp,2026-05-16,2026-05-23,CFA_Pyrenew-Pyrenew_H_RSV,14,20,28,38,52,67,93,10,20,30,40,50,70,90,0.24401709304877223,0.34859584721253173,0.48803418609754445,0.6623321097038103,0.9063492027525825,1.1677960881619813,1.6209706895382725,0.24,0.35,0.49,0.66,0.91,1.17,1.62,FALSE,FALSE,Center for Forecasting and Outbreak Analytics (CFA/CDC) Pyrenew team,2026-05-13,Pyrenew_Hospital_Admissions_RSV
Minnesota,MN,0,wk inc rsv hosp,hosp,2026-05-16,2026-05-16,Google_SAI-RSVEns,17,24,29.5,32.5,40.5,50,67,20,20,30,30,40,50,70,0.296306470130652,0.41831501665503806,0.5141788746384843,0.5664682517203641,0.7059065906053767,0.8714896180313293,1.1677960881619813,0.3,0.42,0.51,0.57,0.71,0.87,1.17,TRUE,FALSE,Google Science AI,2026-05-13,RSVEnsemble
Minnesota,MN,1,wk inc rsv hosp,hosp,2026-05-16,2026-05-23,Google_SAI-RSVEns,11.5,17,20.5,24.5,32.5,41.5,62.5,10,20,20,20,30,40,60,0.20044261214720574,0.296306470130652,0.3573107433928451,0.4270299128353514,0.5664682517203641,0.7233363829660033,1.0893620225391616,0.2,0.3,0.36,0.43,0.57,0.72,1.09,TRUE,FALSE,Google Science AI,2026-05-13,RSVEnsemble
Minnesota,MN,2,wk inc rsv hosp,hosp,2026-05-16,2026-05-30,Google_SAI-RSVEns,8,12,14.5,19.5,25.5,34.5,54.5,8,10,10,20,30,30,50,0.1394383388850127,0.20915750832751903,0.2527319892290855,0.33988095103221844,0.444459705195978,0.6013278364416172,0.9499236836541489,0.14,0.21,0.25,0.34,0.44,0.6,0.95,TRUE,FALSE,Google Science AI,2026-05-13,RSVEnsemble
Minnesota,MN,0,wk inc rsv hosp,hosp,2026-05-16,2026-05-16,RSVHub-baseline,2.75,19.500000000000004,35,43,51,66.50000000000001,83.24999999999996,3,20,40,40,50,70,80,0.04793192899172311,0.3398809510322185,0.6100427326219305,0.7494810715069433,0.888919410391956,1.1590811919816684,1.4510302140221627,0.05,0.34,0.61,0.75,0.89,1.16,1.45,FALSE,FALSE,RSVHub-hub-models,2026-05-13,RSVHub baseline model
Minnesota,MN,1,wk inc rsv hosp,hosp,2026-05-16,2026-05-23,RSVHub-baseline,0,11.659371593715939,28,43,58,74.85405754057543,101,0,10,30,40,60,70,100,0,0.20322042593385672,0.48803418609754445,0.7494810715069433,1.010927956916342,1.3046906802826246,1.7604090284232852,0,0.2,0.49,0.75,1.01,1.3,1.76,FALSE,FALSE,RSVHub-hub-models,2026-05-13,RSVHub baseline model
Minnesota,MN,2,wk inc rsv hosp,hosp,2026-05-16,2026-05-30,RSVHub-baseline,0,3.3914099140991465,23.468447184471845,43,62.773512735127355,83.2632726327263,112.94251242512416,0,3,20,40,60,80,110,0,0.05911157061251857,0.4090501614516759,0.7494810715069433,1.0941292927204185,1.4512615532546616,1.9685645402574024,0,0.06,0.41,0.75,1.09,1.45,1.97,FALSE,FALSE,RSVHub-hub-models,2026-05-13,RSVHub baseline model
Minnesota,MN,0,wk inc rsv prop ed visits,prop_ed,2026-05-16,2026-05-16,RSVHub-baseline,0,3.5000000000000113e-4,0.0013,0.0016,0.0019000000000000002,0.002850000000000002,0.004299999999999998,0,3.5e-4,0.0013,0.0016,0.0019,0.0029,0.0043,NA,NA,NA,NA,NA,NA,NA,NA,NA,NA,NA,NA,NA,NA,FALSE,FALSE,RSVHub-hub-models,2026-05-13,RSVHub baseline model
Minnesota,MN,1,wk inc rsv prop ed visits,prop_ed,2026-05-16,2026-05-23,RSVHub-baseline,0,0,9e-4,0.0016,0.002366000660006603,0.00346548915489155,0.00533049875498755,0,0,9e-4,0.0016,0.0024,0.0035,0.0053,NA,NA,NA,NA,NA,NA,NA,NA,NA,NA,NA,NA,NA,NA,FALSE,FALSE,RSVHub-hub-models,2026-05-13,RSVHub baseline model
Minnesota,MN,2,wk inc rsv prop ed visits,prop_ed,2026-05-16,2026-05-30,RSVHub-baseline,0,0,5.999999999999998e-4,0.0016,0.0026999999999999997,0.0040202460024600295,0.0061394630696306775,0,0,6e-4,0.0016,0.0027,0.004,0.0061,NA,NA,NA,NA,NA,NA,NA,NA,NA,NA,NA,NA,NA,NA,FALSE,FALSE,RSVHub-hub-models,2026-05-13,RSVHub baseline model
Minnesota,MN,0,wk inc rsv hosp,hosp,2026-05-16,2026-05-16,UM-DeepOutbreak,0,15.329661801304006,39.75526822582857,50.35888519233334,59.58093227417143,84.006538698696,127.93073769233332,0,20,40,50,60,80,130,0,0.2671928221553578,0.6929260704172078,0.877744912415003,1.038483278191363,1.4642165264532134,2.2298061945191554,0,0.27,0.69,0.88,1.04,1.46,2.23,TRUE,FALSE,"University of Michigan, Computer Science and Engineering",2026-05-13,DeepOutbreak
Minnesota,MN,1,wk inc rsv hosp,hosp,2026-05-16,2026-05-23,UM-DeepOutbreak,0,0,2.7071060149999724,48.307065575,93.33742848500005,119.958742575,119.958742575,0,0,3,50,90,120,120,0,0,0.0471842957396528,0.8419821225234227,1.6268519979683844,2.0908559749241067,2.0908559749241067,0,0,0.05,0.84,1.63,2.09,2.09,TRUE,FALSE,"University of Michigan, Computer Science and Engineering",2026-05-13,DeepOutbreak
Minnesota,MN,2,wk inc rsv hosp,hosp,2026-05-16,2026-05-30,UM-DeepOutbreak,0,0,0,53.144630825,112.9175978655684,152.56951443775802,171.5405742575,0,0,0,50,110,150,170,0,0,0,0.9262998803619051,1.9681302846575892,2.6592549572117425,2.9899165907308713,0,0,0,0.93,1.97,2.66,2.99,TRUE,FALSE,"University of Michigan, Computer Science and Engineering",2026-05-13,DeepOutbreak
Minnesota,MN,0,wk inc rsv hosp,hosp,2026-05-16,2026-05-16,UGA_flucast-INFLAenza,10,15,21,29,40,52,71,10,20,20,30,40,50,70,0.17429792360626586,0.2614468854093988,0.36602563957315837,0.505463978458171,0.6971916944250635,0.9063492027525825,1.2375152576044877,0.17,0.26,0.37,0.51,0.7,0.91,1.24,TRUE,FALSE,UGA_flucast,2026-05-13,INFLAenza
Minnesota,MN,1,wk inc rsv hosp,hosp,2026-05-16,2026-05-23,UGA_flucast-INFLAenza,6,10,14,21,30,43,62,6,10,10,20,30,40,60,0.10457875416375952,0.17429792360626586,0.24401709304877223,0.36602563957315837,0.5228937708187976,0.7494810715069433,1.0806471263588484,0.1,0.17,0.24,0.37,0.52,0.75,1.08,TRUE,FALSE,UGA_flucast,2026-05-13,INFLAenza
Minnesota,MN,2,wk inc rsv hosp,hosp,2026-05-16,2026-05-30,UGA_flucast-INFLAenza,3,7,10,16,24,34,53,3,7,10,20,20,30,50,0.05228937708187976,0.12200854652438611,0.17429792360626586,0.2788766777700254,0.41831501665503806,0.592612940261304,0.9237789951132092,0.05,0.12,0.17,0.28,0.42,0.59,0.92,TRUE,FALSE,UGA_flucast,2026-05-13,INFLAenza
Minnesota,MN,0,wk inc rsv prop ed visits,prop_ed,2026-05-16,2026-05-16,UGA_flucast-INFLAenza,7.067892044065361e-4,9.280796760933073e-4,0.0011760060681625995,0.001490515691722658,0.0018572602775011884,0.0022506516156136696,0.0027304013096297115,7.1e-4,0.00093000000000000005,0.0012,0.0015,0.0019,0.0023,0.0027,NA,NA,NA,NA,NA,NA,NA,NA,NA,NA,NA,NA,NA,NA,TRUE,FALSE,UGA_flucast,2026-05-13,INFLAenza
Minnesota,MN,1,wk inc rsv prop ed visits,prop_ed,2026-05-16,2026-05-23,UGA_flucast-INFLAenza,5.180911755839951e-4,7.264454418032218e-4,9.534925421170898e-4,0.001269200134220077,0.0016581261683938412,0.0021096142849958777,0.002673686772878365,5.2e-4,7.3e-4,9.5e-4,0.0013,0.0017,0.0021,0.0027,NA,NA,NA,NA,NA,NA,NA,NA,NA,NA,NA,NA,NA,NA,TRUE,FALSE,UGA_flucast,2026-05-13,INFLAenza
Minnesota,MN,2,wk inc rsv prop ed visits,prop_ed,2026-05-16,2026-05-30,UGA_flucast-INFLAenza,3.8555051473784254e-4,5.703080717439079e-4,7.934556584248112e-4,0.0010924760100718468,0.0014768013916242788,0.0019177546455860287,0.002539197162410749,3.9e-4,5.7e-4,7.9e-4,0.0011,0.0015,0.0019,0.0025,NA,NA,NA,NA,NA,NA,NA,NA,NA,NA,NA,NA,NA,NA,TRUE,FALSE,UGA_flucast,2026-05-13,INFLAenza
Minnesota,MN,0,wk inc rsv hosp,hosp,2026-05-16,2026-05-16,RSVHub-ensemble,15,20,29.5,32.5,40.5,52,67,20,20,30,30,40,50,70,0.2614468854093988,0.34859584721253173,0.5141788746384843,0.5664682517203641,0.7059065906053767,0.9063492027525825,1.1677960881619813,0.26,0.35,0.51,0.57,0.71,0.91,1.17,FALSE,TRUE,RSVHub,2026-05-13,Ensemble using RSVHub forecast submissions
Minnesota,MN,1,wk inc rsv hosp,hosp,2026-05-16,2026-05-23,RSVHub-ensemble,11,14,19,24.5,32.5,43,62.5,10,10,20,20,30,40,60,0.19172771596689245,0.24401709304877223,0.33116605485190515,0.4270299128353514,0.5664682517203641,0.7494810715069433,1.0893620225391616,0.19,0.24,0.33,0.43,0.57,0.75,1.09,FALSE,TRUE,RSVHub,2026-05-13,Ensemble using RSVHub forecast submissions
Minnesota,MN,2,wk inc rsv hosp,hosp,2026-05-16,2026-05-30,RSVHub-ensemble,5.5,9.5,12.25,27.25,34.75,43.75,58.75,6,10,10,30,30,40,60,0.09586385798344622,0.16558302742595257,0.2135149564176757,0.47496184182707446,0.605685284531774,0.7625534157774132,1.024000301186812,0.1,0.17,0.21,0.47,0.61,0.76,1.02,FALSE,TRUE,RSVHub,2026-05-13,Ensemble using RSVHub forecast submissions
Minnesota,MN,0,wk inc rsv prop ed visits,prop_ed,2026-05-16,2026-05-16,RSVHub-ensemble,7.85225184352174e-4,9.87937580774235e-4,0.0011988889021010425,0.0014798806454622043,0.0017803344170865113,0.0020892661700091177,0.0024609974538584755,7.9e-4,9.9e-4,0.0012,0.0015,0.0018,0.0021,0.0025,NA,NA,NA,NA,NA,NA,NA,NA,NA,NA,NA,NA,NA,NA,FALSE,TRUE,RSVHub,2026-05-13,Ensemble using RSVHub forecast submissions
Minnesota,MN,1,wk inc rsv prop ed visits,prop_ed,2026-05-16,2026-05-23,RSVHub-ensemble,4.98823918671413e-4,6.806669324080937e-4,8.809376439104849e-4,0.001162785093281249,0.0015016099420514636,0.0018745903594608545,0.002352392264223786,5e-4,6.8e-4,8.8e-4,0.0012,0.0015,0.0019,0.0024,NA,NA,NA,NA,NA,NA,NA,NA,NA,NA,NA,NA,NA,NA,FALSE,TRUE,RSVHub,2026-05-13,Ensemble using RSVHub forecast submissions
Mississippi,MS,0,wk inc rsv hosp,hosp,2026-05-16,2026-05-16,CEPH-Rtrend_rsv,2,3,4,5,6,7,9,2,3,4,5,6,7,9,0.06832773672229797,0.10249160508344697,0.13665547344459594,0.17081934180574493,0.20498321016689394,0.2391470785280429,0.30747481525034087,0.07,0.1,0.14,0.17,0.2,0.24,0.31,TRUE,FALSE,CEPH Lab at Indiana University,2026-05-13,Rtrend RSV
Mississippi,MS,1,wk inc rsv hosp,hosp,2026-05-16,2026-05-23,CEPH-Rtrend_rsv,1,2,3,4,5,6,8,1,2,3,4,5,6,8,0.034163868361148986,0.06832773672229797,0.10249160508344697,0.13665547344459594,0.17081934180574493,0.20498321016689394,0.2733109468891919,0.03,0.07,0.1,0.14,0.17,0.2,0.27,TRUE,FALSE,CEPH Lab at Indiana University,2026-05-13,Rtrend RSV
Mississippi,MS,2,wk inc rsv hosp,hosp,2026-05-16,2026-05-30,CEPH-Rtrend_rsv,1,1,2,3,4,5,7,1,1,2,3,4,5,7,0.034163868361148986,0.034163868361148986,0.06832773672229797,0.10249160508344697,0.13665547344459594,0.17081934180574493,0.2391470785280429,0.03,0.03,0.07,0.1,0.14,0.17,0.24,TRUE,FALSE,CEPH Lab at Indiana University,2026-05-13,Rtrend RSV
Mississippi,MS,0,wk inc rsv prop ed visits,prop_ed,2026-05-16,2026-05-16,CFA_Pyrenew-Pyrenew_E_RSV,5.52244709428711e-4,6.852270311992632e-4,8.365016373204001e-4,0.0010116082133013822,0.0012085383279388025,0.0014071563580385928,0.0016400399674666641,5.5e-4,6.9e-4,8.4e-4,0.001,0.0012,0.0014,0.0016,NA,NA,NA,NA,NA,NA,NA,NA,NA,NA,NA,NA,NA,NA,TRUE,FALSE,Center for Forecasting and Outbreak Analytics (CFA/CDC) Pyrenew team,2026-05-13,Pyrenew_ED_Visits_RSV
Mississippi,MS,1,wk inc rsv prop ed visits,prop_ed,2026-05-16,2026-05-23,CFA_Pyrenew-Pyrenew_E_RSV,3.7352083420389456e-4,5.209942502757194e-4,6.582791753273685e-4,8.597994859478064e-4,0.0010928740764620333,0.0013570567350147766,0.0017315689149675134,3.7e-4,5.2e-4,6.6e-4,8.6e-4,0.0011,0.0014,0.0017,NA,NA,NA,NA,NA,NA,NA,NA,NA,NA,NA,NA,NA,NA,TRUE,FALSE,Center for Forecasting and Outbreak Analytics (CFA/CDC) Pyrenew team,2026-05-13,Pyrenew_ED_Visits_RSV
Mississippi,MS,0,wk inc rsv prop ed visits,prop_ed,2026-05-16,2026-05-16,CFA_Pyrenew-Pyrenew_HE_RSV,4.8154788910596065e-4,5.906527754921452e-4,7.253244955996845e-4,8.876335534267327e-4,0.001077596827950114,0.0012473412581808906,0.0014482768723625553,4.8e-4,5.9e-4,7.3e-4,8.9e-4,0.0011,0.0012,0.0014,NA,NA,NA,NA,NA,NA,NA,NA,NA,NA,NA,NA,NA,NA,FALSE,FALSE,Center for Forecasting and Outbreak Analytics (CFA/CDC) Pyrenew team,2026-05-13,Pyrenew_Hospital_Admissions_ED_Visits_RSV
Mississippi,MS,1,wk inc rsv prop ed visits,prop_ed,2026-05-16,2026-05-23,CFA_Pyrenew-Pyrenew_HE_RSV,2.835205752225285e-4,4.107405264578008e-4,5.508483529652762e-4,7.250381182058142e-4,9.415318282123297e-4,0.0011516579284593534,0.001432388347412371,2.8e-4,4.1e-4,5.5e-4,7.3e-4,9.4e-4,0.0012,0.0014,NA,NA,NA,NA,NA,NA,NA,NA,NA,NA,NA,NA,NA,NA,FALSE,FALSE,Center for Forecasting and Outbreak Analytics (CFA/CDC) Pyrenew team,2026-05-13,Pyrenew_Hospital_Admissions_ED_Visits_RSV
Mississippi,MS,0,wk inc rsv hosp,hosp,2026-05-16,2026-05-16,CFA_Pyrenew-Pyrenew_HE_RSV,3,5,6,9,11,14,17,3,5,6,9,10,10,20,0.10249160508344697,0.17081934180574493,0.20498321016689394,0.30747481525034087,0.37580255197263884,0.4782941570560858,0.5807857621395327,0.1,0.17,0.2,0.31,0.38,0.48,0.58,TRUE,FALSE,Center for Forecasting and Outbreak Analytics (CFA/CDC) Pyrenew team,2026-05-13,Pyrenew_Hospital_Admissions_ED_Visits_RSV
Mississippi,MS,1,wk inc rsv hosp,hosp,2026-05-16,2026-05-23,CFA_Pyrenew-Pyrenew_HE_RSV,2,4,5,7,10,12.100000000000136,16,2,4,5,7,10,10,20,0.06832773672229797,0.13665547344459594,0.17081934180574493,0.2391470785280429,0.34163868361148986,0.4133828071699074,0.5466218937783838,0.07,0.14,0.17,0.24,0.34,0.41,0.55,TRUE,FALSE,Center for Forecasting and Outbreak Analytics (CFA/CDC) Pyrenew team,2026-05-13,Pyrenew_Hospital_Admissions_ED_Visits_RSV
Mississippi,MS,0,wk inc rsv hosp,hosp,2026-05-16,2026-05-16,CFA_Pyrenew-Pyrenew_H_RSV,1,2,3,5,7,9,12.024999999999864,1,2,3,5,7,9,10,0.034163868361148986,0.06832773672229797,0.10249160508344697,0.17081934180574493,0.2391470785280429,0.30747481525034087,0.4108205170428119,0.03,0.07,0.1,0.17,0.24,0.31,0.41,FALSE,FALSE,Center for Forecasting and Outbreak Analytics (CFA/CDC) Pyrenew team,2026-05-13,Pyrenew_Hospital_Admissions_RSV
Mississippi,MS,1,wk inc rsv hosp,hosp,2026-05-16,2026-05-23,CFA_Pyrenew-Pyrenew_H_RSV,0,1,2,4,6,9,13,0,1,2,4,6,9,10,0,0.034163868361148986,0.06832773672229797,0.13665547344459594,0.20498321016689394,0.30747481525034087,0.4441302886949368,0,0.03,0.07,0.14,0.2,0.31,0.44,FALSE,FALSE,Center for Forecasting and Outbreak Analytics (CFA/CDC) Pyrenew team,2026-05-13,Pyrenew_Hospital_Admissions_RSV
Mississippi,MS,0,wk inc rsv hosp,hosp,2026-05-16,2026-05-16,Google_SAI-RSVEns,0.5,1,2.5,4,6.5,10.5,16.5,1,1,3,4,7,10,20,0.017081934180574493,0.034163868361148986,0.08540967090287246,0.13665547344459594,0.2220651443474684,0.3587206177920643,0.5637038279589582,0.02,0.03,0.09,0.14,0.22,0.36,0.56,TRUE,FALSE,Google Science AI,2026-05-13,RSVEnsemble
Mississippi,MS,1,wk inc rsv hosp,hosp,2026-05-16,2026-05-23,Google_SAI-RSVEns,0.5,1,2.5,3.5,5.5,9,17,1,1,3,4,6,9,20,0.017081934180574493,0.034163868361148986,0.08540967090287246,0.11957353926402145,0.18790127598631942,0.30747481525034087,0.5807857621395327,0.02,0.03,0.09,0.12,0.19,0.31,0.58,TRUE,FALSE,Google Science AI,2026-05-13,RSVEnsemble
Mississippi,MS,2,wk inc rsv hosp,hosp,2026-05-16,2026-05-30,Google_SAI-RSVEns,0,0,1.5,2.5,4.5,8.5,12,0,0,2,3,5,9,10,0,0,0.051245802541723486,0.08540967090287246,0.15373740762517044,0.29039288106976635,0.4099664203337879,0,0,0.05,0.09,0.15,0.29,0.41,TRUE,FALSE,Google Science AI,2026-05-13,RSVEnsemble
Mississippi,MS,0,wk inc rsv hosp,hosp,2026-05-16,2026-05-16,RSVHub-baseline,0,0,0,3,7,14.500000000000012,24.12499999999998,0,0,0,3,7,10,20,0,0,0,0.10249160508344697,0.2391470785280429,0.4953760912366607,0.8242033242127186,0,0,0,0.1,0.24,0.5,0.82,FALSE,FALSE,RSVHub-hub-models,2026-05-13,RSVHub baseline model
Mississippi,MS,1,wk inc rsv hosp,hosp,2026-05-16,2026-05-23,RSVHub-baseline,0,0,0,3,10.242754927549285,20.004215042150445,31.822408724087193,0,0,0,3,10,20,30,0,0,0,0.10249160508344697,0.3499321310003039,0.6834213693681442,1.087176582584394,0,0,0,0.1,0.35,0.68,1.09,FALSE,FALSE,RSVHub-hub-models,2026-05-13,RSVHub baseline model
Mississippi,MS,2,wk inc rsv hosp,hosp,2026-05-16,2026-05-30,RSVHub-baseline,0,0,0,3,13.200199501995016,23.775962759627603,36.613387633876364,0,0,0,3,10,20,40,0,0,0,0.10249160508344697,0.4509698781270621,0.8122788618794979,1.2508549553794723,0,0,0,0.1,0.45,0.81,1.25,FALSE,FALSE,RSVHub-hub-models,2026-05-13,RSVHub baseline model
Mississippi,MS,0,wk inc rsv prop ed visits,prop_ed,2026-05-16,2026-05-16,RSVHub-baseline,0,1.9999999999999922e-4,7.999999999999999e-4,0.001,0.0012000000000000001,0.0018000000000000008,0.0031999999999999997,0,2e-4,8e-4,0.001,0.0012,0.0018,0.0032,NA,NA,NA,NA,NA,NA,NA,NA,NA,NA,NA,NA,NA,NA,FALSE,FALSE,RSVHub-hub-models,2026-05-13,RSVHub baseline model
Mississippi,MS,1,wk inc rsv prop ed visits,prop_ed,2026-05-16,2026-05-23,RSVHub-baseline,0,0,5e-4,0.001,0.0015000000000000002,0.0024999999999999988,0.0037414937149371484,0,0,5e-4,0.001,0.0015,0.0025,0.0037,NA,NA,NA,NA,NA,NA,NA,NA,NA,NA,NA,NA,NA,NA,FALSE,FALSE,RSVHub-hub-models,2026-05-13,RSVHub baseline model
Mississippi,MS,2,wk inc rsv prop ed visits,prop_ed,2026-05-16,2026-05-30,RSVHub-baseline,0,0,3e-4,0.001,0.0018,0.0029,0.00413567815678156,0,0,3e-4,0.001,0.0018,0.0029,0.0041,NA,NA,NA,NA,NA,NA,NA,NA,NA,NA,NA,NA,NA,NA,FALSE,FALSE,RSVHub-hub-models,2026-05-13,RSVHub baseline model
Mississippi,MS,0,wk inc rsv hosp,hosp,2026-05-16,2026-05-16,UGA_flucast-INFLAenza,1,2,4,6,9,12,17,1,2,4,6,9,10,20,0.034163868361148986,0.06832773672229797,0.13665547344459594,0.20498321016689394,0.30747481525034087,0.4099664203337879,0.5807857621395327,0.03,0.07,0.14,0.2,0.31,0.41,0.58,TRUE,FALSE,UGA_flucast,2026-05-13,INFLAenza
Mississippi,MS,1,wk inc rsv hosp,hosp,2026-05-16,2026-05-23,UGA_flucast-INFLAenza,0,1,2,4,7,10,16,0,1,2,4,7,10,20,0,0.034163868361148986,0.06832773672229797,0.13665547344459594,0.2391470785280429,0.34163868361148986,0.5466218937783838,0,0.03,0.07,0.14,0.24,0.34,0.55,TRUE,FALSE,UGA_flucast,2026-05-13,INFLAenza
Mississippi,MS,2,wk inc rsv hosp,hosp,2026-05-16,2026-05-30,UGA_flucast-INFLAenza,0,1,2,3,6,9,14,0,1,2,3,6,9,10,0,0.034163868361148986,0.06832773672229797,0.10249160508344697,0.20498321016689394,0.30747481525034087,0.4782941570560858,0,0.03,0.07,0.1,0.2,0.31,0.48,TRUE,FALSE,UGA_flucast,2026-05-13,INFLAenza
Mississippi,MS,0,wk inc rsv prop ed visits,prop_ed,2026-05-16,2026-05-16,UGA_flucast-INFLAenza,3.2248859827720296e-4,4.72942150181713e-4,6.378126593574433e-4,8.509018013318352e-4,0.001110605265762257,0.001368226446856138,0.0017256731775004948,3.2e-4,4.7e-4,6.4e-4,8.5e-4,0.0011,0.0014,0.0017,NA,NA,NA,NA,NA,NA,NA,NA,NA,NA,NA,NA,NA,NA,TRUE,FALSE,UGA_flucast,2026-05-13,INFLAenza
Mississippi,MS,1,wk inc rsv prop ed visits,prop_ed,2026-05-16,2026-05-23,UGA_flucast-INFLAenza,2.4640263216642766e-4,3.7163476377072226e-4,5.185509081925441e-4,7.321956446658974e-4,9.919510048279354e-4,0.0012792897761028695,0.0016653222661886043,2.5e-4,3.7e-4,5.2e-4,7.3e-4,9.9e-4,0.0013,0.0017,NA,NA,NA,NA,NA,NA,NA,NA,NA,NA,NA,NA,NA,NA,TRUE,FALSE,UGA_flucast,2026-05-13,INFLAenza
Mississippi,MS,2,wk inc rsv prop ed visits,prop_ed,2026-05-16,2026-05-30,UGA_flucast-INFLAenza,1.725406496113392e-4,3.0080346772905046e-4,4.385866178004881e-4,6.416238289876424e-4,9.081797695234752e-4,0.0011915382464276112,0.0015641978829287742,1.7e-4,3e-4,4.4e-4,6.4e-4,9.1e-4,0.0012,0.0016,NA,NA,NA,NA,NA,NA,NA,NA,NA,NA,NA,NA,NA,NA,TRUE,FALSE,UGA_flucast,2026-05-13,INFLAenza
Mississippi,MS,0,wk inc rsv hosp,hosp,2026-05-16,2026-05-16,RSVHub-ensemble,1.5,2.5,4,5.5,7.75,11.25,16.75,2,3,4,6,8,10,20,0.051245802541723486,0.08540967090287246,0.13665547344459594,0.18790127598631942,0.26476997979890465,0.38434351906292613,0.5722447950492455,0.05,0.09,0.14,0.19,0.26,0.38,0.57,FALSE,TRUE,RSVHub,2026-05-13,Ensemble using RSVHub forecast submissions
Mississippi,MS,1,wk inc rsv hosp,hosp,2026-05-16,2026-05-23,RSVHub-ensemble,0.75,1.5,2.75,4,6.25,9.5,16,1,2,3,4,6,10,20,0.025622901270861743,0.051245802541723486,0.09395063799315971,0.13665547344459594,0.21352417725718115,0.3245567494309154,0.5466218937783838,0.03,0.05,0.09,0.14,0.21,0.32,0.55,FALSE,TRUE,RSVHub,2026-05-13,Ensemble using RSVHub forecast submissions
Mississippi,MS,2,wk inc rsv hosp,hosp,2026-05-16,2026-05-30,RSVHub-ensemble,0,1,2,3,4.5,8.5,12,0,1,2,3,5,9,10,0,0.034163868361148986,0.06832773672229797,0.10249160508344697,0.15373740762517044,0.29039288106976635,0.4099664203337879,0,0.03,0.07,0.1,0.15,0.29,0.41,FALSE,TRUE,RSVHub,2026-05-13,Ensemble using RSVHub forecast submissions
Mississippi,MS,0,wk inc rsv prop ed visits,prop_ed,2026-05-16,2026-05-16,RSVHub-ensemble,4.37366653852957e-4,5.790845906904881e-4,7.371571483389217e-4,9.312550073166087e-4,0.0011595717968505299,0.0013876914024473653,0.0016828565724835796,4.4e-4,5.8e-4,7.4e-4,0.00093000000000000005,0.0012,0.0014,0.0017,NA,NA,NA,NA,NA,NA,NA,NA,NA,NA,NA,NA,NA,NA,FALSE,TRUE,RSVHub,2026-05-13,Ensemble using RSVHub forecast submissions
Mississippi,MS,1,wk inc rsv prop ed visits,prop_ed,2026-05-16,2026-05-23,RSVHub-ensemble,3.099617331851611e-4,4.4631450702322084e-4,5.884150417599563e-4,7.959975653068519e-4,0.0010424125406449844,0.001318173255558823,0.001698445590578059,3.1e-4,4.5e-4,5.9e-4,8e-4,0.001,0.0013,0.0017,NA,NA,NA,NA,NA,NA,NA,NA,NA,NA,NA,NA,NA,NA,FALSE,TRUE,RSVHub,2026-05-13,Ensemble using RSVHub forecast submissions
Missouri,MO,0,wk inc rsv hosp,hosp,2026-05-16,2026-05-16,CEPH-Rtrend_rsv,9,11,14,18,23,28,33,9,10,10,20,20,30,30,0.14559803746787542,0.17795315690518107,0.22648583606113953,0.29119607493575084,0.37208387352901495,0.45297167212227907,0.5338594707155432,0.15,0.18,0.23,0.29,0.37,0.45,0.53,TRUE,FALSE,CEPH Lab at Indiana University,2026-05-13,Rtrend RSV
Missouri,MO,1,wk inc rsv hosp,hosp,2026-05-16,2026-05-23,CEPH-Rtrend_rsv,5,8,10,14,19,25,32,5,8,10,10,20,30,30,0.08088779859326412,0.12942047774922258,0.16177559718652823,0.22648583606113953,0.30737363465440365,0.4044389929663206,0.5176819109968903,0.08,0.13,0.16,0.23,0.31,0.4,0.52,TRUE,FALSE,CEPH Lab at Indiana University,2026-05-13,Rtrend RSV
Missouri,MO,2,wk inc rsv hosp,hosp,2026-05-16,2026-05-30,CEPH-Rtrend_rsv,3,5,7,11,16,22,30,3,5,7,10,20,20,30,0.04853267915595847,0.08088779859326412,0.11324291803056977,0.17795315690518107,0.25884095549844516,0.35590631381036214,0.48532679155958475,0.05,0.08,0.11,0.18,0.26,0.36,0.49,TRUE,FALSE,CEPH Lab at Indiana University,2026-05-13,Rtrend RSV
Missouri,MO,0,wk inc rsv prop ed visits,prop_ed,2026-05-16,2026-05-16,CFA_Pyrenew-Pyrenew_E_RSV,2.0513849583387317e-4,2.6783518898835986e-4,3.4136857554920355e-4,4.268017314004452e-4,5.260461580957702e-4,6.169581042023169e-4,7.641154744523889e-4,2.1e-4,2.7e-4,3.4e-4,4.3e-4,5.3e-4,6.2e-4,7.6e-4,NA,NA,NA,NA,NA,NA,NA,NA,NA,NA,NA,NA,NA,NA,TRUE,FALSE,Center for Forecasting and Outbreak Analytics (CFA/CDC) Pyrenew team,2026-05-13,Pyrenew_ED_Visits_RSV
Missouri,MO,1,wk inc rsv prop ed visits,prop_ed,2026-05-16,2026-05-23,CFA_Pyrenew-Pyrenew_E_RSV,7.125498044859482e-5,1.1992176235337393e-4,1.7944823735529852e-4,2.5523048725227245e-4,3.4864889922767763e-4,0.00046214584191780063,6.071038187649151e-4,7.1e-5,1.2e-4,1.8e-4,2.6e-4,3.5e-4,4.6e-4,6.1e-4,NA,NA,NA,NA,NA,NA,NA,NA,NA,NA,NA,NA,NA,NA,TRUE,FALSE,Center for Forecasting and Outbreak Analytics (CFA/CDC) Pyrenew team,2026-05-13,Pyrenew_ED_Visits_RSV
Missouri,MO,0,wk inc rsv prop ed visits,prop_ed,2026-05-16,2026-05-16,CFA_Pyrenew-Pyrenew_HE_RSV,2.0615576406320522e-4,2.885363175436179e-4,3.608425037548314e-4,4.498201666858872e-4,5.466802838951447e-4,6.518288335161034e-4,7.893890874895895e-4,2.1e-4,2.9e-4,3.6e-4,4.5e-4,5.5e-4,6.5e-4,7.9e-4,NA,NA,NA,NA,NA,NA,NA,NA,NA,NA,NA,NA,NA,NA,FALSE,FALSE,Center for Forecasting and Outbreak Analytics (CFA/CDC) Pyrenew team,2026-05-13,Pyrenew_Hospital_Admissions_ED_Visits_RSV
Missouri,MO,1,wk inc rsv prop ed visits,prop_ed,2026-05-16,2026-05-23,CFA_Pyrenew-Pyrenew_HE_RSV,8.65946275954241e-5,1.3506893565875638e-4,1.9184870130641176e-4,2.7794454084702626e-4,3.704418273175458e-4,4.802953451203069e-4,6.270576018543813e-4,8.7e-5,1.4e-4,1.9e-4,2.8e-4,3.7e-4,4.8e-4,6.3e-4,NA,NA,NA,NA,NA,NA,NA,NA,NA,NA,NA,NA,NA,NA,FALSE,FALSE,Center for Forecasting and Outbreak Analytics (CFA/CDC) Pyrenew team,2026-05-13,Pyrenew_Hospital_Admissions_ED_Visits_RSV
Missouri,MO,0,wk inc rsv hosp,hosp,2026-05-16,2026-05-16,CFA_Pyrenew-Pyrenew_HE_RSV,4,6,9,11,14,17,21,4,6,9,10,10,20,20,0.06471023887461129,0.09706535831191694,0.14559803746787542,0.17795315690518107,0.22648583606113953,0.27501851521709797,0.3397287540917093,0.06,0.1,0.15,0.18,0.23,0.28,0.34,TRUE,FALSE,Center for Forecasting and Outbreak Analytics (CFA/CDC) Pyrenew team,2026-05-13,Pyrenew_Hospital_Admissions_ED_Visits_RSV
Missouri,MO,1,wk inc rsv hosp,hosp,2026-05-16,2026-05-23,CFA_Pyrenew-Pyrenew_HE_RSV,2,4,5,7,10,12,16,2,4,5,7,10,10,20,0.032355119437305645,0.06471023887461129,0.08088779859326412,0.11324291803056977,0.16177559718652823,0.19413071662383388,0.25884095549844516,0.03,0.06,0.08,0.11,0.16,0.19,0.26,TRUE,FALSE,Center for Forecasting and Outbreak Analytics (CFA/CDC) Pyrenew team,2026-05-13,Pyrenew_Hospital_Admissions_ED_Visits_RSV
Missouri,MO,0,wk inc rsv hosp,hosp,2026-05-16,2026-05-16,CFA_Pyrenew-Pyrenew_H_RSV,6,9,12,16,21,26,34,6,9,10,20,20,30,30,0.09706535831191694,0.14559803746787542,0.19413071662383388,0.25884095549844516,0.3397287540917093,0.42061655268497344,0.5500370304341959,0.1,0.15,0.19,0.26,0.34,0.42,0.55,FALSE,FALSE,Center for Forecasting and Outbreak Analytics (CFA/CDC) Pyrenew team,2026-05-13,Pyrenew_Hospital_Admissions_RSV
Missouri,MO,1,wk inc rsv hosp,hosp,2026-05-16,2026-05-23,CFA_Pyrenew-Pyrenew_H_RSV,3,5,8,12,18,23,34,3,5,8,10,20,20,30,0.04853267915595847,0.08088779859326412,0.12942047774922258,0.19413071662383388,0.29119607493575084,0.37208387352901495,0.5500370304341959,0.05,0.08,0.13,0.19,0.29,0.37,0.55,FALSE,FALSE,Center for Forecasting and Outbreak Analytics (CFA/CDC) Pyrenew team,2026-05-13,Pyrenew_Hospital_Admissions_RSV
Missouri,MO,0,wk inc rsv hosp,hosp,2026-05-16,2026-05-16,Google_SAI-RSVEns,5.5,9.5,13,18,24,30.5,46.5,6,10,10,20,20,30,50,0.08897657845259054,0.15368681732720182,0.21030827634248672,0.29119607493575084,0.38826143324766776,0.4934155714189111,0.7522565269173563,0.09,0.15,0.21,0.29,0.39,0.49,0.75,TRUE,FALSE,Google Science AI,2026-05-13,RSVEnsemble
Missouri,MO,1,wk inc rsv hosp,hosp,2026-05-16,2026-05-23,Google_SAI-RSVEns,5,9,13.5,16,23.5,29,44,5,9,10,20,20,30,40,0.08088779859326412,0.14559803746787542,0.2183970562018131,0.25884095549844516,0.38017265338834133,0.4691492318409319,0.7118126276207243,0.08,0.15,0.22,0.26,0.38,0.47,0.71,TRUE,FALSE,Google Science AI,2026-05-13,RSVEnsemble
Missouri,MO,2,wk inc rsv hosp,hosp,2026-05-16,2026-05-30,Google_SAI-RSVEns,4.5,9,11,14,20,25,38,5,9,10,10,20,30,40,0.07279901873393771,0.14559803746787542,0.17795315690518107,0.22648583606113953,0.32355119437305646,0.4044389929663206,0.6147472693088073,0.07,0.15,0.18,0.23,0.32,0.4,0.61,TRUE,FALSE,Google Science AI,2026-05-13,RSVEnsemble
Missouri,MO,0,wk inc rsv hosp,hosp,2026-05-16,2026-05-16,RSVHub-baseline,0,0,10,19,28,45,68.74999999999987,0,0,10,20,30,50,70,0,0,0.16177559718652823,0.30737363465440365,0.45297167212227907,0.727990187339377,1.1122072306573796,0,0,0.16,0.31,0.45,0.73,1.11,FALSE,FALSE,RSVHub-hub-models,2026-05-13,RSVHub baseline model
Missouri,MO,1,wk inc rsv hosp,hosp,2026-05-16,2026-05-23,RSVHub-baseline,0,0,2.3210482104821075,19,37.99971749717496,58.02148121481207,88.4032022820228,0,0,2,20,40,60,90,0,0,0.037548896034946565,0.30737363465440365,0.6147426991024846,0.9386459773173151,1.4301480842375696,0,0,0.04,0.31,0.61,0.94,1.43,FALSE,FALSE,RSVHub-hub-models,2026-05-13,RSVHub baseline model
Missouri,MO,2,wk inc rsv hosp,hosp,2026-05-16,2026-05-30,RSVHub-baseline,0,0,0,19,43,68.03118831188314,100.19322643226411,0,0,0,20,40,70,100,0,0,0,0.30737363465440365,0.6956350679020714,1.1005786116464054,1.6208819040124574,0,0,0,0.31,0.7,1.1,1.62,FALSE,FALSE,RSVHub-hub-models,2026-05-13,RSVHub baseline model
Missouri,MO,0,wk inc rsv hosp,hosp,2026-05-16,2026-05-16,UGA_flucast-INFLAenza,5,7,11,16,22,30,42,5,7,10,20,20,30,40,0.08088779859326412,0.11324291803056977,0.17795315690518107,0.25884095549844516,0.35590631381036214,0.48532679155958475,0.6794575081834185,0.08,0.11,0.18,0.26,0.36,0.49,0.68,TRUE,FALSE,UGA_flucast,2026-05-13,INFLAenza
Missouri,MO,1,wk inc rsv hosp,hosp,2026-05-16,2026-05-23,UGA_flucast-INFLAenza,3,5,8,12,18,25,37,3,5,8,10,20,30,40,0.04853267915595847,0.08088779859326412,0.12942047774922258,0.19413071662383388,0.29119607493575084,0.4044389929663206,0.5985697095901545,0.05,0.08,0.13,0.19,0.29,0.4,0.6,TRUE,FALSE,UGA_flucast,2026-05-13,INFLAenza
Missouri,MO,2,wk inc rsv hosp,hosp,2026-05-16,2026-05-30,UGA_flucast-INFLAenza,1,3,5,9,14,20,31,1,3,5,9,10,20,30,0.016177559718652822,0.04853267915595847,0.08088779859326412,0.14559803746787542,0.22648583606113953,0.32355119437305646,0.5015043512782376,0.02,0.05,0.08,0.15,0.23,0.32,0.5,TRUE,FALSE,UGA_flucast,2026-05-13,INFLAenza
Missouri,MO,0,wk inc rsv hosp,hosp,2026-05-16,2026-05-16,RSVHub-ensemble,5.25,8.25,12,17,22.5,29,37.5,5,8,10,20,20,30,40,0.08493218852292732,0.1334648676788858,0.19413071662383388,0.27501851521709797,0.3639950936696885,0.4691492318409319,0.6066584894494809,0.08,0.13,0.19,0.28,0.36,0.47,0.61,FALSE,TRUE,RSVHub,2026-05-13,Ensemble using RSVHub forecast submissions
Missouri,MO,1,wk inc rsv hosp,hosp,2026-05-16,2026-05-23,RSVHub-ensemble,4,6.5,9,13,18.5,25,34.5,4,7,9,10,20,30,30,0.06471023887461129,0.10515413817124336,0.14559803746787542,0.21030827634248672,0.29928485479507727,0.4044389929663206,0.5581258102935225,0.06,0.11,0.15,0.21,0.3,0.4,0.56,FALSE,TRUE,RSVHub,2026-05-13,Ensemble using RSVHub forecast submissions
Missouri,MO,2,wk inc rsv hosp,hosp,2026-05-16,2026-05-30,RSVHub-ensemble,3,5,7,11,16,22,31,3,5,7,10,20,20,30,0.04853267915595847,0.08088779859326412,0.11324291803056977,0.17795315690518107,0.25884095549844516,0.35590631381036214,0.5015043512782376,0.05,0.08,0.11,0.18,0.26,0.36,0.5,FALSE,TRUE,RSVHub,2026-05-13,Ensemble using RSVHub forecast submissions
Montana,MT,0,wk inc rsv hosp,hosp,2026-05-16,2026-05-16,CEPH-Rtrend_rsv,11,13,16,18,22,25,28,10,10,20,20,20,30,30,0.9738977690658195,1.1509700907141505,1.4165785731866467,1.5936508948349775,1.947795538131639,2.213404020604135,2.479012503076632,0.97,1.15,1.42,1.59,1.95,2.21,2.48,TRUE,FALSE,CEPH Lab at Indiana University,2026-05-13,Rtrend RSV
Montana,MT,1,wk inc rsv hosp,hosp,2026-05-16,2026-05-23,CEPH-Rtrend_rsv,8,10,13,16,20,24,29,8,10,10,20,20,20,30,0.7082892865933234,0.8853616082416541,1.1509700907141505,1.4165785731866467,1.7707232164833082,2.12486785977997,2.567548663900797,0.71,0.89,1.15,1.42,1.77,2.12,2.57,TRUE,FALSE,CEPH Lab at Indiana University,2026-05-13,Rtrend RSV
Montana,MT,2,wk inc rsv hosp,hosp,2026-05-16,2026-05-30,CEPH-Rtrend_rsv,6,8,10,14,18,23,28,6,8,10,10,20,20,30,0.5312169649449925,0.7082892865933234,0.8853616082416541,1.239506251538316,1.5936508948349775,2.0363316989558045,2.479012503076632,0.53,0.71,0.89,1.24,1.59,2.04,2.48,TRUE,FALSE,CEPH Lab at Indiana University,2026-05-13,Rtrend RSV
Montana,MT,0,wk inc rsv prop ed visits,prop_ed,2026-05-16,2026-05-16,CFA_Pyrenew-Pyrenew_E_RSV,0.0010320985544441568,0.0014684216605420817,0.0018358051787891877,0.0023303841296888187,0.0029399874610642435,0.003536880499746177,0.004192875938143099,0.001,0.0015,0.0018,0.0023,0.0029,0.0035,0.0042,NA,NA,NA,NA,NA,NA,NA,NA,NA,NA,NA,NA,NA,NA,TRUE,FALSE,Center for Forecasting and Outbreak Analytics (CFA/CDC) Pyrenew team,2026-05-13,Pyrenew_ED_Visits_RSV
Montana,MT,1,wk inc rsv prop ed visits,prop_ed,2026-05-16,2026-05-23,CFA_Pyrenew-Pyrenew_E_RSV,5.826132118348813e-4,9.353439981294824e-4,0.0013838123569893375,0.0019179942729372497,0.0025917804956377046,0.0033819661086607667,0.004643188483071551,5.8e-4,9.4e-4,0.0014,0.0019,0.0026,0.0034,0.0046,NA,NA,NA,NA,NA,NA,NA,NA,NA,NA,NA,NA,NA,NA,TRUE,FALSE,Center for Forecasting and Outbreak Analytics (CFA/CDC) Pyrenew team,2026-05-13,Pyrenew_ED_Visits_RSV
Montana,MT,0,wk inc rsv prop ed visits,prop_ed,2026-05-16,2026-05-16,CFA_Pyrenew-Pyrenew_HE_RSV,0.0012298978957457972,0.0016436492600384498,0.0020570147932764916,0.0025444436831726083,0.003148893973128841,0.00377845890656514,0.0046578719798092945,0.0012,0.0016,0.0021,0.0025,0.0031,0.0038,0.0047,NA,NA,NA,NA,NA,NA,NA,NA,NA,NA,NA,NA,NA,NA,FALSE,FALSE,Center for Forecasting and Outbreak Analytics (CFA/CDC) Pyrenew team,2026-05-13,Pyrenew_Hospital_Admissions_ED_Visits_RSV
Montana,MT,1,wk inc rsv prop ed visits,prop_ed,2026-05-16,2026-05-23,CFA_Pyrenew-Pyrenew_HE_RSV,7.101255612812651e-4,0.0010653476488230694,0.001548372868787344,0.0021633523542230826,0.0029269964972568896,0.0037329905197257345,0.0050074578722184146,7.1e-4,0.0011,0.0015,0.0022,0.0029,0.0037,0.005,NA,NA,NA,NA,NA,NA,NA,NA,NA,NA,NA,NA,NA,NA,FALSE,FALSE,Center for Forecasting and Outbreak Analytics (CFA/CDC) Pyrenew team,2026-05-13,Pyrenew_Hospital_Admissions_ED_Visits_RSV
Montana,MT,0,wk inc rsv hosp,hosp,2026-05-16,2026-05-16,CFA_Pyrenew-Pyrenew_HE_RSV,4,7,9,12,16,20,26,4,7,9,10,20,20,30,0.3541446432966617,0.619753125769158,0.7968254474174887,1.062433929889985,1.4165785731866467,1.7707232164833082,2.301940181428301,0.35,0.62,0.8,1.06,1.42,1.77,2.3,TRUE,FALSE,Center for Forecasting and Outbreak Analytics (CFA/CDC) Pyrenew team,2026-05-13,Pyrenew_Hospital_Admissions_ED_Visits_RSV
Montana,MT,1,wk inc rsv hosp,hosp,2026-05-16,2026-05-23,CFA_Pyrenew-Pyrenew_HE_RSV,3,5,7,10,14,19,25,3,5,7,10,10,20,30,0.26560848247249624,0.44268080412082705,0.619753125769158,0.8853616082416541,1.239506251538316,1.6821870556591427,2.213404020604135,0.27,0.44,0.62,0.89,1.24,1.68,2.21,TRUE,FALSE,Center for Forecasting and Outbreak Analytics (CFA/CDC) Pyrenew team,2026-05-13,Pyrenew_Hospital_Admissions_ED_Visits_RSV
Montana,MT,0,wk inc rsv hosp,hosp,2026-05-16,2026-05-16,CFA_Pyrenew-Pyrenew_H_RSV,6,9,13,18,24.25,31,43,6,9,10,20,20,30,40,0.5312169649449925,0.7968254474174887,1.1509700907141505,1.5936508948349775,2.1470018999860114,2.744620985549128,3.807054915439113,0.53,0.8,1.15,1.59,2.15,2.74,3.81,FALSE,FALSE,Center for Forecasting and Outbreak Analytics (CFA/CDC) Pyrenew team,2026-05-13,Pyrenew_Hospital_Admissions_RSV
Montana,MT,1,wk inc rsv hosp,hosp,2026-05-16,2026-05-23,CFA_Pyrenew-Pyrenew_H_RSV,4,7,11,16,24,35,54.024999999999864,4,7,10,20,20,40,50,0.3541446432966617,0.619753125769158,0.9738977690658195,1.4165785731866467,2.12486785977997,3.09876562884579,4.783166088525524,0.35,0.62,0.97,1.42,2.12,3.1,4.78,FALSE,FALSE,Center for Forecasting and Outbreak Analytics (CFA/CDC) Pyrenew team,2026-05-13,Pyrenew_Hospital_Admissions_RSV
Montana,MT,0,wk inc rsv hosp,hosp,2026-05-16,2026-05-16,Google_SAI-RSVEns,4.5,6.5,8.5,12.5,15,20,25,5,7,9,10,20,20,30,0.39841272370874437,0.5754850453570752,0.752557367005406,1.1067020103020675,1.3280424123624812,1.7707232164833082,2.213404020604135,0.4,0.58,0.75,1.11,1.33,1.77,2.21,TRUE,FALSE,Google Science AI,2026-05-13,RSVEnsemble
Montana,MT,1,wk inc rsv hosp,hosp,2026-05-16,2026-05-23,Google_SAI-RSVEns,2.5,3.5,6,9,12.5,17,24,3,4,6,9,10,20,20,0.22134040206041353,0.309876562884579,0.5312169649449925,0.7968254474174887,1.1067020103020675,1.505114734010812,2.12486785977997,0.22,0.31,0.53,0.8,1.11,1.51,2.12,TRUE,FALSE,Google Science AI,2026-05-13,RSVEnsemble
Montana,MT,2,wk inc rsv hosp,hosp,2026-05-16,2026-05-30,Google_SAI-RSVEns,2.5,3,5,7,10.5,13,23.5,3,3,5,7,10,10,20,0.22134040206041353,0.26560848247249624,0.44268080412082705,0.619753125769158,0.9296296886537369,1.1509700907141505,2.0805997793678874,0.22,0.27,0.44,0.62,0.93,1.15,2.08,TRUE,FALSE,Google Science AI,2026-05-13,RSVEnsemble
Montana,MT,0,wk inc rsv hosp,hosp,2026-05-16,2026-05-16,RSVHub-baseline,0.3750000000000032,7.5000000000000036,15,17,19,26.50000000000001,33.624999999999886,0,8,20,20,20,30,30,0.033201060309062315,0.6640212061812408,1.3280424123624812,1.505114734010812,1.6821870556591427,2.3462082618403843,2.977028407712552,0.03,0.66,1.33,1.51,1.68,2.35,2.98,FALSE,FALSE,RSVHub-hub-models,2026-05-13,RSVHub baseline model
Montana,MT,1,wk inc rsv hosp,hosp,2026-05-16,2026-05-23,RSVHub-baseline,0,3.6840778407784103,11,17,23,30.751268512685158,42.56897193971947,0,4,10,20,20,30,40,0,0.3261741081999014,0.9738977690658195,1.505114734010812,2.0363316989558045,2.722599254586187,3.7688933457743876,0,0.33,0.97,1.51,2.04,2.72,3.77,FALSE,FALSE,RSVHub-hub-models,2026-05-13,RSVHub baseline model
Montana,MT,2,wk inc rsv hosp,hosp,2026-05-16,2026-05-30,RSVHub-baseline,0,0.4532435324353246,9,17,25,34,47.933486084860775,0,0,9,20,30,30,50,0,0.04012844228020673,0.7968254474174887,1.505114734010812,2.213404020604135,3.010229468021624,4.243846832872128,0,0.04,0.8,1.51,2.21,3.01,4.24,FALSE,FALSE,RSVHub-hub-models,2026-05-13,RSVHub baseline model
Montana,MT,0,wk inc rsv prop ed visits,prop_ed,2026-05-16,2026-05-16,RSVHub-baseline,0,0.0018999999999999998,0.0027749999999999997,0.003,0.0032250000000000004,0.0041,0.006674999999999972,0,0.0019,0.0028,0.003,0.0032,0.0041,0.0067,NA,NA,NA,NA,NA,NA,NA,NA,NA,NA,NA,NA,NA,NA,FALSE,FALSE,RSVHub-hub-models,2026-05-13,RSVHub baseline model
Montana,MT,1,wk inc rsv prop ed visits,prop_ed,2026-05-16,2026-05-23,RSVHub-baseline,0,5.917826178261781e-4,0.0023,0.003,0.0037,0.005496978969789695,0.00744524645246453,0,5.9e-4,0.0023,0.003,0.0037,0.0055,0.0074,NA,NA,NA,NA,NA,NA,NA,NA,NA,NA,NA,NA,NA,NA,FALSE,FALSE,RSVHub-hub-models,2026-05-13,RSVHub baseline model
Montana,MT,2,wk inc rsv prop ed visits,prop_ed,2026-05-16,2026-05-30,RSVHub-baseline,0,1e-4,0.0019000000000000004,0.003,0.0041,0.006052324723247231,0.0083,0,1e-4,0.0019,0.003,0.0041,0.0061,0.0083,NA,NA,NA,NA,NA,NA,NA,NA,NA,NA,NA,NA,NA,NA,FALSE,FALSE,RSVHub-hub-models,2026-05-13,RSVHub baseline model
Montana,MT,0,wk inc rsv hosp,hosp,2026-05-16,2026-05-16,UGA_flucast-INFLAenza,3,4,7,10,15,20,28,3,4,7,10,20,20,30,0.26560848247249624,0.3541446432966617,0.619753125769158,0.8853616082416541,1.3280424123624812,1.7707232164833082,2.479012503076632,0.27,0.35,0.62,0.89,1.33,1.77,2.48,TRUE,FALSE,UGA_flucast,2026-05-13,INFLAenza
Montana,MT,1,wk inc rsv hosp,hosp,2026-05-16,2026-05-23,UGA_flucast-INFLAenza,1,3,5,8,11,16,24,1,3,5,8,10,20,20,0.08853616082416542,0.26560848247249624,0.44268080412082705,0.7082892865933234,0.9738977690658195,1.4165785731866467,2.12486785977997,0.09,0.27,0.44,0.71,0.97,1.42,2.12,TRUE,FALSE,UGA_flucast,2026-05-13,INFLAenza
Montana,MT,2,wk inc rsv hosp,hosp,2026-05-16,2026-05-30,UGA_flucast-INFLAenza,0,1,3,5,9,13,20,0,1,3,5,9,10,20,0,0.08853616082416542,0.26560848247249624,0.44268080412082705,0.7968254474174887,1.1509700907141505,1.7707232164833082,0,0.09,0.27,0.44,0.8,1.15,1.77,TRUE,FALSE,UGA_flucast,2026-05-13,INFLAenza
Montana,MT,0,wk inc rsv prop ed visits,prop_ed,2026-05-16,2026-05-16,UGA_flucast-INFLAenza,0.0011649422295471345,0.00148038598967438,0.0018155362048631342,0.0022366184623428906,0.002764143676510069,0.0032706545032997725,0.0039058820737403153,0.0012,0.0015,0.0018,0.0022,0.0028,0.0033,0.0039,NA,NA,NA,NA,NA,NA,NA,NA,NA,NA,NA,NA,NA,NA,TRUE,FALSE,UGA_flucast,2026-05-13,INFLAenza
Montana,MT,1,wk inc rsv prop ed visits,prop_ed,2026-05-16,2026-05-23,UGA_flucast-INFLAenza,8.011125644507762e-4,0.001100687411946968,0.001427245043434046,0.0018590624431490494,0.002401559017161301,0.002988249922912639,0.0037756700439445815,8e-4,0.0011,0.0014,0.0019,0.0024,0.003,0.0038,NA,NA,NA,NA,NA,NA,NA,NA,NA,NA,NA,NA,NA,NA,TRUE,FALSE,UGA_flucast,2026-05-13,INFLAenza
Montana,MT,2,wk inc rsv prop ed visits,prop_ed,2026-05-16,2026-05-30,UGA_flucast-INFLAenza,5.885763267305703e-4,8.472213518090581e-4,0.001170145072598338,0.001584631162574584,0.002113574995132857,0.002745997026796034,0.003680501894660674,5.9e-4,8.5e-4,0.0012,0.0016,0.0021,0.0027,0.0037,NA,NA,NA,NA,NA,NA,NA,NA,NA,NA,NA,NA,NA,NA,TRUE,FALSE,UGA_flucast,2026-05-13,INFLAenza
Montana,MT,0,wk inc rsv hosp,hosp,2026-05-16,2026-05-16,RSVHub-ensemble,4.25,6.75,8.75,12.25,15.5,20,27,4,7,9,10,20,20,30,0.376278683502703,0.5976190855631166,0.7746914072114475,1.0845679700960262,1.372310492774564,1.7707232164833082,2.3904763422524664,0.38,0.6,0.77,1.08,1.37,1.77,2.39,FALSE,TRUE,RSVHub,2026-05-13,Ensemble using RSVHub forecast submissions
Montana,MT,1,wk inc rsv hosp,hosp,2026-05-16,2026-05-23,RSVHub-ensemble,2.75,4.25,6.5,9.5,13.25,18,24.5,3,4,7,10,10,20,20,0.24347444226645487,0.376278683502703,0.5754850453570752,0.8410935278295714,1.1731041309201917,1.5936508948349775,2.1691359401920525,0.24,0.38,0.58,0.84,1.17,1.59,2.17,FALSE,TRUE,RSVHub,2026-05-13,Ensemble using RSVHub forecast submissions
Montana,MT,2,wk inc rsv hosp,hosp,2026-05-16,2026-05-30,RSVHub-ensemble,2.5,3,5,7,10.5,13,23.5,3,3,5,7,10,10,20,0.22134040206041353,0.26560848247249624,0.44268080412082705,0.619753125769158,0.9296296886537369,1.1509700907141505,2.0805997793678874,0.22,0.27,0.44,0.62,0.93,1.15,2.08,FALSE,TRUE,RSVHub,2026-05-13,Ensemble using RSVHub forecast submissions
Montana,MT,0,wk inc rsv prop ed visits,prop_ed,2026-05-16,2026-05-16,RSVHub-ensemble,0.0010985203919956455,0.0014744038251082309,0.001825670691826161,0.0022835012960158545,0.0028520655687871562,0.0034037675015229744,0.004049379005941708,0.0011,0.0015,0.0018,0.0023,0.0029,0.0034,0.004,NA,NA,NA,NA,NA,NA,NA,NA,NA,NA,NA,NA,NA,NA,FALSE,TRUE,RSVHub,2026-05-13,Ensemble using RSVHub forecast submissions
Montana,MT,1,wk inc rsv prop ed visits,prop_ed,2026-05-16,2026-05-23,RSVHub-ensemble,6.918628881428287e-4,0.0010180157050382252,0.0014055287002116917,0.0018885283580431496,0.002496669756399503,0.0031851080157867025,0.004209429263508067,6.9e-4,0.001,0.0014,0.0019,0.0025,0.0032,0.0042,NA,NA,NA,NA,NA,NA,NA,NA,NA,NA,NA,NA,NA,NA,FALSE,TRUE,RSVHub,2026-05-13,Ensemble using RSVHub forecast submissions
Nebraska,NE,0,wk inc rsv hosp,hosp,2026-05-16,2026-05-16,CEPH-Rtrend_rsv,10,12,13,15,17,19,21,10,10,10,20,20,20,20,0.5071212501553058,0.6085455001863671,0.6592576252018976,0.7606818752329588,0.86210612526402,0.9635303752950811,1.0649546253261424,0.51,0.61,0.66,0.76,0.86,0.96,1.06,TRUE,FALSE,CEPH Lab at Indiana University,2026-05-13,Rtrend RSV
Nebraska,NE,1,wk inc rsv hosp,hosp,2026-05-16,2026-05-23,CEPH-Rtrend_rsv,7,8,10,12,14,16,18,7,8,10,10,10,20,20,0.3549848751087141,0.40569700012424476,0.5071212501553058,0.6085455001863671,0.7099697502174283,0.8113940002484895,0.9128182502795505,0.35,0.41,0.51,0.61,0.71,0.81,0.91,TRUE,FALSE,CEPH Lab at Indiana University,2026-05-13,Rtrend RSV
Nebraska,NE,2,wk inc rsv hosp,hosp,2026-05-16,2026-05-30,CEPH-Rtrend_rsv,5,6,7,9,11,13,16,5,6,7,9,10,10,20,0.2535606250776529,0.30427275009318355,0.3549848751087141,0.4564091251397753,0.5578333751708365,0.6592576252018976,0.8113940002484895,0.25,0.3,0.35,0.46,0.56,0.66,0.81,TRUE,FALSE,CEPH Lab at Indiana University,2026-05-13,Rtrend RSV
Nebraska,NE,0,wk inc rsv prop ed visits,prop_ed,2026-05-16,2026-05-16,CFA_Pyrenew-Pyrenew_E_RSV,0.0011132580697483742,0.0014134978732318559,0.0016962815421388642,0.0021161680935651906,0.0025738476494282627,0.0030663976365062854,0.003723731996750944,0.0011,0.0014,0.0017,0.0021,0.0026,0.0031,0.0037,NA,NA,NA,NA,NA,NA,NA,NA,NA,NA,NA,NA,NA,NA,TRUE,FALSE,Center for Forecasting and Outbreak Analytics (CFA/CDC) Pyrenew team,2026-05-13,Pyrenew_ED_Visits_RSV
Nebraska,NE,1,wk inc rsv prop ed visits,prop_ed,2026-05-16,2026-05-23,CFA_Pyrenew-Pyrenew_E_RSV,7.448318440366234e-4,0.0010260551365877282,0.0013903799393940694,0.0018653021613932136,0.0024523745257185063,0.0031286737771916697,0.004200131260894144,7.4e-4,0.001,0.0014,0.0019,0.0025,0.0031,0.0042,NA,NA,NA,NA,NA,NA,NA,NA,NA,NA,NA,NA,NA,NA,TRUE,FALSE,Center for Forecasting and Outbreak Analytics (CFA/CDC) Pyrenew team,2026-05-13,Pyrenew_ED_Visits_RSV
Nebraska,NE,0,wk inc rsv hosp,hosp,2026-05-16,2026-05-16,CFA_Pyrenew-Pyrenew_H_RSV,6,9,11,15,20,26,33,6,9,10,20,20,30,30,0.30427275009318355,0.4564091251397753,0.5578333751708365,0.7606818752329588,1.0142425003106117,1.3185152504037951,1.6735001255125095,0.3,0.46,0.56,0.76,1.01,1.32,1.67,FALSE,FALSE,Center for Forecasting and Outbreak Analytics (CFA/CDC) Pyrenew team,2026-05-13,Pyrenew_Hospital_Admissions_RSV
Nebraska,NE,1,wk inc rsv hosp,hosp,2026-05-16,2026-05-23,CFA_Pyrenew-Pyrenew_H_RSV,3,5,8,12,19,26,37.024999999999864,3,5,8,10,20,30,40,0.15213637504659178,0.2535606250776529,0.40569700012424476,0.6085455001863671,0.9635303752950811,1.3185152504037951,1.8776164287000132,0.15,0.25,0.41,0.61,0.96,1.32,1.88,FALSE,FALSE,Center for Forecasting and Outbreak Analytics (CFA/CDC) Pyrenew team,2026-05-13,Pyrenew_Hospital_Admissions_RSV
Nebraska,NE,0,wk inc rsv hosp,hosp,2026-05-16,2026-05-16,Google_SAI-RSVEns,4,6,8,11,15,20,36,4,6,8,10,20,20,40,0.20284850006212238,0.30427275009318355,0.40569700012424476,0.5578333751708365,0.7606818752329588,1.0142425003106117,1.825636500559101,0.2,0.3,0.41,0.56,0.76,1.01,1.83,TRUE,FALSE,Google Science AI,2026-05-13,RSVEnsemble
Nebraska,NE,1,wk inc rsv hosp,hosp,2026-05-16,2026-05-23,Google_SAI-RSVEns,2.5,4.5,6,9,12.5,18,30,3,5,6,9,10,20,30,0.12678031253882646,0.22820456256988764,0.30427275009318355,0.4564091251397753,0.6339015626941323,0.9128182502795505,1.5213637504659177,0.13,0.23,0.3,0.46,0.63,0.91,1.52,TRUE,FALSE,Google Science AI,2026-05-13,RSVEnsemble
Nebraska,NE,2,wk inc rsv hosp,hosp,2026-05-16,2026-05-30,Google_SAI-RSVEns,2.5,3.5,5.5,7,10.5,14,27,3,4,6,7,10,10,30,0.12678031253882646,0.17749243755435706,0.27891668758541827,0.3549848751087141,0.5324773126630712,0.7099697502174283,1.369227375419326,0.13,0.18,0.28,0.35,0.53,0.71,1.37,TRUE,FALSE,Google Science AI,2026-05-13,RSVEnsemble
Nebraska,NE,0,wk inc rsv hosp,hosp,2026-05-16,2026-05-16,RSVHub-baseline,0,5,12.75,15,17.250000000000004,25,38,0,5,10,20,20,30,40,0,0.2535606250776529,0.646579593948015,0.7606818752329588,0.8747841565179029,1.2678031253882647,1.9270607505901622,0,0.25,0.65,0.76,0.87,1.27,1.93,FALSE,FALSE,RSVHub-hub-models,2026-05-13,RSVHub baseline model
Nebraska,NE,1,wk inc rsv hosp,hosp,2026-05-16,2026-05-23,RSVHub-baseline,0,0.5753057530575347,9,15,21.3359908599086,31.03150131501314,45.643425184251846,0,1,9,20,20,30,50,0,0.02917497727120767,0.4564091251397753,0.7606818752329588,1.0819934358179029,1.573673374106548,2.314675084080797,0,0.03,0.46,0.76,1.08,1.57,2.31,FALSE,FALSE,RSVHub-hub-models,2026-05-13,RSVHub baseline model
Nebraska,NE,2,wk inc rsv hosp,hosp,2026-05-16,2026-05-30,RSVHub-baseline,0,0,6.2260647606476045,15,24,35.637350373503786,50.00006425064249,0,0,6,20,20,40,50,0,0,0.31573697449675087,0.7606818752329588,1.2170910003727342,1.8072457673633897,2.5356095090631436,0,0,0.32,0.76,1.22,1.81,2.54,FALSE,FALSE,RSVHub-hub-models,2026-05-13,RSVHub baseline model
Nebraska,NE,0,wk inc rsv prop ed visits,prop_ed,2026-05-16,2026-05-16,RSVHub-baseline,3.0000000000000035e-4,0.0013999999999999998,0.0021999999999999997,0.0024,0.0026,0.0034,0.004499999999999999,3e-4,0.0014,0.0022,0.0024,0.0026,0.0034,0.0045,NA,NA,NA,NA,NA,NA,NA,NA,NA,NA,NA,NA,NA,NA,FALSE,FALSE,RSVHub-hub-models,2026-05-13,RSVHub baseline model
Nebraska,NE,1,wk inc rsv prop ed visits,prop_ed,2026-05-16,2026-05-23,RSVHub-baseline,0,7.999999999999991e-4,0.0018999999999999993,0.0024,0.0029000000000000002,0.004013993339933399,0.005333782212822107,0,8e-4,0.0019,0.0024,0.0029,0.004,0.0053,NA,NA,NA,NA,NA,NA,NA,NA,NA,NA,NA,NA,NA,NA,FALSE,FALSE,RSVHub-hub-models,2026-05-13,RSVHub baseline model
Nebraska,NE,2,wk inc rsv prop ed visits,prop_ed,2026-05-16,2026-05-30,RSVHub-baseline,0,4.0000000000000024e-4,0.0015995162451624503,0.0024,0.0032157921579215793,0.0044,0.0059031111811118295,0,4e-4,0.0016,0.0024,0.0032,0.0044,0.0059,NA,NA,NA,NA,NA,NA,NA,NA,NA,NA,NA,NA,NA,NA,FALSE,FALSE,RSVHub-hub-models,2026-05-13,RSVHub baseline model
Nebraska,NE,0,wk inc rsv hosp,hosp,2026-05-16,2026-05-16,UGA_flucast-INFLAenza,4,6,9,13,18,25,34,4,6,9,10,20,30,30,0.20284850006212238,0.30427275009318355,0.4564091251397753,0.6592576252018976,0.9128182502795505,1.2678031253882647,1.72421225052804,0.2,0.3,0.46,0.66,0.91,1.27,1.72,TRUE,FALSE,UGA_flucast,2026-05-13,INFLAenza
Nebraska,NE,1,wk inc rsv hosp,hosp,2026-05-16,2026-05-23,UGA_flucast-INFLAenza,2,4,6,10,14,20,29,2,4,6,10,10,20,30,0.10142425003106119,0.20284850006212238,0.30427275009318355,0.5071212501553058,0.7099697502174283,1.0142425003106117,1.470651625450387,0.1,0.2,0.3,0.51,0.71,1.01,1.47,TRUE,FALSE,UGA_flucast,2026-05-13,INFLAenza
Nebraska,NE,2,wk inc rsv hosp,hosp,2026-05-16,2026-05-30,UGA_flucast-INFLAenza,1,2,4,7,11,17,25,1,2,4,7,10,20,30,0.050712125015530594,0.10142425003106119,0.20284850006212238,0.3549848751087141,0.5578333751708365,0.86210612526402,1.2678031253882647,0.05,0.1,0.2,0.35,0.56,0.86,1.27,TRUE,FALSE,UGA_flucast,2026-05-13,INFLAenza
Nebraska,NE,0,wk inc rsv prop ed visits,prop_ed,2026-05-16,2026-05-16,UGA_flucast-INFLAenza,9.008155783678918e-4,0.0011805596438381166,0.0014724905817257898,0.0018416771564262553,0.0022760043713203493,0.0027332143552852278,0.0032848296093697807,9e-4,0.0012,0.0015,0.0018,0.0023,0.0027,0.0033,NA,NA,NA,NA,NA,NA,NA,NA,NA,NA,NA,NA,NA,NA,TRUE,FALSE,UGA_flucast,2026-05-13,INFLAenza
Nebraska,NE,1,wk inc rsv prop ed visits,prop_ed,2026-05-16,2026-05-23,UGA_flucast-INFLAenza,6.551081371433481e-4,9.130527746174656e-4,0.001165184312771382,0.0015467861749133747,0.0020286704005677094,0.002486625874489672,0.003129485040663072,6.6e-4,9.1e-4,0.0012,0.0015,0.002,0.0025,0.0031,NA,NA,NA,NA,NA,NA,NA,NA,NA,NA,NA,NA,NA,NA,TRUE,FALSE,UGA_flucast,2026-05-13,INFLAenza
Nebraska,NE,2,wk inc rsv prop ed visits,prop_ed,2026-05-16,2026-05-30,UGA_flucast-INFLAenza,4.856488600803632e-4,7.104997887227416e-4,9.636947477224304e-4,0.001314333427833271,0.0017712524716439815,0.0022824890679401053,0.0029885238049541427,4.9e-4,7.1e-4,9.6e-4,0.0013,0.0018,0.0023,0.003,NA,NA,NA,NA,NA,NA,NA,NA,NA,NA,NA,NA,NA,NA,TRUE,FALSE,UGA_flucast,2026-05-13,INFLAenza
Nebraska,NE,0,wk inc rsv hosp,hosp,2026-05-16,2026-05-16,RSVHub-ensemble,4,6,9,13,17,20,34,4,6,9,10,20,20,30,0.20284850006212238,0.30427275009318355,0.4564091251397753,0.6592576252018976,0.86210612526402,1.0142425003106117,1.72421225052804,0.2,0.3,0.46,0.66,0.86,1.01,1.72,FALSE,TRUE,RSVHub,2026-05-13,Ensemble using RSVHub forecast submissions
Nebraska,NE,1,wk inc rsv hosp,hosp,2026-05-16,2026-05-23,RSVHub-ensemble,2.5,4.5,6,10,14,18,29,3,5,6,10,10,20,30,0.12678031253882646,0.22820456256988764,0.30427275009318355,0.5071212501553058,0.7099697502174283,0.9128182502795505,1.470651625450387,0.13,0.23,0.3,0.51,0.71,0.91,1.47,FALSE,TRUE,RSVHub,2026-05-13,Ensemble using RSVHub forecast submissions
Nebraska,NE,2,wk inc rsv hosp,hosp,2026-05-16,2026-05-30,RSVHub-ensemble,2.5,3.5,5.5,7,11,14,25,3,4,6,7,10,10,30,0.12678031253882646,0.17749243755435706,0.27891668758541827,0.3549848751087141,0.5578333751708365,0.7099697502174283,1.2678031253882647,0.13,0.18,0.28,0.35,0.56,0.71,1.27,FALSE,TRUE,RSVHub,2026-05-13,Ensemble using RSVHub forecast submissions
Nebraska,NE,0,wk inc rsv prop ed visits,prop_ed,2026-05-16,2026-05-16,RSVHub-ensemble,0.001007036824058133,0.001297028758534986,0.001584386061932327,0.001978922624995723,0.002424926010374306,0.0028998059958957566,0.0035042808030603624,0.001,0.0013,0.0016,0.002,0.0024,0.0029,0.0035,NA,NA,NA,NA,NA,NA,NA,NA,NA,NA,NA,NA,NA,NA,FALSE,TRUE,RSVHub,2026-05-13,Ensemble using RSVHub forecast submissions
Nebraska,NE,1,wk inc rsv prop ed visits,prop_ed,2026-05-16,2026-05-23,RSVHub-ensemble,6.999699905899857e-4,9.695539556025969e-4,0.0012777821260827257,0.0017060441681532941,0.002240522463143108,0.0028076498258406708,0.0036648081507786078,7e-4,9.7e-4,0.0013,0.0017,0.0022,0.0028,0.0037,NA,NA,NA,NA,NA,NA,NA,NA,NA,NA,NA,NA,NA,NA,FALSE,TRUE,RSVHub,2026-05-13,Ensemble using RSVHub forecast submissions
Nevada,NV,0,wk inc rsv hosp,hosp,2026-05-16,2026-05-16,CEPH-Rtrend_rsv,12,14,16,19,23,26,30,10,10,20,20,20,30,30,0.3771159741612705,0.43996863652148227,0.502821298881694,0.5971002924220116,0.7228056171424352,0.8170846106827528,0.9427899354031762,0.38,0.44,0.5,0.6,0.72,0.82,0.94,TRUE,FALSE,CEPH Lab at Indiana University,2026-05-13,Rtrend RSV
Nevada,NV,1,wk inc rsv hosp,hosp,2026-05-16,2026-05-23,CEPH-Rtrend_rsv,10,13,16,21,27,33,41,10,10,20,20,30,30,40,0.3142633118010587,0.4085423053413764,0.502821298881694,0.6599529547822234,0.8485109418628586,1.037068928943494,1.2884795783843408,0.31,0.41,0.5,0.66,0.85,1.04,1.29,TRUE,FALSE,CEPH Lab at Indiana University,2026-05-13,Rtrend RSV
Nevada,NV,2,wk inc rsv hosp,hosp,2026-05-16,2026-05-30,CEPH-Rtrend_rsv,9,12,16,22,31,40,52,9,10,20,20,30,40,50,0.28283698062095286,0.3771159741612705,0.502821298881694,0.6913792859623292,0.9742162665832821,1.2570532472042348,1.6341692213655057,0.28,0.38,0.5,0.69,0.97,1.26,1.63,TRUE,FALSE,CEPH Lab at Indiana University,2026-05-13,Rtrend RSV
Nevada,NV,0,wk inc rsv prop ed visits,prop_ed,2026-05-16,2026-05-16,CFA_Pyrenew-Pyrenew_E_RSV,3.2013278154061347e-4,4.2010549139689224e-4,5.187362116648672e-4,6.535724019692784e-4,8.118128698496248e-4,9.861157162867193e-4,0.0011858281246585323,3.2e-4,4.2e-4,5.2e-4,6.5e-4,8.1e-4,9.9e-4,0.0012,NA,NA,NA,NA,NA,NA,NA,NA,NA,NA,NA,NA,NA,NA,TRUE,FALSE,Center for Forecasting and Outbreak Analytics (CFA/CDC) Pyrenew team,2026-05-13,Pyrenew_ED_Visits_RSV
Nevada,NV,1,wk inc rsv prop ed visits,prop_ed,2026-05-16,2026-05-23,CFA_Pyrenew-Pyrenew_E_RSV,1.643764585174776e-4,2.636856504002244e-4,3.835786602066039e-4,5.355798626796301e-4,7.284383123573102e-4,9.039661768722285e-4,0.001210676307235821,1.6e-4,2.6e-4,3.8e-4,5.4e-4,7.3e-4,9e-4,0.0012,NA,NA,NA,NA,NA,NA,NA,NA,NA,NA,NA,NA,NA,NA,TRUE,FALSE,Center for Forecasting and Outbreak Analytics (CFA/CDC) Pyrenew team,2026-05-13,Pyrenew_ED_Visits_RSV
Nevada,NV,0,wk inc rsv hosp,hosp,2026-05-16,2026-05-16,CFA_Pyrenew-Pyrenew_H_RSV,6,9,13,18,25.25,34,47,6,9,10,20,30,30,50,0.18855798708063526,0.28283698062095286,0.4085423053413764,0.5656739612419057,0.7935148622976733,1.0684952601235997,1.477037565464976,0.19,0.28,0.41,0.57,0.79,1.07,1.48,FALSE,FALSE,Center for Forecasting and Outbreak Analytics (CFA/CDC) Pyrenew team,2026-05-13,Pyrenew_Hospital_Admissions_RSV
Nevada,NV,1,wk inc rsv hosp,hosp,2026-05-16,2026-05-23,CFA_Pyrenew-Pyrenew_H_RSV,4,8,12,20,32,49,78,4,8,10,20,30,50,80,0.1257053247204235,0.251410649440847,0.3771159741612705,0.6285266236021174,1.005642597763388,1.539890227825188,2.451253832048258,0.13,0.25,0.38,0.63,1.01,1.54,2.45,FALSE,FALSE,Center for Forecasting and Outbreak Analytics (CFA/CDC) Pyrenew team,2026-05-13,Pyrenew_Hospital_Admissions_RSV
Nevada,NV,0,wk inc rsv hosp,hosp,2026-05-16,2026-05-16,Google_SAI-RSVEns,3.5,6,8.5,11,14.5,20,30.5,4,6,9,10,10,20,30,0.10999215913037057,0.18855798708063526,0.26712381503089994,0.3456896429811646,0.4556818021115352,0.6285266236021174,0.9585031009932292,0.11,0.19,0.27,0.35,0.46,0.63,0.96,TRUE,FALSE,Google Science AI,2026-05-13,RSVEnsemble
Nevada,NV,1,wk inc rsv hosp,hosp,2026-05-16,2026-05-23,Google_SAI-RSVEns,2.5,4,6,8.5,11.5,16,23.5,3,4,6,9,10,20,20,0.07856582795026468,0.1257053247204235,0.18855798708063526,0.26712381503089994,0.3614028085712176,0.502821298881694,0.738518782732488,0.08,0.13,0.19,0.27,0.36,0.5,0.74,TRUE,FALSE,Google Science AI,2026-05-13,RSVEnsemble
Nevada,NV,2,wk inc rsv hosp,hosp,2026-05-16,2026-05-30,Google_SAI-RSVEns,1.5,3,4.5,7.5,10.5,14.5,24,2,3,5,8,10,10,20,0.047139496770158815,0.09427899354031763,0.14141849031047643,0.23569748385079406,0.3299764773911117,0.4556818021115352,0.754231948322541,0.05,0.09,0.14,0.24,0.33,0.46,0.75,TRUE,FALSE,Google Science AI,2026-05-13,RSVEnsemble
Nevada,NV,0,wk inc rsv hosp,hosp,2026-05-16,2026-05-16,RSVHub-baseline,0,2.0000000000000067,11,15,19,28.000000000000025,47.12499999999998,0,2,10,20,20,30,50,0,0.06285266236021196,0.3456896429811646,0.4713949677015881,0.5971002924220116,0.8799372730429652,1.4809658568624888,0,0.06,0.35,0.47,0.6,0.88,1.48,FALSE,FALSE,RSVHub-hub-models,2026-05-13,RSVHub baseline model
Nevada,NV,1,wk inc rsv hosp,hosp,2026-05-16,2026-05-23,RSVHub-baseline,0,0,7,15,23.071955719557195,36.64867148671489,55.61065585655854,0,0,7,20,20,40,60,0,0,0.21998431826074114,0.4713949677015881,0.7250669214155424,1.151733287452405,1.7476388880911031,0,0,0.22,0.47,0.73,1.15,1.75,FALSE,FALSE,RSVHub-hub-models,2026-05-13,RSVHub baseline model
Nevada,NV,2,wk inc rsv hosp,hosp,2026-05-16,2026-05-30,RSVHub-baseline,0,0,4.672556725567256,15,26.805720557205575,41.69289292892931,63.652348523485244,0,0,5,20,30,40,60,0,0,0.1468413151155077,0.4713949677015881,0.8424054517521146,1.3102546610412271,2.0003597850905703,0,0,0.15,0.47,0.84,1.31,2,FALSE,FALSE,RSVHub-hub-models,2026-05-13,RSVHub baseline model
Nevada,NV,0,wk inc rsv prop ed visits,prop_ed,2026-05-16,2026-05-16,RSVHub-baseline,0,0,5e-4,7.000000000000001e-4,9.000000000000002e-4,0.0015500000000000032,0.0031000000000000003,0,0,5e-4,7e-4,9e-4,0.0016,0.0031,NA,NA,NA,NA,NA,NA,NA,NA,NA,NA,NA,NA,NA,NA,FALSE,FALSE,RSVHub-hub-models,2026-05-13,RSVHub baseline model
Nevada,NV,1,wk inc rsv prop ed visits,prop_ed,2026-05-16,2026-05-23,RSVHub-baseline,0,0,2.000000000000001e-4,7.000000000000001e-4,0.0013,0.002317353073530735,0.0036,0,0,2e-4,7e-4,0.0013,0.0023,0.0036,NA,NA,NA,NA,NA,NA,NA,NA,NA,NA,NA,NA,NA,NA,FALSE,FALSE,RSVHub-hub-models,2026-05-13,RSVHub baseline model
Nevada,NV,2,wk inc rsv prop ed visits,prop_ed,2026-05-16,2026-05-30,RSVHub-baseline,0,0,1.6263032587282567e-19,7.000000000000001e-4,0.0015682634326343288,0.002734646746467468,0.004058512960129599,0,0,1.6e-19,7e-4,0.0016,0.0027,0.0041,NA,NA,NA,NA,NA,NA,NA,NA,NA,NA,NA,NA,NA,NA,FALSE,FALSE,RSVHub-hub-models,2026-05-13,RSVHub baseline model
Nevada,NV,0,wk inc rsv hosp,hosp,2026-05-16,2026-05-16,UGA_flucast-INFLAenza,1,3,5,7,11,15,20,1,3,5,7,10,20,20,0.031426331180105876,0.09427899354031763,0.15713165590052935,0.21998431826074114,0.3456896429811646,0.4713949677015881,0.6285266236021174,0.03,0.09,0.16,0.22,0.35,0.47,0.63,TRUE,FALSE,UGA_flucast,2026-05-13,INFLAenza
Nevada,NV,1,wk inc rsv hosp,hosp,2026-05-16,2026-05-23,UGA_flucast-INFLAenza,1,2,3,5,9,13,18,1,2,3,5,9,10,20,0.031426331180105876,0.06285266236021175,0.09427899354031763,0.15713165590052935,0.28283698062095286,0.4085423053413764,0.5656739612419057,0.03,0.06,0.09,0.16,0.28,0.41,0.57,TRUE,FALSE,UGA_flucast,2026-05-13,INFLAenza
Nevada,NV,2,wk inc rsv hosp,hosp,2026-05-16,2026-05-30,UGA_flucast-INFLAenza,0,1,2,4,7,10,16,0,1,2,4,7,10,20,0,0.031426331180105876,0.06285266236021175,0.1257053247204235,0.21998431826074114,0.3142633118010587,0.502821298881694,0,0.03,0.06,0.13,0.22,0.31,0.5,TRUE,FALSE,UGA_flucast,2026-05-13,INFLAenza
Nevada,NV,0,wk inc rsv prop ed visits,prop_ed,2026-05-16,2026-05-16,UGA_flucast-INFLAenza,2.2278113382191145e-4,3.423859364474036e-4,4.67178661384584e-4,6.42990399037663e-4,8.522582857880028e-4,0.001079897138290983,0.0013428896821418273,2.2e-4,3.4e-4,4.7e-4,6.4e-4,8.5e-4,0.0011,0.0013,NA,NA,NA,NA,NA,NA,NA,NA,NA,NA,NA,NA,NA,NA,TRUE,FALSE,UGA_flucast,2026-05-13,INFLAenza
Nevada,NV,1,wk inc rsv prop ed visits,prop_ed,2026-05-16,2026-05-23,UGA_flucast-INFLAenza,1.5595752904137388e-4,2.61075459386435e-4,3.8120576340000957e-4,5.508979169969004e-4,7.605078130500227e-4,9.971448897479703e-4,0.0012838924369156207,1.6e-4,2.6e-4,3.8e-4,5.5e-4,7.6e-4,0.001,0.0013,NA,NA,NA,NA,NA,NA,NA,NA,NA,NA,NA,NA,NA,NA,TRUE,FALSE,UGA_flucast,2026-05-13,INFLAenza
Nevada,NV,2,wk inc rsv prop ed visits,prop_ed,2026-05-16,2026-05-30,UGA_flucast-INFLAenza,1.1857098477179396e-4,2.0605758834555616e-4,3.166662059528218e-4,4.7763677486781426e-4,6.970164323379862e-4,9.335666670179755e-4,0.0012546497753611581,1.2e-4,2.1e-4,3.2e-4,4.8e-4,7e-4,0.00093000000000000005,0.0013,NA,NA,NA,NA,NA,NA,NA,NA,NA,NA,NA,NA,NA,NA,TRUE,FALSE,UGA_flucast,2026-05-13,INFLAenza
Nevada,NV,0,wk inc rsv hosp,hosp,2026-05-16,2026-05-16,RSVHub-ensemble,3.5,6,8.5,11,14.5,20,30,4,6,9,10,10,20,30,0.10999215913037057,0.18855798708063526,0.26712381503089994,0.3456896429811646,0.4556818021115352,0.6285266236021174,0.9427899354031762,0.11,0.19,0.27,0.35,0.46,0.63,0.94,FALSE,TRUE,RSVHub,2026-05-13,Ensemble using RSVHub forecast submissions
Nevada,NV,1,wk inc rsv hosp,hosp,2026-05-16,2026-05-23,RSVHub-ensemble,2.5,4,6,8.5,11.5,16,23.5,3,4,6,9,10,20,20,0.07856582795026468,0.1257053247204235,0.18855798708063526,0.26712381503089994,0.3614028085712176,0.502821298881694,0.738518782732488,0.08,0.13,0.19,0.27,0.36,0.5,0.74,FALSE,TRUE,RSVHub,2026-05-13,Ensemble using RSVHub forecast submissions
Nevada,NV,2,wk inc rsv hosp,hosp,2026-05-16,2026-05-30,RSVHub-ensemble,1.5,3,4.5,7.5,10.5,14.5,24,2,3,5,8,10,10,20,0.047139496770158815,0.09427899354031763,0.14141849031047643,0.23569748385079406,0.3299764773911117,0.4556818021115352,0.754231948322541,0.05,0.09,0.14,0.24,0.33,0.46,0.75,FALSE,TRUE,RSVHub,2026-05-13,Ensemble using RSVHub forecast submissions
Nevada,NV,0,wk inc rsv prop ed visits,prop_ed,2026-05-16,2026-05-16,RSVHub-ensemble,2.7145695768126247e-4,3.8124571392214796e-4,4.929574365247256e-4,6.482814005034708e-4,8.320355778188138e-4,0.0010330064272888512,0.00126435890340018,2.7e-4,3.8e-4,4.9e-4,6.5e-4,8.3e-4,0.001,0.0013,NA,NA,NA,NA,NA,NA,NA,NA,NA,NA,NA,NA,NA,NA,FALSE,TRUE,RSVHub,2026-05-13,Ensemble using RSVHub forecast submissions
Nevada,NV,1,wk inc rsv prop ed visits,prop_ed,2026-05-16,2026-05-23,RSVHub-ensemble,1.6016699377942575e-4,2.6238055489332974e-4,3.823922118033067e-4,5.432388898382653e-4,7.444730627036665e-4,9.505555333100995e-4,0.001247284372075721,1.6e-4,2.6e-4,3.8e-4,5.4e-4,7.4e-4,9.5e-4,0.0012,NA,NA,NA,NA,NA,NA,NA,NA,NA,NA,NA,NA,NA,NA,FALSE,TRUE,RSVHub,2026-05-13,Ensemble using RSVHub forecast submissions
New Hampshire,NH,0,wk inc rsv hosp,hosp,2026-05-16,2026-05-16,CEPH-Rtrend_rsv,4,5,6,7,8,10,11,4,5,6,7,8,10,10,0.28540706539460736,0.35675883174325923,0.4281105980919111,0.4994623644405629,0.5708141307892147,0.7135176634865185,0.7848694298351703,0.29,0.36,0.43,0.5,0.57,0.71,0.78,TRUE,FALSE,CEPH Lab at Indiana University,2026-05-13,Rtrend RSV
New Hampshire,NH,1,wk inc rsv hosp,hosp,2026-05-16,2026-05-23,CEPH-Rtrend_rsv,2,3,4,5,6,8,9,2,3,4,5,6,8,9,0.14270353269730368,0.21405529904595555,0.28540706539460736,0.35675883174325923,0.4281105980919111,0.5708141307892147,0.6421658971378666,0.14,0.21,0.29,0.36,0.43,0.57,0.64,TRUE,FALSE,CEPH Lab at Indiana University,2026-05-13,Rtrend RSV
New Hampshire,NH,2,wk inc rsv hosp,hosp,2026-05-16,2026-05-30,CEPH-Rtrend_rsv,1,2,2,3,5,6,8,1,2,2,3,5,6,8,0.07135176634865184,0.14270353269730368,0.14270353269730368,0.21405529904595555,0.35675883174325923,0.4281105980919111,0.5708141307892147,0.07,0.14,0.14,0.21,0.36,0.43,0.57,TRUE,FALSE,CEPH Lab at Indiana University,2026-05-13,Rtrend RSV
New Hampshire,NH,0,wk inc rsv prop ed visits,prop_ed,2026-05-16,2026-05-16,CFA_Pyrenew-Pyrenew_E_RSV,1.5428489428810302e-4,4.4236795890017036e-4,6.314098968688708e-4,9.494089241108983e-4,0.0013546331126463248,0.0017244346662959893,0.002235679282440451,1.5e-4,4.4e-4,6.3e-4,9.5e-4,0.0014,0.0017,0.0022,NA,NA,NA,NA,NA,NA,NA,NA,NA,NA,NA,NA,NA,NA,TRUE,FALSE,Center for Forecasting and Outbreak Analytics (CFA/CDC) Pyrenew team,2026-05-13,Pyrenew_ED_Visits_RSV
New Hampshire,NH,1,wk inc rsv prop ed visits,prop_ed,2026-05-16,2026-05-23,CFA_Pyrenew-Pyrenew_E_RSV,0,1.6054381704165558e-4,4.460614200734911e-4,7.126259429988531e-4,0.00104383474654223,0.0014138615897600314,0.0019386099023952928,0,1.6e-4,4.5e-4,7.1e-4,0.001,0.0014,0.0019,NA,NA,NA,NA,NA,NA,NA,NA,NA,NA,NA,NA,NA,NA,TRUE,FALSE,Center for Forecasting and Outbreak Analytics (CFA/CDC) Pyrenew team,2026-05-13,Pyrenew_ED_Visits_RSV
New Hampshire,NH,0,wk inc rsv prop ed visits,prop_ed,2026-05-16,2026-05-16,CFA_Pyrenew-Pyrenew_HE_RSV,2.873009834960046e-4,4.4928996346419695e-4,6.254051621923148e-4,9.330700291628872e-4,0.0012758441736919874,0.0016754877325642836,0.0020598300645345152,2.9e-4,4.5e-4,6.3e-4,0.00093000000000000005,0.0013,0.0017,0.0021,NA,NA,NA,NA,NA,NA,NA,NA,NA,NA,NA,NA,NA,NA,FALSE,FALSE,Center for Forecasting and Outbreak Analytics (CFA/CDC) Pyrenew team,2026-05-13,Pyrenew_Hospital_Admissions_ED_Visits_RSV
New Hampshire,NH,1,wk inc rsv prop ed visits,prop_ed,2026-05-16,2026-05-23,CFA_Pyrenew-Pyrenew_HE_RSV,0,1.6125935815746657e-4,4.3715562387622146e-4,6.380023709294789e-4,9.620380907734787e-4,0.0013417434321069373,0.0017729071201942597,0,1.6e-4,4.4e-4,6.4e-4,9.6e-4,0.0013,0.0018,NA,NA,NA,NA,NA,NA,NA,NA,NA,NA,NA,NA,NA,NA,FALSE,FALSE,Center for Forecasting and Outbreak Analytics (CFA/CDC) Pyrenew team,2026-05-13,Pyrenew_Hospital_Admissions_ED_Visits_RSV
New Hampshire,NH,0,wk inc rsv hosp,hosp,2026-05-16,2026-05-16,CFA_Pyrenew-Pyrenew_HE_RSV,2,4,5,7,10,12,14,2,4,5,7,10,10,10,0.14270353269730368,0.28540706539460736,0.35675883174325923,0.4994623644405629,0.7135176634865185,0.8562211961838222,0.9989247288811258,0.14,0.29,0.36,0.5,0.71,0.86,1,TRUE,FALSE,Center for Forecasting and Outbreak Analytics (CFA/CDC) Pyrenew team,2026-05-13,Pyrenew_Hospital_Admissions_ED_Visits_RSV
New Hampshire,NH,1,wk inc rsv hosp,hosp,2026-05-16,2026-05-23,CFA_Pyrenew-Pyrenew_HE_RSV,1,2,4,5,7,10,12,1,2,4,5,7,10,10,0.07135176634865184,0.14270353269730368,0.28540706539460736,0.35675883174325923,0.4994623644405629,0.7135176634865185,0.8562211961838222,0.07,0.14,0.29,0.36,0.5,0.71,0.86,TRUE,FALSE,Center for Forecasting and Outbreak Analytics (CFA/CDC) Pyrenew team,2026-05-13,Pyrenew_Hospital_Admissions_ED_Visits_RSV
New Hampshire,NH,0,wk inc rsv hosp,hosp,2026-05-16,2026-05-16,CFA_Pyrenew-Pyrenew_H_RSV,1,3,5,7,10,13,18,1,3,5,7,10,10,20,0.07135176634865184,0.21405529904595555,0.35675883174325923,0.4994623644405629,0.7135176634865185,0.9275729625324739,1.2843317942757333,0.07,0.21,0.36,0.5,0.71,0.93,1.28,FALSE,FALSE,Center for Forecasting and Outbreak Analytics (CFA/CDC) Pyrenew team,2026-05-13,Pyrenew_Hospital_Admissions_RSV
New Hampshire,NH,1,wk inc rsv hosp,hosp,2026-05-16,2026-05-23,CFA_Pyrenew-Pyrenew_H_RSV,1,2,3,5,8,11,16,1,2,3,5,8,10,20,0.07135176634865184,0.14270353269730368,0.21405529904595555,0.35675883174325923,0.5708141307892147,0.7848694298351703,1.1416282615784294,0.07,0.14,0.21,0.36,0.57,0.78,1.14,FALSE,FALSE,Center for Forecasting and Outbreak Analytics (CFA/CDC) Pyrenew team,2026-05-13,Pyrenew_Hospital_Admissions_RSV
New Hampshire,NH,0,wk inc rsv hosp,hosp,2026-05-16,2026-05-16,Google_SAI-RSVEns,1.5,2,3,5,7.5,10,23,2,2,3,5,8,10,20,0.10702764952297777,0.14270353269730368,0.21405529904595555,0.35675883174325923,0.5351382476148888,0.7135176634865185,1.6410906260189924,0.11,0.14,0.21,0.36,0.54,0.71,1.64,TRUE,FALSE,Google Science AI,2026-05-13,RSVEnsemble
New Hampshire,NH,1,wk inc rsv hosp,hosp,2026-05-16,2026-05-23,Google_SAI-RSVEns,0,1,2,3.5,6,9.5,20,0,1,2,4,6,10,20,0,0.07135176634865184,0.14270353269730368,0.24973118222028146,0.4281105980919111,0.6778417803121924,1.427035326973037,0,0.07,0.14,0.25,0.43,0.68,1.43,TRUE,FALSE,Google Science AI,2026-05-13,RSVEnsemble
New Hampshire,NH,2,wk inc rsv hosp,hosp,2026-05-16,2026-05-30,Google_SAI-RSVEns,0,0.5,1.5,2.5,5,7.5,14,0,1,2,3,5,8,10,0,0.03567588317432592,0.10702764952297777,0.17837941587162962,0.35675883174325923,0.5351382476148888,0.9989247288811258,0,0.04,0.11,0.18,0.36,0.54,1,TRUE,FALSE,Google Science AI,2026-05-13,RSVEnsemble
New Hampshire,NH,0,wk inc rsv hosp,hosp,2026-05-16,2026-05-16,RSVHub-baseline,0,0,3,5,7,14.500000000000012,19.12499999999998,0,0,3,5,7,10,20,0,0,0.21405529904595555,0.35675883174325923,0.4994623644405629,1.0346006120554527,1.3646025314179648,0,0,0.21,0.36,0.5,1.03,1.36,FALSE,FALSE,RSVHub-hub-models,2026-05-13,RSVHub baseline model
New Hampshire,NH,1,wk inc rsv hosp,hosp,2026-05-16,2026-05-23,RSVHub-baseline,0,0,1,5,10.594073440734405,17,24.518476684766856,0,0,1,5,10,20,20,0,0,0.07135176634865184,0.35675883174325923,0.7559058528237395,1.2129800279270813,1.7494366196363524,0,0,0.07,0.36,0.76,1.21,1.75,FALSE,FALSE,RSVHub-hub-models,2026-05-13,RSVHub baseline model
New Hampshire,NH,2,wk inc rsv hosp,hosp,2026-05-16,2026-05-30,RSVHub-baseline,0,0,0,5,12.859786097860972,19.66498064980652,28.404879298792977,0,0,0,5,10,20,30,0,0,0,0.35675883174325923,0.9175684529482173,1.4031311045757546,2.0267383108891344,0,0,0,0.36,0.92,1.4,2.03,FALSE,FALSE,RSVHub-hub-models,2026-05-13,RSVHub baseline model
New Hampshire,NH,0,wk inc rsv prop ed visits,prop_ed,2026-05-16,2026-05-16,RSVHub-baseline,0,0,5e-4,9e-4,0.0013,0.0021999999999999997,0.0046,0,0,5e-4,9e-4,0.0013,0.0022,0.0046,NA,NA,NA,NA,NA,NA,NA,NA,NA,NA,NA,NA,NA,NA,FALSE,FALSE,RSVHub-hub-models,2026-05-13,RSVHub baseline model
New Hampshire,NH,1,wk inc rsv prop ed visits,prop_ed,2026-05-16,2026-05-23,RSVHub-baseline,0,0,2e-4,9e-4,0.0017960932109321074,0.0032800309003090064,0.005582507350073489,0,0,2e-4,9e-4,0.0018,0.0033,0.0056,NA,NA,NA,NA,NA,NA,NA,NA,NA,NA,NA,NA,NA,NA,FALSE,FALSE,RSVHub-hub-models,2026-05-13,RSVHub baseline model
New Hampshire,NH,2,wk inc rsv prop ed visits,prop_ed,2026-05-16,2026-05-30,RSVHub-baseline,0,0,0,9e-4,0.0021522147721477255,0.004026805868058686,0.006158086580865809,0,0,0,9e-4,0.0022,0.004,0.0062,NA,NA,NA,NA,NA,NA,NA,NA,NA,NA,NA,NA,NA,NA,FALSE,FALSE,RSVHub-hub-models,2026-05-13,RSVHub baseline model
New Hampshire,NH,0,wk inc rsv hosp,hosp,2026-05-16,2026-05-16,UGA_flucast-INFLAenza,2,4,6,9,13,17,24,2,4,6,9,10,20,20,0.14270353269730368,0.28540706539460736,0.4281105980919111,0.6421658971378666,0.9275729625324739,1.2129800279270813,1.7124423923676444,0.14,0.29,0.43,0.64,0.93,1.21,1.71,TRUE,FALSE,UGA_flucast,2026-05-13,INFLAenza
New Hampshire,NH,1,wk inc rsv hosp,hosp,2026-05-16,2026-05-23,UGA_flucast-INFLAenza,1,2,4,6,10,14,21,1,2,4,6,10,10,20,0.07135176634865184,0.14270353269730368,0.28540706539460736,0.4281105980919111,0.7135176634865185,0.9989247288811258,1.4983870933216887,0.07,0.14,0.29,0.43,0.71,1,1.5,TRUE,FALSE,UGA_flucast,2026-05-13,INFLAenza
New Hampshire,NH,2,wk inc rsv hosp,hosp,2026-05-16,2026-05-30,UGA_flucast-INFLAenza,0,1,3,5,8,12,18,0,1,3,5,8,10,20,0,0.07135176634865184,0.21405529904595555,0.35675883174325923,0.5708141307892147,0.8562211961838222,1.2843317942757333,0,0.07,0.21,0.36,0.57,0.86,1.28,TRUE,FALSE,UGA_flucast,2026-05-13,INFLAenza
New Hampshire,NH,0,wk inc rsv prop ed visits,prop_ed,2026-05-16,2026-05-16,UGA_flucast-INFLAenza,4.0617598036527306e-4,5.666682115148353e-4,7.440321332512063e-4,9.81898371424535e-4,0.001258839158640372,0.0015452194657271066,0.0018718905295132722,4.1e-4,5.7e-4,7.4e-4,9.8e-4,0.0013,0.0015,0.0019,NA,NA,NA,NA,NA,NA,NA,NA,NA,NA,NA,NA,NA,NA,TRUE,FALSE,UGA_flucast,2026-05-13,INFLAenza
New Hampshire,NH,1,wk inc rsv prop ed visits,prop_ed,2026-05-16,2026-05-23,UGA_flucast-INFLAenza,2.8957272304565074e-4,4.351621709166466e-4,6.025934196781955e-4,8.281299258539024e-4,0.0011158036748716632,0.001420537282767125,0.0018840120038416674,2.9e-4,4.4e-4,6e-4,8.3e-4,0.0011,0.0014,0.0019,NA,NA,NA,NA,NA,NA,NA,NA,NA,NA,NA,NA,NA,NA,TRUE,FALSE,UGA_flucast,2026-05-13,INFLAenza
New Hampshire,NH,2,wk inc rsv prop ed visits,prop_ed,2026-05-16,2026-05-30,UGA_flucast-INFLAenza,2.165694713008398e-4,3.468651733380777e-4,5.072275995515745e-4,7.280841982026795e-4,0.0010163705037767596,0.0013470156639980681,0.001737562388503283,2.2e-4,3.5e-4,5.1e-4,7.3e-4,0.001,0.0013,0.0017,NA,NA,NA,NA,NA,NA,NA,NA,NA,NA,NA,NA,NA,NA,TRUE,FALSE,UGA_flucast,2026-05-13,INFLAenza
New Hampshire,NH,0,wk inc rsv hosp,hosp,2026-05-16,2026-05-16,RSVHub-ensemble,2,4,5.5,7,9,11,18.5,2,4,6,7,9,10,20,0.14270353269730368,0.28540706539460736,0.39243471491758514,0.4994623644405629,0.6421658971378666,0.7848694298351703,1.320007677450059,0.14,0.29,0.39,0.5,0.64,0.78,1.32,FALSE,TRUE,RSVHub,2026-05-13,Ensemble using RSVHub forecast submissions
New Hampshire,NH,1,wk inc rsv hosp,hosp,2026-05-16,2026-05-23,RSVHub-ensemble,1,2,4,5,6.5,9.75,16,1,2,4,5,7,10,20,0.07135176634865184,0.14270353269730368,0.28540706539460736,0.35675883174325923,0.46378648126623695,0.6956797218993556,1.1416282615784294,0.07,0.14,0.29,0.36,0.46,0.7,1.14,FALSE,TRUE,RSVHub,2026-05-13,Ensemble using RSVHub forecast submissions
New Hampshire,NH,2,wk inc rsv hosp,hosp,2026-05-16,2026-05-30,RSVHub-ensemble,0,1,2,3,5,7.5,14,0,1,2,3,5,8,10,0,0.07135176634865184,0.14270353269730368,0.21405529904595555,0.35675883174325923,0.5351382476148888,0.9989247288811258,0,0.07,0.14,0.21,0.36,0.54,1,FALSE,TRUE,RSVHub,2026-05-13,Ensemble using RSVHub forecast submissions
New Hampshire,NH,0,wk inc rsv prop ed visits,prop_ed,2026-05-16,2026-05-16,RSVHub-ensemble,2.80230437326688e-4,5.045180852075028e-4,6.877210150600386e-4,9.656536477677165e-4,0.0013067361356433483,0.001634827066011548,0.0020537849059768616,2.8e-4,5e-4,6.9e-4,9.7e-4,0.0013,0.0016,0.0021,NA,NA,NA,NA,NA,NA,NA,NA,NA,NA,NA,NA,NA,NA,FALSE,TRUE,RSVHub,2026-05-13,Ensemble using RSVHub forecast submissions
New Hampshire,NH,1,wk inc rsv prop ed visits,prop_ed,2026-05-16,2026-05-23,RSVHub-ensemble,1.4478636152282537e-4,2.978529939791511e-4,5.243274198758433e-4,7.703779344263777e-4,0.0010798192107069466,0.0014171994362635783,0.0019113109531184802,1.4e-4,3e-4,5.2e-4,7.7e-4,0.0011,0.0014,0.0019,NA,NA,NA,NA,NA,NA,NA,NA,NA,NA,NA,NA,NA,NA,FALSE,TRUE,RSVHub,2026-05-13,Ensemble using RSVHub forecast submissions
New Jersey,NJ,0,wk inc rsv hosp,hosp,2026-05-16,2026-05-16,CEPH-Rtrend_rsv,17,24,32,43,58,73,91,20,20,30,40,60,70,90,0.18312112288149057,0.25852393818563374,0.34469858424751165,0.4631887225825938,0.6247661839486149,0.7863436453146361,0.9802365989538613,0.18,0.26,0.34,0.46,0.62,0.79,0.98,TRUE,FALSE,CEPH Lab at Indiana University,2026-05-13,Rtrend RSV
New Jersey,NJ,1,wk inc rsv hosp,hosp,2026-05-16,2026-05-23,CEPH-Rtrend_rsv,10,17,25,37,53,72,94,10,20,30,40,50,70,90,0.1077183075773474,0.18312112288149057,0.26929576894336854,0.3985577380361853,0.5709070301599412,0.7755718145569013,1.0125520912270656,0.11,0.18,0.27,0.4,0.57,0.78,1.01,TRUE,FALSE,CEPH Lab at Indiana University,2026-05-13,Rtrend RSV
New Jersey,NJ,2,wk inc rsv hosp,hosp,2026-05-16,2026-05-30,CEPH-Rtrend_rsv,7,11,18,30,46,66,89,7,10,20,30,50,70,90,0.07540281530414318,0.11849013833508215,0.19389295363922532,0.32315492273204216,0.49550421485579804,0.7109408300104928,0.9586929374383918,0.08,0.12,0.19,0.32,0.5,0.71,0.96,TRUE,FALSE,CEPH Lab at Indiana University,2026-05-13,Rtrend RSV
New Jersey,NJ,0,wk inc rsv prop ed visits,prop_ed,2026-05-16,2026-05-16,CFA_Pyrenew-Pyrenew_E_RSV,3.53262188469002e-4,4.1333596455418975e-4,4.8483008986042444e-4,5.697209643928682e-4,6.662720365915635e-4,7.646662597180544e-4,8.8389365481382e-4,3.5e-4,4.1e-4,4.8e-4,5.7e-4,6.7e-4,7.6e-4,8.8e-4,NA,NA,NA,NA,NA,NA,NA,NA,NA,NA,NA,NA,NA,NA,TRUE,FALSE,Center for Forecasting and Outbreak Analytics (CFA/CDC) Pyrenew team,2026-05-13,Pyrenew_ED_Visits_RSV
New Jersey,NJ,1,wk inc rsv prop ed visits,prop_ed,2026-05-16,2026-05-23,CFA_Pyrenew-Pyrenew_E_RSV,2.1889827892475534e-4,2.8255227032292197e-4,3.4912616926452926e-4,4.4464437438696664e-4,5.483428181391271e-4,6.662056154959548e-4,8.217391047496771e-4,2.2e-4,2.8e-4,3.5e-4,4.4e-4,5.5e-4,6.7e-4,8.2e-4,NA,NA,NA,NA,NA,NA,NA,NA,NA,NA,NA,NA,NA,NA,TRUE,FALSE,Center for Forecasting and Outbreak Analytics (CFA/CDC) Pyrenew team,2026-05-13,Pyrenew_ED_Visits_RSV
New Jersey,NJ,0,wk inc rsv prop ed visits,prop_ed,2026-05-16,2026-05-16,CFA_Pyrenew-Pyrenew_HE_RSV,3.4380117693441533e-4,4.181532023296792e-4,4.8439218729534784e-4,5.730910166067678e-4,6.614950909742128e-4,7.570217583860491e-4,8.686584467371093e-4,3.4e-4,4.2e-4,4.8e-4,5.7e-4,6.6e-4,7.6e-4,8.7e-4,NA,NA,NA,NA,NA,NA,NA,NA,NA,NA,NA,NA,NA,NA,FALSE,FALSE,Center for Forecasting and Outbreak Analytics (CFA/CDC) Pyrenew team,2026-05-13,Pyrenew_Hospital_Admissions_ED_Visits_RSV
New Jersey,NJ,1,wk inc rsv prop ed visits,prop_ed,2026-05-16,2026-05-23,CFA_Pyrenew-Pyrenew_HE_RSV,2.098355252158543e-4,2.8472436237198537e-4,3.5393359417008164e-4,4.444690381376547e-4,5.461880285382815e-4,6.553701769981542e-4,8.083059801888283e-4,2.1e-4,2.8e-4,3.5e-4,4.4e-4,5.5e-4,6.6e-4,8.1e-4,NA,NA,NA,NA,NA,NA,NA,NA,NA,NA,NA,NA,NA,NA,FALSE,FALSE,Center for Forecasting and Outbreak Analytics (CFA/CDC) Pyrenew team,2026-05-13,Pyrenew_Hospital_Admissions_ED_Visits_RSV
New Jersey,NJ,0,wk inc rsv hosp,hosp,2026-05-16,2026-05-16,CFA_Pyrenew-Pyrenew_HE_RSV,15,21,26,33,41,49,59.024999999999864,20,20,30,30,40,50,60,0.16157746136602108,0.22620844591242953,0.28006759970110323,0.3554704150052464,0.4416450610671243,0.5278197071290023,0.6358073104752916,0.16,0.23,0.28,0.36,0.44,0.53,0.64,TRUE,FALSE,Center for Forecasting and Outbreak Analytics (CFA/CDC) Pyrenew team,2026-05-13,Pyrenew_Hospital_Admissions_ED_Visits_RSV
New Jersey,NJ,1,wk inc rsv hosp,hosp,2026-05-16,2026-05-23,CFA_Pyrenew-Pyrenew_HE_RSV,11,15,19,26,32,40,50,10,20,20,30,30,40,50,0.11849013833508215,0.16157746136602108,0.20466478439696006,0.28006759970110323,0.34469858424751165,0.4308732303093896,0.5385915378867371,0.12,0.16,0.2,0.28,0.34,0.43,0.54,TRUE,FALSE,Center for Forecasting and Outbreak Analytics (CFA/CDC) Pyrenew team,2026-05-13,Pyrenew_Hospital_Admissions_ED_Visits_RSV
New Jersey,NJ,0,wk inc rsv hosp,hosp,2026-05-16,2026-05-16,CFA_Pyrenew-Pyrenew_H_RSV,19,24,30,37,46,56,68,20,20,30,40,50,60,70,0.20466478439696006,0.25852393818563374,0.32315492273204216,0.3985577380361853,0.49550421485579804,0.6032225224331454,0.7324844915259623,0.2,0.26,0.32,0.4,0.5,0.6,0.73,FALSE,FALSE,Center for Forecasting and Outbreak Analytics (CFA/CDC) Pyrenew team,2026-05-13,Pyrenew_Hospital_Admissions_RSV
New Jersey,NJ,1,wk inc rsv hosp,hosp,2026-05-16,2026-05-23,CFA_Pyrenew-Pyrenew_H_RSV,12,18,24,33,46,60,81,10,20,20,30,50,60,80,0.12926196909281687,0.19389295363922532,0.25852393818563374,0.3554704150052464,0.49550421485579804,0.6463098454640843,0.872518291376514,0.13,0.19,0.26,0.36,0.5,0.65,0.87,FALSE,FALSE,Center for Forecasting and Outbreak Analytics (CFA/CDC) Pyrenew team,2026-05-13,Pyrenew_Hospital_Admissions_RSV
New Jersey,NJ,0,wk inc rsv hosp,hosp,2026-05-16,2026-05-16,Google_SAI-RSVEns,18.5,23.5,25,31,38,49,65.5,20,20,30,30,40,50,70,0.19927886901809266,0.2531380228067664,0.26929576894336854,0.33392675348977696,0.40932956879392013,0.5278197071290023,0.7055549146316255,0.2,0.25,0.27,0.33,0.41,0.53,0.71,TRUE,FALSE,Google Science AI,2026-05-13,RSVEnsemble
New Jersey,NJ,1,wk inc rsv hosp,hosp,2026-05-16,2026-05-23,Google_SAI-RSVEns,13,19,21,25,30,39,59,10,20,20,30,30,40,60,0.14003379985055162,0.20466478439696006,0.22620844591242953,0.26929576894336854,0.32315492273204216,0.4201013995516549,0.6355380147063496,0.14,0.2,0.23,0.27,0.32,0.42,0.64,TRUE,FALSE,Google Science AI,2026-05-13,RSVEnsemble
New Jersey,NJ,2,wk inc rsv hosp,hosp,2026-05-16,2026-05-30,Google_SAI-RSVEns,9,13.5,18,23,29,35,56.5,9,10,20,20,30,40,60,0.09694647681961266,0.145419715229419,0.19389295363922532,0.24775210742789902,0.31238309197430747,0.3770140765207159,0.6086084378120128,0.1,0.15,0.19,0.25,0.31,0.38,0.61,TRUE,FALSE,Google Science AI,2026-05-13,RSVEnsemble
New Jersey,NJ,0,wk inc rsv hosp,hosp,2026-05-16,2026-05-16,RSVHub-baseline,0,0,23,38,53,83.00000000000003,147.37499999999994,0,0,20,40,50,80,150,0,0,0.24775210742789902,0.40932956879392013,0.5709070301599412,0.8940619528919838,1.5874985579211567,0,0,0.25,0.41,0.57,0.89,1.59,FALSE,FALSE,RSVHub-hub-models,2026-05-13,RSVHub baseline model
New Jersey,NJ,1,wk inc rsv hosp,hosp,2026-05-16,2026-05-23,RSVHub-baseline,0,0,12.439929399294,38,66.569840698407,106.77001570015697,158.73259632596316,0,0,10,40,70,110,160,0,0,0.13400081412736375,0.40932956879392013,0.7170790575726025,1.1501085391227719,1.7098406633591023,0,0,0.13,0.41,0.72,1.15,1.71,FALSE,FALSE,RSVHub-hub-models,2026-05-13,RSVHub baseline model
New Jersey,NJ,2,wk inc rsv hosp,hosp,2026-05-16,2026-05-30,RSVHub-baseline,0,0,2.7191021910219035,38,76.7191021910219,123.7745257452575,177.17517225172244,0,0,3,40,80,120,180,0,0,0.029289708614673664,0.40932956879392013,0.8264051846870444,1.3332782434467951,1.9085009699680544,0,0,0.03,0.41,0.83,1.33,1.91,FALSE,FALSE,RSVHub-hub-models,2026-05-13,RSVHub baseline model
New Jersey,NJ,0,wk inc rsv prop ed visits,prop_ed,2026-05-16,2026-05-16,RSVHub-baseline,0,0,5.000000000000001e-4,7.000000000000001e-4,9.000000000000001e-4,0.0014999999999999998,0.0025,0,0,5e-4,7e-4,9e-4,0.0015,0.0025,NA,NA,NA,NA,NA,NA,NA,NA,NA,NA,NA,NA,NA,NA,FALSE,FALSE,RSVHub-hub-models,2026-05-13,RSVHub baseline model
New Jersey,NJ,1,wk inc rsv prop ed visits,prop_ed,2026-05-16,2026-05-23,RSVHub-baseline,0,0,3.000000000000001e-4,7.000000000000001e-4,0.0011096015960159636,0.001939532295322956,0.0031000000000000008,0,0,3e-4,7e-4,0.0011,0.0019,0.0031,NA,NA,NA,NA,NA,NA,NA,NA,NA,NA,NA,NA,NA,NA,FALSE,FALSE,RSVHub-hub-models,2026-05-13,RSVHub baseline model
New Jersey,NJ,2,wk inc rsv prop ed visits,prop_ed,2026-05-16,2026-05-30,RSVHub-baseline,0,0,1.0000000000000026e-4,7.000000000000001e-4,0.0014,0.0023000000000000004,0.003468512135121348,0,0,1e-4,7e-4,0.0014,0.0023,0.0035,NA,NA,NA,NA,NA,NA,NA,NA,NA,NA,NA,NA,NA,NA,FALSE,FALSE,RSVHub-hub-models,2026-05-13,RSVHub baseline model
New Jersey,NJ,0,wk inc rsv hosp,hosp,2026-05-16,2026-05-16,UGA_flucast-INFLAenza,10,14,20,27,38,51,70,10,10,20,30,40,50,70,0.1077183075773474,0.15080563060828636,0.2154366151546948,0.290839430458838,0.40932956879392013,0.5493633686444718,0.7540281530414318,0.11,0.15,0.22,0.29,0.41,0.55,0.75,TRUE,FALSE,UGA_flucast,2026-05-13,INFLAenza
New Jersey,NJ,1,wk inc rsv hosp,hosp,2026-05-16,2026-05-23,UGA_flucast-INFLAenza,6,9,14,20,29,42,62,6,9,10,20,30,40,60,0.06463098454640843,0.09694647681961266,0.15080563060828636,0.2154366151546948,0.31238309197430747,0.45241689182485906,0.6678535069795539,0.06,0.1,0.15,0.22,0.31,0.45,0.67,TRUE,FALSE,UGA_flucast,2026-05-13,INFLAenza
New Jersey,NJ,2,wk inc rsv hosp,hosp,2026-05-16,2026-05-30,UGA_flucast-INFLAenza,3,6,10,15,24,35,54,3,6,10,20,20,40,50,0.03231549227320422,0.06463098454640843,0.1077183075773474,0.16157746136602108,0.25852393818563374,0.3770140765207159,0.581678860917676,0.03,0.06,0.11,0.16,0.26,0.38,0.58,TRUE,FALSE,UGA_flucast,2026-05-13,INFLAenza
New Jersey,NJ,0,wk inc rsv prop ed visits,prop_ed,2026-05-16,2026-05-16,UGA_flucast-INFLAenza,2.2593068543180325e-4,3.3133368806620726e-4,4.5644072740827555e-4,6.313798900038721e-4,8.327585668644431e-4,0.0010468958839679398,0.0013324342706238978,2.3e-4,3.3e-4,4.6e-4,6.3e-4,8.3e-4,0.001,0.0013,NA,NA,NA,NA,NA,NA,NA,NA,NA,NA,NA,NA,NA,NA,TRUE,FALSE,UGA_flucast,2026-05-13,INFLAenza
New Jersey,NJ,1,wk inc rsv prop ed visits,prop_ed,2026-05-16,2026-05-23,UGA_flucast-INFLAenza,1.5163620236836696e-4,2.53211173668543e-4,3.7676166472176876e-4,5.450982724286956e-4,7.530712692537047e-4,9.936691066579535e-4,0.0013335311467190562,1.5e-4,2.5e-4,3.8e-4,5.5e-4,7.5e-4,9.9e-4,0.0013,NA,NA,NA,NA,NA,NA,NA,NA,NA,NA,NA,NA,NA,NA,TRUE,FALSE,UGA_flucast,2026-05-13,INFLAenza
New Jersey,NJ,2,wk inc rsv prop ed visits,prop_ed,2026-05-16,2026-05-30,UGA_flucast-INFLAenza,1.1271701053911275e-4,2.0465683827983425e-4,3.179556503393342e-4,4.848186346129519e-4,6.947686306182003e-4,9.319511147667475e-4,0.0012802970648480693,1.1e-4,2e-4,3.2e-4,4.8e-4,6.9e-4,0.00093000000000000005,0.0013,NA,NA,NA,NA,NA,NA,NA,NA,NA,NA,NA,NA,NA,NA,TRUE,FALSE,UGA_flucast,2026-05-13,INFLAenza
New Jersey,NJ,0,wk inc rsv hosp,hosp,2026-05-16,2026-05-16,RSVHub-ensemble,16,22.25,25.5,32,39.5,50,67.75,20,20,30,30,40,50,70,0.17234929212375583,0.23967323435959795,0.2746816843222359,0.34469858424751165,0.4254873149305222,0.5385915378867371,0.7297915338365287,0.17,0.24,0.27,0.34,0.43,0.54,0.73,FALSE,TRUE,RSVHub,2026-05-13,Ensemble using RSVHub forecast submissions
New Jersey,NJ,1,wk inc rsv hosp,hosp,2026-05-16,2026-05-23,RSVHub-ensemble,10.5,16,20,25.5,31,41,60.5,10,20,20,30,30,40,60,0.11310422295621476,0.17234929212375583,0.2154366151546948,0.2746816843222359,0.33392675348977696,0.4416450610671243,0.6516957608429518,0.11,0.17,0.22,0.27,0.33,0.44,0.65,FALSE,TRUE,RSVHub,2026-05-13,Ensemble using RSVHub forecast submissions
New Jersey,NJ,2,wk inc rsv hosp,hosp,2026-05-16,2026-05-30,RSVHub-ensemble,7,11,18,23,29,35,56.5,7,10,20,20,30,40,60,0.07540281530414318,0.11849013833508215,0.19389295363922532,0.24775210742789902,0.31238309197430747,0.3770140765207159,0.6086084378120128,0.08,0.12,0.19,0.25,0.31,0.38,0.61,FALSE,TRUE,RSVHub,2026-05-13,Ensemble using RSVHub forecast submissions
New Jersey,NJ,0,wk inc rsv prop ed visits,prop_ed,2026-05-16,2026-05-16,RSVHub-ensemble,2.895964369504026e-4,3.7233482631019853e-4,4.7063540863435e-4,6.005504271983701e-4,7.495153017280033e-4,9.057810718429971e-4,0.001108163962718859,2.9e-4,3.7e-4,4.7e-4,6e-4,7.5e-4,9.1e-4,0.0011,NA,NA,NA,NA,NA,NA,NA,NA,NA,NA,NA,NA,NA,NA,FALSE,TRUE,RSVHub,2026-05-13,Ensemble using RSVHub forecast submissions
New Jersey,NJ,1,wk inc rsv prop ed visits,prop_ed,2026-05-16,2026-05-23,RSVHub-ensemble,1.8526724064656114e-4,2.678817219957325e-4,3.62943916993149e-4,4.948713234078311e-4,6.50707043696416e-4,8.299373610769541e-4,0.0010776351257343667,1.9e-4,2.7e-4,3.6e-4,4.9e-4,6.5e-4,8.3e-4,0.0011,NA,NA,NA,NA,NA,NA,NA,NA,NA,NA,NA,NA,NA,NA,FALSE,TRUE,RSVHub,2026-05-13,Ensemble using RSVHub forecast submissions
New Mexico,NM,0,wk inc rsv hosp,hosp,2026-05-16,2026-05-16,CEPH-Rtrend_rsv,1,2,4,5,8,10,13,1,2,4,5,8,10,10,0.04759733416850789,0.09519466833701579,0.19038933667403157,0.23798667084253947,0.38077867334806315,0.47597334168507893,0.6187653441906026,0.05,0.1,0.19,0.24,0.38,0.48,0.62,TRUE,FALSE,CEPH Lab at Indiana University,2026-05-13,Rtrend RSV
New Mexico,NM,1,wk inc rsv hosp,hosp,2026-05-16,2026-05-23,CEPH-Rtrend_rsv,1,1,2,3,6,8,12,1,1,2,3,6,8,10,0.04759733416850789,0.04759733416850789,0.09519466833701579,0.14279200250552368,0.28558400501104736,0.38077867334806315,0.5711680100220947,0.05,0.05,0.1,0.14,0.29,0.38,0.57,TRUE,FALSE,CEPH Lab at Indiana University,2026-05-13,Rtrend RSV
New Mexico,NM,2,wk inc rsv hosp,hosp,2026-05-16,2026-05-30,CEPH-Rtrend_rsv,0,1,1,2,4,7,10,0,1,1,2,4,7,10,0,0.04759733416850789,0.04759733416850789,0.09519466833701579,0.19038933667403157,0.3331813391795552,0.47597334168507893,0,0.05,0.05,0.1,0.19,0.33,0.48,TRUE,FALSE,CEPH Lab at Indiana University,2026-05-13,Rtrend RSV
New Mexico,NM,0,wk inc rsv prop ed visits,prop_ed,2026-05-16,2026-05-16,CFA_Pyrenew-Pyrenew_E_RSV,3.041445781576381e-4,4.3443817671904667e-4,5.785323005594965e-4,7.727502743050524e-4,9.96723211842878e-4,0.0012446265940416308,0.0015353846135946403,3e-4,4.3e-4,5.8e-4,7.7e-4,0.001,0.0012,0.0015,NA,NA,NA,NA,NA,NA,NA,NA,NA,NA,NA,NA,NA,NA,TRUE,FALSE,Center for Forecasting and Outbreak Analytics (CFA/CDC) Pyrenew team,2026-05-13,Pyrenew_ED_Visits_RSV
New Mexico,NM,1,wk inc rsv prop ed visits,prop_ed,2026-05-16,2026-05-23,CFA_Pyrenew-Pyrenew_E_RSV,1.227965767082152e-4,2.4308067563108017e-4,3.689699471029715e-4,5.308888093210817e-4,7.45636668395327e-4,0.0010003029900517025,0.0013084207362752908,1.2e-4,2.4e-4,3.7e-4,5.3e-4,7.5e-4,0.001,0.0013,NA,NA,NA,NA,NA,NA,NA,NA,NA,NA,NA,NA,NA,NA,TRUE,FALSE,Center for Forecasting and Outbreak Analytics (CFA/CDC) Pyrenew team,2026-05-13,Pyrenew_ED_Visits_RSV
New Mexico,NM,0,wk inc rsv prop ed visits,prop_ed,2026-05-16,2026-05-16,CFA_Pyrenew-Pyrenew_HE_RSV,2.4688004321100167e-4,3.725779251297145e-4,4.973186159553417e-4,6.487360247370902e-4,8.467510979425836e-4,0.0010473262626250878,0.0013078687450635306,2.5e-4,3.7e-4,5e-4,6.5e-4,8.5e-4,0.001,0.0013,NA,NA,NA,NA,NA,NA,NA,NA,NA,NA,NA,NA,NA,NA,FALSE,FALSE,Center for Forecasting and Outbreak Analytics (CFA/CDC) Pyrenew team,2026-05-13,Pyrenew_Hospital_Admissions_ED_Visits_RSV
New Mexico,NM,1,wk inc rsv prop ed visits,prop_ed,2026-05-16,2026-05-23,CFA_Pyrenew-Pyrenew_HE_RSV,1.1811282280076053e-4,1.85367441925197e-4,2.995211684503976e-4,4.347599229161801e-4,6.252745847534823e-4,8.098191378365526e-4,0.0010999769958310627,1.2e-4,1.9e-4,3e-4,4.3e-4,6.3e-4,8.1e-4,0.0011,NA,NA,NA,NA,NA,NA,NA,NA,NA,NA,NA,NA,NA,NA,FALSE,FALSE,Center for Forecasting and Outbreak Analytics (CFA/CDC) Pyrenew team,2026-05-13,Pyrenew_Hospital_Admissions_ED_Visits_RSV
New Mexico,NM,0,wk inc rsv hosp,hosp,2026-05-16,2026-05-16,CFA_Pyrenew-Pyrenew_HE_RSV,3,4,6,8,10,13,16,3,4,6,8,10,10,20,0.14279200250552368,0.19038933667403157,0.28558400501104736,0.38077867334806315,0.47597334168507893,0.6187653441906026,0.7615573466961263,0.14,0.19,0.29,0.38,0.48,0.62,0.76,TRUE,FALSE,Center for Forecasting and Outbreak Analytics (CFA/CDC) Pyrenew team,2026-05-13,Pyrenew_Hospital_Admissions_ED_Visits_RSV
New Mexico,NM,1,wk inc rsv hosp,hosp,2026-05-16,2026-05-23,CFA_Pyrenew-Pyrenew_HE_RSV,1,3,4,6,7,9,13,1,3,4,6,7,9,10,0.04759733416850789,0.14279200250552368,0.19038933667403157,0.28558400501104736,0.3331813391795552,0.42837600751657096,0.6187653441906026,0.05,0.14,0.19,0.29,0.33,0.43,0.62,TRUE,FALSE,Center for Forecasting and Outbreak Analytics (CFA/CDC) Pyrenew team,2026-05-13,Pyrenew_Hospital_Admissions_ED_Visits_RSV
New Mexico,NM,0,wk inc rsv hosp,hosp,2026-05-16,2026-05-16,CFA_Pyrenew-Pyrenew_H_RSV,1,2,3,5,7,9,12,1,2,3,5,7,9,10,0.04759733416850789,0.09519466833701579,0.14279200250552368,0.23798667084253947,0.3331813391795552,0.42837600751657096,0.5711680100220947,0.05,0.1,0.14,0.24,0.33,0.43,0.57,FALSE,FALSE,Center for Forecasting and Outbreak Analytics (CFA/CDC) Pyrenew team,2026-05-13,Pyrenew_Hospital_Admissions_RSV
New Mexico,NM,1,wk inc rsv hosp,hosp,2026-05-16,2026-05-23,CFA_Pyrenew-Pyrenew_H_RSV,0,1,2,3,5,7,10,0,1,2,3,5,7,10,0,0.04759733416850789,0.09519466833701579,0.14279200250552368,0.23798667084253947,0.3331813391795552,0.47597334168507893,0,0.05,0.1,0.14,0.24,0.33,0.48,FALSE,FALSE,Center for Forecasting and Outbreak Analytics (CFA/CDC) Pyrenew team,2026-05-13,Pyrenew_Hospital_Admissions_RSV
New Mexico,NM,0,wk inc rsv hosp,hosp,2026-05-16,2026-05-16,Google_SAI-RSVEns,0.5,1,1.5,3.5,6,10.5,21,1,1,2,4,6,10,20,0.023798667084253947,0.04759733416850789,0.07139600125276184,0.1665906695897776,0.28558400501104736,0.49977200876933286,0.9995440175386657,0.02,0.05,0.07,0.17,0.29,0.5,1,TRUE,FALSE,Google Science AI,2026-05-13,RSVEnsemble
New Mexico,NM,1,wk inc rsv hosp,hosp,2026-05-16,2026-05-23,Google_SAI-RSVEns,0,0.5,1.5,3,5,9,22.5,0,1,2,3,5,9,20,0,0.023798667084253947,0.07139600125276184,0.14279200250552368,0.23798667084253947,0.42837600751657096,1.0709400187914275,0,0.02,0.07,0.14,0.24,0.43,1.07,TRUE,FALSE,Google Science AI,2026-05-13,RSVEnsemble
New Mexico,NM,2,wk inc rsv hosp,hosp,2026-05-16,2026-05-30,Google_SAI-RSVEns,0,1,1.5,2.5,5,8.5,21,0,1,2,3,5,9,20,0,0.04759733416850789,0.07139600125276184,0.11899333542126973,0.23798667084253947,0.4045773404323171,0.9995440175386657,0,0.05,0.07,0.12,0.24,0.4,1,TRUE,FALSE,Google Science AI,2026-05-13,RSVEnsemble
New Mexico,NM,0,wk inc rsv hosp,hosp,2026-05-16,2026-05-16,RSVHub-baseline,0,0,0,2,4.2500000000000036,16,31.249999999999957,0,0,0,2,4,20,30,0,0,0,0.09519466833701579,0.2022886702161587,0.7615573466961263,1.4874166927658696,0,0,0,0.1,0.2,0.76,1.49,FALSE,FALSE,RSVHub-hub-models,2026-05-13,RSVHub baseline model
New Mexico,NM,1,wk inc rsv hosp,hosp,2026-05-16,2026-05-23,RSVHub-baseline,0,0,0,2,8.999969999699989,26.152229522295166,42.147620726207215,0,0,0,2,9,30,40,0,0,0,0.09519466833701579,0.42837457958226627,1.2447764078242005,2.006114388112814,0,0,0,0.1,0.43,1.24,2.01,FALSE,FALSE,RSVHub-hub-models,2026-05-13,RSVHub baseline model
New Mexico,NM,2,wk inc rsv hosp,hosp,2026-05-16,2026-05-30,RSVHub-baseline,0,0,0,2,13.097895978959787,29.253238532385343,51.53936339363394,0,0,0,2,10,30,50,0,0,0,0.09519466833701579,0.6234249318149048,1.3923761699370165,2.4531363022789576,0,0,0,0.1,0.62,1.39,2.45,FALSE,FALSE,RSVHub-hub-models,2026-05-13,RSVHub baseline model
New Mexico,NM,0,wk inc rsv prop ed visits,prop_ed,2026-05-16,2026-05-16,RSVHub-baseline,0,0,3.0000000000000003e-4,6e-4,8.999999999999999e-4,0.0021500000000000026,0.0049,0,0,3e-4,6e-4,9e-4,0.0022,0.0049,NA,NA,NA,NA,NA,NA,NA,NA,NA,NA,NA,NA,NA,NA,FALSE,FALSE,RSVHub-hub-models,2026-05-13,RSVHub baseline model
New Mexico,NM,1,wk inc rsv prop ed visits,prop_ed,2026-05-16,2026-05-23,RSVHub-baseline,0,0,6.625866258662569e-5,6e-4,0.0015000000000000007,0.003704797047970478,0.00741697656976568,0,0,6.6e-5,6e-4,0.0015,0.0037,0.0074,NA,NA,NA,NA,NA,NA,NA,NA,NA,NA,NA,NA,NA,NA,FALSE,FALSE,RSVHub-hub-models,2026-05-13,RSVHub baseline model
New Mexico,NM,2,wk inc rsv prop ed visits,prop_ed,2026-05-16,2026-05-30,RSVHub-baseline,0,0,0,6e-4,0.0020000000000000005,0.004440907809078092,0.008689468019680152,0,0,0,6e-4,0.002,0.0044,0.0087,NA,NA,NA,NA,NA,NA,NA,NA,NA,NA,NA,NA,NA,NA,FALSE,FALSE,RSVHub-hub-models,2026-05-13,RSVHub baseline model
New Mexico,NM,0,wk inc rsv hosp,hosp,2026-05-16,2026-05-16,UM-DeepOutbreak,0,0,0,4.737347965375006,15.171960965608346,35.9717546476749,37.73303414254164,0,0,0,5,20,40,40,0,0,0,0.2254851341804551,0.722144896071618,1.712159626592959,1.795991835274272,0,0,0,0.23,0.72,1.71,1.8,TRUE,FALSE,"University of Michigan, Computer Science and Engineering",2026-05-13,DeepOutbreak
New Mexico,NM,1,wk inc rsv hosp,hosp,2026-05-16,2026-05-23,UM-DeepOutbreak,0,0,0,3.26807309,19.01747710841581,68.82506579573268,69.13859151650001,0,0,0,3,20,70,70,0,0,0,0.15555156695183817,0.9051812129712166,3.275889655849031,3.290812644350816,0,0,0,0.16,0.91,3.28,3.29,TRUE,FALSE,"University of Michigan, Computer Science and Engineering",2026-05-13,DeepOutbreak
New Mexico,NM,2,wk inc rsv hosp,hosp,2026-05-16,2026-05-30,UM-DeepOutbreak,0,0,0,3.148391169999997,30.3377253686842,53.410405844298246,60.849291175,0,0,0,3,30,50,60,0,0,0,0.14985502661166938,1.4439948522856811,2.5421929350466903,2.896264045973313,0,0,0,0.15,1.44,2.54,2.9,TRUE,FALSE,"University of Michigan, Computer Science and Engineering",2026-05-13,DeepOutbreak
New Mexico,NM,0,wk inc rsv hosp,hosp,2026-05-16,2026-05-16,UGA_flucast-INFLAenza,2,4,5,8,12,17,24,2,4,5,8,10,20,20,0.09519466833701579,0.19038933667403157,0.23798667084253947,0.38077867334806315,0.5711680100220947,0.8091546808646342,1.1423360200441894,0.1,0.19,0.24,0.38,0.57,0.81,1.14,TRUE,FALSE,UGA_flucast,2026-05-13,INFLAenza
New Mexico,NM,1,wk inc rsv hosp,hosp,2026-05-16,2026-05-23,UGA_flucast-INFLAenza,1,2,4,6,10,14,21,1,2,4,6,10,10,20,0.04759733416850789,0.09519466833701579,0.19038933667403157,0.28558400501104736,0.47597334168507893,0.6663626783591104,0.9995440175386657,0.05,0.1,0.19,0.29,0.48,0.67,1,TRUE,FALSE,UGA_flucast,2026-05-13,INFLAenza
New Mexico,NM,2,wk inc rsv hosp,hosp,2026-05-16,2026-05-30,UGA_flucast-INFLAenza,0,1,2,5,8,11,17,0,1,2,5,8,10,20,0,0.04759733416850789,0.09519466833701579,0.23798667084253947,0.38077867334806315,0.5235706758535867,0.8091546808646342,0,0.05,0.1,0.24,0.38,0.52,0.81,TRUE,FALSE,UGA_flucast,2026-05-13,INFLAenza
New Mexico,NM,0,wk inc rsv prop ed visits,prop_ed,2026-05-16,2026-05-16,UGA_flucast-INFLAenza,3.241117442081046e-4,4.4902871878493074e-4,6.018403741810965e-4,8.122005843452312e-4,0.0010547358730372386,0.001287444982287228,0.0016120510134830979,3.2e-4,4.5e-4,6e-4,8.1e-4,0.0011,0.0013,0.0016,NA,NA,NA,NA,NA,NA,NA,NA,NA,NA,NA,NA,NA,NA,TRUE,FALSE,UGA_flucast,2026-05-13,INFLAenza
New Mexico,NM,1,wk inc rsv prop ed visits,prop_ed,2026-05-16,2026-05-23,UGA_flucast-INFLAenza,2.2378551380512036e-4,3.5665396196938253e-4,4.941466758054517e-4,6.910131474864121e-4,9.519208220839253e-4,0.0012428981625547723,0.0015883160186274774,2.2e-4,3.6e-4,4.9e-4,6.9e-4,9.5e-4,0.0012,0.0016,NA,NA,NA,NA,NA,NA,NA,NA,NA,NA,NA,NA,NA,NA,TRUE,FALSE,UGA_flucast,2026-05-13,INFLAenza
New Mexico,NM,2,wk inc rsv prop ed visits,prop_ed,2026-05-16,2026-05-30,UGA_flucast-INFLAenza,1.6652017690937197e-4,2.7270179682823775e-4,4.065152047207102e-4,6.165746703432984e-4,8.556764480904847e-4,0.0011138589897177627,0.0015191119574596307,1.7e-4,2.7e-4,4.1e-4,6.2e-4,8.6e-4,0.0011,0.0015,NA,NA,NA,NA,NA,NA,NA,NA,NA,NA,NA,NA,NA,NA,TRUE,FALSE,UGA_flucast,2026-05-13,INFLAenza
New Mexico,NM,0,wk inc rsv hosp,hosp,2026-05-16,2026-05-16,RSVHub-ensemble,1,2,4,5,10,13,21,1,2,4,5,10,10,20,0.04759733416850789,0.09519466833701579,0.19038933667403157,0.23798667084253947,0.47597334168507893,0.6187653441906026,0.9995440175386657,0.05,0.1,0.19,0.24,0.48,0.62,1,FALSE,TRUE,RSVHub,2026-05-13,Ensemble using RSVHub forecast submissions
New Mexico,NM,1,wk inc rsv hosp,hosp,2026-05-16,2026-05-23,RSVHub-ensemble,1,1,2,3.26807309,7,9,21,1,1,2,3,7,9,20,0.04759733416850789,0.04759733416850789,0.09519466833701579,0.15555156695183817,0.3331813391795552,0.42837600751657096,0.9995440175386657,0.05,0.05,0.1,0.16,0.33,0.43,1,FALSE,TRUE,RSVHub,2026-05-13,Ensemble using RSVHub forecast submissions
New Mexico,NM,2,wk inc rsv hosp,hosp,2026-05-16,2026-05-30,RSVHub-ensemble,0,1,1.25,2.8241955849999982,6.5,9.75,19,0,1,1,3,7,10,20,0,0.04759733416850789,0.059496667710634867,0.13442418101646955,0.3093826720953013,0.4640740081429519,0.9043493492016499,0,0.05,0.06,0.13,0.31,0.46,0.9,FALSE,TRUE,RSVHub,2026-05-13,Ensemble using RSVHub forecast submissions
New Mexico,NM,0,wk inc rsv prop ed visits,prop_ed,2026-05-16,2026-05-16,RSVHub-ensemble,3.1412816118287136e-4,4.4173344775198873e-4,5.901863373702966e-4,7.924754293251418e-4,0.0010257295424400583,0.0012660357881644293,0.0015737178135388692,3.1e-4,4.4e-4,5.9e-4,7.9e-4,0.001,0.0013,0.0016,NA,NA,NA,NA,NA,NA,NA,NA,NA,NA,NA,NA,NA,NA,FALSE,TRUE,RSVHub,2026-05-13,Ensemble using RSVHub forecast submissions
New Mexico,NM,1,wk inc rsv prop ed visits,prop_ed,2026-05-16,2026-05-23,RSVHub-ensemble,1.7329104525666778e-4,2.998673188002313e-4,4.315583114542116e-4,6.109509784037469e-4,8.487787452396262e-4,0.0011216005763032373,0.0014483683774513842,1.7e-4,3e-4,4.3e-4,6.1e-4,8.5e-4,0.0011,0.0014,NA,NA,NA,NA,NA,NA,NA,NA,NA,NA,NA,NA,NA,NA,FALSE,TRUE,RSVHub,2026-05-13,Ensemble using RSVHub forecast submissions
New York,NY,0,wk inc rsv hosp,hosp,2026-05-16,2026-05-16,CEPH-Rtrend_rsv,21,32,48,67,94,118,148,20,30,50,70,90,120,150,0.10740635342336782,0.16366682426417953,0.2455002363962693,0.3426774133031259,0.4807712962760274,0.6035214144741621,0.7569590622218304,0.11,0.16,0.25,0.34,0.48,0.6,0.76,TRUE,FALSE,CEPH Lab at Indiana University,2026-05-13,Rtrend RSV
New York,NY,1,wk inc rsv hosp,hosp,2026-05-16,2026-05-23,CEPH-Rtrend_rsv,11,19,30,46,67,91,121,10,20,30,50,70,90,120,0.05626047084081171,0.0971771769068566,0.1534376477476683,0.23527105987975808,0.3426774133031259,0.46542753150126054,0.6188651792489289,0.06,0.1,0.15,0.24,0.34,0.47,0.62,TRUE,FALSE,CEPH Lab at Indiana University,2026-05-13,Rtrend RSV
New York,NY,2,wk inc rsv hosp,hosp,2026-05-16,2026-05-30,CEPH-Rtrend_rsv,3,8,16,30,48,70,94,3,8,20,30,50,70,90,0.015343764774766832,0.04091670606604488,0.08183341213208976,0.1534376477476683,0.2455002363962693,0.35802117807789274,0.4807712962760274,0.02,0.04,0.08,0.15,0.25,0.36,0.48,TRUE,FALSE,CEPH Lab at Indiana University,2026-05-13,Rtrend RSV
New York,NY,0,wk inc rsv prop ed visits,prop_ed,2026-05-16,2026-05-16,CFA_Pyrenew-Pyrenew_E_RSV,2.582213848620636e-4,3.000138011706879e-4,3.4012526579711217e-4,3.896756809539056e-4,4.4364233193049373e-4,4.985654116055617e-4,5.673173945280225e-4,2.6e-4,3e-4,3.4e-4,3.9e-4,4.4e-4,5e-4,5.7e-4,NA,NA,NA,NA,NA,NA,NA,NA,NA,NA,NA,NA,NA,NA,TRUE,FALSE,Center for Forecasting and Outbreak Analytics (CFA/CDC) Pyrenew team,2026-05-13,Pyrenew_ED_Visits_RSV
New York,NY,1,wk inc rsv prop ed visits,prop_ed,2026-05-16,2026-05-23,CFA_Pyrenew-Pyrenew_E_RSV,1.4604580720242548e-4,1.8536515310640077e-4,2.2509302360375827e-4,2.7497041376559343e-4,3.370439110585141e-4,3.995832944474597e-4,4.898039688701701e-4,1.5e-4,1.9e-4,2.3e-4,2.7e-4,3.4e-4,4e-4,4.9e-4,NA,NA,NA,NA,NA,NA,NA,NA,NA,NA,NA,NA,NA,NA,TRUE,FALSE,Center for Forecasting and Outbreak Analytics (CFA/CDC) Pyrenew team,2026-05-13,Pyrenew_ED_Visits_RSV
New York,NY,0,wk inc rsv prop ed visits,prop_ed,2026-05-16,2026-05-16,CFA_Pyrenew-Pyrenew_HE_RSV,2.3115579070616025e-4,2.7777895998146385e-4,3.1322246497787374e-4,3.5728603750837527e-4,4.1130195246254366e-4,4.555036652645998e-4,5.2006412982088e-4,2.3e-4,2.8e-4,3.1e-4,3.6e-4,4.1e-4,4.6e-4,5.2e-4,NA,NA,NA,NA,NA,NA,NA,NA,NA,NA,NA,NA,NA,NA,FALSE,FALSE,Center for Forecasting and Outbreak Analytics (CFA/CDC) Pyrenew team,2026-05-13,Pyrenew_Hospital_Admissions_ED_Visits_RSV
New York,NY,1,wk inc rsv prop ed visits,prop_ed,2026-05-16,2026-05-23,CFA_Pyrenew-Pyrenew_HE_RSV,1.31091738792463e-4,1.6616911693069955e-4,2.010346311274309e-4,2.465863501404638e-4,3.0271120421422365e-4,3.570477276494285e-4,4.253737078400051e-4,1.3e-4,1.7e-4,2e-4,2.5e-4,3e-4,3.6e-4,4.3e-4,NA,NA,NA,NA,NA,NA,NA,NA,NA,NA,NA,NA,NA,NA,FALSE,FALSE,Center for Forecasting and Outbreak Analytics (CFA/CDC) Pyrenew team,2026-05-13,Pyrenew_Hospital_Admissions_ED_Visits_RSV
New York,NY,0,wk inc rsv hosp,hosp,2026-05-16,2026-05-16,CFA_Pyrenew-Pyrenew_HE_RSV,53,63,71,80,91,102,116,50,60,70,80,90,100,120,0.27107317768754735,0.32221906027010344,0.36313576633614836,0.40916706066044883,0.46542753150126054,0.5216880023420722,0.5932922379576508,0.27,0.32,0.36,0.41,0.47,0.52,0.59,TRUE,FALSE,Center for Forecasting and Outbreak Analytics (CFA/CDC) Pyrenew team,2026-05-13,Pyrenew_Hospital_Admissions_ED_Visits_RSV
New York,NY,1,wk inc rsv hosp,hosp,2026-05-16,2026-05-23,CFA_Pyrenew-Pyrenew_HE_RSV,36,42.900000000000006,49,57,66.25,76,90.02499999999986,40,40,50,60,70,80,90,0.18412517729720196,0.2194158362791657,0.2506148246545249,0.29153153072056975,0.33884147210943416,0.3887087076274264,0.4604408079494606,0.18,0.22,0.25,0.29,0.34,0.39,0.46,TRUE,FALSE,Center for Forecasting and Outbreak Analytics (CFA/CDC) Pyrenew team,2026-05-13,Pyrenew_Hospital_Admissions_ED_Visits_RSV
New York,NY,0,wk inc rsv hosp,hosp,2026-05-16,2026-05-16,CFA_Pyrenew-Pyrenew_H_RSV,35,43,50,60,69,78,89.02499999999986,40,40,50,60,70,80,90,0.17901058903894637,0.21992729510499123,0.2557294129127805,0.3068752954953366,0.35290658981963713,0.39893788414393766,0.455326219691205,0.18,0.22,0.26,0.31,0.35,0.4,0.46,FALSE,FALSE,Center for Forecasting and Outbreak Analytics (CFA/CDC) Pyrenew team,2026-05-13,Pyrenew_Hospital_Admissions_RSV
New York,NY,1,wk inc rsv hosp,hosp,2026-05-16,2026-05-23,CFA_Pyrenew-Pyrenew_H_RSV,19,25,32,41,52,64,79,20,30,30,40,50,60,80,0.0971771769068566,0.12786470645639025,0.16366682426417953,0.20969811858848003,0.26595858942929174,0.32733364852835906,0.4040524724021932,0.1,0.13,0.16,0.21,0.27,0.33,0.4,FALSE,FALSE,Center for Forecasting and Outbreak Analytics (CFA/CDC) Pyrenew team,2026-05-13,Pyrenew_Hospital_Admissions_RSV
New York,NY,0,wk inc rsv hosp,hosp,2026-05-16,2026-05-16,Google_SAI-RSVEns,43.5,52,60,74,87.5,117.5,169,40,50,60,70,90,120,170,0.22248458923411907,0.26595858942929174,0.3068752954953366,0.3784795311109152,0.44752647259736594,0.6009641203450342,0.8643654156451982,0.22,0.27,0.31,0.38,0.45,0.6,0.86,TRUE,FALSE,Google Science AI,2026-05-13,RSVEnsemble
New York,NY,1,wk inc rsv hosp,hosp,2026-05-16,2026-05-23,Google_SAI-RSVEns,31.5,42.5,50,58.5,73,97,138,30,40,50,60,70,100,140,0.16110953013505172,0.21737000097586345,0.2557294129127805,0.2992034131079532,0.37336494285265953,0.4961150610507942,0.7058131796392743,0.16,0.22,0.26,0.3,0.37,0.5,0.71,TRUE,FALSE,Google Science AI,2026-05-13,RSVEnsemble
New York,NY,2,wk inc rsv hosp,hosp,2026-05-16,2026-05-30,Google_SAI-RSVEns,29.5,38,44,51,62.5,79.5,114.5,30,40,40,50,60,80,110,0.15088035361854052,0.1943543538137132,0.22504188336324685,0.2608440011710361,0.31966176614097563,0.406609766531321,0.5856203555702674,0.15,0.19,0.23,0.26,0.32,0.41,0.59,TRUE,FALSE,Google Science AI,2026-05-13,RSVEnsemble
New York,NY,0,wk inc rsv hosp,hosp,2026-05-16,2026-05-16,RSVHub-baseline,0,0,50.75,84,117.25,170,247.37499999999974,0,0,50,80,120,170,250,0,0,0.2595653541064722,0.4296254136934713,0.5996854732804703,0.8694800039034538,1.2652212703859804,0,0,0.26,0.43,0.6,0.87,1.27,FALSE,FALSE,RSVHub-hub-models,2026-05-13,RSVHub baseline model
New York,NY,1,wk inc rsv hosp,hosp,2026-05-16,2026-05-23,RSVHub-baseline,0,0,27.604911049110473,84,144.95469954699547,211.9200272002721,298.9728352283524,0,0,30,80,140,210,300,0,0,0.141187753921971,0.4296254136934713,0.7413836042820329,1.0838836828077212,1.5291229525963204,0,0,0.14,0.43,0.74,1.08,1.53,FALSE,FALSE,RSVHub-hub-models,2026-05-13,RSVHub baseline model
New York,NY,2,wk inc rsv hosp,hosp,2026-05-16,2026-05-30,RSVHub-baseline,0,0,9.819228192281933,84,161.49799747997483,242.01636416364175,345.4993584935851,0,0,10,80,160,240,350,0,0,0.05022130921737764,0.4296254136934713,0.8259957616428734,1.237814054457076,1.767086962186136,0,0,0.05,0.43,0.83,1.24,1.77,FALSE,FALSE,RSVHub-hub-models,2026-05-13,RSVHub baseline model
New York,NY,0,wk inc rsv prop ed visits,prop_ed,2026-05-16,2026-05-16,RSVHub-baseline,0,0,3.749999999999999e-4,5e-4,6.25e-4,0.0010999999999999998,0.0021249999999999906,0,0,3.8e-4,5e-4,6.3e-4,0.0011,0.0021,NA,NA,NA,NA,NA,NA,NA,NA,NA,NA,NA,NA,NA,NA,FALSE,FALSE,RSVHub-hub-models,2026-05-13,RSVHub baseline model
New York,NY,1,wk inc rsv prop ed visits,prop_ed,2026-05-16,2026-05-23,RSVHub-baseline,0,0,1.7790477904778917e-4,5e-4,9e-4,0.0015000000000000007,0.0026,0,0,1.8e-4,5e-4,9e-4,0.0015,0.0026,NA,NA,NA,NA,NA,NA,NA,NA,NA,NA,NA,NA,NA,NA,FALSE,FALSE,RSVHub-hub-models,2026-05-13,RSVHub baseline model
New York,NY,2,wk inc rsv prop ed visits,prop_ed,2026-05-16,2026-05-30,RSVHub-baseline,0,0,1.6263032587282567e-19,5e-4,0.0010999999999999994,0.0018000000000000006,0.002992758302583025,0,0,1.6e-19,5e-4,0.0011,0.0018,0.003,NA,NA,NA,NA,NA,NA,NA,NA,NA,NA,NA,NA,NA,NA,FALSE,FALSE,RSVHub-hub-models,2026-05-13,RSVHub baseline model
New York,NY,0,wk inc rsv hosp,hosp,2026-05-16,2026-05-16,UM-DeepOutbreak,0,0,0,71.441681275,143.4881568330698,226.21020661510664,241.23635154166664,0,0,0,70,140,230,240,0,0,0,0.36539478419915467,0.7338828421371584,1.1569720666512,1.2338246110594309,0,0,0,0.37,0.73,1.16,1.23,TRUE,FALSE,"University of Michigan, Computer Science and Engineering",2026-05-13,DeepOutbreak
New York,NY,1,wk inc rsv hosp,hosp,2026-05-16,2026-05-23,UM-DeepOutbreak,0,0,0,41.940944999999935,198.98616638171427,267.2438231938985,282.6236665833334,0,0,0,40,200,270,280,0,0,0,0.214510664837144,1.0177323101312132,1.3668421201988514,1.4455036866122655,0,0,0,0.21,1.02,1.37,1.45,TRUE,FALSE,"University of Michigan, Computer Science and Engineering",2026-05-13,DeepOutbreak
New York,NY,2,wk inc rsv hosp,hosp,2026-05-16,2026-05-30,UM-DeepOutbreak,0,0,0,30.51791551250006,204.70200727067535,404.698442206535,437.1524715625,0,0,0,30,200,400,440,0,0,0,0.15608657234666956,1.0469664828279508,2.0698659006438804,2.2358548981209823,0,0,0,0.16,1.05,2.07,2.24,TRUE,FALSE,"University of Michigan, Computer Science and Engineering",2026-05-13,DeepOutbreak
New York,NY,0,wk inc rsv hosp,hosp,2026-05-16,2026-05-16,UGA_flucast-INFLAenza,24,35,47,64,86,113,157,20,40,50,60,90,110,160,0.12275011819813465,0.17901058903894637,0.2403856481380137,0.32733364852835906,0.43985459020998247,0.577948473182884,0.8029903565461308,0.12,0.18,0.24,0.33,0.44,0.58,0.8,TRUE,FALSE,UGA_flucast,2026-05-13,INFLAenza
New York,NY,1,wk inc rsv hosp,hosp,2026-05-16,2026-05-23,UGA_flucast-INFLAenza,15,23,33,49,71,96,138,20,20,30,50,70,100,140,0.07671882387383415,0.11763552993987904,0.16878141252243514,0.2506148246545249,0.36313576633614836,0.4910004727925386,0.7058131796392743,0.08,0.12,0.17,0.25,0.36,0.49,0.71,TRUE,FALSE,UGA_flucast,2026-05-13,INFLAenza
New York,NY,2,wk inc rsv hosp,hosp,2026-05-16,2026-05-30,UGA_flucast-INFLAenza,10,16,24,38,56,80,120,10,20,20,40,60,80,120,0.051145882582556104,0.08183341213208976,0.12275011819813465,0.1943543538137132,0.2864169424623142,0.40916706066044883,0.6137505909906732,0.05,0.08,0.12,0.19,0.29,0.41,0.61,TRUE,FALSE,UGA_flucast,2026-05-13,INFLAenza
New York,NY,0,wk inc rsv prop ed visits,prop_ed,2026-05-16,2026-05-16,UGA_flucast-INFLAenza,1.6788507564630698e-4,2.652580297988488e-4,3.6926633316369063e-4,5.198646450119525e-4,7.089302960019629e-4,9.145087911175266e-4,0.0011790640011910445,1.7e-4,2.7e-4,3.7e-4,5.2e-4,7.1e-4,9.1e-4,0.0012,NA,NA,NA,NA,NA,NA,NA,NA,NA,NA,NA,NA,NA,NA,TRUE,FALSE,UGA_flucast,2026-05-13,INFLAenza
New York,NY,1,wk inc rsv prop ed visits,prop_ed,2026-05-16,2026-05-23,UGA_flucast-INFLAenza,1.094063927950631e-4,2.006878234575649e-4,3.062119239132777e-4,4.497431903102171e-4,6.300311228134705e-4,8.283700474065965e-4,0.0011414246831001756,1.1e-4,2e-4,3.1e-4,4.5e-4,6.3e-4,8.3e-4,0.0011,NA,NA,NA,NA,NA,NA,NA,NA,NA,NA,NA,NA,NA,NA,TRUE,FALSE,UGA_flucast,2026-05-13,INFLAenza
New York,NY,2,wk inc rsv prop ed visits,prop_ed,2026-05-16,2026-05-30,UGA_flucast-INFLAenza,8.774846035152062e-5,1.576103912330805e-4,2.5271505782514347e-4,3.9886289432676324e-4,5.80771928136582e-4,8.030935832329093e-4,0.0011141599116520713,8.8e-5,1.6e-4,2.5e-4,4e-4,5.8e-4,8e-4,0.0011,NA,NA,NA,NA,NA,NA,NA,NA,NA,NA,NA,NA,NA,NA,TRUE,FALSE,UGA_flucast,2026-05-13,INFLAenza
New York,NY,0,wk inc rsv hosp,hosp,2026-05-16,2026-05-16,RSVHub-ensemble,24,35,48,71.441681275,91,117.5,157,20,40,50,70,90,120,160,0.12275011819813465,0.17901058903894637,0.2455002363962693,0.36539478419915467,0.46542753150126054,0.6009641203450342,0.8029903565461308,0.12,0.18,0.25,0.37,0.47,0.6,0.8,FALSE,TRUE,RSVHub,2026-05-13,Ensemble using RSVHub forecast submissions
New York,NY,1,wk inc rsv hosp,hosp,2026-05-16,2026-05-23,RSVHub-ensemble,15,23,33,49,71,96,138,20,20,30,50,70,100,140,0.07671882387383415,0.11763552993987904,0.16878141252243514,0.2506148246545249,0.36313576633614836,0.4910004727925386,0.7058131796392743,0.08,0.12,0.17,0.25,0.36,0.49,0.71,FALSE,TRUE,RSVHub,2026-05-13,Ensemble using RSVHub forecast submissions
New York,NY,2,wk inc rsv hosp,hosp,2026-05-16,2026-05-30,RSVHub-ensemble,6.5,12,20,34.25895775625003,59.25,79.75,117.25,7,10,20,30,60,80,120,0.03324482367866147,0.061375059099067326,0.10229176516511221,0.17522046308019137,0.3030393543016449,0.40788841359588496,0.5996854732804703,0.03,0.06,0.1,0.18,0.3,0.41,0.6,FALSE,TRUE,RSVHub,2026-05-13,Ensemble using RSVHub forecast submissions
New York,NY,0,wk inc rsv prop ed visits,prop_ed,2026-05-16,2026-05-16,RSVHub-ensemble,2.130532302541853e-4,2.8263591548476834e-4,3.546957994804014e-4,4.5477016298292903e-4,5.762863139662283e-4,7.065371013615441e-4,8.731906978595334e-4,2.1e-4,2.8e-4,3.5e-4,4.5e-4,5.8e-4,7.1e-4,8.7e-4,NA,NA,NA,NA,NA,NA,NA,NA,NA,NA,NA,NA,NA,NA,FALSE,TRUE,RSVHub,2026-05-13,Ensemble using RSVHub forecast submissions
New York,NY,1,wk inc rsv prop ed visits,prop_ed,2026-05-16,2026-05-23,RSVHub-ensemble,1.277260999987443e-4,1.9302648828198283e-4,2.65652473758518e-4,3.6235680203790526e-4,4.835375169359923e-4,6.139766709270281e-4,8.156143259851729e-4,1.3e-4,1.9e-4,2.7e-4,3.6e-4,4.8e-4,6.1e-4,8.2e-4,NA,NA,NA,NA,NA,NA,NA,NA,NA,NA,NA,NA,NA,NA,FALSE,TRUE,RSVHub,2026-05-13,Ensemble using RSVHub forecast submissions
North Carolina,NC,0,wk inc rsv hosp,hosp,2026-05-16,2026-05-16,CEPH-Rtrend_rsv,25,36,49,70,97,126,158,30,40,50,70,100,130,160,0.23286573892956278,0.3353266640585704,0.45641684830194307,0.6520240690027758,0.9035190670467036,1.1736433242049964,1.4717114700348368,0.23,0.34,0.46,0.65,0.9,1.17,1.47,TRUE,FALSE,CEPH Lab at Indiana University,2026-05-13,Rtrend RSV
North Carolina,NC,1,wk inc rsv hosp,hosp,2026-05-16,2026-05-23,CEPH-Rtrend_rsv,15,25,40,61,87,120,154,20,30,40,60,90,120,150,0.13971944335773767,0.23286573892956278,0.3725851822873004,0.5681924029881331,0.8103727714748785,1.1177555468619014,1.4344529518061067,0.14,0.23,0.37,0.57,0.81,1.12,1.43,TRUE,FALSE,CEPH Lab at Indiana University,2026-05-13,Rtrend RSV
North Carolina,NC,2,wk inc rsv hosp,hosp,2026-05-16,2026-05-30,CEPH-Rtrend_rsv,8,17,29,48,72,97,124,8,20,30,50,70,100,120,0.07451703645746008,0.15834870247210267,0.2701242571582928,0.4471022187447605,0.6706533281171408,0.9035190670467036,1.1550140650906313,0.07,0.16,0.27,0.45,0.67,0.9,1.16,TRUE,FALSE,CEPH Lab at Indiana University,2026-05-13,Rtrend RSV
North Carolina,NC,0,wk inc rsv prop ed visits,prop_ed,2026-05-16,2026-05-16,CFA_Pyrenew-Pyrenew_E_RSV,6.397821368622176e-4,7.477683348197305e-4,8.487439462544121e-4,9.663290235827904e-4,0.001098837630013463,0.0012299416272560676,0.001403403242513014,6.4e-4,7.5e-4,8.5e-4,9.7e-4,0.0011,0.0012,0.0014,NA,NA,NA,NA,NA,NA,NA,NA,NA,NA,NA,NA,NA,NA,TRUE,FALSE,Center for Forecasting and Outbreak Analytics (CFA/CDC) Pyrenew team,2026-05-13,Pyrenew_ED_Visits_RSV
North Carolina,NC,1,wk inc rsv prop ed visits,prop_ed,2026-05-16,2026-05-23,CFA_Pyrenew-Pyrenew_E_RSV,4.218841523236315e-4,5.153339070916539e-4,6.44116512788733e-4,8.086048305232867e-4,0.0010085913470369973,0.0012285607584904172,0.0015528663901085663,4.2e-4,5.2e-4,6.4e-4,8.1e-4,0.001,0.0012,0.0016,NA,NA,NA,NA,NA,NA,NA,NA,NA,NA,NA,NA,NA,NA,TRUE,FALSE,Center for Forecasting and Outbreak Analytics (CFA/CDC) Pyrenew team,2026-05-13,Pyrenew_ED_Visits_RSV
North Carolina,NC,0,wk inc rsv prop ed visits,prop_ed,2026-05-16,2026-05-16,CFA_Pyrenew-Pyrenew_HE_RSV,6.552772924042599e-4,7.582543116533236e-4,8.576560862189878e-4,9.920996009980445e-4,0.001131961215451947,0.0012735945178572725,0.0014405765401420507,6.6e-4,7.6e-4,8.6e-4,9.9e-4,0.0011,0.0013,0.0014,NA,NA,NA,NA,NA,NA,NA,NA,NA,NA,NA,NA,NA,NA,FALSE,FALSE,Center for Forecasting and Outbreak Analytics (CFA/CDC) Pyrenew team,2026-05-13,Pyrenew_Hospital_Admissions_ED_Visits_RSV
North Carolina,NC,1,wk inc rsv prop ed visits,prop_ed,2026-05-16,2026-05-23,CFA_Pyrenew-Pyrenew_HE_RSV,4.1181240098567496e-4,5.220122183182668e-4,6.539580176193412e-4,8.209528059451418e-4,0.0010392890495334705,0.001281119795607673,0.0016580553588939858,4.1e-4,5.2e-4,6.5e-4,8.2e-4,0.001,0.0013,0.0017,NA,NA,NA,NA,NA,NA,NA,NA,NA,NA,NA,NA,NA,NA,FALSE,FALSE,Center for Forecasting and Outbreak Analytics (CFA/CDC) Pyrenew team,2026-05-13,Pyrenew_Hospital_Admissions_ED_Visits_RSV
North Carolina,NC,0,wk inc rsv hosp,hosp,2026-05-16,2026-05-16,CFA_Pyrenew-Pyrenew_HE_RSV,18,24,31,40,51,62,78,20,20,30,40,50,60,80,0.1676633320292852,0.22355110937238026,0.28875351627265783,0.3725851822873004,0.47504610741630804,0.5775070325453157,0.7265411054602359,0.17,0.22,0.29,0.37,0.48,0.58,0.73,TRUE,FALSE,Center for Forecasting and Outbreak Analytics (CFA/CDC) Pyrenew team,2026-05-13,Pyrenew_Hospital_Admissions_ED_Visits_RSV
North Carolina,NC,1,wk inc rsv hosp,hosp,2026-05-16,2026-05-23,CFA_Pyrenew-Pyrenew_HE_RSV,13,19,25,33,43,55,75,10,20,30,30,40,60,80,0.12109018424337264,0.17697796158646772,0.23286573892956278,0.30738277538702286,0.400529070958848,0.5123046256450381,0.6985972167886884,0.12,0.18,0.23,0.31,0.4,0.51,0.7,TRUE,FALSE,Center for Forecasting and Outbreak Analytics (CFA/CDC) Pyrenew team,2026-05-13,Pyrenew_Hospital_Admissions_ED_Visits_RSV
North Carolina,NC,0,wk inc rsv hosp,hosp,2026-05-16,2026-05-16,CFA_Pyrenew-Pyrenew_H_RSV,26,34,42,54,67,81,100,30,30,40,50,70,80,100,0.2421803684867453,0.31669740494420534,0.3912144414016655,0.5029899960878556,0.6240801803312281,0.7544849941317834,0.9314629557182511,0.24,0.32,0.39,0.5,0.62,0.75,0.93,FALSE,FALSE,Center for Forecasting and Outbreak Analytics (CFA/CDC) Pyrenew team,2026-05-13,Pyrenew_Hospital_Admissions_RSV
North Carolina,NC,1,wk inc rsv hosp,hosp,2026-05-16,2026-05-23,CFA_Pyrenew-Pyrenew_H_RSV,18,25,35,50,69.25,94.10000000000014,132.02499999999986,20,30,40,50,70,90,130,0.1676633320292852,0.23286573892956278,0.3260120345013879,0.46573147785912555,0.6450380968348889,0.8765066413308755,1.2297639672870198,0.17,0.23,0.33,0.47,0.65,0.88,1.23,FALSE,FALSE,Center for Forecasting and Outbreak Analytics (CFA/CDC) Pyrenew team,2026-05-13,Pyrenew_Hospital_Admissions_RSV
North Carolina,NC,0,wk inc rsv hosp,hosp,2026-05-16,2026-05-16,Google_SAI-RSVEns,23.5,33.5,39,41,47,62,79,20,30,40,40,50,60,80,0.21889379459378902,0.31204009016561407,0.36327055273011793,0.3818998118444829,0.43778758918757804,0.5775070325453157,0.7358557350174184,0.22,0.31,0.36,0.38,0.44,0.58,0.74,TRUE,FALSE,Google Science AI,2026-05-13,RSVEnsemble
North Carolina,NC,1,wk inc rsv hosp,hosp,2026-05-16,2026-05-23,Google_SAI-RSVEns,17,24.5,29.5,34,40,53.5,73,20,20,30,30,40,50,70,0.15834870247210267,0.22820842415097153,0.2747815719368841,0.31669740494420534,0.3725851822873004,0.49833268130926434,0.6799679576743233,0.16,0.23,0.27,0.32,0.37,0.5,0.68,TRUE,FALSE,Google Science AI,2026-05-13,RSVEnsemble
North Carolina,NC,2,wk inc rsv hosp,hosp,2026-05-16,2026-05-30,Google_SAI-RSVEns,12.5,18.5,22.5,27.5,35,46.5,66,10,20,20,30,40,50,70,0.11643286946478139,0.17232064680787645,0.2095791650366065,0.25615231282251905,0.3260120345013879,0.43313027440898677,0.6147655507740457,0.12,0.17,0.21,0.26,0.33,0.43,0.61,TRUE,FALSE,Google Science AI,2026-05-13,RSVEnsemble
North Carolina,NC,0,wk inc rsv hosp,hosp,2026-05-16,2026-05-16,RSVHub-baseline,0,13.000000000000007,36.75,52,67.25,91.00000000000003,170.7499999999997,0,10,40,50,70,90,170,0,0.1210901842433727,0.3423126362264573,0.4843607369734906,0.6264088377205238,0.8476312897036087,1.5904729968889109,0,0.12,0.34,0.48,0.63,0.85,1.59,FALSE,FALSE,RSVHub-hub-models,2026-05-13,RSVHub baseline model
North Carolina,NC,1,wk inc rsv hosp,hosp,2026-05-16,2026-05-23,RSVHub-baseline,0,0,24.800308003080037,52,80.65620406204063,124.69277592775913,206.95288002879937,0,0,20,50,80,120,210,0,0,0.23100568195271928,0.4843607369734906,0.7512826623264278,1.1614670162238412,1.9276894132603006,0,0,0.23,0.48,0.75,1.16,1.93,FALSE,FALSE,RSVHub-hub-models,2026-05-13,RSVHub baseline model
North Carolina,NC,2,wk inc rsv hosp,hosp,2026-05-16,2026-05-30,RSVHub-baseline,0,0,14.406844068440668,52,91.12366123661236,147.75551455514557,232.61153236532374,0,0,10,50,90,150,230,0,0,0.13419441558561698,0.4843607369734906,0.8487831483132356,1.3762878831120697,2.1666902547115607,0,0,0.13,0.48,0.85,1.38,2.17,FALSE,FALSE,RSVHub-hub-models,2026-05-13,RSVHub baseline model
North Carolina,NC,0,wk inc rsv prop ed visits,prop_ed,2026-05-16,2026-05-16,RSVHub-baseline,0,9.999999999999961e-5,9e-4,0.0011,0.0013000000000000002,0.0021000000000000003,0.0034999999999999996,0,1e-4,9e-4,0.0011,0.0013,0.0021,0.0035,NA,NA,NA,NA,NA,NA,NA,NA,NA,NA,NA,NA,NA,NA,FALSE,FALSE,RSVHub-hub-models,2026-05-13,RSVHub baseline model
North Carolina,NC,1,wk inc rsv prop ed visits,prop_ed,2026-05-16,2026-05-23,RSVHub-baseline,0,0,5.000000000000006e-4,0.0011,0.0017000000000000001,0.0028000000000000004,0.004470875783757835,0,0,5e-4,0.0011,0.0017,0.0028,0.0045,NA,NA,NA,NA,NA,NA,NA,NA,NA,NA,NA,NA,NA,NA,FALSE,FALSE,RSVHub-hub-models,2026-05-13,RSVHub baseline model
North Carolina,NC,2,wk inc rsv prop ed visits,prop_ed,2026-05-16,2026-05-30,RSVHub-baseline,0,0,2.999999999999999e-4,0.0011,0.002,0.0032630189301893022,0.005229119341193433,0,0,3e-4,0.0011,0.002,0.0033,0.0052,NA,NA,NA,NA,NA,NA,NA,NA,NA,NA,NA,NA,NA,NA,FALSE,FALSE,RSVHub-hub-models,2026-05-13,RSVHub baseline model
North Carolina,NC,0,wk inc rsv hosp,hosp,2026-05-16,2026-05-16,UGA_flucast-INFLAenza,13,19,26,37,51,67,91,10,20,30,40,50,70,90,0.12109018424337264,0.17697796158646772,0.2421803684867453,0.3446412936157529,0.47504610741630804,0.6240801803312281,0.8476312897036086,0.12,0.18,0.24,0.34,0.48,0.62,0.85,TRUE,FALSE,UGA_flucast,2026-05-13,INFLAenza
North Carolina,NC,1,wk inc rsv hosp,hosp,2026-05-16,2026-05-23,UGA_flucast-INFLAenza,8,13,19,28,41,57,82,8,10,20,30,40,60,80,0.07451703645746008,0.12109018424337264,0.17697796158646772,0.2608096276011103,0.3818998118444829,0.5309338847594031,0.7637996236889658,0.07,0.12,0.18,0.26,0.38,0.53,0.76,TRUE,FALSE,UGA_flucast,2026-05-13,INFLAenza
North Carolina,NC,2,wk inc rsv hosp,hosp,2026-05-16,2026-05-30,UGA_flucast-INFLAenza,5,9,14,22,33,48,73,5,9,10,20,30,50,70,0.04657314778591255,0.0838316660146426,0.13040481380055516,0.20492185025801526,0.30738277538702286,0.4471022187447605,0.6799679576743233,0.05,0.08,0.13,0.2,0.31,0.45,0.68,TRUE,FALSE,UGA_flucast,2026-05-13,INFLAenza
North Carolina,NC,0,wk inc rsv prop ed visits,prop_ed,2026-05-16,2026-05-16,UGA_flucast-INFLAenza,3.9379441762173325e-4,5.374023219555466e-4,7.126533397353806e-4,9.445714208720367e-4,0.001221063190294303,0.001497460311971627,0.001873404740976453,3.9e-4,5.4e-4,7.1e-4,9.4e-4,0.0012,0.0015,0.0019,NA,NA,NA,NA,NA,NA,NA,NA,NA,NA,NA,NA,NA,NA,TRUE,FALSE,UGA_flucast,2026-05-13,INFLAenza
North Carolina,NC,1,wk inc rsv prop ed visits,prop_ed,2026-05-16,2026-05-23,UGA_flucast-INFLAenza,2.756042310353049e-4,4.2162911701640457e-4,5.821274346034227e-4,8.099344191943839e-4,0.0010834172953115844,0.0014018633290381302,0.001829577344223183,2.8e-4,4.2e-4,5.8e-4,8.1e-4,0.0011,0.0014,0.0018,NA,NA,NA,NA,NA,NA,NA,NA,NA,NA,NA,NA,NA,NA,TRUE,FALSE,UGA_flucast,2026-05-13,INFLAenza
North Carolina,NC,2,wk inc rsv prop ed visits,prop_ed,2026-05-16,2026-05-30,UGA_flucast-INFLAenza,2.1317620721666568e-4,3.408258078542286e-4,4.983755017041125e-4,7.171637897568404e-4,9.92900722113296e-4,0.0013275277166691348,0.0017755030665994305,2.1e-4,3.4e-4,5e-4,7.2e-4,9.9e-4,0.0013,0.0018,NA,NA,NA,NA,NA,NA,NA,NA,NA,NA,NA,NA,NA,NA,TRUE,FALSE,UGA_flucast,2026-05-13,INFLAenza
North Carolina,NC,0,wk inc rsv hosp,hosp,2026-05-16,2026-05-16,RSVHub-ensemble,20.75,28.75,35,40.5,51,64.5,85,20,30,40,40,50,60,90,0.19327856331153712,0.2677955997689972,0.3260120345013879,0.3772424970658917,0.47504610741630804,0.600793606438272,0.7917435123605135,0.19,0.27,0.33,0.38,0.48,0.6,0.79,FALSE,TRUE,RSVHub,2026-05-13,Ensemble using RSVHub forecast submissions
North Carolina,NC,1,wk inc rsv hosp,hosp,2026-05-16,2026-05-23,RSVHub-ensemble,14,21.75,27.25,33.5,42,56,78.5,10,20,30,30,40,60,80,0.13040481380055516,0.20259319286871963,0.25382365543322344,0.31204009016561407,0.3912144414016655,0.5216192552022206,0.7311984202388271,0.13,0.2,0.25,0.31,0.39,0.52,0.73,FALSE,TRUE,RSVHub,2026-05-13,Ensemble using RSVHub forecast submissions
North Carolina,NC,2,wk inc rsv hosp,hosp,2026-05-16,2026-05-30,RSVHub-ensemble,8,17,22.5,27.5,35,48,73,8,20,20,30,40,50,70,0.07451703645746008,0.15834870247210267,0.2095791650366065,0.25615231282251905,0.3260120345013879,0.4471022187447605,0.6799679576743233,0.07,0.16,0.21,0.26,0.33,0.45,0.68,FALSE,TRUE,RSVHub,2026-05-13,Ensemble using RSVHub forecast submissions
North Carolina,NC,0,wk inc rsv prop ed visits,prop_ed,2026-05-16,2026-05-16,RSVHub-ensemble,5.167882772419755e-4,6.425853283876386e-4,7.806986429948963e-4,9.554502222274136e-4,0.001159950410153883,0.0013637009696138474,0.0016384039917447333,5.2e-4,6.4e-4,7.8e-4,9.6e-4,0.0012,0.0014,0.0016,NA,NA,NA,NA,NA,NA,NA,NA,NA,NA,NA,NA,NA,NA,FALSE,TRUE,RSVHub,2026-05-13,Ensemble using RSVHub forecast submissions
North Carolina,NC,1,wk inc rsv prop ed visits,prop_ed,2026-05-16,2026-05-23,RSVHub-ensemble,3.487441916794682e-4,4.6848151205402925e-4,6.131219736960779e-4,8.092696248588353e-4,0.0010460043211742908,0.0013152120437642737,0.0016912218671658746,3.5e-4,4.7e-4,6.1e-4,8.1e-4,0.001,0.0013,0.0017,NA,NA,NA,NA,NA,NA,NA,NA,NA,NA,NA,NA,NA,NA,FALSE,TRUE,RSVHub,2026-05-13,Ensemble using RSVHub forecast submissions
North Dakota,ND,0,wk inc rsv hosp,hosp,2026-05-16,2026-05-16,CEPH-Rtrend_rsv,6,7,8,10,11,13,15,6,7,8,10,10,10,20,0.7724741703949275,0.9012198654607486,1.0299655605265698,1.2874569506582123,1.4162026457240335,1.673694035855676,1.9311854259873187,0.77,0.9,1.03,1.29,1.42,1.67,1.93,TRUE,FALSE,CEPH Lab at Indiana University,2026-05-13,Rtrend RSV
North Dakota,ND,1,wk inc rsv hosp,hosp,2026-05-16,2026-05-23,CEPH-Rtrend_rsv,4,5,6,8,10,11,14,4,5,6,8,10,10,10,0.5149827802632849,0.6437284753291062,0.7724741703949275,1.0299655605265698,1.2874569506582123,1.4162026457240335,1.8024397309214972,0.51,0.64,0.77,1.03,1.29,1.42,1.8,TRUE,FALSE,CEPH Lab at Indiana University,2026-05-13,Rtrend RSV
North Dakota,ND,2,wk inc rsv hosp,hosp,2026-05-16,2026-05-30,CEPH-Rtrend_rsv,3,4,5,6,8,10,12,3,4,5,6,8,10,10,0.38623708519746375,0.5149827802632849,0.6437284753291062,0.7724741703949275,1.0299655605265698,1.2874569506582123,1.544948340789855,0.39,0.51,0.64,0.77,1.03,1.29,1.54,TRUE,FALSE,CEPH Lab at Indiana University,2026-05-13,Rtrend RSV
North Dakota,ND,0,wk inc rsv prop ed visits,prop_ed,2026-05-16,2026-05-16,CFA_Pyrenew-Pyrenew_E_RSV,5.107102629724662e-4,8.64663231493602e-4,0.001214358524476471,0.0016936657992405529,0.0022533692274305382,0.0028326030608487366,0.0035701492246448347,5.1e-4,8.6e-4,0.0012,0.0017,0.0023,0.0028,0.0036,NA,NA,NA,NA,NA,NA,NA,NA,NA,NA,NA,NA,NA,NA,TRUE,FALSE,Center for Forecasting and Outbreak Analytics (CFA/CDC) Pyrenew team,2026-05-13,Pyrenew_ED_Visits_RSV
North Dakota,ND,1,wk inc rsv prop ed visits,prop_ed,2026-05-16,2026-05-23,CFA_Pyrenew-Pyrenew_E_RSV,1.7136176853433554e-4,4.950255991758254e-4,0.00072073457606644205,0.00117632870999419,0.0017028463992440385,0.002329577741942708,0.00320274980991274,1.7e-4,5e-4,7.2e-4,0.0012,0.0017,0.0023,0.0032,NA,NA,NA,NA,NA,NA,NA,NA,NA,NA,NA,NA,NA,NA,TRUE,FALSE,Center for Forecasting and Outbreak Analytics (CFA/CDC) Pyrenew team,2026-05-13,Pyrenew_ED_Visits_RSV
North Dakota,ND,0,wk inc rsv prop ed visits,prop_ed,2026-05-16,2026-05-16,CFA_Pyrenew-Pyrenew_HE_RSV,6.440426998673591e-4,9.856034009708896e-4,0.0013140298854817708,0.0017398529674421616,0.0022699606734055563,0.0028417546268386055,0.003537926056511598,6.4e-4,9.9e-4,0.0013,0.0017,0.0023,0.0028,0.0035,NA,NA,NA,NA,NA,NA,NA,NA,NA,NA,NA,NA,NA,NA,FALSE,FALSE,Center for Forecasting and Outbreak Analytics (CFA/CDC) Pyrenew team,2026-05-13,Pyrenew_Hospital_Admissions_ED_Visits_RSV
North Dakota,ND,1,wk inc rsv prop ed visits,prop_ed,2026-05-16,2026-05-23,CFA_Pyrenew-Pyrenew_HE_RSV,1.7828415865944546e-4,5.110229426122132e-4,8.07350966097399e-4,0.0012233041499667406,0.0017742985068925036,0.002395577141982787,0.00315024750579004,1.8e-4,5.1e-4,8.1e-4,0.0012,0.0018,0.0024,0.0032,NA,NA,NA,NA,NA,NA,NA,NA,NA,NA,NA,NA,NA,NA,FALSE,FALSE,Center for Forecasting and Outbreak Analytics (CFA/CDC) Pyrenew team,2026-05-13,Pyrenew_Hospital_Admissions_ED_Visits_RSV
North Dakota,ND,0,wk inc rsv hosp,hosp,2026-05-16,2026-05-16,CFA_Pyrenew-Pyrenew_HE_RSV,3,4,5,8,10,12,15,3,4,5,8,10,10,20,0.38623708519746375,0.5149827802632849,0.6437284753291062,1.0299655605265698,1.2874569506582123,1.544948340789855,1.9311854259873187,0.39,0.51,0.64,1.03,1.29,1.54,1.93,TRUE,FALSE,Center for Forecasting and Outbreak Analytics (CFA/CDC) Pyrenew team,2026-05-13,Pyrenew_Hospital_Admissions_ED_Visits_RSV
North Dakota,ND,1,wk inc rsv hosp,hosp,2026-05-16,2026-05-23,CFA_Pyrenew-Pyrenew_HE_RSV,1,3,4,5,7,9,12,1,3,4,5,7,9,10,0.12874569506582123,0.38623708519746375,0.5149827802632849,0.6437284753291062,0.9012198654607486,1.158711255592391,1.544948340789855,0.13,0.39,0.51,0.64,0.9,1.16,1.54,TRUE,FALSE,Center for Forecasting and Outbreak Analytics (CFA/CDC) Pyrenew team,2026-05-13,Pyrenew_Hospital_Admissions_ED_Visits_RSV
North Dakota,ND,0,wk inc rsv hosp,hosp,2026-05-16,2026-05-16,CFA_Pyrenew-Pyrenew_H_RSV,3,5,7,10,13,17,22,3,5,7,10,10,20,20,0.38623708519746375,0.6437284753291062,0.9012198654607486,1.2874569506582123,1.673694035855676,2.188676816118961,2.832405291448067,0.39,0.64,0.9,1.29,1.67,2.19,2.83,FALSE,FALSE,Center for Forecasting and Outbreak Analytics (CFA/CDC) Pyrenew team,2026-05-13,Pyrenew_Hospital_Admissions_RSV
North Dakota,ND,1,wk inc rsv hosp,hosp,2026-05-16,2026-05-23,CFA_Pyrenew-Pyrenew_H_RSV,1,3,5,8,12,16,23,1,3,5,8,10,20,20,0.12874569506582123,0.38623708519746375,0.6437284753291062,1.0299655605265698,1.544948340789855,2.0599311210531397,2.9611509865138883,0.13,0.39,0.64,1.03,1.54,2.06,2.96,FALSE,FALSE,Center for Forecasting and Outbreak Analytics (CFA/CDC) Pyrenew team,2026-05-13,Pyrenew_Hospital_Admissions_RSV
North Dakota,ND,0,wk inc rsv hosp,hosp,2026-05-16,2026-05-16,Google_SAI-RSVEns,2,3.5,4.5,7,9.5,14,18,2,4,5,7,10,10,20,0.25749139013164246,0.4506099327303743,0.5793556277961955,0.9012198654607486,1.2230841031253017,1.8024397309214972,2.317422511184782,0.26,0.45,0.58,0.9,1.22,1.8,2.32,TRUE,FALSE,Google Science AI,2026-05-13,RSVEnsemble
North Dakota,ND,1,wk inc rsv hosp,hosp,2026-05-16,2026-05-23,Google_SAI-RSVEns,1,2.5,3.5,5,8.5,10,20,1,3,4,5,9,10,20,0.12874569506582123,0.3218642376645531,0.4506099327303743,0.6437284753291062,1.0943384080594805,1.2874569506582123,2.5749139013164246,0.13,0.32,0.45,0.64,1.09,1.29,2.57,TRUE,FALSE,Google Science AI,2026-05-13,RSVEnsemble
North Dakota,ND,2,wk inc rsv hosp,hosp,2026-05-16,2026-05-30,Google_SAI-RSVEns,0,1.5,3,4.5,6.5,8,12.5,0,2,3,5,7,8,10,0,0.19311854259873187,0.38623708519746375,0.5793556277961955,0.836847017927838,1.0299655605265698,1.6093211883227654,0,0.19,0.39,0.58,0.84,1.03,1.61,TRUE,FALSE,Google Science AI,2026-05-13,RSVEnsemble
North Dakota,ND,0,wk inc rsv hosp,hosp,2026-05-16,2026-05-16,RSVHub-baseline,0,5,8,10,12,15,22,0,5,8,10,10,20,20,0,0.6437284753291062,1.0299655605265698,1.2874569506582123,1.544948340789855,1.9311854259873187,2.832405291448067,0,0.64,1.03,1.29,1.54,1.93,2.83,FALSE,FALSE,RSVHub-hub-models,2026-05-13,RSVHub baseline model
North Dakota,ND,1,wk inc rsv hosp,hosp,2026-05-16,2026-05-23,RSVHub-baseline,0,2.0186621866218664,7,10,13.066998169981709,18,25.317410174101738,0,2,7,10,10,20,30,0,0.2598940663197227,0.9012198654607486,1.2874569506582123,1.6823197618181092,2.317422511184782,3.2595075701312224,0,0.26,0.9,1.29,1.68,2.32,3.26,FALSE,FALSE,RSVHub-hub-models,2026-05-13,RSVHub baseline model
North Dakota,ND,2,wk inc rsv hosp,hosp,2026-05-16,2026-05-30,RSVHub-baseline,0,0,5.376916269162695,10,14.78418034180341,20.173841738417394,28,0,0,5,10,10,20,30,0,0,0.6922548223840735,1.2874569506582123,1.9033995740839307,2.597295276760423,3.6048794618429945,0,0,0.69,1.29,1.9,2.6,3.6,FALSE,FALSE,RSVHub-hub-models,2026-05-13,RSVHub baseline model
North Dakota,ND,0,wk inc rsv prop ed visits,prop_ed,2026-05-16,2026-05-16,RSVHub-baseline,0,9.000000000000002e-4,0.0019000000000000002,0.0022,0.0025,0.0035,0.006287499999999985,0,9e-4,0.0019,0.0022,0.0025,0.0035,0.0063,NA,NA,NA,NA,NA,NA,NA,NA,NA,NA,NA,NA,NA,NA,FALSE,FALSE,RSVHub-hub-models,2026-05-13,RSVHub baseline model
North Dakota,ND,1,wk inc rsv prop ed visits,prop_ed,2026-05-16,2026-05-23,RSVHub-baseline,0,2.0000000000000017e-4,0.0015000000000000002,0.0022,0.0029000000000000002,0.004399999999999999,0.008156958569585687,0,2e-4,0.0015,0.0022,0.0029,0.0044,0.0082,NA,NA,NA,NA,NA,NA,NA,NA,NA,NA,NA,NA,NA,NA,FALSE,FALSE,RSVHub-hub-models,2026-05-13,RSVHub baseline model
North Dakota,ND,2,wk inc rsv prop ed visits,prop_ed,2026-05-16,2026-05-30,RSVHub-baseline,0,0,0.0011016815168151685,0.0022,0.0033162136621366217,0.005272982629826303,0.008951005010050101,0,0,0.0011,0.0022,0.0033,0.0053,0.009,NA,NA,NA,NA,NA,NA,NA,NA,NA,NA,NA,NA,NA,NA,FALSE,FALSE,RSVHub-hub-models,2026-05-13,RSVHub baseline model
North Dakota,ND,0,wk inc rsv hosp,hosp,2026-05-16,2026-05-16,UGA_flucast-INFLAenza,1,3,4,7,10,14,19,1,3,4,7,10,10,20,0.12874569506582123,0.38623708519746375,0.5149827802632849,0.9012198654607486,1.2874569506582123,1.8024397309214972,2.4461682062506034,0.13,0.39,0.51,0.9,1.29,1.8,2.45,TRUE,FALSE,UGA_flucast,2026-05-13,INFLAenza
North Dakota,ND,1,wk inc rsv hosp,hosp,2026-05-16,2026-05-23,UGA_flucast-INFLAenza,0,2,3,5,8,11,16,0,2,3,5,8,10,20,0,0.25749139013164246,0.38623708519746375,0.6437284753291062,1.0299655605265698,1.4162026457240335,2.0599311210531397,0,0.26,0.39,0.64,1.03,1.42,2.06,TRUE,FALSE,UGA_flucast,2026-05-13,INFLAenza
North Dakota,ND,2,wk inc rsv hosp,hosp,2026-05-16,2026-05-30,UGA_flucast-INFLAenza,0,1,2,4,6,9,14,0,1,2,4,6,9,10,0,0.12874569506582123,0.25749139013164246,0.5149827802632849,0.7724741703949275,1.158711255592391,1.8024397309214972,0,0.13,0.26,0.51,0.77,1.16,1.8,TRUE,FALSE,UGA_flucast,2026-05-13,INFLAenza
North Dakota,ND,0,wk inc rsv prop ed visits,prop_ed,2026-05-16,2026-05-16,UGA_flucast-INFLAenza,0.0010506552710877759,0.0013537835319540348,0.0016736996046145276,0.002088168676866563,0.0025662304469904838,0.003063013913299558,0.0036381540275156462,0.0011,0.0014,0.0017,0.0021,0.0026,0.0031,0.0036,NA,NA,NA,NA,NA,NA,NA,NA,NA,NA,NA,NA,NA,NA,TRUE,FALSE,UGA_flucast,2026-05-13,INFLAenza
North Dakota,ND,1,wk inc rsv prop ed visits,prop_ed,2026-05-16,2026-05-23,UGA_flucast-INFLAenza,7.61582264671817e-4,0.0010445732655788129,0.0013295036168164385,0.0017612574079614194,0.0022662624791357153,0.0027998768291453494,0.0035173286455162244,7.6e-4,0.001,0.0013,0.0018,0.0023,0.0028,0.0035,NA,NA,NA,NA,NA,NA,NA,NA,NA,NA,NA,NA,NA,NA,TRUE,FALSE,UGA_flucast,2026-05-13,INFLAenza
North Dakota,ND,2,wk inc rsv prop ed visits,prop_ed,2026-05-16,2026-05-30,UGA_flucast-INFLAenza,5.562443069800562e-4,8.061957895112638e-4,0.0010833513065282353,0.0014903055350278223,0.0019955387200740714,0.0025530295866105965,0.003255691769012081,5.6e-4,8.1e-4,0.0011,0.0015,0.002,0.0026,0.0033,NA,NA,NA,NA,NA,NA,NA,NA,NA,NA,NA,NA,NA,NA,TRUE,FALSE,UGA_flucast,2026-05-13,INFLAenza
North Dakota,ND,0,wk inc rsv hosp,hosp,2026-05-16,2026-05-16,RSVHub-ensemble,2.5,3.75,4.75,7.5,10,13.5,16.5,3,4,5,8,10,10,20,0.3218642376645531,0.48279635649682967,0.6115420515626508,0.9655927129936593,1.2874569506582123,1.7380668833885868,2.1243039685860503,0.32,0.48,0.61,0.97,1.29,1.74,2.12,FALSE,TRUE,RSVHub,2026-05-13,Ensemble using RSVHub forecast submissions
North Dakota,ND,1,wk inc rsv hosp,hosp,2026-05-16,2026-05-23,RSVHub-ensemble,1,2.75,3.75,5,8.25,10.5,15,1,3,4,5,8,10,20,0.12874569506582123,0.3540506614310084,0.48279635649682967,0.6437284753291062,1.0621519842930252,1.3518297981911231,1.9311854259873187,0.13,0.35,0.48,0.64,1.06,1.35,1.93,FALSE,TRUE,RSVHub,2026-05-13,Ensemble using RSVHub forecast submissions
North Dakota,ND,2,wk inc rsv hosp,hosp,2026-05-16,2026-05-30,RSVHub-ensemble,0,1.5,3,4.5,6.5,9,12.5,0,2,3,5,7,9,10,0,0.19311854259873187,0.38623708519746375,0.5793556277961955,0.836847017927838,1.158711255592391,1.6093211883227654,0,0.19,0.39,0.58,0.84,1.16,1.61,FALSE,TRUE,RSVHub,2026-05-13,Ensemble using RSVHub forecast submissions
North Dakota,ND,0,wk inc rsv prop ed visits,prop_ed,2026-05-16,2026-05-16,RSVHub-ensemble,7.80682767030121e-4,0.0011092233817238182,0.0014440290645454993,0.001890917238053558,0.0024097998372105108,0.002947808487074147,0.0036041516260802405,7.8e-4,0.0011,0.0014,0.0019,0.0024,0.0029,0.0036,NA,NA,NA,NA,NA,NA,NA,NA,NA,NA,NA,NA,NA,NA,FALSE,TRUE,RSVHub,2026-05-13,Ensemble using RSVHub forecast submissions
North Dakota,ND,1,wk inc rsv prop ed visits,prop_ed,2026-05-16,2026-05-23,RSVHub-ensemble,4.664720166030763e-4,7.697994323773191e-4,0.0010251190964414402,0.0014687930589778048,0.0019845544391898767,0.0025647272855440287,0.0033600392277144822,4.7e-4,7.7e-4,0.001,0.0015,0.002,0.0026,0.0034,NA,NA,NA,NA,NA,NA,NA,NA,NA,NA,NA,NA,NA,NA,FALSE,TRUE,RSVHub,2026-05-13,Ensemble using RSVHub forecast submissions
Ohio,OH,0,wk inc rsv hosp,hosp,2026-05-16,2026-05-16,CEPH-Rtrend_rsv,26,36,48,63,82,103,128,30,40,50,60,80,100,130,0.22072410921055394,0.30561799736845924,0.4074906631579457,0.5348314953948037,0.6961298828948238,0.8744070480264252,1.0866417684211884,0.22,0.31,0.41,0.53,0.7,0.87,1.09,TRUE,FALSE,CEPH Lab at Indiana University,2026-05-13,Rtrend RSV
Ohio,OH,1,wk inc rsv hosp,hosp,2026-05-16,2026-05-23,CEPH-Rtrend_rsv,15,23,33,48,67,88,114,20,20,30,50,70,90,110,0.12734083223685802,0.1952559427631823,0.28014983092108764,0.4074906631579457,0.5687890506579658,0.7470662157895671,0.967790325000121,0.13,0.2,0.28,0.41,0.57,0.75,0.97,TRUE,FALSE,CEPH Lab at Indiana University,2026-05-13,Rtrend RSV
Ohio,OH,2,wk inc rsv hosp,hosp,2026-05-16,2026-05-30,CEPH-Rtrend_rsv,8,14,22,34,52,71,95,8,10,20,30,50,70,100,0.06791511052632428,0.11885144342106749,0.18676655394739178,0.2886392197368782,0.4414482184211079,0.6027466059211279,0.8064919375001008,0.07,0.12,0.19,0.29,0.44,0.6,0.81,TRUE,FALSE,CEPH Lab at Indiana University,2026-05-13,Rtrend RSV
Ohio,OH,0,wk inc rsv prop ed visits,prop_ed,2026-05-16,2026-05-16,CFA_Pyrenew-Pyrenew_E_RSV,2.2388814593690787e-4,2.705106184109322e-4,3.214650005408431e-4,3.833675755271301e-4,4.5328262680000795e-4,5.145174958848062e-4,5.991234438954147e-4,2.2e-4,2.7e-4,3.2e-4,3.8e-4,4.5e-4,5.1e-4,6e-4,NA,NA,NA,NA,NA,NA,NA,NA,NA,NA,NA,NA,NA,NA,TRUE,FALSE,Center for Forecasting and Outbreak Analytics (CFA/CDC) Pyrenew team,2026-05-13,Pyrenew_ED_Visits_RSV
Ohio,OH,1,wk inc rsv prop ed visits,prop_ed,2026-05-16,2026-05-23,CFA_Pyrenew-Pyrenew_E_RSV,1.0975189598460171e-4,1.4968226306056337e-4,1.961717441789106e-4,2.526501704037866e-4,3.240579358720937e-4,4.0707889596602165e-4,5.244784141514472e-4,1.1e-4,1.5e-4,2e-4,2.5e-4,3.2e-4,4.1e-4,5.2e-4,NA,NA,NA,NA,NA,NA,NA,NA,NA,NA,NA,NA,NA,NA,TRUE,FALSE,Center for Forecasting and Outbreak Analytics (CFA/CDC) Pyrenew team,2026-05-13,Pyrenew_ED_Visits_RSV
Ohio,OH,0,wk inc rsv prop ed visits,prop_ed,2026-05-16,2026-05-16,CFA_Pyrenew-Pyrenew_HE_RSV,2.3126600760872538e-4,2.791268645467079e-4,3.290228378786854e-4,3.89498866596647e-4,4.6410320983949e-4,5.303646708304467e-4,6.299634043962965e-4,2.3e-4,2.8e-4,3.3e-4,3.9e-4,4.6e-4,5.3e-4,6.3e-4,NA,NA,NA,NA,NA,NA,NA,NA,NA,NA,NA,NA,NA,NA,FALSE,FALSE,Center for Forecasting and Outbreak Analytics (CFA/CDC) Pyrenew team,2026-05-13,Pyrenew_Hospital_Admissions_ED_Visits_RSV
Ohio,OH,1,wk inc rsv prop ed visits,prop_ed,2026-05-16,2026-05-23,CFA_Pyrenew-Pyrenew_HE_RSV,1.1501519222285905e-4,1.5315919250221321e-4,1.98649791800042e-4,2.631159562992519e-4,3.433159465779349e-4,4.1873540071978737e-4,5.447432725096312e-4,1.2e-4,1.5e-4,2e-4,2.6e-4,3.4e-4,4.2e-4,5.4e-4,NA,NA,NA,NA,NA,NA,NA,NA,NA,NA,NA,NA,NA,NA,FALSE,FALSE,Center for Forecasting and Outbreak Analytics (CFA/CDC) Pyrenew team,2026-05-13,Pyrenew_Hospital_Admissions_ED_Visits_RSV
Ohio,OH,0,wk inc rsv hosp,hosp,2026-05-16,2026-05-16,CFA_Pyrenew-Pyrenew_HE_RSV,16,24,31,41,54,67,86,20,20,30,40,50,70,90,0.13583022105264855,0.20374533157897284,0.2631710532895066,0.3480649414474119,0.4584269960526889,0.5687890506579658,0.730087438157986,0.14,0.2,0.26,0.35,0.46,0.57,0.73,TRUE,FALSE,Center for Forecasting and Outbreak Analytics (CFA/CDC) Pyrenew team,2026-05-13,Pyrenew_Hospital_Admissions_ED_Visits_RSV
Ohio,OH,1,wk inc rsv hosp,hosp,2026-05-16,2026-05-23,CFA_Pyrenew-Pyrenew_HE_RSV,10,15,21,29,38,48,64,10,20,20,30,40,50,60,0.08489388815790534,0.12734083223685802,0.17827716513160125,0.2461922756579255,0.32259677500004036,0.4074906631579457,0.5433208842105942,0.08,0.13,0.18,0.25,0.32,0.41,0.54,TRUE,FALSE,Center for Forecasting and Outbreak Analytics (CFA/CDC) Pyrenew team,2026-05-13,Pyrenew_Hospital_Admissions_ED_Visits_RSV
Ohio,OH,0,wk inc rsv hosp,hosp,2026-05-16,2026-05-16,CFA_Pyrenew-Pyrenew_H_RSV,30,40,51,68,91,117.10000000000014,159.02499999999986,30,40,50,70,90,120,160,0.25468166447371604,0.33957555263162137,0.43295882960531723,0.5772784394737565,0.7725343822369387,0.9941074303290727,1.3500250564310887,0.25,0.34,0.43,0.58,0.77,0.99,1.35,FALSE,FALSE,Center for Forecasting and Outbreak Analytics (CFA/CDC) Pyrenew team,2026-05-13,Pyrenew_Hospital_Admissions_RSV
Ohio,OH,1,wk inc rsv hosp,hosp,2026-05-16,2026-05-23,CFA_Pyrenew-Pyrenew_H_RSV,19,27,40,61,91,135.10000000000014,208.02499999999986,20,30,40,60,90,140,210,0.16129838750002018,0.22921349802634444,0.33957555263162137,0.5178527177632226,0.7725343822369387,1.1469164290133025,1.766005108404825,0.16,0.23,0.34,0.52,0.77,1.15,1.77,FALSE,FALSE,Center for Forecasting and Outbreak Analytics (CFA/CDC) Pyrenew team,2026-05-13,Pyrenew_Hospital_Admissions_RSV
Ohio,OH,0,wk inc rsv hosp,hosp,2026-05-16,2026-05-16,Google_SAI-RSVEns,34,41,46,49,58,75,106.5,30,40,50,50,60,80,110,0.2886392197368782,0.3480649414474119,0.3905118855263646,0.41598005197373616,0.492384551315851,0.6367041611842901,0.904119908881692,0.29,0.35,0.39,0.42,0.49,0.64,0.9,TRUE,FALSE,Google Science AI,2026-05-13,RSVEnsemble
Ohio,OH,1,wk inc rsv hosp,hosp,2026-05-16,2026-05-23,Google_SAI-RSVEns,23,30,33,40,48.5,67,96.5,20,30,30,40,50,70,100,0.1952559427631823,0.25468166447371604,0.28014983092108764,0.33957555263162137,0.41173535756584095,0.5687890506579658,0.8192260207237866,0.2,0.25,0.28,0.34,0.41,0.57,0.82,TRUE,FALSE,Google Science AI,2026-05-13,RSVEnsemble
Ohio,OH,2,wk inc rsv hosp,hosp,2026-05-16,2026-05-30,Google_SAI-RSVEns,19.5,26,31,35,42,58.5,87.5,20,30,30,40,40,60,90,0.16554308190791545,0.22072410921055394,0.2631710532895066,0.2971286085526687,0.3565543302632025,0.4966292457237463,0.7428215213816718,0.17,0.22,0.26,0.3,0.36,0.5,0.74,TRUE,FALSE,Google Science AI,2026-05-13,RSVEnsemble
Ohio,OH,0,wk inc rsv hosp,hosp,2026-05-16,2026-05-16,RSVHub-baseline,0,7.500000000000013,49.5,62,74.5,116.50000000000003,188.24999999999892,0,8,50,60,70,120,190,0,0.06367041611842912,0.42022474638163143,0.5263421065790131,0.6324594667763949,0.9890137970395976,1.598127444572559,0,0.06,0.42,0.53,0.63,0.99,1.6,FALSE,FALSE,RSVHub-hub-models,2026-05-13,RSVHub baseline model
Ohio,OH,1,wk inc rsv hosp,hosp,2026-05-16,2026-05-23,RSVHub-baseline,0,0,28.96966969669696,62,97,147.2603436034361,248.37265122651232,0,0,30,60,100,150,250,0,0,0.24593478992028514,0.5263421065790131,0.8234707151316819,1.2501503139964818,2.108532007470597,0,0,0.25,0.53,0.82,1.25,2.11,FALSE,FALSE,RSVHub-hub-models,2026-05-13,RSVHub baseline model
Ohio,OH,2,wk inc rsv hosp,hosp,2026-05-16,2026-05-30,RSVHub-baseline,0,0,16.05767557675577,62,109.86590115901161,172.78185581855826,264.8540540405398,0,0,20,60,110,170,260,0,0,0.13631985144890327,0.5263421065790131,0.9326943525360615,1.4668123543576013,2.2484490441885403,0,0,0.14,0.53,0.93,1.47,2.25,FALSE,FALSE,RSVHub-hub-models,2026-05-13,RSVHub baseline model
Ohio,OH,0,wk inc rsv prop ed visits,prop_ed,2026-05-16,2026-05-16,RSVHub-baseline,0,0,4.999999999999999e-4,6e-4,7e-4,0.0013,0.0025249999999999904,0,0,5e-4,6e-4,7e-4,0.0013,0.0025,NA,NA,NA,NA,NA,NA,NA,NA,NA,NA,NA,NA,NA,NA,FALSE,FALSE,RSVHub-hub-models,2026-05-13,RSVHub baseline model
Ohio,OH,1,wk inc rsv prop ed visits,prop_ed,2026-05-16,2026-05-23,RSVHub-baseline,0,0,2.000000000000001e-4,6e-4,0.001,0.001799999999999999,0.0030916149161491573,0,0,2e-4,6e-4,0.001,0.0018,0.0031,NA,NA,NA,NA,NA,NA,NA,NA,NA,NA,NA,NA,NA,NA,FALSE,FALSE,RSVHub-hub-models,2026-05-13,RSVHub baseline model
Ohio,OH,2,wk inc rsv prop ed visits,prop_ed,2026-05-16,2026-05-30,RSVHub-baseline,0,0,9.999999999999987e-5,6e-4,0.0012000000000000001,0.0022000000000000006,0.0034871869468694728,0,0,1e-4,6e-4,0.0012,0.0022,0.0035,NA,NA,NA,NA,NA,NA,NA,NA,NA,NA,NA,NA,NA,NA,FALSE,FALSE,RSVHub-hub-models,2026-05-13,RSVHub baseline model
Ohio,OH,0,wk inc rsv hosp,hosp,2026-05-16,2026-05-16,UGA_flucast-INFLAenza,22,31,43,59,79,105,139,20,30,40,60,80,110,140,0.18676655394739178,0.2631710532895066,0.365043719078993,0.5008739401316415,0.6706617164474522,0.8913858256580062,1.1800250453948844,0.19,0.26,0.37,0.5,0.67,0.89,1.18,TRUE,FALSE,UGA_flucast,2026-05-13,INFLAenza
Ohio,OH,1,wk inc rsv hosp,hosp,2026-05-16,2026-05-23,UGA_flucast-INFLAenza,13,21,30,44,64,89,128,10,20,30,40,60,90,130,0.11036205460527697,0.17827716513160125,0.25468166447371604,0.37353310789478356,0.5433208842105942,0.7555556046053575,1.0866417684211884,0.11,0.18,0.25,0.37,0.54,0.76,1.09,TRUE,FALSE,UGA_flucast,2026-05-13,INFLAenza
Ohio,OH,2,wk inc rsv hosp,hosp,2026-05-16,2026-05-30,UGA_flucast-INFLAenza,9,14,22,33,50,73,109,9,10,20,30,50,70,110,0.07640449934211481,0.11885144342106749,0.18676655394739178,0.28014983092108764,0.4244694407895267,0.619725383552709,0.9253433809211683,0.08,0.12,0.19,0.28,0.42,0.62,0.93,TRUE,FALSE,UGA_flucast,2026-05-13,INFLAenza
Ohio,OH,0,wk inc rsv prop ed visits,prop_ed,2026-05-16,2026-05-16,UGA_flucast-INFLAenza,1.983802397007721e-4,3.0033469768136383e-4,0.00042366229855262993,5.906282346189602e-4,7.846423726054764e-4,9.90745545825783e-4,0.0012990375264831744,2e-4,3e-4,4.2e-4,5.9e-4,7.8e-4,9.9e-4,0.0013,NA,NA,NA,NA,NA,NA,NA,NA,NA,NA,NA,NA,NA,NA,TRUE,FALSE,UGA_flucast,2026-05-13,INFLAenza
Ohio,OH,1,wk inc rsv prop ed visits,prop_ed,2026-05-16,2026-05-23,UGA_flucast-INFLAenza,1.4070350497917292e-4,2.3410050671620892e-4,3.375920484480411e-4,4.987855904992461e-4,6.977935378424937e-4,9.193505456644792e-4,0.0012364380044002634,1.4e-4,2.3e-4,3.4e-4,5e-4,7e-4,9.2e-4,0.0012,NA,NA,NA,NA,NA,NA,NA,NA,NA,NA,NA,NA,NA,NA,TRUE,FALSE,UGA_flucast,2026-05-13,INFLAenza
Ohio,OH,2,wk inc rsv prop ed visits,prop_ed,2026-05-16,2026-05-30,UGA_flucast-INFLAenza,1.0402453551254776e-4,1.8548546689645655e-4,2.9190610405450924e-4,4.432722434170104e-4,6.40715629374839e-4,8.678668212770015e-4,0.0011855854578336116,1e-4,1.9e-4,2.9e-4,4.4e-4,6.4e-4,8.7e-4,0.0012,NA,NA,NA,NA,NA,NA,NA,NA,NA,NA,NA,NA,NA,NA,TRUE,FALSE,UGA_flucast,2026-05-13,INFLAenza
Ohio,OH,0,wk inc rsv hosp,hosp,2026-05-16,2026-05-16,RSVHub-ensemble,24,33.5,44.5,54,68.5,89,117.25,20,30,40,50,70,90,120,0.20374533157897284,0.2843945253289829,0.37777780230267877,0.4584269960526889,0.5815231338816517,0.7555556046053575,0.9953808386514401,0.2,0.28,0.38,0.46,0.58,0.76,1,FALSE,TRUE,RSVHub,2026-05-13,Ensemble using RSVHub forecast submissions
Ohio,OH,1,wk inc rsv hosp,hosp,2026-05-16,2026-05-23,RSVHub-ensemble,14,22,31.5,42,56.25,77.5,105.25,10,20,30,40,60,80,110,0.11885144342106749,0.18676655394739178,0.26741574769740184,0.3565543302632025,0.47752812088821756,0.6579276332237665,0.8935081728619538,0.12,0.19,0.27,0.36,0.48,0.66,0.89,FALSE,TRUE,RSVHub,2026-05-13,Ensemble using RSVHub forecast submissions
Ohio,OH,2,wk inc rsv hosp,hosp,2026-05-16,2026-05-30,RSVHub-ensemble,9,14,22,34,50,71,95,9,10,20,30,50,70,100,0.07640449934211481,0.11885144342106749,0.18676655394739178,0.2886392197368782,0.4244694407895267,0.6027466059211279,0.8064919375001008,0.08,0.12,0.19,0.29,0.42,0.6,0.81,FALSE,TRUE,RSVHub,2026-05-13,Ensemble using RSVHub forecast submissions
Ohio,OH,0,wk inc rsv prop ed visits,prop_ed,2026-05-16,2026-05-16,RSVHub-ensemble,2.1113419281883997e-4,2.85422658046148e-4,3.725636495467365e-4,4.8699790507304513e-4,6.189624997027422e-4,7.526315208552946e-4,9.490804851892945e-4,2.1e-4,2.9e-4,3.7e-4,4.9e-4,6.2e-4,7.5e-4,9.5e-4,NA,NA,NA,NA,NA,NA,NA,NA,NA,NA,NA,NA,NA,NA,FALSE,TRUE,RSVHub,2026-05-13,Ensemble using RSVHub forecast submissions
Ohio,OH,1,wk inc rsv prop ed visits,prop_ed,2026-05-16,2026-05-23,RSVHub-ensemble,1.252277004818873e-4,1.9189138488838616e-4,2.6688189631347587e-4,3.757178804515164e-4,5.109257368572937e-4,6.632147208152504e-4,8.804582092758553e-4,1.3e-4,1.9e-4,2.7e-4,3.8e-4,5.1e-4,6.6e-4,8.8e-4,NA,NA,NA,NA,NA,NA,NA,NA,NA,NA,NA,NA,NA,NA,FALSE,TRUE,RSVHub,2026-05-13,Ensemble using RSVHub forecast submissions
Oklahoma,OK,0,wk inc rsv hosp,hosp,2026-05-16,2026-05-16,CEPH-Rtrend_rsv,4,6,8,11,14,18,23,4,6,8,10,10,20,20,0.09912057745666014,0.1486808661849902,0.19824115491332028,0.2725815880058154,0.3469220210983105,0.4460425985549707,0.5699433203757959,0.1,0.15,0.2,0.27,0.35,0.45,0.57,TRUE,FALSE,CEPH Lab at Indiana University,2026-05-13,Rtrend RSV
Oklahoma,OK,1,wk inc rsv hosp,hosp,2026-05-16,2026-05-23,CEPH-Rtrend_rsv,3,5,6,10,15,20,28,3,5,6,10,20,20,30,0.0743404330924951,0.12390072182082518,0.1486808661849902,0.24780144364165035,0.37170216546247553,0.4956028872833007,0.693844042196621,0.07,0.12,0.15,0.25,0.37,0.5,0.69,TRUE,FALSE,CEPH Lab at Indiana University,2026-05-13,Rtrend RSV
Oklahoma,OK,2,wk inc rsv hosp,hosp,2026-05-16,2026-05-30,CEPH-Rtrend_rsv,2,3,5,9,14,22,31,2,3,5,9,10,20,30,0.04956028872833007,0.0743404330924951,0.12390072182082518,0.22302129927748535,0.3469220210983105,0.5451631760116308,0.7681844752891162,0.05,0.07,0.12,0.22,0.35,0.55,0.77,TRUE,FALSE,CEPH Lab at Indiana University,2026-05-13,Rtrend RSV
Oklahoma,OK,0,wk inc rsv prop ed visits,prop_ed,2026-05-16,2026-05-16,CFA_Pyrenew-Pyrenew_E_RSV,3.619246040611456e-4,5.227151995441917e-4,7.147941480726579e-4,9.53939692905825e-4,0.0012383728697060194,0.0014961971674688531,0.0018275903533339698,3.6e-4,5.2e-4,7.1e-4,9.5e-4,0.0012,0.0015,0.0018,NA,NA,NA,NA,NA,NA,NA,NA,NA,NA,NA,NA,NA,NA,TRUE,FALSE,Center for Forecasting and Outbreak Analytics (CFA/CDC) Pyrenew team,2026-05-13,Pyrenew_ED_Visits_RSV
Oklahoma,OK,1,wk inc rsv prop ed visits,prop_ed,2026-05-16,2026-05-23,CFA_Pyrenew-Pyrenew_E_RSV,2.0796497247160519e-4,3.4710526399477857e-4,5.05068472862103e-4,7.232270367911051e-4,0.0010208787844008594,0.001341263341363952,0.0017768961142424385,2.1e-4,3.5e-4,5.1e-4,7.2e-4,0.001,0.0013,0.0018,NA,NA,NA,NA,NA,NA,NA,NA,NA,NA,NA,NA,NA,NA,TRUE,FALSE,Center for Forecasting and Outbreak Analytics (CFA/CDC) Pyrenew team,2026-05-13,Pyrenew_ED_Visits_RSV
Oklahoma,OK,0,wk inc rsv hosp,hosp,2026-05-16,2026-05-16,CFA_Pyrenew-Pyrenew_H_RSV,1,3,5,7,10,14,20,1,3,5,7,10,10,20,0.024780144364165035,0.0743404330924951,0.12390072182082518,0.17346101054915525,0.24780144364165035,0.3469220210983105,0.4956028872833007,0.02,0.07,0.12,0.17,0.25,0.35,0.5,FALSE,FALSE,Center for Forecasting and Outbreak Analytics (CFA/CDC) Pyrenew team,2026-05-13,Pyrenew_Hospital_Admissions_RSV
Oklahoma,OK,1,wk inc rsv hosp,hosp,2026-05-16,2026-05-23,CFA_Pyrenew-Pyrenew_H_RSV,0,2,3,6,10,15,27,0,2,3,6,10,20,30,0,0.04956028872833007,0.0743404330924951,0.1486808661849902,0.24780144364165035,0.37170216546247553,0.669063897832456,0,0.05,0.07,0.15,0.25,0.37,0.67,FALSE,FALSE,Center for Forecasting and Outbreak Analytics (CFA/CDC) Pyrenew team,2026-05-13,Pyrenew_Hospital_Admissions_RSV
Oklahoma,OK,0,wk inc rsv hosp,hosp,2026-05-16,2026-05-16,Google_SAI-RSVEns,1.5,3,6,7,9.5,14.5,24.5,2,3,6,7,10,10,20,0.03717021654624755,0.0743404330924951,0.1486808661849902,0.17346101054915525,0.23541137145956784,0.35931209328039304,0.6071135369220434,0.04,0.07,0.15,0.17,0.24,0.36,0.61,TRUE,FALSE,Google Science AI,2026-05-13,RSVEnsemble
Oklahoma,OK,1,wk inc rsv hosp,hosp,2026-05-16,2026-05-23,Google_SAI-RSVEns,1.5,2.5,5,5.5,8,10.5,20.5,2,3,5,6,8,10,20,0.03717021654624755,0.06195036091041259,0.12390072182082518,0.1362907940029077,0.19824115491332028,0.2601915158237329,0.5079929594653833,0.04,0.06,0.12,0.14,0.2,0.26,0.51,TRUE,FALSE,Google Science AI,2026-05-13,RSVEnsemble
Oklahoma,OK,2,wk inc rsv hosp,hosp,2026-05-16,2026-05-30,Google_SAI-RSVEns,0.5,2,4,5,6.5,9,13.5,1,2,4,5,7,9,10,0.012390072182082518,0.04956028872833007,0.09912057745666014,0.12390072182082518,0.16107093836707273,0.22302129927748535,0.334531948916228,0.01,0.05,0.1,0.12,0.16,0.22,0.33,TRUE,FALSE,Google Science AI,2026-05-13,RSVEnsemble
Oklahoma,OK,0,wk inc rsv hosp,hosp,2026-05-16,2026-05-16,RSVHub-baseline,0,0,4,10,16,27,42.624999999999886,0,0,4,10,20,30,40,0,0,0.09912057745666014,0.24780144364165035,0.39648230982664057,0.669063897832456,1.056253653522532,0,0,0.1,0.25,0.4,0.67,1.06,FALSE,FALSE,RSVHub-hub-models,2026-05-13,RSVHub baseline model
Oklahoma,OK,1,wk inc rsv hosp,hosp,2026-05-16,2026-05-23,RSVHub-baseline,0,0,0.9751847518475145,10,21.66592665926658,36.11829718297183,54.33547085470852,0,0,1,10,20,40,50,0,0,0.024165218932513867,0.24780144364165035,0.5368847904000378,0.8950166183818573,1.346440811874559,0,0,0.02,0.25,0.54,0.9,1.35,FALSE,FALSE,RSVHub-hub-models,2026-05-13,RSVHub baseline model
Oklahoma,OK,2,wk inc rsv hosp,hosp,2026-05-16,2026-05-30,RSVHub-baseline,0,0,0,10,25,41.38121181211824,61.105199551995625,0,0,0,10,30,40,60,0,0,0,0.24780144364165035,0.6195036091041259,1.0254324026683814,1.5141956662995644,0,0,0,0.25,0.62,1.03,1.51,FALSE,FALSE,RSVHub-hub-models,2026-05-13,RSVHub baseline model
Oklahoma,OK,0,wk inc rsv prop ed visits,prop_ed,2026-05-16,2026-05-16,RSVHub-baseline,0,0,7e-4,0.001,0.0013,0.0023,0.003599999999999999,0,0,7e-4,0.001,0.0013,0.0023,0.0036,NA,NA,NA,NA,NA,NA,NA,NA,NA,NA,NA,NA,NA,NA,FALSE,FALSE,RSVHub-hub-models,2026-05-13,RSVHub baseline model
Oklahoma,OK,1,wk inc rsv prop ed visits,prop_ed,2026-05-16,2026-05-23,RSVHub-baseline,0,0,3.999999999999995e-4,0.001,0.001700000000000001,0.0029999999999999996,0.004761956919569194,0,0,4e-4,0.001,0.0017,0.003,0.0048,NA,NA,NA,NA,NA,NA,NA,NA,NA,NA,NA,NA,NA,NA,FALSE,FALSE,RSVHub-hub-models,2026-05-13,RSVHub baseline model
Oklahoma,OK,2,wk inc rsv prop ed visits,prop_ed,2026-05-16,2026-05-30,RSVHub-baseline,0,0,9.999999999999916e-5,0.001,0.0021,0.0034999999999999996,0.0053247893228932155,0,0,1e-4,0.001,0.0021,0.0035,0.0053,NA,NA,NA,NA,NA,NA,NA,NA,NA,NA,NA,NA,NA,NA,FALSE,FALSE,RSVHub-hub-models,2026-05-13,RSVHub baseline model
Oklahoma,OK,0,wk inc rsv hosp,hosp,2026-05-16,2026-05-16,UGA_flucast-INFLAenza,1,2,4,6,9,13,18,1,2,4,6,9,10,20,0.024780144364165035,0.04956028872833007,0.09912057745666014,0.1486808661849902,0.22302129927748535,0.32214187673414546,0.4460425985549707,0.02,0.05,0.1,0.15,0.22,0.32,0.45,TRUE,FALSE,UGA_flucast,2026-05-13,INFLAenza
Oklahoma,OK,1,wk inc rsv hosp,hosp,2026-05-16,2026-05-23,UGA_flucast-INFLAenza,0,1,3,5,8,11,16,0,1,3,5,8,10,20,0,0.024780144364165035,0.0743404330924951,0.12390072182082518,0.19824115491332028,0.2725815880058154,0.39648230982664057,0,0.02,0.07,0.12,0.2,0.27,0.4,TRUE,FALSE,UGA_flucast,2026-05-13,INFLAenza
Oklahoma,OK,2,wk inc rsv hosp,hosp,2026-05-16,2026-05-30,UGA_flucast-INFLAenza,0,1,2,4,6,9,14,0,1,2,4,6,9,10,0,0.024780144364165035,0.04956028872833007,0.09912057745666014,0.1486808661849902,0.22302129927748535,0.3469220210983105,0,0.02,0.05,0.1,0.15,0.22,0.35,TRUE,FALSE,UGA_flucast,2026-05-13,INFLAenza
Oklahoma,OK,0,wk inc rsv prop ed visits,prop_ed,2026-05-16,2026-05-16,UGA_flucast-INFLAenza,3.6494881001086397e-4,5.164279309648192e-4,6.906283627291351e-4,9.187454733216163e-4,0.0011885467607455496,0.001471081162422714,0.0018047715319527526,3.6e-4,5.2e-4,6.9e-4,9.2e-4,0.0012,0.0015,0.0018,NA,NA,NA,NA,NA,NA,NA,NA,NA,NA,NA,NA,NA,NA,TRUE,FALSE,UGA_flucast,2026-05-13,INFLAenza
Oklahoma,OK,1,wk inc rsv prop ed visits,prop_ed,2026-05-16,2026-05-23,UGA_flucast-INFLAenza,2.6875540907657917e-4,3.99000485415715e-4,5.633835053819574e-4,7.863474363050866e-4,0.001063747500295995,0.0013765242587127475,0.0018006320388204518,2.7e-4,4e-4,5.6e-4,7.9e-4,0.0011,0.0014,0.0018,NA,NA,NA,NA,NA,NA,NA,NA,NA,NA,NA,NA,NA,NA,TRUE,FALSE,UGA_flucast,2026-05-13,INFLAenza
Oklahoma,OK,2,wk inc rsv prop ed visits,prop_ed,2026-05-16,2026-05-30,UGA_flucast-INFLAenza,2.0099301849128728e-4,3.1708526106892087e-4,4.6750813988552016e-4,6.899473349997994e-4,9.600853585563544e-4,0.0012798216597140048,0.001726485315577511,2e-4,3.2e-4,4.7e-4,6.9e-4,9.6e-4,0.0013,0.0017,NA,NA,NA,NA,NA,NA,NA,NA,NA,NA,NA,NA,NA,NA,TRUE,FALSE,UGA_flucast,2026-05-13,INFLAenza
Oklahoma,OK,0,wk inc rsv hosp,hosp,2026-05-16,2026-05-16,RSVHub-ensemble,1.5,3,6,7,9.5,14.5,23,2,3,6,7,10,10,20,0.03717021654624755,0.0743404330924951,0.1486808661849902,0.17346101054915525,0.23541137145956784,0.35931209328039304,0.5699433203757959,0.04,0.07,0.15,0.17,0.24,0.36,0.57,FALSE,TRUE,RSVHub,2026-05-13,Ensemble using RSVHub forecast submissions
Oklahoma,OK,1,wk inc rsv hosp,hosp,2026-05-16,2026-05-23,RSVHub-ensemble,1.5,2.5,5,5.5,8,11,20.5,2,3,5,6,8,10,20,0.03717021654624755,0.06195036091041259,0.12390072182082518,0.1362907940029077,0.19824115491332028,0.2725815880058154,0.5079929594653833,0.04,0.06,0.12,0.14,0.2,0.27,0.51,FALSE,TRUE,RSVHub,2026-05-13,Ensemble using RSVHub forecast submissions
Oklahoma,OK,2,wk inc rsv hosp,hosp,2026-05-16,2026-05-30,RSVHub-ensemble,0.5,2,4,5,6.5,9,14,1,2,4,5,7,9,10,0.012390072182082518,0.04956028872833007,0.09912057745666014,0.12390072182082518,0.16107093836707273,0.22302129927748535,0.3469220210983105,0.01,0.05,0.1,0.12,0.16,0.22,0.35,FALSE,TRUE,RSVHub,2026-05-13,Ensemble using RSVHub forecast submissions
Oklahoma,OK,0,wk inc rsv prop ed visits,prop_ed,2026-05-16,2026-05-16,RSVHub-ensemble,3.634367070360048e-4,5.195715652545055e-4,7.027112554008966e-4,9.363425831137207e-4,0.0012134598152257845,0.0014836391649457835,0.001816180942643361,3.6e-4,5.2e-4,7e-4,9.4e-4,0.0012,0.0015,0.0018,NA,NA,NA,NA,NA,NA,NA,NA,NA,NA,NA,NA,NA,NA,FALSE,TRUE,RSVHub,2026-05-13,Ensemble using RSVHub forecast submissions
Oklahoma,OK,1,wk inc rsv prop ed visits,prop_ed,2026-05-16,2026-05-23,RSVHub-ensemble,2.3836019077409218e-4,3.730528747052468e-4,5.342259891220302e-4,7.547872365480958e-4,0.0010423131423484273,0.0013588938000383497,0.0017887640765314452,2.4e-4,3.7e-4,5.3e-4,7.5e-4,0.001,0.0014,0.0018,NA,NA,NA,NA,NA,NA,NA,NA,NA,NA,NA,NA,NA,NA,FALSE,TRUE,RSVHub,2026-05-13,Ensemble using RSVHub forecast submissions
Oregon,OR,0,wk inc rsv hosp,hosp,2026-05-16,2026-05-16,CEPH-Rtrend_rsv,6,8,10,14,17,21,26,6,8,10,10,20,20,30,0.14177898121877466,0.18903864162503287,0.23629830203129107,0.33081762284380756,0.4017071134531948,0.49622643426571134,0.6143755852813568,0.14,0.19,0.24,0.33,0.4,0.5,0.61,TRUE,FALSE,CEPH Lab at Indiana University,2026-05-13,Rtrend RSV
Oregon,OR,1,wk inc rsv hosp,hosp,2026-05-16,2026-05-23,CEPH-Rtrend_rsv,4,5,7,11,15,19,26,4,5,7,10,20,20,30,0.09451932081251643,0.11814915101564553,0.16540881142190378,0.2599281322344202,0.35444745304693664,0.4489667738594531,0.6143755852813568,0.09,0.12,0.17,0.26,0.35,0.45,0.61,TRUE,FALSE,CEPH Lab at Indiana University,2026-05-13,Rtrend RSV
Oregon,OR,2,wk inc rsv hosp,hosp,2026-05-16,2026-05-30,CEPH-Rtrend_rsv,2,3,5,8,13,18,25,2,3,5,8,10,20,30,0.047259660406258217,0.07088949060938733,0.11814915101564553,0.18903864162503287,0.3071877926406784,0.425336943656324,0.5907457550782278,0.05,0.07,0.12,0.19,0.31,0.43,0.59,TRUE,FALSE,CEPH Lab at Indiana University,2026-05-13,Rtrend RSV
Oregon,OR,0,wk inc rsv prop ed visits,prop_ed,2026-05-16,2026-05-16,CFA_Pyrenew-Pyrenew_E_RSV,4.974339380274304e-4,6.330981449230774e-4,7.596597649171379e-4,9.055152831264142e-4,0.0010773527175475459,0.0012683806365761379,0.0014548227806592468,5e-4,6.3e-4,7.6e-4,9.1e-4,0.0011,0.0013,0.0015,NA,NA,NA,NA,NA,NA,NA,NA,NA,NA,NA,NA,NA,NA,TRUE,FALSE,Center for Forecasting and Outbreak Analytics (CFA/CDC) Pyrenew team,2026-05-13,Pyrenew_ED_Visits_RSV
Oregon,OR,1,wk inc rsv prop ed visits,prop_ed,2026-05-16,2026-05-23,CFA_Pyrenew-Pyrenew_E_RSV,3.070800593623872e-4,4.08725507364855e-4,5.277308009431633e-4,6.807255213351995e-4,8.809442305280424e-4,0.0010788013331049751,0.0013871779186689214,3.1e-4,4.1e-4,5.3e-4,6.8e-4,8.8e-4,0.0011,0.0014,NA,NA,NA,NA,NA,NA,NA,NA,NA,NA,NA,NA,NA,NA,TRUE,FALSE,Center for Forecasting and Outbreak Analytics (CFA/CDC) Pyrenew team,2026-05-13,Pyrenew_ED_Visits_RSV
Oregon,OR,0,wk inc rsv hosp,hosp,2026-05-16,2026-05-16,CFA_Pyrenew-Pyrenew_H_RSV,5,7,10,13,17,22,29,5,7,10,10,20,20,30,0.11814915101564553,0.16540881142190378,0.23629830203129107,0.3071877926406784,0.4017071134531948,0.5198562644688404,0.6852650758907441,0.12,0.17,0.24,0.31,0.4,0.52,0.69,FALSE,FALSE,Center for Forecasting and Outbreak Analytics (CFA/CDC) Pyrenew team,2026-05-13,Pyrenew_Hospital_Admissions_RSV
Oregon,OR,1,wk inc rsv hosp,hosp,2026-05-16,2026-05-23,CFA_Pyrenew-Pyrenew_H_RSV,2,4,7,11,16,22,30,2,4,7,10,20,20,30,0.047259660406258217,0.09451932081251643,0.16540881142190378,0.2599281322344202,0.37807728325006573,0.5198562644688404,0.7088949060938733,0.05,0.09,0.17,0.26,0.38,0.52,0.71,FALSE,FALSE,Center for Forecasting and Outbreak Analytics (CFA/CDC) Pyrenew team,2026-05-13,Pyrenew_Hospital_Admissions_RSV
Oregon,OR,0,wk inc rsv hosp,hosp,2026-05-16,2026-05-16,Google_SAI-RSVEns,3.5,5,7.5,9.5,14,20.5,32.5,4,5,8,10,10,20,30,0.08270440571095189,0.11814915101564553,0.17722372652346832,0.22448338692972655,0.33081762284380756,0.4844115191641467,0.7679694816016961,0.08,0.12,0.18,0.22,0.33,0.48,0.77,TRUE,FALSE,Google Science AI,2026-05-13,RSVEnsemble
Oregon,OR,1,wk inc rsv hosp,hosp,2026-05-16,2026-05-23,Google_SAI-RSVEns,2.5,4.5,6.5,8.5,13.5,18,31.5,3,5,7,9,10,20,30,0.05907457550782277,0.106334235914081,0.1535938963203392,0.2008535567265974,0.319002707742243,0.425336943656324,0.744339651398567,0.06,0.11,0.15,0.2,0.32,0.43,0.74,TRUE,FALSE,Google Science AI,2026-05-13,RSVEnsemble
Oregon,OR,2,wk inc rsv hosp,hosp,2026-05-16,2026-05-30,Google_SAI-RSVEns,2,3.5,5.5,7.5,11.5,14.5,23.5,2,4,6,8,10,10,20,0.047259660406258217,0.08270440571095189,0.1299640661172101,0.17722372652346832,0.27174304733598476,0.3426325379453721,0.555301009773534,0.05,0.08,0.13,0.18,0.27,0.34,0.56,TRUE,FALSE,Google Science AI,2026-05-13,RSVEnsemble
Oregon,OR,0,wk inc rsv hosp,hosp,2026-05-16,2026-05-16,RSVHub-baseline,0,0,9,13,17,29,54.87499999999985,0,0,9,10,20,30,50,0,0,0.212668471828162,0.3071877926406784,0.4017071134531948,0.6852650758907441,1.2966869323967063,0,0,0.21,0.31,0.4,0.69,1.3,FALSE,FALSE,RSVHub-hub-models,2026-05-13,RSVHub baseline model
Oregon,OR,1,wk inc rsv hosp,hosp,2026-05-16,2026-05-23,RSVHub-baseline,0,0,4,13,24,43.21669816698175,65.3884851348514,0,0,4,10,20,40,70,0,0,0.09451932081251643,0.3071877926406784,0.5671159248750987,1.0212032396256598,1.5451188009763703,0,0,0.09,0.31,0.57,1.02,1.55,FALSE,FALSE,RSVHub-hub-models,2026-05-13,RSVHub baseline model
Oregon,OR,2,wk inc rsv hosp,hosp,2026-05-16,2026-05-30,RSVHub-baseline,0,0,0,13,28.4090440904409,50.26286362863629,73.96499439994395,0,0,0,10,30,50,70,0,0,0,0.3071877926406784,0.671300888090327,1.1877029330677094,1.747780258646071,0,0,0,0.31,0.67,1.19,1.75,FALSE,FALSE,RSVHub-hub-models,2026-05-13,RSVHub baseline model
Oregon,OR,0,wk inc rsv prop ed visits,prop_ed,2026-05-16,2026-05-16,RSVHub-baseline,0,1.0000000000000005e-4,9.000000000000001e-4,0.0011,0.0013000000000000002,0.0021000000000000003,0.00372499999999999,0,1e-4,9e-4,0.0011,0.0013,0.0021,0.0037,NA,NA,NA,NA,NA,NA,NA,NA,NA,NA,NA,NA,NA,NA,FALSE,FALSE,RSVHub-hub-models,2026-05-13,RSVHub baseline model
Oregon,OR,1,wk inc rsv prop ed visits,prop_ed,2026-05-16,2026-05-23,RSVHub-baseline,0,0,5.99999999999999e-4,0.0011,0.0017,0.002700000000000001,0.004199244067440675,0,0,6e-4,0.0011,0.0017,0.0027,0.0042,NA,NA,NA,NA,NA,NA,NA,NA,NA,NA,NA,NA,NA,NA,FALSE,FALSE,RSVHub-hub-models,2026-05-13,RSVHub baseline model
Oregon,OR,2,wk inc rsv prop ed visits,prop_ed,2026-05-16,2026-05-30,RSVHub-baseline,0,0,3e-4,0.0011,0.002,0.0033,0.004759238592385946,0,0,3e-4,0.0011,0.002,0.0033,0.0048,NA,NA,NA,NA,NA,NA,NA,NA,NA,NA,NA,NA,NA,NA,FALSE,FALSE,RSVHub-hub-models,2026-05-13,RSVHub baseline model
Oregon,OR,0,wk inc rsv hosp,hosp,2026-05-16,2026-05-16,UM-DeepOutbreak,0,0,7.686707195642857,17.379962145,25.179752804357147,73.96814499545968,82.50706721499998,0,0,8,20,30,70,80,0,0,0.18163558585421144,0.4106855544231616,0.5949932833237234,1.7478547066831467,1.94962798884861,0,0,0.18,0.41,0.59,1.75,1.95,TRUE,FALSE,"University of Michigan, Computer Science and Engineering",2026-05-13,DeepOutbreak
Oregon,OR,1,wk inc rsv hosp,hosp,2026-05-16,2026-05-23,UM-DeepOutbreak,0,0,0,14.3884404075,36.53895618344202,74.7174033232696,108.51685600937284,0,0,0,10,40,70,110,0,0,0,0.3399964037170668,0.8634093304143093,1.7655595537475752,2.5642348816788907,0,0,0,0.34,0.86,1.77,2.56,TRUE,FALSE,"University of Michigan, Computer Science and Engineering",2026-05-13,DeepOutbreak
Oregon,OR,2,wk inc rsv hosp,hosp,2026-05-16,2026-05-30,UM-DeepOutbreak,0,0,0,14.019431072,35.12401878388772,82.08418240913394,127.742068825,0,0,0,10,40,80,130,0,0,0,0.3312767757758323,0.8299745999147843,1.9396352926905123,3.0185233961311826,0,0,0,0.33,0.83,1.94,3.02,TRUE,FALSE,"University of Michigan, Computer Science and Engineering",2026-05-13,DeepOutbreak
Oregon,OR,0,wk inc rsv hosp,hosp,2026-05-16,2026-05-16,UGA_flucast-INFLAenza,2,4,6,9,12,17,24,2,4,6,9,10,20,20,0.047259660406258217,0.09451932081251643,0.14177898121877466,0.212668471828162,0.2835579624375493,0.4017071134531948,0.5671159248750987,0.05,0.09,0.14,0.21,0.28,0.4,0.57,TRUE,FALSE,UGA_flucast,2026-05-13,INFLAenza
Oregon,OR,1,wk inc rsv hosp,hosp,2026-05-16,2026-05-23,UGA_flucast-INFLAenza,1,2,4,6,10,14,21,1,2,4,6,10,10,20,0.023629830203129108,0.047259660406258217,0.09451932081251643,0.14177898121877466,0.23629830203129107,0.33081762284380756,0.49622643426571134,0.02,0.05,0.09,0.14,0.24,0.33,0.5,TRUE,FALSE,UGA_flucast,2026-05-13,INFLAenza
Oregon,OR,2,wk inc rsv hosp,hosp,2026-05-16,2026-05-30,UGA_flucast-INFLAenza,0,1,3,5,8,12,18,0,1,3,5,8,10,20,0,0.023629830203129108,0.07088949060938733,0.11814915101564553,0.18903864162503287,0.2835579624375493,0.425336943656324,0,0.02,0.07,0.12,0.19,0.28,0.43,TRUE,FALSE,UGA_flucast,2026-05-13,INFLAenza
Oregon,OR,0,wk inc rsv prop ed visits,prop_ed,2026-05-16,2026-05-16,UGA_flucast-INFLAenza,4.347073329143772e-4,5.992650745065439e-4,7.783322050093014e-4,0.0010105012931652998,0.001318971506006851,0.0016157527924878148,0.002000385825492064,4.3e-4,6e-4,7.8e-4,0.001,0.0013,0.0016,0.002,NA,NA,NA,NA,NA,NA,NA,NA,NA,NA,NA,NA,NA,NA,TRUE,FALSE,UGA_flucast,2026-05-13,INFLAenza
Oregon,OR,1,wk inc rsv prop ed visits,prop_ed,2026-05-16,2026-05-23,UGA_flucast-INFLAenza,3.0302878761017456e-4,4.57656146278816e-4,6.267887120994223e-4,8.628989636519456e-4,0.0011563069451192584,0.0014644642614840865,0.0018860281619986498,3e-4,4.6e-4,6.3e-4,8.6e-4,0.0012,0.0015,0.0019,NA,NA,NA,NA,NA,NA,NA,NA,NA,NA,NA,NA,NA,NA,TRUE,FALSE,UGA_flucast,2026-05-13,INFLAenza
Oregon,OR,2,wk inc rsv prop ed visits,prop_ed,2026-05-16,2026-05-30,UGA_flucast-INFLAenza,2.235062588555485e-4,3.548526981687878e-4,5.164328494700033e-4,7.43463269271546e-4,0.0010288101424484096,0.00134421963251048,0.0018007227065703919,2.2e-4,3.5e-4,5.2e-4,7.4e-4,0.001,0.0013,0.0018,NA,NA,NA,NA,NA,NA,NA,NA,NA,NA,NA,NA,NA,NA,TRUE,FALSE,UGA_flucast,2026-05-13,INFLAenza
Oregon,OR,0,wk inc rsv hosp,hosp,2026-05-16,2026-05-16,RSVHub-ensemble,2.75,4.5,7.593353597821428,11.75,15.5,20.75,29.25,3,5,8,10,20,20,30,0.06498203305860505,0.106334235914081,0.17942965618883988,0.277650504886767,0.3662623681485012,0.490318976714929,0.6911725334415265,0.06,0.11,0.18,0.28,0.37,0.49,0.69,FALSE,TRUE,RSVHub,2026-05-13,Ensemble using RSVHub forecast submissions
Oregon,OR,1,wk inc rsv hosp,hosp,2026-05-16,2026-05-23,RSVHub-ensemble,1.75,3.25,5.25,9.75,14.25,18.5,28.75,2,3,5,10,10,20,30,0.041352202855475945,0.0767969481601696,0.12405660856642783,0.2303908444805088,0.3367250803945898,0.43715185875788853,0.6793576183399619,0.04,0.08,0.12,0.23,0.34,0.44,0.68,FALSE,TRUE,RSVHub,2026-05-13,Ensemble using RSVHub forecast submissions
Oregon,OR,2,wk inc rsv hosp,hosp,2026-05-16,2026-05-30,RSVHub-ensemble,1,2,4,7.75,12.25,16.25,24.25,1,2,4,8,10,20,20,0.023629830203129108,0.047259660406258217,0.09451932081251643,0.1831311840742506,0.2894654199883316,0.38398474080084805,0.5730233824258809,0.02,0.05,0.09,0.18,0.29,0.38,0.57,FALSE,TRUE,RSVHub,2026-05-13,Ensemble using RSVHub forecast submissions
Oregon,OR,0,wk inc rsv prop ed visits,prop_ed,2026-05-16,2026-05-16,RSVHub-ensemble,4.6607063547090383e-4,6.161816097148107e-4,7.689959849632197e-4,9.58008288145857e-4,0.0011981621117771984,0.0014420667145319762,0.0017276043030756555,4.7e-4,6.2e-4,7.7e-4,9.6e-4,0.0012,0.0014,0.0017,NA,NA,NA,NA,NA,NA,NA,NA,NA,NA,NA,NA,NA,NA,FALSE,TRUE,RSVHub,2026-05-13,Ensemble using RSVHub forecast submissions
Oregon,OR,1,wk inc rsv prop ed visits,prop_ed,2026-05-16,2026-05-23,RSVHub-ensemble,3.050544234862809e-4,4.331908268218355e-4,5.772597565212928e-4,7.718122424935725e-4,0.0010186255878236504,0.0012716327972945307,0.0016366030403337857,3.1e-4,4.3e-4,5.8e-4,7.7e-4,0.001,0.0013,0.0016,NA,NA,NA,NA,NA,NA,NA,NA,NA,NA,NA,NA,NA,NA,FALSE,TRUE,RSVHub,2026-05-13,Ensemble using RSVHub forecast submissions
Pennsylvania,PA,0,wk inc rsv hosp,hosp,2026-05-16,2026-05-16,CEPH-Rtrend_rsv,39,55,78,107,143,179,221,40,60,80,110,140,180,220,0.3009504710376456,0.4244173309505258,0.6019009420752912,0.8256846256673865,1.103485060471367,1.3812854952753477,1.7053860025466585,0.3,0.42,0.6,0.83,1.1,1.38,1.71,TRUE,FALSE,CEPH Lab at Indiana University,2026-05-13,Rtrend RSV
Pennsylvania,PA,1,wk inc rsv hosp,hosp,2026-05-16,2026-05-23,CEPH-Rtrend_rsv,19,32,52,75,107,146,188,20,30,50,80,110,150,190,0.14661689614654527,0.2469337198257605,0.4012672947168608,0.5787509058416261,0.8256846256673865,1.1266350967050323,1.4507356039763428,0.15,0.25,0.4,0.58,0.83,1.13,1.45,TRUE,FALSE,CEPH Lab at Indiana University,2026-05-13,Rtrend RSV
Pennsylvania,PA,2,wk inc rsv hosp,hosp,2026-05-16,2026-05-30,CEPH-Rtrend_rsv,10,19,32,52,81,110,149,10,20,30,50,80,110,150,0.07716678744555015,0.14661689614654527,0.2469337198257605,0.4012672947168608,0.6250509783089562,0.8488346619010516,1.1497851329386972,0.08,0.15,0.25,0.4,0.63,0.85,1.15,TRUE,FALSE,CEPH Lab at Indiana University,2026-05-13,Rtrend RSV
Pennsylvania,PA,0,wk inc rsv prop ed visits,prop_ed,2026-05-16,2026-05-16,CFA_Pyrenew-Pyrenew_E_RSV,2.5944540738652487e-4,3.1343984787851397e-4,3.6782218682235995e-4,4.2844652325774364e-4,4.953674312687571e-4,5.571790045033933e-4,6.52217612380616e-4,2.6e-4,3.1e-4,3.7e-4,4.3e-4,5e-4,5.6e-4,6.5e-4,NA,NA,NA,NA,NA,NA,NA,NA,NA,NA,NA,NA,NA,NA,TRUE,FALSE,Center for Forecasting and Outbreak Analytics (CFA/CDC) Pyrenew team,2026-05-13,Pyrenew_ED_Visits_RSV
Pennsylvania,PA,1,wk inc rsv prop ed visits,prop_ed,2026-05-16,2026-05-23,CFA_Pyrenew-Pyrenew_E_RSV,1.4693836827230268e-4,1.9010439933857444e-4,2.3690427199643288e-4,2.99718002305934e-4,3.769584729927339e-4,4.6168656802209415e-4,5.591491311120834e-4,1.5e-4,1.9e-4,2.4e-4,3e-4,3.8e-4,4.6e-4,5.6e-4,NA,NA,NA,NA,NA,NA,NA,NA,NA,NA,NA,NA,NA,NA,TRUE,FALSE,Center for Forecasting and Outbreak Analytics (CFA/CDC) Pyrenew team,2026-05-13,Pyrenew_ED_Visits_RSV
Pennsylvania,PA,0,wk inc rsv prop ed visits,prop_ed,2026-05-16,2026-05-16,CFA_Pyrenew-Pyrenew_HE_RSV,3.1227742232678164e-4,3.6204471538420723e-4,4.1579127594428635e-4,4.862015473582105e-4,5.628603957149273e-4,6.37608080220826e-4,7.313115692597094e-4,3.1e-4,3.6e-4,4.2e-4,4.9e-4,5.6e-4,6.4e-4,7.3e-4,NA,NA,NA,NA,NA,NA,NA,NA,NA,NA,NA,NA,NA,NA,FALSE,FALSE,Center for Forecasting and Outbreak Analytics (CFA/CDC) Pyrenew team,2026-05-13,Pyrenew_Hospital_Admissions_ED_Visits_RSV
Pennsylvania,PA,1,wk inc rsv prop ed visits,prop_ed,2026-05-16,2026-05-23,CFA_Pyrenew-Pyrenew_HE_RSV,1.8333480638642574e-4,2.3019054328095691e-4,2.837155381234607e-4,3.522059920722748e-4,4.3924111587026926e-4,5.298892269154699e-4,6.33848624542813e-4,1.8e-4,2.3e-4,2.8e-4,3.5e-4,4.4e-4,5.3e-4,6.3e-4,NA,NA,NA,NA,NA,NA,NA,NA,NA,NA,NA,NA,NA,NA,FALSE,FALSE,Center for Forecasting and Outbreak Analytics (CFA/CDC) Pyrenew team,2026-05-13,Pyrenew_Hospital_Admissions_ED_Visits_RSV
Pennsylvania,PA,0,wk inc rsv hosp,hosp,2026-05-16,2026-05-16,CFA_Pyrenew-Pyrenew_HE_RSV,54,62,69,79,88,98,111,50,60,70,80,90,100,110,0.4167006522059708,0.4784340821624109,0.5324508333742961,0.6096176208198462,0.6790677295208413,0.7562345169663914,0.8565513406456067,0.42,0.48,0.53,0.61,0.68,0.76,0.86,TRUE,FALSE,Center for Forecasting and Outbreak Analytics (CFA/CDC) Pyrenew team,2026-05-13,Pyrenew_Hospital_Admissions_ED_Visits_RSV
Pennsylvania,PA,1,wk inc rsv hosp,hosp,2026-05-16,2026-05-23,CFA_Pyrenew-Pyrenew_HE_RSV,37,43,50,58,68,79,94,40,40,50,60,70,80,90,0.28551711354853554,0.33181718601586563,0.3858339372277508,0.4475673671841908,0.524734154629741,0.6096176208198462,0.7253678019881714,0.29,0.33,0.39,0.45,0.52,0.61,0.73,TRUE,FALSE,Center for Forecasting and Outbreak Analytics (CFA/CDC) Pyrenew team,2026-05-13,Pyrenew_Hospital_Admissions_ED_Visits_RSV
Pennsylvania,PA,0,wk inc rsv hosp,hosp,2026-05-16,2026-05-16,CFA_Pyrenew-Pyrenew_H_RSV,64,75,87,101,117,134,158,60,80,90,100,120,130,160,0.493867439651521,0.5787509058416261,0.6713510507762863,0.7793845532000565,0.9028514131129367,1.034034951770372,1.2192352416396923,0.49,0.58,0.67,0.78,0.9,1.03,1.22,FALSE,FALSE,Center for Forecasting and Outbreak Analytics (CFA/CDC) Pyrenew team,2026-05-13,Pyrenew_Hospital_Admissions_RSV
Pennsylvania,PA,1,wk inc rsv hosp,hosp,2026-05-16,2026-05-23,CFA_Pyrenew-Pyrenew_H_RSV,37,50,62,79.5,101,127,155,40,50,60,80,100,130,160,0.28551711354853554,0.3858339372277508,0.4784340821624109,0.6134759601921237,0.7793845532000565,0.9800182005584869,1.1960852054060274,0.29,0.39,0.48,0.61,0.78,0.98,1.2,FALSE,FALSE,Center for Forecasting and Outbreak Analytics (CFA/CDC) Pyrenew team,2026-05-13,Pyrenew_Hospital_Admissions_RSV
Pennsylvania,PA,0,wk inc rsv hosp,hosp,2026-05-16,2026-05-16,Google_SAI-RSVEns,64,78.5,84.5,96.5,109.5,143.5,167.5,60,80,80,100,110,140,170,0.493867439651521,0.6057592814475686,0.6520593539148988,0.744659498849559,0.8449763225287742,1.1073433998436446,1.292543689712965,0.49,0.61,0.65,0.74,0.84,1.11,1.29,TRUE,FALSE,Google Science AI,2026-05-13,RSVEnsemble
Pennsylvania,PA,1,wk inc rsv hosp,hosp,2026-05-16,2026-05-23,Google_SAI-RSVEns,51.5,62,73.5,85.5,96.5,124,147.5,50,60,70,90,100,120,150,0.39740895534458326,0.4784340821624109,0.5671758877247937,0.6597760326594537,0.744659498849559,0.9568681643248218,1.1382101148218646,0.4,0.48,0.57,0.66,0.74,0.96,1.14,TRUE,FALSE,Google Science AI,2026-05-13,RSVEnsemble
Pennsylvania,PA,2,wk inc rsv hosp,hosp,2026-05-16,2026-05-30,Google_SAI-RSVEns,40,58,69.5,79,85.5,106.5,140.5,40,60,70,80,90,110,140,0.3086671497822006,0.4475673671841908,0.5363091727465735,0.6096176208198462,0.6597760326594537,0.8218262862951091,1.0841933636099796,0.31,0.45,0.54,0.61,0.66,0.82,1.08,TRUE,FALSE,Google Science AI,2026-05-13,RSVEnsemble
Pennsylvania,PA,0,wk inc rsv hosp,hosp,2026-05-16,2026-05-16,RSVHub-baseline,0,41.5,90.75,121,151.25,200.50000000000003,306.12499999999915,0,40,90,120,150,200,310,0,0.3202421678990331,0.7002885960683676,0.9337181280911567,1.1671476601139459,1.5471940882832809,2.362268280676897,0,0.32,0.7,0.93,1.17,1.55,2.36,FALSE,FALSE,RSVHub-hub-models,2026-05-13,RSVHub baseline model
Pennsylvania,PA,1,wk inc rsv hosp,hosp,2026-05-16,2026-05-23,RSVHub-baseline,0,7,62.55191551915519,121,180.5510155101551,242.1258992589927,389.1579008290092,0,7,60,120,180,240,390,0,0.0540167512118851,0.48269303691786575,0.9337181280911567,1.3932541836950367,1.8684077803181378,3.0030065016028633,0,0.05,0.48,0.93,1.39,1.87,3,FALSE,FALSE,RSVHub-hub-models,2026-05-13,RSVHub baseline model
Pennsylvania,PA,2,wk inc rsv hosp,hosp,2026-05-16,2026-05-30,RSVHub-baseline,0,0,46.93335183351835,121,197.14359393593944,283.0999989999922,441.78015530155426,0,0,50,120,200,280,440,0,0,0.3621695985044332,0.9337181280911567,1.5212937809506488,2.1845917448667858,3.409075534181717,0,0,0.36,0.93,1.52,2.18,3.41,FALSE,FALSE,RSVHub-hub-models,2026-05-13,RSVHub baseline model
Pennsylvania,PA,0,wk inc rsv prop ed visits,prop_ed,2026-05-16,2026-05-16,RSVHub-baseline,0,0,4e-4,5e-4,6.000000000000001e-4,0.001299999999999999,0.0027874999999999857,0,0,4e-4,5e-4,6e-4,0.0013,0.0028,NA,NA,NA,NA,NA,NA,NA,NA,NA,NA,NA,NA,NA,NA,FALSE,FALSE,RSVHub-hub-models,2026-05-13,RSVHub baseline model
Pennsylvania,PA,1,wk inc rsv prop ed visits,prop_ed,2026-05-16,2026-05-23,RSVHub-baseline,0,0,1.0000000000000005e-4,5e-4,9.999999999999998e-4,0.0018017139171391714,0.003257504950049498,0,0,1e-4,5e-4,0.001,0.0018,0.0033,NA,NA,NA,NA,NA,NA,NA,NA,NA,NA,NA,NA,NA,NA,FALSE,FALSE,RSVHub-hub-models,2026-05-13,RSVHub baseline model
Pennsylvania,PA,2,wk inc rsv prop ed visits,prop_ed,2026-05-16,2026-05-30,RSVHub-baseline,0,0,0,5e-4,0.0012000000000000001,0.0022999999999999995,0.003606022185221845,0,0,0,5e-4,0.0012,0.0023,0.0036,NA,NA,NA,NA,NA,NA,NA,NA,NA,NA,NA,NA,NA,NA,FALSE,FALSE,RSVHub-hub-models,2026-05-13,RSVHub baseline model
Pennsylvania,PA,0,wk inc rsv hosp,hosp,2026-05-16,2026-05-16,UGA_flucast-INFLAenza,37,52,69,94,127,165,223,40,50,70,90,130,170,220,0.28551711354853554,0.4012672947168608,0.5324508333742961,0.7253678019881714,0.9800182005584869,1.2732519928515775,1.7208193600357684,0.29,0.4,0.53,0.73,0.98,1.27,1.72,TRUE,FALSE,UGA_flucast,2026-05-13,INFLAenza
Pennsylvania,PA,1,wk inc rsv hosp,hosp,2026-05-16,2026-05-23,UGA_flucast-INFLAenza,23,35,49,71,102,140,199,20,40,50,70,100,140,200,0.17748361112476535,0.27008375605942553,0.3781172584831957,0.5478841908634061,0.7871012319446116,1.0803350242377021,1.5356190701664478,0.18,0.27,0.38,0.55,0.79,1.08,1.54,TRUE,FALSE,UGA_flucast,2026-05-13,INFLAenza
Pennsylvania,PA,2,wk inc rsv hosp,hosp,2026-05-16,2026-05-30,UGA_flucast-INFLAenza,15,24,36,54,81,116,174,20,20,40,50,80,120,170,0.11575018116832522,0.18520028986932036,0.27780043480398053,0.4167006522059708,0.6250509783089562,0.8951347343683816,1.3427021015525726,0.12,0.19,0.28,0.42,0.63,0.9,1.34,TRUE,FALSE,UGA_flucast,2026-05-13,INFLAenza
Pennsylvania,PA,0,wk inc rsv prop ed visits,prop_ed,2026-05-16,2026-05-16,UGA_flucast-INFLAenza,1.825034955356281e-4,2.693293046717373e-4,3.910238478973151e-4,5.455166653970056e-4,7.35406891074859e-4,9.381266118728167e-4,0.001209886930266059,1.8e-4,2.7e-4,3.9e-4,5.5e-4,7.4e-4,9.4e-4,0.0012,NA,NA,NA,NA,NA,NA,NA,NA,NA,NA,NA,NA,NA,NA,TRUE,FALSE,UGA_flucast,2026-05-13,INFLAenza
Pennsylvania,PA,1,wk inc rsv prop ed visits,prop_ed,2026-05-16,2026-05-23,UGA_flucast-INFLAenza,1.2903189652833396e-4,2.1278467385754405e-4,3.184318775274727e-4,4.701894421518463e-4,6.592287967169613e-4,8.718037427874457e-4,0.001145514679037687,1.3e-4,2.1e-4,3.2e-4,4.7e-4,6.6e-4,8.7e-4,0.0011,NA,NA,NA,NA,NA,NA,NA,NA,NA,NA,NA,NA,NA,NA,TRUE,FALSE,UGA_flucast,2026-05-13,INFLAenza
Pennsylvania,PA,2,wk inc rsv prop ed visits,prop_ed,2026-05-16,2026-05-30,UGA_flucast-INFLAenza,8.854242849886467e-5,1.6733747579132047e-4,2.6364622638582055e-4,4.148269950218935e-4,6.08346976764514e-4,8.202280631016042e-4,0.0011081835842597497,8.9e-5,1.7e-4,2.6e-4,4.1e-4,6.1e-4,8.2e-4,0.0011,NA,NA,NA,NA,NA,NA,NA,NA,NA,NA,NA,NA,NA,NA,TRUE,FALSE,UGA_flucast,2026-05-13,INFLAenza
Pennsylvania,PA,0,wk inc rsv hosp,hosp,2026-05-16,2026-05-16,RSVHub-ensemble,46.5,58.5,73.5,95.25,118.25,154.25,194.25,50,60,70,100,120,150,190,0.35882556162180823,0.45142570655646835,0.5671758877247937,0.7350136504188651,0.9124972615436306,1.190297696347611,1.4989648461298117,0.36,0.45,0.57,0.74,0.91,1.19,1.5,FALSE,TRUE,RSVHub,2026-05-13,Ensemble using RSVHub forecast submissions
Pennsylvania,PA,1,wk inc rsv hosp,hosp,2026-05-16,2026-05-23,RSVHub-ensemble,30,39,51,73,99.25,132,167.75,30,40,50,70,100,130,170,0.23150036233665044,0.3009504710376456,0.3935506159723058,0.5633175483525161,0.7658803653970853,1.018601594281262,1.2944728593991037,0.23,0.3,0.39,0.56,0.77,1.02,1.29,FALSE,TRUE,RSVHub,2026-05-13,Ensemble using RSVHub forecast submissions
Pennsylvania,PA,2,wk inc rsv hosp,hosp,2026-05-16,2026-05-30,RSVHub-ensemble,15,24,36,54,81,110,149,20,20,40,50,80,110,150,0.11575018116832522,0.18520028986932036,0.27780043480398053,0.4167006522059708,0.6250509783089562,0.8488346619010516,1.1497851329386972,0.12,0.19,0.28,0.42,0.63,0.85,1.15,FALSE,TRUE,RSVHub,2026-05-13,Ensemble using RSVHub forecast submissions
Pennsylvania,PA,0,wk inc rsv prop ed visits,prop_ed,2026-05-16,2026-05-16,RSVHub-ensemble,2.209744514610765e-4,2.913845762751256e-4,3.794230173598375e-4,4.8698159432737463e-4,6.153871611718081e-4,7.47652808188105e-4,9.310522713233374e-4,2.2e-4,2.9e-4,3.8e-4,4.9e-4,6.2e-4,7.5e-4,0.00093000000000000005,NA,NA,NA,NA,NA,NA,NA,NA,NA,NA,NA,NA,NA,NA,FALSE,TRUE,RSVHub,2026-05-13,Ensemble using RSVHub forecast submissions
Pennsylvania,PA,1,wk inc rsv prop ed visits,prop_ed,2026-05-16,2026-05-23,RSVHub-ensemble,1.3798513240031833e-4,2.0144453659805923e-4,2.776680747619528e-4,3.8495372222889014e-4,5.180936348548476e-4,6.667451554047699e-4,8.523319050748853e-4,1.4e-4,2e-4,2.8e-4,3.8e-4,5.2e-4,6.7e-4,8.5e-4,NA,NA,NA,NA,NA,NA,NA,NA,NA,NA,NA,NA,NA,NA,FALSE,TRUE,RSVHub,2026-05-13,Ensemble using RSVHub forecast submissions
Puerto Rico,PR,0,wk inc rsv hosp,hosp,2026-05-16,2026-05-16,CEPH-Rtrend_rsv,6,10,15,24,35,47,63,6,10,20,20,40,50,60,0.18259981971311134,0.30433303285518554,0.45649954928277836,0.7303992788524454,1.0651656149931494,1.4303652544193721,1.917298106987669,0.18,0.3,0.46,0.73,1.07,1.43,1.92,TRUE,FALSE,CEPH Lab at Indiana University,2026-05-13,Rtrend RSV
Puerto Rico,PR,1,wk inc rsv hosp,hosp,2026-05-16,2026-05-23,CEPH-Rtrend_rsv,4,7,12,20,34,51,72,4,7,10,20,30,50,70,0.12173321314207422,0.2130331229986299,0.3651996394262227,0.6086660657103711,1.0347323117076308,1.5520984675614464,2.191197836557336,0.12,0.21,0.37,0.61,1.03,1.55,2.19,TRUE,FALSE,CEPH Lab at Indiana University,2026-05-13,Rtrend RSV
Puerto Rico,PR,2,wk inc rsv hosp,hosp,2026-05-16,2026-05-30,CEPH-Rtrend_rsv,2,5,8,18,32,49,69,2,5,8,20,30,50,70,0.06086660657103711,0.15216651642759277,0.24346642628414844,0.547799459139334,0.9738657051365938,1.4912318609904092,2.0998979267007805,0.06,0.15,0.24,0.55,0.97,1.49,2.1,TRUE,FALSE,CEPH Lab at Indiana University,2026-05-13,Rtrend RSV
Puerto Rico,PR,0,wk inc rsv hosp,hosp,2026-05-16,2026-05-16,Google_SAI-RSVEns,7,12,14.5,18.5,22.5,28,45,7,10,10,20,20,30,50,0.2130331229986299,0.3651996394262227,0.44128289764001905,0.5630161107820932,0.6847493239241675,0.8521324919945196,1.369498647848335,0.21,0.37,0.44,0.56,0.68,0.85,1.37,TRUE,FALSE,Google Science AI,2026-05-13,RSVEnsemble
Puerto Rico,PR,1,wk inc rsv hosp,hosp,2026-05-16,2026-05-23,Google_SAI-RSVEns,5.5,10.5,12.5,16.5,21,24.5,45,6,10,10,20,20,20,50,0.16738316807035206,0.31954968449794485,0.38041629106898195,0.5021495042110562,0.6390993689958897,0.7456159304952046,1.369498647848335,0.17,0.32,0.38,0.5,0.64,0.75,1.37,TRUE,FALSE,Google Science AI,2026-05-13,RSVEnsemble
Puerto Rico,PR,2,wk inc rsv hosp,hosp,2026-05-16,2026-05-30,Google_SAI-RSVEns,4.5,8,10.5,14.5,17.5,22,44,5,8,10,10,20,20,40,0.1369498647848335,0.24346642628414844,0.31954968449794485,0.44128289764001905,0.5325828074965747,0.6695326722814082,1.3390653445628165,0.14,0.24,0.32,0.44,0.53,0.67,1.34,TRUE,FALSE,Google Science AI,2026-05-13,RSVEnsemble
Puerto Rico,PR,0,wk inc rsv hosp,hosp,2026-05-16,2026-05-16,RSVHub-baseline,0,0,12,21,30,54.500000000000036,88.24999999999977,0,0,10,20,30,50,90,0,0,0.3651996394262227,0.6390993689958897,0.9129990985655567,1.6586150290607622,2.6857390149470057,0,0,0.37,0.64,0.91,1.66,2.69,FALSE,FALSE,RSVHub-hub-models,2026-05-13,RSVHub baseline model
Puerto Rico,PR,1,wk inc rsv hosp,hosp,2026-05-16,2026-05-23,RSVHub-baseline,0,0,5.758300083000829,21,38.888278882788825,67.71478414784134,131.29080415804253,0,0,6,20,40,70,130,0,0,0.17524409283499087,0.6390993689958897,1.183498785491739,2.0607845628846797,3.995612861541329,0,0,0.18,0.64,1.18,2.06,4,FALSE,FALSE,RSVHub-hub-models,2026-05-13,RSVHub baseline model
Puerto Rico,PR,2,wk inc rsv hosp,hosp,2026-05-16,2026-05-30,RSVHub-baseline,0,0,0,21,47.05014800148002,82.78568385683872,169.0443014430151,0,0,0,20,50,80,170,0,0,0,0.6390993689958897,1.4318914237575762,2.5194418245142303,5.144576494503901,0,0,0,0.64,1.43,2.52,5.14,FALSE,FALSE,RSVHub-hub-models,2026-05-13,RSVHub baseline model
Puerto Rico,PR,0,wk inc rsv hosp,hosp,2026-05-16,2026-05-16,UGA_flucast-INFLAenza,3,5,8,12,17,23,32,3,5,8,10,20,20,30,0.09129990985655567,0.15216651642759277,0.24346642628414844,0.3651996394262227,0.5173661558538154,0.6999659755669267,0.9738657051365938,0.09,0.15,0.24,0.37,0.52,0.7,0.97,TRUE,FALSE,UGA_flucast,2026-05-13,INFLAenza
Puerto Rico,PR,1,wk inc rsv hosp,hosp,2026-05-16,2026-05-23,UGA_flucast-INFLAenza,2,4,6,9,14,20,29,2,4,6,9,10,20,30,0.06086660657103711,0.12173321314207422,0.18259981971311134,0.273899729569667,0.4260662459972598,0.6086660657103711,0.8825657952800381,0.06,0.12,0.18,0.27,0.43,0.61,0.88,TRUE,FALSE,UGA_flucast,2026-05-13,INFLAenza
Puerto Rico,PR,2,wk inc rsv hosp,hosp,2026-05-16,2026-05-30,UGA_flucast-INFLAenza,1,2,4,7,11,16,25,1,2,4,7,10,20,30,0.030433303285518555,0.06086660657103711,0.12173321314207422,0.2130331229986299,0.3347663361407041,0.4869328525682969,0.7608325821379639,0.03,0.06,0.12,0.21,0.33,0.49,0.76,TRUE,FALSE,UGA_flucast,2026-05-13,INFLAenza
Puerto Rico,PR,0,wk inc rsv hosp,hosp,2026-05-16,2026-05-16,RSVHub-ensemble,6,10,14.5,18.5,22.5,28,45,6,10,10,20,20,30,50,0.18259981971311134,0.30433303285518554,0.44128289764001905,0.5630161107820932,0.6847493239241675,0.8521324919945196,1.369498647848335,0.18,0.3,0.44,0.56,0.68,0.85,1.37,FALSE,TRUE,RSVHub,2026-05-13,Ensemble using RSVHub forecast submissions
Puerto Rico,PR,1,wk inc rsv hosp,hosp,2026-05-16,2026-05-23,RSVHub-ensemble,4,7,12,16.5,21,24.5,45,4,7,10,20,20,20,50,0.12173321314207422,0.2130331229986299,0.3651996394262227,0.5021495042110562,0.6390993689958897,0.7456159304952046,1.369498647848335,0.12,0.21,0.37,0.5,0.64,0.75,1.37,FALSE,TRUE,RSVHub,2026-05-13,Ensemble using RSVHub forecast submissions
Puerto Rico,PR,2,wk inc rsv hosp,hosp,2026-05-16,2026-05-30,RSVHub-ensemble,2,5,8,14.5,17.5,22,44,2,5,8,10,20,20,40,0.06086660657103711,0.15216651642759277,0.24346642628414844,0.44128289764001905,0.5325828074965747,0.6695326722814082,1.3390653445628165,0.06,0.15,0.24,0.44,0.53,0.67,1.34,FALSE,TRUE,RSVHub,2026-05-13,Ensemble using RSVHub forecast submissions
Rhode Island,RI,0,wk inc rsv hosp,hosp,2026-05-16,2026-05-16,CEPH-Rtrend_rsv,1,2,3,4,7,9,12,1,2,3,4,7,9,10,0.09154139227134334,0.18308278454268667,0.27462417681403,0.36616556908537334,0.6407897458994033,0.82387253044209,1.09849670725612,0.09,0.18,0.27,0.37,0.64,0.82,1.1,TRUE,FALSE,CEPH Lab at Indiana University,2026-05-13,Rtrend RSV
Rhode Island,RI,1,wk inc rsv hosp,hosp,2026-05-16,2026-05-23,CEPH-Rtrend_rsv,1,1,2,3,6,8,12,1,1,2,3,6,8,10,0.09154139227134334,0.09154139227134334,0.18308278454268667,0.27462417681403,0.54924835362806,0.7323311381707467,1.09849670725612,0.09,0.09,0.18,0.27,0.55,0.73,1.1,TRUE,FALSE,CEPH Lab at Indiana University,2026-05-13,Rtrend RSV
Rhode Island,RI,2,wk inc rsv hosp,hosp,2026-05-16,2026-05-30,CEPH-Rtrend_rsv,0,1,1,2,5,7,11,0,1,1,2,5,7,10,0,0.09154139227134334,0.09154139227134334,0.18308278454268667,0.4577069613567167,0.6407897458994033,1.0069553149847765,0,0.09,0.09,0.18,0.46,0.64,1.01,TRUE,FALSE,CEPH Lab at Indiana University,2026-05-13,Rtrend RSV
Rhode Island,RI,0,wk inc rsv prop ed visits,prop_ed,2026-05-16,2026-05-16,CFA_Pyrenew-Pyrenew_E_RSV,9.904978086979949e-5,1.9717557834539047e-4,3.054994425852409e-4,4.5508543892785943e-4,6.91364910813985e-4,9.140757308293817e-4,0.001197564050615882,9.9e-5,2e-4,3.1e-4,4.6e-4,6.9e-4,9.1e-4,0.0012,NA,NA,NA,NA,NA,NA,NA,NA,NA,NA,NA,NA,NA,NA,TRUE,FALSE,Center for Forecasting and Outbreak Analytics (CFA/CDC) Pyrenew team,2026-05-13,Pyrenew_ED_Visits_RSV
Rhode Island,RI,1,wk inc rsv prop ed visits,prop_ed,2026-05-16,2026-05-23,CFA_Pyrenew-Pyrenew_E_RSV,0,9.889407464706366e-5,2.006004227275218e-4,3.3095531325717125e-4,5.409153188568925e-4,7.818567286576004e-4,0.0011431009567756647,0,9.9e-5,2e-4,3.3e-4,5.4e-4,7.8e-4,0.0011,NA,NA,NA,NA,NA,NA,NA,NA,NA,NA,NA,NA,NA,NA,TRUE,FALSE,Center for Forecasting and Outbreak Analytics (CFA/CDC) Pyrenew team,2026-05-13,Pyrenew_ED_Visits_RSV
Rhode Island,RI,0,wk inc rsv prop ed visits,prop_ed,2026-05-16,2026-05-16,CFA_Pyrenew-Pyrenew_HE_RSV,0,1.0624549142041049e-4,2.1496355972601232e-4,4.04765582084596e-4,5.76474128202742e-4,7.756605583119886e-4,0.0010618499711357715,0,1.1e-4,2.1e-4,4e-4,5.8e-4,7.8e-4,0.0011,NA,NA,NA,NA,NA,NA,NA,NA,NA,NA,NA,NA,NA,NA,FALSE,FALSE,Center for Forecasting and Outbreak Analytics (CFA/CDC) Pyrenew team,2026-05-13,Pyrenew_Hospital_Admissions_ED_Visits_RSV
Rhode Island,RI,1,wk inc rsv prop ed visits,prop_ed,2026-05-16,2026-05-23,CFA_Pyrenew-Pyrenew_HE_RSV,0,0,1.1016397299928861e-4,2.9187679994306794e-4,4.473440097824057e-4,6.623012682825039e-4,9.828640971843137e-4,0,0,1.1e-4,2.9e-4,4.5e-4,6.6e-4,9.8e-4,NA,NA,NA,NA,NA,NA,NA,NA,NA,NA,NA,NA,NA,NA,FALSE,FALSE,Center for Forecasting and Outbreak Analytics (CFA/CDC) Pyrenew team,2026-05-13,Pyrenew_Hospital_Admissions_ED_Visits_RSV
Rhode Island,RI,0,wk inc rsv hosp,hosp,2026-05-16,2026-05-16,CFA_Pyrenew-Pyrenew_HE_RSV,1,2,3,5,6,8,10,1,2,3,5,6,8,10,0.09154139227134334,0.18308278454268667,0.27462417681403,0.4577069613567167,0.54924835362806,0.7323311381707467,0.9154139227134334,0.09,0.18,0.27,0.46,0.55,0.73,0.92,TRUE,FALSE,Center for Forecasting and Outbreak Analytics (CFA/CDC) Pyrenew team,2026-05-13,Pyrenew_Hospital_Admissions_ED_Visits_RSV
Rhode Island,RI,1,wk inc rsv hosp,hosp,2026-05-16,2026-05-23,CFA_Pyrenew-Pyrenew_HE_RSV,0,1,2,3,5,7,9,0,1,2,3,5,7,9,0,0.09154139227134334,0.18308278454268667,0.27462417681403,0.4577069613567167,0.6407897458994033,0.82387253044209,0,0.09,0.18,0.27,0.46,0.64,0.82,TRUE,FALSE,Center for Forecasting and Outbreak Analytics (CFA/CDC) Pyrenew team,2026-05-13,Pyrenew_Hospital_Admissions_ED_Visits_RSV
Rhode Island,RI,0,wk inc rsv hosp,hosp,2026-05-16,2026-05-16,CFA_Pyrenew-Pyrenew_H_RSV,0,1,2,4,6,8,11,0,1,2,4,6,8,10,0,0.09154139227134334,0.18308278454268667,0.36616556908537334,0.54924835362806,0.7323311381707467,1.0069553149847765,0,0.09,0.18,0.37,0.55,0.73,1.01,FALSE,FALSE,Center for Forecasting and Outbreak Analytics (CFA/CDC) Pyrenew team,2026-05-13,Pyrenew_Hospital_Admissions_RSV
Rhode Island,RI,1,wk inc rsv hosp,hosp,2026-05-16,2026-05-23,CFA_Pyrenew-Pyrenew_H_RSV,0,0,1,3,5,7,10,0,0,1,3,5,7,10,0,0,0.09154139227134334,0.27462417681403,0.4577069613567167,0.6407897458994033,0.9154139227134334,0,0,0.09,0.27,0.46,0.64,0.92,FALSE,FALSE,Center for Forecasting and Outbreak Analytics (CFA/CDC) Pyrenew team,2026-05-13,Pyrenew_Hospital_Admissions_RSV
Rhode Island,RI,0,wk inc rsv hosp,hosp,2026-05-16,2026-05-16,Google_SAI-RSVEns,1.5,2.5,3.5,5,8,10,17.5,2,3,4,5,8,10,20,0.137312088407015,0.22885348067835834,0.32039487294970165,0.4577069613567167,0.7323311381707467,0.9154139227134334,1.6019743647485083,0.14,0.23,0.32,0.46,0.73,0.92,1.6,TRUE,FALSE,Google Science AI,2026-05-13,RSVEnsemble
Rhode Island,RI,1,wk inc rsv hosp,hosp,2026-05-16,2026-05-23,Google_SAI-RSVEns,0,1,2,3,5,6.5,12,0,1,2,3,5,7,10,0,0.09154139227134334,0.18308278454268667,0.27462417681403,0.4577069613567167,0.5950190497637317,1.09849670725612,0,0.09,0.18,0.27,0.46,0.6,1.1,TRUE,FALSE,Google Science AI,2026-05-13,RSVEnsemble
Rhode Island,RI,2,wk inc rsv hosp,hosp,2026-05-16,2026-05-30,Google_SAI-RSVEns,0,0.5,1,2.5,3.5,4.5,10.5,0,1,1,3,4,5,10,0,0.04577069613567167,0.09154139227134334,0.22885348067835834,0.32039487294970165,0.411936265221045,0.9611846188491051,0,0.05,0.09,0.23,0.32,0.41,0.96,TRUE,FALSE,Google Science AI,2026-05-13,RSVEnsemble
Rhode Island,RI,0,wk inc rsv hosp,hosp,2026-05-16,2026-05-16,RSVHub-baseline,0,0,4,7,10,15.500000000000012,22.12499999999998,0,0,4,7,10,20,20,0,0,0.36616556908537334,0.6407897458994033,0.9154139227134334,1.4188915802058228,2.0253533040034695,0,0,0.37,0.64,0.92,1.42,2.03,FALSE,FALSE,RSVHub-hub-models,2026-05-13,RSVHub baseline model
Rhode Island,RI,1,wk inc rsv hosp,hosp,2026-05-16,2026-05-23,RSVHub-baseline,0,0,2.2338873388733873,7,12,19.624845248452495,29.446794467944756,0,0,2,7,10,20,30,0,0,0.20449315717779604,0.6407897458994033,1.09849670725612,1.796485657152998,2.6956005635237537,0,0,0.2,0.64,1.1,1.8,2.7,FALSE,FALSE,RSVHub-hub-models,2026-05-13,RSVHub baseline model
Rhode Island,RI,2,wk inc rsv hosp,hosp,2026-05-16,2026-05-30,RSVHub-baseline,0,0,1,7,14.30131301313013,22.379944799448005,34.50878983789837,0,0,1,7,10,20,30,0,0,0.09154139227134334,0.6407897458994033,1.3091621045302124,2.0486913058972798,3.158982667360401,0,0,0.09,0.64,1.31,2.05,3.16,FALSE,FALSE,RSVHub-hub-models,2026-05-13,RSVHub baseline model
Rhode Island,RI,0,wk inc rsv prop ed visits,prop_ed,2026-05-16,2026-05-16,RSVHub-baseline,0,0,3.999999999999999e-4,6e-4,7.999999999999999e-4,0.0017500000000000016,0.0034000000000000002,0,0,4e-4,6e-4,8e-4,0.0018,0.0034,NA,NA,NA,NA,NA,NA,NA,NA,NA,NA,NA,NA,NA,NA,FALSE,FALSE,RSVHub-hub-models,2026-05-13,RSVHub baseline model
Rhode Island,RI,1,wk inc rsv prop ed visits,prop_ed,2026-05-16,2026-05-23,RSVHub-baseline,0,0,1.0000000000000021e-4,6e-4,0.0012000000000000001,0.002597494974949747,0.004093717187171868,0,0,1e-4,6e-4,0.0012,0.0026,0.0041,NA,NA,NA,NA,NA,NA,NA,NA,NA,NA,NA,NA,NA,NA,FALSE,FALSE,RSVHub-hub-models,2026-05-13,RSVHub baseline model
Rhode Island,RI,2,wk inc rsv prop ed visits,prop_ed,2026-05-16,2026-05-30,RSVHub-baseline,0,0,0,6e-4,0.0015999999999999994,0.0031,0.0045775000750007495,0,0,0,6e-4,0.0016,0.0031,0.0046,NA,NA,NA,NA,NA,NA,NA,NA,NA,NA,NA,NA,NA,NA,FALSE,FALSE,RSVHub-hub-models,2026-05-13,RSVHub baseline model
Rhode Island,RI,0,wk inc rsv hosp,hosp,2026-05-16,2026-05-16,UGA_flucast-INFLAenza,0,1,2,4,7,9,13,0,1,2,4,7,9,10,0,0.09154139227134334,0.18308278454268667,0.36616556908537334,0.6407897458994033,0.82387253044209,1.1900380995274633,0,0.09,0.18,0.37,0.64,0.82,1.19,TRUE,FALSE,UGA_flucast,2026-05-13,INFLAenza
Rhode Island,RI,1,wk inc rsv hosp,hosp,2026-05-16,2026-05-23,UGA_flucast-INFLAenza,0,1,2,3,5,8,12,0,1,2,3,5,8,10,0,0.09154139227134334,0.18308278454268667,0.27462417681403,0.4577069613567167,0.7323311381707467,1.09849670725612,0,0.09,0.18,0.27,0.46,0.73,1.1,TRUE,FALSE,UGA_flucast,2026-05-13,INFLAenza
Rhode Island,RI,2,wk inc rsv hosp,hosp,2026-05-16,2026-05-30,UGA_flucast-INFLAenza,0,0,1,2,4,7,10,0,0,1,2,4,7,10,0,0,0.09154139227134334,0.18308278454268667,0.36616556908537334,0.6407897458994033,0.9154139227134334,0,0,0.09,0.18,0.37,0.64,0.92,TRUE,FALSE,UGA_flucast,2026-05-13,INFLAenza
Rhode Island,RI,0,wk inc rsv prop ed visits,prop_ed,2026-05-16,2026-05-16,UGA_flucast-INFLAenza,1.860576708403901e-4,2.920612224440423e-4,4.0886532483109476e-4,5.714636885720699e-4,7.635493199753315e-4,9.58956393147203e-4,0.00122001750310406,1.9e-4,2.9e-4,4.1e-4,5.7e-4,7.6e-4,9.6e-4,0.0012,NA,NA,NA,NA,NA,NA,NA,NA,NA,NA,NA,NA,NA,NA,TRUE,FALSE,UGA_flucast,2026-05-13,INFLAenza
Rhode Island,RI,1,wk inc rsv prop ed visits,prop_ed,2026-05-16,2026-05-23,UGA_flucast-INFLAenza,1.3700153235636373e-4,2.199520669053791e-4,3.3538867977355846e-4,4.95019886019397e-4,6.949780077743719e-4,9.012637873698057e-4,0.0011757723646906892,1.4e-4,2.2e-4,3.4e-4,5e-4,6.9e-4,9e-4,0.0012,NA,NA,NA,NA,NA,NA,NA,NA,NA,NA,NA,NA,NA,NA,TRUE,FALSE,UGA_flucast,2026-05-13,INFLAenza
Rhode Island,RI,2,wk inc rsv prop ed visits,prop_ed,2026-05-16,2026-05-30,UGA_flucast-INFLAenza,8.996717237221528e-5,1.7195316764542998e-4,2.745496096725967e-4,4.29081484958025e-4,6.323081975959819e-4,8.604308925906026e-4,0.0011408401720238604,9e-5,1.7e-4,2.7e-4,4.3e-4,6.3e-4,8.6e-4,0.0011,NA,NA,NA,NA,NA,NA,NA,NA,NA,NA,NA,NA,NA,NA,TRUE,FALSE,UGA_flucast,2026-05-13,INFLAenza
Rhode Island,RI,0,wk inc rsv hosp,hosp,2026-05-16,2026-05-16,RSVHub-ensemble,1,2,3,4.5,7,9,12.5,1,2,3,5,7,9,10,0.09154139227134334,0.18308278454268667,0.27462417681403,0.411936265221045,0.6407897458994033,0.82387253044209,1.1442674033917917,0.09,0.18,0.27,0.41,0.64,0.82,1.14,FALSE,TRUE,RSVHub,2026-05-13,Ensemble using RSVHub forecast submissions
Rhode Island,RI,1,wk inc rsv hosp,hosp,2026-05-16,2026-05-23,RSVHub-ensemble,0,1,2,3,5,7.5,12,0,1,2,3,5,8,10,0,0.09154139227134334,0.18308278454268667,0.27462417681403,0.4577069613567167,0.6865604420350749,1.09849670725612,0,0.09,0.18,0.27,0.46,0.69,1.1,FALSE,TRUE,RSVHub,2026-05-13,Ensemble using RSVHub forecast submissions
Rhode Island,RI,2,wk inc rsv hosp,hosp,2026-05-16,2026-05-30,RSVHub-ensemble,0,0.5,1,2,4,7,10.5,0,1,1,2,4,7,10,0,0.04577069613567167,0.09154139227134334,0.18308278454268667,0.36616556908537334,0.6407897458994033,0.9611846188491051,0,0.05,0.09,0.18,0.37,0.64,0.96,FALSE,TRUE,RSVHub,2026-05-13,Ensemble using RSVHub forecast submissions
Rhode Island,RI,0,wk inc rsv prop ed visits,prop_ed,2026-05-16,2026-05-16,RSVHub-ensemble,1.425537258550948e-4,2.4461840039471635e-4,3.5718238370816783e-4,5.132745637499647e-4,7.274571153946582e-4,9.365160619882924e-4,0.001208790776859971,1.4e-4,2.4e-4,3.6e-4,5.1e-4,7.3e-4,9.4e-4,0.0012,NA,NA,NA,NA,NA,NA,NA,NA,NA,NA,NA,NA,NA,NA,FALSE,TRUE,RSVHub,2026-05-13,Ensemble using RSVHub forecast submissions
Rhode Island,RI,1,wk inc rsv prop ed visits,prop_ed,2026-05-16,2026-05-23,RSVHub-ensemble,6.850076617818186e-5,1.5942307077622137e-4,2.6799455125054014e-4,4.1298759963828414e-4,6.179466633156322e-4,8.41560258013703e-4,0.001159436660733177,6.9e-5,1.6e-4,2.7e-4,4.1e-4,6.2e-4,8.4e-4,0.0012,NA,NA,NA,NA,NA,NA,NA,NA,NA,NA,NA,NA,NA,NA,FALSE,TRUE,RSVHub,2026-05-13,Ensemble using RSVHub forecast submissions
South Carolina,SC,0,wk inc rsv hosp,hosp,2026-05-16,2026-05-16,CEPH-Rtrend_rsv,10,12,15,19,22,27,31,10,10,20,20,20,30,30,0.18743004173692168,0.224916050084306,0.2811450626053825,0.3561170793001512,0.41234609182122767,0.5060611126896886,0.5810331293844573,0.19,0.22,0.28,0.36,0.41,0.51,0.58,TRUE,FALSE,CEPH Lab at Indiana University,2026-05-13,Rtrend RSV
South Carolina,SC,1,wk inc rsv hosp,hosp,2026-05-16,2026-05-23,CEPH-Rtrend_rsv,8,10,13,17,23,29,37,8,10,10,20,20,30,40,0.14994403338953735,0.18743004173692168,0.2436590542579982,0.3186310709527669,0.4310890959949199,0.5435471210370729,0.6934911544266102,0.15,0.19,0.24,0.32,0.43,0.54,0.69,TRUE,FALSE,CEPH Lab at Indiana University,2026-05-13,Rtrend RSV
South Carolina,SC,2,wk inc rsv hosp,hosp,2026-05-16,2026-05-30,CEPH-Rtrend_rsv,6,8,11,16,23,31,41,6,8,10,20,20,30,40,0.112458025042153,0.14994403338953735,0.20617304591061383,0.2998880667790747,0.4310890959949199,0.5810331293844573,0.768463171121379,0.11,0.15,0.21,0.3,0.43,0.58,0.77,TRUE,FALSE,CEPH Lab at Indiana University,2026-05-13,Rtrend RSV
South Carolina,SC,0,wk inc rsv prop ed visits,prop_ed,2026-05-16,2026-05-16,CFA_Pyrenew-Pyrenew_E_RSV,1.6989702699014782e-4,2.4706248082819485e-4,3.269496444442633e-4,4.340905803120228e-4,5.616559723591949e-4,6.96166246095916e-4,8.71331969681786e-4,1.7e-4,2.5e-4,3.3e-4,4.3e-4,5.6e-4,7e-4,8.7e-4,NA,NA,NA,NA,NA,NA,NA,NA,NA,NA,NA,NA,NA,NA,TRUE,FALSE,Center for Forecasting and Outbreak Analytics (CFA/CDC) Pyrenew team,2026-05-13,Pyrenew_ED_Visits_RSV
South Carolina,SC,1,wk inc rsv prop ed visits,prop_ed,2026-05-16,2026-05-23,CFA_Pyrenew-Pyrenew_E_RSV,8.741861648797349e-5,1.7029692718170916e-4,2.532464127752099e-4,3.7106926228524595e-4,5.326203108674923e-4,6.981271850037009e-4,9.940873621389202e-4,8.7e-5,1.7e-4,2.5e-4,3.7e-4,5.3e-4,7e-4,9.9e-4,NA,NA,NA,NA,NA,NA,NA,NA,NA,NA,NA,NA,NA,NA,TRUE,FALSE,Center for Forecasting and Outbreak Analytics (CFA/CDC) Pyrenew team,2026-05-13,Pyrenew_ED_Visits_RSV
South Carolina,SC,0,wk inc rsv hosp,hosp,2026-05-16,2026-05-16,CFA_Pyrenew-Pyrenew_H_RSV,5,8,12,17,24,32,45.024999999999864,5,8,10,20,20,30,50,0.09371502086846084,0.14994403338953735,0.224916050084306,0.3186310709527669,0.449832100168612,0.5997761335581494,0.8439037629204874,0.09,0.15,0.22,0.32,0.45,0.6,0.84,FALSE,FALSE,Center for Forecasting and Outbreak Analytics (CFA/CDC) Pyrenew team,2026-05-13,Pyrenew_Hospital_Admissions_RSV
South Carolina,SC,1,wk inc rsv hosp,hosp,2026-05-16,2026-05-23,CFA_Pyrenew-Pyrenew_H_RSV,3,7,11,17,26,39,61,3,7,10,20,30,40,60,0.0562290125210765,0.1312010292158452,0.20617304591061383,0.3186310709527669,0.4873181085159964,0.7309771627739946,1.1433232545952223,0.06,0.13,0.21,0.32,0.49,0.73,1.14,FALSE,FALSE,Center for Forecasting and Outbreak Analytics (CFA/CDC) Pyrenew team,2026-05-13,Pyrenew_Hospital_Admissions_RSV
South Carolina,SC,0,wk inc rsv hosp,hosp,2026-05-16,2026-05-16,Google_SAI-RSVEns,5,9,11,13.5,15.5,20.5,31,5,9,10,10,20,20,30,0.09371502086846084,0.16868703756322953,0.20617304591061383,0.2530305563448443,0.29051656469222864,0.3842315855606895,0.5810331293844573,0.09,0.17,0.21,0.25,0.29,0.38,0.58,TRUE,FALSE,Google Science AI,2026-05-13,RSVEnsemble
South Carolina,SC,1,wk inc rsv hosp,hosp,2026-05-16,2026-05-23,Google_SAI-RSVEns,4,6.5,8.5,11,15.5,20,29,4,7,9,10,20,20,30,0.07497201669476868,0.1218295271289991,0.15931553547638344,0.20617304591061383,0.29051656469222864,0.37486008347384336,0.5435471210370729,0.07,0.12,0.16,0.21,0.29,0.37,0.54,TRUE,FALSE,Google Science AI,2026-05-13,RSVEnsemble
South Carolina,SC,2,wk inc rsv hosp,hosp,2026-05-16,2026-05-30,Google_SAI-RSVEns,3,4.5,7,9.5,12.5,19,25.5,3,5,7,10,10,20,30,0.0562290125210765,0.08434351878161477,0.1312010292158452,0.1780585396500756,0.23428755217115213,0.3561170793001512,0.4779466064291503,0.06,0.08,0.13,0.18,0.23,0.36,0.48,TRUE,FALSE,Google Science AI,2026-05-13,RSVEnsemble
South Carolina,SC,0,wk inc rsv hosp,hosp,2026-05-16,2026-05-16,RSVHub-baseline,0,0,8.75,17,25.250000000000004,44,68.49999999999991,0,0,9,20,30,40,70,0,0,0.16400128651980647,0.3186310709527669,0.4732608553857274,0.8246921836424553,1.2838957858979119,0,0,0.16,0.32,0.47,0.82,1.28,FALSE,FALSE,RSVHub-hub-models,2026-05-13,RSVHub baseline model
South Carolina,SC,1,wk inc rsv hosp,hosp,2026-05-16,2026-05-23,RSVHub-baseline,0,0,3.874533745337448,17,33.4060290602906,54.89335393353934,90.36137461374607,0,0,4,20,30,50,90,0,0,0.07262040215997095,0.3186310709527669,0.6261293421035086,1.0288663618842893,1.6936436215260042,0,0,0.07,0.32,0.63,1.03,1.69,FALSE,FALSE,RSVHub-hub-models,2026-05-13,RSVHub baseline model
South Carolina,SC,2,wk inc rsv hosp,hosp,2026-05-16,2026-05-30,RSVHub-baseline,0,0,0,17,39.2620501205012,64.33311333113339,109.95247952479517,0,0,0,20,40,60,110,0,0,0,0.3186310709527669,0.7358887692762651,1.2057958116720444,2.0608397826410383,0,0,0,0.32,0.74,1.21,2.06,FALSE,FALSE,RSVHub-hub-models,2026-05-13,RSVHub baseline model
South Carolina,SC,0,wk inc rsv prop ed visits,prop_ed,2026-05-16,2026-05-16,RSVHub-baseline,0,0,2.9999999999999987e-4,5e-4,7.000000000000001e-4,0.0013000000000000002,0.002500000000000001,0,0,3e-4,5e-4,7e-4,0.0013,0.0025,NA,NA,NA,NA,NA,NA,NA,NA,NA,NA,NA,NA,NA,NA,FALSE,FALSE,RSVHub-hub-models,2026-05-13,RSVHub baseline model
South Carolina,SC,1,wk inc rsv prop ed visits,prop_ed,2026-05-16,2026-05-23,RSVHub-baseline,0,0,1e-4,5e-4,0.001,0.001812729427294273,0.002999999999999999,0,0,1e-4,5e-4,0.001,0.0018,0.003,NA,NA,NA,NA,NA,NA,NA,NA,NA,NA,NA,NA,NA,NA,FALSE,FALSE,RSVHub-hub-models,2026-05-13,RSVHub baseline model
South Carolina,SC,2,wk inc rsv prop ed visits,prop_ed,2026-05-16,2026-05-30,RSVHub-baseline,0,0,0,5e-4,0.0012487737377373782,0.0022262163621636225,0.0035,0,0,0,5e-4,0.0012,0.0022,0.0035,NA,NA,NA,NA,NA,NA,NA,NA,NA,NA,NA,NA,NA,NA,FALSE,FALSE,RSVHub-hub-models,2026-05-13,RSVHub baseline model
South Carolina,SC,0,wk inc rsv hosp,hosp,2026-05-16,2026-05-16,UGA_flucast-INFLAenza,2,4,6,9,14,19,26,2,4,6,9,10,20,30,0.03748600834738434,0.07497201669476868,0.112458025042153,0.16868703756322953,0.2624020584316904,0.3561170793001512,0.4873181085159964,0.04,0.07,0.11,0.17,0.26,0.36,0.49,TRUE,FALSE,UGA_flucast,2026-05-13,INFLAenza
South Carolina,SC,1,wk inc rsv hosp,hosp,2026-05-16,2026-05-23,UGA_flucast-INFLAenza,1,3,4,7,11,16,23,1,3,4,7,10,20,20,0.01874300417369217,0.0562290125210765,0.07497201669476868,0.1312010292158452,0.20617304591061383,0.2998880667790747,0.4310890959949199,0.02,0.06,0.07,0.13,0.21,0.3,0.43,TRUE,FALSE,UGA_flucast,2026-05-13,INFLAenza
South Carolina,SC,2,wk inc rsv hosp,hosp,2026-05-16,2026-05-30,UGA_flucast-INFLAenza,0,2,3,5,9,13,20,0,2,3,5,9,10,20,0,0.03748600834738434,0.0562290125210765,0.09371502086846084,0.16868703756322953,0.2436590542579982,0.37486008347384336,0,0.04,0.06,0.09,0.17,0.24,0.37,TRUE,FALSE,UGA_flucast,2026-05-13,INFLAenza
South Carolina,SC,0,wk inc rsv prop ed visits,prop_ed,2026-05-16,2026-05-16,UGA_flucast-INFLAenza,1.1223657799709107e-4,1.8693951797186677e-4,2.81995756312517e-4,4.2401289731667775e-4,5.873968751481352e-4,7.698483801974996e-4,0.0010291510715737145,1.1e-4,1.9e-4,2.8e-4,4.2e-4,5.9e-4,7.7e-4,0.001,NA,NA,NA,NA,NA,NA,NA,NA,NA,NA,NA,NA,NA,NA,TRUE,FALSE,UGA_flucast,2026-05-13,INFLAenza
South Carolina,SC,1,wk inc rsv prop ed visits,prop_ed,2026-05-16,2026-05-23,UGA_flucast-INFLAenza,7.977705813535117e-5,1.4636428007393083e-4,2.3681158163060332e-4,3.7023527040858464e-4,5.382156851123435e-4,7.302690954223219e-4,9.816705073641227e-4,8e-5,1.5e-4,2.4e-4,3.7e-4,5.4e-4,7.3e-4,9.8e-4,NA,NA,NA,NA,NA,NA,NA,NA,NA,NA,NA,NA,NA,NA,TRUE,FALSE,UGA_flucast,2026-05-13,INFLAenza
South Carolina,SC,2,wk inc rsv prop ed visits,prop_ed,2026-05-16,2026-05-30,UGA_flucast-INFLAenza,6.217331249391679e-5,1.2256022052052902e-4,2.0615415617708472e-4,3.291555257516918e-4,4.938445334974075e-4,6.79344609507041e-4,9.447941613063487e-4,6.2e-5,1.2e-4,2.1e-4,3.3e-4,4.9e-4,6.8e-4,9.4e-4,NA,NA,NA,NA,NA,NA,NA,NA,NA,NA,NA,NA,NA,NA,TRUE,FALSE,UGA_flucast,2026-05-13,INFLAenza
South Carolina,SC,0,wk inc rsv hosp,hosp,2026-05-16,2026-05-16,RSVHub-ensemble,5,9,11,13.5,15.5,20.5,31,5,9,10,10,20,20,30,0.09371502086846084,0.16868703756322953,0.20617304591061383,0.2530305563448443,0.29051656469222864,0.3842315855606895,0.5810331293844573,0.09,0.17,0.21,0.25,0.29,0.38,0.58,FALSE,TRUE,RSVHub,2026-05-13,Ensemble using RSVHub forecast submissions
South Carolina,SC,1,wk inc rsv hosp,hosp,2026-05-16,2026-05-23,RSVHub-ensemble,4,6.5,8.5,11,15.5,20,29,4,7,9,10,20,20,30,0.07497201669476868,0.1218295271289991,0.15931553547638344,0.20617304591061383,0.29051656469222864,0.37486008347384336,0.5435471210370729,0.07,0.12,0.16,0.21,0.29,0.37,0.54,FALSE,TRUE,RSVHub,2026-05-13,Ensemble using RSVHub forecast submissions
South Carolina,SC,2,wk inc rsv hosp,hosp,2026-05-16,2026-05-30,RSVHub-ensemble,3,4.5,7,9.5,12.5,19,25.5,3,5,7,10,10,20,30,0.0562290125210765,0.08434351878161477,0.1312010292158452,0.1780585396500756,0.23428755217115213,0.3561170793001512,0.4779466064291503,0.06,0.08,0.13,0.18,0.23,0.36,0.48,FALSE,TRUE,RSVHub,2026-05-13,Ensemble using RSVHub forecast submissions
South Carolina,SC,0,wk inc rsv prop ed visits,prop_ed,2026-05-16,2026-05-16,RSVHub-ensemble,1.4106680249361943e-4,2.170009994000308e-4,3.044727003783901e-4,4.2905173881435026e-4,5.745264237536651e-4,7.330073131467078e-4,9.502415206277502e-4,1.4e-4,2.2e-4,3e-4,4.3e-4,5.7e-4,7.3e-4,9.5e-4,NA,NA,NA,NA,NA,NA,NA,NA,NA,NA,NA,NA,NA,NA,FALSE,TRUE,RSVHub,2026-05-13,Ensemble using RSVHub forecast submissions
South Carolina,SC,1,wk inc rsv prop ed visits,prop_ed,2026-05-16,2026-05-23,RSVHub-ensemble,8.359783731166233e-5,1.5833060362782e-4,2.450289972029066e-4,3.706522663469153e-4,5.354179979899179e-4,7.141981402130114e-4,9.878789347515216e-4,8.4e-5,1.6e-4,2.5e-4,3.7e-4,5.4e-4,7.1e-4,9.9e-4,NA,NA,NA,NA,NA,NA,NA,NA,NA,NA,NA,NA,NA,NA,FALSE,TRUE,RSVHub,2026-05-13,Ensemble using RSVHub forecast submissions
South Dakota,SD,0,wk inc rsv hosp,hosp,2026-05-16,2026-05-16,CEPH-Rtrend_rsv,6,7,8,10,11,12,14,6,7,8,10,10,10,10,0.6550175435532082,0.7641871341454095,0.873356724737611,1.0916959059220135,1.200865496514215,1.3100350871064164,1.528374268290819,0.66,0.76,0.87,1.09,1.2,1.31,1.53,TRUE,FALSE,CEPH Lab at Indiana University,2026-05-13,Rtrend RSV
South Dakota,SD,1,wk inc rsv hosp,hosp,2026-05-16,2026-05-23,CEPH-Rtrend_rsv,5,5,6,8,9,11,13,5,5,6,8,9,10,10,0.5458479529610067,0.5458479529610067,0.6550175435532082,0.873356724737611,0.9825263153298123,1.200865496514215,1.4192046776986176,0.55,0.55,0.66,0.87,0.98,1.2,1.42,TRUE,FALSE,CEPH Lab at Indiana University,2026-05-13,Rtrend RSV
South Dakota,SD,2,wk inc rsv hosp,hosp,2026-05-16,2026-05-30,CEPH-Rtrend_rsv,3,4,5,6,8,10,12,3,4,5,6,8,10,10,0.3275087717766041,0.4366783623688055,0.5458479529610067,0.6550175435532082,0.873356724737611,1.0916959059220135,1.3100350871064164,0.33,0.44,0.55,0.66,0.87,1.09,1.31,TRUE,FALSE,CEPH Lab at Indiana University,2026-05-13,Rtrend RSV
South Dakota,SD,0,wk inc rsv prop ed visits,prop_ed,2026-05-16,2026-05-16,CFA_Pyrenew-Pyrenew_E_RSV,0.0010518923148195543,0.0015327710201854423,0.0020587777356412687,0.002686757539597179,0.0034326442254757963,0.004224233365193749,0.005163356116837128,0.0011,0.0015,0.0021,0.0027,0.0034,0.0042,0.0052,NA,NA,NA,NA,NA,NA,NA,NA,NA,NA,NA,NA,NA,NA,TRUE,FALSE,Center for Forecasting and Outbreak Analytics (CFA/CDC) Pyrenew team,2026-05-13,Pyrenew_ED_Visits_RSV
South Dakota,SD,1,wk inc rsv prop ed visits,prop_ed,2026-05-16,2026-05-23,CFA_Pyrenew-Pyrenew_E_RSV,5.069398449288038e-4,8.592170374192153e-4,0.0013534975080268462,0.001946621482311191,0.0028163286874686956,0.0037330630610785094,0.004912471723576897,5.1e-4,8.6e-4,0.0014,0.0019,0.0028,0.0037,0.0049,NA,NA,NA,NA,NA,NA,NA,NA,NA,NA,NA,NA,NA,NA,TRUE,FALSE,Center for Forecasting and Outbreak Analytics (CFA/CDC) Pyrenew team,2026-05-13,Pyrenew_ED_Visits_RSV
South Dakota,SD,0,wk inc rsv prop ed visits,prop_ed,2026-05-16,2026-05-16,CFA_Pyrenew-Pyrenew_HE_RSV,0.0010371086225468198,0.0015234203791835,0.001994922056458453,0.0025599580359935833,0.0032123799688081917,0.003921535470314483,0.004860688370841493,0.001,0.0015,0.002,0.0026,0.0032,0.0039,0.0049,NA,NA,NA,NA,NA,NA,NA,NA,NA,NA,NA,NA,NA,NA,FALSE,FALSE,Center for Forecasting and Outbreak Analytics (CFA/CDC) Pyrenew team,2026-05-13,Pyrenew_Hospital_Admissions_ED_Visits_RSV
South Dakota,SD,1,wk inc rsv prop ed visits,prop_ed,2026-05-16,2026-05-23,CFA_Pyrenew-Pyrenew_HE_RSV,5.072662212673376e-4,8.53175554694927e-4,0.0012882832299090515,0.0018465525193401607,0.002565610420242367,0.003407841349891105,0.004422111175014356,5.1e-4,8.5e-4,0.0013,0.0018,0.0026,0.0034,0.0044,NA,NA,NA,NA,NA,NA,NA,NA,NA,NA,NA,NA,NA,NA,FALSE,FALSE,Center for Forecasting and Outbreak Analytics (CFA/CDC) Pyrenew team,2026-05-13,Pyrenew_Hospital_Admissions_ED_Visits_RSV
South Dakota,SD,0,wk inc rsv hosp,hosp,2026-05-16,2026-05-16,CFA_Pyrenew-Pyrenew_HE_RSV,3,5,7,9,11,14,17,3,5,7,9,10,10,20,0.3275087717766041,0.5458479529610067,0.7641871341454095,0.9825263153298123,1.200865496514215,1.528374268290819,1.8558830400674233,0.33,0.55,0.76,0.98,1.2,1.53,1.86,TRUE,FALSE,Center for Forecasting and Outbreak Analytics (CFA/CDC) Pyrenew team,2026-05-13,Pyrenew_Hospital_Admissions_ED_Visits_RSV
South Dakota,SD,1,wk inc rsv hosp,hosp,2026-05-16,2026-05-23,CFA_Pyrenew-Pyrenew_HE_RSV,2,3,5,7,9,12,15,2,3,5,7,9,10,20,0.21833918118440274,0.3275087717766041,0.5458479529610067,0.7641871341454095,0.9825263153298123,1.3100350871064164,1.6375438588830202,0.22,0.33,0.55,0.76,0.98,1.31,1.64,TRUE,FALSE,Center for Forecasting and Outbreak Analytics (CFA/CDC) Pyrenew team,2026-05-13,Pyrenew_Hospital_Admissions_ED_Visits_RSV
South Dakota,SD,0,wk inc rsv hosp,hosp,2026-05-16,2026-05-16,CFA_Pyrenew-Pyrenew_H_RSV,2,4,6,9,13,16,21,2,4,6,9,10,20,20,0.21833918118440274,0.4366783623688055,0.6550175435532082,0.9825263153298123,1.4192046776986176,1.746713449475222,2.2925614024362284,0.22,0.44,0.66,0.98,1.42,1.75,2.29,FALSE,FALSE,Center for Forecasting and Outbreak Analytics (CFA/CDC) Pyrenew team,2026-05-13,Pyrenew_Hospital_Admissions_RSV
South Dakota,SD,1,wk inc rsv hosp,hosp,2026-05-16,2026-05-23,CFA_Pyrenew-Pyrenew_H_RSV,1,3,5,8,12,17,24,1,3,5,8,10,20,20,0.10916959059220137,0.3275087717766041,0.5458479529610067,0.873356724737611,1.3100350871064164,1.8558830400674233,2.6200701742128327,0.11,0.33,0.55,0.87,1.31,1.86,2.62,FALSE,FALSE,Center for Forecasting and Outbreak Analytics (CFA/CDC) Pyrenew team,2026-05-13,Pyrenew_Hospital_Admissions_RSV
South Dakota,SD,0,wk inc rsv hosp,hosp,2026-05-16,2026-05-16,Google_SAI-RSVEns,1.5,2.5,4,6.5,9,11.5,15.5,2,3,4,7,9,10,20,0.16375438588830205,0.27292397648050337,0.4366783623688055,0.7096023388493088,0.9825263153298123,1.2554502918103156,1.692128654179121,0.16,0.27,0.44,0.71,0.98,1.26,1.69,TRUE,FALSE,Google Science AI,2026-05-13,RSVEnsemble
South Dakota,SD,1,wk inc rsv hosp,hosp,2026-05-16,2026-05-23,Google_SAI-RSVEns,1,2,3,5,8,10,16.5,1,2,3,5,8,10,20,0.10916959059220137,0.21833918118440274,0.3275087717766041,0.5458479529610067,0.873356724737611,1.0916959059220135,1.8012982447713226,0.11,0.22,0.33,0.55,0.87,1.09,1.8,TRUE,FALSE,Google Science AI,2026-05-13,RSVEnsemble
South Dakota,SD,2,wk inc rsv hosp,hosp,2026-05-16,2026-05-30,Google_SAI-RSVEns,0.5,2,2.5,4,6,9,13.5,1,2,3,4,6,9,10,0.054584795296100684,0.21833918118440274,0.27292397648050337,0.4366783623688055,0.6550175435532082,0.9825263153298123,1.4737894729947183,0.05,0.22,0.27,0.44,0.66,0.98,1.47,TRUE,FALSE,Google Science AI,2026-05-13,RSVEnsemble
South Dakota,SD,0,wk inc rsv hosp,hosp,2026-05-16,2026-05-16,RSVHub-baseline,0,1.500000000000003,5,7,9,12.500000000000012,19.249999999999957,0,2,5,7,9,10,20,0,0.16375438588830238,0.5458479529610067,0.7641871341454095,0.9825263153298123,1.3646198824025184,2.1015146188998717,0,0.16,0.55,0.76,0.98,1.36,2.1,FALSE,FALSE,RSVHub-hub-models,2026-05-13,RSVHub baseline model
South Dakota,SD,1,wk inc rsv hosp,hosp,2026-05-16,2026-05-23,RSVHub-baseline,0,0,4,7,10.760647606476063,16.985046850468496,22.60643481434813,0,0,4,7,10,20,20,0,0,0.4366783623688055,0.7641871341454095,1.174735493705943,1.8542506108550048,2.467935233431673,0,0,0.44,0.76,1.17,1.85,2.47,FALSE,FALSE,RSVHub-hub-models,2026-05-13,RSVHub baseline model
South Dakota,SD,2,wk inc rsv hosp,hosp,2026-05-16,2026-05-30,RSVHub-baseline,0,0,2.223324733247332,7,12,18.68511085110853,25.178119531195282,0,0,2,7,10,20,30,0,0,0.24271945088212657,0.7641871341454095,1.3100350871064164,2.039845901785417,2.748685001102098,0,0,0.24,0.76,1.31,2.04,2.75,FALSE,FALSE,RSVHub-hub-models,2026-05-13,RSVHub baseline model
South Dakota,SD,0,wk inc rsv prop ed visits,prop_ed,2026-05-16,2026-05-16,RSVHub-baseline,0,6.999999999999992e-4,0.0019,0.0023,0.0027,0.0039000000000000007,0.005624999999999991,0,7e-4,0.0019,0.0023,0.0027,0.0039,0.0056,NA,NA,NA,NA,NA,NA,NA,NA,NA,NA,NA,NA,NA,NA,FALSE,FALSE,RSVHub-hub-models,2026-05-13,RSVHub baseline model
South Dakota,SD,1,wk inc rsv prop ed visits,prop_ed,2026-05-16,2026-05-23,RSVHub-baseline,0,0,0.0013999999999999998,0.0023,0.0032446329463294617,0.0048043755437554405,0.0065033842588425855,0,0,0.0014,0.0023,0.0032,0.0048,0.0065,NA,NA,NA,NA,NA,NA,NA,NA,NA,NA,NA,NA,NA,NA,FALSE,FALSE,RSVHub-hub-models,2026-05-13,RSVHub baseline model
South Dakota,SD,2,wk inc rsv prop ed visits,prop_ed,2026-05-16,2026-05-30,RSVHub-baseline,0,0,9.999999999999996e-4,0.0023,0.003699999999999999,0.005395932859328594,0.007236461839618392,0,0,0.001,0.0023,0.0037,0.0054,0.0072,NA,NA,NA,NA,NA,NA,NA,NA,NA,NA,NA,NA,NA,NA,FALSE,FALSE,RSVHub-hub-models,2026-05-13,RSVHub baseline model
South Dakota,SD,0,wk inc rsv hosp,hosp,2026-05-16,2026-05-16,UGA_flucast-INFLAenza,1,3,5,7,11,15,21,1,3,5,7,10,20,20,0.10916959059220137,0.3275087717766041,0.5458479529610067,0.7641871341454095,1.200865496514215,1.6375438588830202,2.2925614024362284,0.11,0.33,0.55,0.76,1.2,1.64,2.29,TRUE,FALSE,UGA_flucast,2026-05-13,INFLAenza
South Dakota,SD,1,wk inc rsv hosp,hosp,2026-05-16,2026-05-23,UGA_flucast-INFLAenza,1,2,3,5,8,12,18,1,2,3,5,8,10,20,0.10916959059220137,0.21833918118440274,0.3275087717766041,0.5458479529610067,0.873356724737611,1.3100350871064164,1.9650526306596245,0.11,0.22,0.33,0.55,0.87,1.31,1.97,TRUE,FALSE,UGA_flucast,2026-05-13,INFLAenza
South Dakota,SD,2,wk inc rsv hosp,hosp,2026-05-16,2026-05-30,UGA_flucast-INFLAenza,0,1,2,4,7,10,15,0,1,2,4,7,10,20,0,0.10916959059220137,0.21833918118440274,0.4366783623688055,0.7641871341454095,1.0916959059220135,1.6375438588830202,0,0.11,0.22,0.44,0.76,1.09,1.64,TRUE,FALSE,UGA_flucast,2026-05-13,INFLAenza
South Dakota,SD,0,wk inc rsv prop ed visits,prop_ed,2026-05-16,2026-05-16,UGA_flucast-INFLAenza,0.0012077949201146963,0.0015121360719895162,0.001847272313381963,0.002286912826083101,0.0028019251489612906,0.0033675073454535317,0.003962627610534304,0.0012,0.0015,0.0018,0.0023,0.0028,0.0034,0.004,NA,NA,NA,NA,NA,NA,NA,NA,NA,NA,NA,NA,NA,NA,TRUE,FALSE,UGA_flucast,2026-05-13,INFLAenza
South Dakota,SD,1,wk inc rsv prop ed visits,prop_ed,2026-05-16,2026-05-23,UGA_flucast-INFLAenza,8.52621780324733e-4,0.001151592241034834,0.0014753873011483958,0.0019083435101530906,0.0024509311755640173,0.003033838479472268,0.003867318304413106,8.5e-4,0.0012,0.0015,0.0019,0.0025,0.003,0.0039,NA,NA,NA,NA,NA,NA,NA,NA,NA,NA,NA,NA,NA,NA,TRUE,FALSE,UGA_flucast,2026-05-13,INFLAenza
South Dakota,SD,2,wk inc rsv prop ed visits,prop_ed,2026-05-16,2026-05-30,UGA_flucast-INFLAenza,6.181886631566046e-4,8.853701015327588e-4,0.0011917323887697187,0.0016249796299692733,0.002163120092604928,0.002766826334507675,0.003680935875115561,6.2e-4,8.9e-4,0.0012,0.0016,0.0022,0.0028,0.0037,NA,NA,NA,NA,NA,NA,NA,NA,NA,NA,NA,NA,NA,NA,TRUE,FALSE,UGA_flucast,2026-05-13,INFLAenza
South Dakota,SD,0,wk inc rsv hosp,hosp,2026-05-16,2026-05-16,RSVHub-ensemble,2.25,4,6,8,11,13,16.25,2,4,6,8,10,10,20,0.24563157883245307,0.4366783623688055,0.6550175435532082,0.873356724737611,1.200865496514215,1.4192046776986176,1.774005847123272,0.25,0.44,0.66,0.87,1.2,1.42,1.77,FALSE,TRUE,RSVHub,2026-05-13,Ensemble using RSVHub forecast submissions
South Dakota,SD,1,wk inc rsv hosp,hosp,2026-05-16,2026-05-23,RSVHub-ensemble,1.5,2.5,4,6,8.5,11.5,15.75,2,3,4,6,9,10,20,0.16375438588830205,0.27292397648050337,0.4366783623688055,0.6550175435532082,0.9279415200337117,1.2554502918103156,1.7194210518271715,0.16,0.27,0.44,0.66,0.93,1.26,1.72,FALSE,TRUE,RSVHub,2026-05-13,Ensemble using RSVHub forecast submissions
South Dakota,SD,2,wk inc rsv hosp,hosp,2026-05-16,2026-05-30,RSVHub-ensemble,0.5,2,2.5,4,7,10,13.5,1,2,3,4,7,10,10,0.054584795296100684,0.21833918118440274,0.27292397648050337,0.4366783623688055,0.7641871341454095,1.0916959059220135,1.4737894729947183,0.05,0.22,0.27,0.44,0.76,1.09,1.47,FALSE,TRUE,RSVHub,2026-05-13,Ensemble using RSVHub forecast submissions
South Dakota,SD,0,wk inc rsv prop ed visits,prop_ed,2026-05-16,2026-05-16,RSVHub-ensemble,0.0011298436174671253,0.0015224535460874793,0.001953025024511616,0.0024868351828401403,0.0031172846872185435,0.0037958703553236405,0.004562991863685716,0.0011,0.0015,0.002,0.0025,0.0031,0.0038,0.0046,NA,NA,NA,NA,NA,NA,NA,NA,NA,NA,NA,NA,NA,NA,FALSE,TRUE,RSVHub,2026-05-13,Ensemble using RSVHub forecast submissions
South Dakota,SD,1,wk inc rsv prop ed visits,prop_ed,2026-05-16,2026-05-23,RSVHub-ensemble,6.797808126267684e-4,0.0010054046392270247,0.001414442404587621,0.0019274824962321408,0.0026336299315163564,0.0033834507702753887,0.004389895013995002,6.8e-4,0.001,0.0014,0.0019,0.0026,0.0034,0.0044,NA,NA,NA,NA,NA,NA,NA,NA,NA,NA,NA,NA,NA,NA,FALSE,TRUE,RSVHub,2026-05-13,Ensemble using RSVHub forecast submissions
Tennessee,TN,0,wk inc rsv hosp,hosp,2026-05-16,2026-05-16,CEPH-Rtrend_rsv,19,25,32,41,53,64,78,20,30,30,40,50,60,80,0.2673493173516602,0.3517754175679739,0.4502725344870066,0.5769116848114773,0.7457638852441048,0.9005450689740132,1.0975393028120786,0.27,0.35,0.45,0.58,0.75,0.9,1.1,TRUE,FALSE,CEPH Lab at Indiana University,2026-05-13,Rtrend RSV
Tennessee,TN,1,wk inc rsv hosp,hosp,2026-05-16,2026-05-23,CEPH-Rtrend_rsv,13,18,25,36,50,66,86,10,20,30,40,50,70,90,0.18292321713534646,0.25327830064894125,0.3517754175679739,0.5065566012978825,0.7035508351359478,0.9286871023794511,1.2101074364338302,0.18,0.25,0.35,0.51,0.7,0.93,1.21,TRUE,FALSE,CEPH Lab at Indiana University,2026-05-13,Rtrend RSV
Tennessee,TN,2,wk inc rsv hosp,hosp,2026-05-16,2026-05-30,CEPH-Rtrend_rsv,8,13,20,30,45,63,85,8,10,20,30,50,60,90,0.11256813362175165,0.18292321713534646,0.2814203340543791,0.4221305010815687,0.6331957516223531,0.8864740522712942,1.1960364197311113,0.11,0.18,0.28,0.42,0.63,0.89,1.2,TRUE,FALSE,CEPH Lab at Indiana University,2026-05-13,Rtrend RSV
Tennessee,TN,0,wk inc rsv prop ed visits,prop_ed,2026-05-16,2026-05-16,CFA_Pyrenew-Pyrenew_E_RSV,6.915174815369888e-4,8.267167473632102e-4,9.431224622664633e-4,0.001090809001894382,0.0012483227931342304,0.001404402307884313,0.0016285105441236729,6.9e-4,8.3e-4,9.4e-4,0.0011,0.0012,0.0014,0.0016,NA,NA,NA,NA,NA,NA,NA,NA,NA,NA,NA,NA,NA,NA,TRUE,FALSE,Center for Forecasting and Outbreak Analytics (CFA/CDC) Pyrenew team,2026-05-13,Pyrenew_ED_Visits_RSV
Tennessee,TN,1,wk inc rsv prop ed visits,prop_ed,2026-05-16,2026-05-23,CFA_Pyrenew-Pyrenew_E_RSV,4.752653885332004e-4,6.07831240185396e-4,7.583423189799506e-4,9.456206169802096e-4,0.0011791222427729666,0.0014253657175244839,0.0018002518561559058,4.8e-4,6.1e-4,7.6e-4,9.5e-4,0.0012,0.0014,0.0018,NA,NA,NA,NA,NA,NA,NA,NA,NA,NA,NA,NA,NA,NA,TRUE,FALSE,Center for Forecasting and Outbreak Analytics (CFA/CDC) Pyrenew team,2026-05-13,Pyrenew_ED_Visits_RSV
Tennessee,TN,0,wk inc rsv prop ed visits,prop_ed,2026-05-16,2026-05-16,CFA_Pyrenew-Pyrenew_HE_RSV,7.348583476225884e-4,8.55796391456403e-4,9.899723870374461e-4,0.0011478103271592333,0.0013130035872231255,0.0014985721431173052,0.001691526682312959,7.3e-4,8.6e-4,9.9e-4,0.0011,0.0013,0.0015,0.0017,NA,NA,NA,NA,NA,NA,NA,NA,NA,NA,NA,NA,NA,NA,FALSE,FALSE,Center for Forecasting and Outbreak Analytics (CFA/CDC) Pyrenew team,2026-05-13,Pyrenew_Hospital_Admissions_ED_Visits_RSV
Tennessee,TN,1,wk inc rsv prop ed visits,prop_ed,2026-05-16,2026-05-23,CFA_Pyrenew-Pyrenew_HE_RSV,4.992169730253974e-4,6.466980049895856e-4,8.045930295394958e-4,0.0010061397601864538,0.001266176253046692,0.0015441482740460263,0.0019916116781803213,5e-4,6.5e-4,8e-4,0.001,0.0013,0.0015,0.002,NA,NA,NA,NA,NA,NA,NA,NA,NA,NA,NA,NA,NA,NA,FALSE,FALSE,Center for Forecasting and Outbreak Analytics (CFA/CDC) Pyrenew team,2026-05-13,Pyrenew_Hospital_Admissions_ED_Visits_RSV
Tennessee,TN,0,wk inc rsv hosp,hosp,2026-05-16,2026-05-16,CFA_Pyrenew-Pyrenew_HE_RSV,13,18,22,28,35,41,52,10,20,20,30,40,40,50,0.18292321713534646,0.25327830064894125,0.3095623674598171,0.3939884676761308,0.49248558459516345,0.5769116848114773,0.7316928685413858,0.18,0.25,0.31,0.39,0.49,0.58,0.73,TRUE,FALSE,Center for Forecasting and Outbreak Analytics (CFA/CDC) Pyrenew team,2026-05-13,Pyrenew_Hospital_Admissions_ED_Visits_RSV
Tennessee,TN,1,wk inc rsv hosp,hosp,2026-05-16,2026-05-23,CFA_Pyrenew-Pyrenew_HE_RSV,10,14,18,24,32,40,53,10,10,20,20,30,40,50,0.14071016702718955,0.1969942338380654,0.25327830064894125,0.33770440086525494,0.4502725344870066,0.5628406681087582,0.7457638852441048,0.14,0.2,0.25,0.34,0.45,0.56,0.75,TRUE,FALSE,Center for Forecasting and Outbreak Analytics (CFA/CDC) Pyrenew team,2026-05-13,Pyrenew_Hospital_Admissions_ED_Visits_RSV
Tennessee,TN,0,wk inc rsv hosp,hosp,2026-05-16,2026-05-16,CFA_Pyrenew-Pyrenew_H_RSV,19,25,32,40,50,62,79,20,30,30,40,50,60,80,0.2673493173516602,0.3517754175679739,0.4502725344870066,0.5628406681087582,0.7035508351359478,0.8724030355685753,1.1116103195147975,0.27,0.35,0.45,0.56,0.7,0.87,1.11,FALSE,FALSE,Center for Forecasting and Outbreak Analytics (CFA/CDC) Pyrenew team,2026-05-13,Pyrenew_Hospital_Admissions_RSV
Tennessee,TN,1,wk inc rsv hosp,hosp,2026-05-16,2026-05-23,CFA_Pyrenew-Pyrenew_H_RSV,14,20,28,39,55,74,112,10,20,30,40,60,70,110,0.1969942338380654,0.2814203340543791,0.3939884676761308,0.5487696514060393,0.7739059186495426,1.0412552360012028,1.5759538707045233,0.2,0.28,0.39,0.55,0.77,1.04,1.58,FALSE,FALSE,Center for Forecasting and Outbreak Analytics (CFA/CDC) Pyrenew team,2026-05-13,Pyrenew_Hospital_Admissions_RSV
Tennessee,TN,0,wk inc rsv hosp,hosp,2026-05-16,2026-05-16,Google_SAI-RSVEns,17.5,21.5,24,27,35,44,66.5,20,20,20,30,40,40,70,0.24624279229758173,0.30252685910845756,0.33770440086525494,0.3799174509734118,0.49248558459516345,0.6191247349196342,0.9357226107308105,0.25,0.3,0.34,0.38,0.49,0.62,0.94,TRUE,FALSE,Google Science AI,2026-05-13,RSVEnsemble
Tennessee,TN,1,wk inc rsv hosp,hosp,2026-05-16,2026-05-23,Google_SAI-RSVEns,9,13.5,17,23,28.5,36,57.5,9,10,20,20,30,40,60,0.12663915032447062,0.1899587254867059,0.23920728394622226,0.323633384162536,0.40102397602749024,0.5065566012978825,0.8090834604063399,0.13,0.19,0.24,0.32,0.4,0.51,0.81,TRUE,FALSE,Google Science AI,2026-05-13,RSVEnsemble
Tennessee,TN,2,wk inc rsv hosp,hosp,2026-05-16,2026-05-30,Google_SAI-RSVEns,8,11,14.5,19.5,24.5,30.5,51,8,10,10,20,20,30,50,0.11256813362175165,0.15478118372990854,0.20402974218942488,0.27438482570301964,0.34473990921661446,0.42916600943292815,0.7176218518386668,0.11,0.15,0.2,0.27,0.34,0.43,0.72,TRUE,FALSE,Google Science AI,2026-05-13,RSVEnsemble
Tennessee,TN,0,wk inc rsv hosp,hosp,2026-05-16,2026-05-16,RSVHub-baseline,0,11,30,37,44,63,99.87499999999984,0,10,30,40,40,60,100,0,0.15478118372990854,0.4221305010815687,0.5206276180006014,0.6191247349196342,0.8864740522712942,1.4053427931840536,0,0.15,0.42,0.52,0.62,0.89,1.41,FALSE,FALSE,RSVHub-hub-models,2026-05-13,RSVHub baseline model
Tennessee,TN,1,wk inc rsv hosp,hosp,2026-05-16,2026-05-23,RSVHub-baseline,0,0.6890168901689042,22,37,52.541350413504155,78.31349813498143,120.64910174101732,0,1,20,40,50,80,120,0,0.009695168170022124,0.3095623674598171,0.5206276180006014,0.7393102192518265,1.1019505403056735,1.6976555257658934,0,0.01,0.31,0.52,0.74,1.1,1.7,FALSE,FALSE,RSVHub-hub-models,2026-05-13,RSVHub baseline model
Tennessee,TN,2,wk inc rsv hosp,hosp,2026-05-16,2026-05-30,RSVHub-baseline,0,0,15.780880308803106,37,59.589860898609004,90.84347443474434,142.29988174881768,0,0,20,40,60,90,140,0,0,0.22205303040877716,0.5206276180006014,0.8384899280170266,1.27826004610431,2.0023040128825462,0,0,0.22,0.52,0.84,1.28,2,FALSE,FALSE,RSVHub-hub-models,2026-05-13,RSVHub baseline model
Tennessee,TN,0,wk inc rsv prop ed visits,prop_ed,2026-05-16,2026-05-16,RSVHub-baseline,0,1.9999999999999944e-4,9e-4,0.0011,0.0013000000000000002,0.002000000000000001,0.003162499999999994,0,2e-4,9e-4,0.0011,0.0013,0.002,0.0032,NA,NA,NA,NA,NA,NA,NA,NA,NA,NA,NA,NA,NA,NA,FALSE,FALSE,RSVHub-hub-models,2026-05-13,RSVHub baseline model
Tennessee,TN,1,wk inc rsv prop ed visits,prop_ed,2026-05-16,2026-05-23,RSVHub-baseline,0,0,5.999999999999996e-4,0.0011,0.001699999999999999,0.0027,0.0038494980199802044,0,0,6e-4,0.0011,0.0017,0.0027,0.0038,NA,NA,NA,NA,NA,NA,NA,NA,NA,NA,NA,NA,NA,NA,FALSE,FALSE,RSVHub-hub-models,2026-05-13,RSVHub baseline model
Tennessee,TN,2,wk inc rsv prop ed visits,prop_ed,2026-05-16,2026-05-30,RSVHub-baseline,0,0,3.562550625506257e-4,0.0011,0.0019040087900879005,0.0030145018450184725,0.004378126706267065,0,0,3.6e-4,0.0011,0.0019,0.003,0.0044,NA,NA,NA,NA,NA,NA,NA,NA,NA,NA,NA,NA,NA,NA,FALSE,FALSE,RSVHub-hub-models,2026-05-13,RSVHub baseline model
Tennessee,TN,0,wk inc rsv hosp,hosp,2026-05-16,2026-05-16,UM-DeepOutbreak,0,0,11.3590410392381,41.320876581,63.99122971076191,82.66424104459557,105.80433455833332,0,0,10,40,60,80,110,0,0,0.1598332561899894,0.5814267445422395,0.9004216620876563,1.1631699164560902,1.4887745587903727,0,0,0.16,0.58,0.9,1.16,1.49,TRUE,FALSE,"University of Michigan, Computer Science and Engineering",2026-05-13,DeepOutbreak
Tennessee,TN,1,wk inc rsv hosp,hosp,2026-05-16,2026-05-23,UM-DeepOutbreak,0,0,16.518473324471422,42.48602433333332,65.69366792552859,123.458027848633,150.79258887333336,0,0,20,40,70,120,150,0,0,0.2324317140520549,0.5978215580264572,0.9243766986429853,1.737179971942857,2.121805036682906,0,0,0.23,0.6,0.92,1.74,2.12,TRUE,FALSE,"University of Michigan, Computer Science and Engineering",2026-05-13,DeepOutbreak
Tennessee,TN,2,wk inc rsv hosp,hosp,2026-05-16,2026-05-30,UM-DeepOutbreak,0,0,0,51.5281069675,106.32092191415964,127.54994899055264,211.8494253583333,0,0,0,50,110,130,210,0,0,0,0.7250528537991815,1.4960434681026182,1.794757462677017,2.980936802678521,0,0,0,0.73,1.5,1.79,2.98,TRUE,FALSE,"University of Michigan, Computer Science and Engineering",2026-05-13,DeepOutbreak
Tennessee,TN,0,wk inc rsv hosp,hosp,2026-05-16,2026-05-16,UGA_flucast-INFLAenza,9,13,18,25,35,46,62,9,10,20,30,40,50,60,0.12663915032447062,0.18292321713534646,0.25327830064894125,0.3517754175679739,0.49248558459516345,0.647266768325072,0.8724030355685753,0.13,0.18,0.25,0.35,0.49,0.65,0.87,TRUE,FALSE,UGA_flucast,2026-05-13,INFLAenza
Tennessee,TN,1,wk inc rsv hosp,hosp,2026-05-16,2026-05-23,UGA_flucast-INFLAenza,5,8,12,19,27,38,53,5,8,10,20,30,40,50,0.07035508351359478,0.11256813362175165,0.16885220043262747,0.2673493173516602,0.3799174509734118,0.5346986347033204,0.7457638852441048,0.07,0.11,0.17,0.27,0.38,0.53,0.75,TRUE,FALSE,UGA_flucast,2026-05-13,INFLAenza
Tennessee,TN,2,wk inc rsv hosp,hosp,2026-05-16,2026-05-30,UGA_flucast-INFLAenza,3,5,9,14,21,30,47,3,5,9,10,20,30,50,0.04221305010815687,0.07035508351359478,0.12663915032447062,0.1969942338380654,0.2954913507570981,0.4221305010815687,0.661337785027791,0.04,0.07,0.13,0.2,0.3,0.42,0.66,TRUE,FALSE,UGA_flucast,2026-05-13,INFLAenza
Tennessee,TN,0,wk inc rsv prop ed visits,prop_ed,2026-05-16,2026-05-16,UGA_flucast-INFLAenza,3.829795191163673e-4,5.366242067718323e-4,7.048820339671142e-4,9.353905410596895e-4,0.0012189324390651896,0.0015126768867939685,0.0018881631164845102,3.8e-4,5.4e-4,7e-4,9.4e-4,0.0012,0.0015,0.0019,NA,NA,NA,NA,NA,NA,NA,NA,NA,NA,NA,NA,NA,NA,TRUE,FALSE,UGA_flucast,2026-05-13,INFLAenza
Tennessee,TN,1,wk inc rsv prop ed visits,prop_ed,2026-05-16,2026-05-23,UGA_flucast-INFLAenza,2.8169999926951897e-4,4.2103929606077193e-4,5.76884015237136e-4,8.155103591013074e-4,0.001099483567848973,0.0014038124785164348,0.0017864367778247132,2.8e-4,4.2e-4,5.8e-4,8.2e-4,0.0011,0.0014,0.0018,NA,NA,NA,NA,NA,NA,NA,NA,NA,NA,NA,NA,NA,NA,TRUE,FALSE,UGA_flucast,2026-05-13,INFLAenza
Tennessee,TN,2,wk inc rsv prop ed visits,prop_ed,2026-05-16,2026-05-30,UGA_flucast-INFLAenza,2.2042375373663555e-4,3.517330750857383e-4,4.95603650874899e-4,7.160986457861072e-4,0.0010050024784235786,0.0013416615025793228,0.0017994720416508367,2.2e-4,3.5e-4,5e-4,7.2e-4,0.001,0.0013,0.0018,NA,NA,NA,NA,NA,NA,NA,NA,NA,NA,NA,NA,NA,NA,TRUE,FALSE,UGA_flucast,2026-05-13,INFLAenza
Tennessee,TN,0,wk inc rsv hosp,hosp,2026-05-16,2026-05-16,RSVHub-ensemble,13,18,22,28,35,46,66.5,10,20,20,30,40,50,70,0.18292321713534646,0.25327830064894125,0.3095623674598171,0.3939884676761308,0.49248558459516345,0.647266768325072,0.9357226107308105,0.18,0.25,0.31,0.39,0.49,0.65,0.94,FALSE,TRUE,RSVHub,2026-05-13,Ensemble using RSVHub forecast submissions
Tennessee,TN,1,wk inc rsv hosp,hosp,2026-05-16,2026-05-23,RSVHub-ensemble,9,13.5,17,24,32,40,57.5,9,10,20,20,30,40,60,0.12663915032447062,0.1899587254867059,0.23920728394622226,0.33770440086525494,0.4502725344870066,0.5628406681087582,0.8090834604063399,0.13,0.19,0.24,0.34,0.45,0.56,0.81,FALSE,TRUE,RSVHub,2026-05-13,Ensemble using RSVHub forecast submissions
Tennessee,TN,2,wk inc rsv hosp,hosp,2026-05-16,2026-05-30,RSVHub-ensemble,5.5,8,11.75,24.75,34.75,46.75,68,6,8,10,20,30,50,70,0.07739059186495427,0.11256813362175165,0.16533444625694774,0.3482576633922942,0.4889678304194837,0.6578200308521113,0.956829135784889,0.08,0.11,0.17,0.35,0.49,0.66,0.96,FALSE,TRUE,RSVHub,2026-05-13,Ensemble using RSVHub forecast submissions
Tennessee,TN,0,wk inc rsv prop ed visits,prop_ed,2026-05-16,2026-05-16,RSVHub-ensemble,5.37248500326678e-4,6.816704770675212e-4,8.240022481167887e-4,0.0010130997714770358,0.00123362761609971,0.0014585395973391408,0.0017583368303040916,5.4e-4,6.8e-4,8.2e-4,0.001,0.0012,0.0015,0.0018,NA,NA,NA,NA,NA,NA,NA,NA,NA,NA,NA,NA,NA,NA,FALSE,TRUE,RSVHub,2026-05-13,Ensemble using RSVHub forecast submissions
Tennessee,TN,1,wk inc rsv prop ed visits,prop_ed,2026-05-16,2026-05-23,RSVHub-ensemble,3.784826939013597e-4,5.14435268123084e-4,6.676131671085433e-4,8.805654880407585e-4,0.0011393029053109699,0.0014145890980204593,0.0017933443169903095,3.8e-4,5.1e-4,6.7e-4,8.8e-4,0.0011,0.0014,0.0018,NA,NA,NA,NA,NA,NA,NA,NA,NA,NA,NA,NA,NA,NA,FALSE,TRUE,RSVHub,2026-05-13,Ensemble using RSVHub forecast submissions
Texas,TX,0,wk inc rsv hosp,hosp,2026-05-16,2026-05-16,CEPH-Rtrend_rsv,45,62,87,118,160,203,253,50,60,90,120,160,200,250,0.14806959692231092,0.20400700020407284,0.2862678873831344,0.3882713874851708,0.5264696779459943,0.6679584038939803,0.8324801782521035,0.15,0.2,0.29,0.39,0.53,0.67,0.83,TRUE,FALSE,CEPH Lab at Indiana University,2026-05-13,Rtrend RSV
Texas,TX,1,wk inc rsv hosp,hosp,2026-05-16,2026-05-23,CEPH-Rtrend_rsv,28,45,68,101,146,194,251,30,50,70,100,150,190,250,0.092132193640549,0.14806959692231092,0.2237496131270476,0.3323339842034089,0.48040358112571985,0.6383444845095182,0.8258993072777787,0.09,0.15,0.22,0.33,0.48,0.64,0.83,TRUE,FALSE,CEPH Lab at Indiana University,2026-05-13,Rtrend RSV
Texas,TX,2,wk inc rsv hosp,hosp,2026-05-16,2026-05-30,CEPH-Rtrend_rsv,17,28,48,82,121,166,214,20,30,50,80,120,170,210,0.0559374032817619,0.092132193640549,0.1579409033837983,0.2698157099473221,0.39814269394665824,0.546212290868969,0.7041531942527675,0.06,0.09,0.16,0.27,0.4,0.55,0.7,TRUE,FALSE,CEPH Lab at Indiana University,2026-05-13,Rtrend RSV
Texas,TX,0,wk inc rsv prop ed visits,prop_ed,2026-05-16,2026-05-16,CFA_Pyrenew-Pyrenew_E_RSV,6.663211415756758e-4,7.406191009796615e-4,8.167219527990755e-4,8.989228848698138e-4,9.955571067434995e-4,0.0010962653322102026,0.001204328757484391,6.7e-4,7.4e-4,8.2e-4,9e-4,0.001,0.0011,0.0012,NA,NA,NA,NA,NA,NA,NA,NA,NA,NA,NA,NA,NA,NA,TRUE,FALSE,Center for Forecasting and Outbreak Analytics (CFA/CDC) Pyrenew team,2026-05-13,Pyrenew_ED_Visits_RSV
Texas,TX,1,wk inc rsv prop ed visits,prop_ed,2026-05-16,2026-05-23,CFA_Pyrenew-Pyrenew_E_RSV,4.422382204229029e-4,5.391334462897106e-4,6.418982232342296e-4,7.857908864344238e-4,9.456368834454708e-4,0.0011365137614528546,0.001408882348425488,4.4e-4,5.4e-4,6.4e-4,7.9e-4,9.5e-4,0.0011,0.0014,NA,NA,NA,NA,NA,NA,NA,NA,NA,NA,NA,NA,NA,NA,TRUE,FALSE,Center for Forecasting and Outbreak Analytics (CFA/CDC) Pyrenew team,2026-05-13,Pyrenew_ED_Visits_RSV
Texas,TX,0,wk inc rsv prop ed visits,prop_ed,2026-05-16,2026-05-16,CFA_Pyrenew-Pyrenew_HE_RSV,6.719913458258284e-4,7.479638447395659e-4,8.238317340384807e-4,9.101536012004652e-4,0.0010036339724439412,0.00109537544645786,0.0012030113914680946,6.7e-4,7.5e-4,8.2e-4,9.1e-4,0.001,0.0011,0.0012,NA,NA,NA,NA,NA,NA,NA,NA,NA,NA,NA,NA,NA,NA,FALSE,FALSE,Center for Forecasting and Outbreak Analytics (CFA/CDC) Pyrenew team,2026-05-13,Pyrenew_Hospital_Admissions_ED_Visits_RSV
Texas,TX,1,wk inc rsv prop ed visits,prop_ed,2026-05-16,2026-05-23,CFA_Pyrenew-Pyrenew_HE_RSV,4.4059732866878575e-4,5.469174442891229e-4,6.601921303920483e-4,7.98065252577445e-4,9.799387801145674e-4,0.0011638854772731972,0.0013998768428611181,4.4e-4,5.5e-4,6.6e-4,8e-4,9.8e-4,0.0012,0.0014,NA,NA,NA,NA,NA,NA,NA,NA,NA,NA,NA,NA,NA,NA,FALSE,FALSE,Center for Forecasting and Outbreak Analytics (CFA/CDC) Pyrenew team,2026-05-13,Pyrenew_Hospital_Admissions_ED_Visits_RSV
Texas,TX,0,wk inc rsv hosp,hosp,2026-05-16,2026-05-16,CFA_Pyrenew-Pyrenew_HE_RSV,49,62,74,91,112,133,160,50,60,70,90,110,130,160,0.16123133887096078,0.20400700020407284,0.24349222605002238,0.2994296293317843,0.368528774562196,0.4376279197926078,0.5264696779459943,0.16,0.2,0.24,0.3,0.37,0.44,0.53,TRUE,FALSE,Center for Forecasting and Outbreak Analytics (CFA/CDC) Pyrenew team,2026-05-13,Pyrenew_Hospital_Admissions_ED_Visits_RSV
Texas,TX,1,wk inc rsv hosp,hosp,2026-05-16,2026-05-23,CFA_Pyrenew-Pyrenew_HE_RSV,39,51,63,81,103,129,167.02499999999986,40,50,60,80,100,130,170,0.12832698399933612,0.1678122098452857,0.20729743569123527,0.26652527446015967,0.33891485517773384,0.4244661778439579,0.5495849872433102,0.13,0.17,0.21,0.27,0.34,0.42,0.55,TRUE,FALSE,Center for Forecasting and Outbreak Analytics (CFA/CDC) Pyrenew team,2026-05-13,Pyrenew_Hospital_Admissions_ED_Visits_RSV
Texas,TX,0,wk inc rsv hosp,hosp,2026-05-16,2026-05-16,CFA_Pyrenew-Pyrenew_H_RSV,57,73,89,110,136,165,208,60,70,90,110,140,170,210,0.1875548227682605,0.24020179056285992,0.2928487583574594,0.3619479035878711,0.4474992262540952,0.5429218553818066,0.6844105813297926,0.19,0.24,0.29,0.36,0.45,0.54,0.68,FALSE,FALSE,Center for Forecasting and Outbreak Analytics (CFA/CDC) Pyrenew team,2026-05-13,Pyrenew_Hospital_Admissions_RSV
Texas,TX,1,wk inc rsv hosp,hosp,2026-05-16,2026-05-23,CFA_Pyrenew-Pyrenew_H_RSV,42,58,78,108,148,200,292.02499999999986,40,60,80,110,150,200,290,0.13819829046082352,0.19084525825542295,0.25665396799867224,0.3553670326135462,0.48698445210004476,0.6580870974324929,0.9608894231386182,0.14,0.19,0.26,0.36,0.49,0.66,0.96,FALSE,FALSE,Center for Forecasting and Outbreak Analytics (CFA/CDC) Pyrenew team,2026-05-13,Pyrenew_Hospital_Admissions_RSV
Texas,TX,0,wk inc rsv hosp,hosp,2026-05-16,2026-05-16,Google_SAI-RSVEns,51.5,68,73,83,101.5,125.5,163,50,70,70,80,100,130,160,0.16945742758886692,0.2237496131270476,0.24020179056285992,0.2731061454344845,0.33397920194699016,0.41294965363888936,0.5363409844074818,0.17,0.22,0.24,0.27,0.33,0.41,0.54,TRUE,FALSE,Google Science AI,2026-05-13,RSVEnsemble
Texas,TX,1,wk inc rsv hosp,hosp,2026-05-16,2026-05-23,Google_SAI-RSVEns,44.5,54,61,77,99,127,165,40,50,60,80,100,130,170,0.1464243791787297,0.1776835163067731,0.20071656471691035,0.2533635325115098,0.325753113229084,0.417885306869633,0.5429218553818066,0.15,0.18,0.2,0.25,0.33,0.42,0.54,TRUE,FALSE,Google Science AI,2026-05-13,RSVEnsemble
Texas,TX,2,wk inc rsv hosp,hosp,2026-05-16,2026-05-30,Google_SAI-RSVEns,32.5,46.5,52,65.5,83,111,145.5,30,50,50,70,80,110,150,0.1069391533327801,0.1530052501530546,0.17110264533244815,0.21552352440914144,0.2731061454344845,0.36523833907503356,0.4787583633821386,0.11,0.15,0.17,0.22,0.27,0.37,0.48,TRUE,FALSE,Google Science AI,2026-05-13,RSVEnsemble
Texas,TX,0,wk inc rsv hosp,hosp,2026-05-16,2026-05-16,RSVHub-baseline,0,39.000000000000014,85.75,113,140.25,187.00000000000003,264.3749999999997,0,40,90,110,140,190,260,0,0.12832698399933617,0.28215484302418137,0.37181921004935853,0.4614835770745357,0.615311436099381,0.8699088819185756,0,0.13,0.28,0.37,0.46,0.62,0.87,FALSE,FALSE,RSVHub-hub-models,2026-05-13,RSVHub baseline model
Texas,TX,1,wk inc rsv hosp,hosp,2026-05-16,2026-05-23,RSVHub-baseline,0,0,56.92595425954259,113,170.63870138701387,241.46623366233663,325.5392836428362,0,0,60,110,170,240,330,0,0,0.18731118003618621,0.37181921004935853,0.5614756385271493,0.7945290641940161,1.0711660113638355,0,0,0.19,0.37,0.56,0.79,1.07,FALSE,FALSE,RSVHub-hub-models,2026-05-13,RSVHub baseline model
Texas,TX,2,wk inc rsv hosp,hosp,2026-05-16,2026-05-30,RSVHub-baseline,0,0,40.174646746467445,113,185.96458214582145,266.3922119221193,381.5563185631857,0,0,40,110,190,270,380,0,0,0.13219208333879254,0.37181921004935853,0.6119044604479502,0.8765463876122452,1.2554864509513726,0,0,0.13,0.37,0.61,0.88,1.26,FALSE,FALSE,RSVHub-hub-models,2026-05-13,RSVHub baseline model
Texas,TX,0,wk inc rsv prop ed visits,prop_ed,2026-05-16,2026-05-16,RSVHub-baseline,0,1.000000000000007e-4,9.000000000000002e-4,0.0011,0.0013,0.0020999999999999994,0.0032000000000000015,0,1e-4,9e-4,0.0011,0.0013,0.0021,0.0032,NA,NA,NA,NA,NA,NA,NA,NA,NA,NA,NA,NA,NA,NA,FALSE,FALSE,RSVHub-hub-models,2026-05-13,RSVHub baseline model
Texas,TX,1,wk inc rsv prop ed visits,prop_ed,2026-05-16,2026-05-23,RSVHub-baseline,0,0,6e-4,0.0011,0.0016347448474484745,0.0026000000000000007,0.0038999999999999994,0,0,6e-4,0.0011,0.0016,0.0026,0.0039,NA,NA,NA,NA,NA,NA,NA,NA,NA,NA,NA,NA,NA,NA,FALSE,FALSE,RSVHub-hub-models,2026-05-13,RSVHub baseline model
Texas,TX,2,wk inc rsv prop ed visits,prop_ed,2026-05-16,2026-05-30,RSVHub-baseline,0,0,3.5377853778537885e-4,0.0011,0.0019000000000000009,0.003000000000000001,0.004314779272792722,0,0,3.5e-4,0.0011,0.0019,0.003,0.0043,NA,NA,NA,NA,NA,NA,NA,NA,NA,NA,NA,NA,NA,NA,FALSE,FALSE,RSVHub-hub-models,2026-05-13,RSVHub baseline model
Texas,TX,0,wk inc rsv hosp,hosp,2026-05-16,2026-05-16,UGA_flucast-INFLAenza,21,29,39,54,73,96,132,20,30,40,50,70,100,130,0.06909914523041176,0.09542262912771148,0.12832698399933612,0.1776835163067731,0.24020179056285992,0.3158818067675966,0.43433748430544533,0.07,0.1,0.13,0.18,0.24,0.32,0.43,TRUE,FALSE,UGA_flucast,2026-05-13,INFLAenza
Texas,TX,1,wk inc rsv hosp,hosp,2026-05-16,2026-05-23,UGA_flucast-INFLAenza,13,19,27,41,58,81,117,10,20,30,40,60,80,120,0.04277566133311204,0.06251827425608683,0.08884175815338655,0.13490785497366106,0.19084525825542295,0.26652527446015967,0.38498095199800836,0.04,0.06,0.09,0.13,0.19,0.27,0.38,TRUE,FALSE,UGA_flucast,2026-05-13,INFLAenza
Texas,TX,2,wk inc rsv hosp,hosp,2026-05-16,2026-05-30,UGA_flucast-INFLAenza,7,13,20,31,46,66,101,7,10,20,30,50,70,100,0.02303304841013725,0.04277566133311204,0.06580870974324929,0.10200350010203642,0.15136003240947338,0.21716874215272267,0.3323339842034089,0.02,0.04,0.07,0.1,0.15,0.22,0.33,TRUE,FALSE,UGA_flucast,2026-05-13,INFLAenza
Texas,TX,0,wk inc rsv prop ed visits,prop_ed,2026-05-16,2026-05-16,UGA_flucast-INFLAenza,2.8599116227464314e-4,4.192716522425764e-4,5.690254940333077e-4,7.727770243475825e-4,0.00100398492346221,0.0012695270144950713,0.001617954464592367,2.9e-4,4.2e-4,5.7e-4,7.7e-4,0.001,0.0013,0.0016,NA,NA,NA,NA,NA,NA,NA,NA,NA,NA,NA,NA,NA,NA,TRUE,FALSE,UGA_flucast,2026-05-13,INFLAenza
Texas,TX,1,wk inc rsv prop ed visits,prop_ed,2026-05-16,2026-05-23,UGA_flucast-INFLAenza,2.1244388521685494e-4,3.3215394243248954e-4,4.808232978568088e-4,6.836501781825864e-4,9.234600237582242e-4,0.0011866787143468254,0.0015750301595921217,2.1e-4,3.3e-4,4.8e-4,6.8e-4,9.2e-4,0.0012,0.0016,NA,NA,NA,NA,NA,NA,NA,NA,NA,NA,NA,NA,NA,NA,TRUE,FALSE,UGA_flucast,2026-05-13,INFLAenza
Texas,TX,2,wk inc rsv prop ed visits,prop_ed,2026-05-16,2026-05-30,UGA_flucast-INFLAenza,1.626829785104224e-4,2.7226256058941197e-4,4.02976028187311e-4,5.979145351199803e-4,8.489783055311169e-4,0.001101997346976031,0.0014901502810265436,1.6e-4,2.7e-4,4e-4,6e-4,8.5e-4,0.0011,0.0015,NA,NA,NA,NA,NA,NA,NA,NA,NA,NA,NA,NA,NA,NA,TRUE,FALSE,UGA_flucast,2026-05-13,INFLAenza
Texas,TX,0,wk inc rsv hosp,hosp,2026-05-16,2026-05-16,RSVHub-ensemble,47,62,73.5,87,106.75,129.25,161.5,50,60,70,90,110,130,160,0.15465046789663583,0.20400700020407284,0.24184700830644115,0.2862678873831344,0.3512539882545931,0.4252887867157486,0.531405331176738,0.15,0.2,0.24,0.29,0.35,0.43,0.53,FALSE,TRUE,RSVHub,2026-05-13,Ensemble using RSVHub forecast submissions
Texas,TX,1,wk inc rsv hosp,hosp,2026-05-16,2026-05-23,RSVHub-ensemble,33.5,48,62,79,101,128,166.01249999999993,30,50,60,80,100,130,170,0.11022958881994256,0.1579409033837983,0.20400700020407284,0.2599444034858347,0.3323339842034089,0.42117574235679545,0.5462534213125585,0.11,0.16,0.2,0.26,0.33,0.42,0.55,FALSE,TRUE,RSVHub,2026-05-13,Ensemble using RSVHub forecast submissions
Texas,TX,2,wk inc rsv hosp,hosp,2026-05-16,2026-05-30,RSVHub-ensemble,17,28,48,65.5,83,111,145.5,20,30,50,70,80,110,150,0.0559374032817619,0.092132193640549,0.1579409033837983,0.21552352440914144,0.2731061454344845,0.36523833907503356,0.4787583633821386,0.06,0.09,0.16,0.22,0.27,0.37,0.48,FALSE,TRUE,RSVHub,2026-05-13,Ensemble using RSVHub forecast submissions
Texas,TX,0,wk inc rsv prop ed visits,prop_ed,2026-05-16,2026-05-16,RSVHub-ensemble,4.7615615192515945e-4,5.799453766111189e-4,6.928737234161916e-4,8.358499546086981e-4,9.997710151028547e-4,0.001182896173352637,0.001411141611038379,4.8e-4,5.8e-4,6.9e-4,8.4e-4,0.001,0.0012,0.0014,NA,NA,NA,NA,NA,NA,NA,NA,NA,NA,NA,NA,NA,NA,FALSE,TRUE,RSVHub,2026-05-13,Ensemble using RSVHub forecast submissions
Texas,TX,1,wk inc rsv prop ed visits,prop_ed,2026-05-16,2026-05-23,RSVHub-ensemble,3.273410528198789e-4,4.356436943611001e-4,5.613607605455193e-4,7.347205323085051e-4,9.345484536018475e-4,0.00116159623789984,0.0014919562540088049,3.3e-4,4.4e-4,5.6e-4,7.3e-4,0.00093000000000000005,0.0012,0.0015,NA,NA,NA,NA,NA,NA,NA,NA,NA,NA,NA,NA,NA,NA,FALSE,TRUE,RSVHub,2026-05-13,Ensemble using RSVHub forecast submissions
Utah,UT,0,wk inc rsv hosp,hosp,2026-05-16,2026-05-16,CEPH-Rtrend_rsv,4,5,6,8,9,11,14,4,5,6,8,9,10,10,0.11718888475147021,0.14648610593933775,0.1757833271272053,0.23437776950294043,0.26367499069080796,0.3222694330665431,0.4101610966301457,0.12,0.15,0.18,0.23,0.26,0.32,0.41,TRUE,FALSE,CEPH Lab at Indiana University,2026-05-13,Rtrend RSV
Utah,UT,1,wk inc rsv hosp,hosp,2026-05-16,2026-05-23,CEPH-Rtrend_rsv,3,3,5,6,8,11,14,3,3,5,6,8,10,10,0.08789166356360265,0.08789166356360265,0.14648610593933775,0.1757833271272053,0.23437776950294043,0.3222694330665431,0.4101610966301457,0.09,0.09,0.15,0.18,0.23,0.32,0.41,TRUE,FALSE,CEPH Lab at Indiana University,2026-05-13,Rtrend RSV
Utah,UT,2,wk inc rsv hosp,hosp,2026-05-16,2026-05-30,CEPH-Rtrend_rsv,2,2,3,5,8,11,15,2,2,3,5,8,10,20,0.058594442375735106,0.058594442375735106,0.08789166356360265,0.14648610593933775,0.23437776950294043,0.3222694330665431,0.43945831781801326,0.06,0.06,0.09,0.15,0.23,0.32,0.44,TRUE,FALSE,CEPH Lab at Indiana University,2026-05-13,Rtrend RSV
Utah,UT,0,wk inc rsv prop ed visits,prop_ed,2026-05-16,2026-05-16,CFA_Pyrenew-Pyrenew_E_RSV,4.5355738033211654e-4,5.870345797917303e-4,7.413407944265792e-4,9.408125671186431e-4,0.0011574139915745845,0.0013660742523949952,0.0016235579637139774,4.5e-4,5.9e-4,7.4e-4,9.4e-4,0.0012,0.0014,0.0016,NA,NA,NA,NA,NA,NA,NA,NA,NA,NA,NA,NA,NA,NA,TRUE,FALSE,Center for Forecasting and Outbreak Analytics (CFA/CDC) Pyrenew team,2026-05-13,Pyrenew_ED_Visits_RSV
Utah,UT,1,wk inc rsv prop ed visits,prop_ed,2026-05-16,2026-05-23,CFA_Pyrenew-Pyrenew_E_RSV,2.4048453911509212e-4,3.700012178037533e-4,5.068973233141891e-4,6.895284582224964e-4,9.21350123657596e-4,0.0011761127219147326,0.0014831436641261587,2.4e-4,3.7e-4,5.1e-4,6.9e-4,9.2e-4,0.0012,0.0015,NA,NA,NA,NA,NA,NA,NA,NA,NA,NA,NA,NA,NA,NA,TRUE,FALSE,Center for Forecasting and Outbreak Analytics (CFA/CDC) Pyrenew team,2026-05-13,Pyrenew_ED_Visits_RSV
Utah,UT,0,wk inc rsv prop ed visits,prop_ed,2026-05-16,2026-05-16,CFA_Pyrenew-Pyrenew_HE_RSV,4.6764598202835554e-4,5.972290615062065e-4,7.584654107033598e-4,9.386541722957784e-4,0.0011522809159402391,0.0013764317348505027,0.0016558551552030502,4.7e-4,6e-4,7.6e-4,9.4e-4,0.0012,0.0014,0.0017,NA,NA,NA,NA,NA,NA,NA,NA,NA,NA,NA,NA,NA,NA,FALSE,FALSE,Center for Forecasting and Outbreak Analytics (CFA/CDC) Pyrenew team,2026-05-13,Pyrenew_Hospital_Admissions_ED_Visits_RSV
Utah,UT,1,wk inc rsv prop ed visits,prop_ed,2026-05-16,2026-05-23,CFA_Pyrenew-Pyrenew_HE_RSV,2.439539241159331e-4,3.7511563248709024e-4,4.981319826609783e-4,6.925614612203761e-4,9.336530718905466e-4,0.0012008410259407882,0.0015043314853112047,2.4e-4,3.8e-4,5e-4,6.9e-4,0.00093000000000000005,0.0012,0.0015,NA,NA,NA,NA,NA,NA,NA,NA,NA,NA,NA,NA,NA,NA,FALSE,FALSE,Center for Forecasting and Outbreak Analytics (CFA/CDC) Pyrenew team,2026-05-13,Pyrenew_Hospital_Admissions_ED_Visits_RSV
Utah,UT,0,wk inc rsv hosp,hosp,2026-05-16,2026-05-16,CFA_Pyrenew-Pyrenew_HE_RSV,1,2,4,7,10,15,20,1,2,4,7,10,20,20,0.029297221187867553,0.058594442375735106,0.11718888475147021,0.20508054831507286,0.2929722118786755,0.43945831781801326,0.585944423757351,0.03,0.06,0.12,0.21,0.29,0.44,0.59,TRUE,FALSE,Center for Forecasting and Outbreak Analytics (CFA/CDC) Pyrenew team,2026-05-13,Pyrenew_Hospital_Admissions_ED_Visits_RSV
Utah,UT,1,wk inc rsv hosp,hosp,2026-05-16,2026-05-23,CFA_Pyrenew-Pyrenew_HE_RSV,0,1,3,5,8,12,17,0,1,3,5,8,10,20,0,0.029297221187867553,0.08789166356360265,0.14648610593933775,0.23437776950294043,0.3515666542544106,0.4980527601937484,0,0.03,0.09,0.15,0.23,0.35,0.5,TRUE,FALSE,Center for Forecasting and Outbreak Analytics (CFA/CDC) Pyrenew team,2026-05-13,Pyrenew_Hospital_Admissions_ED_Visits_RSV
Utah,UT,0,wk inc rsv hosp,hosp,2026-05-16,2026-05-16,CFA_Pyrenew-Pyrenew_H_RSV,1,3,5,8,12,16,24,1,3,5,8,10,20,20,0.029297221187867553,0.08789166356360265,0.14648610593933775,0.23437776950294043,0.3515666542544106,0.46875553900588085,0.7031333085088212,0.03,0.09,0.15,0.23,0.35,0.47,0.7,FALSE,FALSE,Center for Forecasting and Outbreak Analytics (CFA/CDC) Pyrenew team,2026-05-13,Pyrenew_Hospital_Admissions_RSV
Utah,UT,1,wk inc rsv hosp,hosp,2026-05-16,2026-05-23,CFA_Pyrenew-Pyrenew_H_RSV,1,2,4,7,12,20,34,1,2,4,7,10,20,30,0.029297221187867553,0.058594442375735106,0.11718888475147021,0.20508054831507286,0.3515666542544106,0.585944423757351,0.9961055203874968,0.03,0.06,0.12,0.21,0.35,0.59,1,FALSE,FALSE,Center for Forecasting and Outbreak Analytics (CFA/CDC) Pyrenew team,2026-05-13,Pyrenew_Hospital_Admissions_RSV
Utah,UT,0,wk inc rsv hosp,hosp,2026-05-16,2026-05-16,Google_SAI-RSVEns,0,1.5,3.5,5.5,8,12,20,0,2,4,6,8,10,20,0,0.04394583178180132,0.10254027415753643,0.16113471653327155,0.23437776950294043,0.3515666542544106,0.585944423757351,0,0.04,0.1,0.16,0.23,0.35,0.59,TRUE,FALSE,Google Science AI,2026-05-13,RSVEnsemble
Utah,UT,1,wk inc rsv hosp,hosp,2026-05-16,2026-05-23,Google_SAI-RSVEns,0,1,3,4.5,8,11,16,0,1,3,5,8,10,20,0,0.029297221187867553,0.08789166356360265,0.13183749534540398,0.23437776950294043,0.3222694330665431,0.46875553900588085,0,0.03,0.09,0.13,0.23,0.32,0.47,TRUE,FALSE,Google Science AI,2026-05-13,RSVEnsemble
Utah,UT,2,wk inc rsv hosp,hosp,2026-05-16,2026-05-30,Google_SAI-RSVEns,0,1.5,2.5,4.5,6,9,15,0,2,3,5,6,9,20,0,0.04394583178180132,0.07324305296966888,0.13183749534540398,0.1757833271272053,0.26367499069080796,0.43945831781801326,0,0.04,0.07,0.13,0.18,0.26,0.44,TRUE,FALSE,Google Science AI,2026-05-13,RSVEnsemble
Utah,UT,0,wk inc rsv hosp,hosp,2026-05-16,2026-05-16,RSVHub-baseline,0,0,3,6,9,17.500000000000014,52.624999999999886,0,0,3,6,9,20,50,0,0,0.08789166356360265,0.1757833271272053,0.26367499069080796,0.5127013707876825,1.5417662650115265,0,0,0.09,0.18,0.26,0.51,1.54,FALSE,FALSE,RSVHub-hub-models,2026-05-13,RSVHub baseline model
Utah,UT,1,wk inc rsv hosp,hosp,2026-05-16,2026-05-23,RSVHub-baseline,0,0,0,6,13.804753047530472,32.26590365903658,58.49227467274667,0,0,0,6,10,30,60,0,0,0,0.1757833271272053,0.4044409034773889,0.9453013163252196,1.7136611088689624,0,0,0,0.18,0.4,0.95,1.71,FALSE,FALSE,RSVHub-hub-models,2026-05-13,RSVHub baseline model
Utah,UT,2,wk inc rsv hosp,hosp,2026-05-16,2026-05-30,RSVHub-baseline,0,0,0,6,16.788257882578858,42.40175901759021,64.28568060680603,0,0,0,6,20,40,60,0,0,0,0.1757833271272053,0.49184930454487374,1.242253712692998,1.8833918039502038,0,0,0,0.18,0.49,1.24,1.88,FALSE,FALSE,RSVHub-hub-models,2026-05-13,RSVHub baseline model
Utah,UT,0,wk inc rsv prop ed visits,prop_ed,2026-05-16,2026-05-16,RSVHub-baseline,0,5.0000000000000355e-5,0.0012000000000000001,0.0014000000000000002,0.0016000000000000003,0.0027500000000000024,0.005000000000000001,0,5e-5,0.0012,0.0014,0.0016,0.0028,0.005,NA,NA,NA,NA,NA,NA,NA,NA,NA,NA,NA,NA,NA,NA,FALSE,FALSE,RSVHub-hub-models,2026-05-13,RSVHub baseline model
Utah,UT,1,wk inc rsv prop ed visits,prop_ed,2026-05-16,2026-05-23,RSVHub-baseline,0,0,7.535632856328558e-4,0.0014000000000000002,0.0021000000000000003,0.0038222539225391933,0.006632404524045265,0,0,7.5e-4,0.0014,0.0021,0.0038,0.0066,NA,NA,NA,NA,NA,NA,NA,NA,NA,NA,NA,NA,NA,NA,FALSE,FALSE,RSVHub-hub-models,2026-05-13,RSVHub baseline model
Utah,UT,2,wk inc rsv prop ed visits,prop_ed,2026-05-16,2026-05-30,RSVHub-baseline,0,0,3.9999999999999975e-4,0.0014000000000000002,0.0026,0.004499999999999999,0.00764249992499926,0,0,4e-4,0.0014,0.0026,0.0045,0.0076,NA,NA,NA,NA,NA,NA,NA,NA,NA,NA,NA,NA,NA,NA,FALSE,FALSE,RSVHub-hub-models,2026-05-13,RSVHub baseline model
Utah,UT,0,wk inc rsv hosp,hosp,2026-05-16,2026-05-16,UM-DeepOutbreak,0,0,0,8.68508535625,19.75905822864477,36.945730568005565,45.41863817,0,0,0,9,20,40,50,0,0,0,0.25444886671756567,0.5788854993885602,1.0824072403982186,1.330639888518214,0,0,0,0.25,0.58,1.08,1.33,TRUE,FALSE,"University of Michigan, Computer Science and Engineering",2026-05-13,DeepOutbreak
Utah,UT,1,wk inc rsv hosp,hosp,2026-05-16,2026-05-23,UM-DeepOutbreak,0,0,0,9.573000816666664,35.66093041293335,54.39536544166666,54.39536544166666,0,0,0,10,40,50,50,0,0,0,0.28046232235751994,1.0447661660728613,1.593633052939395,1.593633052939395,0,0,0,0.28,1.04,1.59,1.59,TRUE,FALSE,"University of Michigan, Computer Science and Engineering",2026-05-13,DeepOutbreak
Utah,UT,2,wk inc rsv hosp,hosp,2026-05-16,2026-05-30,UM-DeepOutbreak,0,0,0,16.744984262499997,52.40480668242844,69.8286083806579,71.94297176250001,0,0,0,20,50,70,70,0,0,0,0.49058150772582365,1.5353152126825456,2.0457841849691163,2.1077291566384724,0,0,0,0.49,1.54,2.05,2.11,TRUE,FALSE,"University of Michigan, Computer Science and Engineering",2026-05-13,DeepOutbreak
Utah,UT,0,wk inc rsv hosp,hosp,2026-05-16,2026-05-16,UGA_flucast-INFLAenza,1,2,4,6,9,12,17,1,2,4,6,9,10,20,0.029297221187867553,0.058594442375735106,0.11718888475147021,0.1757833271272053,0.26367499069080796,0.3515666542544106,0.4980527601937484,0.03,0.06,0.12,0.18,0.26,0.35,0.5,TRUE,FALSE,UGA_flucast,2026-05-13,INFLAenza
Utah,UT,1,wk inc rsv hosp,hosp,2026-05-16,2026-05-23,UGA_flucast-INFLAenza,0,1,3,5,7,10,16,0,1,3,5,7,10,20,0,0.029297221187867553,0.08789166356360265,0.14648610593933775,0.20508054831507286,0.2929722118786755,0.46875553900588085,0,0.03,0.09,0.15,0.21,0.29,0.47,TRUE,FALSE,UGA_flucast,2026-05-13,INFLAenza
Utah,UT,2,wk inc rsv hosp,hosp,2026-05-16,2026-05-30,UGA_flucast-INFLAenza,0,1,2,3,6,9,14,0,1,2,3,6,9,10,0,0.029297221187867553,0.058594442375735106,0.08789166356360265,0.1757833271272053,0.26367499069080796,0.4101610966301457,0,0.03,0.06,0.09,0.18,0.26,0.41,TRUE,FALSE,UGA_flucast,2026-05-13,INFLAenza
Utah,UT,0,wk inc rsv prop ed visits,prop_ed,2026-05-16,2026-05-16,UGA_flucast-INFLAenza,5.146283145650162e-4,7.048734345002756e-4,8.938369544555253e-4,0.0011563448944252412,0.0014768357483361523,0.0018010974042322278,0.002185655485242807,5.1e-4,7e-4,8.9e-4,0.0012,0.0015,0.0018,0.0022,NA,NA,NA,NA,NA,NA,NA,NA,NA,NA,NA,NA,NA,NA,TRUE,FALSE,UGA_flucast,2026-05-13,INFLAenza
Utah,UT,1,wk inc rsv prop ed visits,prop_ed,2026-05-16,2026-05-23,UGA_flucast-INFLAenza,3.650777582590974e-4,5.317201865533132e-4,7.205566191082341e-4,9.806906732635567e-4,0.0012990648633946658,0.001635102384520496,0.0021222067011422707,3.7e-4,5.3e-4,7.2e-4,9.8e-4,0.0013,0.0016,0.0021,NA,NA,NA,NA,NA,NA,NA,NA,NA,NA,NA,NA,NA,NA,TRUE,FALSE,UGA_flucast,2026-05-13,INFLAenza
Utah,UT,2,wk inc rsv prop ed visits,prop_ed,2026-05-16,2026-05-30,UGA_flucast-INFLAenza,2.6286813104054265e-4,4.1991721390514047e-4,6.037639457631757e-4,8.570408050383293e-4,0.0011794589125848835,0.0015523123739778406,0.002036532621545906,2.6e-4,4.2e-4,6e-4,8.6e-4,0.0012,0.0016,0.002,NA,NA,NA,NA,NA,NA,NA,NA,NA,NA,NA,NA,NA,NA,TRUE,FALSE,UGA_flucast,2026-05-13,INFLAenza
Utah,UT,0,wk inc rsv hosp,hosp,2026-05-16,2026-05-16,RSVHub-ensemble,1,2,4,7,9,12,20,1,2,4,7,9,10,20,0.029297221187867553,0.058594442375735106,0.11718888475147021,0.20508054831507286,0.26367499069080796,0.3515666542544106,0.585944423757351,0.03,0.06,0.12,0.21,0.26,0.35,0.59,FALSE,TRUE,RSVHub,2026-05-13,Ensemble using RSVHub forecast submissions
Utah,UT,1,wk inc rsv hosp,hosp,2026-05-16,2026-05-23,RSVHub-ensemble,0,1,3,5,8,11,16,0,1,3,5,8,10,20,0,0.029297221187867553,0.08789166356360265,0.14648610593933775,0.23437776950294043,0.3222694330665431,0.46875553900588085,0,0.03,0.09,0.15,0.23,0.32,0.47,FALSE,TRUE,RSVHub,2026-05-13,Ensemble using RSVHub forecast submissions
Utah,UT,2,wk inc rsv hosp,hosp,2026-05-16,2026-05-30,RSVHub-ensemble,0,1.25,2.25,4.75,7,10,15,0,1,2,5,7,10,20,0,0.03662152648483444,0.06591874767270199,0.13916180064237088,0.20508054831507286,0.2929722118786755,0.43945831781801326,0,0.04,0.07,0.14,0.21,0.29,0.44,FALSE,TRUE,RSVHub,2026-05-13,Ensemble using RSVHub forecast submissions
Utah,UT,0,wk inc rsv prop ed visits,prop_ed,2026-05-16,2026-05-16,RSVHub-ensemble,4.840928474485664e-4,6.45954007146003e-4,8.175888744410523e-4,0.0010485787307719422,0.0013171248699553684,0.0015835858283136115,0.0019046067244783923,4.8e-4,6.5e-4,8.2e-4,0.001,0.0013,0.0016,0.0019,NA,NA,NA,NA,NA,NA,NA,NA,NA,NA,NA,NA,NA,NA,FALSE,TRUE,RSVHub,2026-05-13,Ensemble using RSVHub forecast submissions
Utah,UT,1,wk inc rsv prop ed visits,prop_ed,2026-05-16,2026-05-23,RSVHub-ensemble,3.0278114868709477e-4,4.508607021785333e-4,6.137269712112116e-4,8.351095657430265e-4,0.001110207493526131,0.0014056075532176142,0.0018026751826342147,3e-4,4.5e-4,6.1e-4,8.4e-4,0.0011,0.0014,0.0018,NA,NA,NA,NA,NA,NA,NA,NA,NA,NA,NA,NA,NA,NA,FALSE,TRUE,RSVHub,2026-05-13,Ensemble using RSVHub forecast submissions
Vermont,VT,0,wk inc rsv hosp,hosp,2026-05-16,2026-05-16,CEPH-Rtrend_rsv,2,2,3,4,4,5,6,2,2,3,4,4,5,6,0.3089685856190572,0.3089685856190572,0.4634528784285858,0.6179371712381144,0.6179371712381144,0.7724214640476429,0.9269057568571716,0.31,0.31,0.46,0.62,0.62,0.77,0.93,TRUE,FALSE,CEPH Lab at Indiana University,2026-05-13,Rtrend RSV
Vermont,VT,1,wk inc rsv hosp,hosp,2026-05-16,2026-05-23,CEPH-Rtrend_rsv,1,1,2,3,3,4,5,1,1,2,3,3,4,5,0.1544842928095286,0.1544842928095286,0.3089685856190572,0.4634528784285858,0.4634528784285858,0.6179371712381144,0.7724214640476429,0.15,0.15,0.31,0.46,0.46,0.62,0.77,TRUE,FALSE,CEPH Lab at Indiana University,2026-05-13,Rtrend RSV
Vermont,VT,2,wk inc rsv hosp,hosp,2026-05-16,2026-05-30,CEPH-Rtrend_rsv,1,1,1,2,2,3,4,1,1,1,2,2,3,4,0.1544842928095286,0.1544842928095286,0.1544842928095286,0.3089685856190572,0.3089685856190572,0.4634528784285858,0.6179371712381144,0.15,0.15,0.15,0.31,0.31,0.46,0.62,TRUE,FALSE,CEPH Lab at Indiana University,2026-05-13,Rtrend RSV
Vermont,VT,0,wk inc rsv prop ed visits,prop_ed,2026-05-16,2026-05-16,CFA_Pyrenew-Pyrenew_E_RSV,5.684258694260593e-4,9.554558926208127e-4,0.0013729296762449322,0.0018963821875974517,0.002519955192715048,0.0031607627816223416,0.003991433867763421,5.7e-4,9.6e-4,0.0014,0.0019,0.0025,0.0032,0.004,NA,NA,NA,NA,NA,NA,NA,NA,NA,NA,NA,NA,NA,NA,TRUE,FALSE,Center for Forecasting and Outbreak Analytics (CFA/CDC) Pyrenew team,2026-05-13,Pyrenew_ED_Visits_RSV
Vermont,VT,1,wk inc rsv prop ed visits,prop_ed,2026-05-16,2026-05-23,CFA_Pyrenew-Pyrenew_E_RSV,2.003591430879316e-4,5.72910582281259e-4,9.576051903523038e-4,0.0014802986733917578,0.0021143100791189678,0.0028519157994351275,0.0038561308117080854,2e-4,5.7e-4,9.6e-4,0.0015,0.0021,0.0029,0.0039,NA,NA,NA,NA,NA,NA,NA,NA,NA,NA,NA,NA,NA,NA,TRUE,FALSE,Center for Forecasting and Outbreak Analytics (CFA/CDC) Pyrenew team,2026-05-13,Pyrenew_ED_Visits_RSV
Vermont,VT,0,wk inc rsv prop ed visits,prop_ed,2026-05-16,2026-05-16,CFA_Pyrenew-Pyrenew_HE_RSV,7.253254850922339e-4,0.0010575109350591852,0.001441242076808146,0.0019072425623562679,0.002485152778250807,0.003075486730226358,0.003792868798532223,7.3e-4,0.0011,0.0014,0.0019,0.0025,0.0031,0.0038,NA,NA,NA,NA,NA,NA,NA,NA,NA,NA,NA,NA,NA,NA,FALSE,FALSE,Center for Forecasting and Outbreak Analytics (CFA/CDC) Pyrenew team,2026-05-13,Pyrenew_Hospital_Admissions_ED_Visits_RSV
Vermont,VT,1,wk inc rsv prop ed visits,prop_ed,2026-05-16,2026-05-23,CFA_Pyrenew-Pyrenew_HE_RSV,3.587677290330784e-4,5.712097389453041e-4,9.463412557606944e-4,0.0014645272108384983,0.002119571602240507,0.002866933690899613,0.0038582263753570074,3.6e-4,5.7e-4,9.5e-4,0.0015,0.0021,0.0029,0.0039,NA,NA,NA,NA,NA,NA,NA,NA,NA,NA,NA,NA,NA,NA,FALSE,FALSE,Center for Forecasting and Outbreak Analytics (CFA/CDC) Pyrenew team,2026-05-13,Pyrenew_Hospital_Admissions_ED_Visits_RSV
Vermont,VT,0,wk inc rsv hosp,hosp,2026-05-16,2026-05-16,CFA_Pyrenew-Pyrenew_HE_RSV,1,2,3,4,6,8,9,1,2,3,4,6,8,9,0.1544842928095286,0.3089685856190572,0.4634528784285858,0.6179371712381144,0.9269057568571716,1.2358743424762288,1.3903586352857573,0.15,0.31,0.46,0.62,0.93,1.24,1.39,TRUE,FALSE,Center for Forecasting and Outbreak Analytics (CFA/CDC) Pyrenew team,2026-05-13,Pyrenew_Hospital_Admissions_ED_Visits_RSV
Vermont,VT,1,wk inc rsv hosp,hosp,2026-05-16,2026-05-23,CFA_Pyrenew-Pyrenew_HE_RSV,0,1,2,3,5,7,9,0,1,2,3,5,7,9,0,0.1544842928095286,0.3089685856190572,0.4634528784285858,0.7724214640476429,1.0813900496667002,1.3903586352857573,0,0.15,0.31,0.46,0.77,1.08,1.39,TRUE,FALSE,Center for Forecasting and Outbreak Analytics (CFA/CDC) Pyrenew team,2026-05-13,Pyrenew_Hospital_Admissions_ED_Visits_RSV
Vermont,VT,0,wk inc rsv hosp,hosp,2026-05-16,2026-05-16,CFA_Pyrenew-Pyrenew_H_RSV,1,2,3,5,7,10,13,1,2,3,5,7,10,10,0.1544842928095286,0.3089685856190572,0.4634528784285858,0.7724214640476429,1.0813900496667002,1.5448429280952858,2.0082958065238716,0.15,0.31,0.46,0.77,1.08,1.54,2.01,FALSE,FALSE,Center for Forecasting and Outbreak Analytics (CFA/CDC) Pyrenew team,2026-05-13,Pyrenew_Hospital_Admissions_RSV
Vermont,VT,1,wk inc rsv hosp,hosp,2026-05-16,2026-05-23,CFA_Pyrenew-Pyrenew_H_RSV,0,1,2,4,6,9,14,0,1,2,4,6,9,10,0,0.1544842928095286,0.3089685856190572,0.6179371712381144,0.9269057568571716,1.3903586352857573,2.1627800993334003,0,0.15,0.31,0.62,0.93,1.39,2.16,FALSE,FALSE,Center for Forecasting and Outbreak Analytics (CFA/CDC) Pyrenew team,2026-05-13,Pyrenew_Hospital_Admissions_RSV
Vermont,VT,0,wk inc rsv hosp,hosp,2026-05-16,2026-05-16,Google_SAI-RSVEns,0.5,1.5,2.5,3.5,6,8,12,1,2,3,4,6,8,10,0.0772421464047643,0.2317264392142929,0.38621073202382145,0.5406950248333501,0.9269057568571716,1.2358743424762288,1.8538115137143432,0.08,0.23,0.39,0.54,0.93,1.24,1.85,TRUE,FALSE,Google Science AI,2026-05-13,RSVEnsemble
Vermont,VT,1,wk inc rsv hosp,hosp,2026-05-16,2026-05-23,Google_SAI-RSVEns,0.5,0.5,1.5,2.5,4.5,5.5,11,1,1,2,3,5,6,10,0.0772421464047643,0.0772421464047643,0.2317264392142929,0.38621073202382145,0.6951793176428787,0.8496636104524071,1.6993272209048143,0.08,0.08,0.23,0.39,0.7,0.85,1.7,TRUE,FALSE,Google Science AI,2026-05-13,RSVEnsemble
Vermont,VT,2,wk inc rsv hosp,hosp,2026-05-16,2026-05-30,Google_SAI-RSVEns,0,0.5,1.5,2.5,3.5,4,6.5,0,1,2,3,4,4,7,0,0.0772421464047643,0.2317264392142929,0.38621073202382145,0.5406950248333501,0.6179371712381144,1.0041479032619358,0,0.08,0.23,0.39,0.54,0.62,1,TRUE,FALSE,Google Science AI,2026-05-13,RSVEnsemble
Vermont,VT,0,wk inc rsv hosp,hosp,2026-05-16,2026-05-16,RSVHub-baseline,0,1,3,5,7,9,13,0,1,3,5,7,9,10,0,0.1544842928095286,0.4634528784285858,0.7724214640476429,1.0813900496667002,1.3903586352857573,2.0082958065238716,0,0.15,0.46,0.77,1.08,1.39,2.01,FALSE,FALSE,RSVHub-hub-models,2026-05-13,RSVHub baseline model
Vermont,VT,1,wk inc rsv hosp,hosp,2026-05-16,2026-05-23,RSVHub-baseline,0,0,2,5,8,11.353533535335373,15.590778157781566,0,0,2,5,8,10,20,0,0,0.3089685856190572,0.7724214640476429,1.2358743424762288,1.7539425990955522,2.4085303380551304,0,0,0.31,0.77,1.24,1.75,2.41,FALSE,FALSE,RSVHub-hub-models,2026-05-13,RSVHub baseline model
Vermont,VT,2,wk inc rsv hosp,hosp,2026-05-16,2026-05-30,RSVHub-baseline,0,0,1.391241412414125,5,9,13,17.157316323163222,0,0,1,5,9,10,20,0,0,0.21492494572412582,0.7724214640476429,1.3903586352857573,2.0082958065238716,2.6505358786932516,0,0,0.21,0.77,1.39,2.01,2.65,FALSE,FALSE,RSVHub-hub-models,2026-05-13,RSVHub baseline model
Vermont,VT,0,wk inc rsv prop ed visits,prop_ed,2026-05-16,2026-05-16,RSVHub-baseline,0,5e-4,0.0016999999999999997,0.0021,0.0025,0.0036999999999999997,0.006349999999999981,0,5e-4,0.0017,0.0021,0.0025,0.0037,0.0064,NA,NA,NA,NA,NA,NA,NA,NA,NA,NA,NA,NA,NA,NA,FALSE,FALSE,RSVHub-hub-models,2026-05-13,RSVHub baseline model
Vermont,VT,1,wk inc rsv prop ed visits,prop_ed,2026-05-16,2026-05-23,RSVHub-baseline,0,0,0.0011802155521555215,0.0021,0.0030999999999999995,0.0049,0.007544244292442926,0,0,0.0012,0.0021,0.0031,0.0049,0.0075,NA,NA,NA,NA,NA,NA,NA,NA,NA,NA,NA,NA,NA,NA,FALSE,FALSE,RSVHub-hub-models,2026-05-13,RSVHub baseline model
Vermont,VT,2,wk inc rsv prop ed visits,prop_ed,2026-05-16,2026-05-30,RSVHub-baseline,0,0,7.644518945189457e-4,0.0021,0.003507404074040742,0.005699999999999999,0.008571251687516882,0,0,7.6e-4,0.0021,0.0035,0.0057,0.0086,NA,NA,NA,NA,NA,NA,NA,NA,NA,NA,NA,NA,NA,NA,FALSE,FALSE,RSVHub-hub-models,2026-05-13,RSVHub baseline model
Vermont,VT,0,wk inc rsv hosp,hosp,2026-05-16,2026-05-16,UGA_flucast-INFLAenza,0,1,2,4,6,9,13,0,1,2,4,6,9,10,0,0.1544842928095286,0.3089685856190572,0.6179371712381144,0.9269057568571716,1.3903586352857573,2.0082958065238716,0,0.15,0.31,0.62,0.93,1.39,2.01,TRUE,FALSE,UGA_flucast,2026-05-13,INFLAenza
Vermont,VT,1,wk inc rsv hosp,hosp,2026-05-16,2026-05-23,UGA_flucast-INFLAenza,0,1,1,3,5,7,11,0,1,1,3,5,7,10,0,0.1544842928095286,0.1544842928095286,0.4634528784285858,0.7724214640476429,1.0813900496667002,1.6993272209048143,0,0.15,0.15,0.46,0.77,1.08,1.7,TRUE,FALSE,UGA_flucast,2026-05-13,INFLAenza
Vermont,VT,2,wk inc rsv hosp,hosp,2026-05-16,2026-05-30,UGA_flucast-INFLAenza,0,0,1,2,4,6,9,0,0,1,2,4,6,9,0,0,0.1544842928095286,0.3089685856190572,0.6179371712381144,0.9269057568571716,1.3903586352857573,0,0,0.15,0.31,0.62,0.93,1.39,TRUE,FALSE,UGA_flucast,2026-05-13,INFLAenza
Vermont,VT,0,wk inc rsv prop ed visits,prop_ed,2026-05-16,2026-05-16,UGA_flucast-INFLAenza,8.612556381791174e-4,0.001123598907123243,0.0014092080834125474,0.0017546212553798003,0.0021770598035325203,0.002665173605805318,0.0031909574162790693,8.6e-4,0.0011,0.0014,0.0018,0.0022,0.0027,0.0032,NA,NA,NA,NA,NA,NA,NA,NA,NA,NA,NA,NA,NA,NA,TRUE,FALSE,UGA_flucast,2026-05-13,INFLAenza
Vermont,VT,1,wk inc rsv prop ed visits,prop_ed,2026-05-16,2026-05-23,UGA_flucast-INFLAenza,6.201136052490624e-4,8.611957152802731e-4,0.0011156804801932887,0.00148107099712602,0.0019259999445495985,0.002424335564142556,0.003038779079643461,6.2e-4,8.6e-4,0.0011,0.0015,0.0019,0.0024,0.003,NA,NA,NA,NA,NA,NA,NA,NA,NA,NA,NA,NA,NA,NA,TRUE,FALSE,UGA_flucast,2026-05-13,INFLAenza
Vermont,VT,2,wk inc rsv prop ed visits,prop_ed,2026-05-16,2026-05-30,UGA_flucast-INFLAenza,4.4720122876975833e-4,6.614347478144614e-4,9.186162755459395e-4,0.0012646067599608414,0.0017179391154813486,0.002204688656763922,0.002976045302887107,4.5e-4,6.6e-4,9.2e-4,0.0013,0.0017,0.0022,0.003,NA,NA,NA,NA,NA,NA,NA,NA,NA,NA,NA,NA,NA,NA,TRUE,FALSE,UGA_flucast,2026-05-13,INFLAenza
Vermont,VT,0,wk inc rsv hosp,hosp,2026-05-16,2026-05-16,RSVHub-ensemble,0.75,1.75,2.75,4,6,8,10.5,1,2,3,4,6,8,10,0.11586321960714645,0.27034751241667504,0.42483180522620356,0.6179371712381144,0.9269057568571716,1.2358743424762288,1.6220850745000504,0.12,0.27,0.42,0.62,0.93,1.24,1.62,FALSE,TRUE,RSVHub,2026-05-13,Ensemble using RSVHub forecast submissions
Vermont,VT,1,wk inc rsv hosp,hosp,2026-05-16,2026-05-23,RSVHub-ensemble,0.25,1,1.75,3,4.75,6.25,10,0,1,2,3,5,6,10,0.03862107320238215,0.1544842928095286,0.27034751241667504,0.4634528784285858,0.7338003908452608,0.9655268300595536,1.5448429280952858,0.04,0.15,0.27,0.46,0.73,0.97,1.54,FALSE,TRUE,RSVHub,2026-05-13,Ensemble using RSVHub forecast submissions
Vermont,VT,2,wk inc rsv hosp,hosp,2026-05-16,2026-05-30,RSVHub-ensemble,0,0.5,1,2,3.5,4,6.5,0,1,1,2,4,4,7,0,0.0772421464047643,0.1544842928095286,0.3089685856190572,0.5406950248333501,0.6179371712381144,1.0041479032619358,0,0.08,0.15,0.31,0.54,0.62,1,FALSE,TRUE,RSVHub,2026-05-13,Ensemble using RSVHub forecast submissions
Vermont,VT,0,wk inc rsv prop ed visits,prop_ed,2026-05-16,2026-05-16,RSVHub-ensemble,7.148407538025883e-4,0.0010395273998720278,0.0013910688798287399,0.001825501721488626,0.002348507498123784,0.00291296819371383,0.0035911956420212453,7.1e-4,0.001,0.0014,0.0018,0.0023,0.0029,0.0036,NA,NA,NA,NA,NA,NA,NA,NA,NA,NA,NA,NA,NA,NA,FALSE,TRUE,RSVHub,2026-05-13,Ensemble using RSVHub forecast submissions
Vermont,VT,1,wk inc rsv prop ed visits,prop_ed,2026-05-16,2026-05-23,RSVHub-ensemble,4.10236374168497e-4,7.17053148780766e-4,0.0010366428352727962,0.0014806848352588889,0.002020155011834283,0.002638125681788842,0.003447454945675773,4.1e-4,7.2e-4,0.001,0.0015,0.002,0.0026,0.0034,NA,NA,NA,NA,NA,NA,NA,NA,NA,NA,NA,NA,NA,NA,FALSE,TRUE,RSVHub,2026-05-13,Ensemble using RSVHub forecast submissions
Virginia,VA,0,wk inc rsv hosp,hosp,2026-05-16,2026-05-16,CEPH-Rtrend_rsv,20,24,28,33,39,45,52,20,20,30,30,40,50,50,0.2321268155218559,0.2785521786262271,0.32497754173059823,0.3830092456110622,0.45264729026761896,0.5222853349241758,0.6035297203568254,0.23,0.28,0.32,0.38,0.45,0.52,0.6,TRUE,FALSE,CEPH Lab at Indiana University,2026-05-13,Rtrend RSV
Virginia,VA,1,wk inc rsv hosp,hosp,2026-05-16,2026-05-23,CEPH-Rtrend_rsv,16,20,25,32,40,48,58,20,20,30,30,40,50,60,0.18570145241748473,0.2321268155218559,0.29015851940231985,0.37140290483496946,0.4642536310437118,0.5571043572524542,0.6731677650133822,0.19,0.23,0.29,0.37,0.46,0.56,0.67,TRUE,FALSE,CEPH Lab at Indiana University,2026-05-13,Rtrend RSV
Virginia,VA,2,wk inc rsv hosp,hosp,2026-05-16,2026-05-30,CEPH-Rtrend_rsv,13,17,22,29,39,49,61,10,20,20,30,40,50,60,0.15088243008920635,0.19730779319357752,0.2553394970740415,0.3365838825066911,0.45264729026761896,0.5687106980285469,0.7079867873416605,0.15,0.2,0.26,0.34,0.45,0.57,0.71,TRUE,FALSE,CEPH Lab at Indiana University,2026-05-13,Rtrend RSV
Virginia,VA,0,wk inc rsv prop ed visits,prop_ed,2026-05-16,2026-05-16,CFA_Pyrenew-Pyrenew_E_RSV,7.71917163871301e-4,8.910999887955629e-4,0.0010093187394963152,0.001162121943616537,0.0013172290310793256,0.0014860759621963475,0.0017066264943307998,7.7e-4,8.9e-4,0.001,0.0012,0.0013,0.0015,0.0017,NA,NA,NA,NA,NA,NA,NA,NA,NA,NA,NA,NA,NA,NA,TRUE,FALSE,Center for Forecasting and Outbreak Analytics (CFA/CDC) Pyrenew team,2026-05-13,Pyrenew_ED_Visits_RSV
Virginia,VA,1,wk inc rsv prop ed visits,prop_ed,2026-05-16,2026-05-23,CFA_Pyrenew-Pyrenew_E_RSV,6.175920240520274e-4,7.575267750477739e-4,9.242265680479481e-4,0.0011614553024789887,0.0014584418325024,0.0017900584820988428,0.0023041188690968565,6.2e-4,7.6e-4,9.2e-4,0.0012,0.0015,0.0018,0.0023,NA,NA,NA,NA,NA,NA,NA,NA,NA,NA,NA,NA,NA,NA,TRUE,FALSE,Center for Forecasting and Outbreak Analytics (CFA/CDC) Pyrenew team,2026-05-13,Pyrenew_ED_Visits_RSV
Virginia,VA,0,wk inc rsv hosp,hosp,2026-05-16,2026-05-16,CFA_Pyrenew-Pyrenew_H_RSV,11,16,22,30,38,50.100000000000136,70,10,20,20,30,40,50,70,0.12766974853702076,0.18570145241748473,0.2553394970740415,0.3481902232827839,0.4410409494915262,0.5814776728822506,0.8124438543264957,0.13,0.19,0.26,0.35,0.44,0.58,0.81,FALSE,FALSE,Center for Forecasting and Outbreak Analytics (CFA/CDC) Pyrenew team,2026-05-13,Pyrenew_Hospital_Admissions_RSV
Virginia,VA,1,wk inc rsv hosp,hosp,2026-05-16,2026-05-23,CFA_Pyrenew-Pyrenew_H_RSV,8,13,19,30,45,64,96,8,10,20,30,50,60,100,0.09285072620874237,0.15088243008920635,0.2205204747457631,0.3481902232827839,0.5222853349241758,0.7428058096699389,1.1142087145049084,0.09,0.15,0.22,0.35,0.52,0.74,1.11,FALSE,FALSE,Center for Forecasting and Outbreak Analytics (CFA/CDC) Pyrenew team,2026-05-13,Pyrenew_Hospital_Admissions_RSV
Virginia,VA,0,wk inc rsv hosp,hosp,2026-05-16,2026-05-16,Google_SAI-RSVEns,9.5,13.5,15,20.5,26.5,34.5,57,10,10,20,20,30,30,60,0.11026023737288156,0.15668560047725275,0.17409511164139194,0.2379299859099023,0.30756803056645904,0.40041875677520145,0.6615614242372894,0.11,0.16,0.17,0.24,0.31,0.4,0.66,TRUE,FALSE,Google Science AI,2026-05-13,RSVEnsemble
Virginia,VA,1,wk inc rsv hosp,hosp,2026-05-16,2026-05-23,Google_SAI-RSVEns,8.5,11.5,12.5,18,25,32.5,54,9,10,10,20,30,30,50,0.09865389659678876,0.13347291892506713,0.14507925970115992,0.2089141339696703,0.29015851940231985,0.37720607522301586,0.626742401909011,0.1,0.13,0.15,0.21,0.29,0.38,0.63,TRUE,FALSE,Google Science AI,2026-05-13,RSVEnsemble
Virginia,VA,2,wk inc rsv hosp,hosp,2026-05-16,2026-05-30,Google_SAI-RSVEns,6,9,11,15,20,28,44,6,9,10,20,20,30,40,0.06963804465655678,0.10445706698483515,0.12766974853702076,0.17409511164139194,0.2321268155218559,0.32497754173059823,0.510678994148083,0.07,0.1,0.13,0.17,0.23,0.32,0.51,TRUE,FALSE,Google Science AI,2026-05-13,RSVEnsemble
Virginia,VA,0,wk inc rsv hosp,hosp,2026-05-16,2026-05-16,RSVHub-baseline,0,0,17,25,33,54.500000000000014,70.87499999999984,0,0,20,30,30,50,70,0,0,0.19730779319357752,0.29015851940231985,0.3830092456110622,0.6325455722970575,0.8225994025055751,0,0,0.2,0.29,0.38,0.63,0.82,FALSE,FALSE,RSVHub-hub-models,2026-05-13,RSVHub baseline model
Virginia,VA,1,wk inc rsv hosp,hosp,2026-05-16,2026-05-23,RSVHub-baseline,0,0,8.834488344883447,25,43,65.13826438264385,125.66040410404175,0,0,9,30,40,70,130,0,0,0.1025360823131373,0.29015851940231985,0.4990726533719902,0.7560168939881923,1.458457472093038,0,0,0.1,0.29,0.5,0.76,1.46,FALSE,FALSE,RSVHub-hub-models,2026-05-13,RSVHub baseline model
Virginia,VA,2,wk inc rsv hosp,hosp,2026-05-16,2026-05-30,RSVHub-baseline,0,0,2.2904704047040445,25,49.119966199661995,76.5457814578146,141.69058340583405,0,0,2,30,50,80,140,0,0,0.026583980054550316,0.29015851940231985,0.5701030666234368,0.8884164245717214,1.644509195771509,0,0,0.03,0.29,0.57,0.89,1.64,FALSE,FALSE,RSVHub-hub-models,2026-05-13,RSVHub baseline model
Virginia,VA,0,wk inc rsv prop ed visits,prop_ed,2026-05-16,2026-05-16,RSVHub-baseline,0,3.5000000000000027e-4,9.000000000000001e-4,0.0011,0.0013,0.0018500000000000027,0.0026,0,3.5e-4,9e-4,0.0011,0.0013,0.0019,0.0026,NA,NA,NA,NA,NA,NA,NA,NA,NA,NA,NA,NA,NA,NA,FALSE,FALSE,RSVHub-hub-models,2026-05-13,RSVHub baseline model
Virginia,VA,1,wk inc rsv prop ed visits,prop_ed,2026-05-16,2026-05-23,RSVHub-baseline,0,7.874898748987454e-5,6.999999999999999e-4,0.0011,0.0015000000000000007,0.0022040230402304035,0.0032,0,7.9e-5,7e-4,0.0011,0.0015,0.0022,0.0032,NA,NA,NA,NA,NA,NA,NA,NA,NA,NA,NA,NA,NA,NA,FALSE,FALSE,RSVHub-hub-models,2026-05-13,RSVHub baseline model
Virginia,VA,2,wk inc rsv prop ed visits,prop_ed,2026-05-16,2026-05-30,RSVHub-baseline,0,0,4.999999999999999e-4,0.0011,0.001700000000000001,0.0025000000000000005,0.003543734962349625,0,0,5e-4,0.0011,0.0017,0.0025,0.0035,NA,NA,NA,NA,NA,NA,NA,NA,NA,NA,NA,NA,NA,NA,FALSE,FALSE,RSVHub-hub-models,2026-05-13,RSVHub baseline model
Virginia,VA,0,wk inc rsv hosp,hosp,2026-05-16,2026-05-16,UGA_flucast-INFLAenza,5,8,12,17,23,31,42,5,8,10,20,20,30,40,0.058031703880463976,0.09285072620874237,0.13927608931311355,0.19730779319357752,0.26694583785013426,0.35979656405887667,0.48746631259589734,0.06,0.09,0.14,0.2,0.27,0.36,0.49,TRUE,FALSE,UGA_flucast,2026-05-13,INFLAenza
Virginia,VA,1,wk inc rsv hosp,hosp,2026-05-16,2026-05-23,UGA_flucast-INFLAenza,3,5,8,12,18,26,38,3,5,8,10,20,30,40,0.03481902232827839,0.058031703880463976,0.09285072620874237,0.13927608931311355,0.2089141339696703,0.3017648601784127,0.4410409494915262,0.03,0.06,0.09,0.14,0.21,0.3,0.44,TRUE,FALSE,UGA_flucast,2026-05-13,INFLAenza
Virginia,VA,2,wk inc rsv hosp,hosp,2026-05-16,2026-05-30,UGA_flucast-INFLAenza,1,3,6,9,15,21,32,1,3,6,9,20,20,30,0.011606340776092796,0.03481902232827839,0.06963804465655678,0.10445706698483515,0.17409511164139194,0.24373315629794867,0.37140290483496946,0.01,0.03,0.07,0.1,0.17,0.24,0.37,TRUE,FALSE,UGA_flucast,2026-05-13,INFLAenza
Virginia,VA,0,wk inc rsv prop ed visits,prop_ed,2026-05-16,2026-05-16,UGA_flucast-INFLAenza,2.999873470377849e-4,4.3624799137521067e-4,5.831986670428107e-4,7.819273114274239e-4,0.0010232063379072595,0.001290896967043479,0.0016145118892923924,3e-4,4.4e-4,5.8e-4,7.8e-4,0.001,0.0013,0.0016,NA,NA,NA,NA,NA,NA,NA,NA,NA,NA,NA,NA,NA,NA,TRUE,FALSE,UGA_flucast,2026-05-13,INFLAenza
Virginia,VA,1,wk inc rsv prop ed visits,prop_ed,2026-05-16,2026-05-23,UGA_flucast-INFLAenza,2.0585689611501713e-4,3.273193498959995e-4,4.781184759043701e-4,6.767143589623828e-4,9.326568726124769e-4,0.0012233311056922633,0.00161929306248583,2.1e-4,3.3e-4,4.8e-4,6.8e-4,0.00093000000000000005,0.0012,0.0016,NA,NA,NA,NA,NA,NA,NA,NA,NA,NA,NA,NA,NA,NA,TRUE,FALSE,UGA_flucast,2026-05-13,INFLAenza
Virginia,VA,2,wk inc rsv prop ed visits,prop_ed,2026-05-16,2026-05-30,UGA_flucast-INFLAenza,1.5638458889747148e-4,2.6671633422643457e-4,3.9817770930686264e-4,5.942767170895188e-4,8.40963774607884e-4,0.0011278980048229728,0.0015270577201586713,1.6e-4,2.7e-4,4e-4,5.9e-4,8.4e-4,0.0011,0.0015,NA,NA,NA,NA,NA,NA,NA,NA,NA,NA,NA,NA,NA,NA,TRUE,FALSE,UGA_flucast,2026-05-13,INFLAenza
Virginia,VA,0,wk inc rsv hosp,hosp,2026-05-16,2026-05-16,RSVHub-ensemble,9.5,13.5,15,20.5,26.5,34.5,52,10,10,20,20,30,30,50,0.11026023737288156,0.15668560047725275,0.17409511164139194,0.2379299859099023,0.30756803056645904,0.40041875677520145,0.6035297203568254,0.11,0.16,0.17,0.24,0.31,0.4,0.6,FALSE,TRUE,RSVHub,2026-05-13,Ensemble using RSVHub forecast submissions
Virginia,VA,1,wk inc rsv hosp,hosp,2026-05-16,2026-05-23,RSVHub-ensemble,8.5,11.5,12.5,18,25,32.5,54,9,10,10,20,30,30,50,0.09865389659678876,0.13347291892506713,0.14507925970115992,0.2089141339696703,0.29015851940231985,0.37720607522301586,0.626742401909011,0.1,0.13,0.15,0.21,0.29,0.38,0.63,FALSE,TRUE,RSVHub,2026-05-13,Ensemble using RSVHub forecast submissions
Virginia,VA,2,wk inc rsv hosp,hosp,2026-05-16,2026-05-30,RSVHub-ensemble,6,9,11,15,20,28,44,6,9,10,20,20,30,40,0.06963804465655678,0.10445706698483515,0.12766974853702076,0.17409511164139194,0.2321268155218559,0.32497754173059823,0.510678994148083,0.07,0.1,0.13,0.17,0.23,0.32,0.51,FALSE,TRUE,RSVHub,2026-05-13,Ensemble using RSVHub forecast submissions
Virginia,VA,0,wk inc rsv prop ed visits,prop_ed,2026-05-16,2026-05-16,RSVHub-ensemble,5.35952255454543e-4,6.636739900853868e-4,7.96258703269563e-4,9.720246275219805e-4,0.0011702176844932926,0.0013884864646199133,0.001660569191811596,5.4e-4,6.6e-4,8e-4,9.7e-4,0.0012,0.0014,0.0017,NA,NA,NA,NA,NA,NA,NA,NA,NA,NA,NA,NA,NA,NA,FALSE,TRUE,RSVHub,2026-05-13,Ensemble using RSVHub forecast submissions
Virginia,VA,1,wk inc rsv prop ed visits,prop_ed,2026-05-16,2026-05-23,RSVHub-ensemble,4.117244600835223e-4,5.424230624718867e-4,7.01172521976159e-4,9.190848307206857e-4,0.0011955493525574383,0.001506694793895553,0.0019617059657913434,4.1e-4,5.4e-4,7e-4,9.2e-4,0.0012,0.0015,0.002,NA,NA,NA,NA,NA,NA,NA,NA,NA,NA,NA,NA,NA,NA,FALSE,TRUE,RSVHub,2026-05-13,Ensemble using RSVHub forecast submissions
Washington,WA,0,wk inc rsv hosp,hosp,2026-05-16,2026-05-16,CEPH-Rtrend_rsv,26,30,34,39,45,51,57,30,30,30,40,50,50,60,0.33487543471017367,0.3863947323578927,0.4379140300056117,0.5023131520652605,0.5795920985368391,0.6568710450084176,0.7341499914799962,0.33,0.39,0.44,0.5,0.58,0.66,0.73,TRUE,FALSE,CEPH Lab at Indiana University,2026-05-13,Rtrend RSV
Washington,WA,1,wk inc rsv hosp,hosp,2026-05-16,2026-05-23,CEPH-Rtrend_rsv,22,27,32,38,46,55,64,20,30,30,40,50,60,60,0.28335613706245466,0.3477552591221035,0.41215438118175224,0.4894333276533308,0.5924719229487688,0.7083903426561367,0.8243087623635045,0.28,0.35,0.41,0.49,0.59,0.71,0.82,TRUE,FALSE,CEPH Lab at Indiana University,2026-05-13,Rtrend RSV
Washington,WA,2,wk inc rsv hosp,hosp,2026-05-16,2026-05-30,CEPH-Rtrend_rsv,18,23,28,36,46,56,68,20,20,30,40,50,60,70,0.23183683941473562,0.2962359614743844,0.3606350835340332,0.46367367882947125,0.5924719229487688,0.7212701670680663,0.8758280600112234,0.23,0.3,0.36,0.46,0.59,0.72,0.88,TRUE,FALSE,CEPH Lab at Indiana University,2026-05-13,Rtrend RSV
Washington,WA,0,wk inc rsv prop ed visits,prop_ed,2026-05-16,2026-05-16,CFA_Pyrenew-Pyrenew_E_RSV,7.320382163938635e-4,8.467524218058631e-4,9.653667787039317e-4,0.0011112664105752297,0.0012636160759751072,0.0014225159167170602,0.001647728531043497,7.3e-4,8.5e-4,9.7e-4,0.0011,0.0013,0.0014,0.0016,NA,NA,NA,NA,NA,NA,NA,NA,NA,NA,NA,NA,NA,NA,TRUE,FALSE,Center for Forecasting and Outbreak Analytics (CFA/CDC) Pyrenew team,2026-05-13,Pyrenew_ED_Visits_RSV
Washington,WA,1,wk inc rsv prop ed visits,prop_ed,2026-05-16,2026-05-23,CFA_Pyrenew-Pyrenew_E_RSV,4.6726862973742823e-4,6.02802565266732e-4,7.406083576374759e-4,9.123918776755375e-4,0.0011277042231992629,0.001360334093897708,0.0016805815072808098,4.7e-4,6e-4,7.4e-4,9.1e-4,0.0011,0.0014,0.0017,NA,NA,NA,NA,NA,NA,NA,NA,NA,NA,NA,NA,NA,NA,TRUE,FALSE,Center for Forecasting and Outbreak Analytics (CFA/CDC) Pyrenew team,2026-05-13,Pyrenew_ED_Visits_RSV
Washington,WA,0,wk inc rsv hosp,hosp,2026-05-16,2026-05-16,CFA_Pyrenew-Pyrenew_H_RSV,18,23,27,33,40,49,61,20,20,30,30,40,50,60,0.23183683941473562,0.2962359614743844,0.3477552591221035,0.425034205593682,0.5151929764771902,0.6311113961845581,0.7856692891277152,0.23,0.3,0.35,0.43,0.52,0.63,0.79,FALSE,FALSE,Center for Forecasting and Outbreak Analytics (CFA/CDC) Pyrenew team,2026-05-13,Pyrenew_Hospital_Admissions_RSV
Washington,WA,1,wk inc rsv hosp,hosp,2026-05-16,2026-05-23,CFA_Pyrenew-Pyrenew_H_RSV,15,19,25,33,44,57,77.02499999999986,20,20,30,30,40,60,80,0.19319736617894634,0.2447166638266654,0.3219956102982439,0.425034205593682,0.5667122741249093,0.7341499914799962,0.9920684753288878,0.19,0.24,0.32,0.43,0.57,0.73,0.99,FALSE,FALSE,Center for Forecasting and Outbreak Analytics (CFA/CDC) Pyrenew team,2026-05-13,Pyrenew_Hospital_Admissions_RSV
Washington,WA,0,wk inc rsv hosp,hosp,2026-05-16,2026-05-16,Google_SAI-RSVEns,15,21.5,23,26,28.5,37.5,48,20,20,20,30,30,40,50,0.19319736617894634,0.27691622485648976,0.2962359614743844,0.33487543471017367,0.3670749957399981,0.4829934154473659,0.6182315717726283,0.19,0.28,0.3,0.33,0.37,0.48,0.62,TRUE,FALSE,Google Science AI,2026-05-13,RSVEnsemble
Washington,WA,1,wk inc rsv hosp,hosp,2026-05-16,2026-05-23,Google_SAI-RSVEns,8.5,13,14.5,20.5,26,31,45,9,10,10,20,30,30,50,0.10947850750140292,0.16743771735508683,0.1867574539729815,0.26403640044456006,0.33487543471017367,0.3992745567698225,0.5795920985368391,0.11,0.17,0.19,0.26,0.33,0.4,0.58,TRUE,FALSE,Google Science AI,2026-05-13,RSVEnsemble
Washington,WA,2,wk inc rsv hosp,hosp,2026-05-16,2026-05-30,Google_SAI-RSVEns,7,10.5,11.5,18,24,29.5,44.5,7,10,10,20,20,30,40,0.0901587708835083,0.13523815632526245,0.1481179807371922,0.23183683941473562,0.30911578588631416,0.37995482015192783,0.5731521863308742,0.09,0.14,0.15,0.23,0.31,0.38,0.57,TRUE,FALSE,Google Science AI,2026-05-13,RSVEnsemble
Washington,WA,0,wk inc rsv hosp,hosp,2026-05-16,2026-05-16,RSVHub-baseline,9,20.500000000000004,32.75,38,43.25,55.500000000000014,67,9,20,30,40,40,60,70,0.11591841970736781,0.26403640044456006,0.42181424949069957,0.4894333276533308,0.557052405815962,0.7148302548621017,0.8629482355992937,0.12,0.26,0.42,0.49,0.56,0.71,0.86,FALSE,FALSE,RSVHub-hub-models,2026-05-13,RSVHub baseline model
Washington,WA,1,wk inc rsv hosp,hosp,2026-05-16,2026-05-23,RSVHub-baseline,0,13,26.510807608076085,38,49.52929029290294,63,82.10112151121501,0,10,30,40,50,60,80,0,0.16743771735508683,0.3414545470104715,0.4894333276533308,0.6379285622200869,0.8114289379515748,1.0574480290869586,0,0.17,0.34,0.49,0.64,0.81,1.06,FALSE,FALSE,RSVHub-hub-models,2026-05-13,RSVHub baseline model
Washington,WA,2,wk inc rsv hosp,hosp,2026-05-16,2026-05-30,RSVHub-baseline,0,7.695940959409595,22.94499444994451,38,53,69,92.22492299922993,0,8,20,40,50,70,90,0,0.09912236824177381,0.2955274996479881,0.4894333276533308,0.6826306938322771,0.8887078844231533,1.1878408146338237,0,0.1,0.3,0.49,0.68,0.89,1.19,FALSE,FALSE,RSVHub-hub-models,2026-05-13,RSVHub baseline model
Washington,WA,0,wk inc rsv prop ed visits,prop_ed,2026-05-16,2026-05-16,RSVHub-baseline,0,2.0000000000000052e-4,0.0010999999999999998,0.0013,0.0015,0.0023999999999999994,0.004124999999999991,0,2e-4,0.0011,0.0013,0.0015,0.0024,0.0041,NA,NA,NA,NA,NA,NA,NA,NA,NA,NA,NA,NA,NA,NA,FALSE,FALSE,RSVHub-hub-models,2026-05-13,RSVHub baseline model
Washington,WA,1,wk inc rsv prop ed visits,prop_ed,2026-05-16,2026-05-23,RSVHub-baseline,0,0,7.000000000000001e-4,0.0013,0.0019000000000000002,0.0029279707797077925,0.0055000000000000005,0,0,7e-4,0.0013,0.0019,0.0029,0.0055,NA,NA,NA,NA,NA,NA,NA,NA,NA,NA,NA,NA,NA,NA,FALSE,FALSE,RSVHub-hub-models,2026-05-13,RSVHub baseline model
Washington,WA,2,wk inc rsv prop ed visits,prop_ed,2026-05-16,2026-05-30,RSVHub-baseline,0,0,4.0000000000000127e-4,0.0013,0.0022362763627636296,0.003620243002430027,0.006102319923199205,0,0,4e-4,0.0013,0.0022,0.0036,0.0061,NA,NA,NA,NA,NA,NA,NA,NA,NA,NA,NA,NA,NA,NA,FALSE,FALSE,RSVHub-hub-models,2026-05-13,RSVHub baseline model
Washington,WA,0,wk inc rsv hosp,hosp,2026-05-16,2026-05-16,UGA_flucast-INFLAenza,5,8,12,17,24,32,44,5,8,10,20,20,30,40,0.06439912205964878,0.10303859529543806,0.15455789294315708,0.21895701500280584,0.30911578588631416,0.41215438118175224,0.5667122741249093,0.06,0.1,0.15,0.22,0.31,0.41,0.57,TRUE,FALSE,UGA_flucast,2026-05-13,INFLAenza
Washington,WA,1,wk inc rsv hosp,hosp,2026-05-16,2026-05-23,UGA_flucast-INFLAenza,3,5,8,13,19,27,40,3,5,8,10,20,30,40,0.03863947323578927,0.06439912205964878,0.10303859529543806,0.16743771735508683,0.2447166638266654,0.3477552591221035,0.5151929764771902,0.04,0.06,0.1,0.17,0.24,0.35,0.52,TRUE,FALSE,UGA_flucast,2026-05-13,INFLAenza
Washington,WA,2,wk inc rsv hosp,hosp,2026-05-16,2026-05-30,UGA_flucast-INFLAenza,2,4,6,10,15,23,34,2,4,6,10,20,20,30,0.025759648823859515,0.05151929764771903,0.07727894647157854,0.12879824411929755,0.19319736617894634,0.2962359614743844,0.4379140300056117,0.03,0.05,0.08,0.13,0.19,0.3,0.44,TRUE,FALSE,UGA_flucast,2026-05-13,INFLAenza
Washington,WA,0,wk inc rsv prop ed visits,prop_ed,2026-05-16,2026-05-16,UGA_flucast-INFLAenza,4.362194860818088e-4,5.987908714311754e-4,7.89596607152087e-4,0.0010325403448269003,0.001334583110805999,0.0016385020589818613,0.002030047542740464,4.4e-4,6e-4,7.9e-4,0.001,0.0013,0.0016,0.002,NA,NA,NA,NA,NA,NA,NA,NA,NA,NA,NA,NA,NA,NA,TRUE,FALSE,UGA_flucast,2026-05-13,INFLAenza
Washington,WA,1,wk inc rsv prop ed visits,prop_ed,2026-05-16,2026-05-23,UGA_flucast-INFLAenza,3.129527684311503e-4,4.5792705666676997e-4,6.467433489084553e-4,8.915871082640493e-4,0.0011740137240435738,0.0015176255994980988,0.0019683360490408033,3.1e-4,4.6e-4,6.5e-4,8.9e-4,0.0012,0.0015,0.002,NA,NA,NA,NA,NA,NA,NA,NA,NA,NA,NA,NA,NA,NA,TRUE,FALSE,UGA_flucast,2026-05-13,INFLAenza
Washington,WA,2,wk inc rsv prop ed visits,prop_ed,2026-05-16,2026-05-30,UGA_flucast-INFLAenza,2.3233252073251255e-4,3.7508384359246516e-4,5.319508405532613e-4,7.589106600753564e-4,0.0010512639543752771,0.0013670053552946226,0.0018057141185965928,2.3e-4,3.8e-4,5.3e-4,7.6e-4,0.0011,0.0014,0.0018,NA,NA,NA,NA,NA,NA,NA,NA,NA,NA,NA,NA,NA,NA,TRUE,FALSE,UGA_flucast,2026-05-13,INFLAenza
Washington,WA,0,wk inc rsv hosp,hosp,2026-05-16,2026-05-16,RSVHub-ensemble,15,21.5,23,26,28.5,37.5,48,20,20,20,30,30,40,50,0.19319736617894634,0.27691622485648976,0.2962359614743844,0.33487543471017367,0.3670749957399981,0.4829934154473659,0.6182315717726283,0.19,0.28,0.3,0.33,0.37,0.48,0.62,FALSE,TRUE,RSVHub,2026-05-13,Ensemble using RSVHub forecast submissions
Washington,WA,1,wk inc rsv hosp,hosp,2026-05-16,2026-05-23,RSVHub-ensemble,8.5,13,14.5,20.5,26,31,45,9,10,10,20,30,30,50,0.10947850750140292,0.16743771735508683,0.1867574539729815,0.26403640044456006,0.33487543471017367,0.3992745567698225,0.5795920985368391,0.11,0.17,0.19,0.26,0.33,0.4,0.58,FALSE,TRUE,RSVHub,2026-05-13,Ensemble using RSVHub forecast submissions
Washington,WA,2,wk inc rsv hosp,hosp,2026-05-16,2026-05-30,RSVHub-ensemble,7,10.5,11.5,18,24,29.5,44.5,7,10,10,20,20,30,40,0.0901587708835083,0.13523815632526245,0.1481179807371922,0.23183683941473562,0.30911578588631416,0.37995482015192783,0.5731521863308742,0.09,0.14,0.15,0.23,0.31,0.38,0.57,FALSE,TRUE,RSVHub,2026-05-13,Ensemble using RSVHub forecast submissions
Washington,WA,0,wk inc rsv prop ed visits,prop_ed,2026-05-16,2026-05-16,RSVHub-ensemble,5.841288512378361e-4,7.227716466185192e-4,8.774816929280093e-4,0.001071903377701065,0.001299099593390553,0.0015305089878494607,0.0018388880368919803,5.8e-4,7.2e-4,8.8e-4,0.0011,0.0013,0.0015,0.0018,NA,NA,NA,NA,NA,NA,NA,NA,NA,NA,NA,NA,NA,NA,FALSE,TRUE,RSVHub,2026-05-13,Ensemble using RSVHub forecast submissions
Washington,WA,1,wk inc rsv prop ed visits,prop_ed,2026-05-16,2026-05-23,RSVHub-ensemble,3.9011069908428925e-4,5.30364810966751e-4,6.936758532729656e-4,9.019894929697934e-4,0.0011508589736214183,0.0014389798466979034,0.0018244587781608066,3.9e-4,5.3e-4,6.9e-4,9e-4,0.0012,0.0014,0.0018,NA,NA,NA,NA,NA,NA,NA,NA,NA,NA,NA,NA,NA,NA,FALSE,TRUE,RSVHub,2026-05-13,Ensemble using RSVHub forecast submissions
West Virginia,WV,0,wk inc rsv hosp,hosp,2026-05-16,2026-05-16,CEPH-Rtrend_rsv,16,19,22,27,32,36,42,20,20,20,30,30,40,40,0.9040155807085336,1.0735185020913836,1.2430214234742336,1.5255262924456503,1.8080311614170672,2.0340350565942003,2.373040899359901,0.9,1.07,1.24,1.53,1.81,2.03,2.37,TRUE,FALSE,CEPH Lab at Indiana University,2026-05-13,Rtrend RSV
West Virginia,WV,1,wk inc rsv hosp,hosp,2026-05-16,2026-05-23,CEPH-Rtrend_rsv,10,13,16,21,26,31,37,10,10,20,20,30,30,40,0.5650097379428335,0.7345126593256834,0.9040155807085336,1.1865204496799504,1.4690253186513669,1.7515301876227836,2.090536030388484,0.57,0.73,0.9,1.19,1.47,1.75,2.09,TRUE,FALSE,CEPH Lab at Indiana University,2026-05-13,Rtrend RSV
West Virginia,WV,2,wk inc rsv hosp,hosp,2026-05-16,2026-05-30,CEPH-Rtrend_rsv,7,9,11,15,20,26,33,7,9,10,20,20,30,30,0.39550681655998343,0.5085087641485501,0.6215107117371168,0.8475146069142502,1.130019475885667,1.4690253186513669,1.8645321352113504,0.4,0.51,0.62,0.85,1.13,1.47,1.86,TRUE,FALSE,CEPH Lab at Indiana University,2026-05-13,Rtrend RSV
West Virginia,WV,0,wk inc rsv prop ed visits,prop_ed,2026-05-16,2026-05-16,CFA_Pyrenew-Pyrenew_E_RSV,0.0012897706772314714,0.0015961318161778067,0.0018921273163637986,0.002284056093772348,0.002678567134463437,0.0031113988924687808,0.0035789591189411473,0.0013,0.0016,0.0019,0.0023,0.0027,0.0031,0.0036,NA,NA,NA,NA,NA,NA,NA,NA,NA,NA,NA,NA,NA,NA,TRUE,FALSE,Center for Forecasting and Outbreak Analytics (CFA/CDC) Pyrenew team,2026-05-13,Pyrenew_ED_Visits_RSV
West Virginia,WV,1,wk inc rsv prop ed visits,prop_ed,2026-05-16,2026-05-23,CFA_Pyrenew-Pyrenew_E_RSV,6.995362867832012e-4,9.902389097044377e-4,0.0012883075216809541,0.0016793178600263917,0.002222501502677025,0.0027867221697198577,0.003509899907571663,7e-4,9.9e-4,0.0013,0.0017,0.0022,0.0028,0.0035,NA,NA,NA,NA,NA,NA,NA,NA,NA,NA,NA,NA,NA,NA,TRUE,FALSE,Center for Forecasting and Outbreak Analytics (CFA/CDC) Pyrenew team,2026-05-13,Pyrenew_ED_Visits_RSV
West Virginia,WV,0,wk inc rsv prop ed visits,prop_ed,2026-05-16,2026-05-16,CFA_Pyrenew-Pyrenew_HE_RSV,0.0014446303338134685,0.0017670613570195275,0.0020718164779116614,0.0024397984978600557,0.002866048844031803,0.003294294541581139,0.0037842571491493444,0.0014,0.0018,0.0021,0.0024,0.0029,0.0033,0.0038,NA,NA,NA,NA,NA,NA,NA,NA,NA,NA,NA,NA,NA,NA,FALSE,FALSE,Center for Forecasting and Outbreak Analytics (CFA/CDC) Pyrenew team,2026-05-13,Pyrenew_Hospital_Admissions_ED_Visits_RSV
West Virginia,WV,1,wk inc rsv prop ed visits,prop_ed,2026-05-16,2026-05-23,CFA_Pyrenew-Pyrenew_HE_RSV,8.232819771124115e-4,0.0011143651631243467,0.001436791945139697,0.001874066986919993,0.0024574065565940786,0.003060008104694194,0.0038803407723023075,8.2e-4,0.0011,0.0014,0.0019,0.0025,0.0031,0.0039,NA,NA,NA,NA,NA,NA,NA,NA,NA,NA,NA,NA,NA,NA,FALSE,FALSE,Center for Forecasting and Outbreak Analytics (CFA/CDC) Pyrenew team,2026-05-13,Pyrenew_Hospital_Admissions_ED_Visits_RSV
West Virginia,WV,0,wk inc rsv hosp,hosp,2026-05-16,2026-05-16,CFA_Pyrenew-Pyrenew_HE_RSV,11,14,18,22,27,31,38,10,10,20,20,30,30,40,0.6215107117371168,0.7910136331199669,1.0170175282971001,1.2430214234742336,1.5255262924456503,1.7515301876227836,2.147037004182767,0.62,0.79,1.02,1.24,1.53,1.75,2.15,TRUE,FALSE,Center for Forecasting and Outbreak Analytics (CFA/CDC) Pyrenew team,2026-05-13,Pyrenew_Hospital_Admissions_ED_Visits_RSV
West Virginia,WV,1,wk inc rsv hosp,hosp,2026-05-16,2026-05-23,CFA_Pyrenew-Pyrenew_HE_RSV,7,10,13,17,22,27,34,7,10,10,20,20,30,30,0.39550681655998343,0.5650097379428335,0.7345126593256834,0.9605165545028168,1.2430214234742336,1.5255262924456503,1.9210331090056336,0.4,0.57,0.73,0.96,1.24,1.53,1.92,TRUE,FALSE,Center for Forecasting and Outbreak Analytics (CFA/CDC) Pyrenew team,2026-05-13,Pyrenew_Hospital_Admissions_ED_Visits_RSV
West Virginia,WV,0,wk inc rsv hosp,hosp,2026-05-16,2026-05-16,CFA_Pyrenew-Pyrenew_H_RSV,15,20,25,32,42,52,68,20,20,30,30,40,50,70,0.8475146069142502,1.130019475885667,1.4125243448570837,1.8080311614170672,2.373040899359901,2.9380506373027337,3.8420662180112672,0.85,1.13,1.41,1.81,2.37,2.94,3.84,FALSE,FALSE,Center for Forecasting and Outbreak Analytics (CFA/CDC) Pyrenew team,2026-05-13,Pyrenew_Hospital_Admissions_RSV
West Virginia,WV,1,wk inc rsv hosp,hosp,2026-05-16,2026-05-23,CFA_Pyrenew-Pyrenew_H_RSV,9,14,20,29,40,55,81,9,10,20,30,40,60,80,0.5085087641485501,0.7910136331199669,1.130019475885667,1.638528240034217,2.260038951771334,3.1075535586855842,4.576578877336951,0.51,0.79,1.13,1.64,2.26,3.11,4.58,FALSE,FALSE,Center for Forecasting and Outbreak Analytics (CFA/CDC) Pyrenew team,2026-05-13,Pyrenew_Hospital_Admissions_RSV
West Virginia,WV,0,wk inc rsv hosp,hosp,2026-05-16,2026-05-16,Google_SAI-RSVEns,16.5,19,22,27.5,34,41,60,20,20,20,30,30,40,60,0.9322660676056752,1.0735185020913836,1.2430214234742336,1.5537767793427921,1.9210331090056336,2.316539925565617,3.3900584276570007,0.93,1.07,1.24,1.55,1.92,2.32,3.39,TRUE,FALSE,Google Science AI,2026-05-13,RSVEnsemble
West Virginia,WV,1,wk inc rsv hosp,hosp,2026-05-16,2026-05-23,Google_SAI-RSVEns,9,14.5,16,21,26,31.5,48.5,9,10,20,20,30,30,50,0.5085087641485501,0.8192641200171085,0.9040155807085336,1.1865204496799504,1.4690253186513669,1.7797806745199252,2.740297229022742,0.51,0.82,0.9,1.19,1.47,1.78,2.74,TRUE,FALSE,Google Science AI,2026-05-13,RSVEnsemble
West Virginia,WV,2,wk inc rsv hosp,hosp,2026-05-16,2026-05-30,Google_SAI-RSVEns,6.5,10.5,13.5,16.5,19,23.5,39.5,7,10,10,20,20,20,40,0.3672563296628417,0.5932602248399752,0.7627631462228252,0.9322660676056752,1.0735185020913836,1.3277728841656586,2.2317884648741924,0.37,0.59,0.76,0.93,1.07,1.33,2.23,TRUE,FALSE,Google Science AI,2026-05-13,RSVEnsemble
West Virginia,WV,0,wk inc rsv hosp,hosp,2026-05-16,2026-05-16,RSVHub-baseline,6.875000000000006,23.000000000000007,36,40,44,57.00000000000002,73.1249999999998,7,20,40,40,40,60,70,0.38844419483569836,1.2995223972685173,2.0340350565942003,2.260038951771334,2.4860428469484672,3.220555506274152,4.131633708706959,0.39,1.3,2.03,2.26,2.49,3.22,4.13,FALSE,FALSE,RSVHub-hub-models,2026-05-13,RSVHub baseline model
West Virginia,WV,1,wk inc rsv hosp,hosp,2026-05-16,2026-05-23,RSVHub-baseline,0,15,29.98559485594856,40,50,65,85.64377518775186,0,20,30,40,50,70,90,0,0.8475146069142502,1.6942153091619472,2.260038951771334,2.8250486897141673,3.6725632966284176,4.838956697526662,0,0.85,1.69,2.26,2.83,3.67,4.84,FALSE,FALSE,RSVHub-hub-models,2026-05-13,RSVHub baseline model
West Virginia,WV,2,wk inc rsv hosp,hosp,2026-05-16,2026-05-30,RSVHub-baseline,0,8.854053540535412,25.577158271582714,40,54.370456204562075,71.66989069890695,92,0,9,30,40,50,70,90,0,0.500262647066973,1.4451343492349324,2.260038951771334,3.0719837211971917,4.049418616218094,5.198089589074067,0,0.5,1.45,2.26,3.07,4.05,5.2,FALSE,FALSE,RSVHub-hub-models,2026-05-13,RSVHub baseline model
West Virginia,WV,0,wk inc rsv prop ed visits,prop_ed,2026-05-16,2026-05-16,RSVHub-baseline,0,6.999999999999992e-4,0.0024999999999999996,0.0029,0.0033,0.0051,0.007399999999999999,0,7e-4,0.0025,0.0029,0.0033,0.0051,0.0074,NA,NA,NA,NA,NA,NA,NA,NA,NA,NA,NA,NA,NA,NA,FALSE,FALSE,RSVHub-hub-models,2026-05-13,RSVHub baseline model
West Virginia,WV,1,wk inc rsv prop ed visits,prop_ed,2026-05-16,2026-05-23,RSVHub-baseline,0,0,0.0017678539285392852,0.0029,0.0040999999999999995,0.006133053430534304,0.009554524495244956,0,0,0.0018,0.0029,0.0041,0.0061,0.0096,NA,NA,NA,NA,NA,NA,NA,NA,NA,NA,NA,NA,NA,NA,FALSE,FALSE,RSVHub-hub-models,2026-05-13,RSVHub baseline model
West Virginia,WV,2,wk inc rsv prop ed visits,prop_ed,2026-05-16,2026-05-30,RSVHub-baseline,0,0,0.001199999999999999,0.0029,0.004711967869678698,0.007143972639726403,0.010510915834158356,0,0,0.0012,0.0029,0.0047,0.0071,0.011,NA,NA,NA,NA,NA,NA,NA,NA,NA,NA,NA,NA,NA,NA,FALSE,FALSE,RSVHub-hub-models,2026-05-13,RSVHub baseline model
West Virginia,WV,0,wk inc rsv hosp,hosp,2026-05-16,2026-05-16,UGA_flucast-INFLAenza,6,9,13,18,26,34,47,6,9,10,20,30,30,50,0.33900584276570006,0.5085087641485501,0.7345126593256834,1.0170175282971001,1.4690253186513669,1.9210331090056336,2.6555457683313173,0.34,0.51,0.73,1.02,1.47,1.92,2.66,TRUE,FALSE,UGA_flucast,2026-05-13,INFLAenza
West Virginia,WV,1,wk inc rsv hosp,hosp,2026-05-16,2026-05-23,UGA_flucast-INFLAenza,3,6,9,14,20,28,42,3,6,9,10,20,30,40,0.16950292138285003,0.33900584276570006,0.5085087641485501,0.7910136331199669,1.130019475885667,1.5820272662399337,2.373040899359901,0.17,0.34,0.51,0.79,1.13,1.58,2.37,TRUE,FALSE,UGA_flucast,2026-05-13,INFLAenza
West Virginia,WV,2,wk inc rsv hosp,hosp,2026-05-16,2026-05-30,UGA_flucast-INFLAenza,2,4,6,10,16,23,35,2,4,6,10,20,20,40,0.1130019475885667,0.2260038951771334,0.33900584276570006,0.5650097379428335,0.9040155807085336,1.2995223972685168,1.977534082799917,0.11,0.23,0.34,0.57,0.9,1.3,1.98,TRUE,FALSE,UGA_flucast,2026-05-13,INFLAenza
West Virginia,WV,0,wk inc rsv prop ed visits,prop_ed,2026-05-16,2026-05-16,UGA_flucast-INFLAenza,0.001293028575567663,0.0016328077552167065,0.001991778813383603,0.0024551885989641154,0.0030092790117819046,0.0035326774477336294,0.004256698989392602,0.0013,0.0016,0.002,0.0025,0.003,0.0035,0.0043,NA,NA,NA,NA,NA,NA,NA,NA,NA,NA,NA,NA,NA,NA,TRUE,FALSE,UGA_flucast,2026-05-13,INFLAenza
West Virginia,WV,1,wk inc rsv prop ed visits,prop_ed,2026-05-16,2026-05-23,UGA_flucast-INFLAenza,9.044395505395705e-4,0.001228041686231245,0.0016058917777282827,0.0020806549928720827,0.002638131283691976,0.0032662763894057206,0.004162498173964703,9e-4,0.0012,0.0016,0.0021,0.0026,0.0033,0.0042,NA,NA,NA,NA,NA,NA,NA,NA,NA,NA,NA,NA,NA,NA,TRUE,FALSE,UGA_flucast,2026-05-13,INFLAenza
West Virginia,WV,2,wk inc rsv prop ed visits,prop_ed,2026-05-16,2026-05-30,UGA_flucast-INFLAenza,6.901596065028039e-4,9.78373613529239e-4,0.001320553213913693,0.0017763767244868447,0.0023834058207832564,0.0030735853471512134,0.003980047643816282,6.9e-4,9.8e-4,0.0013,0.0018,0.0024,0.0031,0.004,NA,NA,NA,NA,NA,NA,NA,NA,NA,NA,NA,NA,NA,NA,TRUE,FALSE,UGA_flucast,2026-05-13,INFLAenza
West Virginia,WV,0,wk inc rsv hosp,hosp,2026-05-16,2026-05-16,RSVHub-ensemble,13.5,16.5,20,24.5,29.5,35,44.5,10,20,20,20,30,40,40,0.7627631462228252,0.9322660676056752,1.130019475885667,1.3842738579599418,1.6667787269313588,1.977534082799917,2.514293333845609,0.76,0.93,1.13,1.38,1.67,1.98,2.51,FALSE,TRUE,RSVHub,2026-05-13,Ensemble using RSVHub forecast submissions
West Virginia,WV,1,wk inc rsv hosp,hosp,2026-05-16,2026-05-23,RSVHub-ensemble,8,11.5,14.5,19,24,29.5,39.5,8,10,10,20,20,30,40,0.4520077903542668,0.6497611986342584,0.8192641200171085,1.0735185020913836,1.3560233710628002,1.6667787269313588,2.2317884648741924,0.45,0.65,0.82,1.07,1.36,1.67,2.23,FALSE,TRUE,RSVHub,2026-05-13,Ensemble using RSVHub forecast submissions
West Virginia,WV,2,wk inc rsv hosp,hosp,2026-05-16,2026-05-30,RSVHub-ensemble,6.5,9,11,15,19,23.5,35,7,9,10,20,20,20,40,0.3672563296628417,0.5085087641485501,0.6215107117371168,0.8475146069142502,1.0735185020913836,1.3277728841656586,1.977534082799917,0.37,0.51,0.62,0.85,1.07,1.33,1.98,FALSE,TRUE,RSVHub,2026-05-13,Ensemble using RSVHub forecast submissions
West Virginia,WV,0,wk inc rsv prop ed visits,prop_ed,2026-05-16,2026-05-16,RSVHub-ensemble,0.0012913996263995671,0.0016144697856972567,0.0019419530648737008,0.002369622346368232,0.002843923073122671,0.003322038170101205,0.003917829054166875,0.0013,0.0016,0.0019,0.0024,0.0028,0.0033,0.0039,NA,NA,NA,NA,NA,NA,NA,NA,NA,NA,NA,NA,NA,NA,FALSE,TRUE,RSVHub,2026-05-13,Ensemble using RSVHub forecast submissions
West Virginia,WV,1,wk inc rsv prop ed visits,prop_ed,2026-05-16,2026-05-23,RSVHub-ensemble,8.019879186613858e-4,0.0011091402979678414,0.0014470996497046185,0.0018799864264492372,0.0024303163931845007,0.003026499279562789,0.003836199040768183,8e-4,0.0011,0.0014,0.0019,0.0024,0.003,0.0038,NA,NA,NA,NA,NA,NA,NA,NA,NA,NA,NA,NA,NA,NA,FALSE,TRUE,RSVHub,2026-05-13,Ensemble using RSVHub forecast submissions
Wisconsin,WI,0,wk inc rsv hosp,hosp,2026-05-16,2026-05-16,CEPH-Rtrend_rsv,27,30,34,40,46,52,58,30,30,30,40,50,50,60,0.4568854155068263,0.5076504616742515,0.5753371898974851,0.6768672822323354,0.7783973745671857,0.879927466902036,0.9814575592368862,0.46,0.51,0.58,0.68,0.78,0.88,0.98,TRUE,FALSE,CEPH Lab at Indiana University,2026-05-13,Rtrend RSV
Wisconsin,WI,1,wk inc rsv hosp,hosp,2026-05-16,2026-05-23,CEPH-Rtrend_rsv,17,21,25,30,36,43,50,20,20,30,30,40,40,50,0.28766859494874253,0.3553553231719761,0.4230420513952096,0.5076504616742515,0.6091805540091018,0.7276323283997604,0.8460841027904192,0.29,0.36,0.42,0.51,0.61,0.73,0.85,TRUE,FALSE,CEPH Lab at Indiana University,2026-05-13,Rtrend RSV
Wisconsin,WI,2,wk inc rsv hosp,hosp,2026-05-16,2026-05-30,CEPH-Rtrend_rsv,11,14,18,22,28,35,42,10,10,20,20,30,40,40,0.18613850261389223,0.2369035487813174,0.3045902770045509,0.37227700522778445,0.4738070975626348,0.5922588719532934,0.7107106463439522,0.19,0.24,0.3,0.37,0.47,0.59,0.71,TRUE,FALSE,CEPH Lab at Indiana University,2026-05-13,Rtrend RSV
Wisconsin,WI,0,wk inc rsv prop ed visits,prop_ed,2026-05-16,2026-05-16,CFA_Pyrenew-Pyrenew_E_RSV,5.47565466592759e-4,6.505367623300156e-4,7.558535228328582e-4,8.854853534685755e-4,0.0010275859223591757,0.0011614934081895193,0.0013167260186134043,5.5e-4,6.5e-4,7.6e-4,8.9e-4,0.001,0.0012,0.0013,NA,NA,NA,NA,NA,NA,NA,NA,NA,NA,NA,NA,NA,NA,TRUE,FALSE,Center for Forecasting and Outbreak Analytics (CFA/CDC) Pyrenew team,2026-05-13,Pyrenew_ED_Visits_RSV
Wisconsin,WI,1,wk inc rsv prop ed visits,prop_ed,2026-05-16,2026-05-23,CFA_Pyrenew-Pyrenew_E_RSV,2.7869569845075066e-4,3.754746155155396e-4,4.730952832724553e-4,5.981736825447851e-4,7.530261837205871e-4,9.151348916939672e-4,0.0011415263882348476,2.8e-4,3.8e-4,4.7e-4,6e-4,7.5e-4,9.2e-4,0.0011,NA,NA,NA,NA,NA,NA,NA,NA,NA,NA,NA,NA,NA,NA,TRUE,FALSE,Center for Forecasting and Outbreak Analytics (CFA/CDC) Pyrenew team,2026-05-13,Pyrenew_ED_Visits_RSV
Wisconsin,WI,0,wk inc rsv prop ed visits,prop_ed,2026-05-16,2026-05-16,CFA_Pyrenew-Pyrenew_HE_RSV,6.019338136858831e-4,7.035596931185869e-4,8.134396748921172e-4,9.469216893860481e-4,0.0010986752498217459,0.0012365300297669645,0.0013932055425690208,6e-4,7e-4,8.1e-4,9.5e-4,0.0011,0.0012,0.0014,NA,NA,NA,NA,NA,NA,NA,NA,NA,NA,NA,NA,NA,NA,FALSE,FALSE,Center for Forecasting and Outbreak Analytics (CFA/CDC) Pyrenew team,2026-05-13,Pyrenew_Hospital_Admissions_ED_Visits_RSV
Wisconsin,WI,1,wk inc rsv prop ed visits,prop_ed,2026-05-16,2026-05-23,CFA_Pyrenew-Pyrenew_HE_RSV,3.199122539184218e-4,4.163331143840246e-4,5.148589315870889e-4,6.564166618867553e-4,8.094544927645495e-4,9.668689415359069e-4,0.0011776700617030563,3.2e-4,4.2e-4,5.1e-4,6.6e-4,8.1e-4,9.7e-4,0.0012,NA,NA,NA,NA,NA,NA,NA,NA,NA,NA,NA,NA,NA,NA,FALSE,FALSE,Center for Forecasting and Outbreak Analytics (CFA/CDC) Pyrenew team,2026-05-13,Pyrenew_Hospital_Admissions_ED_Visits_RSV
Wisconsin,WI,0,wk inc rsv hosp,hosp,2026-05-16,2026-05-16,CFA_Pyrenew-Pyrenew_HE_RSV,19,23,27,31,36,41,47,20,20,30,30,40,40,50,0.32151195906035934,0.38919868728359286,0.4568854155068263,0.5245721437300599,0.6091805540091018,0.6937889642881437,0.7953190566229941,0.32,0.39,0.46,0.52,0.61,0.69,0.8,TRUE,FALSE,Center for Forecasting and Outbreak Analytics (CFA/CDC) Pyrenew team,2026-05-13,Pyrenew_Hospital_Admissions_ED_Visits_RSV
Wisconsin,WI,1,wk inc rsv hosp,hosp,2026-05-16,2026-05-23,CFA_Pyrenew-Pyrenew_HE_RSV,12,15,19,23,27,32,38,10,20,20,20,30,30,40,0.20306018466970063,0.25382523083712577,0.32151195906035934,0.38919868728359286,0.4568854155068263,0.5414938257858682,0.6430239181207187,0.2,0.25,0.32,0.39,0.46,0.54,0.64,TRUE,FALSE,Center for Forecasting and Outbreak Analytics (CFA/CDC) Pyrenew team,2026-05-13,Pyrenew_Hospital_Admissions_ED_Visits_RSV
Wisconsin,WI,0,wk inc rsv hosp,hosp,2026-05-16,2026-05-16,CFA_Pyrenew-Pyrenew_H_RSV,23,29,34,42,51,59,71.02499999999986,20,30,30,40,50,60,70,0.38919868728359286,0.4907287796184431,0.5753371898974851,0.7107106463439522,0.8630057848462276,0.9983792412926946,1.2018624680137882,0.39,0.49,0.58,0.71,0.86,1,1.2,FALSE,FALSE,Center for Forecasting and Outbreak Analytics (CFA/CDC) Pyrenew team,2026-05-13,Pyrenew_Hospital_Admissions_RSV
Wisconsin,WI,1,wk inc rsv hosp,hosp,2026-05-16,2026-05-23,CFA_Pyrenew-Pyrenew_H_RSV,13,19,25,34,44,57,72,10,20,30,30,40,60,70,0.219981866725509,0.32151195906035934,0.4230420513952096,0.5753371898974851,0.7445540104555689,0.9645358771810779,1.2183611080182035,0.22,0.32,0.42,0.58,0.74,0.96,1.22,FALSE,FALSE,Center for Forecasting and Outbreak Analytics (CFA/CDC) Pyrenew team,2026-05-13,Pyrenew_Hospital_Admissions_RSV
Wisconsin,WI,0,wk inc rsv hosp,hosp,2026-05-16,2026-05-16,Google_SAI-RSVEns,21,28,33.5,38,47.5,57,78,20,30,30,40,50,60,80,0.3553553231719761,0.4738070975626348,0.5668763488695809,0.6430239181207187,0.8037798976508983,0.9645358771810779,1.3198912003530539,0.36,0.47,0.57,0.64,0.8,0.96,1.32,TRUE,FALSE,Google Science AI,2026-05-13,RSVEnsemble
Wisconsin,WI,1,wk inc rsv hosp,hosp,2026-05-16,2026-05-23,Google_SAI-RSVEns,13.5,20.5,25.5,28.5,39,47.5,73.5,10,20,30,30,40,50,70,0.22844270775341316,0.34689448214407187,0.4315028924231138,0.48226793859053896,0.6599456001765269,0.8037798976508983,1.2437436311019163,0.23,0.35,0.43,0.48,0.66,0.8,1.24,TRUE,FALSE,Google Science AI,2026-05-13,RSVEnsemble
Wisconsin,WI,2,wk inc rsv hosp,hosp,2026-05-16,2026-05-30,Google_SAI-RSVEns,9,14.5,19.5,22,29,37.5,62.5,9,10,20,20,30,40,60,0.15229513850227544,0.24536438980922154,0.32997280008826346,0.37227700522778445,0.4907287796184431,0.6345630770928145,1.057605128488024,0.15,0.25,0.33,0.37,0.49,0.63,1.06,TRUE,FALSE,Google Science AI,2026-05-13,RSVEnsemble
Wisconsin,WI,0,wk inc rsv hosp,hosp,2026-05-16,2026-05-16,RSVHub-baseline,9,24.500000000000004,42,49,56,73.50000000000001,89,9,20,40,50,60,70,90,0.15229513850227544,0.41458121036730544,0.7107106463439522,0.8291624207346108,0.9476141951252696,1.2437436311019165,1.5060297029669463,0.15,0.41,0.71,0.83,0.95,1.24,1.51,FALSE,FALSE,RSVHub-hub-models,2026-05-13,RSVHub baseline model
Wisconsin,WI,1,wk inc rsv hosp,hosp,2026-05-16,2026-05-23,RSVHub-baseline,0,14.292189921899215,34.81177811778118,49,63.09226342263422,84,106,0,10,30,50,60,80,110,0,0.24184789373960738,0.5890738411064408,0.8291624207346108,1.0676272218191252,1.4214212926879044,1.7936982979156888,0,0.24,0.59,0.83,1.07,1.42,1.79,FALSE,FALSE,RSVHub-hub-models,2026-05-13,RSVHub baseline model
Wisconsin,WI,2,wk inc rsv hosp,hosp,2026-05-16,2026-05-30,RSVHub-baseline,0,8.063029630296299,29,49,69.04250042500422,90.0130691306913,117.55986234862348,0,8,30,50,70,90,120,0,0.13644002381043618,0.4907287796184431,0.8291624207346108,1.1683152405299366,1.5231725366970588,1.9893106131880056,0,0.14,0.49,0.83,1.17,1.52,1.99,FALSE,FALSE,RSVHub-hub-models,2026-05-13,RSVHub baseline model
Wisconsin,WI,0,wk inc rsv prop ed visits,prop_ed,2026-05-16,2026-05-16,RSVHub-baseline,0,2.999999999999999e-4,0.0011,0.0013,0.0014999999999999998,0.0023,0.0036624999999999943,0,3e-4,0.0011,0.0013,0.0015,0.0023,0.0037,NA,NA,NA,NA,NA,NA,NA,NA,NA,NA,NA,NA,NA,NA,FALSE,FALSE,RSVHub-hub-models,2026-05-13,RSVHub baseline model
Wisconsin,WI,1,wk inc rsv prop ed visits,prop_ed,2026-05-16,2026-05-23,RSVHub-baseline,0,0,7e-4,0.0013,0.0019000000000000004,0.0029539813398133984,0.0041,0,0,7e-4,0.0013,0.0019,0.003,0.0041,NA,NA,NA,NA,NA,NA,NA,NA,NA,NA,NA,NA,NA,NA,FALSE,FALSE,RSVHub-hub-models,2026-05-13,RSVHub baseline model
Wisconsin,WI,2,wk inc rsv prop ed visits,prop_ed,2026-05-16,2026-05-30,RSVHub-baseline,0,0,4.999999999999996e-4,0.0013,0.0021999999999999997,0.0033082497824978257,0.0045942376173761686,0,0,5e-4,0.0013,0.0022,0.0033,0.0046,NA,NA,NA,NA,NA,NA,NA,NA,NA,NA,NA,NA,NA,NA,FALSE,FALSE,RSVHub-hub-models,2026-05-13,RSVHub baseline model
Wisconsin,WI,0,wk inc rsv hosp,hosp,2026-05-16,2026-05-16,UGA_flucast-INFLAenza,12,18,24,34,46,61,83,10,20,20,30,50,60,80,0.20306018466970063,0.3045902770045509,0.40612036933940127,0.5753371898974851,0.7783973745671857,1.0322226054043115,1.404499610632096,0.2,0.3,0.41,0.58,0.78,1.03,1.4,TRUE,FALSE,UGA_flucast,2026-05-13,INFLAenza
Wisconsin,WI,1,wk inc rsv hosp,hosp,2026-05-16,2026-05-23,UGA_flucast-INFLAenza,7,11,16,24,36,50,71,7,10,20,20,40,50,70,0.1184517743906587,0.18613850261389223,0.2707469128929341,0.40612036933940127,0.6091805540091018,0.8460841027904192,1.2014394259623953,0.12,0.19,0.27,0.41,0.61,0.85,1.2,TRUE,FALSE,UGA_flucast,2026-05-13,INFLAenza
Wisconsin,WI,2,wk inc rsv hosp,hosp,2026-05-16,2026-05-30,UGA_flucast-INFLAenza,4,7,11,18,28,39,64,4,7,10,20,30,40,60,0.06768672822323353,0.1184517743906587,0.18613850261389223,0.3045902770045509,0.4738070975626348,0.6599456001765269,1.0829876515717365,0.07,0.12,0.19,0.3,0.47,0.66,1.08,TRUE,FALSE,UGA_flucast,2026-05-13,INFLAenza
Wisconsin,WI,0,wk inc rsv prop ed visits,prop_ed,2026-05-16,2026-05-16,UGA_flucast-INFLAenza,5.104156987805545e-4,7.137888964392271e-4,9.112101110039995e-4,0.0011916387909272114,0.0015019715372023546,0.0018289726718061102,0.0023004727998732545,5.1e-4,7.1e-4,9.1e-4,0.0012,0.0015,0.0018,0.0023,NA,NA,NA,NA,NA,NA,NA,NA,NA,NA,NA,NA,NA,NA,TRUE,FALSE,UGA_flucast,2026-05-13,INFLAenza
Wisconsin,WI,1,wk inc rsv prop ed visits,prop_ed,2026-05-16,2026-05-23,UGA_flucast-INFLAenza,3.777699734210698e-4,5.491847959801438e-4,7.373815776286524e-4,0.0010051239309611213,0.0013521710356915395,0.0017146800285404015,0.0022273893546855402,3.8e-4,5.5e-4,7.4e-4,0.001,0.0014,0.0017,0.0022,NA,NA,NA,NA,NA,NA,NA,NA,NA,NA,NA,NA,NA,NA,TRUE,FALSE,UGA_flucast,2026-05-13,INFLAenza
Wisconsin,WI,2,wk inc rsv prop ed visits,prop_ed,2026-05-16,2026-05-30,UGA_flucast-INFLAenza,2.772398289579833e-4,4.3201806970354236e-4,6.061124377138744e-4,8.704789896926443e-4,0.0011882221681426886,0.0015478373657704409,0.0020710855509529563,2.8e-4,4.3e-4,6.1e-4,8.7e-4,0.0012,0.0015,0.0021,NA,NA,NA,NA,NA,NA,NA,NA,NA,NA,NA,NA,NA,NA,TRUE,FALSE,UGA_flucast,2026-05-13,INFLAenza
Wisconsin,WI,0,wk inc rsv hosp,hosp,2026-05-16,2026-05-16,RSVHub-ensemble,20,25.5,30.25,36,46,54.5,68,20,30,30,40,50,50,70,0.3384336411161677,0.4315028924231138,0.5118808821882036,0.6091805540091018,0.7783973745671857,0.9222316720415569,1.1506743797949701,0.34,0.43,0.51,0.61,0.78,0.92,1.15,FALSE,TRUE,RSVHub,2026-05-13,Ensemble using RSVHub forecast submissions
Wisconsin,WI,1,wk inc rsv hosp,hosp,2026-05-16,2026-05-23,RSVHub-ensemble,12.75,17.75,22,26.25,36,45.25,60.5,10,20,20,30,40,50,60,0.2157514462115569,0.3003598564905988,0.37227700522778445,0.44419415396497014,0.6091805540091018,0.7657061130253294,1.0237617643764072,0.22,0.3,0.37,0.44,0.61,0.77,1.02,FALSE,TRUE,RSVHub,2026-05-13,Ensemble using RSVHub forecast submissions
Wisconsin,WI,2,wk inc rsv hosp,hosp,2026-05-16,2026-05-30,RSVHub-ensemble,9,14,18,22,28,37.5,62.5,9,10,20,20,30,40,60,0.15229513850227544,0.2369035487813174,0.3045902770045509,0.37227700522778445,0.4738070975626348,0.6345630770928145,1.057605128488024,0.15,0.24,0.3,0.37,0.47,0.63,1.06,FALSE,TRUE,RSVHub,2026-05-13,Ensemble using RSVHub forecast submissions
Wisconsin,WI,0,wk inc rsv prop ed visits,prop_ed,2026-05-16,2026-05-16,RSVHub-ensemble,5.289905826866568e-4,6.821628293846214e-4,8.335318169184288e-4,0.0010385620721978933,0.0012647787297807652,0.0014952330399978148,0.0018085994092433295,5.3e-4,6.8e-4,8.3e-4,0.001,0.0013,0.0015,0.0018,NA,NA,NA,NA,NA,NA,NA,NA,NA,NA,NA,NA,NA,NA,FALSE,TRUE,RSVHub,2026-05-13,Ensemble using RSVHub forecast submissions
Wisconsin,WI,1,wk inc rsv prop ed visits,prop_ed,2026-05-16,2026-05-23,RSVHub-ensemble,3.2823283593591025e-4,4.623297057478417e-4,6.052384304505538e-4,8.016488067529531e-4,0.0010525986097060633,0.0013149074601171843,0.0016844578714601938,3.3e-4,4.6e-4,6.1e-4,8e-4,0.0011,0.0013,0.0017,NA,NA,NA,NA,NA,NA,NA,NA,NA,NA,NA,NA,NA,NA,FALSE,TRUE,RSVHub,2026-05-13,Ensemble using RSVHub forecast submissions
Wyoming,WY,0,wk inc rsv hosp,hosp,2026-05-16,2026-05-16,CEPH-Rtrend_rsv,1,2,3,6,8,11,15,1,2,3,6,8,10,20,0.17202939638325396,0.3440587927665079,0.5160881891497618,1.0321763782995237,1.3762351710660317,1.8923233602157936,2.5804409457488098,0.17,0.34,0.52,1.03,1.38,1.89,2.58,TRUE,FALSE,CEPH Lab at Indiana University,2026-05-13,Rtrend RSV
Wyoming,WY,1,wk inc rsv hosp,hosp,2026-05-16,2026-05-23,CEPH-Rtrend_rsv,1,1,2,4,7,10,16,1,1,2,4,7,10,20,0.17202939638325396,0.17202939638325396,0.3440587927665079,0.6881175855330158,1.2042057746827777,1.7202939638325396,2.7524703421320633,0.17,0.17,0.34,0.69,1.2,1.72,2.75,TRUE,FALSE,CEPH Lab at Indiana University,2026-05-13,Rtrend RSV
Wyoming,WY,2,wk inc rsv hosp,hosp,2026-05-16,2026-05-30,CEPH-Rtrend_rsv,0,1,1,3,6,10,15,0,1,1,3,6,10,20,0,0.17202939638325396,0.17202939638325396,0.5160881891497618,1.0321763782995237,1.7202939638325396,2.5804409457488098,0,0.17,0.17,0.52,1.03,1.72,2.58,TRUE,FALSE,CEPH Lab at Indiana University,2026-05-13,Rtrend RSV
Wyoming,WY,0,wk inc rsv hosp,hosp,2026-05-16,2026-05-16,CFA_Pyrenew-Pyrenew_H_RSV,1,2,4,6,8,11,15,1,2,4,6,8,10,20,0.17202939638325396,0.3440587927665079,0.6881175855330158,1.0321763782995237,1.3762351710660317,1.8923233602157936,2.5804409457488098,0.17,0.34,0.69,1.03,1.38,1.89,2.58,FALSE,FALSE,Center for Forecasting and Outbreak Analytics (CFA/CDC) Pyrenew team,2026-05-13,Pyrenew_Hospital_Admissions_RSV
Wyoming,WY,1,wk inc rsv hosp,hosp,2026-05-16,2026-05-23,CFA_Pyrenew-Pyrenew_H_RSV,0,1,2,4,7,10,15,0,1,2,4,7,10,20,0,0.17202939638325396,0.3440587927665079,0.6881175855330158,1.2042057746827777,1.7202939638325396,2.5804409457488098,0,0.17,0.34,0.69,1.2,1.72,2.58,FALSE,FALSE,Center for Forecasting and Outbreak Analytics (CFA/CDC) Pyrenew team,2026-05-13,Pyrenew_Hospital_Admissions_RSV
Wyoming,WY,0,wk inc rsv hosp,hosp,2026-05-16,2026-05-16,Google_SAI-RSVEns,1.5,2,3.5,5.5,8.5,12,20.5,2,2,4,6,9,10,20,0.2580440945748809,0.3440587927665079,0.6021028873413888,0.9461616801078968,1.4622498692576589,2.0643527565990474,3.526602625856706,0.26,0.34,0.6,0.95,1.46,2.06,3.53,TRUE,FALSE,Google Science AI,2026-05-13,RSVEnsemble
Wyoming,WY,1,wk inc rsv hosp,hosp,2026-05-16,2026-05-23,Google_SAI-RSVEns,0.5,2.5,3.5,4.5,6,8.5,12.5,1,3,4,5,6,9,10,0.08601469819162698,0.4300734909581349,0.6021028873413888,0.7741322837246428,1.0321763782995237,1.4622498692576589,2.1503674547906746,0.09,0.43,0.6,0.77,1.03,1.46,2.15,TRUE,FALSE,Google Science AI,2026-05-13,RSVEnsemble
Wyoming,WY,2,wk inc rsv hosp,hosp,2026-05-16,2026-05-30,Google_SAI-RSVEns,0.5,1.5,2.5,3.5,5,6.5,9.5,1,2,3,4,5,7,10,0.08601469819162698,0.2580440945748809,0.4300734909581349,0.6021028873413888,0.8601469819162698,1.118191076491151,1.6342792656409129,0.09,0.26,0.43,0.6,0.86,1.12,1.63,TRUE,FALSE,Google Science AI,2026-05-13,RSVEnsemble
Wyoming,WY,0,wk inc rsv hosp,hosp,2026-05-16,2026-05-16,RSVHub-baseline,0,1,7,9,11,17,22.374999999999936,0,1,7,9,10,20,20,0,0.17202939638325396,1.2042057746827777,1.5482645674492856,1.8923233602157936,2.9244997385153177,3.8491577440752964,0,0.17,1.2,1.55,1.89,2.92,3.85,FALSE,FALSE,RSVHub-hub-models,2026-05-13,RSVHub baseline model
Wyoming,WY,1,wk inc rsv hosp,hosp,2026-05-16,2026-05-23,RSVHub-baseline,0,0,5,9,13,20,27,0,0,5,9,10,20,30,0,0,0.8601469819162698,1.5482645674492856,2.236382152982302,3.4405879276650793,4.644793702347857,0,0,0.86,1.55,2.24,3.44,4.64,FALSE,FALSE,RSVHub-hub-models,2026-05-13,RSVHub baseline model
Wyoming,WY,2,wk inc rsv hosp,hosp,2026-05-16,2026-05-30,RSVHub-baseline,0,0,3,9,15,22.173744737447382,30.688345633456336,0,0,3,9,20,20,30,0,0,0.5160881891497618,1.5482645674492856,2.5804409457488098,3.8145359227394273,5.279297575324161,0,0,0.52,1.55,2.58,3.81,5.28,FALSE,FALSE,RSVHub-hub-models,2026-05-13,RSVHub baseline model
Wyoming,WY,0,wk inc rsv prop ed visits,prop_ed,2026-05-16,2026-05-16,RSVHub-baseline,0,0,0.0016,0.002,0.0024000000000000002,0.004000000000000002,0.006962499999999996,0,0,0.0016,0.002,0.0024,0.004,0.007,NA,NA,NA,NA,NA,NA,NA,NA,NA,NA,NA,NA,NA,NA,FALSE,FALSE,RSVHub-hub-models,2026-05-13,RSVHub baseline model
Wyoming,WY,1,wk inc rsv prop ed visits,prop_ed,2026-05-16,2026-05-23,RSVHub-baseline,0,0,8.126938769387685e-4,0.002,0.0032999999999999987,0.005367996579965799,0.008951995919959196,0,0,8.1e-4,0.002,0.0033,0.0054,0.009,NA,NA,NA,NA,NA,NA,NA,NA,NA,NA,NA,NA,NA,NA,FALSE,FALSE,RSVHub-hub-models,2026-05-13,RSVHub baseline model
Wyoming,WY,2,wk inc rsv prop ed visits,prop_ed,2026-05-16,2026-05-30,RSVHub-baseline,0,0,0.00036947169471694805,0.002,0.0039,0.006484404944049443,0.010061222212222092,0,0,3.7e-4,0.002,0.0039,0.0065,0.01,NA,NA,NA,NA,NA,NA,NA,NA,NA,NA,NA,NA,NA,NA,FALSE,FALSE,RSVHub-hub-models,2026-05-13,RSVHub baseline model
Wyoming,WY,0,wk inc rsv hosp,hosp,2026-05-16,2026-05-16,UGA_flucast-INFLAenza,0,1,2,4,6,8,11,0,1,2,4,6,8,10,0,0.17202939638325396,0.3440587927665079,0.6881175855330158,1.0321763782995237,1.3762351710660317,1.8923233602157936,0,0.17,0.34,0.69,1.03,1.38,1.89,TRUE,FALSE,UGA_flucast,2026-05-13,INFLAenza
Wyoming,WY,1,wk inc rsv hosp,hosp,2026-05-16,2026-05-23,UGA_flucast-INFLAenza,0,1,1,3,5,7,10,0,1,1,3,5,7,10,0,0.17202939638325396,0.17202939638325396,0.5160881891497618,0.8601469819162698,1.2042057746827777,1.7202939638325396,0,0.17,0.17,0.52,0.86,1.2,1.72,TRUE,FALSE,UGA_flucast,2026-05-13,INFLAenza
Wyoming,WY,2,wk inc rsv hosp,hosp,2026-05-16,2026-05-30,UGA_flucast-INFLAenza,0,0,1,2,4,6,8,0,0,1,2,4,6,8,0,0,0.17202939638325396,0.3440587927665079,0.6881175855330158,1.0321763782995237,1.3762351710660317,0,0,0.17,0.34,0.69,1.03,1.38,TRUE,FALSE,UGA_flucast,2026-05-13,INFLAenza
Wyoming,WY,0,wk inc rsv hosp,hosp,2026-05-16,2026-05-16,RSVHub-ensemble,1,2,3,5.5,8,11,15,1,2,3,6,8,10,20,0.17202939638325396,0.3440587927665079,0.5160881891497618,0.9461616801078968,1.3762351710660317,1.8923233602157936,2.5804409457488098,0.17,0.34,0.52,0.95,1.38,1.89,2.58,FALSE,TRUE,RSVHub,2026-05-13,Ensemble using RSVHub forecast submissions
Wyoming,WY,1,wk inc rsv hosp,hosp,2026-05-16,2026-05-23,RSVHub-ensemble,0.5,1,2,4,6,8.5,12.5,1,1,2,4,6,9,10,0.08601469819162698,0.17202939638325396,0.3440587927665079,0.6881175855330158,1.0321763782995237,1.4622498692576589,2.1503674547906746,0.09,0.17,0.34,0.69,1.03,1.46,2.15,FALSE,TRUE,RSVHub,2026-05-13,Ensemble using RSVHub forecast submissions
Wyoming,WY,2,wk inc rsv hosp,hosp,2026-05-16,2026-05-30,RSVHub-ensemble,0,1,1,3,5,6.5,9.5,0,1,1,3,5,7,10,0,0.17202939638325396,0.17202939638325396,0.5160881891497618,0.8601469819162698,1.118191076491151,1.6342792656409129,0,0.17,0.17,0.52,0.86,1.12,1.63,FALSE,TRUE,RSVHub,2026-05-13,Ensemble using RSVHub forecast submissions
